PBS: Running prologue on parent mom node: nid001162...
Job 46063632.dbqs01 nodelist: nid[001162,001641,003773]
+ /lfs/h2/emc/global/noscrub/emc.global/RETRO_GFSv17/git/global-workflow/develop_20250602/dev/jobs/echgres.sh
+ source /lfs/h2/emc/global/noscrub/emc.global/RETRO_GFSv17/git/global-workflow/develop_20250602/ush/load_fv3gfs_modules.sh
++ [[ hxB == *x* ]]
++ set_x=YES
++ [[ NO == \N\O ]]
++ echo 'Loading modules quietly...'
Loading modules quietly...
++ set +x
Resetting modules to system default. Reseting $MODULEPATH back to system default. All extra directories will be removed from $MODULEPATH.

Currently Loaded Modules:
  1) craype-x86-rome    (H)  13) perl/5.32.0          25) ncdiag/1.0.0
  2) libfabric/1.20.1        14) libjpeg/9c           26) met/9.1.3
  3) craype-network-ofi (H)  15) udunits/2.2.28       27) metplus/3.1.1
  4) envvar/1.0              16) gsl/2.7              28) prepobs/1.1.0
  5) PrgEnv-intel/8.1.0      17) cdo/1.9.8            29) fit2obs/1.1.7
  6) craype/2.7.13           18) imagemagick/7.0.8-7  30) module_base.wcoss2
  7) intel/19.1.3.304        19) hdf5/1.10.6          31) grib_util/1.2.3
  8) cray-mpich/8.1.9        20) netcdf/4.7.4         32) g2tmpl/1.10.2
  9) cray-pals/1.0.17        21) nco/4.7.9            33) crtm/2.4.0.1
 10) cfp/2.0.4               22) prod_util/2.0.9      34) wgrib2/2.0.8
 11) python/3.8.6            23) bufr_dump/1.0.0
 12) gempak/7.15.1           24) util_shared/1.4.0

  Where:
   H:  Hidden Module

 

++ wxflowPATH=/lfs/h2/emc/global/noscrub/emc.global/RETRO_GFSv17/git/global-workflow/develop_20250602/ush/python
++ PYTHONPATH=/apps/ops/prod/nco/core/prod_util.v2.0.9/ush:/apps/prod/python-modules/3.8.6/intel/19.1.3.304/lib/python3.8/site-packages:/lfs/h2/emc/global/noscrub/emc.global/RETRO_GFSv17/git/global-workflow/develop_20250602/ush:/lfs/h2/emc/global/noscrub/emc.global/RETRO_GFSv17/git/global-workflow/develop_20250602/ush/python
++ export PYTHONPATH
++ ulimit -S -s unlimited
++ unset ulimit_s
+ status=0
+ [[ 0 -ne 0 ]]
+ export job=echgres
+ job=echgres
+ export jobid=echgres.1476071
+ jobid=echgres.1476071
+ /lfs/h2/emc/global/noscrub/emc.global/RETRO_GFSv17/git/global-workflow/develop_20250602/jobs/JGDAS_ATMOS_CHGRES_FORENKF
Begin /lfs/h2/emc/global/noscrub/emc.global/RETRO_GFSv17/git/global-workflow/develop_20250602/jobs/JGDAS_ATMOS_CHGRES_FORENKF at Mon Jun 16 20:11:14 UTC 2025
++ jjob_header.sh[46]OPTIND=1
++ jjob_header.sh[47]getopts c:e: option
++ jjob_header.sh[48]case "${option}" in
++ jjob_header.sh[50]env_job=anal
++ jjob_header.sh[47]getopts c:e: option
++ jjob_header.sh[48]case "${option}" in
++ jjob_header.sh[49]read -ra configs
++ jjob_header.sh[47]getopts c:e: option
++ jjob_header.sh[61]shift 4
++ jjob_header.sh[63][[ -z anal ]]
++ jjob_header.sh[71]export DATA=/lfs/h2/emc/stmp/emc.global/RUNDIRS/retrotestgfs10/enkfgdas.2024112418/echgres.1476071
++ jjob_header.sh[71]DATA=/lfs/h2/emc/stmp/emc.global/RUNDIRS/retrotestgfs10/enkfgdas.2024112418/echgres.1476071
++ jjob_header.sh[72][[ YES == \Y\E\S ]]
++ jjob_header.sh[73]rm -rf /lfs/h2/emc/stmp/emc.global/RUNDIRS/retrotestgfs10/enkfgdas.2024112418/echgres.1476071
++ jjob_header.sh[75]mkdir -p /lfs/h2/emc/stmp/emc.global/RUNDIRS/retrotestgfs10/enkfgdas.2024112418/echgres.1476071
++ jjob_header.sh[76]cd /lfs/h2/emc/stmp/emc.global/RUNDIRS/retrotestgfs10/enkfgdas.2024112418/echgres.1476071
++ jjob_header.sh[85]export pid=1476627
++ jjob_header.sh[85]pid=1476627
++ jjob_header.sh[86]export pgmout=OUTPUT.1476627
++ jjob_header.sh[86]pgmout=OUTPUT.1476627
++ jjob_header.sh[87]export pgmerr=errfile
++ jjob_header.sh[87]pgmerr=errfile
++ jjob_header.sh[90]export pgm=
++ jjob_header.sh[90]pgm=
++ jjob_header.sh[96]export cycle=t18z
++ jjob_header.sh[96]cycle=t18z
++ jjob_header.sh[97]setpdy.sh
+ setpdy.sh[20]'[' /lfs/h2/emc/stmp/emc.global/RUNDIRS/retrotestgfs10/enkfgdas.2024112418/echgres.1476071 == /u/emc.global ']'
+ setpdy.sh[25][[ ! t18z =~ t??z ]]
+ setpdy.sh[30]case $# in
+ setpdy.sh[31]dates_before_PDY=7
+ setpdy.sh[32]dates_after_PDY=7
+ setpdy.sh[50]COMDATEROOT=/lfs/h1/ops/prod/com
+ setpdy.sh[53]'[' -z 20241124 ']'
+ setpdy.sh[57]sed 's/[0-9]\{8\}/20241124/' /lfs/h1/ops/prod/com/date/t18z
++ setpdy.sh[62]finddate.sh 20241124 s-7
+++ finddate.sh[27]set +x
+ setpdy.sh[62]DATElne_minus=
++ jjob_header.sh[97]true
++ jjob_header.sh[98]source ./PDY
/lfs/h2/emc/global/noscrub/emc.global/RETRO_GFSv17/git/global-workflow/develop_20250602/ush/jjob_header.sh: line 98: ./PDY: No such file or directory
++ jjob_header.sh[98]true
++ jjob_header.sh[104]export EXPDIR=/lfs/h2/emc/global/noscrub/emc.global/RETRO_GFSv17/expdir/retrotestgfs10
++ jjob_header.sh[104]EXPDIR=/lfs/h2/emc/global/noscrub/emc.global/RETRO_GFSv17/expdir/retrotestgfs10
++ jjob_header.sh[105]for config in "${configs[@]:-''}"
++ jjob_header.sh[106]source /lfs/h2/emc/global/noscrub/emc.global/RETRO_GFSv17/expdir/retrotestgfs10/config.base
+++ config.base[6]echo 'BEGIN: config.base'
BEGIN: config.base
+++ config.base[9]export machine=WCOSS2
+++ config.base[9]machine=WCOSS2
+++ config.base[12]export RUN_ENVIR=emc
+++ config.base[12]RUN_ENVIR=emc
+++ config.base[15]export ACCOUNT=GFS-DEV
+++ config.base[15]ACCOUNT=GFS-DEV
+++ config.base[16]export QUEUE=devmax
+++ config.base[16]QUEUE=devmax
+++ config.base[17]export QUEUE_SERVICE=dev_transfer
+++ config.base[17]QUEUE_SERVICE=dev_transfer
+++ config.base[18]export QUEUE_DTN=dev_transfer
+++ config.base[18]QUEUE_DTN=dev_transfer
+++ config.base[19]export 'PARTITION_BATCH={{ PARTITION_BATCH }}'
+++ config.base[19]PARTITION_BATCH='{{ PARTITION_BATCH }}'
+++ config.base[20]export PARTITION_SERVICE=
+++ config.base[20]PARTITION_SERVICE=
+++ config.base[21]export PARTITION_DTN=
+++ config.base[21]PARTITION_DTN=
+++ config.base[22]export RESERVATION=
+++ config.base[22]RESERVATION=
+++ config.base[23]export CLUSTERS=
+++ config.base[23]CLUSTERS=
+++ config.base[24]export CLUSTERS_SERVICE=
+++ config.base[24]CLUSTERS_SERVICE=
+++ config.base[25]export CLUSTERS_DTN=
+++ config.base[25]CLUSTERS_DTN=
+++ config.base[28]export HPSS_PROJECT=emc-global
+++ config.base[28]HPSS_PROJECT=emc-global
+++ config.base[31]export HOMEgfs=/lfs/h2/emc/global/noscrub/emc.global/RETRO_GFSv17/git/global-workflow/develop_20250602
+++ config.base[31]HOMEgfs=/lfs/h2/emc/global/noscrub/emc.global/RETRO_GFSv17/git/global-workflow/develop_20250602
+++ config.base[32]export EXECgfs=/lfs/h2/emc/global/noscrub/emc.global/RETRO_GFSv17/git/global-workflow/develop_20250602/exec
+++ config.base[32]EXECgfs=/lfs/h2/emc/global/noscrub/emc.global/RETRO_GFSv17/git/global-workflow/develop_20250602/exec
+++ config.base[33]export FIXgfs=/lfs/h2/emc/global/noscrub/emc.global/RETRO_GFSv17/git/global-workflow/develop_20250602/fix
+++ config.base[33]FIXgfs=/lfs/h2/emc/global/noscrub/emc.global/RETRO_GFSv17/git/global-workflow/develop_20250602/fix
+++ config.base[34]export PARMgfs=/lfs/h2/emc/global/noscrub/emc.global/RETRO_GFSv17/git/global-workflow/develop_20250602/parm
+++ config.base[34]PARMgfs=/lfs/h2/emc/global/noscrub/emc.global/RETRO_GFSv17/git/global-workflow/develop_20250602/parm
+++ config.base[35]export SCRgfs=/lfs/h2/emc/global/noscrub/emc.global/RETRO_GFSv17/git/global-workflow/develop_20250602/scripts
+++ config.base[35]SCRgfs=/lfs/h2/emc/global/noscrub/emc.global/RETRO_GFSv17/git/global-workflow/develop_20250602/scripts
+++ config.base[36]export USHgfs=/lfs/h2/emc/global/noscrub/emc.global/RETRO_GFSv17/git/global-workflow/develop_20250602/ush
+++ config.base[36]USHgfs=/lfs/h2/emc/global/noscrub/emc.global/RETRO_GFSv17/git/global-workflow/develop_20250602/ush
+++ config.base[38]export FIXam=/lfs/h2/emc/global/noscrub/emc.global/RETRO_GFSv17/git/global-workflow/develop_20250602/fix/am
+++ config.base[38]FIXam=/lfs/h2/emc/global/noscrub/emc.global/RETRO_GFSv17/git/global-workflow/develop_20250602/fix/am
+++ config.base[39]export FIXaer=/lfs/h2/emc/global/noscrub/emc.global/RETRO_GFSv17/git/global-workflow/develop_20250602/fix/aer
+++ config.base[39]FIXaer=/lfs/h2/emc/global/noscrub/emc.global/RETRO_GFSv17/git/global-workflow/develop_20250602/fix/aer
+++ config.base[40]export FIXcpl=/lfs/h2/emc/global/noscrub/emc.global/RETRO_GFSv17/git/global-workflow/develop_20250602/fix/cpl
+++ config.base[40]FIXcpl=/lfs/h2/emc/global/noscrub/emc.global/RETRO_GFSv17/git/global-workflow/develop_20250602/fix/cpl
+++ config.base[41]export FIXlut=/lfs/h2/emc/global/noscrub/emc.global/RETRO_GFSv17/git/global-workflow/develop_20250602/fix/lut
+++ config.base[41]FIXlut=/lfs/h2/emc/global/noscrub/emc.global/RETRO_GFSv17/git/global-workflow/develop_20250602/fix/lut
+++ config.base[42]export FIXcice=/lfs/h2/emc/global/noscrub/emc.global/RETRO_GFSv17/git/global-workflow/develop_20250602/fix/cice
+++ config.base[42]FIXcice=/lfs/h2/emc/global/noscrub/emc.global/RETRO_GFSv17/git/global-workflow/develop_20250602/fix/cice
+++ config.base[43]export FIXmom=/lfs/h2/emc/global/noscrub/emc.global/RETRO_GFSv17/git/global-workflow/develop_20250602/fix/mom6
+++ config.base[43]FIXmom=/lfs/h2/emc/global/noscrub/emc.global/RETRO_GFSv17/git/global-workflow/develop_20250602/fix/mom6
+++ config.base[44]export FIXreg2grb2=/lfs/h2/emc/global/noscrub/emc.global/RETRO_GFSv17/git/global-workflow/develop_20250602/fix/reg2grb2
+++ config.base[44]FIXreg2grb2=/lfs/h2/emc/global/noscrub/emc.global/RETRO_GFSv17/git/global-workflow/develop_20250602/fix/reg2grb2
+++ config.base[45]export FIXgdas=/lfs/h2/emc/global/noscrub/emc.global/RETRO_GFSv17/git/global-workflow/develop_20250602/fix/gdas
+++ config.base[45]FIXgdas=/lfs/h2/emc/global/noscrub/emc.global/RETRO_GFSv17/git/global-workflow/develop_20250602/fix/gdas
+++ config.base[50]export PACKAGEROOT=/lfs/h1/ops/prod/packages
+++ config.base[50]PACKAGEROOT=/lfs/h1/ops/prod/packages
+++ config.base[51]export COMROOT=/lfs/h2/emc/ptmp/emc.global/RETRO_GFSv17/comroot
+++ config.base[51]COMROOT=/lfs/h2/emc/ptmp/emc.global/RETRO_GFSv17/comroot
+++ config.base[52]export COMINsyn=/lfs/h1/ops/prod/com/gfs/v16.3/syndat
+++ config.base[52]COMINsyn=/lfs/h1/ops/prod/com/gfs/v16.3/syndat
+++ config.base[53]export DMPDIR=/lfs/h2/emc/dump/noscrub/dump
+++ config.base[53]DMPDIR=/lfs/h2/emc/dump/noscrub/dump
+++ config.base[57]export COMINecmwf=/lfs/h2/emc/global/noscrub/emc.global/data/external_gempak/ecmwf
+++ config.base[57]COMINecmwf=/lfs/h2/emc/global/noscrub/emc.global/data/external_gempak/ecmwf
+++ config.base[58]export COMINnam=/lfs/h2/emc/global/noscrub/emc.global/data/external_gempak/nam
+++ config.base[58]COMINnam=/lfs/h2/emc/global/noscrub/emc.global/data/external_gempak/nam
+++ config.base[59]export COMINukmet=/lfs/h2/emc/global/noscrub/emc.global/data/external_gempak/ukmet
+++ config.base[59]COMINukmet=/lfs/h2/emc/global/noscrub/emc.global/data/external_gempak/ukmet
+++ config.base[62]export HOMEDIR=/lfs/h2/emc/global/noscrub/emc.global
+++ config.base[62]HOMEDIR=/lfs/h2/emc/global/noscrub/emc.global
+++ config.base[63]export STMP=/lfs/h2/emc/stmp/emc.global
+++ config.base[63]STMP=/lfs/h2/emc/stmp/emc.global
+++ config.base[64]export PTMP=/lfs/h2/emc/ptmp/emc.global
+++ config.base[64]PTMP=/lfs/h2/emc/ptmp/emc.global
+++ config.base[65]export NOSCRUB=/lfs/h2/emc/global/noscrub/emc.global
+++ config.base[65]NOSCRUB=/lfs/h2/emc/global/noscrub/emc.global
+++ config.base[68]export BASE_GIT=/lfs/h2/emc/global/save/emc.global/git
+++ config.base[68]BASE_GIT=/lfs/h2/emc/global/save/emc.global/git
+++ config.base[71]export BASE_DATA=/lfs/h2/emc/global/noscrub/emc.global/data
+++ config.base[71]BASE_DATA=/lfs/h2/emc/global/noscrub/emc.global/data
+++ config.base[74]export DO_PREP_SFC=NO
+++ config.base[74]DO_PREP_SFC=NO
+++ config.base[77]export DO_GOES=NO
+++ config.base[77]DO_GOES=NO
+++ config.base[78]export DO_BUFRSND=NO
+++ config.base[78]DO_BUFRSND=NO
+++ config.base[79]export DO_GEMPAK=NO
+++ config.base[79]DO_GEMPAK=NO
+++ config.base[80]export DO_AWIPS=NO
+++ config.base[80]DO_AWIPS=NO
+++ config.base[81]export DO_NPOESS=NO
+++ config.base[81]DO_NPOESS=NO
+++ config.base[82]export DO_TRACKER=YES
+++ config.base[82]DO_TRACKER=YES
+++ config.base[83]export DO_GENESIS=YES
+++ config.base[83]DO_GENESIS=YES
+++ config.base[84]export DO_GENESIS_FSU=NO
+++ config.base[84]DO_GENESIS_FSU=NO
+++ config.base[85]export DO_VERFOZN=YES
+++ config.base[85]DO_VERFOZN=YES
+++ config.base[86]export DO_VERFRAD=YES
+++ config.base[86]DO_VERFRAD=YES
+++ config.base[87]export DO_VMINMON=YES
+++ config.base[87]DO_VMINMON=YES
+++ config.base[88]export DO_ANLSTAT=NO
+++ config.base[88]DO_ANLSTAT=NO
+++ config.base[91]export MODE=cycled
+++ config.base[91]MODE=cycled
+++ config.base[92]export DO_TEST_MODE=NO
+++ config.base[92]DO_TEST_MODE=NO
+++ config.base[101]export FIXgsi=/lfs/h2/emc/global/noscrub/emc.global/RETRO_GFSv17/git/global-workflow/develop_20250602/fix/gsi
+++ config.base[101]FIXgsi=/lfs/h2/emc/global/noscrub/emc.global/RETRO_GFSv17/git/global-workflow/develop_20250602/fix/gsi
+++ config.base[102]export HOMEpost=/lfs/h2/emc/global/noscrub/emc.global/RETRO_GFSv17/git/global-workflow/develop_20250602
+++ config.base[102]HOMEpost=/lfs/h2/emc/global/noscrub/emc.global/RETRO_GFSv17/git/global-workflow/develop_20250602
+++ config.base[103]export HOMEobsproc=/lfs/h2/emc/global/save/emc.global/git/obsproc/v1.2.0
+++ config.base[103]HOMEobsproc=/lfs/h2/emc/global/save/emc.global/git/obsproc/v1.2.0
+++ config.base[106]export NMV=/bin/mv
+++ config.base[106]NMV=/bin/mv
+++ config.base[107]export 'NLN=/bin/ln -sf'
+++ config.base[107]NLN='/bin/ln -sf'
+++ config.base[108]export VERBOSE=YES
+++ config.base[108]VERBOSE=YES
+++ config.base[109]export KEEPDATA=NO
+++ config.base[109]KEEPDATA=NO
+++ config.base[110]export DEBUG_POSTSCRIPT=NO
+++ config.base[110]DEBUG_POSTSCRIPT=NO
+++ config.base[111]export CHGRP_RSTPROD=YES
+++ config.base[111]CHGRP_RSTPROD=YES
+++ config.base[112]export 'CHGRP_CMD=chgrp rstprod'
+++ config.base[112]CHGRP_CMD='chgrp rstprod'
+++ config.base[113]export NCDUMP=/apps/prod/hpc-stack/intel-19.1.3.304/cray-mpich-8.1.4/netcdf/4.7.4/bin/ncdump
+++ config.base[113]NCDUMP=/apps/prod/hpc-stack/intel-19.1.3.304/cray-mpich-8.1.4/netcdf/4.7.4/bin/ncdump
+++ config.base[114]export NCLEN=/lfs/h2/emc/global/noscrub/emc.global/RETRO_GFSv17/git/global-workflow/develop_20250602/ush/getncdimlen
+++ config.base[114]NCLEN=/lfs/h2/emc/global/noscrub/emc.global/RETRO_GFSv17/git/global-workflow/develop_20250602/ush/getncdimlen
+++ config.base[117]export BASE_ENV=/lfs/h2/emc/global/noscrub/emc.global/RETRO_GFSv17/git/global-workflow/develop_20250602/env
+++ config.base[117]BASE_ENV=/lfs/h2/emc/global/noscrub/emc.global/RETRO_GFSv17/git/global-workflow/develop_20250602/env
+++ config.base[120]export SDATE=2024111506
+++ config.base[120]SDATE=2024111506
+++ config.base[121]export EDATE=2025011600
+++ config.base[121]EDATE=2025011600
+++ config.base[122]export EXP_WARM_START=.true.
+++ config.base[122]EXP_WARM_START=.true.
+++ config.base[123]export assim_freq=6
+++ config.base[123]assim_freq=6
+++ config.base[124]export PSLOT=retrotestgfs10
+++ config.base[124]PSLOT=retrotestgfs10
+++ config.base[125]export EXPDIR=/lfs/h2/emc/global/noscrub/emc.global/RETRO_GFSv17/expdir/retrotestgfs10
+++ config.base[125]EXPDIR=/lfs/h2/emc/global/noscrub/emc.global/RETRO_GFSv17/expdir/retrotestgfs10
+++ config.base[126]export ROTDIR=/lfs/h2/emc/ptmp/emc.global/RETRO_GFSv17/comroot/retrotestgfs10
+++ config.base[126]ROTDIR=/lfs/h2/emc/ptmp/emc.global/RETRO_GFSv17/comroot/retrotestgfs10
+++ config.base[127]export DUMP_SUFFIX=
+++ config.base[127]DUMP_SUFFIX=
+++ config.base[128][[ 2024112418 -ge 2019092100 ]]
+++ config.base[128][[ 2024112418 -le 2019110700 ]]
+++ config.base[132]export ARCDIR=/lfs/h2/emc/global/noscrub/emc.global/RETRO_GFSv17/archive/retrotestgfs10
+++ config.base[132]ARCDIR=/lfs/h2/emc/global/noscrub/emc.global/RETRO_GFSv17/archive/retrotestgfs10
+++ config.base[134]export ATARDIR=/5year/NCEPDEV/emc-global/emc.glopara/WCOSS2/GFSv17/retrotestgfs10
+++ config.base[134]ATARDIR=/5year/NCEPDEV/emc-global/emc.glopara/WCOSS2/GFSv17/retrotestgfs10
+++ config.base[136]export 'FETCHDIR={{ FETCHDIR }}'
+++ config.base[136]FETCHDIR='{{ FETCHDIR }}'
+++ config.base[139]export envir=prod
+++ config.base[139]envir=prod
+++ config.base[140]export NET=gfs
+++ config.base[140]NET=gfs
+++ config.base[141]export RUN=enkfgdas
+++ config.base[141]RUN=enkfgdas
+++ config.base[144]source /lfs/h2/emc/global/noscrub/emc.global/RETRO_GFSv17/expdir/retrotestgfs10/config.com
++++ config.com[4]echo 'BEGIN: config.com'
BEGIN: config.com
++++ config.com[38][[ emc == \n\c\o ]]
++++ config.com[43]COM_OBSPROC_TMPL='${DMPDIR}/${RUN}${DUMP_SUFFIX}.${YMD}/${HH}/atmos'
++++ config.com[44]COM_RTOFS_TMPL='${DMPDIR}'
++++ config.com[45]COM_TCVITAL_TMPL='${DMPDIR}/${RUN}.${YMD}/${HH}/atmos'
++++ config.com[47]declare -rx 'COM_OBS_TMPL=${ROTDIR}/${RUN}.${YMD}/${HH}/obs'
++++ config.com[48]declare -rx COM_OBSPROC_TMPL COM_RTOFS_TMPL
++++ config.com[50]COM_BASE='${ROTDIR}/${RUN}.${YMD}/${HH}/${MEMDIR}'
++++ config.com[52]declare -rx 'COM_TOP_TMPL=${ROTDIR}/${RUN}.${YMD}/${HH}'
++++ config.com[54]declare -rx 'COM_CONF_TMPL=${ROTDIR}/${RUN}.${YMD}/${HH}/${MEMDIR}/conf'
++++ config.com[55]declare -rx 'COM_OBS_JEDI=${ROTDIR}/${RUN}.${YMD}/${HH}/${MEMDIR}/obs_jedi'
++++ config.com[57]declare -rx 'COM_ATMOS_INPUT_TMPL=${ROTDIR}/${RUN}.${YMD}/${HH}/${MEMDIR}/model/atmos/input'
++++ config.com[58]declare -rx 'COM_ATMOS_RESTART_TMPL=${ROTDIR}/${RUN}.${YMD}/${HH}/${MEMDIR}/model/atmos/restart'
++++ config.com[59]declare -rx 'COM_ATMOS_ANALYSIS_TMPL=${ROTDIR}/${RUN}.${YMD}/${HH}/${MEMDIR}/analysis/atmos'
++++ config.com[60]declare -rx 'COM_SNOW_ANALYSIS_TMPL=${ROTDIR}/${RUN}.${YMD}/${HH}/${MEMDIR}/analysis/snow'
++++ config.com[61]declare -rx 'COM_SNOW_ANLMON_TMPL=${ROTDIR}/${RUN}.${YMD}/${HH}/${MEMDIR}/products/snow/anlmon'
++++ config.com[62]declare -rx 'COM_ATMOS_HISTORY_TMPL=${ROTDIR}/${RUN}.${YMD}/${HH}/${MEMDIR}/model/atmos/history'
++++ config.com[63]declare -rx 'COM_ATMOS_MASTER_TMPL=${ROTDIR}/${RUN}.${YMD}/${HH}/${MEMDIR}/model/atmos/master'
++++ config.com[64]declare -rx 'COM_ATMOS_GRIB_TMPL=${ROTDIR}/${RUN}.${YMD}/${HH}/${MEMDIR}/products/atmos/grib2'
++++ config.com[65]declare -rx 'COM_ATMOS_GRIB_GRID_TMPL=${ROTDIR}/${RUN}.${YMD}/${HH}/${MEMDIR}/products/atmos/grib2/${GRID}'
++++ config.com[66]declare -rx 'COM_ATMOS_BUFR_TMPL=${ROTDIR}/${RUN}.${YMD}/${HH}/${MEMDIR}/products/atmos/bufr'
++++ config.com[67]declare -rx 'COM_ATMOS_GEMPAK_TMPL=${ROTDIR}/${RUN}.${YMD}/${HH}/${MEMDIR}/products/atmos/gempak/${GRID}'
++++ config.com[68]declare -rx 'COM_ATMOS_GENESIS_TMPL=${ROTDIR}/${RUN}.${YMD}/${HH}/${MEMDIR}/products/atmos/cyclone/genesis_vital'
++++ config.com[69]declare -rx 'COM_ATMOS_TRACK_TMPL=${ROTDIR}/${RUN}.${YMD}/${HH}/${MEMDIR}/products/atmos/cyclone/tracks'
++++ config.com[70]declare -rx 'COM_ATMOS_GOES_TMPL=${ROTDIR}/${RUN}.${YMD}/${HH}/${MEMDIR}/products/atmos/goes_sim'
++++ config.com[71]declare -rx 'COM_ATMOS_IMAGERY_TMPL=${ROTDIR}/${RUN}.${YMD}/${HH}/${MEMDIR}/products/atmos/imagery'
++++ config.com[72]declare -rx 'COM_ATMOS_OZNMON_TMPL=${ROTDIR}/${RUN}.${YMD}/${HH}/${MEMDIR}/products/atmos/oznmon'
++++ config.com[73]declare -rx 'COM_ATMOS_RADMON_TMPL=${ROTDIR}/${RUN}.${YMD}/${HH}/${MEMDIR}/products/atmos/radmon'
++++ config.com[74]declare -rx 'COM_ATMOS_MINMON_TMPL=${ROTDIR}/${RUN}.${YMD}/${HH}/${MEMDIR}/products/atmos/minmon'
++++ config.com[75]declare -rx 'COM_ATMOS_ANLMON_TMPL=${ROTDIR}/${RUN}.${YMD}/${HH}/${MEMDIR}/products/atmos/anlmon'
++++ config.com[76]declare -rx 'COM_ATMOS_WMO_TMPL=${ROTDIR}/${RUN}.${YMD}/${HH}/${MEMDIR}/products/atmos/wmo'
++++ config.com[78]declare -rx 'COM_WAVE_RESTART_TMPL=${ROTDIR}/${RUN}.${YMD}/${HH}/${MEMDIR}/model/wave/restart'
++++ config.com[79]declare -rx 'COM_WAVE_PREP_TMPL=${ROTDIR}/${RUN}.${YMD}/${HH}/${MEMDIR}/model/wave/prep'
++++ config.com[80]declare -rx 'COM_WAVE_HISTORY_TMPL=${ROTDIR}/${RUN}.${YMD}/${HH}/${MEMDIR}/model/wave/history'
++++ config.com[81]declare -rx 'COM_WAVE_GRID_TMPL=${ROTDIR}/${RUN}.${YMD}/${HH}/${MEMDIR}/products/wave/gridded'
++++ config.com[82]declare -rx 'COM_WAVE_GRID_RES_TMPL=${ROTDIR}/${RUN}.${YMD}/${HH}/${MEMDIR}/products/wave/gridded/${GRDRESNAME}'
++++ config.com[83]declare -rx 'COM_WAVE_STATION_TMPL=${ROTDIR}/${RUN}.${YMD}/${HH}/${MEMDIR}/products/wave/station'
++++ config.com[84]declare -rx 'COM_WAVE_GEMPAK_TMPL=${ROTDIR}/${RUN}.${YMD}/${HH}/${MEMDIR}/products/wave/gempak'
++++ config.com[85]declare -rx 'COM_WAVE_WMO_TMPL=${ROTDIR}/${RUN}.${YMD}/${HH}/${MEMDIR}/products/wave/wmo'
++++ config.com[87]declare -rx 'COM_OCEAN_HISTORY_TMPL=${ROTDIR}/${RUN}.${YMD}/${HH}/${MEMDIR}/model/ocean/history'
++++ config.com[88]declare -rx 'COM_OCEAN_RESTART_TMPL=${ROTDIR}/${RUN}.${YMD}/${HH}/${MEMDIR}/model/ocean/restart'
++++ config.com[89]declare -rx 'COM_OCEAN_INPUT_TMPL=${ROTDIR}/${RUN}.${YMD}/${HH}/${MEMDIR}/model/ocean/input'
++++ config.com[90]declare -rx 'COM_OCEAN_ANALYSIS_TMPL=${ROTDIR}/${RUN}.${YMD}/${HH}/${MEMDIR}/analysis/ocean'
++++ config.com[91]declare -rx 'COM_OCEAN_ANLMON_TMPL=${ROTDIR}/${RUN}.${YMD}/${HH}/${MEMDIR}/products/ocean/anlmon'
++++ config.com[92]declare -rx 'COM_OCEAN_LETKF_TMPL=${ROTDIR}/${RUN}.${YMD}/${HH}/${MEMDIR}/analysis/ocean/letkf'
++++ config.com[93]declare -rx 'COM_OCEAN_BMATRIX_TMPL=${ROTDIR}/${RUN}.${YMD}/${HH}/${MEMDIR}/bmatrix/ocean'
++++ config.com[94]declare -rx 'COM_OCEAN_NETCDF_TMPL=${ROTDIR}/${RUN}.${YMD}/${HH}/${MEMDIR}/products/ocean/netcdf'
++++ config.com[95]declare -rx 'COM_OCEAN_GRIB_TMPL=${ROTDIR}/${RUN}.${YMD}/${HH}/${MEMDIR}/products/ocean/grib2'
++++ config.com[96]declare -rx 'COM_OCEAN_GRIB_GRID_TMPL=${ROTDIR}/${RUN}.${YMD}/${HH}/${MEMDIR}/products/ocean/grib2/${GRID}'
++++ config.com[98]declare -rx 'COM_ICE_ANALYSIS_TMPL=${ROTDIR}/${RUN}.${YMD}/${HH}/${MEMDIR}/analysis/ice'
++++ config.com[99]declare -rx 'COM_ICE_LETKF_TMPL=${ROTDIR}/${RUN}.${YMD}/${HH}/${MEMDIR}/analysis/ice/letkf'
++++ config.com[100]declare -rx 'COM_ICE_ANLMON_TMPL=${ROTDIR}/${RUN}.${YMD}/${HH}/${MEMDIR}/products/ice/anlmon'
++++ config.com[101]declare -rx 'COM_ICE_BMATRIX_TMPL=${ROTDIR}/${RUN}.${YMD}/${HH}/${MEMDIR}/bmatrix/ice'
++++ config.com[102]declare -rx 'COM_ICE_INPUT_TMPL=${ROTDIR}/${RUN}.${YMD}/${HH}/${MEMDIR}/model/ice/input'
++++ config.com[103]declare -rx 'COM_ICE_HISTORY_TMPL=${ROTDIR}/${RUN}.${YMD}/${HH}/${MEMDIR}/model/ice/history'
++++ config.com[104]declare -rx 'COM_ICE_RESTART_TMPL=${ROTDIR}/${RUN}.${YMD}/${HH}/${MEMDIR}/model/ice/restart'
++++ config.com[105]declare -rx 'COM_ICE_NETCDF_TMPL=${ROTDIR}/${RUN}.${YMD}/${HH}/${MEMDIR}/products/ice/netcdf'
++++ config.com[106]declare -rx 'COM_ICE_GRIB_TMPL=${ROTDIR}/${RUN}.${YMD}/${HH}/${MEMDIR}/products/ice/grib2'
++++ config.com[107]declare -rx 'COM_ICE_GRIB_GRID_TMPL=${ROTDIR}/${RUN}.${YMD}/${HH}/${MEMDIR}/products/ice/grib2/${GRID}'
++++ config.com[109]declare -rx 'COM_CHEM_HISTORY_TMPL=${ROTDIR}/${RUN}.${YMD}/${HH}/${MEMDIR}/model/chem/history'
++++ config.com[110]declare -rx 'COM_CHEM_ANALYSIS_TMPL=${ROTDIR}/${RUN}.${YMD}/${HH}/${MEMDIR}/analysis/chem'
++++ config.com[111]declare -rx 'COM_CHEM_BMAT_TMPL=${ROTDIR}/${RUN}.${YMD}/${HH}/${MEMDIR}/analysis/chem/bmatrix'
++++ config.com[112]declare -rx 'COM_CHEM_ANLMON_TMPL=${ROTDIR}/${RUN}.${YMD}/${HH}/${MEMDIR}/products/chem/anlmon'
++++ config.com[114]declare -rx 'COM_MED_RESTART_TMPL=${ROTDIR}/${RUN}.${YMD}/${HH}/${MEMDIR}/model/med/restart'
+++ config.base[146]export LOGSCRIPT=
+++ config.base[146]LOGSCRIPT=
+++ config.base[148]export 'REDOUT=1>'
+++ config.base[148]REDOUT='1>'
+++ config.base[149]export 'REDERR=2>'
+++ config.base[149]REDERR='2>'
+++ config.base[151]export SENDECF=NO
+++ config.base[151]SENDECF=NO
+++ config.base[152]export SENDSDM=NO
+++ config.base[152]SENDSDM=NO
+++ config.base[153]export SENDDBN_NTC=NO
+++ config.base[153]SENDDBN_NTC=NO
+++ config.base[154]export SENDDBN=NO
+++ config.base[154]SENDDBN=NO
+++ config.base[155]export DBNROOT=/apps/ops/prod/nco/core/prod_util.v2.0.9/fakedbn
+++ config.base[155]DBNROOT=/apps/ops/prod/nco/core/prod_util.v2.0.9/fakedbn
+++ config.base[158]export APP=S2SW
+++ config.base[158]APP=S2SW
+++ config.base[160]shopt -s extglob
+++ config.base[163]case "${RUN}" in
+++ config.base[165]APP=S2S
+++ config.base[170]shopt -u extglob
+++ config.base[173]export DO_ATM=YES
+++ config.base[173]DO_ATM=YES
+++ config.base[174]export DO_COUPLED=NO
+++ config.base[174]DO_COUPLED=NO
+++ config.base[175]export DO_WAVE=NO
+++ config.base[175]DO_WAVE=NO
+++ config.base[176]export DO_OCN=NO
+++ config.base[176]DO_OCN=NO
+++ config.base[177]export DO_ICE=NO
+++ config.base[177]DO_ICE=NO
+++ config.base[178]DO_AERO=NO
+++ config.base[179]export DO_PREP_OBS_AERO=NO
+++ config.base[179]DO_PREP_OBS_AERO=NO
+++ config.base[180]aero_fcst_runs=gdas
+++ config.base[181]aero_anl_runs='gdas gfs'
+++ config.base[182]export DO_AERO_FCST=NO
+++ config.base[182]DO_AERO_FCST=NO
+++ config.base[183]export DO_AERO_ANL=NO
+++ config.base[183]DO_AERO_ANL=NO
+++ config.base[184]export DOBNDPNT_WAVE=YES
+++ config.base[184]DOBNDPNT_WAVE=YES
+++ config.base[185]export DOIBP_WAV=NO
+++ config.base[185]DOIBP_WAV=NO
+++ config.base[186]export FRAC_GRID=.true.
+++ config.base[186]FRAC_GRID=.true.
+++ config.base[187]export DO_NEST=NO
+++ config.base[187]DO_NEST=NO
+++ config.base[188][[ NO == \Y\E\S ]]
+++ config.base[194]export ntiles=6
+++ config.base[194]ntiles=6
+++ config.base[195]export FIXugwd=/lfs/h2/emc/global/noscrub/emc.global/RETRO_GFSv17/git/global-workflow/develop_20250602/fix/ugwd
+++ config.base[195]FIXugwd=/lfs/h2/emc/global/noscrub/emc.global/RETRO_GFSv17/git/global-workflow/develop_20250602/fix/ugwd
+++ config.base[196]export FIXorog=/lfs/h2/emc/global/noscrub/emc.global/RETRO_GFSv17/git/global-workflow/develop_20250602/fix/orog
+++ config.base[196]FIXorog=/lfs/h2/emc/global/noscrub/emc.global/RETRO_GFSv17/git/global-workflow/develop_20250602/fix/orog
+++ config.base[200]export OPS_RES=C768
+++ config.base[200]OPS_RES=C768
+++ config.base[203]export LEVS=128
+++ config.base[203]LEVS=128
+++ config.base[204]export CASE=C1152
+++ config.base[204]CASE=C1152
+++ config.base[205]export CASE_ENS=C384
+++ config.base[205]CASE_ENS=C384
+++ config.base[206]export OCNRES=025
+++ config.base[206]OCNRES=025
+++ config.base[207]export ICERES=025
+++ config.base[207]ICERES=025
+++ config.base[210]case "${CASE}" in
+++ config.base[221]export waveGRD=uglo_15km
+++ config.base[221]waveGRD=uglo_15km
+++ config.base[229]case "${APP}" in
+++ config.base[245]export DO_COUPLED=YES
+++ config.base[245]DO_COUPLED=YES
+++ config.base[246]export DO_OCN=YES
+++ config.base[246]DO_OCN=YES
+++ config.base[247]export DO_ICE=YES
+++ config.base[247]DO_ICE=YES
+++ config.base[249][[ S2S =~ A$ ]]
+++ config.base[253][[ S2S =~ ^S2SW ]]
+++ config.base[264][[ NO == \Y\E\S ]]
+++ config.base[274][[ enkfgdas =~ gdas ]]
+++ config.base[275]export FHCYC=1
+++ config.base[275]FHCYC=1
+++ config.base[276]export FTSFS=10
+++ config.base[276]FTSFS=10
+++ config.base[282]export FHMIN=0
+++ config.base[282]FHMIN=0
+++ config.base[283]export FHMAX=9
+++ config.base[283]FHMAX=9
+++ config.base[284]export FHOUT=3
+++ config.base[284]FHOUT=3
+++ config.base[285]export FHOUT_OCN=3
+++ config.base[285]FHOUT_OCN=3
+++ config.base[286]export FHOUT_ICE=3
+++ config.base[286]FHOUT_ICE=3
+++ config.base[287]export FHOUT_AERO=3
+++ config.base[287]FHOUT_AERO=3
+++ config.base[290]export EUPD_CYC=both
+++ config.base[290]EUPD_CYC=both
+++ config.base[293]export INTERVAL_GFS=6
+++ config.base[293]INTERVAL_GFS=6
+++ config.base[294]export SDATE_GFS=2024111512
+++ config.base[294]SDATE_GFS=2024111512
+++ config.base[297]export FHMIN_GFS=0
+++ config.base[297]FHMIN_GFS=0
+++ config.base[298]export FHMAX_GFS=384
+++ config.base[298]FHMAX_GFS=384
+++ config.base[300]breakpnts=
+++ config.base[301]export FCST_SEGMENTS=0,384
+++ config.base[301]FCST_SEGMENTS=0,384
+++ config.base[302]export FHOUT_GFS=3
+++ config.base[302]FHOUT_GFS=3
+++ config.base[303]export FHMAX_HF_GFS=120
+++ config.base[303]FHMAX_HF_GFS=120
+++ config.base[304]export FHOUT_HF_GFS=1
+++ config.base[304]FHOUT_HF_GFS=1
+++ config.base[305]export FHOUT_OCN_GFS=6
+++ config.base[305]FHOUT_OCN_GFS=6
+++ config.base[306]export FHOUT_ICE_GFS=6
+++ config.base[306]FHOUT_ICE_GFS=6
+++ config.base[307]export FHMIN_WAV=0
+++ config.base[307]FHMIN_WAV=0
+++ config.base[308]export FHOUT_WAV=3
+++ config.base[308]FHOUT_WAV=3
+++ config.base[309]export FHMAX_HF_WAV=120
+++ config.base[309]FHMAX_HF_WAV=120
+++ config.base[310]export FHOUT_HF_WAV=1
+++ config.base[310]FHOUT_HF_WAV=1
+++ config.base[311]export FHMAX_WAV=9
+++ config.base[311]FHMAX_WAV=9
+++ config.base[312]export FHMAX_WAV_GFS=384
+++ config.base[312]FHMAX_WAV_GFS=384
+++ config.base[313]export FHMAX_HF_GFS=120
+++ config.base[313]FHMAX_HF_GFS=120
+++ config.base[314]export FHMAX_WAV=9
+++ config.base[314]FHMAX_WAV=9
+++ config.base[315]export FHMAX_WAV_GFS=384
+++ config.base[315]FHMAX_WAV_GFS=384
+++ config.base[316]export FHMAX_HF_WAV=120
+++ config.base[316]FHMAX_HF_WAV=120
+++ config.base[319]export ILPOST=1
+++ config.base[319]ILPOST=1
+++ config.base[320]((  FHMAX_HF_GFS < 120  ))
+++ config.base[325]export FHMAX_GOES=180
+++ config.base[325]FHMAX_GOES=180
+++ config.base[326]export FHOUT_GOES=3
+++ config.base[326]FHOUT_GOES=3
+++ config.base[327]((  FHMAX_GOES > FHMAX_GFS  ))
+++ config.base[332]export restart_interval_gfs=12
+++ config.base[332]restart_interval_gfs=12
+++ config.base[337]export QUILTING=.true.
+++ config.base[337]QUILTING=.true.
+++ config.base[338]export OUTPUT_GRID=gaussian_grid
+++ config.base[338]OUTPUT_GRID=gaussian_grid
+++ config.base[339]export WRITE_DOPOST=.true.
+++ config.base[339]WRITE_DOPOST=.true.
+++ config.base[340]export WRITE_NSFLIP=.true.
+++ config.base[340]WRITE_NSFLIP=.true.
+++ config.base[343]export DOIAU=YES
+++ config.base[343]DOIAU=YES
+++ config.base[344]export IAUFHRS=3,6,9
+++ config.base[344]IAUFHRS=3,6,9
+++ config.base[345]export IAU_FHROT=3
+++ config.base[345]IAU_FHROT=3
+++ config.base[346]export IAU_DELTHRS=6
+++ config.base[346]IAU_DELTHRS=6
+++ config.base[347]export IAU_OFFSET=6
+++ config.base[347]IAU_OFFSET=6
+++ config.base[348]export DOIAU_ENKF=YES
+++ config.base[348]DOIAU_ENKF=YES
+++ config.base[349]export IAUFHRS_ENKF=3,6,9
+++ config.base[349]IAUFHRS_ENKF=3,6,9
+++ config.base[350]export IAU_DELTHRS_ENKF=6
+++ config.base[350]IAU_DELTHRS_ENKF=6
+++ config.base[353]export lobsdiag_forenkf=.true.
+++ config.base[353]lobsdiag_forenkf=.true.
+++ config.base[361]export imp_physics=8
+++ config.base[361]imp_physics=8
+++ config.base[365]export DO_JEDIATMVAR=NO
+++ config.base[365]DO_JEDIATMVAR=NO
+++ config.base[366]export DO_JEDIATMENS=NO
+++ config.base[366]DO_JEDIATMENS=NO
+++ config.base[367]export DO_JEDIOCNVAR=YES
+++ config.base[367]DO_JEDIOCNVAR=YES
+++ config.base[368]export DO_JEDISNOWDA=YES
+++ config.base[368]DO_JEDISNOWDA=YES
+++ config.base[369]export DO_MERGENSST=NO
+++ config.base[369]DO_MERGENSST=NO
+++ config.base[370]export DO_STARTMEM_FROM_JEDIICE=YES
+++ config.base[370]DO_STARTMEM_FROM_JEDIICE=YES
+++ config.base[373]export DOHYBVAR=YES
+++ config.base[373]DOHYBVAR=YES
+++ config.base[374]export DOHYBVAR_OCN=YES
+++ config.base[374]DOHYBVAR_OCN=YES
+++ config.base[375]export DOLETKF_OCN=NO
+++ config.base[375]DOLETKF_OCN=NO
+++ config.base[376]export NMEM_ENS=80
+++ config.base[376]NMEM_ENS=80
+++ config.base[377]export SMOOTH_ENKF=NO
+++ config.base[377]SMOOTH_ENKF=NO
+++ config.base[378]export l4densvar=.true.
+++ config.base[378]l4densvar=.true.
+++ config.base[379]export lwrite4danl=.true.
+++ config.base[379]lwrite4danl=.true.
+++ config.base[380]export DO_CALC_INCREMENT=NO
+++ config.base[380]DO_CALC_INCREMENT=NO
+++ config.base[383]export NMEM_ENS_GFS=30
+++ config.base[383]NMEM_ENS_GFS=30
+++ config.base[384]export NMEM_ENS_GFS_OFFSET=20
+++ config.base[384]NMEM_ENS_GFS_OFFSET=20
+++ config.base[385]export DO_CALC_INCREMENT_ENKF_GFS=NO
+++ config.base[385]DO_CALC_INCREMENT_ENKF_GFS=NO
+++ config.base[388][[ YES = \Y\E\S ]]
+++ config.base[389]export FHMIN_ENKF=3
+++ config.base[389]FHMIN_ENKF=3
+++ config.base[390]export FHMAX_ENKF=9
+++ config.base[390]FHMAX_ENKF=9
+++ config.base[391]export FHMAX_ENKF_GFS=12
+++ config.base[391]FHMAX_ENKF_GFS=12
+++ config.base[392]export FHOUT_ENKF_GFS=3
+++ config.base[392]FHOUT_ENKF_GFS=3
+++ config.base[393][[ .true. = \.\t\r\u\e\. ]]
+++ config.base[394]export FHOUT=1
+++ config.base[394]FHOUT=1
+++ config.base[395]export FHOUT_ENKF=1
+++ config.base[395]FHOUT_ENKF=1
+++ config.base[402][[ YES == \N\O ]]
+++ config.base[410]export ENKF_SPREAD=YES
+++ config.base[410]ENKF_SPREAD=YES
+++ config.base[413][[ cycled = \c\y\c\l\e\d ]]
+++ config.base[413][[ 2024111506 = \2\0\2\4\1\1\2\4\1\8 ]]
+++ config.base[413][[ YES = \N\O ]]
+++ config.base[413][[ cycled = \f\o\r\e\c\a\s\t\-\o\n\l\y ]]
+++ config.base[419][[ YES = \N\O ]]
+++ config.base[423][[ YES == \Y\E\S ]]
+++ config.base[424]export restart_interval_enkfgdas=3
+++ config.base[424]restart_interval_enkfgdas=3
+++ config.base[429]export restart_interval_enkfgfs=3
+++ config.base[429]restart_interval_enkfgfs=3
+++ config.base[431][[ YES == \Y\E\S ]]
+++ config.base[432]export restart_interval_gdas=3
+++ config.base[432]restart_interval_gdas=3
+++ config.base[437]export DO_GSISOILDA=YES
+++ config.base[437]DO_GSISOILDA=YES
+++ config.base[440]export DONST=YES
+++ config.base[440]DONST=YES
+++ config.base[441][[ YES = \Y\E\S ]]
+++ config.base[441]export 'FNTSFA=        '
+++ config.base[441]FNTSFA='        '
+++ config.base[444]export nst_anl=.true.
+++ config.base[444]nst_anl=.true.
+++ config.base[447]export MAKE_NSSTBUFR=NO
+++ config.base[447]MAKE_NSSTBUFR=NO
+++ config.base[450]export MAKE_ACFTBUFR=NO
+++ config.base[450]MAKE_ACFTBUFR=NO
+++ config.base[453]export 'INCREMENTS_TO_ZERO='\''liq_wat_inc'\'','\''icmr_inc'\'','\''rwmr_inc'\'','\''snmr_inc'\'','\''grle_inc'\'''
+++ config.base[453]INCREMENTS_TO_ZERO=''\''liq_wat_inc'\'','\''icmr_inc'\'','\''rwmr_inc'\'','\''snmr_inc'\'','\''grle_inc'\'''
+++ config.base[456]export 'INCVARS_ZERO_STRAT='\''sphum_inc'\'','\''liq_wat_inc'\'','\''icmr_inc'\'','\''rwmr_inc'\'','\''snmr_inc'\'','\''grle_inc'\'''
+++ config.base[456]INCVARS_ZERO_STRAT=''\''sphum_inc'\'','\''liq_wat_inc'\'','\''icmr_inc'\'','\''rwmr_inc'\'','\''snmr_inc'\'','\''grle_inc'\'''
+++ config.base[457]export INCVARS_EFOLD=5
+++ config.base[457]INCVARS_EFOLD=5
+++ config.base[462]export netcdf_diag=.true.
+++ config.base[462]netcdf_diag=.true.
+++ config.base[463]export binary_diag=.false.
+++ config.base[463]binary_diag=.false.
+++ config.base[466]export DO_CA=YES
+++ config.base[466]DO_CA=YES
+++ config.base[469]export DO_METP=YES
+++ config.base[469]DO_METP=YES
+++ config.base[470]export DO_FIT2OBS=YES
+++ config.base[470]DO_FIT2OBS=YES
+++ config.base[473]export FHMAX_FITS=132
+++ config.base[473]FHMAX_FITS=132
+++ config.base[474][[ 132 -gt 384 ]]
+++ config.base[480]export DO_FETCH_HPSS=NO
+++ config.base[480]DO_FETCH_HPSS=NO
+++ config.base[481]export DO_FETCH_LOCAL=NO
+++ config.base[481]DO_FETCH_LOCAL=NO
+++ config.base[484]export DO_ARCHCOM=YES
+++ config.base[484]DO_ARCHCOM=YES
+++ config.base[485]export ARCHCOM_TO=hpss
+++ config.base[485]ARCHCOM_TO=hpss
+++ config.base[488]export 'CLIENT_GLOBUS_UUID={{ CLIENT_GLOBUS_UUID }}'
+++ config.base[488]CLIENT_GLOBUS_UUID='{{ CLIENT_GLOBUS_UUID }}'
+++ config.base[491][[ NO = \Y\E\S ]]
+++ config.base[498][[ NO = \Y\E\S ]]
+++ config.base[498][[ YES = \Y\E\S ]]
+++ config.base[499]export DO_ANLSTAT=YES
+++ config.base[499]DO_ANLSTAT=YES
+++ config.base[504]export REPLAY_ICS=NO
+++ config.base[504]REPLAY_ICS=NO
+++ config.base[505]export OFFSET_START_HOUR=0
+++ config.base[505]OFFSET_START_HOUR=0
+++ config.base[508]export NUM_SND_COLLECTIVES=9
+++ config.base[508]NUM_SND_COLLECTIVES=9
+++ config.base[510]echo 'END: config.base'
END: config.base
++ jjob_header.sh[106]true
++ jjob_header.sh[107]export err=0
++ jjob_header.sh[107]err=0
++ jjob_header.sh[108][[ 0 -ne 0 ]]
++ jjob_header.sh[105]for config in "${configs[@]:-''}"
++ jjob_header.sh[106]source /lfs/h2/emc/global/noscrub/emc.global/RETRO_GFSv17/expdir/retrotestgfs10/config.anal
+++ config.anal[6]echo 'BEGIN: config.anal'
BEGIN: config.anal
+++ config.anal[9]source /lfs/h2/emc/global/noscrub/emc.global/RETRO_GFSv17/expdir/retrotestgfs10/config.resources anal
++++ config.resources[10]((  1 != 1  ))
++++ config.resources[34]step=anal
++++ config.resources[36]echo 'BEGIN: config.resources'
BEGIN: config.resources
++++ config.resources[38]case ${machine} in
++++ config.resources[40]max_tasks_per_node=128
++++ config.resources[43]mem_node_max=500GB
++++ config.resources[106]export max_tasks_per_node
++++ config.resources[108]case ${step} in
++++ config.resources[680][[ enkfgdas = *gdas ]]
++++ config.resources[681]walltime=01:20:00
++++ config.resources[682]case ${CASE} in
++++ config.resources[684]ntasks=780
++++ config.resources[685]threads_per_task=5
++++ config.resources[686]walltime=01:40:00
++++ config.resources[721]tasks_per_node=25
++++ config.resources[722]export threads_per_task_cycle=5
++++ config.resources[722]threads_per_task_cycle=5
++++ config.resources[723]export tasks_per_node_cycle=25
++++ config.resources[723]tasks_per_node_cycle=25
++++ config.resources[724]export is_exclusive=True
++++ config.resources[724]is_exclusive=True
++++ config.resources[1400][[ -f /lfs/h2/emc/global/noscrub/emc.global/RETRO_GFSv17/expdir/retrotestgfs10/config.resources.WCOSS2 ]]
++++ config.resources[1401]source /lfs/h2/emc/global/noscrub/emc.global/RETRO_GFSv17/expdir/retrotestgfs10/config.resources.WCOSS2
+++++ config.resources.WCOSS2[5]case ${step} in
+++++ config.resources.WCOSS2[13][[ C1152 == \C\7\6\8 ]]
+++++ config.resources.WCOSS2[13][[ C1152 == \C\1\1\5\2 ]]
+++++ config.resources.WCOSS2[14]export threads_per_task=8
+++++ config.resources.WCOSS2[14]threads_per_task=8
+++++ config.resources.WCOSS2[16][[ enkfgdas = *gdas ]]
+++++ config.resources.WCOSS2[17]ntasks=784
+++++ config.resources.WCOSS2[21]export ntasks_gdas=784
+++++ config.resources.WCOSS2[21]ntasks_gdas=784
+++++ config.resources.WCOSS2[22]export ntasks_gfs=832
+++++ config.resources.WCOSS2[22]ntasks_gfs=832
+++++ config.resources.WCOSS2[23]export tasks_per_node=16
+++++ config.resources.WCOSS2[23]tasks_per_node=16
++++ config.resources[1405]for resource_var in threads_per_task ntasks tasks_per_node NTASKS memory walltime
++++ config.resources[1406]run_resource_var=threads_per_task_enkfgdas
++++ config.resources[1407][[ -n '' ]]
++++ config.resources[1409][[ -n 0 ]]
++++ config.resources[1410]export threads_per_task
++++ config.resources[1405]for resource_var in threads_per_task ntasks tasks_per_node NTASKS memory walltime
++++ config.resources[1406]run_resource_var=ntasks_enkfgdas
++++ config.resources[1407][[ -n '' ]]
++++ config.resources[1409][[ -n 0 ]]
++++ config.resources[1410]export ntasks
++++ config.resources[1405]for resource_var in threads_per_task ntasks tasks_per_node NTASKS memory walltime
++++ config.resources[1406]run_resource_var=tasks_per_node_enkfgdas
++++ config.resources[1407][[ -n '' ]]
++++ config.resources[1409][[ -n 0 ]]
++++ config.resources[1410]export tasks_per_node
++++ config.resources[1405]for resource_var in threads_per_task ntasks tasks_per_node NTASKS memory walltime
++++ config.resources[1406]run_resource_var=NTASKS_enkfgdas
++++ config.resources[1407][[ -n '' ]]
++++ config.resources[1409][[ -n '' ]]
++++ config.resources[1405]for resource_var in threads_per_task ntasks tasks_per_node NTASKS memory walltime
++++ config.resources[1406]run_resource_var=memory_enkfgdas
++++ config.resources[1407][[ -n '' ]]
++++ config.resources[1409][[ -n '' ]]
++++ config.resources[1405]for resource_var in threads_per_task ntasks tasks_per_node NTASKS memory walltime
++++ config.resources[1406]run_resource_var=walltime_enkfgdas
++++ config.resources[1407][[ -n '' ]]
++++ config.resources[1409][[ -n 0 ]]
++++ config.resources[1410]export walltime
++++ config.resources[1414]echo 'END: config.resources'
END: config.resources
+++ config.anal[11][[ YES = \Y\E\S ]]
+++ config.anal[12]source /lfs/h2/emc/global/noscrub/emc.global/RETRO_GFSv17/expdir/retrotestgfs10/config.nsst
++++ config.nsst[6]echo 'BEGIN: config.nsst'
BEGIN: config.nsst
++++ config.nsst[11]export NST_MODEL=2
++++ config.nsst[11]NST_MODEL=2
++++ config.nsst[14][[ NO == \Y\E\S ]]
++++ config.nsst[14][[ NO == \Y\E\S ]]
++++ config.nsst[19]export NST_SPINUP=0
++++ config.nsst[19]NST_SPINUP=0
++++ config.nsst[20]cdate=2024112418
++++ config.nsst[21]((  cdate < 2017072000  ))
++++ config.nsst[26]export NST_RESV=0
++++ config.nsst[26]NST_RESV=0
++++ config.nsst[29]export ZSEA1=0
++++ config.nsst[29]ZSEA1=0
++++ config.nsst[30]export ZSEA2=0
++++ config.nsst[30]ZSEA2=0
++++ config.nsst[32]export NST_GSI=3
++++ config.nsst[32]NST_GSI=3
++++ config.nsst[36]export NSTINFO=0
++++ config.nsst[36]NSTINFO=0
++++ config.nsst[37]((  NST_GSI > 0  ))
++++ config.nsst[37]export NSTINFO=4
++++ config.nsst[37]NSTINFO=4
++++ config.nsst[39]echo 'END: config.nsst'
END: config.nsst
+++ config.anal[15][[ enkfgdas == \g\f\s ]]
+++ config.anal[23][[ 128 = \1\2\8 ]]
+++ config.anal[24]export 'GRIDOPTS=nlayers(63)=1,nlayers(64)=1,'
+++ config.anal[24]GRIDOPTS='nlayers(63)=1,nlayers(64)=1,'
+++ config.anal[25]export SETUP=gpstop=55,nsig_ext=45,
+++ config.anal[25]SETUP=gpstop=55,nsig_ext=45,
+++ config.anal[29]export lobsdiag_forenkf=.false.
+++ config.anal[29]lobsdiag_forenkf=.false.
+++ config.anal[33][[ NO = \Y\E\S ]]
+++ config.anal[38]export GSNDBF=/dev/null
+++ config.anal[38]GSNDBF=/dev/null
+++ config.anal[39]export AMSREBF=/dev/null
+++ config.anal[39]AMSREBF=/dev/null
+++ config.anal[40]export SSMITBF=/dev/null
+++ config.anal[40]SSMITBF=/dev/null
+++ config.anal[41]export AMSR2BF=/dev/null
+++ config.anal[41]AMSR2BF=/dev/null
+++ config.anal[46]export CONVINFO=/lfs/h2/emc/global/noscrub/emc.global/RETRO_GFSv17/git/global-workflow/develop_20250602/fix/gsi/global_convinfo.txt
+++ config.anal[46]CONVINFO=/lfs/h2/emc/global/noscrub/emc.global/RETRO_GFSv17/git/global-workflow/develop_20250602/fix/gsi/global_convinfo.txt
+++ config.anal[47]export OZINFO=/lfs/h2/emc/global/noscrub/emc.global/RETRO_GFSv17/git/global-workflow/develop_20250602/fix/gsi/global_ozinfo.txt
+++ config.anal[47]OZINFO=/lfs/h2/emc/global/noscrub/emc.global/RETRO_GFSv17/git/global-workflow/develop_20250602/fix/gsi/global_ozinfo.txt
+++ config.anal[48]export SATINFO=/lfs/h2/emc/global/noscrub/emc.global/RETRO_GFSv17/git/global-workflow/develop_20250602/fix/gsi/global_satinfo.txt
+++ config.anal[48]SATINFO=/lfs/h2/emc/global/noscrub/emc.global/RETRO_GFSv17/git/global-workflow/develop_20250602/fix/gsi/global_satinfo.txt
+++ config.anal[49]export OBERROR=/lfs/h2/emc/global/noscrub/emc.global/RETRO_GFSv17/git/global-workflow/develop_20250602/fix/gsi/prepobs_errtable.global
+++ config.anal[49]OBERROR=/lfs/h2/emc/global/noscrub/emc.global/RETRO_GFSv17/git/global-workflow/develop_20250602/fix/gsi/prepobs_errtable.global
+++ config.anal[51][[ YES = \Y\E\S ]]
+++ config.anal[52]export hofx_2m_sfcfile=.true.
+++ config.anal[52]hofx_2m_sfcfile=.true.
+++ config.anal[53]export reducedgrid=.false.
+++ config.anal[53]reducedgrid=.false.
+++ config.anal[55]export CONVINFO=/lfs/h2/emc/global/noscrub/emc.global/RETRO_GFSv17/git/global-workflow/develop_20250602/fix/gsi/global_convinfo_2mObs.txt
+++ config.anal[55]CONVINFO=/lfs/h2/emc/global/noscrub/emc.global/RETRO_GFSv17/git/global-workflow/develop_20250602/fix/gsi/global_convinfo_2mObs.txt
+++ config.anal[56]export ANAVINFO=/lfs/h2/emc/global/noscrub/emc.global/RETRO_GFSv17/git/global-workflow/develop_20250602/fix/gsi/global_anavinfo_soilanal.l127.txt
+++ config.anal[56]ANAVINFO=/lfs/h2/emc/global/noscrub/emc.global/RETRO_GFSv17/git/global-workflow/develop_20250602/fix/gsi/global_anavinfo_soilanal.l127.txt
+++ config.anal[60][[ emc == \e\m\c ]]
+++ config.anal[62][[ 2024112418 -ge 2019021900 ]]
+++ config.anal[62][[ 2024112418 -lt 2019110706 ]]
+++ config.anal[68][[ 2024112418 -ge 2019110706 ]]
+++ config.anal[68][[ 2024112418 -lt 2020040718 ]]
+++ config.anal[74][[ 2024112418 -ge 2020040718 ]]
+++ config.anal[74][[ 2024112418 -lt 2020052612 ]]
+++ config.anal[80][[ 2024112418 -ge 2020052612 ]]
+++ config.anal[80][[ 2024112418 -lt 2020082412 ]]
+++ config.anal[86][[ 2024112418 -ge 2020082412 ]]
+++ config.anal[86][[ 2024112418 -lt 2020091612 ]]
+++ config.anal[91][[ 2024112418 -ge 2020091612 ]]
+++ config.anal[91][[ 2024112418 -lt 2021031712 ]]
+++ config.anal[96][[ 2024112418 -ge 2021031712 ]]
+++ config.anal[96][[ 2024112418 -lt 2021091612 ]]
+++ config.anal[110][[ 2024112418 -ge 2020011600 ]]
+++ config.anal[110][[ 2024112418 -lt 2020011806 ]]
+++ config.anal[116][[ 2024112418 -ge 2019021900 ]]
+++ config.anal[116][[ 2024112418 -lt 2019110706 ]]
+++ config.anal[121][[ 2024112418 -ge 2019110706 ]]
+++ config.anal[121][[ 2024112418 -lt 2020022012 ]]
+++ config.anal[126][[ 2024112418 -ge 2020022012 ]]
+++ config.anal[126][[ 2024112418 -lt 2021052118 ]]
+++ config.anal[131][[ 2024112418 -ge 2021052118 ]]
+++ config.anal[131][[ 2024112418 -lt 2021092206 ]]
+++ config.anal[136][[ 2024112418 -ge 2021092206 ]]
+++ config.anal[136][[ 2024112418 -lt 2021102612 ]]
+++ config.anal[153]export AIRS_CADS=.false.
+++ config.anal[153]AIRS_CADS=.false.
+++ config.anal[154]export CRIS_CADS=.false.
+++ config.anal[154]CRIS_CADS=.false.
+++ config.anal[155]export IASI_CADS=.false.
+++ config.anal[155]IASI_CADS=.false.
+++ config.anal[157]echo 'END: config.anal'
END: config.anal
++ jjob_header.sh[106]true
++ jjob_header.sh[107]export err=0
++ jjob_header.sh[107]err=0
++ jjob_header.sh[108][[ 0 -ne 0 ]]
++ jjob_header.sh[105]for config in "${configs[@]:-''}"
++ jjob_header.sh[106]source /lfs/h2/emc/global/noscrub/emc.global/RETRO_GFSv17/expdir/retrotestgfs10/config.echgres
+++ config.echgres[6]echo 'BEGIN: config.echgres'
BEGIN: config.echgres
+++ config.echgres[9]source /lfs/h2/emc/global/noscrub/emc.global/RETRO_GFSv17/expdir/retrotestgfs10/config.resources echgres
++++ config.resources[10]((  1 != 1  ))
++++ config.resources[34]step=echgres
++++ config.resources[36]echo 'BEGIN: config.resources'
BEGIN: config.resources
++++ config.resources[38]case ${machine} in
++++ config.resources[40]max_tasks_per_node=128
++++ config.resources[43]mem_node_max=500GB
++++ config.resources[106]export max_tasks_per_node
++++ config.resources[108]case ${step} in
++++ config.resources[1108]walltime=00:10:00
++++ config.resources[1109]ntasks=3
++++ config.resources[1110]threads_per_task=128
++++ config.resources[1111]tasks_per_node=1
++++ config.resources[1400][[ -f /lfs/h2/emc/global/noscrub/emc.global/RETRO_GFSv17/expdir/retrotestgfs10/config.resources.WCOSS2 ]]
++++ config.resources[1401]source /lfs/h2/emc/global/noscrub/emc.global/RETRO_GFSv17/expdir/retrotestgfs10/config.resources.WCOSS2
+++++ config.resources.WCOSS2[5]case ${step} in
+++++ config.resources.WCOSS2[37]export memory=200GB
+++++ config.resources.WCOSS2[37]memory=200GB
++++ config.resources[1405]for resource_var in threads_per_task ntasks tasks_per_node NTASKS memory walltime
++++ config.resources[1406]run_resource_var=threads_per_task_enkfgdas
++++ config.resources[1407][[ -n '' ]]
++++ config.resources[1409][[ -n 0 ]]
++++ config.resources[1410]export threads_per_task
++++ config.resources[1405]for resource_var in threads_per_task ntasks tasks_per_node NTASKS memory walltime
++++ config.resources[1406]run_resource_var=ntasks_enkfgdas
++++ config.resources[1407][[ -n '' ]]
++++ config.resources[1409][[ -n 0 ]]
++++ config.resources[1410]export ntasks
++++ config.resources[1405]for resource_var in threads_per_task ntasks tasks_per_node NTASKS memory walltime
++++ config.resources[1406]run_resource_var=tasks_per_node_enkfgdas
++++ config.resources[1407][[ -n '' ]]
++++ config.resources[1409][[ -n 0 ]]
++++ config.resources[1410]export tasks_per_node
++++ config.resources[1405]for resource_var in threads_per_task ntasks tasks_per_node NTASKS memory walltime
++++ config.resources[1406]run_resource_var=NTASKS_enkfgdas
++++ config.resources[1407][[ -n '' ]]
++++ config.resources[1409][[ -n '' ]]
++++ config.resources[1405]for resource_var in threads_per_task ntasks tasks_per_node NTASKS memory walltime
++++ config.resources[1406]run_resource_var=memory_enkfgdas
++++ config.resources[1407][[ -n '' ]]
++++ config.resources[1409][[ -n 0 ]]
++++ config.resources[1410]export memory
++++ config.resources[1405]for resource_var in threads_per_task ntasks tasks_per_node NTASKS memory walltime
++++ config.resources[1406]run_resource_var=walltime_enkfgdas
++++ config.resources[1407][[ -n '' ]]
++++ config.resources[1409][[ -n 0 ]]
++++ config.resources[1410]export walltime
++++ config.resources[1414]echo 'END: config.resources'
END: config.resources
+++ config.echgres[11]echo 'END: config.echgres'
END: config.echgres
++ jjob_header.sh[106]true
++ jjob_header.sh[107]export err=0
++ jjob_header.sh[107]err=0
++ jjob_header.sh[108][[ 0 -ne 0 ]]
++ jjob_header.sh[117]source /lfs/h2/emc/global/noscrub/emc.global/RETRO_GFSv17/git/global-workflow/develop_20250602/env/WCOSS2.env anal
+++ WCOSS2.env[3][[ 1 -ne 1 ]]
+++ WCOSS2.env[10]step=anal
+++ WCOSS2.env[13]export 'launcher=mpiexec -l'
+++ WCOSS2.env[13]launcher='mpiexec -l'
+++ WCOSS2.env[14]export 'mpmd_opt=--cpu-bind verbose,core cfp'
+++ WCOSS2.env[14]mpmd_opt='--cpu-bind verbose,core cfp'
+++ WCOSS2.env[18][[ -n 3 ]]
+++ WCOSS2.env[18][[ -n 128 ]]
+++ WCOSS2.env[18][[ -n 1 ]]
+++ WCOSS2.env[19]max_threads_per_task=128
+++ WCOSS2.env[20]NTHREADSmax=128
+++ WCOSS2.env[21]NTHREADS1=128
+++ WCOSS2.env[22][[ 128 -gt 128 ]]
+++ WCOSS2.env[25][[ 128 -gt 128 ]]
+++ WCOSS2.env[28]APRUN_default='mpiexec -l -n 3'
+++ WCOSS2.env[34][[ anal = \p\r\e\p ]]
+++ WCOSS2.env[34][[ anal = \p\r\e\p\b\u\f\r ]]
+++ WCOSS2.env[41][[ anal = \p\r\e\p\_\e\m\i\s\s\i\o\n\s ]]
+++ WCOSS2.env[45][[ anal = \w\a\v\e\i\n\i\t ]]
+++ WCOSS2.env[45][[ anal = \w\a\v\e\p\r\e\p ]]
+++ WCOSS2.env[45][[ anal = \w\a\v\e\p\o\s\t\s\b\s ]]
+++ WCOSS2.env[45][[ anal = \w\a\v\e\p\o\s\t\b\n\d\p\n\t ]]
+++ WCOSS2.env[45][[ anal = \w\a\v\e\p\o\s\t\b\n\d\p\n\t\b\l\l ]]
+++ WCOSS2.env[45][[ anal = \w\a\v\e\p\o\s\t\p\n\t ]]
+++ WCOSS2.env[51][[ anal = \a\t\m\a\n\l\v\a\r ]]
+++ WCOSS2.env[56][[ anal = \a\t\m\e\n\s\a\n\l\o\b\s ]]
+++ WCOSS2.env[61][[ anal = \a\t\m\e\n\s\a\n\l\s\o\l ]]
+++ WCOSS2.env[66][[ anal = \a\t\m\e\n\s\a\n\l\l\e\t\k\f ]]
+++ WCOSS2.env[71][[ anal = \a\t\m\e\n\s\a\n\l\f\v\3\i\n\c ]]
+++ WCOSS2.env[76][[ anal = \a\e\r\o\a\n\l\v\a\r ]]
+++ WCOSS2.env[83][[ anal = \a\e\r\o\a\n\l\g\e\n\b ]]
+++ WCOSS2.env[88][[ anal = \p\r\e\p\o\b\s\a\e\r\o ]]
+++ WCOSS2.env[93][[ anal = \s\n\o\w\a\n\l ]]
+++ WCOSS2.env[102][[ anal = \e\s\n\o\w\a\n\l ]]
+++ WCOSS2.env[111][[ anal = \m\a\r\i\n\e\b\m\a\t ]]
+++ WCOSS2.env[116][[ anal = \m\a\r\i\n\e\a\n\l\v\a\r ]]
+++ WCOSS2.env[121][[ anal = \m\a\r\i\n\e\a\n\l\c\h\k\p\t ]]
+++ WCOSS2.env[129][[ anal = \o\c\n\a\n\a\l\e\c\e\n ]]
+++ WCOSS2.env[134][[ anal = \m\a\r\i\n\e\a\n\l\l\e\t\k\f ]]
+++ WCOSS2.env[139][[ anal = \a\t\m\a\n\l\f\v\3\i\n\c ]]
+++ WCOSS2.env[144][[ anal = \a\n\l\s\t\a\t ]]
+++ WCOSS2.env[149][[ anal = \e\c\e\n\_\f\v\3\j\e\d\i ]]
+++ WCOSS2.env[155][[ anal = \a\n\a\l\c\a\l\c\_\f\v\3\j\e\d\i ]]
+++ WCOSS2.env[160][[ anal = \a\n\a\l ]]
+++ WCOSS2.env[162]export OMP_PLACES=cores
+++ WCOSS2.env[162]OMP_PLACES=cores
+++ WCOSS2.env[163]export OMP_STACKSIZE=1G
+++ WCOSS2.env[163]OMP_STACKSIZE=1G
+++ WCOSS2.env[164]export FI_OFI_RXM_SAR_LIMIT=3145728
+++ WCOSS2.env[164]FI_OFI_RXM_SAR_LIMIT=3145728
+++ WCOSS2.env[166][[ anal = \a\n\a\l\c\a\l\c ]]
+++ WCOSS2.env[170]export NTHREADS_GSI=128
+++ WCOSS2.env[170]NTHREADS_GSI=128
+++ WCOSS2.env[171]export 'APRUN_GSI=mpiexec -l -n 3 -ppn 1 --cpu-bind depth --depth 128'
+++ WCOSS2.env[171]APRUN_GSI='mpiexec -l -n 3 -ppn 1 --cpu-bind depth --depth 128'
+++ WCOSS2.env[173]export NTHREADS_CALCINC=1
+++ WCOSS2.env[173]NTHREADS_CALCINC=1
+++ WCOSS2.env[174][[ 1 -gt 128 ]]
+++ WCOSS2.env[177]export 'APRUN_CALCINC=mpiexec -l $ncmd'
+++ WCOSS2.env[177]APRUN_CALCINC='mpiexec -l $ncmd'
+++ WCOSS2.env[179]export NTHREADS_CYCLE=5
+++ WCOSS2.env[179]NTHREADS_CYCLE=5
+++ WCOSS2.env[180][[ 5 -gt 128 ]]
+++ WCOSS2.env[183]ntasks_cycle=6
+++ WCOSS2.env[184]export 'APRUN_CYCLE=mpiexec -l -n 6 -ppn 25 --cpu-bind depth --depth 5'
+++ WCOSS2.env[184]APRUN_CYCLE='mpiexec -l -n 6 -ppn 25 --cpu-bind depth --depth 5'
+++ WCOSS2.env[186]export NTHREADS_GAUSFCANL=1
+++ WCOSS2.env[186]NTHREADS_GAUSFCANL=1
+++ WCOSS2.env[187]ntasks_gausfcanl=1
+++ WCOSS2.env[188]export 'APRUN_GAUSFCANL=mpiexec -l -n 1'
+++ WCOSS2.env[188]APRUN_GAUSFCANL='mpiexec -l -n 1'
+++ WCOSS2.env[190]export NTHREADS_CHGRES=14
+++ WCOSS2.env[190]NTHREADS_CHGRES=14
+++ WCOSS2.env[191][[ 14 -gt 128 ]]
+++ WCOSS2.env[194]export APRUN_CHGRES=
+++ WCOSS2.env[194]APRUN_CHGRES=
+++ WCOSS2.env[196]export CFP_MP=NO
+++ WCOSS2.env[196]CFP_MP=NO
+++ WCOSS2.env[197]export USE_CFP=YES
+++ WCOSS2.env[197]USE_CFP=YES
+++ WCOSS2.env[198]export 'APRUNCFP=mpiexec -l -np $ncmd --cpu-bind verbose,core cfp'
+++ WCOSS2.env[198]APRUNCFP='mpiexec -l -np $ncmd --cpu-bind verbose,core cfp'
++ jjob_header.sh[117]true
++ jjob_header.sh[118]export err=0
++ jjob_header.sh[118]err=0
++ jjob_header.sh[119][[ 0 -ne 0 ]]
+ JGDAS_ATMOS_CHGRES_FORENKF[9]export DO_CALC_ANALYSIS=YES
+ JGDAS_ATMOS_CHGRES_FORENKF[9]DO_CALC_ANALYSIS=YES
+ JGDAS_ATMOS_CHGRES_FORENKF[16]export APREFIX=gdas.t18z.
+ JGDAS_ATMOS_CHGRES_FORENKF[16]APREFIX=gdas.t18z.
+ JGDAS_ATMOS_CHGRES_FORENKF[17]export APREFIX_ENS=enkfgdas.t18z.
+ JGDAS_ATMOS_CHGRES_FORENKF[17]APREFIX_ENS=enkfgdas.t18z.
+ JGDAS_ATMOS_CHGRES_FORENKF[19]RUN=gdas
+ JGDAS_ATMOS_CHGRES_FORENKF[19]YMD=20241124
+ JGDAS_ATMOS_CHGRES_FORENKF[19]HH=18
+ JGDAS_ATMOS_CHGRES_FORENKF[19]declare_from_tmpl -rx COMIN_ATMOS_HISTORY:COM_ATMOS_HISTORY_TMPL COMOUT_ATMOS_HISTORY:COM_ATMOS_HISTORY_TMPL
+ bash_utils.sh[39][[ NO == \N\O ]]
+ bash_utils.sh[39]set +x
declare_from_tmpl :: COMIN_ATMOS_HISTORY=/lfs/h2/emc/ptmp/emc.global/RETRO_GFSv17/comroot/retrotestgfs10/gdas.20241124/18//model/atmos/history
declare_from_tmpl :: COMOUT_ATMOS_HISTORY=/lfs/h2/emc/ptmp/emc.global/RETRO_GFSv17/comroot/retrotestgfs10/gdas.20241124/18//model/atmos/history
+ JGDAS_ATMOS_CHGRES_FORENKF[23]MEMDIR=mem001
+ JGDAS_ATMOS_CHGRES_FORENKF[23]YMD=20241124
+ JGDAS_ATMOS_CHGRES_FORENKF[23]HH=18
+ JGDAS_ATMOS_CHGRES_FORENKF[23]declare_from_tmpl -rx COMIN_ATMOS_HISTORY_MEM:COM_ATMOS_HISTORY_TMPL
+ bash_utils.sh[39][[ NO == \N\O ]]
+ bash_utils.sh[39]set +x
declare_from_tmpl :: COMIN_ATMOS_HISTORY_MEM=/lfs/h2/emc/ptmp/emc.global/RETRO_GFSv17/comroot/retrotestgfs10/enkfgdas.20241124/18/mem001/model/atmos/history
+ JGDAS_ATMOS_CHGRES_FORENKF[28]/lfs/h2/emc/global/noscrub/emc.global/RETRO_GFSv17/git/global-workflow/develop_20250602/scripts/exgdas_atmos_chgres_forenkf.sh
+ bash[8]'[' -z '' ']'
+ bash[9]case "$-" in
+ bash[12]__lmod_vx=x
+ bash[16]'[' -n x ']'
+ bash[16]set +x
Shell debugging temporarily silenced: export LMOD_SH_DBG_ON=1 for this output (/usr/share/lmod/lmod/init/bash)
Shell debugging restarted
+ bash[169]unset __lmod_vx
++ exgdas_atmos_chgres_forenkf.sh[21]pwd
+ exgdas_atmos_chgres_forenkf.sh[21]pwd=/lfs/h2/emc/stmp/emc.global/RUNDIRS/retrotestgfs10/enkfgdas.2024112418/echgres.1476071
+ exgdas_atmos_chgres_forenkf.sh[24]CDATE=2024112418
+ exgdas_atmos_chgres_forenkf.sh[25]GDUMP=gdas
++ exgdas_atmos_chgres_forenkf.sh[28]/apps/ops/prod/nco/core/prod_util.v2.0.9/exec/ndate -6 2024112418
+ exgdas_atmos_chgres_forenkf.sh[28]GDATE=2024112412
++ exgdas_atmos_chgres_forenkf.sh[29]/apps/ops/prod/nco/core/prod_util.v2.0.9/exec/ndate -3 2024112418
+ exgdas_atmos_chgres_forenkf.sh[29]BDATE=2024112415
++ exgdas_atmos_chgres_forenkf.sh[30]echo 2024112418
++ exgdas_atmos_chgres_forenkf.sh[30]cut -c1-8
+ exgdas_atmos_chgres_forenkf.sh[30]PDY=20241124
++ exgdas_atmos_chgres_forenkf.sh[31]echo 2024112418
++ exgdas_atmos_chgres_forenkf.sh[31]cut -c9-10
+ exgdas_atmos_chgres_forenkf.sh[31]cyc=18
++ exgdas_atmos_chgres_forenkf.sh[32]echo 2024112415
++ exgdas_atmos_chgres_forenkf.sh[32]cut -c1-8
+ exgdas_atmos_chgres_forenkf.sh[32]bPDY=20241124
++ exgdas_atmos_chgres_forenkf.sh[33]cut -c9-10
++ exgdas_atmos_chgres_forenkf.sh[33]echo 2024112415
+ exgdas_atmos_chgres_forenkf.sh[33]bcyc=15
+ exgdas_atmos_chgres_forenkf.sh[36]export 'CHGRP_CMD=chgrp rstprod'
+ exgdas_atmos_chgres_forenkf.sh[36]CHGRP_CMD='chgrp rstprod'
+ exgdas_atmos_chgres_forenkf.sh[37]export NCLEN=/lfs/h2/emc/global/noscrub/emc.global/RETRO_GFSv17/git/global-workflow/develop_20250602/ush/getncdimlen
+ exgdas_atmos_chgres_forenkf.sh[37]NCLEN=/lfs/h2/emc/global/noscrub/emc.global/RETRO_GFSv17/git/global-workflow/develop_20250602/ush/getncdimlen
+ exgdas_atmos_chgres_forenkf.sh[40]DOIAU=YES
+ exgdas_atmos_chgres_forenkf.sh[41]export IAUFHRS=3,6,9
+ exgdas_atmos_chgres_forenkf.sh[41]IAUFHRS=3,6,9
+ exgdas_atmos_chgres_forenkf.sh[44]export APRUN_CHGRES=
+ exgdas_atmos_chgres_forenkf.sh[44]APRUN_CHGRES=
+ exgdas_atmos_chgres_forenkf.sh[45]export CHGRESNCEXEC=/lfs/h2/emc/global/noscrub/emc.global/RETRO_GFSv17/git/global-workflow/develop_20250602/exec/enkf_chgres_recenter_nc.x
+ exgdas_atmos_chgres_forenkf.sh[45]CHGRESNCEXEC=/lfs/h2/emc/global/noscrub/emc.global/RETRO_GFSv17/git/global-workflow/develop_20250602/exec/enkf_chgres_recenter_nc.x
+ exgdas_atmos_chgres_forenkf.sh[46]export NTHREADS_CHGRES=14
+ exgdas_atmos_chgres_forenkf.sh[46]NTHREADS_CHGRES=14
+ exgdas_atmos_chgres_forenkf.sh[47]APRUNCFP='mpiexec -l -np $ncmd --cpu-bind verbose,core cfp'
+ exgdas_atmos_chgres_forenkf.sh[50]RUN=enkfgdas
+ exgdas_atmos_chgres_forenkf.sh[51]SENDECF=NO
+ exgdas_atmos_chgres_forenkf.sh[52]SENDDBN=NO
+ exgdas_atmos_chgres_forenkf.sh[55]SIGLEVEL=/lfs/h2/emc/global/noscrub/emc.global/RETRO_GFSv17/git/global-workflow/develop_20250602/fix/am/global_hyblev.l128.txt
+ exgdas_atmos_chgres_forenkf.sh[58]APREFIX=gdas.t18z.
+ exgdas_atmos_chgres_forenkf.sh[59]APREFIX_ENS=enkfgdas.t18z.
+ exgdas_atmos_chgres_forenkf.sh[61]ATMF03=/lfs/h2/emc/ptmp/emc.global/RETRO_GFSv17/comroot/retrotestgfs10/gdas.20241124/18//model/atmos/history/gdas.t18z.atmf003.nc
+ exgdas_atmos_chgres_forenkf.sh[62]ATMF04=/lfs/h2/emc/ptmp/emc.global/RETRO_GFSv17/comroot/retrotestgfs10/gdas.20241124/18//model/atmos/history/gdas.t18z.atmf004.nc
+ exgdas_atmos_chgres_forenkf.sh[63]ATMF05=/lfs/h2/emc/ptmp/emc.global/RETRO_GFSv17/comroot/retrotestgfs10/gdas.20241124/18//model/atmos/history/gdas.t18z.atmf005.nc
+ exgdas_atmos_chgres_forenkf.sh[64]ATMF06=/lfs/h2/emc/ptmp/emc.global/RETRO_GFSv17/comroot/retrotestgfs10/gdas.20241124/18//model/atmos/history/gdas.t18z.atmf006.nc
+ exgdas_atmos_chgres_forenkf.sh[65]ATMF07=/lfs/h2/emc/ptmp/emc.global/RETRO_GFSv17/comroot/retrotestgfs10/gdas.20241124/18//model/atmos/history/gdas.t18z.atmf007.nc
+ exgdas_atmos_chgres_forenkf.sh[66]ATMF08=/lfs/h2/emc/ptmp/emc.global/RETRO_GFSv17/comroot/retrotestgfs10/gdas.20241124/18//model/atmos/history/gdas.t18z.atmf008.nc
+ exgdas_atmos_chgres_forenkf.sh[67]ATMF09=/lfs/h2/emc/ptmp/emc.global/RETRO_GFSv17/comroot/retrotestgfs10/gdas.20241124/18//model/atmos/history/gdas.t18z.atmf009.nc
+ exgdas_atmos_chgres_forenkf.sh[69]ATMF03ENS=/lfs/h2/emc/ptmp/emc.global/RETRO_GFSv17/comroot/retrotestgfs10/gdas.20241124/18//model/atmos/history/gdas.t18z.atmf003.ensres.nc
+ exgdas_atmos_chgres_forenkf.sh[70]ATMF04ENS=/lfs/h2/emc/ptmp/emc.global/RETRO_GFSv17/comroot/retrotestgfs10/gdas.20241124/18//model/atmos/history/gdas.t18z.atmf004.ensres.nc
+ exgdas_atmos_chgres_forenkf.sh[71]ATMF05ENS=/lfs/h2/emc/ptmp/emc.global/RETRO_GFSv17/comroot/retrotestgfs10/gdas.20241124/18//model/atmos/history/gdas.t18z.atmf005.ensres.nc
+ exgdas_atmos_chgres_forenkf.sh[72]ATMF06ENS=/lfs/h2/emc/ptmp/emc.global/RETRO_GFSv17/comroot/retrotestgfs10/gdas.20241124/18//model/atmos/history/gdas.t18z.atmf006.ensres.nc
+ exgdas_atmos_chgres_forenkf.sh[73]ATMF07ENS=/lfs/h2/emc/ptmp/emc.global/RETRO_GFSv17/comroot/retrotestgfs10/gdas.20241124/18//model/atmos/history/gdas.t18z.atmf007.ensres.nc
+ exgdas_atmos_chgres_forenkf.sh[74]ATMF08ENS=/lfs/h2/emc/ptmp/emc.global/RETRO_GFSv17/comroot/retrotestgfs10/gdas.20241124/18//model/atmos/history/gdas.t18z.atmf008.ensres.nc
+ exgdas_atmos_chgres_forenkf.sh[75]ATMF09ENS=/lfs/h2/emc/ptmp/emc.global/RETRO_GFSv17/comroot/retrotestgfs10/gdas.20241124/18//model/atmos/history/gdas.t18z.atmf009.ensres.nc
+ exgdas_atmos_chgres_forenkf.sh[76]ATMFCST_ENSRES=/lfs/h2/emc/ptmp/emc.global/RETRO_GFSv17/comroot/retrotestgfs10/enkfgdas.20241124/18/mem001/model/atmos/history/enkfgdas.t18z.atmf006.nc
+ exgdas_atmos_chgres_forenkf.sh[79]DOHYBVAR=YES
+ exgdas_atmos_chgres_forenkf.sh[80]lrun_subdirs=.true.
+ exgdas_atmos_chgres_forenkf.sh[81]USE_CFP=YES
+ exgdas_atmos_chgres_forenkf.sh[82]CFP_MP=NO
+ exgdas_atmos_chgres_forenkf.sh[83]nm=
+ exgdas_atmos_chgres_forenkf.sh[84]'[' NO = YES ']'
+ exgdas_atmos_chgres_forenkf.sh[87]'[' YES = YES ']'
+ exgdas_atmos_chgres_forenkf.sh[88]l_hyb_ens=.true.
+ exgdas_atmos_chgres_forenkf.sh[89]export l4densvar=.true.
+ exgdas_atmos_chgres_forenkf.sh[89]l4densvar=.true.
+ exgdas_atmos_chgres_forenkf.sh[90]export lwrite4danl=.true.
+ exgdas_atmos_chgres_forenkf.sh[90]lwrite4danl=.true.
++ exgdas_atmos_chgres_forenkf.sh[100]/lfs/h2/emc/global/noscrub/emc.global/RETRO_GFSv17/git/global-workflow/develop_20250602/ush/getncdimlen /lfs/h2/emc/ptmp/emc.global/RETRO_GFSv17/comroot/retrotestgfs10/enkfgdas.20241124/18/mem001/model/atmos/history/enkfgdas.t18z.atmf006.nc grid_xt
+ exgdas_atmos_chgres_forenkf.sh[100]LONB_ENKF=1536
++ exgdas_atmos_chgres_forenkf.sh[101]/lfs/h2/emc/global/noscrub/emc.global/RETRO_GFSv17/git/global-workflow/develop_20250602/ush/getncdimlen /lfs/h2/emc/ptmp/emc.global/RETRO_GFSv17/comroot/retrotestgfs10/enkfgdas.20241124/18/mem001/model/atmos/history/enkfgdas.t18z.atmf006.nc grid_yt
+ exgdas_atmos_chgres_forenkf.sh[101]LATB_ENKF=768
++ exgdas_atmos_chgres_forenkf.sh[102]/lfs/h2/emc/global/noscrub/emc.global/RETRO_GFSv17/git/global-workflow/develop_20250602/ush/getncdimlen /lfs/h2/emc/ptmp/emc.global/RETRO_GFSv17/comroot/retrotestgfs10/enkfgdas.20241124/18/mem001/model/atmos/history/enkfgdas.t18z.atmf006.nc pfull
+ exgdas_atmos_chgres_forenkf.sh[102]LEVS_ENKF=127
+ exgdas_atmos_chgres_forenkf.sh[106]'[' YES == YES ']'
+ exgdas_atmos_chgres_forenkf.sh[107]/bin/ln -sf /lfs/h2/emc/ptmp/emc.global/RETRO_GFSv17/comroot/retrotestgfs10/gdas.20241124/18//model/atmos/history/gdas.t18z.atmf006.nc fcst.06
+ exgdas_atmos_chgres_forenkf.sh[108]/bin/ln -sf /lfs/h2/emc/ptmp/emc.global/RETRO_GFSv17/comroot/retrotestgfs10/gdas.20241124/18//model/atmos/history/gdas.t18z.atmf006.ensres.nc fcst.ensres.06
+ exgdas_atmos_chgres_forenkf.sh[109]/bin/ln -sf /lfs/h2/emc/ptmp/emc.global/RETRO_GFSv17/comroot/retrotestgfs10/enkfgdas.20241124/18/mem001/model/atmos/history/enkfgdas.t18z.atmf006.nc atmens_fcst
+ exgdas_atmos_chgres_forenkf.sh[110]'[' YES = YES -a .true. = .true. -a .true. = .true. ']'
+ exgdas_atmos_chgres_forenkf.sh[111]/bin/ln -sf /lfs/h2/emc/ptmp/emc.global/RETRO_GFSv17/comroot/retrotestgfs10/gdas.20241124/18//model/atmos/history/gdas.t18z.atmf003.nc fcst.03
+ exgdas_atmos_chgres_forenkf.sh[112]/bin/ln -sf /lfs/h2/emc/ptmp/emc.global/RETRO_GFSv17/comroot/retrotestgfs10/gdas.20241124/18//model/atmos/history/gdas.t18z.atmf003.ensres.nc fcst.ensres.03
+ exgdas_atmos_chgres_forenkf.sh[113]/bin/ln -sf /lfs/h2/emc/ptmp/emc.global/RETRO_GFSv17/comroot/retrotestgfs10/gdas.20241124/18//model/atmos/history/gdas.t18z.atmf004.nc fcst.04
+ exgdas_atmos_chgres_forenkf.sh[114]/bin/ln -sf /lfs/h2/emc/ptmp/emc.global/RETRO_GFSv17/comroot/retrotestgfs10/gdas.20241124/18//model/atmos/history/gdas.t18z.atmf004.ensres.nc fcst.ensres.04
+ exgdas_atmos_chgres_forenkf.sh[115]/bin/ln -sf /lfs/h2/emc/ptmp/emc.global/RETRO_GFSv17/comroot/retrotestgfs10/gdas.20241124/18//model/atmos/history/gdas.t18z.atmf005.nc fcst.05
+ exgdas_atmos_chgres_forenkf.sh[116]/bin/ln -sf /lfs/h2/emc/ptmp/emc.global/RETRO_GFSv17/comroot/retrotestgfs10/gdas.20241124/18//model/atmos/history/gdas.t18z.atmf005.ensres.nc fcst.ensres.05
+ exgdas_atmos_chgres_forenkf.sh[117]/bin/ln -sf /lfs/h2/emc/ptmp/emc.global/RETRO_GFSv17/comroot/retrotestgfs10/gdas.20241124/18//model/atmos/history/gdas.t18z.atmf007.nc fcst.07
+ exgdas_atmos_chgres_forenkf.sh[118]/bin/ln -sf /lfs/h2/emc/ptmp/emc.global/RETRO_GFSv17/comroot/retrotestgfs10/gdas.20241124/18//model/atmos/history/gdas.t18z.atmf007.ensres.nc fcst.ensres.07
+ exgdas_atmos_chgres_forenkf.sh[119]/bin/ln -sf /lfs/h2/emc/ptmp/emc.global/RETRO_GFSv17/comroot/retrotestgfs10/gdas.20241124/18//model/atmos/history/gdas.t18z.atmf008.nc fcst.08
+ exgdas_atmos_chgres_forenkf.sh[120]/bin/ln -sf /lfs/h2/emc/ptmp/emc.global/RETRO_GFSv17/comroot/retrotestgfs10/gdas.20241124/18//model/atmos/history/gdas.t18z.atmf008.ensres.nc fcst.ensres.08
+ exgdas_atmos_chgres_forenkf.sh[121]/bin/ln -sf /lfs/h2/emc/ptmp/emc.global/RETRO_GFSv17/comroot/retrotestgfs10/gdas.20241124/18//model/atmos/history/gdas.t18z.atmf009.nc fcst.09
+ exgdas_atmos_chgres_forenkf.sh[122]/bin/ln -sf /lfs/h2/emc/ptmp/emc.global/RETRO_GFSv17/comroot/retrotestgfs10/gdas.20241124/18//model/atmos/history/gdas.t18z.atmf009.ensres.nc fcst.ensres.09
+ exgdas_atmos_chgres_forenkf.sh[124]export OMP_NUM_THREADS=14
+ exgdas_atmos_chgres_forenkf.sh[124]OMP_NUM_THREADS=14
+ exgdas_atmos_chgres_forenkf.sh[125]SIGLEVEL=/lfs/h2/emc/global/noscrub/emc.global/RETRO_GFSv17/git/global-workflow/develop_20250602/fix/am/global_hyblev.l128.txt
+ exgdas_atmos_chgres_forenkf.sh[127][[ YES == \Y\E\S ]]
+ exgdas_atmos_chgres_forenkf.sh[128]rm -f /lfs/h2/emc/stmp/emc.global/RUNDIRS/retrotestgfs10/enkfgdas.2024112418/echgres.1476071/mp_chgres.sh
++ exgdas_atmos_chgres_forenkf.sh[131]echo 3,6,9
++ exgdas_atmos_chgres_forenkf.sh[131]sed 's/,/ /g'
+ exgdas_atmos_chgres_forenkf.sh[131]nfhrs='3 6 9'
+ exgdas_atmos_chgres_forenkf.sh[132]for FHR in $nfhrs
+ exgdas_atmos_chgres_forenkf.sh[133]echo 'Regridding deterministic forecast for forecast hour 3'
Regridding deterministic forecast for forecast hour 3
+ exgdas_atmos_chgres_forenkf.sh[134]rm -f chgres_nc_gauss03.nml
+ exgdas_atmos_chgres_forenkf.sh[135]cat
+ exgdas_atmos_chgres_forenkf.sh[145][[ YES == \Y\E\S ]]
+ exgdas_atmos_chgres_forenkf.sh[146]tee -a /lfs/h2/emc/stmp/emc.global/RUNDIRS/retrotestgfs10/enkfgdas.2024112418/echgres.1476071/mp_chgres.sh
+ exgdas_atmos_chgres_forenkf.sh[146]echo '  /lfs/h2/emc/global/noscrub/emc.global/RETRO_GFSv17/git/global-workflow/develop_20250602/exec/enkf_chgres_recenter_nc.x chgres_nc_gauss03.nml'
  /lfs/h2/emc/global/noscrub/emc.global/RETRO_GFSv17/git/global-workflow/develop_20250602/exec/enkf_chgres_recenter_nc.x chgres_nc_gauss03.nml
+ exgdas_atmos_chgres_forenkf.sh[147][[ NO = \Y\E\S ]]
+ exgdas_atmos_chgres_forenkf.sh[132]for FHR in $nfhrs
+ exgdas_atmos_chgres_forenkf.sh[133]echo 'Regridding deterministic forecast for forecast hour 6'
Regridding deterministic forecast for forecast hour 6
+ exgdas_atmos_chgres_forenkf.sh[134]rm -f chgres_nc_gauss06.nml
+ exgdas_atmos_chgres_forenkf.sh[135]cat
+ exgdas_atmos_chgres_forenkf.sh[145][[ YES == \Y\E\S ]]
+ exgdas_atmos_chgres_forenkf.sh[146]echo '  /lfs/h2/emc/global/noscrub/emc.global/RETRO_GFSv17/git/global-workflow/develop_20250602/exec/enkf_chgres_recenter_nc.x chgres_nc_gauss06.nml'
+ exgdas_atmos_chgres_forenkf.sh[146]tee -a /lfs/h2/emc/stmp/emc.global/RUNDIRS/retrotestgfs10/enkfgdas.2024112418/echgres.1476071/mp_chgres.sh
  /lfs/h2/emc/global/noscrub/emc.global/RETRO_GFSv17/git/global-workflow/develop_20250602/exec/enkf_chgres_recenter_nc.x chgres_nc_gauss06.nml
+ exgdas_atmos_chgres_forenkf.sh[147][[ NO = \Y\E\S ]]
+ exgdas_atmos_chgres_forenkf.sh[132]for FHR in $nfhrs
+ exgdas_atmos_chgres_forenkf.sh[133]echo 'Regridding deterministic forecast for forecast hour 9'
Regridding deterministic forecast for forecast hour 9
+ exgdas_atmos_chgres_forenkf.sh[134]rm -f chgres_nc_gauss09.nml
+ exgdas_atmos_chgres_forenkf.sh[135]cat
+ exgdas_atmos_chgres_forenkf.sh[145][[ YES == \Y\E\S ]]
+ exgdas_atmos_chgres_forenkf.sh[146]echo '  /lfs/h2/emc/global/noscrub/emc.global/RETRO_GFSv17/git/global-workflow/develop_20250602/exec/enkf_chgres_recenter_nc.x chgres_nc_gauss09.nml'
+ exgdas_atmos_chgres_forenkf.sh[146]tee -a /lfs/h2/emc/stmp/emc.global/RUNDIRS/retrotestgfs10/enkfgdas.2024112418/echgres.1476071/mp_chgres.sh
  /lfs/h2/emc/global/noscrub/emc.global/RETRO_GFSv17/git/global-workflow/develop_20250602/exec/enkf_chgres_recenter_nc.x chgres_nc_gauss09.nml
+ exgdas_atmos_chgres_forenkf.sh[147][[ NO = \Y\E\S ]]
+ exgdas_atmos_chgres_forenkf.sh[163][[ YES == \Y\E\S ]]
+ exgdas_atmos_chgres_forenkf.sh[164]chmod 755 /lfs/h2/emc/stmp/emc.global/RUNDIRS/retrotestgfs10/enkfgdas.2024112418/echgres.1476071/mp_chgres.sh
++ exgdas_atmos_chgres_forenkf.sh[165]wc -l
+ exgdas_atmos_chgres_forenkf.sh[165]ncmd=3
+ exgdas_atmos_chgres_forenkf.sh[166][[ 3 -gt 0 ]]
+ exgdas_atmos_chgres_forenkf.sh[167]ncmd_max=3
++ exgdas_atmos_chgres_forenkf.sh[168]eval echo 'mpiexec -l -np $ncmd --cpu-bind verbose,core cfp'
+++ exgdas_atmos_chgres_forenkf.sh[168]echo mpiexec -l -np 3 --cpu-bind verbose,core cfp
+ exgdas_atmos_chgres_forenkf.sh[168]APRUNCFP_CHGRES='mpiexec -l -np 3 --cpu-bind verbose,core cfp'
+ exgdas_atmos_chgres_forenkf.sh[170]export pgm=/lfs/h2/emc/global/noscrub/emc.global/RETRO_GFSv17/git/global-workflow/develop_20250602/exec/enkf_chgres_recenter_nc.x
+ exgdas_atmos_chgres_forenkf.sh[170]pgm=/lfs/h2/emc/global/noscrub/emc.global/RETRO_GFSv17/git/global-workflow/develop_20250602/exec/enkf_chgres_recenter_nc.x
+ exgdas_atmos_chgres_forenkf.sh[171]source prep_step
++ prep_step[3]'[' -n /lfs/h2/emc/global/noscrub/emc.global/RETRO_GFSv17/git/global-workflow/develop_20250602/exec/enkf_chgres_recenter_nc.x ']'
++ prep_step[3]'[' -n OUTPUT.1476627 ']'
++ prep_step[4]echo /lfs/h2/emc/global/noscrub/emc.global/RETRO_GFSv17/git/global-workflow/develop_20250602/exec/enkf_chgres_recenter_nc.x
++ prep_step[7]'[' -f errfile ']'
++ prep_step[11]export FORT01=0
++ prep_step[11]FORT01=0
+++ prep_step[12]grep '^FORT[0-9]\{1,\}='
+++ prep_step[12]env
+++ prep_step[12]awk -F= '{print $1}'
++ prep_step[12]unset FORT01
+ exgdas_atmos_chgres_forenkf.sh[173]mpiexec -l -np 3 --cpu-bind verbose,core cfp /lfs/h2/emc/stmp/emc.global/RUNDIRS/retrotestgfs10/enkfgdas.2024112418/echgres.1476071/mp_chgres.sh
nid003773.dogwood.wcoss2.ncep.noaa.gov 2: cpubind:core nid003773 pid 1837171 rank 2 0: mask 0x100000000000000000000000000000001
nid001641.dogwood.wcoss2.ncep.noaa.gov 1: cpubind:core nid001641 pid 3073784 rank 1 0: mask 0x100000000000000000000000000000001
nid001162.dogwood.wcoss2.ncep.noaa.gov 0: cpubind:core nid001162 pid 1478894 rank 0 0: mask 0x100000000000000000000000000000001
nid001162.dogwood.wcoss2.ncep.noaa.gov 0: + Unknown[0]rm -rf .o
nid003773.dogwood.wcoss2.ncep.noaa.gov 2: + Unknown[0]rm -rf .o
nid001641.dogwood.wcoss2.ncep.noaa.gov 1: + Unknown[0]rm -rf .o
nid003773.dogwood.wcoss2.ncep.noaa.gov 2: + Unknown[0]/lfs/h2/emc/global/noscrub/emc.global/RETRO_GFSv17/git/global-workflow/develop_20250602/exec/enkf_chgres_recenter_nc.x chgres_nc_gauss09.nml
nid001641.dogwood.wcoss2.ncep.noaa.gov 1: + Unknown[0]/lfs/h2/emc/global/noscrub/emc.global/RETRO_GFSv17/git/global-workflow/develop_20250602/exec/enkf_chgres_recenter_nc.x chgres_nc_gauss06.nml
nid001162.dogwood.wcoss2.ncep.noaa.gov 0: + Unknown[0]/lfs/h2/emc/global/noscrub/emc.global/RETRO_GFSv17/git/global-workflow/develop_20250602/exec/enkf_chgres_recenter_nc.x chgres_nc_gauss03.nml
nid003773.dogwood.wcoss2.ncep.noaa.gov 2: 

* . * . * . * . * . * . * . * . * . * . * . * . * . * . * . * . * . * . * . * . 
nid003773.dogwood.wcoss2.ncep.noaa.gov 2:      PROGRAM ENKF_CHGRES_RECENTER_NCIO HAS BEGUN. COMPILED 2019270.88     ORG: NP20
     STARTING DATE-TIME  JUN 16,2025  20:11:24.240  167  MON   2460843


 STARTING PROGRAM
 
 OPEN SETUP NAMELIST chgres_nc_gauss09.nml
nid003773.dogwood.wcoss2.ncep.noaa.gov 2:  READ SETUP NAMELIST.
nid001641.dogwood.wcoss2.ncep.noaa.gov 1: 

* . * . * . * . * . * . * . * . * . * . * . * . * . * . * . * . * . * . * . * . 
nid001641.dogwood.wcoss2.ncep.noaa.gov 1:      PROGRAM ENKF_CHGRES_RECENTER_NCIO HAS BEGUN. COMPILED 2019270.88     ORG: NP20
     STARTING DATE-TIME  JUN 16,2025  20:11:24.247  167  MON   2460843


 STARTING PROGRAM
 
 OPEN SETUP NAMELIST chgres_nc_gauss06.nml
nid001641.dogwood.wcoss2.ncep.noaa.gov 1:  READ SETUP NAMELIST.
nid001641.dogwood.wcoss2.ncep.noaa.gov 1:  
 OPEN INPUT FILE: fcst.06
nid001162.dogwood.wcoss2.ncep.noaa.gov 0: 

* . * . * . * . * . * . * . * . * . * . * . * . * . * . * . * . * . * . * . * . 
nid001162.dogwood.wcoss2.ncep.noaa.gov 0:      PROGRAM ENKF_CHGRES_RECENTER_NCIO HAS BEGUN. COMPILED 2019270.88     ORG: NP20
     STARTING DATE-TIME  JUN 16,2025  20:11:24.256  167  MON   2460843


nid001162.dogwood.wcoss2.ncep.noaa.gov 0:  STARTING PROGRAM
 
 OPEN SETUP NAMELIST chgres_nc_gauss03.nml
nid001162.dogwood.wcoss2.ncep.noaa.gov 0:  READ SETUP NAMELIST.
nid001162.dogwood.wcoss2.ncep.noaa.gov 0:  
 OPEN INPUT FILE: fcst.03
nid003773.dogwood.wcoss2.ncep.noaa.gov 2:  
 OPEN INPUT FILE: fcst.09
nid001162.dogwood.wcoss2.ncep.noaa.gov 0:  GET INPUT FILE HEADER
nid001162.dogwood.wcoss2.ncep.noaa.gov 0:  DIMENSIONS OF DATA ARE:         4608        2304         127
 DATE OF DATA IS:                2024          11          24          18
           0           0
 VCOORD OF INPUT DATA            1  0.0000000E+00   1.000000    
 VCOORD OF INPUT DATA            2  0.0000000E+00  0.9975282    
 VCOORD OF INPUT DATA            3  0.0000000E+00  0.9949077    
 VCOORD OF INPUT DATA            4  2.8999999E-02  0.9921299    
 VCOORD OF INPUT DATA            5  0.2320000      0.9891851    
 VCOORD OF INPUT DATA            6  0.8100000      0.9860625    
 VCOORD OF INPUT DATA            7   1.994000      0.9827508    
 VCOORD OF INPUT DATA            8   4.190000      0.9792364    
 VCOORD OF INPUT DATA            9   8.287000      0.9755009    
 VCOORD OF INPUT DATA           10   15.30200      0.9715240    
 VCOORD OF INPUT DATA           11   26.27400      0.9672851    
 VCOORD OF INPUT DATA           12   42.27400      0.9627630    
 VCOORD OF INPUT DATA           13   64.39200      0.9579360    
 VCOORD OF INPUT DATA           14   93.74000      0.9527821    
 VCOORD OF INPUT DATA           15   131.4470      0.9472789    
 VCOORD OF INPUT DATA           16   178.6510      0.9414037    
 VCOORD OF INPUT DATA           17   236.5020      0.9351338    
 VCOORD OF INPUT DATA           18   306.1490      0.9284464    
 VCOORD OF INPUT DATA           19   388.7340      0.9213187    
 VCOORD OF INPUT DATA           20   485.3920      0.9137284    
 VCOORD OF INPUT DATA           21   597.2350      0.9056532    
 VCOORD OF INPUT DATA           22   725.3480      0.8970718    
 VCOORD OF INPUT DATA           23   870.7780      0.8879632    
 VCOORD OF INPUT DATA           24   1034.524      0.8783077    
 VCOORD OF INPUT DATA           25   1217.528      0.8680866    
 VCOORD OF INPUT DATA           26   1420.661      0.8572826    
 VCOORD OF INPUT DATA           27   1644.712      0.8458801    
 VCOORD OF INPUT DATA           28   1890.375      0.8338652    
 VCOORD OF INPUT DATA           29   2158.238      0.8212263    
 nid001162.dogwood.wcoss2.ncep.noaa.gov 0: VCOORD OF INPUT DATA           30   2448.768      0.8079541    
 VCOORD OF INPUT DATA           31   2762.297      0.7940422    
 VCOORD OF INPUT DATA           32   3099.010      0.7794867    
 VCOORD OF INPUT DATA           33   3458.933      0.7642871    
 VCOORD OF INPUT DATA           34   3841.918      0.7484465    
 VCOORD OF INPUT DATA           35   4247.633      0.7319713    
 VCOORD OF INPUT DATA           36   4675.554      0.7148720    
 VCOORD OF INPUT DATA           37   5124.949      0.6971631    
 VCOORD OF INPUT DATA           38   5594.876      0.6788633    
 VCOORD OF INPUT DATA           39   6084.176      0.6599957    
 VCOORD OF INPUT DATA           40   6591.468      0.6405875    
 VCOORD OF INPUT DATA           41   7115.147      0.6206707    
 VCOORD OF INPUT DATA           42   7653.387      0.6002815    
 VCOORD OF INPUT DATA           43   8204.142      0.5794605    
 VCOORD OF INPUT DATA           44   8765.155      0.5582525    
 VCOORD OF INPUT DATA           45   9333.967      0.5367062    
 VCOORD OF INPUT DATA           46   9907.927      0.5148743    
 VCOORD OF INPUT DATA           47   10484.21      0.4928130    
 VCOORD OF INPUT DATA           48   11059.83      0.4705813    
 VCOORD OF INPUT DATA           49   11631.66      0.4482413    
 VCOORD OF INPUT DATA           50   12196.47      0.4258572    
 VCOORD OF INPUT DATA           51   12750.92      0.4034951    
 VCOORD OF INPUT DATA           52   13291.63      0.3812224    
 VCOORD OF INPUT DATA           53   13815.15      0.3591072    
 VCOORD OF INPUT DATA           54   14318.04      0.3372180    
 VCOORD OF INPUT DATA           55   14796.87      0.3156229    
 VCOORD OF INPUT DATA           56   15248.25      0.2943890    
 VCOORD OF INPUT DATA           57   15668.86      0.2735822    
 VCOORD OF INPUT DATA           58   16055.49      0.2532663    
 VCOORD OF INPUT DATA           59   16405.02      0.2335031    
 VCOORD OF INPUT DATA           60   16714.50      0.2143511    
 VCOORD OF INPUT DATA           6nid001162.dogwood.wcoss2.ncep.noaa.gov 0: 1   16981.14      0.1958660    
 VCOORD OF INPUT DATA           62   17202.30      0.1780999    
 VCOORD OF INPUT DATA           63   17375.56      0.1611008    
 VCOORD OF INPUT DATA           64   17498.70      0.1449129    
 VCOORD OF INPUT DATA           65   17569.70      0.1295762    
 VCOORD OF INPUT DATA           66   17586.77      0.1151262    
 VCOORD OF INPUT DATA           67   17548.35      0.1015940    
 VCOORD OF INPUT DATA           68   17453.08      8.9006290E-02
 VCOORD OF INPUT DATA           69   17299.85      7.7385478E-02
 VCOORD OF INPUT DATA           70   17088.32      6.6743717E-02
 VCOORD OF INPUT DATA           71   16820.94      5.7063580E-02
 VCOORD OF INPUT DATA           72   16501.02      4.8316609E-02
 VCOORD OF INPUT DATA           73   16132.09      4.0470559E-02
 VCOORD OF INPUT DATA           74   15717.86      3.3489540E-02
 VCOORD OF INPUT DATA           75   15262.20      2.7334280E-02
 VCOORD OF INPUT DATA           76   14769.15      2.1962389E-02
 VCOORD OF INPUT DATA           77   14242.89      1.7328570E-02
 VCOORD OF INPUT DATA           78   13687.73      1.3384920E-02
 VCOORD OF INPUT DATA           79   13108.09      1.0081200E-02
 VCOORD OF INPUT DATA           80   12508.52      7.3650400E-03
 VCOORD OF INPUT DATA           81   11893.64      5.1822802E-03
 VCOORD OF INPUT DATA           82   11268.16      3.4771301E-03
 VCOORD OF INPUT DATA           83   10636.85      2.1924800E-03
 VCOORD OF INPUT DATA           84   10004.55      1.2700900E-03
 VCOORD OF INPUT DATA           85   9376.141      6.5077998E-04
 VCOORD OF INPUT DATA           86   8756.529      2.7469001E-04
 VCOORD OF INPUT DATA           87   8150.661      8.1409999E-05
 VCOORD OF INPUT DATA           88   7563.494      1.0180000E-05
 VCOORD OF INPUT DATA           89   7000.000      0.0000000E+00
 VCOORD OF INPUT DATA           90   6463.864      0.0000000E+00
 VCOORD OF INPUT DATA           91   5953.848      0.0000000E+00
 VCOORD OF INPUT DATA           92   5468.017      0.0000000E+00
nid001162.dogwood.wcoss2.ncep.noaa.gov 0:  VCOORD OF INPUT DATA           93   5004.995      0.0000000E+00
 VCOORD OF INPUT DATA           94   4563.881      0.0000000E+00
 VCOORD OF INPUT DATA           95   4144.164      0.0000000E+00
 VCOORD OF INPUT DATA           96   3745.646      0.0000000E+00
 VCOORD OF INPUT DATA           97   3368.363      0.0000000E+00
 VCOORD OF INPUT DATA           98   3012.510      0.0000000E+00
 VCOORD OF INPUT DATA           99   2678.372      0.0000000E+00
 VCOORD OF INPUT DATA          100   2366.252      0.0000000E+00
 VCOORD OF INPUT DATA          101   2076.415      0.0000000E+00
 VCOORD OF INPUT DATA          102   1809.028      0.0000000E+00
 VCOORD OF INPUT DATA          103   1564.119      0.0000000E+00
 VCOORD OF INPUT DATA          104   1341.538      0.0000000E+00
 VCOORD OF INPUT DATA          105   1140.931      0.0000000E+00
 VCOORD OF INPUT DATA          106   961.7340      0.0000000E+00
 VCOORD OF INPUT DATA          107   803.1640      0.0000000E+00
 VCOORD OF INPUT DATA          108   664.2360      0.0000000E+00
 VCOORD OF INPUT DATA          109   543.7820      0.0000000E+00
 VCOORD OF INPUT DATA          110   440.4810      0.0000000E+00
 VCOORD OF INPUT DATA          111   352.8940      0.0000000E+00
 VCOORD OF INPUT DATA          112   279.5060      0.0000000E+00
 VCOORD OF INPUT DATA          113   218.7670      0.0000000E+00
 VCOORD OF INPUT DATA          114   169.1350      0.0000000E+00
 VCOORD OF INPUT DATA          115   129.1100      0.0000000E+00
 VCOORD OF INPUT DATA          116   97.26900      0.0000000E+00
 VCOORD OF INPUT DATA          117   72.29300      0.0000000E+00
 VCOORD OF INPUT DATA          118   52.98400      0.0000000E+00
 VCOORD OF INPUT DATA          119   38.27600      0.0000000E+00
 VCOORD OF INPUT DATA          120   27.24300      0.0000000E+00
 VCOORD OF INPUT DATA          121   19.09600      0.0000000E+00
 VCOORD OF INPUT DATA          122   13.17700      0.0000000E+00
 VCOORD OF INPUT DATA          123   8.947000      0.0000000E+00
 VCOORD OF INPUT DATA          1nid001162.dogwood.wcoss2.ncep.noaa.gov 0: 24   5.976000      0.0000000E+00
 VCOORD OF INPUT DATA          125   3.924000      0.0000000E+00
 VCOORD OF INPUT DATA          126   2.532000      0.0000000E+00
 VCOORD OF INPUT DATA          127   1.605000      0.0000000E+00
 VCOORD OF INPUT DATA          128  0.9990000      0.0000000E+00
 
 READ SURFACE PRESSURE
nid003773.dogwood.wcoss2.ncep.noaa.gov 2:  GET INPUT FILE HEADER
nid003773.dogwood.wcoss2.ncep.noaa.gov 2:  DIMENSIONS OF DATA ARE:         4608        2304         127
 DATE OF DATA IS:                2024          11          24          18
           0           0
 VCOORD OF INPUT DATA            1  0.0000000E+00   1.000000    
 VCOORD OF INPUT DATA            2  0.0000000E+00  0.9975282    
 VCOORD OF INPUT DATA            3  0.0000000E+00  0.9949077    
 VCOORD OF INPUT DATA            4  2.8999999E-02  0.9921299    
 VCOORD OF INPUT DATA            5  0.2320000      0.9891851    
 VCOORD OF INPUT DATA            6  0.8100000      0.9860625    
 VCOORD OF INPUT DATA            7   1.994000      0.9827508    
 VCOORD OF INPUT DATA            8   4.190000      0.9792364    
 VCOORD OF INPUT DATA            9   8.287000      0.9755009    
 VCOORD OF INPUT DATA           10   15.30200      0.9715240    
 VCOORD OF INPUT DATA           11   26.27400      0.9672851    
 VCOORD OF INPUT DATA           12   42.27400      0.9627630    
 VCOORD OF INPUT DATA           13   64.39200      0.9579360    
 VCOORD OF INPUT DATA           14   93.74000      0.9527821    
 VCOORD OF INPUT DATA           15   131.4470      0.9472789    
 VCOORD OF INPUT DATA           16   178.6510      0.9414037    
 VCOORD OF INPUT DATA           17   236.5020      0.9351338    
 VCOORD OF INPUT DATA           18   306.1490      0.9284464    
 VCOORD OF INPUT DATA           19   388.7340      0.9213187    
 VCOORD OF INPUT DATA           20   485.3920      0.9137284    
 VCOORD OF INPUT DATA           21   597.2350      0.9056532    
 VCOORD OF INPUT DATA           22   725.3480      0.8970718    
 VCOORD OF INPUT DATA           23   870.7780      0.8879632    
 VCOORD OF INPUT DATA           24   1034.524      0.8783077    
 VCOORD OF INPUT DATA           25   1217.528      0.8680866    
 VCOORD OF INPUT DATA           26   1420.661      0.8572826    
 VCOORD OF INPUT DATA           27   1644.712      0.8458801    
 VCOORD OF INPUT DATA           28   1890.375      0.8338652    
 VCOORD OF INPUT DATA           29   2158.238      0.8212263    
 nid003773.dogwood.wcoss2.ncep.noaa.gov 2: VCOORD OF INPUT DATA           30   2448.768      0.8079541    
 VCOORD OF INPUT DATA           31   2762.297      0.7940422    
 VCOORD OF INPUT DATA           32   3099.010      0.7794867    
 VCOORD OF INPUT DATA           33   3458.933      0.7642871    
 VCOORD OF INPUT DATA           34   3841.918      0.7484465    
 VCOORD OF INPUT DATA           35   4247.633      0.7319713    
 VCOORD OF INPUT DATA           36   4675.554      0.7148720    
 VCOORD OF INPUT DATA           37   5124.949      0.6971631    
 VCOORD OF INPUT DATA           38   5594.876      0.6788633    
 VCOORD OF INPUT DATA           39   6084.176      0.6599957    
 VCOORD OF INPUT DATA           40   6591.468      0.6405875    
 VCOORD OF INPUT DATA           41   7115.147      0.6206707    
 VCOORD OF INPUT DATA           42   7653.387      0.6002815    
 VCOORD OF INPUT DATA           43   8204.142      0.5794605    
 VCOORD OF INPUT DATA           44   8765.155      0.5582525    
 VCOORD OF INPUT DATA           45   9333.967      0.5367062    
 VCOORD OF INPUT DATA           46   9907.927      0.5148743    
 VCOORD OF INPUT DATA           47   10484.21      0.4928130    
 VCOORD OF INPUT DATA           48   11059.83      0.4705813    
 VCOORD OF INPUT DATA           49   11631.66      0.4482413    
 VCOORD OF INPUT DATA           50   12196.47      0.4258572    
 VCOORD OF INPUT DATA           51   12750.92      0.4034951    
 VCOORD OF INPUT DATA           52   13291.63      0.3812224    
 VCOORD OF INPUT DATA           53   13815.15      0.3591072    
 VCOORD OF INPUT DATA           54   14318.04      0.3372180    
 VCOORD OF INPUT DATA           55   14796.87      0.3156229    
 VCOORD OF INPUT DATA           56   15248.25      0.2943890    
 VCOORD OF INPUT DATA           57   15668.86      0.2735822    
 VCOORD OF INPUT DATA           58   16055.49      0.2532663    
 VCOORD OF INPUT DATA           59   16405.02      0.2335031    
 VCOORD OF INPUT DATA           60   16714.50      0.2143511    
 VCOORD OF INPUT DATA           6nid003773.dogwood.wcoss2.ncep.noaa.gov 2: 1   16981.14      0.1958660    
 VCOORD OF INPUT DATA           62   17202.30      0.1780999    
 VCOORD OF INPUT DATA           63   17375.56      0.1611008    
 VCOORD OF INPUT DATA           64   17498.70      0.1449129    
 VCOORD OF INPUT DATA           65   17569.70      0.1295762    
 VCOORD OF INPUT DATA           66   17586.77      0.1151262    
 VCOORD OF INPUT DATA           67   17548.35      0.1015940    
 VCOORD OF INPUT DATA           68   17453.08      8.9006290E-02
 VCOORD OF INPUT DATA           69   17299.85      7.7385478E-02
 VCOORD OF INPUT DATA           70   17088.32      6.6743717E-02
 VCOORD OF INPUT DATA           71   16820.94      5.7063580E-02
 VCOORD OF INPUT DATA           72   16501.02      4.8316609E-02
 VCOORD OF INPUT DATA           73   16132.09      4.0470559E-02
 VCOORD OF INPUT DATA           74   15717.86      3.3489540E-02
 VCOORD OF INPUT DATA           75   15262.20      2.7334280E-02
 VCOORD OF INPUT DATA           76   14769.15      2.1962389E-02
 VCOORD OF INPUT DATA           77   14242.89      1.7328570E-02
 VCOORD OF INPUT DATA           78   13687.73      1.3384920E-02
 VCOORD OF INPUT DATA           79   13108.09      1.0081200E-02
 VCOORD OF INPUT DATA           80   12508.52      7.3650400E-03
 VCOORD OF INPUT DATA           81   11893.64      5.1822802E-03
 VCOORD OF INPUT DATA           82   11268.16      3.4771301E-03
 VCOORD OF INPUT DATA           83   10636.85      2.1924800E-03
 VCOORD OF INPUT DATA           84   10004.55      1.2700900E-03
 VCOORD OF INPUT DATA           85   9376.141      6.5077998E-04
 VCOORD OF INPUT DATA           86   8756.529      2.7469001E-04
 VCOORD OF INPUT DATA           87   8150.661      8.1409999E-05
 VCOORD OF INPUT DATA           88   7563.494      1.0180000E-05
 VCOORD OF INPUT DATA           89   7000.000      0.0000000E+00
 VCOORD OF INPUT DATA           90   6463.864      0.0000000E+00
 VCOORD OF INPUT DATA           91   5953.848      0.0000000E+00
 VCOORD OF INPUT DATA           92   5468.017      0.0000000E+00
nid003773.dogwood.wcoss2.ncep.noaa.gov 2:  VCOORD OF INPUT DATA           93   5004.995      0.0000000E+00
 VCOORD OF INPUT DATA           94   4563.881      0.0000000E+00
 VCOORD OF INPUT DATA           95   4144.164      0.0000000E+00
 VCOORD OF INPUT DATA           96   3745.646      0.0000000E+00
 VCOORD OF INPUT DATA           97   3368.363      0.0000000E+00
 VCOORD OF INPUT DATA           98   3012.510      0.0000000E+00
 VCOORD OF INPUT DATA           99   2678.372      0.0000000E+00
 VCOORD OF INPUT DATA          100   2366.252      0.0000000E+00
 VCOORD OF INPUT DATA          101   2076.415      0.0000000E+00
 VCOORD OF INPUT DATA          102   1809.028      0.0000000E+00
 VCOORD OF INPUT DATA          103   1564.119      0.0000000E+00
 VCOORD OF INPUT DATA          104   1341.538      0.0000000E+00
 VCOORD OF INPUT DATA          105   1140.931      0.0000000E+00
 VCOORD OF INPUT DATA          106   961.7340      0.0000000E+00
 VCOORD OF INPUT DATA          107   803.1640      0.0000000E+00
 VCOORD OF INPUT DATA          108   664.2360      0.0000000E+00
 VCOORD OF INPUT DATA          109   543.7820      0.0000000E+00
 VCOORD OF INPUT DATA          110   440.4810      0.0000000E+00
 VCOORD OF INPUT DATA          111   352.8940      0.0000000E+00
 VCOORD OF INPUT DATA          112   279.5060      0.0000000E+00
 VCOORD OF INPUT DATA          113   218.7670      0.0000000E+00
 VCOORD OF INPUT DATA          114   169.1350      0.0000000E+00
 VCOORD OF INPUT DATA          115   129.1100      0.0000000E+00
 VCOORD OF INPUT DATA          116   97.26900      0.0000000E+00
 VCOORD OF INPUT DATA          117   72.29300      0.0000000E+00
 VCOORD OF INPUT DATA          118   52.98400      0.0000000E+00
 VCOORD OF INPUT DATA          119   38.27600      0.0000000E+00
 VCOORD OF INPUT DATA          120   27.24300      0.0000000E+00
 VCOORD OF INPUT DATA          121   19.09600      0.0000000E+00
 VCOORD OF INPUT DATA          122   13.17700      0.0000000E+00
 VCOORD OF INPUT DATA          123   8.947000      0.0000000E+00
 VCOORD OF INPUT DATA          1nid003773.dogwood.wcoss2.ncep.noaa.gov 2: 24   5.976000      0.0000000E+00
 VCOORD OF INPUT DATA          125   3.924000      0.0000000E+00
 VCOORD OF INPUT DATA          126   2.532000      0.0000000E+00
 VCOORD OF INPUT DATA          127   1.605000      0.0000000E+00
 VCOORD OF INPUT DATA          128  0.9990000      0.0000000E+00
 
 READ SURFACE PRESSURE
nid001641.dogwood.wcoss2.ncep.noaa.gov 1:  GET INPUT FILE HEADER
nid001641.dogwood.wcoss2.ncep.noaa.gov 1:  DIMENSIONS OF DATA ARE:         4608        2304         127
 DATE OF DATA IS:                2024          11          24          18
           0           0
 VCOORD OF INPUT DATA            1  0.0000000E+00   1.000000    
 VCOORD OF INPUT DATA            2  0.0000000E+00  0.9975282    
 VCOORD OF INPUT DATA            3  0.0000000E+00  0.9949077    
 VCOORD OF INPUT DATA            4  2.8999999E-02  0.9921299    
 VCOORD OF INPUT DATA            5  0.2320000      0.9891851    
 VCOORD OF INPUT DATA            6  0.8100000      0.9860625    
 VCOORD OF INPUT DATA            7   1.994000      0.9827508    
 VCOORD OF INPUT DATA            8   4.190000      0.9792364    
 VCOORD OF INPUT DATA            9   8.287000      0.9755009    
 VCOORD OF INPUT DATA           10   15.30200      0.9715240    
 VCOORD OF INPUT DATA           11   26.27400      0.9672851    
 VCOORD OF INPUT DATA           12   42.27400      0.9627630    
 VCOORD OF INPUT DATA           13   64.39200      0.9579360    
 VCOORD OF INPUT DATA           14   93.74000      0.9527821    
 VCOORD OF INPUT DATA           15   131.4470      0.9472789    
 VCOORD OF INPUT DATA           16   178.6510      0.9414037    
 VCOORD OF INPUT DATA           17   236.5020      0.9351338    
 VCOORD OF INPUT DATA           18   306.1490      0.9284464    
 VCOORD OF INPUT DATA           19   388.7340      0.9213187    
 VCOORD OF INPUT DATA           20   485.3920      0.9137284    
 VCOORD OF INPUT DATA           21   597.2350      0.9056532    
 VCOORD OF INPUT DATA           22   725.3480      0.8970718    
 VCOORD OF INPUT DATA           23   870.7780      0.8879632    
 VCOORD OF INPUT DATA           24   1034.524      0.8783077    
 VCOORD OF INPUT DATA           25   1217.528      0.8680866    
 VCOORD OF INPUT DATA           26   1420.661      0.8572826    
 VCOORD OF INPUT DATA           27   1644.712      0.8458801    
 VCOORD OF INPUT DATA           28   1890.375      0.8338652    
 VCOORD OF INPUT DATA           29   2158.238      0.8212263    
 nid001641.dogwood.wcoss2.ncep.noaa.gov 1: VCOORD OF INPUT DATA           30   2448.768      0.8079541    
 VCOORD OF INPUT DATA           31   2762.297      0.7940422    
 VCOORD OF INPUT DATA           32   3099.010      0.7794867    
 VCOORD OF INPUT DATA           33   3458.933      0.7642871    
 VCOORD OF INPUT DATA           34   3841.918      0.7484465    
 VCOORD OF INPUT DATA           35   4247.633      0.7319713    
 VCOORD OF INPUT DATA           36   4675.554      0.7148720    
 VCOORD OF INPUT DATA           37   5124.949      0.6971631    
 VCOORD OF INPUT DATA           38   5594.876      0.6788633    
 VCOORD OF INPUT DATA           39   6084.176      0.6599957    
 VCOORD OF INPUT DATA           40   6591.468      0.6405875    
 VCOORD OF INPUT DATA           41   7115.147      0.6206707    
 VCOORD OF INPUT DATA           42   7653.387      0.6002815    
 VCOORD OF INPUT DATA           43   8204.142      0.5794605    
 VCOORD OF INPUT DATA           44   8765.155      0.5582525    
 VCOORD OF INPUT DATA           45   9333.967      0.5367062    
 VCOORD OF INPUT DATA           46   9907.927      0.5148743    
 VCOORD OF INPUT DATA           47   10484.21      0.4928130    
 VCOORD OF INPUT DATA           48   11059.83      0.4705813    
 VCOORD OF INPUT DATA           49   11631.66      0.4482413    
 VCOORD OF INPUT DATA           50   12196.47      0.4258572    
 VCOORD OF INPUT DATA           51   12750.92      0.4034951    
 VCOORD OF INPUT DATA           52   13291.63      0.3812224    
 VCOORD OF INPUT DATA           53   13815.15      0.3591072    
 VCOORD OF INPUT DATA           54   14318.04      0.3372180    
 VCOORD OF INPUT DATA           55   14796.87      0.3156229    
 VCOORD OF INPUT DATA           56   15248.25      0.2943890    
 VCOORD OF INPUT DATA           57   15668.86      0.2735822    
 VCOORD OF INPUT DATA           58   16055.49      0.2532663    
 VCOORD OF INPUT DATA           59   16405.02      0.2335031    
 VCOORD OF INPUT DATA           60   16714.50      0.2143511    
 VCOORD OF INPUT DATA           6nid001641.dogwood.wcoss2.ncep.noaa.gov 1: 1   16981.14      0.1958660    
 VCOORD OF INPUT DATA           62   17202.30      0.1780999    
 VCOORD OF INPUT DATA           63   17375.56      0.1611008    
 VCOORD OF INPUT DATA           64   17498.70      0.1449129    
 VCOORD OF INPUT DATA           65   17569.70      0.1295762    
 VCOORD OF INPUT DATA           66   17586.77      0.1151262    
 VCOORD OF INPUT DATA           67   17548.35      0.1015940    
 VCOORD OF INPUT DATA           68   17453.08      8.9006290E-02
 VCOORD OF INPUT DATA           69   17299.85      7.7385478E-02
 VCOORD OF INPUT DATA           70   17088.32      6.6743717E-02
 VCOORD OF INPUT DATA           71   16820.94      5.7063580E-02
 VCOORD OF INPUT DATA           72   16501.02      4.8316609E-02
 VCOORD OF INPUT DATA           73   16132.09      4.0470559E-02
 VCOORD OF INPUT DATA           74   15717.86      3.3489540E-02
 VCOORD OF INPUT DATA           75   15262.20      2.7334280E-02
 VCOORD OF INPUT DATA           76   14769.15      2.1962389E-02
 VCOORD OF INPUT DATA           77   14242.89      1.7328570E-02
 VCOORD OF INPUT DATA           78   13687.73      1.3384920E-02
 VCOORD OF INPUT DATA           79   13108.09      1.0081200E-02
 VCOORD OF INPUT DATA           80   12508.52      7.3650400E-03
 VCOORD OF INPUT DATA           81   11893.64      5.1822802E-03
 VCOORD OF INPUT DATA           82   11268.16      3.4771301E-03
 VCOORD OF INPUT DATA           83   10636.85      2.1924800E-03
 VCOORD OF INPUT DATA           84   10004.55      1.2700900E-03
 VCOORD OF INPUT DATA           85   9376.141      6.5077998E-04
 VCOORD OF INPUT DATA           86   8756.529      2.7469001E-04
 VCOORD OF INPUT DATA           87   8150.661      8.1409999E-05
 VCOORD OF INPUT DATA           88   7563.494      1.0180000E-05
 VCOORD OF INPUT DATA           89   7000.000      0.0000000E+00
 VCOORD OF INPUT DATA           90   6463.864      0.0000000E+00
 VCOORD OF INPUT DATA           91   5953.848      0.0000000E+00
 VCOORD OF INPUT DATA           92   5468.017      0.0000000E+00
nid001641.dogwood.wcoss2.ncep.noaa.gov 1:  VCOORD OF INPUT DATA           93   5004.995      0.0000000E+00
 VCOORD OF INPUT DATA           94   4563.881      0.0000000E+00
 VCOORD OF INPUT DATA           95   4144.164      0.0000000E+00
 VCOORD OF INPUT DATA           96   3745.646      0.0000000E+00
 VCOORD OF INPUT DATA           97   3368.363      0.0000000E+00
 VCOORD OF INPUT DATA           98   3012.510      0.0000000E+00
 VCOORD OF INPUT DATA           99   2678.372      0.0000000E+00
 VCOORD OF INPUT DATA          100   2366.252      0.0000000E+00
 VCOORD OF INPUT DATA          101   2076.415      0.0000000E+00
 VCOORD OF INPUT DATA          102   1809.028      0.0000000E+00
 VCOORD OF INPUT DATA          103   1564.119      0.0000000E+00
 VCOORD OF INPUT DATA          104   1341.538      0.0000000E+00
 VCOORD OF INPUT DATA          105   1140.931      0.0000000E+00
 VCOORD OF INPUT DATA          106   961.7340      0.0000000E+00
 VCOORD OF INPUT DATA          107   803.1640      0.0000000E+00
 VCOORD OF INPUT DATA          108   664.2360      0.0000000E+00
 VCOORD OF INPUT DATA          109   543.7820      0.0000000E+00
 VCOORD OF INPUT DATA          110   440.4810      0.0000000E+00
 VCOORD OF INPUT DATA          111   352.8940      0.0000000E+00
 VCOORD OF INPUT DATA          112   279.5060      0.0000000E+00
 VCOORD OF INPUT DATA          113   218.7670      0.0000000E+00
 VCOORD OF INPUT DATA          114   169.1350      0.0000000E+00
 VCOORD OF INPUT DATA          115   129.1100      0.0000000E+00
 VCOORD OF INPUT DATA          116   97.26900      0.0000000E+00
 VCOORD OF INPUT DATA          117   72.29300      0.0000000E+00
 VCOORD OF INPUT DATA          118   52.98400      0.0000000E+00
 VCOORD OF INPUT DATA          119   38.27600      0.0000000E+00
 VCOORD OF INPUT DATA          120   27.24300      0.0000000E+00
 VCOORD OF INPUT DATA          121   19.09600      0.0000000E+00
 VCOORD OF INPUT DATA          122   13.17700      0.0000000E+00
 VCOORD OF INPUT DATA          123   8.947000      0.0000000E+00
 VCOORD OF INPUT DATA          1nid001641.dogwood.wcoss2.ncep.noaa.gov 1: 24   5.976000      0.0000000E+00
 VCOORD OF INPUT DATA          125   3.924000      0.0000000E+00
 VCOORD OF INPUT DATA          126   2.532000      0.0000000E+00
 VCOORD OF INPUT DATA          127   1.605000      0.0000000E+00
 VCOORD OF INPUT DATA          128  0.9990000      0.0000000E+00
 
 READ SURFACE PRESSURE
nid003773.dogwood.wcoss2.ncep.noaa.gov 2:  MAX/MIN SURFACE PRESSURE:    106532.9       46696.85    
 
 READ SURFACE HEIGHT
nid001162.dogwood.wcoss2.ncep.noaa.gov 0:  MAX/MIN SURFACE PRESSURE:    106462.5       46617.65    
 
 READ SURFACE HEIGHT
nid001641.dogwood.wcoss2.ncep.noaa.gov 1:  MAX/MIN SURFACE PRESSURE:    106523.7       46607.28    
 
 READ SURFACE HEIGHT
nid003773.dogwood.wcoss2.ncep.noaa.gov 2:  MAX/MIN SURFACE HEIGHT:    6272.484      -411.5300    
 
nid003773.dogwood.wcoss2.ncep.noaa.gov 2:  READ U WIND
nid001162.dogwood.wcoss2.ncep.noaa.gov 0:  MAX/MIN SURFACE HEIGHT:    6272.484      -411.5300    
 
 READ U WIND
nid001641.dogwood.wcoss2.ncep.noaa.gov 1:  MAX/MIN SURFACE HEIGHT:    6272.484      -411.5300    
 
 READ U WIND
nid001641.dogwood.wcoss2.ncep.noaa.gov 1:  MAX/MIN U WIND AT LEVEL            1 IS:    26.85059      -23.81152    
nid001641.dogwood.wcoss2.ncep.noaa.gov 1:  MAX/MIN U WIND AT LEVEL            2 IS:    30.30469      -26.66504    
nid001641.dogwood.wcoss2.ncep.noaa.gov 1:  MAX/MIN U WIND AT LEVEL            3 IS:    32.20312      -28.32812    
nid001641.dogwood.wcoss2.ncep.noaa.gov 1:  MAX/MIN U WIND AT LEVEL            4 IS:    33.56641      -29.55469    
nid001641.dogwood.wcoss2.ncep.noaa.gov 1:  MAX/MIN U WIND AT LEVEL            5 IS:    34.64844      -30.48242    
nid001641.dogwood.wcoss2.ncep.noaa.gov 1:  MAX/MIN U WIND AT LEVEL            6 IS:    35.52734      -31.28223    
nid001641.dogwood.wcoss2.ncep.noaa.gov 1:  MAX/MIN U WIND AT LEVEL            7 IS:    36.31250      -31.93848    
nid001641.dogwood.wcoss2.ncep.noaa.gov 1:  MAX/MIN U WIND AT LEVEL            8 IS:    36.99023      -32.56641    
nid003773.dogwood.wcoss2.ncep.noaa.gov 2:  MAX/MIN U WIND AT LEVEL            1 IS:    26.35938      -25.39160    
nid001641.dogwood.wcoss2.ncep.noaa.gov 1:  MAX/MIN U WIND AT LEVEL            9 IS:    37.60938      -33.09961    
nid003773.dogwood.wcoss2.ncep.noaa.gov 2:  MAX/MIN U WIND AT LEVEL            2 IS:    29.45508      -27.57617    
nid001641.dogwood.wcoss2.ncep.noaa.gov 1:  MAX/MIN U WIND AT LEVEL           10 IS:    38.16602      -33.62891    
nid003773.dogwood.wcoss2.ncep.noaa.gov 2:  MAX/MIN U WIND AT LEVEL            3 IS:    31.28418      -29.52930    
nid001641.dogwood.wcoss2.ncep.noaa.gov 1:  MAX/MIN U WIND AT LEVEL           11 IS:    38.72461      -34.15039    
nid003773.dogwood.wcoss2.ncep.noaa.gov 2:  MAX/MIN U WIND AT LEVEL            4 IS:    32.57812      -30.76953    
nid001641.dogwood.wcoss2.ncep.noaa.gov 1:  MAX/MIN U WIND AT LEVEL           12 IS:    39.21680      -34.67383    
nid003773.dogwood.wcoss2.ncep.noaa.gov 2:  MAX/MIN U WIND AT LEVEL            5 IS:    33.60938      -31.66113    
nid001641.dogwood.wcoss2.ncep.noaa.gov 1:  MAX/MIN U WIND AT LEVEL           13 IS:    39.69531      -35.23633    
nid003773.dogwood.wcoss2.ncep.noaa.gov 2:  MAX/MIN U WIND AT LEVEL            6 IS:    34.45508      -32.43164    
nid001641.dogwood.wcoss2.ncep.noaa.gov 1:  MAX/MIN U WIND AT LEVEL           14 IS:    40.17969      -35.84570    
nid003773.dogwood.wcoss2.ncep.noaa.gov 2:  MAX/MIN U WIND AT LEVEL            7 IS:    35.22461      -33.00781    
nid001641.dogwood.wcoss2.ncep.noaa.gov 1:  MAX/MIN U WIND AT LEVEL           15 IS:    40.63672      -36.46484    
nid003773.dogwood.wcoss2.ncep.noaa.gov 2:  MAX/MIN U WIND AT LEVEL            8 IS:    35.86328      -33.49219    
nid001641.dogwood.wcoss2.ncep.noaa.gov 1:  MAX/MIN U WIND AT LEVEL           16 IS:    41.09570      -36.54492    
nid003773.dogwood.wcoss2.ncep.noaa.gov 2:  MAX/MIN U WIND AT LEVEL            9 IS:    36.46094      -33.89648    
nid001641.dogwood.wcoss2.ncep.noaa.gov 1:  MAX/MIN U WIND AT LEVEL           17 IS:    41.53320      -36.06641    
nid003773.dogwood.wcoss2.ncep.noaa.gov 2:  MAX/MIN U WIND AT LEVEL           10 IS:    37.00781      -34.19531    
nid001641.dogwood.wcoss2.ncep.noaa.gov 1:  MAX/MIN U WIND AT LEVEL           18 IS:    42.02930      -35.83594    
nid003773.dogwood.wcoss2.ncep.noaa.gov 2:  MAX/MIN U WIND AT LEVEL           11 IS:    37.52734      -34.47266    
nid001641.dogwood.wcoss2.ncep.noaa.gov 1:  MAX/MIN U WIND AT LEVEL           19 IS:    42.51562      -35.37891    
nid001162.dogwood.wcoss2.ncep.noaa.gov 0:  MAX/MIN U WIND AT LEVEL            1 IS:    27.78027      -27.02246    
nid003773.dogwood.wcoss2.ncep.noaa.gov 2:  MAX/MIN U WIND AT LEVEL           12 IS:    38.00977      -34.92773    
nid001641.dogwood.wcoss2.ncep.noaa.gov 1:  MAX/MIN U WIND AT LEVEL           20 IS:    42.96875      -35.13086    
nid001162.dogwood.wcoss2.ncep.noaa.gov 0:  MAX/MIN U WIND AT LEVEL            2 IS:    31.29980      -28.24512    
nid003773.dogwood.wcoss2.ncep.noaa.gov 2:  MAX/MIN U WIND AT LEVEL           13 IS:    38.46289      -35.47656    
nid001641.dogwood.wcoss2.ncep.noaa.gov 1:  MAX/MIN U WIND AT LEVEL           21 IS:    43.39453      -34.69531    
nid001162.dogwood.wcoss2.ncep.noaa.gov 0:  MAX/MIN U WIND AT LEVEL            3 IS:    33.40234      -28.74121    
nid003773.dogwood.wcoss2.ncep.noaa.gov 2:  MAX/MIN U WIND AT LEVEL           14 IS:    38.89453      -35.93555    
nid001641.dogwood.wcoss2.ncep.noaa.gov 1:  MAX/MIN U WIND AT LEVEL           22 IS:    43.79883      -34.27734    
nid001162.dogwood.wcoss2.ncep.noaa.gov 0:  MAX/MIN U WIND AT LEVEL            4 IS:    34.72070      -28.94141    
nid003773.dogwood.wcoss2.ncep.noaa.gov 2:  MAX/MIN U WIND AT LEVEL           15 IS:    39.30859      -36.33789    
nid001641.dogwood.wcoss2.ncep.noaa.gov 1:  MAX/MIN U WIND AT LEVEL           23 IS:    44.15039      -34.15430    
nid001162.dogwood.wcoss2.ncep.noaa.gov 0:  MAX/MIN U WIND AT LEVEL            5 IS:    35.87305      -28.94238    
nid003773.dogwood.wcoss2.ncep.noaa.gov 2:  MAX/MIN U WIND AT LEVEL           16 IS:    39.70703      -36.59570    
nid001641.dogwood.wcoss2.ncep.noaa.gov 1:  MAX/MIN U WIND AT LEVEL           24 IS:    44.39258      -34.18359    
nid001162.dogwood.wcoss2.ncep.noaa.gov 0:  MAX/MIN U WIND AT LEVEL            6 IS:    36.83398      -29.48438    
nid003773.dogwood.wcoss2.ncep.noaa.gov 2:  MAX/MIN U WIND AT LEVEL           17 IS:    40.17383      -36.34375    
nid001641.dogwood.wcoss2.ncep.noaa.gov 1:  MAX/MIN U WIND AT LEVEL           25 IS:    44.50195      -33.91797    
nid001162.dogwood.wcoss2.ncep.noaa.gov 0:  MAX/MIN U WIND AT LEVEL            7 IS:    37.68359      -30.19238    
nid003773.dogwood.wcoss2.ncep.noaa.gov 2:  MAX/MIN U WIND AT LEVEL           18 IS:    40.66016      -36.40820    
nid001641.dogwood.wcoss2.ncep.noaa.gov 1:  MAX/MIN U WIND AT LEVEL           26 IS:    44.45312      -33.31055    
nid003773.dogwood.wcoss2.ncep.noaa.gov 2:  MAX/MIN U WIND AT LEVEL           19 IS:    41.14844      -36.81836    
nid001162.dogwood.wcoss2.ncep.noaa.gov 0:  MAX/MIN U WIND AT LEVEL            8 IS:    38.41602      -30.83496    
nid001641.dogwood.wcoss2.ncep.noaa.gov 1:  MAX/MIN U WIND AT LEVEL           27 IS:    44.22266      -32.77148    
nid003773.dogwood.wcoss2.ncep.noaa.gov 2:  MAX/MIN U WIND AT LEVEL           20 IS:    41.64648      -36.60938    
nid001162.dogwood.wcoss2.ncep.noaa.gov 0:  MAX/MIN U WIND AT LEVEL            9 IS:    39.07617      -31.51562    
nid001641.dogwood.wcoss2.ncep.noaa.gov 1:  MAX/MIN U WIND AT LEVEL           28 IS:    43.53906      -32.12500    
nid003773.dogwood.wcoss2.ncep.noaa.gov 2:  MAX/MIN U WIND AT LEVEL           21 IS:    42.15039      -36.00586    
nid001162.dogwood.wcoss2.ncep.noaa.gov 0:  MAX/MIN U WIND AT LEVEL           10 IS:    39.71484      -32.46680    
nid001641.dogwood.wcoss2.ncep.noaa.gov 1:  MAX/MIN U WIND AT LEVEL           29 IS:    44.11719      -31.25195    
nid003773.dogwood.wcoss2.ncep.noaa.gov 2:  MAX/MIN U WIND AT LEVEL           22 IS:    42.65039      -35.60156    
nid001162.dogwood.wcoss2.ncep.noaa.gov 0:  MAX/MIN U WIND AT LEVEL           11 IS:    40.29492      -33.17969    
nid001641.dogwood.wcoss2.ncep.noaa.gov 1:  MAX/MIN U WIND AT LEVEL           30 IS:    44.74609      -30.95020    
nid003773.dogwood.wcoss2.ncep.noaa.gov 2:  MAX/MIN U WIND AT LEVEL           23 IS:    43.10938      -35.85742    
nid001641.dogwood.wcoss2.ncep.noaa.gov 1:  MAX/MIN U WIND AT LEVEL           31 IS:    45.18164      -30.63574    
nid003773.dogwood.wcoss2.ncep.noaa.gov 2:  MAX/MIN U WIND AT LEVEL           24 IS:    43.59180      -35.32812    
nid001162.dogwood.wcoss2.ncep.noaa.gov 0:  MAX/MIN U WIND AT LEVEL           12 IS:    40.85156      -33.93164    
nid001641.dogwood.wcoss2.ncep.noaa.gov 1:  MAX/MIN U WIND AT LEVEL           32 IS:    45.17773      -30.23438    
nid003773.dogwood.wcoss2.ncep.noaa.gov 2:  MAX/MIN U WIND AT LEVEL           25 IS:    44.00586      -34.05859    
nid001162.dogwood.wcoss2.ncep.noaa.gov 0:  MAX/MIN U WIND AT LEVEL           13 IS:    41.39453      -34.37109    
nid001641.dogwood.wcoss2.ncep.noaa.gov 1:  MAX/MIN U WIND AT LEVEL           33 IS:    45.20898      -29.92578    
nid003773.dogwood.wcoss2.ncep.noaa.gov 2:  MAX/MIN U WIND AT LEVEL           26 IS:    44.26758      -32.46875    
nid001641.dogwood.wcoss2.ncep.noaa.gov 1:  MAX/MIN U WIND AT LEVEL           34 IS:    45.13086      -29.85059    
nid003773.dogwood.wcoss2.ncep.noaa.gov 2:  MAX/MIN U WIND AT LEVEL           27 IS:    44.24219      -31.98535    
nid001162.dogwood.wcoss2.ncep.noaa.gov 0:  MAX/MIN U WIND AT LEVEL           14 IS:    41.91797      -35.69922    
nid001641.dogwood.wcoss2.ncep.noaa.gov 1:  MAX/MIN U WIND AT LEVEL           35 IS:    44.44141      -29.78027    
nid003773.dogwood.wcoss2.ncep.noaa.gov 2:  MAX/MIN U WIND AT LEVEL           28 IS:    43.72461      -31.57422    
nid001641.dogwood.wcoss2.ncep.noaa.gov 1:  MAX/MIN U WIND AT LEVEL           36 IS:    43.67188      -29.89160    
nid001162.dogwood.wcoss2.ncep.noaa.gov 0:  MAX/MIN U WIND AT LEVEL           15 IS:    42.82422      -36.14648    
nid003773.dogwood.wcoss2.ncep.noaa.gov 2:  MAX/MIN U WIND AT LEVEL           29 IS:    42.64648      -30.61523    
nid001641.dogwood.wcoss2.ncep.noaa.gov 1:  MAX/MIN U WIND AT LEVEL           37 IS:    42.71680      -30.01855    
nid003773.dogwood.wcoss2.ncep.noaa.gov 2:  MAX/MIN U WIND AT LEVEL           30 IS:    42.38672      -30.21680    
nid001162.dogwood.wcoss2.ncep.noaa.gov 0:  MAX/MIN U WIND AT LEVEL           16 IS:    43.60156      -36.19141    
nid001641.dogwood.wcoss2.ncep.noaa.gov 1:  MAX/MIN U WIND AT LEVEL           38 IS:    41.39648      -30.35645    
nid003773.dogwood.wcoss2.ncep.noaa.gov 2:  MAX/MIN U WIND AT LEVEL           31 IS:    42.65625      -29.79395    
nid001641.dogwood.wcoss2.ncep.noaa.gov 1:  MAX/MIN U WIND AT LEVEL           39 IS:    41.94141      -30.45605    
nid003773.dogwood.wcoss2.ncep.noaa.gov 2:  MAX/MIN U WIND AT LEVEL           32 IS:    41.97070      -29.63281    
nid001162.dogwood.wcoss2.ncep.noaa.gov 0:  MAX/MIN U WIND AT LEVEL           17 IS:    44.51953      -36.06445    
nid001641.dogwood.wcoss2.ncep.noaa.gov 1:  MAX/MIN U WIND AT LEVEL           40 IS:    42.49805      -30.43457    
nid003773.dogwood.wcoss2.ncep.noaa.gov 2:  MAX/MIN U WIND AT LEVEL           33 IS:    41.70703      -30.04199    
nid001162.dogwood.wcoss2.ncep.noaa.gov 0:  MAX/MIN U WIND AT LEVEL           18 IS:    45.16797      -35.80469    
nid001641.dogwood.wcoss2.ncep.noaa.gov 1:  MAX/MIN U WIND AT LEVEL           41 IS:    43.75781      -30.26465    
nid003773.dogwood.wcoss2.ncep.noaa.gov 2:  MAX/MIN U WIND AT LEVEL           34 IS:    42.26367      -29.87305    
nid001641.dogwood.wcoss2.ncep.noaa.gov 1:  MAX/MIN U WIND AT LEVEL           42 IS:    45.67383      -29.98047    
nid003773.dogwood.wcoss2.ncep.noaa.gov 2:  MAX/MIN U WIND AT LEVEL           35 IS:    42.67578      -29.22461    
nid001162.dogwood.wcoss2.ncep.noaa.gov 0:  MAX/MIN U WIND AT LEVEL           19 IS:    46.27148      -35.31641    
nid001641.dogwood.wcoss2.ncep.noaa.gov 1:  MAX/MIN U WIND AT LEVEL           43 IS:    46.51367      -29.39746    
nid003773.dogwood.wcoss2.ncep.noaa.gov 2:  MAX/MIN U WIND AT LEVEL           36 IS:    42.80469      -29.04590    
nid001162.dogwood.wcoss2.ncep.noaa.gov 0:  MAX/MIN U WIND AT LEVEL           20 IS:    46.72070      -34.57031    
nid001641.dogwood.wcoss2.ncep.noaa.gov 1:  MAX/MIN U WIND AT LEVEL           44 IS:    47.07812      -28.47656    
nid003773.dogwood.wcoss2.ncep.noaa.gov 2:  MAX/MIN U WIND AT LEVEL           37 IS:    43.03711      -28.62793    
nid001641.dogwood.wcoss2.ncep.noaa.gov 1:  MAX/MIN U WIND AT LEVEL           45 IS:    48.33398      -27.98145    
nid003773.dogwood.wcoss2.ncep.noaa.gov 2:  MAX/MIN U WIND AT LEVEL           38 IS:    43.23047      -29.70410    
nid001162.dogwood.wcoss2.ncep.noaa.gov 0:  MAX/MIN U WIND AT LEVEL           21 IS:    46.83594      -33.92188    
nid001641.dogwood.wcoss2.ncep.noaa.gov 1:  MAX/MIN U WIND AT LEVEL           46 IS:    49.08203      -27.48340    
nid003773.dogwood.wcoss2.ncep.noaa.gov 2:  MAX/MIN U WIND AT LEVEL           39 IS:    43.28906      -30.81641    
nid001641.dogwood.wcoss2.ncep.noaa.gov 1:  MAX/MIN U WIND AT LEVEL           47 IS:    52.20312      -27.96387    
nid001162.dogwood.wcoss2.ncep.noaa.gov 0:  MAX/MIN U WIND AT LEVEL           22 IS:    46.63086      -33.25000    
nid003773.dogwood.wcoss2.ncep.noaa.gov 2:  MAX/MIN U WIND AT LEVEL           40 IS:    43.11719      -29.97070    
nid001641.dogwood.wcoss2.ncep.noaa.gov 1:  MAX/MIN U WIND AT LEVEL           48 IS:    54.32617      -28.25781    
nid003773.dogwood.wcoss2.ncep.noaa.gov 2:  MAX/MIN U WIND AT LEVEL           41 IS:    43.12109      -29.11523    
nid001162.dogwood.wcoss2.ncep.noaa.gov 0:  MAX/MIN U WIND AT LEVEL           23 IS:    46.29688      -32.95117    
nid001641.dogwood.wcoss2.ncep.noaa.gov 1:  MAX/MIN U WIND AT LEVEL           49 IS:    56.52734      -30.67090    
nid003773.dogwood.wcoss2.ncep.noaa.gov 2:  MAX/MIN U WIND AT LEVEL           42 IS:    44.97070      -29.26172    
nid001641.dogwood.wcoss2.ncep.noaa.gov 1:  MAX/MIN U WIND AT LEVEL           50 IS:    58.48438      -33.83008    
nid001162.dogwood.wcoss2.ncep.noaa.gov 0:  MAX/MIN U WIND AT LEVEL           24 IS:    46.50781      -32.57812    
nid003773.dogwood.wcoss2.ncep.noaa.gov 2:  MAX/MIN U WIND AT LEVEL           43 IS:    47.28516      -29.67871    
nid001641.dogwood.wcoss2.ncep.noaa.gov 1:  MAX/MIN U WIND AT LEVEL           51 IS:    60.38672      -35.16797    
nid003773.dogwood.wcoss2.ncep.noaa.gov 2:  MAX/MIN U WIND AT LEVEL           44 IS:    49.19141      -29.50781    
nid001162.dogwood.wcoss2.ncep.noaa.gov 0:  MAX/MIN U WIND AT LEVEL           25 IS:    46.45508      -31.61426    
nid001641.dogwood.wcoss2.ncep.noaa.gov 1:  MAX/MIN U WIND AT LEVEL           52 IS:    62.13086      -35.52734    
nid003773.dogwood.wcoss2.ncep.noaa.gov 2:  MAX/MIN U WIND AT LEVEL           45 IS:    51.99414      -28.91016    
nid001641.dogwood.wcoss2.ncep.noaa.gov 1:  MAX/MIN U WIND AT LEVEL           53 IS:    64.18750      -36.18359    
nid003773.dogwood.wcoss2.ncep.noaa.gov 2:  MAX/MIN U WIND AT LEVEL           46 IS:    53.24023      -27.85840    
nid001162.dogwood.wcoss2.ncep.noaa.gov 0:  MAX/MIN U WIND AT LEVEL           26 IS:    46.74414      -30.46387    
nid001641.dogwood.wcoss2.ncep.noaa.gov 1:  MAX/MIN U WIND AT LEVEL           54 IS:    65.96875      -39.57812    
nid003773.dogwood.wcoss2.ncep.noaa.gov 2:  MAX/MIN U WIND AT LEVEL           47 IS:    55.28320      -27.88672    
nid001162.dogwood.wcoss2.ncep.noaa.gov 0:  MAX/MIN U WIND AT LEVEL           27 IS:    46.94336      -29.76465    
nid001641.dogwood.wcoss2.ncep.noaa.gov 1:  MAX/MIN U WIND AT LEVEL           55 IS:    69.05469      -39.44727    
nid003773.dogwood.wcoss2.ncep.noaa.gov 2:  MAX/MIN U WIND AT LEVEL           48 IS:    57.09180      -26.67285    
nid001641.dogwood.wcoss2.ncep.noaa.gov 1:  MAX/MIN U WIND AT LEVEL           56 IS:    71.35547      -37.60547    
nid003773.dogwood.wcoss2.ncep.noaa.gov 2:  MAX/MIN U WIND AT LEVEL           49 IS:    58.54297      -28.71387    
nid001162.dogwood.wcoss2.ncep.noaa.gov 0:  MAX/MIN U WIND AT LEVEL           28 IS:    46.91211      -29.44141    
nid001641.dogwood.wcoss2.ncep.noaa.gov 1:  MAX/MIN U WIND AT LEVEL           57 IS:    70.48047      -36.70703    
nid003773.dogwood.wcoss2.ncep.noaa.gov 2:  MAX/MIN U WIND AT LEVEL           50 IS:    60.59570      -33.00391    
nid001162.dogwood.wcoss2.ncep.noaa.gov 0:  MAX/MIN U WIND AT LEVEL           29 IS:    46.32031      -29.06445    
nid001641.dogwood.wcoss2.ncep.noaa.gov 1:  MAX/MIN U WIND AT LEVEL           58 IS:    71.46484      -35.73047    
nid003773.dogwood.wcoss2.ncep.noaa.gov 2:  MAX/MIN U WIND AT LEVEL           51 IS:    62.17578      -31.15918    
nid001641.dogwood.wcoss2.ncep.noaa.gov 1:  MAX/MIN U WIND AT LEVEL           59 IS:    75.36328      -35.35352    
nid003773.dogwood.wcoss2.ncep.noaa.gov 2:  MAX/MIN U WIND AT LEVEL           52 IS:    64.17969      -27.84277    
nid001162.dogwood.wcoss2.ncep.noaa.gov 0:  MAX/MIN U WIND AT LEVEL           30 IS:    45.79102      -28.93945    
nid001641.dogwood.wcoss2.ncep.noaa.gov 1:  MAX/MIN U WIND AT LEVEL           60 IS:    77.03125      -34.32227    
nid003773.dogwood.wcoss2.ncep.noaa.gov 2:  MAX/MIN U WIND AT LEVEL           53 IS:    65.82031      -31.02148    
nid001641.dogwood.wcoss2.ncep.noaa.gov 1:  MAX/MIN U WIND AT LEVEL           61 IS:    80.21094      -34.85547    
nid001162.dogwood.wcoss2.ncep.noaa.gov 0:  MAX/MIN U WIND AT LEVEL           31 IS:    46.38867      -29.23047    
nid003773.dogwood.wcoss2.ncep.noaa.gov 2:  MAX/MIN U WIND AT LEVEL           54 IS:    68.31641      -30.62988    
nid001641.dogwood.wcoss2.ncep.noaa.gov 1:  MAX/MIN U WIND AT LEVEL           62 IS:    82.76562      -34.83008    
nid003773.dogwood.wcoss2.ncep.noaa.gov 2:  MAX/MIN U WIND AT LEVEL           55 IS:    70.09375      -32.91406    
nid001162.dogwood.wcoss2.ncep.noaa.gov 0:  MAX/MIN U WIND AT LEVEL           32 IS:    46.60938      -29.93652    
nid001641.dogwood.wcoss2.ncep.noaa.gov 1:  MAX/MIN U WIND AT LEVEL           63 IS:    84.78125      -34.46680    
nid003773.dogwood.wcoss2.ncep.noaa.gov 2:  MAX/MIN U WIND AT LEVEL           56 IS:    70.86328      -35.39648    
nid001641.dogwood.wcoss2.ncep.noaa.gov 1:  MAX/MIN U WIND AT LEVEL           64 IS:    88.65234      -34.55859    
nid001162.dogwood.wcoss2.ncep.noaa.gov 0:  MAX/MIN U WIND AT LEVEL           33 IS:    46.46680      -30.23535    
nid003773.dogwood.wcoss2.ncep.noaa.gov 2:  MAX/MIN U WIND AT LEVEL           57 IS:    72.89062      -35.93555    
nid001641.dogwood.wcoss2.ncep.noaa.gov 1:  MAX/MIN U WIND AT LEVEL           65 IS:    88.04297      -34.10352    
nid003773.dogwood.wcoss2.ncep.noaa.gov 2:  MAX/MIN U WIND AT LEVEL           58 IS:    75.18750      -37.77344    
nid001162.dogwood.wcoss2.ncep.noaa.gov 0:  MAX/MIN U WIND AT LEVEL           34 IS:    46.16797      -30.18555    
nid001641.dogwood.wcoss2.ncep.noaa.gov 1:  MAX/MIN U WIND AT LEVEL           66 IS:    90.16797      -33.39062    
nid003773.dogwood.wcoss2.ncep.noaa.gov 2:  MAX/MIN U WIND AT LEVEL           59 IS:    77.31250      -38.59180    
nid001641.dogwood.wcoss2.ncep.noaa.gov 1:  MAX/MIN U WIND AT LEVEL           67 IS:    91.90234      -31.82520    
nid003773.dogwood.wcoss2.ncep.noaa.gov 2:  MAX/MIN U WIND AT LEVEL           60 IS:    78.13281      -38.33203    
nid001162.dogwood.wcoss2.ncep.noaa.gov 0:  MAX/MIN U WIND AT LEVEL           35 IS:    44.40625      -29.72070    
nid001641.dogwood.wcoss2.ncep.noaa.gov 1:  MAX/MIN U WIND AT LEVEL           68 IS:    87.93750      -31.00879    
nid003773.dogwood.wcoss2.ncep.noaa.gov 2:  MAX/MIN U WIND AT LEVEL           61 IS:    78.59766      -38.91797    
nid001162.dogwood.wcoss2.ncep.noaa.gov 0:  MAX/MIN U WIND AT LEVEL           36 IS:    44.31055      -28.90332    
nid001641.dogwood.wcoss2.ncep.noaa.gov 1:  MAX/MIN U WIND AT LEVEL           69 IS:    86.12500      -30.88770    
nid003773.dogwood.wcoss2.ncep.noaa.gov 2:  MAX/MIN U WIND AT LEVEL           62 IS:    80.60547      -38.28516    
nid001641.dogwood.wcoss2.ncep.noaa.gov 1:  MAX/MIN U WIND AT LEVEL           70 IS:    85.19141      -31.96875    
nid003773.dogwood.wcoss2.ncep.noaa.gov 2:  MAX/MIN U WIND AT LEVEL           63 IS:    82.79688      -39.11328    
nid001162.dogwood.wcoss2.ncep.noaa.gov 0:  MAX/MIN U WIND AT LEVEL           37 IS:    44.05078      -27.75879    
nid001641.dogwood.wcoss2.ncep.noaa.gov 1:  MAX/MIN U WIND AT LEVEL           71 IS:    83.23047      -32.73828    
nid003773.dogwood.wcoss2.ncep.noaa.gov 2:  MAX/MIN U WIND AT LEVEL           64 IS:    82.96094      -39.01367    
nid001162.dogwood.wcoss2.ncep.noaa.gov 0:  MAX/MIN U WIND AT LEVEL           38 IS:    43.53711      -26.41602    
nid001641.dogwood.wcoss2.ncep.noaa.gov 1:  MAX/MIN U WIND AT LEVEL           72 IS:    83.68359      -32.85742    
nid003773.dogwood.wcoss2.ncep.noaa.gov 2:  MAX/MIN U WIND AT LEVEL           65 IS:    84.21094      -37.68945    
nid001641.dogwood.wcoss2.ncep.noaa.gov 1:  MAX/MIN U WIND AT LEVEL           73 IS:    83.72656      -27.64355    
nid003773.dogwood.wcoss2.ncep.noaa.gov 2:  MAX/MIN U WIND AT LEVEL           66 IS:    85.19922      -36.66406    
nid001162.dogwood.wcoss2.ncep.noaa.gov 0:  MAX/MIN U WIND AT LEVEL           39 IS:    43.19922      -25.49609    
nid001641.dogwood.wcoss2.ncep.noaa.gov 1:  MAX/MIN U WIND AT LEVEL           74 IS:    82.99609      -29.68457    
nid003773.dogwood.wcoss2.ncep.noaa.gov 2:  MAX/MIN U WIND AT LEVEL           67 IS:    87.60547      -37.19727    
nid001641.dogwood.wcoss2.ncep.noaa.gov 1:  MAX/MIN U WIND AT LEVEL           75 IS:    82.01562      -31.53711    
nid001162.dogwood.wcoss2.ncep.noaa.gov 0:  MAX/MIN U WIND AT LEVEL           40 IS:    44.36133      -25.51367    
nid003773.dogwood.wcoss2.ncep.noaa.gov 2:  MAX/MIN U WIND AT LEVEL           68 IS:    88.18359      -37.39844    
nid001641.dogwood.wcoss2.ncep.noaa.gov 1:  MAX/MIN U WIND AT LEVEL           76 IS:    80.62891      -38.74023    
nid003773.dogwood.wcoss2.ncep.noaa.gov 2:  MAX/MIN U WIND AT LEVEL           69 IS:    85.91016      -37.21484    
nid001162.dogwood.wcoss2.ncep.noaa.gov 0:  MAX/MIN U WIND AT LEVEL           41 IS:    47.20117      -25.24316    
nid001641.dogwood.wcoss2.ncep.noaa.gov 1:  MAX/MIN U WIND AT LEVEL           77 IS:    78.09375      -44.32617    
nid003773.dogwood.wcoss2.ncep.noaa.gov 2:  MAX/MIN U WIND AT LEVEL           70 IS:    83.35156      -37.21094    
nid001641.dogwood.wcoss2.ncep.noaa.gov 1:  MAX/MIN U WIND AT LEVEL           78 IS:    71.21875      -47.59375    
nid001162.dogwood.wcoss2.ncep.noaa.gov 0:  MAX/MIN U WIND AT LEVEL           42 IS:    49.38086      -24.97363    
nid003773.dogwood.wcoss2.ncep.noaa.gov 2:  MAX/MIN U WIND AT LEVEL           71 IS:    83.69531      -36.66016    
nid001641.dogwood.wcoss2.ncep.noaa.gov 1:  MAX/MIN U WIND AT LEVEL           79 IS:    67.29688      -48.16992    
nid003773.dogwood.wcoss2.ncep.noaa.gov 2:  MAX/MIN U WIND AT LEVEL           72 IS:    83.51562      -33.50000    
nid001162.dogwood.wcoss2.ncep.noaa.gov 0:  MAX/MIN U WIND AT LEVEL           43 IS:    49.33984      -24.56250    
nid001641.dogwood.wcoss2.ncep.noaa.gov 1:  MAX/MIN U WIND AT LEVEL           80 IS:    61.72461      -46.33203    
nid003773.dogwood.wcoss2.ncep.noaa.gov 2:  MAX/MIN U WIND AT LEVEL           73 IS:    84.88672      -29.64941    
nid001641.dogwood.wcoss2.ncep.noaa.gov 1:  MAX/MIN U WIND AT LEVEL           81 IS:    58.53320      -43.83984    
nid001162.dogwood.wcoss2.ncep.noaa.gov 0:  MAX/MIN U WIND AT LEVEL           44 IS:    47.79102      -25.88281    
nid003773.dogwood.wcoss2.ncep.noaa.gov 2:  MAX/MIN U WIND AT LEVEL           74 IS:    84.33594      -31.52148    
nid001641.dogwood.wcoss2.ncep.noaa.gov 1:  MAX/MIN U WIND AT LEVEL           82 IS:    57.41016      -40.50000    
nid003773.dogwood.wcoss2.ncep.noaa.gov 2:  MAX/MIN U WIND AT LEVEL           75 IS:    83.76953      -34.80859    
nid001162.dogwood.wcoss2.ncep.noaa.gov 0:  MAX/MIN U WIND AT LEVEL           45 IS:    48.61133      -28.22266    
nid001641.dogwood.wcoss2.ncep.noaa.gov 1:  MAX/MIN U WIND AT LEVEL           83 IS:    57.42578      -36.61719    
nid003773.dogwood.wcoss2.ncep.noaa.gov 2:  MAX/MIN U WIND AT LEVEL           76 IS:    81.84375      -39.09570    
nid001641.dogwood.wcoss2.ncep.noaa.gov 1:  MAX/MIN U WIND AT LEVEL           84 IS:    53.36914      -29.20020    
nid003773.dogwood.wcoss2.ncep.noaa.gov 2:  MAX/MIN U WIND AT LEVEL           77 IS:    75.93750      -40.50000    
nid001162.dogwood.wcoss2.ncep.noaa.gov 0:  MAX/MIN U WIND AT LEVEL           46 IS:    49.64258      -29.92285    
nid001641.dogwood.wcoss2.ncep.noaa.gov 1:  MAX/MIN U WIND AT LEVEL           85 IS:    53.73242      -23.03906    
nid003773.dogwood.wcoss2.ncep.noaa.gov 2:  MAX/MIN U WIND AT LEVEL           78 IS:    72.20703      -43.17383    
nid001162.dogwood.wcoss2.ncep.noaa.gov 0:  MAX/MIN U WIND AT LEVEL           47 IS:    50.55273      -33.26172    
nid001641.dogwood.wcoss2.ncep.noaa.gov 1:  MAX/MIN U WIND AT LEVEL           86 IS:    54.49023      -20.25391    
nid003773.dogwood.wcoss2.ncep.noaa.gov 2:  MAX/MIN U WIND AT LEVEL           79 IS:    68.27344      -44.29297    
nid001641.dogwood.wcoss2.ncep.noaa.gov 1:  MAX/MIN U WIND AT LEVEL           87 IS:    54.57812      -16.52930    
nid003773.dogwood.wcoss2.ncep.noaa.gov 2:  MAX/MIN U WIND AT LEVEL           80 IS:    63.86523      -41.50000    
nid001162.dogwood.wcoss2.ncep.noaa.gov 0:  MAX/MIN U WIND AT LEVEL           48 IS:    51.29688      -36.14453    
nid001641.dogwood.wcoss2.ncep.noaa.gov 1:  MAX/MIN U WIND AT LEVEL           88 IS:    54.82422      -15.81104    
nid003773.dogwood.wcoss2.ncep.noaa.gov 2:  MAX/MIN U WIND AT LEVEL           81 IS:    60.10938      -40.34570    
nid001641.dogwood.wcoss2.ncep.noaa.gov 1:  MAX/MIN U WIND AT LEVEL           89 IS:    54.73047      -17.03125    
nid001162.dogwood.wcoss2.ncep.noaa.gov 0:  MAX/MIN U WIND AT LEVEL           49 IS:    54.75000      -34.94531    
nid003773.dogwood.wcoss2.ncep.noaa.gov 2:  MAX/MIN U WIND AT LEVEL           82 IS:    54.70898      -37.96094    
nid001641.dogwood.wcoss2.ncep.noaa.gov 1:  MAX/MIN U WIND AT LEVEL           90 IS:    54.71094      -14.87061    
nid003773.dogwood.wcoss2.ncep.noaa.gov 2:  MAX/MIN U WIND AT LEVEL           83 IS:    53.56250      -30.58398    
nid001162.dogwood.wcoss2.ncep.noaa.gov 0:  MAX/MIN U WIND AT LEVEL           50 IS:    57.76562      -35.32617    
nid001641.dogwood.wcoss2.ncep.noaa.gov 1:  MAX/MIN U WIND AT LEVEL           91 IS:    55.40234      -14.54590    
nid003773.dogwood.wcoss2.ncep.noaa.gov 2:  MAX/MIN U WIND AT LEVEL           84 IS:    53.38281      -27.20312    
nid001641.dogwood.wcoss2.ncep.noaa.gov 1:  MAX/MIN U WIND AT LEVEL           92 IS:    55.09375      -14.80273    
nid001162.dogwood.wcoss2.ncep.noaa.gov 0:  MAX/MIN U WIND AT LEVEL           51 IS:    59.93945      -36.16406    
nid003773.dogwood.wcoss2.ncep.noaa.gov 2:  MAX/MIN U WIND AT LEVEL           85 IS:    54.33398      -23.59961    
nid001641.dogwood.wcoss2.ncep.noaa.gov 1:  MAX/MIN U WIND AT LEVEL           93 IS:    55.51953      -15.05127    
nid003773.dogwood.wcoss2.ncep.noaa.gov 2:  MAX/MIN U WIND AT LEVEL           86 IS:    54.52930      -21.74219    
nid001162.dogwood.wcoss2.ncep.noaa.gov 0:  MAX/MIN U WIND AT LEVEL           52 IS:    61.33398      -36.76758    
nid001641.dogwood.wcoss2.ncep.noaa.gov 1:  MAX/MIN U WIND AT LEVEL           94 IS:    56.61523      -15.70215    
nid003773.dogwood.wcoss2.ncep.noaa.gov 2:  MAX/MIN U WIND AT LEVEL           87 IS:    55.12891      -15.38916    
nid001641.dogwood.wcoss2.ncep.noaa.gov 1:  MAX/MIN U WIND AT LEVEL           95 IS:    56.81055      -17.15137    
nid003773.dogwood.wcoss2.ncep.noaa.gov 2:  MAX/MIN U WIND AT LEVEL           88 IS:    55.30273      -14.18262    
nid001162.dogwood.wcoss2.ncep.noaa.gov 0:  MAX/MIN U WIND AT LEVEL           53 IS:    63.54688      -37.58398    
nid001641.dogwood.wcoss2.ncep.noaa.gov 1:  MAX/MIN U WIND AT LEVEL           96 IS:    56.71484      -18.92578    
nid003773.dogwood.wcoss2.ncep.noaa.gov 2:  MAX/MIN U WIND AT LEVEL           89 IS:    54.57617      -15.62256    
nid001162.dogwood.wcoss2.ncep.noaa.gov 0:  MAX/MIN U WIND AT LEVEL           54 IS:    65.73438      -37.98047    
nid001641.dogwood.wcoss2.ncep.noaa.gov 1:  MAX/MIN U WIND AT LEVEL           97 IS:    56.46484      -20.44238    
nid003773.dogwood.wcoss2.ncep.noaa.gov 2:  MAX/MIN U WIND AT LEVEL           90 IS:    54.00586      -14.99805    
nid001641.dogwood.wcoss2.ncep.noaa.gov 1:  MAX/MIN U WIND AT LEVEL           98 IS:    57.12500      -21.67383    
nid003773.dogwood.wcoss2.ncep.noaa.gov 2:  MAX/MIN U WIND AT LEVEL           91 IS:    53.83984      -15.01465    
nid001162.dogwood.wcoss2.ncep.noaa.gov 0:  MAX/MIN U WIND AT LEVEL           55 IS:    67.08984      -38.50195    
nid001641.dogwood.wcoss2.ncep.noaa.gov 1:  MAX/MIN U WIND AT LEVEL           99 IS:    57.31641      -22.42773    
nid003773.dogwood.wcoss2.ncep.noaa.gov 2:  MAX/MIN U WIND AT LEVEL           92 IS:    55.08008      -14.97754    
nid001162.dogwood.wcoss2.ncep.noaa.gov 0:  MAX/MIN U WIND AT LEVEL           56 IS:    68.10547      -37.71289    
nid001641.dogwood.wcoss2.ncep.noaa.gov 1:  MAX/MIN U WIND AT LEVEL          100 IS:    57.16992      -24.08496    
nid003773.dogwood.wcoss2.ncep.noaa.gov 2:  MAX/MIN U WIND AT LEVEL           93 IS:    55.87891      -15.76172    
nid001641.dogwood.wcoss2.ncep.noaa.gov 1:  MAX/MIN U WIND AT LEVEL          101 IS:    60.26172      -26.04980    
nid003773.dogwood.wcoss2.ncep.noaa.gov 2:  MAX/MIN U WIND AT LEVEL           94 IS:    56.06250      -16.52832    
nid001162.dogwood.wcoss2.ncep.noaa.gov 0:  MAX/MIN U WIND AT LEVEL           57 IS:    72.05469      -36.48047    
nid001641.dogwood.wcoss2.ncep.noaa.gov 1:  MAX/MIN U WIND AT LEVEL          102 IS:    66.94531      -26.04199    
nid003773.dogwood.wcoss2.ncep.noaa.gov 2:  MAX/MIN U WIND AT LEVEL           95 IS:    56.32812      -17.80176    
nid001641.dogwood.wcoss2.ncep.noaa.gov 1:  MAX/MIN U WIND AT LEVEL          103 IS:    71.31250      -25.68945    
nid001162.dogwood.wcoss2.ncep.noaa.gov 0:  MAX/MIN U WIND AT LEVEL           58 IS:    75.26953      -36.77539    
nid003773.dogwood.wcoss2.ncep.noaa.gov 2:  MAX/MIN U WIND AT LEVEL           96 IS:    55.90234      -18.61230    
nid001641.dogwood.wcoss2.ncep.noaa.gov 1:  MAX/MIN U WIND AT LEVEL          104 IS:    79.98438      -29.97461    
nid003773.dogwood.wcoss2.ncep.noaa.gov 2:  MAX/MIN U WIND AT LEVEL           97 IS:    56.60938      -19.28516    
nid001162.dogwood.wcoss2.ncep.noaa.gov 0:  MAX/MIN U WIND AT LEVEL           59 IS:    74.48438      -35.86914    
nid001641.dogwood.wcoss2.ncep.noaa.gov 1:  MAX/MIN U WIND AT LEVEL          105 IS:    92.33594      -34.40234    
nid003773.dogwood.wcoss2.ncep.noaa.gov 2:  MAX/MIN U WIND AT LEVEL           98 IS:    55.98047      -21.10449    
nid001641.dogwood.wcoss2.ncep.noaa.gov 1:  MAX/MIN U WIND AT LEVEL          106 IS:    105.7969      -41.42578    
nid001162.dogwood.wcoss2.ncep.noaa.gov 0:  MAX/MIN U WIND AT LEVEL           60 IS:    76.64453      -36.49219    
nid003773.dogwood.wcoss2.ncep.noaa.gov 2:  MAX/MIN U WIND AT LEVEL           99 IS:    54.49609      -22.53809    
nid001641.dogwood.wcoss2.ncep.noaa.gov 1:  MAX/MIN U WIND AT LEVEL          107 IS:    114.3789      -47.58203    
nid003773.dogwood.wcoss2.ncep.noaa.gov 2:  MAX/MIN U WIND AT LEVEL          100 IS:    55.48828      -24.14453    
nid001162.dogwood.wcoss2.ncep.noaa.gov 0:  MAX/MIN U WIND AT LEVEL           61 IS:    78.66797      -36.74023    
nid001641.dogwood.wcoss2.ncep.noaa.gov 1:  MAX/MIN U WIND AT LEVEL          108 IS:    121.7344      -51.41211    
nid003773.dogwood.wcoss2.ncep.noaa.gov 2:  MAX/MIN U WIND AT LEVEL          101 IS:    60.84570      -25.05566    
nid001641.dogwood.wcoss2.ncep.noaa.gov 1:  MAX/MIN U WIND AT LEVEL          109 IS:    127.5156      -50.96680    
nid003773.dogwood.wcoss2.ncep.noaa.gov 2:  MAX/MIN U WIND AT LEVEL          102 IS:    65.88672      -24.98535    
nid001162.dogwood.wcoss2.ncep.noaa.gov 0:  MAX/MIN U WIND AT LEVEL           62 IS:    83.12891      -36.98828    
nid001641.dogwood.wcoss2.ncep.noaa.gov 1:  MAX/MIN U WIND AT LEVEL          110 IS:    127.6328      -51.21289    
nid003773.dogwood.wcoss2.ncep.noaa.gov 2:  MAX/MIN U WIND AT LEVEL          103 IS:    70.19141      -26.20215    
nid001162.dogwood.wcoss2.ncep.noaa.gov 0:  MAX/MIN U WIND AT LEVEL           63 IS:    87.49219      -37.85938    
nid001641.dogwood.wcoss2.ncep.noaa.gov 1:  MAX/MIN U WIND AT LEVEL          111 IS:    126.4883      -49.94336    
nid003773.dogwood.wcoss2.ncep.noaa.gov 2:  MAX/MIN U WIND AT LEVEL          104 IS:    78.89453      -30.37305    
nid001641.dogwood.wcoss2.ncep.noaa.gov 1:  MAX/MIN U WIND AT LEVEL          112 IS:    128.4922      -43.28516    
nid003773.dogwood.wcoss2.ncep.noaa.gov 2:  MAX/MIN U WIND AT LEVEL          105 IS:    90.88672      -33.19141    
nid001162.dogwood.wcoss2.ncep.noaa.gov 0:  MAX/MIN U WIND AT LEVEL           64 IS:    86.03906      -38.87891    
nid001641.dogwood.wcoss2.ncep.noaa.gov 1:  MAX/MIN U WIND AT LEVEL          113 IS:    131.4688      -44.57422    
nid003773.dogwood.wcoss2.ncep.noaa.gov 2:  MAX/MIN U WIND AT LEVEL          106 IS:    103.2461      -41.64453    
nid001162.dogwood.wcoss2.ncep.noaa.gov 0:  MAX/MIN U WIND AT LEVEL           65 IS:    91.63672      -39.39453    
nid001641.dogwood.wcoss2.ncep.noaa.gov 1:  MAX/MIN U WIND AT LEVEL          114 IS:    140.7188      -44.61523    
nid003773.dogwood.wcoss2.ncep.noaa.gov 2:  MAX/MIN U WIND AT LEVEL          107 IS:    113.6680      -47.08008    
nid001641.dogwood.wcoss2.ncep.noaa.gov 1:  MAX/MIN U WIND AT LEVEL          115 IS:    153.2578      -47.16992    
nid003773.dogwood.wcoss2.ncep.noaa.gov 2:  MAX/MIN U WIND AT LEVEL          108 IS:    121.3086      -48.30273    
nid001162.dogwood.wcoss2.ncep.noaa.gov 0:  MAX/MIN U WIND AT LEVEL           66 IS:    91.31641      -39.94531    
nid001641.dogwood.wcoss2.ncep.noaa.gov 1:  MAX/MIN U WIND AT LEVEL          116 IS:    163.5703      -49.67383    
nid003773.dogwood.wcoss2.ncep.noaa.gov 2:  MAX/MIN U WIND AT LEVEL          109 IS:    132.0391      -49.19727    
nid001162.dogwood.wcoss2.ncep.noaa.gov 0:  MAX/MIN U WIND AT LEVEL           67 IS:    90.35156      -35.55469    
nid001641.dogwood.wcoss2.ncep.noaa.gov 1:  MAX/MIN U WIND AT LEVEL          117 IS:    171.9141      -51.23828    
nid003773.dogwood.wcoss2.ncep.noaa.gov 2:  MAX/MIN U WIND AT LEVEL          110 IS:    137.3281      -45.48828    
nid001641.dogwood.wcoss2.ncep.noaa.gov 1:  MAX/MIN U WIND AT LEVEL          118 IS:    173.2188      -54.92969    
nid003773.dogwood.wcoss2.ncep.noaa.gov 2:  MAX/MIN U WIND AT LEVEL          111 IS:    138.5859      -45.42969    
nid001162.dogwood.wcoss2.ncep.noaa.gov 0:  MAX/MIN U WIND AT LEVEL           68 IS:    87.75000      -30.32129    
nid001641.dogwood.wcoss2.ncep.noaa.gov 1:  MAX/MIN U WIND AT LEVEL          119 IS:    165.4141      -64.26172    
nid003773.dogwood.wcoss2.ncep.noaa.gov 2:  MAX/MIN U WIND AT LEVEL          112 IS:    136.5078      -39.16602    
nid001641.dogwood.wcoss2.ncep.noaa.gov 1:  MAX/MIN U WIND AT LEVEL          120 IS:    157.7969      -71.88281    
nid001162.dogwood.wcoss2.ncep.noaa.gov 0:  MAX/MIN U WIND AT LEVEL           69 IS:    87.90234      -30.76465    
nid003773.dogwood.wcoss2.ncep.noaa.gov 2:  MAX/MIN U WIND AT LEVEL          113 IS:    137.5859      -42.23242    
nid001641.dogwood.wcoss2.ncep.noaa.gov 1:  MAX/MIN U WIND AT LEVEL          121 IS:    141.2422      -71.72656    
nid003773.dogwood.wcoss2.ncep.noaa.gov 2:  MAX/MIN U WIND AT LEVEL          114 IS:    142.7734      -43.29492    
nid001162.dogwood.wcoss2.ncep.noaa.gov 0:  MAX/MIN U WIND AT LEVEL           70 IS:    87.48047      -29.70605    
nid001641.dogwood.wcoss2.ncep.noaa.gov 1:  MAX/MIN U WIND AT LEVEL          122 IS:    121.7422      -68.08984    
nid003773.dogwood.wcoss2.ncep.noaa.gov 2:  MAX/MIN U WIND AT LEVEL          115 IS:    149.5000      -43.05078    
nid001641.dogwood.wcoss2.ncep.noaa.gov 1:  MAX/MIN U WIND AT LEVEL          123 IS:    107.5117      -67.69141    
nid003773.dogwood.wcoss2.ncep.noaa.gov 2:  MAX/MIN U WIND AT LEVEL          116 IS:    155.1797      -48.47656    
nid001162.dogwood.wcoss2.ncep.noaa.gov 0:  MAX/MIN U WIND AT LEVEL           71 IS:    85.40625      -27.39648    
nid001641.dogwood.wcoss2.ncep.noaa.gov 1:  MAX/MIN U WIND AT LEVEL          124 IS:    108.5742      -63.99023    
nid003773.dogwood.wcoss2.ncep.noaa.gov 2:  MAX/MIN U WIND AT LEVEL          117 IS:    159.0312      -54.05078    
nid001162.dogwood.wcoss2.ncep.noaa.gov 0:  MAX/MIN U WIND AT LEVEL           72 IS:    83.04688      -27.89258    
nid001641.dogwood.wcoss2.ncep.noaa.gov 1:  MAX/MIN U WIND AT LEVEL          125 IS:    134.3984      -72.31250    
nid003773.dogwood.wcoss2.ncep.noaa.gov 2:  MAX/MIN U WIND AT LEVEL          118 IS:    159.3906      -56.27930    
nid001641.dogwood.wcoss2.ncep.noaa.gov 1:  MAX/MIN U WIND AT LEVEL          126 IS:    162.6094      -90.20312    
nid003773.dogwood.wcoss2.ncep.noaa.gov 2:  MAX/MIN U WIND AT LEVEL          119 IS:    147.4062      -57.61914    
nid001162.dogwood.wcoss2.ncep.noaa.gov 0:  MAX/MIN U WIND AT LEVEL           73 IS:    82.35156      -27.98047    
nid001641.dogwood.wcoss2.ncep.noaa.gov 1:  MAX/MIN U WIND AT LEVEL          127 IS:    174.8828      -110.0352    
 
 READ V WIND
nid003773.dogwood.wcoss2.ncep.noaa.gov 2:  MAX/MIN U WIND AT LEVEL          120 IS:    136.4531      -65.70703    
nid001162.dogwood.wcoss2.ncep.noaa.gov 0:  MAX/MIN U WIND AT LEVEL           74 IS:    82.53516      -29.45215    
nid003773.dogwood.wcoss2.ncep.noaa.gov 2:  MAX/MIN U WIND AT LEVEL          121 IS:    120.3359      -64.71875    
nid003773.dogwood.wcoss2.ncep.noaa.gov 2:  MAX/MIN U WIND AT LEVEL          122 IS:    111.2773      -69.49609    
nid001162.dogwood.wcoss2.ncep.noaa.gov 0:  MAX/MIN U WIND AT LEVEL           75 IS:    81.62891      -30.83984    
nid003773.dogwood.wcoss2.ncep.noaa.gov 2:  MAX/MIN U WIND AT LEVEL          123 IS:    105.6289      -74.12500    
nid001162.dogwood.wcoss2.ncep.noaa.gov 0:  MAX/MIN U WIND AT LEVEL           76 IS:    78.83984      -32.82422    
nid003773.dogwood.wcoss2.ncep.noaa.gov 2:  MAX/MIN U WIND AT LEVEL          124 IS:    103.0859      -77.65625    
nid003773.dogwood.wcoss2.ncep.noaa.gov 2:  MAX/MIN U WIND AT LEVEL          125 IS:    126.2188      -82.55469    
nid001162.dogwood.wcoss2.ncep.noaa.gov 0:  MAX/MIN U WIND AT LEVEL           77 IS:    75.80469      -34.53711    
nid003773.dogwood.wcoss2.ncep.noaa.gov 2:  MAX/MIN U WIND AT LEVEL          126 IS:    150.5547      -100.7383    
nid001162.dogwood.wcoss2.ncep.noaa.gov 0:  MAX/MIN U WIND AT LEVEL           78 IS:    71.31641      -37.16406    
nid003773.dogwood.wcoss2.ncep.noaa.gov 2:  MAX/MIN U WIND AT LEVEL          127 IS:    166.4141      -117.3398    
 
 READ V WIND
nid001162.dogwood.wcoss2.ncep.noaa.gov 0:  MAX/MIN U WIND AT LEVEL           79 IS:    67.95703      -45.29297    
nid001162.dogwood.wcoss2.ncep.noaa.gov 0:  MAX/MIN U WIND AT LEVEL           80 IS:    63.23242      -43.85156    
nid001162.dogwood.wcoss2.ncep.noaa.gov 0:  MAX/MIN U WIND AT LEVEL           81 IS:    61.04492      -42.34961    
nid001162.dogwood.wcoss2.ncep.noaa.gov 0:  MAX/MIN U WIND AT LEVEL           82 IS:    60.46289      -38.16602    
nid001162.dogwood.wcoss2.ncep.noaa.gov 0:  MAX/MIN U WIND AT LEVEL           83 IS:    60.38672      -35.95117    
nid001162.dogwood.wcoss2.ncep.noaa.gov 0:  MAX/MIN U WIND AT LEVEL           84 IS:    55.03125      -35.46484    
nid001162.dogwood.wcoss2.ncep.noaa.gov 0:  MAX/MIN U WIND AT LEVEL           85 IS:    53.51367      -30.54492    
nid001162.dogwood.wcoss2.ncep.noaa.gov 0:  MAX/MIN U WIND AT LEVEL           86 IS:    53.75977      -20.94336    
nid001162.dogwood.wcoss2.ncep.noaa.gov 0:  MAX/MIN U WIND AT LEVEL           87 IS:    54.19727      -15.09033    
nid001162.dogwood.wcoss2.ncep.noaa.gov 0:  MAX/MIN U WIND AT LEVEL           88 IS:    54.66797      -16.59082    
nid001162.dogwood.wcoss2.ncep.noaa.gov 0:  MAX/MIN U WIND AT LEVEL           89 IS:    54.64648      -16.44238    
nid001162.dogwood.wcoss2.ncep.noaa.gov 0:  MAX/MIN U WIND AT LEVEL           90 IS:    56.18164      -14.69727    
nid001162.dogwood.wcoss2.ncep.noaa.gov 0:  MAX/MIN U WIND AT LEVEL           91 IS:    57.97461      -13.89893    
nid001162.dogwood.wcoss2.ncep.noaa.gov 0:  MAX/MIN U WIND AT LEVEL           92 IS:    58.37695      -15.71191    
nid001162.dogwood.wcoss2.ncep.noaa.gov 0:  MAX/MIN U WIND AT LEVEL           93 IS:    57.31445      -14.83447    
nid001162.dogwood.wcoss2.ncep.noaa.gov 0:  MAX/MIN U WIND AT LEVEL           94 IS:    57.28125      -14.82959    
nid001162.dogwood.wcoss2.ncep.noaa.gov 0:  MAX/MIN U WIND AT LEVEL           95 IS:    58.05273      -16.29883    
nid001162.dogwood.wcoss2.ncep.noaa.gov 0:  MAX/MIN U WIND AT LEVEL           96 IS:    57.92188      -17.60645    
nid001162.dogwood.wcoss2.ncep.noaa.gov 0:  MAX/MIN U WIND AT LEVEL           97 IS:    58.49805      -20.07324    
nid001162.dogwood.wcoss2.ncep.noaa.gov 0:  MAX/MIN U WIND AT LEVEL           98 IS:    58.91602      -22.71484    
nid001162.dogwood.wcoss2.ncep.noaa.gov 0:  MAX/MIN U WIND AT LEVEL           99 IS:    57.28516      -24.11719    
nid001162.dogwood.wcoss2.ncep.noaa.gov 0:  MAX/MIN U WIND AT LEVEL          100 IS:    55.33984      -24.50586    
nid001162.dogwood.wcoss2.ncep.noaa.gov 0:  MAX/MIN U WIND AT LEVEL          101 IS:    60.59961      -23.78613    
nid001162.dogwood.wcoss2.ncep.noaa.gov 0:  MAX/MIN U WIND AT LEVEL          102 IS:    65.22656      -24.11719    
nid001162.dogwood.wcoss2.ncep.noaa.gov 0:  MAX/MIN U WIND AT LEVEL          103 IS:    70.91016      -25.94531    
nid001162.dogwood.wcoss2.ncep.noaa.gov 0:  MAX/MIN U WIND AT LEVEL          104 IS:    81.08203      -28.65625    
nid001162.dogwood.wcoss2.ncep.noaa.gov 0:  MAX/MIN U WIND AT LEVEL          105 IS:    91.06641      -32.88672    
nid001162.dogwood.wcoss2.ncep.noaa.gov 0:  MAX/MIN U WIND AT LEVEL          106 IS:    105.1953      -42.06250    
nid001162.dogwood.wcoss2.ncep.noaa.gov 0:  MAX/MIN U WIND AT LEVEL          107 IS:    119.6250      -47.89062    
nid001162.dogwood.wcoss2.ncep.noaa.gov 0:  MAX/MIN U WIND AT LEVEL          108 IS:    125.2773      -52.04102    
nid001162.dogwood.wcoss2.ncep.noaa.gov 0:  MAX/MIN U WIND AT LEVEL          109 IS:    125.1367      -54.87109    
nid001162.dogwood.wcoss2.ncep.noaa.gov 0:  MAX/MIN U WIND AT LEVEL          110 IS:    125.0156      -53.40430    
nid001162.dogwood.wcoss2.ncep.noaa.gov 0:  MAX/MIN U WIND AT LEVEL          111 IS:    124.3359      -51.79883    
nid001162.dogwood.wcoss2.ncep.noaa.gov 0:  MAX/MIN U WIND AT LEVEL          112 IS:    128.0312      -46.19531    
nid001162.dogwood.wcoss2.ncep.noaa.gov 0:  MAX/MIN U WIND AT LEVEL          113 IS:    131.4453      -47.76367    
nid001162.dogwood.wcoss2.ncep.noaa.gov 0:  MAX/MIN U WIND AT LEVEL          114 IS:    137.3359      -46.41602    
nid001162.dogwood.wcoss2.ncep.noaa.gov 0:  MAX/MIN U WIND AT LEVEL          115 IS:    150.6250      -46.06836    
nid001162.dogwood.wcoss2.ncep.noaa.gov 0:  MAX/MIN U WIND AT LEVEL          116 IS:    162.9297      -48.28125    
nid001162.dogwood.wcoss2.ncep.noaa.gov 0:  MAX/MIN U WIND AT LEVEL          117 IS:    174.2344      -53.54688    
nid001162.dogwood.wcoss2.ncep.noaa.gov 0:  MAX/MIN U WIND AT LEVEL          118 IS:    176.7656      -54.99414    
nid001162.dogwood.wcoss2.ncep.noaa.gov 0:  MAX/MIN U WIND AT LEVEL          119 IS:    177.1406      -58.79492    
nid001162.dogwood.wcoss2.ncep.noaa.gov 0:  MAX/MIN U WIND AT LEVEL          120 IS:    175.9531      -65.26562    
nid001162.dogwood.wcoss2.ncep.noaa.gov 0:  MAX/MIN U WIND AT LEVEL          121 IS:    162.7812      -72.67578    
nid001162.dogwood.wcoss2.ncep.noaa.gov 0:  MAX/MIN U WIND AT LEVEL          122 IS:    138.4766      -75.90234    
nid001162.dogwood.wcoss2.ncep.noaa.gov 0:  MAX/MIN U WIND AT LEVEL          123 IS:    116.1367      -70.91797    
nid001162.dogwood.wcoss2.ncep.noaa.gov 0:  MAX/MIN U WIND AT LEVEL          124 IS:    105.0508      -69.08594    
nid001162.dogwood.wcoss2.ncep.noaa.gov 0:  MAX/MIN U WIND AT LEVEL          125 IS:    129.7969      -80.27344    
nid001162.dogwood.wcoss2.ncep.noaa.gov 0:  MAX/MIN U WIND AT LEVEL          126 IS:    144.4219      -99.33203    
nid001162.dogwood.wcoss2.ncep.noaa.gov 0:  MAX/MIN U WIND AT LEVEL          127 IS:    149.9219      -116.9102    
 
 READ V WIND
nid001641.dogwood.wcoss2.ncep.noaa.gov 1:  MAX/MIN V WIND AT LEVEL            1 IS:    22.87891      -26.05469    
nid001641.dogwood.wcoss2.ncep.noaa.gov 1:  MAX/MIN V WIND AT LEVEL            2 IS:    24.34863      -29.02637    
nid001641.dogwood.wcoss2.ncep.noaa.gov 1:  MAX/MIN V WIND AT LEVEL            3 IS:    25.91992      -31.12305    
nid001641.dogwood.wcoss2.ncep.noaa.gov 1:  MAX/MIN V WIND AT LEVEL            4 IS:    27.13574      -32.88281    
nid001641.dogwood.wcoss2.ncep.noaa.gov 1:  MAX/MIN V WIND AT LEVEL            5 IS:    28.14844      -33.72070    
nid001641.dogwood.wcoss2.ncep.noaa.gov 1:  MAX/MIN V WIND AT LEVEL            6 IS:    29.03516      -33.48633    
nid001641.dogwood.wcoss2.ncep.noaa.gov 1:  MAX/MIN V WIND AT LEVEL            7 IS:    30.14062      -33.94531    
nid001641.dogwood.wcoss2.ncep.noaa.gov 1:  MAX/MIN V WIND AT LEVEL            8 IS:    31.14551      -34.45117    
nid001641.dogwood.wcoss2.ncep.noaa.gov 1:  MAX/MIN V WIND AT LEVEL            9 IS:    31.95703      -34.88281    
nid001641.dogwood.wcoss2.ncep.noaa.gov 1:  MAX/MIN V WIND AT LEVEL           10 IS:    32.66406      -35.26953    
nid003773.dogwood.wcoss2.ncep.noaa.gov 2:  MAX/MIN V WIND AT LEVEL            1 IS:    24.61621      -26.15723    
nid001641.dogwood.wcoss2.ncep.noaa.gov 1:  MAX/MIN V WIND AT LEVEL           11 IS:    33.43750      -35.59570    
nid003773.dogwood.wcoss2.ncep.noaa.gov 2:  MAX/MIN V WIND AT LEVEL            2 IS:    26.16016      -28.14844    
nid001641.dogwood.wcoss2.ncep.noaa.gov 1:  MAX/MIN V WIND AT LEVEL           12 IS:    34.93164      -35.91992    
nid003773.dogwood.wcoss2.ncep.noaa.gov 2:  MAX/MIN V WIND AT LEVEL            3 IS:    27.26660      -29.25195    
nid001641.dogwood.wcoss2.ncep.noaa.gov 1:  MAX/MIN V WIND AT LEVEL           13 IS:    36.40820      -35.85938    
nid003773.dogwood.wcoss2.ncep.noaa.gov 2:  MAX/MIN V WIND AT LEVEL            4 IS:    27.89746      -30.50684    
nid001641.dogwood.wcoss2.ncep.noaa.gov 1:  MAX/MIN V WIND AT LEVEL           14 IS:    38.54102      -35.53906    
nid003773.dogwood.wcoss2.ncep.noaa.gov 2:  MAX/MIN V WIND AT LEVEL            5 IS:    28.26172      -32.03711    
nid001641.dogwood.wcoss2.ncep.noaa.gov 1:  MAX/MIN V WIND AT LEVEL           15 IS:    39.80469      -35.52734    
nid003773.dogwood.wcoss2.ncep.noaa.gov 2:  MAX/MIN V WIND AT LEVEL            6 IS:    29.75391      -32.56641    
nid001641.dogwood.wcoss2.ncep.noaa.gov 1:  MAX/MIN V WIND AT LEVEL           16 IS:    40.41211      -34.91406    
nid003773.dogwood.wcoss2.ncep.noaa.gov 2:  MAX/MIN V WIND AT LEVEL            7 IS:    31.71777      -32.65820    
nid001641.dogwood.wcoss2.ncep.noaa.gov 1:  MAX/MIN V WIND AT LEVEL           17 IS:    40.54297      -35.02344    
nid003773.dogwood.wcoss2.ncep.noaa.gov 2:  MAX/MIN V WIND AT LEVEL            8 IS:    33.05859      -33.18945    
nid001641.dogwood.wcoss2.ncep.noaa.gov 1:  MAX/MIN V WIND AT LEVEL           18 IS:    39.54297      -35.05469    
nid003773.dogwood.wcoss2.ncep.noaa.gov 2:  MAX/MIN V WIND AT LEVEL            9 IS:    34.68750      -33.66797    
nid001641.dogwood.wcoss2.ncep.noaa.gov 1:  MAX/MIN V WIND AT LEVEL           19 IS:    38.79102      -35.09570    
nid003773.dogwood.wcoss2.ncep.noaa.gov 2:  MAX/MIN V WIND AT LEVEL           10 IS:    36.56250      -34.28516    
nid001641.dogwood.wcoss2.ncep.noaa.gov 1:  MAX/MIN V WIND AT LEVEL           20 IS:    39.74805      -35.22070    
nid003773.dogwood.wcoss2.ncep.noaa.gov 2:  MAX/MIN V WIND AT LEVEL           11 IS:    37.30273      -35.47461    
nid001641.dogwood.wcoss2.ncep.noaa.gov 1:  MAX/MIN V WIND AT LEVEL           21 IS:    41.35742      -35.30664    
nid003773.dogwood.wcoss2.ncep.noaa.gov 2:  MAX/MIN V WIND AT LEVEL           12 IS:    37.49023      -36.59766    
nid001641.dogwood.wcoss2.ncep.noaa.gov 1:  MAX/MIN V WIND AT LEVEL           22 IS:    42.69141      -35.58398    
nid003773.dogwood.wcoss2.ncep.noaa.gov 2:  MAX/MIN V WIND AT LEVEL           13 IS:    37.56641      -37.06250    
nid001641.dogwood.wcoss2.ncep.noaa.gov 1:  MAX/MIN V WIND AT LEVEL           23 IS:    43.28516      -35.95312    
nid003773.dogwood.wcoss2.ncep.noaa.gov 2:  MAX/MIN V WIND AT LEVEL           14 IS:    37.99219      -36.94727    
nid001641.dogwood.wcoss2.ncep.noaa.gov 1:  MAX/MIN V WIND AT LEVEL           24 IS:    44.04492      -36.18164    
nid003773.dogwood.wcoss2.ncep.noaa.gov 2:  MAX/MIN V WIND AT LEVEL           15 IS:    37.58984      -36.45508    
nid001641.dogwood.wcoss2.ncep.noaa.gov 1:  MAX/MIN V WIND AT LEVEL           25 IS:    44.15820      -36.22656    
nid003773.dogwood.wcoss2.ncep.noaa.gov 2:  MAX/MIN V WIND AT LEVEL           16 IS:    39.16797      -35.79102    
nid001641.dogwood.wcoss2.ncep.noaa.gov 1:  MAX/MIN V WIND AT LEVEL           26 IS:    44.19531      -36.07812    
nid003773.dogwood.wcoss2.ncep.noaa.gov 2:  MAX/MIN V WIND AT LEVEL           17 IS:    39.46875      -35.81250    
nid001641.dogwood.wcoss2.ncep.noaa.gov 1:  MAX/MIN V WIND AT LEVEL           27 IS:    44.23047      -35.77539    
nid003773.dogwood.wcoss2.ncep.noaa.gov 2:  MAX/MIN V WIND AT LEVEL           18 IS:    38.87500      -36.14648    
nid001641.dogwood.wcoss2.ncep.noaa.gov 1:  MAX/MIN V WIND AT LEVEL           28 IS:    43.97070      -35.30078    
nid003773.dogwood.wcoss2.ncep.noaa.gov 2:  MAX/MIN V WIND AT LEVEL           19 IS:    38.95703      -36.39844    
nid001641.dogwood.wcoss2.ncep.noaa.gov 1:  MAX/MIN V WIND AT LEVEL           29 IS:    43.57812      -34.81250    
nid003773.dogwood.wcoss2.ncep.noaa.gov 2:  MAX/MIN V WIND AT LEVEL           20 IS:    39.53516      -36.29492    
nid001641.dogwood.wcoss2.ncep.noaa.gov 1:  MAX/MIN V WIND AT LEVEL           30 IS:    43.23438      -34.99219    
nid003773.dogwood.wcoss2.ncep.noaa.gov 2:  MAX/MIN V WIND AT LEVEL           21 IS:    39.71289      -35.50977    
nid001641.dogwood.wcoss2.ncep.noaa.gov 1:  MAX/MIN V WIND AT LEVEL           31 IS:    42.99609      -34.93359    
nid003773.dogwood.wcoss2.ncep.noaa.gov 2:  MAX/MIN V WIND AT LEVEL           22 IS:    40.13672      -35.51758    
nid001641.dogwood.wcoss2.ncep.noaa.gov 1:  MAX/MIN V WIND AT LEVEL           32 IS:    42.78320      -34.45312    
nid003773.dogwood.wcoss2.ncep.noaa.gov 2:  MAX/MIN V WIND AT LEVEL           23 IS:    40.67773      -35.34766    
nid001641.dogwood.wcoss2.ncep.noaa.gov 1:  MAX/MIN V WIND AT LEVEL           33 IS:    42.41797      -34.18555    
nid003773.dogwood.wcoss2.ncep.noaa.gov 2:  MAX/MIN V WIND AT LEVEL           24 IS:    41.43359      -34.97266    
nid001641.dogwood.wcoss2.ncep.noaa.gov 1:  MAX/MIN V WIND AT LEVEL           34 IS:    42.13672      -34.01172    
nid003773.dogwood.wcoss2.ncep.noaa.gov 2:  MAX/MIN V WIND AT LEVEL           25 IS:    40.75977      -34.84766    
nid001641.dogwood.wcoss2.ncep.noaa.gov 1:  MAX/MIN V WIND AT LEVEL           35 IS:    41.75391      -33.69922    
nid003773.dogwood.wcoss2.ncep.noaa.gov 2:  MAX/MIN V WIND AT LEVEL           26 IS:    40.55859      -34.59375    
nid001641.dogwood.wcoss2.ncep.noaa.gov 1:  MAX/MIN V WIND AT LEVEL           36 IS:    41.11719      -33.54492    
nid003773.dogwood.wcoss2.ncep.noaa.gov 2:  MAX/MIN V WIND AT LEVEL           27 IS:    40.13086      -34.39648    
nid001641.dogwood.wcoss2.ncep.noaa.gov 1:  MAX/MIN V WIND AT LEVEL           37 IS:    40.44336      -34.11133    
nid003773.dogwood.wcoss2.ncep.noaa.gov 2:  MAX/MIN V WIND AT LEVEL           28 IS:    39.66992      -33.95898    
nid001641.dogwood.wcoss2.ncep.noaa.gov 1:  MAX/MIN V WIND AT LEVEL           38 IS:    39.51562      -34.50781    
nid003773.dogwood.wcoss2.ncep.noaa.gov 2:  MAX/MIN V WIND AT LEVEL           29 IS:    39.12500      -33.15039    
nid001641.dogwood.wcoss2.ncep.noaa.gov 1:  MAX/MIN V WIND AT LEVEL           39 IS:    39.83008      -35.21289    
nid003773.dogwood.wcoss2.ncep.noaa.gov 2:  MAX/MIN V WIND AT LEVEL           30 IS:    39.65625      -33.06055    
nid001641.dogwood.wcoss2.ncep.noaa.gov 1:  MAX/MIN V WIND AT LEVEL           40 IS:    39.99414      -35.07422    
nid003773.dogwood.wcoss2.ncep.noaa.gov 2:  MAX/MIN V WIND AT LEVEL           31 IS:    39.89648      -33.02539    
nid001641.dogwood.wcoss2.ncep.noaa.gov 1:  MAX/MIN V WIND AT LEVEL           41 IS:    41.33398      -35.40625    
nid003773.dogwood.wcoss2.ncep.noaa.gov 2:  MAX/MIN V WIND AT LEVEL           32 IS:    39.94336      -33.14648    
nid001641.dogwood.wcoss2.ncep.noaa.gov 1:  MAX/MIN V WIND AT LEVEL           42 IS:    42.29102      -35.74805    
nid003773.dogwood.wcoss2.ncep.noaa.gov 2:  MAX/MIN V WIND AT LEVEL           33 IS:    39.81055      -33.28125    
nid001641.dogwood.wcoss2.ncep.noaa.gov 1:  MAX/MIN V WIND AT LEVEL           43 IS:    41.72266      -35.77148    
nid003773.dogwood.wcoss2.ncep.noaa.gov 2:  MAX/MIN V WIND AT LEVEL           34 IS:    39.46875      -33.25586    
nid001641.dogwood.wcoss2.ncep.noaa.gov 1:  MAX/MIN V WIND AT LEVEL           44 IS:    43.14648      -36.38477    
nid003773.dogwood.wcoss2.ncep.noaa.gov 2:  MAX/MIN V WIND AT LEVEL           35 IS:    38.94336      -33.30078    
nid001641.dogwood.wcoss2.ncep.noaa.gov 1:  MAX/MIN V WIND AT LEVEL           45 IS:    43.94336      -36.90234    
nid003773.dogwood.wcoss2.ncep.noaa.gov 2:  MAX/MIN V WIND AT LEVEL           36 IS:    38.25195      -32.37109    
nid001641.dogwood.wcoss2.ncep.noaa.gov 1:  MAX/MIN V WIND AT LEVEL           46 IS:    44.06836      -37.18555    
nid003773.dogwood.wcoss2.ncep.noaa.gov 2:  MAX/MIN V WIND AT LEVEL           37 IS:    38.66211      -32.26758    
nid001641.dogwood.wcoss2.ncep.noaa.gov 1:  MAX/MIN V WIND AT LEVEL           47 IS:    45.90430      -37.80273    
nid003773.dogwood.wcoss2.ncep.noaa.gov 2:  MAX/MIN V WIND AT LEVEL           38 IS:    38.81250      -33.01758    
nid001641.dogwood.wcoss2.ncep.noaa.gov 1:  MAX/MIN V WIND AT LEVEL           48 IS:    47.01367      -39.69336    
nid003773.dogwood.wcoss2.ncep.noaa.gov 2:  MAX/MIN V WIND AT LEVEL           39 IS:    39.38672      -33.42773    
nid001641.dogwood.wcoss2.ncep.noaa.gov 1:  MAX/MIN V WIND AT LEVEL           49 IS:    48.19531      -42.42383    
nid003773.dogwood.wcoss2.ncep.noaa.gov 2:  MAX/MIN V WIND AT LEVEL           40 IS:    40.05859      -33.88867    
nid001641.dogwood.wcoss2.ncep.noaa.gov 1:  MAX/MIN V WIND AT LEVEL           50 IS:    47.90820      -44.06250    
nid003773.dogwood.wcoss2.ncep.noaa.gov 2:  MAX/MIN V WIND AT LEVEL           41 IS:    39.39648      -34.49219    
nid001641.dogwood.wcoss2.ncep.noaa.gov 1:  MAX/MIN V WIND AT LEVEL           51 IS:    46.66602      -45.41992    
nid003773.dogwood.wcoss2.ncep.noaa.gov 2:  MAX/MIN V WIND AT LEVEL           42 IS:    37.80664      -34.62891    
nid001641.dogwood.wcoss2.ncep.noaa.gov 1:  MAX/MIN V WIND AT LEVEL           52 IS:    48.92578      -47.59180    
nid003773.dogwood.wcoss2.ncep.noaa.gov 2:  MAX/MIN V WIND AT LEVEL           43 IS:    37.44531      -34.59375    
nid001641.dogwood.wcoss2.ncep.noaa.gov 1:  MAX/MIN V WIND AT LEVEL           53 IS:    51.95703      -49.68359    
nid003773.dogwood.wcoss2.ncep.noaa.gov 2:  MAX/MIN V WIND AT LEVEL           44 IS:    38.77344      -35.06641    
nid001641.dogwood.wcoss2.ncep.noaa.gov 1:  MAX/MIN V WIND AT LEVEL           54 IS:    53.12109      -51.12109    
nid003773.dogwood.wcoss2.ncep.noaa.gov 2:  MAX/MIN V WIND AT LEVEL           45 IS:    39.70898      -35.05859    
nid001641.dogwood.wcoss2.ncep.noaa.gov 1:  MAX/MIN V WIND AT LEVEL           55 IS:    54.13086      -52.44922    
nid003773.dogwood.wcoss2.ncep.noaa.gov 2:  MAX/MIN V WIND AT LEVEL           46 IS:    40.30469      -36.41797    
nid001641.dogwood.wcoss2.ncep.noaa.gov 1:  MAX/MIN V WIND AT LEVEL           56 IS:    54.11914      -52.40430    
nid003773.dogwood.wcoss2.ncep.noaa.gov 2:  MAX/MIN V WIND AT LEVEL           47 IS:    40.74805      -37.79883    
nid001641.dogwood.wcoss2.ncep.noaa.gov 1:  MAX/MIN V WIND AT LEVEL           57 IS:    55.64844      -54.47656    
nid003773.dogwood.wcoss2.ncep.noaa.gov 2:  MAX/MIN V WIND AT LEVEL           48 IS:    42.01953      -39.09570    
nid001641.dogwood.wcoss2.ncep.noaa.gov 1:  MAX/MIN V WIND AT LEVEL           58 IS:    57.89062      -56.37109    
nid003773.dogwood.wcoss2.ncep.noaa.gov 2:  MAX/MIN V WIND AT LEVEL           49 IS:    44.02539      -40.13086    
nid001641.dogwood.wcoss2.ncep.noaa.gov 1:  MAX/MIN V WIND AT LEVEL           59 IS:    60.19141      -55.91406    
nid003773.dogwood.wcoss2.ncep.noaa.gov 2:  MAX/MIN V WIND AT LEVEL           50 IS:    44.40039      -41.00586    
nid001641.dogwood.wcoss2.ncep.noaa.gov 1:  MAX/MIN V WIND AT LEVEL           60 IS:    63.04492      -57.99023    
nid003773.dogwood.wcoss2.ncep.noaa.gov 2:  MAX/MIN V WIND AT LEVEL           51 IS:    46.45898      -42.02539    
nid001641.dogwood.wcoss2.ncep.noaa.gov 1:  MAX/MIN V WIND AT LEVEL           61 IS:    66.38281      -59.54492    
nid003773.dogwood.wcoss2.ncep.noaa.gov 2:  MAX/MIN V WIND AT LEVEL           52 IS:    48.21094      -43.22852    
nid001641.dogwood.wcoss2.ncep.noaa.gov 1:  MAX/MIN V WIND AT LEVEL           62 IS:    68.04297      -61.80664    
nid003773.dogwood.wcoss2.ncep.noaa.gov 2:  MAX/MIN V WIND AT LEVEL           53 IS:    49.88086      -45.80078    
nid001641.dogwood.wcoss2.ncep.noaa.gov 1:  MAX/MIN V WIND AT LEVEL           63 IS:    69.62109      -67.17578    
nid003773.dogwood.wcoss2.ncep.noaa.gov 2:  MAX/MIN V WIND AT LEVEL           54 IS:    51.01758      -48.60352    
nid001641.dogwood.wcoss2.ncep.noaa.gov 1:  MAX/MIN V WIND AT LEVEL           64 IS:    71.46094      -72.12891    
nid003773.dogwood.wcoss2.ncep.noaa.gov 2:  MAX/MIN V WIND AT LEVEL           55 IS:    52.34180      -52.56641    
nid001641.dogwood.wcoss2.ncep.noaa.gov 1:  MAX/MIN V WIND AT LEVEL           65 IS:    71.58984      -71.60547    
nid003773.dogwood.wcoss2.ncep.noaa.gov 2:  MAX/MIN V WIND AT LEVEL           56 IS:    54.54102      -56.08594    
nid001641.dogwood.wcoss2.ncep.noaa.gov 1:  MAX/MIN V WIND AT LEVEL           66 IS:    68.83984      -68.61328    
nid003773.dogwood.wcoss2.ncep.noaa.gov 2:  MAX/MIN V WIND AT LEVEL           57 IS:    56.02344      -58.37109    
nid001641.dogwood.wcoss2.ncep.noaa.gov 1:  MAX/MIN V WIND AT LEVEL           67 IS:    67.99609      -67.98828    
nid003773.dogwood.wcoss2.ncep.noaa.gov 2:  MAX/MIN V WIND AT LEVEL           58 IS:    57.67188      -60.98438    
nid001641.dogwood.wcoss2.ncep.noaa.gov 1:  MAX/MIN V WIND AT LEVEL           68 IS:    67.78516      -66.65234    
nid003773.dogwood.wcoss2.ncep.noaa.gov 2:  MAX/MIN V WIND AT LEVEL           59 IS:    59.72266      -62.58789    
nid001641.dogwood.wcoss2.ncep.noaa.gov 1:  MAX/MIN V WIND AT LEVEL           69 IS:    61.75000      -64.35547    
nid003773.dogwood.wcoss2.ncep.noaa.gov 2:  MAX/MIN V WIND AT LEVEL           60 IS:    63.20508      -63.17188    
nid001641.dogwood.wcoss2.ncep.noaa.gov 1:  MAX/MIN V WIND AT LEVEL           70 IS:    58.43750      -66.13672    
nid003773.dogwood.wcoss2.ncep.noaa.gov 2:  MAX/MIN V WIND AT LEVEL           61 IS:    64.72656      -64.80859    
nid001641.dogwood.wcoss2.ncep.noaa.gov 1:  MAX/MIN V WIND AT LEVEL           71 IS:    59.56836      -66.16016    
nid003773.dogwood.wcoss2.ncep.noaa.gov 2:  MAX/MIN V WIND AT LEVEL           62 IS:    66.14062      -69.95703    
nid001641.dogwood.wcoss2.ncep.noaa.gov 1:  MAX/MIN V WIND AT LEVEL           72 IS:    59.80469      -63.57617    
nid003773.dogwood.wcoss2.ncep.noaa.gov 2:  MAX/MIN V WIND AT LEVEL           63 IS:    67.77734      -73.10938    
nid001641.dogwood.wcoss2.ncep.noaa.gov 1:  MAX/MIN V WIND AT LEVEL           73 IS:    57.53125      -58.91602    
nid003773.dogwood.wcoss2.ncep.noaa.gov 2:  MAX/MIN V WIND AT LEVEL           64 IS:    67.96094      -73.09375    
nid001641.dogwood.wcoss2.ncep.noaa.gov 1:  MAX/MIN V WIND AT LEVEL           74 IS:    55.28320      -52.32617    
nid003773.dogwood.wcoss2.ncep.noaa.gov 2:  MAX/MIN V WIND AT LEVEL           65 IS:    68.52344      -72.24219    
nid001641.dogwood.wcoss2.ncep.noaa.gov 1:  MAX/MIN V WIND AT LEVEL           75 IS:    52.07031      -46.21289    
nid003773.dogwood.wcoss2.ncep.noaa.gov 2:  MAX/MIN V WIND AT LEVEL           66 IS:    68.82422      -70.24219    
nid001641.dogwood.wcoss2.ncep.noaa.gov 1:  MAX/MIN V WIND AT LEVEL           76 IS:    47.92188      -44.63867    
nid003773.dogwood.wcoss2.ncep.noaa.gov 2:  MAX/MIN V WIND AT LEVEL           67 IS:    67.86328      -69.52734    
nid001641.dogwood.wcoss2.ncep.noaa.gov 1:  MAX/MIN V WIND AT LEVEL           77 IS:    47.59180      -41.19336    
nid003773.dogwood.wcoss2.ncep.noaa.gov 2:  MAX/MIN V WIND AT LEVEL           68 IS:    65.16406      -66.95703    
nid001641.dogwood.wcoss2.ncep.noaa.gov 1:  MAX/MIN V WIND AT LEVEL           78 IS:    47.20703      -37.41992    
nid003773.dogwood.wcoss2.ncep.noaa.gov 2:  MAX/MIN V WIND AT LEVEL           69 IS:    60.52539      -67.03125    
nid001641.dogwood.wcoss2.ncep.noaa.gov 1:  MAX/MIN V WIND AT LEVEL           79 IS:    45.63867      -35.24609    
nid003773.dogwood.wcoss2.ncep.noaa.gov 2:  MAX/MIN V WIND AT LEVEL           70 IS:    58.67773      -67.94531    
nid001641.dogwood.wcoss2.ncep.noaa.gov 1:  MAX/MIN V WIND AT LEVEL           80 IS:    43.35742      -34.47461    
nid003773.dogwood.wcoss2.ncep.noaa.gov 2:  MAX/MIN V WIND AT LEVEL           71 IS:    59.42969      -66.34766    
nid001641.dogwood.wcoss2.ncep.noaa.gov 1:  MAX/MIN V WIND AT LEVEL           81 IS:    38.07812      -33.54492    
nid003773.dogwood.wcoss2.ncep.noaa.gov 2:  MAX/MIN V WIND AT LEVEL           72 IS:    58.17773      -63.25586    
nid001641.dogwood.wcoss2.ncep.noaa.gov 1:  MAX/MIN V WIND AT LEVEL           82 IS:    35.50977      -35.28516    
nid003773.dogwood.wcoss2.ncep.noaa.gov 2:  MAX/MIN V WIND AT LEVEL           73 IS:    56.17969      -58.07422    
nid001641.dogwood.wcoss2.ncep.noaa.gov 1:  MAX/MIN V WIND AT LEVEL           83 IS:    35.35938      -33.33984    
nid003773.dogwood.wcoss2.ncep.noaa.gov 2:  MAX/MIN V WIND AT LEVEL           74 IS:    54.03711      -50.24023    
nid001641.dogwood.wcoss2.ncep.noaa.gov 1:  MAX/MIN V WIND AT LEVEL           84 IS:    35.23828      -31.16992    
nid003773.dogwood.wcoss2.ncep.noaa.gov 2:  MAX/MIN V WIND AT LEVEL           75 IS:    49.59961      -47.46680    
nid001641.dogwood.wcoss2.ncep.noaa.gov 1:  MAX/MIN V WIND AT LEVEL           85 IS:    35.62500      -32.23633    
nid003773.dogwood.wcoss2.ncep.noaa.gov 2:  MAX/MIN V WIND AT LEVEL           76 IS:    47.87500      -44.37305    
nid001641.dogwood.wcoss2.ncep.noaa.gov 1:  MAX/MIN V WIND AT LEVEL           86 IS:    34.75391      -28.96582    
nid003773.dogwood.wcoss2.ncep.noaa.gov 2:  MAX/MIN V WIND AT LEVEL           77 IS:    47.99023      -41.63672    
nid001641.dogwood.wcoss2.ncep.noaa.gov 1:  MAX/MIN V WIND AT LEVEL           87 IS:    34.28125      -29.21875    
nid003773.dogwood.wcoss2.ncep.noaa.gov 2:  MAX/MIN V WIND AT LEVEL           78 IS:    47.90820      -37.91016    
nid001641.dogwood.wcoss2.ncep.noaa.gov 1:  MAX/MIN V WIND AT LEVEL           88 IS:    34.66602      -29.64648    
nid003773.dogwood.wcoss2.ncep.noaa.gov 2:  MAX/MIN V WIND AT LEVEL           79 IS:    46.14062      -36.80078    
nid001641.dogwood.wcoss2.ncep.noaa.gov 1:  MAX/MIN V WIND AT LEVEL           89 IS:    35.35352      -30.34082    
nid003773.dogwood.wcoss2.ncep.noaa.gov 2:  MAX/MIN V WIND AT LEVEL           80 IS:    42.26172      -35.00977    
nid001641.dogwood.wcoss2.ncep.noaa.gov 1:  MAX/MIN V WIND AT LEVEL           90 IS:    36.39844      -31.27637    
nid003773.dogwood.wcoss2.ncep.noaa.gov 2:  MAX/MIN V WIND AT LEVEL           81 IS:    37.45508      -33.31445    
nid001641.dogwood.wcoss2.ncep.noaa.gov 1:  MAX/MIN V WIND AT LEVEL           91 IS:    37.46289      -30.22559    
nid003773.dogwood.wcoss2.ncep.noaa.gov 2:  MAX/MIN V WIND AT LEVEL           82 IS:    36.30078      -34.74414    
nid001641.dogwood.wcoss2.ncep.noaa.gov 1:  MAX/MIN V WIND AT LEVEL           92 IS:    38.65234      -31.42578    
nid003773.dogwood.wcoss2.ncep.noaa.gov 2:  MAX/MIN V WIND AT LEVEL           83 IS:    36.41016      -29.96777    
nid001641.dogwood.wcoss2.ncep.noaa.gov 1:  MAX/MIN V WIND AT LEVEL           93 IS:    37.54688      -31.75293    
nid003773.dogwood.wcoss2.ncep.noaa.gov 2:  MAX/MIN V WIND AT LEVEL           84 IS:    37.16016      -28.79883    
nid001641.dogwood.wcoss2.ncep.noaa.gov 1:  MAX/MIN V WIND AT LEVEL           94 IS:    38.19531      -32.91797    
nid003773.dogwood.wcoss2.ncep.noaa.gov 2:  MAX/MIN V WIND AT LEVEL           85 IS:    37.10156      -29.16016    
nid001641.dogwood.wcoss2.ncep.noaa.gov 1:  MAX/MIN V WIND AT LEVEL           95 IS:    38.24609      -32.46484    
nid003773.dogwood.wcoss2.ncep.noaa.gov 2:  MAX/MIN V WIND AT LEVEL           86 IS:    35.67773      -29.94141    
nid001641.dogwood.wcoss2.ncep.noaa.gov 1:  MAX/MIN V WIND AT LEVEL           96 IS:    37.48633      -31.91797    
nid003773.dogwood.wcoss2.ncep.noaa.gov 2:  MAX/MIN V WIND AT LEVEL           87 IS:    34.37695      -28.31738    
nid003773.dogwood.wcoss2.ncep.noaa.gov 2:  MAX/MIN V WIND AT LEVEL           88 IS:    34.95898      -29.16992    
nid001641.dogwood.wcoss2.ncep.noaa.gov 1:  MAX/MIN V WIND AT LEVEL           97 IS:    36.77148      -30.70508    
nid003773.dogwood.wcoss2.ncep.noaa.gov 2:  MAX/MIN V WIND AT LEVEL           89 IS:    36.21289      -30.09863    
nid001641.dogwood.wcoss2.ncep.noaa.gov 1:  MAX/MIN V WIND AT LEVEL           98 IS:    36.63867      -30.12891    
nid003773.dogwood.wcoss2.ncep.noaa.gov 2:  MAX/MIN V WIND AT LEVEL           90 IS:    38.16992      -30.77734    
nid001641.dogwood.wcoss2.ncep.noaa.gov 1:  MAX/MIN V WIND AT LEVEL           99 IS:    36.82422      -29.42969    
nid003773.dogwood.wcoss2.ncep.noaa.gov 2:  MAX/MIN V WIND AT LEVEL           91 IS:    39.05469      -31.30176    
nid001641.dogwood.wcoss2.ncep.noaa.gov 1:  MAX/MIN V WIND AT LEVEL          100 IS:    37.12891      -29.28418    
nid003773.dogwood.wcoss2.ncep.noaa.gov 2:  MAX/MIN V WIND AT LEVEL           92 IS:    39.01758      -33.51562    
nid001641.dogwood.wcoss2.ncep.noaa.gov 1:  MAX/MIN V WIND AT LEVEL          101 IS:    37.32422      -28.39941    
nid003773.dogwood.wcoss2.ncep.noaa.gov 2:  MAX/MIN V WIND AT LEVEL           93 IS:    39.84961      -35.29297    
nid001641.dogwood.wcoss2.ncep.noaa.gov 1:  MAX/MIN V WIND AT LEVEL          102 IS:    36.81250      -31.32910    
nid003773.dogwood.wcoss2.ncep.noaa.gov 2:  MAX/MIN V WIND AT LEVEL           94 IS:    40.04492      -36.22266    
nid001641.dogwood.wcoss2.ncep.noaa.gov 1:  MAX/MIN V WIND AT LEVEL          103 IS:    38.76953      -35.77148    
nid003773.dogwood.wcoss2.ncep.noaa.gov 2:  MAX/MIN V WIND AT LEVEL           95 IS:    39.72656      -35.66797    
nid001641.dogwood.wcoss2.ncep.noaa.gov 1:  MAX/MIN V WIND AT LEVEL          104 IS:    39.41992      -39.93359    
nid003773.dogwood.wcoss2.ncep.noaa.gov 2:  MAX/MIN V WIND AT LEVEL           96 IS:    39.06055      -34.45898    
nid001641.dogwood.wcoss2.ncep.noaa.gov 1:  MAX/MIN V WIND AT LEVEL          105 IS:    39.24609      -41.56445    
nid003773.dogwood.wcoss2.ncep.noaa.gov 2:  MAX/MIN V WIND AT LEVEL           97 IS:    38.49609      -32.83203    
nid001641.dogwood.wcoss2.ncep.noaa.gov 1:  MAX/MIN V WIND AT LEVEL          106 IS:    43.71875      -39.60352    
nid003773.dogwood.wcoss2.ncep.noaa.gov 2:  MAX/MIN V WIND AT LEVEL           98 IS:    37.51758      -32.18555    
nid001641.dogwood.wcoss2.ncep.noaa.gov 1:  MAX/MIN V WIND AT LEVEL          107 IS:    45.85547      -38.18945    
nid003773.dogwood.wcoss2.ncep.noaa.gov 2:  MAX/MIN V WIND AT LEVEL           99 IS:    38.21680      -31.71680    
nid001641.dogwood.wcoss2.ncep.noaa.gov 1:  MAX/MIN V WIND AT LEVEL          108 IS:    47.53320      -38.23047    
nid003773.dogwood.wcoss2.ncep.noaa.gov 2:  MAX/MIN V WIND AT LEVEL          100 IS:    38.19727      -32.58203    
nid001641.dogwood.wcoss2.ncep.noaa.gov 1:  MAX/MIN V WIND AT LEVEL          109 IS:    47.50781      -41.65820    
nid003773.dogwood.wcoss2.ncep.noaa.gov 2:  MAX/MIN V WIND AT LEVEL          101 IS:    37.82031      -31.46094    
nid001641.dogwood.wcoss2.ncep.noaa.gov 1:  MAX/MIN V WIND AT LEVEL          110 IS:    50.73633      -43.32031    
nid003773.dogwood.wcoss2.ncep.noaa.gov 2:  MAX/MIN V WIND AT LEVEL          102 IS:    37.13477      -32.15039    
nid001641.dogwood.wcoss2.ncep.noaa.gov 1:  MAX/MIN V WIND AT LEVEL          111 IS:    56.88477      -44.63281    
nid003773.dogwood.wcoss2.ncep.noaa.gov 2:  MAX/MIN V WIND AT LEVEL          103 IS:    40.65625      -35.95312    
nid001641.dogwood.wcoss2.ncep.noaa.gov 1:  MAX/MIN V WIND AT LEVEL          112 IS:    62.08789      -45.10938    
nid003773.dogwood.wcoss2.ncep.noaa.gov 2:  MAX/MIN V WIND AT LEVEL          104 IS:    42.52539      -38.34375    
nid001641.dogwood.wcoss2.ncep.noaa.gov 1:  MAX/MIN V WIND AT LEVEL          113 IS:    65.04688      -44.44531    
nid003773.dogwood.wcoss2.ncep.noaa.gov 2:  MAX/MIN V WIND AT LEVEL          105 IS:    44.33398      -39.38086    
nid001641.dogwood.wcoss2.ncep.noaa.gov 1:  MAX/MIN V WIND AT LEVEL          114 IS:    63.26172      -45.76172    
nid003773.dogwood.wcoss2.ncep.noaa.gov 2:  MAX/MIN V WIND AT LEVEL          106 IS:    45.18945      -38.64258    
nid001641.dogwood.wcoss2.ncep.noaa.gov 1:  MAX/MIN V WIND AT LEVEL          115 IS:    58.04883      -56.87695    
nid003773.dogwood.wcoss2.ncep.noaa.gov 2:  MAX/MIN V WIND AT LEVEL          107 IS:    45.78711      -37.79883    
nid001641.dogwood.wcoss2.ncep.noaa.gov 1:  MAX/MIN V WIND AT LEVEL          116 IS:    53.24609      -62.51172    
nid003773.dogwood.wcoss2.ncep.noaa.gov 2:  MAX/MIN V WIND AT LEVEL          108 IS:    47.54883      -39.33594    
nid001641.dogwood.wcoss2.ncep.noaa.gov 1:  MAX/MIN V WIND AT LEVEL          117 IS:    52.04883      -72.37500    
nid003773.dogwood.wcoss2.ncep.noaa.gov 2:  MAX/MIN V WIND AT LEVEL          109 IS:    52.21094      -40.40625    
nid001641.dogwood.wcoss2.ncep.noaa.gov 1:  MAX/MIN V WIND AT LEVEL          118 IS:    53.05078      -80.40234    
nid003773.dogwood.wcoss2.ncep.noaa.gov 2:  MAX/MIN V WIND AT LEVEL          110 IS:    57.11719      -42.25195    
nid001641.dogwood.wcoss2.ncep.noaa.gov 1:  MAX/MIN V WIND AT LEVEL          119 IS:    58.79102      -80.39062    
nid003773.dogwood.wcoss2.ncep.noaa.gov 2:  MAX/MIN V WIND AT LEVEL          111 IS:    61.41406      -45.25586    
nid001641.dogwood.wcoss2.ncep.noaa.gov 1:  MAX/MIN V WIND AT LEVEL          120 IS:    54.08594      -82.94531    
nid003773.dogwood.wcoss2.ncep.noaa.gov 2:  MAX/MIN V WIND AT LEVEL          112 IS:    64.69531      -46.68164    
nid001641.dogwood.wcoss2.ncep.noaa.gov 1:  MAX/MIN V WIND AT LEVEL          121 IS:    56.22070      -67.41406    
nid003773.dogwood.wcoss2.ncep.noaa.gov 2:  MAX/MIN V WIND AT LEVEL          113 IS:    66.43359      -47.04883    
nid001641.dogwood.wcoss2.ncep.noaa.gov 1:  MAX/MIN V WIND AT LEVEL          122 IS:    57.16992      -70.66406    
nid003773.dogwood.wcoss2.ncep.noaa.gov 2:  MAX/MIN V WIND AT LEVEL          114 IS:    63.91211      -47.37500    
nid001641.dogwood.wcoss2.ncep.noaa.gov 1:  MAX/MIN V WIND AT LEVEL          123 IS:    63.64453      -63.31445    
nid003773.dogwood.wcoss2.ncep.noaa.gov 2:  MAX/MIN V WIND AT LEVEL          115 IS:    60.15234      -62.73242    
nid001641.dogwood.wcoss2.ncep.noaa.gov 1:  MAX/MIN V WIND AT LEVEL          124 IS:    60.53516      -50.61328    
nid003773.dogwood.wcoss2.ncep.noaa.gov 2:  MAX/MIN V WIND AT LEVEL          116 IS:    59.39648      -65.61719    
nid001641.dogwood.wcoss2.ncep.noaa.gov 1:  MAX/MIN V WIND AT LEVEL          125 IS:    58.19531      -42.51953    
nid003773.dogwood.wcoss2.ncep.noaa.gov 2:  MAX/MIN V WIND AT LEVEL          117 IS:    60.95898      -71.77344    
nid001641.dogwood.wcoss2.ncep.noaa.gov 1:  MAX/MIN V WIND AT LEVEL          126 IS:    70.47656      -57.88281    
nid003773.dogwood.wcoss2.ncep.noaa.gov 2:  MAX/MIN V WIND AT LEVEL          118 IS:    58.04492      -72.33203    
nid001641.dogwood.wcoss2.ncep.noaa.gov 1:  MAX/MIN V WIND AT LEVEL          127 IS:    77.89453      -63.99414    
 
 READ TEMPERATURE
nid003773.dogwood.wcoss2.ncep.noaa.gov 2:  MAX/MIN V WIND AT LEVEL          119 IS:    55.95703      -68.48047    
nid003773.dogwood.wcoss2.ncep.noaa.gov 2:  MAX/MIN V WIND AT LEVEL          120 IS:    58.74219      -61.11914    
nid003773.dogwood.wcoss2.ncep.noaa.gov 2:  MAX/MIN V WIND AT LEVEL          121 IS:    65.29688      -53.26562    
nid003773.dogwood.wcoss2.ncep.noaa.gov 2:  MAX/MIN V WIND AT LEVEL          122 IS:    66.95703      -49.63672    
nid003773.dogwood.wcoss2.ncep.noaa.gov 2:  MAX/MIN V WIND AT LEVEL          123 IS:    66.72656      -53.88281    
nid003773.dogwood.wcoss2.ncep.noaa.gov 2:  MAX/MIN V WIND AT LEVEL          124 IS:    67.63281      -46.40625    
nid003773.dogwood.wcoss2.ncep.noaa.gov 2:  MAX/MIN V WIND AT LEVEL          125 IS:    67.35156      -48.11719    
nid003773.dogwood.wcoss2.ncep.noaa.gov 2:  MAX/MIN V WIND AT LEVEL          126 IS:    70.94141      -53.19531    
nid003773.dogwood.wcoss2.ncep.noaa.gov 2:  MAX/MIN V WIND AT LEVEL          127 IS:    75.83594      -69.82422    
 
 READ TEMPERATURE
nid001162.dogwood.wcoss2.ncep.noaa.gov 0:  MAX/MIN V WIND AT LEVEL            1 IS:    23.76465      -25.89160    
nid001162.dogwood.wcoss2.ncep.noaa.gov 0:  MAX/MIN V WIND AT LEVEL            2 IS:    26.31250      -31.07324    
nid001162.dogwood.wcoss2.ncep.noaa.gov 0:  MAX/MIN V WIND AT LEVEL            3 IS:    27.64648      -34.32617    
nid001162.dogwood.wcoss2.ncep.noaa.gov 0:  MAX/MIN V WIND AT LEVEL            4 IS:    28.49316      -35.67578    
nid001162.dogwood.wcoss2.ncep.noaa.gov 0:  MAX/MIN V WIND AT LEVEL            5 IS:    29.25586      -35.66016    
nid001162.dogwood.wcoss2.ncep.noaa.gov 0:  MAX/MIN V WIND AT LEVEL            6 IS:    30.61035      -36.04883    
nid001162.dogwood.wcoss2.ncep.noaa.gov 0:  MAX/MIN V WIND AT LEVEL            7 IS:    32.00391      -36.64258    
nid001162.dogwood.wcoss2.ncep.noaa.gov 0:  MAX/MIN V WIND AT LEVEL            8 IS:    33.08984      -36.57617    
nid001162.dogwood.wcoss2.ncep.noaa.gov 0:  MAX/MIN V WIND AT LEVEL            9 IS:    34.08789      -35.56445    
nid001162.dogwood.wcoss2.ncep.noaa.gov 0:  MAX/MIN V WIND AT LEVEL           10 IS:    34.88867      -35.12891    
nid001162.dogwood.wcoss2.ncep.noaa.gov 0:  MAX/MIN V WIND AT LEVEL           11 IS:    35.57812      -35.35547    
nid001162.dogwood.wcoss2.ncep.noaa.gov 0:  MAX/MIN V WIND AT LEVEL           12 IS:    38.18555      -35.75391    
nid001162.dogwood.wcoss2.ncep.noaa.gov 0:  MAX/MIN V WIND AT LEVEL           13 IS:    40.13086      -36.07031    
nid001162.dogwood.wcoss2.ncep.noaa.gov 0:  MAX/MIN V WIND AT LEVEL           14 IS:    41.69531      -36.93359    
nid001162.dogwood.wcoss2.ncep.noaa.gov 0:  MAX/MIN V WIND AT LEVEL           15 IS:    41.62305      -38.14062    
nid001162.dogwood.wcoss2.ncep.noaa.gov 0:  MAX/MIN V WIND AT LEVEL           16 IS:    42.20898      -38.79883    
nid001162.dogwood.wcoss2.ncep.noaa.gov 0:  MAX/MIN V WIND AT LEVEL           17 IS:    41.12109      -39.04883    
nid001162.dogwood.wcoss2.ncep.noaa.gov 0:  MAX/MIN V WIND AT LEVEL           18 IS:    42.28125      -36.88867    
nid001162.dogwood.wcoss2.ncep.noaa.gov 0:  MAX/MIN V WIND AT LEVEL           19 IS:    42.78711      -37.65820    
nid001162.dogwood.wcoss2.ncep.noaa.gov 0:  MAX/MIN V WIND AT LEVEL           20 IS:    44.16406      -37.99805    
nid001162.dogwood.wcoss2.ncep.noaa.gov 0:  MAX/MIN V WIND AT LEVEL           21 IS:    43.98242      -38.73438    
nid001162.dogwood.wcoss2.ncep.noaa.gov 0:  MAX/MIN V WIND AT LEVEL           22 IS:    44.23242      -38.62695    
nid001162.dogwood.wcoss2.ncep.noaa.gov 0:  MAX/MIN V WIND AT LEVEL           23 IS:    44.18750      -38.10352    
nid001162.dogwood.wcoss2.ncep.noaa.gov 0:  MAX/MIN V WIND AT LEVEL           24 IS:    44.20703      -37.93555    
nid001162.dogwood.wcoss2.ncep.noaa.gov 0:  MAX/MIN V WIND AT LEVEL           25 IS:    44.67383      -38.22656    
nid001162.dogwood.wcoss2.ncep.noaa.gov 0:  MAX/MIN V WIND AT LEVEL           26 IS:    45.22070      -37.67773    
nid001162.dogwood.wcoss2.ncep.noaa.gov 0:  MAX/MIN V WIND AT LEVEL           27 IS:    45.67969      -37.15234    
nid001162.dogwood.wcoss2.ncep.noaa.gov 0:  MAX/MIN V WIND AT LEVEL           28 IS:    45.91016      -36.45312    
nid001162.dogwood.wcoss2.ncep.noaa.gov 0:  MAX/MIN V WIND AT LEVEL           29 IS:    45.79297      -35.96484    
nid001162.dogwood.wcoss2.ncep.noaa.gov 0:  MAX/MIN V WIND AT LEVEL           30 IS:    45.39258      -35.58203    
nid001162.dogwood.wcoss2.ncep.noaa.gov 0:  MAX/MIN V WIND AT LEVEL           31 IS:    44.75977      -35.20703    
nid001162.dogwood.wcoss2.ncep.noaa.gov 0:  MAX/MIN V WIND AT LEVEL           32 IS:    44.37305      -34.52734    
nid001162.dogwood.wcoss2.ncep.noaa.gov 0:  MAX/MIN V WIND AT LEVEL           33 IS:    43.77148      -34.06641    
nid001162.dogwood.wcoss2.ncep.noaa.gov 0:  MAX/MIN V WIND AT LEVEL           34 IS:    43.00977      -33.82812    
nid001162.dogwood.wcoss2.ncep.noaa.gov 0:  MAX/MIN V WIND AT LEVEL           35 IS:    42.18945      -33.66602    
nid001162.dogwood.wcoss2.ncep.noaa.gov 0:  MAX/MIN V WIND AT LEVEL           36 IS:    42.34375      -33.70703    
nid001162.dogwood.wcoss2.ncep.noaa.gov 0:  MAX/MIN V WIND AT LEVEL           37 IS:    42.10156      -33.70117    
nid001162.dogwood.wcoss2.ncep.noaa.gov 0:  MAX/MIN V WIND AT LEVEL           38 IS:    41.71289      -33.88672    
nid001162.dogwood.wcoss2.ncep.noaa.gov 0:  MAX/MIN V WIND AT LEVEL           39 IS:    42.32227      -33.90234    
nid001162.dogwood.wcoss2.ncep.noaa.gov 0:  MAX/MIN V WIND AT LEVEL           40 IS:    42.56055      -35.36719    
nid001162.dogwood.wcoss2.ncep.noaa.gov 0:  MAX/MIN V WIND AT LEVEL           41 IS:    42.85156      -36.56445    
nid001162.dogwood.wcoss2.ncep.noaa.gov 0:  MAX/MIN V WIND AT LEVEL           42 IS:    43.87891      -37.47656    
nid001162.dogwood.wcoss2.ncep.noaa.gov 0:  MAX/MIN V WIND AT LEVEL           43 IS:    45.21875      -38.06250    
nid001162.dogwood.wcoss2.ncep.noaa.gov 0:  MAX/MIN V WIND AT LEVEL           44 IS:    44.42383      -38.40820    
nid001162.dogwood.wcoss2.ncep.noaa.gov 0:  MAX/MIN V WIND AT LEVEL           45 IS:    43.20117      -39.04492    
nid001162.dogwood.wcoss2.ncep.noaa.gov 0:  MAX/MIN V WIND AT LEVEL           46 IS:    42.63672      -39.42188    
nid001162.dogwood.wcoss2.ncep.noaa.gov 0:  MAX/MIN V WIND AT LEVEL           47 IS:    44.15625      -39.63477    
nid001162.dogwood.wcoss2.ncep.noaa.gov 0:  MAX/MIN V WIND AT LEVEL           48 IS:    44.55859      -40.67188    
nid001162.dogwood.wcoss2.ncep.noaa.gov 0:  MAX/MIN V WIND AT LEVEL           49 IS:    44.77930      -42.09766    
nid001162.dogwood.wcoss2.ncep.noaa.gov 0:  MAX/MIN V WIND AT LEVEL           50 IS:    45.15625      -43.53320    
nid001162.dogwood.wcoss2.ncep.noaa.gov 0:  MAX/MIN V WIND AT LEVEL           51 IS:    46.04297      -45.30859    
nid001162.dogwood.wcoss2.ncep.noaa.gov 0:  MAX/MIN V WIND AT LEVEL           52 IS:    48.75781      -46.96094    
nid001162.dogwood.wcoss2.ncep.noaa.gov 0:  MAX/MIN V WIND AT LEVEL           53 IS:    51.71094      -48.59961    
nid001162.dogwood.wcoss2.ncep.noaa.gov 0:  MAX/MIN V WIND AT LEVEL           54 IS:    53.98828      -49.82812    
nid001162.dogwood.wcoss2.ncep.noaa.gov 0:  MAX/MIN V WIND AT LEVEL           55 IS:    56.27344      -51.74414    
nid001162.dogwood.wcoss2.ncep.noaa.gov 0:  MAX/MIN V WIND AT LEVEL           56 IS:    57.05078      -54.36523    
nid001162.dogwood.wcoss2.ncep.noaa.gov 0:  MAX/MIN V WIND AT LEVEL           57 IS:    56.99219      -58.38477    
nid001162.dogwood.wcoss2.ncep.noaa.gov 0:  MAX/MIN V WIND AT LEVEL           58 IS:    56.75391      -61.00195    
nid001162.dogwood.wcoss2.ncep.noaa.gov 0:  MAX/MIN V WIND AT LEVEL           59 IS:    58.25977      -61.47070    
nid001162.dogwood.wcoss2.ncep.noaa.gov 0:  MAX/MIN V WIND AT LEVEL           60 IS:    59.97461      -63.93750    
nid001162.dogwood.wcoss2.ncep.noaa.gov 0:  MAX/MIN V WIND AT LEVEL           61 IS:    62.82617      -64.03516    
nid001162.dogwood.wcoss2.ncep.noaa.gov 0:  MAX/MIN V WIND AT LEVEL           62 IS:    65.92188      -64.91406    
nid001162.dogwood.wcoss2.ncep.noaa.gov 0:  MAX/MIN V WIND AT LEVEL           63 IS:    67.39453      -66.07422    
nid001162.dogwood.wcoss2.ncep.noaa.gov 0:  MAX/MIN V WIND AT LEVEL           64 IS:    68.14453      -69.66406    
nid001162.dogwood.wcoss2.ncep.noaa.gov 0:  MAX/MIN V WIND AT LEVEL           65 IS:    69.38672      -71.85938    
nid001162.dogwood.wcoss2.ncep.noaa.gov 0:  MAX/MIN V WIND AT LEVEL           66 IS:    68.40625      -72.10156    
nid001162.dogwood.wcoss2.ncep.noaa.gov 0:  MAX/MIN V WIND AT LEVEL           67 IS:    63.70898      -68.99609    
nid001162.dogwood.wcoss2.ncep.noaa.gov 0:  MAX/MIN V WIND AT LEVEL           68 IS:    63.56836      -65.14844    
nid001162.dogwood.wcoss2.ncep.noaa.gov 0:  MAX/MIN V WIND AT LEVEL           69 IS:    59.81641      -65.26172    
nid001162.dogwood.wcoss2.ncep.noaa.gov 0:  MAX/MIN V WIND AT LEVEL           70 IS:    56.42969      -62.97852    
nid001162.dogwood.wcoss2.ncep.noaa.gov 0:  MAX/MIN V WIND AT LEVEL           71 IS:    57.83984      -64.45312    
nid001162.dogwood.wcoss2.ncep.noaa.gov 0:  MAX/MIN V WIND AT LEVEL           72 IS:    59.02734      -63.00781    
nid001162.dogwood.wcoss2.ncep.noaa.gov 0:  MAX/MIN V WIND AT LEVEL           73 IS:    57.14648      -57.74023    
nid001162.dogwood.wcoss2.ncep.noaa.gov 0:  MAX/MIN V WIND AT LEVEL           74 IS:    55.58398      -50.62109    
nid001162.dogwood.wcoss2.ncep.noaa.gov 0:  MAX/MIN V WIND AT LEVEL           75 IS:    54.21094      -44.95703    
nid001162.dogwood.wcoss2.ncep.noaa.gov 0:  MAX/MIN V WIND AT LEVEL           76 IS:    50.68555      -43.45703    
nid001162.dogwood.wcoss2.ncep.noaa.gov 0:  MAX/MIN V WIND AT LEVEL           77 IS:    46.40625      -40.70312    
nid001162.dogwood.wcoss2.ncep.noaa.gov 0:  MAX/MIN V WIND AT LEVEL           78 IS:    45.81445      -39.64648    
nid001162.dogwood.wcoss2.ncep.noaa.gov 0:  MAX/MIN V WIND AT LEVEL           79 IS:    44.06445      -35.69727    
nid001162.dogwood.wcoss2.ncep.noaa.gov 0:  MAX/MIN V WIND AT LEVEL           80 IS:    41.99609      -33.16992    
nid001162.dogwood.wcoss2.ncep.noaa.gov 0:  MAX/MIN V WIND AT LEVEL           81 IS:    37.37305      -33.51172    
nid001162.dogwood.wcoss2.ncep.noaa.gov 0:  MAX/MIN V WIND AT LEVEL           82 IS:    34.99805      -37.78320    
nid001162.dogwood.wcoss2.ncep.noaa.gov 0:  MAX/MIN V WIND AT LEVEL           83 IS:    35.41602      -34.65820    
nid001162.dogwood.wcoss2.ncep.noaa.gov 0:  MAX/MIN V WIND AT LEVEL           84 IS:    34.89648      -32.55078    
nid001162.dogwood.wcoss2.ncep.noaa.gov 0:  MAX/MIN V WIND AT LEVEL           85 IS:    33.51758      -32.36523    
nid001162.dogwood.wcoss2.ncep.noaa.gov 0:  MAX/MIN V WIND AT LEVEL           86 IS:    33.39062      -24.99023    
nid001162.dogwood.wcoss2.ncep.noaa.gov 0:  MAX/MIN V WIND AT LEVEL           87 IS:    32.95898      -26.45801    
nid001162.dogwood.wcoss2.ncep.noaa.gov 0:  MAX/MIN V WIND AT LEVEL           88 IS:    32.58594      -27.76172    
nid001162.dogwood.wcoss2.ncep.noaa.gov 0:  MAX/MIN V WIND AT LEVEL           89 IS:    33.67383      -28.92285    
nid001162.dogwood.wcoss2.ncep.noaa.gov 0:  MAX/MIN V WIND AT LEVEL           90 IS:    34.09375      -29.93652    
nid001162.dogwood.wcoss2.ncep.noaa.gov 0:  MAX/MIN V WIND AT LEVEL           91 IS:    34.63281      -30.66016    
nid001162.dogwood.wcoss2.ncep.noaa.gov 0:  MAX/MIN V WIND AT LEVEL           92 IS:    34.16406      -29.39258    
nid001162.dogwood.wcoss2.ncep.noaa.gov 0:  MAX/MIN V WIND AT LEVEL           93 IS:    34.57227      -29.29004    
nid001162.dogwood.wcoss2.ncep.noaa.gov 0:  MAX/MIN V WIND AT LEVEL           94 IS:    34.55078      -29.43066    
nid001162.dogwood.wcoss2.ncep.noaa.gov 0:  MAX/MIN V WIND AT LEVEL           95 IS:    34.49805      -29.61328    
nid001162.dogwood.wcoss2.ncep.noaa.gov 0:  MAX/MIN V WIND AT LEVEL           96 IS:    34.51758      -29.54492    
nid001162.dogwood.wcoss2.ncep.noaa.gov 0:  MAX/MIN V WIND AT LEVEL           97 IS:    34.28711      -29.50488    
nid001162.dogwood.wcoss2.ncep.noaa.gov 0:  MAX/MIN V WIND AT LEVEL           98 IS:    33.35742      -29.99609    
nid001162.dogwood.wcoss2.ncep.noaa.gov 0:  MAX/MIN V WIND AT LEVEL           99 IS:    33.75586      -29.15723    
nid001162.dogwood.wcoss2.ncep.noaa.gov 0:  MAX/MIN V WIND AT LEVEL          100 IS:    34.19922      -27.16699    
nid001162.dogwood.wcoss2.ncep.noaa.gov 0:  MAX/MIN V WIND AT LEVEL          101 IS:    34.48242      -28.00195    
nid001162.dogwood.wcoss2.ncep.noaa.gov 0:  MAX/MIN V WIND AT LEVEL          102 IS:    34.31250      -31.26074    
nid001162.dogwood.wcoss2.ncep.noaa.gov 0:  MAX/MIN V WIND AT LEVEL          103 IS:    36.83789      -35.17188    
nid001162.dogwood.wcoss2.ncep.noaa.gov 0:  MAX/MIN V WIND AT LEVEL          104 IS:    37.07031      -38.54688    
nid001162.dogwood.wcoss2.ncep.noaa.gov 0:  MAX/MIN V WIND AT LEVEL          105 IS:    39.06641      -41.39844    
nid001162.dogwood.wcoss2.ncep.noaa.gov 0:  MAX/MIN V WIND AT LEVEL          106 IS:    42.72852      -41.10156    
nid001162.dogwood.wcoss2.ncep.noaa.gov 0:  MAX/MIN V WIND AT LEVEL          107 IS:    45.53320      -40.91211    
nid001162.dogwood.wcoss2.ncep.noaa.gov 0:  MAX/MIN V WIND AT LEVEL          108 IS:    47.24219      -37.00586    
nid001162.dogwood.wcoss2.ncep.noaa.gov 0:  MAX/MIN V WIND AT LEVEL          109 IS:    47.04297      -39.75391    
nid001162.dogwood.wcoss2.ncep.noaa.gov 0:  MAX/MIN V WIND AT LEVEL          110 IS:    49.41016      -41.64844    
nid001162.dogwood.wcoss2.ncep.noaa.gov 0:  MAX/MIN V WIND AT LEVEL          111 IS:    51.43945      -42.02344    
nid001162.dogwood.wcoss2.ncep.noaa.gov 0:  MAX/MIN V WIND AT LEVEL          112 IS:    53.80859      -44.53906    
nid001162.dogwood.wcoss2.ncep.noaa.gov 0:  MAX/MIN V WIND AT LEVEL          113 IS:    55.87500      -48.04688    
nid001162.dogwood.wcoss2.ncep.noaa.gov 0:  MAX/MIN V WIND AT LEVEL          114 IS:    54.92578      -45.68945    
nid001162.dogwood.wcoss2.ncep.noaa.gov 0:  MAX/MIN V WIND AT LEVEL          115 IS:    53.77148      -49.39258    
nid001162.dogwood.wcoss2.ncep.noaa.gov 0:  MAX/MIN V WIND AT LEVEL          116 IS:    50.01758      -64.32812    
nid001162.dogwood.wcoss2.ncep.noaa.gov 0:  MAX/MIN V WIND AT LEVEL          117 IS:    56.03711      -68.25391    
nid001162.dogwood.wcoss2.ncep.noaa.gov 0:  MAX/MIN V WIND AT LEVEL          118 IS:    55.23242      -79.07812    
nid001162.dogwood.wcoss2.ncep.noaa.gov 0:  MAX/MIN V WIND AT LEVEL          119 IS:    59.03125      -83.40625    
nid001162.dogwood.wcoss2.ncep.noaa.gov 0:  MAX/MIN V WIND AT LEVEL          120 IS:    64.91406      -78.54688    
nid001162.dogwood.wcoss2.ncep.noaa.gov 0:  MAX/MIN V WIND AT LEVEL          121 IS:    58.08984      -74.58984    
nid001162.dogwood.wcoss2.ncep.noaa.gov 0:  MAX/MIN V WIND AT LEVEL          122 IS:    58.47266      -64.57812    
nid001162.dogwood.wcoss2.ncep.noaa.gov 0:  MAX/MIN V WIND AT LEVEL          123 IS:    61.31836      -60.86133    
nid001162.dogwood.wcoss2.ncep.noaa.gov 0:  MAX/MIN V WIND AT LEVEL          124 IS:    60.94531      -51.56641    
nid001162.dogwood.wcoss2.ncep.noaa.gov 0:  MAX/MIN V WIND AT LEVEL          125 IS:    57.46484      -53.22266    
nid001162.dogwood.wcoss2.ncep.noaa.gov 0:  MAX/MIN V WIND AT LEVEL          126 IS:    75.89453      -58.54492    
nid001162.dogwood.wcoss2.ncep.noaa.gov 0:  MAX/MIN V WIND AT LEVEL          127 IS:    86.99219      -69.63281    
 
 READ TEMPERATURE
nid003773.dogwood.wcoss2.ncep.noaa.gov 2:  MAX/MIN TEMPERATURE AT LEVEL            1 IS:    310.5625       235.3047    
nid003773.dogwood.wcoss2.ncep.noaa.gov 2:  MAX/MIN TEMPERATURE AT LEVEL            2 IS:    309.9219       235.5391    
nid003773.dogwood.wcoss2.ncep.noaa.gov 2:  MAX/MIN TEMPERATURE AT LEVEL            3 IS:    309.5000       235.9375    
nid003773.dogwood.wcoss2.ncep.noaa.gov 2:  MAX/MIN TEMPERATURE AT LEVEL            4 IS:    309.1094       236.2188    
nid003773.dogwood.wcoss2.ncep.noaa.gov 2:  MAX/MIN TEMPERATURE AT LEVEL            5 IS:    308.7500       236.3594    
nid003773.dogwood.wcoss2.ncep.noaa.gov 2:  MAX/MIN TEMPERATURE AT LEVEL            6 IS:    308.4062       236.4922    
nid003773.dogwood.wcoss2.ncep.noaa.gov 2:  MAX/MIN TEMPERATURE AT LEVEL            7 IS:    308.0469       236.3438    
nid003773.dogwood.wcoss2.ncep.noaa.gov 2:  MAX/MIN TEMPERATURE AT LEVEL            8 IS:    307.6562       236.2188    
nid003773.dogwood.wcoss2.ncep.noaa.gov 2:  MAX/MIN TEMPERATURE AT LEVEL            9 IS:    307.2812       236.0391    
nid003773.dogwood.wcoss2.ncep.noaa.gov 2:  MAX/MIN TEMPERATURE AT LEVEL           10 IS:    307.0938       235.8359    
nid003773.dogwood.wcoss2.ncep.noaa.gov 2:  MAX/MIN TEMPERATURE AT LEVEL           11 IS:    307.1562       235.6094    
nid003773.dogwood.wcoss2.ncep.noaa.gov 2:  MAX/MIN TEMPERATURE AT LEVEL           12 IS:    307.0469       235.4531    
nid003773.dogwood.wcoss2.ncep.noaa.gov 2:  MAX/MIN TEMPERATURE AT LEVEL           13 IS:    306.9375       235.2422    
nid001641.dogwood.wcoss2.ncep.noaa.gov 1:  MAX/MIN TEMPERATURE AT LEVEL            1 IS:    311.1094       234.3750    
nid003773.dogwood.wcoss2.ncep.noaa.gov 2:  MAX/MIN TEMPERATURE AT LEVEL           14 IS:    306.6562       235.0625    
nid001641.dogwood.wcoss2.ncep.noaa.gov 1:  MAX/MIN TEMPERATURE AT LEVEL            2 IS:    310.8594       234.7578    
nid003773.dogwood.wcoss2.ncep.noaa.gov 2:  MAX/MIN TEMPERATURE AT LEVEL           15 IS:    306.2656       235.0156    
nid001641.dogwood.wcoss2.ncep.noaa.gov 1:  MAX/MIN TEMPERATURE AT LEVEL            3 IS:    310.6094       235.1172    
nid003773.dogwood.wcoss2.ncep.noaa.gov 2:  MAX/MIN TEMPERATURE AT LEVEL           16 IS:    305.8125       235.1016    
nid001641.dogwood.wcoss2.ncep.noaa.gov 1:  MAX/MIN TEMPERATURE AT LEVEL            4 IS:    310.3281       235.5859    
nid003773.dogwood.wcoss2.ncep.noaa.gov 2:  MAX/MIN TEMPERATURE AT LEVEL           17 IS:    305.2969       234.8438    
nid001641.dogwood.wcoss2.ncep.noaa.gov 1:  MAX/MIN TEMPERATURE AT LEVEL            5 IS:    310.0469       235.7812    
nid003773.dogwood.wcoss2.ncep.noaa.gov 2:  MAX/MIN TEMPERATURE AT LEVEL           18 IS:    304.7344       234.4453    
nid001641.dogwood.wcoss2.ncep.noaa.gov 1:  MAX/MIN TEMPERATURE AT LEVEL            6 IS:    309.7500       236.0703    
nid003773.dogwood.wcoss2.ncep.noaa.gov 2:  MAX/MIN TEMPERATURE AT LEVEL           19 IS:    304.3750       234.0312    
nid001641.dogwood.wcoss2.ncep.noaa.gov 1:  MAX/MIN TEMPERATURE AT LEVEL            7 IS:    309.4219       236.2188    
nid003773.dogwood.wcoss2.ncep.noaa.gov 2:  MAX/MIN TEMPERATURE AT LEVEL           20 IS:    303.8438       233.6016    
nid001641.dogwood.wcoss2.ncep.noaa.gov 1:  MAX/MIN TEMPERATURE AT LEVEL            8 IS:    309.0938       236.0234    
nid003773.dogwood.wcoss2.ncep.noaa.gov 2:  MAX/MIN TEMPERATURE AT LEVEL           21 IS:    303.2188       233.1484    
nid001641.dogwood.wcoss2.ncep.noaa.gov 1:  MAX/MIN TEMPERATURE AT LEVEL            9 IS:    308.7344       235.8125    
nid003773.dogwood.wcoss2.ncep.noaa.gov 2:  MAX/MIN TEMPERATURE AT LEVEL           22 IS:    302.6406       232.6797    
nid001641.dogwood.wcoss2.ncep.noaa.gov 1:  MAX/MIN TEMPERATURE AT LEVEL           10 IS:    308.3594       235.6172    
nid003773.dogwood.wcoss2.ncep.noaa.gov 2:  MAX/MIN TEMPERATURE AT LEVEL           23 IS:    302.6875       232.2344    
nid001641.dogwood.wcoss2.ncep.noaa.gov 1:  MAX/MIN TEMPERATURE AT LEVEL           11 IS:    307.9688       235.4141    
nid003773.dogwood.wcoss2.ncep.noaa.gov 2:  MAX/MIN TEMPERATURE AT LEVEL           24 IS:    302.1094       231.8047    
nid001641.dogwood.wcoss2.ncep.noaa.gov 1:  MAX/MIN TEMPERATURE AT LEVEL           12 IS:    307.5625       235.2266    
nid003773.dogwood.wcoss2.ncep.noaa.gov 2:  MAX/MIN TEMPERATURE AT LEVEL           25 IS:    301.3125       231.3203    
nid001641.dogwood.wcoss2.ncep.noaa.gov 1:  MAX/MIN TEMPERATURE AT LEVEL           13 IS:    307.1094       235.0547    
nid003773.dogwood.wcoss2.ncep.noaa.gov 2:  MAX/MIN TEMPERATURE AT LEVEL           26 IS:    301.2188       230.8359    
nid001641.dogwood.wcoss2.ncep.noaa.gov 1:  MAX/MIN TEMPERATURE AT LEVEL           14 IS:    306.6562       234.8906    
nid003773.dogwood.wcoss2.ncep.noaa.gov 2:  MAX/MIN TEMPERATURE AT LEVEL           27 IS:    301.0000       230.4141    
nid001641.dogwood.wcoss2.ncep.noaa.gov 1:  MAX/MIN TEMPERATURE AT LEVEL           15 IS:    306.2188       234.7188    
nid003773.dogwood.wcoss2.ncep.noaa.gov 2:  MAX/MIN TEMPERATURE AT LEVEL           28 IS:    300.5469       230.0078    
nid001641.dogwood.wcoss2.ncep.noaa.gov 1:  MAX/MIN TEMPERATURE AT LEVEL           16 IS:    305.8594       234.4922    
nid003773.dogwood.wcoss2.ncep.noaa.gov 2:  MAX/MIN TEMPERATURE AT LEVEL           29 IS:    299.8438       229.7031    
nid001641.dogwood.wcoss2.ncep.noaa.gov 1:  MAX/MIN TEMPERATURE AT LEVEL           17 IS:    305.6094       234.3047    
nid003773.dogwood.wcoss2.ncep.noaa.gov 2:  MAX/MIN TEMPERATURE AT LEVEL           30 IS:    299.3594       229.3828    
nid001641.dogwood.wcoss2.ncep.noaa.gov 1:  MAX/MIN TEMPERATURE AT LEVEL           18 IS:    305.2969       233.9688    
nid003773.dogwood.wcoss2.ncep.noaa.gov 2:  MAX/MIN TEMPERATURE AT LEVEL           31 IS:    298.4531       229.1250    
nid001641.dogwood.wcoss2.ncep.noaa.gov 1:  MAX/MIN TEMPERATURE AT LEVEL           19 IS:    304.9375       233.5703    
nid003773.dogwood.wcoss2.ncep.noaa.gov 2:  MAX/MIN TEMPERATURE AT LEVEL           32 IS:    297.9375       228.7812    
nid001641.dogwood.wcoss2.ncep.noaa.gov 1:  MAX/MIN TEMPERATURE AT LEVEL           20 IS:    304.4844       233.1484    
nid003773.dogwood.wcoss2.ncep.noaa.gov 2:  MAX/MIN TEMPERATURE AT LEVEL           33 IS:    296.9688       228.3750    
nid001641.dogwood.wcoss2.ncep.noaa.gov 1:  MAX/MIN TEMPERATURE AT LEVEL           21 IS:    304.0469       232.7031    
nid003773.dogwood.wcoss2.ncep.noaa.gov 2:  MAX/MIN TEMPERATURE AT LEVEL           34 IS:    295.9375       227.8281    
nid001641.dogwood.wcoss2.ncep.noaa.gov 1:  MAX/MIN TEMPERATURE AT LEVEL           22 IS:    303.5000       232.2578    
nid003773.dogwood.wcoss2.ncep.noaa.gov 2:  MAX/MIN TEMPERATURE AT LEVEL           35 IS:    294.9375       227.2891    
nid001641.dogwood.wcoss2.ncep.noaa.gov 1:  MAX/MIN TEMPERATURE AT LEVEL           23 IS:    302.8594       231.7812    
nid003773.dogwood.wcoss2.ncep.noaa.gov 2:  MAX/MIN TEMPERATURE AT LEVEL           36 IS:    293.9688       226.6953    
nid001641.dogwood.wcoss2.ncep.noaa.gov 1:  MAX/MIN TEMPERATURE AT LEVEL           24 IS:    302.1406       231.3438    
nid003773.dogwood.wcoss2.ncep.noaa.gov 2:  MAX/MIN TEMPERATURE AT LEVEL           37 IS:    292.8750       226.2578    
nid001641.dogwood.wcoss2.ncep.noaa.gov 1:  MAX/MIN TEMPERATURE AT LEVEL           25 IS:    301.3750       230.8984    
nid003773.dogwood.wcoss2.ncep.noaa.gov 2:  MAX/MIN TEMPERATURE AT LEVEL           38 IS:    291.5156       225.9766    
nid001641.dogwood.wcoss2.ncep.noaa.gov 1:  MAX/MIN TEMPERATURE AT LEVEL           26 IS:    300.5625       230.4766    
nid003773.dogwood.wcoss2.ncep.noaa.gov 2:  MAX/MIN TEMPERATURE AT LEVEL           39 IS:    290.0781       225.8906    
nid001641.dogwood.wcoss2.ncep.noaa.gov 1:  MAX/MIN TEMPERATURE AT LEVEL           27 IS:    299.7188       230.0078    
nid003773.dogwood.wcoss2.ncep.noaa.gov 2:  MAX/MIN TEMPERATURE AT LEVEL           40 IS:    288.7031       225.4297    
nid001641.dogwood.wcoss2.ncep.noaa.gov 1:  MAX/MIN TEMPERATURE AT LEVEL           28 IS:    298.7969       229.5469    
nid003773.dogwood.wcoss2.ncep.noaa.gov 2:  MAX/MIN TEMPERATURE AT LEVEL           41 IS:    287.8281       224.9922    
nid001641.dogwood.wcoss2.ncep.noaa.gov 1:  MAX/MIN TEMPERATURE AT LEVEL           29 IS:    297.9375       229.1172    
nid003773.dogwood.wcoss2.ncep.noaa.gov 2:  MAX/MIN TEMPERATURE AT LEVEL           42 IS:    287.1250       224.5547    
nid001641.dogwood.wcoss2.ncep.noaa.gov 1:  MAX/MIN TEMPERATURE AT LEVEL           30 IS:    297.2656       228.7266    
nid003773.dogwood.wcoss2.ncep.noaa.gov 2:  MAX/MIN TEMPERATURE AT LEVEL           43 IS:    285.8594       224.0938    
nid001641.dogwood.wcoss2.ncep.noaa.gov 1:  MAX/MIN TEMPERATURE AT LEVEL           31 IS:    296.5469       228.3750    
nid003773.dogwood.wcoss2.ncep.noaa.gov 2:  MAX/MIN TEMPERATURE AT LEVEL           44 IS:    284.3750       223.5391    
nid001641.dogwood.wcoss2.ncep.noaa.gov 1:  MAX/MIN TEMPERATURE AT LEVEL           32 IS:    295.6719       228.0391    
nid003773.dogwood.wcoss2.ncep.noaa.gov 2:  MAX/MIN TEMPERATURE AT LEVEL           45 IS:    283.0781       222.8750    
nid001641.dogwood.wcoss2.ncep.noaa.gov 1:  MAX/MIN TEMPERATURE AT LEVEL           33 IS:    295.3594       227.6016    
nid003773.dogwood.wcoss2.ncep.noaa.gov 2:  MAX/MIN TEMPERATURE AT LEVEL           46 IS:    281.7500       222.0078    
nid001641.dogwood.wcoss2.ncep.noaa.gov 1:  MAX/MIN TEMPERATURE AT LEVEL           34 IS:    294.9688       227.6641    
nid003773.dogwood.wcoss2.ncep.noaa.gov 2:  MAX/MIN TEMPERATURE AT LEVEL           47 IS:    280.3438       221.1172    
nid001641.dogwood.wcoss2.ncep.noaa.gov 1:  MAX/MIN TEMPERATURE AT LEVEL           35 IS:    294.1719       227.3281    
nid003773.dogwood.wcoss2.ncep.noaa.gov 2:  MAX/MIN TEMPERATURE AT LEVEL           48 IS:    279.1875       220.2031    
nid001641.dogwood.wcoss2.ncep.noaa.gov 1:  MAX/MIN TEMPERATURE AT LEVEL           36 IS:    293.1094       226.7188    
nid003773.dogwood.wcoss2.ncep.noaa.gov 2:  MAX/MIN TEMPERATURE AT LEVEL           49 IS:    277.9844       219.2656    
nid001641.dogwood.wcoss2.ncep.noaa.gov 1:  MAX/MIN TEMPERATURE AT LEVEL           37 IS:    292.1250       226.0391    
nid003773.dogwood.wcoss2.ncep.noaa.gov 2:  MAX/MIN TEMPERATURE AT LEVEL           50 IS:    276.6719       218.3047    
nid001641.dogwood.wcoss2.ncep.noaa.gov 1:  MAX/MIN TEMPERATURE AT LEVEL           38 IS:    291.1250       225.4531    
nid003773.dogwood.wcoss2.ncep.noaa.gov 2:  MAX/MIN TEMPERATURE AT LEVEL           51 IS:    275.3594       217.3359    
nid001641.dogwood.wcoss2.ncep.noaa.gov 1:  MAX/MIN TEMPERATURE AT LEVEL           39 IS:    289.8438       224.9375    
nid003773.dogwood.wcoss2.ncep.noaa.gov 2:  MAX/MIN TEMPERATURE AT LEVEL           52 IS:    273.9688       216.3438    
nid001641.dogwood.wcoss2.ncep.noaa.gov 1:  MAX/MIN TEMPERATURE AT LEVEL           40 IS:    289.0781       225.1797    
nid003773.dogwood.wcoss2.ncep.noaa.gov 2:  MAX/MIN TEMPERATURE AT LEVEL           53 IS:    272.5000       215.3281    
nid001641.dogwood.wcoss2.ncep.noaa.gov 1:  MAX/MIN TEMPERATURE AT LEVEL           41 IS:    287.7969       224.5938    
nid003773.dogwood.wcoss2.ncep.noaa.gov 2:  MAX/MIN TEMPERATURE AT LEVEL           54 IS:    271.5156       214.3125    
nid001641.dogwood.wcoss2.ncep.noaa.gov 1:  MAX/MIN TEMPERATURE AT LEVEL           42 IS:    287.0781       224.1797    
nid003773.dogwood.wcoss2.ncep.noaa.gov 2:  MAX/MIN TEMPERATURE AT LEVEL           55 IS:    272.4844       213.3203    
nid003773.dogwood.wcoss2.ncep.noaa.gov 2:  MAX/MIN TEMPERATURE AT LEVEL           56 IS:    272.6562       212.3516    
nid001641.dogwood.wcoss2.ncep.noaa.gov 1:  MAX/MIN TEMPERATURE AT LEVEL           43 IS:    285.9844       223.7812    
nid003773.dogwood.wcoss2.ncep.noaa.gov 2:  MAX/MIN TEMPERATURE AT LEVEL           57 IS:    270.8125       211.4297    
nid001641.dogwood.wcoss2.ncep.noaa.gov 1:  MAX/MIN TEMPERATURE AT LEVEL           44 IS:    284.6406       223.2969    
nid003773.dogwood.wcoss2.ncep.noaa.gov 2:  MAX/MIN TEMPERATURE AT LEVEL           58 IS:    270.0156       210.5391    
nid003773.dogwood.wcoss2.ncep.noaa.gov 2:  MAX/MIN TEMPERATURE AT LEVEL           59 IS:    267.6250       209.7109    
nid001641.dogwood.wcoss2.ncep.noaa.gov 1:  MAX/MIN TEMPERATURE AT LEVEL           45 IS:    283.2500       222.6484    
nid003773.dogwood.wcoss2.ncep.noaa.gov 2:  MAX/MIN TEMPERATURE AT LEVEL           60 IS:    264.2344       208.8047    
nid001641.dogwood.wcoss2.ncep.noaa.gov 1:  MAX/MIN TEMPERATURE AT LEVEL           46 IS:    281.9531       221.9609    
nid003773.dogwood.wcoss2.ncep.noaa.gov 2:  MAX/MIN TEMPERATURE AT LEVEL           61 IS:    260.2344       207.6016    
nid003773.dogwood.wcoss2.ncep.noaa.gov 2:  MAX/MIN TEMPERATURE AT LEVEL           62 IS:    257.6719       206.5156    
nid001641.dogwood.wcoss2.ncep.noaa.gov 1:  MAX/MIN TEMPERATURE AT LEVEL           47 IS:    280.4375       221.2188    
nid003773.dogwood.wcoss2.ncep.noaa.gov 2:  MAX/MIN TEMPERATURE AT LEVEL           63 IS:    255.1641       205.5078    
nid001641.dogwood.wcoss2.ncep.noaa.gov 1:  MAX/MIN TEMPERATURE AT LEVEL           48 IS:    278.7500       220.3047    
nid003773.dogwood.wcoss2.ncep.noaa.gov 2:  MAX/MIN TEMPERATURE AT LEVEL           64 IS:    252.8828       204.6562    
nid003773.dogwood.wcoss2.ncep.noaa.gov 2:  MAX/MIN TEMPERATURE AT LEVEL           65 IS:    250.8203       203.8984    
nid001641.dogwood.wcoss2.ncep.noaa.gov 1:  MAX/MIN TEMPERATURE AT LEVEL           49 IS:    277.4062       219.3359    
nid003773.dogwood.wcoss2.ncep.noaa.gov 2:  MAX/MIN TEMPERATURE AT LEVEL           66 IS:    248.3359       203.2734    
nid001641.dogwood.wcoss2.ncep.noaa.gov 1:  MAX/MIN TEMPERATURE AT LEVEL           50 IS:    276.5938       218.3359    
nid003773.dogwood.wcoss2.ncep.noaa.gov 2:  MAX/MIN TEMPERATURE AT LEVEL           67 IS:    245.1875       202.8594    
nid003773.dogwood.wcoss2.ncep.noaa.gov 2:  MAX/MIN TEMPERATURE AT LEVEL           68 IS:    241.8750       202.9766    
nid001641.dogwood.wcoss2.ncep.noaa.gov 1:  MAX/MIN TEMPERATURE AT LEVEL           51 IS:    274.6250       217.3359    
nid003773.dogwood.wcoss2.ncep.noaa.gov 2:  MAX/MIN TEMPERATURE AT LEVEL           69 IS:    238.5312       203.8594    
nid001641.dogwood.wcoss2.ncep.noaa.gov 1:  MAX/MIN TEMPERATURE AT LEVEL           52 IS:    273.4375       216.3125    
nid003773.dogwood.wcoss2.ncep.noaa.gov 2:  MAX/MIN TEMPERATURE AT LEVEL           70 IS:    235.5078       204.2891    
nid003773.dogwood.wcoss2.ncep.noaa.gov 2:  MAX/MIN TEMPERATURE AT LEVEL           71 IS:    235.4062       204.2656    
nid001641.dogwood.wcoss2.ncep.noaa.gov 1:  MAX/MIN TEMPERATURE AT LEVEL           53 IS:    272.1875       215.2656    
nid003773.dogwood.wcoss2.ncep.noaa.gov 2:  MAX/MIN TEMPERATURE AT LEVEL           72 IS:    234.9219       202.3047    
nid001641.dogwood.wcoss2.ncep.noaa.gov 1:  MAX/MIN TEMPERATURE AT LEVEL           54 IS:    272.7812       214.2109    
nid003773.dogwood.wcoss2.ncep.noaa.gov 2:  MAX/MIN TEMPERATURE AT LEVEL           73 IS:    234.5703       201.7969    
nid003773.dogwood.wcoss2.ncep.noaa.gov 2:  MAX/MIN TEMPERATURE AT LEVEL           74 IS:    234.3516       201.1953    
nid001641.dogwood.wcoss2.ncep.noaa.gov 1:  MAX/MIN TEMPERATURE AT LEVEL           55 IS:    272.4844       213.1562    
nid003773.dogwood.wcoss2.ncep.noaa.gov 2:  MAX/MIN TEMPERATURE AT LEVEL           75 IS:    233.9297       199.3438    
nid001641.dogwood.wcoss2.ncep.noaa.gov 1:  MAX/MIN TEMPERATURE AT LEVEL           56 IS:    271.5156       212.1172    
nid003773.dogwood.wcoss2.ncep.noaa.gov 2:  MAX/MIN TEMPERATURE AT LEVEL           76 IS:    233.4219       197.6172    
nid003773.dogwood.wcoss2.ncep.noaa.gov 2:  MAX/MIN TEMPERATURE AT LEVEL           77 IS:    233.2578       198.1172    
nid001641.dogwood.wcoss2.ncep.noaa.gov 1:  MAX/MIN TEMPERATURE AT LEVEL           57 IS:    271.8281       211.1094    
nid003773.dogwood.wcoss2.ncep.noaa.gov 2:  MAX/MIN TEMPERATURE AT LEVEL           78 IS:    233.7109       200.0469    
nid001641.dogwood.wcoss2.ncep.noaa.gov 1:  MAX/MIN TEMPERATURE AT LEVEL           58 IS:    270.2500       210.1562    
nid003773.dogwood.wcoss2.ncep.noaa.gov 2:  MAX/MIN TEMPERATURE AT LEVEL           79 IS:    234.1719       196.6016    
nid003773.dogwood.wcoss2.ncep.noaa.gov 2:  MAX/MIN TEMPERATURE AT LEVEL           80 IS:    234.6406       193.0859    
nid001641.dogwood.wcoss2.ncep.noaa.gov 1:  MAX/MIN TEMPERATURE AT LEVEL           59 IS:    267.5625       209.2734    
nid003773.dogwood.wcoss2.ncep.noaa.gov 2:  MAX/MIN TEMPERATURE AT LEVEL           81 IS:    234.9609       191.7188    
nid001641.dogwood.wcoss2.ncep.noaa.gov 1:  MAX/MIN TEMPERATURE AT LEVEL           60 IS:    264.7969       208.4688    
nid003773.dogwood.wcoss2.ncep.noaa.gov 2:  MAX/MIN TEMPERATURE AT LEVEL           82 IS:    235.0312       189.1016    
nid003773.dogwood.wcoss2.ncep.noaa.gov 2:  MAX/MIN TEMPERATURE AT LEVEL           83 IS:    234.6797       185.7188    
nid001641.dogwood.wcoss2.ncep.noaa.gov 1:  MAX/MIN TEMPERATURE AT LEVEL           61 IS:    261.2969       207.7812    
nid003773.dogwood.wcoss2.ncep.noaa.gov 2:  MAX/MIN TEMPERATURE AT LEVEL           84 IS:    234.3672       183.3047    
nid003773.dogwood.wcoss2.ncep.noaa.gov 2:  MAX/MIN TEMPERATURE AT LEVEL           85 IS:    234.9141       180.3906    
nid001641.dogwood.wcoss2.ncep.noaa.gov 1:  MAX/MIN TEMPERATURE AT LEVEL           62 IS:    258.6406       206.7266    
nid003773.dogwood.wcoss2.ncep.noaa.gov 2:  MAX/MIN TEMPERATURE AT LEVEL           86 IS:    235.5391       184.2734    
nid001641.dogwood.wcoss2.ncep.noaa.gov 1:  MAX/MIN TEMPERATURE AT LEVEL           63 IS:    255.9609       205.5938    
nid003773.dogwood.wcoss2.ncep.noaa.gov 2:  MAX/MIN TEMPERATURE AT LEVEL           87 IS:    235.7812       186.4609    
nid003773.dogwood.wcoss2.ncep.noaa.gov 2:  MAX/MIN TEMPERATURE AT LEVEL           88 IS:    236.2891       187.4219    
nid001641.dogwood.wcoss2.ncep.noaa.gov 1:  MAX/MIN TEMPERATURE AT LEVEL           64 IS:    254.0078       204.5391    
nid003773.dogwood.wcoss2.ncep.noaa.gov 2:  MAX/MIN TEMPERATURE AT LEVEL           89 IS:    236.8125       191.0547    
nid001641.dogwood.wcoss2.ncep.noaa.gov 1:  MAX/MIN TEMPERATURE AT LEVEL           65 IS:    251.7031       203.7031    
nid003773.dogwood.wcoss2.ncep.noaa.gov 2:  MAX/MIN TEMPERATURE AT LEVEL           90 IS:    237.2656       193.6641    
nid003773.dogwood.wcoss2.ncep.noaa.gov 2:  MAX/MIN TEMPERATURE AT LEVEL           91 IS:    238.1797       195.3594    
nid001641.dogwood.wcoss2.ncep.noaa.gov 1:  MAX/MIN TEMPERATURE AT LEVEL           66 IS:    248.7344       203.0312    
nid003773.dogwood.wcoss2.ncep.noaa.gov 2:  MAX/MIN TEMPERATURE AT LEVEL           92 IS:    238.8906       194.9062    
nid001641.dogwood.wcoss2.ncep.noaa.gov 1:  MAX/MIN TEMPERATURE AT LEVEL           67 IS:    245.8047       202.6953    
nid003773.dogwood.wcoss2.ncep.noaa.gov 2:  MAX/MIN TEMPERATURE AT LEVEL           93 IS:    240.2500       194.3594    
nid003773.dogwood.wcoss2.ncep.noaa.gov 2:  MAX/MIN TEMPERATURE AT LEVEL           94 IS:    241.5781       194.3594    
nid001641.dogwood.wcoss2.ncep.noaa.gov 1:  MAX/MIN TEMPERATURE AT LEVEL           68 IS:    242.3984       202.8125    
nid003773.dogwood.wcoss2.ncep.noaa.gov 2:  MAX/MIN TEMPERATURE AT LEVEL           95 IS:    242.8359       193.5156    
nid001641.dogwood.wcoss2.ncep.noaa.gov 1:  MAX/MIN TEMPERATURE AT LEVEL           69 IS:    239.2656       203.6172    
nid003773.dogwood.wcoss2.ncep.noaa.gov 2:  MAX/MIN TEMPERATURE AT LEVEL           96 IS:    242.8906       191.9375    
nid003773.dogwood.wcoss2.ncep.noaa.gov 2:  MAX/MIN TEMPERATURE AT LEVEL           97 IS:    244.3438       191.4062    
nid001641.dogwood.wcoss2.ncep.noaa.gov 1:  MAX/MIN TEMPERATURE AT LEVEL           70 IS:    235.7656       204.2031    
nid003773.dogwood.wcoss2.ncep.noaa.gov 2:  MAX/MIN TEMPERATURE AT LEVEL           98 IS:    245.1641       190.0312    
nid001641.dogwood.wcoss2.ncep.noaa.gov 1:  MAX/MIN TEMPERATURE AT LEVEL           71 IS:    234.9453       204.4688    
nid003773.dogwood.wcoss2.ncep.noaa.gov 2:  MAX/MIN TEMPERATURE AT LEVEL           99 IS:    245.1641       189.7578    
nid003773.dogwood.wcoss2.ncep.noaa.gov 2:  MAX/MIN TEMPERATURE AT LEVEL          100 IS:    246.7031       189.1250    
nid001641.dogwood.wcoss2.ncep.noaa.gov 1:  MAX/MIN TEMPERATURE AT LEVEL           72 IS:    234.6875       202.6719    
nid003773.dogwood.wcoss2.ncep.noaa.gov 2:  MAX/MIN TEMPERATURE AT LEVEL          101 IS:    248.1562       187.2734    
nid001641.dogwood.wcoss2.ncep.noaa.gov 1:  MAX/MIN TEMPERATURE AT LEVEL           73 IS:    234.8438       202.1250    
nid003773.dogwood.wcoss2.ncep.noaa.gov 2:  MAX/MIN TEMPERATURE AT LEVEL          102 IS:    249.8594       188.6797    
nid003773.dogwood.wcoss2.ncep.noaa.gov 2:  MAX/MIN TEMPERATURE AT LEVEL          103 IS:    251.8125       187.4453    
nid001641.dogwood.wcoss2.ncep.noaa.gov 1:  MAX/MIN TEMPERATURE AT LEVEL           74 IS:    234.6641       200.5156    
nid003773.dogwood.wcoss2.ncep.noaa.gov 2:  MAX/MIN TEMPERATURE AT LEVEL          104 IS:    254.1953       188.5469    
nid001641.dogwood.wcoss2.ncep.noaa.gov 1:  MAX/MIN TEMPERATURE AT LEVEL           75 IS:    234.1562       199.3750    
nid003773.dogwood.wcoss2.ncep.noaa.gov 2:  MAX/MIN TEMPERATURE AT LEVEL          105 IS:    257.1719       188.0859    
nid003773.dogwood.wcoss2.ncep.noaa.gov 2:  MAX/MIN TEMPERATURE AT LEVEL          106 IS:    260.0781       187.8594    
nid001641.dogwood.wcoss2.ncep.noaa.gov 1:  MAX/MIN TEMPERATURE AT LEVEL           76 IS:    233.7031       197.5156    
nid003773.dogwood.wcoss2.ncep.noaa.gov 2:  MAX/MIN TEMPERATURE AT LEVEL          107 IS:    263.2969       189.5000    
nid001641.dogwood.wcoss2.ncep.noaa.gov 1:  MAX/MIN TEMPERATURE AT LEVEL           77 IS:    233.4453       197.5312    
nid003773.dogwood.wcoss2.ncep.noaa.gov 2:  MAX/MIN TEMPERATURE AT LEVEL          108 IS:    267.2188       192.7344    
nid003773.dogwood.wcoss2.ncep.noaa.gov 2:  MAX/MIN TEMPERATURE AT LEVEL          109 IS:    270.4844       193.7891    
nid001641.dogwood.wcoss2.ncep.noaa.gov 1:  MAX/MIN TEMPERATURE AT LEVEL           78 IS:    233.9375       198.4375    
nid003773.dogwood.wcoss2.ncep.noaa.gov 2:  MAX/MIN TEMPERATURE AT LEVEL          110 IS:    274.5156       199.2266    
nid001641.dogwood.wcoss2.ncep.noaa.gov 1:  MAX/MIN TEMPERATURE AT LEVEL           79 IS:    234.3828       197.0156    
nid003773.dogwood.wcoss2.ncep.noaa.gov 2:  MAX/MIN TEMPERATURE AT LEVEL          111 IS:    278.3438       202.8750    
nid003773.dogwood.wcoss2.ncep.noaa.gov 2:  MAX/MIN TEMPERATURE AT LEVEL          112 IS:    281.9219       211.8203    
nid001641.dogwood.wcoss2.ncep.noaa.gov 1:  MAX/MIN TEMPERATURE AT LEVEL           80 IS:    234.7969       193.9297    
nid003773.dogwood.wcoss2.ncep.noaa.gov 2:  MAX/MIN TEMPERATURE AT LEVEL          113 IS:    285.2656       214.8906    
nid001641.dogwood.wcoss2.ncep.noaa.gov 1:  MAX/MIN TEMPERATURE AT LEVEL           81 IS:    235.3984       190.3281    
nid003773.dogwood.wcoss2.ncep.noaa.gov 2:  MAX/MIN TEMPERATURE AT LEVEL          114 IS:    290.0938       217.4219    
nid003773.dogwood.wcoss2.ncep.noaa.gov 2:  MAX/MIN TEMPERATURE AT LEVEL          115 IS:    292.0000       219.2578    
nid001641.dogwood.wcoss2.ncep.noaa.gov 1:  MAX/MIN TEMPERATURE AT LEVEL           82 IS:    235.2031       187.5938    
nid003773.dogwood.wcoss2.ncep.noaa.gov 2:  MAX/MIN TEMPERATURE AT LEVEL          116 IS:    290.9062       227.0547    
nid001641.dogwood.wcoss2.ncep.noaa.gov 1:  MAX/MIN TEMPERATURE AT LEVEL           83 IS:    235.1719       184.6875    
nid003773.dogwood.wcoss2.ncep.noaa.gov 2:  MAX/MIN TEMPERATURE AT LEVEL          117 IS:    287.0469       231.8906    
nid003773.dogwood.wcoss2.ncep.noaa.gov 2:  MAX/MIN TEMPERATURE AT LEVEL          118 IS:    284.8438       232.5078    
nid001641.dogwood.wcoss2.ncep.noaa.gov 1:  MAX/MIN TEMPERATURE AT LEVEL           84 IS:    234.9844       180.6484    
nid003773.dogwood.wcoss2.ncep.noaa.gov 2:  MAX/MIN TEMPERATURE AT LEVEL          119 IS:    289.6719       228.2344    
nid001641.dogwood.wcoss2.ncep.noaa.gov 1:  MAX/MIN TEMPERATURE AT LEVEL           85 IS:    235.2500       178.6719    
nid003773.dogwood.wcoss2.ncep.noaa.gov 2:  MAX/MIN TEMPERATURE AT LEVEL          120 IS:    293.9531       223.9688    
nid003773.dogwood.wcoss2.ncep.noaa.gov 2:  MAX/MIN TEMPERATURE AT LEVEL          121 IS:    298.9062       212.3594    
nid001641.dogwood.wcoss2.ncep.noaa.gov 1:  MAX/MIN TEMPERATURE AT LEVEL           86 IS:    235.9453       179.0469    
nid003773.dogwood.wcoss2.ncep.noaa.gov 2:  MAX/MIN TEMPERATURE AT LEVEL          122 IS:    294.5781       200.1719    
nid001641.dogwood.wcoss2.ncep.noaa.gov 1:  MAX/MIN TEMPERATURE AT LEVEL           87 IS:    235.8359       186.3281    
nid003773.dogwood.wcoss2.ncep.noaa.gov 2:  MAX/MIN TEMPERATURE AT LEVEL          123 IS:    277.2500       190.5859    
nid003773.dogwood.wcoss2.ncep.noaa.gov 2:  MAX/MIN TEMPERATURE AT LEVEL          124 IS:    261.3906       180.8828    
nid001641.dogwood.wcoss2.ncep.noaa.gov 1:  MAX/MIN TEMPERATURE AT LEVEL           88 IS:    236.5703       187.5078    
nid003773.dogwood.wcoss2.ncep.noaa.gov 2:  MAX/MIN TEMPERATURE AT LEVEL          125 IS:    244.7500       170.4609    
nid003773.dogwood.wcoss2.ncep.noaa.gov 2:  MAX/MIN TEMPERATURE AT LEVEL          126 IS:    222.5078       166.6562    
nid001641.dogwood.wcoss2.ncep.noaa.gov 1:  MAX/MIN TEMPERATURE AT LEVEL           89 IS:    236.8047       190.1094    
nid003773.dogwood.wcoss2.ncep.noaa.gov 2:  MAX/MIN TEMPERATURE AT LEVEL          127 IS:    199.3438       157.0156    
 
 READ SPECIFIC HUMIDITY
nid001641.dogwood.wcoss2.ncep.noaa.gov 1:  MAX/MIN TEMPERATURE AT LEVEL           90 IS:    237.2969       194.7031    
nid001641.dogwood.wcoss2.ncep.noaa.gov 1:  MAX/MIN TEMPERATURE AT LEVEL           91 IS:    237.8672       195.9219    
nid001641.dogwood.wcoss2.ncep.noaa.gov 1:  MAX/MIN TEMPERATURE AT LEVEL           92 IS:    238.4531       195.5625    
nid001641.dogwood.wcoss2.ncep.noaa.gov 1:  MAX/MIN TEMPERATURE AT LEVEL           93 IS:    239.7812       194.6484    
nid001641.dogwood.wcoss2.ncep.noaa.gov 1:  MAX/MIN TEMPERATURE AT LEVEL           94 IS:    240.4531       193.9062    
nid001641.dogwood.wcoss2.ncep.noaa.gov 1:  MAX/MIN TEMPERATURE AT LEVEL           95 IS:    241.2266       193.3594    
nid001641.dogwood.wcoss2.ncep.noaa.gov 1:  MAX/MIN TEMPERATURE AT LEVEL           96 IS:    242.1484       192.1562    
nid001641.dogwood.wcoss2.ncep.noaa.gov 1:  MAX/MIN TEMPERATURE AT LEVEL           97 IS:    242.7891       190.7578    
nid001641.dogwood.wcoss2.ncep.noaa.gov 1:  MAX/MIN TEMPERATURE AT LEVEL           98 IS:    243.6172       188.7422    
nid001641.dogwood.wcoss2.ncep.noaa.gov 1:  MAX/MIN TEMPERATURE AT LEVEL           99 IS:    244.7109       188.5938    
nid001641.dogwood.wcoss2.ncep.noaa.gov 1:  MAX/MIN TEMPERATURE AT LEVEL          100 IS:    246.4219       186.4844    
nid001641.dogwood.wcoss2.ncep.noaa.gov 1:  MAX/MIN TEMPERATURE AT LEVEL          101 IS:    248.2969       188.0469    
nid001641.dogwood.wcoss2.ncep.noaa.gov 1:  MAX/MIN TEMPERATURE AT LEVEL          102 IS:    250.3516       187.2188    
nid001641.dogwood.wcoss2.ncep.noaa.gov 1:  MAX/MIN TEMPERATURE AT LEVEL          103 IS:    251.9766       186.7656    
nid001641.dogwood.wcoss2.ncep.noaa.gov 1:  MAX/MIN TEMPERATURE AT LEVEL          104 IS:    255.2578       187.2344    
nid001641.dogwood.wcoss2.ncep.noaa.gov 1:  MAX/MIN TEMPERATURE AT LEVEL          105 IS:    257.3125       187.2969    
nid001641.dogwood.wcoss2.ncep.noaa.gov 1:  MAX/MIN TEMPERATURE AT LEVEL          106 IS:    259.7031       186.1016    
nid001641.dogwood.wcoss2.ncep.noaa.gov 1:  MAX/MIN TEMPERATURE AT LEVEL          107 IS:    262.3438       186.6172    
nid001641.dogwood.wcoss2.ncep.noaa.gov 1:  MAX/MIN TEMPERATURE AT LEVEL          108 IS:    266.2812       189.7031    
nid001641.dogwood.wcoss2.ncep.noaa.gov 1:  MAX/MIN TEMPERATURE AT LEVEL          109 IS:    270.1250       191.7422    
nid001641.dogwood.wcoss2.ncep.noaa.gov 1:  MAX/MIN TEMPERATURE AT LEVEL          110 IS:    273.8125       195.6250    
nid001641.dogwood.wcoss2.ncep.noaa.gov 1:  MAX/MIN TEMPERATURE AT LEVEL          111 IS:    278.2344       202.1641    
nid001641.dogwood.wcoss2.ncep.noaa.gov 1:  MAX/MIN TEMPERATURE AT LEVEL          112 IS:    281.7969       211.5938    
nid001641.dogwood.wcoss2.ncep.noaa.gov 1:  MAX/MIN TEMPERATURE AT LEVEL          113 IS:    285.9375       213.1328    
nid001641.dogwood.wcoss2.ncep.noaa.gov 1:  MAX/MIN TEMPERATURE AT LEVEL          114 IS:    288.9688       215.2656    
nid001641.dogwood.wcoss2.ncep.noaa.gov 1:  MAX/MIN TEMPERATURE AT LEVEL          115 IS:    291.9844       218.6250    
nid001641.dogwood.wcoss2.ncep.noaa.gov 1:  MAX/MIN TEMPERATURE AT LEVEL          116 IS:    291.7969       226.6953    
nid001641.dogwood.wcoss2.ncep.noaa.gov 1:  MAX/MIN TEMPERATURE AT LEVEL          117 IS:    287.6719       233.0703    
nid001641.dogwood.wcoss2.ncep.noaa.gov 1:  MAX/MIN TEMPERATURE AT LEVEL          118 IS:    282.1406       237.6953    
nid001641.dogwood.wcoss2.ncep.noaa.gov 1:  MAX/MIN TEMPERATURE AT LEVEL          119 IS:    292.0312       231.4766    
nid001641.dogwood.wcoss2.ncep.noaa.gov 1:  MAX/MIN TEMPERATURE AT LEVEL          120 IS:    294.1094       223.3516    
nid001641.dogwood.wcoss2.ncep.noaa.gov 1:  MAX/MIN TEMPERATURE AT LEVEL          121 IS:    304.4375       207.7422    
nid001641.dogwood.wcoss2.ncep.noaa.gov 1:  MAX/MIN TEMPERATURE AT LEVEL          122 IS:    289.2031       203.3984    
nid001641.dogwood.wcoss2.ncep.noaa.gov 1:  MAX/MIN TEMPERATURE AT LEVEL          123 IS:    277.4375       192.3438    
nid001641.dogwood.wcoss2.ncep.noaa.gov 1:  MAX/MIN TEMPERATURE AT LEVEL          124 IS:    266.6562       180.9219    
nid001641.dogwood.wcoss2.ncep.noaa.gov 1:  MAX/MIN TEMPERATURE AT LEVEL          125 IS:    243.1250       169.0078    
nid001641.dogwood.wcoss2.ncep.noaa.gov 1:  MAX/MIN TEMPERATURE AT LEVEL          126 IS:    221.1953       163.1484    
nid001641.dogwood.wcoss2.ncep.noaa.gov 1:  MAX/MIN TEMPERATURE AT LEVEL          127 IS:    200.3594       153.4297    
 
 READ SPECIFIC HUMIDITY
nid001162.dogwood.wcoss2.ncep.noaa.gov 0:  MAX/MIN TEMPERATURE AT LEVEL            1 IS:    313.8438       233.9531    
nid001162.dogwood.wcoss2.ncep.noaa.gov 0:  MAX/MIN TEMPERATURE AT LEVEL            2 IS:    313.3594       234.1016    
nid001162.dogwood.wcoss2.ncep.noaa.gov 0:  MAX/MIN TEMPERATURE AT LEVEL            3 IS:    313.0156       234.4609    
nid001162.dogwood.wcoss2.ncep.noaa.gov 0:  MAX/MIN TEMPERATURE AT LEVEL            4 IS:    312.6875       235.0469    
nid001162.dogwood.wcoss2.ncep.noaa.gov 0:  MAX/MIN TEMPERATURE AT LEVEL            5 IS:    312.3750       235.3203    
nid001162.dogwood.wcoss2.ncep.noaa.gov 0:  MAX/MIN TEMPERATURE AT LEVEL            6 IS:    312.0625       235.6719    
nid001162.dogwood.wcoss2.ncep.noaa.gov 0:  MAX/MIN TEMPERATURE AT LEVEL            7 IS:    311.7188       236.1016    
nid001162.dogwood.wcoss2.ncep.noaa.gov 0:  MAX/MIN TEMPERATURE AT LEVEL            8 IS:    311.3750       236.5312    
nid001162.dogwood.wcoss2.ncep.noaa.gov 0:  MAX/MIN TEMPERATURE AT LEVEL            9 IS:    311.0156       236.9766    
nid001162.dogwood.wcoss2.ncep.noaa.gov 0:  MAX/MIN TEMPERATURE AT LEVEL           10 IS:    310.6406       236.7422    
nid001162.dogwood.wcoss2.ncep.noaa.gov 0:  MAX/MIN TEMPERATURE AT LEVEL           11 IS:    310.2344       236.4688    
nid001162.dogwood.wcoss2.ncep.noaa.gov 0:  MAX/MIN TEMPERATURE AT LEVEL           12 IS:    309.7969       236.1797    
nid001162.dogwood.wcoss2.ncep.noaa.gov 0:  MAX/MIN TEMPERATURE AT LEVEL           13 IS:    309.3594       235.8828    
nid001162.dogwood.wcoss2.ncep.noaa.gov 0:  MAX/MIN TEMPERATURE AT LEVEL           14 IS:    308.8750       235.5625    
nid001162.dogwood.wcoss2.ncep.noaa.gov 0:  MAX/MIN TEMPERATURE AT LEVEL           15 IS:    308.3750       235.2344    
nid001162.dogwood.wcoss2.ncep.noaa.gov 0:  MAX/MIN TEMPERATURE AT LEVEL           16 IS:    307.8594       234.8828    
nid001162.dogwood.wcoss2.ncep.noaa.gov 0:  MAX/MIN TEMPERATURE AT LEVEL           17 IS:    307.2969       234.5234    
nid001162.dogwood.wcoss2.ncep.noaa.gov 0:  MAX/MIN TEMPERATURE AT LEVEL           18 IS:    306.7031       234.1328    
nid001162.dogwood.wcoss2.ncep.noaa.gov 0:  MAX/MIN TEMPERATURE AT LEVEL           19 IS:    306.0781       233.7266    
nid001162.dogwood.wcoss2.ncep.noaa.gov 0:  MAX/MIN TEMPERATURE AT LEVEL           20 IS:    305.4375       233.3125    
nid001162.dogwood.wcoss2.ncep.noaa.gov 0:  MAX/MIN TEMPERATURE AT LEVEL           21 IS:    304.7500       232.8750    
nid001162.dogwood.wcoss2.ncep.noaa.gov 0:  MAX/MIN TEMPERATURE AT LEVEL           22 IS:    304.0156       232.4141    
nid001162.dogwood.wcoss2.ncep.noaa.gov 0:  MAX/MIN TEMPERATURE AT LEVEL           23 IS:    303.2656       231.9453    
nid001162.dogwood.wcoss2.ncep.noaa.gov 0:  MAX/MIN TEMPERATURE AT LEVEL           24 IS:    302.4688       231.4375    
nid001162.dogwood.wcoss2.ncep.noaa.gov 0:  MAX/MIN TEMPERATURE AT LEVEL           25 IS:    301.6250       230.9375    
nid001162.dogwood.wcoss2.ncep.noaa.gov 0:  MAX/MIN TEMPERATURE AT LEVEL           26 IS:    300.7500       230.5391    
nid001162.dogwood.wcoss2.ncep.noaa.gov 0:  MAX/MIN TEMPERATURE AT LEVEL           27 IS:    299.8438       230.0703    
nid001162.dogwood.wcoss2.ncep.noaa.gov 0:  MAX/MIN TEMPERATURE AT LEVEL           28 IS:    298.8750       229.6875    
nid001162.dogwood.wcoss2.ncep.noaa.gov 0:  MAX/MIN TEMPERATURE AT LEVEL           29 IS:    297.8750       229.1562    
nid001162.dogwood.wcoss2.ncep.noaa.gov 0:  MAX/MIN TEMPERATURE AT LEVEL           30 IS:    296.8438       228.8281    
nid001162.dogwood.wcoss2.ncep.noaa.gov 0:  MAX/MIN TEMPERATURE AT LEVEL           31 IS:    296.3906       228.2969    
nid001162.dogwood.wcoss2.ncep.noaa.gov 0:  MAX/MIN TEMPERATURE AT LEVEL           32 IS:    296.1719       227.7812    
nid001162.dogwood.wcoss2.ncep.noaa.gov 0:  MAX/MIN TEMPERATURE AT LEVEL           33 IS:    295.7344       227.2422    
nid001162.dogwood.wcoss2.ncep.noaa.gov 0:  MAX/MIN TEMPERATURE AT LEVEL           34 IS:    295.0469       226.7578    
nid001162.dogwood.wcoss2.ncep.noaa.gov 0:  MAX/MIN TEMPERATURE AT LEVEL           35 IS:    294.3906       226.3906    
nid001162.dogwood.wcoss2.ncep.noaa.gov 0:  MAX/MIN TEMPERATURE AT LEVEL           36 IS:    293.5312       226.0781    
nid001162.dogwood.wcoss2.ncep.noaa.gov 0:  MAX/MIN TEMPERATURE AT LEVEL           37 IS:    292.4062       225.6484    
nid001162.dogwood.wcoss2.ncep.noaa.gov 0:  MAX/MIN TEMPERATURE AT LEVEL           38 IS:    291.1562       225.2812    
nid001162.dogwood.wcoss2.ncep.noaa.gov 0:  MAX/MIN TEMPERATURE AT LEVEL           39 IS:    289.8594       224.7188    
nid001162.dogwood.wcoss2.ncep.noaa.gov 0:  MAX/MIN TEMPERATURE AT LEVEL           40 IS:    289.4531       224.2188    
nid001162.dogwood.wcoss2.ncep.noaa.gov 0:  MAX/MIN TEMPERATURE AT LEVEL           41 IS:    288.3906       223.3516    
nid001162.dogwood.wcoss2.ncep.noaa.gov 0:  MAX/MIN TEMPERATURE AT LEVEL           42 IS:    287.3906       222.5625    
nid001162.dogwood.wcoss2.ncep.noaa.gov 0:  MAX/MIN TEMPERATURE AT LEVEL           43 IS:    286.3906       222.7656    
nid001162.dogwood.wcoss2.ncep.noaa.gov 0:  MAX/MIN TEMPERATURE AT LEVEL           44 IS:    285.3438       222.4766    
nid001162.dogwood.wcoss2.ncep.noaa.gov 0:  MAX/MIN TEMPERATURE AT LEVEL           45 IS:    283.8594       221.9062    
nid001162.dogwood.wcoss2.ncep.noaa.gov 0:  MAX/MIN TEMPERATURE AT LEVEL           46 IS:    282.2969       221.4453    
nid001162.dogwood.wcoss2.ncep.noaa.gov 0:  MAX/MIN TEMPERATURE AT LEVEL           47 IS:    280.8750       220.9375    
nid001162.dogwood.wcoss2.ncep.noaa.gov 0:  MAX/MIN TEMPERATURE AT LEVEL           48 IS:    279.4375       220.3125    
nid001162.dogwood.wcoss2.ncep.noaa.gov 0:  MAX/MIN TEMPERATURE AT LEVEL           49 IS:    277.7812       219.5234    
nid001162.dogwood.wcoss2.ncep.noaa.gov 0:  MAX/MIN TEMPERATURE AT LEVEL           50 IS:    276.0938       218.5625    
nid001162.dogwood.wcoss2.ncep.noaa.gov 0:  MAX/MIN TEMPERATURE AT LEVEL           51 IS:    274.9844       217.5859    
nid001162.dogwood.wcoss2.ncep.noaa.gov 0:  MAX/MIN TEMPERATURE AT LEVEL           52 IS:    274.1562       216.5703    
nid001162.dogwood.wcoss2.ncep.noaa.gov 0:  MAX/MIN TEMPERATURE AT LEVEL           53 IS:    272.4375       215.5000    
nid001162.dogwood.wcoss2.ncep.noaa.gov 0:  MAX/MIN TEMPERATURE AT LEVEL           54 IS:    271.8281       214.3984    
nid001162.dogwood.wcoss2.ncep.noaa.gov 0:  MAX/MIN TEMPERATURE AT LEVEL           55 IS:    272.7812       213.2969    
nid001162.dogwood.wcoss2.ncep.noaa.gov 0:  MAX/MIN TEMPERATURE AT LEVEL           56 IS:    272.3438       212.1953    
nid001162.dogwood.wcoss2.ncep.noaa.gov 0:  MAX/MIN TEMPERATURE AT LEVEL           57 IS:    271.2812       211.1328    
nid001162.dogwood.wcoss2.ncep.noaa.gov 0:  MAX/MIN TEMPERATURE AT LEVEL           58 IS:    269.5156       210.1484    
nid001162.dogwood.wcoss2.ncep.noaa.gov 0:  MAX/MIN TEMPERATURE AT LEVEL           59 IS:    266.5312       209.2188    
nid001162.dogwood.wcoss2.ncep.noaa.gov 0:  MAX/MIN TEMPERATURE AT LEVEL           60 IS:    263.8906       208.3203    
nid001162.dogwood.wcoss2.ncep.noaa.gov 0:  MAX/MIN TEMPERATURE AT LEVEL           61 IS:    260.9375       207.5391    
nid001162.dogwood.wcoss2.ncep.noaa.gov 0:  MAX/MIN TEMPERATURE AT LEVEL           62 IS:    258.1875       206.8594    
nid001162.dogwood.wcoss2.ncep.noaa.gov 0:  MAX/MIN TEMPERATURE AT LEVEL           63 IS:    255.8203       205.6641    
nid001162.dogwood.wcoss2.ncep.noaa.gov 0:  MAX/MIN TEMPERATURE AT LEVEL           64 IS:    255.4141       204.4922    
nid001162.dogwood.wcoss2.ncep.noaa.gov 0:  MAX/MIN TEMPERATURE AT LEVEL           65 IS:    250.5859       203.6250    
nid001162.dogwood.wcoss2.ncep.noaa.gov 0:  MAX/MIN TEMPERATURE AT LEVEL           66 IS:    247.5469       202.8438    
nid001162.dogwood.wcoss2.ncep.noaa.gov 0:  MAX/MIN TEMPERATURE AT LEVEL           67 IS:    245.4062       202.4766    
nid001162.dogwood.wcoss2.ncep.noaa.gov 0:  MAX/MIN TEMPERATURE AT LEVEL           68 IS:    243.7891       202.7578    
nid001162.dogwood.wcoss2.ncep.noaa.gov 0:  MAX/MIN TEMPERATURE AT LEVEL           69 IS:    240.8203       203.3984    
nid001162.dogwood.wcoss2.ncep.noaa.gov 0:  MAX/MIN TEMPERATURE AT LEVEL           70 IS:    237.3828       203.8359    
nid001162.dogwood.wcoss2.ncep.noaa.gov 0:  MAX/MIN TEMPERATURE AT LEVEL           71 IS:    234.9688       203.9531    
nid001162.dogwood.wcoss2.ncep.noaa.gov 0:  MAX/MIN TEMPERATURE AT LEVEL           72 IS:    235.1250       203.0859    
nid001162.dogwood.wcoss2.ncep.noaa.gov 0:  MAX/MIN TEMPERATURE AT LEVEL           73 IS:    235.3125       200.9609    
nid001162.dogwood.wcoss2.ncep.noaa.gov 0:  MAX/MIN TEMPERATURE AT LEVEL           74 IS:    235.1797       200.4453    
nid001162.dogwood.wcoss2.ncep.noaa.gov 0:  MAX/MIN TEMPERATURE AT LEVEL           75 IS:    234.6562       198.6641    
nid001162.dogwood.wcoss2.ncep.noaa.gov 0:  MAX/MIN TEMPERATURE AT LEVEL           76 IS:    233.8125       197.1875    
nid001162.dogwood.wcoss2.ncep.noaa.gov 0:  MAX/MIN TEMPERATURE AT LEVEL           77 IS:    233.5547       196.5859    
nid001162.dogwood.wcoss2.ncep.noaa.gov 0:  MAX/MIN TEMPERATURE AT LEVEL           78 IS:    233.4219       198.5547    
nid001162.dogwood.wcoss2.ncep.noaa.gov 0:  MAX/MIN TEMPERATURE AT LEVEL           79 IS:    234.2500       197.5625    
nid001162.dogwood.wcoss2.ncep.noaa.gov 0:  MAX/MIN TEMPERATURE AT LEVEL           80 IS:    235.0781       194.3594    
nid001162.dogwood.wcoss2.ncep.noaa.gov 0:  MAX/MIN TEMPERATURE AT LEVEL           81 IS:    235.3125       191.4609    
nid001162.dogwood.wcoss2.ncep.noaa.gov 0:  MAX/MIN TEMPERATURE AT LEVEL           82 IS:    235.5469       187.9609    
nid001162.dogwood.wcoss2.ncep.noaa.gov 0:  MAX/MIN TEMPERATURE AT LEVEL           83 IS:    235.6641       185.3359    
nid001162.dogwood.wcoss2.ncep.noaa.gov 0:  MAX/MIN TEMPERATURE AT LEVEL           84 IS:    235.4688       181.8516    
nid001162.dogwood.wcoss2.ncep.noaa.gov 0:  MAX/MIN TEMPERATURE AT LEVEL           85 IS:    235.5859       178.3594    
nid001162.dogwood.wcoss2.ncep.noaa.gov 0:  MAX/MIN TEMPERATURE AT LEVEL           86 IS:    236.2188       177.9141    
nid001162.dogwood.wcoss2.ncep.noaa.gov 0:  MAX/MIN TEMPERATURE AT LEVEL           87 IS:    236.1953       186.7969    
nid001162.dogwood.wcoss2.ncep.noaa.gov 0:  MAX/MIN TEMPERATURE AT LEVEL           88 IS:    236.1875       188.2344    
nid001162.dogwood.wcoss2.ncep.noaa.gov 0:  MAX/MIN TEMPERATURE AT LEVEL           89 IS:    236.9922       191.1797    
nid001162.dogwood.wcoss2.ncep.noaa.gov 0:  MAX/MIN TEMPERATURE AT LEVEL           90 IS:    237.2812       195.0000    
nid001162.dogwood.wcoss2.ncep.noaa.gov 0:  MAX/MIN TEMPERATURE AT LEVEL           91 IS:    237.7891       196.1641    
nid001162.dogwood.wcoss2.ncep.noaa.gov 0:  MAX/MIN TEMPERATURE AT LEVEL           92 IS:    238.7500       195.5781    
nid001162.dogwood.wcoss2.ncep.noaa.gov 0:  MAX/MIN TEMPERATURE AT LEVEL           93 IS:    239.8594       194.5781    
nid001162.dogwood.wcoss2.ncep.noaa.gov 0:  MAX/MIN TEMPERATURE AT LEVEL           94 IS:    240.6797       193.9297    
nid001162.dogwood.wcoss2.ncep.noaa.gov 0:  MAX/MIN TEMPERATURE AT LEVEL           95 IS:    241.2422       192.8594    
nid001162.dogwood.wcoss2.ncep.noaa.gov 0:  MAX/MIN TEMPERATURE AT LEVEL           96 IS:    242.2891       192.1406    
nid001162.dogwood.wcoss2.ncep.noaa.gov 0:  MAX/MIN TEMPERATURE AT LEVEL           97 IS:    243.3516       191.8281    
nid001162.dogwood.wcoss2.ncep.noaa.gov 0:  MAX/MIN TEMPERATURE AT LEVEL           98 IS:    244.0391       190.6406    
nid001162.dogwood.wcoss2.ncep.noaa.gov 0:  MAX/MIN TEMPERATURE AT LEVEL           99 IS:    245.0547       188.5078    
nid001162.dogwood.wcoss2.ncep.noaa.gov 0:  MAX/MIN TEMPERATURE AT LEVEL          100 IS:    246.9375       187.6562    
nid001162.dogwood.wcoss2.ncep.noaa.gov 0:  MAX/MIN TEMPERATURE AT LEVEL          101 IS:    248.8594       187.1406    
nid001162.dogwood.wcoss2.ncep.noaa.gov 0:  MAX/MIN TEMPERATURE AT LEVEL          102 IS:    250.6562       185.9297    
nid001162.dogwood.wcoss2.ncep.noaa.gov 0:  MAX/MIN TEMPERATURE AT LEVEL          103 IS:    252.8828       185.3438    
nid001162.dogwood.wcoss2.ncep.noaa.gov 0:  MAX/MIN TEMPERATURE AT LEVEL          104 IS:    255.2969       185.6484    
nid001162.dogwood.wcoss2.ncep.noaa.gov 0:  MAX/MIN TEMPERATURE AT LEVEL          105 IS:    257.4688       186.3125    
nid001162.dogwood.wcoss2.ncep.noaa.gov 0:  MAX/MIN TEMPERATURE AT LEVEL          106 IS:    260.4375       185.6797    
nid001162.dogwood.wcoss2.ncep.noaa.gov 0:  MAX/MIN TEMPERATURE AT LEVEL          107 IS:    262.6094       187.8047    
nid001162.dogwood.wcoss2.ncep.noaa.gov 0:  MAX/MIN TEMPERATURE AT LEVEL          108 IS:    266.2344       191.5312    
nid001162.dogwood.wcoss2.ncep.noaa.gov 0:  MAX/MIN TEMPERATURE AT LEVEL          109 IS:    270.5469       192.3984    
nid001162.dogwood.wcoss2.ncep.noaa.gov 0:  MAX/MIN TEMPERATURE AT LEVEL          110 IS:    274.2344       194.6328    
nid001162.dogwood.wcoss2.ncep.noaa.gov 0:  MAX/MIN TEMPERATURE AT LEVEL          111 IS:    278.5000       204.8203    
nid001162.dogwood.wcoss2.ncep.noaa.gov 0:  MAX/MIN TEMPERATURE AT LEVEL          112 IS:    282.7969       211.3750    
nid001162.dogwood.wcoss2.ncep.noaa.gov 0:  MAX/MIN TEMPERATURE AT LEVEL          113 IS:    286.7969       211.5469    
nid001162.dogwood.wcoss2.ncep.noaa.gov 0:  MAX/MIN TEMPERATURE AT LEVEL          114 IS:    289.6562       216.8516    
nid001162.dogwood.wcoss2.ncep.noaa.gov 0:  MAX/MIN TEMPERATURE AT LEVEL          115 IS:    291.0781       221.6094    
nid001162.dogwood.wcoss2.ncep.noaa.gov 0:  MAX/MIN TEMPERATURE AT LEVEL          116 IS:    290.2188       226.5156    
nid001162.dogwood.wcoss2.ncep.noaa.gov 0:  MAX/MIN TEMPERATURE AT LEVEL          117 IS:    287.5469       235.4609    
nid001162.dogwood.wcoss2.ncep.noaa.gov 0:  MAX/MIN TEMPERATURE AT LEVEL          118 IS:    290.2500       239.1953    
nid001162.dogwood.wcoss2.ncep.noaa.gov 0:  MAX/MIN TEMPERATURE AT LEVEL          119 IS:    304.1250       232.0703    
nid001162.dogwood.wcoss2.ncep.noaa.gov 0:  MAX/MIN TEMPERATURE AT LEVEL          120 IS:    300.4062       222.6328    
nid001162.dogwood.wcoss2.ncep.noaa.gov 0:  MAX/MIN TEMPERATURE AT LEVEL          121 IS:    297.2188       209.7422    
nid001162.dogwood.wcoss2.ncep.noaa.gov 0:  MAX/MIN TEMPERATURE AT LEVEL          122 IS:    291.1562       206.1250    
nid001162.dogwood.wcoss2.ncep.noaa.gov 0:  MAX/MIN TEMPERATURE AT LEVEL          123 IS:    274.5312       194.9844    
nid001162.dogwood.wcoss2.ncep.noaa.gov 0:  MAX/MIN TEMPERATURE AT LEVEL          124 IS:    265.9375       185.1641    
nid001162.dogwood.wcoss2.ncep.noaa.gov 0:  MAX/MIN TEMPERATURE AT LEVEL          125 IS:    245.2188       172.0469    
nid001162.dogwood.wcoss2.ncep.noaa.gov 0:  MAX/MIN TEMPERATURE AT LEVEL          126 IS:    220.3203       162.2578    
nid001162.dogwood.wcoss2.ncep.noaa.gov 0:  MAX/MIN TEMPERATURE AT LEVEL          127 IS:    199.3047       151.8438    
 
 READ SPECIFIC HUMIDITY
nid003773.dogwood.wcoss2.ncep.noaa.gov 2:  MAX/MIN SPECIFIC HUMIDITY AT LEVEL            1 IS:   2.1198273E-02
  7.5709075E-05
nid003773.dogwood.wcoss2.ncep.noaa.gov 2:  MAX/MIN SPECIFIC HUMIDITY AT LEVEL            2 IS:   2.0815849E-02
  7.2073191E-05
nid003773.dogwood.wcoss2.ncep.noaa.gov 2:  MAX/MIN SPECIFIC HUMIDITY AT LEVEL            3 IS:   2.0611763E-02
  7.0016831E-05
nid003773.dogwood.wcoss2.ncep.noaa.gov 2:  MAX/MIN SPECIFIC HUMIDITY AT LEVEL            4 IS:   2.0437241E-02
  6.8608671E-05
nid003773.dogwood.wcoss2.ncep.noaa.gov 2:  MAX/MIN SPECIFIC HUMIDITY AT LEVEL            5 IS:   2.0309448E-02
  6.7919493E-05
nid003773.dogwood.wcoss2.ncep.noaa.gov 2:  MAX/MIN SPECIFIC HUMIDITY AT LEVEL            6 IS:   2.0185471E-02
  6.6861510E-05
nid003773.dogwood.wcoss2.ncep.noaa.gov 2:  MAX/MIN SPECIFIC HUMIDITY AT LEVEL            7 IS:   2.0081520E-02
  6.5680593E-05
nid003773.dogwood.wcoss2.ncep.noaa.gov 2:  MAX/MIN SPECIFIC HUMIDITY AT LEVEL            8 IS:   1.9981384E-02
  6.4380467E-05
nid003773.dogwood.wcoss2.ncep.noaa.gov 2:  MAX/MIN SPECIFIC HUMIDITY AT LEVEL            9 IS:   1.9895554E-02
  6.3087791E-05
nid003773.dogwood.wcoss2.ncep.noaa.gov 2:  MAX/MIN SPECIFIC HUMIDITY AT LEVEL           10 IS:   1.9873619E-02
  6.1895698E-05
nid003773.dogwood.wcoss2.ncep.noaa.gov 2:  MAX/MIN SPECIFIC HUMIDITY AT LEVEL           11 IS:   1.9854546E-02
  6.0791150E-05
nid003773.dogwood.wcoss2.ncep.noaa.gov 2:  MAX/MIN SPECIFIC HUMIDITY AT LEVEL           12 IS:   1.9826889E-02
  5.9915707E-05
nid003773.dogwood.wcoss2.ncep.noaa.gov 2:  MAX/MIN SPECIFIC HUMIDITY AT LEVEL           13 IS:   1.9793510E-02
  5.9397891E-05
nid003773.dogwood.wcoss2.ncep.noaa.gov 2:  MAX/MIN SPECIFIC HUMIDITY AT LEVEL           14 IS:   1.9740105E-02
  5.9245154E-05
nid003773.dogwood.wcoss2.ncep.noaa.gov 2:  MAX/MIN SPECIFIC HUMIDITY AT LEVEL           15 IS:   1.9607544E-02
  5.6281686E-05
nid003773.dogwood.wcoss2.ncep.noaa.gov 2:  MAX/MIN SPECIFIC HUMIDITY AT LEVEL           16 IS:   1.9342422E-02
  4.6672300E-05
nid003773.dogwood.wcoss2.ncep.noaa.gov 2:  MAX/MIN SPECIFIC HUMIDITY AT LEVEL           17 IS:   1.9133568E-02
  4.2671338E-05
nid003773.dogwood.wcoss2.ncep.noaa.gov 2:  MAX/MIN SPECIFIC HUMIDITY AT LEVEL           18 IS:   1.8951416E-02
  4.0913001E-05
nid003773.dogwood.wcoss2.ncep.noaa.gov 2:  MAX/MIN SPECIFIC HUMIDITY AT LEVEL           19 IS:   1.8692970E-02
  3.9910898E-05
nid003773.dogwood.wcoss2.ncep.noaa.gov 2:  MAX/MIN SPECIFIC HUMIDITY AT LEVEL           20 IS:   1.8522263E-02
  3.9013103E-05
nid003773.dogwood.wcoss2.ncep.noaa.gov 2:  MAX/MIN SPECIFIC HUMIDITY AT LEVEL           21 IS:   1.8343925E-02
  2.4081208E-05
nid003773.dogwood.wcoss2.ncep.noaa.gov 2:  MAX/MIN SPECIFIC HUMIDITY AT LEVEL           22 IS:   1.8184662E-02
  1.5536323E-05
nid003773.dogwood.wcoss2.ncep.noaa.gov 2:  MAX/MIN SPECIFIC HUMIDITY AT LEVEL           23 IS:   1.7943382E-02
  1.2655742E-05
nid003773.dogwood.wcoss2.ncep.noaa.gov 2:  MAX/MIN SPECIFIC HUMIDITY AT LEVEL           24 IS:   1.7778397E-02
  1.1831988E-05
nid003773.dogwood.wcoss2.ncep.noaa.gov 2:  MAX/MIN SPECIFIC HUMIDITY AT LEVEL           25 IS:   1.7452240E-02
  1.1004508E-05
nid003773.dogwood.wcoss2.ncep.noaa.gov 2:  MAX/MIN SPECIFIC HUMIDITY AT LEVEL           26 IS:   1.7239571E-02
  4.7888607E-06
nid003773.dogwood.wcoss2.ncep.noaa.gov 2:  MAX/MIN SPECIFIC HUMIDITY AT LEVEL           27 IS:   1.6910553E-02
  1.7735292E-06
nid003773.dogwood.wcoss2.ncep.noaa.gov 2:  MAX/MIN SPECIFIC HUMIDITY AT LEVEL           28 IS:   1.6577721E-02
  6.1947503E-07
nid003773.dogwood.wcoss2.ncep.noaa.gov 2:  MAX/MIN SPECIFIC HUMIDITY AT LEVEL           29 IS:   1.6363144E-02
  1.2820965E-07
nid003773.dogwood.wcoss2.ncep.noaa.gov 2:  MAX/MIN SPECIFIC HUMIDITY AT LEVEL           30 IS:   1.6188622E-02
  3.5444828E-08
nid003773.dogwood.wcoss2.ncep.noaa.gov 2:  MAX/MIN SPECIFIC HUMIDITY AT LEVEL           31 IS:   1.6030312E-02
  9.2927621E-09
nid003773.dogwood.wcoss2.ncep.noaa.gov 2:  MAX/MIN SPECIFIC HUMIDITY AT LEVEL           32 IS:   1.5913010E-02
  2.2071163E-09
nid003773.dogwood.wcoss2.ncep.noaa.gov 2:  MAX/MIN SPECIFIC HUMIDITY AT LEVEL           33 IS:   1.5849113E-02
  1.3056365E-09
nid003773.dogwood.wcoss2.ncep.noaa.gov 2:  MAX/MIN SPECIFIC HUMIDITY AT LEVEL           34 IS:   1.5557289E-02
  1.0568328E-09
nid003773.dogwood.wcoss2.ncep.noaa.gov 2:  MAX/MIN SPECIFIC HUMIDITY AT LEVEL           35 IS:   1.5093327E-02
  1.1026486E-09
nid003773.dogwood.wcoss2.ncep.noaa.gov 2:  MAX/MIN SPECIFIC HUMIDITY AT LEVEL           36 IS:   1.4791489E-02
  1.0940653E-09
nid003773.dogwood.wcoss2.ncep.noaa.gov 2:  MAX/MIN SPECIFIC HUMIDITY AT LEVEL           37 IS:   1.4475822E-02
  1.1550583E-09
nid003773.dogwood.wcoss2.ncep.noaa.gov 2:  MAX/MIN SPECIFIC HUMIDITY AT LEVEL           38 IS:   1.4138699E-02
  1.0953158E-09
nid003773.dogwood.wcoss2.ncep.noaa.gov 2:  MAX/MIN SPECIFIC HUMIDITY AT LEVEL           39 IS:   1.3802528E-02
  1.1669954E-09
nid003773.dogwood.wcoss2.ncep.noaa.gov 2:  MAX/MIN SPECIFIC HUMIDITY AT LEVEL           40 IS:   1.3446331E-02
  1.0663257E-09
nid003773.dogwood.wcoss2.ncep.noaa.gov 2:  MAX/MIN SPECIFIC HUMIDITY AT LEVEL           41 IS:   1.3086319E-02
  2.4148221E-09
nid003773.dogwood.wcoss2.ncep.noaa.gov 2:  MAX/MIN SPECIFIC HUMIDITY AT LEVEL           42 IS:   1.2724400E-02
  3.3129481E-09
nid003773.dogwood.wcoss2.ncep.noaa.gov 2:  MAX/MIN SPECIFIC HUMIDITY AT LEVEL           43 IS:   1.2318134E-02
  1.9206709E-08
nid003773.dogwood.wcoss2.ncep.noaa.gov 2:  MAX/MIN SPECIFIC HUMIDITY AT LEVEL           44 IS:   1.1878967E-02
  2.6107045E-08
nid003773.dogwood.wcoss2.ncep.noaa.gov 2:  MAX/MIN SPECIFIC HUMIDITY AT LEVEL           45 IS:   1.1421204E-02
  2.4388100E-08
nid003773.dogwood.wcoss2.ncep.noaa.gov 2:  MAX/MIN SPECIFIC HUMIDITY AT LEVEL           46 IS:   1.0901451E-02
  2.1470441E-08
nid003773.dogwood.wcoss2.ncep.noaa.gov 2:  MAX/MIN SPECIFIC HUMIDITY AT LEVEL           47 IS:   1.0337830E-02
  1.7384082E-08
nid003773.dogwood.wcoss2.ncep.noaa.gov 2:  MAX/MIN SPECIFIC HUMIDITY AT LEVEL           48 IS:   9.8085403E-03
  6.3662355E-09
nid003773.dogwood.wcoss2.ncep.noaa.gov 2:  MAX/MIN SPECIFIC HUMIDITY AT LEVEL           49 IS:   9.2697144E-03
  3.0190677E-09
nid003773.dogwood.wcoss2.ncep.noaa.gov 2:  MAX/MIN SPECIFIC HUMIDITY AT LEVEL           50 IS:   8.7118149E-03
  1.6820536E-09
nid003773.dogwood.wcoss2.ncep.noaa.gov 2:  MAX/MIN SPECIFIC HUMIDITY AT LEVEL           51 IS:   8.1672668E-03
  1.0090275E-09
nid003773.dogwood.wcoss2.ncep.noaa.gov 2:  MAX/MIN SPECIFIC HUMIDITY AT LEVEL           52 IS:   7.6198578E-03
  1.0024337E-09
nid003773.dogwood.wcoss2.ncep.noaa.gov 2:  MAX/MIN SPECIFIC HUMIDITY AT LEVEL           53 IS:   7.0636272E-03
  1.0031158E-09
nid003773.dogwood.wcoss2.ncep.noaa.gov 2:  MAX/MIN SPECIFIC HUMIDITY AT LEVEL           54 IS:   6.5224171E-03
  1.1439738E-09
nid003773.dogwood.wcoss2.ncep.noaa.gov 2:  MAX/MIN SPECIFIC HUMIDITY AT LEVEL           55 IS:   5.9986115E-03
  1.6634658E-09
nid003773.dogwood.wcoss2.ncep.noaa.gov 2:  MAX/MIN SPECIFIC HUMIDITY AT LEVEL           56 IS:   5.5031776E-03
  1.8648052E-09
nid003773.dogwood.wcoss2.ncep.noaa.gov 2:  MAX/MIN SPECIFIC HUMIDITY AT LEVEL           57 IS:   5.0950050E-03
  3.3078322E-09
nid003773.dogwood.wcoss2.ncep.noaa.gov 2:  MAX/MIN SPECIFIC HUMIDITY AT LEVEL           58 IS:   4.6761036E-03
  1.6611352E-09
nid003773.dogwood.wcoss2.ncep.noaa.gov 2:  MAX/MIN SPECIFIC HUMIDITY AT LEVEL           59 IS:   4.2872429E-03
  3.7102836E-09
nid003773.dogwood.wcoss2.ncep.noaa.gov 2:  MAX/MIN SPECIFIC HUMIDITY AT LEVEL           60 IS:   4.0252209E-03
  1.6303261E-09
nid003773.dogwood.wcoss2.ncep.noaa.gov 2:  MAX/MIN SPECIFIC HUMIDITY AT LEVEL           61 IS:   3.7595034E-03
  1.4655370E-09
nid003773.dogwood.wcoss2.ncep.noaa.gov 2:  MAX/MIN SPECIFIC HUMIDITY AT LEVEL           62 IS:   2.8893948E-03
  9.9998942E-10
nid003773.dogwood.wcoss2.ncep.noaa.gov 2:  MAX/MIN SPECIFIC HUMIDITY AT LEVEL           63 IS:   2.0014048E-03
  7.7898221E-09
nid003773.dogwood.wcoss2.ncep.noaa.gov 2:  MAX/MIN SPECIFIC HUMIDITY AT LEVEL           64 IS:   1.5257597E-03
  1.4994839E-08
nid003773.dogwood.wcoss2.ncep.noaa.gov 2:  MAX/MIN SPECIFIC HUMIDITY AT LEVEL           65 IS:   1.3667941E-03
  1.7164894E-08
nid003773.dogwood.wcoss2.ncep.noaa.gov 2:  MAX/MIN SPECIFIC HUMIDITY AT LEVEL           66 IS:   1.2054443E-03
  3.0349838E-08
nid003773.dogwood.wcoss2.ncep.noaa.gov 2:  MAX/MIN SPECIFIC HUMIDITY AT LEVEL           67 IS:   1.0687709E-03
  8.3255145E-08
nid003773.dogwood.wcoss2.ncep.noaa.gov 2:  MAX/MIN SPECIFIC HUMIDITY AT LEVEL           68 IS:   7.0431828E-04
  5.9688318E-08
nid003773.dogwood.wcoss2.ncep.noaa.gov 2:  MAX/MIN SPECIFIC HUMIDITY AT LEVEL           69 IS:   4.7026575E-04
  2.0546395E-08
nid003773.dogwood.wcoss2.ncep.noaa.gov 2:  MAX/MIN SPECIFIC HUMIDITY AT LEVEL           70 IS:   3.5440922E-04
  5.5810233E-08
nid003773.dogwood.wcoss2.ncep.noaa.gov 2:  MAX/MIN SPECIFIC HUMIDITY AT LEVEL           71 IS:   2.5834143E-04
  4.9876689E-09
nid003773.dogwood.wcoss2.ncep.noaa.gov 2:  MAX/MIN SPECIFIC HUMIDITY AT LEVEL           72 IS:   1.8979609E-04
  8.3789928E-08
nid003773.dogwood.wcoss2.ncep.noaa.gov 2:  MAX/MIN SPECIFIC HUMIDITY AT LEVEL           73 IS:   1.3671815E-04
  1.8202263E-07
nid001641.dogwood.wcoss2.ncep.noaa.gov 1:  MAX/MIN SPECIFIC HUMIDITY AT LEVEL            1 IS:   2.1158218E-02
  7.3462725E-05
nid003773.dogwood.wcoss2.ncep.noaa.gov 2:  MAX/MIN SPECIFIC HUMIDITY AT LEVEL           74 IS:   9.7561628E-05
  5.9235390E-08
nid003773.dogwood.wcoss2.ncep.noaa.gov 2:  MAX/MIN SPECIFIC HUMIDITY AT LEVEL           75 IS:   6.9677830E-05
  9.3314156E-08
nid001641.dogwood.wcoss2.ncep.noaa.gov 1:  MAX/MIN SPECIFIC HUMIDITY AT LEVEL            2 IS:   2.0758629E-02
  7.3269010E-05
nid003773.dogwood.wcoss2.ncep.noaa.gov 2:  MAX/MIN SPECIFIC HUMIDITY AT LEVEL           76 IS:   5.0617382E-05
  2.7885108E-08
nid001641.dogwood.wcoss2.ncep.noaa.gov 1:  MAX/MIN SPECIFIC HUMIDITY AT LEVEL            3 IS:   2.0541191E-02
  7.2497874E-05
nid003773.dogwood.wcoss2.ncep.noaa.gov 2:  MAX/MIN SPECIFIC HUMIDITY AT LEVEL           77 IS:   3.6126003E-05
  1.7054845E-08
nid003773.dogwood.wcoss2.ncep.noaa.gov 2:  MAX/MIN SPECIFIC HUMIDITY AT LEVEL           78 IS:   2.9343180E-05
  2.9893272E-08
nid001641.dogwood.wcoss2.ncep.noaa.gov 1:  MAX/MIN SPECIFIC HUMIDITY AT LEVEL            4 IS:   2.0394325E-02
  7.1376562E-05
nid003773.dogwood.wcoss2.ncep.noaa.gov 2:  MAX/MIN SPECIFIC HUMIDITY AT LEVEL           79 IS:   2.7445145E-05
  1.0066287E-07
nid001641.dogwood.wcoss2.ncep.noaa.gov 1:  MAX/MIN SPECIFIC HUMIDITY AT LEVEL            5 IS:   2.0370483E-02
  7.0754439E-05
nid003773.dogwood.wcoss2.ncep.noaa.gov 2:  MAX/MIN SPECIFIC HUMIDITY AT LEVEL           80 IS:   3.0143186E-05
  9.6388248E-08
nid003773.dogwood.wcoss2.ncep.noaa.gov 2:  MAX/MIN SPECIFIC HUMIDITY AT LEVEL           81 IS:   3.0623749E-05
  1.4432590E-07
nid001641.dogwood.wcoss2.ncep.noaa.gov 1:  MAX/MIN SPECIFIC HUMIDITY AT LEVEL            6 IS:   2.0357132E-02
  6.9715083E-05
nid003773.dogwood.wcoss2.ncep.noaa.gov 2:  MAX/MIN SPECIFIC HUMIDITY AT LEVEL           82 IS:   2.1390617E-05
  2.6274392E-08
nid001641.dogwood.wcoss2.ncep.noaa.gov 1:  MAX/MIN SPECIFIC HUMIDITY AT LEVEL            7 IS:   2.0331383E-02
  6.8612397E-05
nid003773.dogwood.wcoss2.ncep.noaa.gov 2:  MAX/MIN SPECIFIC HUMIDITY AT LEVEL           83 IS:   2.3658387E-05
  5.8398655E-08
nid003773.dogwood.wcoss2.ncep.noaa.gov 2:  MAX/MIN SPECIFIC HUMIDITY AT LEVEL           84 IS:   1.9960105E-05
  5.0815288E-08
nid001641.dogwood.wcoss2.ncep.noaa.gov 1:  MAX/MIN SPECIFIC HUMIDITY AT LEVEL            8 IS:   2.0292282E-02
  6.7479908E-05
nid003773.dogwood.wcoss2.ncep.noaa.gov 2:  MAX/MIN SPECIFIC HUMIDITY AT LEVEL           85 IS:   1.8883497E-05
  2.2972017E-08
nid001641.dogwood.wcoss2.ncep.noaa.gov 1:  MAX/MIN SPECIFIC HUMIDITY AT LEVEL            9 IS:   2.0197868E-02
  6.6541135E-05
nid003773.dogwood.wcoss2.ncep.noaa.gov 2:  MAX/MIN SPECIFIC HUMIDITY AT LEVEL           86 IS:   1.7048791E-05
  2.0180778E-08
nid003773.dogwood.wcoss2.ncep.noaa.gov 2:  MAX/MIN SPECIFIC HUMIDITY AT LEVEL           87 IS:   1.4480669E-05
  1.7581442E-08
nid001641.dogwood.wcoss2.ncep.noaa.gov 1:  MAX/MIN SPECIFIC HUMIDITY AT LEVEL           10 IS:   2.0107269E-02
  6.5751374E-05
nid003773.dogwood.wcoss2.ncep.noaa.gov 2:  MAX/MIN SPECIFIC HUMIDITY AT LEVEL           88 IS:   1.5343539E-05
  7.2700459E-09
nid001641.dogwood.wcoss2.ncep.noaa.gov 1:  MAX/MIN SPECIFIC HUMIDITY AT LEVEL           11 IS:   1.9986153E-02
  6.5162778E-05
nid003773.dogwood.wcoss2.ncep.noaa.gov 2:  MAX/MIN SPECIFIC HUMIDITY AT LEVEL           89 IS:   1.0903925E-05
  1.6223566E-08
nid003773.dogwood.wcoss2.ncep.noaa.gov 2:  MAX/MIN SPECIFIC HUMIDITY AT LEVEL           90 IS:   5.3243712E-06
  3.4475306E-08
nid001641.dogwood.wcoss2.ncep.noaa.gov 1:  MAX/MIN SPECIFIC HUMIDITY AT LEVEL           12 IS:   1.9860268E-02
  6.2149018E-05
nid003773.dogwood.wcoss2.ncep.noaa.gov 2:  MAX/MIN SPECIFIC HUMIDITY AT LEVEL           91 IS:   2.9488001E-06
  2.6448106E-08
nid001641.dogwood.wcoss2.ncep.noaa.gov 1:  MAX/MIN SPECIFIC HUMIDITY AT LEVEL           13 IS:   1.9725800E-02
  4.7815964E-05
nid003773.dogwood.wcoss2.ncep.noaa.gov 2:  MAX/MIN SPECIFIC HUMIDITY AT LEVEL           92 IS:   2.7364586E-06
  3.0107913E-08
nid003773.dogwood.wcoss2.ncep.noaa.gov 2:  MAX/MIN SPECIFIC HUMIDITY AT LEVEL           93 IS:   2.6840717E-06
  5.1330062E-08
nid001641.dogwood.wcoss2.ncep.noaa.gov 1:  MAX/MIN SPECIFIC HUMIDITY AT LEVEL           14 IS:   1.9666672E-02
  4.3068081E-05
nid003773.dogwood.wcoss2.ncep.noaa.gov 2:  MAX/MIN SPECIFIC HUMIDITY AT LEVEL           94 IS:   2.6470516E-06
  4.5049092E-08
nid001641.dogwood.wcoss2.ncep.noaa.gov 1:  MAX/MIN SPECIFIC HUMIDITY AT LEVEL           15 IS:   1.9576073E-02
  4.0153041E-05
nid003773.dogwood.wcoss2.ncep.noaa.gov 2:  MAX/MIN SPECIFIC HUMIDITY AT LEVEL           95 IS:   2.6117777E-06
  3.7049176E-08
nid003773.dogwood.wcoss2.ncep.noaa.gov 2:  MAX/MIN SPECIFIC HUMIDITY AT LEVEL           96 IS:   2.6251655E-06
  6.0388174E-09
nid001641.dogwood.wcoss2.ncep.noaa.gov 1:  MAX/MIN SPECIFIC HUMIDITY AT LEVEL           16 IS:   1.9321442E-02
  3.8417056E-05
nid003773.dogwood.wcoss2.ncep.noaa.gov 2:  MAX/MIN SPECIFIC HUMIDITY AT LEVEL           97 IS:   2.5933841E-06
  2.4148221E-09
nid001641.dogwood.wcoss2.ncep.noaa.gov 1:  MAX/MIN SPECIFIC HUMIDITY AT LEVEL           17 IS:   1.9084930E-02
  3.5872683E-05
nid003773.dogwood.wcoss2.ncep.noaa.gov 2:  MAX/MIN SPECIFIC HUMIDITY AT LEVEL           98 IS:   2.6100315E-06
  1.2604232E-08
nid003773.dogwood.wcoss2.ncep.noaa.gov 2:  MAX/MIN SPECIFIC HUMIDITY AT LEVEL           99 IS:   2.6000198E-06
  1.4596299E-07
nid001641.dogwood.wcoss2.ncep.noaa.gov 1:  MAX/MIN SPECIFIC HUMIDITY AT LEVEL           18 IS:   1.8857002E-02
  2.6048161E-05
nid003773.dogwood.wcoss2.ncep.noaa.gov 2:  MAX/MIN SPECIFIC HUMIDITY AT LEVEL          100 IS:   2.6002526E-06
  1.1447992E-07
nid001641.dogwood.wcoss2.ncep.noaa.gov 1:  MAX/MIN SPECIFIC HUMIDITY AT LEVEL           19 IS:   1.8816948E-02
  1.9038096E-05
nid003773.dogwood.wcoss2.ncep.noaa.gov 2:  MAX/MIN SPECIFIC HUMIDITY AT LEVEL          101 IS:   2.5966438E-06
  8.9905370E-08
nid003773.dogwood.wcoss2.ncep.noaa.gov 2:  MAX/MIN SPECIFIC HUMIDITY AT LEVEL          102 IS:   2.6485650E-06
  2.5889676E-08
nid001641.dogwood.wcoss2.ncep.noaa.gov 1:  MAX/MIN SPECIFIC HUMIDITY AT LEVEL           20 IS:   1.8703461E-02
  1.4815014E-05
nid003773.dogwood.wcoss2.ncep.noaa.gov 2:  MAX/MIN SPECIFIC HUMIDITY AT LEVEL          103 IS:   2.6837224E-06
  2.8041995E-09
nid001641.dogwood.wcoss2.ncep.noaa.gov 1:  MAX/MIN SPECIFIC HUMIDITY AT LEVEL           21 IS:   1.8548965E-02
  1.2150966E-05
nid003773.dogwood.wcoss2.ncep.noaa.gov 2:  MAX/MIN SPECIFIC HUMIDITY AT LEVEL          104 IS:   2.8917566E-06
  1.9730578E-08
nid003773.dogwood.wcoss2.ncep.noaa.gov 2:  MAX/MIN SPECIFIC HUMIDITY AT LEVEL          105 IS:   3.2205135E-06
  7.1246177E-08
nid001641.dogwood.wcoss2.ncep.noaa.gov 1:  MAX/MIN SPECIFIC HUMIDITY AT LEVEL           22 IS:   1.8312454E-02
  1.0541175E-05
nid003773.dogwood.wcoss2.ncep.noaa.gov 2:  MAX/MIN SPECIFIC HUMIDITY AT LEVEL          106 IS:   3.6855927E-06
  4.1554813E-08
nid001641.dogwood.wcoss2.ncep.noaa.gov 1:  MAX/MIN SPECIFIC HUMIDITY AT LEVEL           23 IS:   1.8151283E-02
  9.7407028E-06
nid003773.dogwood.wcoss2.ncep.noaa.gov 2:  MAX/MIN SPECIFIC HUMIDITY AT LEVEL          107 IS:   3.8717408E-06
  8.5132342E-08
nid003773.dogwood.wcoss2.ncep.noaa.gov 2:  MAX/MIN SPECIFIC HUMIDITY AT LEVEL          108 IS:   3.8996805E-06
  4.3148248E-08
nid001641.dogwood.wcoss2.ncep.noaa.gov 1:  MAX/MIN SPECIFIC HUMIDITY AT LEVEL           24 IS:   1.7859459E-02
  9.4240531E-06
nid003773.dogwood.wcoss2.ncep.noaa.gov 2:  MAX/MIN SPECIFIC HUMIDITY AT LEVEL          109 IS:   3.9136503E-06
  5.4078555E-09
nid001641.dogwood.wcoss2.ncep.noaa.gov 1:  MAX/MIN SPECIFIC HUMIDITY AT LEVEL           25 IS:   1.7416954E-02
  4.2435713E-06
nid003773.dogwood.wcoss2.ncep.noaa.gov 2:  MAX/MIN SPECIFIC HUMIDITY AT LEVEL          110 IS:   3.9117876E-06
  5.3874828E-08
nid003773.dogwood.wcoss2.ncep.noaa.gov 2:  MAX/MIN SPECIFIC HUMIDITY AT LEVEL          111 IS:   3.8931612E-06
  1.7527054E-07
nid001641.dogwood.wcoss2.ncep.noaa.gov 1:  MAX/MIN SPECIFIC HUMIDITY AT LEVEL           26 IS:   1.7064095E-02
  1.2620003E-06
nid003773.dogwood.wcoss2.ncep.noaa.gov 2:  MAX/MIN SPECIFIC HUMIDITY AT LEVEL          112 IS:   3.8847793E-06
  4.4772605E-08
nid001641.dogwood.wcoss2.ncep.noaa.gov 1:  MAX/MIN SPECIFIC HUMIDITY AT LEVEL           27 IS:   1.6761780E-02
  3.4572440E-07
nid003773.dogwood.wcoss2.ncep.noaa.gov 2:  MAX/MIN SPECIFIC HUMIDITY AT LEVEL          113 IS:   3.8791914E-06
  7.0009264E-08
nid003773.dogwood.wcoss2.ncep.noaa.gov 2:  MAX/MIN SPECIFIC HUMIDITY AT LEVEL          114 IS:   3.9017759E-06
  9.5456926E-08
nid001641.dogwood.wcoss2.ncep.noaa.gov 1:  MAX/MIN SPECIFIC HUMIDITY AT LEVEL           28 IS:   1.6728401E-02
  9.7577868E-08
nid003773.dogwood.wcoss2.ncep.noaa.gov 2:  MAX/MIN SPECIFIC HUMIDITY AT LEVEL          115 IS:   3.9434526E-06
  2.1173764E-07
nid003773.dogwood.wcoss2.ncep.noaa.gov 2:  MAX/MIN SPECIFIC HUMIDITY AT LEVEL          116 IS:   4.1448511E-06
  1.5490514E-07
nid001641.dogwood.wcoss2.ncep.noaa.gov 1:  MAX/MIN SPECIFIC HUMIDITY AT LEVEL           29 IS:   1.6677856E-02
  2.7042006E-08
nid003773.dogwood.wcoss2.ncep.noaa.gov 2:  MAX/MIN SPECIFIC HUMIDITY AT LEVEL          117 IS:   4.0989835E-06
  2.6613998E-07
nid001641.dogwood.wcoss2.ncep.noaa.gov 1:  MAX/MIN SPECIFIC HUMIDITY AT LEVEL           30 IS:   1.6666412E-02
  5.6932095E-09
nid003773.dogwood.wcoss2.ncep.noaa.gov 2:  MAX/MIN SPECIFIC HUMIDITY AT LEVEL          118 IS:   4.1988678E-06
  3.3801189E-07
nid003773.dogwood.wcoss2.ncep.noaa.gov 2:  MAX/MIN SPECIFIC HUMIDITY AT LEVEL          119 IS:   4.0540472E-06
  7.5620483E-07
nid001641.dogwood.wcoss2.ncep.noaa.gov 1:  MAX/MIN SPECIFIC HUMIDITY AT LEVEL           31 IS:   1.6608238E-02
  1.5839419E-09
nid003773.dogwood.wcoss2.ncep.noaa.gov 2:  MAX/MIN SPECIFIC HUMIDITY AT LEVEL          120 IS:   4.0698797E-06
  9.3987910E-07
nid001641.dogwood.wcoss2.ncep.noaa.gov 1:  MAX/MIN SPECIFIC HUMIDITY AT LEVEL           32 IS:   1.6458511E-02
  1.0250574E-09
nid003773.dogwood.wcoss2.ncep.noaa.gov 2:  MAX/MIN SPECIFIC HUMIDITY AT LEVEL          121 IS:   4.0144660E-06
  1.1289958E-06
nid003773.dogwood.wcoss2.ncep.noaa.gov 2:  MAX/MIN SPECIFIC HUMIDITY AT LEVEL          122 IS:   4.0682498E-06
  1.5192782E-06
nid001641.dogwood.wcoss2.ncep.noaa.gov 1:  MAX/MIN SPECIFIC HUMIDITY AT LEVEL           33 IS:   1.6105652E-02
  1.0023768E-09
nid003773.dogwood.wcoss2.ncep.noaa.gov 2:  MAX/MIN SPECIFIC HUMIDITY AT LEVEL          123 IS:   3.9599836E-06
  1.2686942E-06
nid001641.dogwood.wcoss2.ncep.noaa.gov 1:  MAX/MIN SPECIFIC HUMIDITY AT LEVEL           34 IS:   1.5666008E-02
  1.0001600E-09
nid003773.dogwood.wcoss2.ncep.noaa.gov 2:  MAX/MIN SPECIFIC HUMIDITY AT LEVEL          124 IS:   3.7492719E-06
  1.2578093E-06
nid003773.dogwood.wcoss2.ncep.noaa.gov 2:  MAX/MIN SPECIFIC HUMIDITY AT LEVEL          125 IS:   3.5250559E-06
  1.3450044E-06
nid001641.dogwood.wcoss2.ncep.noaa.gov 1:  MAX/MIN SPECIFIC HUMIDITY AT LEVEL           35 IS:   1.5504837E-02
  1.0007284E-09
nid003773.dogwood.wcoss2.ncep.noaa.gov 2:  MAX/MIN SPECIFIC HUMIDITY AT LEVEL          126 IS:   3.2802345E-06
  9.5815631E-07
nid001641.dogwood.wcoss2.ncep.noaa.gov 1:  MAX/MIN SPECIFIC HUMIDITY AT LEVEL           36 IS:   1.5316010E-02
  1.0007852E-09
nid003773.dogwood.wcoss2.ncep.noaa.gov 2:  MAX/MIN SPECIFIC HUMIDITY AT LEVEL          127 IS:   3.3482211E-06
  1.5287515E-07
 
 READ CLOUD LIQUID WATER
nid001641.dogwood.wcoss2.ncep.noaa.gov 1:  MAX/MIN SPECIFIC HUMIDITY AT LEVEL           37 IS:   1.4725208E-02
  1.0011263E-09
nid001641.dogwood.wcoss2.ncep.noaa.gov 1:  MAX/MIN SPECIFIC HUMIDITY AT LEVEL           38 IS:   1.4277935E-02
  1.0015242E-09
nid001641.dogwood.wcoss2.ncep.noaa.gov 1:  MAX/MIN SPECIFIC HUMIDITY AT LEVEL           39 IS:   1.3943672E-02
  1.0012968E-09
nid001641.dogwood.wcoss2.ncep.noaa.gov 1:  MAX/MIN SPECIFIC HUMIDITY AT LEVEL           40 IS:   1.3524055E-02
  9.9998942E-10
nid001641.dogwood.wcoss2.ncep.noaa.gov 1:  MAX/MIN SPECIFIC HUMIDITY AT LEVEL           41 IS:   1.2916088E-02
  1.0086296E-09
nid001641.dogwood.wcoss2.ncep.noaa.gov 1:  MAX/MIN SPECIFIC HUMIDITY AT LEVEL           42 IS:   1.2097836E-02
  9.9998942E-10
nid001641.dogwood.wcoss2.ncep.noaa.gov 1:  MAX/MIN SPECIFIC HUMIDITY AT LEVEL           43 IS:   1.1682987E-02
  9.9998942E-10
nid001641.dogwood.wcoss2.ncep.noaa.gov 1:  MAX/MIN SPECIFIC HUMIDITY AT LEVEL           44 IS:   1.1001110E-02
  1.6563604E-09
nid001641.dogwood.wcoss2.ncep.noaa.gov 1:  MAX/MIN SPECIFIC HUMIDITY AT LEVEL           45 IS:   1.1017799E-02
  1.7599291E-09
nid001641.dogwood.wcoss2.ncep.noaa.gov 1:  MAX/MIN SPECIFIC HUMIDITY AT LEVEL           46 IS:   1.0461807E-02
  1.6552235E-09
nid001641.dogwood.wcoss2.ncep.noaa.gov 1:  MAX/MIN SPECIFIC HUMIDITY AT LEVEL           47 IS:   1.0014534E-02
  9.9998942E-10
nid001641.dogwood.wcoss2.ncep.noaa.gov 1:  MAX/MIN SPECIFIC HUMIDITY AT LEVEL           48 IS:   9.1123581E-03
  9.9998942E-10
nid001641.dogwood.wcoss2.ncep.noaa.gov 1:  MAX/MIN SPECIFIC HUMIDITY AT LEVEL           49 IS:   8.9044571E-03
  1.1252723E-09
nid001641.dogwood.wcoss2.ncep.noaa.gov 1:  MAX/MIN SPECIFIC HUMIDITY AT LEVEL           50 IS:   9.0632439E-03
  1.0314238E-09
nid001641.dogwood.wcoss2.ncep.noaa.gov 1:  MAX/MIN SPECIFIC HUMIDITY AT LEVEL           51 IS:   7.5662136E-03
  1.0015810E-09
nid001641.dogwood.wcoss2.ncep.noaa.gov 1:  MAX/MIN SPECIFIC HUMIDITY AT LEVEL           52 IS:   6.9952011E-03
  1.0006147E-09
nid001641.dogwood.wcoss2.ncep.noaa.gov 1:  MAX/MIN SPECIFIC HUMIDITY AT LEVEL           53 IS:   6.5615177E-03
  1.0040253E-09
nid001641.dogwood.wcoss2.ncep.noaa.gov 1:  MAX/MIN SPECIFIC HUMIDITY AT LEVEL           54 IS:   6.1304569E-03
  1.0002168E-09
nid001641.dogwood.wcoss2.ncep.noaa.gov 1:  MAX/MIN SPECIFIC HUMIDITY AT LEVEL           55 IS:   5.6898594E-03
  1.0659846E-09
nid001641.dogwood.wcoss2.ncep.noaa.gov 1:  MAX/MIN SPECIFIC HUMIDITY AT LEVEL           56 IS:   5.2416325E-03
  1.2236683E-09
nid001641.dogwood.wcoss2.ncep.noaa.gov 1:  MAX/MIN SPECIFIC HUMIDITY AT LEVEL           57 IS:   4.4541359E-03
  1.0041390E-09
nid001641.dogwood.wcoss2.ncep.noaa.gov 1:  MAX/MIN SPECIFIC HUMIDITY AT LEVEL           58 IS:   4.1911602E-03
  9.9998942E-10
nid001641.dogwood.wcoss2.ncep.noaa.gov 1:  MAX/MIN SPECIFIC HUMIDITY AT LEVEL           59 IS:   3.7811995E-03
  9.9998942E-10
nid001641.dogwood.wcoss2.ncep.noaa.gov 1:  MAX/MIN SPECIFIC HUMIDITY AT LEVEL           60 IS:   3.1450987E-03
  9.9998942E-10
nid001641.dogwood.wcoss2.ncep.noaa.gov 1:  MAX/MIN SPECIFIC HUMIDITY AT LEVEL           61 IS:   2.7662516E-03
  9.9998942E-10
nid001641.dogwood.wcoss2.ncep.noaa.gov 1:  MAX/MIN SPECIFIC HUMIDITY AT LEVEL           62 IS:   2.3934841E-03
  1.2853434E-09
nid001641.dogwood.wcoss2.ncep.noaa.gov 1:  MAX/MIN SPECIFIC HUMIDITY AT LEVEL           63 IS:   2.0815134E-03
  1.1628458E-09
nid001641.dogwood.wcoss2.ncep.noaa.gov 1:  MAX/MIN SPECIFIC HUMIDITY AT LEVEL           64 IS:   1.7783046E-03
  1.0004442E-09
nid001641.dogwood.wcoss2.ncep.noaa.gov 1:  MAX/MIN SPECIFIC HUMIDITY AT LEVEL           65 IS:   1.4185309E-03
  1.0082317E-09
nid001641.dogwood.wcoss2.ncep.noaa.gov 1:  MAX/MIN SPECIFIC HUMIDITY AT LEVEL           66 IS:   1.1082292E-03
  1.7540174E-09
nid001641.dogwood.wcoss2.ncep.noaa.gov 1:  MAX/MIN SPECIFIC HUMIDITY AT LEVEL           67 IS:   9.7870827E-04
  1.4362627E-09
nid001641.dogwood.wcoss2.ncep.noaa.gov 1:  MAX/MIN SPECIFIC HUMIDITY AT LEVEL           68 IS:   7.9196692E-04
  1.7275852E-09
nid001641.dogwood.wcoss2.ncep.noaa.gov 1:  MAX/MIN SPECIFIC HUMIDITY AT LEVEL           69 IS:   5.0354004E-04
  1.2045689E-09
nid001641.dogwood.wcoss2.ncep.noaa.gov 1:  MAX/MIN SPECIFIC HUMIDITY AT LEVEL           70 IS:   3.8388371E-04
  9.9998942E-10
nid001641.dogwood.wcoss2.ncep.noaa.gov 1:  MAX/MIN SPECIFIC HUMIDITY AT LEVEL           71 IS:   2.9563904E-04
  2.8171598E-09
nid001641.dogwood.wcoss2.ncep.noaa.gov 1:  MAX/MIN SPECIFIC HUMIDITY AT LEVEL           72 IS:   2.2854656E-04
  1.5697879E-08
nid001641.dogwood.wcoss2.ncep.noaa.gov 1:  MAX/MIN SPECIFIC HUMIDITY AT LEVEL           73 IS:   1.5681237E-04
  5.2857558E-09
nid001641.dogwood.wcoss2.ncep.noaa.gov 1:  MAX/MIN SPECIFIC HUMIDITY AT LEVEL           74 IS:   9.9301338E-05
  5.6320459E-09
nid001641.dogwood.wcoss2.ncep.noaa.gov 1:  MAX/MIN SPECIFIC HUMIDITY AT LEVEL           75 IS:   7.0273876E-05
  4.5374691E-09
nid001641.dogwood.wcoss2.ncep.noaa.gov 1:  MAX/MIN SPECIFIC HUMIDITY AT LEVEL           76 IS:   5.3582713E-05
  1.5708110E-09
nid001641.dogwood.wcoss2.ncep.noaa.gov 1:  MAX/MIN SPECIFIC HUMIDITY AT LEVEL           77 IS:   3.7776306E-05
  4.0993200E-09
nid001641.dogwood.wcoss2.ncep.noaa.gov 1:  MAX/MIN SPECIFIC HUMIDITY AT LEVEL           78 IS:   2.8902665E-05
  1.5314072E-08
nid001641.dogwood.wcoss2.ncep.noaa.gov 1:  MAX/MIN SPECIFIC HUMIDITY AT LEVEL           79 IS:   2.2533350E-05
  8.5976353E-08
nid001641.dogwood.wcoss2.ncep.noaa.gov 1:  MAX/MIN SPECIFIC HUMIDITY AT LEVEL           80 IS:   2.4164096E-05
  1.2274086E-08
nid001641.dogwood.wcoss2.ncep.noaa.gov 1:  MAX/MIN SPECIFIC HUMIDITY AT LEVEL           81 IS:   2.5607646E-05
  6.0474122E-08
nid001641.dogwood.wcoss2.ncep.noaa.gov 1:  MAX/MIN SPECIFIC HUMIDITY AT LEVEL           82 IS:   2.0316802E-05
  2.0892003E-08
nid001641.dogwood.wcoss2.ncep.noaa.gov 1:  MAX/MIN SPECIFIC HUMIDITY AT LEVEL           83 IS:   1.6593374E-05
  5.2545147E-08
nid001641.dogwood.wcoss2.ncep.noaa.gov 1:  MAX/MIN SPECIFIC HUMIDITY AT LEVEL           84 IS:   1.5384518E-05
  4.7792128E-08
nid001641.dogwood.wcoss2.ncep.noaa.gov 1:  MAX/MIN SPECIFIC HUMIDITY AT LEVEL           85 IS:   1.0931864E-05
  8.8534762E-09
nid001641.dogwood.wcoss2.ncep.noaa.gov 1:  MAX/MIN SPECIFIC HUMIDITY AT LEVEL           86 IS:   1.6500242E-05
  1.5570549E-08
nid001641.dogwood.wcoss2.ncep.noaa.gov 1:  MAX/MIN SPECIFIC HUMIDITY AT LEVEL           87 IS:   1.8705614E-05
  6.0967977E-09
nid001641.dogwood.wcoss2.ncep.noaa.gov 1:  MAX/MIN SPECIFIC HUMIDITY AT LEVEL           88 IS:   2.3320317E-05
  1.2857527E-08
nid001641.dogwood.wcoss2.ncep.noaa.gov 1:  MAX/MIN SPECIFIC HUMIDITY AT LEVEL           89 IS:   1.7447397E-05
  1.0892109E-08
nid001641.dogwood.wcoss2.ncep.noaa.gov 1:  MAX/MIN SPECIFIC HUMIDITY AT LEVEL           90 IS:   8.2226470E-06
  1.0931217E-08
nid001641.dogwood.wcoss2.ncep.noaa.gov 1:  MAX/MIN SPECIFIC HUMIDITY AT LEVEL           91 IS:   3.3170218E-06
  2.0547304E-08
nid001641.dogwood.wcoss2.ncep.noaa.gov 1:  MAX/MIN SPECIFIC HUMIDITY AT LEVEL           92 IS:   2.7345959E-06
  2.0999096E-09
nid001641.dogwood.wcoss2.ncep.noaa.gov 1:  MAX/MIN SPECIFIC HUMIDITY AT LEVEL           93 IS:   2.6605558E-06
  6.5424501E-09
nid001641.dogwood.wcoss2.ncep.noaa.gov 1:  MAX/MIN SPECIFIC HUMIDITY AT LEVEL           94 IS:   2.6561320E-06
  5.8566911E-09
nid001641.dogwood.wcoss2.ncep.noaa.gov 1:  MAX/MIN SPECIFIC HUMIDITY AT LEVEL           95 IS:   2.6127091E-06
  2.5366944E-09
nid001641.dogwood.wcoss2.ncep.noaa.gov 1:  MAX/MIN SPECIFIC HUMIDITY AT LEVEL           96 IS:   2.6284251E-06
  1.3798171E-09
nid001641.dogwood.wcoss2.ncep.noaa.gov 1:  MAX/MIN SPECIFIC HUMIDITY AT LEVEL           97 IS:   2.5939662E-06
  1.2400392E-09
nid001641.dogwood.wcoss2.ncep.noaa.gov 1:  MAX/MIN SPECIFIC HUMIDITY AT LEVEL           98 IS:   2.6073540E-06
  1.3810109E-09
nid001641.dogwood.wcoss2.ncep.noaa.gov 1:  MAX/MIN SPECIFIC HUMIDITY AT LEVEL           99 IS:   2.6015332E-06
  1.5836576E-09
nid001641.dogwood.wcoss2.ncep.noaa.gov 1:  MAX/MIN SPECIFIC HUMIDITY AT LEVEL          100 IS:   2.6040943E-06
  1.2931309E-09
nid001641.dogwood.wcoss2.ncep.noaa.gov 1:  MAX/MIN SPECIFIC HUMIDITY AT LEVEL          101 IS:   2.5967602E-06
  1.6148647E-09
nid001641.dogwood.wcoss2.ncep.noaa.gov 1:  MAX/MIN SPECIFIC HUMIDITY AT LEVEL          102 IS:   2.6376219E-06
  1.5691057E-09
nid001641.dogwood.wcoss2.ncep.noaa.gov 1:  MAX/MIN SPECIFIC HUMIDITY AT LEVEL          103 IS:   2.6908237E-06
  1.0221584E-09
nid001641.dogwood.wcoss2.ncep.noaa.gov 1:  MAX/MIN SPECIFIC HUMIDITY AT LEVEL          104 IS:   2.8607901E-06
  1.3416752E-09
nid001641.dogwood.wcoss2.ncep.noaa.gov 1:  MAX/MIN SPECIFIC HUMIDITY AT LEVEL          105 IS:   3.2229582E-06
  2.1462938E-09
nid001641.dogwood.wcoss2.ncep.noaa.gov 1:  MAX/MIN SPECIFIC HUMIDITY AT LEVEL          106 IS:   3.7231948E-06
  1.4350690E-09
nid001641.dogwood.wcoss2.ncep.noaa.gov 1:  MAX/MIN SPECIFIC HUMIDITY AT LEVEL          107 IS:   3.8761646E-06
  4.7295998E-09
nid001641.dogwood.wcoss2.ncep.noaa.gov 1:  MAX/MIN SPECIFIC HUMIDITY AT LEVEL          108 IS:   3.9003789E-06
  6.7930159E-09
nid001641.dogwood.wcoss2.ncep.noaa.gov 1:  MAX/MIN SPECIFIC HUMIDITY AT LEVEL          109 IS:   3.9355364E-06
  2.8106797E-09
nid001641.dogwood.wcoss2.ncep.noaa.gov 1:  MAX/MIN SPECIFIC HUMIDITY AT LEVEL          110 IS:   3.9020088E-06
  3.8814960E-09
nid001641.dogwood.wcoss2.ncep.noaa.gov 1:  MAX/MIN SPECIFIC HUMIDITY AT LEVEL          111 IS:   3.9008446E-06
  4.6761670E-09
nid001641.dogwood.wcoss2.ncep.noaa.gov 1:  MAX/MIN SPECIFIC HUMIDITY AT LEVEL          112 IS:   3.8950238E-06
  4.2812189E-09
nid001641.dogwood.wcoss2.ncep.noaa.gov 1:  MAX/MIN SPECIFIC HUMIDITY AT LEVEL          113 IS:   3.8824510E-06
  1.1878910E-08
nid001641.dogwood.wcoss2.ncep.noaa.gov 1:  MAX/MIN SPECIFIC HUMIDITY AT LEVEL          114 IS:   3.9229635E-06
  4.9592927E-08
nid001641.dogwood.wcoss2.ncep.noaa.gov 1:  MAX/MIN SPECIFIC HUMIDITY AT LEVEL          115 IS:   3.9653387E-06
  8.7566150E-09
nid001641.dogwood.wcoss2.ncep.noaa.gov 1:  MAX/MIN SPECIFIC HUMIDITY AT LEVEL          116 IS:   4.1299500E-06
  9.9412318E-09
nid001641.dogwood.wcoss2.ncep.noaa.gov 1:  MAX/MIN SPECIFIC HUMIDITY AT LEVEL          117 IS:   4.0929299E-06
  1.3241333E-08
nid001641.dogwood.wcoss2.ncep.noaa.gov 1:  MAX/MIN SPECIFIC HUMIDITY AT LEVEL          118 IS:   4.1997992E-06
  5.1482857E-08
nid001641.dogwood.wcoss2.ncep.noaa.gov 1:  MAX/MIN SPECIFIC HUMIDITY AT LEVEL          119 IS:   4.0559098E-06
  2.6110501E-07
nid001641.dogwood.wcoss2.ncep.noaa.gov 1:  MAX/MIN SPECIFIC HUMIDITY AT LEVEL          120 IS:   4.0845480E-06
  2.1728920E-07
nid001641.dogwood.wcoss2.ncep.noaa.gov 1:  MAX/MIN SPECIFIC HUMIDITY AT LEVEL          121 IS:   4.0458981E-06
  4.6539935E-07
nid001641.dogwood.wcoss2.ncep.noaa.gov 1:  MAX/MIN SPECIFIC HUMIDITY AT LEVEL          122 IS:   4.0421728E-06
  1.2423698E-07
nid001641.dogwood.wcoss2.ncep.noaa.gov 1:  MAX/MIN SPECIFIC HUMIDITY AT LEVEL          123 IS:   3.9758161E-06
  6.2200706E-07
nid001641.dogwood.wcoss2.ncep.noaa.gov 1:  MAX/MIN SPECIFIC HUMIDITY AT LEVEL          124 IS:   3.7815189E-06
  6.9159432E-07
nid001641.dogwood.wcoss2.ncep.noaa.gov 1:  MAX/MIN SPECIFIC HUMIDITY AT LEVEL          125 IS:   3.5113189E-06
  1.0825461E-06
nid001641.dogwood.wcoss2.ncep.noaa.gov 1:  MAX/MIN SPECIFIC HUMIDITY AT LEVEL          126 IS:   3.3307588E-06
  5.6572026E-07
nid001641.dogwood.wcoss2.ncep.noaa.gov 1:  MAX/MIN SPECIFIC HUMIDITY AT LEVEL          127 IS:   3.2599783E-06
  5.7241778E-08
 
 READ CLOUD LIQUID WATER
nid001162.dogwood.wcoss2.ncep.noaa.gov 0:  MAX/MIN SPECIFIC HUMIDITY AT LEVEL            1 IS:   2.1367073E-02
  1.0209903E-04
nid001162.dogwood.wcoss2.ncep.noaa.gov 0:  MAX/MIN SPECIFIC HUMIDITY AT LEVEL            2 IS:   2.0531654E-02
  1.0197610E-04
nid001162.dogwood.wcoss2.ncep.noaa.gov 0:  MAX/MIN SPECIFIC HUMIDITY AT LEVEL            3 IS:   2.0355225E-02
  9.7207725E-05
nid001162.dogwood.wcoss2.ncep.noaa.gov 0:  MAX/MIN SPECIFIC HUMIDITY AT LEVEL            4 IS:   2.0337105E-02
  8.6791813E-05
nid001162.dogwood.wcoss2.ncep.noaa.gov 0:  MAX/MIN SPECIFIC HUMIDITY AT LEVEL            5 IS:   2.0321846E-02
  8.0719590E-05
nid001162.dogwood.wcoss2.ncep.noaa.gov 0:  MAX/MIN SPECIFIC HUMIDITY AT LEVEL            6 IS:   2.0317078E-02
  7.7955425E-05
nid001162.dogwood.wcoss2.ncep.noaa.gov 0:  MAX/MIN SPECIFIC HUMIDITY AT LEVEL            7 IS:   2.0300865E-02
  7.3466450E-05
nid001162.dogwood.wcoss2.ncep.noaa.gov 0:  MAX/MIN SPECIFIC HUMIDITY AT LEVEL            8 IS:   2.0295143E-02
  7.0292503E-05
nid001162.dogwood.wcoss2.ncep.noaa.gov 0:  MAX/MIN SPECIFIC HUMIDITY AT LEVEL            9 IS:   2.0287514E-02
  6.8448484E-05
nid001162.dogwood.wcoss2.ncep.noaa.gov 0:  MAX/MIN SPECIFIC HUMIDITY AT LEVEL           10 IS:   2.0275116E-02
  6.5814704E-05
nid001162.dogwood.wcoss2.ncep.noaa.gov 0:  MAX/MIN SPECIFIC HUMIDITY AT LEVEL           11 IS:   2.0265579E-02
  6.3672662E-05
nid001162.dogwood.wcoss2.ncep.noaa.gov 0:  MAX/MIN SPECIFIC HUMIDITY AT LEVEL           12 IS:   2.0247459E-02
  6.2119216E-05
nid001162.dogwood.wcoss2.ncep.noaa.gov 0:  MAX/MIN SPECIFIC HUMIDITY AT LEVEL           13 IS:   2.0230293E-02
  4.6655536E-05
nid001162.dogwood.wcoss2.ncep.noaa.gov 0:  MAX/MIN SPECIFIC HUMIDITY AT LEVEL           14 IS:   2.0131111E-02
  3.5870820E-05
nid001162.dogwood.wcoss2.ncep.noaa.gov 0:  MAX/MIN SPECIFIC HUMIDITY AT LEVEL           15 IS:   1.9965172E-02
  2.7081929E-05
nid001162.dogwood.wcoss2.ncep.noaa.gov 0:  MAX/MIN SPECIFIC HUMIDITY AT LEVEL           16 IS:   1.9669533E-02
  2.0306557E-05
nid001162.dogwood.wcoss2.ncep.noaa.gov 0:  MAX/MIN SPECIFIC HUMIDITY AT LEVEL           17 IS:   1.9565582E-02
  6.1241444E-06
nid001162.dogwood.wcoss2.ncep.noaa.gov 0:  MAX/MIN SPECIFIC HUMIDITY AT LEVEL           18 IS:   1.9392967E-02
  1.2483797E-06
nid001162.dogwood.wcoss2.ncep.noaa.gov 0:  MAX/MIN SPECIFIC HUMIDITY AT LEVEL           19 IS:   1.9094467E-02
  7.0655369E-07
nid001162.dogwood.wcoss2.ncep.noaa.gov 0:  MAX/MIN SPECIFIC HUMIDITY AT LEVEL           20 IS:   1.8820763E-02
  2.2194581E-07
nid001162.dogwood.wcoss2.ncep.noaa.gov 0:  MAX/MIN SPECIFIC HUMIDITY AT LEVEL           21 IS:   1.8712044E-02
  1.2248347E-07
nid001162.dogwood.wcoss2.ncep.noaa.gov 0:  MAX/MIN SPECIFIC HUMIDITY AT LEVEL           22 IS:   1.8510818E-02
  2.6403541E-08
nid001162.dogwood.wcoss2.ncep.noaa.gov 0:  MAX/MIN SPECIFIC HUMIDITY AT LEVEL           23 IS:   1.8117905E-02
  1.7318484E-09
nid001162.dogwood.wcoss2.ncep.noaa.gov 0:  MAX/MIN SPECIFIC HUMIDITY AT LEVEL           24 IS:   1.7553329E-02
  1.0186341E-09
nid001162.dogwood.wcoss2.ncep.noaa.gov 0:  MAX/MIN SPECIFIC HUMIDITY AT LEVEL           25 IS:   1.7416954E-02
  1.0004442E-09
nid001162.dogwood.wcoss2.ncep.noaa.gov 0:  MAX/MIN SPECIFIC HUMIDITY AT LEVEL           26 IS:   1.7410278E-02
  9.9998942E-10
nid001162.dogwood.wcoss2.ncep.noaa.gov 0:  MAX/MIN SPECIFIC HUMIDITY AT LEVEL           27 IS:   1.7398834E-02
  9.9998942E-10
nid001162.dogwood.wcoss2.ncep.noaa.gov 0:  MAX/MIN SPECIFIC HUMIDITY AT LEVEL           28 IS:   1.7375946E-02
  9.9998942E-10
nid001162.dogwood.wcoss2.ncep.noaa.gov 0:  MAX/MIN SPECIFIC HUMIDITY AT LEVEL           29 IS:   1.7330170E-02
  9.9998942E-10
nid001162.dogwood.wcoss2.ncep.noaa.gov 0:  MAX/MIN SPECIFIC HUMIDITY AT LEVEL           30 IS:   1.7361641E-02
  9.9998942E-10
nid001162.dogwood.wcoss2.ncep.noaa.gov 0:  MAX/MIN SPECIFIC HUMIDITY AT LEVEL           31 IS:   1.7233849E-02
  9.9998942E-10
nid001162.dogwood.wcoss2.ncep.noaa.gov 0:  MAX/MIN SPECIFIC HUMIDITY AT LEVEL           32 IS:   1.6765594E-02
  9.9998942E-10
nid001162.dogwood.wcoss2.ncep.noaa.gov 0:  MAX/MIN SPECIFIC HUMIDITY AT LEVEL           33 IS:   1.6407967E-02
  9.9998942E-10
nid001162.dogwood.wcoss2.ncep.noaa.gov 0:  MAX/MIN SPECIFIC HUMIDITY AT LEVEL           34 IS:   1.6347885E-02
  9.9998942E-10
nid001162.dogwood.wcoss2.ncep.noaa.gov 0:  MAX/MIN SPECIFIC HUMIDITY AT LEVEL           35 IS:   1.6466141E-02
  9.9998942E-10
nid001162.dogwood.wcoss2.ncep.noaa.gov 0:  MAX/MIN SPECIFIC HUMIDITY AT LEVEL           36 IS:   1.5449524E-02
  9.9998942E-10
nid001162.dogwood.wcoss2.ncep.noaa.gov 0:  MAX/MIN SPECIFIC HUMIDITY AT LEVEL           37 IS:   1.4970303E-02
  9.9998942E-10
nid001162.dogwood.wcoss2.ncep.noaa.gov 0:  MAX/MIN SPECIFIC HUMIDITY AT LEVEL           38 IS:   1.4344215E-02
  9.9998942E-10
nid001162.dogwood.wcoss2.ncep.noaa.gov 0:  MAX/MIN SPECIFIC HUMIDITY AT LEVEL           39 IS:   1.4050007E-02
  9.9998942E-10
nid001162.dogwood.wcoss2.ncep.noaa.gov 0:  MAX/MIN SPECIFIC HUMIDITY AT LEVEL           40 IS:   1.3687611E-02
  9.9998942E-10
nid001162.dogwood.wcoss2.ncep.noaa.gov 0:  MAX/MIN SPECIFIC HUMIDITY AT LEVEL           41 IS:   1.2780190E-02
  9.9998942E-10
nid001162.dogwood.wcoss2.ncep.noaa.gov 0:  MAX/MIN SPECIFIC HUMIDITY AT LEVEL           42 IS:   1.2425900E-02
  9.9998942E-10
nid001162.dogwood.wcoss2.ncep.noaa.gov 0:  MAX/MIN SPECIFIC HUMIDITY AT LEVEL           43 IS:   1.1852741E-02
  9.9998942E-10
nid001162.dogwood.wcoss2.ncep.noaa.gov 0:  MAX/MIN SPECIFIC HUMIDITY AT LEVEL           44 IS:   1.1305332E-02
  9.9998942E-10
nid001162.dogwood.wcoss2.ncep.noaa.gov 0:  MAX/MIN SPECIFIC HUMIDITY AT LEVEL           45 IS:   1.0936260E-02
  9.9998942E-10
nid001162.dogwood.wcoss2.ncep.noaa.gov 0:  MAX/MIN SPECIFIC HUMIDITY AT LEVEL           46 IS:   1.0709763E-02
  9.9998942E-10
nid001162.dogwood.wcoss2.ncep.noaa.gov 0:  MAX/MIN SPECIFIC HUMIDITY AT LEVEL           47 IS:   9.9205971E-03
  9.9998942E-10
nid001162.dogwood.wcoss2.ncep.noaa.gov 0:  MAX/MIN SPECIFIC HUMIDITY AT LEVEL           48 IS:   9.8047256E-03
  9.9998942E-10
nid001162.dogwood.wcoss2.ncep.noaa.gov 0:  MAX/MIN SPECIFIC HUMIDITY AT LEVEL           49 IS:   9.1123581E-03
  9.9998942E-10
nid001162.dogwood.wcoss2.ncep.noaa.gov 0:  MAX/MIN SPECIFIC HUMIDITY AT LEVEL           50 IS:   8.0013275E-03
  9.9998942E-10
nid001162.dogwood.wcoss2.ncep.noaa.gov 0:  MAX/MIN SPECIFIC HUMIDITY AT LEVEL           51 IS:   7.8020096E-03
  9.9998942E-10
nid001162.dogwood.wcoss2.ncep.noaa.gov 0:  MAX/MIN SPECIFIC HUMIDITY AT LEVEL           52 IS:   7.6680183E-03
  9.9998942E-10
nid001162.dogwood.wcoss2.ncep.noaa.gov 0:  MAX/MIN SPECIFIC HUMIDITY AT LEVEL           53 IS:   7.1299076E-03
  9.9998942E-10
nid001162.dogwood.wcoss2.ncep.noaa.gov 0:  MAX/MIN SPECIFIC HUMIDITY AT LEVEL           54 IS:   6.6580772E-03
  9.9998942E-10
nid001162.dogwood.wcoss2.ncep.noaa.gov 0:  MAX/MIN SPECIFIC HUMIDITY AT LEVEL           55 IS:   6.0410500E-03
  5.2511950E-10
nid001162.dogwood.wcoss2.ncep.noaa.gov 0:  MAX/MIN SPECIFIC HUMIDITY AT LEVEL           56 IS:   5.3505898E-03
  2.2542679E-10
nid001162.dogwood.wcoss2.ncep.noaa.gov 0:  MAX/MIN SPECIFIC HUMIDITY AT LEVEL           57 IS:   4.8503876E-03
  0.0000000E+00
nid001162.dogwood.wcoss2.ncep.noaa.gov 0:  MAX/MIN SPECIFIC HUMIDITY AT LEVEL           58 IS:   4.2455196E-03
  0.0000000E+00
nid001162.dogwood.wcoss2.ncep.noaa.gov 0:  MAX/MIN SPECIFIC HUMIDITY AT LEVEL           59 IS:   3.7691593E-03
  0.0000000E+00
nid001162.dogwood.wcoss2.ncep.noaa.gov 0:  MAX/MIN SPECIFIC HUMIDITY AT LEVEL           60 IS:   3.2525063E-03
  0.0000000E+00
nid001162.dogwood.wcoss2.ncep.noaa.gov 0:  MAX/MIN SPECIFIC HUMIDITY AT LEVEL           61 IS:   2.8105974E-03
  0.0000000E+00
nid001162.dogwood.wcoss2.ncep.noaa.gov 0:  MAX/MIN SPECIFIC HUMIDITY AT LEVEL           62 IS:   2.5300980E-03
  0.0000000E+00
nid001162.dogwood.wcoss2.ncep.noaa.gov 0:  MAX/MIN SPECIFIC HUMIDITY AT LEVEL           63 IS:   2.2782087E-03
  0.0000000E+00
nid001162.dogwood.wcoss2.ncep.noaa.gov 0:  MAX/MIN SPECIFIC HUMIDITY AT LEVEL           64 IS:   2.1921396E-03
  0.0000000E+00
nid001162.dogwood.wcoss2.ncep.noaa.gov 0:  MAX/MIN SPECIFIC HUMIDITY AT LEVEL           65 IS:   1.6640425E-03
  0.0000000E+00
nid001162.dogwood.wcoss2.ncep.noaa.gov 0:  MAX/MIN SPECIFIC HUMIDITY AT LEVEL           66 IS:   1.3727546E-03
  0.0000000E+00
nid001162.dogwood.wcoss2.ncep.noaa.gov 0:  MAX/MIN SPECIFIC HUMIDITY AT LEVEL           67 IS:   1.1304617E-03
  0.0000000E+00
nid001162.dogwood.wcoss2.ncep.noaa.gov 0:  MAX/MIN SPECIFIC HUMIDITY AT LEVEL           68 IS:   9.4178319E-04
  0.0000000E+00
nid001162.dogwood.wcoss2.ncep.noaa.gov 0:  MAX/MIN SPECIFIC HUMIDITY AT LEVEL           69 IS:   5.1552057E-04
  0.0000000E+00
nid001162.dogwood.wcoss2.ncep.noaa.gov 0:  MAX/MIN SPECIFIC HUMIDITY AT LEVEL           70 IS:   3.7649274E-04
  0.0000000E+00
nid001162.dogwood.wcoss2.ncep.noaa.gov 0:  MAX/MIN SPECIFIC HUMIDITY AT LEVEL           71 IS:   3.4201145E-04
  0.0000000E+00
nid001162.dogwood.wcoss2.ncep.noaa.gov 0:  MAX/MIN SPECIFIC HUMIDITY AT LEVEL           72 IS:   2.7824938E-04
  0.0000000E+00
nid001162.dogwood.wcoss2.ncep.noaa.gov 0:  MAX/MIN SPECIFIC HUMIDITY AT LEVEL           73 IS:   1.8393248E-04
  0.0000000E+00
nid001162.dogwood.wcoss2.ncep.noaa.gov 0:  MAX/MIN SPECIFIC HUMIDITY AT LEVEL           74 IS:   1.4518201E-04
  0.0000000E+00
nid001162.dogwood.wcoss2.ncep.noaa.gov 0:  MAX/MIN SPECIFIC HUMIDITY AT LEVEL           75 IS:   1.1403486E-04
  0.0000000E+00
nid001162.dogwood.wcoss2.ncep.noaa.gov 0:  MAX/MIN SPECIFIC HUMIDITY AT LEVEL           76 IS:   8.9168549E-05
  0.0000000E+00
nid001162.dogwood.wcoss2.ncep.noaa.gov 0:  MAX/MIN SPECIFIC HUMIDITY AT LEVEL           77 IS:   4.4718385E-05
  0.0000000E+00
nid001162.dogwood.wcoss2.ncep.noaa.gov 0:  MAX/MIN SPECIFIC HUMIDITY AT LEVEL           78 IS:   6.1832368E-05
  0.0000000E+00
nid001162.dogwood.wcoss2.ncep.noaa.gov 0:  MAX/MIN SPECIFIC HUMIDITY AT LEVEL           79 IS:   3.1964853E-05
  0.0000000E+00
nid001162.dogwood.wcoss2.ncep.noaa.gov 0:  MAX/MIN SPECIFIC HUMIDITY AT LEVEL           80 IS:   2.7598813E-05
  0.0000000E+00
nid001162.dogwood.wcoss2.ncep.noaa.gov 0:  MAX/MIN SPECIFIC HUMIDITY AT LEVEL           81 IS:   2.9438175E-05
  0.0000000E+00
nid001162.dogwood.wcoss2.ncep.noaa.gov 0:  MAX/MIN SPECIFIC HUMIDITY AT LEVEL           82 IS:   2.0488165E-05
  0.0000000E+00
nid001162.dogwood.wcoss2.ncep.noaa.gov 0:  MAX/MIN SPECIFIC HUMIDITY AT LEVEL           83 IS:   1.8115155E-05
  0.0000000E+00
nid001162.dogwood.wcoss2.ncep.noaa.gov 0:  MAX/MIN SPECIFIC HUMIDITY AT LEVEL           84 IS:   1.3648998E-05
  0.0000000E+00
nid001162.dogwood.wcoss2.ncep.noaa.gov 0:  MAX/MIN SPECIFIC HUMIDITY AT LEVEL           85 IS:   1.1042692E-05
  0.0000000E+00
nid001162.dogwood.wcoss2.ncep.noaa.gov 0:  MAX/MIN SPECIFIC HUMIDITY AT LEVEL           86 IS:   1.7931685E-05
  0.0000000E+00
nid001162.dogwood.wcoss2.ncep.noaa.gov 0:  MAX/MIN SPECIFIC HUMIDITY AT LEVEL           87 IS:   2.0575710E-05
  0.0000000E+00
nid001162.dogwood.wcoss2.ncep.noaa.gov 0:  MAX/MIN SPECIFIC HUMIDITY AT LEVEL           88 IS:   1.7748214E-05
  0.0000000E+00
nid001162.dogwood.wcoss2.ncep.noaa.gov 0:  MAX/MIN SPECIFIC HUMIDITY AT LEVEL           89 IS:   1.6141683E-05
  0.0000000E+00
nid001162.dogwood.wcoss2.ncep.noaa.gov 0:  MAX/MIN SPECIFIC HUMIDITY AT LEVEL           90 IS:   1.2095086E-05
  0.0000000E+00
nid001162.dogwood.wcoss2.ncep.noaa.gov 0:  MAX/MIN SPECIFIC HUMIDITY AT LEVEL           91 IS:   2.8846553E-06
  0.0000000E+00
nid001162.dogwood.wcoss2.ncep.noaa.gov 0:  MAX/MIN SPECIFIC HUMIDITY AT LEVEL           92 IS:   2.7202768E-06
  0.0000000E+00
nid001162.dogwood.wcoss2.ncep.noaa.gov 0:  MAX/MIN SPECIFIC HUMIDITY AT LEVEL           93 IS:   2.6649795E-06
  0.0000000E+00
nid001162.dogwood.wcoss2.ncep.noaa.gov 0:  MAX/MIN SPECIFIC HUMIDITY AT LEVEL           94 IS:   2.6334310E-06
  0.0000000E+00
nid001162.dogwood.wcoss2.ncep.noaa.gov 0:  MAX/MIN SPECIFIC HUMIDITY AT LEVEL           95 IS:   2.6301714E-06
  0.0000000E+00
nid001162.dogwood.wcoss2.ncep.noaa.gov 0:  MAX/MIN SPECIFIC HUMIDITY AT LEVEL           96 IS:   2.6382040E-06
  0.0000000E+00
nid001162.dogwood.wcoss2.ncep.noaa.gov 0:  MAX/MIN SPECIFIC HUMIDITY AT LEVEL           97 IS:   2.5954796E-06
  0.0000000E+00
nid001162.dogwood.wcoss2.ncep.noaa.gov 0:  MAX/MIN SPECIFIC HUMIDITY AT LEVEL           98 IS:   2.6031630E-06
  0.0000000E+00
nid001162.dogwood.wcoss2.ncep.noaa.gov 0:  MAX/MIN SPECIFIC HUMIDITY AT LEVEL           99 IS:   2.5967602E-06
  0.0000000E+00
nid001162.dogwood.wcoss2.ncep.noaa.gov 0:  MAX/MIN SPECIFIC HUMIDITY AT LEVEL          100 IS:   2.6014168E-06
  0.0000000E+00
nid001162.dogwood.wcoss2.ncep.noaa.gov 0:  MAX/MIN SPECIFIC HUMIDITY AT LEVEL          101 IS:   2.5971094E-06
  0.0000000E+00
nid001162.dogwood.wcoss2.ncep.noaa.gov 0:  MAX/MIN SPECIFIC HUMIDITY AT LEVEL          102 IS:   2.6379712E-06
  0.0000000E+00
nid001162.dogwood.wcoss2.ncep.noaa.gov 0:  MAX/MIN SPECIFIC HUMIDITY AT LEVEL          103 IS:   2.6948983E-06
  0.0000000E+00
nid001162.dogwood.wcoss2.ncep.noaa.gov 0:  MAX/MIN SPECIFIC HUMIDITY AT LEVEL          104 IS:   2.8798822E-06
  0.0000000E+00
nid001162.dogwood.wcoss2.ncep.noaa.gov 0:  MAX/MIN SPECIFIC HUMIDITY AT LEVEL          105 IS:   3.2400712E-06
  0.0000000E+00
nid001162.dogwood.wcoss2.ncep.noaa.gov 0:  MAX/MIN SPECIFIC HUMIDITY AT LEVEL          106 IS:   3.6695274E-06
  0.0000000E+00
nid001162.dogwood.wcoss2.ncep.noaa.gov 0:  MAX/MIN SPECIFIC HUMIDITY AT LEVEL          107 IS:   3.8717408E-06
  0.0000000E+00
nid001162.dogwood.wcoss2.ncep.noaa.gov 0:  MAX/MIN SPECIFIC HUMIDITY AT LEVEL          108 IS:   3.8978178E-06
  0.0000000E+00
nid001162.dogwood.wcoss2.ncep.noaa.gov 0:  MAX/MIN SPECIFIC HUMIDITY AT LEVEL          109 IS:   3.9008446E-06
  0.0000000E+00
nid001162.dogwood.wcoss2.ncep.noaa.gov 0:  MAX/MIN SPECIFIC HUMIDITY AT LEVEL          110 IS:   3.9010774E-06
  0.0000000E+00
nid001162.dogwood.wcoss2.ncep.noaa.gov 0:  MAX/MIN SPECIFIC HUMIDITY AT LEVEL          111 IS:   3.9010774E-06
  0.0000000E+00
nid001162.dogwood.wcoss2.ncep.noaa.gov 0:  MAX/MIN SPECIFIC HUMIDITY AT LEVEL          112 IS:   3.8919970E-06
  0.0000000E+00
nid001162.dogwood.wcoss2.ncep.noaa.gov 0:  MAX/MIN SPECIFIC HUMIDITY AT LEVEL          113 IS:   3.8775615E-06
  0.0000000E+00
nid001162.dogwood.wcoss2.ncep.noaa.gov 0:  MAX/MIN SPECIFIC HUMIDITY AT LEVEL          114 IS:   3.9066654E-06
  0.0000000E+00
nid001162.dogwood.wcoss2.ncep.noaa.gov 0:  MAX/MIN SPECIFIC HUMIDITY AT LEVEL          115 IS:   3.9807055E-06
  0.0000000E+00
nid001162.dogwood.wcoss2.ncep.noaa.gov 0:  MAX/MIN SPECIFIC HUMIDITY AT LEVEL          116 IS:   4.1464809E-06
  0.0000000E+00
nid001162.dogwood.wcoss2.ncep.noaa.gov 0:  MAX/MIN SPECIFIC HUMIDITY AT LEVEL          117 IS:   4.0857121E-06
  0.0000000E+00
nid001162.dogwood.wcoss2.ncep.noaa.gov 0:  MAX/MIN SPECIFIC HUMIDITY AT LEVEL          118 IS:   4.2086467E-06
  0.0000000E+00
nid001162.dogwood.wcoss2.ncep.noaa.gov 0:  MAX/MIN SPECIFIC HUMIDITY AT LEVEL          119 IS:   4.0587038E-06
  0.0000000E+00
nid001162.dogwood.wcoss2.ncep.noaa.gov 0:  MAX/MIN SPECIFIC HUMIDITY AT LEVEL          120 IS:   4.0773302E-06
  0.0000000E+00
nid001162.dogwood.wcoss2.ncep.noaa.gov 0:  MAX/MIN SPECIFIC HUMIDITY AT LEVEL          121 IS:   4.0822197E-06
  0.0000000E+00
nid001162.dogwood.wcoss2.ncep.noaa.gov 0:  MAX/MIN SPECIFIC HUMIDITY AT LEVEL          122 IS:   4.0372834E-06
  0.0000000E+00
nid001162.dogwood.wcoss2.ncep.noaa.gov 0:  MAX/MIN SPECIFIC HUMIDITY AT LEVEL          123 IS:   4.0645245E-06
  0.0000000E+00
nid001162.dogwood.wcoss2.ncep.noaa.gov 0:  MAX/MIN SPECIFIC HUMIDITY AT LEVEL          124 IS:   3.8141152E-06
  0.0000000E+00
nid001162.dogwood.wcoss2.ncep.noaa.gov 0:  MAX/MIN SPECIFIC HUMIDITY AT LEVEL          125 IS:   3.5326229E-06
  0.0000000E+00
nid001162.dogwood.wcoss2.ncep.noaa.gov 0:  MAX/MIN SPECIFIC HUMIDITY AT LEVEL          126 IS:   3.4222612E-06
  0.0000000E+00
nid001162.dogwood.wcoss2.ncep.noaa.gov 0:  MAX/MIN SPECIFIC HUMIDITY AT LEVEL          127 IS:   3.3058459E-06
  0.0000000E+00
 
 READ CLOUD LIQUID WATER
nid003773.dogwood.wcoss2.ncep.noaa.gov 2:  MAX/MIN CLOUD LIQUID WATER AT LEVEL            1 IS:   1.1935830E-03
  0.0000000E+00
nid003773.dogwood.wcoss2.ncep.noaa.gov 2:  MAX/MIN CLOUD LIQUID WATER AT LEVEL            2 IS:   1.1926889E-03
  0.0000000E+00
nid003773.dogwood.wcoss2.ncep.noaa.gov 2:  MAX/MIN CLOUD LIQUID WATER AT LEVEL            3 IS:   1.1228919E-03
  0.0000000E+00
nid003773.dogwood.wcoss2.ncep.noaa.gov 2:  MAX/MIN CLOUD LIQUID WATER AT LEVEL            4 IS:   1.1357069E-03
  0.0000000E+00
nid003773.dogwood.wcoss2.ncep.noaa.gov 2:  MAX/MIN CLOUD LIQUID WATER AT LEVEL            5 IS:   1.2342930E-03
  0.0000000E+00
nid003773.dogwood.wcoss2.ncep.noaa.gov 2:  MAX/MIN CLOUD LIQUID WATER AT LEVEL            6 IS:   1.1923909E-03
  0.0000000E+00
nid003773.dogwood.wcoss2.ncep.noaa.gov 2:  MAX/MIN CLOUD LIQUID WATER AT LEVEL            7 IS:   1.2822151E-03
  0.0000000E+00
nid003773.dogwood.wcoss2.ncep.noaa.gov 2:  MAX/MIN CLOUD LIQUID WATER AT LEVEL            8 IS:   1.3799667E-03
  0.0000000E+00
nid003773.dogwood.wcoss2.ncep.noaa.gov 2:  MAX/MIN CLOUD LIQUID WATER AT LEVEL            9 IS:   1.2480617E-03
  0.0000000E+00
nid003773.dogwood.wcoss2.ncep.noaa.gov 2:  MAX/MIN CLOUD LIQUID WATER AT LEVEL           10 IS:   1.3318658E-03
  0.0000000E+00
nid003773.dogwood.wcoss2.ncep.noaa.gov 2:  MAX/MIN CLOUD LIQUID WATER AT LEVEL           11 IS:   1.2755394E-03
  0.0000000E+00
nid003773.dogwood.wcoss2.ncep.noaa.gov 2:  MAX/MIN CLOUD LIQUID WATER AT LEVEL           12 IS:   1.3827682E-03
  0.0000000E+00
nid003773.dogwood.wcoss2.ncep.noaa.gov 2:  MAX/MIN CLOUD LIQUID WATER AT LEVEL           13 IS:   1.3699532E-03
  0.0000000E+00
nid003773.dogwood.wcoss2.ncep.noaa.gov 2:  MAX/MIN CLOUD LIQUID WATER AT LEVEL           14 IS:   1.3982058E-03
  0.0000000E+00
nid003773.dogwood.wcoss2.ncep.noaa.gov 2:  MAX/MIN CLOUD LIQUID WATER AT LEVEL           15 IS:   1.4671683E-03
  0.0000000E+00
nid003773.dogwood.wcoss2.ncep.noaa.gov 2:  MAX/MIN CLOUD LIQUID WATER AT LEVEL           16 IS:   1.7933846E-03
  0.0000000E+00
nid003773.dogwood.wcoss2.ncep.noaa.gov 2:  MAX/MIN CLOUD LIQUID WATER AT LEVEL           17 IS:   2.1922588E-03
  0.0000000E+00
nid003773.dogwood.wcoss2.ncep.noaa.gov 2:  MAX/MIN CLOUD LIQUID WATER AT LEVEL           18 IS:   2.2853613E-03
  0.0000000E+00
nid003773.dogwood.wcoss2.ncep.noaa.gov 2:  MAX/MIN CLOUD LIQUID WATER AT LEVEL           19 IS:   2.1463633E-03
  0.0000000E+00
nid003773.dogwood.wcoss2.ncep.noaa.gov 2:  MAX/MIN CLOUD LIQUID WATER AT LEVEL           20 IS:   1.7269254E-03
  0.0000000E+00
nid003773.dogwood.wcoss2.ncep.noaa.gov 2:  MAX/MIN CLOUD LIQUID WATER AT LEVEL           21 IS:   1.6199946E-03
  0.0000000E+00
nid003773.dogwood.wcoss2.ncep.noaa.gov 2:  MAX/MIN CLOUD LIQUID WATER AT LEVEL           22 IS:   1.5785694E-03
  0.0000000E+00
nid003773.dogwood.wcoss2.ncep.noaa.gov 2:  MAX/MIN CLOUD LIQUID WATER AT LEVEL           23 IS:   1.6056299E-03
  0.0000000E+00
nid003773.dogwood.wcoss2.ncep.noaa.gov 2:  MAX/MIN CLOUD LIQUID WATER AT LEVEL           24 IS:   1.6324520E-03
  0.0000000E+00
nid003773.dogwood.wcoss2.ncep.noaa.gov 2:  MAX/MIN CLOUD LIQUID WATER AT LEVEL           25 IS:   1.5768409E-03
  0.0000000E+00
nid003773.dogwood.wcoss2.ncep.noaa.gov 2:  MAX/MIN CLOUD LIQUID WATER AT LEVEL           26 IS:   1.5280247E-03
  0.0000000E+00
nid003773.dogwood.wcoss2.ncep.noaa.gov 2:  MAX/MIN CLOUD LIQUID WATER AT LEVEL           27 IS:   1.5105605E-03
  0.0000000E+00
nid003773.dogwood.wcoss2.ncep.noaa.gov 2:  MAX/MIN CLOUD LIQUID WATER AT LEVEL           28 IS:   1.5034080E-03
  0.0000000E+00
nid003773.dogwood.wcoss2.ncep.noaa.gov 2:  MAX/MIN CLOUD LIQUID WATER AT LEVEL           29 IS:   1.4564991E-03
  0.0000000E+00
nid003773.dogwood.wcoss2.ncep.noaa.gov 2:  MAX/MIN CLOUD LIQUID WATER AT LEVEL           30 IS:   1.5798211E-03
  0.0000000E+00
nid003773.dogwood.wcoss2.ncep.noaa.gov 2:  MAX/MIN CLOUD LIQUID WATER AT LEVEL           31 IS:   1.6277432E-03
  0.0000000E+00
nid003773.dogwood.wcoss2.ncep.noaa.gov 2:  MAX/MIN CLOUD LIQUID WATER AT LEVEL           32 IS:   1.6748309E-03
  0.0000000E+00
nid003773.dogwood.wcoss2.ncep.noaa.gov 2:  MAX/MIN CLOUD LIQUID WATER AT LEVEL           33 IS:   1.8299222E-03
  0.0000000E+00
nid003773.dogwood.wcoss2.ncep.noaa.gov 2:  MAX/MIN CLOUD LIQUID WATER AT LEVEL           34 IS:   1.7035007E-03
  0.0000000E+00
nid003773.dogwood.wcoss2.ncep.noaa.gov 2:  MAX/MIN CLOUD LIQUID WATER AT LEVEL           35 IS:   1.6590357E-03
  0.0000000E+00
nid003773.dogwood.wcoss2.ncep.noaa.gov 2:  MAX/MIN CLOUD LIQUID WATER AT LEVEL           36 IS:   1.7086864E-03
  0.0000000E+00
nid003773.dogwood.wcoss2.ncep.noaa.gov 2:  MAX/MIN CLOUD LIQUID WATER AT LEVEL           37 IS:   1.8138885E-03
  0.0000000E+00
nid003773.dogwood.wcoss2.ncep.noaa.gov 2:  MAX/MIN CLOUD LIQUID WATER AT LEVEL           38 IS:   1.8785596E-03
  0.0000000E+00
nid003773.dogwood.wcoss2.ncep.noaa.gov 2:  MAX/MIN CLOUD LIQUID WATER AT LEVEL           39 IS:   1.8867254E-03
  0.0000000E+00
nid003773.dogwood.wcoss2.ncep.noaa.gov 2:  MAX/MIN CLOUD LIQUID WATER AT LEVEL           40 IS:   2.0565987E-03
  0.0000000E+00
nid003773.dogwood.wcoss2.ncep.noaa.gov 2:  MAX/MIN CLOUD LIQUID WATER AT LEVEL           41 IS:   2.2169352E-03
  0.0000000E+00
nid003773.dogwood.wcoss2.ncep.noaa.gov 2:  MAX/MIN CLOUD LIQUID WATER AT LEVEL           42 IS:   2.1734238E-03
  0.0000000E+00
nid003773.dogwood.wcoss2.ncep.noaa.gov 2:  MAX/MIN CLOUD LIQUID WATER AT LEVEL           43 IS:   1.9131303E-03
  0.0000000E+00
nid003773.dogwood.wcoss2.ncep.noaa.gov 2:  MAX/MIN CLOUD LIQUID WATER AT LEVEL           44 IS:   2.0502806E-03
  0.0000000E+00
nid003773.dogwood.wcoss2.ncep.noaa.gov 2:  MAX/MIN CLOUD LIQUID WATER AT LEVEL           45 IS:   1.9456744E-03
  0.0000000E+00
nid003773.dogwood.wcoss2.ncep.noaa.gov 2:  MAX/MIN CLOUD LIQUID WATER AT LEVEL           46 IS:   2.0836592E-03
  0.0000000E+00
nid003773.dogwood.wcoss2.ncep.noaa.gov 2:  MAX/MIN CLOUD LIQUID WATER AT LEVEL           47 IS:   2.1179914E-03
  0.0000000E+00
nid003773.dogwood.wcoss2.ncep.noaa.gov 2:  MAX/MIN CLOUD LIQUID WATER AT LEVEL           48 IS:   2.2817850E-03
  0.0000000E+00
nid003773.dogwood.wcoss2.ncep.noaa.gov 2:  MAX/MIN CLOUD LIQUID WATER AT LEVEL           49 IS:   2.3820400E-03
  0.0000000E+00
nid003773.dogwood.wcoss2.ncep.noaa.gov 2:  MAX/MIN CLOUD LIQUID WATER AT LEVEL           50 IS:   2.0231009E-03
  0.0000000E+00
nid003773.dogwood.wcoss2.ncep.noaa.gov 2:  MAX/MIN CLOUD LIQUID WATER AT LEVEL           51 IS:   2.2681952E-03
  0.0000000E+00
nid003773.dogwood.wcoss2.ncep.noaa.gov 2:  MAX/MIN CLOUD LIQUID WATER AT LEVEL           52 IS:   2.3257732E-03
  0.0000000E+00
nid003773.dogwood.wcoss2.ncep.noaa.gov 2:  MAX/MIN CLOUD LIQUID WATER AT LEVEL           53 IS:   2.1811724E-03
  0.0000000E+00
nid003773.dogwood.wcoss2.ncep.noaa.gov 2:  MAX/MIN CLOUD LIQUID WATER AT LEVEL           54 IS:   2.2754669E-03
  0.0000000E+00
nid003773.dogwood.wcoss2.ncep.noaa.gov 2:  MAX/MIN CLOUD LIQUID WATER AT LEVEL           55 IS:   2.3548603E-03
  0.0000000E+00
nid003773.dogwood.wcoss2.ncep.noaa.gov 2:  MAX/MIN CLOUD LIQUID WATER AT LEVEL           56 IS:   2.4250746E-03
  0.0000000E+00
nid003773.dogwood.wcoss2.ncep.noaa.gov 2:  MAX/MIN CLOUD LIQUID WATER AT LEVEL           57 IS:   2.6028156E-03
  0.0000000E+00
nid003773.dogwood.wcoss2.ncep.noaa.gov 2:  MAX/MIN CLOUD LIQUID WATER AT LEVEL           58 IS:   2.8340816E-03
  0.0000000E+00
nid003773.dogwood.wcoss2.ncep.noaa.gov 2:  MAX/MIN CLOUD LIQUID WATER AT LEVEL           59 IS:   3.0329227E-03
  0.0000000E+00
nid003773.dogwood.wcoss2.ncep.noaa.gov 2:  MAX/MIN CLOUD LIQUID WATER AT LEVEL           60 IS:   3.1429529E-03
  0.0000000E+00
nid003773.dogwood.wcoss2.ncep.noaa.gov 2:  MAX/MIN CLOUD LIQUID WATER AT LEVEL           61 IS:   2.9605627E-03
  0.0000000E+00
nid003773.dogwood.wcoss2.ncep.noaa.gov 2:  MAX/MIN CLOUD LIQUID WATER AT LEVEL           62 IS:   2.3368597E-03
  0.0000000E+00
nid003773.dogwood.wcoss2.ncep.noaa.gov 2:  MAX/MIN CLOUD LIQUID WATER AT LEVEL           63 IS:   1.4887452E-03
  0.0000000E+00
nid003773.dogwood.wcoss2.ncep.noaa.gov 2:  MAX/MIN CLOUD LIQUID WATER AT LEVEL           64 IS:   8.8021159E-04
  0.0000000E+00
nid003773.dogwood.wcoss2.ncep.noaa.gov 2:  MAX/MIN CLOUD LIQUID WATER AT LEVEL           65 IS:   6.1482191E-04
  0.0000000E+00
nid003773.dogwood.wcoss2.ncep.noaa.gov 2:  MAX/MIN CLOUD LIQUID WATER AT LEVEL           66 IS:   4.1580200E-04
  0.0000000E+00
nid003773.dogwood.wcoss2.ncep.noaa.gov 2:  MAX/MIN CLOUD LIQUID WATER AT LEVEL           67 IS:   4.6004355E-04
  0.0000000E+00
nid003773.dogwood.wcoss2.ncep.noaa.gov 2:  MAX/MIN CLOUD LIQUID WATER AT LEVEL           68 IS:   6.2584877E-05
  0.0000000E+00
nid003773.dogwood.wcoss2.ncep.noaa.gov 2:  MAX/MIN CLOUD LIQUID WATER AT LEVEL           69 IS:   0.0000000E+00
  0.0000000E+00
nid003773.dogwood.wcoss2.ncep.noaa.gov 2:  MAX/MIN CLOUD LIQUID WATER AT LEVEL           70 IS:   0.0000000E+00
  0.0000000E+00
nid003773.dogwood.wcoss2.ncep.noaa.gov 2:  MAX/MIN CLOUD LIQUID WATER AT LEVEL           71 IS:   0.0000000E+00
  0.0000000E+00
nid003773.dogwood.wcoss2.ncep.noaa.gov 2:  MAX/MIN CLOUD LIQUID WATER AT LEVEL           72 IS:   0.0000000E+00
  0.0000000E+00
nid003773.dogwood.wcoss2.ncep.noaa.gov 2:  MAX/MIN CLOUD LIQUID WATER AT LEVEL           73 IS:   0.0000000E+00
  0.0000000E+00
nid003773.dogwood.wcoss2.ncep.noaa.gov 2:  MAX/MIN CLOUD LIQUID WATER AT LEVEL           74 IS:   0.0000000E+00
  0.0000000E+00
nid003773.dogwood.wcoss2.ncep.noaa.gov 2:  MAX/MIN CLOUD LIQUID WATER AT LEVEL           75 IS:   0.0000000E+00
  0.0000000E+00
nid003773.dogwood.wcoss2.ncep.noaa.gov 2:  MAX/MIN CLOUD LIQUID WATER AT LEVEL           76 IS:   0.0000000E+00
  0.0000000E+00
nid003773.dogwood.wcoss2.ncep.noaa.gov 2:  MAX/MIN CLOUD LIQUID WATER AT LEVEL           77 IS:   0.0000000E+00
  0.0000000E+00
nid003773.dogwood.wcoss2.ncep.noaa.gov 2:  MAX/MIN CLOUD LIQUID WATER AT LEVEL           78 IS:   0.0000000E+00
  0.0000000E+00
nid003773.dogwood.wcoss2.ncep.noaa.gov 2:  MAX/MIN CLOUD LIQUID WATER AT LEVEL           79 IS:   0.0000000E+00
  0.0000000E+00
nid003773.dogwood.wcoss2.ncep.noaa.gov 2:  MAX/MIN CLOUD LIQUID WATER AT LEVEL           80 IS:   0.0000000E+00
  0.0000000E+00
nid003773.dogwood.wcoss2.ncep.noaa.gov 2:  MAX/MIN CLOUD LIQUID WATER AT LEVEL           81 IS:   0.0000000E+00
  0.0000000E+00
nid003773.dogwood.wcoss2.ncep.noaa.gov 2:  MAX/MIN CLOUD LIQUID WATER AT LEVEL           82 IS:   0.0000000E+00
  0.0000000E+00
nid003773.dogwood.wcoss2.ncep.noaa.gov 2:  MAX/MIN CLOUD LIQUID WATER AT LEVEL           83 IS:   0.0000000E+00
  0.0000000E+00
nid003773.dogwood.wcoss2.ncep.noaa.gov 2:  MAX/MIN CLOUD LIQUID WATER AT LEVEL           84 IS:   0.0000000E+00
  0.0000000E+00
nid003773.dogwood.wcoss2.ncep.noaa.gov 2:  MAX/MIN CLOUD LIQUID WATER AT LEVEL           85 IS:   0.0000000E+00
  0.0000000E+00
nid003773.dogwood.wcoss2.ncep.noaa.gov 2:  MAX/MIN CLOUD LIQUID WATER AT LEVEL           86 IS:   0.0000000E+00
  0.0000000E+00
nid003773.dogwood.wcoss2.ncep.noaa.gov 2:  MAX/MIN CLOUD LIQUID WATER AT LEVEL           87 IS:   0.0000000E+00
  0.0000000E+00
nid003773.dogwood.wcoss2.ncep.noaa.gov 2:  MAX/MIN CLOUD LIQUID WATER AT LEVEL           88 IS:   0.0000000E+00
  0.0000000E+00
nid003773.dogwood.wcoss2.ncep.noaa.gov 2:  MAX/MIN CLOUD LIQUID WATER AT LEVEL           89 IS:   0.0000000E+00
  0.0000000E+00
nid003773.dogwood.wcoss2.ncep.noaa.gov 2:  MAX/MIN CLOUD LIQUID WATER AT LEVEL           90 IS:   0.0000000E+00
  0.0000000E+00
nid003773.dogwood.wcoss2.ncep.noaa.gov 2:  MAX/MIN CLOUD LIQUID WATER AT LEVEL           91 IS:   0.0000000E+00
  0.0000000E+00
nid003773.dogwood.wcoss2.ncep.noaa.gov 2:  MAX/MIN CLOUD LIQUID WATER AT LEVEL           92 IS:   0.0000000E+00
  0.0000000E+00
nid003773.dogwood.wcoss2.ncep.noaa.gov 2:  MAX/MIN CLOUD LIQUID WATER AT LEVEL           93 IS:   0.0000000E+00
  0.0000000E+00
nid003773.dogwood.wcoss2.ncep.noaa.gov 2:  MAX/MIN CLOUD LIQUID WATER AT LEVEL           94 IS:   0.0000000E+00
  0.0000000E+00
nid003773.dogwood.wcoss2.ncep.noaa.gov 2:  MAX/MIN CLOUD LIQUID WATER AT LEVEL           95 IS:   0.0000000E+00
  0.0000000E+00
nid003773.dogwood.wcoss2.ncep.noaa.gov 2:  MAX/MIN CLOUD LIQUID WATER AT LEVEL           96 IS:   0.0000000E+00
  0.0000000E+00
nid003773.dogwood.wcoss2.ncep.noaa.gov 2:  MAX/MIN CLOUD LIQUID WATER AT LEVEL           97 IS:   0.0000000E+00
  0.0000000E+00
nid003773.dogwood.wcoss2.ncep.noaa.gov 2:  MAX/MIN CLOUD LIQUID WATER AT LEVEL           98 IS:   0.0000000E+00
  0.0000000E+00
nid003773.dogwood.wcoss2.ncep.noaa.gov 2:  MAX/MIN CLOUD LIQUID WATER AT LEVEL           99 IS:   0.0000000E+00
  0.0000000E+00
nid003773.dogwood.wcoss2.ncep.noaa.gov 2:  MAX/MIN CLOUD LIQUID WATER AT LEVEL          100 IS:   0.0000000E+00
  0.0000000E+00
nid003773.dogwood.wcoss2.ncep.noaa.gov 2:  MAX/MIN CLOUD LIQUID WATER AT LEVEL          101 IS:   0.0000000E+00
  0.0000000E+00
nid003773.dogwood.wcoss2.ncep.noaa.gov 2:  MAX/MIN CLOUD LIQUID WATER AT LEVEL          102 IS:   0.0000000E+00
  0.0000000E+00
nid003773.dogwood.wcoss2.ncep.noaa.gov 2:  MAX/MIN CLOUD LIQUID WATER AT LEVEL          103 IS:   0.0000000E+00
  0.0000000E+00
nid003773.dogwood.wcoss2.ncep.noaa.gov 2:  MAX/MIN CLOUD LIQUID WATER AT LEVEL          104 IS:   0.0000000E+00
  0.0000000E+00
nid003773.dogwood.wcoss2.ncep.noaa.gov 2:  MAX/MIN CLOUD LIQUID WATER AT LEVEL          105 IS:   0.0000000E+00
  0.0000000E+00
nid003773.dogwood.wcoss2.ncep.noaa.gov 2:  MAX/MIN CLOUD LIQUID WATER AT LEVEL          106 IS:   0.0000000E+00
  0.0000000E+00
nid003773.dogwood.wcoss2.ncep.noaa.gov 2:  MAX/MIN CLOUD LIQUID WATER AT LEVEL          107 IS:   0.0000000E+00
  0.0000000E+00
nid003773.dogwood.wcoss2.ncep.noaa.gov 2:  MAX/MIN CLOUD LIQUID WATER AT LEVEL          108 IS:   0.0000000E+00
  0.0000000E+00
nid003773.dogwood.wcoss2.ncep.noaa.gov 2:  MAX/MIN CLOUD LIQUID WATER AT LEVEL          109 IS:   0.0000000E+00
  0.0000000E+00
nid003773.dogwood.wcoss2.ncep.noaa.gov 2:  MAX/MIN CLOUD LIQUID WATER AT LEVEL          110 IS:   0.0000000E+00
  0.0000000E+00
nid003773.dogwood.wcoss2.ncep.noaa.gov 2:  MAX/MIN CLOUD LIQUID WATER AT LEVEL          111 IS:   0.0000000E+00
  0.0000000E+00
nid003773.dogwood.wcoss2.ncep.noaa.gov 2:  MAX/MIN CLOUD LIQUID WATER AT LEVEL          112 IS:   0.0000000E+00
  0.0000000E+00
nid003773.dogwood.wcoss2.ncep.noaa.gov 2:  MAX/MIN CLOUD LIQUID WATER AT LEVEL          113 IS:   0.0000000E+00
  0.0000000E+00
nid003773.dogwood.wcoss2.ncep.noaa.gov 2:  MAX/MIN CLOUD LIQUID WATER AT LEVEL          114 IS:   0.0000000E+00
  0.0000000E+00
nid003773.dogwood.wcoss2.ncep.noaa.gov 2:  MAX/MIN CLOUD LIQUID WATER AT LEVEL          115 IS:   0.0000000E+00
  0.0000000E+00
nid003773.dogwood.wcoss2.ncep.noaa.gov 2:  MAX/MIN CLOUD LIQUID WATER AT LEVEL          116 IS:   0.0000000E+00
  0.0000000E+00
nid003773.dogwood.wcoss2.ncep.noaa.gov 2:  MAX/MIN CLOUD LIQUID WATER AT LEVEL          117 IS:   0.0000000E+00
  0.0000000E+00
nid003773.dogwood.wcoss2.ncep.noaa.gov 2:  MAX/MIN CLOUD LIQUID WATER AT LEVEL          118 IS:   0.0000000E+00
  0.0000000E+00
nid003773.dogwood.wcoss2.ncep.noaa.gov 2:  MAX/MIN CLOUD LIQUID WATER AT LEVEL          119 IS:   0.0000000E+00
  0.0000000E+00
nid003773.dogwood.wcoss2.ncep.noaa.gov 2:  MAX/MIN CLOUD LIQUID WATER AT LEVEL          120 IS:   0.0000000E+00
  0.0000000E+00
nid003773.dogwood.wcoss2.ncep.noaa.gov 2:  MAX/MIN CLOUD LIQUID WATER AT LEVEL          121 IS:   0.0000000E+00
  0.0000000E+00
nid003773.dogwood.wcoss2.ncep.noaa.gov 2:  MAX/MIN CLOUD LIQUID WATER AT LEVEL          122 IS:   0.0000000E+00
  0.0000000E+00
nid003773.dogwood.wcoss2.ncep.noaa.gov 2:  MAX/MIN CLOUD LIQUID WATER AT LEVEL          123 IS:   0.0000000E+00
  0.0000000E+00
nid003773.dogwood.wcoss2.ncep.noaa.gov 2:  MAX/MIN CLOUD LIQUID WATER AT LEVEL          124 IS:   0.0000000E+00
  0.0000000E+00
nid003773.dogwood.wcoss2.ncep.noaa.gov 2:  MAX/MIN CLOUD LIQUID WATER AT LEVEL          125 IS:   0.0000000E+00
  0.0000000E+00
nid003773.dogwood.wcoss2.ncep.noaa.gov 2:  MAX/MIN CLOUD LIQUID WATER AT LEVEL          126 IS:   0.0000000E+00
  0.0000000E+00
nid003773.dogwood.wcoss2.ncep.noaa.gov 2:  MAX/MIN CLOUD LIQUID WATER AT LEVEL          127 IS:   0.0000000E+00
  0.0000000E+00
 
 READ OZONE
nid001641.dogwood.wcoss2.ncep.noaa.gov 1:  MAX/MIN CLOUD LIQUID WATER AT LEVEL            1 IS:   1.4407635E-03
  0.0000000E+00
nid001641.dogwood.wcoss2.ncep.noaa.gov 1:  MAX/MIN CLOUD LIQUID WATER AT LEVEL            2 IS:   1.5599132E-03
  0.0000000E+00
nid001641.dogwood.wcoss2.ncep.noaa.gov 1:  MAX/MIN CLOUD LIQUID WATER AT LEVEL            3 IS:   1.2828708E-03
  0.0000000E+00
nid001641.dogwood.wcoss2.ncep.noaa.gov 1:  MAX/MIN CLOUD LIQUID WATER AT LEVEL            4 IS:   1.2102127E-03
  0.0000000E+00
nid001641.dogwood.wcoss2.ncep.noaa.gov 1:  MAX/MIN CLOUD LIQUID WATER AT LEVEL            5 IS:   1.3018847E-03
  0.0000000E+00
nid001641.dogwood.wcoss2.ncep.noaa.gov 1:  MAX/MIN CLOUD LIQUID WATER AT LEVEL            6 IS:   1.2689829E-03
  0.0000000E+00
nid001641.dogwood.wcoss2.ncep.noaa.gov 1:  MAX/MIN CLOUD LIQUID WATER AT LEVEL            7 IS:   1.2902617E-03
  0.0000000E+00
nid001641.dogwood.wcoss2.ncep.noaa.gov 1:  MAX/MIN CLOUD LIQUID WATER AT LEVEL            8 IS:   1.4010072E-03
  0.0000000E+00
nid001641.dogwood.wcoss2.ncep.noaa.gov 1:  MAX/MIN CLOUD LIQUID WATER AT LEVEL            9 IS:   1.4896393E-03
  0.0000000E+00
nid001641.dogwood.wcoss2.ncep.noaa.gov 1:  MAX/MIN CLOUD LIQUID WATER AT LEVEL           10 IS:   1.5429258E-03
  0.0000000E+00
nid001641.dogwood.wcoss2.ncep.noaa.gov 1:  MAX/MIN CLOUD LIQUID WATER AT LEVEL           11 IS:   1.5652180E-03
  0.0000000E+00
nid001641.dogwood.wcoss2.ncep.noaa.gov 1:  MAX/MIN CLOUD LIQUID WATER AT LEVEL           12 IS:   1.5757680E-03
  0.0000000E+00
nid001641.dogwood.wcoss2.ncep.noaa.gov 1:  MAX/MIN CLOUD LIQUID WATER AT LEVEL           13 IS:   1.5450716E-03
  0.0000000E+00
nid001641.dogwood.wcoss2.ncep.noaa.gov 1:  MAX/MIN CLOUD LIQUID WATER AT LEVEL           14 IS:   1.4716387E-03
  0.0000000E+00
nid001641.dogwood.wcoss2.ncep.noaa.gov 1:  MAX/MIN CLOUD LIQUID WATER AT LEVEL           15 IS:   1.4590621E-03
  0.0000000E+00
nid001641.dogwood.wcoss2.ncep.noaa.gov 1:  MAX/MIN CLOUD LIQUID WATER AT LEVEL           16 IS:   1.4774203E-03
  0.0000000E+00
nid001641.dogwood.wcoss2.ncep.noaa.gov 1:  MAX/MIN CLOUD LIQUID WATER AT LEVEL           17 IS:   2.2596121E-03
  0.0000000E+00
nid001641.dogwood.wcoss2.ncep.noaa.gov 1:  MAX/MIN CLOUD LIQUID WATER AT LEVEL           18 IS:   1.6781092E-03
  0.0000000E+00
nid001641.dogwood.wcoss2.ncep.noaa.gov 1:  MAX/MIN CLOUD LIQUID WATER AT LEVEL           19 IS:   1.8598437E-03
  0.0000000E+00
nid001641.dogwood.wcoss2.ncep.noaa.gov 1:  MAX/MIN CLOUD LIQUID WATER AT LEVEL           20 IS:   1.6536713E-03
  0.0000000E+00
nid001641.dogwood.wcoss2.ncep.noaa.gov 1:  MAX/MIN CLOUD LIQUID WATER AT LEVEL           21 IS:   1.5213490E-03
  0.0000000E+00
nid001641.dogwood.wcoss2.ncep.noaa.gov 1:  MAX/MIN CLOUD LIQUID WATER AT LEVEL           22 IS:   1.4676452E-03
  0.0000000E+00
nid001641.dogwood.wcoss2.ncep.noaa.gov 1:  MAX/MIN CLOUD LIQUID WATER AT LEVEL           23 IS:   1.4529228E-03
  0.0000000E+00
nid001641.dogwood.wcoss2.ncep.noaa.gov 1:  MAX/MIN CLOUD LIQUID WATER AT LEVEL           24 IS:   1.4363527E-03
  0.0000000E+00
nid001641.dogwood.wcoss2.ncep.noaa.gov 1:  MAX/MIN CLOUD LIQUID WATER AT LEVEL           25 IS:   1.4034510E-03
  0.0000000E+00
nid001641.dogwood.wcoss2.ncep.noaa.gov 1:  MAX/MIN CLOUD LIQUID WATER AT LEVEL           26 IS:   1.4594197E-03
  0.0000000E+00
nid001641.dogwood.wcoss2.ncep.noaa.gov 1:  MAX/MIN CLOUD LIQUID WATER AT LEVEL           27 IS:   1.4906526E-03
  0.0000000E+00
nid001641.dogwood.wcoss2.ncep.noaa.gov 1:  MAX/MIN CLOUD LIQUID WATER AT LEVEL           28 IS:   1.5352368E-03
  0.0000000E+00
nid001641.dogwood.wcoss2.ncep.noaa.gov 1:  MAX/MIN CLOUD LIQUID WATER AT LEVEL           29 IS:   1.5924573E-03
  0.0000000E+00
nid001641.dogwood.wcoss2.ncep.noaa.gov 1:  MAX/MIN CLOUD LIQUID WATER AT LEVEL           30 IS:   1.7940998E-03
  0.0000000E+00
nid001641.dogwood.wcoss2.ncep.noaa.gov 1:  MAX/MIN CLOUD LIQUID WATER AT LEVEL           31 IS:   1.6485453E-03
  0.0000000E+00
nid001641.dogwood.wcoss2.ncep.noaa.gov 1:  MAX/MIN CLOUD LIQUID WATER AT LEVEL           32 IS:   1.6624928E-03
  0.0000000E+00
nid001641.dogwood.wcoss2.ncep.noaa.gov 1:  MAX/MIN CLOUD LIQUID WATER AT LEVEL           33 IS:   1.6207695E-03
  0.0000000E+00
nid001641.dogwood.wcoss2.ncep.noaa.gov 1:  MAX/MIN CLOUD LIQUID WATER AT LEVEL           34 IS:   1.6423464E-03
  0.0000000E+00
nid001641.dogwood.wcoss2.ncep.noaa.gov 1:  MAX/MIN CLOUD LIQUID WATER AT LEVEL           35 IS:   1.7098188E-03
  0.0000000E+00
nid001641.dogwood.wcoss2.ncep.noaa.gov 1:  MAX/MIN CLOUD LIQUID WATER AT LEVEL           36 IS:   1.7558336E-03
  0.0000000E+00
nid001641.dogwood.wcoss2.ncep.noaa.gov 1:  MAX/MIN CLOUD LIQUID WATER AT LEVEL           37 IS:   1.8358231E-03
  0.0000000E+00
nid001641.dogwood.wcoss2.ncep.noaa.gov 1:  MAX/MIN CLOUD LIQUID WATER AT LEVEL           38 IS:   1.8130541E-03
  0.0000000E+00
nid001641.dogwood.wcoss2.ncep.noaa.gov 1:  MAX/MIN CLOUD LIQUID WATER AT LEVEL           39 IS:   1.9197464E-03
  0.0000000E+00
nid001641.dogwood.wcoss2.ncep.noaa.gov 1:  MAX/MIN CLOUD LIQUID WATER AT LEVEL           40 IS:   1.9074082E-03
  0.0000000E+00
nid001641.dogwood.wcoss2.ncep.noaa.gov 1:  MAX/MIN CLOUD LIQUID WATER AT LEVEL           41 IS:   1.9319057E-03
  0.0000000E+00
nid001641.dogwood.wcoss2.ncep.noaa.gov 1:  MAX/MIN CLOUD LIQUID WATER AT LEVEL           42 IS:   1.8175244E-03
  0.0000000E+00
nid001641.dogwood.wcoss2.ncep.noaa.gov 1:  MAX/MIN CLOUD LIQUID WATER AT LEVEL           43 IS:   1.8770695E-03
  0.0000000E+00
nid001641.dogwood.wcoss2.ncep.noaa.gov 1:  MAX/MIN CLOUD LIQUID WATER AT LEVEL           44 IS:   1.8778443E-03
  0.0000000E+00
nid001641.dogwood.wcoss2.ncep.noaa.gov 1:  MAX/MIN CLOUD LIQUID WATER AT LEVEL           45 IS:   1.9299388E-03
  0.0000000E+00
nid001641.dogwood.wcoss2.ncep.noaa.gov 1:  MAX/MIN CLOUD LIQUID WATER AT LEVEL           46 IS:   2.0922422E-03
  0.0000000E+00
nid001641.dogwood.wcoss2.ncep.noaa.gov 1:  MAX/MIN CLOUD LIQUID WATER AT LEVEL           47 IS:   2.1489859E-03
  0.0000000E+00
nid001641.dogwood.wcoss2.ncep.noaa.gov 1:  MAX/MIN CLOUD LIQUID WATER AT LEVEL           48 IS:   2.0189285E-03
  0.0000000E+00
nid001641.dogwood.wcoss2.ncep.noaa.gov 1:  MAX/MIN CLOUD LIQUID WATER AT LEVEL           49 IS:   2.2646189E-03
  0.0000000E+00
nid001641.dogwood.wcoss2.ncep.noaa.gov 1:  MAX/MIN CLOUD LIQUID WATER AT LEVEL           50 IS:   2.1959543E-03
  0.0000000E+00
nid001641.dogwood.wcoss2.ncep.noaa.gov 1:  MAX/MIN CLOUD LIQUID WATER AT LEVEL           51 IS:   2.1796227E-03
  0.0000000E+00
nid001641.dogwood.wcoss2.ncep.noaa.gov 1:  MAX/MIN CLOUD LIQUID WATER AT LEVEL           52 IS:   2.3177862E-03
  0.0000000E+00
nid001641.dogwood.wcoss2.ncep.noaa.gov 1:  MAX/MIN CLOUD LIQUID WATER AT LEVEL           53 IS:   2.1370649E-03
  0.0000000E+00
nid001641.dogwood.wcoss2.ncep.noaa.gov 1:  MAX/MIN CLOUD LIQUID WATER AT LEVEL           54 IS:   2.1405220E-03
  0.0000000E+00
nid001641.dogwood.wcoss2.ncep.noaa.gov 1:  MAX/MIN CLOUD LIQUID WATER AT LEVEL           55 IS:   2.0086765E-03
  0.0000000E+00
nid001641.dogwood.wcoss2.ncep.noaa.gov 1:  MAX/MIN CLOUD LIQUID WATER AT LEVEL           56 IS:   2.1044016E-03
  0.0000000E+00
nid001641.dogwood.wcoss2.ncep.noaa.gov 1:  MAX/MIN CLOUD LIQUID WATER AT LEVEL           57 IS:   2.2598505E-03
  0.0000000E+00
nid001641.dogwood.wcoss2.ncep.noaa.gov 1:  MAX/MIN CLOUD LIQUID WATER AT LEVEL           58 IS:   2.4651289E-03
  0.0000000E+00
nid001641.dogwood.wcoss2.ncep.noaa.gov 1:  MAX/MIN CLOUD LIQUID WATER AT LEVEL           59 IS:   2.6167631E-03
  0.0000000E+00
nid001641.dogwood.wcoss2.ncep.noaa.gov 1:  MAX/MIN CLOUD LIQUID WATER AT LEVEL           60 IS:   2.5599003E-03
  0.0000000E+00
nid001641.dogwood.wcoss2.ncep.noaa.gov 1:  MAX/MIN CLOUD LIQUID WATER AT LEVEL           61 IS:   2.4110079E-03
  0.0000000E+00
nid001641.dogwood.wcoss2.ncep.noaa.gov 1:  MAX/MIN CLOUD LIQUID WATER AT LEVEL           62 IS:   2.0194054E-03
  0.0000000E+00
nid001641.dogwood.wcoss2.ncep.noaa.gov 1:  MAX/MIN CLOUD LIQUID WATER AT LEVEL           63 IS:   1.5650392E-03
  0.0000000E+00
nid001641.dogwood.wcoss2.ncep.noaa.gov 1:  MAX/MIN CLOUD LIQUID WATER AT LEVEL           64 IS:   1.4610291E-03
  0.0000000E+00
nid001641.dogwood.wcoss2.ncep.noaa.gov 1:  MAX/MIN CLOUD LIQUID WATER AT LEVEL           65 IS:   1.1334419E-03
  0.0000000E+00
nid001641.dogwood.wcoss2.ncep.noaa.gov 1:  MAX/MIN CLOUD LIQUID WATER AT LEVEL           66 IS:   5.8668852E-04
  0.0000000E+00
nid001641.dogwood.wcoss2.ncep.noaa.gov 1:  MAX/MIN CLOUD LIQUID WATER AT LEVEL           67 IS:   7.3745847E-05
  0.0000000E+00
nid001641.dogwood.wcoss2.ncep.noaa.gov 1:  MAX/MIN CLOUD LIQUID WATER AT LEVEL           68 IS:   0.0000000E+00
  0.0000000E+00
nid001641.dogwood.wcoss2.ncep.noaa.gov 1:  MAX/MIN CLOUD LIQUID WATER AT LEVEL           69 IS:   0.0000000E+00
  0.0000000E+00
nid001641.dogwood.wcoss2.ncep.noaa.gov 1:  MAX/MIN CLOUD LIQUID WATER AT LEVEL           70 IS:   0.0000000E+00
  0.0000000E+00
nid001641.dogwood.wcoss2.ncep.noaa.gov 1:  MAX/MIN CLOUD LIQUID WATER AT LEVEL           71 IS:   0.0000000E+00
  0.0000000E+00
nid001641.dogwood.wcoss2.ncep.noaa.gov 1:  MAX/MIN CLOUD LIQUID WATER AT LEVEL           72 IS:   0.0000000E+00
  0.0000000E+00
nid001641.dogwood.wcoss2.ncep.noaa.gov 1:  MAX/MIN CLOUD LIQUID WATER AT LEVEL           73 IS:   0.0000000E+00
  0.0000000E+00
nid001641.dogwood.wcoss2.ncep.noaa.gov 1:  MAX/MIN CLOUD LIQUID WATER AT LEVEL           74 IS:   0.0000000E+00
  0.0000000E+00
nid001641.dogwood.wcoss2.ncep.noaa.gov 1:  MAX/MIN CLOUD LIQUID WATER AT LEVEL           75 IS:   0.0000000E+00
  0.0000000E+00
nid001641.dogwood.wcoss2.ncep.noaa.gov 1:  MAX/MIN CLOUD LIQUID WATER AT LEVEL           76 IS:   0.0000000E+00
  0.0000000E+00
nid001641.dogwood.wcoss2.ncep.noaa.gov 1:  MAX/MIN CLOUD LIQUID WATER AT LEVEL           77 IS:   0.0000000E+00
  0.0000000E+00
nid001641.dogwood.wcoss2.ncep.noaa.gov 1:  MAX/MIN CLOUD LIQUID WATER AT LEVEL           78 IS:   0.0000000E+00
  0.0000000E+00
nid001641.dogwood.wcoss2.ncep.noaa.gov 1:  MAX/MIN CLOUD LIQUID WATER AT LEVEL           79 IS:   0.0000000E+00
  0.0000000E+00
nid001641.dogwood.wcoss2.ncep.noaa.gov 1:  MAX/MIN CLOUD LIQUID WATER AT LEVEL           80 IS:   0.0000000E+00
  0.0000000E+00
nid001641.dogwood.wcoss2.ncep.noaa.gov 1:  MAX/MIN CLOUD LIQUID WATER AT LEVEL           81 IS:   0.0000000E+00
  0.0000000E+00
nid001641.dogwood.wcoss2.ncep.noaa.gov 1:  MAX/MIN CLOUD LIQUID WATER AT LEVEL           82 IS:   0.0000000E+00
  0.0000000E+00
nid001641.dogwood.wcoss2.ncep.noaa.gov 1:  MAX/MIN CLOUD LIQUID WATER AT LEVEL           83 IS:   0.0000000E+00
  0.0000000E+00
nid001641.dogwood.wcoss2.ncep.noaa.gov 1:  MAX/MIN CLOUD LIQUID WATER AT LEVEL           84 IS:   0.0000000E+00
  0.0000000E+00
nid001641.dogwood.wcoss2.ncep.noaa.gov 1:  MAX/MIN CLOUD LIQUID WATER AT LEVEL           85 IS:   0.0000000E+00
  0.0000000E+00
nid001641.dogwood.wcoss2.ncep.noaa.gov 1:  MAX/MIN CLOUD LIQUID WATER AT LEVEL           86 IS:   0.0000000E+00
  0.0000000E+00
nid001641.dogwood.wcoss2.ncep.noaa.gov 1:  MAX/MIN CLOUD LIQUID WATER AT LEVEL           87 IS:   0.0000000E+00
  0.0000000E+00
nid001641.dogwood.wcoss2.ncep.noaa.gov 1:  MAX/MIN CLOUD LIQUID WATER AT LEVEL           88 IS:   0.0000000E+00
  0.0000000E+00
nid001641.dogwood.wcoss2.ncep.noaa.gov 1:  MAX/MIN CLOUD LIQUID WATER AT LEVEL           89 IS:   0.0000000E+00
  0.0000000E+00
nid001641.dogwood.wcoss2.ncep.noaa.gov 1:  MAX/MIN CLOUD LIQUID WATER AT LEVEL           90 IS:   0.0000000E+00
  0.0000000E+00
nid001641.dogwood.wcoss2.ncep.noaa.gov 1:  MAX/MIN CLOUD LIQUID WATER AT LEVEL           91 IS:   0.0000000E+00
  0.0000000E+00
nid001641.dogwood.wcoss2.ncep.noaa.gov 1:  MAX/MIN CLOUD LIQUID WATER AT LEVEL           92 IS:   0.0000000E+00
  0.0000000E+00
nid001641.dogwood.wcoss2.ncep.noaa.gov 1:  MAX/MIN CLOUD LIQUID WATER AT LEVEL           93 IS:   0.0000000E+00
  0.0000000E+00
nid001641.dogwood.wcoss2.ncep.noaa.gov 1:  MAX/MIN CLOUD LIQUID WATER AT LEVEL           94 IS:   0.0000000E+00
  0.0000000E+00
nid001641.dogwood.wcoss2.ncep.noaa.gov 1:  MAX/MIN CLOUD LIQUID WATER AT LEVEL           95 IS:   0.0000000E+00
  0.0000000E+00
nid001641.dogwood.wcoss2.ncep.noaa.gov 1:  MAX/MIN CLOUD LIQUID WATER AT LEVEL           96 IS:   0.0000000E+00
  0.0000000E+00
nid001641.dogwood.wcoss2.ncep.noaa.gov 1:  MAX/MIN CLOUD LIQUID WATER AT LEVEL           97 IS:   0.0000000E+00
  0.0000000E+00
nid001641.dogwood.wcoss2.ncep.noaa.gov 1:  MAX/MIN CLOUD LIQUID WATER AT LEVEL           98 IS:   0.0000000E+00
  0.0000000E+00
nid001641.dogwood.wcoss2.ncep.noaa.gov 1:  MAX/MIN CLOUD LIQUID WATER AT LEVEL           99 IS:   0.0000000E+00
  0.0000000E+00
nid001641.dogwood.wcoss2.ncep.noaa.gov 1:  MAX/MIN CLOUD LIQUID WATER AT LEVEL          100 IS:   0.0000000E+00
  0.0000000E+00
nid001641.dogwood.wcoss2.ncep.noaa.gov 1:  MAX/MIN CLOUD LIQUID WATER AT LEVEL          101 IS:   0.0000000E+00
  0.0000000E+00
nid001641.dogwood.wcoss2.ncep.noaa.gov 1:  MAX/MIN CLOUD LIQUID WATER AT LEVEL          102 IS:   0.0000000E+00
  0.0000000E+00
nid001641.dogwood.wcoss2.ncep.noaa.gov 1:  MAX/MIN CLOUD LIQUID WATER AT LEVEL          103 IS:   0.0000000E+00
  0.0000000E+00
nid001641.dogwood.wcoss2.ncep.noaa.gov 1:  MAX/MIN CLOUD LIQUID WATER AT LEVEL          104 IS:   0.0000000E+00
  0.0000000E+00
nid001641.dogwood.wcoss2.ncep.noaa.gov 1:  MAX/MIN CLOUD LIQUID WATER AT LEVEL          105 IS:   0.0000000E+00
  0.0000000E+00
nid001641.dogwood.wcoss2.ncep.noaa.gov 1:  MAX/MIN CLOUD LIQUID WATER AT LEVEL          106 IS:   0.0000000E+00
  0.0000000E+00
nid001641.dogwood.wcoss2.ncep.noaa.gov 1:  MAX/MIN CLOUD LIQUID WATER AT LEVEL          107 IS:   0.0000000E+00
  0.0000000E+00
nid001641.dogwood.wcoss2.ncep.noaa.gov 1:  MAX/MIN CLOUD LIQUID WATER AT LEVEL          108 IS:   0.0000000E+00
  0.0000000E+00
nid001641.dogwood.wcoss2.ncep.noaa.gov 1:  MAX/MIN CLOUD LIQUID WATER AT LEVEL          109 IS:   0.0000000E+00
  0.0000000E+00
nid001641.dogwood.wcoss2.ncep.noaa.gov 1:  MAX/MIN CLOUD LIQUID WATER AT LEVEL          110 IS:   0.0000000E+00
  0.0000000E+00
nid001641.dogwood.wcoss2.ncep.noaa.gov 1:  MAX/MIN CLOUD LIQUID WATER AT LEVEL          111 IS:   0.0000000E+00
  0.0000000E+00
nid001641.dogwood.wcoss2.ncep.noaa.gov 1:  MAX/MIN CLOUD LIQUID WATER AT LEVEL          112 IS:   0.0000000E+00
  0.0000000E+00
nid001641.dogwood.wcoss2.ncep.noaa.gov 1:  MAX/MIN CLOUD LIQUID WATER AT LEVEL          113 IS:   0.0000000E+00
  0.0000000E+00
nid001641.dogwood.wcoss2.ncep.noaa.gov 1:  MAX/MIN CLOUD LIQUID WATER AT LEVEL          114 IS:   0.0000000E+00
  0.0000000E+00
nid001641.dogwood.wcoss2.ncep.noaa.gov 1:  MAX/MIN CLOUD LIQUID WATER AT LEVEL          115 IS:   0.0000000E+00
  0.0000000E+00
nid001641.dogwood.wcoss2.ncep.noaa.gov 1:  MAX/MIN CLOUD LIQUID WATER AT LEVEL          116 IS:   0.0000000E+00
  0.0000000E+00
nid001641.dogwood.wcoss2.ncep.noaa.gov 1:  MAX/MIN CLOUD LIQUID WATER AT LEVEL          117 IS:   0.0000000E+00
  0.0000000E+00
nid001641.dogwood.wcoss2.ncep.noaa.gov 1:  MAX/MIN CLOUD LIQUID WATER AT LEVEL          118 IS:   0.0000000E+00
  0.0000000E+00
nid001641.dogwood.wcoss2.ncep.noaa.gov 1:  MAX/MIN CLOUD LIQUID WATER AT LEVEL          119 IS:   0.0000000E+00
  0.0000000E+00
nid001641.dogwood.wcoss2.ncep.noaa.gov 1:  MAX/MIN CLOUD LIQUID WATER AT LEVEL          120 IS:   0.0000000E+00
  0.0000000E+00
nid001641.dogwood.wcoss2.ncep.noaa.gov 1:  MAX/MIN CLOUD LIQUID WATER AT LEVEL          121 IS:   0.0000000E+00
  0.0000000E+00
nid001641.dogwood.wcoss2.ncep.noaa.gov 1:  MAX/MIN CLOUD LIQUID WATER AT LEVEL          122 IS:   0.0000000E+00
  0.0000000E+00
nid001641.dogwood.wcoss2.ncep.noaa.gov 1:  MAX/MIN CLOUD LIQUID WATER AT LEVEL          123 IS:   0.0000000E+00
  0.0000000E+00
nid001641.dogwood.wcoss2.ncep.noaa.gov 1:  MAX/MIN CLOUD LIQUID WATER AT LEVEL          124 IS:   0.0000000E+00
  0.0000000E+00
nid001641.dogwood.wcoss2.ncep.noaa.gov 1:  MAX/MIN CLOUD LIQUID WATER AT LEVEL          125 IS:   0.0000000E+00
  0.0000000E+00
nid001641.dogwood.wcoss2.ncep.noaa.gov 1:  MAX/MIN CLOUD LIQUID WATER AT LEVEL          126 IS:   0.0000000E+00
  0.0000000E+00
nid001641.dogwood.wcoss2.ncep.noaa.gov 1:  MAX/MIN CLOUD LIQUID WATER AT LEVEL          127 IS:   0.0000000E+00
  0.0000000E+00
 
 READ OZONE
nid001162.dogwood.wcoss2.ncep.noaa.gov 0:  MAX/MIN CLOUD LIQUID WATER AT LEVEL            1 IS:   1.6052723E-03
  0.0000000E+00
nid001162.dogwood.wcoss2.ncep.noaa.gov 0:  MAX/MIN CLOUD LIQUID WATER AT LEVEL            2 IS:   1.4975071E-03
  0.0000000E+00
nid001162.dogwood.wcoss2.ncep.noaa.gov 0:  MAX/MIN CLOUD LIQUID WATER AT LEVEL            3 IS:   1.2978911E-03
  0.0000000E+00
nid001162.dogwood.wcoss2.ncep.noaa.gov 0:  MAX/MIN CLOUD LIQUID WATER AT LEVEL            4 IS:   1.4863014E-03
  0.0000000E+00
nid001162.dogwood.wcoss2.ncep.noaa.gov 0:  MAX/MIN CLOUD LIQUID WATER AT LEVEL            5 IS:   1.4662743E-03
  0.0000000E+00
nid001162.dogwood.wcoss2.ncep.noaa.gov 0:  MAX/MIN CLOUD LIQUID WATER AT LEVEL            6 IS:   1.5278459E-03
  0.0000000E+00
nid001162.dogwood.wcoss2.ncep.noaa.gov 0:  MAX/MIN CLOUD LIQUID WATER AT LEVEL            7 IS:   1.5311241E-03
  0.0000000E+00
nid001162.dogwood.wcoss2.ncep.noaa.gov 0:  MAX/MIN CLOUD LIQUID WATER AT LEVEL            8 IS:   1.4848709E-03
  0.0000000E+00
nid001162.dogwood.wcoss2.ncep.noaa.gov 0:  MAX/MIN CLOUD LIQUID WATER AT LEVEL            9 IS:   1.4548302E-03
  0.0000000E+00
nid001162.dogwood.wcoss2.ncep.noaa.gov 0:  MAX/MIN CLOUD LIQUID WATER AT LEVEL           10 IS:   1.4624000E-03
  0.0000000E+00
nid001162.dogwood.wcoss2.ncep.noaa.gov 0:  MAX/MIN CLOUD LIQUID WATER AT LEVEL           11 IS:   1.4765263E-03
  0.0000000E+00
nid001162.dogwood.wcoss2.ncep.noaa.gov 0:  MAX/MIN CLOUD LIQUID WATER AT LEVEL           12 IS:   1.5110373E-03
  0.0000000E+00
nid001162.dogwood.wcoss2.ncep.noaa.gov 0:  MAX/MIN CLOUD LIQUID WATER AT LEVEL           13 IS:   1.6650558E-03
  0.0000000E+00
nid001162.dogwood.wcoss2.ncep.noaa.gov 0:  MAX/MIN CLOUD LIQUID WATER AT LEVEL           14 IS:   1.5364289E-03
  0.0000000E+00
nid001162.dogwood.wcoss2.ncep.noaa.gov 0:  MAX/MIN CLOUD LIQUID WATER AT LEVEL           15 IS:   1.5694499E-03
  0.0000000E+00
nid001162.dogwood.wcoss2.ncep.noaa.gov 0:  MAX/MIN CLOUD LIQUID WATER AT LEVEL           16 IS:   1.5724897E-03
  0.0000000E+00
nid001162.dogwood.wcoss2.ncep.noaa.gov 0:  MAX/MIN CLOUD LIQUID WATER AT LEVEL           17 IS:   1.5208125E-03
  0.0000000E+00
nid001162.dogwood.wcoss2.ncep.noaa.gov 0:  MAX/MIN CLOUD LIQUID WATER AT LEVEL           18 IS:   1.9436479E-03
  0.0000000E+00
nid001162.dogwood.wcoss2.ncep.noaa.gov 0:  MAX/MIN CLOUD LIQUID WATER AT LEVEL           19 IS:   1.7616749E-03
  0.0000000E+00
nid001162.dogwood.wcoss2.ncep.noaa.gov 0:  MAX/MIN CLOUD LIQUID WATER AT LEVEL           20 IS:   1.5330911E-03
  0.0000000E+00
nid001162.dogwood.wcoss2.ncep.noaa.gov 0:  MAX/MIN CLOUD LIQUID WATER AT LEVEL           21 IS:   1.5635490E-03
  0.0000000E+00
nid001162.dogwood.wcoss2.ncep.noaa.gov 0:  MAX/MIN CLOUD LIQUID WATER AT LEVEL           22 IS:   1.4951825E-03
  0.0000000E+00
nid001162.dogwood.wcoss2.ncep.noaa.gov 0:  MAX/MIN CLOUD LIQUID WATER AT LEVEL           23 IS:   1.4758706E-03
  0.0000000E+00
nid001162.dogwood.wcoss2.ncep.noaa.gov 0:  MAX/MIN CLOUD LIQUID WATER AT LEVEL           24 IS:   1.5424490E-03
  0.0000000E+00
nid001162.dogwood.wcoss2.ncep.noaa.gov 0:  MAX/MIN CLOUD LIQUID WATER AT LEVEL           25 IS:   1.5090704E-03
  0.0000000E+00
nid001162.dogwood.wcoss2.ncep.noaa.gov 0:  MAX/MIN CLOUD LIQUID WATER AT LEVEL           26 IS:   1.4951229E-03
  0.0000000E+00
nid001162.dogwood.wcoss2.ncep.noaa.gov 0:  MAX/MIN CLOUD LIQUID WATER AT LEVEL           27 IS:   1.4811754E-03
  0.0000000E+00
nid001162.dogwood.wcoss2.ncep.noaa.gov 0:  MAX/MIN CLOUD LIQUID WATER AT LEVEL           28 IS:   1.5210509E-03
  0.0000000E+00
nid001162.dogwood.wcoss2.ncep.noaa.gov 0:  MAX/MIN CLOUD LIQUID WATER AT LEVEL           29 IS:   1.6141534E-03
  0.0000000E+00
nid001162.dogwood.wcoss2.ncep.noaa.gov 0:  MAX/MIN CLOUD LIQUID WATER AT LEVEL           30 IS:   1.5583038E-03
  0.0000000E+00
nid001162.dogwood.wcoss2.ncep.noaa.gov 0:  MAX/MIN CLOUD LIQUID WATER AT LEVEL           31 IS:   1.4677048E-03
  0.0000000E+00
nid001162.dogwood.wcoss2.ncep.noaa.gov 0:  MAX/MIN CLOUD LIQUID WATER AT LEVEL           32 IS:   1.5385151E-03
  0.0000000E+00
nid001162.dogwood.wcoss2.ncep.noaa.gov 0:  MAX/MIN CLOUD LIQUID WATER AT LEVEL           33 IS:   1.5950203E-03
  0.0000000E+00
nid001162.dogwood.wcoss2.ncep.noaa.gov 0:  MAX/MIN CLOUD LIQUID WATER AT LEVEL           34 IS:   1.6810298E-03
  0.0000000E+00
nid001162.dogwood.wcoss2.ncep.noaa.gov 0:  MAX/MIN CLOUD LIQUID WATER AT LEVEL           35 IS:   1.7734766E-03
  0.0000000E+00
nid001162.dogwood.wcoss2.ncep.noaa.gov 0:  MAX/MIN CLOUD LIQUID WATER AT LEVEL           36 IS:   1.8586516E-03
  0.0000000E+00
nid001162.dogwood.wcoss2.ncep.noaa.gov 0:  MAX/MIN CLOUD LIQUID WATER AT LEVEL           37 IS:   1.8500686E-03
  0.0000000E+00
nid001162.dogwood.wcoss2.ncep.noaa.gov 0:  MAX/MIN CLOUD LIQUID WATER AT LEVEL           38 IS:   2.0805597E-03
  0.0000000E+00
nid001162.dogwood.wcoss2.ncep.noaa.gov 0:  MAX/MIN CLOUD LIQUID WATER AT LEVEL           39 IS:   2.0965338E-03
  0.0000000E+00
nid001162.dogwood.wcoss2.ncep.noaa.gov 0:  MAX/MIN CLOUD LIQUID WATER AT LEVEL           40 IS:   2.1495819E-03
  0.0000000E+00
nid001162.dogwood.wcoss2.ncep.noaa.gov 0:  MAX/MIN CLOUD LIQUID WATER AT LEVEL           41 IS:   2.0664930E-03
  0.0000000E+00
nid001162.dogwood.wcoss2.ncep.noaa.gov 0:  MAX/MIN CLOUD LIQUID WATER AT LEVEL           42 IS:   1.9798279E-03
  0.0000000E+00
nid001162.dogwood.wcoss2.ncep.noaa.gov 0:  MAX/MIN CLOUD LIQUID WATER AT LEVEL           43 IS:   2.0873547E-03
  0.0000000E+00
nid001162.dogwood.wcoss2.ncep.noaa.gov 0:  MAX/MIN CLOUD LIQUID WATER AT LEVEL           44 IS:   2.1688938E-03
  0.0000000E+00
nid001162.dogwood.wcoss2.ncep.noaa.gov 0:  MAX/MIN CLOUD LIQUID WATER AT LEVEL           45 IS:   2.2698641E-03
  0.0000000E+00
nid001162.dogwood.wcoss2.ncep.noaa.gov 0:  MAX/MIN CLOUD LIQUID WATER AT LEVEL           46 IS:   2.3825169E-03
  0.0000000E+00
nid001162.dogwood.wcoss2.ncep.noaa.gov 0:  MAX/MIN CLOUD LIQUID WATER AT LEVEL           47 IS:   2.5140047E-03
  0.0000000E+00
nid001162.dogwood.wcoss2.ncep.noaa.gov 0:  MAX/MIN CLOUD LIQUID WATER AT LEVEL           48 IS:   2.6665926E-03
  0.0000000E+00
nid001162.dogwood.wcoss2.ncep.noaa.gov 0:  MAX/MIN CLOUD LIQUID WATER AT LEVEL           49 IS:   2.6730299E-03
  0.0000000E+00
nid001162.dogwood.wcoss2.ncep.noaa.gov 0:  MAX/MIN CLOUD LIQUID WATER AT LEVEL           50 IS:   2.4626255E-03
  0.0000000E+00
nid001162.dogwood.wcoss2.ncep.noaa.gov 0:  MAX/MIN CLOUD LIQUID WATER AT LEVEL           51 IS:   2.4753809E-03
  0.0000000E+00
nid001162.dogwood.wcoss2.ncep.noaa.gov 0:  MAX/MIN CLOUD LIQUID WATER AT LEVEL           52 IS:   2.4811029E-03
  0.0000000E+00
nid001162.dogwood.wcoss2.ncep.noaa.gov 0:  MAX/MIN CLOUD LIQUID WATER AT LEVEL           53 IS:   2.5055408E-03
  0.0000000E+00
nid001162.dogwood.wcoss2.ncep.noaa.gov 0:  MAX/MIN CLOUD LIQUID WATER AT LEVEL           54 IS:   2.5494099E-03
  0.0000000E+00
nid001162.dogwood.wcoss2.ncep.noaa.gov 0:  MAX/MIN CLOUD LIQUID WATER AT LEVEL           55 IS:   2.5806427E-03
  0.0000000E+00
nid001162.dogwood.wcoss2.ncep.noaa.gov 0:  MAX/MIN CLOUD LIQUID WATER AT LEVEL           56 IS:   2.6386976E-03
  0.0000000E+00
nid001162.dogwood.wcoss2.ncep.noaa.gov 0:  MAX/MIN CLOUD LIQUID WATER AT LEVEL           57 IS:   2.7153492E-03
  0.0000000E+00
nid001162.dogwood.wcoss2.ncep.noaa.gov 0:  MAX/MIN CLOUD LIQUID WATER AT LEVEL           58 IS:   2.8196573E-03
  0.0000000E+00
nid001162.dogwood.wcoss2.ncep.noaa.gov 0:  MAX/MIN CLOUD LIQUID WATER AT LEVEL           59 IS:   2.8375387E-03
  0.0000000E+00
nid001162.dogwood.wcoss2.ncep.noaa.gov 0:  MAX/MIN CLOUD LIQUID WATER AT LEVEL           60 IS:   2.4830103E-03
  0.0000000E+00
nid001162.dogwood.wcoss2.ncep.noaa.gov 0:  MAX/MIN CLOUD LIQUID WATER AT LEVEL           61 IS:   2.1426678E-03
  0.0000000E+00
nid001162.dogwood.wcoss2.ncep.noaa.gov 0:  MAX/MIN CLOUD LIQUID WATER AT LEVEL           62 IS:   2.2165775E-03
  0.0000000E+00
nid001162.dogwood.wcoss2.ncep.noaa.gov 0:  MAX/MIN CLOUD LIQUID WATER AT LEVEL           63 IS:   2.2163391E-03
  0.0000000E+00
nid001162.dogwood.wcoss2.ncep.noaa.gov 0:  MAX/MIN CLOUD LIQUID WATER AT LEVEL           64 IS:   2.1897554E-03
  0.0000000E+00
nid001162.dogwood.wcoss2.ncep.noaa.gov 0:  MAX/MIN CLOUD LIQUID WATER AT LEVEL           65 IS:   2.1257401E-03
  0.0000000E+00
nid001162.dogwood.wcoss2.ncep.noaa.gov 0:  MAX/MIN CLOUD LIQUID WATER AT LEVEL           66 IS:   1.9618273E-03
  0.0000000E+00
nid001162.dogwood.wcoss2.ncep.noaa.gov 0:  MAX/MIN CLOUD LIQUID WATER AT LEVEL           67 IS:   1.6353130E-03
  0.0000000E+00
nid001162.dogwood.wcoss2.ncep.noaa.gov 0:  MAX/MIN CLOUD LIQUID WATER AT LEVEL           68 IS:   7.4687600E-04
  0.0000000E+00
nid001162.dogwood.wcoss2.ncep.noaa.gov 0:  MAX/MIN CLOUD LIQUID WATER AT LEVEL           69 IS:   0.0000000E+00
  0.0000000E+00
nid001162.dogwood.wcoss2.ncep.noaa.gov 0:  MAX/MIN CLOUD LIQUID WATER AT LEVEL           70 IS:   0.0000000E+00
  0.0000000E+00
nid001162.dogwood.wcoss2.ncep.noaa.gov 0:  MAX/MIN CLOUD LIQUID WATER AT LEVEL           71 IS:   0.0000000E+00
  0.0000000E+00
nid001162.dogwood.wcoss2.ncep.noaa.gov 0:  MAX/MIN CLOUD LIQUID WATER AT LEVEL           72 IS:   0.0000000E+00
  0.0000000E+00
nid001162.dogwood.wcoss2.ncep.noaa.gov 0:  MAX/MIN CLOUD LIQUID WATER AT LEVEL           73 IS:   0.0000000E+00
  0.0000000E+00
nid001162.dogwood.wcoss2.ncep.noaa.gov 0:  MAX/MIN CLOUD LIQUID WATER AT LEVEL           74 IS:   0.0000000E+00
  0.0000000E+00
nid001162.dogwood.wcoss2.ncep.noaa.gov 0:  MAX/MIN CLOUD LIQUID WATER AT LEVEL           75 IS:   0.0000000E+00
  0.0000000E+00
nid001162.dogwood.wcoss2.ncep.noaa.gov 0:  MAX/MIN CLOUD LIQUID WATER AT LEVEL           76 IS:   0.0000000E+00
  0.0000000E+00
nid001162.dogwood.wcoss2.ncep.noaa.gov 0:  MAX/MIN CLOUD LIQUID WATER AT LEVEL           77 IS:   0.0000000E+00
  0.0000000E+00
nid001162.dogwood.wcoss2.ncep.noaa.gov 0:  MAX/MIN CLOUD LIQUID WATER AT LEVEL           78 IS:   0.0000000E+00
  0.0000000E+00
nid001162.dogwood.wcoss2.ncep.noaa.gov 0:  MAX/MIN CLOUD LIQUID WATER AT LEVEL           79 IS:   0.0000000E+00
  0.0000000E+00
nid001162.dogwood.wcoss2.ncep.noaa.gov 0:  MAX/MIN CLOUD LIQUID WATER AT LEVEL           80 IS:   0.0000000E+00
  0.0000000E+00
nid001162.dogwood.wcoss2.ncep.noaa.gov 0:  MAX/MIN CLOUD LIQUID WATER AT LEVEL           81 IS:   0.0000000E+00
  0.0000000E+00
nid001162.dogwood.wcoss2.ncep.noaa.gov 0:  MAX/MIN CLOUD LIQUID WATER AT LEVEL           82 IS:   0.0000000E+00
  0.0000000E+00
nid001162.dogwood.wcoss2.ncep.noaa.gov 0:  MAX/MIN CLOUD LIQUID WATER AT LEVEL           83 IS:   0.0000000E+00
  0.0000000E+00
nid001162.dogwood.wcoss2.ncep.noaa.gov 0:  MAX/MIN CLOUD LIQUID WATER AT LEVEL           84 IS:   0.0000000E+00
  0.0000000E+00
nid001162.dogwood.wcoss2.ncep.noaa.gov 0:  MAX/MIN CLOUD LIQUID WATER AT LEVEL           85 IS:   0.0000000E+00
  0.0000000E+00
nid001162.dogwood.wcoss2.ncep.noaa.gov 0:  MAX/MIN CLOUD LIQUID WATER AT LEVEL           86 IS:   0.0000000E+00
  0.0000000E+00
nid001162.dogwood.wcoss2.ncep.noaa.gov 0:  MAX/MIN CLOUD LIQUID WATER AT LEVEL           87 IS:   0.0000000E+00
  0.0000000E+00
nid001162.dogwood.wcoss2.ncep.noaa.gov 0:  MAX/MIN CLOUD LIQUID WATER AT LEVEL           88 IS:   0.0000000E+00
  0.0000000E+00
nid001162.dogwood.wcoss2.ncep.noaa.gov 0:  MAX/MIN CLOUD LIQUID WATER AT LEVEL           89 IS:   0.0000000E+00
  0.0000000E+00
nid001162.dogwood.wcoss2.ncep.noaa.gov 0:  MAX/MIN CLOUD LIQUID WATER AT LEVEL           90 IS:   0.0000000E+00
  0.0000000E+00
nid001162.dogwood.wcoss2.ncep.noaa.gov 0:  MAX/MIN CLOUD LIQUID WATER AT LEVEL           91 IS:   0.0000000E+00
  0.0000000E+00
nid001162.dogwood.wcoss2.ncep.noaa.gov 0:  MAX/MIN CLOUD LIQUID WATER AT LEVEL           92 IS:   0.0000000E+00
  0.0000000E+00
nid001162.dogwood.wcoss2.ncep.noaa.gov 0:  MAX/MIN CLOUD LIQUID WATER AT LEVEL           93 IS:   0.0000000E+00
  0.0000000E+00
nid001162.dogwood.wcoss2.ncep.noaa.gov 0:  MAX/MIN CLOUD LIQUID WATER AT LEVEL           94 IS:   0.0000000E+00
  0.0000000E+00
nid001162.dogwood.wcoss2.ncep.noaa.gov 0:  MAX/MIN CLOUD LIQUID WATER AT LEVEL           95 IS:   0.0000000E+00
  0.0000000E+00
nid001162.dogwood.wcoss2.ncep.noaa.gov 0:  MAX/MIN CLOUD LIQUID WATER AT LEVEL           96 IS:   0.0000000E+00
  0.0000000E+00
nid001162.dogwood.wcoss2.ncep.noaa.gov 0:  MAX/MIN CLOUD LIQUID WATER AT LEVEL           97 IS:   0.0000000E+00
  0.0000000E+00
nid001162.dogwood.wcoss2.ncep.noaa.gov 0:  MAX/MIN CLOUD LIQUID WATER AT LEVEL           98 IS:   0.0000000E+00
  0.0000000E+00
nid001162.dogwood.wcoss2.ncep.noaa.gov 0:  MAX/MIN CLOUD LIQUID WATER AT LEVEL           99 IS:   0.0000000E+00
  0.0000000E+00
nid001162.dogwood.wcoss2.ncep.noaa.gov 0:  MAX/MIN CLOUD LIQUID WATER AT LEVEL          100 IS:   0.0000000E+00
  0.0000000E+00
nid001162.dogwood.wcoss2.ncep.noaa.gov 0:  MAX/MIN CLOUD LIQUID WATER AT LEVEL          101 IS:   0.0000000E+00
  0.0000000E+00
nid001162.dogwood.wcoss2.ncep.noaa.gov 0:  MAX/MIN CLOUD LIQUID WATER AT LEVEL          102 IS:   0.0000000E+00
  0.0000000E+00
nid001162.dogwood.wcoss2.ncep.noaa.gov 0:  MAX/MIN CLOUD LIQUID WATER AT LEVEL          103 IS:   0.0000000E+00
  0.0000000E+00
nid001162.dogwood.wcoss2.ncep.noaa.gov 0:  MAX/MIN CLOUD LIQUID WATER AT LEVEL          104 IS:   0.0000000E+00
  0.0000000E+00
nid001162.dogwood.wcoss2.ncep.noaa.gov 0:  MAX/MIN CLOUD LIQUID WATER AT LEVEL          105 IS:   0.0000000E+00
  0.0000000E+00
nid001162.dogwood.wcoss2.ncep.noaa.gov 0:  MAX/MIN CLOUD LIQUID WATER AT LEVEL          106 IS:   0.0000000E+00
  0.0000000E+00
nid001162.dogwood.wcoss2.ncep.noaa.gov 0:  MAX/MIN CLOUD LIQUID WATER AT LEVEL          107 IS:   0.0000000E+00
  0.0000000E+00
nid001162.dogwood.wcoss2.ncep.noaa.gov 0:  MAX/MIN CLOUD LIQUID WATER AT LEVEL          108 IS:   0.0000000E+00
  0.0000000E+00
nid001162.dogwood.wcoss2.ncep.noaa.gov 0:  MAX/MIN CLOUD LIQUID WATER AT LEVEL          109 IS:   0.0000000E+00
  0.0000000E+00
nid001162.dogwood.wcoss2.ncep.noaa.gov 0:  MAX/MIN CLOUD LIQUID WATER AT LEVEL          110 IS:   0.0000000E+00
  0.0000000E+00
nid001162.dogwood.wcoss2.ncep.noaa.gov 0:  MAX/MIN CLOUD LIQUID WATER AT LEVEL          111 IS:   0.0000000E+00
  0.0000000E+00
nid001162.dogwood.wcoss2.ncep.noaa.gov 0:  MAX/MIN CLOUD LIQUID WATER AT LEVEL          112 IS:   0.0000000E+00
  0.0000000E+00
nid001162.dogwood.wcoss2.ncep.noaa.gov 0:  MAX/MIN CLOUD LIQUID WATER AT LEVEL          113 IS:   0.0000000E+00
  0.0000000E+00
nid001162.dogwood.wcoss2.ncep.noaa.gov 0:  MAX/MIN CLOUD LIQUID WATER AT LEVEL          114 IS:   0.0000000E+00
  0.0000000E+00
nid001162.dogwood.wcoss2.ncep.noaa.gov 0:  MAX/MIN CLOUD LIQUID WATER AT LEVEL          115 IS:   0.0000000E+00
  0.0000000E+00
nid001162.dogwood.wcoss2.ncep.noaa.gov 0:  MAX/MIN CLOUD LIQUID WATER AT LEVEL          116 IS:   0.0000000E+00
  0.0000000E+00
nid001162.dogwood.wcoss2.ncep.noaa.gov 0:  MAX/MIN CLOUD LIQUID WATER AT LEVEL          117 IS:   0.0000000E+00
  0.0000000E+00
nid001162.dogwood.wcoss2.ncep.noaa.gov 0:  MAX/MIN CLOUD LIQUID WATER AT LEVEL          118 IS:   0.0000000E+00
  0.0000000E+00
nid001162.dogwood.wcoss2.ncep.noaa.gov 0:  MAX/MIN CLOUD LIQUID WATER AT LEVEL          119 IS:   0.0000000E+00
  0.0000000E+00
nid001162.dogwood.wcoss2.ncep.noaa.gov 0:  MAX/MIN CLOUD LIQUID WATER AT LEVEL          120 IS:   0.0000000E+00
  0.0000000E+00
nid001162.dogwood.wcoss2.ncep.noaa.gov 0:  MAX/MIN CLOUD LIQUID WATER AT LEVEL          121 IS:   0.0000000E+00
  0.0000000E+00
nid001162.dogwood.wcoss2.ncep.noaa.gov 0:  MAX/MIN CLOUD LIQUID WATER AT LEVEL          122 IS:   0.0000000E+00
  0.0000000E+00
nid001162.dogwood.wcoss2.ncep.noaa.gov 0:  MAX/MIN CLOUD LIQUID WATER AT LEVEL          123 IS:   0.0000000E+00
  0.0000000E+00
nid001162.dogwood.wcoss2.ncep.noaa.gov 0:  MAX/MIN CLOUD LIQUID WATER AT LEVEL          124 IS:   0.0000000E+00
  0.0000000E+00
nid001162.dogwood.wcoss2.ncep.noaa.gov 0:  MAX/MIN CLOUD LIQUID WATER AT LEVEL          125 IS:   0.0000000E+00
  0.0000000E+00
nid001162.dogwood.wcoss2.ncep.noaa.gov 0:  MAX/MIN CLOUD LIQUID WATER AT LEVEL          126 IS:   0.0000000E+00
  0.0000000E+00
nid001162.dogwood.wcoss2.ncep.noaa.gov 0:  MAX/MIN CLOUD LIQUID WATER AT LEVEL          127 IS:   0.0000000E+00
  0.0000000E+00
 
 READ OZONE
nid003773.dogwood.wcoss2.ncep.noaa.gov 2:  MAX/MIN OZONE AT LEVEL            1 IS:   9.4922143E-08  2.5484951E-08
nid003773.dogwood.wcoss2.ncep.noaa.gov 2:  MAX/MIN OZONE AT LEVEL            2 IS:   9.4907591E-08  2.5489499E-08
nid003773.dogwood.wcoss2.ncep.noaa.gov 2:  MAX/MIN OZONE AT LEVEL            3 IS:   9.4889401E-08  2.5494955E-08
nid003773.dogwood.wcoss2.ncep.noaa.gov 2:  MAX/MIN OZONE AT LEVEL            4 IS:   9.4863935E-08  2.5501322E-08
nid003773.dogwood.wcoss2.ncep.noaa.gov 2:  MAX/MIN OZONE AT LEVEL            5 IS:   9.4838470E-08  2.5509507E-08
nid003773.dogwood.wcoss2.ncep.noaa.gov 2:  MAX/MIN OZONE AT LEVEL            6 IS:   9.4787538E-08  2.5519512E-08
nid003773.dogwood.wcoss2.ncep.noaa.gov 2:  MAX/MIN OZONE AT LEVEL            7 IS:   9.4714778E-08  2.5529516E-08
nid003773.dogwood.wcoss2.ncep.noaa.gov 2:  MAX/MIN OZONE AT LEVEL            8 IS:   9.4565621E-08  2.5542249E-08
nid003773.dogwood.wcoss2.ncep.noaa.gov 2:  MAX/MIN OZONE AT LEVEL            9 IS:   9.4281859E-08  2.5556801E-08
nid003773.dogwood.wcoss2.ncep.noaa.gov 2:  MAX/MIN OZONE AT LEVEL           10 IS:   9.4183633E-08  2.5574991E-08
nid003773.dogwood.wcoss2.ncep.noaa.gov 2:  MAX/MIN OZONE AT LEVEL           11 IS:   9.4285497E-08  2.5593181E-08
nid003773.dogwood.wcoss2.ncep.noaa.gov 2:  MAX/MIN OZONE AT LEVEL           12 IS:   9.4336428E-08  2.5625013E-08
nid003773.dogwood.wcoss2.ncep.noaa.gov 2:  MAX/MIN OZONE AT LEVEL           13 IS:   9.4347342E-08  2.5677764E-08
nid003773.dogwood.wcoss2.ncep.noaa.gov 2:  MAX/MIN OZONE AT LEVEL           14 IS:   9.4318239E-08  2.5798727E-08
nid003773.dogwood.wcoss2.ncep.noaa.gov 2:  MAX/MIN OZONE AT LEVEL           15 IS:   9.4845745E-08  2.6108864E-08
nid003773.dogwood.wcoss2.ncep.noaa.gov 2:  MAX/MIN OZONE AT LEVEL           16 IS:   9.5551513E-08  2.6666385E-08
nid003773.dogwood.wcoss2.ncep.noaa.gov 2:  MAX/MIN OZONE AT LEVEL           17 IS:   9.6202712E-08  2.7323949E-08
nid003773.dogwood.wcoss2.ncep.noaa.gov 2:  MAX/MIN OZONE AT LEVEL           18 IS:   9.6799340E-08  2.7686838E-08
nid003773.dogwood.wcoss2.ncep.noaa.gov 2:  MAX/MIN OZONE AT LEVEL           19 IS:   9.7392331E-08  2.8146133E-08
nid003773.dogwood.wcoss2.ncep.noaa.gov 2:  MAX/MIN OZONE AT LEVEL           20 IS:   9.8007149E-08  2.9241164E-08
nid003773.dogwood.wcoss2.ncep.noaa.gov 2:  MAX/MIN OZONE AT LEVEL           21 IS:   9.8596502E-08  2.9540388E-08
nid003773.dogwood.wcoss2.ncep.noaa.gov 2:  MAX/MIN OZONE AT LEVEL           22 IS:   9.9586032E-08  2.9573130E-08
nid003773.dogwood.wcoss2.ncep.noaa.gov 2:  MAX/MIN OZONE AT LEVEL           23 IS:   1.0093208E-07  2.9669536E-08
nid003773.dogwood.wcoss2.ncep.noaa.gov 2:  MAX/MIN OZONE AT LEVEL           24 IS:   1.0200893E-07  3.0087904E-08
nid003773.dogwood.wcoss2.ncep.noaa.gov 2:  MAX/MIN OZONE AT LEVEL           25 IS:   1.0569056E-07  3.0429874E-08
nid003773.dogwood.wcoss2.ncep.noaa.gov 2:  MAX/MIN OZONE AT LEVEL           26 IS:   1.0974327E-07  3.1030140E-08
nid003773.dogwood.wcoss2.ncep.noaa.gov 2:  MAX/MIN OZONE AT LEVEL           27 IS:   1.1394513E-07  3.1190211E-08
nid003773.dogwood.wcoss2.ncep.noaa.gov 2:  MAX/MIN OZONE AT LEVEL           28 IS:   1.1853626E-07  3.1286618E-08
nid003773.dogwood.wcoss2.ncep.noaa.gov 2:  MAX/MIN OZONE AT LEVEL           29 IS:   1.2366218E-07  3.1386662E-08
nid003773.dogwood.wcoss2.ncep.noaa.gov 2:  MAX/MIN OZONE AT LEVEL           30 IS:   1.2938108E-07  3.1956006E-08
nid003773.dogwood.wcoss2.ncep.noaa.gov 2:  MAX/MIN OZONE AT LEVEL           31 IS:   1.3590034E-07  3.3382094E-08
nid003773.dogwood.wcoss2.ncep.noaa.gov 2:  MAX/MIN OZONE AT LEVEL           32 IS:   1.4329999E-07  3.3163815E-08
nid003773.dogwood.wcoss2.ncep.noaa.gov 2:  MAX/MIN OZONE AT LEVEL           33 IS:   1.5115074E-07  3.2958269E-08
nid003773.dogwood.wcoss2.ncep.noaa.gov 2:  MAX/MIN OZONE AT LEVEL           34 IS:   1.5881960E-07  3.2761818E-08
nid003773.dogwood.wcoss2.ncep.noaa.gov 2:  MAX/MIN OZONE AT LEVEL           35 IS:   1.6672857E-07  3.2598109E-08
nid003773.dogwood.wcoss2.ncep.noaa.gov 2:  MAX/MIN OZONE AT LEVEL           36 IS:   1.7539423E-07  3.2543539E-08
nid003773.dogwood.wcoss2.ncep.noaa.gov 2:  MAX/MIN OZONE AT LEVEL           37 IS:   1.8457649E-07  3.2607204E-08
nid003773.dogwood.wcoss2.ncep.noaa.gov 2:  MAX/MIN OZONE AT LEVEL           38 IS:   1.9393337E-07  3.2479875E-08
nid003773.dogwood.wcoss2.ncep.noaa.gov 2:  MAX/MIN OZONE AT LEVEL           39 IS:   2.0313746E-07  3.2241587E-08
nid003773.dogwood.wcoss2.ncep.noaa.gov 2:  MAX/MIN OZONE AT LEVEL           40 IS:   2.1137384E-07  3.2096068E-08
nid003773.dogwood.wcoss2.ncep.noaa.gov 2:  MAX/MIN OZONE AT LEVEL           41 IS:   2.1779124E-07  3.2041498E-08
nid003773.dogwood.wcoss2.ncep.noaa.gov 2:  MAX/MIN OZONE AT LEVEL           42 IS:   2.2236782E-07  3.1968739E-08
nid003773.dogwood.wcoss2.ncep.noaa.gov 2:  MAX/MIN OZONE AT LEVEL           43 IS:   2.2457243E-07  3.2092430E-08
nid003773.dogwood.wcoss2.ncep.noaa.gov 2:  MAX/MIN OZONE AT LEVEL           44 IS:   2.2582390E-07  3.2216121E-08
nid003773.dogwood.wcoss2.ncep.noaa.gov 2:  MAX/MIN OZONE AT LEVEL           45 IS:   2.2689346E-07  3.2443495E-08
nid003773.dogwood.wcoss2.ncep.noaa.gov 2:  MAX/MIN OZONE AT LEVEL           46 IS:   2.2655877E-07  3.2949174E-08
nid003773.dogwood.wcoss2.ncep.noaa.gov 2:  MAX/MIN OZONE AT LEVEL           47 IS:   2.3212488E-07  3.3182005E-08
nid003773.dogwood.wcoss2.ncep.noaa.gov 2:  MAX/MIN OZONE AT LEVEL           48 IS:   2.4159090E-07  3.3387551E-08
nid003773.dogwood.wcoss2.ncep.noaa.gov 2:  MAX/MIN OZONE AT LEVEL           49 IS:   2.4845940E-07  3.3482138E-08
nid003773.dogwood.wcoss2.ncep.noaa.gov 2:  MAX/MIN OZONE AT LEVEL           50 IS:   2.5273766E-07  3.3742253E-08
nid003773.dogwood.wcoss2.ncep.noaa.gov 2:  MAX/MIN OZONE AT LEVEL           51 IS:   2.5890768E-07  3.3880497E-08
nid003773.dogwood.wcoss2.ncep.noaa.gov 2:  MAX/MIN OZONE AT LEVEL           52 IS:   2.6395719E-07  3.4153345E-08
nid003773.dogwood.wcoss2.ncep.noaa.gov 2:  MAX/MIN OZONE AT LEVEL           53 IS:   2.7210626E-07  3.4264303E-08
nid003773.dogwood.wcoss2.ncep.noaa.gov 2:  MAX/MIN OZONE AT LEVEL           54 IS:   2.8163777E-07  3.4788172E-08
nid003773.dogwood.wcoss2.ncep.noaa.gov 2:  MAX/MIN OZONE AT LEVEL           55 IS:   2.8999057E-07  3.5901394E-08
nid003773.dogwood.wcoss2.ncep.noaa.gov 2:  MAX/MIN OZONE AT LEVEL           56 IS:   3.1487434E-07  3.5957783E-08
nid003773.dogwood.wcoss2.ncep.noaa.gov 2:  MAX/MIN OZONE AT LEVEL           57 IS:   3.5631820E-07  3.5939593E-08
nid003773.dogwood.wcoss2.ncep.noaa.gov 2:  MAX/MIN OZONE AT LEVEL           58 IS:   3.7731661E-07  3.6310666E-08
nid003773.dogwood.wcoss2.ncep.noaa.gov 2:  MAX/MIN OZONE AT LEVEL           59 IS:   3.9658335E-07  3.6745405E-08
nid003773.dogwood.wcoss2.ncep.noaa.gov 2:  MAX/MIN OZONE AT LEVEL           60 IS:   4.1445310E-07  3.8015060E-08
nid003773.dogwood.wcoss2.ncep.noaa.gov 2:  MAX/MIN OZONE AT LEVEL           61 IS:   4.3185719E-07  3.6949132E-08
nid003773.dogwood.wcoss2.ncep.noaa.gov 2:  MAX/MIN OZONE AT LEVEL           62 IS:   4.4913031E-07  3.7372956E-08
nid003773.dogwood.wcoss2.ncep.noaa.gov 2:  MAX/MIN OZONE AT LEVEL           63 IS:   4.7896174E-07  3.3811375E-08
nid003773.dogwood.wcoss2.ncep.noaa.gov 2:  MAX/MIN OZONE AT LEVEL           64 IS:   5.0937524E-07  2.5084773E-08
nid003773.dogwood.wcoss2.ncep.noaa.gov 2:  MAX/MIN OZONE AT LEVEL           65 IS:   5.2465475E-07  2.1065716E-08
nid003773.dogwood.wcoss2.ncep.noaa.gov 2:  MAX/MIN OZONE AT LEVEL           66 IS:   5.2902033E-07  2.0003426E-08
nid003773.dogwood.wcoss2.ncep.noaa.gov 2:  MAX/MIN OZONE AT LEVEL           67 IS:   6.0765888E-07  2.0905645E-08
nid003773.dogwood.wcoss2.ncep.noaa.gov 2:  MAX/MIN OZONE AT LEVEL           68 IS:   6.7939982E-07  2.0910193E-08
nid003773.dogwood.wcoss2.ncep.noaa.gov 2:  MAX/MIN OZONE AT LEVEL           69 IS:   7.5550633E-07  2.3301254E-08
nid003773.dogwood.wcoss2.ncep.noaa.gov 2:  MAX/MIN OZONE AT LEVEL           70 IS:   8.3431951E-07  2.9836883E-08
nid003773.dogwood.wcoss2.ncep.noaa.gov 2:  MAX/MIN OZONE AT LEVEL           71 IS:   9.1167749E-07  3.0480805E-08
nid003773.dogwood.wcoss2.ncep.noaa.gov 2:  MAX/MIN OZONE AT LEVEL           72 IS:   1.0198564E-06  2.8990144E-08
nid003773.dogwood.wcoss2.ncep.noaa.gov 2:  MAX/MIN OZONE AT LEVEL           73 IS:   1.1165976E-06  2.1117557E-08
nid003773.dogwood.wcoss2.ncep.noaa.gov 2:  MAX/MIN OZONE AT LEVEL           74 IS:   1.2255041E-06  1.4607849E-08
nid003773.dogwood.wcoss2.ncep.noaa.gov 2:  MAX/MIN OZONE AT LEVEL           75 IS:   1.4613615E-06  9.4719326E-09
nid003773.dogwood.wcoss2.ncep.noaa.gov 2:  MAX/MIN OZONE AT LEVEL           76 IS:   1.7015846E-06  1.8314381E-09
nid003773.dogwood.wcoss2.ncep.noaa.gov 2:  MAX/MIN OZONE AT LEVEL           77 IS:   1.8074061E-06  4.8515858E-10
nid003773.dogwood.wcoss2.ncep.noaa.gov 2:  MAX/MIN OZONE AT LEVEL           78 IS:   1.9078143E-06  7.8184570E-11
nid003773.dogwood.wcoss2.ncep.noaa.gov 2:  MAX/MIN OZONE AT LEVEL           79 IS:   2.2823224E-06  1.5262458E-10
nid003773.dogwood.wcoss2.ncep.noaa.gov 2:  MAX/MIN OZONE AT LEVEL           80 IS:   2.6721973E-06  6.2883032E-11
nid003773.dogwood.wcoss2.ncep.noaa.gov 2:  MAX/MIN OZONE AT LEVEL           81 IS:   2.8876821E-06  1.2894219E-10
nid003773.dogwood.wcoss2.ncep.noaa.gov 2:  MAX/MIN OZONE AT LEVEL           82 IS:   3.3546239E-06  1.2900614E-10
nid003773.dogwood.wcoss2.ncep.noaa.gov 2:  MAX/MIN OZONE AT LEVEL           83 IS:   3.6775600E-06  2.0557422E-10
nid003773.dogwood.wcoss2.ncep.noaa.gov 2:  MAX/MIN OZONE AT LEVEL           84 IS:   3.9122533E-06  6.8948225E-10
nid003773.dogwood.wcoss2.ncep.noaa.gov 2:  MAX/MIN OZONE AT LEVEL           85 IS:   4.0004961E-06  2.7526994E-09
nid003773.dogwood.wcoss2.ncep.noaa.gov 2:  MAX/MIN OZONE AT LEVEL           86 IS:   4.1206367E-06  8.8883098E-08
nid003773.dogwood.wcoss2.ncep.noaa.gov 2:  MAX/MIN OZONE AT LEVEL           87 IS:   4.3939799E-06  1.7280399E-07
nid003773.dogwood.wcoss2.ncep.noaa.gov 2:  MAX/MIN OZONE AT LEVEL           88 IS:   4.7343783E-06  2.9620423E-07
nid003773.dogwood.wcoss2.ncep.noaa.gov 2:  MAX/MIN OZONE AT LEVEL           89 IS:   4.9935188E-06  4.9752998E-07
nid003773.dogwood.wcoss2.ncep.noaa.gov 2:  MAX/MIN OZONE AT LEVEL           90 IS:   5.3250697E-06  7.1193790E-07
nid003773.dogwood.wcoss2.ncep.noaa.gov 2:  MAX/MIN OZONE AT LEVEL           91 IS:   5.5467244E-06  1.0898802E-06
nid003773.dogwood.wcoss2.ncep.noaa.gov 2:  MAX/MIN OZONE AT LEVEL           92 IS:   6.0626771E-06  1.3271929E-06
nid003773.dogwood.wcoss2.ncep.noaa.gov 2:  MAX/MIN OZONE AT LEVEL           93 IS:   6.7183282E-06  1.5872647E-06
nid003773.dogwood.wcoss2.ncep.noaa.gov 2:  MAX/MIN OZONE AT LEVEL           94 IS:   7.3425472E-06  2.0569423E-06
nid003773.dogwood.wcoss2.ncep.noaa.gov 2:  MAX/MIN OZONE AT LEVEL           95 IS:   8.1914477E-06  2.5145710E-06
nid003773.dogwood.wcoss2.ncep.noaa.gov 2:  MAX/MIN OZONE AT LEVEL           96 IS:   9.2219561E-06  3.0942028E-06
nid003773.dogwood.wcoss2.ncep.noaa.gov 2:  MAX/MIN OZONE AT LEVEL           97 IS:   9.8869205E-06  3.9029401E-06
nid003773.dogwood.wcoss2.ncep.noaa.gov 2:  MAX/MIN OZONE AT LEVEL           98 IS:   1.0499265E-05  4.8014335E-06
nid003773.dogwood.wcoss2.ncep.noaa.gov 2:  MAX/MIN OZONE AT LEVEL           99 IS:   1.1010095E-05  4.9367081E-06
nid003773.dogwood.wcoss2.ncep.noaa.gov 2:  MAX/MIN OZONE AT LEVEL          100 IS:   1.1947937E-05  4.9627852E-06
nid003773.dogwood.wcoss2.ncep.noaa.gov 2:  MAX/MIN OZONE AT LEVEL          101 IS:   1.2676697E-05  5.0629023E-06
nid003773.dogwood.wcoss2.ncep.noaa.gov 2:  MAX/MIN OZONE AT LEVEL          102 IS:   1.3546087E-05  5.2382238E-06
nid003773.dogwood.wcoss2.ncep.noaa.gov 2:  MAX/MIN OZONE AT LEVEL          103 IS:   1.4677644E-05  5.6538265E-06
nid003773.dogwood.wcoss2.ncep.noaa.gov 2:  MAX/MIN OZONE AT LEVEL          104 IS:   1.5873462E-05  6.0887542E-06
nid003773.dogwood.wcoss2.ncep.noaa.gov 2:  MAX/MIN OZONE AT LEVEL          105 IS:   1.6979873E-05  6.6235662E-06
nid003773.dogwood.wcoss2.ncep.noaa.gov 2:  MAX/MIN OZONE AT LEVEL          106 IS:   1.7565675E-05  7.1302056E-06
nid003773.dogwood.wcoss2.ncep.noaa.gov 2:  MAX/MIN OZONE AT LEVEL          107 IS:   1.7442740E-05  7.1583781E-06
nid003773.dogwood.wcoss2.ncep.noaa.gov 2:  MAX/MIN OZONE AT LEVEL          108 IS:   1.6641803E-05  7.0033129E-06
nid003773.dogwood.wcoss2.ncep.noaa.gov 2:  MAX/MIN OZONE AT LEVEL          109 IS:   1.5059486E-05  7.1313698E-06
nid003773.dogwood.wcoss2.ncep.noaa.gov 2:  MAX/MIN OZONE AT LEVEL          110 IS:   1.3531186E-05  7.3830597E-06
nid003773.dogwood.wcoss2.ncep.noaa.gov 2:  MAX/MIN OZONE AT LEVEL          111 IS:   1.2956094E-05  7.4249692E-06
nid003773.dogwood.wcoss2.ncep.noaa.gov 2:  MAX/MIN OZONE AT LEVEL          112 IS:   1.2143515E-05  6.9262460E-06
nid003773.dogwood.wcoss2.ncep.noaa.gov 2:  MAX/MIN OZONE AT LEVEL          113 IS:   1.1504162E-05  6.0754828E-06
nid003773.dogwood.wcoss2.ncep.noaa.gov 2:  MAX/MIN OZONE AT LEVEL          114 IS:   1.0193326E-05  5.1197130E-06
nid003773.dogwood.wcoss2.ncep.noaa.gov 2:  MAX/MIN OZONE AT LEVEL          115 IS:   8.5197389E-06  4.0705781E-06
nid003773.dogwood.wcoss2.ncep.noaa.gov 2:  MAX/MIN OZONE AT LEVEL          116 IS:   6.9474336E-06  2.4551991E-06
nid003773.dogwood.wcoss2.ncep.noaa.gov 2:  MAX/MIN OZONE AT LEVEL          117 IS:   5.3376425E-06  1.7961138E-06
nid003773.dogwood.wcoss2.ncep.noaa.gov 2:  MAX/MIN OZONE AT LEVEL          118 IS:   3.9644074E-06  1.5732367E-06
nid003773.dogwood.wcoss2.ncep.noaa.gov 2:  MAX/MIN OZONE AT LEVEL          119 IS:   3.0023511E-06  1.2648525E-06
nid003773.dogwood.wcoss2.ncep.noaa.gov 2:  MAX/MIN OZONE AT LEVEL          120 IS:   2.2508902E-06  9.9628232E-07
nid003773.dogwood.wcoss2.ncep.noaa.gov 2:  MAX/MIN OZONE AT LEVEL          121 IS:   1.7558923E-06  6.0285674E-07
nid003773.dogwood.wcoss2.ncep.noaa.gov 2:  MAX/MIN OZONE AT LEVEL          122 IS:   1.3575191E-06  4.8862421E-07
nid003773.dogwood.wcoss2.ncep.noaa.gov 2:  MAX/MIN OZONE AT LEVEL          123 IS:   1.2444216E-06  1.7815910E-07
nid003773.dogwood.wcoss2.ncep.noaa.gov 2:  MAX/MIN OZONE AT LEVEL          124 IS:   1.1323718E-06 -1.3678800E-09
nid003773.dogwood.wcoss2.ncep.noaa.gov 2:  MAX/MIN OZONE AT LEVEL          125 IS:   9.9616591E-07  6.2864274E-08
nid003773.dogwood.wcoss2.ncep.noaa.gov 2:  MAX/MIN OZONE AT LEVEL          126 IS:   8.7980879E-07  2.5692862E-07
nid003773.dogwood.wcoss2.ncep.noaa.gov 2:  MAX/MIN OZONE AT LEVEL          127 IS:   6.5489439E-07  2.1736196E-07
 
 READ DZDT
nid001641.dogwood.wcoss2.ncep.noaa.gov 1:  MAX/MIN OZONE AT LEVEL            1 IS:   9.6937583E-08  2.5421286E-08
nid001641.dogwood.wcoss2.ncep.noaa.gov 1:  MAX/MIN OZONE AT LEVEL            2 IS:   9.6857548E-08  2.5423105E-08
nid001641.dogwood.wcoss2.ncep.noaa.gov 1:  MAX/MIN OZONE AT LEVEL            3 IS:   9.6708391E-08  2.5424924E-08
nid001641.dogwood.wcoss2.ncep.noaa.gov 1:  MAX/MIN OZONE AT LEVEL            4 IS:   9.6693839E-08  2.5426743E-08
nid001641.dogwood.wcoss2.ncep.noaa.gov 1:  MAX/MIN OZONE AT LEVEL            5 IS:   9.6679287E-08  2.5427653E-08
nid001641.dogwood.wcoss2.ncep.noaa.gov 1:  MAX/MIN OZONE AT LEVEL            6 IS:   9.6642907E-08  2.5429472E-08
nid001641.dogwood.wcoss2.ncep.noaa.gov 1:  MAX/MIN OZONE AT LEVEL            7 IS:   9.6555596E-08  2.5431291E-08
nid001641.dogwood.wcoss2.ncep.noaa.gov 1:  MAX/MIN OZONE AT LEVEL            8 IS:   9.6406438E-08  2.5435838E-08
nid001641.dogwood.wcoss2.ncep.noaa.gov 1:  MAX/MIN OZONE AT LEVEL            9 IS:   9.6184522E-08  2.5443114E-08
nid001641.dogwood.wcoss2.ncep.noaa.gov 1:  MAX/MIN OZONE AT LEVEL           10 IS:   9.5878931E-08  2.5460395E-08
nid001641.dogwood.wcoss2.ncep.noaa.gov 1:  MAX/MIN OZONE AT LEVEL           11 IS:   9.5700670E-08  2.5506779E-08
nid001641.dogwood.wcoss2.ncep.noaa.gov 1:  MAX/MIN OZONE AT LEVEL           12 IS:   9.5773430E-08  2.5605914E-08
nid001641.dogwood.wcoss2.ncep.noaa.gov 1:  MAX/MIN OZONE AT LEVEL           13 IS:   9.5835276E-08  2.5810550E-08
nid001641.dogwood.wcoss2.ncep.noaa.gov 1:  MAX/MIN OZONE AT LEVEL           14 IS:   9.5922587E-08  2.6150701E-08
nid001641.dogwood.wcoss2.ncep.noaa.gov 1:  MAX/MIN OZONE AT LEVEL           15 IS:   9.5995347E-08  2.6668204E-08
nid001641.dogwood.wcoss2.ncep.noaa.gov 1:  MAX/MIN OZONE AT LEVEL           16 IS:   9.6039003E-08  2.6772796E-08
nid001641.dogwood.wcoss2.ncep.noaa.gov 1:  MAX/MIN OZONE AT LEVEL           17 IS:   9.6180884E-08  2.6995622E-08
nid001641.dogwood.wcoss2.ncep.noaa.gov 1:  MAX/MIN OZONE AT LEVEL           18 IS:   9.7377779E-08  2.7660462E-08
nid001641.dogwood.wcoss2.ncep.noaa.gov 1:  MAX/MIN OZONE AT LEVEL           19 IS:   9.8330929E-08  2.8923751E-08
nid001641.dogwood.wcoss2.ncep.noaa.gov 1:  MAX/MIN OZONE AT LEVEL           20 IS:   9.9193130E-08  2.9149305E-08
nid001641.dogwood.wcoss2.ncep.noaa.gov 1:  MAX/MIN OZONE AT LEVEL           21 IS:   1.0058648E-07  2.9493094E-08
nid001641.dogwood.wcoss2.ncep.noaa.gov 1:  MAX/MIN OZONE AT LEVEL           22 IS:   1.0239455E-07  2.9956936E-08
nid001641.dogwood.wcoss2.ncep.noaa.gov 1:  MAX/MIN OZONE AT LEVEL           23 IS:   1.0440635E-07  3.0060619E-08
nid001641.dogwood.wcoss2.ncep.noaa.gov 1:  MAX/MIN OZONE AT LEVEL           24 IS:   1.0624717E-07  3.0137016E-08
nid001641.dogwood.wcoss2.ncep.noaa.gov 1:  MAX/MIN OZONE AT LEVEL           25 IS:   1.0797521E-07  3.0267984E-08
nid001641.dogwood.wcoss2.ncep.noaa.gov 1:  MAX/MIN OZONE AT LEVEL           26 IS:   1.0940494E-07  3.0484443E-08
nid001641.dogwood.wcoss2.ncep.noaa.gov 1:  MAX/MIN OZONE AT LEVEL           27 IS:   1.1191514E-07  3.0900992E-08
nid001641.dogwood.wcoss2.ncep.noaa.gov 1:  MAX/MIN OZONE AT LEVEL           28 IS:   1.1513839E-07  3.2621756E-08
nid001641.dogwood.wcoss2.ncep.noaa.gov 1:  MAX/MIN OZONE AT LEVEL           29 IS:   1.1936208E-07  3.3334800E-08
nid001641.dogwood.wcoss2.ncep.noaa.gov 1:  MAX/MIN OZONE AT LEVEL           30 IS:   1.2361852E-07  3.3352990E-08
nid001641.dogwood.wcoss2.ncep.noaa.gov 1:  MAX/MIN OZONE AT LEVEL           31 IS:   1.2799865E-07  3.3100150E-08
nid001641.dogwood.wcoss2.ncep.noaa.gov 1:  MAX/MIN OZONE AT LEVEL           32 IS:   1.3257522E-07  3.2849130E-08
nid001641.dogwood.wcoss2.ncep.noaa.gov 1:  MAX/MIN OZONE AT LEVEL           33 IS:   1.3738463E-07  3.2658136E-08
nid001641.dogwood.wcoss2.ncep.noaa.gov 1:  MAX/MIN OZONE AT LEVEL           34 IS:   1.4249235E-07  3.2456228E-08
nid001641.dogwood.wcoss2.ncep.noaa.gov 1:  MAX/MIN OZONE AT LEVEL           35 IS:   1.4834222E-07  3.2343451E-08
nid001641.dogwood.wcoss2.ncep.noaa.gov 1:  MAX/MIN OZONE AT LEVEL           36 IS:   1.5523983E-07  3.2328899E-08
nid001641.dogwood.wcoss2.ncep.noaa.gov 1:  MAX/MIN OZONE AT LEVEL           37 IS:   1.6274134E-07  3.2347089E-08
nid001641.dogwood.wcoss2.ncep.noaa.gov 1:  MAX/MIN OZONE AT LEVEL           38 IS:   1.7030106E-07  3.2092430E-08
nid001641.dogwood.wcoss2.ncep.noaa.gov 1:  MAX/MIN OZONE AT LEVEL           39 IS:   1.7719140E-07  3.1943273E-08
nid001641.dogwood.wcoss2.ncep.noaa.gov 1:  MAX/MIN OZONE AT LEVEL           40 IS:   1.8376159E-07  3.1859599E-08
nid001641.dogwood.wcoss2.ncep.noaa.gov 1:  MAX/MIN OZONE AT LEVEL           41 IS:   1.9103754E-07  3.1843228E-08
nid001641.dogwood.wcoss2.ncep.noaa.gov 1:  MAX/MIN OZONE AT LEVEL           42 IS:   1.9670551E-07  3.1915988E-08
nid001641.dogwood.wcoss2.ncep.noaa.gov 1:  MAX/MIN OZONE AT LEVEL           43 IS:   2.0395237E-07  3.2061507E-08
nid001641.dogwood.wcoss2.ncep.noaa.gov 1:  MAX/MIN OZONE AT LEVEL           44 IS:   2.1349842E-07  3.2319804E-08
nid001641.dogwood.wcoss2.ncep.noaa.gov 1:  MAX/MIN OZONE AT LEVEL           45 IS:   2.2285531E-07  3.2612661E-08
nid001641.dogwood.wcoss2.ncep.noaa.gov 1:  MAX/MIN OZONE AT LEVEL           46 IS:   2.3110624E-07  3.2934622E-08
nid001641.dogwood.wcoss2.ncep.noaa.gov 1:  MAX/MIN OZONE AT LEVEL           47 IS:   2.3752364E-07  3.2972821E-08
nid001641.dogwood.wcoss2.ncep.noaa.gov 1:  MAX/MIN OZONE AT LEVEL           48 IS:   2.4317706E-07  3.3056494E-08
nid001641.dogwood.wcoss2.ncep.noaa.gov 1:  MAX/MIN OZONE AT LEVEL           49 IS:   2.4965266E-07  3.3160177E-08
nid001641.dogwood.wcoss2.ncep.noaa.gov 1:  MAX/MIN OZONE AT LEVEL           50 IS:   2.5422196E-07  3.3496690E-08
nid001641.dogwood.wcoss2.ncep.noaa.gov 1:  MAX/MIN OZONE AT LEVEL           51 IS:   2.6040652E-07  3.3660399E-08
nid001641.dogwood.wcoss2.ncep.noaa.gov 1:  MAX/MIN OZONE AT LEVEL           52 IS:   2.6718772E-07  3.3902325E-08
nid001641.dogwood.wcoss2.ncep.noaa.gov 1:  MAX/MIN OZONE AT LEVEL           53 IS:   2.7233909E-07  3.3987817E-08
nid001641.dogwood.wcoss2.ncep.noaa.gov 1:  MAX/MIN OZONE AT LEVEL           54 IS:   2.8552313E-07  3.4082404E-08
nid001641.dogwood.wcoss2.ncep.noaa.gov 1:  MAX/MIN OZONE AT LEVEL           55 IS:   3.0058436E-07  3.5182893E-08
nid001641.dogwood.wcoss2.ncep.noaa.gov 1:  MAX/MIN OZONE AT LEVEL           56 IS:   3.1439413E-07  3.6239726E-08
nid001641.dogwood.wcoss2.ncep.noaa.gov 1:  MAX/MIN OZONE AT LEVEL           57 IS:   3.2932439E-07  3.5648554E-08
nid001641.dogwood.wcoss2.ncep.noaa.gov 1:  MAX/MIN OZONE AT LEVEL           58 IS:   3.5508128E-07  3.5824996E-08
nid001641.dogwood.wcoss2.ncep.noaa.gov 1:  MAX/MIN OZONE AT LEVEL           59 IS:   3.8268627E-07  3.5079211E-08
nid001641.dogwood.wcoss2.ncep.noaa.gov 1:  MAX/MIN OZONE AT LEVEL           60 IS:   4.1286694E-07  3.7080099E-08
nid001641.dogwood.wcoss2.ncep.noaa.gov 1:  MAX/MIN OZONE AT LEVEL           61 IS:   4.2909232E-07  3.5784979E-08
nid001641.dogwood.wcoss2.ncep.noaa.gov 1:  MAX/MIN OZONE AT LEVEL           62 IS:   4.5595516E-07  3.3360266E-08
nid001641.dogwood.wcoss2.ncep.noaa.gov 1:  MAX/MIN OZONE AT LEVEL           63 IS:   4.9150549E-07  3.1772288E-08
nid001641.dogwood.wcoss2.ncep.noaa.gov 1:  MAX/MIN OZONE AT LEVEL           64 IS:   5.1836832E-07  3.3707693E-08
nid001641.dogwood.wcoss2.ncep.noaa.gov 1:  MAX/MIN OZONE AT LEVEL           65 IS:   5.2727410E-07  2.6436282E-08
nid001641.dogwood.wcoss2.ncep.noaa.gov 1:  MAX/MIN OZONE AT LEVEL           66 IS:   5.2322866E-07  2.1270353E-08
nid001641.dogwood.wcoss2.ncep.noaa.gov 1:  MAX/MIN OZONE AT LEVEL           67 IS:   5.9170998E-07  1.8933861E-08
nid001641.dogwood.wcoss2.ncep.noaa.gov 1:  MAX/MIN OZONE AT LEVEL           68 IS:   6.8417285E-07  1.9618710E-08
nid001641.dogwood.wcoss2.ncep.noaa.gov 1:  MAX/MIN OZONE AT LEVEL           69 IS:   7.8158337E-07  2.1984306E-08
nid001641.dogwood.wcoss2.ncep.noaa.gov 1:  MAX/MIN OZONE AT LEVEL           70 IS:   8.3871419E-07  2.4509973E-08
nid001641.dogwood.wcoss2.ncep.noaa.gov 1:  MAX/MIN OZONE AT LEVEL           71 IS:   9.1359834E-07  3.0018782E-08
nid001641.dogwood.wcoss2.ncep.noaa.gov 1:  MAX/MIN OZONE AT LEVEL           72 IS:   9.9313911E-07  2.7745955E-08
nid001641.dogwood.wcoss2.ncep.noaa.gov 1:  MAX/MIN OZONE AT LEVEL           73 IS:   1.1167722E-06  2.4565452E-08
nid001641.dogwood.wcoss2.ncep.noaa.gov 1:  MAX/MIN OZONE AT LEVEL           74 IS:   1.2496603E-06  1.8950232E-08
nid001641.dogwood.wcoss2.ncep.noaa.gov 1:  MAX/MIN OZONE AT LEVEL           75 IS:   1.4076359E-06  5.1509232E-09
nid001641.dogwood.wcoss2.ncep.noaa.gov 1:  MAX/MIN OZONE AT LEVEL           76 IS:   1.7097336E-06  3.7576342E-10
nid001641.dogwood.wcoss2.ncep.noaa.gov 1:  MAX/MIN OZONE AT LEVEL           77 IS:   1.8149149E-06  1.0984635E-10
nid001641.dogwood.wcoss2.ncep.noaa.gov 1:  MAX/MIN OZONE AT LEVEL           78 IS:   1.9209692E-06  6.5394801E-11
nid001641.dogwood.wcoss2.ncep.noaa.gov 1:  MAX/MIN OZONE AT LEVEL           79 IS:   2.3287721E-06  5.7518434E-11
nid001641.dogwood.wcoss2.ncep.noaa.gov 1:  MAX/MIN OZONE AT LEVEL           80 IS:   2.7166680E-06  5.0144777E-11
nid001641.dogwood.wcoss2.ncep.noaa.gov 1:  MAX/MIN OZONE AT LEVEL           81 IS:   2.9553194E-06  7.9165119E-11
nid001641.dogwood.wcoss2.ncep.noaa.gov 1:  MAX/MIN OZONE AT LEVEL           82 IS:   3.3719698E-06  1.0415135E-10
nid001641.dogwood.wcoss2.ncep.noaa.gov 1:  MAX/MIN OZONE AT LEVEL           83 IS:   3.6996789E-06  8.9567465E-11
nid001641.dogwood.wcoss2.ncep.noaa.gov 1:  MAX/MIN OZONE AT LEVEL           84 IS:   3.9145816E-06  3.0047431E-10
nid001641.dogwood.wcoss2.ncep.noaa.gov 1:  MAX/MIN OZONE AT LEVEL           85 IS:   4.0135346E-06  2.7404212E-09
nid001641.dogwood.wcoss2.ncep.noaa.gov 1:  MAX/MIN OZONE AT LEVEL           86 IS:   4.2147003E-06  8.6587534E-08
nid001641.dogwood.wcoss2.ncep.noaa.gov 1:  MAX/MIN OZONE AT LEVEL           87 IS:   4.4538174E-06  1.6511331E-07
nid001641.dogwood.wcoss2.ncep.noaa.gov 1:  MAX/MIN OZONE AT LEVEL           88 IS:   4.7583599E-06  2.6766793E-07
nid001641.dogwood.wcoss2.ncep.noaa.gov 1:  MAX/MIN OZONE AT LEVEL           89 IS:   4.9835071E-06  4.9240771E-07
nid001641.dogwood.wcoss2.ncep.noaa.gov 1:  MAX/MIN OZONE AT LEVEL           90 IS:   5.2859541E-06  6.5405038E-07
nid001641.dogwood.wcoss2.ncep.noaa.gov 1:  MAX/MIN OZONE AT LEVEL           91 IS:   5.5711716E-06  1.0868534E-06
nid001641.dogwood.wcoss2.ncep.noaa.gov 1:  MAX/MIN OZONE AT LEVEL           92 IS:   6.0761813E-06  1.3477402E-06
nid001641.dogwood.wcoss2.ncep.noaa.gov 1:  MAX/MIN OZONE AT LEVEL           93 IS:   6.7194924E-06  1.6054255E-06
nid001641.dogwood.wcoss2.ncep.noaa.gov 1:  MAX/MIN OZONE AT LEVEL           94 IS:   7.3243864E-06  2.0891894E-06
nid001641.dogwood.wcoss2.ncep.noaa.gov 1:  MAX/MIN OZONE AT LEVEL           95 IS:   8.2752667E-06  2.4876790E-06
nid001641.dogwood.wcoss2.ncep.noaa.gov 1:  MAX/MIN OZONE AT LEVEL           96 IS:   9.2480332E-06  3.0389056E-06
nid001641.dogwood.wcoss2.ncep.noaa.gov 1:  MAX/MIN OZONE AT LEVEL           97 IS:   9.9483877E-06  3.8901344E-06
nid001641.dogwood.wcoss2.ncep.noaa.gov 1:  MAX/MIN OZONE AT LEVEL           98 IS:   1.0617077E-05  4.7141220E-06
nid001641.dogwood.wcoss2.ncep.noaa.gov 1:  MAX/MIN OZONE AT LEVEL           99 IS:   1.1013821E-05  4.9236696E-06
nid001641.dogwood.wcoss2.ncep.noaa.gov 1:  MAX/MIN OZONE AT LEVEL          100 IS:   1.1982396E-05  4.9662776E-06
nid001641.dogwood.wcoss2.ncep.noaa.gov 1:  MAX/MIN OZONE AT LEVEL          101 IS:   1.2667850E-05  5.0582457E-06
nid001641.dogwood.wcoss2.ncep.noaa.gov 1:  MAX/MIN OZONE AT LEVEL          102 IS:   1.3676472E-05  5.2831601E-06
nid001641.dogwood.wcoss2.ncep.noaa.gov 1:  MAX/MIN OZONE AT LEVEL          103 IS:   1.4675781E-05  5.6049321E-06
nid001641.dogwood.wcoss2.ncep.noaa.gov 1:  MAX/MIN OZONE AT LEVEL          104 IS:   1.5772879E-05  6.0186721E-06
nid001641.dogwood.wcoss2.ncep.noaa.gov 1:  MAX/MIN OZONE AT LEVEL          105 IS:   1.7005019E-05  6.6340435E-06
nid001641.dogwood.wcoss2.ncep.noaa.gov 1:  MAX/MIN OZONE AT LEVEL          106 IS:   1.7611310E-05  7.0752576E-06
nid001641.dogwood.wcoss2.ncep.noaa.gov 1:  MAX/MIN OZONE AT LEVEL          107 IS:   1.7464161E-05  7.1644317E-06
nid001641.dogwood.wcoss2.ncep.noaa.gov 1:  MAX/MIN OZONE AT LEVEL          108 IS:   1.6794540E-05  6.9802627E-06
nid001641.dogwood.wcoss2.ncep.noaa.gov 1:  MAX/MIN OZONE AT LEVEL          109 IS:   1.4934223E-05  7.1311370E-06
nid001641.dogwood.wcoss2.ncep.noaa.gov 1:  MAX/MIN OZONE AT LEVEL          110 IS:   1.3475772E-05  7.3316041E-06
nid001641.dogwood.wcoss2.ncep.noaa.gov 1:  MAX/MIN OZONE AT LEVEL          111 IS:   1.2980308E-05  7.4466225E-06
nid001641.dogwood.wcoss2.ncep.noaa.gov 1:  MAX/MIN OZONE AT LEVEL          112 IS:   1.2240373E-05  6.9201924E-06
nid001641.dogwood.wcoss2.ncep.noaa.gov 1:  MAX/MIN OZONE AT LEVEL          113 IS:   1.1623837E-05  6.0615130E-06
nid001641.dogwood.wcoss2.ncep.noaa.gov 1:  MAX/MIN OZONE AT LEVEL          114 IS:   1.0338146E-05  5.1159877E-06
nid001641.dogwood.wcoss2.ncep.noaa.gov 1:  MAX/MIN OZONE AT LEVEL          115 IS:   8.4792264E-06  3.9555598E-06
nid001641.dogwood.wcoss2.ncep.noaa.gov 1:  MAX/MIN OZONE AT LEVEL          116 IS:   6.9383532E-06  2.4794135E-06
nid001641.dogwood.wcoss2.ncep.noaa.gov 1:  MAX/MIN OZONE AT LEVEL          117 IS:   5.3488184E-06  1.8660794E-06
nid001641.dogwood.wcoss2.ncep.noaa.gov 1:  MAX/MIN OZONE AT LEVEL          118 IS:   3.8314611E-06  1.5856349E-06
nid001641.dogwood.wcoss2.ncep.noaa.gov 1:  MAX/MIN OZONE AT LEVEL          119 IS:   2.8185314E-06  1.3037352E-06
nid001641.dogwood.wcoss2.ncep.noaa.gov 1:  MAX/MIN OZONE AT LEVEL          120 IS:   2.2222521E-06  9.7777229E-07
nid001641.dogwood.wcoss2.ncep.noaa.gov 1:  MAX/MIN OZONE AT LEVEL          121 IS:   1.8665451E-06  6.4435881E-07
nid001641.dogwood.wcoss2.ncep.noaa.gov 1:  MAX/MIN OZONE AT LEVEL          122 IS:   1.3951212E-06  5.0480594E-07
nid001641.dogwood.wcoss2.ncep.noaa.gov 1:  MAX/MIN OZONE AT LEVEL          123 IS:   1.2544333E-06  2.3043685E-07
nid001641.dogwood.wcoss2.ncep.noaa.gov 1:  MAX/MIN OZONE AT LEVEL          124 IS:   1.1779484E-06  3.0513547E-08
nid001641.dogwood.wcoss2.ncep.noaa.gov 1:  MAX/MIN OZONE AT LEVEL          125 IS:   1.0442454E-06  1.2479722E-07
nid001641.dogwood.wcoss2.ncep.noaa.gov 1:  MAX/MIN OZONE AT LEVEL          126 IS:   9.0207323E-07  2.5729241E-07
nid001641.dogwood.wcoss2.ncep.noaa.gov 1:  MAX/MIN OZONE AT LEVEL          127 IS:   6.5058703E-07  2.1742017E-07
 
 READ DZDT
nid001162.dogwood.wcoss2.ncep.noaa.gov 0:  MAX/MIN OZONE AT LEVEL            1 IS:   9.9065801E-08  2.5393092E-08
nid001162.dogwood.wcoss2.ncep.noaa.gov 0:  MAX/MIN OZONE AT LEVEL            2 IS:   9.9003955E-08  2.5399459E-08
nid001162.dogwood.wcoss2.ncep.noaa.gov 0:  MAX/MIN OZONE AT LEVEL            3 IS:   9.8880264E-08  2.5407644E-08
nid001162.dogwood.wcoss2.ncep.noaa.gov 0:  MAX/MIN OZONE AT LEVEL            4 IS:   9.8665623E-08  2.5424924E-08
nid001162.dogwood.wcoss2.ncep.noaa.gov 0:  MAX/MIN OZONE AT LEVEL            5 IS:   9.8338205E-08  2.5450390E-08
nid001162.dogwood.wcoss2.ncep.noaa.gov 0:  MAX/MIN OZONE AT LEVEL            6 IS:   9.8021701E-08  2.5468580E-08
nid001162.dogwood.wcoss2.ncep.noaa.gov 0:  MAX/MIN OZONE AT LEVEL            7 IS:   9.8752935E-08  2.5494046E-08
nid001162.dogwood.wcoss2.ncep.noaa.gov 0:  MAX/MIN OZONE AT LEVEL            8 IS:   9.9316821E-08  2.5538611E-08
nid001162.dogwood.wcoss2.ncep.noaa.gov 0:  MAX/MIN OZONE AT LEVEL            9 IS:   9.9604222E-08  2.5600457E-08
nid001162.dogwood.wcoss2.ncep.noaa.gov 0:  MAX/MIN OZONE AT LEVEL           10 IS:   9.9586032E-08  2.5654117E-08
nid001162.dogwood.wcoss2.ncep.noaa.gov 0:  MAX/MIN OZONE AT LEVEL           11 IS:   9.9462341E-08  2.5730515E-08
nid001162.dogwood.wcoss2.ncep.noaa.gov 0:  MAX/MIN OZONE AT LEVEL           12 IS:   9.9124009E-08  2.5917871E-08
nid001162.dogwood.wcoss2.ncep.noaa.gov 0:  MAX/MIN OZONE AT LEVEL           13 IS:   9.8592864E-08  2.6097950E-08
nid001162.dogwood.wcoss2.ncep.noaa.gov 0:  MAX/MIN OZONE AT LEVEL           14 IS:   9.8338205E-08  2.6257112E-08
nid001162.dogwood.wcoss2.ncep.noaa.gov 0:  MAX/MIN OZONE AT LEVEL           15 IS:   9.8028977E-08  2.6528141E-08
nid001162.dogwood.wcoss2.ncep.noaa.gov 0:  MAX/MIN OZONE AT LEVEL           16 IS:   9.8218152E-08  2.6744601E-08
nid001162.dogwood.wcoss2.ncep.noaa.gov 0:  MAX/MIN OZONE AT LEVEL           17 IS:   9.9767931E-08  2.7815076E-08
nid001162.dogwood.wcoss2.ncep.noaa.gov 0:  MAX/MIN OZONE AT LEVEL           18 IS:   1.0100848E-07  2.8114300E-08
nid001162.dogwood.wcoss2.ncep.noaa.gov 0:  MAX/MIN OZONE AT LEVEL           19 IS:   1.0197618E-07  2.8351678E-08
nid001162.dogwood.wcoss2.ncep.noaa.gov 0:  MAX/MIN OZONE AT LEVEL           20 IS:   1.0269650E-07  2.9113835E-08
nid001162.dogwood.wcoss2.ncep.noaa.gov 0:  MAX/MIN OZONE AT LEVEL           21 IS:   1.0319491E-07  2.9753210E-08
nid001162.dogwood.wcoss2.ncep.noaa.gov 0:  MAX/MIN OZONE AT LEVEL           22 IS:   1.0459553E-07  2.9836883E-08
nid001162.dogwood.wcoss2.ncep.noaa.gov 0:  MAX/MIN OZONE AT LEVEL           23 IS:   1.0811345E-07  2.9969669E-08
nid001162.dogwood.wcoss2.ncep.noaa.gov 0:  MAX/MIN OZONE AT LEVEL           24 IS:   1.1204611E-07  3.0602678E-08
nid001162.dogwood.wcoss2.ncep.noaa.gov 0:  MAX/MIN OZONE AT LEVEL           25 IS:   1.1593511E-07  3.1734089E-08
nid001162.dogwood.wcoss2.ncep.noaa.gov 0:  MAX/MIN OZONE AT LEVEL           26 IS:   1.1971133E-07  3.2792741E-08
nid001162.dogwood.wcoss2.ncep.noaa.gov 0:  MAX/MIN OZONE AT LEVEL           27 IS:   1.2346572E-07  3.3289325E-08
nid001162.dogwood.wcoss2.ncep.noaa.gov 0:  MAX/MIN OZONE AT LEVEL           28 IS:   1.2716919E-07  3.3156539E-08
nid001162.dogwood.wcoss2.ncep.noaa.gov 0:  MAX/MIN OZONE AT LEVEL           29 IS:   1.3072713E-07  3.3001925E-08
nid001162.dogwood.wcoss2.ncep.noaa.gov 0:  MAX/MIN OZONE AT LEVEL           30 IS:   1.3396493E-07  3.2920070E-08
nid001162.dogwood.wcoss2.ncep.noaa.gov 0:  MAX/MIN OZONE AT LEVEL           31 IS:   1.3665704E-07  3.2814569E-08
nid001162.dogwood.wcoss2.ncep.noaa.gov 0:  MAX/MIN OZONE AT LEVEL           32 IS:   1.4229590E-07  3.2581738E-08
nid001162.dogwood.wcoss2.ncep.noaa.gov 0:  MAX/MIN OZONE AT LEVEL           33 IS:   1.4832040E-07  3.2408934E-08
nid001162.dogwood.wcoss2.ncep.noaa.gov 0:  MAX/MIN OZONE AT LEVEL           34 IS:   1.5083788E-07  3.2217940E-08
nid001162.dogwood.wcoss2.ncep.noaa.gov 0:  MAX/MIN OZONE AT LEVEL           35 IS:   1.5409023E-07  3.2105163E-08
nid001162.dogwood.wcoss2.ncep.noaa.gov 0:  MAX/MIN OZONE AT LEVEL           36 IS:   1.6044214E-07  3.2096068E-08
nid001162.dogwood.wcoss2.ncep.noaa.gov 0:  MAX/MIN OZONE AT LEVEL           37 IS:   1.6776903E-07  3.2156095E-08
nid001162.dogwood.wcoss2.ncep.noaa.gov 0:  MAX/MIN OZONE AT LEVEL           38 IS:   1.7556886E-07  3.1786840E-08
nid001162.dogwood.wcoss2.ncep.noaa.gov 0:  MAX/MIN OZONE AT LEVEL           39 IS:   1.8355786E-07  3.1661330E-08
nid001162.dogwood.wcoss2.ncep.noaa.gov 0:  MAX/MIN OZONE AT LEVEL           40 IS:   1.9060826E-07  3.1701347E-08
nid001162.dogwood.wcoss2.ncep.noaa.gov 0:  MAX/MIN OZONE AT LEVEL           41 IS:   1.9687286E-07  3.1814125E-08
nid001162.dogwood.wcoss2.ncep.noaa.gov 0:  MAX/MIN OZONE AT LEVEL           42 IS:   2.0124571E-07  3.1794116E-08
nid001162.dogwood.wcoss2.ncep.noaa.gov 0:  MAX/MIN OZONE AT LEVEL           43 IS:   2.0558218E-07  3.1894160E-08
nid001162.dogwood.wcoss2.ncep.noaa.gov 0:  MAX/MIN OZONE AT LEVEL           44 IS:   2.0999141E-07  3.2057869E-08
nid001162.dogwood.wcoss2.ncep.noaa.gov 0:  MAX/MIN OZONE AT LEVEL           45 IS:   2.1680898E-07  3.2147000E-08
nid001162.dogwood.wcoss2.ncep.noaa.gov 0:  MAX/MIN OZONE AT LEVEL           46 IS:   2.2489985E-07  3.2365278E-08
nid001162.dogwood.wcoss2.ncep.noaa.gov 0:  MAX/MIN OZONE AT LEVEL           47 IS:   2.3038592E-07  3.2672688E-08
nid001162.dogwood.wcoss2.ncep.noaa.gov 0:  MAX/MIN OZONE AT LEVEL           48 IS:   2.3507164E-07  3.2810931E-08
nid001162.dogwood.wcoss2.ncep.noaa.gov 0:  MAX/MIN OZONE AT LEVEL           49 IS:   2.4084875E-07  3.3072865E-08
nid001162.dogwood.wcoss2.ncep.noaa.gov 0:  MAX/MIN OZONE AT LEVEL           50 IS:   2.4550536E-07  3.3018296E-08
nid001162.dogwood.wcoss2.ncep.noaa.gov 0:  MAX/MIN OZONE AT LEVEL           51 IS:   2.5398913E-07  3.2014214E-08
nid001162.dogwood.wcoss2.ncep.noaa.gov 0:  MAX/MIN OZONE AT LEVEL           52 IS:   2.6388443E-07  3.2083335E-08
nid001162.dogwood.wcoss2.ncep.noaa.gov 0:  MAX/MIN OZONE AT LEVEL           53 IS:   2.7245551E-07  3.2199750E-08
nid001162.dogwood.wcoss2.ncep.noaa.gov 0:  MAX/MIN OZONE AT LEVEL           54 IS:   2.8443174E-07  3.3203833E-08
nid001162.dogwood.wcoss2.ncep.noaa.gov 0:  MAX/MIN OZONE AT LEVEL           55 IS:   3.0474621E-07  3.4468030E-08
nid001162.dogwood.wcoss2.ncep.noaa.gov 0:  MAX/MIN OZONE AT LEVEL           56 IS:   3.2231037E-07  3.5481207E-08
nid001162.dogwood.wcoss2.ncep.noaa.gov 0:  MAX/MIN OZONE AT LEVEL           57 IS:   3.5788980E-07  3.5346602E-08
nid001162.dogwood.wcoss2.ncep.noaa.gov 0:  MAX/MIN OZONE AT LEVEL           58 IS:   3.9394945E-07  3.5532139E-08
nid001162.dogwood.wcoss2.ncep.noaa.gov 0:  MAX/MIN OZONE AT LEVEL           59 IS:   4.1784369E-07  3.7041900E-08
nid001162.dogwood.wcoss2.ncep.noaa.gov 0:  MAX/MIN OZONE AT LEVEL           60 IS:   4.3031469E-07  3.2277967E-08
nid001162.dogwood.wcoss2.ncep.noaa.gov 0:  MAX/MIN OZONE AT LEVEL           61 IS:   4.5758497E-07  3.2037860E-08
nid001162.dogwood.wcoss2.ncep.noaa.gov 0:  MAX/MIN OZONE AT LEVEL           62 IS:   4.8251241E-07  2.9186594E-08
nid001162.dogwood.wcoss2.ncep.noaa.gov 0:  MAX/MIN OZONE AT LEVEL           63 IS:   5.0515519E-07  3.2026946E-08
nid001162.dogwood.wcoss2.ncep.noaa.gov 0:  MAX/MIN OZONE AT LEVEL           64 IS:   5.2418909E-07  3.3251126E-08
nid001162.dogwood.wcoss2.ncep.noaa.gov 0:  MAX/MIN OZONE AT LEVEL           65 IS:   5.3175609E-07  2.3565917E-08
nid001162.dogwood.wcoss2.ncep.noaa.gov 0:  MAX/MIN OZONE AT LEVEL           66 IS:   5.7532452E-07  1.9107574E-08
nid001162.dogwood.wcoss2.ncep.noaa.gov 0:  MAX/MIN OZONE AT LEVEL           67 IS:   6.2590698E-07  1.8892933E-08
nid001162.dogwood.wcoss2.ncep.noaa.gov 0:  MAX/MIN OZONE AT LEVEL           68 IS:   7.1071554E-07  1.9246727E-08
nid001162.dogwood.wcoss2.ncep.noaa.gov 0:  MAX/MIN OZONE AT LEVEL           69 IS:   7.8641460E-07  2.3745088E-08
nid001162.dogwood.wcoss2.ncep.noaa.gov 0:  MAX/MIN OZONE AT LEVEL           70 IS:   8.6231739E-07  2.3779648E-08
nid001162.dogwood.wcoss2.ncep.noaa.gov 0:  MAX/MIN OZONE AT LEVEL           71 IS:   9.0984395E-07  3.3158358E-08
nid001162.dogwood.wcoss2.ncep.noaa.gov 0:  MAX/MIN OZONE AT LEVEL           72 IS:   9.6735312E-07  2.6868292E-08
nid001162.dogwood.wcoss2.ncep.noaa.gov 0:  MAX/MIN OZONE AT LEVEL           73 IS:   1.0768999E-06  2.2891072E-08
nid001162.dogwood.wcoss2.ncep.noaa.gov 0:  MAX/MIN OZONE AT LEVEL           74 IS:   1.2068776E-06  1.8347237E-08
nid001162.dogwood.wcoss2.ncep.noaa.gov 0:  MAX/MIN OZONE AT LEVEL           75 IS:   1.4462858E-06  5.9831109E-09
nid001162.dogwood.wcoss2.ncep.noaa.gov 0:  MAX/MIN OZONE AT LEVEL           76 IS:   1.7184648E-06  2.6868507E-12
nid001162.dogwood.wcoss2.ncep.noaa.gov 0:  MAX/MIN OZONE AT LEVEL           77 IS:   1.8196297E-06  2.1169733E-12
nid001162.dogwood.wcoss2.ncep.noaa.gov 0:  MAX/MIN OZONE AT LEVEL           78 IS:   1.9427389E-06  2.1662672E-12
nid001162.dogwood.wcoss2.ncep.noaa.gov 0:  MAX/MIN OZONE AT LEVEL           79 IS:   2.2957101E-06  2.2455371E-12
nid001162.dogwood.wcoss2.ncep.noaa.gov 0:  MAX/MIN OZONE AT LEVEL           80 IS:   2.6787166E-06  2.5570657E-12
nid001162.dogwood.wcoss2.ncep.noaa.gov 0:  MAX/MIN OZONE AT LEVEL           81 IS:   2.9160874E-06  2.9680702E-12
nid001162.dogwood.wcoss2.ncep.noaa.gov 0:  MAX/MIN OZONE AT LEVEL           82 IS:   3.3631222E-06  3.2431835E-12
nid001162.dogwood.wcoss2.ncep.noaa.gov 0:  MAX/MIN OZONE AT LEVEL           83 IS:   3.7170248E-06  3.6470826E-12
nid001162.dogwood.wcoss2.ncep.noaa.gov 0:  MAX/MIN OZONE AT LEVEL           84 IS:   3.9399602E-06  5.0877080E-12
nid001162.dogwood.wcoss2.ncep.noaa.gov 0:  MAX/MIN OZONE AT LEVEL           85 IS:   4.0617306E-06  9.5359276E-12
nid001162.dogwood.wcoss2.ncep.noaa.gov 0:  MAX/MIN OZONE AT LEVEL           86 IS:   4.2738393E-06  7.5218850E-08
nid001162.dogwood.wcoss2.ncep.noaa.gov 0:  MAX/MIN OZONE AT LEVEL           87 IS:   4.4549815E-06  1.6768172E-07
nid001162.dogwood.wcoss2.ncep.noaa.gov 0:  MAX/MIN OZONE AT LEVEL           88 IS:   4.7537033E-06  2.6164344E-07
nid001162.dogwood.wcoss2.ncep.noaa.gov 0:  MAX/MIN OZONE AT LEVEL           89 IS:   5.0042290E-06  4.4493936E-07
nid001162.dogwood.wcoss2.ncep.noaa.gov 0:  MAX/MIN OZONE AT LEVEL           90 IS:   5.2875839E-06  6.8361987E-07
nid001162.dogwood.wcoss2.ncep.noaa.gov 0:  MAX/MIN OZONE AT LEVEL           91 IS:   5.6712888E-06  1.0759104E-06
nid001162.dogwood.wcoss2.ncep.noaa.gov 0:  MAX/MIN OZONE AT LEVEL           92 IS:   6.0927123E-06  1.3464014E-06
nid001162.dogwood.wcoss2.ncep.noaa.gov 0:  MAX/MIN OZONE AT LEVEL           93 IS:   6.7621004E-06  1.6082195E-06
nid001162.dogwood.wcoss2.ncep.noaa.gov 0:  MAX/MIN OZONE AT LEVEL           94 IS:   7.3416159E-06  2.0659063E-06
nid001162.dogwood.wcoss2.ncep.noaa.gov 0:  MAX/MIN OZONE AT LEVEL           95 IS:   8.1146136E-06  2.4925685E-06
nid001162.dogwood.wcoss2.ncep.noaa.gov 0:  MAX/MIN OZONE AT LEVEL           96 IS:   9.1562979E-06  3.0200463E-06
nid001162.dogwood.wcoss2.ncep.noaa.gov 0:  MAX/MIN OZONE AT LEVEL           97 IS:   9.9879690E-06  3.8279686E-06
nid001162.dogwood.wcoss2.ncep.noaa.gov 0:  MAX/MIN OZONE AT LEVEL           98 IS:   1.0537449E-05  4.7506765E-06
nid001162.dogwood.wcoss2.ncep.noaa.gov 0:  MAX/MIN OZONE AT LEVEL           99 IS:   1.1202414E-05  4.9343798E-06
nid001162.dogwood.wcoss2.ncep.noaa.gov 0:  MAX/MIN OZONE AT LEVEL          100 IS:   1.2078322E-05  4.9474183E-06
nid001162.dogwood.wcoss2.ncep.noaa.gov 0:  MAX/MIN OZONE AT LEVEL          101 IS:   1.2730714E-05  5.0733797E-06
nid001162.dogwood.wcoss2.ncep.noaa.gov 0:  MAX/MIN OZONE AT LEVEL          102 IS:   1.3782643E-05  5.2917749E-06
nid001162.dogwood.wcoss2.ncep.noaa.gov 0:  MAX/MIN OZONE AT LEVEL          103 IS:   1.4948193E-05  5.5888668E-06
nid001162.dogwood.wcoss2.ncep.noaa.gov 0:  MAX/MIN OZONE AT LEVEL          104 IS:   1.5945174E-05  6.0552265E-06
nid001162.dogwood.wcoss2.ncep.noaa.gov 0:  MAX/MIN OZONE AT LEVEL          105 IS:   1.7110258E-05  6.6119246E-06
nid001162.dogwood.wcoss2.ncep.noaa.gov 0:  MAX/MIN OZONE AT LEVEL          106 IS:   1.7673708E-05  7.0694368E-06
nid001162.dogwood.wcoss2.ncep.noaa.gov 0:  MAX/MIN OZONE AT LEVEL          107 IS:   1.7479993E-05  7.1318354E-06
nid001162.dogwood.wcoss2.ncep.noaa.gov 0:  MAX/MIN OZONE AT LEVEL          108 IS:   1.6768463E-05  6.9693197E-06
nid001162.dogwood.wcoss2.ncep.noaa.gov 0:  MAX/MIN OZONE AT LEVEL          109 IS:   1.4917459E-05  7.0934184E-06
nid001162.dogwood.wcoss2.ncep.noaa.gov 0:  MAX/MIN OZONE AT LEVEL          110 IS:   1.3518147E-05  7.3798001E-06
nid001162.dogwood.wcoss2.ncep.noaa.gov 0:  MAX/MIN OZONE AT LEVEL          111 IS:   1.2995675E-05  7.3921401E-06
nid001162.dogwood.wcoss2.ncep.noaa.gov 0:  MAX/MIN OZONE AT LEVEL          112 IS:   1.2222212E-05  6.8943482E-06
nid001162.dogwood.wcoss2.ncep.noaa.gov 0:  MAX/MIN OZONE AT LEVEL          113 IS:   1.1764001E-05  6.0137827E-06
nid001162.dogwood.wcoss2.ncep.noaa.gov 0:  MAX/MIN OZONE AT LEVEL          114 IS:   1.0401011E-05  5.1076058E-06
nid001162.dogwood.wcoss2.ncep.noaa.gov 0:  MAX/MIN OZONE AT LEVEL          115 IS:   8.4661879E-06  3.9204024E-06
nid001162.dogwood.wcoss2.ncep.noaa.gov 0:  MAX/MIN OZONE AT LEVEL          116 IS:   6.7579094E-06  2.5547342E-06
nid001162.dogwood.wcoss2.ncep.noaa.gov 0:  MAX/MIN OZONE AT LEVEL          117 IS:   5.1369425E-06  1.8103747E-06
nid001162.dogwood.wcoss2.ncep.noaa.gov 0:  MAX/MIN OZONE AT LEVEL          118 IS:   3.7502032E-06  1.5717815E-06
nid001162.dogwood.wcoss2.ncep.noaa.gov 0:  MAX/MIN OZONE AT LEVEL          119 IS:   2.8432114E-06  1.3163080E-06
nid001162.dogwood.wcoss2.ncep.noaa.gov 0:  MAX/MIN OZONE AT LEVEL          120 IS:   2.1862797E-06  9.1060065E-07
nid001162.dogwood.wcoss2.ncep.noaa.gov 0:  MAX/MIN OZONE AT LEVEL          121 IS:   1.7760904E-06  6.4342748E-07
nid001162.dogwood.wcoss2.ncep.noaa.gov 0:  MAX/MIN OZONE AT LEVEL          122 IS:   1.3757381E-06  4.9732625E-07
nid001162.dogwood.wcoss2.ncep.noaa.gov 0:  MAX/MIN OZONE AT LEVEL          123 IS:   1.2199162E-06  2.6222551E-07
nid001162.dogwood.wcoss2.ncep.noaa.gov 0:  MAX/MIN OZONE AT LEVEL          124 IS:   1.1382508E-06  1.0286749E-07
nid001162.dogwood.wcoss2.ncep.noaa.gov 0:  MAX/MIN OZONE AT LEVEL          125 IS:   9.9581666E-07  2.4154360E-08
nid001162.dogwood.wcoss2.ncep.noaa.gov 0:  MAX/MIN OZONE AT LEVEL          126 IS:   8.9721289E-07  2.5835470E-07
nid001162.dogwood.wcoss2.ncep.noaa.gov 0:  MAX/MIN OZONE AT LEVEL          127 IS:   6.5568020E-07  2.1718006E-07
 
 READ DZDT
nid003773.dogwood.wcoss2.ncep.noaa.gov 2:  MAX/MIN DZDT AT LEVEL            1 IS:   0.6340637      -1.757324    
nid003773.dogwood.wcoss2.ncep.noaa.gov 2:  MAX/MIN DZDT AT LEVEL            2 IS:   0.7982483      -2.310303    
nid003773.dogwood.wcoss2.ncep.noaa.gov 2:  MAX/MIN DZDT AT LEVEL            3 IS:   0.8948059      -2.755737    
nid003773.dogwood.wcoss2.ncep.noaa.gov 2:  MAX/MIN DZDT AT LEVEL            4 IS:   0.9291077      -3.001709    
nid003773.dogwood.wcoss2.ncep.noaa.gov 2:  MAX/MIN DZDT AT LEVEL            5 IS:   0.9773254      -3.237305    
nid003773.dogwood.wcoss2.ncep.noaa.gov 2:  MAX/MIN DZDT AT LEVEL            6 IS:   0.9976807      -3.393433    
nid003773.dogwood.wcoss2.ncep.noaa.gov 2:  MAX/MIN DZDT AT LEVEL            7 IS:    1.013916      -3.472046    
nid003773.dogwood.wcoss2.ncep.noaa.gov 2:  MAX/MIN DZDT AT LEVEL            8 IS:    1.019592      -3.439453    
nid003773.dogwood.wcoss2.ncep.noaa.gov 2:  MAX/MIN DZDT AT LEVEL            9 IS:    1.020447      -3.336060    
nid003773.dogwood.wcoss2.ncep.noaa.gov 2:  MAX/MIN DZDT AT LEVEL           10 IS:    1.030396      -3.184082    
nid003773.dogwood.wcoss2.ncep.noaa.gov 2:  MAX/MIN DZDT AT LEVEL           11 IS:    1.093811      -3.032837    
nid003773.dogwood.wcoss2.ncep.noaa.gov 2:  MAX/MIN DZDT AT LEVEL           12 IS:    1.145203      -2.897095    
nid003773.dogwood.wcoss2.ncep.noaa.gov 2:  MAX/MIN DZDT AT LEVEL           13 IS:    1.195007      -2.961304    
nid003773.dogwood.wcoss2.ncep.noaa.gov 2:  MAX/MIN DZDT AT LEVEL           14 IS:    1.258545      -2.970337    
nid003773.dogwood.wcoss2.ncep.noaa.gov 2:  MAX/MIN DZDT AT LEVEL           15 IS:    1.280396      -2.930664    
nid003773.dogwood.wcoss2.ncep.noaa.gov 2:  MAX/MIN DZDT AT LEVEL           16 IS:    1.276367      -2.723022    
nid003773.dogwood.wcoss2.ncep.noaa.gov 2:  MAX/MIN DZDT AT LEVEL           17 IS:    1.398804      -2.523193    
nid003773.dogwood.wcoss2.ncep.noaa.gov 2:  MAX/MIN DZDT AT LEVEL           18 IS:    1.541260      -2.372681    
nid003773.dogwood.wcoss2.ncep.noaa.gov 2:  MAX/MIN DZDT AT LEVEL           19 IS:    1.686279      -2.271606    
nid003773.dogwood.wcoss2.ncep.noaa.gov 2:  MAX/MIN DZDT AT LEVEL           20 IS:    1.829712      -2.308960    
nid003773.dogwood.wcoss2.ncep.noaa.gov 2:  MAX/MIN DZDT AT LEVEL           21 IS:    1.972168      -2.410400    
nid003773.dogwood.wcoss2.ncep.noaa.gov 2:  MAX/MIN DZDT AT LEVEL           22 IS:    2.113159      -2.497314    
nid003773.dogwood.wcoss2.ncep.noaa.gov 2:  MAX/MIN DZDT AT LEVEL           23 IS:    2.248901      -2.561523    
nid003773.dogwood.wcoss2.ncep.noaa.gov 2:  MAX/MIN DZDT AT LEVEL           24 IS:    2.379028      -2.627441    
nid003773.dogwood.wcoss2.ncep.noaa.gov 2:  MAX/MIN DZDT AT LEVEL           25 IS:    2.504150      -2.688965    
nid003773.dogwood.wcoss2.ncep.noaa.gov 2:  MAX/MIN DZDT AT LEVEL           26 IS:    2.622314      -2.754761    
nid003773.dogwood.wcoss2.ncep.noaa.gov 2:  MAX/MIN DZDT AT LEVEL           27 IS:    2.731934      -2.823730    
nid003773.dogwood.wcoss2.ncep.noaa.gov 2:  MAX/MIN DZDT AT LEVEL           28 IS:    2.829224      -2.897583    
nid003773.dogwood.wcoss2.ncep.noaa.gov 2:  MAX/MIN DZDT AT LEVEL           29 IS:    2.917236      -2.978760    
nid003773.dogwood.wcoss2.ncep.noaa.gov 2:  MAX/MIN DZDT AT LEVEL           30 IS:    2.993164      -3.052734    
nid003773.dogwood.wcoss2.ncep.noaa.gov 2:  MAX/MIN DZDT AT LEVEL           31 IS:    3.059692      -3.118774    
nid003773.dogwood.wcoss2.ncep.noaa.gov 2:  MAX/MIN DZDT AT LEVEL           32 IS:    3.116089      -3.177612    
nid003773.dogwood.wcoss2.ncep.noaa.gov 2:  MAX/MIN DZDT AT LEVEL           33 IS:    3.166870      -3.230713    
nid003773.dogwood.wcoss2.ncep.noaa.gov 2:  MAX/MIN DZDT AT LEVEL           34 IS:    3.216187      -3.277222    
nid003773.dogwood.wcoss2.ncep.noaa.gov 2:  MAX/MIN DZDT AT LEVEL           35 IS:    3.275879      -3.318115    
nid003773.dogwood.wcoss2.ncep.noaa.gov 2:  MAX/MIN DZDT AT LEVEL           36 IS:    3.463135      -3.356934    
nid003773.dogwood.wcoss2.ncep.noaa.gov 2:  MAX/MIN DZDT AT LEVEL           37 IS:    3.646484      -3.394409    
nid003773.dogwood.wcoss2.ncep.noaa.gov 2:  MAX/MIN DZDT AT LEVEL           38 IS:    3.823975      -3.427124    
nid003773.dogwood.wcoss2.ncep.noaa.gov 2:  MAX/MIN DZDT AT LEVEL           39 IS:    3.992798      -3.450928    
nid003773.dogwood.wcoss2.ncep.noaa.gov 2:  MAX/MIN DZDT AT LEVEL           40 IS:    4.148682      -3.458252    
nid003773.dogwood.wcoss2.ncep.noaa.gov 2:  MAX/MIN DZDT AT LEVEL           41 IS:    4.286621      -3.447998    
nid003773.dogwood.wcoss2.ncep.noaa.gov 2:  MAX/MIN DZDT AT LEVEL           42 IS:    4.404785      -3.417725    
nid003773.dogwood.wcoss2.ncep.noaa.gov 2:  MAX/MIN DZDT AT LEVEL           43 IS:    4.499512      -3.364746    
nid003773.dogwood.wcoss2.ncep.noaa.gov 2:  MAX/MIN DZDT AT LEVEL           44 IS:    4.566162      -3.297119    
nid003773.dogwood.wcoss2.ncep.noaa.gov 2:  MAX/MIN DZDT AT LEVEL           45 IS:    4.686523      -3.210083    
nid003773.dogwood.wcoss2.ncep.noaa.gov 2:  MAX/MIN DZDT AT LEVEL           46 IS:    5.116943      -3.106812    
nid003773.dogwood.wcoss2.ncep.noaa.gov 2:  MAX/MIN DZDT AT LEVEL           47 IS:    5.543701      -2.988281    
nid003773.dogwood.wcoss2.ncep.noaa.gov 2:  MAX/MIN DZDT AT LEVEL           48 IS:    5.986816      -2.853516    
nid003773.dogwood.wcoss2.ncep.noaa.gov 2:  MAX/MIN DZDT AT LEVEL           49 IS:    6.434570      -2.703125    
nid003773.dogwood.wcoss2.ncep.noaa.gov 2:  MAX/MIN DZDT AT LEVEL           50 IS:    6.861572      -2.537109    
nid003773.dogwood.wcoss2.ncep.noaa.gov 2:  MAX/MIN DZDT AT LEVEL           51 IS:    7.289795      -2.484497    
nid003773.dogwood.wcoss2.ncep.noaa.gov 2:  MAX/MIN DZDT AT LEVEL           52 IS:    7.693359      -2.445435    
nid003773.dogwood.wcoss2.ncep.noaa.gov 2:  MAX/MIN DZDT AT LEVEL           53 IS:    8.043457      -2.404663    
nid003773.dogwood.wcoss2.ncep.noaa.gov 2:  MAX/MIN DZDT AT LEVEL           54 IS:    8.327637      -2.339233    
nid003773.dogwood.wcoss2.ncep.noaa.gov 2:  MAX/MIN DZDT AT LEVEL           55 IS:    8.512207      -2.248779    
nid003773.dogwood.wcoss2.ncep.noaa.gov 2:  MAX/MIN DZDT AT LEVEL           56 IS:    8.709961      -2.122437    
nid003773.dogwood.wcoss2.ncep.noaa.gov 2:  MAX/MIN DZDT AT LEVEL           57 IS:    8.920410      -2.059204    
nid003773.dogwood.wcoss2.ncep.noaa.gov 2:  MAX/MIN DZDT AT LEVEL           58 IS:    9.371094      -2.200928    
nid003773.dogwood.wcoss2.ncep.noaa.gov 2:  MAX/MIN DZDT AT LEVEL           59 IS:    9.891602      -2.253662    
nid003773.dogwood.wcoss2.ncep.noaa.gov 2:  MAX/MIN DZDT AT LEVEL           60 IS:    10.40723      -2.170532    
nid003773.dogwood.wcoss2.ncep.noaa.gov 2:  MAX/MIN DZDT AT LEVEL           61 IS:    10.84619      -2.265259    
nid003773.dogwood.wcoss2.ncep.noaa.gov 2:  MAX/MIN DZDT AT LEVEL           62 IS:    11.23340      -2.274292    
nid003773.dogwood.wcoss2.ncep.noaa.gov 2:  MAX/MIN DZDT AT LEVEL           63 IS:    11.51514      -2.230469    
nid003773.dogwood.wcoss2.ncep.noaa.gov 2:  MAX/MIN DZDT AT LEVEL           64 IS:    11.69092      -2.295532    
nid003773.dogwood.wcoss2.ncep.noaa.gov 2:  MAX/MIN DZDT AT LEVEL           65 IS:    11.73682      -2.319946    
nid003773.dogwood.wcoss2.ncep.noaa.gov 2:  MAX/MIN DZDT AT LEVEL           66 IS:    11.74902      -2.463745    
nid003773.dogwood.wcoss2.ncep.noaa.gov 2:  MAX/MIN DZDT AT LEVEL           67 IS:    11.65967      -2.864258    
nid003773.dogwood.wcoss2.ncep.noaa.gov 2:  MAX/MIN DZDT AT LEVEL           68 IS:    11.65137      -3.177246    
nid003773.dogwood.wcoss2.ncep.noaa.gov 2:  MAX/MIN DZDT AT LEVEL           69 IS:    11.98340      -3.324219    
nid003773.dogwood.wcoss2.ncep.noaa.gov 2:  MAX/MIN DZDT AT LEVEL           70 IS:    12.17578      -3.480957    
nid003773.dogwood.wcoss2.ncep.noaa.gov 2:  MAX/MIN DZDT AT LEVEL           71 IS:    12.27539      -3.653198    
nid003773.dogwood.wcoss2.ncep.noaa.gov 2:  MAX/MIN DZDT AT LEVEL           72 IS:    12.21924      -3.754395    
nid003773.dogwood.wcoss2.ncep.noaa.gov 2:  MAX/MIN DZDT AT LEVEL           73 IS:    11.85059      -3.763184    
nid003773.dogwood.wcoss2.ncep.noaa.gov 2:  MAX/MIN DZDT AT LEVEL           74 IS:    11.31982      -3.687500    
nid003773.dogwood.wcoss2.ncep.noaa.gov 2:  MAX/MIN DZDT AT LEVEL           75 IS:    10.51367      -3.489014    
nid003773.dogwood.wcoss2.ncep.noaa.gov 2:  MAX/MIN DZDT AT LEVEL           76 IS:    9.936523      -3.148682    
nid003773.dogwood.wcoss2.ncep.noaa.gov 2:  MAX/MIN DZDT AT LEVEL           77 IS:    9.288086      -2.691772    
nid003773.dogwood.wcoss2.ncep.noaa.gov 2:  MAX/MIN DZDT AT LEVEL           78 IS:    8.433594      -2.339844    
nid003773.dogwood.wcoss2.ncep.noaa.gov 2:  MAX/MIN DZDT AT LEVEL           79 IS:    7.322266      -2.274170    
nid003773.dogwood.wcoss2.ncep.noaa.gov 2:  MAX/MIN DZDT AT LEVEL           80 IS:    5.843262      -2.263428    
nid003773.dogwood.wcoss2.ncep.noaa.gov 2:  MAX/MIN DZDT AT LEVEL           81 IS:    4.802002      -2.218628    
nid003773.dogwood.wcoss2.ncep.noaa.gov 2:  MAX/MIN DZDT AT LEVEL           82 IS:    3.624023      -2.424561    
nid003773.dogwood.wcoss2.ncep.noaa.gov 2:  MAX/MIN DZDT AT LEVEL           83 IS:    2.265503      -2.042725    
nid003773.dogwood.wcoss2.ncep.noaa.gov 2:  MAX/MIN DZDT AT LEVEL           84 IS:    1.570557      -1.858582    
nid003773.dogwood.wcoss2.ncep.noaa.gov 2:  MAX/MIN DZDT AT LEVEL           85 IS:    1.386292      -1.724915    
nid003773.dogwood.wcoss2.ncep.noaa.gov 2:  MAX/MIN DZDT AT LEVEL           86 IS:    1.338928      -1.537109    
nid003773.dogwood.wcoss2.ncep.noaa.gov 2:  MAX/MIN DZDT AT LEVEL           87 IS:    1.186218      -1.430786    
nid003773.dogwood.wcoss2.ncep.noaa.gov 2:  MAX/MIN DZDT AT LEVEL           88 IS:    1.117493      -1.337158    
nid003773.dogwood.wcoss2.ncep.noaa.gov 2:  MAX/MIN DZDT AT LEVEL           89 IS:    1.080383      -1.208740    
nid003773.dogwood.wcoss2.ncep.noaa.gov 2:  MAX/MIN DZDT AT LEVEL           90 IS:   0.8143311      -1.356750    
nid003773.dogwood.wcoss2.ncep.noaa.gov 2:  MAX/MIN DZDT AT LEVEL           91 IS:   0.9052429      -1.475708    
nid003773.dogwood.wcoss2.ncep.noaa.gov 2:  MAX/MIN DZDT AT LEVEL           92 IS:    1.008667      -1.502075    
nid003773.dogwood.wcoss2.ncep.noaa.gov 2:  MAX/MIN DZDT AT LEVEL           93 IS:    1.225159      -1.383179    
nid003773.dogwood.wcoss2.ncep.noaa.gov 2:  MAX/MIN DZDT AT LEVEL           94 IS:    1.091614      -1.201721    
nid003773.dogwood.wcoss2.ncep.noaa.gov 2:  MAX/MIN DZDT AT LEVEL           95 IS:    1.048889      -1.243225    
nid003773.dogwood.wcoss2.ncep.noaa.gov 2:  MAX/MIN DZDT AT LEVEL           96 IS:    1.017334      -1.369019    
nid003773.dogwood.wcoss2.ncep.noaa.gov 2:  MAX/MIN DZDT AT LEVEL           97 IS:    1.165405      -1.690674    
nid003773.dogwood.wcoss2.ncep.noaa.gov 2:  MAX/MIN DZDT AT LEVEL           98 IS:    1.152771      -1.781616    
nid003773.dogwood.wcoss2.ncep.noaa.gov 2:  MAX/MIN DZDT AT LEVEL           99 IS:    1.021240      -1.836487    
nid003773.dogwood.wcoss2.ncep.noaa.gov 2:  MAX/MIN DZDT AT LEVEL          100 IS:    1.130310      -2.021362    
nid003773.dogwood.wcoss2.ncep.noaa.gov 2:  MAX/MIN DZDT AT LEVEL          101 IS:    1.277039      -2.349854    
nid003773.dogwood.wcoss2.ncep.noaa.gov 2:  MAX/MIN DZDT AT LEVEL          102 IS:    1.391785      -2.602905    
nid003773.dogwood.wcoss2.ncep.noaa.gov 2:  MAX/MIN DZDT AT LEVEL          103 IS:    1.557434      -2.640625    
nid003773.dogwood.wcoss2.ncep.noaa.gov 2:  MAX/MIN DZDT AT LEVEL          104 IS:    1.391479      -2.557617    
nid003773.dogwood.wcoss2.ncep.noaa.gov 2:  MAX/MIN DZDT AT LEVEL          105 IS:    1.488281      -2.583130    
nid003773.dogwood.wcoss2.ncep.noaa.gov 2:  MAX/MIN DZDT AT LEVEL          106 IS:    1.515564      -2.604980    
nid003773.dogwood.wcoss2.ncep.noaa.gov 2:  MAX/MIN DZDT AT LEVEL          107 IS:    1.829468      -2.682495    
nid003773.dogwood.wcoss2.ncep.noaa.gov 2:  MAX/MIN DZDT AT LEVEL          108 IS:    1.977356      -2.260376    
nid003773.dogwood.wcoss2.ncep.noaa.gov 2:  MAX/MIN DZDT AT LEVEL          109 IS:    2.409302      -2.895386    
nid003773.dogwood.wcoss2.ncep.noaa.gov 2:  MAX/MIN DZDT AT LEVEL          110 IS:    3.007324      -3.867798    
nid003773.dogwood.wcoss2.ncep.noaa.gov 2:  MAX/MIN DZDT AT LEVEL          111 IS:    3.376343      -4.701416    
nid003773.dogwood.wcoss2.ncep.noaa.gov 2:  MAX/MIN DZDT AT LEVEL          112 IS:    3.737915      -5.569336    
nid003773.dogwood.wcoss2.ncep.noaa.gov 2:  MAX/MIN DZDT AT LEVEL          113 IS:    4.219971      -6.345947    
nid003773.dogwood.wcoss2.ncep.noaa.gov 2:  MAX/MIN DZDT AT LEVEL          114 IS:    4.498291      -6.119629    
nid003773.dogwood.wcoss2.ncep.noaa.gov 2:  MAX/MIN DZDT AT LEVEL          115 IS:    4.678467      -5.299072    
nid003773.dogwood.wcoss2.ncep.noaa.gov 2:  MAX/MIN DZDT AT LEVEL          116 IS:    3.927856      -3.994629    
nid003773.dogwood.wcoss2.ncep.noaa.gov 2:  MAX/MIN DZDT AT LEVEL          117 IS:    1.978394      -1.715820    
nid003773.dogwood.wcoss2.ncep.noaa.gov 2:  MAX/MIN DZDT AT LEVEL          118 IS:    1.073242      -1.119202    
nid003773.dogwood.wcoss2.ncep.noaa.gov 2:  MAX/MIN DZDT AT LEVEL          119 IS:   0.8558655     -0.7547913    
nid003773.dogwood.wcoss2.ncep.noaa.gov 2:  MAX/MIN DZDT AT LEVEL          120 IS:   0.6791382     -0.4547729    
nid003773.dogwood.wcoss2.ncep.noaa.gov 2:  MAX/MIN DZDT AT LEVEL          121 IS:   0.5502930     -0.4128876    
nid003773.dogwood.wcoss2.ncep.noaa.gov 2:  MAX/MIN DZDT AT LEVEL          122 IS:   0.5367737     -0.3059845    
nid003773.dogwood.wcoss2.ncep.noaa.gov 2:  MAX/MIN DZDT AT LEVEL          123 IS:   0.4559784     -0.3087158    
nid003773.dogwood.wcoss2.ncep.noaa.gov 2:  MAX/MIN DZDT AT LEVEL          124 IS:   0.3265381     -0.2424469    
nid003773.dogwood.wcoss2.ncep.noaa.gov 2:  MAX/MIN DZDT AT LEVEL          125 IS:   0.2372589     -0.2194519    
nid003773.dogwood.wcoss2.ncep.noaa.gov 2:  MAX/MIN DZDT AT LEVEL          126 IS:   9.7713470E-02 -0.1740265    
nid003773.dogwood.wcoss2.ncep.noaa.gov 2:  MAX/MIN DZDT AT LEVEL          127 IS:   0.2054901     -0.1825333    
 
 READ RWMR
nid001641.dogwood.wcoss2.ncep.noaa.gov 1:  MAX/MIN DZDT AT LEVEL            1 IS:   0.8601074      -1.824036    
nid001641.dogwood.wcoss2.ncep.noaa.gov 1:  MAX/MIN DZDT AT LEVEL            2 IS:    1.023376      -2.394165    
nid001641.dogwood.wcoss2.ncep.noaa.gov 1:  MAX/MIN DZDT AT LEVEL            3 IS:    1.147522      -2.840088    
nid001641.dogwood.wcoss2.ncep.noaa.gov 1:  MAX/MIN DZDT AT LEVEL            4 IS:    1.181885      -3.087524    
nid001641.dogwood.wcoss2.ncep.noaa.gov 1:  MAX/MIN DZDT AT LEVEL            5 IS:    1.224487      -3.319946    
nid001641.dogwood.wcoss2.ncep.noaa.gov 1:  MAX/MIN DZDT AT LEVEL            6 IS:    1.246704      -3.472046    
nid001641.dogwood.wcoss2.ncep.noaa.gov 1:  MAX/MIN DZDT AT LEVEL            7 IS:    1.262756      -3.558228    
nid001641.dogwood.wcoss2.ncep.noaa.gov 1:  MAX/MIN DZDT AT LEVEL            8 IS:    1.274292      -3.596069    
nid001641.dogwood.wcoss2.ncep.noaa.gov 1:  MAX/MIN DZDT AT LEVEL            9 IS:    1.276184      -3.585571    
nid001641.dogwood.wcoss2.ncep.noaa.gov 1:  MAX/MIN DZDT AT LEVEL           10 IS:    1.264771      -3.482422    
nid001641.dogwood.wcoss2.ncep.noaa.gov 1:  MAX/MIN DZDT AT LEVEL           11 IS:    1.268738      -3.343506    
nid001641.dogwood.wcoss2.ncep.noaa.gov 1:  MAX/MIN DZDT AT LEVEL           12 IS:    1.271667      -3.161255    
nid001641.dogwood.wcoss2.ncep.noaa.gov 1:  MAX/MIN DZDT AT LEVEL           13 IS:    1.259277      -3.010742    
nid001641.dogwood.wcoss2.ncep.noaa.gov 1:  MAX/MIN DZDT AT LEVEL           14 IS:    1.237488      -3.043335    
nid001641.dogwood.wcoss2.ncep.noaa.gov 1:  MAX/MIN DZDT AT LEVEL           15 IS:    1.268005      -3.040649    
nid001641.dogwood.wcoss2.ncep.noaa.gov 1:  MAX/MIN DZDT AT LEVEL           16 IS:    1.299805      -2.944458    
nid001641.dogwood.wcoss2.ncep.noaa.gov 1:  MAX/MIN DZDT AT LEVEL           17 IS:    1.317749      -2.892334    
nid001641.dogwood.wcoss2.ncep.noaa.gov 1:  MAX/MIN DZDT AT LEVEL           18 IS:    1.372375      -2.840088    
nid001641.dogwood.wcoss2.ncep.noaa.gov 1:  MAX/MIN DZDT AT LEVEL           19 IS:    1.362183      -2.695190    
nid001641.dogwood.wcoss2.ncep.noaa.gov 1:  MAX/MIN DZDT AT LEVEL           20 IS:    1.323242      -2.577637    
nid001641.dogwood.wcoss2.ncep.noaa.gov 1:  MAX/MIN DZDT AT LEVEL           21 IS:    1.433777      -2.472900    
nid001641.dogwood.wcoss2.ncep.noaa.gov 1:  MAX/MIN DZDT AT LEVEL           22 IS:    1.546753      -2.372559    
nid001641.dogwood.wcoss2.ncep.noaa.gov 1:  MAX/MIN DZDT AT LEVEL           23 IS:    1.662354      -2.428467    
nid001641.dogwood.wcoss2.ncep.noaa.gov 1:  MAX/MIN DZDT AT LEVEL           24 IS:    1.780273      -2.436401    
nid001641.dogwood.wcoss2.ncep.noaa.gov 1:  MAX/MIN DZDT AT LEVEL           25 IS:    1.903687      -2.455566    
nid001641.dogwood.wcoss2.ncep.noaa.gov 1:  MAX/MIN DZDT AT LEVEL           26 IS:    2.031738      -2.501099    
nid001641.dogwood.wcoss2.ncep.noaa.gov 1:  MAX/MIN DZDT AT LEVEL           27 IS:    2.161987      -2.544922    
nid001641.dogwood.wcoss2.ncep.noaa.gov 1:  MAX/MIN DZDT AT LEVEL           28 IS:    2.295654      -2.580322    
nid001641.dogwood.wcoss2.ncep.noaa.gov 1:  MAX/MIN DZDT AT LEVEL           29 IS:    2.430908      -2.601807    
nid001641.dogwood.wcoss2.ncep.noaa.gov 1:  MAX/MIN DZDT AT LEVEL           30 IS:    2.567139      -2.599243    
nid001641.dogwood.wcoss2.ncep.noaa.gov 1:  MAX/MIN DZDT AT LEVEL           31 IS:    2.702759      -2.584229    
nid001641.dogwood.wcoss2.ncep.noaa.gov 1:  MAX/MIN DZDT AT LEVEL           32 IS:    2.836182      -2.630371    
nid001641.dogwood.wcoss2.ncep.noaa.gov 1:  MAX/MIN DZDT AT LEVEL           33 IS:    2.969238      -2.677490    
nid001641.dogwood.wcoss2.ncep.noaa.gov 1:  MAX/MIN DZDT AT LEVEL           34 IS:    3.107300      -2.721313    
nid001641.dogwood.wcoss2.ncep.noaa.gov 1:  MAX/MIN DZDT AT LEVEL           35 IS:    3.240845      -2.761841    
nid001641.dogwood.wcoss2.ncep.noaa.gov 1:  MAX/MIN DZDT AT LEVEL           36 IS:    3.366821      -2.798096    
nid001641.dogwood.wcoss2.ncep.noaa.gov 1:  MAX/MIN DZDT AT LEVEL           37 IS:    3.481567      -2.831055    
nid001641.dogwood.wcoss2.ncep.noaa.gov 1:  MAX/MIN DZDT AT LEVEL           38 IS:    3.584229      -2.860962    
nid001641.dogwood.wcoss2.ncep.noaa.gov 1:  MAX/MIN DZDT AT LEVEL           39 IS:    3.702759      -2.887451    
nid001641.dogwood.wcoss2.ncep.noaa.gov 1:  MAX/MIN DZDT AT LEVEL           40 IS:    3.922363      -2.909912    
nid001641.dogwood.wcoss2.ncep.noaa.gov 1:  MAX/MIN DZDT AT LEVEL           41 IS:    4.128174      -2.927734    
nid001641.dogwood.wcoss2.ncep.noaa.gov 1:  MAX/MIN DZDT AT LEVEL           42 IS:    4.339111      -2.937744    
nid001641.dogwood.wcoss2.ncep.noaa.gov 1:  MAX/MIN DZDT AT LEVEL           43 IS:    4.571533      -2.942383    
nid001641.dogwood.wcoss2.ncep.noaa.gov 1:  MAX/MIN DZDT AT LEVEL           44 IS:    4.811279      -2.941406    
nid001641.dogwood.wcoss2.ncep.noaa.gov 1:  MAX/MIN DZDT AT LEVEL           45 IS:    5.049805      -2.932495    
nid001641.dogwood.wcoss2.ncep.noaa.gov 1:  MAX/MIN DZDT AT LEVEL           46 IS:    5.287842      -2.911865    
nid001641.dogwood.wcoss2.ncep.noaa.gov 1:  MAX/MIN DZDT AT LEVEL           47 IS:    5.520508      -2.883789    
nid001641.dogwood.wcoss2.ncep.noaa.gov 1:  MAX/MIN DZDT AT LEVEL           48 IS:    5.745850      -2.848022    
nid001641.dogwood.wcoss2.ncep.noaa.gov 1:  MAX/MIN DZDT AT LEVEL           49 IS:    5.977051      -2.799927    
nid001641.dogwood.wcoss2.ncep.noaa.gov 1:  MAX/MIN DZDT AT LEVEL           50 IS:    6.199707      -2.737183    
nid001641.dogwood.wcoss2.ncep.noaa.gov 1:  MAX/MIN DZDT AT LEVEL           51 IS:    6.416992      -2.655273    
nid001641.dogwood.wcoss2.ncep.noaa.gov 1:  MAX/MIN DZDT AT LEVEL           52 IS:    6.645020      -2.550659    
nid001641.dogwood.wcoss2.ncep.noaa.gov 1:  MAX/MIN DZDT AT LEVEL           53 IS:    6.867676      -2.426392    
nid001641.dogwood.wcoss2.ncep.noaa.gov 1:  MAX/MIN DZDT AT LEVEL           54 IS:    7.162354      -2.281128    
nid001641.dogwood.wcoss2.ncep.noaa.gov 1:  MAX/MIN DZDT AT LEVEL           55 IS:    7.503174      -2.118652    
nid001641.dogwood.wcoss2.ncep.noaa.gov 1:  MAX/MIN DZDT AT LEVEL           56 IS:    7.833008      -2.113770    
nid001641.dogwood.wcoss2.ncep.noaa.gov 1:  MAX/MIN DZDT AT LEVEL           57 IS:    8.243652      -2.057495    
nid001641.dogwood.wcoss2.ncep.noaa.gov 1:  MAX/MIN DZDT AT LEVEL           58 IS:    8.725586      -1.948181    
nid001641.dogwood.wcoss2.ncep.noaa.gov 1:  MAX/MIN DZDT AT LEVEL           59 IS:    9.204102      -1.956482    
nid001641.dogwood.wcoss2.ncep.noaa.gov 1:  MAX/MIN DZDT AT LEVEL           60 IS:    9.655762      -2.172729    
nid001641.dogwood.wcoss2.ncep.noaa.gov 1:  MAX/MIN DZDT AT LEVEL           61 IS:    10.03760      -2.388550    
nid001641.dogwood.wcoss2.ncep.noaa.gov 1:  MAX/MIN DZDT AT LEVEL           62 IS:    10.34180      -2.564331    
nid001641.dogwood.wcoss2.ncep.noaa.gov 1:  MAX/MIN DZDT AT LEVEL           63 IS:    10.84521      -2.704956    
nid001641.dogwood.wcoss2.ncep.noaa.gov 1:  MAX/MIN DZDT AT LEVEL           64 IS:    11.42432      -2.811401    
nid001641.dogwood.wcoss2.ncep.noaa.gov 1:  MAX/MIN DZDT AT LEVEL           65 IS:    12.00244      -2.889893    
nid001641.dogwood.wcoss2.ncep.noaa.gov 1:  MAX/MIN DZDT AT LEVEL           66 IS:    12.55859      -2.932739    
nid001641.dogwood.wcoss2.ncep.noaa.gov 1:  MAX/MIN DZDT AT LEVEL           67 IS:    13.09131      -2.958984    
nid001641.dogwood.wcoss2.ncep.noaa.gov 1:  MAX/MIN DZDT AT LEVEL           68 IS:    13.56787      -2.938721    
nid001641.dogwood.wcoss2.ncep.noaa.gov 1:  MAX/MIN DZDT AT LEVEL           69 IS:    13.97021      -2.883179    
nid001641.dogwood.wcoss2.ncep.noaa.gov 1:  MAX/MIN DZDT AT LEVEL           70 IS:    14.30811      -2.767212    
nid001641.dogwood.wcoss2.ncep.noaa.gov 1:  MAX/MIN DZDT AT LEVEL           71 IS:    14.55127      -2.690430    
nid001641.dogwood.wcoss2.ncep.noaa.gov 1:  MAX/MIN DZDT AT LEVEL           72 IS:    14.75342      -2.735229    
nid001641.dogwood.wcoss2.ncep.noaa.gov 1:  MAX/MIN DZDT AT LEVEL           73 IS:    14.81836      -2.704956    
nid001641.dogwood.wcoss2.ncep.noaa.gov 1:  MAX/MIN DZDT AT LEVEL           74 IS:    14.68652      -2.589355    
nid001641.dogwood.wcoss2.ncep.noaa.gov 1:  MAX/MIN DZDT AT LEVEL           75 IS:    14.49268      -2.409546    
nid001641.dogwood.wcoss2.ncep.noaa.gov 1:  MAX/MIN DZDT AT LEVEL           76 IS:    14.09375      -2.254883    
nid001641.dogwood.wcoss2.ncep.noaa.gov 1:  MAX/MIN DZDT AT LEVEL           77 IS:    13.48730      -2.343384    
nid001641.dogwood.wcoss2.ncep.noaa.gov 1:  MAX/MIN DZDT AT LEVEL           78 IS:    12.64453      -2.512085    
nid001641.dogwood.wcoss2.ncep.noaa.gov 1:  MAX/MIN DZDT AT LEVEL           79 IS:    11.54199      -2.178711    
nid001641.dogwood.wcoss2.ncep.noaa.gov 1:  MAX/MIN DZDT AT LEVEL           80 IS:    10.18750      -2.200073    
nid001641.dogwood.wcoss2.ncep.noaa.gov 1:  MAX/MIN DZDT AT LEVEL           81 IS:    8.397461      -2.203003    
nid001641.dogwood.wcoss2.ncep.noaa.gov 1:  MAX/MIN DZDT AT LEVEL           82 IS:    6.257568      -2.033691    
nid001641.dogwood.wcoss2.ncep.noaa.gov 1:  MAX/MIN DZDT AT LEVEL           83 IS:    4.456543      -2.285278    
nid001641.dogwood.wcoss2.ncep.noaa.gov 1:  MAX/MIN DZDT AT LEVEL           84 IS:    2.790161      -2.527710    
nid001641.dogwood.wcoss2.ncep.noaa.gov 1:  MAX/MIN DZDT AT LEVEL           85 IS:    1.324829      -2.297241    
nid001641.dogwood.wcoss2.ncep.noaa.gov 1:  MAX/MIN DZDT AT LEVEL           86 IS:    1.414917      -2.033569    
nid001641.dogwood.wcoss2.ncep.noaa.gov 1:  MAX/MIN DZDT AT LEVEL           87 IS:    1.423645      -1.787354    
nid001641.dogwood.wcoss2.ncep.noaa.gov 1:  MAX/MIN DZDT AT LEVEL           88 IS:    1.595520      -1.479492    
nid001641.dogwood.wcoss2.ncep.noaa.gov 1:  MAX/MIN DZDT AT LEVEL           89 IS:    1.504028      -1.343994    
nid001641.dogwood.wcoss2.ncep.noaa.gov 1:  MAX/MIN DZDT AT LEVEL           90 IS:    1.174316      -1.270081    
nid001641.dogwood.wcoss2.ncep.noaa.gov 1:  MAX/MIN DZDT AT LEVEL           91 IS:    1.220642      -1.089233    
nid001641.dogwood.wcoss2.ncep.noaa.gov 1:  MAX/MIN DZDT AT LEVEL           92 IS:    1.267334      -1.244446    
nid001641.dogwood.wcoss2.ncep.noaa.gov 1:  MAX/MIN DZDT AT LEVEL           93 IS:    1.345520      -1.393982    
nid001641.dogwood.wcoss2.ncep.noaa.gov 1:  MAX/MIN DZDT AT LEVEL           94 IS:    1.207947      -1.250610    
nid001641.dogwood.wcoss2.ncep.noaa.gov 1:  MAX/MIN DZDT AT LEVEL           95 IS:    1.165955      -1.304810    
nid001641.dogwood.wcoss2.ncep.noaa.gov 1:  MAX/MIN DZDT AT LEVEL           96 IS:   0.9657898      -1.316284    
nid001641.dogwood.wcoss2.ncep.noaa.gov 1:  MAX/MIN DZDT AT LEVEL           97 IS:    1.161255      -1.326538    
nid001641.dogwood.wcoss2.ncep.noaa.gov 1:  MAX/MIN DZDT AT LEVEL           98 IS:    1.279358      -1.474182    
nid001641.dogwood.wcoss2.ncep.noaa.gov 1:  MAX/MIN DZDT AT LEVEL           99 IS:    1.098022      -1.567261    
nid001641.dogwood.wcoss2.ncep.noaa.gov 1:  MAX/MIN DZDT AT LEVEL          100 IS:   0.8791504      -1.587402    
nid001641.dogwood.wcoss2.ncep.noaa.gov 1:  MAX/MIN DZDT AT LEVEL          101 IS:    1.037170      -1.650085    
nid001641.dogwood.wcoss2.ncep.noaa.gov 1:  MAX/MIN DZDT AT LEVEL          102 IS:    1.070068      -1.755249    
nid001641.dogwood.wcoss2.ncep.noaa.gov 1:  MAX/MIN DZDT AT LEVEL          103 IS:    1.305603      -1.845276    
nid001641.dogwood.wcoss2.ncep.noaa.gov 1:  MAX/MIN DZDT AT LEVEL          104 IS:    1.710083      -1.847961    
nid001641.dogwood.wcoss2.ncep.noaa.gov 1:  MAX/MIN DZDT AT LEVEL          105 IS:    1.967163      -1.849976    
nid001641.dogwood.wcoss2.ncep.noaa.gov 1:  MAX/MIN DZDT AT LEVEL          106 IS:    2.086670      -1.990112    
nid001641.dogwood.wcoss2.ncep.noaa.gov 1:  MAX/MIN DZDT AT LEVEL          107 IS:    2.137695      -2.064575    
nid001641.dogwood.wcoss2.ncep.noaa.gov 1:  MAX/MIN DZDT AT LEVEL          108 IS:    2.433350      -2.287354    
nid001641.dogwood.wcoss2.ncep.noaa.gov 1:  MAX/MIN DZDT AT LEVEL          109 IS:    2.642578      -3.118774    
nid001641.dogwood.wcoss2.ncep.noaa.gov 1:  MAX/MIN DZDT AT LEVEL          110 IS:    2.790161      -3.827393    
nid001641.dogwood.wcoss2.ncep.noaa.gov 1:  MAX/MIN DZDT AT LEVEL          111 IS:    3.272217      -4.305420    
nid001641.dogwood.wcoss2.ncep.noaa.gov 1:  MAX/MIN DZDT AT LEVEL          112 IS:    3.450684      -4.750244    
nid001641.dogwood.wcoss2.ncep.noaa.gov 1:  MAX/MIN DZDT AT LEVEL          113 IS:    3.441162      -5.108398    
nid001641.dogwood.wcoss2.ncep.noaa.gov 1:  MAX/MIN DZDT AT LEVEL          114 IS:    3.646118      -5.270020    
nid001641.dogwood.wcoss2.ncep.noaa.gov 1:  MAX/MIN DZDT AT LEVEL          115 IS:    3.966064      -5.339600    
nid001641.dogwood.wcoss2.ncep.noaa.gov 1:  MAX/MIN DZDT AT LEVEL          116 IS:    3.731812      -4.003418    
nid001641.dogwood.wcoss2.ncep.noaa.gov 1:  MAX/MIN DZDT AT LEVEL          117 IS:    2.260498      -2.031128    
nid001641.dogwood.wcoss2.ncep.noaa.gov 1:  MAX/MIN DZDT AT LEVEL          118 IS:    1.174194      -1.360107    
nid001641.dogwood.wcoss2.ncep.noaa.gov 1:  MAX/MIN DZDT AT LEVEL          119 IS:   0.8150024     -0.7558594    
nid001641.dogwood.wcoss2.ncep.noaa.gov 1:  MAX/MIN DZDT AT LEVEL          120 IS:   0.5793457     -0.4847412    
nid001641.dogwood.wcoss2.ncep.noaa.gov 1:  MAX/MIN DZDT AT LEVEL          121 IS:   0.6784973     -0.5347595    
nid001641.dogwood.wcoss2.ncep.noaa.gov 1:  MAX/MIN DZDT AT LEVEL          122 IS:   0.6102600     -0.3426666    
nid001641.dogwood.wcoss2.ncep.noaa.gov 1:  MAX/MIN DZDT AT LEVEL          123 IS:   0.3779297     -0.2656250    
nid001641.dogwood.wcoss2.ncep.noaa.gov 1:  MAX/MIN DZDT AT LEVEL          124 IS:   0.3581543     -0.2702179    
nid001641.dogwood.wcoss2.ncep.noaa.gov 1:  MAX/MIN DZDT AT LEVEL          125 IS:   0.2992554     -0.2652893    
nid001641.dogwood.wcoss2.ncep.noaa.gov 1:  MAX/MIN DZDT AT LEVEL          126 IS:   0.1158714     -0.1995697    
nid001641.dogwood.wcoss2.ncep.noaa.gov 1:  MAX/MIN DZDT AT LEVEL          127 IS:   0.1869125     -0.1617050    
 
 READ RWMR
nid003773.dogwood.wcoss2.ncep.noaa.gov 2:  MAX/MIN RWMR AT LEVEL            1 IS:   4.3332577E-03  0.0000000E+00
nid003773.dogwood.wcoss2.ncep.noaa.gov 2:  MAX/MIN RWMR AT LEVEL            2 IS:   4.3406487E-03  0.0000000E+00
nid003773.dogwood.wcoss2.ncep.noaa.gov 2:  MAX/MIN RWMR AT LEVEL            3 IS:   4.3628216E-03  0.0000000E+00
nid003773.dogwood.wcoss2.ncep.noaa.gov 2:  MAX/MIN RWMR AT LEVEL            4 IS:   4.3909550E-03  0.0000000E+00
nid003773.dogwood.wcoss2.ncep.noaa.gov 2:  MAX/MIN RWMR AT LEVEL            5 IS:   4.4174194E-03  0.0000000E+00
nid003773.dogwood.wcoss2.ncep.noaa.gov 2:  MAX/MIN RWMR AT LEVEL            6 IS:   4.4445992E-03  0.0000000E+00
nid003773.dogwood.wcoss2.ncep.noaa.gov 2:  MAX/MIN RWMR AT LEVEL            7 IS:   4.4691563E-03  0.0000000E+00
nid003773.dogwood.wcoss2.ncep.noaa.gov 2:  MAX/MIN RWMR AT LEVEL            8 IS:   4.4867992E-03  0.0000000E+00
nid001162.dogwood.wcoss2.ncep.noaa.gov 0:  MAX/MIN DZDT AT LEVEL            1 IS:   0.9586487      -1.973328    
nid003773.dogwood.wcoss2.ncep.noaa.gov 2:  MAX/MIN RWMR AT LEVEL            9 IS:   4.5032501E-03  0.0000000E+00
nid003773.dogwood.wcoss2.ncep.noaa.gov 2:  MAX/MIN RWMR AT LEVEL           10 IS:   4.5049191E-03  0.0000000E+00
nid003773.dogwood.wcoss2.ncep.noaa.gov 2:  MAX/MIN RWMR AT LEVEL           11 IS:   4.4987202E-03  0.0000000E+00
nid001162.dogwood.wcoss2.ncep.noaa.gov 0:  MAX/MIN DZDT AT LEVEL            2 IS:    1.080078      -2.571533    
nid003773.dogwood.wcoss2.ncep.noaa.gov 2:  MAX/MIN RWMR AT LEVEL           12 IS:   4.4872761E-03  0.0000000E+00
nid003773.dogwood.wcoss2.ncep.noaa.gov 2:  MAX/MIN RWMR AT LEVEL           13 IS:   4.4713020E-03  0.0000000E+00
nid001162.dogwood.wcoss2.ncep.noaa.gov 0:  MAX/MIN DZDT AT LEVEL            3 IS:    1.200562      -3.060913    
nid003773.dogwood.wcoss2.ncep.noaa.gov 2:  MAX/MIN RWMR AT LEVEL           14 IS:   4.4827461E-03  0.0000000E+00
nid003773.dogwood.wcoss2.ncep.noaa.gov 2:  MAX/MIN RWMR AT LEVEL           15 IS:   4.4960976E-03  0.0000000E+00
nid003773.dogwood.wcoss2.ncep.noaa.gov 2:  MAX/MIN RWMR AT LEVEL           16 IS:   4.5111179E-03  0.0000000E+00
nid001162.dogwood.wcoss2.ncep.noaa.gov 0:  MAX/MIN DZDT AT LEVEL            4 IS:    1.230957      -3.323242    
nid003773.dogwood.wcoss2.ncep.noaa.gov 2:  MAX/MIN RWMR AT LEVEL           17 IS:   4.5256615E-03  0.0000000E+00
nid003773.dogwood.wcoss2.ncep.noaa.gov 2:  MAX/MIN RWMR AT LEVEL           18 IS:   4.5330524E-03  0.0000000E+00
nid003773.dogwood.wcoss2.ncep.noaa.gov 2:  MAX/MIN RWMR AT LEVEL           19 IS:   4.5344830E-03  0.0000000E+00
nid001162.dogwood.wcoss2.ncep.noaa.gov 0:  MAX/MIN DZDT AT LEVEL            5 IS:    1.263855      -3.537720    
nid003773.dogwood.wcoss2.ncep.noaa.gov 2:  MAX/MIN RWMR AT LEVEL           20 IS:   4.5275688E-03  0.0000000E+00
nid003773.dogwood.wcoss2.ncep.noaa.gov 2:  MAX/MIN RWMR AT LEVEL           21 IS:   4.5197010E-03  0.0000000E+00
nid001162.dogwood.wcoss2.ncep.noaa.gov 0:  MAX/MIN DZDT AT LEVEL            6 IS:    1.300720      -3.686401    
nid003773.dogwood.wcoss2.ncep.noaa.gov 2:  MAX/MIN RWMR AT LEVEL           22 IS:   4.5118332E-03  0.0000000E+00
nid003773.dogwood.wcoss2.ncep.noaa.gov 2:  MAX/MIN RWMR AT LEVEL           23 IS:   4.5061111E-03  0.0000000E+00
nid003773.dogwood.wcoss2.ncep.noaa.gov 2:  MAX/MIN RWMR AT LEVEL           24 IS:   4.5080185E-03  0.0000000E+00
nid001162.dogwood.wcoss2.ncep.noaa.gov 0:  MAX/MIN DZDT AT LEVEL            7 IS:    1.336121      -3.762573    
nid003773.dogwood.wcoss2.ncep.noaa.gov 2:  MAX/MIN RWMR AT LEVEL           25 IS:   4.5239925E-03  0.0000000E+00
nid003773.dogwood.wcoss2.ncep.noaa.gov 2:  MAX/MIN RWMR AT LEVEL           26 IS:   4.5514107E-03  0.0000000E+00
nid001162.dogwood.wcoss2.ncep.noaa.gov 0:  MAX/MIN DZDT AT LEVEL            8 IS:    1.368469      -3.829834    
nid003773.dogwood.wcoss2.ncep.noaa.gov 2:  MAX/MIN RWMR AT LEVEL           27 IS:   4.5945644E-03  0.0000000E+00
nid003773.dogwood.wcoss2.ncep.noaa.gov 2:  MAX/MIN RWMR AT LEVEL           28 IS:   4.6339035E-03  0.0000000E+00
nid003773.dogwood.wcoss2.ncep.noaa.gov 2:  MAX/MIN RWMR AT LEVEL           29 IS:   4.6436787E-03  0.0000000E+00
nid001162.dogwood.wcoss2.ncep.noaa.gov 0:  MAX/MIN DZDT AT LEVEL            9 IS:    1.397888      -3.845337    
nid003773.dogwood.wcoss2.ncep.noaa.gov 2:  MAX/MIN RWMR AT LEVEL           30 IS:   4.6021938E-03  0.0000000E+00
nid003773.dogwood.wcoss2.ncep.noaa.gov 2:  MAX/MIN RWMR AT LEVEL           31 IS:   4.5249462E-03  0.0000000E+00
nid001162.dogwood.wcoss2.ncep.noaa.gov 0:  MAX/MIN DZDT AT LEVEL           10 IS:    1.425110      -3.726807    
nid003773.dogwood.wcoss2.ncep.noaa.gov 2:  MAX/MIN RWMR AT LEVEL           32 IS:   4.4877529E-03  0.0000000E+00
nid003773.dogwood.wcoss2.ncep.noaa.gov 2:  MAX/MIN RWMR AT LEVEL           33 IS:   4.4157505E-03  0.0000000E+00
nid003773.dogwood.wcoss2.ncep.noaa.gov 2:  MAX/MIN RWMR AT LEVEL           34 IS:   4.3425560E-03  0.0000000E+00
nid001162.dogwood.wcoss2.ncep.noaa.gov 0:  MAX/MIN DZDT AT LEVEL           11 IS:    1.453430      -3.628174    
nid003773.dogwood.wcoss2.ncep.noaa.gov 2:  MAX/MIN RWMR AT LEVEL           35 IS:   4.2941570E-03  0.0000000E+00
nid003773.dogwood.wcoss2.ncep.noaa.gov 2:  MAX/MIN RWMR AT LEVEL           36 IS:   4.2278767E-03  0.0000000E+00
nid001162.dogwood.wcoss2.ncep.noaa.gov 0:  MAX/MIN DZDT AT LEVEL           12 IS:    1.482483      -3.543091    
nid003773.dogwood.wcoss2.ncep.noaa.gov 2:  MAX/MIN RWMR AT LEVEL           37 IS:   4.1193962E-03  0.0000000E+00
nid003773.dogwood.wcoss2.ncep.noaa.gov 2:  MAX/MIN RWMR AT LEVEL           38 IS:   4.0361881E-03  0.0000000E+00
nid003773.dogwood.wcoss2.ncep.noaa.gov 2:  MAX/MIN RWMR AT LEVEL           39 IS:   3.9422512E-03  0.0000000E+00
nid001162.dogwood.wcoss2.ncep.noaa.gov 0:  MAX/MIN DZDT AT LEVEL           13 IS:    1.506104      -3.438232    
nid003773.dogwood.wcoss2.ncep.noaa.gov 2:  MAX/MIN RWMR AT LEVEL           40 IS:   3.5969019E-03  0.0000000E+00
nid003773.dogwood.wcoss2.ncep.noaa.gov 2:  MAX/MIN RWMR AT LEVEL           41 IS:   2.8934479E-03  0.0000000E+00
nid001162.dogwood.wcoss2.ncep.noaa.gov 0:  MAX/MIN DZDT AT LEVEL           14 IS:    1.529175      -3.522095    
nid003773.dogwood.wcoss2.ncep.noaa.gov 2:  MAX/MIN RWMR AT LEVEL           42 IS:   2.0906925E-03  0.0000000E+00
nid003773.dogwood.wcoss2.ncep.noaa.gov 2:  MAX/MIN RWMR AT LEVEL           43 IS:   1.9115210E-03  0.0000000E+00
nid003773.dogwood.wcoss2.ncep.noaa.gov 2:  MAX/MIN RWMR AT LEVEL           44 IS:   1.6728044E-03  0.0000000E+00
nid001162.dogwood.wcoss2.ncep.noaa.gov 0:  MAX/MIN DZDT AT LEVEL           15 IS:    1.583313      -3.624756    
nid003773.dogwood.wcoss2.ncep.noaa.gov 2:  MAX/MIN RWMR AT LEVEL           45 IS:   1.8299818E-03  0.0000000E+00
nid003773.dogwood.wcoss2.ncep.noaa.gov 2:  MAX/MIN RWMR AT LEVEL           46 IS:   1.9940138E-03  0.0000000E+00
nid003773.dogwood.wcoss2.ncep.noaa.gov 2:  MAX/MIN RWMR AT LEVEL           47 IS:   2.1061897E-03  0.0000000E+00
nid001162.dogwood.wcoss2.ncep.noaa.gov 0:  MAX/MIN DZDT AT LEVEL           16 IS:    1.653687      -3.716675    
nid003773.dogwood.wcoss2.ncep.noaa.gov 2:  MAX/MIN RWMR AT LEVEL           48 IS:   2.2127628E-03  0.0000000E+00
nid003773.dogwood.wcoss2.ncep.noaa.gov 2:  MAX/MIN RWMR AT LEVEL           49 IS:   2.3154020E-03  0.0000000E+00
nid001162.dogwood.wcoss2.ncep.noaa.gov 0:  MAX/MIN DZDT AT LEVEL           17 IS:    1.735474      -3.800171    
nid003773.dogwood.wcoss2.ncep.noaa.gov 2:  MAX/MIN RWMR AT LEVEL           50 IS:   2.3902655E-03  0.0000000E+00
nid003773.dogwood.wcoss2.ncep.noaa.gov 2:  MAX/MIN RWMR AT LEVEL           51 IS:   2.4253130E-03  0.0000000E+00
nid003773.dogwood.wcoss2.ncep.noaa.gov 2:  MAX/MIN RWMR AT LEVEL           52 IS:   2.3378134E-03  0.0000000E+00
nid001162.dogwood.wcoss2.ncep.noaa.gov 0:  MAX/MIN DZDT AT LEVEL           18 IS:    1.823242      -3.879517    
nid003773.dogwood.wcoss2.ncep.noaa.gov 2:  MAX/MIN RWMR AT LEVEL           53 IS:   2.1263361E-03  0.0000000E+00
nid003773.dogwood.wcoss2.ncep.noaa.gov 2:  MAX/MIN RWMR AT LEVEL           54 IS:   1.8264055E-03  0.0000000E+00
nid001162.dogwood.wcoss2.ncep.noaa.gov 0:  MAX/MIN DZDT AT LEVEL           19 IS:    1.902039      -3.963867    
nid003773.dogwood.wcoss2.ncep.noaa.gov 2:  MAX/MIN RWMR AT LEVEL           55 IS:   1.4823675E-03  0.0000000E+00
nid003773.dogwood.wcoss2.ncep.noaa.gov 2:  MAX/MIN RWMR AT LEVEL           56 IS:   1.1333227E-03  0.0000000E+00
nid003773.dogwood.wcoss2.ncep.noaa.gov 2:  MAX/MIN RWMR AT LEVEL           57 IS:   8.0654025E-04  0.0000000E+00
nid001162.dogwood.wcoss2.ncep.noaa.gov 0:  MAX/MIN DZDT AT LEVEL           20 IS:    2.015869      -4.049561    
nid003773.dogwood.wcoss2.ncep.noaa.gov 2:  MAX/MIN RWMR AT LEVEL           58 IS:   5.1552057E-04  0.0000000E+00
nid003773.dogwood.wcoss2.ncep.noaa.gov 2:  MAX/MIN RWMR AT LEVEL           59 IS:   2.7826428E-04  0.0000000E+00
nid001162.dogwood.wcoss2.ncep.noaa.gov 0:  MAX/MIN DZDT AT LEVEL           21 IS:    2.126587      -4.130127    
nid003773.dogwood.wcoss2.ncep.noaa.gov 2:  MAX/MIN RWMR AT LEVEL           60 IS:   1.1828542E-04  0.0000000E+00
nid003773.dogwood.wcoss2.ncep.noaa.gov 2:  MAX/MIN RWMR AT LEVEL           61 IS:   4.1449443E-05  0.0000000E+00
nid003773.dogwood.wcoss2.ncep.noaa.gov 2:  MAX/MIN RWMR AT LEVEL           62 IS:   1.8029474E-05  0.0000000E+00
nid001162.dogwood.wcoss2.ncep.noaa.gov 0:  MAX/MIN DZDT AT LEVEL           22 IS:    2.235229      -4.199707    
nid003773.dogwood.wcoss2.ncep.noaa.gov 2:  MAX/MIN RWMR AT LEVEL           63 IS:   8.2831830E-06  0.0000000E+00
nid003773.dogwood.wcoss2.ncep.noaa.gov 2:  MAX/MIN RWMR AT LEVEL           64 IS:   4.4524204E-06  0.0000000E+00
nid001162.dogwood.wcoss2.ncep.noaa.gov 0:  MAX/MIN DZDT AT LEVEL           23 IS:    2.340332      -4.258301    
nid003773.dogwood.wcoss2.ncep.noaa.gov 2:  MAX/MIN RWMR AT LEVEL           65 IS:   2.2982713E-06  0.0000000E+00
nid003773.dogwood.wcoss2.ncep.noaa.gov 2:  MAX/MIN RWMR AT LEVEL           66 IS:   1.0151416E-06  0.0000000E+00
nid003773.dogwood.wcoss2.ncep.noaa.gov 2:  MAX/MIN RWMR AT LEVEL           67 IS:   2.2423046E-07  0.0000000E+00
nid001162.dogwood.wcoss2.ncep.noaa.gov 0:  MAX/MIN DZDT AT LEVEL           24 IS:    2.442993      -4.313477    
nid003773.dogwood.wcoss2.ncep.noaa.gov 2:  MAX/MIN RWMR AT LEVEL           68 IS:   5.0460585E-08  0.0000000E+00
nid003773.dogwood.wcoss2.ncep.noaa.gov 2:  MAX/MIN RWMR AT LEVEL           69 IS:   2.2575477E-08  0.0000000E+00
nid003773.dogwood.wcoss2.ncep.noaa.gov 2:  MAX/MIN RWMR AT LEVEL           70 IS:   5.8398655E-09  0.0000000E+00
nid001162.dogwood.wcoss2.ncep.noaa.gov 0:  MAX/MIN DZDT AT LEVEL           25 IS:    2.541504      -4.359863    
nid003773.dogwood.wcoss2.ncep.noaa.gov 2:  MAX/MIN RWMR AT LEVEL           71 IS:   0.0000000E+00  0.0000000E+00
nid003773.dogwood.wcoss2.ncep.noaa.gov 2:  MAX/MIN RWMR AT LEVEL           72 IS:   0.0000000E+00  0.0000000E+00
nid001162.dogwood.wcoss2.ncep.noaa.gov 0:  MAX/MIN DZDT AT LEVEL           26 IS:    2.666504      -4.399658    
nid003773.dogwood.wcoss2.ncep.noaa.gov 2:  MAX/MIN RWMR AT LEVEL           73 IS:   0.0000000E+00  0.0000000E+00
nid003773.dogwood.wcoss2.ncep.noaa.gov 2:  MAX/MIN RWMR AT LEVEL           74 IS:   0.0000000E+00  0.0000000E+00
nid003773.dogwood.wcoss2.ncep.noaa.gov 2:  MAX/MIN RWMR AT LEVEL           75 IS:   0.0000000E+00  0.0000000E+00
nid001162.dogwood.wcoss2.ncep.noaa.gov 0:  MAX/MIN DZDT AT LEVEL           27 IS:    2.828125      -4.440674    
nid003773.dogwood.wcoss2.ncep.noaa.gov 2:  MAX/MIN RWMR AT LEVEL           76 IS:   0.0000000E+00  0.0000000E+00
nid003773.dogwood.wcoss2.ncep.noaa.gov 2:  MAX/MIN RWMR AT LEVEL           77 IS:   0.0000000E+00  0.0000000E+00
nid001162.dogwood.wcoss2.ncep.noaa.gov 0:  MAX/MIN DZDT AT LEVEL           28 IS:    2.990112      -4.468506    
nid003773.dogwood.wcoss2.ncep.noaa.gov 2:  MAX/MIN RWMR AT LEVEL           78 IS:   0.0000000E+00  0.0000000E+00
nid003773.dogwood.wcoss2.ncep.noaa.gov 2:  MAX/MIN RWMR AT LEVEL           79 IS:   0.0000000E+00  0.0000000E+00
nid003773.dogwood.wcoss2.ncep.noaa.gov 2:  MAX/MIN RWMR AT LEVEL           80 IS:   0.0000000E+00  0.0000000E+00
nid001162.dogwood.wcoss2.ncep.noaa.gov 0:  MAX/MIN DZDT AT LEVEL           29 IS:    3.150635      -4.486816    
nid003773.dogwood.wcoss2.ncep.noaa.gov 2:  MAX/MIN RWMR AT LEVEL           81 IS:   0.0000000E+00  0.0000000E+00
nid003773.dogwood.wcoss2.ncep.noaa.gov 2:  MAX/MIN RWMR AT LEVEL           82 IS:   0.0000000E+00  0.0000000E+00
nid001162.dogwood.wcoss2.ncep.noaa.gov 0:  MAX/MIN DZDT AT LEVEL           30 IS:    3.307495      -4.504395    
nid003773.dogwood.wcoss2.ncep.noaa.gov 2:  MAX/MIN RWMR AT LEVEL           83 IS:   0.0000000E+00  0.0000000E+00
nid003773.dogwood.wcoss2.ncep.noaa.gov 2:  MAX/MIN RWMR AT LEVEL           84 IS:   0.0000000E+00  0.0000000E+00
nid003773.dogwood.wcoss2.ncep.noaa.gov 2:  MAX/MIN RWMR AT LEVEL           85 IS:   0.0000000E+00  0.0000000E+00
nid001162.dogwood.wcoss2.ncep.noaa.gov 0:  MAX/MIN DZDT AT LEVEL           31 IS:    3.459595      -4.512207    
nid003773.dogwood.wcoss2.ncep.noaa.gov 2:  MAX/MIN RWMR AT LEVEL           86 IS:   0.0000000E+00  0.0000000E+00
nid003773.dogwood.wcoss2.ncep.noaa.gov 2:  MAX/MIN RWMR AT LEVEL           87 IS:   0.0000000E+00  0.0000000E+00
nid001162.dogwood.wcoss2.ncep.noaa.gov 0:  MAX/MIN DZDT AT LEVEL           32 IS:    3.604980      -4.518066    
nid003773.dogwood.wcoss2.ncep.noaa.gov 2:  MAX/MIN RWMR AT LEVEL           88 IS:   0.0000000E+00  0.0000000E+00
nid003773.dogwood.wcoss2.ncep.noaa.gov 2:  MAX/MIN RWMR AT LEVEL           89 IS:   0.0000000E+00  0.0000000E+00
nid003773.dogwood.wcoss2.ncep.noaa.gov 2:  MAX/MIN RWMR AT LEVEL           90 IS:   0.0000000E+00  0.0000000E+00
nid001162.dogwood.wcoss2.ncep.noaa.gov 0:  MAX/MIN DZDT AT LEVEL           33 IS:    3.741211      -4.519287    
nid003773.dogwood.wcoss2.ncep.noaa.gov 2:  MAX/MIN RWMR AT LEVEL           91 IS:   0.0000000E+00  0.0000000E+00
nid003773.dogwood.wcoss2.ncep.noaa.gov 2:  MAX/MIN RWMR AT LEVEL           92 IS:   0.0000000E+00  0.0000000E+00
nid001162.dogwood.wcoss2.ncep.noaa.gov 0:  MAX/MIN DZDT AT LEVEL           34 IS:    3.865479      -4.511963    
nid003773.dogwood.wcoss2.ncep.noaa.gov 2:  MAX/MIN RWMR AT LEVEL           93 IS:   0.0000000E+00  0.0000000E+00
nid003773.dogwood.wcoss2.ncep.noaa.gov 2:  MAX/MIN RWMR AT LEVEL           94 IS:   0.0000000E+00  0.0000000E+00
nid003773.dogwood.wcoss2.ncep.noaa.gov 2:  MAX/MIN RWMR AT LEVEL           95 IS:   0.0000000E+00  0.0000000E+00
nid001162.dogwood.wcoss2.ncep.noaa.gov 0:  MAX/MIN DZDT AT LEVEL           35 IS:    3.974487      -4.549072    
nid003773.dogwood.wcoss2.ncep.noaa.gov 2:  MAX/MIN RWMR AT LEVEL           96 IS:   0.0000000E+00  0.0000000E+00
nid003773.dogwood.wcoss2.ncep.noaa.gov 2:  MAX/MIN RWMR AT LEVEL           97 IS:   0.0000000E+00  0.0000000E+00
nid001162.dogwood.wcoss2.ncep.noaa.gov 0:  MAX/MIN DZDT AT LEVEL           36 IS:    4.066162      -4.638672    
nid003773.dogwood.wcoss2.ncep.noaa.gov 2:  MAX/MIN RWMR AT LEVEL           98 IS:   0.0000000E+00  0.0000000E+00
nid003773.dogwood.wcoss2.ncep.noaa.gov 2:  MAX/MIN RWMR AT LEVEL           99 IS:   0.0000000E+00  0.0000000E+00
nid003773.dogwood.wcoss2.ncep.noaa.gov 2:  MAX/MIN RWMR AT LEVEL          100 IS:   0.0000000E+00  0.0000000E+00
nid001162.dogwood.wcoss2.ncep.noaa.gov 0:  MAX/MIN DZDT AT LEVEL           37 IS:    4.171387      -4.720947    
nid003773.dogwood.wcoss2.ncep.noaa.gov 2:  MAX/MIN RWMR AT LEVEL          101 IS:   0.0000000E+00  0.0000000E+00
nid003773.dogwood.wcoss2.ncep.noaa.gov 2:  MAX/MIN RWMR AT LEVEL          102 IS:   0.0000000E+00  0.0000000E+00
nid001162.dogwood.wcoss2.ncep.noaa.gov 0:  MAX/MIN DZDT AT LEVEL           38 IS:    4.331787      -4.795410    
nid003773.dogwood.wcoss2.ncep.noaa.gov 2:  MAX/MIN RWMR AT LEVEL          103 IS:   0.0000000E+00  0.0000000E+00
nid003773.dogwood.wcoss2.ncep.noaa.gov 2:  MAX/MIN RWMR AT LEVEL          104 IS:   0.0000000E+00  0.0000000E+00
nid001162.dogwood.wcoss2.ncep.noaa.gov 0:  MAX/MIN DZDT AT LEVEL           39 IS:    4.482910      -4.860352    
nid003773.dogwood.wcoss2.ncep.noaa.gov 2:  MAX/MIN RWMR AT LEVEL          105 IS:   0.0000000E+00  0.0000000E+00
nid003773.dogwood.wcoss2.ncep.noaa.gov 2:  MAX/MIN RWMR AT LEVEL          106 IS:   0.0000000E+00  0.0000000E+00
nid001162.dogwood.wcoss2.ncep.noaa.gov 0:  MAX/MIN DZDT AT LEVEL           40 IS:    4.631592      -4.912354    
nid003773.dogwood.wcoss2.ncep.noaa.gov 2:  MAX/MIN RWMR AT LEVEL          107 IS:   0.0000000E+00  0.0000000E+00
nid001162.dogwood.wcoss2.ncep.noaa.gov 0:  MAX/MIN DZDT AT LEVEL           41 IS:    4.768066      -4.950195    
nid003773.dogwood.wcoss2.ncep.noaa.gov 2:  MAX/MIN RWMR AT LEVEL          108 IS:   0.0000000E+00  0.0000000E+00
nid003773.dogwood.wcoss2.ncep.noaa.gov 2:  MAX/MIN RWMR AT LEVEL          109 IS:   0.0000000E+00  0.0000000E+00
nid001162.dogwood.wcoss2.ncep.noaa.gov 0:  MAX/MIN DZDT AT LEVEL           42 IS:    4.895020      -4.973633    
nid003773.dogwood.wcoss2.ncep.noaa.gov 2:  MAX/MIN RWMR AT LEVEL          110 IS:   0.0000000E+00  0.0000000E+00
nid001162.dogwood.wcoss2.ncep.noaa.gov 0:  MAX/MIN DZDT AT LEVEL           43 IS:    5.011475      -4.978516    
nid003773.dogwood.wcoss2.ncep.noaa.gov 2:  MAX/MIN RWMR AT LEVEL          111 IS:   0.0000000E+00  0.0000000E+00
nid003773.dogwood.wcoss2.ncep.noaa.gov 2:  MAX/MIN RWMR AT LEVEL          112 IS:   0.0000000E+00  0.0000000E+00
nid001162.dogwood.wcoss2.ncep.noaa.gov 0:  MAX/MIN DZDT AT LEVEL           44 IS:    5.117432      -4.965820    
nid003773.dogwood.wcoss2.ncep.noaa.gov 2:  MAX/MIN RWMR AT LEVEL          113 IS:   0.0000000E+00  0.0000000E+00
nid001162.dogwood.wcoss2.ncep.noaa.gov 0:  MAX/MIN DZDT AT LEVEL           45 IS:    5.211182      -4.932617    
nid003773.dogwood.wcoss2.ncep.noaa.gov 2:  MAX/MIN RWMR AT LEVEL          114 IS:   0.0000000E+00  0.0000000E+00
nid003773.dogwood.wcoss2.ncep.noaa.gov 2:  MAX/MIN RWMR AT LEVEL          115 IS:   0.0000000E+00  0.0000000E+00
nid001162.dogwood.wcoss2.ncep.noaa.gov 0:  MAX/MIN DZDT AT LEVEL           46 IS:    5.299072      -4.875244    
nid003773.dogwood.wcoss2.ncep.noaa.gov 2:  MAX/MIN RWMR AT LEVEL          116 IS:   0.0000000E+00  0.0000000E+00
nid001162.dogwood.wcoss2.ncep.noaa.gov 0:  MAX/MIN DZDT AT LEVEL           47 IS:    5.747314      -4.797363    
nid003773.dogwood.wcoss2.ncep.noaa.gov 2:  MAX/MIN RWMR AT LEVEL          117 IS:   0.0000000E+00  0.0000000E+00
nid003773.dogwood.wcoss2.ncep.noaa.gov 2:  MAX/MIN RWMR AT LEVEL          118 IS:   0.0000000E+00  0.0000000E+00
nid001162.dogwood.wcoss2.ncep.noaa.gov 0:  MAX/MIN DZDT AT LEVEL           48 IS:    6.252197      -4.699463    
nid003773.dogwood.wcoss2.ncep.noaa.gov 2:  MAX/MIN RWMR AT LEVEL          119 IS:   0.0000000E+00  0.0000000E+00
nid003773.dogwood.wcoss2.ncep.noaa.gov 2:  MAX/MIN RWMR AT LEVEL          120 IS:   0.0000000E+00  0.0000000E+00
nid001162.dogwood.wcoss2.ncep.noaa.gov 0:  MAX/MIN DZDT AT LEVEL           49 IS:    6.737549      -4.582031    
nid003773.dogwood.wcoss2.ncep.noaa.gov 2:  MAX/MIN RWMR AT LEVEL          121 IS:   0.0000000E+00  0.0000000E+00
nid001162.dogwood.wcoss2.ncep.noaa.gov 0:  MAX/MIN DZDT AT LEVEL           50 IS:    7.200684      -4.448486    
nid003773.dogwood.wcoss2.ncep.noaa.gov 2:  MAX/MIN RWMR AT LEVEL          122 IS:   0.0000000E+00  0.0000000E+00
nid003773.dogwood.wcoss2.ncep.noaa.gov 2:  MAX/MIN RWMR AT LEVEL          123 IS:   0.0000000E+00  0.0000000E+00
nid001162.dogwood.wcoss2.ncep.noaa.gov 0:  MAX/MIN DZDT AT LEVEL           51 IS:    7.624512      -4.299805    
nid003773.dogwood.wcoss2.ncep.noaa.gov 2:  MAX/MIN RWMR AT LEVEL          124 IS:   0.0000000E+00  0.0000000E+00
nid001162.dogwood.wcoss2.ncep.noaa.gov 0:  MAX/MIN DZDT AT LEVEL           52 IS:    8.003418      -4.212646    
nid003773.dogwood.wcoss2.ncep.noaa.gov 2:  MAX/MIN RWMR AT LEVEL          125 IS:   0.0000000E+00  0.0000000E+00
nid003773.dogwood.wcoss2.ncep.noaa.gov 2:  MAX/MIN RWMR AT LEVEL          126 IS:   0.0000000E+00  0.0000000E+00
nid001162.dogwood.wcoss2.ncep.noaa.gov 0:  MAX/MIN DZDT AT LEVEL           53 IS:    8.326660      -4.119629    
nid003773.dogwood.wcoss2.ncep.noaa.gov 2:  MAX/MIN RWMR AT LEVEL          127 IS:   0.0000000E+00  0.0000000E+00
nid003773.dogwood.wcoss2.ncep.noaa.gov 2:  
 READ ICMR
nid001162.dogwood.wcoss2.ncep.noaa.gov 0:  MAX/MIN DZDT AT LEVEL           54 IS:    8.608887      -4.023438    
nid001162.dogwood.wcoss2.ncep.noaa.gov 0:  MAX/MIN DZDT AT LEVEL           55 IS:    8.872559      -3.906738    
nid001162.dogwood.wcoss2.ncep.noaa.gov 0:  MAX/MIN DZDT AT LEVEL           56 IS:    9.265625      -3.772217    
nid001162.dogwood.wcoss2.ncep.noaa.gov 0:  MAX/MIN DZDT AT LEVEL           57 IS:    9.722168      -3.600464    
nid001162.dogwood.wcoss2.ncep.noaa.gov 0:  MAX/MIN DZDT AT LEVEL           58 IS:    10.16406      -3.391479    
nid001162.dogwood.wcoss2.ncep.noaa.gov 0:  MAX/MIN DZDT AT LEVEL           59 IS:    10.58594      -3.140259    
nid001162.dogwood.wcoss2.ncep.noaa.gov 0:  MAX/MIN DZDT AT LEVEL           60 IS:    10.98975      -2.898315    
nid001162.dogwood.wcoss2.ncep.noaa.gov 0:  MAX/MIN DZDT AT LEVEL           61 IS:    11.35840      -2.643066    
nid001162.dogwood.wcoss2.ncep.noaa.gov 0:  MAX/MIN DZDT AT LEVEL           62 IS:    11.69873      -2.481079    
nid001162.dogwood.wcoss2.ncep.noaa.gov 0:  MAX/MIN DZDT AT LEVEL           63 IS:    12.00830      -2.689209    
nid001162.dogwood.wcoss2.ncep.noaa.gov 0:  MAX/MIN DZDT AT LEVEL           64 IS:    12.31152      -2.805420    
nid001162.dogwood.wcoss2.ncep.noaa.gov 0:  MAX/MIN DZDT AT LEVEL           65 IS:    12.60840      -2.842407    
nid001162.dogwood.wcoss2.ncep.noaa.gov 0:  MAX/MIN DZDT AT LEVEL           66 IS:    12.85840      -2.868774    
nid001162.dogwood.wcoss2.ncep.noaa.gov 0:  MAX/MIN DZDT AT LEVEL           67 IS:    13.04541      -2.934204    
nid001162.dogwood.wcoss2.ncep.noaa.gov 0:  MAX/MIN DZDT AT LEVEL           68 IS:    13.17920      -3.045654    
nid001162.dogwood.wcoss2.ncep.noaa.gov 0:  MAX/MIN DZDT AT LEVEL           69 IS:    13.26807      -3.142822    
nid001162.dogwood.wcoss2.ncep.noaa.gov 0:  MAX/MIN DZDT AT LEVEL           70 IS:    13.33496      -3.168823    
nid001162.dogwood.wcoss2.ncep.noaa.gov 0:  MAX/MIN DZDT AT LEVEL           71 IS:    13.37744      -3.154785    
nid001162.dogwood.wcoss2.ncep.noaa.gov 0:  MAX/MIN DZDT AT LEVEL           72 IS:    13.40283      -3.129517    
nid001162.dogwood.wcoss2.ncep.noaa.gov 0:  MAX/MIN DZDT AT LEVEL           73 IS:    13.31787      -3.076416    
nid001162.dogwood.wcoss2.ncep.noaa.gov 0:  MAX/MIN DZDT AT LEVEL           74 IS:    13.22461      -2.925537    
nid001162.dogwood.wcoss2.ncep.noaa.gov 0:  MAX/MIN DZDT AT LEVEL           75 IS:    13.32715      -2.697266    
nid001162.dogwood.wcoss2.ncep.noaa.gov 0:  MAX/MIN DZDT AT LEVEL           76 IS:    13.04736      -2.454224    
nid001162.dogwood.wcoss2.ncep.noaa.gov 0:  MAX/MIN DZDT AT LEVEL           77 IS:    12.54102      -2.775635    
nid001162.dogwood.wcoss2.ncep.noaa.gov 0:  MAX/MIN DZDT AT LEVEL           78 IS:    11.51660      -2.953003    
nid001162.dogwood.wcoss2.ncep.noaa.gov 0:  MAX/MIN DZDT AT LEVEL           79 IS:    10.08154      -3.169556    
nid001162.dogwood.wcoss2.ncep.noaa.gov 0:  MAX/MIN DZDT AT LEVEL           80 IS:    8.493164      -3.059814    
nid001162.dogwood.wcoss2.ncep.noaa.gov 0:  MAX/MIN DZDT AT LEVEL           81 IS:    7.243896      -2.926392    
nid001162.dogwood.wcoss2.ncep.noaa.gov 0:  MAX/MIN DZDT AT LEVEL           82 IS:    5.689453      -3.028442    
nid001162.dogwood.wcoss2.ncep.noaa.gov 0:  MAX/MIN DZDT AT LEVEL           83 IS:    3.762207      -2.916870    
nid001162.dogwood.wcoss2.ncep.noaa.gov 0:  MAX/MIN DZDT AT LEVEL           84 IS:    1.807312      -2.603638    
nid001162.dogwood.wcoss2.ncep.noaa.gov 0:  MAX/MIN DZDT AT LEVEL           85 IS:    1.926147      -2.321167    
nid001162.dogwood.wcoss2.ncep.noaa.gov 0:  MAX/MIN DZDT AT LEVEL           86 IS:    2.048462      -2.554688    
nid001162.dogwood.wcoss2.ncep.noaa.gov 0:  MAX/MIN DZDT AT LEVEL           87 IS:    1.483643      -2.228516    
nid001162.dogwood.wcoss2.ncep.noaa.gov 0:  MAX/MIN DZDT AT LEVEL           88 IS:    1.246704      -1.826111    
nid001162.dogwood.wcoss2.ncep.noaa.gov 0:  MAX/MIN DZDT AT LEVEL           89 IS:    1.344604      -1.569580    
nid001162.dogwood.wcoss2.ncep.noaa.gov 0:  MAX/MIN DZDT AT LEVEL           90 IS:    1.149780      -1.542969    
nid001162.dogwood.wcoss2.ncep.noaa.gov 0:  MAX/MIN DZDT AT LEVEL           91 IS:    1.074707      -1.480774    
nid001162.dogwood.wcoss2.ncep.noaa.gov 0:  MAX/MIN DZDT AT LEVEL           92 IS:    1.003479      -1.364868    
nid001162.dogwood.wcoss2.ncep.noaa.gov 0:  MAX/MIN DZDT AT LEVEL           93 IS:    1.101135      -1.317871    
nid001162.dogwood.wcoss2.ncep.noaa.gov 0:  MAX/MIN DZDT AT LEVEL           94 IS:    1.033813      -1.307495    
nid001162.dogwood.wcoss2.ncep.noaa.gov 0:  MAX/MIN DZDT AT LEVEL           95 IS:    1.088684      -1.626709    
nid001162.dogwood.wcoss2.ncep.noaa.gov 0:  MAX/MIN DZDT AT LEVEL           96 IS:    1.134399      -1.889038    
nid001162.dogwood.wcoss2.ncep.noaa.gov 0:  MAX/MIN DZDT AT LEVEL           97 IS:    1.271179      -1.916931    
nid001162.dogwood.wcoss2.ncep.noaa.gov 0:  MAX/MIN DZDT AT LEVEL           98 IS:    1.333069      -1.860229    
nid001162.dogwood.wcoss2.ncep.noaa.gov 0:  MAX/MIN DZDT AT LEVEL           99 IS:    1.358643      -1.911072    
nid001162.dogwood.wcoss2.ncep.noaa.gov 0:  MAX/MIN DZDT AT LEVEL          100 IS:    1.185974      -1.466858    
nid001162.dogwood.wcoss2.ncep.noaa.gov 0:  MAX/MIN DZDT AT LEVEL          101 IS:    1.367188      -1.793701    
nid001162.dogwood.wcoss2.ncep.noaa.gov 0:  MAX/MIN DZDT AT LEVEL          102 IS:    1.506287      -1.982971    
nid001162.dogwood.wcoss2.ncep.noaa.gov 0:  MAX/MIN DZDT AT LEVEL          103 IS:    1.225220      -1.901794    
nid001162.dogwood.wcoss2.ncep.noaa.gov 0:  MAX/MIN DZDT AT LEVEL          104 IS:    1.372803      -1.955750    
nid001162.dogwood.wcoss2.ncep.noaa.gov 0:  MAX/MIN DZDT AT LEVEL          105 IS:    1.867554      -2.017090    
nid001162.dogwood.wcoss2.ncep.noaa.gov 0:  MAX/MIN DZDT AT LEVEL          106 IS:    1.777893      -2.106445    
nid001162.dogwood.wcoss2.ncep.noaa.gov 0:  MAX/MIN DZDT AT LEVEL          107 IS:    2.174805      -2.205444    
nid001162.dogwood.wcoss2.ncep.noaa.gov 0:  MAX/MIN DZDT AT LEVEL          108 IS:    2.539673      -2.243774    
nid001162.dogwood.wcoss2.ncep.noaa.gov 0:  MAX/MIN DZDT AT LEVEL          109 IS:    2.805054      -2.706421    
nid001162.dogwood.wcoss2.ncep.noaa.gov 0:  MAX/MIN DZDT AT LEVEL          110 IS:    3.222412      -3.280884    
nid001162.dogwood.wcoss2.ncep.noaa.gov 0:  MAX/MIN DZDT AT LEVEL          111 IS:    3.619385      -3.796265    
nid001162.dogwood.wcoss2.ncep.noaa.gov 0:  MAX/MIN DZDT AT LEVEL          112 IS:    3.918213      -4.026611    
nid001162.dogwood.wcoss2.ncep.noaa.gov 0:  MAX/MIN DZDT AT LEVEL          113 IS:    3.906738      -4.015137    
nid001162.dogwood.wcoss2.ncep.noaa.gov 0:  MAX/MIN DZDT AT LEVEL          114 IS:    3.515869      -4.230957    
nid001162.dogwood.wcoss2.ncep.noaa.gov 0:  MAX/MIN DZDT AT LEVEL          115 IS:    4.635010      -4.076904    
nid001162.dogwood.wcoss2.ncep.noaa.gov 0:  MAX/MIN DZDT AT LEVEL          116 IS:    4.180420      -3.215210    
nid001162.dogwood.wcoss2.ncep.noaa.gov 0:  MAX/MIN DZDT AT LEVEL          117 IS:    1.975159      -1.713501    
nid001162.dogwood.wcoss2.ncep.noaa.gov 0:  MAX/MIN DZDT AT LEVEL          118 IS:    1.012634     -0.9892273    
nid001162.dogwood.wcoss2.ncep.noaa.gov 0:  MAX/MIN DZDT AT LEVEL          119 IS:   0.8657837     -0.8878174    
nid001162.dogwood.wcoss2.ncep.noaa.gov 0:  MAX/MIN DZDT AT LEVEL          120 IS:   0.8280640     -0.5433350    
nid001162.dogwood.wcoss2.ncep.noaa.gov 0:  MAX/MIN DZDT AT LEVEL          121 IS:   0.5081482     -0.3586884    
nid001162.dogwood.wcoss2.ncep.noaa.gov 0:  MAX/MIN DZDT AT LEVEL          122 IS:   0.6576538     -0.3358154    
nid001162.dogwood.wcoss2.ncep.noaa.gov 0:  MAX/MIN DZDT AT LEVEL          123 IS:   0.7468872     -0.2631531    
nid001162.dogwood.wcoss2.ncep.noaa.gov 0:  MAX/MIN DZDT AT LEVEL          124 IS:   0.4139862     -0.2679901    
nid001162.dogwood.wcoss2.ncep.noaa.gov 0:  MAX/MIN DZDT AT LEVEL          125 IS:   0.3368835     -0.2610474    
nid001162.dogwood.wcoss2.ncep.noaa.gov 0:  MAX/MIN DZDT AT LEVEL          126 IS:   0.1107903     -0.3121338    
nid001162.dogwood.wcoss2.ncep.noaa.gov 0:  MAX/MIN DZDT AT LEVEL          127 IS:   0.1706924     -0.2163010    
 
 READ RWMR
nid001641.dogwood.wcoss2.ncep.noaa.gov 1:  MAX/MIN RWMR AT LEVEL            1 IS:   4.1732788E-03  0.0000000E+00
nid001641.dogwood.wcoss2.ncep.noaa.gov 1:  MAX/MIN RWMR AT LEVEL            2 IS:   4.1685104E-03  0.0000000E+00
nid001641.dogwood.wcoss2.ncep.noaa.gov 1:  MAX/MIN RWMR AT LEVEL            3 IS:   4.1608810E-03  0.0000000E+00
nid001641.dogwood.wcoss2.ncep.noaa.gov 1:  MAX/MIN RWMR AT LEVEL            4 IS:   4.1546822E-03  0.0000000E+00
nid001641.dogwood.wcoss2.ncep.noaa.gov 1:  MAX/MIN RWMR AT LEVEL            5 IS:   4.1453838E-03  0.0000000E+00
nid001641.dogwood.wcoss2.ncep.noaa.gov 1:  MAX/MIN RWMR AT LEVEL            6 IS:   4.1351318E-03  0.0000000E+00
nid001641.dogwood.wcoss2.ncep.noaa.gov 1:  MAX/MIN RWMR AT LEVEL            7 IS:   4.1277409E-03  0.0000000E+00
nid001641.dogwood.wcoss2.ncep.noaa.gov 1:  MAX/MIN RWMR AT LEVEL            8 IS:   4.1382313E-03  0.0000000E+00
nid001641.dogwood.wcoss2.ncep.noaa.gov 1:  MAX/MIN RWMR AT LEVEL            9 IS:   4.1434765E-03  0.0000000E+00
nid001641.dogwood.wcoss2.ncep.noaa.gov 1:  MAX/MIN RWMR AT LEVEL           10 IS:   4.1441917E-03  0.0000000E+00
nid001641.dogwood.wcoss2.ncep.noaa.gov 1:  MAX/MIN RWMR AT LEVEL           11 IS:   4.1399002E-03  0.0000000E+00
nid001641.dogwood.wcoss2.ncep.noaa.gov 1:  MAX/MIN RWMR AT LEVEL           12 IS:   4.1303635E-03  0.0000000E+00
nid001641.dogwood.wcoss2.ncep.noaa.gov 1:  MAX/MIN RWMR AT LEVEL           13 IS:   4.1213036E-03  0.0000000E+00
nid001641.dogwood.wcoss2.ncep.noaa.gov 1:  MAX/MIN RWMR AT LEVEL           14 IS:   4.1127205E-03  0.0000000E+00
nid001641.dogwood.wcoss2.ncep.noaa.gov 1:  MAX/MIN RWMR AT LEVEL           15 IS:   4.1046143E-03  0.0000000E+00
nid001641.dogwood.wcoss2.ncep.noaa.gov 1:  MAX/MIN RWMR AT LEVEL           16 IS:   4.0969849E-03  0.0000000E+00
nid001641.dogwood.wcoss2.ncep.noaa.gov 1:  MAX/MIN RWMR AT LEVEL           17 IS:   4.0903091E-03  0.0000000E+00
nid001641.dogwood.wcoss2.ncep.noaa.gov 1:  MAX/MIN RWMR AT LEVEL           18 IS:   4.0853024E-03  0.0000000E+00
nid001641.dogwood.wcoss2.ncep.noaa.gov 1:  MAX/MIN RWMR AT LEVEL           19 IS:   4.0895939E-03  0.0000000E+00
nid001641.dogwood.wcoss2.ncep.noaa.gov 1:  MAX/MIN RWMR AT LEVEL           20 IS:   4.0941238E-03  0.0000000E+00
nid001641.dogwood.wcoss2.ncep.noaa.gov 1:  MAX/MIN RWMR AT LEVEL           21 IS:   4.0972233E-03  0.0000000E+00
nid001641.dogwood.wcoss2.ncep.noaa.gov 1:  MAX/MIN RWMR AT LEVEL           22 IS:   4.1027069E-03  0.0000000E+00
nid001641.dogwood.wcoss2.ncep.noaa.gov 1:  MAX/MIN RWMR AT LEVEL           23 IS:   4.1122437E-03  0.0000000E+00
nid001641.dogwood.wcoss2.ncep.noaa.gov 1:  MAX/MIN RWMR AT LEVEL           24 IS:   4.1220188E-03  0.0000000E+00
nid001641.dogwood.wcoss2.ncep.noaa.gov 1:  MAX/MIN RWMR AT LEVEL           25 IS:   4.1341782E-03  0.0000000E+00
nid001641.dogwood.wcoss2.ncep.noaa.gov 1:  MAX/MIN RWMR AT LEVEL           26 IS:   4.1522980E-03  0.0000000E+00
nid001641.dogwood.wcoss2.ncep.noaa.gov 1:  MAX/MIN RWMR AT LEVEL           27 IS:   4.1749477E-03  0.0000000E+00
nid001641.dogwood.wcoss2.ncep.noaa.gov 1:  MAX/MIN RWMR AT LEVEL           28 IS:   4.1916370E-03  0.0000000E+00
nid001641.dogwood.wcoss2.ncep.noaa.gov 1:  MAX/MIN RWMR AT LEVEL           29 IS:   4.1916370E-03  0.0000000E+00
nid001641.dogwood.wcoss2.ncep.noaa.gov 1:  MAX/MIN RWMR AT LEVEL           30 IS:   4.1761398E-03  0.0000000E+00
nid001641.dogwood.wcoss2.ncep.noaa.gov 1:  MAX/MIN RWMR AT LEVEL           31 IS:   4.1453838E-03  0.0000000E+00
nid001641.dogwood.wcoss2.ncep.noaa.gov 1:  MAX/MIN RWMR AT LEVEL           32 IS:   4.0979385E-03  0.0000000E+00
nid001641.dogwood.wcoss2.ncep.noaa.gov 1:  MAX/MIN RWMR AT LEVEL           33 IS:   4.0359497E-03  0.0000000E+00
nid001641.dogwood.wcoss2.ncep.noaa.gov 1:  MAX/MIN RWMR AT LEVEL           34 IS:   4.0330887E-03  0.0000000E+00
nid001641.dogwood.wcoss2.ncep.noaa.gov 1:  MAX/MIN RWMR AT LEVEL           35 IS:   4.2831898E-03  0.0000000E+00
nid001641.dogwood.wcoss2.ncep.noaa.gov 1:  MAX/MIN RWMR AT LEVEL           36 IS:   4.2984486E-03  0.0000000E+00
nid001641.dogwood.wcoss2.ncep.noaa.gov 1:  MAX/MIN RWMR AT LEVEL           37 IS:   4.1279793E-03  0.0000000E+00
nid001641.dogwood.wcoss2.ncep.noaa.gov 1:  MAX/MIN RWMR AT LEVEL           38 IS:   3.8576126E-03  0.0000000E+00
nid001641.dogwood.wcoss2.ncep.noaa.gov 1:  MAX/MIN RWMR AT LEVEL           39 IS:   3.9006472E-03  0.0000000E+00
nid001641.dogwood.wcoss2.ncep.noaa.gov 1:  MAX/MIN RWMR AT LEVEL           40 IS:   4.0054321E-03  0.0000000E+00
nid001641.dogwood.wcoss2.ncep.noaa.gov 1:  MAX/MIN RWMR AT LEVEL           41 IS:   3.7227869E-03  0.0000000E+00
nid001641.dogwood.wcoss2.ncep.noaa.gov 1:  MAX/MIN RWMR AT LEVEL           42 IS:   2.7238131E-03  0.0000000E+00
nid001641.dogwood.wcoss2.ncep.noaa.gov 1:  MAX/MIN RWMR AT LEVEL           43 IS:   2.0129681E-03  0.0000000E+00
nid001641.dogwood.wcoss2.ncep.noaa.gov 1:  MAX/MIN RWMR AT LEVEL           44 IS:   1.8725991E-03  0.0000000E+00
nid001641.dogwood.wcoss2.ncep.noaa.gov 1:  MAX/MIN RWMR AT LEVEL           45 IS:   1.3800263E-03  0.0000000E+00
nid001641.dogwood.wcoss2.ncep.noaa.gov 1:  MAX/MIN RWMR AT LEVEL           46 IS:   9.6696615E-04  0.0000000E+00
nid001641.dogwood.wcoss2.ncep.noaa.gov 1:  MAX/MIN RWMR AT LEVEL           47 IS:   1.0067225E-03  0.0000000E+00
nid001641.dogwood.wcoss2.ncep.noaa.gov 1:  MAX/MIN RWMR AT LEVEL           48 IS:   8.9406967E-04  0.0000000E+00
nid001641.dogwood.wcoss2.ncep.noaa.gov 1:  MAX/MIN RWMR AT LEVEL           49 IS:   7.6663494E-04  0.0000000E+00
nid001641.dogwood.wcoss2.ncep.noaa.gov 1:  MAX/MIN RWMR AT LEVEL           50 IS:   6.3800812E-04  0.0000000E+00
nid001641.dogwood.wcoss2.ncep.noaa.gov 1:  MAX/MIN RWMR AT LEVEL           51 IS:   6.2161684E-04  0.0000000E+00
nid001641.dogwood.wcoss2.ncep.noaa.gov 1:  MAX/MIN RWMR AT LEVEL           52 IS:   5.7518482E-04  0.0000000E+00
nid001641.dogwood.wcoss2.ncep.noaa.gov 1:  MAX/MIN RWMR AT LEVEL           53 IS:   5.6087971E-04  0.0000000E+00
nid001641.dogwood.wcoss2.ncep.noaa.gov 1:  MAX/MIN RWMR AT LEVEL           54 IS:   5.4761767E-04  0.0000000E+00
nid001641.dogwood.wcoss2.ncep.noaa.gov 1:  MAX/MIN RWMR AT LEVEL           55 IS:   5.0517917E-04  0.0000000E+00
nid001641.dogwood.wcoss2.ncep.noaa.gov 1:  MAX/MIN RWMR AT LEVEL           56 IS:   4.3128431E-04  0.0000000E+00
nid001641.dogwood.wcoss2.ncep.noaa.gov 1:  MAX/MIN RWMR AT LEVEL           57 IS:   4.1121244E-04  0.0000000E+00
nid001641.dogwood.wcoss2.ncep.noaa.gov 1:  MAX/MIN RWMR AT LEVEL           58 IS:   3.9626658E-04  0.0000000E+00
nid001641.dogwood.wcoss2.ncep.noaa.gov 1:  MAX/MIN RWMR AT LEVEL           59 IS:   2.7836859E-04  0.0000000E+00
nid001641.dogwood.wcoss2.ncep.noaa.gov 1:  MAX/MIN RWMR AT LEVEL           60 IS:   1.1927634E-04  0.0000000E+00
nid001641.dogwood.wcoss2.ncep.noaa.gov 1:  MAX/MIN RWMR AT LEVEL           61 IS:   7.0270151E-05  0.0000000E+00
nid001641.dogwood.wcoss2.ncep.noaa.gov 1:  MAX/MIN RWMR AT LEVEL           62 IS:   3.1173229E-05  0.0000000E+00
nid001641.dogwood.wcoss2.ncep.noaa.gov 1:  MAX/MIN RWMR AT LEVEL           63 IS:   9.3886629E-06  0.0000000E+00
nid001641.dogwood.wcoss2.ncep.noaa.gov 1:  MAX/MIN RWMR AT LEVEL           64 IS:   3.7591672E-06  0.0000000E+00
nid001641.dogwood.wcoss2.ncep.noaa.gov 1:  MAX/MIN RWMR AT LEVEL           65 IS:   9.3886047E-07  0.0000000E+00
nid001641.dogwood.wcoss2.ncep.noaa.gov 1:  MAX/MIN RWMR AT LEVEL           66 IS:   4.2114698E-07  0.0000000E+00
nid001641.dogwood.wcoss2.ncep.noaa.gov 1:  MAX/MIN RWMR AT LEVEL           67 IS:   3.0062802E-07  0.0000000E+00
nid001641.dogwood.wcoss2.ncep.noaa.gov 1:  MAX/MIN RWMR AT LEVEL           68 IS:   1.0136500E-07  0.0000000E+00
nid001641.dogwood.wcoss2.ncep.noaa.gov 1:  MAX/MIN RWMR AT LEVEL           69 IS:   1.8284481E-08  0.0000000E+00
nid001641.dogwood.wcoss2.ncep.noaa.gov 1:  MAX/MIN RWMR AT LEVEL           70 IS:   1.2286838E-12  0.0000000E+00
nid001641.dogwood.wcoss2.ncep.noaa.gov 1:  MAX/MIN RWMR AT LEVEL           71 IS:   0.0000000E+00  0.0000000E+00
nid001641.dogwood.wcoss2.ncep.noaa.gov 1:  MAX/MIN RWMR AT LEVEL           72 IS:   0.0000000E+00  0.0000000E+00
nid001641.dogwood.wcoss2.ncep.noaa.gov 1:  MAX/MIN RWMR AT LEVEL           73 IS:   0.0000000E+00  0.0000000E+00
nid001641.dogwood.wcoss2.ncep.noaa.gov 1:  MAX/MIN RWMR AT LEVEL           74 IS:   0.0000000E+00  0.0000000E+00
nid001641.dogwood.wcoss2.ncep.noaa.gov 1:  MAX/MIN RWMR AT LEVEL           75 IS:   0.0000000E+00  0.0000000E+00
nid001641.dogwood.wcoss2.ncep.noaa.gov 1:  MAX/MIN RWMR AT LEVEL           76 IS:   0.0000000E+00  0.0000000E+00
nid001641.dogwood.wcoss2.ncep.noaa.gov 1:  MAX/MIN RWMR AT LEVEL           77 IS:   0.0000000E+00  0.0000000E+00
nid001641.dogwood.wcoss2.ncep.noaa.gov 1:  MAX/MIN RWMR AT LEVEL           78 IS:   0.0000000E+00  0.0000000E+00
nid001641.dogwood.wcoss2.ncep.noaa.gov 1:  MAX/MIN RWMR AT LEVEL           79 IS:   0.0000000E+00  0.0000000E+00
nid001641.dogwood.wcoss2.ncep.noaa.gov 1:  MAX/MIN RWMR AT LEVEL           80 IS:   0.0000000E+00  0.0000000E+00
nid001641.dogwood.wcoss2.ncep.noaa.gov 1:  MAX/MIN RWMR AT LEVEL           81 IS:   0.0000000E+00  0.0000000E+00
nid001641.dogwood.wcoss2.ncep.noaa.gov 1:  MAX/MIN RWMR AT LEVEL           82 IS:   0.0000000E+00  0.0000000E+00
nid001641.dogwood.wcoss2.ncep.noaa.gov 1:  MAX/MIN RWMR AT LEVEL           83 IS:   0.0000000E+00  0.0000000E+00
nid001641.dogwood.wcoss2.ncep.noaa.gov 1:  MAX/MIN RWMR AT LEVEL           84 IS:   0.0000000E+00  0.0000000E+00
nid001641.dogwood.wcoss2.ncep.noaa.gov 1:  MAX/MIN RWMR AT LEVEL           85 IS:   0.0000000E+00  0.0000000E+00
nid001641.dogwood.wcoss2.ncep.noaa.gov 1:  MAX/MIN RWMR AT LEVEL           86 IS:   0.0000000E+00  0.0000000E+00
nid001641.dogwood.wcoss2.ncep.noaa.gov 1:  MAX/MIN RWMR AT LEVEL           87 IS:   0.0000000E+00  0.0000000E+00
nid001641.dogwood.wcoss2.ncep.noaa.gov 1:  MAX/MIN RWMR AT LEVEL           88 IS:   0.0000000E+00  0.0000000E+00
nid001641.dogwood.wcoss2.ncep.noaa.gov 1:  MAX/MIN RWMR AT LEVEL           89 IS:   0.0000000E+00  0.0000000E+00
nid001641.dogwood.wcoss2.ncep.noaa.gov 1:  MAX/MIN RWMR AT LEVEL           90 IS:   0.0000000E+00  0.0000000E+00
nid001641.dogwood.wcoss2.ncep.noaa.gov 1:  MAX/MIN RWMR AT LEVEL           91 IS:   0.0000000E+00  0.0000000E+00
nid001641.dogwood.wcoss2.ncep.noaa.gov 1:  MAX/MIN RWMR AT LEVEL           92 IS:   0.0000000E+00  0.0000000E+00
nid001641.dogwood.wcoss2.ncep.noaa.gov 1:  MAX/MIN RWMR AT LEVEL           93 IS:   0.0000000E+00  0.0000000E+00
nid001641.dogwood.wcoss2.ncep.noaa.gov 1:  MAX/MIN RWMR AT LEVEL           94 IS:   0.0000000E+00  0.0000000E+00
nid001641.dogwood.wcoss2.ncep.noaa.gov 1:  MAX/MIN RWMR AT LEVEL           95 IS:   0.0000000E+00  0.0000000E+00
nid001641.dogwood.wcoss2.ncep.noaa.gov 1:  MAX/MIN RWMR AT LEVEL           96 IS:   0.0000000E+00  0.0000000E+00
nid001641.dogwood.wcoss2.ncep.noaa.gov 1:  MAX/MIN RWMR AT LEVEL           97 IS:   0.0000000E+00  0.0000000E+00
nid001641.dogwood.wcoss2.ncep.noaa.gov 1:  MAX/MIN RWMR AT LEVEL           98 IS:   0.0000000E+00  0.0000000E+00
nid001641.dogwood.wcoss2.ncep.noaa.gov 1:  MAX/MIN RWMR AT LEVEL           99 IS:   0.0000000E+00  0.0000000E+00
nid001641.dogwood.wcoss2.ncep.noaa.gov 1:  MAX/MIN RWMR AT LEVEL          100 IS:   0.0000000E+00  0.0000000E+00
nid001641.dogwood.wcoss2.ncep.noaa.gov 1:  MAX/MIN RWMR AT LEVEL          101 IS:   0.0000000E+00  0.0000000E+00
nid001641.dogwood.wcoss2.ncep.noaa.gov 1:  MAX/MIN RWMR AT LEVEL          102 IS:   0.0000000E+00  0.0000000E+00
nid001641.dogwood.wcoss2.ncep.noaa.gov 1:  MAX/MIN RWMR AT LEVEL          103 IS:   0.0000000E+00  0.0000000E+00
nid001641.dogwood.wcoss2.ncep.noaa.gov 1:  MAX/MIN RWMR AT LEVEL          104 IS:   0.0000000E+00  0.0000000E+00
nid001641.dogwood.wcoss2.ncep.noaa.gov 1:  MAX/MIN RWMR AT LEVEL          105 IS:   0.0000000E+00  0.0000000E+00
nid001641.dogwood.wcoss2.ncep.noaa.gov 1:  MAX/MIN RWMR AT LEVEL          106 IS:   0.0000000E+00  0.0000000E+00
nid001641.dogwood.wcoss2.ncep.noaa.gov 1:  MAX/MIN RWMR AT LEVEL          107 IS:   0.0000000E+00  0.0000000E+00
nid001641.dogwood.wcoss2.ncep.noaa.gov 1:  MAX/MIN RWMR AT LEVEL          108 IS:   0.0000000E+00  0.0000000E+00
nid001641.dogwood.wcoss2.ncep.noaa.gov 1:  MAX/MIN RWMR AT LEVEL          109 IS:   0.0000000E+00  0.0000000E+00
nid001641.dogwood.wcoss2.ncep.noaa.gov 1:  MAX/MIN RWMR AT LEVEL          110 IS:   0.0000000E+00  0.0000000E+00
nid001641.dogwood.wcoss2.ncep.noaa.gov 1:  MAX/MIN RWMR AT LEVEL          111 IS:   0.0000000E+00  0.0000000E+00
nid001641.dogwood.wcoss2.ncep.noaa.gov 1:  MAX/MIN RWMR AT LEVEL          112 IS:   0.0000000E+00  0.0000000E+00
nid001641.dogwood.wcoss2.ncep.noaa.gov 1:  MAX/MIN RWMR AT LEVEL          113 IS:   0.0000000E+00  0.0000000E+00
nid001641.dogwood.wcoss2.ncep.noaa.gov 1:  MAX/MIN RWMR AT LEVEL          114 IS:   0.0000000E+00  0.0000000E+00
nid001641.dogwood.wcoss2.ncep.noaa.gov 1:  MAX/MIN RWMR AT LEVEL          115 IS:   0.0000000E+00  0.0000000E+00
nid001641.dogwood.wcoss2.ncep.noaa.gov 1:  MAX/MIN RWMR AT LEVEL          116 IS:   0.0000000E+00  0.0000000E+00
nid001641.dogwood.wcoss2.ncep.noaa.gov 1:  MAX/MIN RWMR AT LEVEL          117 IS:   0.0000000E+00  0.0000000E+00
nid001641.dogwood.wcoss2.ncep.noaa.gov 1:  MAX/MIN RWMR AT LEVEL          118 IS:   0.0000000E+00  0.0000000E+00
nid001641.dogwood.wcoss2.ncep.noaa.gov 1:  MAX/MIN RWMR AT LEVEL          119 IS:   0.0000000E+00  0.0000000E+00
nid001641.dogwood.wcoss2.ncep.noaa.gov 1:  MAX/MIN RWMR AT LEVEL          120 IS:   0.0000000E+00  0.0000000E+00
nid001641.dogwood.wcoss2.ncep.noaa.gov 1:  MAX/MIN RWMR AT LEVEL          121 IS:   0.0000000E+00  0.0000000E+00
nid001641.dogwood.wcoss2.ncep.noaa.gov 1:  MAX/MIN RWMR AT LEVEL          122 IS:   0.0000000E+00  0.0000000E+00
nid001641.dogwood.wcoss2.ncep.noaa.gov 1:  MAX/MIN RWMR AT LEVEL          123 IS:   0.0000000E+00  0.0000000E+00
nid001641.dogwood.wcoss2.ncep.noaa.gov 1:  MAX/MIN RWMR AT LEVEL          124 IS:   0.0000000E+00  0.0000000E+00
nid001641.dogwood.wcoss2.ncep.noaa.gov 1:  MAX/MIN RWMR AT LEVEL          125 IS:   0.0000000E+00  0.0000000E+00
nid001641.dogwood.wcoss2.ncep.noaa.gov 1:  MAX/MIN RWMR AT LEVEL          126 IS:   0.0000000E+00  0.0000000E+00
nid001641.dogwood.wcoss2.ncep.noaa.gov 1:  MAX/MIN RWMR AT LEVEL          127 IS:   0.0000000E+00  0.0000000E+00
nid001641.dogwood.wcoss2.ncep.noaa.gov 1:  
 READ ICMR
nid003773.dogwood.wcoss2.ncep.noaa.gov 2:  MAX/MIN ICMR AT LEVEL            1 IS:   9.7092241E-05  0.0000000E+00
nid003773.dogwood.wcoss2.ncep.noaa.gov 2:  MAX/MIN ICMR AT LEVEL            2 IS:   9.8057091E-05  0.0000000E+00
nid003773.dogwood.wcoss2.ncep.noaa.gov 2:  MAX/MIN ICMR AT LEVEL            3 IS:   1.0025129E-04  0.0000000E+00
nid003773.dogwood.wcoss2.ncep.noaa.gov 2:  MAX/MIN ICMR AT LEVEL            4 IS:   1.0276586E-04  0.0000000E+00
nid003773.dogwood.wcoss2.ncep.noaa.gov 2:  MAX/MIN ICMR AT LEVEL            5 IS:   1.0408089E-04  0.0000000E+00
nid003773.dogwood.wcoss2.ncep.noaa.gov 2:  MAX/MIN ICMR AT LEVEL            6 IS:   1.0917336E-04  0.0000000E+00
nid003773.dogwood.wcoss2.ncep.noaa.gov 2:  MAX/MIN ICMR AT LEVEL            7 IS:   1.1518598E-04  0.0000000E+00
nid003773.dogwood.wcoss2.ncep.noaa.gov 2:  MAX/MIN ICMR AT LEVEL            8 IS:   1.2187660E-04  0.0000000E+00
nid003773.dogwood.wcoss2.ncep.noaa.gov 2:  MAX/MIN ICMR AT LEVEL            9 IS:   1.2868643E-04  0.0000000E+00
nid003773.dogwood.wcoss2.ncep.noaa.gov 2:  MAX/MIN ICMR AT LEVEL           10 IS:   1.3579428E-04  0.0000000E+00
nid003773.dogwood.wcoss2.ncep.noaa.gov 2:  MAX/MIN ICMR AT LEVEL           11 IS:   1.4284998E-04  0.0000000E+00
nid003773.dogwood.wcoss2.ncep.noaa.gov 2:  MAX/MIN ICMR AT LEVEL           12 IS:   1.4940649E-04  0.0000000E+00
nid003773.dogwood.wcoss2.ncep.noaa.gov 2:  MAX/MIN ICMR AT LEVEL           13 IS:   1.5549362E-04  0.0000000E+00
nid003773.dogwood.wcoss2.ncep.noaa.gov 2:  MAX/MIN ICMR AT LEVEL           14 IS:   1.6073138E-04  0.0000000E+00
nid003773.dogwood.wcoss2.ncep.noaa.gov 2:  MAX/MIN ICMR AT LEVEL           15 IS:   1.6574562E-04  0.0000000E+00
nid003773.dogwood.wcoss2.ncep.noaa.gov 2:  MAX/MIN ICMR AT LEVEL           16 IS:   1.7051399E-04  0.0000000E+00
nid003773.dogwood.wcoss2.ncep.noaa.gov 2:  MAX/MIN ICMR AT LEVEL           17 IS:   1.7457455E-04  0.0000000E+00
nid003773.dogwood.wcoss2.ncep.noaa.gov 2:  MAX/MIN ICMR AT LEVEL           18 IS:   1.7854571E-04  0.0000000E+00
nid003773.dogwood.wcoss2.ncep.noaa.gov 2:  MAX/MIN ICMR AT LEVEL           19 IS:   1.8362701E-04  0.0000000E+00
nid003773.dogwood.wcoss2.ncep.noaa.gov 2:  MAX/MIN ICMR AT LEVEL           20 IS:   1.8721074E-04  0.0000000E+00
nid003773.dogwood.wcoss2.ncep.noaa.gov 2:  MAX/MIN ICMR AT LEVEL           21 IS:   1.8797815E-04  0.0000000E+00
nid003773.dogwood.wcoss2.ncep.noaa.gov 2:  MAX/MIN ICMR AT LEVEL           22 IS:   1.8864125E-04  0.0000000E+00
nid003773.dogwood.wcoss2.ncep.noaa.gov 2:  MAX/MIN ICMR AT LEVEL           23 IS:   1.9038469E-04  0.0000000E+00
nid003773.dogwood.wcoss2.ncep.noaa.gov 2:  MAX/MIN ICMR AT LEVEL           24 IS:   1.9077212E-04  0.0000000E+00
nid003773.dogwood.wcoss2.ncep.noaa.gov 2:  MAX/MIN ICMR AT LEVEL           25 IS:   1.8928200E-04  0.0000000E+00
nid003773.dogwood.wcoss2.ncep.noaa.gov 2:  MAX/MIN ICMR AT LEVEL           26 IS:   1.8535554E-04  0.0000000E+00
nid003773.dogwood.wcoss2.ncep.noaa.gov 2:  MAX/MIN ICMR AT LEVEL           27 IS:   1.7831475E-04  0.0000000E+00
nid003773.dogwood.wcoss2.ncep.noaa.gov 2:  MAX/MIN ICMR AT LEVEL           28 IS:   1.7219782E-04  0.0000000E+00
nid003773.dogwood.wcoss2.ncep.noaa.gov 2:  MAX/MIN ICMR AT LEVEL           29 IS:   1.6973913E-04  0.0000000E+00
nid003773.dogwood.wcoss2.ncep.noaa.gov 2:  MAX/MIN ICMR AT LEVEL           30 IS:   1.6571581E-04  0.0000000E+00
nid003773.dogwood.wcoss2.ncep.noaa.gov 2:  MAX/MIN ICMR AT LEVEL           31 IS:   1.5926361E-04  0.0000000E+00
nid003773.dogwood.wcoss2.ncep.noaa.gov 2:  MAX/MIN ICMR AT LEVEL           32 IS:   1.4951825E-04  0.0000000E+00
nid003773.dogwood.wcoss2.ncep.noaa.gov 2:  MAX/MIN ICMR AT LEVEL           33 IS:   1.4928728E-04  0.0000000E+00
nid003773.dogwood.wcoss2.ncep.noaa.gov 2:  MAX/MIN ICMR AT LEVEL           34 IS:   1.4665723E-04  0.0000000E+00
nid003773.dogwood.wcoss2.ncep.noaa.gov 2:  MAX/MIN ICMR AT LEVEL           35 IS:   1.4320761E-04  0.0000000E+00
nid003773.dogwood.wcoss2.ncep.noaa.gov 2:  MAX/MIN ICMR AT LEVEL           36 IS:   1.4241785E-04  0.0000000E+00
nid003773.dogwood.wcoss2.ncep.noaa.gov 2:  MAX/MIN ICMR AT LEVEL           37 IS:   1.4403462E-04  0.0000000E+00
nid003773.dogwood.wcoss2.ncep.noaa.gov 2:  MAX/MIN ICMR AT LEVEL           38 IS:   1.6612560E-04  0.0000000E+00
nid003773.dogwood.wcoss2.ncep.noaa.gov 2:  MAX/MIN ICMR AT LEVEL           39 IS:   1.7783046E-04  0.0000000E+00
nid003773.dogwood.wcoss2.ncep.noaa.gov 2:  MAX/MIN ICMR AT LEVEL           40 IS:   1.8221885E-04  0.0000000E+00
nid003773.dogwood.wcoss2.ncep.noaa.gov 2:  MAX/MIN ICMR AT LEVEL           41 IS:   1.8634647E-04  0.0000000E+00
nid003773.dogwood.wcoss2.ncep.noaa.gov 2:  MAX/MIN ICMR AT LEVEL           42 IS:   1.8609315E-04  0.0000000E+00
nid003773.dogwood.wcoss2.ncep.noaa.gov 2:  MAX/MIN ICMR AT LEVEL           43 IS:   1.8312037E-04  0.0000000E+00
nid003773.dogwood.wcoss2.ncep.noaa.gov 2:  MAX/MIN ICMR AT LEVEL           44 IS:   1.8721819E-04  0.0000000E+00
nid003773.dogwood.wcoss2.ncep.noaa.gov 2:  MAX/MIN ICMR AT LEVEL           45 IS:   1.9227713E-04  0.0000000E+00
nid003773.dogwood.wcoss2.ncep.noaa.gov 2:  MAX/MIN ICMR AT LEVEL           46 IS:   1.8988550E-04  0.0000000E+00
nid003773.dogwood.wcoss2.ncep.noaa.gov 2:  MAX/MIN ICMR AT LEVEL           47 IS:   2.7322769E-04  0.0000000E+00
nid003773.dogwood.wcoss2.ncep.noaa.gov 2:  MAX/MIN ICMR AT LEVEL           48 IS:   3.2500923E-04  0.0000000E+00
nid003773.dogwood.wcoss2.ncep.noaa.gov 2:  MAX/MIN ICMR AT LEVEL           49 IS:   3.2643974E-04  0.0000000E+00
nid003773.dogwood.wcoss2.ncep.noaa.gov 2:  MAX/MIN ICMR AT LEVEL           50 IS:   3.1834841E-04  0.0000000E+00
nid003773.dogwood.wcoss2.ncep.noaa.gov 2:  MAX/MIN ICMR AT LEVEL           51 IS:   3.1454861E-04  0.0000000E+00
nid003773.dogwood.wcoss2.ncep.noaa.gov 2:  MAX/MIN ICMR AT LEVEL           52 IS:   3.0511618E-04  0.0000000E+00
nid003773.dogwood.wcoss2.ncep.noaa.gov 2:  MAX/MIN ICMR AT LEVEL           53 IS:   2.8158724E-04  0.0000000E+00
nid003773.dogwood.wcoss2.ncep.noaa.gov 2:  MAX/MIN ICMR AT LEVEL           54 IS:   2.8038025E-04  0.0000000E+00
nid003773.dogwood.wcoss2.ncep.noaa.gov 2:  MAX/MIN ICMR AT LEVEL           55 IS:   3.1940639E-04  0.0000000E+00
nid003773.dogwood.wcoss2.ncep.noaa.gov 2:  MAX/MIN ICMR AT LEVEL           56 IS:   3.4523010E-04  0.0000000E+00
nid003773.dogwood.wcoss2.ncep.noaa.gov 2:  MAX/MIN ICMR AT LEVEL           57 IS:   3.5074353E-04  0.0000000E+00
nid003773.dogwood.wcoss2.ncep.noaa.gov 2:  MAX/MIN ICMR AT LEVEL           58 IS:   4.4162571E-04  0.0000000E+00
nid003773.dogwood.wcoss2.ncep.noaa.gov 2:  MAX/MIN ICMR AT LEVEL           59 IS:   5.6234002E-04  0.0000000E+00
nid003773.dogwood.wcoss2.ncep.noaa.gov 2:  MAX/MIN ICMR AT LEVEL           60 IS:   6.6891313E-04  0.0000000E+00
nid001162.dogwood.wcoss2.ncep.noaa.gov 0:  MAX/MIN RWMR AT LEVEL            1 IS:   3.2716990E-03  0.0000000E+00
nid003773.dogwood.wcoss2.ncep.noaa.gov 2:  MAX/MIN ICMR AT LEVEL           61 IS:   7.2234869E-04  0.0000000E+00
nid001162.dogwood.wcoss2.ncep.noaa.gov 0:  MAX/MIN RWMR AT LEVEL            2 IS:   3.2739639E-03  0.0000000E+00
nid003773.dogwood.wcoss2.ncep.noaa.gov 2:  MAX/MIN ICMR AT LEVEL           62 IS:   9.4985962E-04  0.0000000E+00
nid001162.dogwood.wcoss2.ncep.noaa.gov 0:  MAX/MIN RWMR AT LEVEL            3 IS:   3.2765865E-03  0.0000000E+00
nid003773.dogwood.wcoss2.ncep.noaa.gov 2:  MAX/MIN ICMR AT LEVEL           63 IS:   1.6110539E-03  0.0000000E+00
nid001162.dogwood.wcoss2.ncep.noaa.gov 0:  MAX/MIN RWMR AT LEVEL            4 IS:   3.2780170E-03  0.0000000E+00
nid003773.dogwood.wcoss2.ncep.noaa.gov 2:  MAX/MIN ICMR AT LEVEL           64 IS:   1.9407272E-03  0.0000000E+00
nid001162.dogwood.wcoss2.ncep.noaa.gov 0:  MAX/MIN RWMR AT LEVEL            5 IS:   3.2789707E-03  0.0000000E+00
nid003773.dogwood.wcoss2.ncep.noaa.gov 2:  MAX/MIN ICMR AT LEVEL           65 IS:   2.1187067E-03  0.0000000E+00
nid001162.dogwood.wcoss2.ncep.noaa.gov 0:  MAX/MIN RWMR AT LEVEL            6 IS:   3.2775402E-03  0.0000000E+00
nid003773.dogwood.wcoss2.ncep.noaa.gov 2:  MAX/MIN ICMR AT LEVEL           66 IS:   2.0178556E-03  0.0000000E+00
nid001162.dogwood.wcoss2.ncep.noaa.gov 0:  MAX/MIN RWMR AT LEVEL            7 IS:   3.2808781E-03  0.0000000E+00
nid003773.dogwood.wcoss2.ncep.noaa.gov 2:  MAX/MIN ICMR AT LEVEL           67 IS:   1.6604066E-03  0.0000000E+00
nid001162.dogwood.wcoss2.ncep.noaa.gov 0:  MAX/MIN RWMR AT LEVEL            8 IS:   3.2908916E-03  0.0000000E+00
nid003773.dogwood.wcoss2.ncep.noaa.gov 2:  MAX/MIN ICMR AT LEVEL           68 IS:   1.3301373E-03  0.0000000E+00
nid001162.dogwood.wcoss2.ncep.noaa.gov 0:  MAX/MIN RWMR AT LEVEL            9 IS:   3.3093691E-03  0.0000000E+00
nid003773.dogwood.wcoss2.ncep.noaa.gov 2:  MAX/MIN ICMR AT LEVEL           69 IS:   9.8991394E-04  0.0000000E+00
nid001162.dogwood.wcoss2.ncep.noaa.gov 0:  MAX/MIN RWMR AT LEVEL           10 IS:   3.3345222E-03  0.0000000E+00
nid003773.dogwood.wcoss2.ncep.noaa.gov 2:  MAX/MIN ICMR AT LEVEL           70 IS:   7.8076124E-04  0.0000000E+00
nid001162.dogwood.wcoss2.ncep.noaa.gov 0:  MAX/MIN RWMR AT LEVEL           11 IS:   3.3657551E-03  0.0000000E+00
nid003773.dogwood.wcoss2.ncep.noaa.gov 2:  MAX/MIN ICMR AT LEVEL           71 IS:   6.4378977E-04  0.0000000E+00
nid001162.dogwood.wcoss2.ncep.noaa.gov 0:  MAX/MIN RWMR AT LEVEL           12 IS:   3.3998489E-03  0.0000000E+00
nid003773.dogwood.wcoss2.ncep.noaa.gov 2:  MAX/MIN ICMR AT LEVEL           72 IS:   5.9247017E-04  0.0000000E+00
nid001162.dogwood.wcoss2.ncep.noaa.gov 0:  MAX/MIN RWMR AT LEVEL           13 IS:   3.4395456E-03  0.0000000E+00
nid003773.dogwood.wcoss2.ncep.noaa.gov 2:  MAX/MIN ICMR AT LEVEL           73 IS:   5.8642030E-04  0.0000000E+00
nid001162.dogwood.wcoss2.ncep.noaa.gov 0:  MAX/MIN RWMR AT LEVEL           14 IS:   3.4800768E-03  0.0000000E+00
nid003773.dogwood.wcoss2.ncep.noaa.gov 2:  MAX/MIN ICMR AT LEVEL           74 IS:   6.0248375E-04  0.0000000E+00
nid001162.dogwood.wcoss2.ncep.noaa.gov 0:  MAX/MIN RWMR AT LEVEL           15 IS:   3.5141706E-03  0.0000000E+00
nid003773.dogwood.wcoss2.ncep.noaa.gov 2:  MAX/MIN ICMR AT LEVEL           75 IS:   5.7849288E-04  0.0000000E+00
nid001162.dogwood.wcoss2.ncep.noaa.gov 0:  MAX/MIN RWMR AT LEVEL           16 IS:   3.5396814E-03  0.0000000E+00
nid003773.dogwood.wcoss2.ncep.noaa.gov 2:  MAX/MIN ICMR AT LEVEL           76 IS:   5.4550171E-04  0.0000000E+00
nid001162.dogwood.wcoss2.ncep.noaa.gov 0:  MAX/MIN RWMR AT LEVEL           17 IS:   3.5504103E-03  0.0000000E+00
nid003773.dogwood.wcoss2.ncep.noaa.gov 2:  MAX/MIN ICMR AT LEVEL           77 IS:   5.1462650E-04  0.0000000E+00
nid001162.dogwood.wcoss2.ncep.noaa.gov 0:  MAX/MIN RWMR AT LEVEL           18 IS:   3.5645962E-03  0.0000000E+00
nid003773.dogwood.wcoss2.ncep.noaa.gov 2:  MAX/MIN ICMR AT LEVEL           78 IS:   5.5235624E-04  0.0000000E+00
nid001162.dogwood.wcoss2.ncep.noaa.gov 0:  MAX/MIN RWMR AT LEVEL           19 IS:   3.5774708E-03  0.0000000E+00
nid003773.dogwood.wcoss2.ncep.noaa.gov 2:  MAX/MIN ICMR AT LEVEL           79 IS:   6.3136220E-04  0.0000000E+00
nid001162.dogwood.wcoss2.ncep.noaa.gov 0:  MAX/MIN RWMR AT LEVEL           20 IS:   3.5922527E-03  0.0000000E+00
nid003773.dogwood.wcoss2.ncep.noaa.gov 2:  MAX/MIN ICMR AT LEVEL           80 IS:   5.6895614E-04  0.0000000E+00
nid001162.dogwood.wcoss2.ncep.noaa.gov 0:  MAX/MIN RWMR AT LEVEL           21 IS:   3.6077499E-03  0.0000000E+00
nid003773.dogwood.wcoss2.ncep.noaa.gov 2:  MAX/MIN ICMR AT LEVEL           81 IS:   5.4928660E-04  0.0000000E+00
nid001162.dogwood.wcoss2.ncep.noaa.gov 0:  MAX/MIN RWMR AT LEVEL           22 IS:   3.6286116E-03  0.0000000E+00
nid003773.dogwood.wcoss2.ncep.noaa.gov 2:  MAX/MIN ICMR AT LEVEL           82 IS:   4.9945712E-04  0.0000000E+00
nid001162.dogwood.wcoss2.ncep.noaa.gov 0:  MAX/MIN RWMR AT LEVEL           23 IS:   3.6401749E-03  0.0000000E+00
nid003773.dogwood.wcoss2.ncep.noaa.gov 2:  MAX/MIN ICMR AT LEVEL           83 IS:   3.3013523E-04  0.0000000E+00
nid001162.dogwood.wcoss2.ncep.noaa.gov 0:  MAX/MIN RWMR AT LEVEL           24 IS:   3.6451817E-03  0.0000000E+00
nid003773.dogwood.wcoss2.ncep.noaa.gov 2:  MAX/MIN ICMR AT LEVEL           84 IS:   1.9622594E-04  0.0000000E+00
nid001162.dogwood.wcoss2.ncep.noaa.gov 0:  MAX/MIN RWMR AT LEVEL           25 IS:   3.6954880E-03  0.0000000E+00
nid003773.dogwood.wcoss2.ncep.noaa.gov 2:  MAX/MIN ICMR AT LEVEL           85 IS:   7.6983124E-05  0.0000000E+00
nid001162.dogwood.wcoss2.ncep.noaa.gov 0:  MAX/MIN RWMR AT LEVEL           26 IS:   3.9055347E-03  0.0000000E+00
nid003773.dogwood.wcoss2.ncep.noaa.gov 2:  MAX/MIN ICMR AT LEVEL           86 IS:   4.0812884E-06  0.0000000E+00
nid001162.dogwood.wcoss2.ncep.noaa.gov 0:  MAX/MIN RWMR AT LEVEL           27 IS:   4.1449070E-03  0.0000000E+00
nid003773.dogwood.wcoss2.ncep.noaa.gov 2:  MAX/MIN ICMR AT LEVEL           87 IS:   9.6909935E-07  0.0000000E+00
nid001162.dogwood.wcoss2.ncep.noaa.gov 0:  MAX/MIN RWMR AT LEVEL           28 IS:   4.3778419E-03  0.0000000E+00
nid003773.dogwood.wcoss2.ncep.noaa.gov 2:  MAX/MIN ICMR AT LEVEL           88 IS:   1.5159021E-06  0.0000000E+00
nid001162.dogwood.wcoss2.ncep.noaa.gov 0:  MAX/MIN RWMR AT LEVEL           29 IS:   4.5604706E-03  0.0000000E+00
nid003773.dogwood.wcoss2.ncep.noaa.gov 2:  MAX/MIN ICMR AT LEVEL           89 IS:   1.0704753E-08  0.0000000E+00
nid003773.dogwood.wcoss2.ncep.noaa.gov 2:  MAX/MIN ICMR AT LEVEL           90 IS:   0.0000000E+00  0.0000000E+00
nid003773.dogwood.wcoss2.ncep.noaa.gov 2:  MAX/MIN ICMR AT LEVEL           91 IS:   0.0000000E+00  0.0000000E+00
nid003773.dogwood.wcoss2.ncep.noaa.gov 2:  MAX/MIN ICMR AT LEVEL           92 IS:   0.0000000E+00  0.0000000E+00
nid001162.dogwood.wcoss2.ncep.noaa.gov 0:  MAX/MIN RWMR AT LEVEL           30 IS:   4.6062469E-03  0.0000000E+00
nid003773.dogwood.wcoss2.ncep.noaa.gov 2:  MAX/MIN ICMR AT LEVEL           93 IS:   0.0000000E+00  0.0000000E+00
nid001162.dogwood.wcoss2.ncep.noaa.gov 0:  MAX/MIN RWMR AT LEVEL           31 IS:   4.5204163E-03  0.0000000E+00
nid003773.dogwood.wcoss2.ncep.noaa.gov 2:  MAX/MIN ICMR AT LEVEL           94 IS:   0.0000000E+00  0.0000000E+00
nid003773.dogwood.wcoss2.ncep.noaa.gov 2:  MAX/MIN ICMR AT LEVEL           95 IS:   0.0000000E+00  0.0000000E+00
nid001162.dogwood.wcoss2.ncep.noaa.gov 0:  MAX/MIN RWMR AT LEVEL           32 IS:   4.3282509E-03  0.0000000E+00
nid003773.dogwood.wcoss2.ncep.noaa.gov 2:  MAX/MIN ICMR AT LEVEL           96 IS:   0.0000000E+00  0.0000000E+00
nid003773.dogwood.wcoss2.ncep.noaa.gov 2:  MAX/MIN ICMR AT LEVEL           97 IS:   0.0000000E+00  0.0000000E+00
nid001162.dogwood.wcoss2.ncep.noaa.gov 0:  MAX/MIN RWMR AT LEVEL           33 IS:   4.2371750E-03  0.0000000E+00
nid003773.dogwood.wcoss2.ncep.noaa.gov 2:  MAX/MIN ICMR AT LEVEL           98 IS:   0.0000000E+00  0.0000000E+00
nid003773.dogwood.wcoss2.ncep.noaa.gov 2:  MAX/MIN ICMR AT LEVEL           99 IS:   0.0000000E+00  0.0000000E+00
nid001162.dogwood.wcoss2.ncep.noaa.gov 0:  MAX/MIN RWMR AT LEVEL           34 IS:   4.3382645E-03  0.0000000E+00
nid003773.dogwood.wcoss2.ncep.noaa.gov 2:  MAX/MIN ICMR AT LEVEL          100 IS:   0.0000000E+00  0.0000000E+00
nid001162.dogwood.wcoss2.ncep.noaa.gov 0:  MAX/MIN RWMR AT LEVEL           35 IS:   4.5914650E-03  0.0000000E+00
nid003773.dogwood.wcoss2.ncep.noaa.gov 2:  MAX/MIN ICMR AT LEVEL          101 IS:   0.0000000E+00  0.0000000E+00
nid003773.dogwood.wcoss2.ncep.noaa.gov 2:  MAX/MIN ICMR AT LEVEL          102 IS:   0.0000000E+00  0.0000000E+00
nid001162.dogwood.wcoss2.ncep.noaa.gov 0:  MAX/MIN RWMR AT LEVEL           36 IS:   4.6248436E-03  0.0000000E+00
nid003773.dogwood.wcoss2.ncep.noaa.gov 2:  MAX/MIN ICMR AT LEVEL          103 IS:   0.0000000E+00  0.0000000E+00
nid003773.dogwood.wcoss2.ncep.noaa.gov 2:  MAX/MIN ICMR AT LEVEL          104 IS:   0.0000000E+00  0.0000000E+00
nid001162.dogwood.wcoss2.ncep.noaa.gov 0:  MAX/MIN RWMR AT LEVEL           37 IS:   3.9544106E-03  0.0000000E+00
nid003773.dogwood.wcoss2.ncep.noaa.gov 2:  MAX/MIN ICMR AT LEVEL          105 IS:   0.0000000E+00  0.0000000E+00
nid003773.dogwood.wcoss2.ncep.noaa.gov 2:  MAX/MIN ICMR AT LEVEL          106 IS:   0.0000000E+00  0.0000000E+00
nid001162.dogwood.wcoss2.ncep.noaa.gov 0:  MAX/MIN RWMR AT LEVEL           38 IS:   3.4521818E-03  0.0000000E+00
nid003773.dogwood.wcoss2.ncep.noaa.gov 2:  MAX/MIN ICMR AT LEVEL          107 IS:   0.0000000E+00  0.0000000E+00
nid001162.dogwood.wcoss2.ncep.noaa.gov 0:  MAX/MIN RWMR AT LEVEL           39 IS:   3.2116175E-03  0.0000000E+00
nid003773.dogwood.wcoss2.ncep.noaa.gov 2:  MAX/MIN ICMR AT LEVEL          108 IS:   0.0000000E+00  0.0000000E+00
nid003773.dogwood.wcoss2.ncep.noaa.gov 2:  MAX/MIN ICMR AT LEVEL          109 IS:   0.0000000E+00  0.0000000E+00
nid001162.dogwood.wcoss2.ncep.noaa.gov 0:  MAX/MIN RWMR AT LEVEL           40 IS:   2.8040409E-03  0.0000000E+00
nid003773.dogwood.wcoss2.ncep.noaa.gov 2:  MAX/MIN ICMR AT LEVEL          110 IS:   0.0000000E+00  0.0000000E+00
nid003773.dogwood.wcoss2.ncep.noaa.gov 2:  MAX/MIN ICMR AT LEVEL          111 IS:   0.0000000E+00  0.0000000E+00
nid001162.dogwood.wcoss2.ncep.noaa.gov 0:  MAX/MIN RWMR AT LEVEL           41 IS:   2.7171373E-03  0.0000000E+00
nid003773.dogwood.wcoss2.ncep.noaa.gov 2:  MAX/MIN ICMR AT LEVEL          112 IS:   0.0000000E+00  0.0000000E+00
nid001162.dogwood.wcoss2.ncep.noaa.gov 0:  MAX/MIN RWMR AT LEVEL           42 IS:   2.8154850E-03  0.0000000E+00
nid003773.dogwood.wcoss2.ncep.noaa.gov 2:  MAX/MIN ICMR AT LEVEL          113 IS:   0.0000000E+00  0.0000000E+00
nid003773.dogwood.wcoss2.ncep.noaa.gov 2:  MAX/MIN ICMR AT LEVEL          114 IS:   0.0000000E+00  0.0000000E+00
nid001162.dogwood.wcoss2.ncep.noaa.gov 0:  MAX/MIN RWMR AT LEVEL           43 IS:   2.0925999E-03  0.0000000E+00
nid003773.dogwood.wcoss2.ncep.noaa.gov 2:  MAX/MIN ICMR AT LEVEL          115 IS:   0.0000000E+00  0.0000000E+00
nid001162.dogwood.wcoss2.ncep.noaa.gov 0:  MAX/MIN RWMR AT LEVEL           44 IS:   2.0428896E-03  0.0000000E+00
nid003773.dogwood.wcoss2.ncep.noaa.gov 2:  MAX/MIN ICMR AT LEVEL          116 IS:   0.0000000E+00  0.0000000E+00
nid003773.dogwood.wcoss2.ncep.noaa.gov 2:  MAX/MIN ICMR AT LEVEL          117 IS:   0.0000000E+00  0.0000000E+00
nid001162.dogwood.wcoss2.ncep.noaa.gov 0:  MAX/MIN RWMR AT LEVEL           45 IS:   2.0005703E-03  0.0000000E+00
nid003773.dogwood.wcoss2.ncep.noaa.gov 2:  MAX/MIN ICMR AT LEVEL          118 IS:   0.0000000E+00  0.0000000E+00
nid001162.dogwood.wcoss2.ncep.noaa.gov 0:  MAX/MIN RWMR AT LEVEL           46 IS:   1.9202232E-03  0.0000000E+00
nid003773.dogwood.wcoss2.ncep.noaa.gov 2:  MAX/MIN ICMR AT LEVEL          119 IS:   0.0000000E+00  0.0000000E+00
nid001162.dogwood.wcoss2.ncep.noaa.gov 0:  MAX/MIN RWMR AT LEVEL           47 IS:   1.7754436E-03  0.0000000E+00
nid003773.dogwood.wcoss2.ncep.noaa.gov 2:  MAX/MIN ICMR AT LEVEL          120 IS:   0.0000000E+00  0.0000000E+00
nid003773.dogwood.wcoss2.ncep.noaa.gov 2:  MAX/MIN ICMR AT LEVEL          121 IS:   0.0000000E+00  0.0000000E+00
nid001162.dogwood.wcoss2.ncep.noaa.gov 0:  MAX/MIN RWMR AT LEVEL           48 IS:   1.5940666E-03  0.0000000E+00
nid003773.dogwood.wcoss2.ncep.noaa.gov 2:  MAX/MIN ICMR AT LEVEL          122 IS:   0.0000000E+00  0.0000000E+00
nid003773.dogwood.wcoss2.ncep.noaa.gov 2:  MAX/MIN ICMR AT LEVEL          123 IS:   0.0000000E+00  0.0000000E+00
nid001162.dogwood.wcoss2.ncep.noaa.gov 0:  MAX/MIN RWMR AT LEVEL           49 IS:   1.3272762E-03  0.0000000E+00
nid003773.dogwood.wcoss2.ncep.noaa.gov 2:  MAX/MIN ICMR AT LEVEL          124 IS:   0.0000000E+00  0.0000000E+00
nid001162.dogwood.wcoss2.ncep.noaa.gov 0:  MAX/MIN RWMR AT LEVEL           50 IS:   1.2385845E-03  0.0000000E+00
nid003773.dogwood.wcoss2.ncep.noaa.gov 2:  MAX/MIN ICMR AT LEVEL          125 IS:   0.0000000E+00  0.0000000E+00
nid001162.dogwood.wcoss2.ncep.noaa.gov 0:  MAX/MIN RWMR AT LEVEL           51 IS:   1.1862516E-03  0.0000000E+00
nid003773.dogwood.wcoss2.ncep.noaa.gov 2:  MAX/MIN ICMR AT LEVEL          126 IS:   0.0000000E+00  0.0000000E+00
nid003773.dogwood.wcoss2.ncep.noaa.gov 2:  MAX/MIN ICMR AT LEVEL          127 IS:   0.0000000E+00  0.0000000E+00
 
 READ SNMR
nid001162.dogwood.wcoss2.ncep.noaa.gov 0:  MAX/MIN RWMR AT LEVEL           52 IS:   1.0768175E-03  0.0000000E+00
nid001162.dogwood.wcoss2.ncep.noaa.gov 0:  MAX/MIN RWMR AT LEVEL           53 IS:   9.1236830E-04  0.0000000E+00
nid001162.dogwood.wcoss2.ncep.noaa.gov 0:  MAX/MIN RWMR AT LEVEL           54 IS:   7.2088838E-04  0.0000000E+00
nid001162.dogwood.wcoss2.ncep.noaa.gov 0:  MAX/MIN RWMR AT LEVEL           55 IS:   5.2845478E-04  0.0000000E+00
nid001162.dogwood.wcoss2.ncep.noaa.gov 0:  MAX/MIN RWMR AT LEVEL           56 IS:   3.4940243E-04  0.0000000E+00
nid001162.dogwood.wcoss2.ncep.noaa.gov 0:  MAX/MIN RWMR AT LEVEL           57 IS:   2.8823316E-04  0.0000000E+00
nid001162.dogwood.wcoss2.ncep.noaa.gov 0:  MAX/MIN RWMR AT LEVEL           58 IS:   2.4783611E-04  0.0000000E+00
nid001162.dogwood.wcoss2.ncep.noaa.gov 0:  MAX/MIN RWMR AT LEVEL           59 IS:   1.9226223E-04  0.0000000E+00
nid001162.dogwood.wcoss2.ncep.noaa.gov 0:  MAX/MIN RWMR AT LEVEL           60 IS:   1.3232976E-04  0.0000000E+00
nid001162.dogwood.wcoss2.ncep.noaa.gov 0:  MAX/MIN RWMR AT LEVEL           61 IS:   1.1741742E-04  0.0000000E+00
nid001162.dogwood.wcoss2.ncep.noaa.gov 0:  MAX/MIN RWMR AT LEVEL           62 IS:   9.4931573E-05  0.0000000E+00
nid001162.dogwood.wcoss2.ncep.noaa.gov 0:  MAX/MIN RWMR AT LEVEL           63 IS:   6.4190477E-05  0.0000000E+00
nid001162.dogwood.wcoss2.ncep.noaa.gov 0:  MAX/MIN RWMR AT LEVEL           64 IS:   3.6707148E-05  0.0000000E+00
nid001162.dogwood.wcoss2.ncep.noaa.gov 0:  MAX/MIN RWMR AT LEVEL           65 IS:   2.6592053E-05  0.0000000E+00
nid001162.dogwood.wcoss2.ncep.noaa.gov 0:  MAX/MIN RWMR AT LEVEL           66 IS:   2.1179207E-05  0.0000000E+00
nid001162.dogwood.wcoss2.ncep.noaa.gov 0:  MAX/MIN RWMR AT LEVEL           67 IS:   1.5620142E-05  0.0000000E+00
nid001162.dogwood.wcoss2.ncep.noaa.gov 0:  MAX/MIN RWMR AT LEVEL           68 IS:   1.1529773E-05  0.0000000E+00
nid001162.dogwood.wcoss2.ncep.noaa.gov 0:  MAX/MIN RWMR AT LEVEL           69 IS:   7.9628080E-06  0.0000000E+00
nid001162.dogwood.wcoss2.ncep.noaa.gov 0:  MAX/MIN RWMR AT LEVEL           70 IS:   4.8435759E-06  0.0000000E+00
nid001162.dogwood.wcoss2.ncep.noaa.gov 0:  MAX/MIN RWMR AT LEVEL           71 IS:   2.5070040E-06  0.0000000E+00
nid001162.dogwood.wcoss2.ncep.noaa.gov 0:  MAX/MIN RWMR AT LEVEL           72 IS:   1.0650838E-06  0.0000000E+00
nid001162.dogwood.wcoss2.ncep.noaa.gov 0:  MAX/MIN RWMR AT LEVEL           73 IS:   2.4151814E-07  0.0000000E+00
nid001162.dogwood.wcoss2.ncep.noaa.gov 0:  MAX/MIN RWMR AT LEVEL           74 IS:   1.0495933E-07  0.0000000E+00
nid001162.dogwood.wcoss2.ncep.noaa.gov 0:  MAX/MIN RWMR AT LEVEL           75 IS:   1.6650120E-08  0.0000000E+00
nid001162.dogwood.wcoss2.ncep.noaa.gov 0:  MAX/MIN RWMR AT LEVEL           76 IS:   5.1297775E-09  0.0000000E+00
nid001162.dogwood.wcoss2.ncep.noaa.gov 0:  MAX/MIN RWMR AT LEVEL           77 IS:   8.3792884E-10  0.0000000E+00
nid001162.dogwood.wcoss2.ncep.noaa.gov 0:  MAX/MIN RWMR AT LEVEL           78 IS:   1.4358648E-10  0.0000000E+00
nid001162.dogwood.wcoss2.ncep.noaa.gov 0:  MAX/MIN RWMR AT LEVEL           79 IS:   3.0204728E-12  0.0000000E+00
nid001162.dogwood.wcoss2.ncep.noaa.gov 0:  MAX/MIN RWMR AT LEVEL           80 IS:   0.0000000E+00  0.0000000E+00
nid001162.dogwood.wcoss2.ncep.noaa.gov 0:  MAX/MIN RWMR AT LEVEL           81 IS:   0.0000000E+00  0.0000000E+00
nid001162.dogwood.wcoss2.ncep.noaa.gov 0:  MAX/MIN RWMR AT LEVEL           82 IS:   0.0000000E+00  0.0000000E+00
nid001162.dogwood.wcoss2.ncep.noaa.gov 0:  MAX/MIN RWMR AT LEVEL           83 IS:   0.0000000E+00  0.0000000E+00
nid001162.dogwood.wcoss2.ncep.noaa.gov 0:  MAX/MIN RWMR AT LEVEL           84 IS:   0.0000000E+00  0.0000000E+00
nid001162.dogwood.wcoss2.ncep.noaa.gov 0:  MAX/MIN RWMR AT LEVEL           85 IS:   0.0000000E+00  0.0000000E+00
nid001162.dogwood.wcoss2.ncep.noaa.gov 0:  MAX/MIN RWMR AT LEVEL           86 IS:   0.0000000E+00  0.0000000E+00
nid001162.dogwood.wcoss2.ncep.noaa.gov 0:  MAX/MIN RWMR AT LEVEL           87 IS:   0.0000000E+00  0.0000000E+00
nid001162.dogwood.wcoss2.ncep.noaa.gov 0:  MAX/MIN RWMR AT LEVEL           88 IS:   0.0000000E+00  0.0000000E+00
nid001162.dogwood.wcoss2.ncep.noaa.gov 0:  MAX/MIN RWMR AT LEVEL           89 IS:   0.0000000E+00  0.0000000E+00
nid001162.dogwood.wcoss2.ncep.noaa.gov 0:  MAX/MIN RWMR AT LEVEL           90 IS:   0.0000000E+00  0.0000000E+00
nid001162.dogwood.wcoss2.ncep.noaa.gov 0:  MAX/MIN RWMR AT LEVEL           91 IS:   0.0000000E+00  0.0000000E+00
nid001162.dogwood.wcoss2.ncep.noaa.gov 0:  MAX/MIN RWMR AT LEVEL           92 IS:   0.0000000E+00  0.0000000E+00
nid001162.dogwood.wcoss2.ncep.noaa.gov 0:  MAX/MIN RWMR AT LEVEL           93 IS:   0.0000000E+00  0.0000000E+00
nid001162.dogwood.wcoss2.ncep.noaa.gov 0:  MAX/MIN RWMR AT LEVEL           94 IS:   0.0000000E+00  0.0000000E+00
nid001162.dogwood.wcoss2.ncep.noaa.gov 0:  MAX/MIN RWMR AT LEVEL           95 IS:   0.0000000E+00  0.0000000E+00
nid001162.dogwood.wcoss2.ncep.noaa.gov 0:  MAX/MIN RWMR AT LEVEL           96 IS:   0.0000000E+00  0.0000000E+00
nid001162.dogwood.wcoss2.ncep.noaa.gov 0:  MAX/MIN RWMR AT LEVEL           97 IS:   0.0000000E+00  0.0000000E+00
nid001162.dogwood.wcoss2.ncep.noaa.gov 0:  MAX/MIN RWMR AT LEVEL           98 IS:   0.0000000E+00  0.0000000E+00
nid001162.dogwood.wcoss2.ncep.noaa.gov 0:  MAX/MIN RWMR AT LEVEL           99 IS:   0.0000000E+00  0.0000000E+00
nid001162.dogwood.wcoss2.ncep.noaa.gov 0:  MAX/MIN RWMR AT LEVEL          100 IS:   0.0000000E+00  0.0000000E+00
nid001162.dogwood.wcoss2.ncep.noaa.gov 0:  MAX/MIN RWMR AT LEVEL          101 IS:   0.0000000E+00  0.0000000E+00
nid001162.dogwood.wcoss2.ncep.noaa.gov 0:  MAX/MIN RWMR AT LEVEL          102 IS:   0.0000000E+00  0.0000000E+00
nid001162.dogwood.wcoss2.ncep.noaa.gov 0:  MAX/MIN RWMR AT LEVEL          103 IS:   0.0000000E+00  0.0000000E+00
nid001162.dogwood.wcoss2.ncep.noaa.gov 0:  MAX/MIN RWMR AT LEVEL          104 IS:   0.0000000E+00  0.0000000E+00
nid001162.dogwood.wcoss2.ncep.noaa.gov 0:  MAX/MIN RWMR AT LEVEL          105 IS:   0.0000000E+00  0.0000000E+00
nid001162.dogwood.wcoss2.ncep.noaa.gov 0:  MAX/MIN RWMR AT LEVEL          106 IS:   0.0000000E+00  0.0000000E+00
nid001162.dogwood.wcoss2.ncep.noaa.gov 0:  MAX/MIN RWMR AT LEVEL          107 IS:   0.0000000E+00  0.0000000E+00
nid001162.dogwood.wcoss2.ncep.noaa.gov 0:  MAX/MIN RWMR AT LEVEL          108 IS:   0.0000000E+00  0.0000000E+00
nid001162.dogwood.wcoss2.ncep.noaa.gov 0:  MAX/MIN RWMR AT LEVEL          109 IS:   0.0000000E+00  0.0000000E+00
nid001162.dogwood.wcoss2.ncep.noaa.gov 0:  MAX/MIN RWMR AT LEVEL          110 IS:   0.0000000E+00  0.0000000E+00
nid001162.dogwood.wcoss2.ncep.noaa.gov 0:  MAX/MIN RWMR AT LEVEL          111 IS:   0.0000000E+00  0.0000000E+00
nid001162.dogwood.wcoss2.ncep.noaa.gov 0:  MAX/MIN RWMR AT LEVEL          112 IS:   0.0000000E+00  0.0000000E+00
nid001162.dogwood.wcoss2.ncep.noaa.gov 0:  MAX/MIN RWMR AT LEVEL          113 IS:   0.0000000E+00  0.0000000E+00
nid001162.dogwood.wcoss2.ncep.noaa.gov 0:  MAX/MIN RWMR AT LEVEL          114 IS:   0.0000000E+00  0.0000000E+00
nid001162.dogwood.wcoss2.ncep.noaa.gov 0:  MAX/MIN RWMR AT LEVEL          115 IS:   0.0000000E+00  0.0000000E+00
nid001162.dogwood.wcoss2.ncep.noaa.gov 0:  MAX/MIN RWMR AT LEVEL          116 IS:   0.0000000E+00  0.0000000E+00
nid001162.dogwood.wcoss2.ncep.noaa.gov 0:  MAX/MIN RWMR AT LEVEL          117 IS:   0.0000000E+00  0.0000000E+00
nid001162.dogwood.wcoss2.ncep.noaa.gov 0:  MAX/MIN RWMR AT LEVEL          118 IS:   0.0000000E+00  0.0000000E+00
nid001162.dogwood.wcoss2.ncep.noaa.gov 0:  MAX/MIN RWMR AT LEVEL          119 IS:   0.0000000E+00  0.0000000E+00
nid001162.dogwood.wcoss2.ncep.noaa.gov 0:  MAX/MIN RWMR AT LEVEL          120 IS:   0.0000000E+00  0.0000000E+00
nid001162.dogwood.wcoss2.ncep.noaa.gov 0:  MAX/MIN RWMR AT LEVEL          121 IS:   0.0000000E+00  0.0000000E+00
nid001162.dogwood.wcoss2.ncep.noaa.gov 0:  MAX/MIN RWMR AT LEVEL          122 IS:   0.0000000E+00  0.0000000E+00
nid001162.dogwood.wcoss2.ncep.noaa.gov 0:  MAX/MIN RWMR AT LEVEL          123 IS:   0.0000000E+00  0.0000000E+00
nid001162.dogwood.wcoss2.ncep.noaa.gov 0:  MAX/MIN RWMR AT LEVEL          124 IS:   0.0000000E+00  0.0000000E+00
nid001162.dogwood.wcoss2.ncep.noaa.gov 0:  MAX/MIN RWMR AT LEVEL          125 IS:   0.0000000E+00  0.0000000E+00
nid001162.dogwood.wcoss2.ncep.noaa.gov 0:  MAX/MIN RWMR AT LEVEL          126 IS:   0.0000000E+00  0.0000000E+00
nid001162.dogwood.wcoss2.ncep.noaa.gov 0:  MAX/MIN RWMR AT LEVEL          127 IS:   0.0000000E+00  0.0000000E+00
nid001162.dogwood.wcoss2.ncep.noaa.gov 0:  
 READ ICMR
nid001641.dogwood.wcoss2.ncep.noaa.gov 1:  MAX/MIN ICMR AT LEVEL            1 IS:   1.2000650E-04  0.0000000E+00
nid001641.dogwood.wcoss2.ncep.noaa.gov 1:  MAX/MIN ICMR AT LEVEL            2 IS:   1.2676418E-04  0.0000000E+00
nid001641.dogwood.wcoss2.ncep.noaa.gov 1:  MAX/MIN ICMR AT LEVEL            3 IS:   1.3302267E-04  0.0000000E+00
nid001641.dogwood.wcoss2.ncep.noaa.gov 1:  MAX/MIN ICMR AT LEVEL            4 IS:   1.3855100E-04  0.0000000E+00
nid001641.dogwood.wcoss2.ncep.noaa.gov 1:  MAX/MIN ICMR AT LEVEL            5 IS:   1.4107674E-04  0.0000000E+00
nid001641.dogwood.wcoss2.ncep.noaa.gov 1:  MAX/MIN ICMR AT LEVEL            6 IS:   1.3580173E-04  0.0000000E+00
nid001641.dogwood.wcoss2.ncep.noaa.gov 1:  MAX/MIN ICMR AT LEVEL            7 IS:   1.3516843E-04  0.0000000E+00
nid001641.dogwood.wcoss2.ncep.noaa.gov 1:  MAX/MIN ICMR AT LEVEL            8 IS:   1.3393909E-04  0.0000000E+00
nid001641.dogwood.wcoss2.ncep.noaa.gov 1:  MAX/MIN ICMR AT LEVEL            9 IS:   1.3131648E-04  0.0000000E+00
nid001641.dogwood.wcoss2.ncep.noaa.gov 1:  MAX/MIN ICMR AT LEVEL           10 IS:   1.3164431E-04  0.0000000E+00
nid001641.dogwood.wcoss2.ncep.noaa.gov 1:  MAX/MIN ICMR AT LEVEL           11 IS:   1.3504177E-04  0.0000000E+00
nid001641.dogwood.wcoss2.ncep.noaa.gov 1:  MAX/MIN ICMR AT LEVEL           12 IS:   1.3744086E-04  0.0000000E+00
nid001641.dogwood.wcoss2.ncep.noaa.gov 1:  MAX/MIN ICMR AT LEVEL           13 IS:   1.4290214E-04  0.0000000E+00
nid001641.dogwood.wcoss2.ncep.noaa.gov 1:  MAX/MIN ICMR AT LEVEL           14 IS:   1.4892966E-04  0.0000000E+00
nid001641.dogwood.wcoss2.ncep.noaa.gov 1:  MAX/MIN ICMR AT LEVEL           15 IS:   1.5421212E-04  0.0000000E+00
nid001641.dogwood.wcoss2.ncep.noaa.gov 1:  MAX/MIN ICMR AT LEVEL           16 IS:   1.5867501E-04  0.0000000E+00
nid001641.dogwood.wcoss2.ncep.noaa.gov 1:  MAX/MIN ICMR AT LEVEL           17 IS:   1.6372651E-04  0.0000000E+00
nid001641.dogwood.wcoss2.ncep.noaa.gov 1:  MAX/MIN ICMR AT LEVEL           18 IS:   1.6827881E-04  0.0000000E+00
nid001641.dogwood.wcoss2.ncep.noaa.gov 1:  MAX/MIN ICMR AT LEVEL           19 IS:   1.7195195E-04  0.0000000E+00
nid001641.dogwood.wcoss2.ncep.noaa.gov 1:  MAX/MIN ICMR AT LEVEL           20 IS:   1.7458946E-04  0.0000000E+00
nid001641.dogwood.wcoss2.ncep.noaa.gov 1:  MAX/MIN ICMR AT LEVEL           21 IS:   1.7716736E-04  0.0000000E+00
nid001641.dogwood.wcoss2.ncep.noaa.gov 1:  MAX/MIN ICMR AT LEVEL           22 IS:   1.8411130E-04  0.0000000E+00
nid001641.dogwood.wcoss2.ncep.noaa.gov 1:  MAX/MIN ICMR AT LEVEL           23 IS:   1.8968433E-04  0.0000000E+00
nid001641.dogwood.wcoss2.ncep.noaa.gov 1:  MAX/MIN ICMR AT LEVEL           24 IS:   1.9267201E-04  0.0000000E+00
nid001641.dogwood.wcoss2.ncep.noaa.gov 1:  MAX/MIN ICMR AT LEVEL           25 IS:   1.9275397E-04  0.0000000E+00
nid001641.dogwood.wcoss2.ncep.noaa.gov 1:  MAX/MIN ICMR AT LEVEL           26 IS:   1.8969178E-04  0.0000000E+00
nid001641.dogwood.wcoss2.ncep.noaa.gov 1:  MAX/MIN ICMR AT LEVEL           27 IS:   1.8572062E-04  0.0000000E+00
nid001641.dogwood.wcoss2.ncep.noaa.gov 1:  MAX/MIN ICMR AT LEVEL           28 IS:   1.7710030E-04  0.0000000E+00
nid001641.dogwood.wcoss2.ncep.noaa.gov 1:  MAX/MIN ICMR AT LEVEL           29 IS:   1.7974526E-04  0.0000000E+00
nid001641.dogwood.wcoss2.ncep.noaa.gov 1:  MAX/MIN ICMR AT LEVEL           30 IS:   1.7952174E-04  0.0000000E+00
nid001641.dogwood.wcoss2.ncep.noaa.gov 1:  MAX/MIN ICMR AT LEVEL           31 IS:   1.7824769E-04  0.0000000E+00
nid001641.dogwood.wcoss2.ncep.noaa.gov 1:  MAX/MIN ICMR AT LEVEL           32 IS:   1.8008053E-04  0.0000000E+00
nid001641.dogwood.wcoss2.ncep.noaa.gov 1:  MAX/MIN ICMR AT LEVEL           33 IS:   1.8063188E-04  0.0000000E+00
nid001641.dogwood.wcoss2.ncep.noaa.gov 1:  MAX/MIN ICMR AT LEVEL           34 IS:   1.7977506E-04  0.0000000E+00
nid001641.dogwood.wcoss2.ncep.noaa.gov 1:  MAX/MIN ICMR AT LEVEL           35 IS:   1.7906725E-04  0.0000000E+00
nid001641.dogwood.wcoss2.ncep.noaa.gov 1:  MAX/MIN ICMR AT LEVEL           36 IS:   1.7426908E-04  0.0000000E+00
nid001641.dogwood.wcoss2.ncep.noaa.gov 1:  MAX/MIN ICMR AT LEVEL           37 IS:   1.6137958E-04  0.0000000E+00
nid001641.dogwood.wcoss2.ncep.noaa.gov 1:  MAX/MIN ICMR AT LEVEL           38 IS:   1.5969574E-04  0.0000000E+00
nid001641.dogwood.wcoss2.ncep.noaa.gov 1:  MAX/MIN ICMR AT LEVEL           39 IS:   1.6994774E-04  0.0000000E+00
nid001641.dogwood.wcoss2.ncep.noaa.gov 1:  MAX/MIN ICMR AT LEVEL           40 IS:   1.7507374E-04  0.0000000E+00
nid001641.dogwood.wcoss2.ncep.noaa.gov 1:  MAX/MIN ICMR AT LEVEL           41 IS:   1.7414242E-04  0.0000000E+00
nid001641.dogwood.wcoss2.ncep.noaa.gov 1:  MAX/MIN ICMR AT LEVEL           42 IS:   1.6595423E-04  0.0000000E+00
nid001641.dogwood.wcoss2.ncep.noaa.gov 1:  MAX/MIN ICMR AT LEVEL           43 IS:   1.5312433E-04  0.0000000E+00
nid001641.dogwood.wcoss2.ncep.noaa.gov 1:  MAX/MIN ICMR AT LEVEL           44 IS:   1.3636053E-04  0.0000000E+00
nid001641.dogwood.wcoss2.ncep.noaa.gov 1:  MAX/MIN ICMR AT LEVEL           45 IS:   1.3167411E-04  0.0000000E+00
nid001641.dogwood.wcoss2.ncep.noaa.gov 1:  MAX/MIN ICMR AT LEVEL           46 IS:   1.2462586E-04  0.0000000E+00
nid001641.dogwood.wcoss2.ncep.noaa.gov 1:  MAX/MIN ICMR AT LEVEL           47 IS:   1.6590953E-04  0.0000000E+00
nid001641.dogwood.wcoss2.ncep.noaa.gov 1:  MAX/MIN ICMR AT LEVEL           48 IS:   2.2485107E-04  0.0000000E+00
nid001641.dogwood.wcoss2.ncep.noaa.gov 1:  MAX/MIN ICMR AT LEVEL           49 IS:   2.8011203E-04  0.0000000E+00
nid001641.dogwood.wcoss2.ncep.noaa.gov 1:  MAX/MIN ICMR AT LEVEL           50 IS:   3.5534799E-04  0.0000000E+00
nid001641.dogwood.wcoss2.ncep.noaa.gov 1:  MAX/MIN ICMR AT LEVEL           51 IS:   4.2018294E-04  0.0000000E+00
nid001641.dogwood.wcoss2.ncep.noaa.gov 1:  MAX/MIN ICMR AT LEVEL           52 IS:   5.0371885E-04  0.0000000E+00
nid001641.dogwood.wcoss2.ncep.noaa.gov 1:  MAX/MIN ICMR AT LEVEL           53 IS:   6.0629845E-04  0.0000000E+00
nid001641.dogwood.wcoss2.ncep.noaa.gov 1:  MAX/MIN ICMR AT LEVEL           54 IS:   6.7964196E-04  0.0000000E+00
nid001641.dogwood.wcoss2.ncep.noaa.gov 1:  MAX/MIN ICMR AT LEVEL           55 IS:   7.7155232E-04  0.0000000E+00
nid001641.dogwood.wcoss2.ncep.noaa.gov 1:  MAX/MIN ICMR AT LEVEL           56 IS:   7.1242452E-04  0.0000000E+00
nid001641.dogwood.wcoss2.ncep.noaa.gov 1:  MAX/MIN ICMR AT LEVEL           57 IS:   6.6059828E-04  0.0000000E+00
nid001641.dogwood.wcoss2.ncep.noaa.gov 1:  MAX/MIN ICMR AT LEVEL           58 IS:   6.6038966E-04  0.0000000E+00
nid001641.dogwood.wcoss2.ncep.noaa.gov 1:  MAX/MIN ICMR AT LEVEL           59 IS:   6.4647198E-04  0.0000000E+00
nid001641.dogwood.wcoss2.ncep.noaa.gov 1:  MAX/MIN ICMR AT LEVEL           60 IS:   6.9555640E-04  0.0000000E+00
nid001641.dogwood.wcoss2.ncep.noaa.gov 1:  MAX/MIN ICMR AT LEVEL           61 IS:   7.9122186E-04  0.0000000E+00
nid001641.dogwood.wcoss2.ncep.noaa.gov 1:  MAX/MIN ICMR AT LEVEL           62 IS:   9.4535947E-04  0.0000000E+00
nid001641.dogwood.wcoss2.ncep.noaa.gov 1:  MAX/MIN ICMR AT LEVEL           63 IS:   1.2574792E-03  0.0000000E+00
nid001641.dogwood.wcoss2.ncep.noaa.gov 1:  MAX/MIN ICMR AT LEVEL           64 IS:   1.3809800E-03  0.0000000E+00
nid001641.dogwood.wcoss2.ncep.noaa.gov 1:  MAX/MIN ICMR AT LEVEL           65 IS:   1.2411475E-03  0.0000000E+00
nid001641.dogwood.wcoss2.ncep.noaa.gov 1:  MAX/MIN ICMR AT LEVEL           66 IS:   1.2911558E-03  0.0000000E+00
nid001641.dogwood.wcoss2.ncep.noaa.gov 1:  MAX/MIN ICMR AT LEVEL           67 IS:   1.3414025E-03  0.0000000E+00
nid001641.dogwood.wcoss2.ncep.noaa.gov 1:  MAX/MIN ICMR AT LEVEL           68 IS:   1.4078617E-03  0.0000000E+00
nid001641.dogwood.wcoss2.ncep.noaa.gov 1:  MAX/MIN ICMR AT LEVEL           69 IS:   1.2502670E-03  0.0000000E+00
nid001641.dogwood.wcoss2.ncep.noaa.gov 1:  MAX/MIN ICMR AT LEVEL           70 IS:   1.2854934E-03  0.0000000E+00
nid001641.dogwood.wcoss2.ncep.noaa.gov 1:  MAX/MIN ICMR AT LEVEL           71 IS:   1.2066364E-03  0.0000000E+00
nid001641.dogwood.wcoss2.ncep.noaa.gov 1:  MAX/MIN ICMR AT LEVEL           72 IS:   1.1919737E-03  0.0000000E+00
nid001641.dogwood.wcoss2.ncep.noaa.gov 1:  MAX/MIN ICMR AT LEVEL           73 IS:   1.1968017E-03  0.0000000E+00
nid001641.dogwood.wcoss2.ncep.noaa.gov 1:  MAX/MIN ICMR AT LEVEL           74 IS:   1.1723042E-03  0.0000000E+00
nid001641.dogwood.wcoss2.ncep.noaa.gov 1:  MAX/MIN ICMR AT LEVEL           75 IS:   1.1914372E-03  0.0000000E+00
nid001641.dogwood.wcoss2.ncep.noaa.gov 1:  MAX/MIN ICMR AT LEVEL           76 IS:   1.0640621E-03  0.0000000E+00
nid001641.dogwood.wcoss2.ncep.noaa.gov 1:  MAX/MIN ICMR AT LEVEL           77 IS:   9.8085403E-04  0.0000000E+00
nid001641.dogwood.wcoss2.ncep.noaa.gov 1:  MAX/MIN ICMR AT LEVEL           78 IS:   8.8602304E-04  0.0000000E+00
nid001641.dogwood.wcoss2.ncep.noaa.gov 1:  MAX/MIN ICMR AT LEVEL           79 IS:   7.1728230E-04  0.0000000E+00
nid001641.dogwood.wcoss2.ncep.noaa.gov 1:  MAX/MIN ICMR AT LEVEL           80 IS:   5.5986643E-04  0.0000000E+00
nid001641.dogwood.wcoss2.ncep.noaa.gov 1:  MAX/MIN ICMR AT LEVEL           81 IS:   5.1006675E-04  0.0000000E+00
nid001641.dogwood.wcoss2.ncep.noaa.gov 1:  MAX/MIN ICMR AT LEVEL           82 IS:   5.8442354E-04  0.0000000E+00
nid001641.dogwood.wcoss2.ncep.noaa.gov 1:  MAX/MIN ICMR AT LEVEL           83 IS:   4.9126148E-04  0.0000000E+00
nid001641.dogwood.wcoss2.ncep.noaa.gov 1:  MAX/MIN ICMR AT LEVEL           84 IS:   3.2685697E-04  0.0000000E+00
nid001641.dogwood.wcoss2.ncep.noaa.gov 1:  MAX/MIN ICMR AT LEVEL           85 IS:   1.6454607E-04  0.0000000E+00
nid001641.dogwood.wcoss2.ncep.noaa.gov 1:  MAX/MIN ICMR AT LEVEL           86 IS:   6.7122281E-05  0.0000000E+00
nid001641.dogwood.wcoss2.ncep.noaa.gov 1:  MAX/MIN ICMR AT LEVEL           87 IS:   1.0662712E-05  0.0000000E+00
nid001641.dogwood.wcoss2.ncep.noaa.gov 1:  MAX/MIN ICMR AT LEVEL           88 IS:   3.5630073E-06  0.0000000E+00
nid001641.dogwood.wcoss2.ncep.noaa.gov 1:  MAX/MIN ICMR AT LEVEL           89 IS:   9.1444235E-07  0.0000000E+00
nid001641.dogwood.wcoss2.ncep.noaa.gov 1:  MAX/MIN ICMR AT LEVEL           90 IS:   0.0000000E+00  0.0000000E+00
nid001641.dogwood.wcoss2.ncep.noaa.gov 1:  MAX/MIN ICMR AT LEVEL           91 IS:   0.0000000E+00  0.0000000E+00
nid001641.dogwood.wcoss2.ncep.noaa.gov 1:  MAX/MIN ICMR AT LEVEL           92 IS:   0.0000000E+00  0.0000000E+00
nid001641.dogwood.wcoss2.ncep.noaa.gov 1:  MAX/MIN ICMR AT LEVEL           93 IS:   0.0000000E+00  0.0000000E+00
nid001641.dogwood.wcoss2.ncep.noaa.gov 1:  MAX/MIN ICMR AT LEVEL           94 IS:   0.0000000E+00  0.0000000E+00
nid001641.dogwood.wcoss2.ncep.noaa.gov 1:  MAX/MIN ICMR AT LEVEL           95 IS:   0.0000000E+00  0.0000000E+00
nid001641.dogwood.wcoss2.ncep.noaa.gov 1:  MAX/MIN ICMR AT LEVEL           96 IS:   0.0000000E+00  0.0000000E+00
nid001641.dogwood.wcoss2.ncep.noaa.gov 1:  MAX/MIN ICMR AT LEVEL           97 IS:   0.0000000E+00  0.0000000E+00
nid001641.dogwood.wcoss2.ncep.noaa.gov 1:  MAX/MIN ICMR AT LEVEL           98 IS:   0.0000000E+00  0.0000000E+00
nid001641.dogwood.wcoss2.ncep.noaa.gov 1:  MAX/MIN ICMR AT LEVEL           99 IS:   0.0000000E+00  0.0000000E+00
nid001641.dogwood.wcoss2.ncep.noaa.gov 1:  MAX/MIN ICMR AT LEVEL          100 IS:   0.0000000E+00  0.0000000E+00
nid001641.dogwood.wcoss2.ncep.noaa.gov 1:  MAX/MIN ICMR AT LEVEL          101 IS:   0.0000000E+00  0.0000000E+00
nid001641.dogwood.wcoss2.ncep.noaa.gov 1:  MAX/MIN ICMR AT LEVEL          102 IS:   0.0000000E+00  0.0000000E+00
nid001641.dogwood.wcoss2.ncep.noaa.gov 1:  MAX/MIN ICMR AT LEVEL          103 IS:   0.0000000E+00  0.0000000E+00
nid001641.dogwood.wcoss2.ncep.noaa.gov 1:  MAX/MIN ICMR AT LEVEL          104 IS:   0.0000000E+00  0.0000000E+00
nid001641.dogwood.wcoss2.ncep.noaa.gov 1:  MAX/MIN ICMR AT LEVEL          105 IS:   0.0000000E+00  0.0000000E+00
nid001641.dogwood.wcoss2.ncep.noaa.gov 1:  MAX/MIN ICMR AT LEVEL          106 IS:   0.0000000E+00  0.0000000E+00
nid001641.dogwood.wcoss2.ncep.noaa.gov 1:  MAX/MIN ICMR AT LEVEL          107 IS:   0.0000000E+00  0.0000000E+00
nid001641.dogwood.wcoss2.ncep.noaa.gov 1:  MAX/MIN ICMR AT LEVEL          108 IS:   0.0000000E+00  0.0000000E+00
nid001641.dogwood.wcoss2.ncep.noaa.gov 1:  MAX/MIN ICMR AT LEVEL          109 IS:   0.0000000E+00  0.0000000E+00
nid001641.dogwood.wcoss2.ncep.noaa.gov 1:  MAX/MIN ICMR AT LEVEL          110 IS:   0.0000000E+00  0.0000000E+00
nid001641.dogwood.wcoss2.ncep.noaa.gov 1:  MAX/MIN ICMR AT LEVEL          111 IS:   0.0000000E+00  0.0000000E+00
nid001641.dogwood.wcoss2.ncep.noaa.gov 1:  MAX/MIN ICMR AT LEVEL          112 IS:   0.0000000E+00  0.0000000E+00
nid001641.dogwood.wcoss2.ncep.noaa.gov 1:  MAX/MIN ICMR AT LEVEL          113 IS:   0.0000000E+00  0.0000000E+00
nid001641.dogwood.wcoss2.ncep.noaa.gov 1:  MAX/MIN ICMR AT LEVEL          114 IS:   0.0000000E+00  0.0000000E+00
nid001641.dogwood.wcoss2.ncep.noaa.gov 1:  MAX/MIN ICMR AT LEVEL          115 IS:   0.0000000E+00  0.0000000E+00
nid001641.dogwood.wcoss2.ncep.noaa.gov 1:  MAX/MIN ICMR AT LEVEL          116 IS:   0.0000000E+00  0.0000000E+00
nid001641.dogwood.wcoss2.ncep.noaa.gov 1:  MAX/MIN ICMR AT LEVEL          117 IS:   0.0000000E+00  0.0000000E+00
nid001641.dogwood.wcoss2.ncep.noaa.gov 1:  MAX/MIN ICMR AT LEVEL          118 IS:   0.0000000E+00  0.0000000E+00
nid001641.dogwood.wcoss2.ncep.noaa.gov 1:  MAX/MIN ICMR AT LEVEL          119 IS:   0.0000000E+00  0.0000000E+00
nid001641.dogwood.wcoss2.ncep.noaa.gov 1:  MAX/MIN ICMR AT LEVEL          120 IS:   0.0000000E+00  0.0000000E+00
nid001641.dogwood.wcoss2.ncep.noaa.gov 1:  MAX/MIN ICMR AT LEVEL          121 IS:   0.0000000E+00  0.0000000E+00
nid001641.dogwood.wcoss2.ncep.noaa.gov 1:  MAX/MIN ICMR AT LEVEL          122 IS:   0.0000000E+00  0.0000000E+00
nid001641.dogwood.wcoss2.ncep.noaa.gov 1:  MAX/MIN ICMR AT LEVEL          123 IS:   0.0000000E+00  0.0000000E+00
nid001641.dogwood.wcoss2.ncep.noaa.gov 1:  MAX/MIN ICMR AT LEVEL          124 IS:   0.0000000E+00  0.0000000E+00
nid001641.dogwood.wcoss2.ncep.noaa.gov 1:  MAX/MIN ICMR AT LEVEL          125 IS:   0.0000000E+00  0.0000000E+00
nid001641.dogwood.wcoss2.ncep.noaa.gov 1:  MAX/MIN ICMR AT LEVEL          126 IS:   0.0000000E+00  0.0000000E+00
nid001641.dogwood.wcoss2.ncep.noaa.gov 1:  MAX/MIN ICMR AT LEVEL          127 IS:   0.0000000E+00  0.0000000E+00
 
 READ SNMR
nid003773.dogwood.wcoss2.ncep.noaa.gov 2:  MAX/MIN SNMR AT LEVEL            1 IS:   2.2749901E-03  0.0000000E+00
nid003773.dogwood.wcoss2.ncep.noaa.gov 2:  MAX/MIN SNMR AT LEVEL            2 IS:   2.2937059E-03  0.0000000E+00
nid003773.dogwood.wcoss2.ncep.noaa.gov 2:  MAX/MIN SNMR AT LEVEL            3 IS:   2.3458004E-03  0.0000000E+00
nid003773.dogwood.wcoss2.ncep.noaa.gov 2:  MAX/MIN SNMR AT LEVEL            4 IS:   2.4000406E-03  0.0000000E+00
nid003773.dogwood.wcoss2.ncep.noaa.gov 2:  MAX/MIN SNMR AT LEVEL            5 IS:   2.4220943E-03  0.0000000E+00
nid003773.dogwood.wcoss2.ncep.noaa.gov 2:  MAX/MIN SNMR AT LEVEL            6 IS:   2.4209023E-03  0.0000000E+00
nid003773.dogwood.wcoss2.ncep.noaa.gov 2:  MAX/MIN SNMR AT LEVEL            7 IS:   2.4174452E-03  0.0000000E+00
nid003773.dogwood.wcoss2.ncep.noaa.gov 2:  MAX/MIN SNMR AT LEVEL            8 IS:   2.4116039E-03  0.0000000E+00
nid003773.dogwood.wcoss2.ncep.noaa.gov 2:  MAX/MIN SNMR AT LEVEL            9 IS:   2.4030209E-03  0.0000000E+00
nid003773.dogwood.wcoss2.ncep.noaa.gov 2:  MAX/MIN SNMR AT LEVEL           10 IS:   2.3927689E-03  0.0000000E+00
nid003773.dogwood.wcoss2.ncep.noaa.gov 2:  MAX/MIN SNMR AT LEVEL           11 IS:   2.3828745E-03  0.0000000E+00
nid003773.dogwood.wcoss2.ncep.noaa.gov 2:  MAX/MIN SNMR AT LEVEL           12 IS:   2.3732185E-03  0.0000000E+00
nid003773.dogwood.wcoss2.ncep.noaa.gov 2:  MAX/MIN SNMR AT LEVEL           13 IS:   2.3632050E-03  0.0000000E+00
nid003773.dogwood.wcoss2.ncep.noaa.gov 2:  MAX/MIN SNMR AT LEVEL           14 IS:   2.5483370E-03  0.0000000E+00
nid003773.dogwood.wcoss2.ncep.noaa.gov 2:  MAX/MIN SNMR AT LEVEL           15 IS:   2.8176308E-03  0.0000000E+00
nid003773.dogwood.wcoss2.ncep.noaa.gov 2:  MAX/MIN SNMR AT LEVEL           16 IS:   2.8845072E-03  0.0000000E+00
nid003773.dogwood.wcoss2.ncep.noaa.gov 2:  MAX/MIN SNMR AT LEVEL           17 IS:   2.9399395E-03  0.0000000E+00
nid003773.dogwood.wcoss2.ncep.noaa.gov 2:  MAX/MIN SNMR AT LEVEL           18 IS:   2.9968023E-03  0.0000000E+00
nid003773.dogwood.wcoss2.ncep.noaa.gov 2:  MAX/MIN SNMR AT LEVEL           19 IS:   3.0578375E-03  0.0000000E+00
nid003773.dogwood.wcoss2.ncep.noaa.gov 2:  MAX/MIN SNMR AT LEVEL           20 IS:   3.1243563E-03  0.0000000E+00
nid003773.dogwood.wcoss2.ncep.noaa.gov 2:  MAX/MIN SNMR AT LEVEL           21 IS:   3.1952858E-03  0.0000000E+00
nid003773.dogwood.wcoss2.ncep.noaa.gov 2:  MAX/MIN SNMR AT LEVEL           22 IS:   3.2700300E-03  0.0000000E+00
nid003773.dogwood.wcoss2.ncep.noaa.gov 2:  MAX/MIN SNMR AT LEVEL           23 IS:   3.3485889E-03  0.0000000E+00
nid003773.dogwood.wcoss2.ncep.noaa.gov 2:  MAX/MIN SNMR AT LEVEL           24 IS:   3.4297705E-03  0.0000000E+00
nid003773.dogwood.wcoss2.ncep.noaa.gov 2:  MAX/MIN SNMR AT LEVEL           25 IS:   3.5111904E-03  0.0000000E+00
nid003773.dogwood.wcoss2.ncep.noaa.gov 2:  MAX/MIN SNMR AT LEVEL           26 IS:   3.5901070E-03  0.0000000E+00
nid003773.dogwood.wcoss2.ncep.noaa.gov 2:  MAX/MIN SNMR AT LEVEL           27 IS:   3.6650896E-03  0.0000000E+00
nid003773.dogwood.wcoss2.ncep.noaa.gov 2:  MAX/MIN SNMR AT LEVEL           28 IS:   3.7345886E-03  0.0000000E+00
nid003773.dogwood.wcoss2.ncep.noaa.gov 2:  MAX/MIN SNMR AT LEVEL           29 IS:   3.7970543E-03  0.0000000E+00
nid003773.dogwood.wcoss2.ncep.noaa.gov 2:  MAX/MIN SNMR AT LEVEL           30 IS:   3.8524866E-03  0.0000000E+00
nid003773.dogwood.wcoss2.ncep.noaa.gov 2:  MAX/MIN SNMR AT LEVEL           31 IS:   3.9012432E-03  0.0000000E+00
nid003773.dogwood.wcoss2.ncep.noaa.gov 2:  MAX/MIN SNMR AT LEVEL           32 IS:   3.9422512E-03  0.0000000E+00
nid003773.dogwood.wcoss2.ncep.noaa.gov 2:  MAX/MIN SNMR AT LEVEL           33 IS:   4.0435791E-03  0.0000000E+00
nid003773.dogwood.wcoss2.ncep.noaa.gov 2:  MAX/MIN SNMR AT LEVEL           34 IS:   4.0028095E-03  0.0000000E+00
nid003773.dogwood.wcoss2.ncep.noaa.gov 2:  MAX/MIN SNMR AT LEVEL           35 IS:   4.0340424E-03  0.0000000E+00
nid003773.dogwood.wcoss2.ncep.noaa.gov 2:  MAX/MIN SNMR AT LEVEL           36 IS:   4.2641163E-03  0.0000000E+00
nid003773.dogwood.wcoss2.ncep.noaa.gov 2:  MAX/MIN SNMR AT LEVEL           37 IS:   4.3909550E-03  0.0000000E+00
nid003773.dogwood.wcoss2.ncep.noaa.gov 2:  MAX/MIN SNMR AT LEVEL           38 IS:   4.8286915E-03  0.0000000E+00
nid003773.dogwood.wcoss2.ncep.noaa.gov 2:  MAX/MIN SNMR AT LEVEL           39 IS:   4.9619675E-03  0.0000000E+00
nid003773.dogwood.wcoss2.ncep.noaa.gov 2:  MAX/MIN SNMR AT LEVEL           40 IS:   5.0666332E-03  0.0000000E+00
nid003773.dogwood.wcoss2.ncep.noaa.gov 2:  MAX/MIN SNMR AT LEVEL           41 IS:   5.1395893E-03  0.0000000E+00
nid003773.dogwood.wcoss2.ncep.noaa.gov 2:  MAX/MIN SNMR AT LEVEL           42 IS:   5.1600933E-03  0.0000000E+00
nid003773.dogwood.wcoss2.ncep.noaa.gov 2:  MAX/MIN SNMR AT LEVEL           43 IS:   5.5491924E-03  0.0000000E+00
nid003773.dogwood.wcoss2.ncep.noaa.gov 2:  MAX/MIN SNMR AT LEVEL           44 IS:   5.7153702E-03  0.0000000E+00
nid003773.dogwood.wcoss2.ncep.noaa.gov 2:  MAX/MIN SNMR AT LEVEL           45 IS:   6.9324970E-03  0.0000000E+00
nid003773.dogwood.wcoss2.ncep.noaa.gov 2:  MAX/MIN SNMR AT LEVEL           46 IS:   7.0312023E-03  0.0000000E+00
nid003773.dogwood.wcoss2.ncep.noaa.gov 2:  MAX/MIN SNMR AT LEVEL           47 IS:   7.0767403E-03  0.0000000E+00
nid003773.dogwood.wcoss2.ncep.noaa.gov 2:  MAX/MIN SNMR AT LEVEL           48 IS:   7.0769787E-03  0.0000000E+00
nid003773.dogwood.wcoss2.ncep.noaa.gov 2:  MAX/MIN SNMR AT LEVEL           49 IS:   7.0433617E-03  0.0000000E+00
nid003773.dogwood.wcoss2.ncep.noaa.gov 2:  MAX/MIN SNMR AT LEVEL           50 IS:   7.1420670E-03  0.0000000E+00
nid003773.dogwood.wcoss2.ncep.noaa.gov 2:  MAX/MIN SNMR AT LEVEL           51 IS:   7.2793961E-03  0.0000000E+00
nid003773.dogwood.wcoss2.ncep.noaa.gov 2:  MAX/MIN SNMR AT LEVEL           52 IS:   7.5449944E-03  0.0000000E+00
nid003773.dogwood.wcoss2.ncep.noaa.gov 2:  MAX/MIN SNMR AT LEVEL           53 IS:   7.4725151E-03  0.0000000E+00
nid003773.dogwood.wcoss2.ncep.noaa.gov 2:  MAX/MIN SNMR AT LEVEL           54 IS:   8.0194473E-03  0.0000000E+00
nid003773.dogwood.wcoss2.ncep.noaa.gov 2:  MAX/MIN SNMR AT LEVEL           55 IS:   8.3794594E-03  0.0000000E+00
nid003773.dogwood.wcoss2.ncep.noaa.gov 2:  MAX/MIN SNMR AT LEVEL           56 IS:   8.6674690E-03  0.0000000E+00
nid003773.dogwood.wcoss2.ncep.noaa.gov 2:  MAX/MIN SNMR AT LEVEL           57 IS:   8.8329315E-03  0.0000000E+00
nid003773.dogwood.wcoss2.ncep.noaa.gov 2:  MAX/MIN SNMR AT LEVEL           58 IS:   8.9397430E-03  0.0000000E+00
nid003773.dogwood.wcoss2.ncep.noaa.gov 2:  MAX/MIN SNMR AT LEVEL           59 IS:   8.9273453E-03  0.0000000E+00
nid003773.dogwood.wcoss2.ncep.noaa.gov 2:  MAX/MIN SNMR AT LEVEL           60 IS:   8.8272095E-03  0.0000000E+00
nid003773.dogwood.wcoss2.ncep.noaa.gov 2:  MAX/MIN SNMR AT LEVEL           61 IS:   8.7313652E-03  0.0000000E+00
nid003773.dogwood.wcoss2.ncep.noaa.gov 2:  MAX/MIN SNMR AT LEVEL           62 IS:   8.7432861E-03  0.0000000E+00
nid003773.dogwood.wcoss2.ncep.noaa.gov 2:  MAX/MIN SNMR AT LEVEL           63 IS:   8.7800026E-03  0.0000000E+00
nid003773.dogwood.wcoss2.ncep.noaa.gov 2:  MAX/MIN SNMR AT LEVEL           64 IS:   8.8205338E-03  0.0000000E+00
nid003773.dogwood.wcoss2.ncep.noaa.gov 2:  MAX/MIN SNMR AT LEVEL           65 IS:   8.9573860E-03  0.0000000E+00
nid003773.dogwood.wcoss2.ncep.noaa.gov 2:  MAX/MIN SNMR AT LEVEL           66 IS:   9.0208054E-03  0.0000000E+00
nid003773.dogwood.wcoss2.ncep.noaa.gov 2:  MAX/MIN SNMR AT LEVEL           67 IS:   8.9468956E-03  0.0000000E+00
nid003773.dogwood.wcoss2.ncep.noaa.gov 2:  MAX/MIN SNMR AT LEVEL           68 IS:   8.9879036E-03  0.0000000E+00
nid003773.dogwood.wcoss2.ncep.noaa.gov 2:  MAX/MIN SNMR AT LEVEL           69 IS:   9.0131760E-03  0.0000000E+00
nid003773.dogwood.wcoss2.ncep.noaa.gov 2:  MAX/MIN SNMR AT LEVEL           70 IS:   9.0126991E-03  0.0000000E+00
nid003773.dogwood.wcoss2.ncep.noaa.gov 2:  MAX/MIN SNMR AT LEVEL           71 IS:   8.9645386E-03  0.0000000E+00
nid003773.dogwood.wcoss2.ncep.noaa.gov 2:  MAX/MIN SNMR AT LEVEL           72 IS:   8.9969635E-03  0.0000000E+00
nid003773.dogwood.wcoss2.ncep.noaa.gov 2:  MAX/MIN SNMR AT LEVEL           73 IS:   8.9859962E-03  0.0000000E+00
nid003773.dogwood.wcoss2.ncep.noaa.gov 2:  MAX/MIN SNMR AT LEVEL           74 IS:   8.9383125E-03  0.0000000E+00
nid003773.dogwood.wcoss2.ncep.noaa.gov 2:  MAX/MIN SNMR AT LEVEL           75 IS:   8.9254379E-03  0.0000000E+00
nid003773.dogwood.wcoss2.ncep.noaa.gov 2:  MAX/MIN SNMR AT LEVEL           76 IS:   8.9192390E-03  0.0000000E+00
nid003773.dogwood.wcoss2.ncep.noaa.gov 2:  MAX/MIN SNMR AT LEVEL           77 IS:   8.9254379E-03  0.0000000E+00
nid003773.dogwood.wcoss2.ncep.noaa.gov 2:  MAX/MIN SNMR AT LEVEL           78 IS:   8.9592934E-03  0.0000000E+00
nid003773.dogwood.wcoss2.ncep.noaa.gov 2:  MAX/MIN SNMR AT LEVEL           79 IS:   8.9550018E-03  0.0000000E+00
nid003773.dogwood.wcoss2.ncep.noaa.gov 2:  MAX/MIN SNMR AT LEVEL           80 IS:   8.8882446E-03  0.0000000E+00
nid003773.dogwood.wcoss2.ncep.noaa.gov 2:  MAX/MIN SNMR AT LEVEL           81 IS:   8.7771416E-03  0.0000000E+00
nid003773.dogwood.wcoss2.ncep.noaa.gov 2:  MAX/MIN SNMR AT LEVEL           82 IS:   8.6731911E-03  0.0000000E+00
nid003773.dogwood.wcoss2.ncep.noaa.gov 2:  MAX/MIN SNMR AT LEVEL           83 IS:   8.3999634E-03  0.0000000E+00
nid003773.dogwood.wcoss2.ncep.noaa.gov 2:  MAX/MIN SNMR AT LEVEL           84 IS:   7.0021152E-03  0.0000000E+00
nid003773.dogwood.wcoss2.ncep.noaa.gov 2:  MAX/MIN SNMR AT LEVEL           85 IS:   3.2039881E-03  0.0000000E+00
nid003773.dogwood.wcoss2.ncep.noaa.gov 2:  MAX/MIN SNMR AT LEVEL           86 IS:   1.4548004E-04  0.0000000E+00
nid003773.dogwood.wcoss2.ncep.noaa.gov 2:  MAX/MIN SNMR AT LEVEL           87 IS:   7.1435352E-07  0.0000000E+00
nid003773.dogwood.wcoss2.ncep.noaa.gov 2:  MAX/MIN SNMR AT LEVEL           88 IS:   1.0982330E-07  0.0000000E+00
nid003773.dogwood.wcoss2.ncep.noaa.gov 2:  MAX/MIN SNMR AT LEVEL           89 IS:   1.2296368E-08  0.0000000E+00
nid003773.dogwood.wcoss2.ncep.noaa.gov 2:  MAX/MIN SNMR AT LEVEL           90 IS:   5.7244165E-10  0.0000000E+00
nid003773.dogwood.wcoss2.ncep.noaa.gov 2:  MAX/MIN SNMR AT LEVEL           91 IS:   5.8055782E-12  0.0000000E+00
nid003773.dogwood.wcoss2.ncep.noaa.gov 2:  MAX/MIN SNMR AT LEVEL           92 IS:   0.0000000E+00  0.0000000E+00
nid001162.dogwood.wcoss2.ncep.noaa.gov 0:  MAX/MIN ICMR AT LEVEL            1 IS:   1.8224865E-04  0.0000000E+00
nid003773.dogwood.wcoss2.ncep.noaa.gov 2:  MAX/MIN SNMR AT LEVEL           93 IS:   0.0000000E+00  0.0000000E+00
nid003773.dogwood.wcoss2.ncep.noaa.gov 2:  MAX/MIN SNMR AT LEVEL           94 IS:   0.0000000E+00  0.0000000E+00
nid003773.dogwood.wcoss2.ncep.noaa.gov 2:  MAX/MIN SNMR AT LEVEL           95 IS:   0.0000000E+00  0.0000000E+00
nid001162.dogwood.wcoss2.ncep.noaa.gov 0:  MAX/MIN ICMR AT LEVEL            2 IS:   1.8028915E-04  0.0000000E+00
nid003773.dogwood.wcoss2.ncep.noaa.gov 2:  MAX/MIN SNMR AT LEVEL           96 IS:   0.0000000E+00  0.0000000E+00
nid003773.dogwood.wcoss2.ncep.noaa.gov 2:  MAX/MIN SNMR AT LEVEL           97 IS:   0.0000000E+00  0.0000000E+00
nid003773.dogwood.wcoss2.ncep.noaa.gov 2:  MAX/MIN SNMR AT LEVEL           98 IS:   0.0000000E+00  0.0000000E+00
nid001162.dogwood.wcoss2.ncep.noaa.gov 0:  MAX/MIN ICMR AT LEVEL            3 IS:   1.7831475E-04  0.0000000E+00
nid003773.dogwood.wcoss2.ncep.noaa.gov 2:  MAX/MIN SNMR AT LEVEL           99 IS:   0.0000000E+00  0.0000000E+00
nid003773.dogwood.wcoss2.ncep.noaa.gov 2:  MAX/MIN SNMR AT LEVEL          100 IS:   0.0000000E+00  0.0000000E+00
nid003773.dogwood.wcoss2.ncep.noaa.gov 2:  MAX/MIN SNMR AT LEVEL          101 IS:   0.0000000E+00  0.0000000E+00
nid003773.dogwood.wcoss2.ncep.noaa.gov 2:  MAX/MIN SNMR AT LEVEL          102 IS:   0.0000000E+00  0.0000000E+00
nid001162.dogwood.wcoss2.ncep.noaa.gov 0:  MAX/MIN ICMR AT LEVEL            4 IS:   1.7622113E-04  0.0000000E+00
nid003773.dogwood.wcoss2.ncep.noaa.gov 2:  MAX/MIN SNMR AT LEVEL          103 IS:   0.0000000E+00  0.0000000E+00
nid001162.dogwood.wcoss2.ncep.noaa.gov 0:  MAX/MIN ICMR AT LEVEL            5 IS:   1.7349422E-04  0.0000000E+00
nid003773.dogwood.wcoss2.ncep.noaa.gov 2:  MAX/MIN SNMR AT LEVEL          104 IS:   0.0000000E+00  0.0000000E+00
nid003773.dogwood.wcoss2.ncep.noaa.gov 2:  MAX/MIN SNMR AT LEVEL          105 IS:   0.0000000E+00  0.0000000E+00
nid001162.dogwood.wcoss2.ncep.noaa.gov 0:  MAX/MIN ICMR AT LEVEL            6 IS:   1.6871840E-04  0.0000000E+00
nid003773.dogwood.wcoss2.ncep.noaa.gov 2:  MAX/MIN SNMR AT LEVEL          106 IS:   0.0000000E+00  0.0000000E+00
nid001162.dogwood.wcoss2.ncep.noaa.gov 0:  MAX/MIN ICMR AT LEVEL            7 IS:   1.6418099E-04  0.0000000E+00
nid003773.dogwood.wcoss2.ncep.noaa.gov 2:  MAX/MIN SNMR AT LEVEL          107 IS:   0.0000000E+00  0.0000000E+00
nid003773.dogwood.wcoss2.ncep.noaa.gov 2:  MAX/MIN SNMR AT LEVEL          108 IS:   0.0000000E+00  0.0000000E+00
nid001162.dogwood.wcoss2.ncep.noaa.gov 0:  MAX/MIN ICMR AT LEVEL            8 IS:   1.5966594E-04  0.0000000E+00
nid003773.dogwood.wcoss2.ncep.noaa.gov 2:  MAX/MIN SNMR AT LEVEL          109 IS:   0.0000000E+00  0.0000000E+00
nid003773.dogwood.wcoss2.ncep.noaa.gov 2:  MAX/MIN SNMR AT LEVEL          110 IS:   0.0000000E+00  0.0000000E+00
nid003773.dogwood.wcoss2.ncep.noaa.gov 2:  MAX/MIN SNMR AT LEVEL          111 IS:   0.0000000E+00  0.0000000E+00
nid001162.dogwood.wcoss2.ncep.noaa.gov 0:  MAX/MIN ICMR AT LEVEL            9 IS:   1.5921891E-04  0.0000000E+00
nid003773.dogwood.wcoss2.ncep.noaa.gov 2:  MAX/MIN SNMR AT LEVEL          112 IS:   0.0000000E+00  0.0000000E+00
nid001162.dogwood.wcoss2.ncep.noaa.gov 0:  MAX/MIN ICMR AT LEVEL           10 IS:   1.5781820E-04  0.0000000E+00
nid003773.dogwood.wcoss2.ncep.noaa.gov 2:  MAX/MIN SNMR AT LEVEL          113 IS:   0.0000000E+00  0.0000000E+00
nid001162.dogwood.wcoss2.ncep.noaa.gov 0:  MAX/MIN ICMR AT LEVEL           11 IS:   1.5627593E-04  0.0000000E+00
nid003773.dogwood.wcoss2.ncep.noaa.gov 2:  MAX/MIN SNMR AT LEVEL          114 IS:   0.0000000E+00  0.0000000E+00
nid003773.dogwood.wcoss2.ncep.noaa.gov 2:  MAX/MIN SNMR AT LEVEL          115 IS:   0.0000000E+00  0.0000000E+00
nid001162.dogwood.wcoss2.ncep.noaa.gov 0:  MAX/MIN ICMR AT LEVEL           12 IS:   1.5199184E-04  0.0000000E+00
nid003773.dogwood.wcoss2.ncep.noaa.gov 2:  MAX/MIN SNMR AT LEVEL          116 IS:   0.0000000E+00  0.0000000E+00
nid001162.dogwood.wcoss2.ncep.noaa.gov 0:  MAX/MIN ICMR AT LEVEL           13 IS:   1.5075505E-04  0.0000000E+00
nid003773.dogwood.wcoss2.ncep.noaa.gov 2:  MAX/MIN SNMR AT LEVEL          117 IS:   0.0000000E+00  0.0000000E+00
nid003773.dogwood.wcoss2.ncep.noaa.gov 2:  MAX/MIN SNMR AT LEVEL          118 IS:   0.0000000E+00  0.0000000E+00
nid001162.dogwood.wcoss2.ncep.noaa.gov 0:  MAX/MIN ICMR AT LEVEL           14 IS:   1.5488267E-04  0.0000000E+00
nid003773.dogwood.wcoss2.ncep.noaa.gov 2:  MAX/MIN SNMR AT LEVEL          119 IS:   0.0000000E+00  0.0000000E+00
nid001162.dogwood.wcoss2.ncep.noaa.gov 0:  MAX/MIN ICMR AT LEVEL           15 IS:   1.5884638E-04  0.0000000E+00
nid003773.dogwood.wcoss2.ncep.noaa.gov 2:  MAX/MIN SNMR AT LEVEL          120 IS:   0.0000000E+00  0.0000000E+00
nid001162.dogwood.wcoss2.ncep.noaa.gov 0:  MAX/MIN ICMR AT LEVEL           16 IS:   1.6261637E-04  0.0000000E+00
nid003773.dogwood.wcoss2.ncep.noaa.gov 2:  MAX/MIN SNMR AT LEVEL          121 IS:   0.0000000E+00  0.0000000E+00
nid003773.dogwood.wcoss2.ncep.noaa.gov 2:  MAX/MIN SNMR AT LEVEL          122 IS:   0.0000000E+00  0.0000000E+00
nid001162.dogwood.wcoss2.ncep.noaa.gov 0:  MAX/MIN ICMR AT LEVEL           17 IS:   1.6552210E-04  0.0000000E+00
nid003773.dogwood.wcoss2.ncep.noaa.gov 2:  MAX/MIN SNMR AT LEVEL          123 IS:   0.0000000E+00  0.0000000E+00
nid003773.dogwood.wcoss2.ncep.noaa.gov 2:  MAX/MIN SNMR AT LEVEL          124 IS:   0.0000000E+00  0.0000000E+00
nid001162.dogwood.wcoss2.ncep.noaa.gov 0:  MAX/MIN ICMR AT LEVEL           18 IS:   1.6719848E-04  0.0000000E+00
nid003773.dogwood.wcoss2.ncep.noaa.gov 2:  MAX/MIN SNMR AT LEVEL          125 IS:   0.0000000E+00  0.0000000E+00
nid003773.dogwood.wcoss2.ncep.noaa.gov 2:  MAX/MIN SNMR AT LEVEL          126 IS:   0.0000000E+00  0.0000000E+00
nid001162.dogwood.wcoss2.ncep.noaa.gov 0:  MAX/MIN ICMR AT LEVEL           19 IS:   1.7023087E-04  0.0000000E+00
nid003773.dogwood.wcoss2.ncep.noaa.gov 2:  MAX/MIN SNMR AT LEVEL          127 IS:   0.0000000E+00  0.0000000E+00
 
 READ GRLE
nid001162.dogwood.wcoss2.ncep.noaa.gov 0:  MAX/MIN ICMR AT LEVEL           20 IS:   1.7226487E-04  0.0000000E+00
nid001162.dogwood.wcoss2.ncep.noaa.gov 0:  MAX/MIN ICMR AT LEVEL           21 IS:   1.7314404E-04  0.0000000E+00
nid001162.dogwood.wcoss2.ncep.noaa.gov 0:  MAX/MIN ICMR AT LEVEL           22 IS:   1.7261505E-04  0.0000000E+00
nid001162.dogwood.wcoss2.ncep.noaa.gov 0:  MAX/MIN ICMR AT LEVEL           23 IS:   1.7206371E-04  0.0000000E+00
nid001162.dogwood.wcoss2.ncep.noaa.gov 0:  MAX/MIN ICMR AT LEVEL           24 IS:   1.7409772E-04  0.0000000E+00
nid001162.dogwood.wcoss2.ncep.noaa.gov 0:  MAX/MIN ICMR AT LEVEL           25 IS:   1.7589331E-04  0.0000000E+00
nid001162.dogwood.wcoss2.ncep.noaa.gov 0:  MAX/MIN ICMR AT LEVEL           26 IS:   1.7371774E-04  0.0000000E+00
nid001162.dogwood.wcoss2.ncep.noaa.gov 0:  MAX/MIN ICMR AT LEVEL           27 IS:   1.6862154E-04  0.0000000E+00
nid001162.dogwood.wcoss2.ncep.noaa.gov 0:  MAX/MIN ICMR AT LEVEL           28 IS:   1.6304851E-04  0.0000000E+00
nid001162.dogwood.wcoss2.ncep.noaa.gov 0:  MAX/MIN ICMR AT LEVEL           29 IS:   1.5774369E-04  0.0000000E+00
nid001162.dogwood.wcoss2.ncep.noaa.gov 0:  MAX/MIN ICMR AT LEVEL           30 IS:   1.5205145E-04  0.0000000E+00
nid001162.dogwood.wcoss2.ncep.noaa.gov 0:  MAX/MIN ICMR AT LEVEL           31 IS:   1.4831126E-04  0.0000000E+00
nid001162.dogwood.wcoss2.ncep.noaa.gov 0:  MAX/MIN ICMR AT LEVEL           32 IS:   1.4389306E-04  0.0000000E+00
nid001162.dogwood.wcoss2.ncep.noaa.gov 0:  MAX/MIN ICMR AT LEVEL           33 IS:   1.3756752E-04  0.0000000E+00
nid001162.dogwood.wcoss2.ncep.noaa.gov 0:  MAX/MIN ICMR AT LEVEL           34 IS:   1.3646483E-04  0.0000000E+00
nid001162.dogwood.wcoss2.ncep.noaa.gov 0:  MAX/MIN ICMR AT LEVEL           35 IS:   1.4216453E-04  0.0000000E+00
nid001162.dogwood.wcoss2.ncep.noaa.gov 0:  MAX/MIN ICMR AT LEVEL           36 IS:   1.5611202E-04  0.0000000E+00
nid001162.dogwood.wcoss2.ncep.noaa.gov 0:  MAX/MIN ICMR AT LEVEL           37 IS:   1.6841292E-04  0.0000000E+00
nid001162.dogwood.wcoss2.ncep.noaa.gov 0:  MAX/MIN ICMR AT LEVEL           38 IS:   1.7900020E-04  0.0000000E+00
nid001162.dogwood.wcoss2.ncep.noaa.gov 0:  MAX/MIN ICMR AT LEVEL           39 IS:   1.9028783E-04  0.0000000E+00
nid001162.dogwood.wcoss2.ncep.noaa.gov 0:  MAX/MIN ICMR AT LEVEL           40 IS:   2.0238757E-04  0.0000000E+00
nid001162.dogwood.wcoss2.ncep.noaa.gov 0:  MAX/MIN ICMR AT LEVEL           41 IS:   2.0887703E-04  0.0000000E+00
nid001162.dogwood.wcoss2.ncep.noaa.gov 0:  MAX/MIN ICMR AT LEVEL           42 IS:   2.1044910E-04  0.0000000E+00
nid001162.dogwood.wcoss2.ncep.noaa.gov 0:  MAX/MIN ICMR AT LEVEL           43 IS:   2.0552427E-04  0.0000000E+00
nid001162.dogwood.wcoss2.ncep.noaa.gov 0:  MAX/MIN ICMR AT LEVEL           44 IS:   1.9264966E-04  0.0000000E+00
nid001162.dogwood.wcoss2.ncep.noaa.gov 0:  MAX/MIN ICMR AT LEVEL           45 IS:   1.7749518E-04  0.0000000E+00
nid001162.dogwood.wcoss2.ncep.noaa.gov 0:  MAX/MIN ICMR AT LEVEL           46 IS:   1.6055256E-04  0.0000000E+00
nid001162.dogwood.wcoss2.ncep.noaa.gov 0:  MAX/MIN ICMR AT LEVEL           47 IS:   1.8201768E-04  0.0000000E+00
nid001162.dogwood.wcoss2.ncep.noaa.gov 0:  MAX/MIN ICMR AT LEVEL           48 IS:   1.8978864E-04  0.0000000E+00
nid001162.dogwood.wcoss2.ncep.noaa.gov 0:  MAX/MIN ICMR AT LEVEL           49 IS:   1.8896908E-04  0.0000000E+00
nid001162.dogwood.wcoss2.ncep.noaa.gov 0:  MAX/MIN ICMR AT LEVEL           50 IS:   1.9282848E-04  0.0000000E+00
nid001162.dogwood.wcoss2.ncep.noaa.gov 0:  MAX/MIN ICMR AT LEVEL           51 IS:   2.2949278E-04  0.0000000E+00
nid001162.dogwood.wcoss2.ncep.noaa.gov 0:  MAX/MIN ICMR AT LEVEL           52 IS:   2.0156056E-04  0.0000000E+00
nid001162.dogwood.wcoss2.ncep.noaa.gov 0:  MAX/MIN ICMR AT LEVEL           53 IS:   2.2010505E-04  0.0000000E+00
nid001162.dogwood.wcoss2.ncep.noaa.gov 0:  MAX/MIN ICMR AT LEVEL           54 IS:   2.6167929E-04  0.0000000E+00
nid001162.dogwood.wcoss2.ncep.noaa.gov 0:  MAX/MIN ICMR AT LEVEL           55 IS:   2.7488172E-04  0.0000000E+00
nid001162.dogwood.wcoss2.ncep.noaa.gov 0:  MAX/MIN ICMR AT LEVEL           56 IS:   3.2007694E-04  0.0000000E+00
nid001162.dogwood.wcoss2.ncep.noaa.gov 0:  MAX/MIN ICMR AT LEVEL           57 IS:   3.4293532E-04  0.0000000E+00
nid001162.dogwood.wcoss2.ncep.noaa.gov 0:  MAX/MIN ICMR AT LEVEL           58 IS:   3.7647784E-04  0.0000000E+00
nid001162.dogwood.wcoss2.ncep.noaa.gov 0:  MAX/MIN ICMR AT LEVEL           59 IS:   4.9069524E-04  0.0000000E+00
nid001162.dogwood.wcoss2.ncep.noaa.gov 0:  MAX/MIN ICMR AT LEVEL           60 IS:   5.5962801E-04  0.0000000E+00
nid001162.dogwood.wcoss2.ncep.noaa.gov 0:  MAX/MIN ICMR AT LEVEL           61 IS:   5.9771538E-04  0.0000000E+00
nid001162.dogwood.wcoss2.ncep.noaa.gov 0:  MAX/MIN ICMR AT LEVEL           62 IS:   6.6137314E-04  0.0000000E+00
nid001162.dogwood.wcoss2.ncep.noaa.gov 0:  MAX/MIN ICMR AT LEVEL           63 IS:   8.9144707E-04  0.0000000E+00
nid001162.dogwood.wcoss2.ncep.noaa.gov 0:  MAX/MIN ICMR AT LEVEL           64 IS:   1.0693669E-03  0.0000000E+00
nid001162.dogwood.wcoss2.ncep.noaa.gov 0:  MAX/MIN ICMR AT LEVEL           65 IS:   1.4791489E-03  0.0000000E+00
nid001162.dogwood.wcoss2.ncep.noaa.gov 0:  MAX/MIN ICMR AT LEVEL           66 IS:   1.9850731E-03  0.0000000E+00
nid001162.dogwood.wcoss2.ncep.noaa.gov 0:  MAX/MIN ICMR AT LEVEL           67 IS:   2.6419163E-03  0.0000000E+00
nid001162.dogwood.wcoss2.ncep.noaa.gov 0:  MAX/MIN ICMR AT LEVEL           68 IS:   2.9765368E-03  0.0000000E+00
nid001162.dogwood.wcoss2.ncep.noaa.gov 0:  MAX/MIN ICMR AT LEVEL           69 IS:   2.8359890E-03  0.0000000E+00
nid001162.dogwood.wcoss2.ncep.noaa.gov 0:  MAX/MIN ICMR AT LEVEL           70 IS:   2.7310848E-03  0.0000000E+00
nid001162.dogwood.wcoss2.ncep.noaa.gov 0:  MAX/MIN ICMR AT LEVEL           71 IS:   2.7185678E-03  0.0000000E+00
nid001162.dogwood.wcoss2.ncep.noaa.gov 0:  MAX/MIN ICMR AT LEVEL           72 IS:   2.5910139E-03  0.0000000E+00
nid001162.dogwood.wcoss2.ncep.noaa.gov 0:  MAX/MIN ICMR AT LEVEL           73 IS:   2.4982691E-03  0.0000000E+00
nid001162.dogwood.wcoss2.ncep.noaa.gov 0:  MAX/MIN ICMR AT LEVEL           74 IS:   2.4307966E-03  0.0000000E+00
nid001162.dogwood.wcoss2.ncep.noaa.gov 0:  MAX/MIN ICMR AT LEVEL           75 IS:   2.4771690E-03  0.0000000E+00
nid001162.dogwood.wcoss2.ncep.noaa.gov 0:  MAX/MIN ICMR AT LEVEL           76 IS:   2.4150610E-03  0.0000000E+00
nid001162.dogwood.wcoss2.ncep.noaa.gov 0:  MAX/MIN ICMR AT LEVEL           77 IS:   2.3176670E-03  0.0000000E+00
nid001162.dogwood.wcoss2.ncep.noaa.gov 0:  MAX/MIN ICMR AT LEVEL           78 IS:   2.2211075E-03  0.0000000E+00
nid001162.dogwood.wcoss2.ncep.noaa.gov 0:  MAX/MIN ICMR AT LEVEL           79 IS:   2.2280216E-03  0.0000000E+00
nid001162.dogwood.wcoss2.ncep.noaa.gov 0:  MAX/MIN ICMR AT LEVEL           80 IS:   2.1193027E-03  0.0000000E+00
nid001162.dogwood.wcoss2.ncep.noaa.gov 0:  MAX/MIN ICMR AT LEVEL           81 IS:   2.0949841E-03  0.0000000E+00
nid001162.dogwood.wcoss2.ncep.noaa.gov 0:  MAX/MIN ICMR AT LEVEL           82 IS:   2.0631552E-03  0.0000000E+00
nid001162.dogwood.wcoss2.ncep.noaa.gov 0:  MAX/MIN ICMR AT LEVEL           83 IS:   2.0371675E-03  0.0000000E+00
nid001162.dogwood.wcoss2.ncep.noaa.gov 0:  MAX/MIN ICMR AT LEVEL           84 IS:   1.5726089E-03  0.0000000E+00
nid001162.dogwood.wcoss2.ncep.noaa.gov 0:  MAX/MIN ICMR AT LEVEL           85 IS:   9.1907382E-04  0.0000000E+00
nid001162.dogwood.wcoss2.ncep.noaa.gov 0:  MAX/MIN ICMR AT LEVEL           86 IS:   2.3116916E-04  0.0000000E+00
nid001162.dogwood.wcoss2.ncep.noaa.gov 0:  MAX/MIN ICMR AT LEVEL           87 IS:   5.3052790E-06  0.0000000E+00
nid001162.dogwood.wcoss2.ncep.noaa.gov 0:  MAX/MIN ICMR AT LEVEL           88 IS:   6.8587251E-06  0.0000000E+00
nid001162.dogwood.wcoss2.ncep.noaa.gov 0:  MAX/MIN ICMR AT LEVEL           89 IS:   6.4133201E-06  0.0000000E+00
nid001162.dogwood.wcoss2.ncep.noaa.gov 0:  MAX/MIN ICMR AT LEVEL           90 IS:   2.3580651E-07  0.0000000E+00
nid001162.dogwood.wcoss2.ncep.noaa.gov 0:  MAX/MIN ICMR AT LEVEL           91 IS:   0.0000000E+00  0.0000000E+00
nid001162.dogwood.wcoss2.ncep.noaa.gov 0:  MAX/MIN ICMR AT LEVEL           92 IS:   0.0000000E+00  0.0000000E+00
nid001162.dogwood.wcoss2.ncep.noaa.gov 0:  MAX/MIN ICMR AT LEVEL           93 IS:   0.0000000E+00  0.0000000E+00
nid001162.dogwood.wcoss2.ncep.noaa.gov 0:  MAX/MIN ICMR AT LEVEL           94 IS:   0.0000000E+00  0.0000000E+00
nid001162.dogwood.wcoss2.ncep.noaa.gov 0:  MAX/MIN ICMR AT LEVEL           95 IS:   0.0000000E+00  0.0000000E+00
nid001162.dogwood.wcoss2.ncep.noaa.gov 0:  MAX/MIN ICMR AT LEVEL           96 IS:   0.0000000E+00  0.0000000E+00
nid001162.dogwood.wcoss2.ncep.noaa.gov 0:  MAX/MIN ICMR AT LEVEL           97 IS:   0.0000000E+00  0.0000000E+00
nid001162.dogwood.wcoss2.ncep.noaa.gov 0:  MAX/MIN ICMR AT LEVEL           98 IS:   0.0000000E+00  0.0000000E+00
nid001162.dogwood.wcoss2.ncep.noaa.gov 0:  MAX/MIN ICMR AT LEVEL           99 IS:   0.0000000E+00  0.0000000E+00
nid001162.dogwood.wcoss2.ncep.noaa.gov 0:  MAX/MIN ICMR AT LEVEL          100 IS:   0.0000000E+00  0.0000000E+00
nid001162.dogwood.wcoss2.ncep.noaa.gov 0:  MAX/MIN ICMR AT LEVEL          101 IS:   0.0000000E+00  0.0000000E+00
nid001162.dogwood.wcoss2.ncep.noaa.gov 0:  MAX/MIN ICMR AT LEVEL          102 IS:   0.0000000E+00  0.0000000E+00
nid001162.dogwood.wcoss2.ncep.noaa.gov 0:  MAX/MIN ICMR AT LEVEL          103 IS:   0.0000000E+00  0.0000000E+00
nid001162.dogwood.wcoss2.ncep.noaa.gov 0:  MAX/MIN ICMR AT LEVEL          104 IS:   0.0000000E+00  0.0000000E+00
nid001162.dogwood.wcoss2.ncep.noaa.gov 0:  MAX/MIN ICMR AT LEVEL          105 IS:   0.0000000E+00  0.0000000E+00
nid001162.dogwood.wcoss2.ncep.noaa.gov 0:  MAX/MIN ICMR AT LEVEL          106 IS:   0.0000000E+00  0.0000000E+00
nid001162.dogwood.wcoss2.ncep.noaa.gov 0:  MAX/MIN ICMR AT LEVEL          107 IS:   0.0000000E+00  0.0000000E+00
nid001162.dogwood.wcoss2.ncep.noaa.gov 0:  MAX/MIN ICMR AT LEVEL          108 IS:   0.0000000E+00  0.0000000E+00
nid001162.dogwood.wcoss2.ncep.noaa.gov 0:  MAX/MIN ICMR AT LEVEL          109 IS:   0.0000000E+00  0.0000000E+00
nid001162.dogwood.wcoss2.ncep.noaa.gov 0:  MAX/MIN ICMR AT LEVEL          110 IS:   0.0000000E+00  0.0000000E+00
nid001162.dogwood.wcoss2.ncep.noaa.gov 0:  MAX/MIN ICMR AT LEVEL          111 IS:   0.0000000E+00  0.0000000E+00
nid001162.dogwood.wcoss2.ncep.noaa.gov 0:  MAX/MIN ICMR AT LEVEL          112 IS:   0.0000000E+00  0.0000000E+00
nid001162.dogwood.wcoss2.ncep.noaa.gov 0:  MAX/MIN ICMR AT LEVEL          113 IS:   0.0000000E+00  0.0000000E+00
nid001162.dogwood.wcoss2.ncep.noaa.gov 0:  MAX/MIN ICMR AT LEVEL          114 IS:   0.0000000E+00  0.0000000E+00
nid001641.dogwood.wcoss2.ncep.noaa.gov 1:  MAX/MIN SNMR AT LEVEL            1 IS:   2.4306774E-03  0.0000000E+00
nid001641.dogwood.wcoss2.ncep.noaa.gov 1:  MAX/MIN SNMR AT LEVEL            2 IS:   2.4117231E-03  0.0000000E+00
nid001162.dogwood.wcoss2.ncep.noaa.gov 0:  MAX/MIN ICMR AT LEVEL          115 IS:   0.0000000E+00  0.0000000E+00
nid001641.dogwood.wcoss2.ncep.noaa.gov 1:  MAX/MIN SNMR AT LEVEL            3 IS:   2.3896694E-03  0.0000000E+00
nid001162.dogwood.wcoss2.ncep.noaa.gov 0:  MAX/MIN ICMR AT LEVEL          116 IS:   0.0000000E+00  0.0000000E+00
nid001641.dogwood.wcoss2.ncep.noaa.gov 1:  MAX/MIN SNMR AT LEVEL            4 IS:   2.3779869E-03  0.0000000E+00
nid001641.dogwood.wcoss2.ncep.noaa.gov 1:  MAX/MIN SNMR AT LEVEL            5 IS:   2.4005175E-03  0.0000000E+00
nid001162.dogwood.wcoss2.ncep.noaa.gov 0:  MAX/MIN ICMR AT LEVEL          117 IS:   0.0000000E+00  0.0000000E+00
nid001641.dogwood.wcoss2.ncep.noaa.gov 1:  MAX/MIN SNMR AT LEVEL            6 IS:   2.4341345E-03  0.0000000E+00
nid001162.dogwood.wcoss2.ncep.noaa.gov 0:  MAX/MIN ICMR AT LEVEL          118 IS:   0.0000000E+00  0.0000000E+00
nid001641.dogwood.wcoss2.ncep.noaa.gov 1:  MAX/MIN SNMR AT LEVEL            7 IS:   2.5016069E-03  0.0000000E+00
nid001162.dogwood.wcoss2.ncep.noaa.gov 0:  MAX/MIN ICMR AT LEVEL          119 IS:   0.0000000E+00  0.0000000E+00
nid001641.dogwood.wcoss2.ncep.noaa.gov 1:  MAX/MIN SNMR AT LEVEL            8 IS:   2.5577545E-03  0.0000000E+00
nid001641.dogwood.wcoss2.ncep.noaa.gov 1:  MAX/MIN SNMR AT LEVEL            9 IS:   2.6316643E-03  0.0000000E+00
nid001162.dogwood.wcoss2.ncep.noaa.gov 0:  MAX/MIN ICMR AT LEVEL          120 IS:   0.0000000E+00  0.0000000E+00
nid001641.dogwood.wcoss2.ncep.noaa.gov 1:  MAX/MIN SNMR AT LEVEL           10 IS:   2.7319193E-03  0.0000000E+00
nid001641.dogwood.wcoss2.ncep.noaa.gov 1:  MAX/MIN SNMR AT LEVEL           11 IS:   2.8362274E-03  0.0000000E+00
nid001162.dogwood.wcoss2.ncep.noaa.gov 0:  MAX/MIN ICMR AT LEVEL          121 IS:   0.0000000E+00  0.0000000E+00
nid001641.dogwood.wcoss2.ncep.noaa.gov 1:  MAX/MIN SNMR AT LEVEL           12 IS:   2.9817820E-03  0.0000000E+00
nid001641.dogwood.wcoss2.ncep.noaa.gov 1:  MAX/MIN SNMR AT LEVEL           13 IS:   3.0323267E-03  0.0000000E+00
nid001162.dogwood.wcoss2.ncep.noaa.gov 0:  MAX/MIN ICMR AT LEVEL          122 IS:   0.0000000E+00  0.0000000E+00
nid001641.dogwood.wcoss2.ncep.noaa.gov 1:  MAX/MIN SNMR AT LEVEL           14 IS:   3.0846596E-03  0.0000000E+00
nid001641.dogwood.wcoss2.ncep.noaa.gov 1:  MAX/MIN SNMR AT LEVEL           15 IS:   3.1371117E-03  0.0000000E+00
nid001162.dogwood.wcoss2.ncep.noaa.gov 0:  MAX/MIN ICMR AT LEVEL          123 IS:   0.0000000E+00  0.0000000E+00
nid001641.dogwood.wcoss2.ncep.noaa.gov 1:  MAX/MIN SNMR AT LEVEL           16 IS:   3.1949282E-03  0.0000000E+00
nid001162.dogwood.wcoss2.ncep.noaa.gov 0:  MAX/MIN ICMR AT LEVEL          124 IS:   0.0000000E+00  0.0000000E+00
nid001641.dogwood.wcoss2.ncep.noaa.gov 1:  MAX/MIN SNMR AT LEVEL           17 IS:   3.2531023E-03  0.0000000E+00
nid001641.dogwood.wcoss2.ncep.noaa.gov 1:  MAX/MIN SNMR AT LEVEL           18 IS:   3.3273697E-03  0.0000000E+00
nid001162.dogwood.wcoss2.ncep.noaa.gov 0:  MAX/MIN ICMR AT LEVEL          125 IS:   0.0000000E+00  0.0000000E+00
nid001641.dogwood.wcoss2.ncep.noaa.gov 1:  MAX/MIN SNMR AT LEVEL           19 IS:   3.6147833E-03  0.0000000E+00
nid001162.dogwood.wcoss2.ncep.noaa.gov 0:  MAX/MIN ICMR AT LEVEL          126 IS:   0.0000000E+00  0.0000000E+00
nid001641.dogwood.wcoss2.ncep.noaa.gov 1:  MAX/MIN SNMR AT LEVEL           20 IS:   3.9188862E-03  0.0000000E+00
nid001641.dogwood.wcoss2.ncep.noaa.gov 1:  MAX/MIN SNMR AT LEVEL           21 IS:   4.0116310E-03  0.0000000E+00
nid001162.dogwood.wcoss2.ncep.noaa.gov 0:  MAX/MIN ICMR AT LEVEL          127 IS:   0.0000000E+00  0.0000000E+00
nid001162.dogwood.wcoss2.ncep.noaa.gov 0:  
 READ SNMR
nid001641.dogwood.wcoss2.ncep.noaa.gov 1:  MAX/MIN SNMR AT LEVEL           22 IS:   4.1036606E-03  0.0000000E+00
nid001641.dogwood.wcoss2.ncep.noaa.gov 1:  MAX/MIN SNMR AT LEVEL           23 IS:   4.1952133E-03  0.0000000E+00
nid001641.dogwood.wcoss2.ncep.noaa.gov 1:  MAX/MIN SNMR AT LEVEL           24 IS:   4.2915344E-03  0.0000000E+00
nid001641.dogwood.wcoss2.ncep.noaa.gov 1:  MAX/MIN SNMR AT LEVEL           25 IS:   4.3909550E-03  0.0000000E+00
nid001641.dogwood.wcoss2.ncep.noaa.gov 1:  MAX/MIN SNMR AT LEVEL           26 IS:   4.7376156E-03  0.0000000E+00
nid001641.dogwood.wcoss2.ncep.noaa.gov 1:  MAX/MIN SNMR AT LEVEL           27 IS:   4.8642159E-03  0.0000000E+00
nid001641.dogwood.wcoss2.ncep.noaa.gov 1:  MAX/MIN SNMR AT LEVEL           28 IS:   4.9669743E-03  0.0000000E+00
nid001641.dogwood.wcoss2.ncep.noaa.gov 1:  MAX/MIN SNMR AT LEVEL           29 IS:   5.0575733E-03  0.0000000E+00
nid001641.dogwood.wcoss2.ncep.noaa.gov 1:  MAX/MIN SNMR AT LEVEL           30 IS:   5.1374435E-03  0.0000000E+00
nid001641.dogwood.wcoss2.ncep.noaa.gov 1:  MAX/MIN SNMR AT LEVEL           31 IS:   5.2423477E-03  0.0000000E+00
nid001641.dogwood.wcoss2.ncep.noaa.gov 1:  MAX/MIN SNMR AT LEVEL           32 IS:   5.3727627E-03  0.0000000E+00
nid001641.dogwood.wcoss2.ncep.noaa.gov 1:  MAX/MIN SNMR AT LEVEL           33 IS:   5.5577755E-03  0.0000000E+00
nid001641.dogwood.wcoss2.ncep.noaa.gov 1:  MAX/MIN SNMR AT LEVEL           34 IS:   5.7561398E-03  0.0000000E+00
nid001641.dogwood.wcoss2.ncep.noaa.gov 1:  MAX/MIN SNMR AT LEVEL           35 IS:   5.9232712E-03  0.0000000E+00
nid001641.dogwood.wcoss2.ncep.noaa.gov 1:  MAX/MIN SNMR AT LEVEL           36 IS:   6.0613155E-03  0.0000000E+00
nid001641.dogwood.wcoss2.ncep.noaa.gov 1:  MAX/MIN SNMR AT LEVEL           37 IS:   6.1769485E-03  0.0000000E+00
nid001641.dogwood.wcoss2.ncep.noaa.gov 1:  MAX/MIN SNMR AT LEVEL           38 IS:   6.2777996E-03  0.0000000E+00
nid001641.dogwood.wcoss2.ncep.noaa.gov 1:  MAX/MIN SNMR AT LEVEL           39 IS:   6.3731670E-03  0.0000000E+00
nid001641.dogwood.wcoss2.ncep.noaa.gov 1:  MAX/MIN SNMR AT LEVEL           40 IS:   6.4580441E-03  0.0000000E+00
nid001641.dogwood.wcoss2.ncep.noaa.gov 1:  MAX/MIN SNMR AT LEVEL           41 IS:   6.8125725E-03  0.0000000E+00
nid001641.dogwood.wcoss2.ncep.noaa.gov 1:  MAX/MIN SNMR AT LEVEL           42 IS:   7.2150230E-03  0.0000000E+00
nid001641.dogwood.wcoss2.ncep.noaa.gov 1:  MAX/MIN SNMR AT LEVEL           43 IS:   7.3921680E-03  0.0000000E+00
nid001641.dogwood.wcoss2.ncep.noaa.gov 1:  MAX/MIN SNMR AT LEVEL           44 IS:   7.3986053E-03  0.0000000E+00
nid001641.dogwood.wcoss2.ncep.noaa.gov 1:  MAX/MIN SNMR AT LEVEL           45 IS:   7.2660446E-03  0.0000000E+00
nid001641.dogwood.wcoss2.ncep.noaa.gov 1:  MAX/MIN SNMR AT LEVEL           46 IS:   7.0307255E-03  0.0000000E+00
nid001641.dogwood.wcoss2.ncep.noaa.gov 1:  MAX/MIN SNMR AT LEVEL           47 IS:   6.7441463E-03  0.0000000E+00
nid001641.dogwood.wcoss2.ncep.noaa.gov 1:  MAX/MIN SNMR AT LEVEL           48 IS:   6.7327023E-03  0.0000000E+00
nid001641.dogwood.wcoss2.ncep.noaa.gov 1:  MAX/MIN SNMR AT LEVEL           49 IS:   7.1098804E-03  0.0000000E+00
nid001641.dogwood.wcoss2.ncep.noaa.gov 1:  MAX/MIN SNMR AT LEVEL           50 IS:   7.3571205E-03  0.0000000E+00
nid001641.dogwood.wcoss2.ncep.noaa.gov 1:  MAX/MIN SNMR AT LEVEL           51 IS:   7.5023174E-03  0.0000000E+00
nid001641.dogwood.wcoss2.ncep.noaa.gov 1:  MAX/MIN SNMR AT LEVEL           52 IS:   7.6007843E-03  0.0000000E+00
nid001641.dogwood.wcoss2.ncep.noaa.gov 1:  MAX/MIN SNMR AT LEVEL           53 IS:   7.6637268E-03  0.0000000E+00
nid001641.dogwood.wcoss2.ncep.noaa.gov 1:  MAX/MIN SNMR AT LEVEL           54 IS:   7.6797009E-03  0.0000000E+00
nid001641.dogwood.wcoss2.ncep.noaa.gov 1:  MAX/MIN SNMR AT LEVEL           55 IS:   7.9989433E-03  0.0000000E+00
nid001641.dogwood.wcoss2.ncep.noaa.gov 1:  MAX/MIN SNMR AT LEVEL           56 IS:   8.0876350E-03  0.0000000E+00
nid001641.dogwood.wcoss2.ncep.noaa.gov 1:  MAX/MIN SNMR AT LEVEL           57 IS:   8.2850456E-03  0.0000000E+00
nid001641.dogwood.wcoss2.ncep.noaa.gov 1:  MAX/MIN SNMR AT LEVEL           58 IS:   8.6402893E-03  0.0000000E+00
nid001641.dogwood.wcoss2.ncep.noaa.gov 1:  MAX/MIN SNMR AT LEVEL           59 IS:   8.8934898E-03  0.0000000E+00
nid001641.dogwood.wcoss2.ncep.noaa.gov 1:  MAX/MIN SNMR AT LEVEL           60 IS:   8.9206696E-03  0.0000000E+00
nid001641.dogwood.wcoss2.ncep.noaa.gov 1:  MAX/MIN SNMR AT LEVEL           61 IS:   8.8839531E-03  0.0000000E+00
nid001641.dogwood.wcoss2.ncep.noaa.gov 1:  MAX/MIN SNMR AT LEVEL           62 IS:   8.9507103E-03  0.0000000E+00
nid001641.dogwood.wcoss2.ncep.noaa.gov 1:  MAX/MIN SNMR AT LEVEL           63 IS:   9.0703964E-03  0.0000000E+00
nid001641.dogwood.wcoss2.ncep.noaa.gov 1:  MAX/MIN SNMR AT LEVEL           64 IS:   9.0637207E-03  0.0000000E+00
nid001641.dogwood.wcoss2.ncep.noaa.gov 1:  MAX/MIN SNMR AT LEVEL           65 IS:   9.0789795E-03  0.0000000E+00
nid001641.dogwood.wcoss2.ncep.noaa.gov 1:  MAX/MIN SNMR AT LEVEL           66 IS:   9.0970993E-03  0.0000000E+00
nid001641.dogwood.wcoss2.ncep.noaa.gov 1:  MAX/MIN SNMR AT LEVEL           67 IS:   9.1309547E-03  0.0000000E+00
nid001641.dogwood.wcoss2.ncep.noaa.gov 1:  MAX/MIN SNMR AT LEVEL           68 IS:   9.1490746E-03  0.0000000E+00
nid001641.dogwood.wcoss2.ncep.noaa.gov 1:  MAX/MIN SNMR AT LEVEL           69 IS:   9.1085434E-03  0.0000000E+00
nid001641.dogwood.wcoss2.ncep.noaa.gov 1:  MAX/MIN SNMR AT LEVEL           70 IS:   9.0374947E-03  0.0000000E+00
nid001641.dogwood.wcoss2.ncep.noaa.gov 1:  MAX/MIN SNMR AT LEVEL           71 IS:   8.9421272E-03  0.0000000E+00
nid001641.dogwood.wcoss2.ncep.noaa.gov 1:  MAX/MIN SNMR AT LEVEL           72 IS:   8.9478493E-03  0.0000000E+00
nid001641.dogwood.wcoss2.ncep.noaa.gov 1:  MAX/MIN SNMR AT LEVEL           73 IS:   8.9631081E-03  0.0000000E+00
nid001641.dogwood.wcoss2.ncep.noaa.gov 1:  MAX/MIN SNMR AT LEVEL           74 IS:   9.0007782E-03  0.0000000E+00
nid001641.dogwood.wcoss2.ncep.noaa.gov 1:  MAX/MIN SNMR AT LEVEL           75 IS:   9.0188980E-03  0.0000000E+00
nid001641.dogwood.wcoss2.ncep.noaa.gov 1:  MAX/MIN SNMR AT LEVEL           76 IS:   9.0017319E-03  0.0000000E+00
nid001641.dogwood.wcoss2.ncep.noaa.gov 1:  MAX/MIN SNMR AT LEVEL           77 IS:   8.9950562E-03  0.0000000E+00
nid001641.dogwood.wcoss2.ncep.noaa.gov 1:  MAX/MIN SNMR AT LEVEL           78 IS:   8.9759827E-03  0.0000000E+00
nid001641.dogwood.wcoss2.ncep.noaa.gov 1:  MAX/MIN SNMR AT LEVEL           79 IS:   8.9149475E-03  0.0000000E+00
nid001641.dogwood.wcoss2.ncep.noaa.gov 1:  MAX/MIN SNMR AT LEVEL           80 IS:   8.9077950E-03  0.0000000E+00
nid001641.dogwood.wcoss2.ncep.noaa.gov 1:  MAX/MIN SNMR AT LEVEL           81 IS:   8.9101791E-03  0.0000000E+00
nid001641.dogwood.wcoss2.ncep.noaa.gov 1:  MAX/MIN SNMR AT LEVEL           82 IS:   8.9440346E-03  0.0000000E+00
nid001641.dogwood.wcoss2.ncep.noaa.gov 1:  MAX/MIN SNMR AT LEVEL           83 IS:   8.9840889E-03  0.0000000E+00
nid001641.dogwood.wcoss2.ncep.noaa.gov 1:  MAX/MIN SNMR AT LEVEL           84 IS:   8.5973740E-03  0.0000000E+00
nid001641.dogwood.wcoss2.ncep.noaa.gov 1:  MAX/MIN SNMR AT LEVEL           85 IS:   6.5691471E-03  0.0000000E+00
nid001641.dogwood.wcoss2.ncep.noaa.gov 1:  MAX/MIN SNMR AT LEVEL           86 IS:   2.4652481E-03  0.0000000E+00
nid001641.dogwood.wcoss2.ncep.noaa.gov 1:  MAX/MIN SNMR AT LEVEL           87 IS:   5.2286312E-05  0.0000000E+00
nid001641.dogwood.wcoss2.ncep.noaa.gov 1:  MAX/MIN SNMR AT LEVEL           88 IS:   1.8226565E-06  0.0000000E+00
nid001641.dogwood.wcoss2.ncep.noaa.gov 1:  MAX/MIN SNMR AT LEVEL           89 IS:   1.5889236E-07  0.0000000E+00
nid001641.dogwood.wcoss2.ncep.noaa.gov 1:  MAX/MIN SNMR AT LEVEL           90 IS:   5.8964815E-09  0.0000000E+00
nid001641.dogwood.wcoss2.ncep.noaa.gov 1:  MAX/MIN SNMR AT LEVEL           91 IS:   1.6074253E-11  0.0000000E+00
nid001641.dogwood.wcoss2.ncep.noaa.gov 1:  MAX/MIN SNMR AT LEVEL           92 IS:   0.0000000E+00  0.0000000E+00
nid001641.dogwood.wcoss2.ncep.noaa.gov 1:  MAX/MIN SNMR AT LEVEL           93 IS:   0.0000000E+00  0.0000000E+00
nid001641.dogwood.wcoss2.ncep.noaa.gov 1:  MAX/MIN SNMR AT LEVEL           94 IS:   0.0000000E+00  0.0000000E+00
nid001641.dogwood.wcoss2.ncep.noaa.gov 1:  MAX/MIN SNMR AT LEVEL           95 IS:   0.0000000E+00  0.0000000E+00
nid001641.dogwood.wcoss2.ncep.noaa.gov 1:  MAX/MIN SNMR AT LEVEL           96 IS:   0.0000000E+00  0.0000000E+00
nid001641.dogwood.wcoss2.ncep.noaa.gov 1:  MAX/MIN SNMR AT LEVEL           97 IS:   0.0000000E+00  0.0000000E+00
nid001641.dogwood.wcoss2.ncep.noaa.gov 1:  MAX/MIN SNMR AT LEVEL           98 IS:   0.0000000E+00  0.0000000E+00
nid001641.dogwood.wcoss2.ncep.noaa.gov 1:  MAX/MIN SNMR AT LEVEL           99 IS:   0.0000000E+00  0.0000000E+00
nid001641.dogwood.wcoss2.ncep.noaa.gov 1:  MAX/MIN SNMR AT LEVEL          100 IS:   0.0000000E+00  0.0000000E+00
nid001641.dogwood.wcoss2.ncep.noaa.gov 1:  MAX/MIN SNMR AT LEVEL          101 IS:   0.0000000E+00  0.0000000E+00
nid001641.dogwood.wcoss2.ncep.noaa.gov 1:  MAX/MIN SNMR AT LEVEL          102 IS:   0.0000000E+00  0.0000000E+00
nid001641.dogwood.wcoss2.ncep.noaa.gov 1:  MAX/MIN SNMR AT LEVEL          103 IS:   0.0000000E+00  0.0000000E+00
nid001641.dogwood.wcoss2.ncep.noaa.gov 1:  MAX/MIN SNMR AT LEVEL          104 IS:   0.0000000E+00  0.0000000E+00
nid001641.dogwood.wcoss2.ncep.noaa.gov 1:  MAX/MIN SNMR AT LEVEL          105 IS:   0.0000000E+00  0.0000000E+00
nid001641.dogwood.wcoss2.ncep.noaa.gov 1:  MAX/MIN SNMR AT LEVEL          106 IS:   0.0000000E+00  0.0000000E+00
nid001641.dogwood.wcoss2.ncep.noaa.gov 1:  MAX/MIN SNMR AT LEVEL          107 IS:   0.0000000E+00  0.0000000E+00
nid001641.dogwood.wcoss2.ncep.noaa.gov 1:  MAX/MIN SNMR AT LEVEL          108 IS:   0.0000000E+00  0.0000000E+00
nid001641.dogwood.wcoss2.ncep.noaa.gov 1:  MAX/MIN SNMR AT LEVEL          109 IS:   0.0000000E+00  0.0000000E+00
nid001641.dogwood.wcoss2.ncep.noaa.gov 1:  MAX/MIN SNMR AT LEVEL          110 IS:   0.0000000E+00  0.0000000E+00
nid001641.dogwood.wcoss2.ncep.noaa.gov 1:  MAX/MIN SNMR AT LEVEL          111 IS:   0.0000000E+00  0.0000000E+00
nid001641.dogwood.wcoss2.ncep.noaa.gov 1:  MAX/MIN SNMR AT LEVEL          112 IS:   0.0000000E+00  0.0000000E+00
nid001641.dogwood.wcoss2.ncep.noaa.gov 1:  MAX/MIN SNMR AT LEVEL          113 IS:   0.0000000E+00  0.0000000E+00
nid001641.dogwood.wcoss2.ncep.noaa.gov 1:  MAX/MIN SNMR AT LEVEL          114 IS:   0.0000000E+00  0.0000000E+00
nid001641.dogwood.wcoss2.ncep.noaa.gov 1:  MAX/MIN SNMR AT LEVEL          115 IS:   0.0000000E+00  0.0000000E+00
nid001641.dogwood.wcoss2.ncep.noaa.gov 1:  MAX/MIN SNMR AT LEVEL          116 IS:   0.0000000E+00  0.0000000E+00
nid001641.dogwood.wcoss2.ncep.noaa.gov 1:  MAX/MIN SNMR AT LEVEL          117 IS:   0.0000000E+00  0.0000000E+00
nid001641.dogwood.wcoss2.ncep.noaa.gov 1:  MAX/MIN SNMR AT LEVEL          118 IS:   0.0000000E+00  0.0000000E+00
nid001641.dogwood.wcoss2.ncep.noaa.gov 1:  MAX/MIN SNMR AT LEVEL          119 IS:   0.0000000E+00  0.0000000E+00
nid001641.dogwood.wcoss2.ncep.noaa.gov 1:  MAX/MIN SNMR AT LEVEL          120 IS:   0.0000000E+00  0.0000000E+00
nid001641.dogwood.wcoss2.ncep.noaa.gov 1:  MAX/MIN SNMR AT LEVEL          121 IS:   0.0000000E+00  0.0000000E+00
nid001641.dogwood.wcoss2.ncep.noaa.gov 1:  MAX/MIN SNMR AT LEVEL          122 IS:   0.0000000E+00  0.0000000E+00
nid001641.dogwood.wcoss2.ncep.noaa.gov 1:  MAX/MIN SNMR AT LEVEL          123 IS:   0.0000000E+00  0.0000000E+00
nid001641.dogwood.wcoss2.ncep.noaa.gov 1:  MAX/MIN SNMR AT LEVEL          124 IS:   0.0000000E+00  0.0000000E+00
nid001641.dogwood.wcoss2.ncep.noaa.gov 1:  MAX/MIN SNMR AT LEVEL          125 IS:   0.0000000E+00  0.0000000E+00
nid001641.dogwood.wcoss2.ncep.noaa.gov 1:  MAX/MIN SNMR AT LEVEL          126 IS:   0.0000000E+00  0.0000000E+00
nid001641.dogwood.wcoss2.ncep.noaa.gov 1:  MAX/MIN SNMR AT LEVEL          127 IS:   0.0000000E+00  0.0000000E+00
 
 READ GRLE
nid003773.dogwood.wcoss2.ncep.noaa.gov 2:  MAX/MIN GRLE AT LEVEL            1 IS:   6.4069033E-04  0.0000000E+00
nid003773.dogwood.wcoss2.ncep.noaa.gov 2:  MAX/MIN GRLE AT LEVEL            2 IS:   6.4212084E-04  0.0000000E+00
nid003773.dogwood.wcoss2.ncep.noaa.gov 2:  MAX/MIN GRLE AT LEVEL            3 IS:   6.3586235E-04  0.0000000E+00
nid003773.dogwood.wcoss2.ncep.noaa.gov 2:  MAX/MIN GRLE AT LEVEL            4 IS:   6.1357021E-04  0.0000000E+00
nid003773.dogwood.wcoss2.ncep.noaa.gov 2:  MAX/MIN GRLE AT LEVEL            5 IS:   6.8786740E-04  0.0000000E+00
nid003773.dogwood.wcoss2.ncep.noaa.gov 2:  MAX/MIN GRLE AT LEVEL            6 IS:   6.1675906E-04  0.0000000E+00
nid003773.dogwood.wcoss2.ncep.noaa.gov 2:  MAX/MIN GRLE AT LEVEL            7 IS:   5.5623055E-04  0.0000000E+00
nid003773.dogwood.wcoss2.ncep.noaa.gov 2:  MAX/MIN GRLE AT LEVEL            8 IS:   6.0752034E-04  0.0000000E+00
nid003773.dogwood.wcoss2.ncep.noaa.gov 2:  MAX/MIN GRLE AT LEVEL            9 IS:   7.5474381E-04  0.0000000E+00
nid003773.dogwood.wcoss2.ncep.noaa.gov 2:  MAX/MIN GRLE AT LEVEL           10 IS:   7.7214837E-04  0.0000000E+00
nid003773.dogwood.wcoss2.ncep.noaa.gov 2:  MAX/MIN GRLE AT LEVEL           11 IS:   8.3410740E-04  0.0000000E+00
nid003773.dogwood.wcoss2.ncep.noaa.gov 2:  MAX/MIN GRLE AT LEVEL           12 IS:   9.3486905E-04  0.0000000E+00
nid003773.dogwood.wcoss2.ncep.noaa.gov 2:  MAX/MIN GRLE AT LEVEL           13 IS:   9.4199181E-04  0.0000000E+00
nid003773.dogwood.wcoss2.ncep.noaa.gov 2:  MAX/MIN GRLE AT LEVEL           14 IS:   1.0132790E-03  0.0000000E+00
nid003773.dogwood.wcoss2.ncep.noaa.gov 2:  MAX/MIN GRLE AT LEVEL           15 IS:   9.9074841E-04  0.0000000E+00
nid003773.dogwood.wcoss2.ncep.noaa.gov 2:  MAX/MIN GRLE AT LEVEL           16 IS:   9.7548962E-04  0.0000000E+00
nid003773.dogwood.wcoss2.ncep.noaa.gov 2:  MAX/MIN GRLE AT LEVEL           17 IS:   9.1406703E-04  0.0000000E+00
nid003773.dogwood.wcoss2.ncep.noaa.gov 2:  MAX/MIN GRLE AT LEVEL           18 IS:   7.9125166E-04  0.0000000E+00
nid003773.dogwood.wcoss2.ncep.noaa.gov 2:  MAX/MIN GRLE AT LEVEL           19 IS:   7.5137615E-04  0.0000000E+00
nid003773.dogwood.wcoss2.ncep.noaa.gov 2:  MAX/MIN GRLE AT LEVEL           20 IS:   5.8442354E-04  0.0000000E+00
nid003773.dogwood.wcoss2.ncep.noaa.gov 2:  MAX/MIN GRLE AT LEVEL           21 IS:   6.0078502E-04  0.0000000E+00
nid003773.dogwood.wcoss2.ncep.noaa.gov 2:  MAX/MIN GRLE AT LEVEL           22 IS:   6.2718987E-04  0.0000000E+00
nid003773.dogwood.wcoss2.ncep.noaa.gov 2:  MAX/MIN GRLE AT LEVEL           23 IS:   6.5544248E-04  0.0000000E+00
nid003773.dogwood.wcoss2.ncep.noaa.gov 2:  MAX/MIN GRLE AT LEVEL           24 IS:   6.9326162E-04  0.0000000E+00
nid003773.dogwood.wcoss2.ncep.noaa.gov 2:  MAX/MIN GRLE AT LEVEL           25 IS:   7.3835254E-04  0.0000000E+00
nid003773.dogwood.wcoss2.ncep.noaa.gov 2:  MAX/MIN GRLE AT LEVEL           26 IS:   7.9098344E-04  0.0000000E+00
nid003773.dogwood.wcoss2.ncep.noaa.gov 2:  MAX/MIN GRLE AT LEVEL           27 IS:   8.3914399E-04  0.0000000E+00
nid003773.dogwood.wcoss2.ncep.noaa.gov 2:  MAX/MIN GRLE AT LEVEL           28 IS:   8.9773536E-04  0.0000000E+00
nid003773.dogwood.wcoss2.ncep.noaa.gov 2:  MAX/MIN GRLE AT LEVEL           29 IS:   9.8592043E-04  0.0000000E+00
nid003773.dogwood.wcoss2.ncep.noaa.gov 2:  MAX/MIN GRLE AT LEVEL           30 IS:   1.0896325E-03  0.0000000E+00
nid003773.dogwood.wcoss2.ncep.noaa.gov 2:  MAX/MIN GRLE AT LEVEL           31 IS:   1.1863708E-03  0.0000000E+00
nid003773.dogwood.wcoss2.ncep.noaa.gov 2:  MAX/MIN GRLE AT LEVEL           32 IS:   1.2342930E-03  0.0000000E+00
nid003773.dogwood.wcoss2.ncep.noaa.gov 2:  MAX/MIN GRLE AT LEVEL           33 IS:   1.2730956E-03  0.0000000E+00
nid003773.dogwood.wcoss2.ncep.noaa.gov 2:  MAX/MIN GRLE AT LEVEL           34 IS:   1.5864372E-03  0.0000000E+00
nid003773.dogwood.wcoss2.ncep.noaa.gov 2:  MAX/MIN GRLE AT LEVEL           35 IS:   2.2206306E-03  0.0000000E+00
nid003773.dogwood.wcoss2.ncep.noaa.gov 2:  MAX/MIN GRLE AT LEVEL           36 IS:   2.5513172E-03  0.0000000E+00
nid003773.dogwood.wcoss2.ncep.noaa.gov 2:  MAX/MIN GRLE AT LEVEL           37 IS:   2.4809837E-03  0.0000000E+00
nid003773.dogwood.wcoss2.ncep.noaa.gov 2:  MAX/MIN GRLE AT LEVEL           38 IS:   2.4399757E-03  0.0000000E+00
nid003773.dogwood.wcoss2.ncep.noaa.gov 2:  MAX/MIN GRLE AT LEVEL           39 IS:   2.5372505E-03  0.0000000E+00
nid003773.dogwood.wcoss2.ncep.noaa.gov 2:  MAX/MIN GRLE AT LEVEL           40 IS:   3.3478737E-03  0.0000000E+00
nid003773.dogwood.wcoss2.ncep.noaa.gov 2:  MAX/MIN GRLE AT LEVEL           41 IS:   4.7395229E-03  0.0000000E+00
nid003773.dogwood.wcoss2.ncep.noaa.gov 2:  MAX/MIN GRLE AT LEVEL           42 IS:   5.7489872E-03  0.0000000E+00
nid003773.dogwood.wcoss2.ncep.noaa.gov 2:  MAX/MIN GRLE AT LEVEL           43 IS:   6.0532093E-03  0.0000000E+00
nid003773.dogwood.wcoss2.ncep.noaa.gov 2:  MAX/MIN GRLE AT LEVEL           44 IS:   5.7978630E-03  0.0000000E+00
nid003773.dogwood.wcoss2.ncep.noaa.gov 2:  MAX/MIN GRLE AT LEVEL           45 IS:   5.4726601E-03  0.0000000E+00
nid003773.dogwood.wcoss2.ncep.noaa.gov 2:  MAX/MIN GRLE AT LEVEL           46 IS:   5.2514076E-03  0.0000000E+00
nid003773.dogwood.wcoss2.ncep.noaa.gov 2:  MAX/MIN GRLE AT LEVEL           47 IS:   5.6011677E-03  0.0000000E+00
nid003773.dogwood.wcoss2.ncep.noaa.gov 2:  MAX/MIN GRLE AT LEVEL           48 IS:   5.7981014E-03  0.0000000E+00
nid003773.dogwood.wcoss2.ncep.noaa.gov 2:  MAX/MIN GRLE AT LEVEL           49 IS:   5.6202412E-03  0.0000000E+00
nid003773.dogwood.wcoss2.ncep.noaa.gov 2:  MAX/MIN GRLE AT LEVEL           50 IS:   5.2318573E-03  0.0000000E+00
nid003773.dogwood.wcoss2.ncep.noaa.gov 2:  MAX/MIN GRLE AT LEVEL           51 IS:   4.8270226E-03  0.0000000E+00
nid003773.dogwood.wcoss2.ncep.noaa.gov 2:  MAX/MIN GRLE AT LEVEL           52 IS:   4.5580864E-03  0.0000000E+00
nid003773.dogwood.wcoss2.ncep.noaa.gov 2:  MAX/MIN GRLE AT LEVEL           53 IS:   4.4317245E-03  0.0000000E+00
nid003773.dogwood.wcoss2.ncep.noaa.gov 2:  MAX/MIN GRLE AT LEVEL           54 IS:   4.3637753E-03  0.0000000E+00
nid003773.dogwood.wcoss2.ncep.noaa.gov 2:  MAX/MIN GRLE AT LEVEL           55 IS:   4.2650700E-03  0.0000000E+00
nid003773.dogwood.wcoss2.ncep.noaa.gov 2:  MAX/MIN GRLE AT LEVEL           56 IS:   4.1120052E-03  0.0000000E+00
nid003773.dogwood.wcoss2.ncep.noaa.gov 2:  MAX/MIN GRLE AT LEVEL           57 IS:   3.9117336E-03  0.0000000E+00
nid003773.dogwood.wcoss2.ncep.noaa.gov 2:  MAX/MIN GRLE AT LEVEL           58 IS:   3.6531687E-03  0.0000000E+00
nid003773.dogwood.wcoss2.ncep.noaa.gov 2:  MAX/MIN GRLE AT LEVEL           59 IS:   3.3800602E-03  0.0000000E+00
nid003773.dogwood.wcoss2.ncep.noaa.gov 2:  MAX/MIN GRLE AT LEVEL           60 IS:   3.1253099E-03  0.0000000E+00
nid003773.dogwood.wcoss2.ncep.noaa.gov 2:  MAX/MIN GRLE AT LEVEL           61 IS:   2.9065609E-03  0.0000000E+00
nid003773.dogwood.wcoss2.ncep.noaa.gov 2:  MAX/MIN GRLE AT LEVEL           62 IS:   2.7145147E-03  0.0000000E+00
nid003773.dogwood.wcoss2.ncep.noaa.gov 2:  MAX/MIN GRLE AT LEVEL           63 IS:   2.5351048E-03  0.0000000E+00
nid003773.dogwood.wcoss2.ncep.noaa.gov 2:  MAX/MIN GRLE AT LEVEL           64 IS:   2.3714304E-03  0.0000000E+00
nid003773.dogwood.wcoss2.ncep.noaa.gov 2:  MAX/MIN GRLE AT LEVEL           65 IS:   2.2372007E-03  0.0000000E+00
nid003773.dogwood.wcoss2.ncep.noaa.gov 2:  MAX/MIN GRLE AT LEVEL           66 IS:   2.1337271E-03  0.0000000E+00
nid003773.dogwood.wcoss2.ncep.noaa.gov 2:  MAX/MIN GRLE AT LEVEL           67 IS:   2.0589828E-03  0.0000000E+00
nid003773.dogwood.wcoss2.ncep.noaa.gov 2:  MAX/MIN GRLE AT LEVEL           68 IS:   1.9706488E-03  0.0000000E+00
nid003773.dogwood.wcoss2.ncep.noaa.gov 2:  MAX/MIN GRLE AT LEVEL           69 IS:   1.8250346E-03  0.0000000E+00
nid003773.dogwood.wcoss2.ncep.noaa.gov 2:  MAX/MIN GRLE AT LEVEL           70 IS:   1.5849471E-03  0.0000000E+00
nid003773.dogwood.wcoss2.ncep.noaa.gov 2:  MAX/MIN GRLE AT LEVEL           71 IS:   1.2932420E-03  0.0000000E+00
nid003773.dogwood.wcoss2.ncep.noaa.gov 2:  MAX/MIN GRLE AT LEVEL           72 IS:   9.7239017E-04  0.0000000E+00
nid003773.dogwood.wcoss2.ncep.noaa.gov 2:  MAX/MIN GRLE AT LEVEL           73 IS:   6.7716837E-04  0.0000000E+00
nid003773.dogwood.wcoss2.ncep.noaa.gov 2:  MAX/MIN GRLE AT LEVEL           74 IS:   4.8831105E-04  0.0000000E+00
nid003773.dogwood.wcoss2.ncep.noaa.gov 2:  MAX/MIN GRLE AT LEVEL           75 IS:   4.2830408E-04  0.0000000E+00
nid003773.dogwood.wcoss2.ncep.noaa.gov 2:  MAX/MIN GRLE AT LEVEL           76 IS:   3.2913685E-04  0.0000000E+00
nid003773.dogwood.wcoss2.ncep.noaa.gov 2:  MAX/MIN GRLE AT LEVEL           77 IS:   2.1328032E-04  0.0000000E+00
nid003773.dogwood.wcoss2.ncep.noaa.gov 2:  MAX/MIN GRLE AT LEVEL           78 IS:   1.2739748E-04  0.0000000E+00
nid003773.dogwood.wcoss2.ncep.noaa.gov 2:  MAX/MIN GRLE AT LEVEL           79 IS:   5.6605786E-05  0.0000000E+00
nid003773.dogwood.wcoss2.ncep.noaa.gov 2:  MAX/MIN GRLE AT LEVEL           80 IS:   1.7588027E-05  0.0000000E+00
nid003773.dogwood.wcoss2.ncep.noaa.gov 2:  MAX/MIN GRLE AT LEVEL           81 IS:   4.7257636E-06  0.0000000E+00
nid003773.dogwood.wcoss2.ncep.noaa.gov 2:  MAX/MIN GRLE AT LEVEL           82 IS:   1.8376741E-06  0.0000000E+00
nid003773.dogwood.wcoss2.ncep.noaa.gov 2:  MAX/MIN GRLE AT LEVEL           83 IS:   4.3514592E-07  0.0000000E+00
nid003773.dogwood.wcoss2.ncep.noaa.gov 2:  MAX/MIN GRLE AT LEVEL           84 IS:   1.2015516E-07  0.0000000E+00
nid003773.dogwood.wcoss2.ncep.noaa.gov 2:  MAX/MIN GRLE AT LEVEL           85 IS:   9.2090886E-09  0.0000000E+00
nid003773.dogwood.wcoss2.ncep.noaa.gov 2:  MAX/MIN GRLE AT LEVEL           86 IS:   2.9439562E-11  0.0000000E+00
nid003773.dogwood.wcoss2.ncep.noaa.gov 2:  MAX/MIN GRLE AT LEVEL           87 IS:   7.5730533E-12  0.0000000E+00
nid003773.dogwood.wcoss2.ncep.noaa.gov 2:  MAX/MIN GRLE AT LEVEL           88 IS:   8.1268325E-12  0.0000000E+00
nid003773.dogwood.wcoss2.ncep.noaa.gov 2:  MAX/MIN GRLE AT LEVEL           89 IS:   8.7534424E-12  0.0000000E+00
nid003773.dogwood.wcoss2.ncep.noaa.gov 2:  MAX/MIN GRLE AT LEVEL           90 IS:   9.5106145E-12  0.0000000E+00
nid003773.dogwood.wcoss2.ncep.noaa.gov 2:  MAX/MIN GRLE AT LEVEL           91 IS:   1.0324186E-11  0.0000000E+00
nid003773.dogwood.wcoss2.ncep.noaa.gov 2:  MAX/MIN GRLE AT LEVEL           92 IS:   0.0000000E+00  0.0000000E+00
nid003773.dogwood.wcoss2.ncep.noaa.gov 2:  MAX/MIN GRLE AT LEVEL           93 IS:   0.0000000E+00  0.0000000E+00
nid003773.dogwood.wcoss2.ncep.noaa.gov 2:  MAX/MIN GRLE AT LEVEL           94 IS:   0.0000000E+00  0.0000000E+00
nid003773.dogwood.wcoss2.ncep.noaa.gov 2:  MAX/MIN GRLE AT LEVEL           95 IS:   0.0000000E+00  0.0000000E+00
nid003773.dogwood.wcoss2.ncep.noaa.gov 2:  MAX/MIN GRLE AT LEVEL           96 IS:   0.0000000E+00  0.0000000E+00
nid003773.dogwood.wcoss2.ncep.noaa.gov 2:  MAX/MIN GRLE AT LEVEL           97 IS:   0.0000000E+00  0.0000000E+00
nid003773.dogwood.wcoss2.ncep.noaa.gov 2:  MAX/MIN GRLE AT LEVEL           98 IS:   0.0000000E+00  0.0000000E+00
nid003773.dogwood.wcoss2.ncep.noaa.gov 2:  MAX/MIN GRLE AT LEVEL           99 IS:   0.0000000E+00  0.0000000E+00
nid003773.dogwood.wcoss2.ncep.noaa.gov 2:  MAX/MIN GRLE AT LEVEL          100 IS:   0.0000000E+00  0.0000000E+00
nid003773.dogwood.wcoss2.ncep.noaa.gov 2:  MAX/MIN GRLE AT LEVEL          101 IS:   0.0000000E+00  0.0000000E+00
nid003773.dogwood.wcoss2.ncep.noaa.gov 2:  MAX/MIN GRLE AT LEVEL          102 IS:   0.0000000E+00  0.0000000E+00
nid003773.dogwood.wcoss2.ncep.noaa.gov 2:  MAX/MIN GRLE AT LEVEL          103 IS:   0.0000000E+00  0.0000000E+00
nid003773.dogwood.wcoss2.ncep.noaa.gov 2:  MAX/MIN GRLE AT LEVEL          104 IS:   0.0000000E+00  0.0000000E+00
nid003773.dogwood.wcoss2.ncep.noaa.gov 2:  MAX/MIN GRLE AT LEVEL          105 IS:   0.0000000E+00  0.0000000E+00
nid003773.dogwood.wcoss2.ncep.noaa.gov 2:  MAX/MIN GRLE AT LEVEL          106 IS:   0.0000000E+00  0.0000000E+00
nid003773.dogwood.wcoss2.ncep.noaa.gov 2:  MAX/MIN GRLE AT LEVEL          107 IS:   0.0000000E+00  0.0000000E+00
nid003773.dogwood.wcoss2.ncep.noaa.gov 2:  MAX/MIN GRLE AT LEVEL          108 IS:   0.0000000E+00  0.0000000E+00
nid003773.dogwood.wcoss2.ncep.noaa.gov 2:  MAX/MIN GRLE AT LEVEL          109 IS:   0.0000000E+00  0.0000000E+00
nid003773.dogwood.wcoss2.ncep.noaa.gov 2:  MAX/MIN GRLE AT LEVEL          110 IS:   0.0000000E+00  0.0000000E+00
nid003773.dogwood.wcoss2.ncep.noaa.gov 2:  MAX/MIN GRLE AT LEVEL          111 IS:   0.0000000E+00  0.0000000E+00
nid003773.dogwood.wcoss2.ncep.noaa.gov 2:  MAX/MIN GRLE AT LEVEL          112 IS:   0.0000000E+00  0.0000000E+00
nid003773.dogwood.wcoss2.ncep.noaa.gov 2:  MAX/MIN GRLE AT LEVEL          113 IS:   0.0000000E+00  0.0000000E+00
nid003773.dogwood.wcoss2.ncep.noaa.gov 2:  MAX/MIN GRLE AT LEVEL          114 IS:   0.0000000E+00  0.0000000E+00
nid003773.dogwood.wcoss2.ncep.noaa.gov 2:  MAX/MIN GRLE AT LEVEL          115 IS:   0.0000000E+00  0.0000000E+00
nid003773.dogwood.wcoss2.ncep.noaa.gov 2:  MAX/MIN GRLE AT LEVEL          116 IS:   0.0000000E+00  0.0000000E+00
nid003773.dogwood.wcoss2.ncep.noaa.gov 2:  MAX/MIN GRLE AT LEVEL          117 IS:   0.0000000E+00  0.0000000E+00
nid003773.dogwood.wcoss2.ncep.noaa.gov 2:  MAX/MIN GRLE AT LEVEL          118 IS:   0.0000000E+00  0.0000000E+00
nid003773.dogwood.wcoss2.ncep.noaa.gov 2:  MAX/MIN GRLE AT LEVEL          119 IS:   0.0000000E+00  0.0000000E+00
nid003773.dogwood.wcoss2.ncep.noaa.gov 2:  MAX/MIN GRLE AT LEVEL          120 IS:   0.0000000E+00  0.0000000E+00
nid003773.dogwood.wcoss2.ncep.noaa.gov 2:  MAX/MIN GRLE AT LEVEL          121 IS:   0.0000000E+00  0.0000000E+00
nid003773.dogwood.wcoss2.ncep.noaa.gov 2:  MAX/MIN GRLE AT LEVEL          122 IS:   0.0000000E+00  0.0000000E+00
nid003773.dogwood.wcoss2.ncep.noaa.gov 2:  MAX/MIN GRLE AT LEVEL          123 IS:   0.0000000E+00  0.0000000E+00
nid003773.dogwood.wcoss2.ncep.noaa.gov 2:  MAX/MIN GRLE AT LEVEL          124 IS:   0.0000000E+00  0.0000000E+00
nid003773.dogwood.wcoss2.ncep.noaa.gov 2:  MAX/MIN GRLE AT LEVEL          125 IS:   0.0000000E+00  0.0000000E+00
nid003773.dogwood.wcoss2.ncep.noaa.gov 2:  MAX/MIN GRLE AT LEVEL          126 IS:   0.0000000E+00  0.0000000E+00
nid003773.dogwood.wcoss2.ncep.noaa.gov 2:  MAX/MIN GRLE AT LEVEL          127 IS:   0.0000000E+00  0.0000000E+00
 
 READ CLD_AMT
nid003773.dogwood.wcoss2.ncep.noaa.gov 2:  CLDAMT NOT READ - CLD_AMT NAMELIST OPTION NOT SET TO TRUE
nid001641.dogwood.wcoss2.ncep.noaa.gov 1:  MAX/MIN GRLE AT LEVEL            1 IS:   4.1191280E-04  0.0000000E+00
nid001641.dogwood.wcoss2.ncep.noaa.gov 1:  MAX/MIN GRLE AT LEVEL            2 IS:   4.1194260E-04  0.0000000E+00
nid001641.dogwood.wcoss2.ncep.noaa.gov 1:  MAX/MIN GRLE AT LEVEL            3 IS:   4.6186149E-04  0.0000000E+00
nid001641.dogwood.wcoss2.ncep.noaa.gov 1:  MAX/MIN GRLE AT LEVEL            4 IS:   4.7519803E-04  0.0000000E+00
nid001641.dogwood.wcoss2.ncep.noaa.gov 1:  MAX/MIN GRLE AT LEVEL            5 IS:   4.5084953E-04  0.0000000E+00
nid001641.dogwood.wcoss2.ncep.noaa.gov 1:  MAX/MIN GRLE AT LEVEL            6 IS:   4.0276349E-04  0.0000000E+00
nid001641.dogwood.wcoss2.ncep.noaa.gov 1:  MAX/MIN GRLE AT LEVEL            7 IS:   4.0024519E-04  0.0000000E+00
nid001641.dogwood.wcoss2.ncep.noaa.gov 1:  MAX/MIN GRLE AT LEVEL            8 IS:   4.0131807E-04  0.0000000E+00
nid001641.dogwood.wcoss2.ncep.noaa.gov 1:  MAX/MIN GRLE AT LEVEL            9 IS:   4.0815771E-04  0.0000000E+00
nid001641.dogwood.wcoss2.ncep.noaa.gov 1:  MAX/MIN GRLE AT LEVEL           10 IS:   4.2097270E-04  0.0000000E+00
nid001641.dogwood.wcoss2.ncep.noaa.gov 1:  MAX/MIN GRLE AT LEVEL           11 IS:   4.3305755E-04  0.0000000E+00
nid001641.dogwood.wcoss2.ncep.noaa.gov 1:  MAX/MIN GRLE AT LEVEL           12 IS:   4.4865906E-04  0.0000000E+00
nid001641.dogwood.wcoss2.ncep.noaa.gov 1:  MAX/MIN GRLE AT LEVEL           13 IS:   4.5941770E-04  0.0000000E+00
nid001641.dogwood.wcoss2.ncep.noaa.gov 1:  MAX/MIN GRLE AT LEVEL           14 IS:   4.6560168E-04  0.0000000E+00
nid001641.dogwood.wcoss2.ncep.noaa.gov 1:  MAX/MIN GRLE AT LEVEL           15 IS:   4.7942996E-04  0.0000000E+00
nid001641.dogwood.wcoss2.ncep.noaa.gov 1:  MAX/MIN GRLE AT LEVEL           16 IS:   5.1611662E-04  0.0000000E+00
nid001641.dogwood.wcoss2.ncep.noaa.gov 1:  MAX/MIN GRLE AT LEVEL           17 IS:   5.6752563E-04  0.0000000E+00
nid001641.dogwood.wcoss2.ncep.noaa.gov 1:  MAX/MIN GRLE AT LEVEL           18 IS:   5.8466196E-04  0.0000000E+00
nid001641.dogwood.wcoss2.ncep.noaa.gov 1:  MAX/MIN GRLE AT LEVEL           19 IS:   5.8987737E-04  0.0000000E+00
nid001641.dogwood.wcoss2.ncep.noaa.gov 1:  MAX/MIN GRLE AT LEVEL           20 IS:   6.0504675E-04  0.0000000E+00
nid001641.dogwood.wcoss2.ncep.noaa.gov 1:  MAX/MIN GRLE AT LEVEL           21 IS:   6.1890483E-04  0.0000000E+00
nid001641.dogwood.wcoss2.ncep.noaa.gov 1:  MAX/MIN GRLE AT LEVEL           22 IS:   6.8891048E-04  0.0000000E+00
nid001641.dogwood.wcoss2.ncep.noaa.gov 1:  MAX/MIN GRLE AT LEVEL           23 IS:   9.5474720E-04  0.0000000E+00
nid001641.dogwood.wcoss2.ncep.noaa.gov 1:  MAX/MIN GRLE AT LEVEL           24 IS:   1.2547374E-03  0.0000000E+00
nid001641.dogwood.wcoss2.ncep.noaa.gov 1:  MAX/MIN GRLE AT LEVEL           25 IS:   1.2289286E-03  0.0000000E+00
nid001641.dogwood.wcoss2.ncep.noaa.gov 1:  MAX/MIN GRLE AT LEVEL           26 IS:   1.4649034E-03  0.0000000E+00
nid001641.dogwood.wcoss2.ncep.noaa.gov 1:  MAX/MIN GRLE AT LEVEL           27 IS:   1.8205047E-03  0.0000000E+00
nid001641.dogwood.wcoss2.ncep.noaa.gov 1:  MAX/MIN GRLE AT LEVEL           28 IS:   1.8976331E-03  0.0000000E+00
nid001641.dogwood.wcoss2.ncep.noaa.gov 1:  MAX/MIN GRLE AT LEVEL           29 IS:   1.9727945E-03  0.0000000E+00
nid001641.dogwood.wcoss2.ncep.noaa.gov 1:  MAX/MIN GRLE AT LEVEL           30 IS:   2.3325682E-03  0.0000000E+00
nid001641.dogwood.wcoss2.ncep.noaa.gov 1:  MAX/MIN GRLE AT LEVEL           31 IS:   3.1108856E-03  0.0000000E+00
nid001641.dogwood.wcoss2.ncep.noaa.gov 1:  MAX/MIN GRLE AT LEVEL           32 IS:   3.7912130E-03  0.0000000E+00
nid001641.dogwood.wcoss2.ncep.noaa.gov 1:  MAX/MIN GRLE AT LEVEL           33 IS:   3.9668083E-03  0.0000000E+00
nid001641.dogwood.wcoss2.ncep.noaa.gov 1:  MAX/MIN GRLE AT LEVEL           34 IS:   3.8529634E-03  0.0000000E+00
nid001641.dogwood.wcoss2.ncep.noaa.gov 1:  MAX/MIN GRLE AT LEVEL           35 IS:   3.7090778E-03  0.0000000E+00
nid001641.dogwood.wcoss2.ncep.noaa.gov 1:  MAX/MIN GRLE AT LEVEL           36 IS:   3.6648512E-03  0.0000000E+00
nid001641.dogwood.wcoss2.ncep.noaa.gov 1:  MAX/MIN GRLE AT LEVEL           37 IS:   3.6306381E-03  0.0000000E+00
nid001641.dogwood.wcoss2.ncep.noaa.gov 1:  MAX/MIN GRLE AT LEVEL           38 IS:   3.5033226E-03  0.0000000E+00
nid001641.dogwood.wcoss2.ncep.noaa.gov 1:  MAX/MIN GRLE AT LEVEL           39 IS:   3.3836365E-03  0.0000000E+00
nid001641.dogwood.wcoss2.ncep.noaa.gov 1:  MAX/MIN GRLE AT LEVEL           40 IS:   3.2590628E-03  0.0000000E+00
nid001641.dogwood.wcoss2.ncep.noaa.gov 1:  MAX/MIN GRLE AT LEVEL           41 IS:   3.1456947E-03  0.0000000E+00
nid001641.dogwood.wcoss2.ncep.noaa.gov 1:  MAX/MIN GRLE AT LEVEL           42 IS:   4.0066242E-03  0.0000000E+00
nid001641.dogwood.wcoss2.ncep.noaa.gov 1:  MAX/MIN GRLE AT LEVEL           43 IS:   3.9186478E-03  0.0000000E+00
nid001641.dogwood.wcoss2.ncep.noaa.gov 1:  MAX/MIN GRLE AT LEVEL           44 IS:   3.8907528E-03  0.0000000E+00
nid001641.dogwood.wcoss2.ncep.noaa.gov 1:  MAX/MIN GRLE AT LEVEL           45 IS:   3.9691925E-03  0.0000000E+00
nid001641.dogwood.wcoss2.ncep.noaa.gov 1:  MAX/MIN GRLE AT LEVEL           46 IS:   4.0848255E-03  0.0000000E+00
nid001641.dogwood.wcoss2.ncep.noaa.gov 1:  MAX/MIN GRLE AT LEVEL           47 IS:   4.0843487E-03  0.0000000E+00
nid001641.dogwood.wcoss2.ncep.noaa.gov 1:  MAX/MIN GRLE AT LEVEL           48 IS:   4.0469170E-03  0.0000000E+00
nid001162.dogwood.wcoss2.ncep.noaa.gov 0:  MAX/MIN SNMR AT LEVEL            1 IS:   2.3540258E-03  0.0000000E+00
nid001641.dogwood.wcoss2.ncep.noaa.gov 1:  MAX/MIN GRLE AT LEVEL           49 IS:   4.0061474E-03  0.0000000E+00
nid001641.dogwood.wcoss2.ncep.noaa.gov 1:  MAX/MIN GRLE AT LEVEL           50 IS:   4.0094852E-03  0.0000000E+00
nid001641.dogwood.wcoss2.ncep.noaa.gov 1:  MAX/MIN GRLE AT LEVEL           51 IS:   4.0903091E-03  0.0000000E+00
nid001641.dogwood.wcoss2.ncep.noaa.gov 1:  MAX/MIN GRLE AT LEVEL           52 IS:   4.2169094E-03  0.0000000E+00
nid001162.dogwood.wcoss2.ncep.noaa.gov 0:  MAX/MIN SNMR AT LEVEL            2 IS:   2.4106503E-03  0.0000000E+00
nid001641.dogwood.wcoss2.ncep.noaa.gov 1:  MAX/MIN GRLE AT LEVEL           53 IS:   4.2839050E-03  0.0000000E+00
nid001162.dogwood.wcoss2.ncep.noaa.gov 0:  MAX/MIN SNMR AT LEVEL            3 IS:   2.4622679E-03  0.0000000E+00
nid001641.dogwood.wcoss2.ncep.noaa.gov 1:  MAX/MIN GRLE AT LEVEL           54 IS:   4.2457581E-03  0.0000000E+00
nid001641.dogwood.wcoss2.ncep.noaa.gov 1:  MAX/MIN GRLE AT LEVEL           55 IS:   4.1089058E-03  0.0000000E+00
nid001162.dogwood.wcoss2.ncep.noaa.gov 0:  MAX/MIN SNMR AT LEVEL            4 IS:   2.5255680E-03  0.0000000E+00
nid001641.dogwood.wcoss2.ncep.noaa.gov 1:  MAX/MIN GRLE AT LEVEL           56 IS:   3.9184093E-03  0.0000000E+00
nid001162.dogwood.wcoss2.ncep.noaa.gov 0:  MAX/MIN SNMR AT LEVEL            5 IS:   2.6175976E-03  0.0000000E+00
nid001641.dogwood.wcoss2.ncep.noaa.gov 1:  MAX/MIN GRLE AT LEVEL           57 IS:   3.6991835E-03  0.0000000E+00
nid001641.dogwood.wcoss2.ncep.noaa.gov 1:  MAX/MIN GRLE AT LEVEL           58 IS:   3.3917427E-03  0.0000000E+00
nid001162.dogwood.wcoss2.ncep.noaa.gov 0:  MAX/MIN SNMR AT LEVEL            6 IS:   2.7277470E-03  0.0000000E+00
nid001641.dogwood.wcoss2.ncep.noaa.gov 1:  MAX/MIN GRLE AT LEVEL           59 IS:   2.9909611E-03  0.0000000E+00
nid001162.dogwood.wcoss2.ncep.noaa.gov 0:  MAX/MIN SNMR AT LEVEL            7 IS:   2.8938055E-03  0.0000000E+00
nid001641.dogwood.wcoss2.ncep.noaa.gov 1:  MAX/MIN GRLE AT LEVEL           60 IS:   2.5620461E-03  0.0000000E+00
nid001641.dogwood.wcoss2.ncep.noaa.gov 1:  MAX/MIN GRLE AT LEVEL           61 IS:   2.1228790E-03  0.0000000E+00
nid001162.dogwood.wcoss2.ncep.noaa.gov 0:  MAX/MIN SNMR AT LEVEL            8 IS:   2.9435158E-03  0.0000000E+00
nid001641.dogwood.wcoss2.ncep.noaa.gov 1:  MAX/MIN GRLE AT LEVEL           62 IS:   1.6598105E-03  0.0000000E+00
nid001162.dogwood.wcoss2.ncep.noaa.gov 0:  MAX/MIN SNMR AT LEVEL            9 IS:   2.9971600E-03  0.0000000E+00
nid001641.dogwood.wcoss2.ncep.noaa.gov 1:  MAX/MIN GRLE AT LEVEL           63 IS:   1.3176203E-03  0.0000000E+00
nid001641.dogwood.wcoss2.ncep.noaa.gov 1:  MAX/MIN GRLE AT LEVEL           64 IS:   1.0735989E-03  0.0000000E+00
nid001641.dogwood.wcoss2.ncep.noaa.gov 1:  MAX/MIN GRLE AT LEVEL           65 IS:   1.0273457E-03  0.0000000E+00
nid001162.dogwood.wcoss2.ncep.noaa.gov 0:  MAX/MIN SNMR AT LEVEL           10 IS:   3.2030344E-03  0.0000000E+00
nid001641.dogwood.wcoss2.ncep.noaa.gov 1:  MAX/MIN GRLE AT LEVEL           66 IS:   9.8258257E-04  0.0000000E+00
nid001641.dogwood.wcoss2.ncep.noaa.gov 1:  MAX/MIN GRLE AT LEVEL           67 IS:   9.4059110E-04  0.0000000E+00
nid001162.dogwood.wcoss2.ncep.noaa.gov 0:  MAX/MIN SNMR AT LEVEL           11 IS:   3.2755136E-03  0.0000000E+00
nid001641.dogwood.wcoss2.ncep.noaa.gov 1:  MAX/MIN GRLE AT LEVEL           68 IS:   9.0283155E-04  0.0000000E+00
nid001641.dogwood.wcoss2.ncep.noaa.gov 1:  MAX/MIN GRLE AT LEVEL           69 IS:   8.7478757E-04  0.0000000E+00
nid001162.dogwood.wcoss2.ncep.noaa.gov 0:  MAX/MIN SNMR AT LEVEL           12 IS:   3.4407377E-03  0.0000000E+00
nid001641.dogwood.wcoss2.ncep.noaa.gov 1:  MAX/MIN GRLE AT LEVEL           70 IS:   8.4939599E-04  0.0000000E+00
nid001641.dogwood.wcoss2.ncep.noaa.gov 1:  MAX/MIN GRLE AT LEVEL           71 IS:   8.0266595E-04  0.0000000E+00
nid001162.dogwood.wcoss2.ncep.noaa.gov 0:  MAX/MIN SNMR AT LEVEL           13 IS:   3.7474632E-03  0.0000000E+00
nid001641.dogwood.wcoss2.ncep.noaa.gov 1:  MAX/MIN GRLE AT LEVEL           72 IS:   7.1018934E-04  0.0000000E+00
nid001641.dogwood.wcoss2.ncep.noaa.gov 1:  MAX/MIN GRLE AT LEVEL           73 IS:   5.5602193E-04  0.0000000E+00
nid001162.dogwood.wcoss2.ncep.noaa.gov 0:  MAX/MIN SNMR AT LEVEL           14 IS:   3.7636757E-03  0.0000000E+00
nid001641.dogwood.wcoss2.ncep.noaa.gov 1:  MAX/MIN GRLE AT LEVEL           74 IS:   3.7680566E-04  0.0000000E+00
nid001162.dogwood.wcoss2.ncep.noaa.gov 0:  MAX/MIN SNMR AT LEVEL           15 IS:   3.7715435E-03  0.0000000E+00
nid001641.dogwood.wcoss2.ncep.noaa.gov 1:  MAX/MIN GRLE AT LEVEL           75 IS:   2.1457672E-04  0.0000000E+00
nid001162.dogwood.wcoss2.ncep.noaa.gov 0:  MAX/MIN SNMR AT LEVEL           16 IS:   3.7722588E-03  0.0000000E+00
nid001641.dogwood.wcoss2.ncep.noaa.gov 1:  MAX/MIN GRLE AT LEVEL           76 IS:   1.0872260E-04  0.0000000E+00
nid001641.dogwood.wcoss2.ncep.noaa.gov 1:  MAX/MIN GRLE AT LEVEL           77 IS:   7.6927245E-05  0.0000000E+00
nid001162.dogwood.wcoss2.ncep.noaa.gov 0:  MAX/MIN SNMR AT LEVEL           17 IS:   3.7688017E-03  0.0000000E+00
nid001641.dogwood.wcoss2.ncep.noaa.gov 1:  MAX/MIN GRLE AT LEVEL           78 IS:   4.6249479E-05  0.0000000E+00
nid001641.dogwood.wcoss2.ncep.noaa.gov 1:  MAX/MIN GRLE AT LEVEL           79 IS:   2.2374094E-05  0.0000000E+00
nid001162.dogwood.wcoss2.ncep.noaa.gov 0:  MAX/MIN SNMR AT LEVEL           18 IS:   3.7620068E-03  0.0000000E+00
nid001641.dogwood.wcoss2.ncep.noaa.gov 1:  MAX/MIN GRLE AT LEVEL           80 IS:   1.2320466E-05  0.0000000E+00
nid001162.dogwood.wcoss2.ncep.noaa.gov 0:  MAX/MIN SNMR AT LEVEL           19 IS:   3.7512779E-03  0.0000000E+00
nid001641.dogwood.wcoss2.ncep.noaa.gov 1:  MAX/MIN GRLE AT LEVEL           81 IS:   8.6985528E-06  0.0000000E+00
nid001641.dogwood.wcoss2.ncep.noaa.gov 1:  MAX/MIN GRLE AT LEVEL           82 IS:   5.0948001E-06  0.0000000E+00
nid001162.dogwood.wcoss2.ncep.noaa.gov 0:  MAX/MIN SNMR AT LEVEL           20 IS:   3.7370920E-03  0.0000000E+00
nid001641.dogwood.wcoss2.ncep.noaa.gov 1:  MAX/MIN GRLE AT LEVEL           83 IS:   1.8639839E-06  0.0000000E+00
nid001162.dogwood.wcoss2.ncep.noaa.gov 0:  MAX/MIN SNMR AT LEVEL           21 IS:   3.7187338E-03  0.0000000E+00
nid001641.dogwood.wcoss2.ncep.noaa.gov 1:  MAX/MIN GRLE AT LEVEL           84 IS:   4.2814645E-07  0.0000000E+00
nid001641.dogwood.wcoss2.ncep.noaa.gov 1:  MAX/MIN GRLE AT LEVEL           85 IS:   1.3213139E-07  0.0000000E+00
nid001162.dogwood.wcoss2.ncep.noaa.gov 0:  MAX/MIN SNMR AT LEVEL           22 IS:   3.6957264E-03  0.0000000E+00
nid001641.dogwood.wcoss2.ncep.noaa.gov 1:  MAX/MIN GRLE AT LEVEL           86 IS:   2.7338274E-09  0.0000000E+00
nid001162.dogwood.wcoss2.ncep.noaa.gov 0:  MAX/MIN SNMR AT LEVEL           23 IS:   3.6679506E-03  0.0000000E+00
nid001641.dogwood.wcoss2.ncep.noaa.gov 1:  MAX/MIN GRLE AT LEVEL           87 IS:   4.1382009E-11  0.0000000E+00
nid001641.dogwood.wcoss2.ncep.noaa.gov 1:  MAX/MIN GRLE AT LEVEL           88 IS:   8.1565865E-12  0.0000000E+00
nid001162.dogwood.wcoss2.ncep.noaa.gov 0:  MAX/MIN SNMR AT LEVEL           24 IS:   3.6410093E-03  0.0000000E+00
nid001641.dogwood.wcoss2.ncep.noaa.gov 1:  MAX/MIN GRLE AT LEVEL           89 IS:   8.8169472E-12  0.0000000E+00
nid001162.dogwood.wcoss2.ncep.noaa.gov 0:  MAX/MIN SNMR AT LEVEL           25 IS:   3.6979914E-03  0.0000000E+00
nid001641.dogwood.wcoss2.ncep.noaa.gov 1:  MAX/MIN GRLE AT LEVEL           90 IS:   9.5128350E-12  0.0000000E+00
nid001641.dogwood.wcoss2.ncep.noaa.gov 1:  MAX/MIN GRLE AT LEVEL           91 IS:   1.0186074E-11  0.0000000E+00
nid001162.dogwood.wcoss2.ncep.noaa.gov 0:  MAX/MIN SNMR AT LEVEL           26 IS:   3.7589073E-03  0.0000000E+00
nid001641.dogwood.wcoss2.ncep.noaa.gov 1:  MAX/MIN GRLE AT LEVEL           92 IS:   0.0000000E+00  0.0000000E+00
nid001162.dogwood.wcoss2.ncep.noaa.gov 0:  MAX/MIN SNMR AT LEVEL           27 IS:   3.8245916E-03  0.0000000E+00
nid001641.dogwood.wcoss2.ncep.noaa.gov 1:  MAX/MIN GRLE AT LEVEL           93 IS:   0.0000000E+00  0.0000000E+00
nid001641.dogwood.wcoss2.ncep.noaa.gov 1:  MAX/MIN GRLE AT LEVEL           94 IS:   0.0000000E+00  0.0000000E+00
nid001162.dogwood.wcoss2.ncep.noaa.gov 0:  MAX/MIN SNMR AT LEVEL           28 IS:   3.8954020E-03  0.0000000E+00
nid001641.dogwood.wcoss2.ncep.noaa.gov 1:  MAX/MIN GRLE AT LEVEL           95 IS:   0.0000000E+00  0.0000000E+00
nid001162.dogwood.wcoss2.ncep.noaa.gov 0:  MAX/MIN SNMR AT LEVEL           29 IS:   3.9703846E-03  0.0000000E+00
nid001641.dogwood.wcoss2.ncep.noaa.gov 1:  MAX/MIN GRLE AT LEVEL           96 IS:   0.0000000E+00  0.0000000E+00
nid001641.dogwood.wcoss2.ncep.noaa.gov 1:  MAX/MIN GRLE AT LEVEL           97 IS:   0.0000000E+00  0.0000000E+00
nid001162.dogwood.wcoss2.ncep.noaa.gov 0:  MAX/MIN SNMR AT LEVEL           30 IS:   4.0493011E-03  0.0000000E+00
nid001641.dogwood.wcoss2.ncep.noaa.gov 1:  MAX/MIN GRLE AT LEVEL           98 IS:   0.0000000E+00  0.0000000E+00
nid001162.dogwood.wcoss2.ncep.noaa.gov 0:  MAX/MIN SNMR AT LEVEL           31 IS:   4.6010017E-03  0.0000000E+00
nid001641.dogwood.wcoss2.ncep.noaa.gov 1:  MAX/MIN GRLE AT LEVEL           99 IS:   0.0000000E+00  0.0000000E+00
nid001641.dogwood.wcoss2.ncep.noaa.gov 1:  MAX/MIN GRLE AT LEVEL          100 IS:   0.0000000E+00  0.0000000E+00
nid001162.dogwood.wcoss2.ncep.noaa.gov 0:  MAX/MIN SNMR AT LEVEL           32 IS:   4.9805641E-03  0.0000000E+00
nid001641.dogwood.wcoss2.ncep.noaa.gov 1:  MAX/MIN GRLE AT LEVEL          101 IS:   0.0000000E+00  0.0000000E+00
nid001641.dogwood.wcoss2.ncep.noaa.gov 1:  MAX/MIN GRLE AT LEVEL          102 IS:   0.0000000E+00  0.0000000E+00
nid001641.dogwood.wcoss2.ncep.noaa.gov 1:  MAX/MIN GRLE AT LEVEL          103 IS:   0.0000000E+00  0.0000000E+00
nid001162.dogwood.wcoss2.ncep.noaa.gov 0:  MAX/MIN SNMR AT LEVEL           33 IS:   5.0771236E-03  0.0000000E+00
nid001641.dogwood.wcoss2.ncep.noaa.gov 1:  MAX/MIN GRLE AT LEVEL          104 IS:   0.0000000E+00  0.0000000E+00
nid001162.dogwood.wcoss2.ncep.noaa.gov 0:  MAX/MIN SNMR AT LEVEL           34 IS:   5.1350594E-03  0.0000000E+00
nid001641.dogwood.wcoss2.ncep.noaa.gov 1:  MAX/MIN GRLE AT LEVEL          105 IS:   0.0000000E+00  0.0000000E+00
nid001162.dogwood.wcoss2.ncep.noaa.gov 0:  MAX/MIN SNMR AT LEVEL           35 IS:   5.1386356E-03  0.0000000E+00
nid001641.dogwood.wcoss2.ncep.noaa.gov 1:  MAX/MIN GRLE AT LEVEL          106 IS:   0.0000000E+00  0.0000000E+00
nid001641.dogwood.wcoss2.ncep.noaa.gov 1:  MAX/MIN GRLE AT LEVEL          107 IS:   0.0000000E+00  0.0000000E+00
nid001162.dogwood.wcoss2.ncep.noaa.gov 0:  MAX/MIN SNMR AT LEVEL           36 IS:   5.4061413E-03  0.0000000E+00
nid001641.dogwood.wcoss2.ncep.noaa.gov 1:  MAX/MIN GRLE AT LEVEL          108 IS:   0.0000000E+00  0.0000000E+00
nid001162.dogwood.wcoss2.ncep.noaa.gov 0:  MAX/MIN SNMR AT LEVEL           37 IS:   5.7368279E-03  0.0000000E+00
nid001641.dogwood.wcoss2.ncep.noaa.gov 1:  MAX/MIN GRLE AT LEVEL          109 IS:   0.0000000E+00  0.0000000E+00
nid001162.dogwood.wcoss2.ncep.noaa.gov 0:  MAX/MIN SNMR AT LEVEL           38 IS:   6.1898232E-03  0.0000000E+00
nid001641.dogwood.wcoss2.ncep.noaa.gov 1:  MAX/MIN GRLE AT LEVEL          110 IS:   0.0000000E+00  0.0000000E+00
nid001162.dogwood.wcoss2.ncep.noaa.gov 0:  MAX/MIN SNMR AT LEVEL           39 IS:   6.3893795E-03  0.0000000E+00
nid001641.dogwood.wcoss2.ncep.noaa.gov 1:  MAX/MIN GRLE AT LEVEL          111 IS:   0.0000000E+00  0.0000000E+00
nid001162.dogwood.wcoss2.ncep.noaa.gov 0:  MAX/MIN SNMR AT LEVEL           40 IS:   6.3886642E-03  0.0000000E+00
nid001641.dogwood.wcoss2.ncep.noaa.gov 1:  MAX/MIN GRLE AT LEVEL          112 IS:   0.0000000E+00  0.0000000E+00
nid001641.dogwood.wcoss2.ncep.noaa.gov 1:  MAX/MIN GRLE AT LEVEL          113 IS:   0.0000000E+00  0.0000000E+00
nid001162.dogwood.wcoss2.ncep.noaa.gov 0:  MAX/MIN SNMR AT LEVEL           41 IS:   6.3602924E-03  0.0000000E+00
nid001641.dogwood.wcoss2.ncep.noaa.gov 1:  MAX/MIN GRLE AT LEVEL          114 IS:   0.0000000E+00  0.0000000E+00
nid001162.dogwood.wcoss2.ncep.noaa.gov 0:  MAX/MIN SNMR AT LEVEL           42 IS:   6.6742897E-03  0.0000000E+00
nid001641.dogwood.wcoss2.ncep.noaa.gov 1:  MAX/MIN GRLE AT LEVEL          115 IS:   0.0000000E+00  0.0000000E+00
nid001641.dogwood.wcoss2.ncep.noaa.gov 1:  MAX/MIN GRLE AT LEVEL          116 IS:   0.0000000E+00  0.0000000E+00
nid001162.dogwood.wcoss2.ncep.noaa.gov 0:  MAX/MIN SNMR AT LEVEL           43 IS:   7.1740150E-03  0.0000000E+00
nid001641.dogwood.wcoss2.ncep.noaa.gov 1:  MAX/MIN GRLE AT LEVEL          117 IS:   0.0000000E+00  0.0000000E+00
nid001162.dogwood.wcoss2.ncep.noaa.gov 0:  MAX/MIN SNMR AT LEVEL           44 IS:   7.4717999E-03  0.0000000E+00
nid001641.dogwood.wcoss2.ncep.noaa.gov 1:  MAX/MIN GRLE AT LEVEL          118 IS:   0.0000000E+00  0.0000000E+00
nid001162.dogwood.wcoss2.ncep.noaa.gov 0:  MAX/MIN SNMR AT LEVEL           45 IS:   7.6467991E-03  0.0000000E+00
nid001641.dogwood.wcoss2.ncep.noaa.gov 1:  MAX/MIN GRLE AT LEVEL          119 IS:   0.0000000E+00  0.0000000E+00
nid001162.dogwood.wcoss2.ncep.noaa.gov 0:  MAX/MIN SNMR AT LEVEL           46 IS:   7.7202320E-03  0.0000000E+00
nid001641.dogwood.wcoss2.ncep.noaa.gov 1:  MAX/MIN GRLE AT LEVEL          120 IS:   0.0000000E+00  0.0000000E+00
nid001641.dogwood.wcoss2.ncep.noaa.gov 1:  MAX/MIN GRLE AT LEVEL          121 IS:   0.0000000E+00  0.0000000E+00
nid001162.dogwood.wcoss2.ncep.noaa.gov 0:  MAX/MIN SNMR AT LEVEL           47 IS:   7.8878403E-03  0.0000000E+00
nid001641.dogwood.wcoss2.ncep.noaa.gov 1:  MAX/MIN GRLE AT LEVEL          122 IS:   0.0000000E+00  0.0000000E+00
nid001162.dogwood.wcoss2.ncep.noaa.gov 0:  MAX/MIN SNMR AT LEVEL           48 IS:   8.0475807E-03  0.0000000E+00
nid001641.dogwood.wcoss2.ncep.noaa.gov 1:  MAX/MIN GRLE AT LEVEL          123 IS:   0.0000000E+00  0.0000000E+00
nid001162.dogwood.wcoss2.ncep.noaa.gov 0:  MAX/MIN SNMR AT LEVEL           49 IS:   8.1763268E-03  0.0000000E+00
nid001641.dogwood.wcoss2.ncep.noaa.gov 1:  MAX/MIN GRLE AT LEVEL          124 IS:   0.0000000E+00  0.0000000E+00
nid001641.dogwood.wcoss2.ncep.noaa.gov 1:  MAX/MIN GRLE AT LEVEL          125 IS:   0.0000000E+00  0.0000000E+00
nid001162.dogwood.wcoss2.ncep.noaa.gov 0:  MAX/MIN SNMR AT LEVEL           50 IS:   8.2988739E-03  0.0000000E+00
nid001641.dogwood.wcoss2.ncep.noaa.gov 1:  MAX/MIN GRLE AT LEVEL          126 IS:   0.0000000E+00  0.0000000E+00
nid001641.dogwood.wcoss2.ncep.noaa.gov 1:  MAX/MIN GRLE AT LEVEL          127 IS:   0.0000000E+00  0.0000000E+00
 
 READ CLD_AMT
nid001162.dogwood.wcoss2.ncep.noaa.gov 0:  MAX/MIN SNMR AT LEVEL           51 IS:   8.4323883E-03  0.0000000E+00
nid001162.dogwood.wcoss2.ncep.noaa.gov 0:  MAX/MIN SNMR AT LEVEL           52 IS:   8.5625648E-03  0.0000000E+00
nid001162.dogwood.wcoss2.ncep.noaa.gov 0:  MAX/MIN SNMR AT LEVEL           53 IS:   8.6565018E-03  0.0000000E+00
nid001162.dogwood.wcoss2.ncep.noaa.gov 0:  MAX/MIN SNMR AT LEVEL           54 IS:   8.7022781E-03  0.0000000E+00
nid001162.dogwood.wcoss2.ncep.noaa.gov 0:  MAX/MIN SNMR AT LEVEL           55 IS:   8.7275505E-03  0.0000000E+00
nid001162.dogwood.wcoss2.ncep.noaa.gov 0:  MAX/MIN SNMR AT LEVEL           56 IS:   8.7609291E-03  0.0000000E+00
nid001162.dogwood.wcoss2.ncep.noaa.gov 0:  MAX/MIN SNMR AT LEVEL           57 IS:   8.8000298E-03  0.0000000E+00
nid001162.dogwood.wcoss2.ncep.noaa.gov 0:  MAX/MIN SNMR AT LEVEL           58 IS:   8.8324547E-03  0.0000000E+00
nid001162.dogwood.wcoss2.ncep.noaa.gov 0:  MAX/MIN SNMR AT LEVEL           59 IS:   8.8682175E-03  0.0000000E+00
nid001162.dogwood.wcoss2.ncep.noaa.gov 0:  MAX/MIN SNMR AT LEVEL           60 IS:   8.9006424E-03  0.0000000E+00
nid001162.dogwood.wcoss2.ncep.noaa.gov 0:  MAX/MIN SNMR AT LEVEL           61 IS:   9.0551376E-03  0.0000000E+00
nid001162.dogwood.wcoss2.ncep.noaa.gov 0:  MAX/MIN SNMR AT LEVEL           62 IS:   9.2148781E-03  0.0000000E+00
nid001162.dogwood.wcoss2.ncep.noaa.gov 0:  MAX/MIN SNMR AT LEVEL           63 IS:   9.2782974E-03  0.0000000E+00
nid001162.dogwood.wcoss2.ncep.noaa.gov 0:  MAX/MIN SNMR AT LEVEL           64 IS:   9.3245506E-03  0.0000000E+00
nid001162.dogwood.wcoss2.ncep.noaa.gov 0:  MAX/MIN SNMR AT LEVEL           65 IS:   9.3979836E-03  0.0000000E+00
nid001162.dogwood.wcoss2.ncep.noaa.gov 0:  MAX/MIN SNMR AT LEVEL           66 IS:   9.4351768E-03  0.0000000E+00
nid001162.dogwood.wcoss2.ncep.noaa.gov 0:  MAX/MIN SNMR AT LEVEL           67 IS:   9.4590187E-03  0.0000000E+00
nid001162.dogwood.wcoss2.ncep.noaa.gov 0:  MAX/MIN SNMR AT LEVEL           68 IS:   9.4738007E-03  0.0000000E+00
nid001162.dogwood.wcoss2.ncep.noaa.gov 0:  MAX/MIN SNMR AT LEVEL           69 IS:   9.4528198E-03  0.0000000E+00
nid001162.dogwood.wcoss2.ncep.noaa.gov 0:  MAX/MIN SNMR AT LEVEL           70 IS:   9.4017982E-03  0.0000000E+00
nid001162.dogwood.wcoss2.ncep.noaa.gov 0:  MAX/MIN SNMR AT LEVEL           71 IS:   9.3598366E-03  0.0000000E+00
nid001162.dogwood.wcoss2.ncep.noaa.gov 0:  MAX/MIN SNMR AT LEVEL           72 IS:   9.2797279E-03  0.0000000E+00
nid001162.dogwood.wcoss2.ncep.noaa.gov 0:  MAX/MIN SNMR AT LEVEL           73 IS:   9.2477798E-03  0.0000000E+00
nid001162.dogwood.wcoss2.ncep.noaa.gov 0:  MAX/MIN SNMR AT LEVEL           74 IS:   9.2253685E-03  0.0000000E+00
nid001162.dogwood.wcoss2.ncep.noaa.gov 0:  MAX/MIN SNMR AT LEVEL           75 IS:   9.1943741E-03  0.0000000E+00
nid001162.dogwood.wcoss2.ncep.noaa.gov 0:  MAX/MIN SNMR AT LEVEL           76 IS:   9.1776848E-03  0.0000000E+00
nid001162.dogwood.wcoss2.ncep.noaa.gov 0:  MAX/MIN SNMR AT LEVEL           77 IS:   9.1562271E-03  0.0000000E+00
nid001162.dogwood.wcoss2.ncep.noaa.gov 0:  MAX/MIN SNMR AT LEVEL           78 IS:   9.1390610E-03  0.0000000E+00
nid001162.dogwood.wcoss2.ncep.noaa.gov 0:  MAX/MIN SNMR AT LEVEL           79 IS:   9.1214180E-03  0.0000000E+00
nid001162.dogwood.wcoss2.ncep.noaa.gov 0:  MAX/MIN SNMR AT LEVEL           80 IS:   9.1133118E-03  0.0000000E+00
nid001162.dogwood.wcoss2.ncep.noaa.gov 0:  MAX/MIN SNMR AT LEVEL           81 IS:   9.0966225E-03  0.0000000E+00
nid001162.dogwood.wcoss2.ncep.noaa.gov 0:  MAX/MIN SNMR AT LEVEL           82 IS:   9.0661049E-03  0.0000000E+00
nid001162.dogwood.wcoss2.ncep.noaa.gov 0:  MAX/MIN SNMR AT LEVEL           83 IS:   9.0074539E-03  0.0000000E+00
nid001162.dogwood.wcoss2.ncep.noaa.gov 0:  MAX/MIN SNMR AT LEVEL           84 IS:   8.7809563E-03  0.0000000E+00
nid001641.dogwood.wcoss2.ncep.noaa.gov 1:  CLDAMT NOT READ - CLD_AMT NAMELIST OPTION NOT SET TO TRUE
nid001162.dogwood.wcoss2.ncep.noaa.gov 0:  MAX/MIN SNMR AT LEVEL           85 IS:   7.7216625E-03  0.0000000E+00
nid001162.dogwood.wcoss2.ncep.noaa.gov 0:  MAX/MIN SNMR AT LEVEL           86 IS:   3.7233829E-03  0.0000000E+00
nid001162.dogwood.wcoss2.ncep.noaa.gov 0:  MAX/MIN SNMR AT LEVEL           87 IS:   2.0767003E-04  0.0000000E+00
nid001162.dogwood.wcoss2.ncep.noaa.gov 0:  MAX/MIN SNMR AT LEVEL           88 IS:   3.8747676E-06  0.0000000E+00
nid001162.dogwood.wcoss2.ncep.noaa.gov 0:  MAX/MIN SNMR AT LEVEL           89 IS:   1.7358689E-06  0.0000000E+00
nid001162.dogwood.wcoss2.ncep.noaa.gov 0:  MAX/MIN SNMR AT LEVEL           90 IS:   2.2615859E-07  0.0000000E+00
nid001162.dogwood.wcoss2.ncep.noaa.gov 0:  MAX/MIN SNMR AT LEVEL           91 IS:   1.6945592E-09  0.0000000E+00
nid001162.dogwood.wcoss2.ncep.noaa.gov 0:  MAX/MIN SNMR AT LEVEL           92 IS:   1.9799717E-12  0.0000000E+00
nid001162.dogwood.wcoss2.ncep.noaa.gov 0:  MAX/MIN SNMR AT LEVEL           93 IS:   0.0000000E+00  0.0000000E+00
nid001162.dogwood.wcoss2.ncep.noaa.gov 0:  MAX/MIN SNMR AT LEVEL           94 IS:   0.0000000E+00  0.0000000E+00
nid001162.dogwood.wcoss2.ncep.noaa.gov 0:  MAX/MIN SNMR AT LEVEL           95 IS:   0.0000000E+00  0.0000000E+00
nid001162.dogwood.wcoss2.ncep.noaa.gov 0:  MAX/MIN SNMR AT LEVEL           96 IS:   0.0000000E+00  0.0000000E+00
nid001162.dogwood.wcoss2.ncep.noaa.gov 0:  MAX/MIN SNMR AT LEVEL           97 IS:   0.0000000E+00  0.0000000E+00
nid001162.dogwood.wcoss2.ncep.noaa.gov 0:  MAX/MIN SNMR AT LEVEL           98 IS:   0.0000000E+00  0.0000000E+00
nid001162.dogwood.wcoss2.ncep.noaa.gov 0:  MAX/MIN SNMR AT LEVEL           99 IS:   0.0000000E+00  0.0000000E+00
nid001162.dogwood.wcoss2.ncep.noaa.gov 0:  MAX/MIN SNMR AT LEVEL          100 IS:   0.0000000E+00  0.0000000E+00
nid001162.dogwood.wcoss2.ncep.noaa.gov 0:  MAX/MIN SNMR AT LEVEL          101 IS:   0.0000000E+00  0.0000000E+00
nid001162.dogwood.wcoss2.ncep.noaa.gov 0:  MAX/MIN SNMR AT LEVEL          102 IS:   0.0000000E+00  0.0000000E+00
nid001162.dogwood.wcoss2.ncep.noaa.gov 0:  MAX/MIN SNMR AT LEVEL          103 IS:   0.0000000E+00  0.0000000E+00
nid001162.dogwood.wcoss2.ncep.noaa.gov 0:  MAX/MIN SNMR AT LEVEL          104 IS:   0.0000000E+00  0.0000000E+00
nid001162.dogwood.wcoss2.ncep.noaa.gov 0:  MAX/MIN SNMR AT LEVEL          105 IS:   0.0000000E+00  0.0000000E+00
nid001162.dogwood.wcoss2.ncep.noaa.gov 0:  MAX/MIN SNMR AT LEVEL          106 IS:   0.0000000E+00  0.0000000E+00
nid001162.dogwood.wcoss2.ncep.noaa.gov 0:  MAX/MIN SNMR AT LEVEL          107 IS:   0.0000000E+00  0.0000000E+00
nid001162.dogwood.wcoss2.ncep.noaa.gov 0:  MAX/MIN SNMR AT LEVEL          108 IS:   0.0000000E+00  0.0000000E+00
nid001162.dogwood.wcoss2.ncep.noaa.gov 0:  MAX/MIN SNMR AT LEVEL          109 IS:   0.0000000E+00  0.0000000E+00
nid001162.dogwood.wcoss2.ncep.noaa.gov 0:  MAX/MIN SNMR AT LEVEL          110 IS:   0.0000000E+00  0.0000000E+00
nid001162.dogwood.wcoss2.ncep.noaa.gov 0:  MAX/MIN SNMR AT LEVEL          111 IS:   0.0000000E+00  0.0000000E+00
nid001162.dogwood.wcoss2.ncep.noaa.gov 0:  MAX/MIN SNMR AT LEVEL          112 IS:   0.0000000E+00  0.0000000E+00
nid001162.dogwood.wcoss2.ncep.noaa.gov 0:  MAX/MIN SNMR AT LEVEL          113 IS:   0.0000000E+00  0.0000000E+00
nid001162.dogwood.wcoss2.ncep.noaa.gov 0:  MAX/MIN SNMR AT LEVEL          114 IS:   0.0000000E+00  0.0000000E+00
nid001162.dogwood.wcoss2.ncep.noaa.gov 0:  MAX/MIN SNMR AT LEVEL          115 IS:   0.0000000E+00  0.0000000E+00
nid001162.dogwood.wcoss2.ncep.noaa.gov 0:  MAX/MIN SNMR AT LEVEL          116 IS:   0.0000000E+00  0.0000000E+00
nid001162.dogwood.wcoss2.ncep.noaa.gov 0:  MAX/MIN SNMR AT LEVEL          117 IS:   0.0000000E+00  0.0000000E+00
nid001162.dogwood.wcoss2.ncep.noaa.gov 0:  MAX/MIN SNMR AT LEVEL          118 IS:   0.0000000E+00  0.0000000E+00
nid001162.dogwood.wcoss2.ncep.noaa.gov 0:  MAX/MIN SNMR AT LEVEL          119 IS:   0.0000000E+00  0.0000000E+00
nid001162.dogwood.wcoss2.ncep.noaa.gov 0:  MAX/MIN SNMR AT LEVEL          120 IS:   0.0000000E+00  0.0000000E+00
nid001162.dogwood.wcoss2.ncep.noaa.gov 0:  MAX/MIN SNMR AT LEVEL          121 IS:   0.0000000E+00  0.0000000E+00
nid001162.dogwood.wcoss2.ncep.noaa.gov 0:  MAX/MIN SNMR AT LEVEL          122 IS:   0.0000000E+00  0.0000000E+00
nid001162.dogwood.wcoss2.ncep.noaa.gov 0:  MAX/MIN SNMR AT LEVEL          123 IS:   0.0000000E+00  0.0000000E+00
nid001162.dogwood.wcoss2.ncep.noaa.gov 0:  MAX/MIN SNMR AT LEVEL          124 IS:   0.0000000E+00  0.0000000E+00
nid001162.dogwood.wcoss2.ncep.noaa.gov 0:  MAX/MIN SNMR AT LEVEL          125 IS:   0.0000000E+00  0.0000000E+00
nid001162.dogwood.wcoss2.ncep.noaa.gov 0:  MAX/MIN SNMR AT LEVEL          126 IS:   0.0000000E+00  0.0000000E+00
nid001162.dogwood.wcoss2.ncep.noaa.gov 0:  MAX/MIN SNMR AT LEVEL          127 IS:   0.0000000E+00  0.0000000E+00
 
 READ GRLE
nid001162.dogwood.wcoss2.ncep.noaa.gov 0:  MAX/MIN GRLE AT LEVEL            1 IS:   3.2339990E-04  0.0000000E+00
nid001162.dogwood.wcoss2.ncep.noaa.gov 0:  MAX/MIN GRLE AT LEVEL            2 IS:   3.2325089E-04  0.0000000E+00
nid001162.dogwood.wcoss2.ncep.noaa.gov 0:  MAX/MIN GRLE AT LEVEL            3 IS:   3.4506619E-04  0.0000000E+00
nid001162.dogwood.wcoss2.ncep.noaa.gov 0:  MAX/MIN GRLE AT LEVEL            4 IS:   3.5962462E-04  0.0000000E+00
nid001162.dogwood.wcoss2.ncep.noaa.gov 0:  MAX/MIN GRLE AT LEVEL            5 IS:   3.5299361E-04  0.0000000E+00
nid001162.dogwood.wcoss2.ncep.noaa.gov 0:  MAX/MIN GRLE AT LEVEL            6 IS:   3.4712255E-04  0.0000000E+00
nid001162.dogwood.wcoss2.ncep.noaa.gov 0:  MAX/MIN GRLE AT LEVEL            7 IS:   3.4940243E-04  0.0000000E+00
nid001162.dogwood.wcoss2.ncep.noaa.gov 0:  MAX/MIN GRLE AT LEVEL            8 IS:   3.6710501E-04  0.0000000E+00
nid001162.dogwood.wcoss2.ncep.noaa.gov 0:  MAX/MIN GRLE AT LEVEL            9 IS:   3.8783252E-04  0.0000000E+00
nid001162.dogwood.wcoss2.ncep.noaa.gov 0:  MAX/MIN GRLE AT LEVEL           10 IS:   4.0563941E-04  0.0000000E+00
nid001162.dogwood.wcoss2.ncep.noaa.gov 0:  MAX/MIN GRLE AT LEVEL           11 IS:   4.2645633E-04  0.0000000E+00
nid001162.dogwood.wcoss2.ncep.noaa.gov 0:  MAX/MIN GRLE AT LEVEL           12 IS:   4.4645369E-04  0.0000000E+00
nid001162.dogwood.wcoss2.ncep.noaa.gov 0:  MAX/MIN GRLE AT LEVEL           13 IS:   4.5542419E-04  0.0000000E+00
nid001162.dogwood.wcoss2.ncep.noaa.gov 0:  MAX/MIN GRLE AT LEVEL           14 IS:   4.5621395E-04  0.0000000E+00
nid001162.dogwood.wcoss2.ncep.noaa.gov 0:  MAX/MIN GRLE AT LEVEL           15 IS:   4.5166910E-04  0.0000000E+00
nid001162.dogwood.wcoss2.ncep.noaa.gov 0:  MAX/MIN GRLE AT LEVEL           16 IS:   4.3293834E-04  0.0000000E+00
nid001162.dogwood.wcoss2.ncep.noaa.gov 0:  MAX/MIN GRLE AT LEVEL           17 IS:   3.9775670E-04  0.0000000E+00
nid001162.dogwood.wcoss2.ncep.noaa.gov 0:  MAX/MIN GRLE AT LEVEL           18 IS:   3.8187206E-04  0.0000000E+00
nid001162.dogwood.wcoss2.ncep.noaa.gov 0:  MAX/MIN GRLE AT LEVEL           19 IS:   3.1371415E-04  0.0000000E+00
nid001162.dogwood.wcoss2.ncep.noaa.gov 0:  MAX/MIN GRLE AT LEVEL           20 IS:   3.2988191E-04  0.0000000E+00
nid001162.dogwood.wcoss2.ncep.noaa.gov 0:  MAX/MIN GRLE AT LEVEL           21 IS:   3.9276481E-04  0.0000000E+00
nid001162.dogwood.wcoss2.ncep.noaa.gov 0:  MAX/MIN GRLE AT LEVEL           22 IS:   6.0206652E-04  0.0000000E+00
nid001162.dogwood.wcoss2.ncep.noaa.gov 0:  MAX/MIN GRLE AT LEVEL           23 IS:   9.1248751E-04  0.0000000E+00
nid001162.dogwood.wcoss2.ncep.noaa.gov 0:  MAX/MIN GRLE AT LEVEL           24 IS:   1.1448860E-03  0.0000000E+00
nid001162.dogwood.wcoss2.ncep.noaa.gov 0:  MAX/MIN GRLE AT LEVEL           25 IS:   1.2485385E-03  0.0000000E+00
nid001162.dogwood.wcoss2.ncep.noaa.gov 0:  MAX/MIN GRLE AT LEVEL           26 IS:   1.3364553E-03  0.0000000E+00
nid001162.dogwood.wcoss2.ncep.noaa.gov 0:  MAX/MIN GRLE AT LEVEL           27 IS:   1.5140772E-03  0.0000000E+00
nid001162.dogwood.wcoss2.ncep.noaa.gov 0:  MAX/MIN GRLE AT LEVEL           28 IS:   1.5817881E-03  0.0000000E+00
nid001162.dogwood.wcoss2.ncep.noaa.gov 0:  MAX/MIN GRLE AT LEVEL           29 IS:   1.4917850E-03  0.0000000E+00
nid001162.dogwood.wcoss2.ncep.noaa.gov 0:  MAX/MIN GRLE AT LEVEL           30 IS:   1.7126799E-03  0.0000000E+00
nid001162.dogwood.wcoss2.ncep.noaa.gov 0:  MAX/MIN GRLE AT LEVEL           31 IS:   1.8202662E-03  0.0000000E+00
nid001162.dogwood.wcoss2.ncep.noaa.gov 0:  MAX/MIN GRLE AT LEVEL           32 IS:   1.7549396E-03  0.0000000E+00
nid001162.dogwood.wcoss2.ncep.noaa.gov 0:  MAX/MIN GRLE AT LEVEL           33 IS:   1.6688704E-03  0.0000000E+00
nid001162.dogwood.wcoss2.ncep.noaa.gov 0:  MAX/MIN GRLE AT LEVEL           34 IS:   1.7453432E-03  0.0000000E+00
nid001162.dogwood.wcoss2.ncep.noaa.gov 0:  MAX/MIN GRLE AT LEVEL           35 IS:   2.0027161E-03  0.0000000E+00
nid001162.dogwood.wcoss2.ncep.noaa.gov 0:  MAX/MIN GRLE AT LEVEL           36 IS:   2.3126602E-03  0.0000000E+00
nid001162.dogwood.wcoss2.ncep.noaa.gov 0:  MAX/MIN GRLE AT LEVEL           37 IS:   2.4219751E-03  0.0000000E+00
nid001162.dogwood.wcoss2.ncep.noaa.gov 0:  MAX/MIN GRLE AT LEVEL           38 IS:   2.2912025E-03  0.0000000E+00
nid001162.dogwood.wcoss2.ncep.noaa.gov 0:  MAX/MIN GRLE AT LEVEL           39 IS:   2.7225018E-03  0.0000000E+00
nid001162.dogwood.wcoss2.ncep.noaa.gov 0:  MAX/MIN GRLE AT LEVEL           40 IS:   3.2531023E-03  0.0000000E+00
nid001162.dogwood.wcoss2.ncep.noaa.gov 0:  MAX/MIN GRLE AT LEVEL           41 IS:   3.4927130E-03  0.0000000E+00
nid001162.dogwood.wcoss2.ncep.noaa.gov 0:  MAX/MIN GRLE AT LEVEL           42 IS:   3.5500526E-03  0.0000000E+00
nid001162.dogwood.wcoss2.ncep.noaa.gov 0:  MAX/MIN GRLE AT LEVEL           43 IS:   4.0221214E-03  0.0000000E+00
nid001162.dogwood.wcoss2.ncep.noaa.gov 0:  MAX/MIN GRLE AT LEVEL           44 IS:   3.8723946E-03  0.0000000E+00
nid001162.dogwood.wcoss2.ncep.noaa.gov 0:  MAX/MIN GRLE AT LEVEL           45 IS:   3.8241148E-03  0.0000000E+00
nid001162.dogwood.wcoss2.ncep.noaa.gov 0:  MAX/MIN GRLE AT LEVEL           46 IS:   3.7961006E-03  0.0000000E+00
nid001162.dogwood.wcoss2.ncep.noaa.gov 0:  MAX/MIN GRLE AT LEVEL           47 IS:   3.7881136E-03  0.0000000E+00
nid001162.dogwood.wcoss2.ncep.noaa.gov 0:  MAX/MIN GRLE AT LEVEL           48 IS:   4.5187473E-03  0.0000000E+00
nid001162.dogwood.wcoss2.ncep.noaa.gov 0:  MAX/MIN GRLE AT LEVEL           49 IS:   5.2051544E-03  0.0000000E+00
nid001162.dogwood.wcoss2.ncep.noaa.gov 0:  MAX/MIN GRLE AT LEVEL           50 IS:   5.7470798E-03  0.0000000E+00
nid001162.dogwood.wcoss2.ncep.noaa.gov 0:  MAX/MIN GRLE AT LEVEL           51 IS:   6.1922073E-03  0.0000000E+00
nid001162.dogwood.wcoss2.ncep.noaa.gov 0:  MAX/MIN GRLE AT LEVEL           52 IS:   6.5240860E-03  0.0000000E+00
nid001162.dogwood.wcoss2.ncep.noaa.gov 0:  MAX/MIN GRLE AT LEVEL           53 IS:   6.7851543E-03  0.0000000E+00
nid001162.dogwood.wcoss2.ncep.noaa.gov 0:  MAX/MIN GRLE AT LEVEL           54 IS:   7.0183277E-03  0.0000000E+00
nid001162.dogwood.wcoss2.ncep.noaa.gov 0:  MAX/MIN GRLE AT LEVEL           55 IS:   7.2762966E-03  0.0000000E+00
nid001162.dogwood.wcoss2.ncep.noaa.gov 0:  MAX/MIN GRLE AT LEVEL           56 IS:   7.5540543E-03  0.0000000E+00
nid001162.dogwood.wcoss2.ncep.noaa.gov 0:  MAX/MIN GRLE AT LEVEL           57 IS:   7.8003407E-03  0.0000000E+00
nid001162.dogwood.wcoss2.ncep.noaa.gov 0:  MAX/MIN GRLE AT LEVEL           58 IS:   7.9803467E-03  0.0000000E+00
nid001162.dogwood.wcoss2.ncep.noaa.gov 0:  MAX/MIN GRLE AT LEVEL           59 IS:   7.9379082E-03  0.0000000E+00
nid001162.dogwood.wcoss2.ncep.noaa.gov 0:  MAX/MIN GRLE AT LEVEL           60 IS:   7.6119900E-03  0.0000000E+00
nid001162.dogwood.wcoss2.ncep.noaa.gov 0:  MAX/MIN GRLE AT LEVEL           61 IS:   7.0602894E-03  0.0000000E+00
nid001162.dogwood.wcoss2.ncep.noaa.gov 0:  MAX/MIN GRLE AT LEVEL           62 IS:   6.4578056E-03  0.0000000E+00
nid001162.dogwood.wcoss2.ncep.noaa.gov 0:  MAX/MIN GRLE AT LEVEL           63 IS:   5.9995651E-03  0.0000000E+00
nid001162.dogwood.wcoss2.ncep.noaa.gov 0:  MAX/MIN GRLE AT LEVEL           64 IS:   5.7020187E-03  0.0000000E+00
nid001162.dogwood.wcoss2.ncep.noaa.gov 0:  MAX/MIN GRLE AT LEVEL           65 IS:   5.4180622E-03  0.0000000E+00
nid001162.dogwood.wcoss2.ncep.noaa.gov 0:  MAX/MIN GRLE AT LEVEL           66 IS:   5.0935745E-03  0.0000000E+00
nid001162.dogwood.wcoss2.ncep.noaa.gov 0:  MAX/MIN GRLE AT LEVEL           67 IS:   4.7550201E-03  0.0000000E+00
nid001162.dogwood.wcoss2.ncep.noaa.gov 0:  MAX/MIN GRLE AT LEVEL           68 IS:   4.4374466E-03  0.0000000E+00
nid001162.dogwood.wcoss2.ncep.noaa.gov 0:  MAX/MIN GRLE AT LEVEL           69 IS:   4.0845871E-03  0.0000000E+00
nid001162.dogwood.wcoss2.ncep.noaa.gov 0:  MAX/MIN GRLE AT LEVEL           70 IS:   3.6724806E-03  0.0000000E+00
nid001162.dogwood.wcoss2.ncep.noaa.gov 0:  MAX/MIN GRLE AT LEVEL           71 IS:   3.2467842E-03  0.0000000E+00
nid001162.dogwood.wcoss2.ncep.noaa.gov 0:  MAX/MIN GRLE AT LEVEL           72 IS:   2.8587580E-03  0.0000000E+00
nid001162.dogwood.wcoss2.ncep.noaa.gov 0:  MAX/MIN GRLE AT LEVEL           73 IS:   2.5053024E-03  0.0000000E+00
nid001162.dogwood.wcoss2.ncep.noaa.gov 0:  MAX/MIN GRLE AT LEVEL           74 IS:   2.1876097E-03  0.0000000E+00
nid001162.dogwood.wcoss2.ncep.noaa.gov 0:  MAX/MIN GRLE AT LEVEL           75 IS:   1.9073486E-03  0.0000000E+00
nid001162.dogwood.wcoss2.ncep.noaa.gov 0:  MAX/MIN GRLE AT LEVEL           76 IS:   1.5994310E-03  0.0000000E+00
nid001162.dogwood.wcoss2.ncep.noaa.gov 0:  MAX/MIN GRLE AT LEVEL           77 IS:   1.2992024E-03  0.0000000E+00
nid001162.dogwood.wcoss2.ncep.noaa.gov 0:  MAX/MIN GRLE AT LEVEL           78 IS:   8.8503957E-04  0.0000000E+00
nid001162.dogwood.wcoss2.ncep.noaa.gov 0:  MAX/MIN GRLE AT LEVEL           79 IS:   4.7130883E-04  0.0000000E+00
nid001162.dogwood.wcoss2.ncep.noaa.gov 0:  MAX/MIN GRLE AT LEVEL           80 IS:   1.9180775E-04  0.0000000E+00
nid001162.dogwood.wcoss2.ncep.noaa.gov 0:  MAX/MIN GRLE AT LEVEL           81 IS:   6.3393265E-05  0.0000000E+00
nid001162.dogwood.wcoss2.ncep.noaa.gov 0:  MAX/MIN GRLE AT LEVEL           82 IS:   2.3240224E-05  0.0000000E+00
nid001162.dogwood.wcoss2.ncep.noaa.gov 0:  MAX/MIN GRLE AT LEVEL           83 IS:   1.0036398E-05  0.0000000E+00
nid001162.dogwood.wcoss2.ncep.noaa.gov 0:  MAX/MIN GRLE AT LEVEL           84 IS:   2.7698698E-06  0.0000000E+00
nid001162.dogwood.wcoss2.ncep.noaa.gov 0:  MAX/MIN GRLE AT LEVEL           85 IS:   7.2328839E-07  0.0000000E+00
nid001162.dogwood.wcoss2.ncep.noaa.gov 0:  MAX/MIN GRLE AT LEVEL           86 IS:   9.8716555E-08  0.0000000E+00
nid001162.dogwood.wcoss2.ncep.noaa.gov 0:  MAX/MIN GRLE AT LEVEL           87 IS:   1.8854962E-10  0.0000000E+00
nid001162.dogwood.wcoss2.ncep.noaa.gov 0:  MAX/MIN GRLE AT LEVEL           88 IS:   2.0802027E-11  0.0000000E+00
nid001162.dogwood.wcoss2.ncep.noaa.gov 0:  MAX/MIN GRLE AT LEVEL           89 IS:   8.7365670E-12  0.0000000E+00
nid001162.dogwood.wcoss2.ncep.noaa.gov 0:  MAX/MIN GRLE AT LEVEL           90 IS:   9.5274899E-12  0.0000000E+00
nid001162.dogwood.wcoss2.ncep.noaa.gov 0:  MAX/MIN GRLE AT LEVEL           91 IS:   1.0254020E-11  0.0000000E+00
nid001162.dogwood.wcoss2.ncep.noaa.gov 0:  MAX/MIN GRLE AT LEVEL           92 IS:   0.0000000E+00  0.0000000E+00
nid001162.dogwood.wcoss2.ncep.noaa.gov 0:  MAX/MIN GRLE AT LEVEL           93 IS:   0.0000000E+00  0.0000000E+00
nid001162.dogwood.wcoss2.ncep.noaa.gov 0:  MAX/MIN GRLE AT LEVEL           94 IS:   0.0000000E+00  0.0000000E+00
nid001162.dogwood.wcoss2.ncep.noaa.gov 0:  MAX/MIN GRLE AT LEVEL           95 IS:   0.0000000E+00  0.0000000E+00
nid001162.dogwood.wcoss2.ncep.noaa.gov 0:  MAX/MIN GRLE AT LEVEL           96 IS:   0.0000000E+00  0.0000000E+00
nid001162.dogwood.wcoss2.ncep.noaa.gov 0:  MAX/MIN GRLE AT LEVEL           97 IS:   0.0000000E+00  0.0000000E+00
nid001162.dogwood.wcoss2.ncep.noaa.gov 0:  MAX/MIN GRLE AT LEVEL           98 IS:   0.0000000E+00  0.0000000E+00
nid001162.dogwood.wcoss2.ncep.noaa.gov 0:  MAX/MIN GRLE AT LEVEL           99 IS:   0.0000000E+00  0.0000000E+00
nid001162.dogwood.wcoss2.ncep.noaa.gov 0:  MAX/MIN GRLE AT LEVEL          100 IS:   0.0000000E+00  0.0000000E+00
nid001162.dogwood.wcoss2.ncep.noaa.gov 0:  MAX/MIN GRLE AT LEVEL          101 IS:   0.0000000E+00  0.0000000E+00
nid001162.dogwood.wcoss2.ncep.noaa.gov 0:  MAX/MIN GRLE AT LEVEL          102 IS:   0.0000000E+00  0.0000000E+00
nid001162.dogwood.wcoss2.ncep.noaa.gov 0:  MAX/MIN GRLE AT LEVEL          103 IS:   0.0000000E+00  0.0000000E+00
nid001162.dogwood.wcoss2.ncep.noaa.gov 0:  MAX/MIN GRLE AT LEVEL          104 IS:   0.0000000E+00  0.0000000E+00
nid001162.dogwood.wcoss2.ncep.noaa.gov 0:  MAX/MIN GRLE AT LEVEL          105 IS:   0.0000000E+00  0.0000000E+00
nid001162.dogwood.wcoss2.ncep.noaa.gov 0:  MAX/MIN GRLE AT LEVEL          106 IS:   0.0000000E+00  0.0000000E+00
nid001162.dogwood.wcoss2.ncep.noaa.gov 0:  MAX/MIN GRLE AT LEVEL          107 IS:   0.0000000E+00  0.0000000E+00
nid001162.dogwood.wcoss2.ncep.noaa.gov 0:  MAX/MIN GRLE AT LEVEL          108 IS:   0.0000000E+00  0.0000000E+00
nid001162.dogwood.wcoss2.ncep.noaa.gov 0:  MAX/MIN GRLE AT LEVEL          109 IS:   0.0000000E+00  0.0000000E+00
nid001162.dogwood.wcoss2.ncep.noaa.gov 0:  MAX/MIN GRLE AT LEVEL          110 IS:   0.0000000E+00  0.0000000E+00
nid001162.dogwood.wcoss2.ncep.noaa.gov 0:  MAX/MIN GRLE AT LEVEL          111 IS:   0.0000000E+00  0.0000000E+00
nid001162.dogwood.wcoss2.ncep.noaa.gov 0:  MAX/MIN GRLE AT LEVEL          112 IS:   0.0000000E+00  0.0000000E+00
nid001162.dogwood.wcoss2.ncep.noaa.gov 0:  MAX/MIN GRLE AT LEVEL          113 IS:   0.0000000E+00  0.0000000E+00
nid001162.dogwood.wcoss2.ncep.noaa.gov 0:  MAX/MIN GRLE AT LEVEL          114 IS:   0.0000000E+00  0.0000000E+00
nid001162.dogwood.wcoss2.ncep.noaa.gov 0:  MAX/MIN GRLE AT LEVEL          115 IS:   0.0000000E+00  0.0000000E+00
nid001162.dogwood.wcoss2.ncep.noaa.gov 0:  MAX/MIN GRLE AT LEVEL          116 IS:   0.0000000E+00  0.0000000E+00
nid001162.dogwood.wcoss2.ncep.noaa.gov 0:  MAX/MIN GRLE AT LEVEL          117 IS:   0.0000000E+00  0.0000000E+00
nid001162.dogwood.wcoss2.ncep.noaa.gov 0:  MAX/MIN GRLE AT LEVEL          118 IS:   0.0000000E+00  0.0000000E+00
nid001162.dogwood.wcoss2.ncep.noaa.gov 0:  MAX/MIN GRLE AT LEVEL          119 IS:   0.0000000E+00  0.0000000E+00
nid001162.dogwood.wcoss2.ncep.noaa.gov 0:  MAX/MIN GRLE AT LEVEL          120 IS:   0.0000000E+00  0.0000000E+00
nid001162.dogwood.wcoss2.ncep.noaa.gov 0:  MAX/MIN GRLE AT LEVEL          121 IS:   0.0000000E+00  0.0000000E+00
nid001162.dogwood.wcoss2.ncep.noaa.gov 0:  MAX/MIN GRLE AT LEVEL          122 IS:   0.0000000E+00  0.0000000E+00
nid001162.dogwood.wcoss2.ncep.noaa.gov 0:  MAX/MIN GRLE AT LEVEL          123 IS:   0.0000000E+00  0.0000000E+00
nid001162.dogwood.wcoss2.ncep.noaa.gov 0:  MAX/MIN GRLE AT LEVEL          124 IS:   0.0000000E+00  0.0000000E+00
nid001162.dogwood.wcoss2.ncep.noaa.gov 0:  MAX/MIN GRLE AT LEVEL          125 IS:   0.0000000E+00  0.0000000E+00
nid001162.dogwood.wcoss2.ncep.noaa.gov 0:  MAX/MIN GRLE AT LEVEL          126 IS:   0.0000000E+00  0.0000000E+00
nid001162.dogwood.wcoss2.ncep.noaa.gov 0:  MAX/MIN GRLE AT LEVEL          127 IS:   0.0000000E+00  0.0000000E+00
 
 READ CLD_AMT
nid001162.dogwood.wcoss2.ncep.noaa.gov 0:  CLDAMT NOT READ - CLD_AMT NAMELIST OPTION NOT SET TO TRUE
nid003773.dogwood.wcoss2.ncep.noaa.gov 2:  CLOSE FILE
nid003773.dogwood.wcoss2.ncep.noaa.gov 2:  
nid003773.dogwood.wcoss2.ncep.noaa.gov 2:  READ OUTPUT VERT COORDINATE INFO FROM REFERENCE FILE: atmens_fcst
nid003773.dogwood.wcoss2.ncep.noaa.gov 2:  VCOORD OF OUTPUT GRID            1  0.0000000E+00   1.000000    
 VCOORD OF OUTPUT GRID            2  0.0000000E+00  0.9975282    
 VCOORD OF OUTPUT GRID            3  0.0000000E+00  0.9949077    
 VCOORD OF OUTPUT GRID            4  2.8999999E-02  0.9921299    
 VCOORD OF OUTPUT GRID            5  0.2320000      0.9891851    
 VCOORD OF OUTPUT GRID            6  0.8100000      0.9860625    
 VCOORD OF OUTPUT GRID            7   1.994000      0.9827508    
 VCOORD OF OUTPUT GRID            8   4.190000      0.9792364    
 VCOORD OF OUTPUT GRID            9   8.287000      0.9755009    
 VCOORD OF OUTPUT GRID           10   15.30200      0.9715240    
 VCOORD OF OUTPUT GRID           11   26.27400      0.9672851    
 VCOORD OF OUTPUT GRID           12   42.27400      0.9627630    
 VCOORD OF OUTPUT GRID           13   64.39200      0.9579360    
 VCOORD OF OUTPUT GRID           14   93.74000      0.9527821    
 VCOORD OF OUTPUT GRID           15   131.4470      0.9472789    
 VCOORD OF OUTPUT GRID           16   178.6510      0.9414037    
 VCOORD OF OUTPUT GRID           17   236.5020      0.9351338    
 VCOORD OF OUTPUT GRID           18   306.1490      0.9284464    
 VCOORD OF OUTPUT GRID           19   388.7340      0.9213187    
nid003773.dogwood.wcoss2.ncep.noaa.gov 2:  VCOORD OF OUTPUT GRID           20   485.3920      0.9137284    
 VCOORD OF OUTPUT GRID           21   597.2350      0.9056532    
 VCOORD OF OUTPUT GRID           22   725.3480      0.8970718    
 VCOORD OF OUTPUT GRID           23   870.7780      0.8879632    
 VCOORD OF OUTPUT GRID           24   1034.524      0.8783077    
 VCOORD OF OUTPUT GRID           25   1217.528      0.8680866    
 VCOORD OF OUTPUT GRID           26   1420.661      0.8572826    
 VCOORD OF OUTPUT GRID           27   1644.712      0.8458801    
 VCOORD OF OUTPUT GRID           28   1890.375      0.8338652    
 VCOORD OF OUTPUT GRID           29   2158.238      0.8212263    
 VCOORD OF OUTPUT GRID           30   2448.768      0.8079541    
 VCOORD OF OUTPUT GRID           31   2762.297      0.7940422    
 VCOORD OF OUTPUT GRID           32   3099.010      0.7794867    
 VCOORD OF OUTPUT GRID           33   3458.933      0.7642871    
nid003773.dogwood.wcoss2.ncep.noaa.gov 2:  VCOORD OF OUTPUT GRID           34   3841.918      0.7484465    
 VCOORD OF OUTPUT GRID           35   4247.633      0.7319713    
 VCOORD OF OUTPUT GRID           36   4675.554      0.7148720    
 VCOORD OF OUTPUT GRID           37   5124.949      0.6971631    
 VCOORD OF OUTPUT GRID           38   5594.876      0.6788633    
 VCOORD OF OUTPUT GRID           39   6084.176      0.6599957    
 VCOORD OF OUTPUT GRID           40   6591.468      0.6405875    
 VCOORD OF OUTPUT GRID           41   7115.147      0.6206707    
 VCOORD OF OUTPUT GRID           42   7653.387      0.6002815    
 VCOORD OF OUTPUT GRID           43   8204.142      0.5794605    
 VCOORD OF OUTPUT GRID           44   8765.155      0.5582525    
 VCOORD OF OUTPUT GRID           45   9333.967      0.5367062    
 VCOORD OF OUTPUT GRID           46   9907.927      0.5148743    
nid003773.dogwood.wcoss2.ncep.noaa.gov 2:  VCOORD OF OUTPUT GRID           47   10484.21      0.4928130    
 VCOORD OF OUTPUT GRID           48   11059.83      0.4705813    
 VCOORD OF OUTPUT GRID           49   11631.66      0.4482413    
 VCOORD OF OUTPUT GRID           50   12196.47      0.4258572    
 VCOORD OF OUTPUT GRID           51   12750.92      0.4034951    
 VCOORD OF OUTPUT GRID           52   13291.63      0.3812224    
 VCOORD OF OUTPUT GRID           53   13815.15      0.3591072    
 VCOORD OF OUTPUT GRID           54   14318.04      0.3372180    
 VCOORD OF OUTPUT GRID           55   14796.87      0.3156229    
 VCOORD OF OUTPUT GRID           56   15248.25      0.2943890    
 VCOORD OF OUTPUT GRID           57   15668.86      0.2735822    
 VCOORD OF OUTPUT GRID           58   16055.49      0.2532663    
 VCOORD OF OUTPUT GRID           59   16405.02      0.2335031    
 VCOORD OF OUTPUT GRID           60   16714.50      0.2143511    
 VCOORD OF OUTPUT GRID           61   16981.14      0.1958660    
 VCOORD OF OUTPUT GRID           62   17202.30      0.1780999    
 VCOORD OF OUTPUT GRID           63   17375.56      0.1611008    
 VCOORD OF OUTPUT GRID           64   17498.70      0.1449129    
 VCOORD OF OUTPUT GRID           65   17569.70      0.1295762    
 VCOORD OF OUTPUT GRID           66   17586.77      0.1151262    
 VCOORD OF OUTPUT GRID           67   17548.35      0.1015940    
 VCOORD OF OUTPUT GRID           68   17453.08      8.9006290E-02
 VCOORD OF OUTPUT GRID           69   17299.85      7.7385478E-02
 VCOORD OF OUTPUT GRID           70   17088.32      6.6743717E-02
 VCOORD OF OUTPUT GRID           71   16820.94      5.7063580E-02
 VCOORD OF OUTPUT GRID           72   16501.02      4.8316609E-02
 VCOORD OF OUTPUT GRID           73   16132.09      4.0470559E-02
 VCOORD OF OUTPUT GRID           74   15717.86      3.3489540E-02
 VCOORD OF OUTPUT GRID           75   15262.20      2.7334280E-02
 VCOORD OF OUTPUT GRID           76   14769.15      2.1962389E-02
 VCOORD OF OUTPUT GRID           77   14242.89      1.7328570E-02
 nid003773.dogwood.wcoss2.ncep.noaa.gov 2: VCOORD OF OUTPUT GRID           78   13687.73      1.3384920E-02
 VCOORD OF OUTPUT GRID           79   13108.09      1.0081200E-02
 VCOORD OF OUTPUT GRID           80   12508.52      7.3650400E-03
 VCOORD OF OUTPUT GRID           81   11893.64      5.1822802E-03
 VCOORD OF OUTPUT GRID           82   11268.16      3.4771301E-03
 VCOORD OF OUTPUT GRID           83   10636.85      2.1924800E-03
 VCOORD OF OUTPUT GRID           84   10004.55      1.2700900E-03
 VCOORD OF OUTPUT GRID           85   9376.141      6.5077998E-04
 VCOORD OF OUTPUT GRID           86   8756.529      2.7469001E-04
 VCOORD OF OUTPUT GRID           87   8150.661      8.1409999E-05
 VCOORD OF OUTPUT GRID           88   7563.494      1.0180000E-05
 VCOORD OF OUTPUT GRID           89   7000.000      0.0000000E+00
 VCOORD OF OUTPUT GRID           90   6463.864      0.0000000E+00
 VCOORD OF OUTPUT GRID           91   5953.848      0.0000000E+00
 VCOORD OF OUTPUT GRID           92   5468.017      0.0000000E+00
 VCOORD OF OUTPUT GRID           93   5004.995      0.0000000E+00
 VCOORD OF OUTPUT GRID           94   4563.881      0.0000000E+00
 VCOORD OF OUTPUT GRID           95   4144.164      0.0000000E+00
 VCOORD OF OUTPUT GRID           96   3745.646      0.0000000E+00
 VCOORD OF OUTPUT GRID           97   3368.363      0.0000000E+00
 VCOORD OF OUTPUT GRID           98   3012.510      0.0000000E+00
 VCOORD OF OUTPUT GRID           99   2678.372      0.0000000E+00
 VCOORD OF OUTPUT GRID          100   2366.252      0.0000000E+00
 VCOORD OF OUTPUT GRID          101   2076.415      0.0000000E+00
 VCOORD OF OUTPUT GRID          102   1809.028      0.0000000E+00
 VCOORD OF OUTPUT GRID          103   1564.119      0.0000000E+00
 VCOORD OF OUTPUT GRID          104   1341.538      0.0000000E+00
 VCOORD OF OUTPUT GRID          105   1140.931      0.0000000E+00
 VCOORD OF OUTPUT GRID          106   961.7340      0.0000000E+00
 VCOORD OF OUTPUT GRID          107   803.1640      0.0000000E+00
 VCOORD OF OUTPUT GRID          108   664.2360      0.0000000E+00
 Vnid003773.dogwood.wcoss2.ncep.noaa.gov 2: COORD OF OUTPUT GRID          109   543.7820      0.0000000E+00
 VCOORD OF OUTPUT GRID          110   440.4810      0.0000000E+00
 VCOORD OF OUTPUT GRID          111   352.8940      0.0000000E+00
 VCOORD OF OUTPUT GRID          112   279.5060      0.0000000E+00
 VCOORD OF OUTPUT GRID          113   218.7670      0.0000000E+00
 VCOORD OF OUTPUT GRID          114   169.1350      0.0000000E+00
 VCOORD OF OUTPUT GRID          115   129.1100      0.0000000E+00
 VCOORD OF OUTPUT GRID          116   97.26900      0.0000000E+00
 VCOORD OF OUTPUT GRID          117   72.29300      0.0000000E+00
 VCOORD OF OUTPUT GRID          118   52.98400      0.0000000E+00
 VCOORD OF OUTPUT GRID          119   38.27600      0.0000000E+00
 VCOORD OF OUTPUT GRID          120   27.24300      0.0000000E+00
 VCOORD OF OUTPUT GRID          121   19.09600      0.0000000E+00
 VCOORD OF OUTPUT GRID          122   13.17700      0.0000000E+00
 VCOORD OF OUTPUT GRID          123   8.947000      0.0000000E+00
 VCOORD OF OUTPUT GRID          124   5.976000      0.0000000E+00
 VCOORD OF OUTPUT GRID          125   3.924000      0.0000000E+00
 VCOORD OF OUTPUT GRID          126   2.532000      0.0000000E+00
 VCOORD OF OUTPUT GRID          127   1.605000      0.0000000E+00
 VCOORD OF OUTPUT GRID          128  0.9990000      0.0000000E+00
nid003773.dogwood.wcoss2.ncep.noaa.gov 2:  
 OUTPUT GRID I/J DIMENSIONS:         1536         768
 
 OPEN OUTPUT GRID TERRAIN FILE: atmens_fcst
nid003773.dogwood.wcoss2.ncep.noaa.gov 2:  
 READ SURFACE HEIGHT
nid003773.dogwood.wcoss2.ncep.noaa.gov 2:  
 INTERPOLATE DATA TO OUTPUT GRID
nid003773.dogwood.wcoss2.ncep.noaa.gov 2:  INTERPOLATE SURFACE HEIGHT
nid003773.dogwood.wcoss2.ncep.noaa.gov 2:  INTERPOLATE SURFACE PRESSURE
nid003773.dogwood.wcoss2.ncep.noaa.gov 2:  INTERPOLATE TEMPERATURE
nid003773.dogwood.wcoss2.ncep.noaa.gov 2:  INTERPOLATE CLOUD LIQUID WATER
nid003773.dogwood.wcoss2.ncep.noaa.gov 2:  INTERPOLATE SPECIFIC HUMIDITY
nid003773.dogwood.wcoss2.ncep.noaa.gov 2:  INTERPOLATE OZONE
nid001641.dogwood.wcoss2.ncep.noaa.gov 1:  CLOSE FILE
nid001641.dogwood.wcoss2.ncep.noaa.gov 1:  
nid001641.dogwood.wcoss2.ncep.noaa.gov 1:  READ OUTPUT VERT COORDINATE INFO FROM REFERENCE FILE: atmens_fcst
nid001641.dogwood.wcoss2.ncep.noaa.gov 1:  VCOORD OF OUTPUT GRID            1  0.0000000E+00   1.000000    
 VCOORD OF OUTPUT GRID            2  0.0000000E+00  0.9975282    
 VCOORD OF OUTPUT GRID            3  0.0000000E+00  0.9949077    
 VCOORD OF OUTPUT GRID            4  2.8999999E-02  0.9921299    
 VCOORD OF OUTPUT GRID            5  0.2320000      0.9891851    
 VCOORD OF OUTPUT GRID            6  0.8100000      0.9860625    
 VCOORD OF OUTPUT GRID            7   1.994000      0.9827508    
 VCOORD OF OUTPUT GRID            8   4.190000      0.9792364    
 VCOORD OF OUTPUT GRID            9   8.287000      0.9755009    
 VCOORD OF OUTPUT GRID           10   15.30200      0.9715240    
 VCOORD OF OUTPUT GRID           11   26.27400      0.9672851    
 VCOORD OF OUTPUT GRID           12   42.27400      0.9627630    
 VCOORD OF OUTPUT GRID           13   64.39200      0.9579360    
 VCOORD OF OUTPUT GRID           14   93.74000      0.9527821    
 VCOORD OF OUTPUT GRID           15   131.4470      0.9472789    
 VCOORD OF OUTPUT GRID           16   178.6510      0.9414037    
 VCOORD OF OUTPUT GRID           17   236.5020      0.9351338    
 VCOORD OF OUTPUT GRID           18   306.1490      0.9284464    
 VCOORD OF OUTPUT GRID           19   388.7340      0.9213187    
 VCOORD OF OUTPUT GRID           20   485.3920      0.9137284    
 VCOORD OF OUTPUT GRID           21   597.2350      0.9056532    
 VCOORD OF OUTPUT GRID           22   725.3480      0.8970718    
nid001641.dogwood.wcoss2.ncep.noaa.gov 1:  VCOORD OF OUTPUT GRID           23   870.7780      0.8879632    
 VCOORD OF OUTPUT GRID           24   1034.524      0.8783077    
 VCOORD OF OUTPUT GRID           25   1217.528      0.8680866    
 VCOORD OF OUTPUT GRID           26   1420.661      0.8572826    
 VCOORD OF OUTPUT GRID           27   1644.712      0.8458801    
 VCOORD OF OUTPUT GRID           28   1890.375      0.8338652    
 VCOORD OF OUTPUT GRID           29   2158.238      0.8212263    
 VCOORD OF OUTPUT GRID           30   2448.768      0.8079541    
 VCOORD OF OUTPUT GRID           31   2762.297      0.7940422    
 VCOORD OF OUTPUT GRID           32   3099.010      0.7794867    
 VCOORD OF OUTPUT GRID           33   3458.933      0.7642871    
nid001641.dogwood.wcoss2.ncep.noaa.gov 1:  VCOORD OF OUTPUT GRID           34   3841.918      0.7484465    
 VCOORD OF OUTPUT GRID           35   4247.633      0.7319713    
 VCOORD OF OUTPUT GRID           36   4675.554      0.7148720    
nid001641.dogwood.wcoss2.ncep.noaa.gov 1:  VCOORD OF OUTPUT GRID           37   5124.949      0.6971631    
 VCOORD OF OUTPUT GRID           38   5594.876      0.6788633    
 VCOORD OF OUTPUT GRID           39   6084.176      0.6599957    
 VCOORD OF OUTPUT GRID           40   6591.468      0.6405875    
 VCOORD OF OUTPUT GRID           41   7115.147      0.6206707    
 VCOORD OF OUTPUT GRID           42   7653.387      0.6002815    
 VCOORD OF OUTPUT GRID           43   8204.142      0.5794605    
 VCOORD OF OUTPUT GRID           44   8765.155      0.5582525    
 VCOORD OF OUTPUT GRID           45   9333.967      0.5367062    
 VCOORD OF OUTPUT GRID           46   9907.927      0.5148743    
 VCOORD OF OUTPUT GRID           47   10484.21      0.4928130    
 VCOORD OF OUTPUT GRID           48   11059.83      0.4705813    
 VCOORD OF OUTPUT GRID           49   11631.66      0.4482413    
 VCOORD OF OUTPUT GRID           50   12196.47      0.4258572    
 VCOORD OF OUTPUT GRID           51   12750.92      0.4034951    
 VCOORD OF OUTPUT GRID           52   13291.63      0.3812224    
 VCOORD OF OUTPUT GRID           53   13815.15      0.3591072    
 VCOORD OF OUTPUT GRID           54   14318.04      0.3372180    
 VCOORD OF OUTPUT GRID           55   14796.87      0.3156229    
 VCOORD OF OUTPUT GRID           56   15248.25      0.2943890    
 VCOORD OF OUTPUT GRID           57   15668.86      0.2735822    
 VCOORD OF OUTPUT GRID           58   16055.49      0.2532663    
 VCOORD OF OUTPUT GRID           59   16405.02      0.2335031    
 VCOORD OF OUTPUT GRID           60   16714.50      0.2143511    
 VCOORD OF OUTPUT GRID           61   16981.14      0.1958660    
 VCOORD OF OUTPUT GRID           62   17202.30      0.1780999    
 VCOORD OF OUTPUT GRID           63   17375.56      0.1611008    
 VCOORD OF OUTPUT GRID           64   17498.70      0.1449129    
 VCOORD OF OUTPUT GRID           65   17569.70      0.1295762    
 VCOORD OF OUTPUT GRID           66   17586.77      0.1151262    
 VCOORD OF OUTPUT GRID           67   17548.35      0.1015940    
 nid001641.dogwood.wcoss2.ncep.noaa.gov 1: VCOORD OF OUTPUT GRID           68   17453.08      8.9006290E-02
 VCOORD OF OUTPUT GRID           69   17299.85      7.7385478E-02
 VCOORD OF OUTPUT GRID           70   17088.32      6.6743717E-02
 VCOORD OF OUTPUT GRID           71   16820.94      5.7063580E-02
 VCOORD OF OUTPUT GRID           72   16501.02      4.8316609E-02
 VCOORD OF OUTPUT GRID           73   16132.09      4.0470559E-02
 VCOORD OF OUTPUT GRID           74   15717.86      3.3489540E-02
 VCOORD OF OUTPUT GRID           75   15262.20      2.7334280E-02
 VCOORD OF OUTPUT GRID           76   14769.15      2.1962389E-02
 VCOORD OF OUTPUT GRID           77   14242.89      1.7328570E-02
 VCOORD OF OUTPUT GRID           78   13687.73      1.3384920E-02
 VCOORD OF OUTPUT GRID           79   13108.09      1.0081200E-02
 VCOORD OF OUTPUT GRID           80   12508.52      7.3650400E-03
 VCOORD OF OUTPUT GRID           81   11893.64      5.1822802E-03
 VCOORD OF OUTPUT GRID           82   11268.16      3.4771301E-03
 VCOORD OF OUTPUT GRID           83   10636.85      2.1924800E-03
 VCOORD OF OUTPUT GRID           84   10004.55      1.2700900E-03
 VCOORD OF OUTPUT GRID           85   9376.141      6.5077998E-04
 VCOORD OF OUTPUT GRID           86   8756.529      2.7469001E-04
 VCOORD OF OUTPUT GRID           87   8150.661      8.1409999E-05
 VCOORD OF OUTPUT GRID           88   7563.494      1.0180000E-05
 VCOORD OF OUTPUT GRID           89   7000.000      0.0000000E+00
 VCOORD OF OUTPUT GRID           90   6463.864      0.0000000E+00
 VCOORD OF OUTPUT GRID           91   5953.848      0.0000000E+00
 VCOORD OF OUTPUT GRID           92   5468.017      0.0000000E+00
 VCOORD OF OUTPUT GRID           93   5004.995      0.0000000E+00
 VCOORD OF OUTPUT GRID           94   4563.881      0.0000000E+00
 VCOORD OF OUTPUT GRID           95   4144.164      0.0000000E+00
 VCOORD OF OUTPUT GRID           96   3745.646      0.0000000E+00
 VCOORD OF OUTPUT GRID           97   3368.363      0.0000000E+00
 VCOORD OF OUTPUT GRID           98   3012.510      0.0000000E+00
 Vnid001641.dogwood.wcoss2.ncep.noaa.gov 1: COORD OF OUTPUT GRID           99   2678.372      0.0000000E+00
 VCOORD OF OUTPUT GRID          100   2366.252      0.0000000E+00
 VCOORD OF OUTPUT GRID          101   2076.415      0.0000000E+00
 VCOORD OF OUTPUT GRID          102   1809.028      0.0000000E+00
 VCOORD OF OUTPUT GRID          103   1564.119      0.0000000E+00
 VCOORD OF OUTPUT GRID          104   1341.538      0.0000000E+00
 VCOORD OF OUTPUT GRID          105   1140.931      0.0000000E+00
 VCOORD OF OUTPUT GRID          106   961.7340      0.0000000E+00
 VCOORD OF OUTPUT GRID          107   803.1640      0.0000000E+00
 VCOORD OF OUTPUT GRID          108   664.2360      0.0000000E+00
 VCOORD OF OUTPUT GRID          109   543.7820      0.0000000E+00
 VCOORD OF OUTPUT GRID          110   440.4810      0.0000000E+00
 VCOORD OF OUTPUT GRID          111   352.8940      0.0000000E+00
 VCOORD OF OUTPUT GRID          112   279.5060      0.0000000E+00
 VCOORD OF OUTPUT GRID          113   218.7670      0.0000000E+00
 VCOORD OF OUTPUT GRID          114   169.1350      0.0000000E+00
 VCOORD OF OUTPUT GRID          115   129.1100      0.0000000E+00
 VCOORD OF OUTPUT GRID          116   97.26900      0.0000000E+00
 VCOORD OF OUTPUT GRID          117   72.29300      0.0000000E+00
 VCOORD OF OUTPUT GRID          118   52.98400      0.0000000E+00
 VCOORD OF OUTPUT GRID          119   38.27600      0.0000000E+00
 VCOORD OF OUTPUT GRID          120   27.24300      0.0000000E+00
 VCOORD OF OUTPUT GRID          121   19.09600      0.0000000E+00
 VCOORD OF OUTPUT GRID          122   13.17700      0.0000000E+00
 VCOORD OF OUTPUT GRID          123   8.947000      0.0000000E+00
 VCOORD OF OUTPUT GRID          124   5.976000      0.0000000E+00
 VCOORD OF OUTPUT GRID          125   3.924000      0.0000000E+00
 VCOORD OF OUTPUT GRID          126   2.532000      0.0000000E+00
 VCOORD OF OUTPUT GRID          127   1.605000      0.0000000E+00
 VCOORD OF OUTPUT GRID          128  0.9990000      0.0000000E+00
nid001641.dogwood.wcoss2.ncep.noaa.gov 1:  
 OUTPUT GRID I/J DIMENSIONS:         1536         768
 
 OPEN OUTPUT GRID TERRAIN FILE: atmens_fcst
nid001641.dogwood.wcoss2.ncep.noaa.gov 1:  
 READ SURFACE HEIGHT
nid001641.dogwood.wcoss2.ncep.noaa.gov 1:  
 INTERPOLATE DATA TO OUTPUT GRID
nid001641.dogwood.wcoss2.ncep.noaa.gov 1:  INTERPOLATE SURFACE HEIGHT
nid003773.dogwood.wcoss2.ncep.noaa.gov 2:  INTERPOLATE DZDT
nid001641.dogwood.wcoss2.ncep.noaa.gov 1:  INTERPOLATE SURFACE PRESSURE
nid001641.dogwood.wcoss2.ncep.noaa.gov 1:  INTERPOLATE TEMPERATURE
nid003773.dogwood.wcoss2.ncep.noaa.gov 2:  INTERPOLATE RWMR
nid001641.dogwood.wcoss2.ncep.noaa.gov 1:  INTERPOLATE CLOUD LIQUID WATER
nid003773.dogwood.wcoss2.ncep.noaa.gov 2:  INTERPOLATE SNMR
nid001641.dogwood.wcoss2.ncep.noaa.gov 1:  INTERPOLATE SPECIFIC HUMIDITY
nid003773.dogwood.wcoss2.ncep.noaa.gov 2:  INTERPOLATE ICMR
nid001641.dogwood.wcoss2.ncep.noaa.gov 1:  INTERPOLATE OZONE
nid003773.dogwood.wcoss2.ncep.noaa.gov 2:  INTERPOLATE GRLE
nid001641.dogwood.wcoss2.ncep.noaa.gov 1:  INTERPOLATE DZDT
nid003773.dogwood.wcoss2.ncep.noaa.gov 2:  INTERPOLATE CLD_AMT
nid001641.dogwood.wcoss2.ncep.noaa.gov 1:  INTERPOLATE RWMR
nid003773.dogwood.wcoss2.ncep.noaa.gov 2:  INTERPOLATE WINDS
nid001641.dogwood.wcoss2.ncep.noaa.gov 1:  INTERPOLATE SNMR
nid003773.dogwood.wcoss2.ncep.noaa.gov 2:  before newpr1, sfcp b4 adj:    101156.7    
 
 COMPUTE MID-LAYER PRESSURE FROM INTERPOLATED SURFACE PRESSURE.
nid001162.dogwood.wcoss2.ncep.noaa.gov 0:  CLOSE FILE
nid001162.dogwood.wcoss2.ncep.noaa.gov 0:  
 READ OUTPUT VERT COORDINATE INFO FROM REFERENCE FILE: atmens_fcst
nid001162.dogwood.wcoss2.ncep.noaa.gov 0:  VCOORD OF OUTPUT GRID            1  0.0000000E+00   1.000000    
 VCOORD OF OUTPUT GRID            2  0.0000000E+00  0.9975282    
 VCOORD OF OUTPUT GRID            3  0.0000000E+00  0.9949077    
 VCOORD OF OUTPUT GRID            4  2.8999999E-02  0.9921299    
 VCOORD OF OUTPUT GRID            5  0.2320000      0.9891851    
 VCOORD OF OUTPUT GRID            6  0.8100000      0.9860625    
 VCOORD OF OUTPUT GRID            7   1.994000      0.9827508    
 VCOORD OF OUTPUT GRID            8   4.190000      0.9792364    
 VCOORD OF OUTPUT GRID            9   8.287000      0.9755009    
 VCOORD OF OUTPUT GRID           10   15.30200      0.9715240    
 VCOORD OF OUTPUT GRID           11   26.27400      0.9672851    
 VCOORD OF OUTPUT GRID           12   42.27400      0.9627630    
 VCOORD OF OUTPUT GRID           13   64.39200      0.9579360    
 VCOORD OF OUTPUT GRID           14   93.74000      0.9527821    
 VCOORD OF OUTPUT GRID           15   131.4470      0.9472789    
 VCOORD OF OUTPUT GRID           16   178.6510      0.9414037    
 VCOORD OF OUTPUT GRID           17   236.5020      0.9351338    
 VCOORD OF OUTPUT GRID           18   306.1490      0.9284464    
 VCOORD OF OUTPUT GRID           19   388.7340      0.9213187    
 VCOORD OF OUTPUT GRID           20   485.3920      0.9137284    
 VCOORD OF OUTPUT GRID           21   597.2350      0.9056532    
 VCOORD OF OUTPUT GRID           22   725.3480      0.8970718    
 VCOORD OF OUTPUT GRID           23   870.7780      0.8879632    
 VCOORD OF OUTPUT GRID           24   1034.524      0.8783077    
 VCOORD OF OUTPUT GRID           25   1217.528      0.8680866    
 VCOORD OF OUTPUT GRID           26   1420.661      0.8572826    
 VCOORD OF OUTPUT GRID           27   1644.712      0.8458801    
 VCOORD OF OUTPUT GRID           28   1890.375      0.8338652    
 VCOORD OF OUTPUT GRID           29   2158.238      0.8212263    
 VCOORD OF OUTPUT GRID           30   2448.768      0.8079541    
 VCOORD OF OUTPUT GRID           31   2762.297      0.7940422    
 nid001162.dogwood.wcoss2.ncep.noaa.gov 0: VCOORD OF OUTPUT GRID           32   3099.010      0.7794867    
 VCOORD OF OUTPUT GRID           33   3458.933      0.7642871    
nid001162.dogwood.wcoss2.ncep.noaa.gov 0:  VCOORD OF OUTPUT GRID           34   3841.918      0.7484465    
 VCOORD OF OUTPUT GRID           35   4247.633      0.7319713    
 VCOORD OF OUTPUT GRID           36   4675.554      0.7148720    
 VCOORD OF OUTPUT GRID           37   5124.949      0.6971631    
 VCOORD OF OUTPUT GRID           38   5594.876      0.6788633    
 VCOORD OF OUTPUT GRID           39   6084.176      0.6599957    
 VCOORD OF OUTPUT GRID           40   6591.468      0.6405875    
 VCOORD OF OUTPUT GRID           41   7115.147      0.6206707    
 VCOORD OF OUTPUT GRID           42   7653.387      0.6002815    
 VCOORD OF OUTPUT GRID           43   8204.142      0.5794605    
 VCOORD OF OUTPUT GRID           44   8765.155      0.5582525    
 VCOORD OF OUTPUT GRID           45   9333.967      0.5367062    
 VCOORD OF OUTPUT GRID           46   9907.927      0.5148743    
 VCOORD OF OUTPUT GRID           47   10484.21      0.4928130    
 VCOORD OF OUTPUT GRID           48   11059.83      0.4705813    
nid001162.dogwood.wcoss2.ncep.noaa.gov 0:  VCOORD OF OUTPUT GRID           49   11631.66      0.4482413    
 VCOORD OF OUTPUT GRID           50   12196.47      0.4258572    
 VCOORD OF OUTPUT GRID           51   12750.92      0.4034951    
 VCOORD OF OUTPUT GRID           52   13291.63      0.3812224    
 VCOORD OF OUTPUT GRID           53   13815.15      0.3591072    
 VCOORD OF OUTPUT GRID           54   14318.04      0.3372180    
 VCOORD OF OUTPUT GRID           55   14796.87      0.3156229    
 VCOORD OF OUTPUT GRID           56   15248.25      0.2943890    
 VCOORD OF OUTPUT GRID           57   15668.86      0.2735822    
 VCOORD OF OUTPUT GRID           58   16055.49      0.2532663    
 VCOORD OF OUTPUT GRID           59   16405.02      0.2335031    
 VCOORD OF OUTPUT GRID           60   16714.50      0.2143511    
 VCOORD OF OUTPUT GRID           61   16981.14      0.1958660    
 VCOORD OF OUTPUT GRID           62   17202.30      0.1780999    
 VCOORD OF OUTPUT GRID           63   17375.56      0.1611008    
 VCOORD OF OUTPUT GRID           64   17498.70      0.1449129    
 VCOORD OF OUTPUT GRID           65   17569.70      0.1295762    
 VCOORD OF OUTPUT GRID           66   17586.77      0.1151262    
 VCOORD OF OUTPUT GRID           67   17548.35      0.1015940    
 VCOORD OF OUTPUT GRID           68   17453.08      8.9006290E-02
 VCOORD OF OUTPUT GRID           69   17299.85      7.7385478E-02
 VCOORD OF OUTPUT GRID           70   17088.32      6.6743717E-02
 VCOORD OF OUTPUT GRID           71   16820.94      5.7063580E-02
 VCOORD OF OUTPUT GRID           72   16501.02      4.8316609E-02
 VCOORD OF OUTPUT GRID           73   16132.09      4.0470559E-02
 VCOORD OF OUTPUT GRID           74   15717.86      3.3489540E-02
 VCOORD OF OUTPUT GRID           75   15262.20      2.7334280E-02
 VCOORD OF OUTPUT GRID           76   14769.15      2.1962389E-02
 VCOORD OF OUTPUT GRID           77   14242.89      1.7328570E-02
 VCOORD OF OUTPUT GRID           78   13687.73      1.3384920E-02
 VCOORD OF OUTPUT GRID           79   13108.09      1.0081200E-02
 nid001162.dogwood.wcoss2.ncep.noaa.gov 0: VCOORD OF OUTPUT GRID           80   12508.52      7.3650400E-03
 VCOORD OF OUTPUT GRID           81   11893.64      5.1822802E-03
 VCOORD OF OUTPUT GRID           82   11268.16      3.4771301E-03
 VCOORD OF OUTPUT GRID           83   10636.85      2.1924800E-03
 VCOORD OF OUTPUT GRID           84   10004.55      1.2700900E-03
 VCOORD OF OUTPUT GRID           85   9376.141      6.5077998E-04
 VCOORD OF OUTPUT GRID           86   8756.529      2.7469001E-04
 VCOORD OF OUTPUT GRID           87   8150.661      8.1409999E-05
 VCOORD OF OUTPUT GRID           88   7563.494      1.0180000E-05
 VCOORD OF OUTPUT GRID           89   7000.000      0.0000000E+00
 VCOORD OF OUTPUT GRID           90   6463.864      0.0000000E+00
 VCOORD OF OUTPUT GRID           91   5953.848      0.0000000E+00
 VCOORD OF OUTPUT GRID           92   5468.017      0.0000000E+00
 VCOORD OF OUTPUT GRID           93   5004.995      0.0000000E+00
 VCOORD OF OUTPUT GRID           94   4563.881      0.0000000E+00
 VCOORD OF OUTPUT GRID           95   4144.164      0.0000000E+00
 VCOORD OF OUTPUT GRID           96   3745.646      0.0000000E+00
 VCOORD OF OUTPUT GRID           97   3368.363      0.0000000E+00
 VCOORD OF OUTPUT GRID           98   3012.510      0.0000000E+00
 VCOORD OF OUTPUT GRID           99   2678.372      0.0000000E+00
 VCOORD OF OUTPUT GRID          100   2366.252      0.0000000E+00
 VCOORD OF OUTPUT GRID          101   2076.415      0.0000000E+00
 VCOORD OF OUTPUT GRID          102   1809.028      0.0000000E+00
 VCOORD OF OUTPUT GRID          103   1564.119      0.0000000E+00
 VCOORD OF OUTPUT GRID          104   1341.538      0.0000000E+00
 VCOORD OF OUTPUT GRID          105   1140.931      0.0000000E+00
 VCOORD OF OUTPUT GRID          106   961.7340      0.0000000E+00
 VCOORD OF OUTPUT GRID          107   803.1640      0.0000000E+00
 VCOORD OF OUTPUT GRID          108   664.2360      0.0000000E+00
 VCOORD OF OUTPUT GRID          109   543.7820      0.0000000E+00
 VCOORD OF OUTPUT GRID          110   440.4810      0.0000000E+00
 Vnid001162.dogwood.wcoss2.ncep.noaa.gov 0: COORD OF OUTPUT GRID          111   352.8940      0.0000000E+00
 VCOORD OF OUTPUT GRID          112   279.5060      0.0000000E+00
 VCOORD OF OUTPUT GRID          113   218.7670      0.0000000E+00
 VCOORD OF OUTPUT GRID          114   169.1350      0.0000000E+00
 VCOORD OF OUTPUT GRID          115   129.1100      0.0000000E+00
 VCOORD OF OUTPUT GRID          116   97.26900      0.0000000E+00
 VCOORD OF OUTPUT GRID          117   72.29300      0.0000000E+00
 VCOORD OF OUTPUT GRID          118   52.98400      0.0000000E+00
 VCOORD OF OUTPUT GRID          119   38.27600      0.0000000E+00
 VCOORD OF OUTPUT GRID          120   27.24300      0.0000000E+00
 VCOORD OF OUTPUT GRID          121   19.09600      0.0000000E+00
 VCOORD OF OUTPUT GRID          122   13.17700      0.0000000E+00
 VCOORD OF OUTPUT GRID          123   8.947000      0.0000000E+00
 VCOORD OF OUTPUT GRID          124   5.976000      0.0000000E+00
 VCOORD OF OUTPUT GRID          125   3.924000      0.0000000E+00
 VCOORD OF OUTPUT GRID          126   2.532000      0.0000000E+00
 VCOORD OF OUTPUT GRID          127   1.605000      0.0000000E+00
 VCOORD OF OUTPUT GRID          128  0.9990000      0.0000000E+00
nid001162.dogwood.wcoss2.ncep.noaa.gov 0:  
 OUTPUT GRID I/J DIMENSIONS:         1536         768
 
 OPEN OUTPUT GRID TERRAIN FILE: atmens_fcst
nid001162.dogwood.wcoss2.ncep.noaa.gov 0:  
 READ SURFACE HEIGHT
nid001162.dogwood.wcoss2.ncep.noaa.gov 0:  
 INTERPOLATE DATA TO OUTPUT GRID
nid001162.dogwood.wcoss2.ncep.noaa.gov 0:  INTERPOLATE SURFACE HEIGHT
nid001641.dogwood.wcoss2.ncep.noaa.gov 1:  INTERPOLATE ICMR
nid001162.dogwood.wcoss2.ncep.noaa.gov 0:  INTERPOLATE SURFACE PRESSURE
nid001162.dogwood.wcoss2.ncep.noaa.gov 0:  INTERPOLATE TEMPERATURE
nid001641.dogwood.wcoss2.ncep.noaa.gov 1:  INTERPOLATE GRLE
nid001162.dogwood.wcoss2.ncep.noaa.gov 0:  INTERPOLATE CLOUD LIQUID WATER
nid003773.dogwood.wcoss2.ncep.noaa.gov 2:  after newpr1, pres b4 adj:    101036.0       100769.9       100501.4    
   100214.9       99903.30       99580.35       99239.54       98871.59    
   98493.66       98079.51       97653.47       97198.52       96721.46    
   96213.64       95679.13       95120.56       94529.93       93903.63    
   93251.42       92561.04       91842.20       91082.43       90286.11    
   89455.26       88585.56       87674.93       86725.96       85736.91    
   84704.06       83630.66       82517.20       81360.39       80161.71    
   78921.02       77639.66       76318.02       74956.72       73555.60    
   72118.63       70645.06       69136.71       67596.91       66027.31    
   64429.56       62806.84       61162.34       59497.11       57817.11    
   56122.79       54419.55       52709.16       50996.36       49284.14    
   47575.16       45874.09       44183.62       42507.44       40848.16    
   39209.61       37593.79       36004.30       34443.03       32912.80    
   31415.32       29952.74       28526.96       27138.89       25790.29    
   24481.89       23214.59       21988.92       20805.40       19663.82    
   18564.54       17507.18       16491.56       15517.03       14583.05    
   13689.08       12834.04       12017.34       11237.72       10494.35    
   9786.034       9111.724       8470.238       7860.380       7280.964    
   6730.651       6207.616       5709.706       5235.286       4783.228    
   4352.817       3943.708       3555.823       3189.251       2844.272    
   2521.162       2220.208       1941.627       1685.513       1451.812    
   1240.270       1050.421       881.6010       732.9153       603.2929    
   491.4846       396.1110       315.6919       248.6945       193.5720    
   148.8017       112.9219       84.56115       62.46056       45.48819    
   32.64833       23.08372       16.07147       11.01353       7.426023    
   4.924473       3.209975       2.056016       1.293517    
nid003773.dogwood.wcoss2.ncep.noaa.gov 2:  ADJUST SURFACE PRESSURE BASED ON TERRAIN DIFFERENCES
nid003773.dogwood.wcoss2.ncep.noaa.gov 2:  after newps    101156.7       101156.7    
nid003773.dogwood.wcoss2.ncep.noaa.gov 2:  before newpr1    101156.7    
 before newpr1            2           1           2  0.0000000E+00
  0.0000000E+00  0.0000000E+00  2.8999999E-02  0.2320000      0.8100000    
   1.994000       4.190000       8.287000       15.30200       26.27400    
   42.27400       64.39200       93.74000       131.4470       178.6510    
   236.5020       306.1490       388.7340       485.3920       597.2350    
   725.3480       870.7780       1034.524       1217.528       1420.661    
   1644.712       1890.375       2158.238       2448.768       2762.297    
   3099.010       3458.933       3841.918       4247.633       4675.554    
   5124.949       5594.876       6084.176       6591.468       7115.147    
   7653.387       8204.142       8765.155       9333.967       9907.927    
   10484.21       11059.83       11631.66       12196.47       12750.92    
   13291.63       13815.15       14318.04       14796.87       15248.25    
   15668.86       16055.49       16405.02       16714.50       16981.14    
   17202.30       17375.56       17498.70       17569.70       17586.77    
   17548.35       17453.08       17299.85       17088.32       16820.94    
   16501.02       16132.09       15717.86       15262.20       14769.15    
   14242.89       13687.73       13108.09       12508.52       11893.64    
   11268.16       10636.85       10004.55       9376.141       8756.529    
   8150.661       7563.494       7000.000       6463.864       5953.848    
   5468.017       5004.995       4563.881       4144.164       3745.646    
   3368.363       3012.510       2678.372       2366.252       2076.415    
   1809.028       1564.119       1341.538       1140.931       961.7340    
   803.1640       664.2360       543.7820       440.4810       352.8940    
   279.5060       218.7670       169.1350       129.1100       97.26900    
   72.29300       52.98400       38.27600       27.24300       19.09600    
   13.17700       8.947000       5.976000       3.924000       2.532000    
   1.605000      0.9990000       1.000000      0.nid003773.dogwood.wcoss2.ncep.noaa.gov 2: 9975282      0.9949077    
  0.9921299      0.9891851      0.9860625      0.9827508      0.9792364    
  0.9755009      0.9715240      0.9672851      0.9627630      0.9579360    
  0.9527821      0.9472789      0.9414037      0.9351338      0.9284464    
  0.9213187      0.9137284      0.9056532      0.8970718      0.8879632    
  0.8783077      0.8680866      0.8572826      0.8458801      0.8338652    
  0.8212263      0.8079541      0.7940422      0.7794867      0.7642871    
  0.7484465      0.7319713      0.7148720      0.6971631      0.6788633    
  0.6599957      0.6405875      0.6206707      0.6002815      0.5794605    
  0.5582525      0.5367062      0.5148743      0.4928130      0.4705813    
  0.4482413      0.4258572      0.4034951      0.3812224      0.3591072    
  0.3372180      0.3156229      0.2943890      0.2735822      0.2532663    
  0.2335031      0.2143511      0.1958660      0.1780999      0.1611008    
  0.1449129      0.1295762      0.1151262      0.1015940      8.9006290E-02
  7.7385478E-02  6.6743717E-02  5.7063580E-02  4.8316609E-02  4.0470559E-02
  3.3489540E-02  2.7334280E-02  2.1962389E-02  1.7328570E-02  1.3384920E-02
  1.0081200E-02  7.3650400E-03  5.1822802E-03  3.4771301E-03  2.1924800E-03
  1.2700900E-03  6.5077998E-04  2.7469001E-04  8.1409999E-05  1.0180000E-05
  0.0000000E+00  0.0000000E+00  0.0000000E+00  0.0000000E+00  0.0000000E+00
  0.0000000E+00  0.0000000E+00  0.0000000E+00  0.0000000E+00  0.0000000E+00
  0.0000000E+00  0.0000000E+00  0.0000000E+00  0.0000000E+00  0.0000000E+00
  0.0000000E+00  0.0000000E+00  0.0000000E+00  0.0000000E+00  0.0000000E+00
  0.0000000E+00  0.0000000E+00  0.0000000E+00  0.0000000E+00  0.0000000E+00
  0.0000000E+00  0.0000000E+00  0.0000000E+00  0.0000000E+00  0.0000000E+00
  0.0000000E+00  0.0000000E+00  0.0000000E+00  0.0000000E+00  0.0000000E+00
  0.0000000E+00  0.0000000E+00  0.0000000E+00  0.0000000E+00  0.0000000E+00
 RECOMPUTE MID-LAYER PRESSURE.
nid001641.dogwood.wcoss2.ncep.noaa.gov 1:  INTERPOLATE CLD_AMT
nid001162.dogwood.wcoss2.ncep.noaa.gov 0:  INTERPOLATE SPECIFIC HUMIDITY
nid001641.dogwood.wcoss2.ncep.noaa.gov 1:  INTERPOLATE WINDS
nid003773.dogwood.wcoss2.ncep.noaa.gov 2:  after newpr1    101036.0       250.0391    
 after newpr1    100769.9       265.0859    
 after newpr1    100501.4       280.9609    
 after newpr1    100214.9       297.6797    
 after newpr1    99903.30       315.2969    
 after newpr1    99580.35       333.8203    
 after newpr1    99239.54       353.3047    
 after newpr1    98871.59       373.7734    
 after newpr1    98493.66       395.2734    
 after newpr1    98079.51       417.8203    
 after newpr1    97653.47       441.4453    
 after newpr1    97198.52       466.1641    
 after newpr1    96721.46       492.0000    
 after newpr1    96213.64       518.9844    
 after newpr1    95679.13       547.1094    
 after newpr1    95120.56       576.3984    
 after newpr1    94529.93       606.8281    
 after newpr1    93903.63       638.4219    
 after newpr1    93251.42       671.1562    
 after newpr1    92561.04       705.0078    
 after newpr1    91842.20       739.9609    
 after newpr1    91082.43       775.9609    
 after newpr1    90286.11       812.9766    
 after newpr1    89455.26       850.9219    
 after newpr1    88585.56       889.7656    
 after newpr1    87674.93       929.3906    
 after newpr1    86725.96       969.7266    
 after newpr1    85736.91       1010.648    
 after newpr1    84704.06       1052.039    
 after newpr1    83630.66       1093.758    
 after newpr1    82517.20       1135.672    
 after newpr1    81360.39       1177.617    
 after newpr1    80161.71       1219.398    
 after newpr1    78921.02       1260.867    
 after newpr1    77639.66       1301.781    
 after newpr1    76318.02       1341.977    
 after newpr1    74956.72       1381.219    
 after newpr1    73555.60       1419.289    
 after newpr1    72118.63       1455.977    
 after newpr1    70645.06       1491.039    
 after newpr1    69136.71       1524.258    
nid003773.dogwood.wcoss2.ncep.noaa.gov 2:  after newpr1    67596.91       1555.438    
 after newpr1    66027.31       1584.320    
 after newpr1    64429.56       1610.734    
 after newpr1    62806.84       1634.480    
 after newpr1    61162.34       1655.375    
 after newpr1    59497.11       1673.266    
 after newpr1    57817.11       1688.008    
 after newpr1    56122.79       1699.496    
 after newpr1    54419.55       1707.617    
 after newpr1    52709.16       1712.328    
 after newpr1    50996.36       1713.574    
 after newpr1    49284.14       1711.348    
 after newpr1    47575.16       1705.668    
 after newpr1    45874.09       1696.574    
 after newpr1    44183.62       1684.133    
 after newpr1    42507.44       1668.457    
 after newpr1    40848.16       1649.652    
 after newpr1    39209.61       1627.867    
 after newpr1    37593.79       1603.254    
 after newpr1    36004.30       1576.004    
 after newpr1    34443.03       1546.309    
 after newpr1    32912.80       1514.375    
 after newpr1    31415.32       1480.412    
 after newpr1    29952.74       1444.645    
 after newpr1    28526.96       1407.295    
 after newpr1    27138.89       1368.596    
 after newpr1    25790.29       1328.754    
 after newpr1    24481.89       1288.014    
 after newpr1    23214.59       1246.598    
 after newpr1    21988.92       1204.734    
 after newpr1    20805.40       1162.607    
 after newpr1    19663.82       1120.408    
 after newpr1    18564.54       1078.303    
 after newpr1    17507.18       1036.451    
 after newpr1    16491.56       995.0059    
 after newpr1    15517.03       954.0898    
 after newpr1    14583.05       913.8291    
 after newpr1    13689.08       874.3301    
 after newpr1    12834.04       835.6807    
 after newpr1    12017.34       797.9688    
 after newpr1    11237.72       761.2578    
 after newpr1    10494.35       725.6035    
 after newpr1    9786.034       691.0596    
 after newpr1    9111.724       657.6553    
 after newpr1    8470.238       625.4199    
 after newpr1    7860.nid003773.dogwood.wcoss2.ncep.noaa.gov 2: 380       594.3726    
 after newpr1    7280.964       564.5239    
 after newpr1    6730.651       536.1362    
 after newpr1    6207.616       510.0156    
 after newpr1    5709.706       485.8311    
 after newpr1    5235.286       463.0220    
 after newpr1    4783.228       441.1143    
 after newpr1    4352.817       419.7168    
 after newpr1    3943.708       398.5181    
 after newpr1    3555.823       377.2830    
 after newpr1    3189.251       355.8530    
 after newpr1    2844.272       334.1379    
 after newpr1    2521.162       312.1201    
 after newpr1    2220.208       289.8369    
 after newpr1    1941.627       267.3871    
 after newpr1    1685.513       244.9089    
 after newpr1    1451.812       222.5811    
 after newpr1    1240.270       200.6069    
 after newpr1    1050.421       179.1970    
 after newpr1    881.6010       158.5700    
 after newpr1    732.9153       138.9280    
 after newpr1    603.2929       120.4540    
 after newpr1    491.4846       103.3010    
 after newpr1    396.1110       87.58698    
 after newpr1    315.6919       73.38800    
 after newpr1    248.6945       60.73901    
 after newpr1    193.5720       49.63200    
 after newpr1    148.8017       40.02499    
 after newpr1    112.9219       31.84100    
 after newpr1    84.56115       24.97600    
 after newpr1    62.46056       19.30900    
 after newpr1    45.48819       14.70800    
 after newpr1    32.64833       11.03300    
 after newpr1    23.08372       8.146999    
 after newpr1    16.07147       5.919001    
 after newpr1    11.01353       4.230000    
 after newpr1    7.426023       2.971000    
 after newpr1    4.924473       2.052000    
 after newpr1    3.209975       1.392000    
 after newpr1    2.056016      0.9270000    
 after newpr1    1.293517      0.6060000    
nid001162.dogwood.wcoss2.ncep.noaa.gov 0:  INTERPOLATE OZONE
nid001641.dogwood.wcoss2.ncep.noaa.gov 1:  before newpr1, sfcp b4 adj:    101288.7    
 
 COMPUTE MID-LAYER PRESSURE FROM INTERPOLATED SURFACE PRESSURE.
nid003773.dogwood.wcoss2.ncep.noaa.gov 2:  VERTICALLY INTERPOLATE TO NEW PRESSURE LEVELS
nid001162.dogwood.wcoss2.ncep.noaa.gov 0:  INTERPOLATE DZDT
nid001162.dogwood.wcoss2.ncep.noaa.gov 0:  INTERPOLATE RWMR
nid001641.dogwood.wcoss2.ncep.noaa.gov 1:  after newpr1, pres b4 adj:    101164.5       100908.8       100631.1    
   100342.6       100039.4       99706.67       99371.16       99001.34    
   98614.61       98209.91       97780.69       97328.34       96847.64    
   96336.29       95807.45       95244.98       94650.69       94024.74    
   93372.34       92682.00       91959.53       91199.52       90405.80    
   89571.60       88698.88       87788.02       86836.52       85845.19    
   84810.30       83737.16       82621.12       81462.07       80261.47    
   79019.20       77734.90       76411.51       75047.30       73644.38    
   72203.86       70727.88       69218.10       67674.66       66102.41    
   64501.80       62876.48       61228.06       59561.33       57877.50    
   56180.45       54474.29       52761.03       51045.51       49329.77    
   47618.32       45914.28       44221.18       42542.16       40880.30    
   39239.17       37620.87       36029.05       34465.34       32933.09    
   31433.41       29968.97       28541.13       27151.51       25801.18    
   24491.42       23222.73       21995.99       20811.16       19668.76    
   18568.54       17510.45       16494.12       15519.01       14584.62    
   13690.21       12834.93       12017.88       11238.08       10494.59    
   9786.184       9111.791       8470.251       7860.385       7280.962    
   6730.651       6207.616       5709.706       5235.286       4783.228    
   4352.817       3943.708       3555.823       3189.251       2844.272    
   2521.162       2220.208       1941.627       1685.513       1451.812    
   1240.270       1050.421       881.6010       732.9153       603.2929    
   491.4846       396.1110       315.6919       248.6945       193.5720    
   148.8017       112.9219       84.56115       62.46056       45.48819    
   32.64833       23.08372       16.07147       11.01353       7.426023    
   4.924473       3.209975       2.056016       1.293517    
nid001641.dogwood.wcoss2.ncep.noaa.gov 1:  ADJUST SURFACE PRESSURE BASED ON TERRAIN DIFFERENCES
nid001641.dogwood.wcoss2.ncep.noaa.gov 1:  after newps    101288.7       101288.7    
nid001641.dogwood.wcoss2.ncep.noaa.gov 1:  before newpr1    101288.7    
 before newpr1            2           1           2  0.0000000E+00
  0.0000000E+00  0.0000000E+00  2.8999999E-02  0.2320000      0.8100000    
   1.994000       4.190000       8.287000       15.30200       26.27400    
   42.27400       64.39200       93.74000       131.4470       178.6510    
   236.5020       306.1490       388.7340       485.3920       597.2350    
   725.3480       870.7780       1034.524       1217.528       1420.661    
   1644.712       1890.375       2158.238       2448.768       2762.297    
   3099.010       3458.933       3841.918       4247.633       4675.554    
   5124.949       5594.876       6084.176       6591.468       7115.147    
   7653.387       8204.142       8765.155       9333.967       9907.927    
   10484.21       11059.83       11631.66       12196.47       12750.92    
   13291.63       13815.15       14318.04       14796.87       15248.25    
   15668.86       16055.49       16405.02       16714.50       16981.14    
   17202.30       17375.56       17498.70       17569.70       17586.77    
   17548.35       17453.08       17299.85       17088.32       16820.94    
   16501.02       16132.09       15717.86       15262.20       14769.15    
   14242.89       13687.73       13108.09       12508.52       11893.64    
   11268.16       10636.85       10004.55       9376.141       8756.529    
   8150.661       7563.494       7000.000       6463.864       5953.848    
   5468.017       5004.995       4563.881       4144.164       3745.646    
   3368.363       3012.510       2678.372       2366.252       2076.415    
   1809.028       1564.119       1341.538       1140.931       961.7340    
   803.1640       664.2360       543.7820       440.4810       352.8940    
   279.5060       218.7670       169.1350       129.1100       97.26900    
   72.29300       52.98400       38.27600       27.24300       19.09600    
   13.17700       8.947000       5.976000       3.924000       2.532000    
   1.605000      0.9990000       1.000000      0.nid001641.dogwood.wcoss2.ncep.noaa.gov 1: 9975282      0.9949077    
  0.9921299      0.9891851      0.9860625      0.9827508      0.9792364    
  0.9755009      0.9715240      0.9672851      0.9627630      0.9579360    
  0.9527821      0.9472789      0.9414037      0.9351338      0.9284464    
  0.9213187      0.9137284      0.9056532      0.8970718      0.8879632    
  0.8783077      0.8680866      0.8572826      0.8458801      0.8338652    
  0.8212263      0.8079541      0.7940422      0.7794867      0.7642871    
  0.7484465      0.7319713      0.7148720      0.6971631      0.6788633    
  0.6599957      0.6405875      0.6206707      0.6002815      0.5794605    
  0.5582525      0.5367062      0.5148743      0.4928130      0.4705813    
  0.4482413      0.4258572      0.4034951      0.3812224      0.3591072    
  0.3372180      0.3156229      0.2943890      0.2735822      0.2532663    
  0.2335031      0.2143511      0.1958660      0.1780999      0.1611008    
  0.1449129      0.1295762      0.1151262      0.1015940      8.9006290E-02
  7.7385478E-02  6.6743717E-02  5.7063580E-02  4.8316609E-02  4.0470559E-02
  3.3489540E-02  2.7334280E-02  2.1962389E-02  1.7328570E-02  1.3384920E-02
  1.0081200E-02  7.3650400E-03  5.1822802E-03  3.4771301E-03  2.1924800E-03
  1.2700900E-03  6.5077998E-04  2.7469001E-04  8.1409999E-05  1.0180000E-05
  0.0000000E+00  0.0000000E+00  0.0000000E+00  0.0000000E+00  0.0000000E+00
  0.0000000E+00  0.0000000E+00  0.0000000E+00  0.0000000E+00  0.0000000E+00
  0.0000000E+00  0.0000000E+00  0.0000000E+00  0.0000000E+00  0.0000000E+00
  0.0000000E+00  0.0000000E+00  0.0000000E+00  0.0000000E+00  0.0000000E+00
  0.0000000E+00  0.0000000E+00  0.0000000E+00  0.0000000E+00  0.0000000E+00
  0.0000000E+00  0.0000000E+00  0.0000000E+00  0.0000000E+00  0.0000000E+00
  0.0000000E+00  0.0000000E+00  0.0000000E+00  0.0000000E+00  0.0000000E+00
  0.0000000E+00  0.0000000E+00  0.0000000E+00  0.0000000E+00  0.0000000E+00
 RECOMPUTE MID-LAYER PRESSURE.
nid001162.dogwood.wcoss2.ncep.noaa.gov 0:  INTERPOLATE SNMR
nid001162.dogwood.wcoss2.ncep.noaa.gov 0:  INTERPOLATE ICMR
nid001641.dogwood.wcoss2.ncep.noaa.gov 1:  after newpr1    101164.5       250.3672    
 after newpr1    100899.2       265.4297    
 after newpr1    100640.1       281.3203    
 after newpr1    100342.6       298.0781    
 after newpr1    100031.4       315.7031    
 after newpr1    99714.24       334.2578    
 after newpr1    99364.56       353.7656    
 after newpr1    99000.84       374.2734    
 after newpr1    98620.96       395.7969    
 after newpr1    98209.91       418.3828    
 after newpr1    97781.10       442.0391    
 after newpr1    97322.66       466.8047    
 after newpr1    96847.64       492.6797    
 after newpr1    96341.04       519.7109    
 after newpr1    95802.96       547.8828    
 after newpr1    95245.27       577.2188    
 after newpr1    94650.69       607.7109    
 after newpr1    94028.34       639.3672    
 after newpr1    93368.95       672.1562    
 after newpr1    92685.23       706.0781    
 after newpr1    91959.53       741.0938    
 after newpr1    91199.52       777.1641    
 after newpr1    90402.90       814.2500    
 after newpr1    89571.60       852.2734    
 after newpr1    88698.98       891.1875    
 after newpr1    87788.02       930.8984    
 after newpr1    86836.52       971.3125    
 after newpr1    85845.19       1012.312    
 after newpr1    84812.42       1053.789    
 after newpr1    83737.16       1095.594    
 after newpr1    82619.17       1137.594    
 after newpr1    81462.07       1179.625    
 after newpr1    80261.47       1221.492    
 after newpr1    79019.23       1263.031    
 after newpr1    77734.88       1304.047    
 after newpr1    76411.51       1344.312    
 after newpr1    75047.30       1383.633    
 after newpr1    73644.38       1421.781    
 after newpr1    72203.86       1458.531    
 after newpr1    70727.89       1493.672    
 after newpr1    69217.47       1526.953    
 after newpr1    67675.23       1558.180    
 after newpr1    66102.43       1587.121    
 after newpr1    64501.79       1613.578    
 after newpr1    62875.95       1637.363    
 after newpr1    61228nid001641.dogwood.wcoss2.ncep.noaa.gov 1: .59       1658.285    
 after newpr1    59561.33       1676.199    
 after newpr1    57877.45       1690.957    
 after newpr1    56180.45       1702.449    
 after newpr1    54474.29       1710.570    
 after newpr1    52761.03       1715.266    
 after newpr1    51045.05       1716.492    
 after newpr1    49329.77       1714.238    
 after newpr1    47618.54       1708.516    
 after newpr1    45914.21       1699.375    
 after newpr1    44221.18       1686.883    
 after newpr1    42542.23       1671.141    
 after newpr1    40880.45       1652.258    
 after newpr1    39238.97       1630.395    
 after newpr1    37621.07       1605.695    
 after newpr1    36028.86       1578.348    
 after newpr1    34465.45       1548.551    
 after newpr1    32932.90       1516.512    
 after newpr1    31433.45       1482.438    
 after newpr1    29968.93       1446.551    
 after newpr1    28541.22       1409.082    
 after newpr1    27151.46       1370.254    
 after newpr1    25801.27       1330.289    
 after newpr1    24491.33       1289.418    
 after newpr1    23222.83       1247.875    
 after newpr1    21995.90       1205.889    
 after newpr1    20811.25       1163.645    
 after newpr1    19668.68       1121.328    
 after newpr1    18568.56       1079.115    
 after newpr1    17510.45       1037.160    
 after newpr1    16494.11       995.6182    
 after newpr1    15519.02       954.6094    
 after newpr1    14584.62       914.2656    
 after newpr1    13690.21       874.6885    
 after newpr1    12834.93       835.9688    
 after newpr1    12017.88       798.1934    
 after newpr1    11238.08       761.4277    
 after newpr1    10494.59       725.7256    
 after newpr1    9786.184       691.1406    
 after newpr1    9111.791       657.7051    
 after newpr1    8470.251       625.4453    
 after newpr1    7860.385       594.3818    
 after newpr1    7280.962       564.5254    
 after newpr1    6730.651       536.1362    
 after newpr1    6207.616       510.0156    
 after newpr1    5709.706       485.8311    nid001641.dogwood.wcoss2.ncep.noaa.gov 1: 
 after newpr1    5235.286       463.0220    
 after newpr1    4783.228       441.1143    
 after newpr1    4352.817       419.7168    
 after newpr1    3943.708       398.5181    
 after newpr1    3555.823       377.2830    
 after newpr1    3189.251       355.8530    
 after newpr1    2844.272       334.1379    
 after newpr1    2521.162       312.1201    
 after newpr1    2220.208       289.8369    
 after newpr1    1941.627       267.3871    
 after newpr1    1685.513       244.9089    
 after newpr1    1451.812       222.5811    
 after newpr1    1240.270       200.6069    
 after newpr1    1050.421       179.1970    
 after newpr1    881.6010       158.5700    
 after newpr1    732.9153       138.9280    
 after newpr1    603.2929       120.4540    
 after newpr1    491.4846       103.3010    
 after newpr1    396.1110       87.58698    
 after newpr1    315.6919       73.38800    
 after newpr1    248.6945       60.73901    
 after newpr1    193.5720       49.63200    
 after newpr1    148.8017       40.02499    
 after newpr1    112.9219       31.84100    
 after newpr1    84.56115       24.97600    
 after newpr1    62.46056       19.30900    
 after newpr1    45.48819       14.70800    
 after newpr1    32.64833       11.03300    
 after newpr1    23.08372       8.146999    
 after newpr1    16.07147       5.919001    
 after newpr1    11.01353       4.230000    
 after newpr1    7.426023       2.971000    
 after newpr1    4.924473       2.052000    
 after newpr1    3.209975       1.392000    
 after newpr1    2.056016      0.9270000    
 after newpr1    1.293517      0.6060000    
nid001162.dogwood.wcoss2.ncep.noaa.gov 0:  INTERPOLATE GRLE
nid001641.dogwood.wcoss2.ncep.noaa.gov 1:  VERTICALLY INTERPOLATE TO NEW PRESSURE LEVELS
nid001162.dogwood.wcoss2.ncep.noaa.gov 0:  INTERPOLATE CLD_AMT
nid001162.dogwood.wcoss2.ncep.noaa.gov 0:  INTERPOLATE WINDS
nid001162.dogwood.wcoss2.ncep.noaa.gov 0:  before newpr1, sfcp b4 adj:    101313.9    
 
 COMPUTE MID-LAYER PRESSURE FROM INTERPOLATED SURFACE PRESSURE.
nid001162.dogwood.wcoss2.ncep.noaa.gov 0:  after newpr1, pres b4 adj:    101188.4       100931.4       100660.1    
   100370.6       100057.2       99738.10       99386.59       99028.91    
   98646.58       98233.74       97803.28       97349.04       96871.95    
   96364.17       95828.85       95265.09       94677.36       94049.93    
   93396.12       92704.17       91980.74       91222.41       90427.62    
   89592.30       88721.29       87809.29       86856.85       85867.03    
   84833.34       83757.26       82639.62       81481.92       80279.84    
   79037.99       77753.27       76428.77       75065.06       73661.21    
   72220.55       70743.77       69232.72       67689.90       66117.12    
   64515.48       62889.74       61240.96       59573.39       57888.76    
   56191.96       54484.59       52770.75       51054.54       49338.59    
   47626.75       45921.86       44228.33       42548.96       40886.37    
   39244.76       37626.24       36033.64       34469.66       32936.88    
   31436.75       29972.10       28543.91       27153.90       25803.29    
   24493.26       23224.29       21997.28       20812.30       19669.65    
   18569.39       17511.03       16494.61       15519.41       14584.95    
   13690.39       12835.09       12017.96       11238.17       10494.63    
   9786.188       9111.822       8470.260       7860.380       7280.962    
   6730.651       6207.616       5709.706       5235.286       4783.228    
   4352.817       3943.708       3555.823       3189.251       2844.272    
   2521.162       2220.208       1941.627       1685.513       1451.812    
   1240.270       1050.421       881.6010       732.9153       603.2929    
   491.4846       396.1110       315.6919       248.6945       193.5720    
   148.8017       112.9219       84.56115       62.46056       45.48819    
   32.64833       23.08372       16.07147       11.01353       7.426023    
   4.924473       3.209975       2.056016       1.293517    
nid001162.dogwood.wcoss2.ncep.noaa.gov 0:  ADJUST SURFACE PRESSURE BASED ON TERRAIN DIFFERENCES
nid001162.dogwood.wcoss2.ncep.noaa.gov 0:  after newps    101313.9       101314.0    
nid001162.dogwood.wcoss2.ncep.noaa.gov 0:  before newpr1    101314.0    
 before newpr1            2           1           2  0.0000000E+00
  0.0000000E+00  0.0000000E+00  2.8999999E-02  0.2320000      0.8100000    
   1.994000       4.190000       8.287000       15.30200       26.27400    
   42.27400       64.39200       93.74000       131.4470       178.6510    
   236.5020       306.1490       388.7340       485.3920       597.2350    
   725.3480       870.7780       1034.524       1217.528       1420.661    
   1644.712       1890.375       2158.238       2448.768       2762.297    
   3099.010       3458.933       3841.918       4247.633       4675.554    
   5124.949       5594.876       6084.176       6591.468       7115.147    
   7653.387       8204.142       8765.155       9333.967       9907.927    
   10484.21       11059.83       11631.66       12196.47       12750.92    
   13291.63       13815.15       14318.04       14796.87       15248.25    
   15668.86       16055.49       16405.02       16714.50       16981.14    
   17202.30       17375.56       17498.70       17569.70       17586.77    
   17548.35       17453.08       17299.85       17088.32       16820.94    
   16501.02       16132.09       15717.86       15262.20       14769.15    
   14242.89       13687.73       13108.09       12508.52       11893.64    
   11268.16       10636.85       10004.55       9376.141       8756.529    
   8150.661       7563.494       7000.000       6463.864       5953.848    
   5468.017       5004.995       4563.881       4144.164       3745.646    
   3368.363       3012.510       2678.372       2366.252       2076.415    
   1809.028       1564.119       1341.538       1140.931       961.7340    
   803.1640       664.2360       543.7820       440.4810       352.8940    
   279.5060       218.7670       169.1350       129.1100       97.26900    
   72.29300       52.98400       38.27600       27.24300       19.09600    
   13.17700       8.947000       5.976000       3.924000       2.532000    
   1.605000      0.9990000       1.000000      0.nid001162.dogwood.wcoss2.ncep.noaa.gov 0: 9975282      0.9949077    
  0.9921299      0.9891851      0.9860625      0.9827508      0.9792364    
  0.9755009      0.9715240      0.9672851      0.9627630      0.9579360    
  0.9527821      0.9472789      0.9414037      0.9351338      0.9284464    
  0.9213187      0.9137284      0.9056532      0.8970718      0.8879632    
  0.8783077      0.8680866      0.8572826      0.8458801      0.8338652    
  0.8212263      0.8079541      0.7940422      0.7794867      0.7642871    
  0.7484465      0.7319713      0.7148720      0.6971631      0.6788633    
  0.6599957      0.6405875      0.6206707      0.6002815      0.5794605    
  0.5582525      0.5367062      0.5148743      0.4928130      0.4705813    
  0.4482413      0.4258572      0.4034951      0.3812224      0.3591072    
  0.3372180      0.3156229      0.2943890      0.2735822      0.2532663    
  0.2335031      0.2143511      0.1958660      0.1780999      0.1611008    
  0.1449129      0.1295762      0.1151262      0.1015940      8.9006290E-02
  7.7385478E-02  6.6743717E-02  5.7063580E-02  4.8316609E-02  4.0470559E-02
  3.3489540E-02  2.7334280E-02  2.1962389E-02  1.7328570E-02  1.3384920E-02
  1.0081200E-02  7.3650400E-03  5.1822802E-03  3.4771301E-03  2.1924800E-03
  1.2700900E-03  6.5077998E-04  2.7469001E-04  8.1409999E-05  1.0180000E-05
  0.0000000E+00  0.0000000E+00  0.0000000E+00  0.0000000E+00  0.0000000E+00
  0.0000000E+00  0.0000000E+00  0.0000000E+00  0.0000000E+00  0.0000000E+00
  0.0000000E+00  0.0000000E+00  0.0000000E+00  0.0000000E+00  0.0000000E+00
  0.0000000E+00  0.0000000E+00  0.0000000E+00  0.0000000E+00  0.0000000E+00
  0.0000000E+00  0.0000000E+00  0.0000000E+00  0.0000000E+00  0.0000000E+00
  0.0000000E+00  0.0000000E+00  0.0000000E+00  0.0000000E+00  0.0000000E+00
  0.0000000E+00  0.0000000E+00  0.0000000E+00  0.0000000E+00  0.0000000E+00
  0.0000000E+00  0.0000000E+00  0.0000000E+00  0.0000000E+00  0.0000000E+00
 RECOMPUTE MID-LAYER PRESSURE.
nid001162.dogwood.wcoss2.ncep.noaa.gov 0:  after newpr1    101188.4       250.4297    
 after newpr1    100931.4       265.4922    
 after newpr1    100660.1       281.3984    
 after newpr1    100362.1       298.1484    
 after newpr1    100065.3       315.7812    
 after newpr1    99730.53       334.3438    
 after newpr1    99393.72       353.8594    
 after newpr1    99028.91       374.3594    
 after newpr1    98640.25       395.8984    
 after newpr1    98233.74       418.4922    
 after newpr1    97808.94       442.1562    
 after newpr1    97349.04       466.9219    
 after newpr1    96871.95       492.8125    
 after newpr1    96359.42       519.8438    
 after newpr1    95833.03       548.0391    
 after newpr1    95265.34       577.3750    
 after newpr1    94677.36       607.8828    
 after newpr1    94049.70       639.5469    
 after newpr1    93392.52       672.3516    
 after newpr1    92707.76       706.2734    
 after newpr1    91980.55       741.3125    
 after newpr1    91222.58       777.3906    
 after newpr1    90427.62       814.4922    
 after newpr1    89592.30       852.5312    
 after newpr1    88721.17       891.4688    
 after newpr1    87809.29       931.1875    
 after newpr1    86856.95       971.6094    
 after newpr1    85866.96       1012.633    
 after newpr1    84831.20       1054.125    
 after newpr1    83759.34       1095.945    
 after newpr1    82639.58       1137.969    
 after newpr1    81481.00       1180.000    
 after newpr1    80280.71       1221.898    
 after newpr1    79037.99       1263.453    
 after newpr1    77753.27       1304.469    
 after newpr1    76428.77       1344.766    
 after newpr1    75065.06       1384.094    
 after newpr1    73661.21       1422.258    
 after newpr1    72220.54       1459.023    
 after newpr1    70743.80       1494.172    
 after newpr1    69233.34       1527.469    
 after newpr1    67689.88       1558.703    
 after newpr1    66116.59       1587.660    
nid001162.dogwood.wcoss2.ncep.noaa.gov 0:  after newpr1    64515.48       1614.125    
 after newpr1    62889.74       1637.910    
 after newpr1    61240.96       1658.844    
 after newpr1    59573.44       1676.766    
 after newpr1    57889.21       1691.520    
 after newpr1    56191.50       1703.016    
 after newpr1    54484.59       1711.133    
 after newpr1    52771.23       1715.832    
 after newpr1    51054.54       1717.051    
 after newpr1    49338.59       1714.789    
 after newpr1    47626.36       1709.062    
 after newpr1    45922.07       1699.914    
 after newpr1    44228.33       1687.406    
 after newpr1    42548.76       1671.652    
 after newpr1    40886.57       1652.758    
 after newpr1    39244.62       1630.879    
 after newpr1    37626.16       1606.160    
 after newpr1    36033.72       1578.801    
 after newpr1    34469.66       1548.980    
 after newpr1    32936.88       1516.920    
 after newpr1    31436.94       1482.824    
 after newpr1    29972.10       1446.916    
 after newpr1    28543.82       1409.424    
 after newpr1    27153.86       1370.574    
 after newpr1    25803.39       1330.582    
 after newpr1    24493.17       1289.686    
 after newpr1    23224.34       1248.121    
 after newpr1    21997.31       1206.109    
 after newpr1    20812.30       1163.842    
 after newpr1    19669.62       1121.506    
 after newpr1    18569.33       1079.270    
 after newpr1    17511.09       1037.297    
 after newpr1    16494.58       995.7344    
 after newpr1    15519.44       954.7100    
 after newpr1    14584.95       914.3486    
 after newpr1    13690.40       874.7568    
 after newpr1    12835.09       836.0244    
 after newpr1    12017.97       798.2363    
 after newpr1    11238.16       761.4600    
 after newpr1    10494.63       725.7490    
 after newpr1    9786.188       691.1572    
 after newpr1    9111.822       657.7139    
 after newpr1    8470.260       625.4502    
 after newpr1    7860.380       594.3838    
 after newpr1    7280.962       564.5254    
 after newpr1    6730.nid001162.dogwood.wcoss2.ncep.noaa.gov 0: 651       536.1362    
 after newpr1    6207.616       510.0156    
 after newpr1    5709.706       485.8311    
 after newpr1    5235.286       463.0220    
 after newpr1    4783.228       441.1143    
 after newpr1    4352.817       419.7168    
 after newpr1    3943.708       398.5181    
 after newpr1    3555.823       377.2830    
 after newpr1    3189.251       355.8530    
 after newpr1    2844.272       334.1379    
 after newpr1    2521.162       312.1201    
 after newpr1    2220.208       289.8369    
 after newpr1    1941.627       267.3871    
 after newpr1    1685.513       244.9089    
 after newpr1    1451.812       222.5811    
 after newpr1    1240.270       200.6069    
 after newpr1    1050.421       179.1970    
 after newpr1    881.6010       158.5700    
 after newpr1    732.9153       138.9280    
 after newpr1    603.2929       120.4540    
 after newpr1    491.4846       103.3010    
 after newpr1    396.1110       87.58698    
 after newpr1    315.6919       73.38800    
 after newpr1    248.6945       60.73901    
 after newpr1    193.5720       49.63200    
 after newpr1    148.8017       40.02499    
 after newpr1    112.9219       31.84100    
 after newpr1    84.56115       24.97600    
 after newpr1    62.46056       19.30900    
 after newpr1    45.48819       14.70800    
 after newpr1    32.64833       11.03300    
 after newpr1    23.08372       8.146999    
 after newpr1    16.07147       5.919001    
 after newpr1    11.01353       4.230000    
 after newpr1    7.426023       2.971000    
 after newpr1    4.924473       2.052000    
 after newpr1    3.209975       1.392000    
 after newpr1    2.056016      0.9270000    
 after newpr1    1.293517      0.6060000    
nid001162.dogwood.wcoss2.ncep.noaa.gov 0:  VERTICALLY INTERPOLATE TO NEW PRESSURE LEVELS
nid001641.dogwood.wcoss2.ncep.noaa.gov 1:  after vintg tmp b4    299.7816       101164.5    
 after vintg tmp b4    299.5784       100908.8    
 after vintg tmp b4    299.3285       100631.1    
 after vintg tmp b4    299.0940       100342.6    
 after vintg tmp b4    298.8284       100039.4    
 after vintg tmp b4    298.5472       99706.67    
 after vintg tmp b4    298.2659       99371.16    
 after vintg tmp b4    297.9222       99001.34    
 after vintg tmp b4    297.6408       98614.61    
 after vintg tmp b4    297.2815       98209.91    
 after vintg tmp b4    296.9221       97780.69    
 after vintg tmp b4    296.5471       97328.34    
 after vintg tmp b4    296.1564       96847.64    
 after vintg tmp b4    295.7657       96336.29    
 after vintg tmp b4    295.4217       95807.45    
 after vintg tmp b4    295.1247       95244.98    
 after vintg tmp b4    294.8593       94650.69    
 after vintg tmp b4    294.6405       94024.74    
 after vintg tmp b4    294.3593       93372.34    
 after vintg tmp b4    294.0468       92682.00    
 after vintg tmp b4    293.7188       91959.53    
 after vintg tmp b4    293.3595       91199.52    
 after vintg tmp b4    293.0001       90405.80    
 after vintg tmp b4    292.6252       89571.60    
 after vintg tmp b4    292.2189       88698.88    
 after vintg tmp b4    291.7971       87788.02    
 after vintg tmp b4    291.3284       86836.52    
 after vintg tmp b4    290.8284       85845.19    
 after vintg tmp b4    290.3129       84810.30    
 after vintg tmp b4    289.8130       83737.16    
 after vintg tmp b4    289.3287       82621.12    
 after vintg tmp b4    288.8911       81462.07    
 after vintg tmp b4    288.4223       80261.47    
 after vintg tmp b4    287.8596       79019.20    
 after vintg tmp b4    287.1095       77734.90    
 after vintg tmp b4    286.2812       76411.51    
 after vintg tmp b4    285.4219       75047.30    
 after vintg tmp b4    284.6559       73644.38    
 after vintg tmp b4    283.8433       72203.86    
 after vintg tmp b4    282.9839       70727.88    
 after nid001641.dogwood.wcoss2.ncep.noaa.gov 1: vintg tmp b4    282.0934       69218.10    
 after vintg tmp b4    281.1247       67674.66    
 after vintg tmp b4    280.1091       66102.41    
 after vintg tmp b4    279.1090       64501.80    
 after vintg tmp b4    278.1245       62876.48    
 after vintg tmp b4    277.1246       61228.06    
 after vintg tmp b4    276.0623       59561.33    
 after vintg tmp b4    274.9217       57877.50    
 after vintg tmp b4    273.7188       56180.45    
 after vintg tmp b4    272.4845       54474.29    
 after vintg tmp b4    271.1721       52761.03    
 after vintg tmp b4    269.6095       51045.51    
 after vintg tmp b4    267.8439       49329.77    
 after vintg tmp b4    266.0471       47618.32    
 after vintg tmp b4    264.2033       45914.28    
 after vintg tmp b4    262.3440       44221.18    
 after vintg tmp b4    260.5159       42542.16    
 after vintg tmp b4    258.6406       40880.30    
 after vintg tmp b4    256.6560       39239.17    
 after vintg tmp b4    254.4844       37620.87    
 after vintg tmp b4    252.4767       36029.05    
 after vintg tmp b4    250.3906       34465.34    
 after vintg tmp b4    247.8750       32933.09    
 after vintg tmp b4    245.1873       31433.41    
 after vintg tmp b4    242.4374       29968.97    
 after vintg tmp b4    239.6640       28541.13    
 after vintg tmp b4    237.0392       27151.51    
 after vintg tmp b4    234.7032       25801.18    
 after vintg tmp b4    232.1488       24491.42    
 after vintg tmp b4    229.1169       23222.73    
 after vintg tmp b4    226.3899       21995.99    
 after vintg tmp b4    224.2894       20811.16    
 after vintg tmp b4    221.1327       19668.76    
 after vintg tmp b4    217.4297       18568.54    
 after vintg tmp b4    213.9846       17510.45    
 after vintg tmp b4    210.7579       16494.12    
 after vintg tmp b4    207.7811       15519.01    
 after vintg tmp b4    204.5233       14584.62    
 after vintg tmp b4    201.8434       13690.21    
 after vintg tmp b4    198.8830       12834.93    
 after vintg tnid001641.dogwood.wcoss2.ncep.noaa.gov 1: mp b4    196.1718       12017.88    
 after vintg tmp b4    193.9226       11238.08    
 after vintg tmp b4    191.8983       10494.59    
 after vintg tmp b4    191.6659       9786.184    
 after vintg tmp b4    198.2107       9111.791    
 after vintg tmp b4    202.1325       8470.251    
 after vintg tmp b4    204.4367       7860.385    
 after vintg tmp b4    203.4371       7280.962    
 after vintg tmp b4    201.5073       6730.651    
 after vintg tmp b4    200.6399       6207.616    
 after vintg tmp b4    201.1405       5709.706    
 after vintg tmp b4    201.7967       5235.286    
 after vintg tmp b4    206.7585       4783.228    
 after vintg tmp b4    209.0861       4352.817    
 after vintg tmp b4    209.3754       3943.708    
 after vintg tmp b4    211.0317       3555.823    
 after vintg tmp b4    213.3672       3189.251    
 after vintg tmp b4    217.7182       2844.272    
 after vintg tmp b4    218.8045       2521.162    
 after vintg tmp b4    218.3750       2220.208    
 after vintg tmp b4    220.8991       1941.627    
 after vintg tmp b4    224.0622       1685.513    
 after vintg tmp b4    224.1801       1451.812    
 after vintg tmp b4    225.5390       1240.270    
 after vintg tmp b4    226.5470       1050.421    
 after vintg tmp b4    229.5150       881.6010    
 after vintg tmp b4    230.9845       732.9153    
 after vintg tmp b4    232.5941       603.2929    
 after vintg tmp b4    241.0698       491.4846    
 after vintg tmp b4    250.1566       396.1110    
 after vintg tmp b4    254.8125       315.6919    
 after vintg tmp b4    258.5623       248.6945    
 after vintg tmp b4    261.9371       193.5720    
 after vintg tmp b4    262.0158       148.8017    
 after vintg tmp b4    257.8750       112.9219    
 after vintg tmp b4    254.3201       84.56115    
 after vintg tmp b4    253.1256       62.46056    
 after vintg tmp b4    254.1877       45.48819    
 after vintg tmp b4    255.5158       32.64833    
 after vintg tmp b4    255.9669       23.08372    
 after vintg tmp b4  nid001641.dogwood.wcoss2.ncep.noaa.gov 1:   249.0545       16.07147    
 after vintg tmp b4    233.9067       11.01353    
 after vintg tmp b4    218.1875       7.426023    
 after vintg tmp b4    209.1885       4.924473    
 after vintg tmp b4    212.6664       3.209975    
 after vintg tmp b4    211.2662       2.056016    
 after vintg tmp b4    184.0939       1.293517    
 after vintg tmp    299.7816       101164.5    
 after vintg tmp    299.5699       100899.2    
 after vintg tmp    299.3365       100640.1    
 after vintg tmp    299.0940       100342.6    
 after vintg tmp    298.8215       100031.4    
 after vintg tmp    298.5536       99714.24    
 after vintg tmp    298.2597       99364.56    
 after vintg tmp    297.9219       99000.84    
 after vintg tmp    297.6455       98620.96    
 after vintg tmp    297.2815       98209.91    
 after vintg tmp    296.9224       97781.10    
 after vintg tmp    296.5424       97322.66    
 after vintg tmp    296.1564       96847.64    
 after vintg tmp    295.7691       96341.04    
 after vintg tmp    295.4190       95802.96    
 after vintg tmp    295.1248       95245.27    
 after vintg tmp    294.8593       94650.69    
 after vintg tmp    294.6418       94028.34    
 after vintg tmp    294.3578       93368.95    
 after vintg tmp    294.0483       92685.23    
 after vintg tmp    293.7188       91959.53    
 after vintg tmp    293.3595       91199.52    
 after vintg tmp    292.9988       90402.90    
 after vintg tmp    292.6252       89571.60    
 after vintg tmp    292.2190       88698.98    
 after vintg tmp    291.7971       87788.02    
 after vintg tmp    291.3284       86836.52    
 after vintg tmp    290.8284       85845.19    
 after vintg tmp    290.3139       84812.42    
 after vintg tmp    289.8130       83737.16    
 after vintg tmp    289.3279       82619.17    
 after vintg tmp    288.8911       81462.07    
 after vintg tmp    288.4223       80261.47    
 after vintg tmp    287.8596       79019.23    
 after vintg tmp    287.1095       77734.88    
 after vintg tmp    286.2812   nid001641.dogwood.wcoss2.ncep.noaa.gov 1:     76411.51    
 after vintg tmp    285.4219       75047.30    
 after vintg tmp    284.6559       73644.38    
 after vintg tmp    283.8433       72203.86    
 after vintg tmp    282.9839       70727.89    
 after vintg tmp    282.0930       69217.47    
 after vintg tmp    281.1250       67675.23    
 after vintg tmp    280.1091       66102.43    
 after vintg tmp    279.1090       64501.79    
 after vintg tmp    278.1242       62875.95    
 after vintg tmp    277.1249       61228.59    
 after vintg tmp    276.0623       59561.33    
 after vintg tmp    274.9217       57877.45    
 after vintg tmp    273.7188       56180.45    
 after vintg tmp    272.4845       54474.29    
 after vintg tmp    271.1721       52761.03    
 after vintg tmp    269.6091       51045.05    
 after vintg tmp    267.8439       49329.77    
 after vintg tmp    266.0472       47618.54    
 after vintg tmp    264.2032       45914.21    
 after vintg tmp    262.3440       44221.18    
 after vintg tmp    260.5160       42542.23    
 after vintg tmp    258.6408       40880.45    
 after vintg tmp    256.6558       39238.97    
 after vintg tmp    254.4846       37621.07    
 after vintg tmp    252.4765       36028.86    
 after vintg tmp    250.3908       34465.45    
 after vintg tmp    247.8746       32932.90    
 after vintg tmp    245.1874       31433.45    
 after vintg tmp    242.4373       29968.93    
 after vintg tmp    239.6642       28541.22    
 after vintg tmp    237.0391       27151.46    
 after vintg tmp    234.7033       25801.27    
 after vintg tmp    232.1486       24491.33    
 after vintg tmp    229.1171       23222.83    
 after vintg tmp    226.3898       21995.90    
 after vintg tmp    224.2896       20811.25    
 after vintg tmp    221.1324       19668.68    
 after vintg tmp    217.4298       18568.56    
 after vintg tmp    213.9846       17510.45    
 after vintg tmp    210.7579       16494.11    
 after vintg tmp    207.7811       15519.02    
 after vintg tmp    204.5233       14584.62    
 after vintg tnid001641.dogwood.wcoss2.ncep.noaa.gov 1: mp    201.8434       13690.21    
 after vintg tmp    198.8830       12834.93    
 after vintg tmp    196.1718       12017.88    
 after vintg tmp    193.9226       11238.08    
 after vintg tmp    191.8983       10494.59    
 after vintg tmp    191.6659       9786.184    
 after vintg tmp    198.2107       9111.791    
 after vintg tmp    202.1325       8470.251    
 after vintg tmp    204.4367       7860.385    
 after vintg tmp    203.4371       7280.962    
 after vintg tmp    201.5073       6730.651    
 after vintg tmp    200.6399       6207.616    
 after vintg tmp    201.1405       5709.706    
 after vintg tmp    201.7967       5235.286    
 after vintg tmp    206.7585       4783.228    
 after vintg tmp    209.0861       4352.817    
 after vintg tmp    209.3754       3943.708    
 after vintg tmp    211.0317       3555.823    
 after vintg tmp    213.3672       3189.251    
 after vintg tmp    217.7182       2844.272    
 after vintg tmp    218.8045       2521.162    
 after vintg tmp    218.3750       2220.208    
 after vintg tmp    220.8991       1941.627    
 after vintg tmp    224.0622       1685.513    
 after vintg tmp    224.1801       1451.812    
 after vintg tmp    225.5390       1240.270    
 after vintg tmp    226.5470       1050.421    
 after vintg tmp    229.5150       881.6010    
 after vintg tmp    230.9845       732.9153    
 after vintg tmp    232.5941       603.2929    
 after vintg tmp    241.0698       491.4846    
 after vintg tmp    250.1566       396.1110    
 after vintg tmp    254.8125       315.6919    
 after vintg tmp    258.5623       248.6945    
 after vintg tmp    261.9371       193.5720    
 after vintg tmp    262.0158       148.8017    
 after vintg tmp    257.8750       112.9219    
 after vintg tmp    254.3201       84.56115    
 after vintg tmp    253.1256       62.46056    
 after vintg tmp    254.1877       45.48819    
 after vintg tmp    255.5158       32.64833    
 after vintg tmp    255.9669       23.08372    
 after vintg tmp    249.0545       16.07147  nid001641.dogwood.wcoss2.ncep.noaa.gov 1:   
 after vintg tmp    233.9067       11.01353    
 after vintg tmp    218.1875       7.426023    
 after vintg tmp    209.1885       4.924473    
 after vintg tmp    212.6664       3.209975    
 after vintg tmp    211.2662       2.056016    
 after vintg tmp    184.0939       1.293517    
nid001641.dogwood.wcoss2.ncep.noaa.gov 1:  COMPUTE LAYER THICKNESS.
nid001641.dogwood.wcoss2.ncep.noaa.gov 1:  after compute_delz   -21.94236    
 after compute_delz   -23.31105    
 after compute_delz   -24.74435    
 after compute_delz   -26.27590    
 after compute_delz   -27.88657    
 after compute_delz   -29.59583    
 after compute_delz   -31.40007    
 after compute_delz   -33.30527    
 after compute_delz   -35.33044    
 after compute_delz   -37.44980    
 after compute_delz   -39.68982    
 after compute_delz   -42.05460    
 after compute_delz   -44.55374    
 after compute_delz   -47.16995    
 after compute_delz   -49.94815    
 after compute_delz   -52.86322    
 after compute_delz   -55.93494    
 after compute_delz   -59.18835    
 after compute_delz   -62.59784    
 after compute_delz   -66.16125    
 after compute_delz   -69.91016    
 after compute_delz   -73.81512    
 after compute_delz   -77.91418    
 after compute_delz   -82.20288    
 after compute_delz   -86.65747    
 after compute_delz   -91.31396    
 after compute_delz   -96.15247    
 after compute_delz   -101.1749    
 after compute_delz   -106.3999    
 after compute_delz   -111.8253    
 after compute_delz   -117.4387    
 after compute_delz   -123.2903    
 after compute_delz   -129.2941    
 after compute_delz   -135.4666    
 after compute_delz   -141.7397    
 after compute_delz   -148.1892    
 after compute_delz   -154.8110    
 after compute_delz   -161.6511    
 after compute_delz   -168.6396    
 after compute_delz   -175.7554    
 after compute_delz   -182.9988    
 after compute_delz   -190.3079    
 after compute_delz   -197.7087    
 after compute_delz   -205.2175    
 after compute_delz   -212.8235    
 after compute_delz   -220.4971    
 after compute_delz   -228.1758    
 after compute_delz   -235.8384    
 after compute_delz   -243.4990    
 after compute_delz   -251.1362    
 after compute_delz   -258.6860    
 after compute_delz   -265.9590    
 after compute_delz   -272.9868    
 after compute_delz   -279.9126    
 after compute_delz   -286.6968    
 after compute_delz   -293.3438    
 after compute_delz   -299.9155nid001641.dogwood.wcoss2.ncep.noaa.gov 1:     
 after compute_delz   -306.2773    
 after compute_delz   -312.3760    
 after compute_delz   -318.1006    
 after compute_delz   -323.9072    
 after compute_delz   -329.4492    
 after compute_delz   -334.2422    
 after compute_delz   -338.5889    
 after compute_delz   -342.6357    
 after compute_delz   -346.4434    
 after compute_delz   -350.2500    
 after compute_delz   -354.2920    
 after compute_delz   -357.8359    
 after compute_delz   -360.4580    
 after compute_delz   -363.3682    
 after compute_delz   -367.1602    
 after compute_delz   -369.0801    
 after compute_delz   -369.9346    
 after compute_delz   -371.0674    
 after compute_delz   -372.4561    
 after compute_delz   -374.1904    
 after compute_delz   -375.3633    
 after compute_delz   -377.5664    
 after compute_delz   -379.2510    
 after compute_delz   -381.4678    
 after compute_delz   -384.6895    
 after compute_delz   -388.5322    
 after compute_delz   -396.3281    
 after compute_delz   -418.9023    
 after compute_delz   -437.0137    
 after compute_delz   -452.6387    
 after compute_delz   -461.8516    
 after compute_delz   -469.9980    
 after compute_delz   -482.6875    
 after compute_delz   -501.1641    
 after compute_delz   -522.6328    
 after compute_delz   -558.3730    
 after compute_delz   -590.4277    
 after compute_delz   -619.6445    
 after compute_delz   -655.8105    
 after compute_delz   -697.3281    
 after compute_delz   -749.2168    
 after compute_delz   -793.5449    
 after compute_delz   -835.2129    
 after compute_delz   -891.3496    
 after compute_delz   -954.0469    
 after compute_delz   -1007.303    
 after compute_delz   -1069.299    
 after compute_delz   -1133.029    
 after compute_delz   -1210.463    
 after compute_delz   -1284.084    
 after compute_delz   -1362.262    
 after compute_delz   -1486.637    
 after compute_delz   -1623.359    
 after compute_delz   -1738.930    
 after compute_delz   -1854.379    
 after compute_delz   -1972.836    
 after compute_delz   -207nid001641.dogwood.wcoss2.ncep.noaa.gov 1: 1.004    
 after compute_delz   -2137.551    
 after compute_delz   -2209.090    
 after compute_delz   -2302.328    
 after compute_delz   -2419.348    
 after compute_delz   -2543.129    
 after compute_delz   -2662.188    
 after compute_delz   -2704.664    
 after compute_delz   -2650.727    
 after compute_delz   -2577.410    
 after compute_delz   -2575.641    
 after compute_delz   -2727.164    
 after compute_delz   -2819.188    
 after compute_delz   -2554.875    
nid001641.dogwood.wcoss2.ncep.noaa.gov 1:  
 SET HEADER INFO FOR OUTPUT FILE.
nid001641.dogwood.wcoss2.ncep.noaa.gov 1:  
 OPEN OUTPUT FILE: fcst.ensres.06
nid001641.dogwood.wcoss2.ncep.noaa.gov 1:  WRITE SURFACE HEIGHT
nid001641.dogwood.wcoss2.ncep.noaa.gov 1:  WRITE SURFACE PRESSURE
nid001641.dogwood.wcoss2.ncep.noaa.gov 1:  WRITE TEMPERATURE
nid001641.dogwood.wcoss2.ncep.noaa.gov 1:  WRITE CLOUD LIQUID WATER
nid001641.dogwood.wcoss2.ncep.noaa.gov 1:  WRITE SPECIFIC HUMIDITY
nid001641.dogwood.wcoss2.ncep.noaa.gov 1:  WRITE OZONE
nid001641.dogwood.wcoss2.ncep.noaa.gov 1:  WRITE U-WINDS
nid001641.dogwood.wcoss2.ncep.noaa.gov 1:  WRITE V-WINDS
nid001641.dogwood.wcoss2.ncep.noaa.gov 1:  WRITE DZDT
nid001641.dogwood.wcoss2.ncep.noaa.gov 1:  WRITE DPRES
nid001641.dogwood.wcoss2.ncep.noaa.gov 1:  WRITE DELZ
nid001641.dogwood.wcoss2.ncep.noaa.gov 1:  WRITE RAIN WATER
nid001641.dogwood.wcoss2.ncep.noaa.gov 1:  WRITE SNOW WATER
nid001641.dogwood.wcoss2.ncep.noaa.gov 1:  WRITE ICE WATER
nid001641.dogwood.wcoss2.ncep.noaa.gov 1:  WRITE GRAUPEL
nid001641.dogwood.wcoss2.ncep.noaa.gov 1:  
 PROGRAM FINISHED NORMALLY!
nid001641.dogwood.wcoss2.ncep.noaa.gov 1: 

nid001641.dogwood.wcoss2.ncep.noaa.gov 1:      ENDING DATE-TIME    JUN 16,2025  20:17:33.779  167  MON   2460843
     PROGRAM ENKF_CHGRES_RECENTER_NCIO HAS ENDED.
* . * . * . * . * . * . * . * . * . * . * . * . * . * . * . * . * . * . * . * . 
nid001641.dogwood.wcoss2.ncep.noaa.gov 1: *****************RESOURCE STATISTICS*******************************
The total amount of wall time                        = 369.609018
The total amount of time in user mode                = 321.200160
The total amount of time in sys mode                 = 62.235906
The maximum resident set size (KB)                   = 68737448
Number of page faults without I/O activity           = 24594843
Number of page faults with I/O activity              = 2830
Number of times filesystem performed INPUT           = 13082898
Number of times filesystem performed OUTPUT          = 14893536
Number of Voluntary Context Switches                 = 3371
Number of InVoluntary Context Switches               = 6551018
*****************END OF RESOURCE STATISTICS*************************

nid001162.dogwood.wcoss2.ncep.noaa.gov 0:  after vintg tmp b4    299.9377       101188.4    
 after vintg tmp b4    299.7188       100931.4    
 after vintg tmp b4    299.4844       100660.1    
 after vintg tmp b4    299.2188       100370.6    
 after vintg tmp b4    298.9688       100057.2    
 after vintg tmp b4    298.6876       99738.10    
 after vintg tmp b4    298.4063       99386.59    
 after vintg tmp b4    298.0938       99028.91    
 after vintg tmp b4    297.7657       98646.58    
 after vintg tmp b4    297.4376       98233.74    
 after vintg tmp b4    297.0782       97803.28    
 after vintg tmp b4    296.7032       97349.04    
 after vintg tmp b4    296.3283       96871.95    
 after vintg tmp b4    295.9691       96364.17    
 after vintg tmp b4    295.7817       95828.85    
 after vintg tmp b4    295.5942       95265.09    
 after vintg tmp b4    295.3754       94677.36    
 after vintg tmp b4    295.1253       94049.93    
 after vintg tmp b4    294.8439       93396.12    
 after vintg tmp b4    294.5313       92704.17    
 after vintg tmp b4    294.1874       91980.74    
 after vintg tmp b4    293.7968       91222.41    
 after vintg tmp b4    293.3593       90427.62    
 after vintg tmp b4    292.9373       89592.30    
 after vintg tmp b4    292.5155       88721.29    
 after vintg tmp b4    292.0780       87809.29    
 after vintg tmp b4    291.6405       86856.85    
 after vintg tmp b4    291.1718       85867.03    
 after vintg tmp b4    290.7186       84833.34    
 after vintg tmp b4    290.2810       83757.26    
 after vintg tmp b4    289.8122       82639.62    
 after vintg tmp b4    289.3435       81481.92    
 after vintg tmp b4    288.8281       80279.84    
 after vintg tmp b4    288.1406       79037.99    
 after vintg tmp b4    287.4687       77753.27    
 after vintg tmp b4    286.7656       76428.77    
 after vintg tmp b4    285.9531       75065.06    
 after vintg tmp b4    285.0312       73661.21    
 after vintg tmp b4    284.0313       72220.55    
 after vintg tmp b4    283.0001       70743.77    
 after nid001162.dogwood.wcoss2.ncep.noaa.gov 0: vintg tmp b4    282.0626       69232.72    
 after vintg tmp b4    281.1252       67689.90    
 after vintg tmp b4    280.1406       66117.12    
 after vintg tmp b4    279.1251       64515.48    
 after vintg tmp b4    278.1720       62889.74    
 after vintg tmp b4    277.2346       61240.96    
 after vintg tmp b4    276.2189       59573.39    
 after vintg tmp b4    275.1877       57888.76    
 after vintg tmp b4    274.0468       56191.96    
 after vintg tmp b4    272.7656       54484.59    
 after vintg tmp b4    271.3595       52770.75    
 after vintg tmp b4    269.8908       51054.54    
 after vintg tmp b4    268.2503       49338.59    
 after vintg tmp b4    266.5312       47626.75    
 after vintg tmp b4    264.7185       45921.86    
 after vintg tmp b4    262.8904       44228.33    
 after vintg tmp b4    261.0935       42548.96    
 after vintg tmp b4    259.1874       40886.37    
 after vintg tmp b4    257.0000       39244.76    
 after vintg tmp b4    254.6877       37626.24    
 after vintg tmp b4    252.6095       36033.64    
 after vintg tmp b4    250.2970       34469.66    
 after vintg tmp b4    247.9609       32936.88    
 after vintg tmp b4    245.1641       31436.75    
 after vintg tmp b4    242.4065       29972.10    
 after vintg tmp b4    239.5859       28543.91    
 after vintg tmp b4    236.9842       27153.90    
 after vintg tmp b4    234.4844       25803.29    
 after vintg tmp b4    232.2498       24493.26    
 after vintg tmp b4    229.5548       23224.29    
 after vintg tmp b4    226.4836       21997.28    
 after vintg tmp b4    224.0160       20812.30    
 after vintg tmp b4    221.1798       19669.65    
 after vintg tmp b4    217.7578       18569.39    
 after vintg tmp b4    214.0390       17511.03    
 after vintg tmp b4    210.7270       16494.61    
 after vintg tmp b4    208.0002       15519.41    
 after vintg tmp b4    204.9456       14584.95    
 after vintg tmp b4    202.1796       13690.39    
 after vintg tmp b4    199.1559       12835.09    
 after vintg tnid001162.dogwood.wcoss2.ncep.noaa.gov 0: mp b4    196.1953       12017.96    
 after vintg tmp b4    194.5852       11238.17    
 after vintg tmp b4    191.6796       10494.63    
 after vintg tmp b4    190.8825       9786.188    
 after vintg tmp b4    194.9067       9111.822    
 after vintg tmp b4    199.8521       8470.260    
 after vintg tmp b4    205.0787       7860.380    
 after vintg tmp b4    204.0549       7280.962    
 after vintg tmp b4    201.5000       6730.651    
 after vintg tmp b4    201.0857       6207.616    
 after vintg tmp b4    201.9055       5709.706    
 after vintg tmp b4    205.7815       5235.286    
 after vintg tmp b4    210.2969       4783.228    
 after vintg tmp b4    210.7731       4352.817    
 after vintg tmp b4    209.2264       3943.708    
 after vintg tmp b4    209.4536       3555.823    
 after vintg tmp b4    211.7658       3189.251    
 after vintg tmp b4    216.1321       2844.272    
 after vintg tmp b4    217.1402       2521.162    
 after vintg tmp b4    217.8674       2220.208    
 after vintg tmp b4    220.1099       1941.627    
 after vintg tmp b4    222.8602       1685.513    
 after vintg tmp b4    223.0773       1451.812    
 after vintg tmp b4    223.6876       1240.270    
 after vintg tmp b4    227.9456       1050.421    
 after vintg tmp b4    228.6638       881.6010    
 after vintg tmp b4    231.3435       732.9153    
 after vintg tmp b4    235.3748       603.2929    
 after vintg tmp b4    239.8282       491.4846    
 after vintg tmp b4    247.8835       396.1110    
 after vintg tmp b4    257.3278       315.6919    
 after vintg tmp b4    260.6571       248.6945    
 after vintg tmp b4    262.3746       193.5720    
 after vintg tmp b4    264.8277       148.8017    
 after vintg tmp b4    262.7814       112.9219    
 after vintg tmp b4    256.2498       84.56115    
 after vintg tmp b4    252.2734       62.46056    
 after vintg tmp b4    251.2269       45.48819    
 after vintg tmp b4    250.1801       32.64833    
 after vintg tmp b4    251.9217       23.08372    
 after vintg tmp b4  nid001162.dogwood.wcoss2.ncep.noaa.gov 0:   248.6560       16.07147    
 after vintg tmp b4    237.1954       11.01353    
 after vintg tmp b4    224.8444       7.426023    
 after vintg tmp b4    214.3515       4.924473    
 after vintg tmp b4    202.4991       3.209975    
 after vintg tmp b4    200.5618       2.056016    
 after vintg tmp b4    184.4610       1.293517    
 after vintg tmp    299.9377       101188.4    
 after vintg tmp    299.7188       100931.4    
 after vintg tmp    299.4844       100660.1    
 after vintg tmp    299.2118       100362.1    
 after vintg tmp    298.9753       100065.3    
 after vintg tmp    298.6814       99730.53    
 after vintg tmp    298.4122       99393.72    
 after vintg tmp    298.0938       99028.91    
 after vintg tmp    297.7605       98640.25    
 after vintg tmp    297.4376       98233.74    
 after vintg tmp    297.0830       97808.94    
 after vintg tmp    296.7032       97349.04    
 after vintg tmp    296.3283       96871.95    
 after vintg tmp    295.9669       96359.42    
 after vintg tmp    295.7829       95833.03    
 after vintg tmp    295.5943       95265.34    
 after vintg tmp    295.3754       94677.36    
 after vintg tmp    295.1253       94049.70    
 after vintg tmp    294.8423       93392.52    
 after vintg tmp    294.5330       92707.76    
 after vintg tmp    294.1873       91980.55    
 after vintg tmp    293.7968       91222.58    
 after vintg tmp    293.3593       90427.62    
 after vintg tmp    292.9373       89592.30    
 after vintg tmp    292.5154       88721.17    
 after vintg tmp    292.0780       87809.29    
 after vintg tmp    291.6405       86856.95    
 after vintg tmp    291.1717       85866.96    
 after vintg tmp    290.7177       84831.20    
 after vintg tmp    290.2818       83759.34    
 after vintg tmp    289.8122       82639.58    
 after vintg tmp    289.3432       81481.00    
 after vintg tmp    288.8285       80280.71    
 after vintg tmp    288.1406       79037.99    
 after vintg tmp    287.4687       77753.27    
 after vintg tmp    286.7656   nid001162.dogwood.wcoss2.ncep.noaa.gov 0:     76428.77    
 after vintg tmp    285.9531       75065.06    
 after vintg tmp    285.0312       73661.21    
 after vintg tmp    284.0313       72220.54    
 after vintg tmp    283.0001       70743.80    
 after vintg tmp    282.0630       69233.34    
 after vintg tmp    281.1252       67689.88    
 after vintg tmp    280.1403       66116.59    
 after vintg tmp    279.1251       64515.48    
 after vintg tmp    278.1720       62889.74    
 after vintg tmp    277.2346       61240.96    
 after vintg tmp    276.2189       59573.44    
 after vintg tmp    275.1880       57889.21    
 after vintg tmp    274.0465       56191.50    
 after vintg tmp    272.7656       54484.59    
 after vintg tmp    271.3598       52771.23    
 after vintg tmp    269.8908       51054.54    
 after vintg tmp    268.2503       49338.59    
 after vintg tmp    266.5308       47626.36    
 after vintg tmp    264.7188       45922.07    
 after vintg tmp    262.8904       44228.33    
 after vintg tmp    261.0933       42548.76    
 after vintg tmp    259.1877       40886.57    
 after vintg tmp    256.9998       39244.62    
 after vintg tmp    254.6876       37626.16    
 after vintg tmp    252.6096       36033.72    
 after vintg tmp    250.2970       34469.66    
 after vintg tmp    247.9609       32936.88    
 after vintg tmp    245.1645       31436.94    
 after vintg tmp    242.4065       29972.10    
 after vintg tmp    239.5857       28543.82    
 after vintg tmp    236.9841       27153.86    
 after vintg tmp    234.4846       25803.39    
 after vintg tmp    232.2496       24493.17    
 after vintg tmp    229.5549       23224.34    
 after vintg tmp    226.4837       21997.31    
 after vintg tmp    224.0160       20812.30    
 after vintg tmp    221.1797       19669.62    
 after vintg tmp    217.7576       18569.33    
 after vintg tmp    214.0392       17511.09    
 after vintg tmp    210.7269       16494.58    
 after vintg tmp    208.0003       15519.44    
 after vintg tmp    204.9456       14584.95    
 after vintg tnid001162.dogwood.wcoss2.ncep.noaa.gov 0: mp    202.1797       13690.40    
 after vintg tmp    199.1559       12835.09    
 after vintg tmp    196.1953       12017.97    
 after vintg tmp    194.5851       11238.16    
 after vintg tmp    191.6796       10494.63    
 after vintg tmp    190.8825       9786.188    
 after vintg tmp    194.9067       9111.822    
 after vintg tmp    199.8521       8470.260    
 after vintg tmp    205.0787       7860.380    
 after vintg tmp    204.0549       7280.962    
 after vintg tmp    201.5000       6730.651    
 after vintg tmp    201.0857       6207.616    
 after vintg tmp    201.9055       5709.706    
 after vintg tmp    205.7815       5235.286    
 after vintg tmp    210.2969       4783.228    
 after vintg tmp    210.7731       4352.817    
 after vintg tmp    209.2264       3943.708    
 after vintg tmp    209.4536       3555.823    
 after vintg tmp    211.7658       3189.251    
 after vintg tmp    216.1321       2844.272    
 after vintg tmp    217.1402       2521.162    
 after vintg tmp    217.8674       2220.208    
 after vintg tmp    220.1099       1941.627    
 after vintg tmp    222.8602       1685.513    
 after vintg tmp    223.0773       1451.812    
 after vintg tmp    223.6876       1240.270    
 after vintg tmp    227.9456       1050.421    
 after vintg tmp    228.6638       881.6010    
 after vintg tmp    231.3435       732.9153    
 after vintg tmp    235.3748       603.2929    
 after vintg tmp    239.8282       491.4846    
 after vintg tmp    247.8835       396.1110    
 after vintg tmp    257.3278       315.6919    
 after vintg tmp    260.6571       248.6945    
 after vintg tmp    262.3746       193.5720    
 after vintg tmp    264.8277       148.8017    
 after vintg tmp    262.7814       112.9219    
 after vintg tmp    256.2498       84.56115    
 after vintg tmp    252.2734       62.46056    
 after vintg tmp    251.2269       45.48819    
 after vintg tmp    250.1801       32.64833    
 after vintg tmp    251.9217       23.08372    
 after vintg tmp    248.6560       16.07147  nid001162.dogwood.wcoss2.ncep.noaa.gov 0:   
 after vintg tmp    237.1954       11.01353    
 after vintg tmp    224.8444       7.426023    
 after vintg tmp    214.3515       4.924473    
 after vintg tmp    202.4991       3.209975    
 after vintg tmp    200.5618       2.056016    
 after vintg tmp    184.4610       1.293517    
nid001162.dogwood.wcoss2.ncep.noaa.gov 0:  COMPUTE LAYER THICKNESS.
nid001162.dogwood.wcoss2.ncep.noaa.gov 0:  after compute_delz   -21.95902    
 after compute_delz   -23.31943    
 after compute_delz   -24.76190    
 after compute_delz   -26.29171    
 after compute_delz   -27.90670    
 after compute_delz   -29.62305    
 after compute_delz   -31.42271    
 after compute_delz   -33.33128    
 after compute_delz   -35.34300    
 after compute_delz   -37.47722    
 after compute_delz   -39.72781    
 after compute_delz   -42.08615    
 after compute_delz   -44.57944    
 after compute_delz   -47.21442    
 after compute_delz   -50.00375    
 after compute_delz   -52.93860    
 after compute_delz   -56.02576    
 after compute_delz   -59.28735    
 after compute_delz   -62.69470    
 after compute_delz   -66.26349    
 after compute_delz   -70.01410    
 after compute_delz   -73.92590    
 after compute_delz   -78.01196    
 after compute_delz   -82.28625    
 after compute_delz   -86.75098    
 after compute_delz   -91.40759    
 after compute_delz   -96.25134    
 after compute_delz   -101.2960    
 after compute_delz   -106.5474    
 after compute_delz   -112.0051    
 after compute_delz   -117.6460    
 after compute_delz   -123.4867    
 after compute_delz   -129.5094    
 after compute_delz   -135.6448    
 after compute_delz   -141.9878    
 after compute_delz   -148.4941    
 after compute_delz   -155.1255    
 after compute_delz   -161.8911    
 after compute_delz   -168.7593    
 after compute_delz   -175.7693    
 after compute_delz   -182.9851    
 after compute_delz   -190.3367    
 after compute_delz   -197.7576    
 after compute_delz   -205.2573    
 after compute_delz   -212.8901    
nid001162.dogwood.wcoss2.ncep.noaa.gov 0:  after compute_delz   -220.6045    
 after compute_delz   -228.3018    
 after compute_delz   -236.0244    
 after compute_delz   -243.7280    
 after compute_delz   -251.3164    
 after compute_delz   -258.8071    
 after compute_delz   -266.2236    
 after compute_delz   -273.4277    
 after compute_delz   -280.4619    
 after compute_delz   -287.2964    
 after compute_delz   -293.9800    
 after compute_delz   -300.5850    
 after compute_delz   -306.9019    
 after compute_delz   -312.8066    
 after compute_delz   -318.3843    
 after compute_delz   -324.0811    
 after compute_delz   -329.3154    
 after compute_delz   -334.3564    
 after compute_delz   -338.5996    
 after compute_delz   -342.6465    
 after compute_delz   -346.3721    
 after compute_delz   -350.2168    
 after compute_delz   -354.0049    
 after compute_delz   -358.0146    
 after compute_delz   -361.1787    
 after compute_delz   -363.5508    
 after compute_delz   -366.7471    
 after compute_delz   -369.2090    
 after compute_delz   -370.5293    
 after compute_delz   -371.1982    
 after compute_delz   -372.4307    
 after compute_delz   -374.6143    
 after compute_delz   -376.1670    
 after compute_delz   -378.2188    
 after compute_delz   -379.7939    
 after compute_delz   -381.5303    
 after compute_delz   -386.0195    
 after compute_delz   -388.0996    
 after compute_delz   -394.7129    
 after compute_delz   -411.9238    
 after compute_delz   -432.0898    
 after compute_delz   -454.0605    
 after compute_delz   -463.2539    
 after compute_delz   -469.9805    
 after compute_delz   -483.7598    
 after compute_delz   -503.0703    
 after compute_delz   -532.9531    
 after compute_delz   -567.9297    
 after compute_delz   -595.1914    
 after compute_delz   -619.2031    
 after compute_delz   -650.9062    
 after compute_delz   -692.0938    
 after compute_delz   -743.7578    
 after compute_delz   -787.5078    
 after compute_delz   -833.2715    
 after compute_delz   -888.1641    
 after compute_delz   -948.9297nid001162.dogwood.wcoss2.ncep.noaa.gov 0:     
 after compute_delz   -1002.348    
 after compute_delz   -1060.521    
 after compute_delz   -1140.025    
 after compute_delz   -1205.975    
 after compute_delz   -1286.082    
 after compute_delz   -1378.547    
 after compute_delz   -1478.980    
 after compute_delz   -1608.609    
 after compute_delz   -1756.094    
 after compute_delz   -1869.402    
 after compute_delz   -1976.133    
 after compute_delz   -2093.230    
 after compute_delz   -2178.219    
 after compute_delz   -2225.852    
 after compute_delz   -2294.578    
 after compute_delz   -2391.168    
 after compute_delz   -2490.023    
 after compute_delz   -2620.117    
 after compute_delz   -2700.336    
 after compute_delz   -2687.996    
 after compute_delz   -2656.043    
 after compute_delz   -2639.211    
 after compute_delz   -2596.789    
 after compute_delz   -2676.344    
 after compute_delz   -2559.969    
nid001162.dogwood.wcoss2.ncep.noaa.gov 0:  
 SET HEADER INFO FOR OUTPUT FILE.
nid001162.dogwood.wcoss2.ncep.noaa.gov 0:  
 OPEN OUTPUT FILE: fcst.ensres.03
nid001162.dogwood.wcoss2.ncep.noaa.gov 0:  WRITE SURFACE HEIGHT
nid001162.dogwood.wcoss2.ncep.noaa.gov 0:  WRITE SURFACE PRESSURE
nid001162.dogwood.wcoss2.ncep.noaa.gov 0:  WRITE TEMPERATURE
nid001162.dogwood.wcoss2.ncep.noaa.gov 0:  WRITE CLOUD LIQUID WATER
nid001162.dogwood.wcoss2.ncep.noaa.gov 0:  WRITE SPECIFIC HUMIDITY
nid001162.dogwood.wcoss2.ncep.noaa.gov 0:  WRITE OZONE
nid001162.dogwood.wcoss2.ncep.noaa.gov 0:  WRITE U-WINDS
nid001162.dogwood.wcoss2.ncep.noaa.gov 0:  WRITE V-WINDS
nid001162.dogwood.wcoss2.ncep.noaa.gov 0:  WRITE DZDT
nid001162.dogwood.wcoss2.ncep.noaa.gov 0:  WRITE DPRES
nid001162.dogwood.wcoss2.ncep.noaa.gov 0:  WRITE DELZ
nid001162.dogwood.wcoss2.ncep.noaa.gov 0:  WRITE RAIN WATER
nid001162.dogwood.wcoss2.ncep.noaa.gov 0:  WRITE SNOW WATER
nid001162.dogwood.wcoss2.ncep.noaa.gov 0:  WRITE ICE WATER
nid001162.dogwood.wcoss2.ncep.noaa.gov 0:  WRITE GRAUPEL
nid001162.dogwood.wcoss2.ncep.noaa.gov 0:  
 PROGRAM FINISHED NORMALLY!
nid001162.dogwood.wcoss2.ncep.noaa.gov 0: 

nid001162.dogwood.wcoss2.ncep.noaa.gov 0:      ENDING DATE-TIME    JUN 16,2025  20:17:58.833  167  MON   2460843
     PROGRAM ENKF_CHGRES_RECENTER_NCIO HAS ENDED.
* . * . * . * . * . * . * . * . * . * . * . * . * . * . * . * . * . * . * . * . 
nid001162.dogwood.wcoss2.ncep.noaa.gov 0: *****************RESOURCE STATISTICS*******************************
The total amount of wall time                        = 394.713030
The total amount of time in user mode                = 326.245286
The total amount of time in sys mode                 = 73.374891
The maximum resident set size (KB)                   = 68738196
Number of page faults without I/O activity           = 31915642
Number of page faults with I/O activity              = 13994
Number of times filesystem performed INPUT           = 13613882
Number of times filesystem performed OUTPUT          = 14893536
Number of Voluntary Context Switches                 = 14597
Number of InVoluntary Context Switches               = 6139539
*****************END OF RESOURCE STATISTICS*************************

nid003773.dogwood.wcoss2.ncep.noaa.gov 2:  after vintg tmp b4    299.6250       101036.0    
 after vintg tmp b4    299.3906       100769.9    
 after vintg tmp b4    299.1562       100501.4    
 after vintg tmp b4    298.9062       100214.9    
 after vintg tmp b4    298.6406       99903.30    
 after vintg tmp b4    298.3749       99580.35    
 after vintg tmp b4    298.0781       99239.54    
 after vintg tmp b4    297.7655       98871.59    
 after vintg tmp b4    297.4374       98493.66    
 after vintg tmp b4    297.0937       98079.51    
 after vintg tmp b4    296.7187       97653.47    
 after vintg tmp b4    296.3437       97198.52    
 after vintg tmp b4    295.9219       96721.46    
 after vintg tmp b4    295.5000       96213.64    
 after vintg tmp b4    295.0625       95679.13    
 after vintg tmp b4    294.6254       95120.56    
 after vintg tmp b4    294.3911       94529.93    
 after vintg tmp b4    294.1878       93903.63    
 after vintg tmp b4    293.9535       93251.42    
 after vintg tmp b4    293.7345       92561.04    
 after vintg tmp b4    293.4689       91842.20    
 after vintg tmp b4    293.2031       91082.43    
 after vintg tmp b4    292.8905       90286.11    
 after vintg tmp b4    292.5623       89455.26    
 after vintg tmp b4    292.1873       88585.56    
 after vintg tmp b4    291.7966       87674.93    
 after vintg tmp b4    291.3592       86725.96    
 after vintg tmp b4    290.9061       85736.91    
 after vintg tmp b4    290.4529       84704.06    
 after vintg tmp b4    290.0311       83630.66    
 after vintg tmp b4    289.6091       82517.20    
 after vintg tmp b4    289.0935       81360.39    
 after vintg tmp b4    288.5154       80161.71    
 after vintg tmp b4    287.8278       78921.02    
 after vintg tmp b4    287.0309       77639.66    
 after vintg tmp b4    286.1716       76318.02    
 after vintg tmp b4    285.3435       74956.72    
 after vintg tmp b4    284.5623       73555.60    
 after vintg tmp b4    283.7655       72118.63    
 after vintg tmp b4    282.9842       70645.06    
 after nid003773.dogwood.wcoss2.ncep.noaa.gov 2: vintg tmp b4    282.1405       69136.71    
 after vintg tmp b4    281.2654       67596.91    
 after vintg tmp b4    280.2966       66027.31    
 after vintg tmp b4    279.2185       64429.56    
 after vintg tmp b4    278.0311       62806.84    
 after vintg tmp b4    276.8124       61162.34    
 after vintg tmp b4    275.5312       59497.11    
 after vintg tmp b4    274.1720       57817.11    
 after vintg tmp b4    272.7658       56122.79    
 after vintg tmp b4    271.3441       54419.55    
 after vintg tmp b4    269.8910       52709.16    
 after vintg tmp b4    268.3910       50996.36    
 after vintg tmp b4    266.8441       49284.14    
 after vintg tmp b4    265.2347       47575.16    
 after vintg tmp b4    263.6408       45874.09    
 after vintg tmp b4    262.0311       44183.62    
 after vintg tmp b4    260.3434       42507.44    
 after vintg tmp b4    258.7807       40848.16    
 after vintg tmp b4    256.9995       39209.61    
 after vintg tmp b4    255.0387       37593.79    
 after vintg tmp b4    252.8124       36004.30    
 after vintg tmp b4    250.4065       34443.03    
 after vintg tmp b4    247.9846       32912.80    
 after vintg tmp b4    245.3670       31415.32    
 after vintg tmp b4    242.4371       29952.74    
 after vintg tmp b4    239.5939       28526.96    
 after vintg tmp b4    236.9373       27138.89    
 after vintg tmp b4    234.1325       25790.29    
 after vintg tmp b4    231.3596       24481.89    
 after vintg tmp b4    228.7420       23214.59    
 after vintg tmp b4    225.5871       21988.92    
 after vintg tmp b4    224.4527       20805.40    
 after vintg tmp b4    220.8829       19663.82    
 after vintg tmp b4    217.6327       18564.54    
 after vintg tmp b4    214.0001       17507.18    
 after vintg tmp b4    210.5546       16491.56    
 after vintg tmp b4    207.3983       15517.03    
 after vintg tmp b4    204.4614       14583.05    
 after vintg tmp b4    201.8045       13689.08    
 after vintg tmp b4    198.8746       12834.04    
 after vintg tnid003773.dogwood.wcoss2.ncep.noaa.gov 2: mp b4    196.1719       12017.34    
 after vintg tmp b4    193.3909       11237.72    
 after vintg tmp b4    191.2042       10494.35    
 after vintg tmp b4    191.9691       9786.034    
 after vintg tmp b4    199.2804       9111.724    
 after vintg tmp b4    201.5079       8470.238    
 after vintg tmp b4    203.7886       7860.380    
 after vintg tmp b4    203.5232       7280.964    
 after vintg tmp b4    201.5859       6730.651    
 after vintg tmp b4    200.1562       6207.616    
 after vintg tmp b4    200.0235       5709.706    
 after vintg tmp b4    201.9459       5235.286    
 after vintg tmp b4    207.0315       4783.228    
 after vintg tmp b4    210.0546       4352.817    
 after vintg tmp b4    209.7265       3943.708    
 after vintg tmp b4    211.0778       3555.823    
 after vintg tmp b4    216.7027       3189.251    
 after vintg tmp b4    219.7422       2844.272    
 after vintg tmp b4    218.4611       2521.162    
 after vintg tmp b4    217.7422       2220.208    
 after vintg tmp b4    220.4377       1941.627    
 after vintg tmp b4    222.2498       1685.513    
 after vintg tmp b4    223.6796       1451.812    
 after vintg tmp b4    224.0784       1240.270    
 after vintg tmp b4    225.8208       1050.421    
 after vintg tmp b4    228.2255       881.6010    
 after vintg tmp b4    229.8205       732.9153    
 after vintg tmp b4    235.4691       603.2929    
 after vintg tmp b4    241.5540       491.4846    
 after vintg tmp b4    247.9848       396.1110    
 after vintg tmp b4    254.2111       315.6919    
 after vintg tmp b4    260.5938       248.6945    
 after vintg tmp b4    263.2184       193.5720    
 after vintg tmp b4    261.1405       148.8017    
 after vintg tmp b4    257.7348       112.9219    
 after vintg tmp b4    256.9841       84.56115    
 after vintg tmp b4    259.2822       62.46056    
 after vintg tmp b4    260.7341       45.48819    
 after vintg tmp b4    256.2332       32.64833    
 after vintg tmp b4    249.9136       23.08372    
 after vintg tmp b4  nid003773.dogwood.wcoss2.ncep.noaa.gov 2:   243.2110       16.07147    
 after vintg tmp b4    227.7737       11.01353    
 after vintg tmp b4    210.3760       7.426023    
 after vintg tmp b4    214.9456       4.924473    
 after vintg tmp b4    215.1009       3.209975    
 after vintg tmp b4    202.3361       2.056016    
 after vintg tmp b4    183.7189       1.293517    
 after vintg tmp    299.6250       101036.0    
 after vintg tmp    299.3906       100769.9    
 after vintg tmp    299.1562       100501.4    
 after vintg tmp    298.9062       100214.9    
 after vintg tmp    298.6406       99903.30    
 after vintg tmp    298.3749       99580.35    
 after vintg tmp    298.0781       99239.54    
 after vintg tmp    297.7655       98871.59    
 after vintg tmp    297.4374       98493.66    
 after vintg tmp    297.0937       98079.51    
 after vintg tmp    296.7187       97653.47    
 after vintg tmp    296.3437       97198.52    
 after vintg tmp    295.9219       96721.46    
 after vintg tmp    295.5000       96213.64    
 after vintg tmp    295.0625       95679.13    
 after vintg tmp    294.6254       95120.56    
 after vintg tmp    294.3911       94529.93    
 after vintg tmp    294.1878       93903.63    
 after vintg tmp    293.9535       93251.42    
 after vintg tmp    293.7345       92561.04    
 after vintg tmp    293.4689       91842.20    
 after vintg tmp    293.2031       91082.43    
 after vintg tmp    292.8905       90286.11    
 after vintg tmp    292.5623       89455.26    
 after vintg tmp    292.1873       88585.56    
 after vintg tmp    291.7966       87674.93    
 after vintg tmp    291.3592       86725.96    
 after vintg tmp    290.9061       85736.91    
 after vintg tmp    290.4529       84704.06    
 after vintg tmp    290.0311       83630.66    
 after vintg tmp    289.6091       82517.20    
 after vintg tmp    289.0935       81360.39    
 after vintg tmp    288.5154       80161.71    
 after vintg tmp    287.8278       78921.02    
 after vintg tmp    287.0309       77639.66    
 after vintg tmp    286.1716   nid003773.dogwood.wcoss2.ncep.noaa.gov 2:     76318.02    
 after vintg tmp    285.3435       74956.72    
 after vintg tmp    284.5623       73555.60    
 after vintg tmp    283.7655       72118.63    
 after vintg tmp    282.9842       70645.06    
 after vintg tmp    282.1405       69136.71    
 after vintg tmp    281.2654       67596.91    
 after vintg tmp    280.2966       66027.31    
 after vintg tmp    279.2185       64429.56    
 after vintg tmp    278.0311       62806.84    
 after vintg tmp    276.8124       61162.34    
 after vintg tmp    275.5312       59497.11    
 after vintg tmp    274.1720       57817.11    
 after vintg tmp    272.7658       56122.79    
 after vintg tmp    271.3441       54419.55    
 after vintg tmp    269.8910       52709.16    
 after vintg tmp    268.3910       50996.36    
 after vintg tmp    266.8441       49284.14    
 after vintg tmp    265.2347       47575.16    
 after vintg tmp    263.6408       45874.09    
 after vintg tmp    262.0311       44183.62    
 after vintg tmp    260.3434       42507.44    
 after vintg tmp    258.7807       40848.16    
 after vintg tmp    256.9995       39209.61    
 after vintg tmp    255.0387       37593.79    
 after vintg tmp    252.8124       36004.30    
 after vintg tmp    250.4065       34443.03    
 after vintg tmp    247.9846       32912.80    
 after vintg tmp    245.3670       31415.32    
 after vintg tmp    242.4371       29952.74    
 after vintg tmp    239.5939       28526.96    
 after vintg tmp    236.9373       27138.89    
 after vintg tmp    234.1325       25790.29    
 after vintg tmp    231.3596       24481.89    
 after vintg tmp    228.7420       23214.59    
 after vintg tmp    225.5871       21988.92    
 after vintg tmp    224.4527       20805.40    
 after vintg tmp    220.8829       19663.82    
 after vintg tmp    217.6327       18564.54    
 after vintg tmp    214.0001       17507.18    
 after vintg tmp    210.5546       16491.56    
 after vintg tmp    207.3983       15517.03    
 after vintg tmp    204.4614       14583.05    
 after vintg tnid003773.dogwood.wcoss2.ncep.noaa.gov 2: mp    201.8045       13689.08    
 after vintg tmp    198.8746       12834.04    
 after vintg tmp    196.1719       12017.34    
 after vintg tmp    193.3909       11237.72    
 after vintg tmp    191.2042       10494.35    
 after vintg tmp    191.9691       9786.034    
 after vintg tmp    199.2804       9111.724    
 after vintg tmp    201.5079       8470.238    
 after vintg tmp    203.7886       7860.380    
 after vintg tmp    203.5232       7280.964    
 after vintg tmp    201.5859       6730.651    
 after vintg tmp    200.1562       6207.616    
 after vintg tmp    200.0235       5709.706    
 after vintg tmp    201.9459       5235.286    
 after vintg tmp    207.0315       4783.228    
 after vintg tmp    210.0546       4352.817    
 after vintg tmp    209.7265       3943.708    
 after vintg tmp    211.0778       3555.823    
 after vintg tmp    216.7027       3189.251    
 after vintg tmp    219.7422       2844.272    
 after vintg tmp    218.4611       2521.162    
 after vintg tmp    217.7422       2220.208    
 after vintg tmp    220.4377       1941.627    
 after vintg tmp    222.2498       1685.513    
 after vintg tmp    223.6796       1451.812    
 after vintg tmp    224.0784       1240.270    
 after vintg tmp    225.8208       1050.421    
 after vintg tmp    228.2255       881.6010    
 after vintg tmp    229.8205       732.9153    
 after vintg tmp    235.4691       603.2929    
 after vintg tmp    241.5540       491.4846    
 after vintg tmp    247.9848       396.1110    
 after vintg tmp    254.2111       315.6919    
 after vintg tmp    260.5938       248.6945    
 after vintg tmp    263.2184       193.5720    
 after vintg tmp    261.1405       148.8017    
 after vintg tmp    257.7348       112.9219    
 after vintg tmp    256.9841       84.56115    
 after vintg tmp    259.2822       62.46056    
 after vintg tmp    260.7341       45.48819    
 after vintg tmp    256.2332       32.64833    
 after vintg tmp    249.9136       23.08372    
 after vintg tmp    243.2110       16.07147  nid003773.dogwood.wcoss2.ncep.noaa.gov 2:   
 after vintg tmp    227.7737       11.01353    
 after vintg tmp    210.3760       7.426023    
 after vintg tmp    214.9456       4.924473    
 after vintg tmp    215.1009       3.209975    
 after vintg tmp    202.3361       2.056016    
 after vintg tmp    183.7189       1.293517    
nid003773.dogwood.wcoss2.ncep.noaa.gov 2:  COMPUTE LAYER THICKNESS.
nid003773.dogwood.wcoss2.ncep.noaa.gov 2:  after compute_delz   -21.92944    
 after compute_delz   -23.29548    
 after compute_delz   -24.72769    
 after compute_delz   -26.25758    
 after compute_delz   -27.86781    
 after compute_delz   -29.57616    
 after compute_delz   -31.37904    
 after compute_delz   -33.28571    
 after compute_delz   -35.30388    
 after compute_delz   -37.42445    
 after compute_delz   -39.66135    
 after compute_delz   -42.02609    
 after compute_delz   -44.51102    
 after compute_delz   -47.13000    
 after compute_delz   -49.87924    
 after compute_delz   -52.79132    
 after compute_delz   -55.85382    
 after compute_delz   -59.09967    
 after compute_delz   -62.50177    
 after compute_delz   -66.07690    
 after compute_delz   -69.83472    
 after compute_delz   -73.75854    
 after compute_delz   -77.86737    
 after compute_delz   -82.14941    
 after compute_delz   -86.61829    
 after compute_delz   -91.27979    
 after compute_delz   -96.10571    
 after compute_delz   -101.1439    
 after compute_delz   -106.3722    
 after compute_delz   -111.7928    
 after compute_delz   -117.4247    
 after compute_delz   -123.2087    
 after compute_delz   -129.1866    
 after compute_delz   -135.3293    
 after compute_delz   -141.6128    
 after compute_delz   -148.0742    
 after compute_delz   -154.7036    
 after compute_delz   -161.5396    
 after compute_delz   -168.5256    
 after compute_delz   -175.6626    
 after compute_delz   -182.9092    
 after compute_delz   -190.2703    
 after compute_delz   -197.6873    
 after compute_delz   -205.1294    
 after compute_delz   -212.5742    
 after compute_delz   -220.0547    
 after compute_delz   -227.5537    
 after compute_delz   -235.0317    
 after compute_delz   -242.4883    
 after compute_delz   -249.9253    
 after compute_delz   -257.2974    
 after compute_delz   -264.5981    
 after compute_delz   -271.8042    
 after compute_delz   -278.8906    
 after compute_delz   -285.9009    
 after compute_delz   -292.7959    
 after compute_delz   -299.4399nid003773.dogwood.wcoss2.ncep.noaa.gov 2:     
 after compute_delz   -306.1353    
 after compute_delz   -312.5181    
 after compute_delz   -318.5361    
 after compute_delz   -324.0898    
 after compute_delz   -329.2188    
 after compute_delz   -334.1299    
 after compute_delz   -338.5977    
 after compute_delz   -342.4141    
 after compute_delz   -346.1221    
 after compute_delz   -349.8789    
 after compute_delz   -353.2119    
 after compute_delz   -356.3936    
 after compute_delz   -359.6260    
 after compute_delz   -361.8516    
 after compute_delz   -367.1934    
 after compute_delz   -368.4600    
 after compute_delz   -370.0791    
 after compute_delz   -370.9102    
 after compute_delz   -371.9209    
 after compute_delz   -373.3506    
 after compute_delz   -375.1064    
 after compute_delz   -377.3760    
 after compute_delz   -379.1299    
 after compute_delz   -381.3809    
 after compute_delz   -383.5586    
 after compute_delz   -387.0732    
 after compute_delz   -396.9121    
 after compute_delz   -421.1348    
 after compute_delz   -435.6406    
 after compute_delz   -451.1992    
 after compute_delz   -462.0469    
 after compute_delz   -470.1816    
 after compute_delz   -481.5234    
 after compute_delz   -498.3809    
 after compute_delz   -523.0195    
 after compute_delz   -559.1113    
 after compute_delz   -593.1641    
 after compute_delz   -620.6836    
 after compute_delz   -655.9531    
 after compute_delz   -708.2285    
 after compute_delz   -756.1816    
 after compute_delz   -792.2988    
 after compute_delz   -832.7930    
 after compute_delz   -889.4883    
 after compute_delz   -946.3301    
 after compute_delz   -1005.055    
 after compute_delz   -1062.373    
 after compute_delz   -1129.398    
 after compute_delz   -1203.662    
 after compute_delz   -1277.615    
 after compute_delz   -1379.098    
 after compute_delz   -1489.625    
 after compute_delz   -1609.266    
 after compute_delz   -1734.828    
 after compute_delz   -1868.949    
 after compute_delz   -1982.488    
 after compute_delz   -206nid003773.dogwood.wcoss2.ncep.noaa.gov 2: 4.086    
 after compute_delz   -2136.387    
 after compute_delz   -2232.230    
 after compute_delz   -2358.324    
 after compute_delz   -2481.656    
 after compute_delz   -2550.266    
 after compute_delz   -2599.230    
 after compute_delz   -2641.203    
 after compute_delz   -2581.227    
 after compute_delz   -2485.129    
 after compute_delz   -2646.531    
 after compute_delz   -2758.383    
 after compute_delz   -2700.023    
 after compute_delz   -2549.664    
nid003773.dogwood.wcoss2.ncep.noaa.gov 2:  
 SET HEADER INFO FOR OUTPUT FILE.
nid003773.dogwood.wcoss2.ncep.noaa.gov 2:  
 OPEN OUTPUT FILE: fcst.ensres.09
nid003773.dogwood.wcoss2.ncep.noaa.gov 2:  WRITE SURFACE HEIGHT
nid003773.dogwood.wcoss2.ncep.noaa.gov 2:  WRITE SURFACE PRESSURE
nid003773.dogwood.wcoss2.ncep.noaa.gov 2:  WRITE TEMPERATURE
nid003773.dogwood.wcoss2.ncep.noaa.gov 2:  WRITE CLOUD LIQUID WATER
nid003773.dogwood.wcoss2.ncep.noaa.gov 2:  WRITE SPECIFIC HUMIDITY
nid003773.dogwood.wcoss2.ncep.noaa.gov 2:  WRITE OZONE
nid003773.dogwood.wcoss2.ncep.noaa.gov 2:  WRITE U-WINDS
nid003773.dogwood.wcoss2.ncep.noaa.gov 2:  WRITE V-WINDS
nid003773.dogwood.wcoss2.ncep.noaa.gov 2:  WRITE DZDT
nid003773.dogwood.wcoss2.ncep.noaa.gov 2:  WRITE DPRES
nid003773.dogwood.wcoss2.ncep.noaa.gov 2:  WRITE DELZ
nid003773.dogwood.wcoss2.ncep.noaa.gov 2:  WRITE RAIN WATER
nid003773.dogwood.wcoss2.ncep.noaa.gov 2:  WRITE SNOW WATER
nid003773.dogwood.wcoss2.ncep.noaa.gov 2:  WRITE ICE WATER
nid003773.dogwood.wcoss2.ncep.noaa.gov 2:  WRITE GRAUPEL
nid003773.dogwood.wcoss2.ncep.noaa.gov 2:  
 PROGRAM FINISHED NORMALLY!
nid003773.dogwood.wcoss2.ncep.noaa.gov 2: 

nid003773.dogwood.wcoss2.ncep.noaa.gov 2:      ENDING DATE-TIME    JUN 16,2025  20:18:15.418  167  MON   2460843
     PROGRAM ENKF_CHGRES_RECENTER_NCIO HAS ENDED.
* . * . * . * . * . * . * . * . * . * . * . * . * . * . * . * . * . * . * . * . 
nid003773.dogwood.wcoss2.ncep.noaa.gov 2: *****************RESOURCE STATISTICS*******************************
The total amount of wall time                        = 411.205246
The total amount of time in user mode                = 373.176229
The total amount of time in sys mode                 = 48.814088
The maximum resident set size (KB)                   = 68744420
Number of page faults without I/O activity           = 10226488
Number of page faults with I/O activity              = 1062
Number of times filesystem performed INPUT           = 12831666
Number of times filesystem performed OUTPUT          = 14893536
Number of Voluntary Context Switches                 = 1570
Number of InVoluntary Context Switches               = 5905775
*****************END OF RESOURCE STATISTICS*************************

nid001162.dogwood.wcoss2.ncep.noaa.gov 0: CFP RANK   0    TOTAL RANK RUN TIME: 395.5 sec    Return status: 00000000 hex
nid003773.dogwood.wcoss2.ncep.noaa.gov 2: CFP RANK   2    TOTAL RANK RUN TIME: 411.7 sec    Return status: 00000000 hex
nid001641.dogwood.wcoss2.ncep.noaa.gov 1: CFP RANK   1    TOTAL RANK RUN TIME: 370.5 sec    Return status: 00000000 hex
+ exgdas_atmos_chgres_forenkf.sh[173]true
+ exgdas_atmos_chgres_forenkf.sh[174]export err=0
+ exgdas_atmos_chgres_forenkf.sh[174]err=0
+ exgdas_atmos_chgres_forenkf.sh[175][[ 0 -ne 0 ]]
+ exgdas_atmos_chgres_forenkf.sh[188]cd /lfs/h2/emc/stmp/emc.global/RUNDIRS/retrotestgfs10/enkfgdas.2024112418/echgres.1476071
+ exgdas_atmos_chgres_forenkf.sh[190]exit 0
+ JGDAS_ATMOS_CHGRES_FORENKF[28]true
+ JGDAS_ATMOS_CHGRES_FORENKF[29]export err=0
+ JGDAS_ATMOS_CHGRES_FORENKF[29]err=0
+ JGDAS_ATMOS_CHGRES_FORENKF[30][[ 0 -ne 0 ]]
+ JGDAS_ATMOS_CHGRES_FORENKF[41][[ -e OUTPUT.1476627 ]]
+ JGDAS_ATMOS_CHGRES_FORENKF[42]cat OUTPUT.1476627
/lfs/h2/emc/global/noscrub/emc.global/RETRO_GFSv17/git/global-workflow/develop_20250602/exec/enkf_chgres_recenter_nc.x
+ JGDAS_ATMOS_CHGRES_FORENKF[48]cd /lfs/h2/emc/stmp/emc.global/RUNDIRS/retrotestgfs10/enkfgdas.2024112418
+ JGDAS_ATMOS_CHGRES_FORENKF[49][[ NO == \N\O ]]
+ JGDAS_ATMOS_CHGRES_FORENKF[50]rm -rf /lfs/h2/emc/stmp/emc.global/RUNDIRS/retrotestgfs10/enkfgdas.2024112418/echgres.1476071
+ JGDAS_ATMOS_CHGRES_FORENKF[54]exit 0
+ JGDAS_ATMOS_CHGRES_FORENKF[1]postamble /lfs/h2/emc/global/noscrub/emc.global/RETRO_GFSv17/git/global-workflow/develop_20250602/jobs/JGDAS_ATMOS_CHGRES_FORENKF 1750104674 0
+ preamble.sh[62]set +x
End /lfs/h2/emc/global/noscrub/emc.global/RETRO_GFSv17/git/global-workflow/develop_20250602/jobs/JGDAS_ATMOS_CHGRES_FORENKF at 20:18:16 with error code 0 (time elapsed: 00:07:02)
+ status=0
+ exit 0
PBS: Running epilogue on parent mom node: nid001162...
##### Job 46063632.dbqs01 - PBS Job Script:
(Note: Duplicate #PBS entries are a function how PBS interprets and caches the original job script.)

#! /bin/sh
#PBS -N retrotestgfs10_enkfgdas_echgres_18
#PBS -A GFS-DEV
#PBS -q devmax
#PBS -l walltime=00:10:00
#PBS -l select=3:mpiprocs=1:ompthreads=128:ncpus=128:mem=200GB
#PBS -j oe -o /lfs/h2/emc/ptmp/emc.global/RETRO_GFSv17/comroot/retrotestgfs10/logs/2024112418/enkfgdas_echgres.log
#PBS -l place=vscatter:shared
export RUN_ENVIR='emc'
export HOMEgfs='/lfs/h2/emc/global/noscrub/emc.global/RETRO_GFSv17/git/global-workflow/develop_20250602'
export EXPDIR='/lfs/h2/emc/global/noscrub/emc.global/RETRO_GFSv17/expdir/retrotestgfs10'
export NET='gfs'
export RUN='enkfgdas'
export CDATE='2024112418'
export PDY='20241124'
export cyc='18'
export COMROOT='/lfs/h2/emc/ptmp/emc.global/RETRO_GFSv17/comroot'
export DATAROOT='/lfs/h2/emc/stmp/emc.global/RUNDIRS/retrotestgfs10/enkfgdas.2024112418'
set -x
/lfs/h2/emc/global/noscrub/emc.global/RETRO_GFSv17/git/global-workflow/develop_20250602/dev/jobs/echgres.sh
##### End of job script
------------------------------------------------------------------

