PBS: Running prologue on parent mom node: nid001448...
Job 46072082.dbqs01 nodelist: nid001448
+ /lfs/h2/emc/global/noscrub/emc.global/RETRO_GFSv17/git/global-workflow/develop_20250602/dev/jobs/epos.sh
+ source /lfs/h2/emc/global/noscrub/emc.global/RETRO_GFSv17/git/global-workflow/develop_20250602/ush/load_fv3gfs_modules.sh
++ [[ hxB == *x* ]]
++ set_x=YES
++ [[ NO == \N\O ]]
++ echo 'Loading modules quietly...'
Loading modules quietly...
++ set +x
Resetting modules to system default. Reseting $MODULEPATH back to system default. All extra directories will be removed from $MODULEPATH.

Currently Loaded Modules:
  1) craype-x86-rome    (H)  13) perl/5.32.0          25) ncdiag/1.0.0
  2) libfabric/1.20.1        14) libjpeg/9c           26) met/9.1.3
  3) craype-network-ofi (H)  15) udunits/2.2.28       27) metplus/3.1.1
  4) envvar/1.0              16) gsl/2.7              28) prepobs/1.1.0
  5) PrgEnv-intel/8.1.0      17) cdo/1.9.8            29) fit2obs/1.1.7
  6) craype/2.7.13           18) imagemagick/7.0.8-7  30) module_base.wcoss2
  7) intel/19.1.3.304        19) hdf5/1.10.6          31) grib_util/1.2.3
  8) cray-mpich/8.1.9        20) netcdf/4.7.4         32) g2tmpl/1.10.2
  9) cray-pals/1.0.17        21) nco/4.7.9            33) crtm/2.4.0.1
 10) cfp/2.0.4               22) prod_util/2.0.9      34) wgrib2/2.0.8
 11) python/3.8.6            23) bufr_dump/1.0.0
 12) gempak/7.15.1           24) util_shared/1.4.0

  Where:
   H:  Hidden Module

 

++ wxflowPATH=/lfs/h2/emc/global/noscrub/emc.global/RETRO_GFSv17/git/global-workflow/develop_20250602/ush/python
++ PYTHONPATH=/apps/ops/prod/nco/core/prod_util.v2.0.9/ush:/apps/prod/python-modules/3.8.6/intel/19.1.3.304/lib/python3.8/site-packages:/lfs/h2/emc/global/noscrub/emc.global/RETRO_GFSv17/git/global-workflow/develop_20250602/ush:/lfs/h2/emc/global/noscrub/emc.global/RETRO_GFSv17/git/global-workflow/develop_20250602/ush/python
++ export PYTHONPATH
++ ulimit -S -s unlimited
++ unset ulimit_s
+ status=0
+ [[ 0 -ne 0 ]]
+ export job=epos
+ job=epos
+ export jobid=epos.2946034
+ jobid=epos.2946034
++ echo f004
++ sed -e 's/_/ /g; s/f/ /g; s/,/ /g'
+ fhrlst=' 004'
+ for fhr in ${fhrlst}
+ export FHMIN_EPOS=004
+ FHMIN_EPOS=004
+ export FHMAX_EPOS=004
+ FHMAX_EPOS=004
+ export FHOUT_EPOS=004
+ FHOUT_EPOS=004
+ /lfs/h2/emc/global/noscrub/emc.global/RETRO_GFSv17/git/global-workflow/develop_20250602/jobs/JGDAS_ENKF_POST
Begin /lfs/h2/emc/global/noscrub/emc.global/RETRO_GFSv17/git/global-workflow/develop_20250602/jobs/JGDAS_ENKF_POST at Mon Jun 16 21:40:31 UTC 2025
++ jjob_header.sh[46]OPTIND=1
++ jjob_header.sh[47]getopts c:e: option
++ jjob_header.sh[48]case "${option}" in
++ jjob_header.sh[50]env_job=epos
++ jjob_header.sh[47]getopts c:e: option
++ jjob_header.sh[48]case "${option}" in
++ jjob_header.sh[49]read -ra configs
++ jjob_header.sh[47]getopts c:e: option
++ jjob_header.sh[61]shift 4
++ jjob_header.sh[63][[ -z epos ]]
++ jjob_header.sh[71]export DATA=/lfs/h2/emc/stmp/emc.global/RUNDIRS/retrotestgfs10/enkfgdas.2024112418/epos.2946034
++ jjob_header.sh[71]DATA=/lfs/h2/emc/stmp/emc.global/RUNDIRS/retrotestgfs10/enkfgdas.2024112418/epos.2946034
++ jjob_header.sh[72][[ YES == \Y\E\S ]]
++ jjob_header.sh[73]rm -rf /lfs/h2/emc/stmp/emc.global/RUNDIRS/retrotestgfs10/enkfgdas.2024112418/epos.2946034
++ jjob_header.sh[75]mkdir -p /lfs/h2/emc/stmp/emc.global/RUNDIRS/retrotestgfs10/enkfgdas.2024112418/epos.2946034
++ jjob_header.sh[76]cd /lfs/h2/emc/stmp/emc.global/RUNDIRS/retrotestgfs10/enkfgdas.2024112418/epos.2946034
++ jjob_header.sh[85]export pid=2946593
++ jjob_header.sh[85]pid=2946593
++ jjob_header.sh[86]export pgmout=OUTPUT.2946593
++ jjob_header.sh[86]pgmout=OUTPUT.2946593
++ jjob_header.sh[87]export pgmerr=errfile
++ jjob_header.sh[87]pgmerr=errfile
++ jjob_header.sh[90]export pgm=
++ jjob_header.sh[90]pgm=
++ jjob_header.sh[96]export cycle=t18z
++ jjob_header.sh[96]cycle=t18z
++ jjob_header.sh[97]setpdy.sh
+ setpdy.sh[20]'[' /lfs/h2/emc/stmp/emc.global/RUNDIRS/retrotestgfs10/enkfgdas.2024112418/epos.2946034 == /u/emc.global ']'
+ setpdy.sh[25][[ ! t18z =~ t??z ]]
+ setpdy.sh[30]case $# in
+ setpdy.sh[31]dates_before_PDY=7
+ setpdy.sh[32]dates_after_PDY=7
+ setpdy.sh[50]COMDATEROOT=/lfs/h1/ops/prod/com
+ setpdy.sh[53]'[' -z 20241124 ']'
+ setpdy.sh[57]sed 's/[0-9]\{8\}/20241124/' /lfs/h1/ops/prod/com/date/t18z
++ setpdy.sh[62]finddate.sh 20241124 s-7
+++ finddate.sh[27]set +x
+ setpdy.sh[62]DATElne_minus=
++ jjob_header.sh[97]true
++ jjob_header.sh[98]source ./PDY
/lfs/h2/emc/global/noscrub/emc.global/RETRO_GFSv17/git/global-workflow/develop_20250602/ush/jjob_header.sh: line 98: ./PDY: No such file or directory
++ jjob_header.sh[98]true
++ jjob_header.sh[104]export EXPDIR=/lfs/h2/emc/global/noscrub/emc.global/RETRO_GFSv17/expdir/retrotestgfs10
++ jjob_header.sh[104]EXPDIR=/lfs/h2/emc/global/noscrub/emc.global/RETRO_GFSv17/expdir/retrotestgfs10
++ jjob_header.sh[105]for config in "${configs[@]:-''}"
++ jjob_header.sh[106]source /lfs/h2/emc/global/noscrub/emc.global/RETRO_GFSv17/expdir/retrotestgfs10/config.base
+++ config.base[6]echo 'BEGIN: config.base'
BEGIN: config.base
+++ config.base[9]export machine=WCOSS2
+++ config.base[9]machine=WCOSS2
+++ config.base[12]export RUN_ENVIR=emc
+++ config.base[12]RUN_ENVIR=emc
+++ config.base[15]export ACCOUNT=GFS-DEV
+++ config.base[15]ACCOUNT=GFS-DEV
+++ config.base[16]export QUEUE=devmax
+++ config.base[16]QUEUE=devmax
+++ config.base[17]export QUEUE_SERVICE=dev_transfer
+++ config.base[17]QUEUE_SERVICE=dev_transfer
+++ config.base[18]export QUEUE_DTN=dev_transfer
+++ config.base[18]QUEUE_DTN=dev_transfer
+++ config.base[19]export 'PARTITION_BATCH={{ PARTITION_BATCH }}'
+++ config.base[19]PARTITION_BATCH='{{ PARTITION_BATCH }}'
+++ config.base[20]export PARTITION_SERVICE=
+++ config.base[20]PARTITION_SERVICE=
+++ config.base[21]export PARTITION_DTN=
+++ config.base[21]PARTITION_DTN=
+++ config.base[22]export RESERVATION=
+++ config.base[22]RESERVATION=
+++ config.base[23]export CLUSTERS=
+++ config.base[23]CLUSTERS=
+++ config.base[24]export CLUSTERS_SERVICE=
+++ config.base[24]CLUSTERS_SERVICE=
+++ config.base[25]export CLUSTERS_DTN=
+++ config.base[25]CLUSTERS_DTN=
+++ config.base[28]export HPSS_PROJECT=emc-global
+++ config.base[28]HPSS_PROJECT=emc-global
+++ config.base[31]export HOMEgfs=/lfs/h2/emc/global/noscrub/emc.global/RETRO_GFSv17/git/global-workflow/develop_20250602
+++ config.base[31]HOMEgfs=/lfs/h2/emc/global/noscrub/emc.global/RETRO_GFSv17/git/global-workflow/develop_20250602
+++ config.base[32]export EXECgfs=/lfs/h2/emc/global/noscrub/emc.global/RETRO_GFSv17/git/global-workflow/develop_20250602/exec
+++ config.base[32]EXECgfs=/lfs/h2/emc/global/noscrub/emc.global/RETRO_GFSv17/git/global-workflow/develop_20250602/exec
+++ config.base[33]export FIXgfs=/lfs/h2/emc/global/noscrub/emc.global/RETRO_GFSv17/git/global-workflow/develop_20250602/fix
+++ config.base[33]FIXgfs=/lfs/h2/emc/global/noscrub/emc.global/RETRO_GFSv17/git/global-workflow/develop_20250602/fix
+++ config.base[34]export PARMgfs=/lfs/h2/emc/global/noscrub/emc.global/RETRO_GFSv17/git/global-workflow/develop_20250602/parm
+++ config.base[34]PARMgfs=/lfs/h2/emc/global/noscrub/emc.global/RETRO_GFSv17/git/global-workflow/develop_20250602/parm
+++ config.base[35]export SCRgfs=/lfs/h2/emc/global/noscrub/emc.global/RETRO_GFSv17/git/global-workflow/develop_20250602/scripts
+++ config.base[35]SCRgfs=/lfs/h2/emc/global/noscrub/emc.global/RETRO_GFSv17/git/global-workflow/develop_20250602/scripts
+++ config.base[36]export USHgfs=/lfs/h2/emc/global/noscrub/emc.global/RETRO_GFSv17/git/global-workflow/develop_20250602/ush
+++ config.base[36]USHgfs=/lfs/h2/emc/global/noscrub/emc.global/RETRO_GFSv17/git/global-workflow/develop_20250602/ush
+++ config.base[38]export FIXam=/lfs/h2/emc/global/noscrub/emc.global/RETRO_GFSv17/git/global-workflow/develop_20250602/fix/am
+++ config.base[38]FIXam=/lfs/h2/emc/global/noscrub/emc.global/RETRO_GFSv17/git/global-workflow/develop_20250602/fix/am
+++ config.base[39]export FIXaer=/lfs/h2/emc/global/noscrub/emc.global/RETRO_GFSv17/git/global-workflow/develop_20250602/fix/aer
+++ config.base[39]FIXaer=/lfs/h2/emc/global/noscrub/emc.global/RETRO_GFSv17/git/global-workflow/develop_20250602/fix/aer
+++ config.base[40]export FIXcpl=/lfs/h2/emc/global/noscrub/emc.global/RETRO_GFSv17/git/global-workflow/develop_20250602/fix/cpl
+++ config.base[40]FIXcpl=/lfs/h2/emc/global/noscrub/emc.global/RETRO_GFSv17/git/global-workflow/develop_20250602/fix/cpl
+++ config.base[41]export FIXlut=/lfs/h2/emc/global/noscrub/emc.global/RETRO_GFSv17/git/global-workflow/develop_20250602/fix/lut
+++ config.base[41]FIXlut=/lfs/h2/emc/global/noscrub/emc.global/RETRO_GFSv17/git/global-workflow/develop_20250602/fix/lut
+++ config.base[42]export FIXcice=/lfs/h2/emc/global/noscrub/emc.global/RETRO_GFSv17/git/global-workflow/develop_20250602/fix/cice
+++ config.base[42]FIXcice=/lfs/h2/emc/global/noscrub/emc.global/RETRO_GFSv17/git/global-workflow/develop_20250602/fix/cice
+++ config.base[43]export FIXmom=/lfs/h2/emc/global/noscrub/emc.global/RETRO_GFSv17/git/global-workflow/develop_20250602/fix/mom6
+++ config.base[43]FIXmom=/lfs/h2/emc/global/noscrub/emc.global/RETRO_GFSv17/git/global-workflow/develop_20250602/fix/mom6
+++ config.base[44]export FIXreg2grb2=/lfs/h2/emc/global/noscrub/emc.global/RETRO_GFSv17/git/global-workflow/develop_20250602/fix/reg2grb2
+++ config.base[44]FIXreg2grb2=/lfs/h2/emc/global/noscrub/emc.global/RETRO_GFSv17/git/global-workflow/develop_20250602/fix/reg2grb2
+++ config.base[45]export FIXgdas=/lfs/h2/emc/global/noscrub/emc.global/RETRO_GFSv17/git/global-workflow/develop_20250602/fix/gdas
+++ config.base[45]FIXgdas=/lfs/h2/emc/global/noscrub/emc.global/RETRO_GFSv17/git/global-workflow/develop_20250602/fix/gdas
+++ config.base[50]export PACKAGEROOT=/lfs/h1/ops/prod/packages
+++ config.base[50]PACKAGEROOT=/lfs/h1/ops/prod/packages
+++ config.base[51]export COMROOT=/lfs/h2/emc/ptmp/emc.global/RETRO_GFSv17/comroot
+++ config.base[51]COMROOT=/lfs/h2/emc/ptmp/emc.global/RETRO_GFSv17/comroot
+++ config.base[52]export COMINsyn=/lfs/h1/ops/prod/com/gfs/v16.3/syndat
+++ config.base[52]COMINsyn=/lfs/h1/ops/prod/com/gfs/v16.3/syndat
+++ config.base[53]export DMPDIR=/lfs/h2/emc/dump/noscrub/dump
+++ config.base[53]DMPDIR=/lfs/h2/emc/dump/noscrub/dump
+++ config.base[57]export COMINecmwf=/lfs/h2/emc/global/noscrub/emc.global/data/external_gempak/ecmwf
+++ config.base[57]COMINecmwf=/lfs/h2/emc/global/noscrub/emc.global/data/external_gempak/ecmwf
+++ config.base[58]export COMINnam=/lfs/h2/emc/global/noscrub/emc.global/data/external_gempak/nam
+++ config.base[58]COMINnam=/lfs/h2/emc/global/noscrub/emc.global/data/external_gempak/nam
+++ config.base[59]export COMINukmet=/lfs/h2/emc/global/noscrub/emc.global/data/external_gempak/ukmet
+++ config.base[59]COMINukmet=/lfs/h2/emc/global/noscrub/emc.global/data/external_gempak/ukmet
+++ config.base[62]export HOMEDIR=/lfs/h2/emc/global/noscrub/emc.global
+++ config.base[62]HOMEDIR=/lfs/h2/emc/global/noscrub/emc.global
+++ config.base[63]export STMP=/lfs/h2/emc/stmp/emc.global
+++ config.base[63]STMP=/lfs/h2/emc/stmp/emc.global
+++ config.base[64]export PTMP=/lfs/h2/emc/ptmp/emc.global
+++ config.base[64]PTMP=/lfs/h2/emc/ptmp/emc.global
+++ config.base[65]export NOSCRUB=/lfs/h2/emc/global/noscrub/emc.global
+++ config.base[65]NOSCRUB=/lfs/h2/emc/global/noscrub/emc.global
+++ config.base[68]export BASE_GIT=/lfs/h2/emc/global/save/emc.global/git
+++ config.base[68]BASE_GIT=/lfs/h2/emc/global/save/emc.global/git
+++ config.base[71]export BASE_DATA=/lfs/h2/emc/global/noscrub/emc.global/data
+++ config.base[71]BASE_DATA=/lfs/h2/emc/global/noscrub/emc.global/data
+++ config.base[74]export DO_PREP_SFC=NO
+++ config.base[74]DO_PREP_SFC=NO
+++ config.base[77]export DO_GOES=NO
+++ config.base[77]DO_GOES=NO
+++ config.base[78]export DO_BUFRSND=NO
+++ config.base[78]DO_BUFRSND=NO
+++ config.base[79]export DO_GEMPAK=NO
+++ config.base[79]DO_GEMPAK=NO
+++ config.base[80]export DO_AWIPS=NO
+++ config.base[80]DO_AWIPS=NO
+++ config.base[81]export DO_NPOESS=NO
+++ config.base[81]DO_NPOESS=NO
+++ config.base[82]export DO_TRACKER=YES
+++ config.base[82]DO_TRACKER=YES
+++ config.base[83]export DO_GENESIS=YES
+++ config.base[83]DO_GENESIS=YES
+++ config.base[84]export DO_GENESIS_FSU=NO
+++ config.base[84]DO_GENESIS_FSU=NO
+++ config.base[85]export DO_VERFOZN=YES
+++ config.base[85]DO_VERFOZN=YES
+++ config.base[86]export DO_VERFRAD=YES
+++ config.base[86]DO_VERFRAD=YES
+++ config.base[87]export DO_VMINMON=YES
+++ config.base[87]DO_VMINMON=YES
+++ config.base[88]export DO_ANLSTAT=NO
+++ config.base[88]DO_ANLSTAT=NO
+++ config.base[91]export MODE=cycled
+++ config.base[91]MODE=cycled
+++ config.base[92]export DO_TEST_MODE=NO
+++ config.base[92]DO_TEST_MODE=NO
+++ config.base[101]export FIXgsi=/lfs/h2/emc/global/noscrub/emc.global/RETRO_GFSv17/git/global-workflow/develop_20250602/fix/gsi
+++ config.base[101]FIXgsi=/lfs/h2/emc/global/noscrub/emc.global/RETRO_GFSv17/git/global-workflow/develop_20250602/fix/gsi
+++ config.base[102]export HOMEpost=/lfs/h2/emc/global/noscrub/emc.global/RETRO_GFSv17/git/global-workflow/develop_20250602
+++ config.base[102]HOMEpost=/lfs/h2/emc/global/noscrub/emc.global/RETRO_GFSv17/git/global-workflow/develop_20250602
+++ config.base[103]export HOMEobsproc=/lfs/h2/emc/global/save/emc.global/git/obsproc/v1.2.0
+++ config.base[103]HOMEobsproc=/lfs/h2/emc/global/save/emc.global/git/obsproc/v1.2.0
+++ config.base[106]export NMV=/bin/mv
+++ config.base[106]NMV=/bin/mv
+++ config.base[107]export 'NLN=/bin/ln -sf'
+++ config.base[107]NLN='/bin/ln -sf'
+++ config.base[108]export VERBOSE=YES
+++ config.base[108]VERBOSE=YES
+++ config.base[109]export KEEPDATA=NO
+++ config.base[109]KEEPDATA=NO
+++ config.base[110]export DEBUG_POSTSCRIPT=NO
+++ config.base[110]DEBUG_POSTSCRIPT=NO
+++ config.base[111]export CHGRP_RSTPROD=YES
+++ config.base[111]CHGRP_RSTPROD=YES
+++ config.base[112]export 'CHGRP_CMD=chgrp rstprod'
+++ config.base[112]CHGRP_CMD='chgrp rstprod'
+++ config.base[113]export NCDUMP=/apps/prod/hpc-stack/intel-19.1.3.304/cray-mpich-8.1.4/netcdf/4.7.4/bin/ncdump
+++ config.base[113]NCDUMP=/apps/prod/hpc-stack/intel-19.1.3.304/cray-mpich-8.1.4/netcdf/4.7.4/bin/ncdump
+++ config.base[114]export NCLEN=/lfs/h2/emc/global/noscrub/emc.global/RETRO_GFSv17/git/global-workflow/develop_20250602/ush/getncdimlen
+++ config.base[114]NCLEN=/lfs/h2/emc/global/noscrub/emc.global/RETRO_GFSv17/git/global-workflow/develop_20250602/ush/getncdimlen
+++ config.base[117]export BASE_ENV=/lfs/h2/emc/global/noscrub/emc.global/RETRO_GFSv17/git/global-workflow/develop_20250602/env
+++ config.base[117]BASE_ENV=/lfs/h2/emc/global/noscrub/emc.global/RETRO_GFSv17/git/global-workflow/develop_20250602/env
+++ config.base[120]export SDATE=2024111506
+++ config.base[120]SDATE=2024111506
+++ config.base[121]export EDATE=2025011600
+++ config.base[121]EDATE=2025011600
+++ config.base[122]export EXP_WARM_START=.true.
+++ config.base[122]EXP_WARM_START=.true.
+++ config.base[123]export assim_freq=6
+++ config.base[123]assim_freq=6
+++ config.base[124]export PSLOT=retrotestgfs10
+++ config.base[124]PSLOT=retrotestgfs10
+++ config.base[125]export EXPDIR=/lfs/h2/emc/global/noscrub/emc.global/RETRO_GFSv17/expdir/retrotestgfs10
+++ config.base[125]EXPDIR=/lfs/h2/emc/global/noscrub/emc.global/RETRO_GFSv17/expdir/retrotestgfs10
+++ config.base[126]export ROTDIR=/lfs/h2/emc/ptmp/emc.global/RETRO_GFSv17/comroot/retrotestgfs10
+++ config.base[126]ROTDIR=/lfs/h2/emc/ptmp/emc.global/RETRO_GFSv17/comroot/retrotestgfs10
+++ config.base[127]export DUMP_SUFFIX=
+++ config.base[127]DUMP_SUFFIX=
+++ config.base[128][[ 2024112418 -ge 2019092100 ]]
+++ config.base[128][[ 2024112418 -le 2019110700 ]]
+++ config.base[132]export ARCDIR=/lfs/h2/emc/global/noscrub/emc.global/RETRO_GFSv17/archive/retrotestgfs10
+++ config.base[132]ARCDIR=/lfs/h2/emc/global/noscrub/emc.global/RETRO_GFSv17/archive/retrotestgfs10
+++ config.base[134]export ATARDIR=/5year/NCEPDEV/emc-global/emc.glopara/WCOSS2/GFSv17/retrotestgfs10
+++ config.base[134]ATARDIR=/5year/NCEPDEV/emc-global/emc.glopara/WCOSS2/GFSv17/retrotestgfs10
+++ config.base[136]export 'FETCHDIR={{ FETCHDIR }}'
+++ config.base[136]FETCHDIR='{{ FETCHDIR }}'
+++ config.base[139]export envir=prod
+++ config.base[139]envir=prod
+++ config.base[140]export NET=gfs
+++ config.base[140]NET=gfs
+++ config.base[141]export RUN=enkfgdas
+++ config.base[141]RUN=enkfgdas
+++ config.base[144]source /lfs/h2/emc/global/noscrub/emc.global/RETRO_GFSv17/expdir/retrotestgfs10/config.com
++++ config.com[4]echo 'BEGIN: config.com'
BEGIN: config.com
++++ config.com[38][[ emc == \n\c\o ]]
++++ config.com[43]COM_OBSPROC_TMPL='${DMPDIR}/${RUN}${DUMP_SUFFIX}.${YMD}/${HH}/atmos'
++++ config.com[44]COM_RTOFS_TMPL='${DMPDIR}'
++++ config.com[45]COM_TCVITAL_TMPL='${DMPDIR}/${RUN}.${YMD}/${HH}/atmos'
++++ config.com[47]declare -rx 'COM_OBS_TMPL=${ROTDIR}/${RUN}.${YMD}/${HH}/obs'
++++ config.com[48]declare -rx COM_OBSPROC_TMPL COM_RTOFS_TMPL
++++ config.com[50]COM_BASE='${ROTDIR}/${RUN}.${YMD}/${HH}/${MEMDIR}'
++++ config.com[52]declare -rx 'COM_TOP_TMPL=${ROTDIR}/${RUN}.${YMD}/${HH}'
++++ config.com[54]declare -rx 'COM_CONF_TMPL=${ROTDIR}/${RUN}.${YMD}/${HH}/${MEMDIR}/conf'
++++ config.com[55]declare -rx 'COM_OBS_JEDI=${ROTDIR}/${RUN}.${YMD}/${HH}/${MEMDIR}/obs_jedi'
++++ config.com[57]declare -rx 'COM_ATMOS_INPUT_TMPL=${ROTDIR}/${RUN}.${YMD}/${HH}/${MEMDIR}/model/atmos/input'
++++ config.com[58]declare -rx 'COM_ATMOS_RESTART_TMPL=${ROTDIR}/${RUN}.${YMD}/${HH}/${MEMDIR}/model/atmos/restart'
++++ config.com[59]declare -rx 'COM_ATMOS_ANALYSIS_TMPL=${ROTDIR}/${RUN}.${YMD}/${HH}/${MEMDIR}/analysis/atmos'
++++ config.com[60]declare -rx 'COM_SNOW_ANALYSIS_TMPL=${ROTDIR}/${RUN}.${YMD}/${HH}/${MEMDIR}/analysis/snow'
++++ config.com[61]declare -rx 'COM_SNOW_ANLMON_TMPL=${ROTDIR}/${RUN}.${YMD}/${HH}/${MEMDIR}/products/snow/anlmon'
++++ config.com[62]declare -rx 'COM_ATMOS_HISTORY_TMPL=${ROTDIR}/${RUN}.${YMD}/${HH}/${MEMDIR}/model/atmos/history'
++++ config.com[63]declare -rx 'COM_ATMOS_MASTER_TMPL=${ROTDIR}/${RUN}.${YMD}/${HH}/${MEMDIR}/model/atmos/master'
++++ config.com[64]declare -rx 'COM_ATMOS_GRIB_TMPL=${ROTDIR}/${RUN}.${YMD}/${HH}/${MEMDIR}/products/atmos/grib2'
++++ config.com[65]declare -rx 'COM_ATMOS_GRIB_GRID_TMPL=${ROTDIR}/${RUN}.${YMD}/${HH}/${MEMDIR}/products/atmos/grib2/${GRID}'
++++ config.com[66]declare -rx 'COM_ATMOS_BUFR_TMPL=${ROTDIR}/${RUN}.${YMD}/${HH}/${MEMDIR}/products/atmos/bufr'
++++ config.com[67]declare -rx 'COM_ATMOS_GEMPAK_TMPL=${ROTDIR}/${RUN}.${YMD}/${HH}/${MEMDIR}/products/atmos/gempak/${GRID}'
++++ config.com[68]declare -rx 'COM_ATMOS_GENESIS_TMPL=${ROTDIR}/${RUN}.${YMD}/${HH}/${MEMDIR}/products/atmos/cyclone/genesis_vital'
++++ config.com[69]declare -rx 'COM_ATMOS_TRACK_TMPL=${ROTDIR}/${RUN}.${YMD}/${HH}/${MEMDIR}/products/atmos/cyclone/tracks'
++++ config.com[70]declare -rx 'COM_ATMOS_GOES_TMPL=${ROTDIR}/${RUN}.${YMD}/${HH}/${MEMDIR}/products/atmos/goes_sim'
++++ config.com[71]declare -rx 'COM_ATMOS_IMAGERY_TMPL=${ROTDIR}/${RUN}.${YMD}/${HH}/${MEMDIR}/products/atmos/imagery'
++++ config.com[72]declare -rx 'COM_ATMOS_OZNMON_TMPL=${ROTDIR}/${RUN}.${YMD}/${HH}/${MEMDIR}/products/atmos/oznmon'
++++ config.com[73]declare -rx 'COM_ATMOS_RADMON_TMPL=${ROTDIR}/${RUN}.${YMD}/${HH}/${MEMDIR}/products/atmos/radmon'
++++ config.com[74]declare -rx 'COM_ATMOS_MINMON_TMPL=${ROTDIR}/${RUN}.${YMD}/${HH}/${MEMDIR}/products/atmos/minmon'
++++ config.com[75]declare -rx 'COM_ATMOS_ANLMON_TMPL=${ROTDIR}/${RUN}.${YMD}/${HH}/${MEMDIR}/products/atmos/anlmon'
++++ config.com[76]declare -rx 'COM_ATMOS_WMO_TMPL=${ROTDIR}/${RUN}.${YMD}/${HH}/${MEMDIR}/products/atmos/wmo'
++++ config.com[78]declare -rx 'COM_WAVE_RESTART_TMPL=${ROTDIR}/${RUN}.${YMD}/${HH}/${MEMDIR}/model/wave/restart'
++++ config.com[79]declare -rx 'COM_WAVE_PREP_TMPL=${ROTDIR}/${RUN}.${YMD}/${HH}/${MEMDIR}/model/wave/prep'
++++ config.com[80]declare -rx 'COM_WAVE_HISTORY_TMPL=${ROTDIR}/${RUN}.${YMD}/${HH}/${MEMDIR}/model/wave/history'
++++ config.com[81]declare -rx 'COM_WAVE_GRID_TMPL=${ROTDIR}/${RUN}.${YMD}/${HH}/${MEMDIR}/products/wave/gridded'
++++ config.com[82]declare -rx 'COM_WAVE_GRID_RES_TMPL=${ROTDIR}/${RUN}.${YMD}/${HH}/${MEMDIR}/products/wave/gridded/${GRDRESNAME}'
++++ config.com[83]declare -rx 'COM_WAVE_STATION_TMPL=${ROTDIR}/${RUN}.${YMD}/${HH}/${MEMDIR}/products/wave/station'
++++ config.com[84]declare -rx 'COM_WAVE_GEMPAK_TMPL=${ROTDIR}/${RUN}.${YMD}/${HH}/${MEMDIR}/products/wave/gempak'
++++ config.com[85]declare -rx 'COM_WAVE_WMO_TMPL=${ROTDIR}/${RUN}.${YMD}/${HH}/${MEMDIR}/products/wave/wmo'
++++ config.com[87]declare -rx 'COM_OCEAN_HISTORY_TMPL=${ROTDIR}/${RUN}.${YMD}/${HH}/${MEMDIR}/model/ocean/history'
++++ config.com[88]declare -rx 'COM_OCEAN_RESTART_TMPL=${ROTDIR}/${RUN}.${YMD}/${HH}/${MEMDIR}/model/ocean/restart'
++++ config.com[89]declare -rx 'COM_OCEAN_INPUT_TMPL=${ROTDIR}/${RUN}.${YMD}/${HH}/${MEMDIR}/model/ocean/input'
++++ config.com[90]declare -rx 'COM_OCEAN_ANALYSIS_TMPL=${ROTDIR}/${RUN}.${YMD}/${HH}/${MEMDIR}/analysis/ocean'
++++ config.com[91]declare -rx 'COM_OCEAN_ANLMON_TMPL=${ROTDIR}/${RUN}.${YMD}/${HH}/${MEMDIR}/products/ocean/anlmon'
++++ config.com[92]declare -rx 'COM_OCEAN_LETKF_TMPL=${ROTDIR}/${RUN}.${YMD}/${HH}/${MEMDIR}/analysis/ocean/letkf'
++++ config.com[93]declare -rx 'COM_OCEAN_BMATRIX_TMPL=${ROTDIR}/${RUN}.${YMD}/${HH}/${MEMDIR}/bmatrix/ocean'
++++ config.com[94]declare -rx 'COM_OCEAN_NETCDF_TMPL=${ROTDIR}/${RUN}.${YMD}/${HH}/${MEMDIR}/products/ocean/netcdf'
++++ config.com[95]declare -rx 'COM_OCEAN_GRIB_TMPL=${ROTDIR}/${RUN}.${YMD}/${HH}/${MEMDIR}/products/ocean/grib2'
++++ config.com[96]declare -rx 'COM_OCEAN_GRIB_GRID_TMPL=${ROTDIR}/${RUN}.${YMD}/${HH}/${MEMDIR}/products/ocean/grib2/${GRID}'
++++ config.com[98]declare -rx 'COM_ICE_ANALYSIS_TMPL=${ROTDIR}/${RUN}.${YMD}/${HH}/${MEMDIR}/analysis/ice'
++++ config.com[99]declare -rx 'COM_ICE_LETKF_TMPL=${ROTDIR}/${RUN}.${YMD}/${HH}/${MEMDIR}/analysis/ice/letkf'
++++ config.com[100]declare -rx 'COM_ICE_ANLMON_TMPL=${ROTDIR}/${RUN}.${YMD}/${HH}/${MEMDIR}/products/ice/anlmon'
++++ config.com[101]declare -rx 'COM_ICE_BMATRIX_TMPL=${ROTDIR}/${RUN}.${YMD}/${HH}/${MEMDIR}/bmatrix/ice'
++++ config.com[102]declare -rx 'COM_ICE_INPUT_TMPL=${ROTDIR}/${RUN}.${YMD}/${HH}/${MEMDIR}/model/ice/input'
++++ config.com[103]declare -rx 'COM_ICE_HISTORY_TMPL=${ROTDIR}/${RUN}.${YMD}/${HH}/${MEMDIR}/model/ice/history'
++++ config.com[104]declare -rx 'COM_ICE_RESTART_TMPL=${ROTDIR}/${RUN}.${YMD}/${HH}/${MEMDIR}/model/ice/restart'
++++ config.com[105]declare -rx 'COM_ICE_NETCDF_TMPL=${ROTDIR}/${RUN}.${YMD}/${HH}/${MEMDIR}/products/ice/netcdf'
++++ config.com[106]declare -rx 'COM_ICE_GRIB_TMPL=${ROTDIR}/${RUN}.${YMD}/${HH}/${MEMDIR}/products/ice/grib2'
++++ config.com[107]declare -rx 'COM_ICE_GRIB_GRID_TMPL=${ROTDIR}/${RUN}.${YMD}/${HH}/${MEMDIR}/products/ice/grib2/${GRID}'
++++ config.com[109]declare -rx 'COM_CHEM_HISTORY_TMPL=${ROTDIR}/${RUN}.${YMD}/${HH}/${MEMDIR}/model/chem/history'
++++ config.com[110]declare -rx 'COM_CHEM_ANALYSIS_TMPL=${ROTDIR}/${RUN}.${YMD}/${HH}/${MEMDIR}/analysis/chem'
++++ config.com[111]declare -rx 'COM_CHEM_BMAT_TMPL=${ROTDIR}/${RUN}.${YMD}/${HH}/${MEMDIR}/analysis/chem/bmatrix'
++++ config.com[112]declare -rx 'COM_CHEM_ANLMON_TMPL=${ROTDIR}/${RUN}.${YMD}/${HH}/${MEMDIR}/products/chem/anlmon'
++++ config.com[114]declare -rx 'COM_MED_RESTART_TMPL=${ROTDIR}/${RUN}.${YMD}/${HH}/${MEMDIR}/model/med/restart'
+++ config.base[146]export LOGSCRIPT=
+++ config.base[146]LOGSCRIPT=
+++ config.base[148]export 'REDOUT=1>'
+++ config.base[148]REDOUT='1>'
+++ config.base[149]export 'REDERR=2>'
+++ config.base[149]REDERR='2>'
+++ config.base[151]export SENDECF=NO
+++ config.base[151]SENDECF=NO
+++ config.base[152]export SENDSDM=NO
+++ config.base[152]SENDSDM=NO
+++ config.base[153]export SENDDBN_NTC=NO
+++ config.base[153]SENDDBN_NTC=NO
+++ config.base[154]export SENDDBN=NO
+++ config.base[154]SENDDBN=NO
+++ config.base[155]export DBNROOT=/apps/ops/prod/nco/core/prod_util.v2.0.9/fakedbn
+++ config.base[155]DBNROOT=/apps/ops/prod/nco/core/prod_util.v2.0.9/fakedbn
+++ config.base[158]export APP=S2SW
+++ config.base[158]APP=S2SW
+++ config.base[160]shopt -s extglob
+++ config.base[163]case "${RUN}" in
+++ config.base[165]APP=S2S
+++ config.base[170]shopt -u extglob
+++ config.base[173]export DO_ATM=YES
+++ config.base[173]DO_ATM=YES
+++ config.base[174]export DO_COUPLED=NO
+++ config.base[174]DO_COUPLED=NO
+++ config.base[175]export DO_WAVE=NO
+++ config.base[175]DO_WAVE=NO
+++ config.base[176]export DO_OCN=NO
+++ config.base[176]DO_OCN=NO
+++ config.base[177]export DO_ICE=NO
+++ config.base[177]DO_ICE=NO
+++ config.base[178]DO_AERO=NO
+++ config.base[179]export DO_PREP_OBS_AERO=NO
+++ config.base[179]DO_PREP_OBS_AERO=NO
+++ config.base[180]aero_fcst_runs=gdas
+++ config.base[181]aero_anl_runs='gdas gfs'
+++ config.base[182]export DO_AERO_FCST=NO
+++ config.base[182]DO_AERO_FCST=NO
+++ config.base[183]export DO_AERO_ANL=NO
+++ config.base[183]DO_AERO_ANL=NO
+++ config.base[184]export DOBNDPNT_WAVE=YES
+++ config.base[184]DOBNDPNT_WAVE=YES
+++ config.base[185]export DOIBP_WAV=NO
+++ config.base[185]DOIBP_WAV=NO
+++ config.base[186]export FRAC_GRID=.true.
+++ config.base[186]FRAC_GRID=.true.
+++ config.base[187]export DO_NEST=NO
+++ config.base[187]DO_NEST=NO
+++ config.base[188][[ NO == \Y\E\S ]]
+++ config.base[194]export ntiles=6
+++ config.base[194]ntiles=6
+++ config.base[195]export FIXugwd=/lfs/h2/emc/global/noscrub/emc.global/RETRO_GFSv17/git/global-workflow/develop_20250602/fix/ugwd
+++ config.base[195]FIXugwd=/lfs/h2/emc/global/noscrub/emc.global/RETRO_GFSv17/git/global-workflow/develop_20250602/fix/ugwd
+++ config.base[196]export FIXorog=/lfs/h2/emc/global/noscrub/emc.global/RETRO_GFSv17/git/global-workflow/develop_20250602/fix/orog
+++ config.base[196]FIXorog=/lfs/h2/emc/global/noscrub/emc.global/RETRO_GFSv17/git/global-workflow/develop_20250602/fix/orog
+++ config.base[200]export OPS_RES=C768
+++ config.base[200]OPS_RES=C768
+++ config.base[203]export LEVS=128
+++ config.base[203]LEVS=128
+++ config.base[204]export CASE=C1152
+++ config.base[204]CASE=C1152
+++ config.base[205]export CASE_ENS=C384
+++ config.base[205]CASE_ENS=C384
+++ config.base[206]export OCNRES=025
+++ config.base[206]OCNRES=025
+++ config.base[207]export ICERES=025
+++ config.base[207]ICERES=025
+++ config.base[210]case "${CASE}" in
+++ config.base[221]export waveGRD=uglo_15km
+++ config.base[221]waveGRD=uglo_15km
+++ config.base[229]case "${APP}" in
+++ config.base[245]export DO_COUPLED=YES
+++ config.base[245]DO_COUPLED=YES
+++ config.base[246]export DO_OCN=YES
+++ config.base[246]DO_OCN=YES
+++ config.base[247]export DO_ICE=YES
+++ config.base[247]DO_ICE=YES
+++ config.base[249][[ S2S =~ A$ ]]
+++ config.base[253][[ S2S =~ ^S2SW ]]
+++ config.base[264][[ NO == \Y\E\S ]]
+++ config.base[274][[ enkfgdas =~ gdas ]]
+++ config.base[275]export FHCYC=1
+++ config.base[275]FHCYC=1
+++ config.base[276]export FTSFS=10
+++ config.base[276]FTSFS=10
+++ config.base[282]export FHMIN=0
+++ config.base[282]FHMIN=0
+++ config.base[283]export FHMAX=9
+++ config.base[283]FHMAX=9
+++ config.base[284]export FHOUT=3
+++ config.base[284]FHOUT=3
+++ config.base[285]export FHOUT_OCN=3
+++ config.base[285]FHOUT_OCN=3
+++ config.base[286]export FHOUT_ICE=3
+++ config.base[286]FHOUT_ICE=3
+++ config.base[287]export FHOUT_AERO=3
+++ config.base[287]FHOUT_AERO=3
+++ config.base[290]export EUPD_CYC=both
+++ config.base[290]EUPD_CYC=both
+++ config.base[293]export INTERVAL_GFS=6
+++ config.base[293]INTERVAL_GFS=6
+++ config.base[294]export SDATE_GFS=2024111512
+++ config.base[294]SDATE_GFS=2024111512
+++ config.base[297]export FHMIN_GFS=0
+++ config.base[297]FHMIN_GFS=0
+++ config.base[298]export FHMAX_GFS=384
+++ config.base[298]FHMAX_GFS=384
+++ config.base[300]breakpnts=
+++ config.base[301]export FCST_SEGMENTS=0,384
+++ config.base[301]FCST_SEGMENTS=0,384
+++ config.base[302]export FHOUT_GFS=3
+++ config.base[302]FHOUT_GFS=3
+++ config.base[303]export FHMAX_HF_GFS=120
+++ config.base[303]FHMAX_HF_GFS=120
+++ config.base[304]export FHOUT_HF_GFS=1
+++ config.base[304]FHOUT_HF_GFS=1
+++ config.base[305]export FHOUT_OCN_GFS=6
+++ config.base[305]FHOUT_OCN_GFS=6
+++ config.base[306]export FHOUT_ICE_GFS=6
+++ config.base[306]FHOUT_ICE_GFS=6
+++ config.base[307]export FHMIN_WAV=0
+++ config.base[307]FHMIN_WAV=0
+++ config.base[308]export FHOUT_WAV=3
+++ config.base[308]FHOUT_WAV=3
+++ config.base[309]export FHMAX_HF_WAV=120
+++ config.base[309]FHMAX_HF_WAV=120
+++ config.base[310]export FHOUT_HF_WAV=1
+++ config.base[310]FHOUT_HF_WAV=1
+++ config.base[311]export FHMAX_WAV=9
+++ config.base[311]FHMAX_WAV=9
+++ config.base[312]export FHMAX_WAV_GFS=384
+++ config.base[312]FHMAX_WAV_GFS=384
+++ config.base[313]export FHMAX_HF_GFS=120
+++ config.base[313]FHMAX_HF_GFS=120
+++ config.base[314]export FHMAX_WAV=9
+++ config.base[314]FHMAX_WAV=9
+++ config.base[315]export FHMAX_WAV_GFS=384
+++ config.base[315]FHMAX_WAV_GFS=384
+++ config.base[316]export FHMAX_HF_WAV=120
+++ config.base[316]FHMAX_HF_WAV=120
+++ config.base[319]export ILPOST=1
+++ config.base[319]ILPOST=1
+++ config.base[320]((  FHMAX_HF_GFS < 120  ))
+++ config.base[325]export FHMAX_GOES=180
+++ config.base[325]FHMAX_GOES=180
+++ config.base[326]export FHOUT_GOES=3
+++ config.base[326]FHOUT_GOES=3
+++ config.base[327]((  FHMAX_GOES > FHMAX_GFS  ))
+++ config.base[332]export restart_interval_gfs=12
+++ config.base[332]restart_interval_gfs=12
+++ config.base[337]export QUILTING=.true.
+++ config.base[337]QUILTING=.true.
+++ config.base[338]export OUTPUT_GRID=gaussian_grid
+++ config.base[338]OUTPUT_GRID=gaussian_grid
+++ config.base[339]export WRITE_DOPOST=.true.
+++ config.base[339]WRITE_DOPOST=.true.
+++ config.base[340]export WRITE_NSFLIP=.true.
+++ config.base[340]WRITE_NSFLIP=.true.
+++ config.base[343]export DOIAU=YES
+++ config.base[343]DOIAU=YES
+++ config.base[344]export IAUFHRS=3,6,9
+++ config.base[344]IAUFHRS=3,6,9
+++ config.base[345]export IAU_FHROT=3
+++ config.base[345]IAU_FHROT=3
+++ config.base[346]export IAU_DELTHRS=6
+++ config.base[346]IAU_DELTHRS=6
+++ config.base[347]export IAU_OFFSET=6
+++ config.base[347]IAU_OFFSET=6
+++ config.base[348]export DOIAU_ENKF=YES
+++ config.base[348]DOIAU_ENKF=YES
+++ config.base[349]export IAUFHRS_ENKF=3,6,9
+++ config.base[349]IAUFHRS_ENKF=3,6,9
+++ config.base[350]export IAU_DELTHRS_ENKF=6
+++ config.base[350]IAU_DELTHRS_ENKF=6
+++ config.base[353]export lobsdiag_forenkf=.true.
+++ config.base[353]lobsdiag_forenkf=.true.
+++ config.base[361]export imp_physics=8
+++ config.base[361]imp_physics=8
+++ config.base[365]export DO_JEDIATMVAR=NO
+++ config.base[365]DO_JEDIATMVAR=NO
+++ config.base[366]export DO_JEDIATMENS=NO
+++ config.base[366]DO_JEDIATMENS=NO
+++ config.base[367]export DO_JEDIOCNVAR=YES
+++ config.base[367]DO_JEDIOCNVAR=YES
+++ config.base[368]export DO_JEDISNOWDA=YES
+++ config.base[368]DO_JEDISNOWDA=YES
+++ config.base[369]export DO_MERGENSST=NO
+++ config.base[369]DO_MERGENSST=NO
+++ config.base[370]export DO_STARTMEM_FROM_JEDIICE=YES
+++ config.base[370]DO_STARTMEM_FROM_JEDIICE=YES
+++ config.base[373]export DOHYBVAR=YES
+++ config.base[373]DOHYBVAR=YES
+++ config.base[374]export DOHYBVAR_OCN=YES
+++ config.base[374]DOHYBVAR_OCN=YES
+++ config.base[375]export DOLETKF_OCN=NO
+++ config.base[375]DOLETKF_OCN=NO
+++ config.base[376]export NMEM_ENS=80
+++ config.base[376]NMEM_ENS=80
+++ config.base[377]export SMOOTH_ENKF=NO
+++ config.base[377]SMOOTH_ENKF=NO
+++ config.base[378]export l4densvar=.true.
+++ config.base[378]l4densvar=.true.
+++ config.base[379]export lwrite4danl=.true.
+++ config.base[379]lwrite4danl=.true.
+++ config.base[380]export DO_CALC_INCREMENT=NO
+++ config.base[380]DO_CALC_INCREMENT=NO
+++ config.base[383]export NMEM_ENS_GFS=30
+++ config.base[383]NMEM_ENS_GFS=30
+++ config.base[384]export NMEM_ENS_GFS_OFFSET=20
+++ config.base[384]NMEM_ENS_GFS_OFFSET=20
+++ config.base[385]export DO_CALC_INCREMENT_ENKF_GFS=NO
+++ config.base[385]DO_CALC_INCREMENT_ENKF_GFS=NO
+++ config.base[388][[ YES = \Y\E\S ]]
+++ config.base[389]export FHMIN_ENKF=3
+++ config.base[389]FHMIN_ENKF=3
+++ config.base[390]export FHMAX_ENKF=9
+++ config.base[390]FHMAX_ENKF=9
+++ config.base[391]export FHMAX_ENKF_GFS=12
+++ config.base[391]FHMAX_ENKF_GFS=12
+++ config.base[392]export FHOUT_ENKF_GFS=3
+++ config.base[392]FHOUT_ENKF_GFS=3
+++ config.base[393][[ .true. = \.\t\r\u\e\. ]]
+++ config.base[394]export FHOUT=1
+++ config.base[394]FHOUT=1
+++ config.base[395]export FHOUT_ENKF=1
+++ config.base[395]FHOUT_ENKF=1
+++ config.base[402][[ YES == \N\O ]]
+++ config.base[410]export ENKF_SPREAD=YES
+++ config.base[410]ENKF_SPREAD=YES
+++ config.base[413][[ cycled = \c\y\c\l\e\d ]]
+++ config.base[413][[ 2024111506 = \2\0\2\4\1\1\2\4\1\8 ]]
+++ config.base[413][[ YES = \N\O ]]
+++ config.base[413][[ cycled = \f\o\r\e\c\a\s\t\-\o\n\l\y ]]
+++ config.base[419][[ YES = \N\O ]]
+++ config.base[423][[ YES == \Y\E\S ]]
+++ config.base[424]export restart_interval_enkfgdas=3
+++ config.base[424]restart_interval_enkfgdas=3
+++ config.base[429]export restart_interval_enkfgfs=3
+++ config.base[429]restart_interval_enkfgfs=3
+++ config.base[431][[ YES == \Y\E\S ]]
+++ config.base[432]export restart_interval_gdas=3
+++ config.base[432]restart_interval_gdas=3
+++ config.base[437]export DO_GSISOILDA=YES
+++ config.base[437]DO_GSISOILDA=YES
+++ config.base[440]export DONST=YES
+++ config.base[440]DONST=YES
+++ config.base[441][[ YES = \Y\E\S ]]
+++ config.base[441]export 'FNTSFA=        '
+++ config.base[441]FNTSFA='        '
+++ config.base[444]export nst_anl=.true.
+++ config.base[444]nst_anl=.true.
+++ config.base[447]export MAKE_NSSTBUFR=NO
+++ config.base[447]MAKE_NSSTBUFR=NO
+++ config.base[450]export MAKE_ACFTBUFR=NO
+++ config.base[450]MAKE_ACFTBUFR=NO
+++ config.base[453]export 'INCREMENTS_TO_ZERO='\''liq_wat_inc'\'','\''icmr_inc'\'','\''rwmr_inc'\'','\''snmr_inc'\'','\''grle_inc'\'''
+++ config.base[453]INCREMENTS_TO_ZERO=''\''liq_wat_inc'\'','\''icmr_inc'\'','\''rwmr_inc'\'','\''snmr_inc'\'','\''grle_inc'\'''
+++ config.base[456]export 'INCVARS_ZERO_STRAT='\''sphum_inc'\'','\''liq_wat_inc'\'','\''icmr_inc'\'','\''rwmr_inc'\'','\''snmr_inc'\'','\''grle_inc'\'''
+++ config.base[456]INCVARS_ZERO_STRAT=''\''sphum_inc'\'','\''liq_wat_inc'\'','\''icmr_inc'\'','\''rwmr_inc'\'','\''snmr_inc'\'','\''grle_inc'\'''
+++ config.base[457]export INCVARS_EFOLD=5
+++ config.base[457]INCVARS_EFOLD=5
+++ config.base[462]export netcdf_diag=.true.
+++ config.base[462]netcdf_diag=.true.
+++ config.base[463]export binary_diag=.false.
+++ config.base[463]binary_diag=.false.
+++ config.base[466]export DO_CA=YES
+++ config.base[466]DO_CA=YES
+++ config.base[469]export DO_METP=YES
+++ config.base[469]DO_METP=YES
+++ config.base[470]export DO_FIT2OBS=YES
+++ config.base[470]DO_FIT2OBS=YES
+++ config.base[473]export FHMAX_FITS=132
+++ config.base[473]FHMAX_FITS=132
+++ config.base[474][[ 132 -gt 384 ]]
+++ config.base[480]export DO_FETCH_HPSS=NO
+++ config.base[480]DO_FETCH_HPSS=NO
+++ config.base[481]export DO_FETCH_LOCAL=NO
+++ config.base[481]DO_FETCH_LOCAL=NO
+++ config.base[484]export DO_ARCHCOM=YES
+++ config.base[484]DO_ARCHCOM=YES
+++ config.base[485]export ARCHCOM_TO=hpss
+++ config.base[485]ARCHCOM_TO=hpss
+++ config.base[488]export 'CLIENT_GLOBUS_UUID={{ CLIENT_GLOBUS_UUID }}'
+++ config.base[488]CLIENT_GLOBUS_UUID='{{ CLIENT_GLOBUS_UUID }}'
+++ config.base[491][[ NO = \Y\E\S ]]
+++ config.base[498][[ NO = \Y\E\S ]]
+++ config.base[498][[ YES = \Y\E\S ]]
+++ config.base[499]export DO_ANLSTAT=YES
+++ config.base[499]DO_ANLSTAT=YES
+++ config.base[504]export REPLAY_ICS=NO
+++ config.base[504]REPLAY_ICS=NO
+++ config.base[505]export OFFSET_START_HOUR=0
+++ config.base[505]OFFSET_START_HOUR=0
+++ config.base[508]export NUM_SND_COLLECTIVES=9
+++ config.base[508]NUM_SND_COLLECTIVES=9
+++ config.base[510]echo 'END: config.base'
END: config.base
++ jjob_header.sh[106]true
++ jjob_header.sh[107]export err=0
++ jjob_header.sh[107]err=0
++ jjob_header.sh[108][[ 0 -ne 0 ]]
++ jjob_header.sh[105]for config in "${configs[@]:-''}"
++ jjob_header.sh[106]source /lfs/h2/emc/global/noscrub/emc.global/RETRO_GFSv17/expdir/retrotestgfs10/config.epos
+++ config.epos[6]echo 'BEGIN: config.epos'
BEGIN: config.epos
+++ config.epos[9]source /lfs/h2/emc/global/noscrub/emc.global/RETRO_GFSv17/expdir/retrotestgfs10/config.resources epos
++++ config.resources[10]((  1 != 1  ))
++++ config.resources[34]step=epos
++++ config.resources[36]echo 'BEGIN: config.resources'
BEGIN: config.resources
++++ config.resources[38]case ${machine} in
++++ config.resources[40]max_tasks_per_node=128
++++ config.resources[43]mem_node_max=500GB
++++ config.resources[106]export max_tasks_per_node
++++ config.resources[108]case ${step} in
++++ config.resources[1316]walltime=00:15:00
++++ config.resources[1317][[ C1152 == \C\7\6\8 ]]
++++ config.resources[1317][[ C1152 == \C\1\1\5\2 ]]
++++ config.resources[1318]walltime=00:25:00
++++ config.resources[1320]ntasks=80
++++ config.resources[1321]threads_per_task=1
++++ config.resources[1322]tasks_per_node=128
++++ config.resources[1323]memory=500GB
++++ config.resources[1324]export is_exclusive=True
++++ config.resources[1324]is_exclusive=True
++++ config.resources[1400][[ -f /lfs/h2/emc/global/noscrub/emc.global/RETRO_GFSv17/expdir/retrotestgfs10/config.resources.WCOSS2 ]]
++++ config.resources[1401]source /lfs/h2/emc/global/noscrub/emc.global/RETRO_GFSv17/expdir/retrotestgfs10/config.resources.WCOSS2
+++++ config.resources.WCOSS2[5]case ${step} in
++++ config.resources[1405]for resource_var in threads_per_task ntasks tasks_per_node NTASKS memory walltime
++++ config.resources[1406]run_resource_var=threads_per_task_enkfgdas
++++ config.resources[1407][[ -n '' ]]
++++ config.resources[1409][[ -n 0 ]]
++++ config.resources[1410]export threads_per_task
++++ config.resources[1405]for resource_var in threads_per_task ntasks tasks_per_node NTASKS memory walltime
++++ config.resources[1406]run_resource_var=ntasks_enkfgdas
++++ config.resources[1407][[ -n '' ]]
++++ config.resources[1409][[ -n 0 ]]
++++ config.resources[1410]export ntasks
++++ config.resources[1405]for resource_var in threads_per_task ntasks tasks_per_node NTASKS memory walltime
++++ config.resources[1406]run_resource_var=tasks_per_node_enkfgdas
++++ config.resources[1407][[ -n '' ]]
++++ config.resources[1409][[ -n 0 ]]
++++ config.resources[1410]export tasks_per_node
++++ config.resources[1405]for resource_var in threads_per_task ntasks tasks_per_node NTASKS memory walltime
++++ config.resources[1406]run_resource_var=NTASKS_enkfgdas
++++ config.resources[1407][[ -n '' ]]
++++ config.resources[1409][[ -n '' ]]
++++ config.resources[1405]for resource_var in threads_per_task ntasks tasks_per_node NTASKS memory walltime
++++ config.resources[1406]run_resource_var=memory_enkfgdas
++++ config.resources[1407][[ -n '' ]]
++++ config.resources[1409][[ -n 0 ]]
++++ config.resources[1410]export memory
++++ config.resources[1405]for resource_var in threads_per_task ntasks tasks_per_node NTASKS memory walltime
++++ config.resources[1406]run_resource_var=walltime_enkfgdas
++++ config.resources[1407][[ -n '' ]]
++++ config.resources[1409][[ -n 0 ]]
++++ config.resources[1410]export walltime
++++ config.resources[1414]echo 'END: config.resources'
END: config.resources
+++ config.epos[12]export NEPOSGRP=7
+++ config.epos[12]NEPOSGRP=7
+++ config.epos[13][[ .true. == \.\f\a\l\s\e\. ]]
+++ config.epos[17]echo 'END: config.epos'
END: config.epos
++ jjob_header.sh[106]true
++ jjob_header.sh[107]export err=0
++ jjob_header.sh[107]err=0
++ jjob_header.sh[108][[ 0 -ne 0 ]]
++ jjob_header.sh[117]source /lfs/h2/emc/global/noscrub/emc.global/RETRO_GFSv17/git/global-workflow/develop_20250602/env/WCOSS2.env epos
+++ WCOSS2.env[3][[ 1 -ne 1 ]]
+++ WCOSS2.env[10]step=epos
+++ WCOSS2.env[13]export 'launcher=mpiexec -l'
+++ WCOSS2.env[13]launcher='mpiexec -l'
+++ WCOSS2.env[14]export 'mpmd_opt=--cpu-bind verbose,core cfp'
+++ WCOSS2.env[14]mpmd_opt='--cpu-bind verbose,core cfp'
+++ WCOSS2.env[18][[ -n 80 ]]
+++ WCOSS2.env[18][[ -n 128 ]]
+++ WCOSS2.env[18][[ -n 128 ]]
+++ WCOSS2.env[19]max_threads_per_task=1
+++ WCOSS2.env[20]NTHREADSmax=1
+++ WCOSS2.env[21]NTHREADS1=1
+++ WCOSS2.env[22][[ 1 -gt 1 ]]
+++ WCOSS2.env[25][[ 1 -gt 1 ]]
+++ WCOSS2.env[28]APRUN_default='mpiexec -l -n 80'
+++ WCOSS2.env[34][[ epos = \p\r\e\p ]]
+++ WCOSS2.env[34][[ epos = \p\r\e\p\b\u\f\r ]]
+++ WCOSS2.env[41][[ epos = \p\r\e\p\_\e\m\i\s\s\i\o\n\s ]]
+++ WCOSS2.env[45][[ epos = \w\a\v\e\i\n\i\t ]]
+++ WCOSS2.env[45][[ epos = \w\a\v\e\p\r\e\p ]]
+++ WCOSS2.env[45][[ epos = \w\a\v\e\p\o\s\t\s\b\s ]]
+++ WCOSS2.env[45][[ epos = \w\a\v\e\p\o\s\t\b\n\d\p\n\t ]]
+++ WCOSS2.env[45][[ epos = \w\a\v\e\p\o\s\t\b\n\d\p\n\t\b\l\l ]]
+++ WCOSS2.env[45][[ epos = \w\a\v\e\p\o\s\t\p\n\t ]]
+++ WCOSS2.env[51][[ epos = \a\t\m\a\n\l\v\a\r ]]
+++ WCOSS2.env[56][[ epos = \a\t\m\e\n\s\a\n\l\o\b\s ]]
+++ WCOSS2.env[61][[ epos = \a\t\m\e\n\s\a\n\l\s\o\l ]]
+++ WCOSS2.env[66][[ epos = \a\t\m\e\n\s\a\n\l\l\e\t\k\f ]]
+++ WCOSS2.env[71][[ epos = \a\t\m\e\n\s\a\n\l\f\v\3\i\n\c ]]
+++ WCOSS2.env[76][[ epos = \a\e\r\o\a\n\l\v\a\r ]]
+++ WCOSS2.env[83][[ epos = \a\e\r\o\a\n\l\g\e\n\b ]]
+++ WCOSS2.env[88][[ epos = \p\r\e\p\o\b\s\a\e\r\o ]]
+++ WCOSS2.env[93][[ epos = \s\n\o\w\a\n\l ]]
+++ WCOSS2.env[102][[ epos = \e\s\n\o\w\a\n\l ]]
+++ WCOSS2.env[111][[ epos = \m\a\r\i\n\e\b\m\a\t ]]
+++ WCOSS2.env[116][[ epos = \m\a\r\i\n\e\a\n\l\v\a\r ]]
+++ WCOSS2.env[121][[ epos = \m\a\r\i\n\e\a\n\l\c\h\k\p\t ]]
+++ WCOSS2.env[129][[ epos = \o\c\n\a\n\a\l\e\c\e\n ]]
+++ WCOSS2.env[134][[ epos = \m\a\r\i\n\e\a\n\l\l\e\t\k\f ]]
+++ WCOSS2.env[139][[ epos = \a\t\m\a\n\l\f\v\3\i\n\c ]]
+++ WCOSS2.env[144][[ epos = \a\n\l\s\t\a\t ]]
+++ WCOSS2.env[149][[ epos = \e\c\e\n\_\f\v\3\j\e\d\i ]]
+++ WCOSS2.env[155][[ epos = \a\n\a\l\c\a\l\c\_\f\v\3\j\e\d\i ]]
+++ WCOSS2.env[160][[ epos = \a\n\a\l ]]
+++ WCOSS2.env[160][[ epos = \a\n\a\l\c\a\l\c ]]
+++ WCOSS2.env[200][[ epos = \s\f\c\a\n\l ]]
+++ WCOSS2.env[212][[ epos = \e\o\b\s ]]
+++ WCOSS2.env[225][[ epos = \e\u\p\d ]]
+++ WCOSS2.env[243][[ epos = \f\c\s\t ]]
+++ WCOSS2.env[243][[ epos = \e\f\c\s ]]
+++ WCOSS2.env[261][[ epos = \u\p\p ]]
+++ WCOSS2.env[266][[ epos = \a\t\m\o\s\_\p\r\o\d\u\c\t\s ]]
+++ WCOSS2.env[270][[ epos = \o\c\e\a\n\i\c\e\_\p\r\o\d\u\c\t\s ]]
+++ WCOSS2.env[275][[ epos = \e\c\e\n ]]
+++ WCOSS2.env[298][[ epos = \e\s\f\c ]]
+++ WCOSS2.env[313][[ epos = \e\p\o\s ]]
+++ WCOSS2.env[315]export NTHREADS_EPOS=1
+++ WCOSS2.env[315]NTHREADS_EPOS=1
+++ WCOSS2.env[316]export 'APRUN_EPOS=mpiexec -l -n 80 -ppn 128 --cpu-bind depth --depth 1'
+++ WCOSS2.env[316]APRUN_EPOS='mpiexec -l -n 80 -ppn 128 --cpu-bind depth --depth 1'
++ jjob_header.sh[117]true
++ jjob_header.sh[118]export err=0
++ jjob_header.sh[118]err=0
++ jjob_header.sh[119][[ 0 -ne 0 ]]
+ JGDAS_ENKF_POST[14]export GFS_NCIO=YES
+ JGDAS_ENKF_POST[14]GFS_NCIO=YES
+ JGDAS_ENKF_POST[16]export PREFIX=enkfgdas.t18z.
+ JGDAS_ENKF_POST[16]PREFIX=enkfgdas.t18z.
+ JGDAS_ENKF_POST[18]export LEVS=127
+ JGDAS_ENKF_POST[18]LEVS=127
+ JGDAS_ENKF_POST[24]/lfs/h2/emc/global/noscrub/emc.global/RETRO_GFSv17/git/global-workflow/develop_20250602/scripts/exgdas_enkf_post.sh
+ bash[8]'[' -z '' ']'
+ bash[9]case "$-" in
+ bash[12]__lmod_vx=x
+ bash[16]'[' -n x ']'
+ bash[16]set +x
Shell debugging temporarily silenced: export LMOD_SH_DBG_ON=1 for this output (/usr/share/lmod/lmod/init/bash)
Shell debugging restarted
+ bash[169]unset __lmod_vx
++ exgdas_enkf_post.sh[21]pwd
+ exgdas_enkf_post.sh[21]pwd=/lfs/h2/emc/stmp/emc.global/RUNDIRS/retrotestgfs10/enkfgdas.2024112418/epos.2946034
+ exgdas_enkf_post.sh[23]APRUN_EPOS='mpiexec -l -n 80 -ppn 128 --cpu-bind depth --depth 1'
+ exgdas_enkf_post.sh[24]NTHREADS_EPOS=1
+ exgdas_enkf_post.sh[27]SENDDBN=NO
+ exgdas_enkf_post.sh[30]LEVS=127
+ exgdas_enkf_post.sh[31]HYBENSMOOTH=/lfs/h2/emc/global/noscrub/emc.global/RETRO_GFSv17/git/global-workflow/develop_20250602/fix/gsi/global_hybens_smoothinfo.l127.txt
+ exgdas_enkf_post.sh[34]GETATMENSMEANEXEC=/lfs/h2/emc/global/noscrub/emc.global/RETRO_GFSv17/git/global-workflow/develop_20250602/exec/getsigensmeanp_smooth.x
+ exgdas_enkf_post.sh[35]GETSFCENSMEANEXEC=/lfs/h2/emc/global/noscrub/emc.global/RETRO_GFSv17/git/global-workflow/develop_20250602/exec/getsfcensmeanp.x
+ exgdas_enkf_post.sh[38]PREFIX=enkfgdas.t18z.
+ exgdas_enkf_post.sh[39]FHMIN=004
+ exgdas_enkf_post.sh[40]FHMAX=004
+ exgdas_enkf_post.sh[41]FHOUT=004
+ exgdas_enkf_post.sh[43][[ enkfgdas == \e\n\k\f\g\f\s ]]
+ exgdas_enkf_post.sh[46]NMEM_ENS=80
+ exgdas_enkf_post.sh[48]SMOOTH_ENKF=NO
+ exgdas_enkf_post.sh[49]ENKF_SPREAD=YES
+ exgdas_enkf_post.sh[53]ENKF_SUFFIX=s
+ exgdas_enkf_post.sh[54][[ NO == \N\O ]]
+ exgdas_enkf_post.sh[55]ENKF_SUFFIX=
+ exgdas_enkf_post.sh[60]cpreq /lfs/h2/emc/global/noscrub/emc.global/RETRO_GFSv17/git/global-workflow/develop_20250602/exec/getsfcensmeanp.x /lfs/h2/emc/stmp/emc.global/RUNDIRS/retrotestgfs10/enkfgdas.2024112418/epos.2946034
+ cpreq[3]cp /lfs/h2/emc/global/noscrub/emc.global/RETRO_GFSv17/git/global-workflow/develop_20250602/exec/getsfcensmeanp.x /lfs/h2/emc/stmp/emc.global/RUNDIRS/retrotestgfs10/enkfgdas.2024112418/epos.2946034
+ cpreq[4]'[' 0 -ne 0 ']'
+ exgdas_enkf_post.sh[61]cpreq /lfs/h2/emc/global/noscrub/emc.global/RETRO_GFSv17/git/global-workflow/develop_20250602/exec/getsigensmeanp_smooth.x /lfs/h2/emc/stmp/emc.global/RUNDIRS/retrotestgfs10/enkfgdas.2024112418/epos.2946034
+ cpreq[3]cp /lfs/h2/emc/global/noscrub/emc.global/RETRO_GFSv17/git/global-workflow/develop_20250602/exec/getsigensmeanp_smooth.x /lfs/h2/emc/stmp/emc.global/RUNDIRS/retrotestgfs10/enkfgdas.2024112418/epos.2946034
+ cpreq[4]'[' 0 -ne 0 ']'
+ exgdas_enkf_post.sh[63]export OMP_NUM_THREADS=1
+ exgdas_enkf_post.sh[63]OMP_NUM_THREADS=1
++ exgdas_enkf_post.sh[67]seq 1 80
+ exgdas_enkf_post.sh[67]for imem in $(seq 1 ${NMEM_ENS})
++ exgdas_enkf_post.sh[68]printf %03i 1
+ exgdas_enkf_post.sh[68]memchar=mem001
+ exgdas_enkf_post.sh[69]MEMDIR=mem001
+ exgdas_enkf_post.sh[69]YMD=20241124
+ exgdas_enkf_post.sh[69]HH=18
+ exgdas_enkf_post.sh[69]declare_from_tmpl -x COMIN_ATMOS_HISTORY:COM_ATMOS_HISTORY_TMPL
+ environment[0][[ NO == \N\O ]]
+ environment[1]set +x
declare_from_tmpl :: COMIN_ATMOS_HISTORY=/lfs/h2/emc/ptmp/emc.global/RETRO_GFSv17/comroot/retrotestgfs10/enkfgdas.20241124/18/mem001/model/atmos/history
++ exgdas_enkf_post.sh[72]seq 004 004 004
+ exgdas_enkf_post.sh[72]for fhr in $(seq ${FHMIN} ${FHOUT} ${FHMAX})
++ exgdas_enkf_post.sh[73]printf %03i 4
+ exgdas_enkf_post.sh[73]fhrchar=004
+ exgdas_enkf_post.sh[74]/bin/ln -sf /lfs/h2/emc/ptmp/emc.global/RETRO_GFSv17/comroot/retrotestgfs10/enkfgdas.20241124/18/mem001/model/atmos/history/enkfgdas.t18z.sfcf004.nc sfcf004_mem001
+ exgdas_enkf_post.sh[75]/bin/ln -sf /lfs/h2/emc/ptmp/emc.global/RETRO_GFSv17/comroot/retrotestgfs10/enkfgdas.20241124/18/mem001/model/atmos/history/enkfgdas.t18z.atmf004.nc atmf004_mem001
+ exgdas_enkf_post.sh[67]for imem in $(seq 1 ${NMEM_ENS})
++ exgdas_enkf_post.sh[68]printf %03i 2
+ exgdas_enkf_post.sh[68]memchar=mem002
+ exgdas_enkf_post.sh[69]MEMDIR=mem002
+ exgdas_enkf_post.sh[69]YMD=20241124
+ exgdas_enkf_post.sh[69]HH=18
+ exgdas_enkf_post.sh[69]declare_from_tmpl -x COMIN_ATMOS_HISTORY:COM_ATMOS_HISTORY_TMPL
+ environment[0][[ NO == \N\O ]]
+ environment[1]set +x
declare_from_tmpl :: COMIN_ATMOS_HISTORY=/lfs/h2/emc/ptmp/emc.global/RETRO_GFSv17/comroot/retrotestgfs10/enkfgdas.20241124/18/mem002/model/atmos/history
++ exgdas_enkf_post.sh[72]seq 004 004 004
+ exgdas_enkf_post.sh[72]for fhr in $(seq ${FHMIN} ${FHOUT} ${FHMAX})
++ exgdas_enkf_post.sh[73]printf %03i 4
+ exgdas_enkf_post.sh[73]fhrchar=004
+ exgdas_enkf_post.sh[74]/bin/ln -sf /lfs/h2/emc/ptmp/emc.global/RETRO_GFSv17/comroot/retrotestgfs10/enkfgdas.20241124/18/mem002/model/atmos/history/enkfgdas.t18z.sfcf004.nc sfcf004_mem002
+ exgdas_enkf_post.sh[75]/bin/ln -sf /lfs/h2/emc/ptmp/emc.global/RETRO_GFSv17/comroot/retrotestgfs10/enkfgdas.20241124/18/mem002/model/atmos/history/enkfgdas.t18z.atmf004.nc atmf004_mem002
+ exgdas_enkf_post.sh[67]for imem in $(seq 1 ${NMEM_ENS})
++ exgdas_enkf_post.sh[68]printf %03i 3
+ exgdas_enkf_post.sh[68]memchar=mem003
+ exgdas_enkf_post.sh[69]MEMDIR=mem003
+ exgdas_enkf_post.sh[69]YMD=20241124
+ exgdas_enkf_post.sh[69]HH=18
+ exgdas_enkf_post.sh[69]declare_from_tmpl -x COMIN_ATMOS_HISTORY:COM_ATMOS_HISTORY_TMPL
+ environment[0][[ NO == \N\O ]]
+ environment[1]set +x
declare_from_tmpl :: COMIN_ATMOS_HISTORY=/lfs/h2/emc/ptmp/emc.global/RETRO_GFSv17/comroot/retrotestgfs10/enkfgdas.20241124/18/mem003/model/atmos/history
++ exgdas_enkf_post.sh[72]seq 004 004 004
+ exgdas_enkf_post.sh[72]for fhr in $(seq ${FHMIN} ${FHOUT} ${FHMAX})
++ exgdas_enkf_post.sh[73]printf %03i 4
+ exgdas_enkf_post.sh[73]fhrchar=004
+ exgdas_enkf_post.sh[74]/bin/ln -sf /lfs/h2/emc/ptmp/emc.global/RETRO_GFSv17/comroot/retrotestgfs10/enkfgdas.20241124/18/mem003/model/atmos/history/enkfgdas.t18z.sfcf004.nc sfcf004_mem003
+ exgdas_enkf_post.sh[75]/bin/ln -sf /lfs/h2/emc/ptmp/emc.global/RETRO_GFSv17/comroot/retrotestgfs10/enkfgdas.20241124/18/mem003/model/atmos/history/enkfgdas.t18z.atmf004.nc atmf004_mem003
+ exgdas_enkf_post.sh[67]for imem in $(seq 1 ${NMEM_ENS})
++ exgdas_enkf_post.sh[68]printf %03i 4
+ exgdas_enkf_post.sh[68]memchar=mem004
+ exgdas_enkf_post.sh[69]MEMDIR=mem004
+ exgdas_enkf_post.sh[69]YMD=20241124
+ exgdas_enkf_post.sh[69]HH=18
+ exgdas_enkf_post.sh[69]declare_from_tmpl -x COMIN_ATMOS_HISTORY:COM_ATMOS_HISTORY_TMPL
+ environment[0][[ NO == \N\O ]]
+ environment[1]set +x
declare_from_tmpl :: COMIN_ATMOS_HISTORY=/lfs/h2/emc/ptmp/emc.global/RETRO_GFSv17/comroot/retrotestgfs10/enkfgdas.20241124/18/mem004/model/atmos/history
++ exgdas_enkf_post.sh[72]seq 004 004 004
+ exgdas_enkf_post.sh[72]for fhr in $(seq ${FHMIN} ${FHOUT} ${FHMAX})
++ exgdas_enkf_post.sh[73]printf %03i 4
+ exgdas_enkf_post.sh[73]fhrchar=004
+ exgdas_enkf_post.sh[74]/bin/ln -sf /lfs/h2/emc/ptmp/emc.global/RETRO_GFSv17/comroot/retrotestgfs10/enkfgdas.20241124/18/mem004/model/atmos/history/enkfgdas.t18z.sfcf004.nc sfcf004_mem004
+ exgdas_enkf_post.sh[75]/bin/ln -sf /lfs/h2/emc/ptmp/emc.global/RETRO_GFSv17/comroot/retrotestgfs10/enkfgdas.20241124/18/mem004/model/atmos/history/enkfgdas.t18z.atmf004.nc atmf004_mem004
+ exgdas_enkf_post.sh[67]for imem in $(seq 1 ${NMEM_ENS})
++ exgdas_enkf_post.sh[68]printf %03i 5
+ exgdas_enkf_post.sh[68]memchar=mem005
+ exgdas_enkf_post.sh[69]MEMDIR=mem005
+ exgdas_enkf_post.sh[69]YMD=20241124
+ exgdas_enkf_post.sh[69]HH=18
+ exgdas_enkf_post.sh[69]declare_from_tmpl -x COMIN_ATMOS_HISTORY:COM_ATMOS_HISTORY_TMPL
+ environment[0][[ NO == \N\O ]]
+ environment[1]set +x
declare_from_tmpl :: COMIN_ATMOS_HISTORY=/lfs/h2/emc/ptmp/emc.global/RETRO_GFSv17/comroot/retrotestgfs10/enkfgdas.20241124/18/mem005/model/atmos/history
++ exgdas_enkf_post.sh[72]seq 004 004 004
+ exgdas_enkf_post.sh[72]for fhr in $(seq ${FHMIN} ${FHOUT} ${FHMAX})
++ exgdas_enkf_post.sh[73]printf %03i 4
+ exgdas_enkf_post.sh[73]fhrchar=004
+ exgdas_enkf_post.sh[74]/bin/ln -sf /lfs/h2/emc/ptmp/emc.global/RETRO_GFSv17/comroot/retrotestgfs10/enkfgdas.20241124/18/mem005/model/atmos/history/enkfgdas.t18z.sfcf004.nc sfcf004_mem005
+ exgdas_enkf_post.sh[75]/bin/ln -sf /lfs/h2/emc/ptmp/emc.global/RETRO_GFSv17/comroot/retrotestgfs10/enkfgdas.20241124/18/mem005/model/atmos/history/enkfgdas.t18z.atmf004.nc atmf004_mem005
+ exgdas_enkf_post.sh[67]for imem in $(seq 1 ${NMEM_ENS})
++ exgdas_enkf_post.sh[68]printf %03i 6
+ exgdas_enkf_post.sh[68]memchar=mem006
+ exgdas_enkf_post.sh[69]MEMDIR=mem006
+ exgdas_enkf_post.sh[69]YMD=20241124
+ exgdas_enkf_post.sh[69]HH=18
+ exgdas_enkf_post.sh[69]declare_from_tmpl -x COMIN_ATMOS_HISTORY:COM_ATMOS_HISTORY_TMPL
+ environment[0][[ NO == \N\O ]]
+ environment[1]set +x
declare_from_tmpl :: COMIN_ATMOS_HISTORY=/lfs/h2/emc/ptmp/emc.global/RETRO_GFSv17/comroot/retrotestgfs10/enkfgdas.20241124/18/mem006/model/atmos/history
++ exgdas_enkf_post.sh[72]seq 004 004 004
+ exgdas_enkf_post.sh[72]for fhr in $(seq ${FHMIN} ${FHOUT} ${FHMAX})
++ exgdas_enkf_post.sh[73]printf %03i 4
+ exgdas_enkf_post.sh[73]fhrchar=004
+ exgdas_enkf_post.sh[74]/bin/ln -sf /lfs/h2/emc/ptmp/emc.global/RETRO_GFSv17/comroot/retrotestgfs10/enkfgdas.20241124/18/mem006/model/atmos/history/enkfgdas.t18z.sfcf004.nc sfcf004_mem006
+ exgdas_enkf_post.sh[75]/bin/ln -sf /lfs/h2/emc/ptmp/emc.global/RETRO_GFSv17/comroot/retrotestgfs10/enkfgdas.20241124/18/mem006/model/atmos/history/enkfgdas.t18z.atmf004.nc atmf004_mem006
+ exgdas_enkf_post.sh[67]for imem in $(seq 1 ${NMEM_ENS})
++ exgdas_enkf_post.sh[68]printf %03i 7
+ exgdas_enkf_post.sh[68]memchar=mem007
+ exgdas_enkf_post.sh[69]MEMDIR=mem007
+ exgdas_enkf_post.sh[69]YMD=20241124
+ exgdas_enkf_post.sh[69]HH=18
+ exgdas_enkf_post.sh[69]declare_from_tmpl -x COMIN_ATMOS_HISTORY:COM_ATMOS_HISTORY_TMPL
+ environment[0][[ NO == \N\O ]]
+ environment[1]set +x
declare_from_tmpl :: COMIN_ATMOS_HISTORY=/lfs/h2/emc/ptmp/emc.global/RETRO_GFSv17/comroot/retrotestgfs10/enkfgdas.20241124/18/mem007/model/atmos/history
++ exgdas_enkf_post.sh[72]seq 004 004 004
+ exgdas_enkf_post.sh[72]for fhr in $(seq ${FHMIN} ${FHOUT} ${FHMAX})
++ exgdas_enkf_post.sh[73]printf %03i 4
+ exgdas_enkf_post.sh[73]fhrchar=004
+ exgdas_enkf_post.sh[74]/bin/ln -sf /lfs/h2/emc/ptmp/emc.global/RETRO_GFSv17/comroot/retrotestgfs10/enkfgdas.20241124/18/mem007/model/atmos/history/enkfgdas.t18z.sfcf004.nc sfcf004_mem007
+ exgdas_enkf_post.sh[75]/bin/ln -sf /lfs/h2/emc/ptmp/emc.global/RETRO_GFSv17/comroot/retrotestgfs10/enkfgdas.20241124/18/mem007/model/atmos/history/enkfgdas.t18z.atmf004.nc atmf004_mem007
+ exgdas_enkf_post.sh[67]for imem in $(seq 1 ${NMEM_ENS})
++ exgdas_enkf_post.sh[68]printf %03i 8
+ exgdas_enkf_post.sh[68]memchar=mem008
+ exgdas_enkf_post.sh[69]MEMDIR=mem008
+ exgdas_enkf_post.sh[69]YMD=20241124
+ exgdas_enkf_post.sh[69]HH=18
+ exgdas_enkf_post.sh[69]declare_from_tmpl -x COMIN_ATMOS_HISTORY:COM_ATMOS_HISTORY_TMPL
+ environment[0][[ NO == \N\O ]]
+ environment[1]set +x
declare_from_tmpl :: COMIN_ATMOS_HISTORY=/lfs/h2/emc/ptmp/emc.global/RETRO_GFSv17/comroot/retrotestgfs10/enkfgdas.20241124/18/mem008/model/atmos/history
++ exgdas_enkf_post.sh[72]seq 004 004 004
+ exgdas_enkf_post.sh[72]for fhr in $(seq ${FHMIN} ${FHOUT} ${FHMAX})
++ exgdas_enkf_post.sh[73]printf %03i 4
+ exgdas_enkf_post.sh[73]fhrchar=004
+ exgdas_enkf_post.sh[74]/bin/ln -sf /lfs/h2/emc/ptmp/emc.global/RETRO_GFSv17/comroot/retrotestgfs10/enkfgdas.20241124/18/mem008/model/atmos/history/enkfgdas.t18z.sfcf004.nc sfcf004_mem008
+ exgdas_enkf_post.sh[75]/bin/ln -sf /lfs/h2/emc/ptmp/emc.global/RETRO_GFSv17/comroot/retrotestgfs10/enkfgdas.20241124/18/mem008/model/atmos/history/enkfgdas.t18z.atmf004.nc atmf004_mem008
+ exgdas_enkf_post.sh[67]for imem in $(seq 1 ${NMEM_ENS})
++ exgdas_enkf_post.sh[68]printf %03i 9
+ exgdas_enkf_post.sh[68]memchar=mem009
+ exgdas_enkf_post.sh[69]MEMDIR=mem009
+ exgdas_enkf_post.sh[69]YMD=20241124
+ exgdas_enkf_post.sh[69]HH=18
+ exgdas_enkf_post.sh[69]declare_from_tmpl -x COMIN_ATMOS_HISTORY:COM_ATMOS_HISTORY_TMPL
+ environment[0][[ NO == \N\O ]]
+ environment[1]set +x
declare_from_tmpl :: COMIN_ATMOS_HISTORY=/lfs/h2/emc/ptmp/emc.global/RETRO_GFSv17/comroot/retrotestgfs10/enkfgdas.20241124/18/mem009/model/atmos/history
++ exgdas_enkf_post.sh[72]seq 004 004 004
+ exgdas_enkf_post.sh[72]for fhr in $(seq ${FHMIN} ${FHOUT} ${FHMAX})
++ exgdas_enkf_post.sh[73]printf %03i 4
+ exgdas_enkf_post.sh[73]fhrchar=004
+ exgdas_enkf_post.sh[74]/bin/ln -sf /lfs/h2/emc/ptmp/emc.global/RETRO_GFSv17/comroot/retrotestgfs10/enkfgdas.20241124/18/mem009/model/atmos/history/enkfgdas.t18z.sfcf004.nc sfcf004_mem009
+ exgdas_enkf_post.sh[75]/bin/ln -sf /lfs/h2/emc/ptmp/emc.global/RETRO_GFSv17/comroot/retrotestgfs10/enkfgdas.20241124/18/mem009/model/atmos/history/enkfgdas.t18z.atmf004.nc atmf004_mem009
+ exgdas_enkf_post.sh[67]for imem in $(seq 1 ${NMEM_ENS})
++ exgdas_enkf_post.sh[68]printf %03i 10
+ exgdas_enkf_post.sh[68]memchar=mem010
+ exgdas_enkf_post.sh[69]MEMDIR=mem010
+ exgdas_enkf_post.sh[69]YMD=20241124
+ exgdas_enkf_post.sh[69]HH=18
+ exgdas_enkf_post.sh[69]declare_from_tmpl -x COMIN_ATMOS_HISTORY:COM_ATMOS_HISTORY_TMPL
+ environment[0][[ NO == \N\O ]]
+ environment[1]set +x
declare_from_tmpl :: COMIN_ATMOS_HISTORY=/lfs/h2/emc/ptmp/emc.global/RETRO_GFSv17/comroot/retrotestgfs10/enkfgdas.20241124/18/mem010/model/atmos/history
++ exgdas_enkf_post.sh[72]seq 004 004 004
+ exgdas_enkf_post.sh[72]for fhr in $(seq ${FHMIN} ${FHOUT} ${FHMAX})
++ exgdas_enkf_post.sh[73]printf %03i 4
+ exgdas_enkf_post.sh[73]fhrchar=004
+ exgdas_enkf_post.sh[74]/bin/ln -sf /lfs/h2/emc/ptmp/emc.global/RETRO_GFSv17/comroot/retrotestgfs10/enkfgdas.20241124/18/mem010/model/atmos/history/enkfgdas.t18z.sfcf004.nc sfcf004_mem010
+ exgdas_enkf_post.sh[75]/bin/ln -sf /lfs/h2/emc/ptmp/emc.global/RETRO_GFSv17/comroot/retrotestgfs10/enkfgdas.20241124/18/mem010/model/atmos/history/enkfgdas.t18z.atmf004.nc atmf004_mem010
+ exgdas_enkf_post.sh[67]for imem in $(seq 1 ${NMEM_ENS})
++ exgdas_enkf_post.sh[68]printf %03i 11
+ exgdas_enkf_post.sh[68]memchar=mem011
+ exgdas_enkf_post.sh[69]MEMDIR=mem011
+ exgdas_enkf_post.sh[69]YMD=20241124
+ exgdas_enkf_post.sh[69]HH=18
+ exgdas_enkf_post.sh[69]declare_from_tmpl -x COMIN_ATMOS_HISTORY:COM_ATMOS_HISTORY_TMPL
+ environment[0][[ NO == \N\O ]]
+ environment[1]set +x
declare_from_tmpl :: COMIN_ATMOS_HISTORY=/lfs/h2/emc/ptmp/emc.global/RETRO_GFSv17/comroot/retrotestgfs10/enkfgdas.20241124/18/mem011/model/atmos/history
++ exgdas_enkf_post.sh[72]seq 004 004 004
+ exgdas_enkf_post.sh[72]for fhr in $(seq ${FHMIN} ${FHOUT} ${FHMAX})
++ exgdas_enkf_post.sh[73]printf %03i 4
+ exgdas_enkf_post.sh[73]fhrchar=004
+ exgdas_enkf_post.sh[74]/bin/ln -sf /lfs/h2/emc/ptmp/emc.global/RETRO_GFSv17/comroot/retrotestgfs10/enkfgdas.20241124/18/mem011/model/atmos/history/enkfgdas.t18z.sfcf004.nc sfcf004_mem011
+ exgdas_enkf_post.sh[75]/bin/ln -sf /lfs/h2/emc/ptmp/emc.global/RETRO_GFSv17/comroot/retrotestgfs10/enkfgdas.20241124/18/mem011/model/atmos/history/enkfgdas.t18z.atmf004.nc atmf004_mem011
+ exgdas_enkf_post.sh[67]for imem in $(seq 1 ${NMEM_ENS})
++ exgdas_enkf_post.sh[68]printf %03i 12
+ exgdas_enkf_post.sh[68]memchar=mem012
+ exgdas_enkf_post.sh[69]MEMDIR=mem012
+ exgdas_enkf_post.sh[69]YMD=20241124
+ exgdas_enkf_post.sh[69]HH=18
+ exgdas_enkf_post.sh[69]declare_from_tmpl -x COMIN_ATMOS_HISTORY:COM_ATMOS_HISTORY_TMPL
+ environment[0][[ NO == \N\O ]]
+ environment[1]set +x
declare_from_tmpl :: COMIN_ATMOS_HISTORY=/lfs/h2/emc/ptmp/emc.global/RETRO_GFSv17/comroot/retrotestgfs10/enkfgdas.20241124/18/mem012/model/atmos/history
++ exgdas_enkf_post.sh[72]seq 004 004 004
+ exgdas_enkf_post.sh[72]for fhr in $(seq ${FHMIN} ${FHOUT} ${FHMAX})
++ exgdas_enkf_post.sh[73]printf %03i 4
+ exgdas_enkf_post.sh[73]fhrchar=004
+ exgdas_enkf_post.sh[74]/bin/ln -sf /lfs/h2/emc/ptmp/emc.global/RETRO_GFSv17/comroot/retrotestgfs10/enkfgdas.20241124/18/mem012/model/atmos/history/enkfgdas.t18z.sfcf004.nc sfcf004_mem012
+ exgdas_enkf_post.sh[75]/bin/ln -sf /lfs/h2/emc/ptmp/emc.global/RETRO_GFSv17/comroot/retrotestgfs10/enkfgdas.20241124/18/mem012/model/atmos/history/enkfgdas.t18z.atmf004.nc atmf004_mem012
+ exgdas_enkf_post.sh[67]for imem in $(seq 1 ${NMEM_ENS})
++ exgdas_enkf_post.sh[68]printf %03i 13
+ exgdas_enkf_post.sh[68]memchar=mem013
+ exgdas_enkf_post.sh[69]MEMDIR=mem013
+ exgdas_enkf_post.sh[69]YMD=20241124
+ exgdas_enkf_post.sh[69]HH=18
+ exgdas_enkf_post.sh[69]declare_from_tmpl -x COMIN_ATMOS_HISTORY:COM_ATMOS_HISTORY_TMPL
+ environment[0][[ NO == \N\O ]]
+ environment[1]set +x
declare_from_tmpl :: COMIN_ATMOS_HISTORY=/lfs/h2/emc/ptmp/emc.global/RETRO_GFSv17/comroot/retrotestgfs10/enkfgdas.20241124/18/mem013/model/atmos/history
++ exgdas_enkf_post.sh[72]seq 004 004 004
+ exgdas_enkf_post.sh[72]for fhr in $(seq ${FHMIN} ${FHOUT} ${FHMAX})
++ exgdas_enkf_post.sh[73]printf %03i 4
+ exgdas_enkf_post.sh[73]fhrchar=004
+ exgdas_enkf_post.sh[74]/bin/ln -sf /lfs/h2/emc/ptmp/emc.global/RETRO_GFSv17/comroot/retrotestgfs10/enkfgdas.20241124/18/mem013/model/atmos/history/enkfgdas.t18z.sfcf004.nc sfcf004_mem013
+ exgdas_enkf_post.sh[75]/bin/ln -sf /lfs/h2/emc/ptmp/emc.global/RETRO_GFSv17/comroot/retrotestgfs10/enkfgdas.20241124/18/mem013/model/atmos/history/enkfgdas.t18z.atmf004.nc atmf004_mem013
+ exgdas_enkf_post.sh[67]for imem in $(seq 1 ${NMEM_ENS})
++ exgdas_enkf_post.sh[68]printf %03i 14
+ exgdas_enkf_post.sh[68]memchar=mem014
+ exgdas_enkf_post.sh[69]MEMDIR=mem014
+ exgdas_enkf_post.sh[69]YMD=20241124
+ exgdas_enkf_post.sh[69]HH=18
+ exgdas_enkf_post.sh[69]declare_from_tmpl -x COMIN_ATMOS_HISTORY:COM_ATMOS_HISTORY_TMPL
+ environment[0][[ NO == \N\O ]]
+ environment[1]set +x
declare_from_tmpl :: COMIN_ATMOS_HISTORY=/lfs/h2/emc/ptmp/emc.global/RETRO_GFSv17/comroot/retrotestgfs10/enkfgdas.20241124/18/mem014/model/atmos/history
++ exgdas_enkf_post.sh[72]seq 004 004 004
+ exgdas_enkf_post.sh[72]for fhr in $(seq ${FHMIN} ${FHOUT} ${FHMAX})
++ exgdas_enkf_post.sh[73]printf %03i 4
+ exgdas_enkf_post.sh[73]fhrchar=004
+ exgdas_enkf_post.sh[74]/bin/ln -sf /lfs/h2/emc/ptmp/emc.global/RETRO_GFSv17/comroot/retrotestgfs10/enkfgdas.20241124/18/mem014/model/atmos/history/enkfgdas.t18z.sfcf004.nc sfcf004_mem014
+ exgdas_enkf_post.sh[75]/bin/ln -sf /lfs/h2/emc/ptmp/emc.global/RETRO_GFSv17/comroot/retrotestgfs10/enkfgdas.20241124/18/mem014/model/atmos/history/enkfgdas.t18z.atmf004.nc atmf004_mem014
+ exgdas_enkf_post.sh[67]for imem in $(seq 1 ${NMEM_ENS})
++ exgdas_enkf_post.sh[68]printf %03i 15
+ exgdas_enkf_post.sh[68]memchar=mem015
+ exgdas_enkf_post.sh[69]MEMDIR=mem015
+ exgdas_enkf_post.sh[69]YMD=20241124
+ exgdas_enkf_post.sh[69]HH=18
+ exgdas_enkf_post.sh[69]declare_from_tmpl -x COMIN_ATMOS_HISTORY:COM_ATMOS_HISTORY_TMPL
+ environment[0][[ NO == \N\O ]]
+ environment[1]set +x
declare_from_tmpl :: COMIN_ATMOS_HISTORY=/lfs/h2/emc/ptmp/emc.global/RETRO_GFSv17/comroot/retrotestgfs10/enkfgdas.20241124/18/mem015/model/atmos/history
++ exgdas_enkf_post.sh[72]seq 004 004 004
+ exgdas_enkf_post.sh[72]for fhr in $(seq ${FHMIN} ${FHOUT} ${FHMAX})
++ exgdas_enkf_post.sh[73]printf %03i 4
+ exgdas_enkf_post.sh[73]fhrchar=004
+ exgdas_enkf_post.sh[74]/bin/ln -sf /lfs/h2/emc/ptmp/emc.global/RETRO_GFSv17/comroot/retrotestgfs10/enkfgdas.20241124/18/mem015/model/atmos/history/enkfgdas.t18z.sfcf004.nc sfcf004_mem015
+ exgdas_enkf_post.sh[75]/bin/ln -sf /lfs/h2/emc/ptmp/emc.global/RETRO_GFSv17/comroot/retrotestgfs10/enkfgdas.20241124/18/mem015/model/atmos/history/enkfgdas.t18z.atmf004.nc atmf004_mem015
+ exgdas_enkf_post.sh[67]for imem in $(seq 1 ${NMEM_ENS})
++ exgdas_enkf_post.sh[68]printf %03i 16
+ exgdas_enkf_post.sh[68]memchar=mem016
+ exgdas_enkf_post.sh[69]MEMDIR=mem016
+ exgdas_enkf_post.sh[69]YMD=20241124
+ exgdas_enkf_post.sh[69]HH=18
+ exgdas_enkf_post.sh[69]declare_from_tmpl -x COMIN_ATMOS_HISTORY:COM_ATMOS_HISTORY_TMPL
+ environment[0][[ NO == \N\O ]]
+ environment[1]set +x
declare_from_tmpl :: COMIN_ATMOS_HISTORY=/lfs/h2/emc/ptmp/emc.global/RETRO_GFSv17/comroot/retrotestgfs10/enkfgdas.20241124/18/mem016/model/atmos/history
++ exgdas_enkf_post.sh[72]seq 004 004 004
+ exgdas_enkf_post.sh[72]for fhr in $(seq ${FHMIN} ${FHOUT} ${FHMAX})
++ exgdas_enkf_post.sh[73]printf %03i 4
+ exgdas_enkf_post.sh[73]fhrchar=004
+ exgdas_enkf_post.sh[74]/bin/ln -sf /lfs/h2/emc/ptmp/emc.global/RETRO_GFSv17/comroot/retrotestgfs10/enkfgdas.20241124/18/mem016/model/atmos/history/enkfgdas.t18z.sfcf004.nc sfcf004_mem016
+ exgdas_enkf_post.sh[75]/bin/ln -sf /lfs/h2/emc/ptmp/emc.global/RETRO_GFSv17/comroot/retrotestgfs10/enkfgdas.20241124/18/mem016/model/atmos/history/enkfgdas.t18z.atmf004.nc atmf004_mem016
+ exgdas_enkf_post.sh[67]for imem in $(seq 1 ${NMEM_ENS})
++ exgdas_enkf_post.sh[68]printf %03i 17
+ exgdas_enkf_post.sh[68]memchar=mem017
+ exgdas_enkf_post.sh[69]MEMDIR=mem017
+ exgdas_enkf_post.sh[69]YMD=20241124
+ exgdas_enkf_post.sh[69]HH=18
+ exgdas_enkf_post.sh[69]declare_from_tmpl -x COMIN_ATMOS_HISTORY:COM_ATMOS_HISTORY_TMPL
+ environment[0][[ NO == \N\O ]]
+ environment[1]set +x
declare_from_tmpl :: COMIN_ATMOS_HISTORY=/lfs/h2/emc/ptmp/emc.global/RETRO_GFSv17/comroot/retrotestgfs10/enkfgdas.20241124/18/mem017/model/atmos/history
++ exgdas_enkf_post.sh[72]seq 004 004 004
+ exgdas_enkf_post.sh[72]for fhr in $(seq ${FHMIN} ${FHOUT} ${FHMAX})
++ exgdas_enkf_post.sh[73]printf %03i 4
+ exgdas_enkf_post.sh[73]fhrchar=004
+ exgdas_enkf_post.sh[74]/bin/ln -sf /lfs/h2/emc/ptmp/emc.global/RETRO_GFSv17/comroot/retrotestgfs10/enkfgdas.20241124/18/mem017/model/atmos/history/enkfgdas.t18z.sfcf004.nc sfcf004_mem017
+ exgdas_enkf_post.sh[75]/bin/ln -sf /lfs/h2/emc/ptmp/emc.global/RETRO_GFSv17/comroot/retrotestgfs10/enkfgdas.20241124/18/mem017/model/atmos/history/enkfgdas.t18z.atmf004.nc atmf004_mem017
+ exgdas_enkf_post.sh[67]for imem in $(seq 1 ${NMEM_ENS})
++ exgdas_enkf_post.sh[68]printf %03i 18
+ exgdas_enkf_post.sh[68]memchar=mem018
+ exgdas_enkf_post.sh[69]MEMDIR=mem018
+ exgdas_enkf_post.sh[69]YMD=20241124
+ exgdas_enkf_post.sh[69]HH=18
+ exgdas_enkf_post.sh[69]declare_from_tmpl -x COMIN_ATMOS_HISTORY:COM_ATMOS_HISTORY_TMPL
+ environment[0][[ NO == \N\O ]]
+ environment[1]set +x
declare_from_tmpl :: COMIN_ATMOS_HISTORY=/lfs/h2/emc/ptmp/emc.global/RETRO_GFSv17/comroot/retrotestgfs10/enkfgdas.20241124/18/mem018/model/atmos/history
++ exgdas_enkf_post.sh[72]seq 004 004 004
+ exgdas_enkf_post.sh[72]for fhr in $(seq ${FHMIN} ${FHOUT} ${FHMAX})
++ exgdas_enkf_post.sh[73]printf %03i 4
+ exgdas_enkf_post.sh[73]fhrchar=004
+ exgdas_enkf_post.sh[74]/bin/ln -sf /lfs/h2/emc/ptmp/emc.global/RETRO_GFSv17/comroot/retrotestgfs10/enkfgdas.20241124/18/mem018/model/atmos/history/enkfgdas.t18z.sfcf004.nc sfcf004_mem018
+ exgdas_enkf_post.sh[75]/bin/ln -sf /lfs/h2/emc/ptmp/emc.global/RETRO_GFSv17/comroot/retrotestgfs10/enkfgdas.20241124/18/mem018/model/atmos/history/enkfgdas.t18z.atmf004.nc atmf004_mem018
+ exgdas_enkf_post.sh[67]for imem in $(seq 1 ${NMEM_ENS})
++ exgdas_enkf_post.sh[68]printf %03i 19
+ exgdas_enkf_post.sh[68]memchar=mem019
+ exgdas_enkf_post.sh[69]MEMDIR=mem019
+ exgdas_enkf_post.sh[69]YMD=20241124
+ exgdas_enkf_post.sh[69]HH=18
+ exgdas_enkf_post.sh[69]declare_from_tmpl -x COMIN_ATMOS_HISTORY:COM_ATMOS_HISTORY_TMPL
+ environment[0][[ NO == \N\O ]]
+ environment[1]set +x
declare_from_tmpl :: COMIN_ATMOS_HISTORY=/lfs/h2/emc/ptmp/emc.global/RETRO_GFSv17/comroot/retrotestgfs10/enkfgdas.20241124/18/mem019/model/atmos/history
++ exgdas_enkf_post.sh[72]seq 004 004 004
+ exgdas_enkf_post.sh[72]for fhr in $(seq ${FHMIN} ${FHOUT} ${FHMAX})
++ exgdas_enkf_post.sh[73]printf %03i 4
+ exgdas_enkf_post.sh[73]fhrchar=004
+ exgdas_enkf_post.sh[74]/bin/ln -sf /lfs/h2/emc/ptmp/emc.global/RETRO_GFSv17/comroot/retrotestgfs10/enkfgdas.20241124/18/mem019/model/atmos/history/enkfgdas.t18z.sfcf004.nc sfcf004_mem019
+ exgdas_enkf_post.sh[75]/bin/ln -sf /lfs/h2/emc/ptmp/emc.global/RETRO_GFSv17/comroot/retrotestgfs10/enkfgdas.20241124/18/mem019/model/atmos/history/enkfgdas.t18z.atmf004.nc atmf004_mem019
+ exgdas_enkf_post.sh[67]for imem in $(seq 1 ${NMEM_ENS})
++ exgdas_enkf_post.sh[68]printf %03i 20
+ exgdas_enkf_post.sh[68]memchar=mem020
+ exgdas_enkf_post.sh[69]MEMDIR=mem020
+ exgdas_enkf_post.sh[69]YMD=20241124
+ exgdas_enkf_post.sh[69]HH=18
+ exgdas_enkf_post.sh[69]declare_from_tmpl -x COMIN_ATMOS_HISTORY:COM_ATMOS_HISTORY_TMPL
+ environment[0][[ NO == \N\O ]]
+ environment[1]set +x
declare_from_tmpl :: COMIN_ATMOS_HISTORY=/lfs/h2/emc/ptmp/emc.global/RETRO_GFSv17/comroot/retrotestgfs10/enkfgdas.20241124/18/mem020/model/atmos/history
++ exgdas_enkf_post.sh[72]seq 004 004 004
+ exgdas_enkf_post.sh[72]for fhr in $(seq ${FHMIN} ${FHOUT} ${FHMAX})
++ exgdas_enkf_post.sh[73]printf %03i 4
+ exgdas_enkf_post.sh[73]fhrchar=004
+ exgdas_enkf_post.sh[74]/bin/ln -sf /lfs/h2/emc/ptmp/emc.global/RETRO_GFSv17/comroot/retrotestgfs10/enkfgdas.20241124/18/mem020/model/atmos/history/enkfgdas.t18z.sfcf004.nc sfcf004_mem020
+ exgdas_enkf_post.sh[75]/bin/ln -sf /lfs/h2/emc/ptmp/emc.global/RETRO_GFSv17/comroot/retrotestgfs10/enkfgdas.20241124/18/mem020/model/atmos/history/enkfgdas.t18z.atmf004.nc atmf004_mem020
+ exgdas_enkf_post.sh[67]for imem in $(seq 1 ${NMEM_ENS})
++ exgdas_enkf_post.sh[68]printf %03i 21
+ exgdas_enkf_post.sh[68]memchar=mem021
+ exgdas_enkf_post.sh[69]MEMDIR=mem021
+ exgdas_enkf_post.sh[69]YMD=20241124
+ exgdas_enkf_post.sh[69]HH=18
+ exgdas_enkf_post.sh[69]declare_from_tmpl -x COMIN_ATMOS_HISTORY:COM_ATMOS_HISTORY_TMPL
+ environment[0][[ NO == \N\O ]]
+ environment[1]set +x
declare_from_tmpl :: COMIN_ATMOS_HISTORY=/lfs/h2/emc/ptmp/emc.global/RETRO_GFSv17/comroot/retrotestgfs10/enkfgdas.20241124/18/mem021/model/atmos/history
++ exgdas_enkf_post.sh[72]seq 004 004 004
+ exgdas_enkf_post.sh[72]for fhr in $(seq ${FHMIN} ${FHOUT} ${FHMAX})
++ exgdas_enkf_post.sh[73]printf %03i 4
+ exgdas_enkf_post.sh[73]fhrchar=004
+ exgdas_enkf_post.sh[74]/bin/ln -sf /lfs/h2/emc/ptmp/emc.global/RETRO_GFSv17/comroot/retrotestgfs10/enkfgdas.20241124/18/mem021/model/atmos/history/enkfgdas.t18z.sfcf004.nc sfcf004_mem021
+ exgdas_enkf_post.sh[75]/bin/ln -sf /lfs/h2/emc/ptmp/emc.global/RETRO_GFSv17/comroot/retrotestgfs10/enkfgdas.20241124/18/mem021/model/atmos/history/enkfgdas.t18z.atmf004.nc atmf004_mem021
+ exgdas_enkf_post.sh[67]for imem in $(seq 1 ${NMEM_ENS})
++ exgdas_enkf_post.sh[68]printf %03i 22
+ exgdas_enkf_post.sh[68]memchar=mem022
+ exgdas_enkf_post.sh[69]MEMDIR=mem022
+ exgdas_enkf_post.sh[69]YMD=20241124
+ exgdas_enkf_post.sh[69]HH=18
+ exgdas_enkf_post.sh[69]declare_from_tmpl -x COMIN_ATMOS_HISTORY:COM_ATMOS_HISTORY_TMPL
+ environment[0][[ NO == \N\O ]]
+ environment[1]set +x
declare_from_tmpl :: COMIN_ATMOS_HISTORY=/lfs/h2/emc/ptmp/emc.global/RETRO_GFSv17/comroot/retrotestgfs10/enkfgdas.20241124/18/mem022/model/atmos/history
++ exgdas_enkf_post.sh[72]seq 004 004 004
+ exgdas_enkf_post.sh[72]for fhr in $(seq ${FHMIN} ${FHOUT} ${FHMAX})
++ exgdas_enkf_post.sh[73]printf %03i 4
+ exgdas_enkf_post.sh[73]fhrchar=004
+ exgdas_enkf_post.sh[74]/bin/ln -sf /lfs/h2/emc/ptmp/emc.global/RETRO_GFSv17/comroot/retrotestgfs10/enkfgdas.20241124/18/mem022/model/atmos/history/enkfgdas.t18z.sfcf004.nc sfcf004_mem022
+ exgdas_enkf_post.sh[75]/bin/ln -sf /lfs/h2/emc/ptmp/emc.global/RETRO_GFSv17/comroot/retrotestgfs10/enkfgdas.20241124/18/mem022/model/atmos/history/enkfgdas.t18z.atmf004.nc atmf004_mem022
+ exgdas_enkf_post.sh[67]for imem in $(seq 1 ${NMEM_ENS})
++ exgdas_enkf_post.sh[68]printf %03i 23
+ exgdas_enkf_post.sh[68]memchar=mem023
+ exgdas_enkf_post.sh[69]MEMDIR=mem023
+ exgdas_enkf_post.sh[69]YMD=20241124
+ exgdas_enkf_post.sh[69]HH=18
+ exgdas_enkf_post.sh[69]declare_from_tmpl -x COMIN_ATMOS_HISTORY:COM_ATMOS_HISTORY_TMPL
+ environment[0][[ NO == \N\O ]]
+ environment[1]set +x
declare_from_tmpl :: COMIN_ATMOS_HISTORY=/lfs/h2/emc/ptmp/emc.global/RETRO_GFSv17/comroot/retrotestgfs10/enkfgdas.20241124/18/mem023/model/atmos/history
++ exgdas_enkf_post.sh[72]seq 004 004 004
+ exgdas_enkf_post.sh[72]for fhr in $(seq ${FHMIN} ${FHOUT} ${FHMAX})
++ exgdas_enkf_post.sh[73]printf %03i 4
+ exgdas_enkf_post.sh[73]fhrchar=004
+ exgdas_enkf_post.sh[74]/bin/ln -sf /lfs/h2/emc/ptmp/emc.global/RETRO_GFSv17/comroot/retrotestgfs10/enkfgdas.20241124/18/mem023/model/atmos/history/enkfgdas.t18z.sfcf004.nc sfcf004_mem023
+ exgdas_enkf_post.sh[75]/bin/ln -sf /lfs/h2/emc/ptmp/emc.global/RETRO_GFSv17/comroot/retrotestgfs10/enkfgdas.20241124/18/mem023/model/atmos/history/enkfgdas.t18z.atmf004.nc atmf004_mem023
+ exgdas_enkf_post.sh[67]for imem in $(seq 1 ${NMEM_ENS})
++ exgdas_enkf_post.sh[68]printf %03i 24
+ exgdas_enkf_post.sh[68]memchar=mem024
+ exgdas_enkf_post.sh[69]MEMDIR=mem024
+ exgdas_enkf_post.sh[69]YMD=20241124
+ exgdas_enkf_post.sh[69]HH=18
+ exgdas_enkf_post.sh[69]declare_from_tmpl -x COMIN_ATMOS_HISTORY:COM_ATMOS_HISTORY_TMPL
+ environment[0][[ NO == \N\O ]]
+ environment[1]set +x
declare_from_tmpl :: COMIN_ATMOS_HISTORY=/lfs/h2/emc/ptmp/emc.global/RETRO_GFSv17/comroot/retrotestgfs10/enkfgdas.20241124/18/mem024/model/atmos/history
++ exgdas_enkf_post.sh[72]seq 004 004 004
+ exgdas_enkf_post.sh[72]for fhr in $(seq ${FHMIN} ${FHOUT} ${FHMAX})
++ exgdas_enkf_post.sh[73]printf %03i 4
+ exgdas_enkf_post.sh[73]fhrchar=004
+ exgdas_enkf_post.sh[74]/bin/ln -sf /lfs/h2/emc/ptmp/emc.global/RETRO_GFSv17/comroot/retrotestgfs10/enkfgdas.20241124/18/mem024/model/atmos/history/enkfgdas.t18z.sfcf004.nc sfcf004_mem024
+ exgdas_enkf_post.sh[75]/bin/ln -sf /lfs/h2/emc/ptmp/emc.global/RETRO_GFSv17/comroot/retrotestgfs10/enkfgdas.20241124/18/mem024/model/atmos/history/enkfgdas.t18z.atmf004.nc atmf004_mem024
+ exgdas_enkf_post.sh[67]for imem in $(seq 1 ${NMEM_ENS})
++ exgdas_enkf_post.sh[68]printf %03i 25
+ exgdas_enkf_post.sh[68]memchar=mem025
+ exgdas_enkf_post.sh[69]MEMDIR=mem025
+ exgdas_enkf_post.sh[69]YMD=20241124
+ exgdas_enkf_post.sh[69]HH=18
+ exgdas_enkf_post.sh[69]declare_from_tmpl -x COMIN_ATMOS_HISTORY:COM_ATMOS_HISTORY_TMPL
+ environment[0][[ NO == \N\O ]]
+ environment[1]set +x
declare_from_tmpl :: COMIN_ATMOS_HISTORY=/lfs/h2/emc/ptmp/emc.global/RETRO_GFSv17/comroot/retrotestgfs10/enkfgdas.20241124/18/mem025/model/atmos/history
++ exgdas_enkf_post.sh[72]seq 004 004 004
+ exgdas_enkf_post.sh[72]for fhr in $(seq ${FHMIN} ${FHOUT} ${FHMAX})
++ exgdas_enkf_post.sh[73]printf %03i 4
+ exgdas_enkf_post.sh[73]fhrchar=004
+ exgdas_enkf_post.sh[74]/bin/ln -sf /lfs/h2/emc/ptmp/emc.global/RETRO_GFSv17/comroot/retrotestgfs10/enkfgdas.20241124/18/mem025/model/atmos/history/enkfgdas.t18z.sfcf004.nc sfcf004_mem025
+ exgdas_enkf_post.sh[75]/bin/ln -sf /lfs/h2/emc/ptmp/emc.global/RETRO_GFSv17/comroot/retrotestgfs10/enkfgdas.20241124/18/mem025/model/atmos/history/enkfgdas.t18z.atmf004.nc atmf004_mem025
+ exgdas_enkf_post.sh[67]for imem in $(seq 1 ${NMEM_ENS})
++ exgdas_enkf_post.sh[68]printf %03i 26
+ exgdas_enkf_post.sh[68]memchar=mem026
+ exgdas_enkf_post.sh[69]MEMDIR=mem026
+ exgdas_enkf_post.sh[69]YMD=20241124
+ exgdas_enkf_post.sh[69]HH=18
+ exgdas_enkf_post.sh[69]declare_from_tmpl -x COMIN_ATMOS_HISTORY:COM_ATMOS_HISTORY_TMPL
+ environment[0][[ NO == \N\O ]]
+ environment[1]set +x
declare_from_tmpl :: COMIN_ATMOS_HISTORY=/lfs/h2/emc/ptmp/emc.global/RETRO_GFSv17/comroot/retrotestgfs10/enkfgdas.20241124/18/mem026/model/atmos/history
++ exgdas_enkf_post.sh[72]seq 004 004 004
+ exgdas_enkf_post.sh[72]for fhr in $(seq ${FHMIN} ${FHOUT} ${FHMAX})
++ exgdas_enkf_post.sh[73]printf %03i 4
+ exgdas_enkf_post.sh[73]fhrchar=004
+ exgdas_enkf_post.sh[74]/bin/ln -sf /lfs/h2/emc/ptmp/emc.global/RETRO_GFSv17/comroot/retrotestgfs10/enkfgdas.20241124/18/mem026/model/atmos/history/enkfgdas.t18z.sfcf004.nc sfcf004_mem026
+ exgdas_enkf_post.sh[75]/bin/ln -sf /lfs/h2/emc/ptmp/emc.global/RETRO_GFSv17/comroot/retrotestgfs10/enkfgdas.20241124/18/mem026/model/atmos/history/enkfgdas.t18z.atmf004.nc atmf004_mem026
+ exgdas_enkf_post.sh[67]for imem in $(seq 1 ${NMEM_ENS})
++ exgdas_enkf_post.sh[68]printf %03i 27
+ exgdas_enkf_post.sh[68]memchar=mem027
+ exgdas_enkf_post.sh[69]MEMDIR=mem027
+ exgdas_enkf_post.sh[69]YMD=20241124
+ exgdas_enkf_post.sh[69]HH=18
+ exgdas_enkf_post.sh[69]declare_from_tmpl -x COMIN_ATMOS_HISTORY:COM_ATMOS_HISTORY_TMPL
+ environment[0][[ NO == \N\O ]]
+ environment[1]set +x
declare_from_tmpl :: COMIN_ATMOS_HISTORY=/lfs/h2/emc/ptmp/emc.global/RETRO_GFSv17/comroot/retrotestgfs10/enkfgdas.20241124/18/mem027/model/atmos/history
++ exgdas_enkf_post.sh[72]seq 004 004 004
+ exgdas_enkf_post.sh[72]for fhr in $(seq ${FHMIN} ${FHOUT} ${FHMAX})
++ exgdas_enkf_post.sh[73]printf %03i 4
+ exgdas_enkf_post.sh[73]fhrchar=004
+ exgdas_enkf_post.sh[74]/bin/ln -sf /lfs/h2/emc/ptmp/emc.global/RETRO_GFSv17/comroot/retrotestgfs10/enkfgdas.20241124/18/mem027/model/atmos/history/enkfgdas.t18z.sfcf004.nc sfcf004_mem027
+ exgdas_enkf_post.sh[75]/bin/ln -sf /lfs/h2/emc/ptmp/emc.global/RETRO_GFSv17/comroot/retrotestgfs10/enkfgdas.20241124/18/mem027/model/atmos/history/enkfgdas.t18z.atmf004.nc atmf004_mem027
+ exgdas_enkf_post.sh[67]for imem in $(seq 1 ${NMEM_ENS})
++ exgdas_enkf_post.sh[68]printf %03i 28
+ exgdas_enkf_post.sh[68]memchar=mem028
+ exgdas_enkf_post.sh[69]MEMDIR=mem028
+ exgdas_enkf_post.sh[69]YMD=20241124
+ exgdas_enkf_post.sh[69]HH=18
+ exgdas_enkf_post.sh[69]declare_from_tmpl -x COMIN_ATMOS_HISTORY:COM_ATMOS_HISTORY_TMPL
+ environment[0][[ NO == \N\O ]]
+ environment[1]set +x
declare_from_tmpl :: COMIN_ATMOS_HISTORY=/lfs/h2/emc/ptmp/emc.global/RETRO_GFSv17/comroot/retrotestgfs10/enkfgdas.20241124/18/mem028/model/atmos/history
++ exgdas_enkf_post.sh[72]seq 004 004 004
+ exgdas_enkf_post.sh[72]for fhr in $(seq ${FHMIN} ${FHOUT} ${FHMAX})
++ exgdas_enkf_post.sh[73]printf %03i 4
+ exgdas_enkf_post.sh[73]fhrchar=004
+ exgdas_enkf_post.sh[74]/bin/ln -sf /lfs/h2/emc/ptmp/emc.global/RETRO_GFSv17/comroot/retrotestgfs10/enkfgdas.20241124/18/mem028/model/atmos/history/enkfgdas.t18z.sfcf004.nc sfcf004_mem028
+ exgdas_enkf_post.sh[75]/bin/ln -sf /lfs/h2/emc/ptmp/emc.global/RETRO_GFSv17/comroot/retrotestgfs10/enkfgdas.20241124/18/mem028/model/atmos/history/enkfgdas.t18z.atmf004.nc atmf004_mem028
+ exgdas_enkf_post.sh[67]for imem in $(seq 1 ${NMEM_ENS})
++ exgdas_enkf_post.sh[68]printf %03i 29
+ exgdas_enkf_post.sh[68]memchar=mem029
+ exgdas_enkf_post.sh[69]MEMDIR=mem029
+ exgdas_enkf_post.sh[69]YMD=20241124
+ exgdas_enkf_post.sh[69]HH=18
+ exgdas_enkf_post.sh[69]declare_from_tmpl -x COMIN_ATMOS_HISTORY:COM_ATMOS_HISTORY_TMPL
+ environment[0][[ NO == \N\O ]]
+ environment[1]set +x
declare_from_tmpl :: COMIN_ATMOS_HISTORY=/lfs/h2/emc/ptmp/emc.global/RETRO_GFSv17/comroot/retrotestgfs10/enkfgdas.20241124/18/mem029/model/atmos/history
++ exgdas_enkf_post.sh[72]seq 004 004 004
+ exgdas_enkf_post.sh[72]for fhr in $(seq ${FHMIN} ${FHOUT} ${FHMAX})
++ exgdas_enkf_post.sh[73]printf %03i 4
+ exgdas_enkf_post.sh[73]fhrchar=004
+ exgdas_enkf_post.sh[74]/bin/ln -sf /lfs/h2/emc/ptmp/emc.global/RETRO_GFSv17/comroot/retrotestgfs10/enkfgdas.20241124/18/mem029/model/atmos/history/enkfgdas.t18z.sfcf004.nc sfcf004_mem029
+ exgdas_enkf_post.sh[75]/bin/ln -sf /lfs/h2/emc/ptmp/emc.global/RETRO_GFSv17/comroot/retrotestgfs10/enkfgdas.20241124/18/mem029/model/atmos/history/enkfgdas.t18z.atmf004.nc atmf004_mem029
+ exgdas_enkf_post.sh[67]for imem in $(seq 1 ${NMEM_ENS})
++ exgdas_enkf_post.sh[68]printf %03i 30
+ exgdas_enkf_post.sh[68]memchar=mem030
+ exgdas_enkf_post.sh[69]MEMDIR=mem030
+ exgdas_enkf_post.sh[69]YMD=20241124
+ exgdas_enkf_post.sh[69]HH=18
+ exgdas_enkf_post.sh[69]declare_from_tmpl -x COMIN_ATMOS_HISTORY:COM_ATMOS_HISTORY_TMPL
+ environment[0][[ NO == \N\O ]]
+ environment[1]set +x
declare_from_tmpl :: COMIN_ATMOS_HISTORY=/lfs/h2/emc/ptmp/emc.global/RETRO_GFSv17/comroot/retrotestgfs10/enkfgdas.20241124/18/mem030/model/atmos/history
++ exgdas_enkf_post.sh[72]seq 004 004 004
+ exgdas_enkf_post.sh[72]for fhr in $(seq ${FHMIN} ${FHOUT} ${FHMAX})
++ exgdas_enkf_post.sh[73]printf %03i 4
+ exgdas_enkf_post.sh[73]fhrchar=004
+ exgdas_enkf_post.sh[74]/bin/ln -sf /lfs/h2/emc/ptmp/emc.global/RETRO_GFSv17/comroot/retrotestgfs10/enkfgdas.20241124/18/mem030/model/atmos/history/enkfgdas.t18z.sfcf004.nc sfcf004_mem030
+ exgdas_enkf_post.sh[75]/bin/ln -sf /lfs/h2/emc/ptmp/emc.global/RETRO_GFSv17/comroot/retrotestgfs10/enkfgdas.20241124/18/mem030/model/atmos/history/enkfgdas.t18z.atmf004.nc atmf004_mem030
+ exgdas_enkf_post.sh[67]for imem in $(seq 1 ${NMEM_ENS})
++ exgdas_enkf_post.sh[68]printf %03i 31
+ exgdas_enkf_post.sh[68]memchar=mem031
+ exgdas_enkf_post.sh[69]MEMDIR=mem031
+ exgdas_enkf_post.sh[69]YMD=20241124
+ exgdas_enkf_post.sh[69]HH=18
+ exgdas_enkf_post.sh[69]declare_from_tmpl -x COMIN_ATMOS_HISTORY:COM_ATMOS_HISTORY_TMPL
+ environment[0][[ NO == \N\O ]]
+ environment[1]set +x
declare_from_tmpl :: COMIN_ATMOS_HISTORY=/lfs/h2/emc/ptmp/emc.global/RETRO_GFSv17/comroot/retrotestgfs10/enkfgdas.20241124/18/mem031/model/atmos/history
++ exgdas_enkf_post.sh[72]seq 004 004 004
+ exgdas_enkf_post.sh[72]for fhr in $(seq ${FHMIN} ${FHOUT} ${FHMAX})
++ exgdas_enkf_post.sh[73]printf %03i 4
+ exgdas_enkf_post.sh[73]fhrchar=004
+ exgdas_enkf_post.sh[74]/bin/ln -sf /lfs/h2/emc/ptmp/emc.global/RETRO_GFSv17/comroot/retrotestgfs10/enkfgdas.20241124/18/mem031/model/atmos/history/enkfgdas.t18z.sfcf004.nc sfcf004_mem031
+ exgdas_enkf_post.sh[75]/bin/ln -sf /lfs/h2/emc/ptmp/emc.global/RETRO_GFSv17/comroot/retrotestgfs10/enkfgdas.20241124/18/mem031/model/atmos/history/enkfgdas.t18z.atmf004.nc atmf004_mem031
+ exgdas_enkf_post.sh[67]for imem in $(seq 1 ${NMEM_ENS})
++ exgdas_enkf_post.sh[68]printf %03i 32
+ exgdas_enkf_post.sh[68]memchar=mem032
+ exgdas_enkf_post.sh[69]MEMDIR=mem032
+ exgdas_enkf_post.sh[69]YMD=20241124
+ exgdas_enkf_post.sh[69]HH=18
+ exgdas_enkf_post.sh[69]declare_from_tmpl -x COMIN_ATMOS_HISTORY:COM_ATMOS_HISTORY_TMPL
+ environment[0][[ NO == \N\O ]]
+ environment[1]set +x
declare_from_tmpl :: COMIN_ATMOS_HISTORY=/lfs/h2/emc/ptmp/emc.global/RETRO_GFSv17/comroot/retrotestgfs10/enkfgdas.20241124/18/mem032/model/atmos/history
++ exgdas_enkf_post.sh[72]seq 004 004 004
+ exgdas_enkf_post.sh[72]for fhr in $(seq ${FHMIN} ${FHOUT} ${FHMAX})
++ exgdas_enkf_post.sh[73]printf %03i 4
+ exgdas_enkf_post.sh[73]fhrchar=004
+ exgdas_enkf_post.sh[74]/bin/ln -sf /lfs/h2/emc/ptmp/emc.global/RETRO_GFSv17/comroot/retrotestgfs10/enkfgdas.20241124/18/mem032/model/atmos/history/enkfgdas.t18z.sfcf004.nc sfcf004_mem032
+ exgdas_enkf_post.sh[75]/bin/ln -sf /lfs/h2/emc/ptmp/emc.global/RETRO_GFSv17/comroot/retrotestgfs10/enkfgdas.20241124/18/mem032/model/atmos/history/enkfgdas.t18z.atmf004.nc atmf004_mem032
+ exgdas_enkf_post.sh[67]for imem in $(seq 1 ${NMEM_ENS})
++ exgdas_enkf_post.sh[68]printf %03i 33
+ exgdas_enkf_post.sh[68]memchar=mem033
+ exgdas_enkf_post.sh[69]MEMDIR=mem033
+ exgdas_enkf_post.sh[69]YMD=20241124
+ exgdas_enkf_post.sh[69]HH=18
+ exgdas_enkf_post.sh[69]declare_from_tmpl -x COMIN_ATMOS_HISTORY:COM_ATMOS_HISTORY_TMPL
+ environment[0][[ NO == \N\O ]]
+ environment[1]set +x
declare_from_tmpl :: COMIN_ATMOS_HISTORY=/lfs/h2/emc/ptmp/emc.global/RETRO_GFSv17/comroot/retrotestgfs10/enkfgdas.20241124/18/mem033/model/atmos/history
++ exgdas_enkf_post.sh[72]seq 004 004 004
+ exgdas_enkf_post.sh[72]for fhr in $(seq ${FHMIN} ${FHOUT} ${FHMAX})
++ exgdas_enkf_post.sh[73]printf %03i 4
+ exgdas_enkf_post.sh[73]fhrchar=004
+ exgdas_enkf_post.sh[74]/bin/ln -sf /lfs/h2/emc/ptmp/emc.global/RETRO_GFSv17/comroot/retrotestgfs10/enkfgdas.20241124/18/mem033/model/atmos/history/enkfgdas.t18z.sfcf004.nc sfcf004_mem033
+ exgdas_enkf_post.sh[75]/bin/ln -sf /lfs/h2/emc/ptmp/emc.global/RETRO_GFSv17/comroot/retrotestgfs10/enkfgdas.20241124/18/mem033/model/atmos/history/enkfgdas.t18z.atmf004.nc atmf004_mem033
+ exgdas_enkf_post.sh[67]for imem in $(seq 1 ${NMEM_ENS})
++ exgdas_enkf_post.sh[68]printf %03i 34
+ exgdas_enkf_post.sh[68]memchar=mem034
+ exgdas_enkf_post.sh[69]MEMDIR=mem034
+ exgdas_enkf_post.sh[69]YMD=20241124
+ exgdas_enkf_post.sh[69]HH=18
+ exgdas_enkf_post.sh[69]declare_from_tmpl -x COMIN_ATMOS_HISTORY:COM_ATMOS_HISTORY_TMPL
+ environment[0][[ NO == \N\O ]]
+ environment[1]set +x
declare_from_tmpl :: COMIN_ATMOS_HISTORY=/lfs/h2/emc/ptmp/emc.global/RETRO_GFSv17/comroot/retrotestgfs10/enkfgdas.20241124/18/mem034/model/atmos/history
++ exgdas_enkf_post.sh[72]seq 004 004 004
+ exgdas_enkf_post.sh[72]for fhr in $(seq ${FHMIN} ${FHOUT} ${FHMAX})
++ exgdas_enkf_post.sh[73]printf %03i 4
+ exgdas_enkf_post.sh[73]fhrchar=004
+ exgdas_enkf_post.sh[74]/bin/ln -sf /lfs/h2/emc/ptmp/emc.global/RETRO_GFSv17/comroot/retrotestgfs10/enkfgdas.20241124/18/mem034/model/atmos/history/enkfgdas.t18z.sfcf004.nc sfcf004_mem034
+ exgdas_enkf_post.sh[75]/bin/ln -sf /lfs/h2/emc/ptmp/emc.global/RETRO_GFSv17/comroot/retrotestgfs10/enkfgdas.20241124/18/mem034/model/atmos/history/enkfgdas.t18z.atmf004.nc atmf004_mem034
+ exgdas_enkf_post.sh[67]for imem in $(seq 1 ${NMEM_ENS})
++ exgdas_enkf_post.sh[68]printf %03i 35
+ exgdas_enkf_post.sh[68]memchar=mem035
+ exgdas_enkf_post.sh[69]MEMDIR=mem035
+ exgdas_enkf_post.sh[69]YMD=20241124
+ exgdas_enkf_post.sh[69]HH=18
+ exgdas_enkf_post.sh[69]declare_from_tmpl -x COMIN_ATMOS_HISTORY:COM_ATMOS_HISTORY_TMPL
+ environment[0][[ NO == \N\O ]]
+ environment[1]set +x
declare_from_tmpl :: COMIN_ATMOS_HISTORY=/lfs/h2/emc/ptmp/emc.global/RETRO_GFSv17/comroot/retrotestgfs10/enkfgdas.20241124/18/mem035/model/atmos/history
++ exgdas_enkf_post.sh[72]seq 004 004 004
+ exgdas_enkf_post.sh[72]for fhr in $(seq ${FHMIN} ${FHOUT} ${FHMAX})
++ exgdas_enkf_post.sh[73]printf %03i 4
+ exgdas_enkf_post.sh[73]fhrchar=004
+ exgdas_enkf_post.sh[74]/bin/ln -sf /lfs/h2/emc/ptmp/emc.global/RETRO_GFSv17/comroot/retrotestgfs10/enkfgdas.20241124/18/mem035/model/atmos/history/enkfgdas.t18z.sfcf004.nc sfcf004_mem035
+ exgdas_enkf_post.sh[75]/bin/ln -sf /lfs/h2/emc/ptmp/emc.global/RETRO_GFSv17/comroot/retrotestgfs10/enkfgdas.20241124/18/mem035/model/atmos/history/enkfgdas.t18z.atmf004.nc atmf004_mem035
+ exgdas_enkf_post.sh[67]for imem in $(seq 1 ${NMEM_ENS})
++ exgdas_enkf_post.sh[68]printf %03i 36
+ exgdas_enkf_post.sh[68]memchar=mem036
+ exgdas_enkf_post.sh[69]MEMDIR=mem036
+ exgdas_enkf_post.sh[69]YMD=20241124
+ exgdas_enkf_post.sh[69]HH=18
+ exgdas_enkf_post.sh[69]declare_from_tmpl -x COMIN_ATMOS_HISTORY:COM_ATMOS_HISTORY_TMPL
+ environment[0][[ NO == \N\O ]]
+ environment[1]set +x
declare_from_tmpl :: COMIN_ATMOS_HISTORY=/lfs/h2/emc/ptmp/emc.global/RETRO_GFSv17/comroot/retrotestgfs10/enkfgdas.20241124/18/mem036/model/atmos/history
++ exgdas_enkf_post.sh[72]seq 004 004 004
+ exgdas_enkf_post.sh[72]for fhr in $(seq ${FHMIN} ${FHOUT} ${FHMAX})
++ exgdas_enkf_post.sh[73]printf %03i 4
+ exgdas_enkf_post.sh[73]fhrchar=004
+ exgdas_enkf_post.sh[74]/bin/ln -sf /lfs/h2/emc/ptmp/emc.global/RETRO_GFSv17/comroot/retrotestgfs10/enkfgdas.20241124/18/mem036/model/atmos/history/enkfgdas.t18z.sfcf004.nc sfcf004_mem036
+ exgdas_enkf_post.sh[75]/bin/ln -sf /lfs/h2/emc/ptmp/emc.global/RETRO_GFSv17/comroot/retrotestgfs10/enkfgdas.20241124/18/mem036/model/atmos/history/enkfgdas.t18z.atmf004.nc atmf004_mem036
+ exgdas_enkf_post.sh[67]for imem in $(seq 1 ${NMEM_ENS})
++ exgdas_enkf_post.sh[68]printf %03i 37
+ exgdas_enkf_post.sh[68]memchar=mem037
+ exgdas_enkf_post.sh[69]MEMDIR=mem037
+ exgdas_enkf_post.sh[69]YMD=20241124
+ exgdas_enkf_post.sh[69]HH=18
+ exgdas_enkf_post.sh[69]declare_from_tmpl -x COMIN_ATMOS_HISTORY:COM_ATMOS_HISTORY_TMPL
+ environment[0][[ NO == \N\O ]]
+ environment[1]set +x
declare_from_tmpl :: COMIN_ATMOS_HISTORY=/lfs/h2/emc/ptmp/emc.global/RETRO_GFSv17/comroot/retrotestgfs10/enkfgdas.20241124/18/mem037/model/atmos/history
++ exgdas_enkf_post.sh[72]seq 004 004 004
+ exgdas_enkf_post.sh[72]for fhr in $(seq ${FHMIN} ${FHOUT} ${FHMAX})
++ exgdas_enkf_post.sh[73]printf %03i 4
+ exgdas_enkf_post.sh[73]fhrchar=004
+ exgdas_enkf_post.sh[74]/bin/ln -sf /lfs/h2/emc/ptmp/emc.global/RETRO_GFSv17/comroot/retrotestgfs10/enkfgdas.20241124/18/mem037/model/atmos/history/enkfgdas.t18z.sfcf004.nc sfcf004_mem037
+ exgdas_enkf_post.sh[75]/bin/ln -sf /lfs/h2/emc/ptmp/emc.global/RETRO_GFSv17/comroot/retrotestgfs10/enkfgdas.20241124/18/mem037/model/atmos/history/enkfgdas.t18z.atmf004.nc atmf004_mem037
+ exgdas_enkf_post.sh[67]for imem in $(seq 1 ${NMEM_ENS})
++ exgdas_enkf_post.sh[68]printf %03i 38
+ exgdas_enkf_post.sh[68]memchar=mem038
+ exgdas_enkf_post.sh[69]MEMDIR=mem038
+ exgdas_enkf_post.sh[69]YMD=20241124
+ exgdas_enkf_post.sh[69]HH=18
+ exgdas_enkf_post.sh[69]declare_from_tmpl -x COMIN_ATMOS_HISTORY:COM_ATMOS_HISTORY_TMPL
+ environment[0][[ NO == \N\O ]]
+ environment[1]set +x
declare_from_tmpl :: COMIN_ATMOS_HISTORY=/lfs/h2/emc/ptmp/emc.global/RETRO_GFSv17/comroot/retrotestgfs10/enkfgdas.20241124/18/mem038/model/atmos/history
++ exgdas_enkf_post.sh[72]seq 004 004 004
+ exgdas_enkf_post.sh[72]for fhr in $(seq ${FHMIN} ${FHOUT} ${FHMAX})
++ exgdas_enkf_post.sh[73]printf %03i 4
+ exgdas_enkf_post.sh[73]fhrchar=004
+ exgdas_enkf_post.sh[74]/bin/ln -sf /lfs/h2/emc/ptmp/emc.global/RETRO_GFSv17/comroot/retrotestgfs10/enkfgdas.20241124/18/mem038/model/atmos/history/enkfgdas.t18z.sfcf004.nc sfcf004_mem038
+ exgdas_enkf_post.sh[75]/bin/ln -sf /lfs/h2/emc/ptmp/emc.global/RETRO_GFSv17/comroot/retrotestgfs10/enkfgdas.20241124/18/mem038/model/atmos/history/enkfgdas.t18z.atmf004.nc atmf004_mem038
+ exgdas_enkf_post.sh[67]for imem in $(seq 1 ${NMEM_ENS})
++ exgdas_enkf_post.sh[68]printf %03i 39
+ exgdas_enkf_post.sh[68]memchar=mem039
+ exgdas_enkf_post.sh[69]MEMDIR=mem039
+ exgdas_enkf_post.sh[69]YMD=20241124
+ exgdas_enkf_post.sh[69]HH=18
+ exgdas_enkf_post.sh[69]declare_from_tmpl -x COMIN_ATMOS_HISTORY:COM_ATMOS_HISTORY_TMPL
+ environment[0][[ NO == \N\O ]]
+ environment[1]set +x
declare_from_tmpl :: COMIN_ATMOS_HISTORY=/lfs/h2/emc/ptmp/emc.global/RETRO_GFSv17/comroot/retrotestgfs10/enkfgdas.20241124/18/mem039/model/atmos/history
++ exgdas_enkf_post.sh[72]seq 004 004 004
+ exgdas_enkf_post.sh[72]for fhr in $(seq ${FHMIN} ${FHOUT} ${FHMAX})
++ exgdas_enkf_post.sh[73]printf %03i 4
+ exgdas_enkf_post.sh[73]fhrchar=004
+ exgdas_enkf_post.sh[74]/bin/ln -sf /lfs/h2/emc/ptmp/emc.global/RETRO_GFSv17/comroot/retrotestgfs10/enkfgdas.20241124/18/mem039/model/atmos/history/enkfgdas.t18z.sfcf004.nc sfcf004_mem039
+ exgdas_enkf_post.sh[75]/bin/ln -sf /lfs/h2/emc/ptmp/emc.global/RETRO_GFSv17/comroot/retrotestgfs10/enkfgdas.20241124/18/mem039/model/atmos/history/enkfgdas.t18z.atmf004.nc atmf004_mem039
+ exgdas_enkf_post.sh[67]for imem in $(seq 1 ${NMEM_ENS})
++ exgdas_enkf_post.sh[68]printf %03i 40
+ exgdas_enkf_post.sh[68]memchar=mem040
+ exgdas_enkf_post.sh[69]MEMDIR=mem040
+ exgdas_enkf_post.sh[69]YMD=20241124
+ exgdas_enkf_post.sh[69]HH=18
+ exgdas_enkf_post.sh[69]declare_from_tmpl -x COMIN_ATMOS_HISTORY:COM_ATMOS_HISTORY_TMPL
+ environment[0][[ NO == \N\O ]]
+ environment[1]set +x
declare_from_tmpl :: COMIN_ATMOS_HISTORY=/lfs/h2/emc/ptmp/emc.global/RETRO_GFSv17/comroot/retrotestgfs10/enkfgdas.20241124/18/mem040/model/atmos/history
++ exgdas_enkf_post.sh[72]seq 004 004 004
+ exgdas_enkf_post.sh[72]for fhr in $(seq ${FHMIN} ${FHOUT} ${FHMAX})
++ exgdas_enkf_post.sh[73]printf %03i 4
+ exgdas_enkf_post.sh[73]fhrchar=004
+ exgdas_enkf_post.sh[74]/bin/ln -sf /lfs/h2/emc/ptmp/emc.global/RETRO_GFSv17/comroot/retrotestgfs10/enkfgdas.20241124/18/mem040/model/atmos/history/enkfgdas.t18z.sfcf004.nc sfcf004_mem040
+ exgdas_enkf_post.sh[75]/bin/ln -sf /lfs/h2/emc/ptmp/emc.global/RETRO_GFSv17/comroot/retrotestgfs10/enkfgdas.20241124/18/mem040/model/atmos/history/enkfgdas.t18z.atmf004.nc atmf004_mem040
+ exgdas_enkf_post.sh[67]for imem in $(seq 1 ${NMEM_ENS})
++ exgdas_enkf_post.sh[68]printf %03i 41
+ exgdas_enkf_post.sh[68]memchar=mem041
+ exgdas_enkf_post.sh[69]MEMDIR=mem041
+ exgdas_enkf_post.sh[69]YMD=20241124
+ exgdas_enkf_post.sh[69]HH=18
+ exgdas_enkf_post.sh[69]declare_from_tmpl -x COMIN_ATMOS_HISTORY:COM_ATMOS_HISTORY_TMPL
+ environment[0][[ NO == \N\O ]]
+ environment[1]set +x
declare_from_tmpl :: COMIN_ATMOS_HISTORY=/lfs/h2/emc/ptmp/emc.global/RETRO_GFSv17/comroot/retrotestgfs10/enkfgdas.20241124/18/mem041/model/atmos/history
++ exgdas_enkf_post.sh[72]seq 004 004 004
+ exgdas_enkf_post.sh[72]for fhr in $(seq ${FHMIN} ${FHOUT} ${FHMAX})
++ exgdas_enkf_post.sh[73]printf %03i 4
+ exgdas_enkf_post.sh[73]fhrchar=004
+ exgdas_enkf_post.sh[74]/bin/ln -sf /lfs/h2/emc/ptmp/emc.global/RETRO_GFSv17/comroot/retrotestgfs10/enkfgdas.20241124/18/mem041/model/atmos/history/enkfgdas.t18z.sfcf004.nc sfcf004_mem041
+ exgdas_enkf_post.sh[75]/bin/ln -sf /lfs/h2/emc/ptmp/emc.global/RETRO_GFSv17/comroot/retrotestgfs10/enkfgdas.20241124/18/mem041/model/atmos/history/enkfgdas.t18z.atmf004.nc atmf004_mem041
+ exgdas_enkf_post.sh[67]for imem in $(seq 1 ${NMEM_ENS})
++ exgdas_enkf_post.sh[68]printf %03i 42
+ exgdas_enkf_post.sh[68]memchar=mem042
+ exgdas_enkf_post.sh[69]MEMDIR=mem042
+ exgdas_enkf_post.sh[69]YMD=20241124
+ exgdas_enkf_post.sh[69]HH=18
+ exgdas_enkf_post.sh[69]declare_from_tmpl -x COMIN_ATMOS_HISTORY:COM_ATMOS_HISTORY_TMPL
+ environment[0][[ NO == \N\O ]]
+ environment[1]set +x
declare_from_tmpl :: COMIN_ATMOS_HISTORY=/lfs/h2/emc/ptmp/emc.global/RETRO_GFSv17/comroot/retrotestgfs10/enkfgdas.20241124/18/mem042/model/atmos/history
++ exgdas_enkf_post.sh[72]seq 004 004 004
+ exgdas_enkf_post.sh[72]for fhr in $(seq ${FHMIN} ${FHOUT} ${FHMAX})
++ exgdas_enkf_post.sh[73]printf %03i 4
+ exgdas_enkf_post.sh[73]fhrchar=004
+ exgdas_enkf_post.sh[74]/bin/ln -sf /lfs/h2/emc/ptmp/emc.global/RETRO_GFSv17/comroot/retrotestgfs10/enkfgdas.20241124/18/mem042/model/atmos/history/enkfgdas.t18z.sfcf004.nc sfcf004_mem042
+ exgdas_enkf_post.sh[75]/bin/ln -sf /lfs/h2/emc/ptmp/emc.global/RETRO_GFSv17/comroot/retrotestgfs10/enkfgdas.20241124/18/mem042/model/atmos/history/enkfgdas.t18z.atmf004.nc atmf004_mem042
+ exgdas_enkf_post.sh[67]for imem in $(seq 1 ${NMEM_ENS})
++ exgdas_enkf_post.sh[68]printf %03i 43
+ exgdas_enkf_post.sh[68]memchar=mem043
+ exgdas_enkf_post.sh[69]MEMDIR=mem043
+ exgdas_enkf_post.sh[69]YMD=20241124
+ exgdas_enkf_post.sh[69]HH=18
+ exgdas_enkf_post.sh[69]declare_from_tmpl -x COMIN_ATMOS_HISTORY:COM_ATMOS_HISTORY_TMPL
+ environment[0][[ NO == \N\O ]]
+ environment[1]set +x
declare_from_tmpl :: COMIN_ATMOS_HISTORY=/lfs/h2/emc/ptmp/emc.global/RETRO_GFSv17/comroot/retrotestgfs10/enkfgdas.20241124/18/mem043/model/atmos/history
++ exgdas_enkf_post.sh[72]seq 004 004 004
+ exgdas_enkf_post.sh[72]for fhr in $(seq ${FHMIN} ${FHOUT} ${FHMAX})
++ exgdas_enkf_post.sh[73]printf %03i 4
+ exgdas_enkf_post.sh[73]fhrchar=004
+ exgdas_enkf_post.sh[74]/bin/ln -sf /lfs/h2/emc/ptmp/emc.global/RETRO_GFSv17/comroot/retrotestgfs10/enkfgdas.20241124/18/mem043/model/atmos/history/enkfgdas.t18z.sfcf004.nc sfcf004_mem043
+ exgdas_enkf_post.sh[75]/bin/ln -sf /lfs/h2/emc/ptmp/emc.global/RETRO_GFSv17/comroot/retrotestgfs10/enkfgdas.20241124/18/mem043/model/atmos/history/enkfgdas.t18z.atmf004.nc atmf004_mem043
+ exgdas_enkf_post.sh[67]for imem in $(seq 1 ${NMEM_ENS})
++ exgdas_enkf_post.sh[68]printf %03i 44
+ exgdas_enkf_post.sh[68]memchar=mem044
+ exgdas_enkf_post.sh[69]MEMDIR=mem044
+ exgdas_enkf_post.sh[69]YMD=20241124
+ exgdas_enkf_post.sh[69]HH=18
+ exgdas_enkf_post.sh[69]declare_from_tmpl -x COMIN_ATMOS_HISTORY:COM_ATMOS_HISTORY_TMPL
+ environment[0][[ NO == \N\O ]]
+ environment[1]set +x
declare_from_tmpl :: COMIN_ATMOS_HISTORY=/lfs/h2/emc/ptmp/emc.global/RETRO_GFSv17/comroot/retrotestgfs10/enkfgdas.20241124/18/mem044/model/atmos/history
++ exgdas_enkf_post.sh[72]seq 004 004 004
+ exgdas_enkf_post.sh[72]for fhr in $(seq ${FHMIN} ${FHOUT} ${FHMAX})
++ exgdas_enkf_post.sh[73]printf %03i 4
+ exgdas_enkf_post.sh[73]fhrchar=004
+ exgdas_enkf_post.sh[74]/bin/ln -sf /lfs/h2/emc/ptmp/emc.global/RETRO_GFSv17/comroot/retrotestgfs10/enkfgdas.20241124/18/mem044/model/atmos/history/enkfgdas.t18z.sfcf004.nc sfcf004_mem044
+ exgdas_enkf_post.sh[75]/bin/ln -sf /lfs/h2/emc/ptmp/emc.global/RETRO_GFSv17/comroot/retrotestgfs10/enkfgdas.20241124/18/mem044/model/atmos/history/enkfgdas.t18z.atmf004.nc atmf004_mem044
+ exgdas_enkf_post.sh[67]for imem in $(seq 1 ${NMEM_ENS})
++ exgdas_enkf_post.sh[68]printf %03i 45
+ exgdas_enkf_post.sh[68]memchar=mem045
+ exgdas_enkf_post.sh[69]MEMDIR=mem045
+ exgdas_enkf_post.sh[69]YMD=20241124
+ exgdas_enkf_post.sh[69]HH=18
+ exgdas_enkf_post.sh[69]declare_from_tmpl -x COMIN_ATMOS_HISTORY:COM_ATMOS_HISTORY_TMPL
+ environment[0][[ NO == \N\O ]]
+ environment[1]set +x
declare_from_tmpl :: COMIN_ATMOS_HISTORY=/lfs/h2/emc/ptmp/emc.global/RETRO_GFSv17/comroot/retrotestgfs10/enkfgdas.20241124/18/mem045/model/atmos/history
++ exgdas_enkf_post.sh[72]seq 004 004 004
+ exgdas_enkf_post.sh[72]for fhr in $(seq ${FHMIN} ${FHOUT} ${FHMAX})
++ exgdas_enkf_post.sh[73]printf %03i 4
+ exgdas_enkf_post.sh[73]fhrchar=004
+ exgdas_enkf_post.sh[74]/bin/ln -sf /lfs/h2/emc/ptmp/emc.global/RETRO_GFSv17/comroot/retrotestgfs10/enkfgdas.20241124/18/mem045/model/atmos/history/enkfgdas.t18z.sfcf004.nc sfcf004_mem045
+ exgdas_enkf_post.sh[75]/bin/ln -sf /lfs/h2/emc/ptmp/emc.global/RETRO_GFSv17/comroot/retrotestgfs10/enkfgdas.20241124/18/mem045/model/atmos/history/enkfgdas.t18z.atmf004.nc atmf004_mem045
+ exgdas_enkf_post.sh[67]for imem in $(seq 1 ${NMEM_ENS})
++ exgdas_enkf_post.sh[68]printf %03i 46
+ exgdas_enkf_post.sh[68]memchar=mem046
+ exgdas_enkf_post.sh[69]MEMDIR=mem046
+ exgdas_enkf_post.sh[69]YMD=20241124
+ exgdas_enkf_post.sh[69]HH=18
+ exgdas_enkf_post.sh[69]declare_from_tmpl -x COMIN_ATMOS_HISTORY:COM_ATMOS_HISTORY_TMPL
+ environment[0][[ NO == \N\O ]]
+ environment[1]set +x
declare_from_tmpl :: COMIN_ATMOS_HISTORY=/lfs/h2/emc/ptmp/emc.global/RETRO_GFSv17/comroot/retrotestgfs10/enkfgdas.20241124/18/mem046/model/atmos/history
++ exgdas_enkf_post.sh[72]seq 004 004 004
+ exgdas_enkf_post.sh[72]for fhr in $(seq ${FHMIN} ${FHOUT} ${FHMAX})
++ exgdas_enkf_post.sh[73]printf %03i 4
+ exgdas_enkf_post.sh[73]fhrchar=004
+ exgdas_enkf_post.sh[74]/bin/ln -sf /lfs/h2/emc/ptmp/emc.global/RETRO_GFSv17/comroot/retrotestgfs10/enkfgdas.20241124/18/mem046/model/atmos/history/enkfgdas.t18z.sfcf004.nc sfcf004_mem046
+ exgdas_enkf_post.sh[75]/bin/ln -sf /lfs/h2/emc/ptmp/emc.global/RETRO_GFSv17/comroot/retrotestgfs10/enkfgdas.20241124/18/mem046/model/atmos/history/enkfgdas.t18z.atmf004.nc atmf004_mem046
+ exgdas_enkf_post.sh[67]for imem in $(seq 1 ${NMEM_ENS})
++ exgdas_enkf_post.sh[68]printf %03i 47
+ exgdas_enkf_post.sh[68]memchar=mem047
+ exgdas_enkf_post.sh[69]MEMDIR=mem047
+ exgdas_enkf_post.sh[69]YMD=20241124
+ exgdas_enkf_post.sh[69]HH=18
+ exgdas_enkf_post.sh[69]declare_from_tmpl -x COMIN_ATMOS_HISTORY:COM_ATMOS_HISTORY_TMPL
+ environment[0][[ NO == \N\O ]]
+ environment[1]set +x
declare_from_tmpl :: COMIN_ATMOS_HISTORY=/lfs/h2/emc/ptmp/emc.global/RETRO_GFSv17/comroot/retrotestgfs10/enkfgdas.20241124/18/mem047/model/atmos/history
++ exgdas_enkf_post.sh[72]seq 004 004 004
+ exgdas_enkf_post.sh[72]for fhr in $(seq ${FHMIN} ${FHOUT} ${FHMAX})
++ exgdas_enkf_post.sh[73]printf %03i 4
+ exgdas_enkf_post.sh[73]fhrchar=004
+ exgdas_enkf_post.sh[74]/bin/ln -sf /lfs/h2/emc/ptmp/emc.global/RETRO_GFSv17/comroot/retrotestgfs10/enkfgdas.20241124/18/mem047/model/atmos/history/enkfgdas.t18z.sfcf004.nc sfcf004_mem047
+ exgdas_enkf_post.sh[75]/bin/ln -sf /lfs/h2/emc/ptmp/emc.global/RETRO_GFSv17/comroot/retrotestgfs10/enkfgdas.20241124/18/mem047/model/atmos/history/enkfgdas.t18z.atmf004.nc atmf004_mem047
+ exgdas_enkf_post.sh[67]for imem in $(seq 1 ${NMEM_ENS})
++ exgdas_enkf_post.sh[68]printf %03i 48
+ exgdas_enkf_post.sh[68]memchar=mem048
+ exgdas_enkf_post.sh[69]MEMDIR=mem048
+ exgdas_enkf_post.sh[69]YMD=20241124
+ exgdas_enkf_post.sh[69]HH=18
+ exgdas_enkf_post.sh[69]declare_from_tmpl -x COMIN_ATMOS_HISTORY:COM_ATMOS_HISTORY_TMPL
+ environment[0][[ NO == \N\O ]]
+ environment[1]set +x
declare_from_tmpl :: COMIN_ATMOS_HISTORY=/lfs/h2/emc/ptmp/emc.global/RETRO_GFSv17/comroot/retrotestgfs10/enkfgdas.20241124/18/mem048/model/atmos/history
++ exgdas_enkf_post.sh[72]seq 004 004 004
+ exgdas_enkf_post.sh[72]for fhr in $(seq ${FHMIN} ${FHOUT} ${FHMAX})
++ exgdas_enkf_post.sh[73]printf %03i 4
+ exgdas_enkf_post.sh[73]fhrchar=004
+ exgdas_enkf_post.sh[74]/bin/ln -sf /lfs/h2/emc/ptmp/emc.global/RETRO_GFSv17/comroot/retrotestgfs10/enkfgdas.20241124/18/mem048/model/atmos/history/enkfgdas.t18z.sfcf004.nc sfcf004_mem048
+ exgdas_enkf_post.sh[75]/bin/ln -sf /lfs/h2/emc/ptmp/emc.global/RETRO_GFSv17/comroot/retrotestgfs10/enkfgdas.20241124/18/mem048/model/atmos/history/enkfgdas.t18z.atmf004.nc atmf004_mem048
+ exgdas_enkf_post.sh[67]for imem in $(seq 1 ${NMEM_ENS})
++ exgdas_enkf_post.sh[68]printf %03i 49
+ exgdas_enkf_post.sh[68]memchar=mem049
+ exgdas_enkf_post.sh[69]MEMDIR=mem049
+ exgdas_enkf_post.sh[69]YMD=20241124
+ exgdas_enkf_post.sh[69]HH=18
+ exgdas_enkf_post.sh[69]declare_from_tmpl -x COMIN_ATMOS_HISTORY:COM_ATMOS_HISTORY_TMPL
+ environment[0][[ NO == \N\O ]]
+ environment[1]set +x
declare_from_tmpl :: COMIN_ATMOS_HISTORY=/lfs/h2/emc/ptmp/emc.global/RETRO_GFSv17/comroot/retrotestgfs10/enkfgdas.20241124/18/mem049/model/atmos/history
++ exgdas_enkf_post.sh[72]seq 004 004 004
+ exgdas_enkf_post.sh[72]for fhr in $(seq ${FHMIN} ${FHOUT} ${FHMAX})
++ exgdas_enkf_post.sh[73]printf %03i 4
+ exgdas_enkf_post.sh[73]fhrchar=004
+ exgdas_enkf_post.sh[74]/bin/ln -sf /lfs/h2/emc/ptmp/emc.global/RETRO_GFSv17/comroot/retrotestgfs10/enkfgdas.20241124/18/mem049/model/atmos/history/enkfgdas.t18z.sfcf004.nc sfcf004_mem049
+ exgdas_enkf_post.sh[75]/bin/ln -sf /lfs/h2/emc/ptmp/emc.global/RETRO_GFSv17/comroot/retrotestgfs10/enkfgdas.20241124/18/mem049/model/atmos/history/enkfgdas.t18z.atmf004.nc atmf004_mem049
+ exgdas_enkf_post.sh[67]for imem in $(seq 1 ${NMEM_ENS})
++ exgdas_enkf_post.sh[68]printf %03i 50
+ exgdas_enkf_post.sh[68]memchar=mem050
+ exgdas_enkf_post.sh[69]MEMDIR=mem050
+ exgdas_enkf_post.sh[69]YMD=20241124
+ exgdas_enkf_post.sh[69]HH=18
+ exgdas_enkf_post.sh[69]declare_from_tmpl -x COMIN_ATMOS_HISTORY:COM_ATMOS_HISTORY_TMPL
+ environment[0][[ NO == \N\O ]]
+ environment[1]set +x
declare_from_tmpl :: COMIN_ATMOS_HISTORY=/lfs/h2/emc/ptmp/emc.global/RETRO_GFSv17/comroot/retrotestgfs10/enkfgdas.20241124/18/mem050/model/atmos/history
++ exgdas_enkf_post.sh[72]seq 004 004 004
+ exgdas_enkf_post.sh[72]for fhr in $(seq ${FHMIN} ${FHOUT} ${FHMAX})
++ exgdas_enkf_post.sh[73]printf %03i 4
+ exgdas_enkf_post.sh[73]fhrchar=004
+ exgdas_enkf_post.sh[74]/bin/ln -sf /lfs/h2/emc/ptmp/emc.global/RETRO_GFSv17/comroot/retrotestgfs10/enkfgdas.20241124/18/mem050/model/atmos/history/enkfgdas.t18z.sfcf004.nc sfcf004_mem050
+ exgdas_enkf_post.sh[75]/bin/ln -sf /lfs/h2/emc/ptmp/emc.global/RETRO_GFSv17/comroot/retrotestgfs10/enkfgdas.20241124/18/mem050/model/atmos/history/enkfgdas.t18z.atmf004.nc atmf004_mem050
+ exgdas_enkf_post.sh[67]for imem in $(seq 1 ${NMEM_ENS})
++ exgdas_enkf_post.sh[68]printf %03i 51
+ exgdas_enkf_post.sh[68]memchar=mem051
+ exgdas_enkf_post.sh[69]MEMDIR=mem051
+ exgdas_enkf_post.sh[69]YMD=20241124
+ exgdas_enkf_post.sh[69]HH=18
+ exgdas_enkf_post.sh[69]declare_from_tmpl -x COMIN_ATMOS_HISTORY:COM_ATMOS_HISTORY_TMPL
+ environment[0][[ NO == \N\O ]]
+ environment[1]set +x
declare_from_tmpl :: COMIN_ATMOS_HISTORY=/lfs/h2/emc/ptmp/emc.global/RETRO_GFSv17/comroot/retrotestgfs10/enkfgdas.20241124/18/mem051/model/atmos/history
++ exgdas_enkf_post.sh[72]seq 004 004 004
+ exgdas_enkf_post.sh[72]for fhr in $(seq ${FHMIN} ${FHOUT} ${FHMAX})
++ exgdas_enkf_post.sh[73]printf %03i 4
+ exgdas_enkf_post.sh[73]fhrchar=004
+ exgdas_enkf_post.sh[74]/bin/ln -sf /lfs/h2/emc/ptmp/emc.global/RETRO_GFSv17/comroot/retrotestgfs10/enkfgdas.20241124/18/mem051/model/atmos/history/enkfgdas.t18z.sfcf004.nc sfcf004_mem051
+ exgdas_enkf_post.sh[75]/bin/ln -sf /lfs/h2/emc/ptmp/emc.global/RETRO_GFSv17/comroot/retrotestgfs10/enkfgdas.20241124/18/mem051/model/atmos/history/enkfgdas.t18z.atmf004.nc atmf004_mem051
+ exgdas_enkf_post.sh[67]for imem in $(seq 1 ${NMEM_ENS})
++ exgdas_enkf_post.sh[68]printf %03i 52
+ exgdas_enkf_post.sh[68]memchar=mem052
+ exgdas_enkf_post.sh[69]MEMDIR=mem052
+ exgdas_enkf_post.sh[69]YMD=20241124
+ exgdas_enkf_post.sh[69]HH=18
+ exgdas_enkf_post.sh[69]declare_from_tmpl -x COMIN_ATMOS_HISTORY:COM_ATMOS_HISTORY_TMPL
+ environment[0][[ NO == \N\O ]]
+ environment[1]set +x
declare_from_tmpl :: COMIN_ATMOS_HISTORY=/lfs/h2/emc/ptmp/emc.global/RETRO_GFSv17/comroot/retrotestgfs10/enkfgdas.20241124/18/mem052/model/atmos/history
++ exgdas_enkf_post.sh[72]seq 004 004 004
+ exgdas_enkf_post.sh[72]for fhr in $(seq ${FHMIN} ${FHOUT} ${FHMAX})
++ exgdas_enkf_post.sh[73]printf %03i 4
+ exgdas_enkf_post.sh[73]fhrchar=004
+ exgdas_enkf_post.sh[74]/bin/ln -sf /lfs/h2/emc/ptmp/emc.global/RETRO_GFSv17/comroot/retrotestgfs10/enkfgdas.20241124/18/mem052/model/atmos/history/enkfgdas.t18z.sfcf004.nc sfcf004_mem052
+ exgdas_enkf_post.sh[75]/bin/ln -sf /lfs/h2/emc/ptmp/emc.global/RETRO_GFSv17/comroot/retrotestgfs10/enkfgdas.20241124/18/mem052/model/atmos/history/enkfgdas.t18z.atmf004.nc atmf004_mem052
+ exgdas_enkf_post.sh[67]for imem in $(seq 1 ${NMEM_ENS})
++ exgdas_enkf_post.sh[68]printf %03i 53
+ exgdas_enkf_post.sh[68]memchar=mem053
+ exgdas_enkf_post.sh[69]MEMDIR=mem053
+ exgdas_enkf_post.sh[69]YMD=20241124
+ exgdas_enkf_post.sh[69]HH=18
+ exgdas_enkf_post.sh[69]declare_from_tmpl -x COMIN_ATMOS_HISTORY:COM_ATMOS_HISTORY_TMPL
+ environment[0][[ NO == \N\O ]]
+ environment[1]set +x
declare_from_tmpl :: COMIN_ATMOS_HISTORY=/lfs/h2/emc/ptmp/emc.global/RETRO_GFSv17/comroot/retrotestgfs10/enkfgdas.20241124/18/mem053/model/atmos/history
++ exgdas_enkf_post.sh[72]seq 004 004 004
+ exgdas_enkf_post.sh[72]for fhr in $(seq ${FHMIN} ${FHOUT} ${FHMAX})
++ exgdas_enkf_post.sh[73]printf %03i 4
+ exgdas_enkf_post.sh[73]fhrchar=004
+ exgdas_enkf_post.sh[74]/bin/ln -sf /lfs/h2/emc/ptmp/emc.global/RETRO_GFSv17/comroot/retrotestgfs10/enkfgdas.20241124/18/mem053/model/atmos/history/enkfgdas.t18z.sfcf004.nc sfcf004_mem053
+ exgdas_enkf_post.sh[75]/bin/ln -sf /lfs/h2/emc/ptmp/emc.global/RETRO_GFSv17/comroot/retrotestgfs10/enkfgdas.20241124/18/mem053/model/atmos/history/enkfgdas.t18z.atmf004.nc atmf004_mem053
+ exgdas_enkf_post.sh[67]for imem in $(seq 1 ${NMEM_ENS})
++ exgdas_enkf_post.sh[68]printf %03i 54
+ exgdas_enkf_post.sh[68]memchar=mem054
+ exgdas_enkf_post.sh[69]MEMDIR=mem054
+ exgdas_enkf_post.sh[69]YMD=20241124
+ exgdas_enkf_post.sh[69]HH=18
+ exgdas_enkf_post.sh[69]declare_from_tmpl -x COMIN_ATMOS_HISTORY:COM_ATMOS_HISTORY_TMPL
+ environment[0][[ NO == \N\O ]]
+ environment[1]set +x
declare_from_tmpl :: COMIN_ATMOS_HISTORY=/lfs/h2/emc/ptmp/emc.global/RETRO_GFSv17/comroot/retrotestgfs10/enkfgdas.20241124/18/mem054/model/atmos/history
++ exgdas_enkf_post.sh[72]seq 004 004 004
+ exgdas_enkf_post.sh[72]for fhr in $(seq ${FHMIN} ${FHOUT} ${FHMAX})
++ exgdas_enkf_post.sh[73]printf %03i 4
+ exgdas_enkf_post.sh[73]fhrchar=004
+ exgdas_enkf_post.sh[74]/bin/ln -sf /lfs/h2/emc/ptmp/emc.global/RETRO_GFSv17/comroot/retrotestgfs10/enkfgdas.20241124/18/mem054/model/atmos/history/enkfgdas.t18z.sfcf004.nc sfcf004_mem054
+ exgdas_enkf_post.sh[75]/bin/ln -sf /lfs/h2/emc/ptmp/emc.global/RETRO_GFSv17/comroot/retrotestgfs10/enkfgdas.20241124/18/mem054/model/atmos/history/enkfgdas.t18z.atmf004.nc atmf004_mem054
+ exgdas_enkf_post.sh[67]for imem in $(seq 1 ${NMEM_ENS})
++ exgdas_enkf_post.sh[68]printf %03i 55
+ exgdas_enkf_post.sh[68]memchar=mem055
+ exgdas_enkf_post.sh[69]MEMDIR=mem055
+ exgdas_enkf_post.sh[69]YMD=20241124
+ exgdas_enkf_post.sh[69]HH=18
+ exgdas_enkf_post.sh[69]declare_from_tmpl -x COMIN_ATMOS_HISTORY:COM_ATMOS_HISTORY_TMPL
+ environment[0][[ NO == \N\O ]]
+ environment[1]set +x
declare_from_tmpl :: COMIN_ATMOS_HISTORY=/lfs/h2/emc/ptmp/emc.global/RETRO_GFSv17/comroot/retrotestgfs10/enkfgdas.20241124/18/mem055/model/atmos/history
++ exgdas_enkf_post.sh[72]seq 004 004 004
+ exgdas_enkf_post.sh[72]for fhr in $(seq ${FHMIN} ${FHOUT} ${FHMAX})
++ exgdas_enkf_post.sh[73]printf %03i 4
+ exgdas_enkf_post.sh[73]fhrchar=004
+ exgdas_enkf_post.sh[74]/bin/ln -sf /lfs/h2/emc/ptmp/emc.global/RETRO_GFSv17/comroot/retrotestgfs10/enkfgdas.20241124/18/mem055/model/atmos/history/enkfgdas.t18z.sfcf004.nc sfcf004_mem055
+ exgdas_enkf_post.sh[75]/bin/ln -sf /lfs/h2/emc/ptmp/emc.global/RETRO_GFSv17/comroot/retrotestgfs10/enkfgdas.20241124/18/mem055/model/atmos/history/enkfgdas.t18z.atmf004.nc atmf004_mem055
+ exgdas_enkf_post.sh[67]for imem in $(seq 1 ${NMEM_ENS})
++ exgdas_enkf_post.sh[68]printf %03i 56
+ exgdas_enkf_post.sh[68]memchar=mem056
+ exgdas_enkf_post.sh[69]MEMDIR=mem056
+ exgdas_enkf_post.sh[69]YMD=20241124
+ exgdas_enkf_post.sh[69]HH=18
+ exgdas_enkf_post.sh[69]declare_from_tmpl -x COMIN_ATMOS_HISTORY:COM_ATMOS_HISTORY_TMPL
+ environment[0][[ NO == \N\O ]]
+ environment[1]set +x
declare_from_tmpl :: COMIN_ATMOS_HISTORY=/lfs/h2/emc/ptmp/emc.global/RETRO_GFSv17/comroot/retrotestgfs10/enkfgdas.20241124/18/mem056/model/atmos/history
++ exgdas_enkf_post.sh[72]seq 004 004 004
+ exgdas_enkf_post.sh[72]for fhr in $(seq ${FHMIN} ${FHOUT} ${FHMAX})
++ exgdas_enkf_post.sh[73]printf %03i 4
+ exgdas_enkf_post.sh[73]fhrchar=004
+ exgdas_enkf_post.sh[74]/bin/ln -sf /lfs/h2/emc/ptmp/emc.global/RETRO_GFSv17/comroot/retrotestgfs10/enkfgdas.20241124/18/mem056/model/atmos/history/enkfgdas.t18z.sfcf004.nc sfcf004_mem056
+ exgdas_enkf_post.sh[75]/bin/ln -sf /lfs/h2/emc/ptmp/emc.global/RETRO_GFSv17/comroot/retrotestgfs10/enkfgdas.20241124/18/mem056/model/atmos/history/enkfgdas.t18z.atmf004.nc atmf004_mem056
+ exgdas_enkf_post.sh[67]for imem in $(seq 1 ${NMEM_ENS})
++ exgdas_enkf_post.sh[68]printf %03i 57
+ exgdas_enkf_post.sh[68]memchar=mem057
+ exgdas_enkf_post.sh[69]MEMDIR=mem057
+ exgdas_enkf_post.sh[69]YMD=20241124
+ exgdas_enkf_post.sh[69]HH=18
+ exgdas_enkf_post.sh[69]declare_from_tmpl -x COMIN_ATMOS_HISTORY:COM_ATMOS_HISTORY_TMPL
+ environment[0][[ NO == \N\O ]]
+ environment[1]set +x
declare_from_tmpl :: COMIN_ATMOS_HISTORY=/lfs/h2/emc/ptmp/emc.global/RETRO_GFSv17/comroot/retrotestgfs10/enkfgdas.20241124/18/mem057/model/atmos/history
++ exgdas_enkf_post.sh[72]seq 004 004 004
+ exgdas_enkf_post.sh[72]for fhr in $(seq ${FHMIN} ${FHOUT} ${FHMAX})
++ exgdas_enkf_post.sh[73]printf %03i 4
+ exgdas_enkf_post.sh[73]fhrchar=004
+ exgdas_enkf_post.sh[74]/bin/ln -sf /lfs/h2/emc/ptmp/emc.global/RETRO_GFSv17/comroot/retrotestgfs10/enkfgdas.20241124/18/mem057/model/atmos/history/enkfgdas.t18z.sfcf004.nc sfcf004_mem057
+ exgdas_enkf_post.sh[75]/bin/ln -sf /lfs/h2/emc/ptmp/emc.global/RETRO_GFSv17/comroot/retrotestgfs10/enkfgdas.20241124/18/mem057/model/atmos/history/enkfgdas.t18z.atmf004.nc atmf004_mem057
+ exgdas_enkf_post.sh[67]for imem in $(seq 1 ${NMEM_ENS})
++ exgdas_enkf_post.sh[68]printf %03i 58
+ exgdas_enkf_post.sh[68]memchar=mem058
+ exgdas_enkf_post.sh[69]MEMDIR=mem058
+ exgdas_enkf_post.sh[69]YMD=20241124
+ exgdas_enkf_post.sh[69]HH=18
+ exgdas_enkf_post.sh[69]declare_from_tmpl -x COMIN_ATMOS_HISTORY:COM_ATMOS_HISTORY_TMPL
+ environment[0][[ NO == \N\O ]]
+ environment[1]set +x
declare_from_tmpl :: COMIN_ATMOS_HISTORY=/lfs/h2/emc/ptmp/emc.global/RETRO_GFSv17/comroot/retrotestgfs10/enkfgdas.20241124/18/mem058/model/atmos/history
++ exgdas_enkf_post.sh[72]seq 004 004 004
+ exgdas_enkf_post.sh[72]for fhr in $(seq ${FHMIN} ${FHOUT} ${FHMAX})
++ exgdas_enkf_post.sh[73]printf %03i 4
+ exgdas_enkf_post.sh[73]fhrchar=004
+ exgdas_enkf_post.sh[74]/bin/ln -sf /lfs/h2/emc/ptmp/emc.global/RETRO_GFSv17/comroot/retrotestgfs10/enkfgdas.20241124/18/mem058/model/atmos/history/enkfgdas.t18z.sfcf004.nc sfcf004_mem058
+ exgdas_enkf_post.sh[75]/bin/ln -sf /lfs/h2/emc/ptmp/emc.global/RETRO_GFSv17/comroot/retrotestgfs10/enkfgdas.20241124/18/mem058/model/atmos/history/enkfgdas.t18z.atmf004.nc atmf004_mem058
+ exgdas_enkf_post.sh[67]for imem in $(seq 1 ${NMEM_ENS})
++ exgdas_enkf_post.sh[68]printf %03i 59
+ exgdas_enkf_post.sh[68]memchar=mem059
+ exgdas_enkf_post.sh[69]MEMDIR=mem059
+ exgdas_enkf_post.sh[69]YMD=20241124
+ exgdas_enkf_post.sh[69]HH=18
+ exgdas_enkf_post.sh[69]declare_from_tmpl -x COMIN_ATMOS_HISTORY:COM_ATMOS_HISTORY_TMPL
+ environment[0][[ NO == \N\O ]]
+ environment[1]set +x
declare_from_tmpl :: COMIN_ATMOS_HISTORY=/lfs/h2/emc/ptmp/emc.global/RETRO_GFSv17/comroot/retrotestgfs10/enkfgdas.20241124/18/mem059/model/atmos/history
++ exgdas_enkf_post.sh[72]seq 004 004 004
+ exgdas_enkf_post.sh[72]for fhr in $(seq ${FHMIN} ${FHOUT} ${FHMAX})
++ exgdas_enkf_post.sh[73]printf %03i 4
+ exgdas_enkf_post.sh[73]fhrchar=004
+ exgdas_enkf_post.sh[74]/bin/ln -sf /lfs/h2/emc/ptmp/emc.global/RETRO_GFSv17/comroot/retrotestgfs10/enkfgdas.20241124/18/mem059/model/atmos/history/enkfgdas.t18z.sfcf004.nc sfcf004_mem059
+ exgdas_enkf_post.sh[75]/bin/ln -sf /lfs/h2/emc/ptmp/emc.global/RETRO_GFSv17/comroot/retrotestgfs10/enkfgdas.20241124/18/mem059/model/atmos/history/enkfgdas.t18z.atmf004.nc atmf004_mem059
+ exgdas_enkf_post.sh[67]for imem in $(seq 1 ${NMEM_ENS})
++ exgdas_enkf_post.sh[68]printf %03i 60
+ exgdas_enkf_post.sh[68]memchar=mem060
+ exgdas_enkf_post.sh[69]MEMDIR=mem060
+ exgdas_enkf_post.sh[69]YMD=20241124
+ exgdas_enkf_post.sh[69]HH=18
+ exgdas_enkf_post.sh[69]declare_from_tmpl -x COMIN_ATMOS_HISTORY:COM_ATMOS_HISTORY_TMPL
+ environment[0][[ NO == \N\O ]]
+ environment[1]set +x
declare_from_tmpl :: COMIN_ATMOS_HISTORY=/lfs/h2/emc/ptmp/emc.global/RETRO_GFSv17/comroot/retrotestgfs10/enkfgdas.20241124/18/mem060/model/atmos/history
++ exgdas_enkf_post.sh[72]seq 004 004 004
+ exgdas_enkf_post.sh[72]for fhr in $(seq ${FHMIN} ${FHOUT} ${FHMAX})
++ exgdas_enkf_post.sh[73]printf %03i 4
+ exgdas_enkf_post.sh[73]fhrchar=004
+ exgdas_enkf_post.sh[74]/bin/ln -sf /lfs/h2/emc/ptmp/emc.global/RETRO_GFSv17/comroot/retrotestgfs10/enkfgdas.20241124/18/mem060/model/atmos/history/enkfgdas.t18z.sfcf004.nc sfcf004_mem060
+ exgdas_enkf_post.sh[75]/bin/ln -sf /lfs/h2/emc/ptmp/emc.global/RETRO_GFSv17/comroot/retrotestgfs10/enkfgdas.20241124/18/mem060/model/atmos/history/enkfgdas.t18z.atmf004.nc atmf004_mem060
+ exgdas_enkf_post.sh[67]for imem in $(seq 1 ${NMEM_ENS})
++ exgdas_enkf_post.sh[68]printf %03i 61
+ exgdas_enkf_post.sh[68]memchar=mem061
+ exgdas_enkf_post.sh[69]MEMDIR=mem061
+ exgdas_enkf_post.sh[69]YMD=20241124
+ exgdas_enkf_post.sh[69]HH=18
+ exgdas_enkf_post.sh[69]declare_from_tmpl -x COMIN_ATMOS_HISTORY:COM_ATMOS_HISTORY_TMPL
+ environment[0][[ NO == \N\O ]]
+ environment[1]set +x
declare_from_tmpl :: COMIN_ATMOS_HISTORY=/lfs/h2/emc/ptmp/emc.global/RETRO_GFSv17/comroot/retrotestgfs10/enkfgdas.20241124/18/mem061/model/atmos/history
++ exgdas_enkf_post.sh[72]seq 004 004 004
+ exgdas_enkf_post.sh[72]for fhr in $(seq ${FHMIN} ${FHOUT} ${FHMAX})
++ exgdas_enkf_post.sh[73]printf %03i 4
+ exgdas_enkf_post.sh[73]fhrchar=004
+ exgdas_enkf_post.sh[74]/bin/ln -sf /lfs/h2/emc/ptmp/emc.global/RETRO_GFSv17/comroot/retrotestgfs10/enkfgdas.20241124/18/mem061/model/atmos/history/enkfgdas.t18z.sfcf004.nc sfcf004_mem061
+ exgdas_enkf_post.sh[75]/bin/ln -sf /lfs/h2/emc/ptmp/emc.global/RETRO_GFSv17/comroot/retrotestgfs10/enkfgdas.20241124/18/mem061/model/atmos/history/enkfgdas.t18z.atmf004.nc atmf004_mem061
+ exgdas_enkf_post.sh[67]for imem in $(seq 1 ${NMEM_ENS})
++ exgdas_enkf_post.sh[68]printf %03i 62
+ exgdas_enkf_post.sh[68]memchar=mem062
+ exgdas_enkf_post.sh[69]MEMDIR=mem062
+ exgdas_enkf_post.sh[69]YMD=20241124
+ exgdas_enkf_post.sh[69]HH=18
+ exgdas_enkf_post.sh[69]declare_from_tmpl -x COMIN_ATMOS_HISTORY:COM_ATMOS_HISTORY_TMPL
+ environment[0][[ NO == \N\O ]]
+ environment[1]set +x
declare_from_tmpl :: COMIN_ATMOS_HISTORY=/lfs/h2/emc/ptmp/emc.global/RETRO_GFSv17/comroot/retrotestgfs10/enkfgdas.20241124/18/mem062/model/atmos/history
++ exgdas_enkf_post.sh[72]seq 004 004 004
+ exgdas_enkf_post.sh[72]for fhr in $(seq ${FHMIN} ${FHOUT} ${FHMAX})
++ exgdas_enkf_post.sh[73]printf %03i 4
+ exgdas_enkf_post.sh[73]fhrchar=004
+ exgdas_enkf_post.sh[74]/bin/ln -sf /lfs/h2/emc/ptmp/emc.global/RETRO_GFSv17/comroot/retrotestgfs10/enkfgdas.20241124/18/mem062/model/atmos/history/enkfgdas.t18z.sfcf004.nc sfcf004_mem062
+ exgdas_enkf_post.sh[75]/bin/ln -sf /lfs/h2/emc/ptmp/emc.global/RETRO_GFSv17/comroot/retrotestgfs10/enkfgdas.20241124/18/mem062/model/atmos/history/enkfgdas.t18z.atmf004.nc atmf004_mem062
+ exgdas_enkf_post.sh[67]for imem in $(seq 1 ${NMEM_ENS})
++ exgdas_enkf_post.sh[68]printf %03i 63
+ exgdas_enkf_post.sh[68]memchar=mem063
+ exgdas_enkf_post.sh[69]MEMDIR=mem063
+ exgdas_enkf_post.sh[69]YMD=20241124
+ exgdas_enkf_post.sh[69]HH=18
+ exgdas_enkf_post.sh[69]declare_from_tmpl -x COMIN_ATMOS_HISTORY:COM_ATMOS_HISTORY_TMPL
+ environment[0][[ NO == \N\O ]]
+ environment[1]set +x
declare_from_tmpl :: COMIN_ATMOS_HISTORY=/lfs/h2/emc/ptmp/emc.global/RETRO_GFSv17/comroot/retrotestgfs10/enkfgdas.20241124/18/mem063/model/atmos/history
++ exgdas_enkf_post.sh[72]seq 004 004 004
+ exgdas_enkf_post.sh[72]for fhr in $(seq ${FHMIN} ${FHOUT} ${FHMAX})
++ exgdas_enkf_post.sh[73]printf %03i 4
+ exgdas_enkf_post.sh[73]fhrchar=004
+ exgdas_enkf_post.sh[74]/bin/ln -sf /lfs/h2/emc/ptmp/emc.global/RETRO_GFSv17/comroot/retrotestgfs10/enkfgdas.20241124/18/mem063/model/atmos/history/enkfgdas.t18z.sfcf004.nc sfcf004_mem063
+ exgdas_enkf_post.sh[75]/bin/ln -sf /lfs/h2/emc/ptmp/emc.global/RETRO_GFSv17/comroot/retrotestgfs10/enkfgdas.20241124/18/mem063/model/atmos/history/enkfgdas.t18z.atmf004.nc atmf004_mem063
+ exgdas_enkf_post.sh[67]for imem in $(seq 1 ${NMEM_ENS})
++ exgdas_enkf_post.sh[68]printf %03i 64
+ exgdas_enkf_post.sh[68]memchar=mem064
+ exgdas_enkf_post.sh[69]MEMDIR=mem064
+ exgdas_enkf_post.sh[69]YMD=20241124
+ exgdas_enkf_post.sh[69]HH=18
+ exgdas_enkf_post.sh[69]declare_from_tmpl -x COMIN_ATMOS_HISTORY:COM_ATMOS_HISTORY_TMPL
+ environment[0][[ NO == \N\O ]]
+ environment[1]set +x
declare_from_tmpl :: COMIN_ATMOS_HISTORY=/lfs/h2/emc/ptmp/emc.global/RETRO_GFSv17/comroot/retrotestgfs10/enkfgdas.20241124/18/mem064/model/atmos/history
++ exgdas_enkf_post.sh[72]seq 004 004 004
+ exgdas_enkf_post.sh[72]for fhr in $(seq ${FHMIN} ${FHOUT} ${FHMAX})
++ exgdas_enkf_post.sh[73]printf %03i 4
+ exgdas_enkf_post.sh[73]fhrchar=004
+ exgdas_enkf_post.sh[74]/bin/ln -sf /lfs/h2/emc/ptmp/emc.global/RETRO_GFSv17/comroot/retrotestgfs10/enkfgdas.20241124/18/mem064/model/atmos/history/enkfgdas.t18z.sfcf004.nc sfcf004_mem064
+ exgdas_enkf_post.sh[75]/bin/ln -sf /lfs/h2/emc/ptmp/emc.global/RETRO_GFSv17/comroot/retrotestgfs10/enkfgdas.20241124/18/mem064/model/atmos/history/enkfgdas.t18z.atmf004.nc atmf004_mem064
+ exgdas_enkf_post.sh[67]for imem in $(seq 1 ${NMEM_ENS})
++ exgdas_enkf_post.sh[68]printf %03i 65
+ exgdas_enkf_post.sh[68]memchar=mem065
+ exgdas_enkf_post.sh[69]MEMDIR=mem065
+ exgdas_enkf_post.sh[69]YMD=20241124
+ exgdas_enkf_post.sh[69]HH=18
+ exgdas_enkf_post.sh[69]declare_from_tmpl -x COMIN_ATMOS_HISTORY:COM_ATMOS_HISTORY_TMPL
+ environment[0][[ NO == \N\O ]]
+ environment[1]set +x
declare_from_tmpl :: COMIN_ATMOS_HISTORY=/lfs/h2/emc/ptmp/emc.global/RETRO_GFSv17/comroot/retrotestgfs10/enkfgdas.20241124/18/mem065/model/atmos/history
++ exgdas_enkf_post.sh[72]seq 004 004 004
+ exgdas_enkf_post.sh[72]for fhr in $(seq ${FHMIN} ${FHOUT} ${FHMAX})
++ exgdas_enkf_post.sh[73]printf %03i 4
+ exgdas_enkf_post.sh[73]fhrchar=004
+ exgdas_enkf_post.sh[74]/bin/ln -sf /lfs/h2/emc/ptmp/emc.global/RETRO_GFSv17/comroot/retrotestgfs10/enkfgdas.20241124/18/mem065/model/atmos/history/enkfgdas.t18z.sfcf004.nc sfcf004_mem065
+ exgdas_enkf_post.sh[75]/bin/ln -sf /lfs/h2/emc/ptmp/emc.global/RETRO_GFSv17/comroot/retrotestgfs10/enkfgdas.20241124/18/mem065/model/atmos/history/enkfgdas.t18z.atmf004.nc atmf004_mem065
+ exgdas_enkf_post.sh[67]for imem in $(seq 1 ${NMEM_ENS})
++ exgdas_enkf_post.sh[68]printf %03i 66
+ exgdas_enkf_post.sh[68]memchar=mem066
+ exgdas_enkf_post.sh[69]MEMDIR=mem066
+ exgdas_enkf_post.sh[69]YMD=20241124
+ exgdas_enkf_post.sh[69]HH=18
+ exgdas_enkf_post.sh[69]declare_from_tmpl -x COMIN_ATMOS_HISTORY:COM_ATMOS_HISTORY_TMPL
+ environment[0][[ NO == \N\O ]]
+ environment[1]set +x
declare_from_tmpl :: COMIN_ATMOS_HISTORY=/lfs/h2/emc/ptmp/emc.global/RETRO_GFSv17/comroot/retrotestgfs10/enkfgdas.20241124/18/mem066/model/atmos/history
++ exgdas_enkf_post.sh[72]seq 004 004 004
+ exgdas_enkf_post.sh[72]for fhr in $(seq ${FHMIN} ${FHOUT} ${FHMAX})
++ exgdas_enkf_post.sh[73]printf %03i 4
+ exgdas_enkf_post.sh[73]fhrchar=004
+ exgdas_enkf_post.sh[74]/bin/ln -sf /lfs/h2/emc/ptmp/emc.global/RETRO_GFSv17/comroot/retrotestgfs10/enkfgdas.20241124/18/mem066/model/atmos/history/enkfgdas.t18z.sfcf004.nc sfcf004_mem066
+ exgdas_enkf_post.sh[75]/bin/ln -sf /lfs/h2/emc/ptmp/emc.global/RETRO_GFSv17/comroot/retrotestgfs10/enkfgdas.20241124/18/mem066/model/atmos/history/enkfgdas.t18z.atmf004.nc atmf004_mem066
+ exgdas_enkf_post.sh[67]for imem in $(seq 1 ${NMEM_ENS})
++ exgdas_enkf_post.sh[68]printf %03i 67
+ exgdas_enkf_post.sh[68]memchar=mem067
+ exgdas_enkf_post.sh[69]MEMDIR=mem067
+ exgdas_enkf_post.sh[69]YMD=20241124
+ exgdas_enkf_post.sh[69]HH=18
+ exgdas_enkf_post.sh[69]declare_from_tmpl -x COMIN_ATMOS_HISTORY:COM_ATMOS_HISTORY_TMPL
+ environment[0][[ NO == \N\O ]]
+ environment[1]set +x
declare_from_tmpl :: COMIN_ATMOS_HISTORY=/lfs/h2/emc/ptmp/emc.global/RETRO_GFSv17/comroot/retrotestgfs10/enkfgdas.20241124/18/mem067/model/atmos/history
++ exgdas_enkf_post.sh[72]seq 004 004 004
+ exgdas_enkf_post.sh[72]for fhr in $(seq ${FHMIN} ${FHOUT} ${FHMAX})
++ exgdas_enkf_post.sh[73]printf %03i 4
+ exgdas_enkf_post.sh[73]fhrchar=004
+ exgdas_enkf_post.sh[74]/bin/ln -sf /lfs/h2/emc/ptmp/emc.global/RETRO_GFSv17/comroot/retrotestgfs10/enkfgdas.20241124/18/mem067/model/atmos/history/enkfgdas.t18z.sfcf004.nc sfcf004_mem067
+ exgdas_enkf_post.sh[75]/bin/ln -sf /lfs/h2/emc/ptmp/emc.global/RETRO_GFSv17/comroot/retrotestgfs10/enkfgdas.20241124/18/mem067/model/atmos/history/enkfgdas.t18z.atmf004.nc atmf004_mem067
+ exgdas_enkf_post.sh[67]for imem in $(seq 1 ${NMEM_ENS})
++ exgdas_enkf_post.sh[68]printf %03i 68
+ exgdas_enkf_post.sh[68]memchar=mem068
+ exgdas_enkf_post.sh[69]MEMDIR=mem068
+ exgdas_enkf_post.sh[69]YMD=20241124
+ exgdas_enkf_post.sh[69]HH=18
+ exgdas_enkf_post.sh[69]declare_from_tmpl -x COMIN_ATMOS_HISTORY:COM_ATMOS_HISTORY_TMPL
+ environment[0][[ NO == \N\O ]]
+ environment[1]set +x
declare_from_tmpl :: COMIN_ATMOS_HISTORY=/lfs/h2/emc/ptmp/emc.global/RETRO_GFSv17/comroot/retrotestgfs10/enkfgdas.20241124/18/mem068/model/atmos/history
++ exgdas_enkf_post.sh[72]seq 004 004 004
+ exgdas_enkf_post.sh[72]for fhr in $(seq ${FHMIN} ${FHOUT} ${FHMAX})
++ exgdas_enkf_post.sh[73]printf %03i 4
+ exgdas_enkf_post.sh[73]fhrchar=004
+ exgdas_enkf_post.sh[74]/bin/ln -sf /lfs/h2/emc/ptmp/emc.global/RETRO_GFSv17/comroot/retrotestgfs10/enkfgdas.20241124/18/mem068/model/atmos/history/enkfgdas.t18z.sfcf004.nc sfcf004_mem068
+ exgdas_enkf_post.sh[75]/bin/ln -sf /lfs/h2/emc/ptmp/emc.global/RETRO_GFSv17/comroot/retrotestgfs10/enkfgdas.20241124/18/mem068/model/atmos/history/enkfgdas.t18z.atmf004.nc atmf004_mem068
+ exgdas_enkf_post.sh[67]for imem in $(seq 1 ${NMEM_ENS})
++ exgdas_enkf_post.sh[68]printf %03i 69
+ exgdas_enkf_post.sh[68]memchar=mem069
+ exgdas_enkf_post.sh[69]MEMDIR=mem069
+ exgdas_enkf_post.sh[69]YMD=20241124
+ exgdas_enkf_post.sh[69]HH=18
+ exgdas_enkf_post.sh[69]declare_from_tmpl -x COMIN_ATMOS_HISTORY:COM_ATMOS_HISTORY_TMPL
+ environment[0][[ NO == \N\O ]]
+ environment[1]set +x
declare_from_tmpl :: COMIN_ATMOS_HISTORY=/lfs/h2/emc/ptmp/emc.global/RETRO_GFSv17/comroot/retrotestgfs10/enkfgdas.20241124/18/mem069/model/atmos/history
++ exgdas_enkf_post.sh[72]seq 004 004 004
+ exgdas_enkf_post.sh[72]for fhr in $(seq ${FHMIN} ${FHOUT} ${FHMAX})
++ exgdas_enkf_post.sh[73]printf %03i 4
+ exgdas_enkf_post.sh[73]fhrchar=004
+ exgdas_enkf_post.sh[74]/bin/ln -sf /lfs/h2/emc/ptmp/emc.global/RETRO_GFSv17/comroot/retrotestgfs10/enkfgdas.20241124/18/mem069/model/atmos/history/enkfgdas.t18z.sfcf004.nc sfcf004_mem069
+ exgdas_enkf_post.sh[75]/bin/ln -sf /lfs/h2/emc/ptmp/emc.global/RETRO_GFSv17/comroot/retrotestgfs10/enkfgdas.20241124/18/mem069/model/atmos/history/enkfgdas.t18z.atmf004.nc atmf004_mem069
+ exgdas_enkf_post.sh[67]for imem in $(seq 1 ${NMEM_ENS})
++ exgdas_enkf_post.sh[68]printf %03i 70
+ exgdas_enkf_post.sh[68]memchar=mem070
+ exgdas_enkf_post.sh[69]MEMDIR=mem070
+ exgdas_enkf_post.sh[69]YMD=20241124
+ exgdas_enkf_post.sh[69]HH=18
+ exgdas_enkf_post.sh[69]declare_from_tmpl -x COMIN_ATMOS_HISTORY:COM_ATMOS_HISTORY_TMPL
+ environment[0][[ NO == \N\O ]]
+ environment[1]set +x
declare_from_tmpl :: COMIN_ATMOS_HISTORY=/lfs/h2/emc/ptmp/emc.global/RETRO_GFSv17/comroot/retrotestgfs10/enkfgdas.20241124/18/mem070/model/atmos/history
++ exgdas_enkf_post.sh[72]seq 004 004 004
+ exgdas_enkf_post.sh[72]for fhr in $(seq ${FHMIN} ${FHOUT} ${FHMAX})
++ exgdas_enkf_post.sh[73]printf %03i 4
+ exgdas_enkf_post.sh[73]fhrchar=004
+ exgdas_enkf_post.sh[74]/bin/ln -sf /lfs/h2/emc/ptmp/emc.global/RETRO_GFSv17/comroot/retrotestgfs10/enkfgdas.20241124/18/mem070/model/atmos/history/enkfgdas.t18z.sfcf004.nc sfcf004_mem070
+ exgdas_enkf_post.sh[75]/bin/ln -sf /lfs/h2/emc/ptmp/emc.global/RETRO_GFSv17/comroot/retrotestgfs10/enkfgdas.20241124/18/mem070/model/atmos/history/enkfgdas.t18z.atmf004.nc atmf004_mem070
+ exgdas_enkf_post.sh[67]for imem in $(seq 1 ${NMEM_ENS})
++ exgdas_enkf_post.sh[68]printf %03i 71
+ exgdas_enkf_post.sh[68]memchar=mem071
+ exgdas_enkf_post.sh[69]MEMDIR=mem071
+ exgdas_enkf_post.sh[69]YMD=20241124
+ exgdas_enkf_post.sh[69]HH=18
+ exgdas_enkf_post.sh[69]declare_from_tmpl -x COMIN_ATMOS_HISTORY:COM_ATMOS_HISTORY_TMPL
+ environment[0][[ NO == \N\O ]]
+ environment[1]set +x
declare_from_tmpl :: COMIN_ATMOS_HISTORY=/lfs/h2/emc/ptmp/emc.global/RETRO_GFSv17/comroot/retrotestgfs10/enkfgdas.20241124/18/mem071/model/atmos/history
++ exgdas_enkf_post.sh[72]seq 004 004 004
+ exgdas_enkf_post.sh[72]for fhr in $(seq ${FHMIN} ${FHOUT} ${FHMAX})
++ exgdas_enkf_post.sh[73]printf %03i 4
+ exgdas_enkf_post.sh[73]fhrchar=004
+ exgdas_enkf_post.sh[74]/bin/ln -sf /lfs/h2/emc/ptmp/emc.global/RETRO_GFSv17/comroot/retrotestgfs10/enkfgdas.20241124/18/mem071/model/atmos/history/enkfgdas.t18z.sfcf004.nc sfcf004_mem071
+ exgdas_enkf_post.sh[75]/bin/ln -sf /lfs/h2/emc/ptmp/emc.global/RETRO_GFSv17/comroot/retrotestgfs10/enkfgdas.20241124/18/mem071/model/atmos/history/enkfgdas.t18z.atmf004.nc atmf004_mem071
+ exgdas_enkf_post.sh[67]for imem in $(seq 1 ${NMEM_ENS})
++ exgdas_enkf_post.sh[68]printf %03i 72
+ exgdas_enkf_post.sh[68]memchar=mem072
+ exgdas_enkf_post.sh[69]MEMDIR=mem072
+ exgdas_enkf_post.sh[69]YMD=20241124
+ exgdas_enkf_post.sh[69]HH=18
+ exgdas_enkf_post.sh[69]declare_from_tmpl -x COMIN_ATMOS_HISTORY:COM_ATMOS_HISTORY_TMPL
+ environment[0][[ NO == \N\O ]]
+ environment[1]set +x
declare_from_tmpl :: COMIN_ATMOS_HISTORY=/lfs/h2/emc/ptmp/emc.global/RETRO_GFSv17/comroot/retrotestgfs10/enkfgdas.20241124/18/mem072/model/atmos/history
++ exgdas_enkf_post.sh[72]seq 004 004 004
+ exgdas_enkf_post.sh[72]for fhr in $(seq ${FHMIN} ${FHOUT} ${FHMAX})
++ exgdas_enkf_post.sh[73]printf %03i 4
+ exgdas_enkf_post.sh[73]fhrchar=004
+ exgdas_enkf_post.sh[74]/bin/ln -sf /lfs/h2/emc/ptmp/emc.global/RETRO_GFSv17/comroot/retrotestgfs10/enkfgdas.20241124/18/mem072/model/atmos/history/enkfgdas.t18z.sfcf004.nc sfcf004_mem072
+ exgdas_enkf_post.sh[75]/bin/ln -sf /lfs/h2/emc/ptmp/emc.global/RETRO_GFSv17/comroot/retrotestgfs10/enkfgdas.20241124/18/mem072/model/atmos/history/enkfgdas.t18z.atmf004.nc atmf004_mem072
+ exgdas_enkf_post.sh[67]for imem in $(seq 1 ${NMEM_ENS})
++ exgdas_enkf_post.sh[68]printf %03i 73
+ exgdas_enkf_post.sh[68]memchar=mem073
+ exgdas_enkf_post.sh[69]MEMDIR=mem073
+ exgdas_enkf_post.sh[69]YMD=20241124
+ exgdas_enkf_post.sh[69]HH=18
+ exgdas_enkf_post.sh[69]declare_from_tmpl -x COMIN_ATMOS_HISTORY:COM_ATMOS_HISTORY_TMPL
+ environment[0][[ NO == \N\O ]]
+ environment[1]set +x
declare_from_tmpl :: COMIN_ATMOS_HISTORY=/lfs/h2/emc/ptmp/emc.global/RETRO_GFSv17/comroot/retrotestgfs10/enkfgdas.20241124/18/mem073/model/atmos/history
++ exgdas_enkf_post.sh[72]seq 004 004 004
+ exgdas_enkf_post.sh[72]for fhr in $(seq ${FHMIN} ${FHOUT} ${FHMAX})
++ exgdas_enkf_post.sh[73]printf %03i 4
+ exgdas_enkf_post.sh[73]fhrchar=004
+ exgdas_enkf_post.sh[74]/bin/ln -sf /lfs/h2/emc/ptmp/emc.global/RETRO_GFSv17/comroot/retrotestgfs10/enkfgdas.20241124/18/mem073/model/atmos/history/enkfgdas.t18z.sfcf004.nc sfcf004_mem073
+ exgdas_enkf_post.sh[75]/bin/ln -sf /lfs/h2/emc/ptmp/emc.global/RETRO_GFSv17/comroot/retrotestgfs10/enkfgdas.20241124/18/mem073/model/atmos/history/enkfgdas.t18z.atmf004.nc atmf004_mem073
+ exgdas_enkf_post.sh[67]for imem in $(seq 1 ${NMEM_ENS})
++ exgdas_enkf_post.sh[68]printf %03i 74
+ exgdas_enkf_post.sh[68]memchar=mem074
+ exgdas_enkf_post.sh[69]MEMDIR=mem074
+ exgdas_enkf_post.sh[69]YMD=20241124
+ exgdas_enkf_post.sh[69]HH=18
+ exgdas_enkf_post.sh[69]declare_from_tmpl -x COMIN_ATMOS_HISTORY:COM_ATMOS_HISTORY_TMPL
+ environment[0][[ NO == \N\O ]]
+ environment[1]set +x
declare_from_tmpl :: COMIN_ATMOS_HISTORY=/lfs/h2/emc/ptmp/emc.global/RETRO_GFSv17/comroot/retrotestgfs10/enkfgdas.20241124/18/mem074/model/atmos/history
++ exgdas_enkf_post.sh[72]seq 004 004 004
+ exgdas_enkf_post.sh[72]for fhr in $(seq ${FHMIN} ${FHOUT} ${FHMAX})
++ exgdas_enkf_post.sh[73]printf %03i 4
+ exgdas_enkf_post.sh[73]fhrchar=004
+ exgdas_enkf_post.sh[74]/bin/ln -sf /lfs/h2/emc/ptmp/emc.global/RETRO_GFSv17/comroot/retrotestgfs10/enkfgdas.20241124/18/mem074/model/atmos/history/enkfgdas.t18z.sfcf004.nc sfcf004_mem074
+ exgdas_enkf_post.sh[75]/bin/ln -sf /lfs/h2/emc/ptmp/emc.global/RETRO_GFSv17/comroot/retrotestgfs10/enkfgdas.20241124/18/mem074/model/atmos/history/enkfgdas.t18z.atmf004.nc atmf004_mem074
+ exgdas_enkf_post.sh[67]for imem in $(seq 1 ${NMEM_ENS})
++ exgdas_enkf_post.sh[68]printf %03i 75
+ exgdas_enkf_post.sh[68]memchar=mem075
+ exgdas_enkf_post.sh[69]MEMDIR=mem075
+ exgdas_enkf_post.sh[69]YMD=20241124
+ exgdas_enkf_post.sh[69]HH=18
+ exgdas_enkf_post.sh[69]declare_from_tmpl -x COMIN_ATMOS_HISTORY:COM_ATMOS_HISTORY_TMPL
+ environment[0][[ NO == \N\O ]]
+ environment[1]set +x
declare_from_tmpl :: COMIN_ATMOS_HISTORY=/lfs/h2/emc/ptmp/emc.global/RETRO_GFSv17/comroot/retrotestgfs10/enkfgdas.20241124/18/mem075/model/atmos/history
++ exgdas_enkf_post.sh[72]seq 004 004 004
+ exgdas_enkf_post.sh[72]for fhr in $(seq ${FHMIN} ${FHOUT} ${FHMAX})
++ exgdas_enkf_post.sh[73]printf %03i 4
+ exgdas_enkf_post.sh[73]fhrchar=004
+ exgdas_enkf_post.sh[74]/bin/ln -sf /lfs/h2/emc/ptmp/emc.global/RETRO_GFSv17/comroot/retrotestgfs10/enkfgdas.20241124/18/mem075/model/atmos/history/enkfgdas.t18z.sfcf004.nc sfcf004_mem075
+ exgdas_enkf_post.sh[75]/bin/ln -sf /lfs/h2/emc/ptmp/emc.global/RETRO_GFSv17/comroot/retrotestgfs10/enkfgdas.20241124/18/mem075/model/atmos/history/enkfgdas.t18z.atmf004.nc atmf004_mem075
+ exgdas_enkf_post.sh[67]for imem in $(seq 1 ${NMEM_ENS})
++ exgdas_enkf_post.sh[68]printf %03i 76
+ exgdas_enkf_post.sh[68]memchar=mem076
+ exgdas_enkf_post.sh[69]MEMDIR=mem076
+ exgdas_enkf_post.sh[69]YMD=20241124
+ exgdas_enkf_post.sh[69]HH=18
+ exgdas_enkf_post.sh[69]declare_from_tmpl -x COMIN_ATMOS_HISTORY:COM_ATMOS_HISTORY_TMPL
+ environment[0][[ NO == \N\O ]]
+ environment[1]set +x
declare_from_tmpl :: COMIN_ATMOS_HISTORY=/lfs/h2/emc/ptmp/emc.global/RETRO_GFSv17/comroot/retrotestgfs10/enkfgdas.20241124/18/mem076/model/atmos/history
++ exgdas_enkf_post.sh[72]seq 004 004 004
+ exgdas_enkf_post.sh[72]for fhr in $(seq ${FHMIN} ${FHOUT} ${FHMAX})
++ exgdas_enkf_post.sh[73]printf %03i 4
+ exgdas_enkf_post.sh[73]fhrchar=004
+ exgdas_enkf_post.sh[74]/bin/ln -sf /lfs/h2/emc/ptmp/emc.global/RETRO_GFSv17/comroot/retrotestgfs10/enkfgdas.20241124/18/mem076/model/atmos/history/enkfgdas.t18z.sfcf004.nc sfcf004_mem076
+ exgdas_enkf_post.sh[75]/bin/ln -sf /lfs/h2/emc/ptmp/emc.global/RETRO_GFSv17/comroot/retrotestgfs10/enkfgdas.20241124/18/mem076/model/atmos/history/enkfgdas.t18z.atmf004.nc atmf004_mem076
+ exgdas_enkf_post.sh[67]for imem in $(seq 1 ${NMEM_ENS})
++ exgdas_enkf_post.sh[68]printf %03i 77
+ exgdas_enkf_post.sh[68]memchar=mem077
+ exgdas_enkf_post.sh[69]MEMDIR=mem077
+ exgdas_enkf_post.sh[69]YMD=20241124
+ exgdas_enkf_post.sh[69]HH=18
+ exgdas_enkf_post.sh[69]declare_from_tmpl -x COMIN_ATMOS_HISTORY:COM_ATMOS_HISTORY_TMPL
+ environment[0][[ NO == \N\O ]]
+ environment[1]set +x
declare_from_tmpl :: COMIN_ATMOS_HISTORY=/lfs/h2/emc/ptmp/emc.global/RETRO_GFSv17/comroot/retrotestgfs10/enkfgdas.20241124/18/mem077/model/atmos/history
++ exgdas_enkf_post.sh[72]seq 004 004 004
+ exgdas_enkf_post.sh[72]for fhr in $(seq ${FHMIN} ${FHOUT} ${FHMAX})
++ exgdas_enkf_post.sh[73]printf %03i 4
+ exgdas_enkf_post.sh[73]fhrchar=004
+ exgdas_enkf_post.sh[74]/bin/ln -sf /lfs/h2/emc/ptmp/emc.global/RETRO_GFSv17/comroot/retrotestgfs10/enkfgdas.20241124/18/mem077/model/atmos/history/enkfgdas.t18z.sfcf004.nc sfcf004_mem077
+ exgdas_enkf_post.sh[75]/bin/ln -sf /lfs/h2/emc/ptmp/emc.global/RETRO_GFSv17/comroot/retrotestgfs10/enkfgdas.20241124/18/mem077/model/atmos/history/enkfgdas.t18z.atmf004.nc atmf004_mem077
+ exgdas_enkf_post.sh[67]for imem in $(seq 1 ${NMEM_ENS})
++ exgdas_enkf_post.sh[68]printf %03i 78
+ exgdas_enkf_post.sh[68]memchar=mem078
+ exgdas_enkf_post.sh[69]MEMDIR=mem078
+ exgdas_enkf_post.sh[69]YMD=20241124
+ exgdas_enkf_post.sh[69]HH=18
+ exgdas_enkf_post.sh[69]declare_from_tmpl -x COMIN_ATMOS_HISTORY:COM_ATMOS_HISTORY_TMPL
+ environment[0][[ NO == \N\O ]]
+ environment[1]set +x
declare_from_tmpl :: COMIN_ATMOS_HISTORY=/lfs/h2/emc/ptmp/emc.global/RETRO_GFSv17/comroot/retrotestgfs10/enkfgdas.20241124/18/mem078/model/atmos/history
++ exgdas_enkf_post.sh[72]seq 004 004 004
+ exgdas_enkf_post.sh[72]for fhr in $(seq ${FHMIN} ${FHOUT} ${FHMAX})
++ exgdas_enkf_post.sh[73]printf %03i 4
+ exgdas_enkf_post.sh[73]fhrchar=004
+ exgdas_enkf_post.sh[74]/bin/ln -sf /lfs/h2/emc/ptmp/emc.global/RETRO_GFSv17/comroot/retrotestgfs10/enkfgdas.20241124/18/mem078/model/atmos/history/enkfgdas.t18z.sfcf004.nc sfcf004_mem078
+ exgdas_enkf_post.sh[75]/bin/ln -sf /lfs/h2/emc/ptmp/emc.global/RETRO_GFSv17/comroot/retrotestgfs10/enkfgdas.20241124/18/mem078/model/atmos/history/enkfgdas.t18z.atmf004.nc atmf004_mem078
+ exgdas_enkf_post.sh[67]for imem in $(seq 1 ${NMEM_ENS})
++ exgdas_enkf_post.sh[68]printf %03i 79
+ exgdas_enkf_post.sh[68]memchar=mem079
+ exgdas_enkf_post.sh[69]MEMDIR=mem079
+ exgdas_enkf_post.sh[69]YMD=20241124
+ exgdas_enkf_post.sh[69]HH=18
+ exgdas_enkf_post.sh[69]declare_from_tmpl -x COMIN_ATMOS_HISTORY:COM_ATMOS_HISTORY_TMPL
+ environment[0][[ NO == \N\O ]]
+ environment[1]set +x
declare_from_tmpl :: COMIN_ATMOS_HISTORY=/lfs/h2/emc/ptmp/emc.global/RETRO_GFSv17/comroot/retrotestgfs10/enkfgdas.20241124/18/mem079/model/atmos/history
++ exgdas_enkf_post.sh[72]seq 004 004 004
+ exgdas_enkf_post.sh[72]for fhr in $(seq ${FHMIN} ${FHOUT} ${FHMAX})
++ exgdas_enkf_post.sh[73]printf %03i 4
+ exgdas_enkf_post.sh[73]fhrchar=004
+ exgdas_enkf_post.sh[74]/bin/ln -sf /lfs/h2/emc/ptmp/emc.global/RETRO_GFSv17/comroot/retrotestgfs10/enkfgdas.20241124/18/mem079/model/atmos/history/enkfgdas.t18z.sfcf004.nc sfcf004_mem079
+ exgdas_enkf_post.sh[75]/bin/ln -sf /lfs/h2/emc/ptmp/emc.global/RETRO_GFSv17/comroot/retrotestgfs10/enkfgdas.20241124/18/mem079/model/atmos/history/enkfgdas.t18z.atmf004.nc atmf004_mem079
+ exgdas_enkf_post.sh[67]for imem in $(seq 1 ${NMEM_ENS})
++ exgdas_enkf_post.sh[68]printf %03i 80
+ exgdas_enkf_post.sh[68]memchar=mem080
+ exgdas_enkf_post.sh[69]MEMDIR=mem080
+ exgdas_enkf_post.sh[69]YMD=20241124
+ exgdas_enkf_post.sh[69]HH=18
+ exgdas_enkf_post.sh[69]declare_from_tmpl -x COMIN_ATMOS_HISTORY:COM_ATMOS_HISTORY_TMPL
+ environment[0][[ NO == \N\O ]]
+ environment[1]set +x
declare_from_tmpl :: COMIN_ATMOS_HISTORY=/lfs/h2/emc/ptmp/emc.global/RETRO_GFSv17/comroot/retrotestgfs10/enkfgdas.20241124/18/mem080/model/atmos/history
++ exgdas_enkf_post.sh[72]seq 004 004 004
+ exgdas_enkf_post.sh[72]for fhr in $(seq ${FHMIN} ${FHOUT} ${FHMAX})
++ exgdas_enkf_post.sh[73]printf %03i 4
+ exgdas_enkf_post.sh[73]fhrchar=004
+ exgdas_enkf_post.sh[74]/bin/ln -sf /lfs/h2/emc/ptmp/emc.global/RETRO_GFSv17/comroot/retrotestgfs10/enkfgdas.20241124/18/mem080/model/atmos/history/enkfgdas.t18z.sfcf004.nc sfcf004_mem080
+ exgdas_enkf_post.sh[75]/bin/ln -sf /lfs/h2/emc/ptmp/emc.global/RETRO_GFSv17/comroot/retrotestgfs10/enkfgdas.20241124/18/mem080/model/atmos/history/enkfgdas.t18z.atmf004.nc atmf004_mem080
+ exgdas_enkf_post.sh[80]MEMDIR=ensstat
+ exgdas_enkf_post.sh[80]YMD=20241124
+ exgdas_enkf_post.sh[80]HH=18
+ exgdas_enkf_post.sh[80]declare_from_tmpl -rx COMOUT_ATMOS_HISTORY_STAT:COM_ATMOS_HISTORY_TMPL
+ environment[0][[ NO == \N\O ]]
+ environment[1]set +x
declare_from_tmpl :: COMOUT_ATMOS_HISTORY_STAT=/lfs/h2/emc/ptmp/emc.global/RETRO_GFSv17/comroot/retrotestgfs10/enkfgdas.20241124/18/ensstat/model/atmos/history
+ exgdas_enkf_post.sh[82][[ ! -d /lfs/h2/emc/ptmp/emc.global/RETRO_GFSv17/comroot/retrotestgfs10/enkfgdas.20241124/18/ensstat/model/atmos/history ]]
++ exgdas_enkf_post.sh[86]seq 004 004 004
+ exgdas_enkf_post.sh[86]for fhr in $(seq ${FHMIN} ${FHOUT} ${FHMAX})
++ exgdas_enkf_post.sh[87]printf %03i 4
+ exgdas_enkf_post.sh[87]fhrchar=004
+ exgdas_enkf_post.sh[88]/bin/ln -sf /lfs/h2/emc/ptmp/emc.global/RETRO_GFSv17/comroot/retrotestgfs10/enkfgdas.20241124/18/ensstat/model/atmos/history/enkfgdas.t18z.sfcf004.ensmean.nc sfcf004.ensmean
+ exgdas_enkf_post.sh[89]/bin/ln -sf /lfs/h2/emc/ptmp/emc.global/RETRO_GFSv17/comroot/retrotestgfs10/enkfgdas.20241124/18/ensstat/model/atmos/history/enkfgdas.t18z.atmf004.ensmean.nc atmf004.ensmean
+ exgdas_enkf_post.sh[90][[ NO == \Y\E\S ]]
+ exgdas_enkf_post.sh[98][[ YES == \Y\E\S ]]
+ exgdas_enkf_post.sh[99]/bin/ln -sf /lfs/h2/emc/ptmp/emc.global/RETRO_GFSv17/comroot/retrotestgfs10/enkfgdas.20241124/18/ensstat/model/atmos/history/enkfgdas.t18z.atmf004.ensspread.nc atmf004.ensspread
+ exgdas_enkf_post.sh[106][[ NO == \Y\E\S ]]
++ exgdas_enkf_post.sh[110]seq 004 004 004
+ exgdas_enkf_post.sh[110]for fhr in $(seq ${FHMIN} ${FHOUT} ${FHMAX})
++ exgdas_enkf_post.sh[111]printf %03i 4
+ exgdas_enkf_post.sh[111]fhrchar=004
+ exgdas_enkf_post.sh[113]export pgm=/lfs/h2/emc/global/noscrub/emc.global/RETRO_GFSv17/git/global-workflow/develop_20250602/exec/getsfcensmeanp.x
+ exgdas_enkf_post.sh[113]pgm=/lfs/h2/emc/global/noscrub/emc.global/RETRO_GFSv17/git/global-workflow/develop_20250602/exec/getsfcensmeanp.x
+ exgdas_enkf_post.sh[114]source prep_step
++ prep_step[3]'[' -n /lfs/h2/emc/global/noscrub/emc.global/RETRO_GFSv17/git/global-workflow/develop_20250602/exec/getsfcensmeanp.x ']'
++ prep_step[3]'[' -n OUTPUT.2946593 ']'
++ prep_step[4]echo /lfs/h2/emc/global/noscrub/emc.global/RETRO_GFSv17/git/global-workflow/develop_20250602/exec/getsfcensmeanp.x
++ prep_step[7]'[' -f errfile ']'
++ prep_step[11]export FORT01=0
++ prep_step[11]FORT01=0
+++ prep_step[12]grep '^FORT[0-9]\{1,\}='
+++ prep_step[12]awk -F= '{print $1}'
+++ prep_step[12]env
++ prep_step[12]unset FORT01
++ exgdas_enkf_post.sh[116]basename /lfs/h2/emc/global/noscrub/emc.global/RETRO_GFSv17/git/global-workflow/develop_20250602/exec/getsfcensmeanp.x
+ exgdas_enkf_post.sh[116]mpiexec -l -n 80 -ppn 128 --cpu-bind depth --depth 1 /lfs/h2/emc/stmp/emc.global/RUNDIRS/retrotestgfs10/enkfgdas.2024112418/epos.2946034/getsfcensmeanp.x ./ sfcf004.ensmean sfcf004 80
nid001448.dogwood.wcoss2.ncep.noaa.gov 0: 

* . * . * . * . * . * . * . * . * . * . * . * . * . * . * . * . * . * . * . * . 
     PROGRAM GETSFCENSMEAN HAS BEGUN. COMPILED 2011319.55     ORG: NP25
     STARTING DATE-TIME  JUN 16,2025  21:40:49.983  167  MON   2460843


nid001448.dogwood.wcoss2.ncep.noaa.gov 0:   
 Command line input
  datapath      = ./
  filenameout   = ./sfcf004.ensmean
  fileprefix    = sfcf004
  nanals,rnanals=           80  1.250000000000000E-002
nid001448.dogwood.wcoss2.ncep.noaa.gov 0:  computing mean with nemsio= F  sfcio= F  ncio= T
nid001448.dogwood.wcoss2.ncep.noaa.gov 0:  opened netcdf file ./sfcf004.ensmean
nid001448.dogwood.wcoss2.ncep.noaa.gov 0:  writing ens mean acond
nid001448.dogwood.wcoss2.ncep.noaa.gov 0:  writing ens mean albdo_ave
nid001448.dogwood.wcoss2.ncep.noaa.gov 0:  writing ens mean alnsf
nid001448.dogwood.wcoss2.ncep.noaa.gov 0:  writing ens mean alnwf
nid001448.dogwood.wcoss2.ncep.noaa.gov 0:  writing ens mean alvsf
nid001448.dogwood.wcoss2.ncep.noaa.gov 0:  writing ens mean alvwf
nid001448.dogwood.wcoss2.ncep.noaa.gov 0:  writing ens mean aod550
nid001448.dogwood.wcoss2.ncep.noaa.gov 0:  writing ens mean bc_aod550
nid001448.dogwood.wcoss2.ncep.noaa.gov 0:  writing ens mean c0
nid001448.dogwood.wcoss2.ncep.noaa.gov 0:  writing ens mean cd
nid001448.dogwood.wcoss2.ncep.noaa.gov 0:  writing ens mean cduvb_ave
nid001448.dogwood.wcoss2.ncep.noaa.gov 0:  writing ens mean cldfra
nid001448.dogwood.wcoss2.ncep.noaa.gov 0:  writing ens mean cnvprcp
nid001448.dogwood.wcoss2.ncep.noaa.gov 0:  writing ens mean cnwat
nid001448.dogwood.wcoss2.ncep.noaa.gov 0:  writing ens mean cpofp
nid001448.dogwood.wcoss2.ncep.noaa.gov 0:  writing ens mean cprat_ave
nid001448.dogwood.wcoss2.ncep.noaa.gov 0:  writing ens mean cpratb_ave
nid001448.dogwood.wcoss2.ncep.noaa.gov 0:  writing ens mean crain
nid001448.dogwood.wcoss2.ncep.noaa.gov 0:  writing ens mean csdlf
nid001448.dogwood.wcoss2.ncep.noaa.gov 0:  writing ens mean csdsf
nid001448.dogwood.wcoss2.ncep.noaa.gov 0:  writing ens mean csulf
nid001448.dogwood.wcoss2.ncep.noaa.gov 0:  writing ens mean csulftoa
nid001448.dogwood.wcoss2.ncep.noaa.gov 0:  writing ens mean csusf
nid001448.dogwood.wcoss2.ncep.noaa.gov 0:  writing ens mean csusftoa
nid001448.dogwood.wcoss2.ncep.noaa.gov 0:  writing ens mean cwork_aveclm
nid001448.dogwood.wcoss2.ncep.noaa.gov 0:  writing ens mean dconv
nid001448.dogwood.wcoss2.ncep.noaa.gov 0:  writing ens mean dlwrf
nid001448.dogwood.wcoss2.ncep.noaa.gov 0:  writing ens mean dlwrf_ave
nid001448.dogwood.wcoss2.ncep.noaa.gov 0:  writing ens mean dswrf
nid001448.dogwood.wcoss2.ncep.noaa.gov 0:  writing ens mean dswrf_ave
nid001448.dogwood.wcoss2.ncep.noaa.gov 0:  writing ens mean dswrf_avetoa
nid001448.dogwood.wcoss2.ncep.noaa.gov 0:  writing ens mean dtcool
nid001448.dogwood.wcoss2.ncep.noaa.gov 0:  writing ens mean du_aod550
nid001448.dogwood.wcoss2.ncep.noaa.gov 0:  writing ens mean duvb_ave
nid001448.dogwood.wcoss2.ncep.noaa.gov 0:  writing ens mean evbs_ave
nid001448.dogwood.wcoss2.ncep.noaa.gov 0:  writing ens mean evcw_ave
nid001448.dogwood.wcoss2.ncep.noaa.gov 0:  writing ens mean f10m
nid001448.dogwood.wcoss2.ncep.noaa.gov 0:  writing ens mean facsf
nid001448.dogwood.wcoss2.ncep.noaa.gov 0:  writing ens mean facwf
nid001448.dogwood.wcoss2.ncep.noaa.gov 0:  writing ens mean ffhh
nid001448.dogwood.wcoss2.ncep.noaa.gov 0:  writing ens mean ffmm
nid001448.dogwood.wcoss2.ncep.noaa.gov 0:  writing ens mean fldcp
nid001448.dogwood.wcoss2.ncep.noaa.gov 0:  writing ens mean fricv
nid001448.dogwood.wcoss2.ncep.noaa.gov 0:  writing ens mean gflux
nid001448.dogwood.wcoss2.ncep.noaa.gov 0:  writing ens mean gflux_ave
nid001448.dogwood.wcoss2.ncep.noaa.gov 0:  writing ens mean hgt_hyblev1
nid001448.dogwood.wcoss2.ncep.noaa.gov 0:  writing ens mean hpbl
nid001448.dogwood.wcoss2.ncep.noaa.gov 0:  writing ens mean icec
nid001448.dogwood.wcoss2.ncep.noaa.gov 0:  writing ens mean icetk
nid001448.dogwood.wcoss2.ncep.noaa.gov 0:  writing ens mean lhtfl
nid001448.dogwood.wcoss2.ncep.noaa.gov 0:  writing ens mean lhtfl_ave
nid001448.dogwood.wcoss2.ncep.noaa.gov 0:  writing ens mean nbdsf_ave
nid001448.dogwood.wcoss2.ncep.noaa.gov 0:  writing ens mean nddsf_ave
nid001448.dogwood.wcoss2.ncep.noaa.gov 0:  writing ens mean oc_aod550
nid001448.dogwood.wcoss2.ncep.noaa.gov 0:  writing ens mean pevpr
nid001448.dogwood.wcoss2.ncep.noaa.gov 0:  writing ens mean pevpr_ave
nid001448.dogwood.wcoss2.ncep.noaa.gov 0:  writing ens mean prate_ave
nid001448.dogwood.wcoss2.ncep.noaa.gov 0:  writing ens mean prateb_ave
nid001448.dogwood.wcoss2.ncep.noaa.gov 0:  writing ens mean pres_avehcb
nid001448.dogwood.wcoss2.ncep.noaa.gov 0:  writing ens mean pres_avehct
nid001448.dogwood.wcoss2.ncep.noaa.gov 0:  writing ens mean pres_avelcb
nid001448.dogwood.wcoss2.ncep.noaa.gov 0:  writing ens mean pres_avelct
nid001448.dogwood.wcoss2.ncep.noaa.gov 0:  writing ens mean pres_avemcb
nid001448.dogwood.wcoss2.ncep.noaa.gov 0:  writing ens mean pres_avemct
nid001448.dogwood.wcoss2.ncep.noaa.gov 0:  writing ens mean prescnvclb
nid001448.dogwood.wcoss2.ncep.noaa.gov 0:  writing ens mean prescnvclt
nid001448.dogwood.wcoss2.ncep.noaa.gov 0:  writing ens mean pressfc
nid001448.dogwood.wcoss2.ncep.noaa.gov 0:  writing ens mean pwat
nid001448.dogwood.wcoss2.ncep.noaa.gov 0:  writing ens mean qrain
nid001448.dogwood.wcoss2.ncep.noaa.gov 0:  writing ens mean sbsno_ave
nid001448.dogwood.wcoss2.ncep.noaa.gov 0:  writing ens mean sfcr
nid001448.dogwood.wcoss2.ncep.noaa.gov 0:  writing ens mean sfexc
nid001448.dogwood.wcoss2.ncep.noaa.gov 0:  writing ens mean shdmax
nid001448.dogwood.wcoss2.ncep.noaa.gov 0:  writing ens mean shdmin
nid001448.dogwood.wcoss2.ncep.noaa.gov 0:  writing ens mean shtfl
nid001448.dogwood.wcoss2.ncep.noaa.gov 0:  writing ens mean shtfl_ave
nid001448.dogwood.wcoss2.ncep.noaa.gov 0:  writing ens mean sltyp
nid001448.dogwood.wcoss2.ncep.noaa.gov 0:  writing ens mean snoalb
nid001448.dogwood.wcoss2.ncep.noaa.gov 0:  writing ens mean snod
nid001448.dogwood.wcoss2.ncep.noaa.gov 0:  writing ens mean snohf
nid001448.dogwood.wcoss2.ncep.noaa.gov 0:  writing ens mean snowc_ave
nid001448.dogwood.wcoss2.ncep.noaa.gov 0:  writing ens mean soill1
nid001448.dogwood.wcoss2.ncep.noaa.gov 0:  writing ens mean soill2
nid001448.dogwood.wcoss2.ncep.noaa.gov 0:  writing ens mean soill3
nid001448.dogwood.wcoss2.ncep.noaa.gov 0:  writing ens mean soill4
nid001448.dogwood.wcoss2.ncep.noaa.gov 0:  writing ens mean soilm
nid001448.dogwood.wcoss2.ncep.noaa.gov 0:  writing ens mean soilt1
nid001448.dogwood.wcoss2.ncep.noaa.gov 0:  writing ens mean soilt2
nid001448.dogwood.wcoss2.ncep.noaa.gov 0:  writing ens mean soilt3
nid001448.dogwood.wcoss2.ncep.noaa.gov 0:  writing ens mean soilt4
nid001448.dogwood.wcoss2.ncep.noaa.gov 0:  writing ens mean soilw1
nid001448.dogwood.wcoss2.ncep.noaa.gov 0:  writing ens mean soilw2
nid001448.dogwood.wcoss2.ncep.noaa.gov 0:  writing ens mean soilw3
nid001448.dogwood.wcoss2.ncep.noaa.gov 0:  writing ens mean soilw4
nid001448.dogwood.wcoss2.ncep.noaa.gov 0:  writing ens mean spfh2m
nid001448.dogwood.wcoss2.ncep.noaa.gov 0:  writing ens mean spfh_hyblev1
nid001448.dogwood.wcoss2.ncep.noaa.gov 0:  writing ens mean spfhmax_max2m
nid001448.dogwood.wcoss2.ncep.noaa.gov 0:  writing ens mean spfhmin_min2m
nid001448.dogwood.wcoss2.ncep.noaa.gov 0:  writing ens mean ss_aod550
nid001448.dogwood.wcoss2.ncep.noaa.gov 0:  writing ens mean ssrun_acc
nid001448.dogwood.wcoss2.ncep.noaa.gov 0:  writing ens mean su_aod550
nid001448.dogwood.wcoss2.ncep.noaa.gov 0:  writing ens mean sunsd_acc
nid001448.dogwood.wcoss2.ncep.noaa.gov 0:  writing ens mean tcdc_avebndcl
nid001448.dogwood.wcoss2.ncep.noaa.gov 0:  writing ens mean tcdc_aveclm
nid001448.dogwood.wcoss2.ncep.noaa.gov 0:  writing ens mean tcdc_avehcl
nid001448.dogwood.wcoss2.ncep.noaa.gov 0:  writing ens mean tcdc_avelcl
nid001448.dogwood.wcoss2.ncep.noaa.gov 0:  writing ens mean tcdc_avemcl
nid001448.dogwood.wcoss2.ncep.noaa.gov 0:  writing ens mean tcdccnvcl
nid001448.dogwood.wcoss2.ncep.noaa.gov 0:  writing ens mean tg3
nid001448.dogwood.wcoss2.ncep.noaa.gov 0:  writing ens mean tisfc
nid001448.dogwood.wcoss2.ncep.noaa.gov 0:  writing ens mean tmax_max2m
nid001448.dogwood.wcoss2.ncep.noaa.gov 0:  writing ens mean tmin_min2m
nid001448.dogwood.wcoss2.ncep.noaa.gov 0:  writing ens mean tmp2m
nid001448.dogwood.wcoss2.ncep.noaa.gov 0:  writing ens mean tmp_avehct
nid001448.dogwood.wcoss2.ncep.noaa.gov 0:  writing ens mean tmp_avelct
nid001448.dogwood.wcoss2.ncep.noaa.gov 0:  writing ens mean tmp_avemct
nid001448.dogwood.wcoss2.ncep.noaa.gov 0:  writing ens mean tmp_hyblev1
nid001448.dogwood.wcoss2.ncep.noaa.gov 0:  writing ens mean tmpsfc
nid001448.dogwood.wcoss2.ncep.noaa.gov 0:  writing ens mean tprcp
nid001448.dogwood.wcoss2.ncep.noaa.gov 0:  writing ens mean trans_ave
nid001448.dogwood.wcoss2.ncep.noaa.gov 0:  writing ens mean tref
nid001448.dogwood.wcoss2.ncep.noaa.gov 0:  writing ens mean u-gwd_ave
nid001448.dogwood.wcoss2.ncep.noaa.gov 0:  writing ens mean uflx_ave
nid001448.dogwood.wcoss2.ncep.noaa.gov 0:  writing ens mean ugrd10m
nid001448.dogwood.wcoss2.ncep.noaa.gov 0:  writing ens mean ugrd_hyblev1
nid001448.dogwood.wcoss2.ncep.noaa.gov 0:  writing ens mean ulwrf
nid001448.dogwood.wcoss2.ncep.noaa.gov 0:  writing ens mean ulwrf_ave
nid001448.dogwood.wcoss2.ncep.noaa.gov 0:  writing ens mean ulwrf_avetoa
nid001448.dogwood.wcoss2.ncep.noaa.gov 0:  writing ens mean uswrf
nid001448.dogwood.wcoss2.ncep.noaa.gov 0:  writing ens mean uswrf_ave
nid001448.dogwood.wcoss2.ncep.noaa.gov 0:  writing ens mean uswrf_avetoa
nid001448.dogwood.wcoss2.ncep.noaa.gov 0:  writing ens mean v-gwd_ave
nid001448.dogwood.wcoss2.ncep.noaa.gov 0:  writing ens mean vbdsf_ave
nid001448.dogwood.wcoss2.ncep.noaa.gov 0:  writing ens mean vddsf_ave
nid001448.dogwood.wcoss2.ncep.noaa.gov 0:  writing ens mean veg
nid001448.dogwood.wcoss2.ncep.noaa.gov 0:  writing ens mean vflx_ave
nid001448.dogwood.wcoss2.ncep.noaa.gov 0:  writing ens mean vgrd10m
nid001448.dogwood.wcoss2.ncep.noaa.gov 0:  writing ens mean vgrd_hyblev1
nid001448.dogwood.wcoss2.ncep.noaa.gov 0:  writing ens mean w0
nid001448.dogwood.wcoss2.ncep.noaa.gov 0:  writing ens mean watr_acc
nid001448.dogwood.wcoss2.ncep.noaa.gov 0:  writing ens mean wd
nid001448.dogwood.wcoss2.ncep.noaa.gov 0:  writing ens mean weasd
nid001448.dogwood.wcoss2.ncep.noaa.gov 0:  writing ens mean wilt
nid001448.dogwood.wcoss2.ncep.noaa.gov 0:  writing ens mean xs
nid001448.dogwood.wcoss2.ncep.noaa.gov 0:  writing ens mean xt
nid001448.dogwood.wcoss2.ncep.noaa.gov 0:  writing ens mean xtts
nid001448.dogwood.wcoss2.ncep.noaa.gov 0:  writing ens mean xu
nid001448.dogwood.wcoss2.ncep.noaa.gov 0:  writing ens mean xv
nid001448.dogwood.wcoss2.ncep.noaa.gov 0:  writing ens mean xz
nid001448.dogwood.wcoss2.ncep.noaa.gov 0:  writing ens mean xzts
nid001448.dogwood.wcoss2.ncep.noaa.gov 0:  writing ens mean zc
nid001448.dogwood.wcoss2.ncep.noaa.gov 0:  all done!


     ENDING DATE-TIME    JUN 16,2025  21:41:51.991  167  MON   2460843
     PROGRAM GETSFCENSMEAN HAS ENDED.
* . * . * . * . * . * . * . * . * . * . * . * . * . * . * . * . * . * . * . * . 
nid001448.dogwood.wcoss2.ncep.noaa.gov 0: *****************RESOURCE STATISTICS*******************************
The total amount of wall time                        = 62.007889
The total amount of time in user mode                = 59.745003
The total amount of time in sys mode                 = 3.277202
The maximum resident set size (KB)                   = 1987236
Number of page faults without I/O activity           = 218188
Number of page faults with I/O activity              = 342
Number of times filesystem performed INPUT           = 536028
Number of times filesystem performed OUTPUT          = 949544
Number of Voluntary Context Switches                 = 979
Number of InVoluntary Context Switches               = 547
*****************END OF RESOURCE STATISTICS*************************

+ exgdas_enkf_post.sh[116]true
+ exgdas_enkf_post.sh[117]export err=0
+ exgdas_enkf_post.sh[117]err=0
+ exgdas_enkf_post.sh[118][[ 0 -ne 0 ]]
+ exgdas_enkf_post.sh[122]export pgm=/lfs/h2/emc/global/noscrub/emc.global/RETRO_GFSv17/git/global-workflow/develop_20250602/exec/getsigensmeanp_smooth.x
+ exgdas_enkf_post.sh[122]pgm=/lfs/h2/emc/global/noscrub/emc.global/RETRO_GFSv17/git/global-workflow/develop_20250602/exec/getsigensmeanp_smooth.x
+ exgdas_enkf_post.sh[123]source prep_step
++ prep_step[3]'[' -n /lfs/h2/emc/global/noscrub/emc.global/RETRO_GFSv17/git/global-workflow/develop_20250602/exec/getsigensmeanp_smooth.x ']'
++ prep_step[3]'[' -n OUTPUT.2946593 ']'
++ prep_step[4]echo /lfs/h2/emc/global/noscrub/emc.global/RETRO_GFSv17/git/global-workflow/develop_20250602/exec/getsigensmeanp_smooth.x
++ prep_step[7]'[' -f errfile ']'
++ prep_step[11]export FORT01=0
++ prep_step[11]FORT01=0
+++ prep_step[12]env
+++ prep_step[12]awk -F= '{print $1}'
+++ prep_step[12]grep '^FORT[0-9]\{1,\}='
++ prep_step[12]unset FORT01
+ exgdas_enkf_post.sh[125][[ YES == \Y\E\S ]]
++ exgdas_enkf_post.sh[126]basename /lfs/h2/emc/global/noscrub/emc.global/RETRO_GFSv17/git/global-workflow/develop_20250602/exec/getsigensmeanp_smooth.x
+ exgdas_enkf_post.sh[126]mpiexec -l -n 80 -ppn 128 --cpu-bind depth --depth 1 /lfs/h2/emc/stmp/emc.global/RUNDIRS/retrotestgfs10/enkfgdas.2024112418/epos.2946034/getsigensmeanp_smooth.x ./ atmf004.ensmean atmf004 80 atmf004.ensspread
nid001448.dogwood.wcoss2.ncep.noaa.gov 0: 

* . * . * . * . * . * . * . * . * . * . * . * . * . * . * . * . * . * . * . * . 
     PROGRAM GETSIGENSMEAN_SMOOTH HAS BEGUN. COMPILED 2011319.55     ORG: NP25
nid001448.dogwood.wcoss2.ncep.noaa.gov 0:      STARTING DATE-TIME  JUN 16,2025  21:41:53.116  167  MON   2460843


 computing ensemble spread
Command line input for   5 arguments
 datapath    = ./
 filenameout = ./atmf004.ensmean
 fileprefix  = atmf004
 nanals      = 80
 filenameoutsprd = ./atmf004.ensspread
 
nid001448.dogwood.wcoss2.ncep.noaa.gov 0:  Read netcdf
 
Read header information from ./atmf004_mem001
 ntrunc  =       766
 ntrac   =        11
 nlevs   =       127
 lonb    =      1536
 latb    =       768
 
nid001448.dogwood.wcoss2.ncep.noaa.gov 0: ***WARNING***  hybens_smoothinfo not found - no smoothing
dosmooth = F
nid001448.dogwood.wcoss2.ncep.noaa.gov 0:  processing clwmr
nid001448.dogwood.wcoss2.ncep.noaa.gov 0:  clwmr min/max spread  0.0000000E+00  6.5514201E-04
nid001448.dogwood.wcoss2.ncep.noaa.gov 0:  processing delz
nid001448.dogwood.wcoss2.ncep.noaa.gov 0:  delz min/max spread  3.9327373E-03   104.3816    
nid001448.dogwood.wcoss2.ncep.noaa.gov 0:  processing dpres
nid001448.dogwood.wcoss2.ncep.noaa.gov 0:  dpres min/max spread  0.0000000E+00   7.206527    
nid001448.dogwood.wcoss2.ncep.noaa.gov 0:  processing dzdt
nid001448.dogwood.wcoss2.ncep.noaa.gov 0:  dzdt min/max spread  2.8809638E-05   1.160978    
nid001448.dogwood.wcoss2.ncep.noaa.gov 0:  processing grle
nid001448.dogwood.wcoss2.ncep.noaa.gov 0:  grle min/max spread  0.0000000E+00  3.2590548E-04
nid001448.dogwood.wcoss2.ncep.noaa.gov 0:  processing icmr
nid001448.dogwood.wcoss2.ncep.noaa.gov 0:  icmr min/max spread  0.0000000E+00  1.4523533E-04
nid001448.dogwood.wcoss2.ncep.noaa.gov 0:  processing nccice
nid001448.dogwood.wcoss2.ncep.noaa.gov 0:  nccice min/max spread  0.0000000E+00   6047488.    
nid001448.dogwood.wcoss2.ncep.noaa.gov 0:  processing nconrd
nid001448.dogwood.wcoss2.ncep.noaa.gov 0:  nconrd min/max spread  0.0000000E+00   11930.28    
nid001448.dogwood.wcoss2.ncep.noaa.gov 0:  processing o3mr
nid001448.dogwood.wcoss2.ncep.noaa.gov 0:  o3mr min/max spread  1.6537142E-13  1.1962293E-06
nid001448.dogwood.wcoss2.ncep.noaa.gov 0:  processing omga
nid001448.dogwood.wcoss2.ncep.noaa.gov 0:  omga min/max spread  5.7088496E-06   4.347463    
nid001448.dogwood.wcoss2.ncep.noaa.gov 0:  processing pressfc
nid001448.dogwood.wcoss2.ncep.noaa.gov 0:  pressfc min/max spread   10.95628       321.2814    
nid001448.dogwood.wcoss2.ncep.noaa.gov 0:  processing rwmr
nid001448.dogwood.wcoss2.ncep.noaa.gov 0:  rwmr min/max spread  0.0000000E+00  5.5601978E-04
nid001448.dogwood.wcoss2.ncep.noaa.gov 0:  processing snmr
nid001448.dogwood.wcoss2.ncep.noaa.gov 0:  snmr min/max spread  0.0000000E+00  1.7688912E-03
nid001448.dogwood.wcoss2.ncep.noaa.gov 0:  processing spfh
nid001448.dogwood.wcoss2.ncep.noaa.gov 0:  spfh min/max spread  4.8213319E-11  4.4538425E-03
nid001448.dogwood.wcoss2.ncep.noaa.gov 0:  processing tmp
nid001448.dogwood.wcoss2.ncep.noaa.gov 0:  tmp min/max spread  3.3015866E-02   7.937533    
nid001448.dogwood.wcoss2.ncep.noaa.gov 0:  processing ugrd
nid001448.dogwood.wcoss2.ncep.noaa.gov 0:  ugrd min/max spread  1.8049940E-02   27.49453    
nid001448.dogwood.wcoss2.ncep.noaa.gov 0:  processing vgrd
nid001448.dogwood.wcoss2.ncep.noaa.gov 0:  vgrd min/max spread  2.0946112E-02   24.22137    
nid001448.dogwood.wcoss2.ncep.noaa.gov 0:  time to write ens mean on root   871.318668973000     
Write ncio ensemble mean ./atmf004.ensmean iret =     0
nid001448.dogwood.wcoss2.ncep.noaa.gov 0: Write ncio ensemble spread ./atmf004.ensspread iret =     0
nid001448.dogwood.wcoss2.ncep.noaa.gov 0: 

     ENDING DATE-TIME    JUN 16,2025  21:56:30.693  167  MON   2460843
     PROGRAM GETSIGENSMEAN_SMOOTH HAS ENDED.
* . * . * . * . * . * . * . * . * . * . * . * . * . * . * . * . * . * . * . * . 
nid001448.dogwood.wcoss2.ncep.noaa.gov 0: *****************RESOURCE STATISTICS*******************************
The total amount of wall time                        = 877.577014
The total amount of time in user mode                = 740.923207
The total amount of time in sys mode                 = 79.080775
The maximum resident set size (KB)                   = 3461172
Number of page faults without I/O activity           = 9580085
Number of page faults with I/O activity              = 7146
Number of times filesystem performed INPUT           = 2194784
Number of times filesystem performed OUTPUT          = 25658152
Number of Voluntary Context Switches                 = 11936
Number of InVoluntary Context Switches               = 25008
*****************END OF RESOURCE STATISTICS*************************

+ exgdas_enkf_post.sh[126]true
+ exgdas_enkf_post.sh[127]export err=0
+ exgdas_enkf_post.sh[127]err=0
+ exgdas_enkf_post.sh[128][[ 0 -ne 0 ]]
+ exgdas_enkf_post.sh[142][[ NO == \Y\E\S ]]
+ exgdas_enkf_post.sh[157][[ NO == \Y\E\S ]]
+ exgdas_enkf_post.sh[172]cd /lfs/h2/emc/stmp/emc.global/RUNDIRS/retrotestgfs10/enkfgdas.2024112418/epos.2946034
+ exgdas_enkf_post.sh[174]exit 0
+ JGDAS_ENKF_POST[24]true
+ JGDAS_ENKF_POST[25]export err=0
+ JGDAS_ENKF_POST[25]err=0
+ JGDAS_ENKF_POST[26][[ 0 -ne 0 ]]
+ JGDAS_ENKF_POST[37]'[' -e OUTPUT.2946593 ']'
+ JGDAS_ENKF_POST[38]cat OUTPUT.2946593
/lfs/h2/emc/global/noscrub/emc.global/RETRO_GFSv17/git/global-workflow/develop_20250602/exec/getsfcensmeanp.x
/lfs/h2/emc/global/noscrub/emc.global/RETRO_GFSv17/git/global-workflow/develop_20250602/exec/getsigensmeanp_smooth.x
+ JGDAS_ENKF_POST[44]cd /lfs/h2/emc/stmp/emc.global/RUNDIRS/retrotestgfs10/enkfgdas.2024112418
+ JGDAS_ENKF_POST[45][[ NO == \N\O ]]
+ JGDAS_ENKF_POST[46]rm -rf /lfs/h2/emc/stmp/emc.global/RUNDIRS/retrotestgfs10/enkfgdas.2024112418/epos.2946034
+ JGDAS_ENKF_POST[50]exit 0
+ JGDAS_ENKF_POST[1]postamble /lfs/h2/emc/global/noscrub/emc.global/RETRO_GFSv17/git/global-workflow/develop_20250602/jobs/JGDAS_ENKF_POST 1750110031 0
+ preamble.sh[62]set +x
End /lfs/h2/emc/global/noscrub/emc.global/RETRO_GFSv17/git/global-workflow/develop_20250602/jobs/JGDAS_ENKF_POST at 21:56:30 with error code 0 (time elapsed: 00:15:59)
+ status=0
+ [[ 0 -ne 0 ]]
+ exit 0
PBS: Running epilogue on parent mom node: nid001448...
##### Job 46072082.dbqs01 - PBS Job Script:
(Note: Duplicate #PBS entries are a function how PBS interprets and caches the original job script.)

#! /bin/sh
#PBS -N retrotestgfs10_enkfgdas_epos001_18
#PBS -A GFS-DEV
#PBS -q devmax
#PBS -l walltime=00:25:00
#PBS -l select=1:mpiprocs=128:ompthreads=1:ncpus=128:mem=500GB
#PBS -j oe -o /lfs/h2/emc/ptmp/emc.global/RETRO_GFSv17/comroot/retrotestgfs10/logs/2024112418/enkfgdas_epos001.log
#PBS -l place=vscatter:exclhost
export RUN_ENVIR='emc'
export HOMEgfs='/lfs/h2/emc/global/noscrub/emc.global/RETRO_GFSv17/git/global-workflow/develop_20250602'
export EXPDIR='/lfs/h2/emc/global/noscrub/emc.global/RETRO_GFSv17/expdir/retrotestgfs10'
export NET='gfs'
export RUN='enkfgdas'
export CDATE='2024112418'
export PDY='20241124'
export cyc='18'
export COMROOT='/lfs/h2/emc/ptmp/emc.global/RETRO_GFSv17/comroot'
export DATAROOT='/lfs/h2/emc/stmp/emc.global/RUNDIRS/retrotestgfs10/enkfgdas.2024112418'
export FHRGRP='001'
export FHRLST='f004'
set -x
/lfs/h2/emc/global/noscrub/emc.global/RETRO_GFSv17/git/global-workflow/develop_20250602/dev/jobs/epos.sh
##### End of job script
------------------------------------------------------------------

