PBS: Running prologue on parent mom node: nid003786...
Job 46044114.dbqs01 nodelist: nid[003786,003791-003795,003797,003799,003804-003807,003812,003814-003815,003818-003824,003826-003829,003831-003835,003841,003859-003861]
+ /lfs/h2/emc/global/noscrub/emc.global/RETRO_GFSv17/git/global-workflow/develop_20250602/dev/jobs/eupd.sh
+ source /lfs/h2/emc/global/noscrub/emc.global/RETRO_GFSv17/git/global-workflow/develop_20250602/ush/load_fv3gfs_modules.sh
++ [[ hxB == *x* ]]
++ set_x=YES
++ [[ NO == \N\O ]]
++ echo 'Loading modules quietly...'
Loading modules quietly...
++ set +x
Resetting modules to system default. Reseting $MODULEPATH back to system default. All extra directories will be removed from $MODULEPATH.

Currently Loaded Modules:
  1) craype-x86-rome    (H)  13) perl/5.32.0          25) ncdiag/1.0.0
  2) libfabric/1.20.1        14) libjpeg/9c           26) met/9.1.3
  3) craype-network-ofi (H)  15) udunits/2.2.28       27) metplus/3.1.1
  4) envvar/1.0              16) gsl/2.7              28) prepobs/1.1.0
  5) PrgEnv-intel/8.1.0      17) cdo/1.9.8            29) fit2obs/1.1.7
  6) craype/2.7.13           18) imagemagick/7.0.8-7  30) module_base.wcoss2
  7) intel/19.1.3.304        19) hdf5/1.10.6          31) grib_util/1.2.3
  8) cray-mpich/8.1.9        20) netcdf/4.7.4         32) g2tmpl/1.10.2
  9) cray-pals/1.0.17        21) nco/4.7.9            33) crtm/2.4.0.1
 10) cfp/2.0.4               22) prod_util/2.0.9      34) wgrib2/2.0.8
 11) python/3.8.6            23) bufr_dump/1.0.0
 12) gempak/7.15.1           24) util_shared/1.4.0

  Where:
   H:  Hidden Module

 

++ wxflowPATH=/lfs/h2/emc/global/noscrub/emc.global/RETRO_GFSv17/git/global-workflow/develop_20250602/ush/python
++ PYTHONPATH=/apps/ops/prod/nco/core/prod_util.v2.0.9/ush:/apps/prod/python-modules/3.8.6/intel/19.1.3.304/lib/python3.8/site-packages:/lfs/h2/emc/global/noscrub/emc.global/RETRO_GFSv17/git/global-workflow/develop_20250602/ush:/lfs/h2/emc/global/noscrub/emc.global/RETRO_GFSv17/git/global-workflow/develop_20250602/ush/python
++ export PYTHONPATH
++ ulimit -S -s unlimited
++ unset ulimit_s
+ status=0
+ [[ 0 -ne 0 ]]
+ export job=eupd
+ job=eupd
+ export jobid=eupd.862385
+ jobid=eupd.862385
+ /lfs/h2/emc/global/noscrub/emc.global/RETRO_GFSv17/git/global-workflow/develop_20250602/jobs/JGDAS_ENKF_UPDATE
Begin /lfs/h2/emc/global/noscrub/emc.global/RETRO_GFSv17/git/global-workflow/develop_20250602/jobs/JGDAS_ENKF_UPDATE at Mon Jun 16 17:20:58 UTC 2025
++ jjob_header.sh[46]OPTIND=1
++ jjob_header.sh[47]getopts c:e: option
++ jjob_header.sh[48]case "${option}" in
++ jjob_header.sh[50]env_job=eupd
++ jjob_header.sh[47]getopts c:e: option
++ jjob_header.sh[48]case "${option}" in
++ jjob_header.sh[49]read -ra configs
++ jjob_header.sh[47]getopts c:e: option
++ jjob_header.sh[61]shift 4
++ jjob_header.sh[63][[ -z eupd ]]
++ jjob_header.sh[71]export DATA=/lfs/h2/emc/stmp/emc.global/RUNDIRS/retrotestgfs10/enkfgdas.2024112418/eupd.862385
++ jjob_header.sh[71]DATA=/lfs/h2/emc/stmp/emc.global/RUNDIRS/retrotestgfs10/enkfgdas.2024112418/eupd.862385
++ jjob_header.sh[72][[ YES == \Y\E\S ]]
++ jjob_header.sh[73]rm -rf /lfs/h2/emc/stmp/emc.global/RUNDIRS/retrotestgfs10/enkfgdas.2024112418/eupd.862385
++ jjob_header.sh[75]mkdir -p /lfs/h2/emc/stmp/emc.global/RUNDIRS/retrotestgfs10/enkfgdas.2024112418/eupd.862385
++ jjob_header.sh[76]cd /lfs/h2/emc/stmp/emc.global/RUNDIRS/retrotestgfs10/enkfgdas.2024112418/eupd.862385
++ jjob_header.sh[85]export pid=862941
++ jjob_header.sh[85]pid=862941
++ jjob_header.sh[86]export pgmout=OUTPUT.862941
++ jjob_header.sh[86]pgmout=OUTPUT.862941
++ jjob_header.sh[87]export pgmerr=errfile
++ jjob_header.sh[87]pgmerr=errfile
++ jjob_header.sh[90]export pgm=
++ jjob_header.sh[90]pgm=
++ jjob_header.sh[96]export cycle=t18z
++ jjob_header.sh[96]cycle=t18z
++ jjob_header.sh[97]setpdy.sh
+ setpdy.sh[20]'[' /lfs/h2/emc/stmp/emc.global/RUNDIRS/retrotestgfs10/enkfgdas.2024112418/eupd.862385 == /u/emc.global ']'
+ setpdy.sh[25][[ ! t18z =~ t??z ]]
+ setpdy.sh[30]case $# in
+ setpdy.sh[31]dates_before_PDY=7
+ setpdy.sh[32]dates_after_PDY=7
+ setpdy.sh[50]COMDATEROOT=/lfs/h1/ops/prod/com
+ setpdy.sh[53]'[' -z 20241124 ']'
+ setpdy.sh[57]sed 's/[0-9]\{8\}/20241124/' /lfs/h1/ops/prod/com/date/t18z
++ setpdy.sh[62]finddate.sh 20241124 s-7
+++ finddate.sh[27]set +x
+ setpdy.sh[62]DATElne_minus=
++ jjob_header.sh[97]true
++ jjob_header.sh[98]source ./PDY
/lfs/h2/emc/global/noscrub/emc.global/RETRO_GFSv17/git/global-workflow/develop_20250602/ush/jjob_header.sh: line 98: ./PDY: No such file or directory
++ jjob_header.sh[98]true
++ jjob_header.sh[104]export EXPDIR=/lfs/h2/emc/global/noscrub/emc.global/RETRO_GFSv17/expdir/retrotestgfs10
++ jjob_header.sh[104]EXPDIR=/lfs/h2/emc/global/noscrub/emc.global/RETRO_GFSv17/expdir/retrotestgfs10
++ jjob_header.sh[105]for config in "${configs[@]:-''}"
++ jjob_header.sh[106]source /lfs/h2/emc/global/noscrub/emc.global/RETRO_GFSv17/expdir/retrotestgfs10/config.base
+++ config.base[6]echo 'BEGIN: config.base'
BEGIN: config.base
+++ config.base[9]export machine=WCOSS2
+++ config.base[9]machine=WCOSS2
+++ config.base[12]export RUN_ENVIR=emc
+++ config.base[12]RUN_ENVIR=emc
+++ config.base[15]export ACCOUNT=GFS-DEV
+++ config.base[15]ACCOUNT=GFS-DEV
+++ config.base[16]export QUEUE=devmax
+++ config.base[16]QUEUE=devmax
+++ config.base[17]export QUEUE_SERVICE=dev_transfer
+++ config.base[17]QUEUE_SERVICE=dev_transfer
+++ config.base[18]export QUEUE_DTN=dev_transfer
+++ config.base[18]QUEUE_DTN=dev_transfer
+++ config.base[19]export 'PARTITION_BATCH={{ PARTITION_BATCH }}'
+++ config.base[19]PARTITION_BATCH='{{ PARTITION_BATCH }}'
+++ config.base[20]export PARTITION_SERVICE=
+++ config.base[20]PARTITION_SERVICE=
+++ config.base[21]export PARTITION_DTN=
+++ config.base[21]PARTITION_DTN=
+++ config.base[22]export RESERVATION=
+++ config.base[22]RESERVATION=
+++ config.base[23]export CLUSTERS=
+++ config.base[23]CLUSTERS=
+++ config.base[24]export CLUSTERS_SERVICE=
+++ config.base[24]CLUSTERS_SERVICE=
+++ config.base[25]export CLUSTERS_DTN=
+++ config.base[25]CLUSTERS_DTN=
+++ config.base[28]export HPSS_PROJECT=emc-global
+++ config.base[28]HPSS_PROJECT=emc-global
+++ config.base[31]export HOMEgfs=/lfs/h2/emc/global/noscrub/emc.global/RETRO_GFSv17/git/global-workflow/develop_20250602
+++ config.base[31]HOMEgfs=/lfs/h2/emc/global/noscrub/emc.global/RETRO_GFSv17/git/global-workflow/develop_20250602
+++ config.base[32]export EXECgfs=/lfs/h2/emc/global/noscrub/emc.global/RETRO_GFSv17/git/global-workflow/develop_20250602/exec
+++ config.base[32]EXECgfs=/lfs/h2/emc/global/noscrub/emc.global/RETRO_GFSv17/git/global-workflow/develop_20250602/exec
+++ config.base[33]export FIXgfs=/lfs/h2/emc/global/noscrub/emc.global/RETRO_GFSv17/git/global-workflow/develop_20250602/fix
+++ config.base[33]FIXgfs=/lfs/h2/emc/global/noscrub/emc.global/RETRO_GFSv17/git/global-workflow/develop_20250602/fix
+++ config.base[34]export PARMgfs=/lfs/h2/emc/global/noscrub/emc.global/RETRO_GFSv17/git/global-workflow/develop_20250602/parm
+++ config.base[34]PARMgfs=/lfs/h2/emc/global/noscrub/emc.global/RETRO_GFSv17/git/global-workflow/develop_20250602/parm
+++ config.base[35]export SCRgfs=/lfs/h2/emc/global/noscrub/emc.global/RETRO_GFSv17/git/global-workflow/develop_20250602/scripts
+++ config.base[35]SCRgfs=/lfs/h2/emc/global/noscrub/emc.global/RETRO_GFSv17/git/global-workflow/develop_20250602/scripts
+++ config.base[36]export USHgfs=/lfs/h2/emc/global/noscrub/emc.global/RETRO_GFSv17/git/global-workflow/develop_20250602/ush
+++ config.base[36]USHgfs=/lfs/h2/emc/global/noscrub/emc.global/RETRO_GFSv17/git/global-workflow/develop_20250602/ush
+++ config.base[38]export FIXam=/lfs/h2/emc/global/noscrub/emc.global/RETRO_GFSv17/git/global-workflow/develop_20250602/fix/am
+++ config.base[38]FIXam=/lfs/h2/emc/global/noscrub/emc.global/RETRO_GFSv17/git/global-workflow/develop_20250602/fix/am
+++ config.base[39]export FIXaer=/lfs/h2/emc/global/noscrub/emc.global/RETRO_GFSv17/git/global-workflow/develop_20250602/fix/aer
+++ config.base[39]FIXaer=/lfs/h2/emc/global/noscrub/emc.global/RETRO_GFSv17/git/global-workflow/develop_20250602/fix/aer
+++ config.base[40]export FIXcpl=/lfs/h2/emc/global/noscrub/emc.global/RETRO_GFSv17/git/global-workflow/develop_20250602/fix/cpl
+++ config.base[40]FIXcpl=/lfs/h2/emc/global/noscrub/emc.global/RETRO_GFSv17/git/global-workflow/develop_20250602/fix/cpl
+++ config.base[41]export FIXlut=/lfs/h2/emc/global/noscrub/emc.global/RETRO_GFSv17/git/global-workflow/develop_20250602/fix/lut
+++ config.base[41]FIXlut=/lfs/h2/emc/global/noscrub/emc.global/RETRO_GFSv17/git/global-workflow/develop_20250602/fix/lut
+++ config.base[42]export FIXcice=/lfs/h2/emc/global/noscrub/emc.global/RETRO_GFSv17/git/global-workflow/develop_20250602/fix/cice
+++ config.base[42]FIXcice=/lfs/h2/emc/global/noscrub/emc.global/RETRO_GFSv17/git/global-workflow/develop_20250602/fix/cice
+++ config.base[43]export FIXmom=/lfs/h2/emc/global/noscrub/emc.global/RETRO_GFSv17/git/global-workflow/develop_20250602/fix/mom6
+++ config.base[43]FIXmom=/lfs/h2/emc/global/noscrub/emc.global/RETRO_GFSv17/git/global-workflow/develop_20250602/fix/mom6
+++ config.base[44]export FIXreg2grb2=/lfs/h2/emc/global/noscrub/emc.global/RETRO_GFSv17/git/global-workflow/develop_20250602/fix/reg2grb2
+++ config.base[44]FIXreg2grb2=/lfs/h2/emc/global/noscrub/emc.global/RETRO_GFSv17/git/global-workflow/develop_20250602/fix/reg2grb2
+++ config.base[45]export FIXgdas=/lfs/h2/emc/global/noscrub/emc.global/RETRO_GFSv17/git/global-workflow/develop_20250602/fix/gdas
+++ config.base[45]FIXgdas=/lfs/h2/emc/global/noscrub/emc.global/RETRO_GFSv17/git/global-workflow/develop_20250602/fix/gdas
+++ config.base[50]export PACKAGEROOT=/lfs/h1/ops/prod/packages
+++ config.base[50]PACKAGEROOT=/lfs/h1/ops/prod/packages
+++ config.base[51]export COMROOT=/lfs/h2/emc/ptmp/emc.global/RETRO_GFSv17/comroot
+++ config.base[51]COMROOT=/lfs/h2/emc/ptmp/emc.global/RETRO_GFSv17/comroot
+++ config.base[52]export COMINsyn=/lfs/h1/ops/prod/com/gfs/v16.3/syndat
+++ config.base[52]COMINsyn=/lfs/h1/ops/prod/com/gfs/v16.3/syndat
+++ config.base[53]export DMPDIR=/lfs/h2/emc/dump/noscrub/dump
+++ config.base[53]DMPDIR=/lfs/h2/emc/dump/noscrub/dump
+++ config.base[57]export COMINecmwf=/lfs/h2/emc/global/noscrub/emc.global/data/external_gempak/ecmwf
+++ config.base[57]COMINecmwf=/lfs/h2/emc/global/noscrub/emc.global/data/external_gempak/ecmwf
+++ config.base[58]export COMINnam=/lfs/h2/emc/global/noscrub/emc.global/data/external_gempak/nam
+++ config.base[58]COMINnam=/lfs/h2/emc/global/noscrub/emc.global/data/external_gempak/nam
+++ config.base[59]export COMINukmet=/lfs/h2/emc/global/noscrub/emc.global/data/external_gempak/ukmet
+++ config.base[59]COMINukmet=/lfs/h2/emc/global/noscrub/emc.global/data/external_gempak/ukmet
+++ config.base[62]export HOMEDIR=/lfs/h2/emc/global/noscrub/emc.global
+++ config.base[62]HOMEDIR=/lfs/h2/emc/global/noscrub/emc.global
+++ config.base[63]export STMP=/lfs/h2/emc/stmp/emc.global
+++ config.base[63]STMP=/lfs/h2/emc/stmp/emc.global
+++ config.base[64]export PTMP=/lfs/h2/emc/ptmp/emc.global
+++ config.base[64]PTMP=/lfs/h2/emc/ptmp/emc.global
+++ config.base[65]export NOSCRUB=/lfs/h2/emc/global/noscrub/emc.global
+++ config.base[65]NOSCRUB=/lfs/h2/emc/global/noscrub/emc.global
+++ config.base[68]export BASE_GIT=/lfs/h2/emc/global/save/emc.global/git
+++ config.base[68]BASE_GIT=/lfs/h2/emc/global/save/emc.global/git
+++ config.base[71]export BASE_DATA=/lfs/h2/emc/global/noscrub/emc.global/data
+++ config.base[71]BASE_DATA=/lfs/h2/emc/global/noscrub/emc.global/data
+++ config.base[74]export DO_PREP_SFC=NO
+++ config.base[74]DO_PREP_SFC=NO
+++ config.base[77]export DO_GOES=NO
+++ config.base[77]DO_GOES=NO
+++ config.base[78]export DO_BUFRSND=NO
+++ config.base[78]DO_BUFRSND=NO
+++ config.base[79]export DO_GEMPAK=NO
+++ config.base[79]DO_GEMPAK=NO
+++ config.base[80]export DO_AWIPS=NO
+++ config.base[80]DO_AWIPS=NO
+++ config.base[81]export DO_NPOESS=NO
+++ config.base[81]DO_NPOESS=NO
+++ config.base[82]export DO_TRACKER=YES
+++ config.base[82]DO_TRACKER=YES
+++ config.base[83]export DO_GENESIS=YES
+++ config.base[83]DO_GENESIS=YES
+++ config.base[84]export DO_GENESIS_FSU=NO
+++ config.base[84]DO_GENESIS_FSU=NO
+++ config.base[85]export DO_VERFOZN=YES
+++ config.base[85]DO_VERFOZN=YES
+++ config.base[86]export DO_VERFRAD=YES
+++ config.base[86]DO_VERFRAD=YES
+++ config.base[87]export DO_VMINMON=YES
+++ config.base[87]DO_VMINMON=YES
+++ config.base[88]export DO_ANLSTAT=NO
+++ config.base[88]DO_ANLSTAT=NO
+++ config.base[91]export MODE=cycled
+++ config.base[91]MODE=cycled
+++ config.base[92]export DO_TEST_MODE=NO
+++ config.base[92]DO_TEST_MODE=NO
+++ config.base[101]export FIXgsi=/lfs/h2/emc/global/noscrub/emc.global/RETRO_GFSv17/git/global-workflow/develop_20250602/fix/gsi
+++ config.base[101]FIXgsi=/lfs/h2/emc/global/noscrub/emc.global/RETRO_GFSv17/git/global-workflow/develop_20250602/fix/gsi
+++ config.base[102]export HOMEpost=/lfs/h2/emc/global/noscrub/emc.global/RETRO_GFSv17/git/global-workflow/develop_20250602
+++ config.base[102]HOMEpost=/lfs/h2/emc/global/noscrub/emc.global/RETRO_GFSv17/git/global-workflow/develop_20250602
+++ config.base[103]export HOMEobsproc=/lfs/h2/emc/global/save/emc.global/git/obsproc/v1.2.0
+++ config.base[103]HOMEobsproc=/lfs/h2/emc/global/save/emc.global/git/obsproc/v1.2.0
+++ config.base[106]export NMV=/bin/mv
+++ config.base[106]NMV=/bin/mv
+++ config.base[107]export 'NLN=/bin/ln -sf'
+++ config.base[107]NLN='/bin/ln -sf'
+++ config.base[108]export VERBOSE=YES
+++ config.base[108]VERBOSE=YES
+++ config.base[109]export KEEPDATA=NO
+++ config.base[109]KEEPDATA=NO
+++ config.base[110]export DEBUG_POSTSCRIPT=NO
+++ config.base[110]DEBUG_POSTSCRIPT=NO
+++ config.base[111]export CHGRP_RSTPROD=YES
+++ config.base[111]CHGRP_RSTPROD=YES
+++ config.base[112]export 'CHGRP_CMD=chgrp rstprod'
+++ config.base[112]CHGRP_CMD='chgrp rstprod'
+++ config.base[113]export NCDUMP=/apps/prod/hpc-stack/intel-19.1.3.304/cray-mpich-8.1.4/netcdf/4.7.4/bin/ncdump
+++ config.base[113]NCDUMP=/apps/prod/hpc-stack/intel-19.1.3.304/cray-mpich-8.1.4/netcdf/4.7.4/bin/ncdump
+++ config.base[114]export NCLEN=/lfs/h2/emc/global/noscrub/emc.global/RETRO_GFSv17/git/global-workflow/develop_20250602/ush/getncdimlen
+++ config.base[114]NCLEN=/lfs/h2/emc/global/noscrub/emc.global/RETRO_GFSv17/git/global-workflow/develop_20250602/ush/getncdimlen
+++ config.base[117]export BASE_ENV=/lfs/h2/emc/global/noscrub/emc.global/RETRO_GFSv17/git/global-workflow/develop_20250602/env
+++ config.base[117]BASE_ENV=/lfs/h2/emc/global/noscrub/emc.global/RETRO_GFSv17/git/global-workflow/develop_20250602/env
+++ config.base[120]export SDATE=2024111506
+++ config.base[120]SDATE=2024111506
+++ config.base[121]export EDATE=2025011600
+++ config.base[121]EDATE=2025011600
+++ config.base[122]export EXP_WARM_START=.true.
+++ config.base[122]EXP_WARM_START=.true.
+++ config.base[123]export assim_freq=6
+++ config.base[123]assim_freq=6
+++ config.base[124]export PSLOT=retrotestgfs10
+++ config.base[124]PSLOT=retrotestgfs10
+++ config.base[125]export EXPDIR=/lfs/h2/emc/global/noscrub/emc.global/RETRO_GFSv17/expdir/retrotestgfs10
+++ config.base[125]EXPDIR=/lfs/h2/emc/global/noscrub/emc.global/RETRO_GFSv17/expdir/retrotestgfs10
+++ config.base[126]export ROTDIR=/lfs/h2/emc/ptmp/emc.global/RETRO_GFSv17/comroot/retrotestgfs10
+++ config.base[126]ROTDIR=/lfs/h2/emc/ptmp/emc.global/RETRO_GFSv17/comroot/retrotestgfs10
+++ config.base[127]export DUMP_SUFFIX=
+++ config.base[127]DUMP_SUFFIX=
+++ config.base[128][[ 2024112418 -ge 2019092100 ]]
+++ config.base[128][[ 2024112418 -le 2019110700 ]]
+++ config.base[132]export ARCDIR=/lfs/h2/emc/global/noscrub/emc.global/RETRO_GFSv17/archive/retrotestgfs10
+++ config.base[132]ARCDIR=/lfs/h2/emc/global/noscrub/emc.global/RETRO_GFSv17/archive/retrotestgfs10
+++ config.base[134]export ATARDIR=/5year/NCEPDEV/emc-global/emc.glopara/WCOSS2/GFSv17/retrotestgfs10
+++ config.base[134]ATARDIR=/5year/NCEPDEV/emc-global/emc.glopara/WCOSS2/GFSv17/retrotestgfs10
+++ config.base[136]export 'FETCHDIR={{ FETCHDIR }}'
+++ config.base[136]FETCHDIR='{{ FETCHDIR }}'
+++ config.base[139]export envir=prod
+++ config.base[139]envir=prod
+++ config.base[140]export NET=gfs
+++ config.base[140]NET=gfs
+++ config.base[141]export RUN=enkfgdas
+++ config.base[141]RUN=enkfgdas
+++ config.base[144]source /lfs/h2/emc/global/noscrub/emc.global/RETRO_GFSv17/expdir/retrotestgfs10/config.com
++++ config.com[4]echo 'BEGIN: config.com'
BEGIN: config.com
++++ config.com[38][[ emc == \n\c\o ]]
++++ config.com[43]COM_OBSPROC_TMPL='${DMPDIR}/${RUN}${DUMP_SUFFIX}.${YMD}/${HH}/atmos'
++++ config.com[44]COM_RTOFS_TMPL='${DMPDIR}'
++++ config.com[45]COM_TCVITAL_TMPL='${DMPDIR}/${RUN}.${YMD}/${HH}/atmos'
++++ config.com[47]declare -rx 'COM_OBS_TMPL=${ROTDIR}/${RUN}.${YMD}/${HH}/obs'
++++ config.com[48]declare -rx COM_OBSPROC_TMPL COM_RTOFS_TMPL
++++ config.com[50]COM_BASE='${ROTDIR}/${RUN}.${YMD}/${HH}/${MEMDIR}'
++++ config.com[52]declare -rx 'COM_TOP_TMPL=${ROTDIR}/${RUN}.${YMD}/${HH}'
++++ config.com[54]declare -rx 'COM_CONF_TMPL=${ROTDIR}/${RUN}.${YMD}/${HH}/${MEMDIR}/conf'
++++ config.com[55]declare -rx 'COM_OBS_JEDI=${ROTDIR}/${RUN}.${YMD}/${HH}/${MEMDIR}/obs_jedi'
++++ config.com[57]declare -rx 'COM_ATMOS_INPUT_TMPL=${ROTDIR}/${RUN}.${YMD}/${HH}/${MEMDIR}/model/atmos/input'
++++ config.com[58]declare -rx 'COM_ATMOS_RESTART_TMPL=${ROTDIR}/${RUN}.${YMD}/${HH}/${MEMDIR}/model/atmos/restart'
++++ config.com[59]declare -rx 'COM_ATMOS_ANALYSIS_TMPL=${ROTDIR}/${RUN}.${YMD}/${HH}/${MEMDIR}/analysis/atmos'
++++ config.com[60]declare -rx 'COM_SNOW_ANALYSIS_TMPL=${ROTDIR}/${RUN}.${YMD}/${HH}/${MEMDIR}/analysis/snow'
++++ config.com[61]declare -rx 'COM_SNOW_ANLMON_TMPL=${ROTDIR}/${RUN}.${YMD}/${HH}/${MEMDIR}/products/snow/anlmon'
++++ config.com[62]declare -rx 'COM_ATMOS_HISTORY_TMPL=${ROTDIR}/${RUN}.${YMD}/${HH}/${MEMDIR}/model/atmos/history'
++++ config.com[63]declare -rx 'COM_ATMOS_MASTER_TMPL=${ROTDIR}/${RUN}.${YMD}/${HH}/${MEMDIR}/model/atmos/master'
++++ config.com[64]declare -rx 'COM_ATMOS_GRIB_TMPL=${ROTDIR}/${RUN}.${YMD}/${HH}/${MEMDIR}/products/atmos/grib2'
++++ config.com[65]declare -rx 'COM_ATMOS_GRIB_GRID_TMPL=${ROTDIR}/${RUN}.${YMD}/${HH}/${MEMDIR}/products/atmos/grib2/${GRID}'
++++ config.com[66]declare -rx 'COM_ATMOS_BUFR_TMPL=${ROTDIR}/${RUN}.${YMD}/${HH}/${MEMDIR}/products/atmos/bufr'
++++ config.com[67]declare -rx 'COM_ATMOS_GEMPAK_TMPL=${ROTDIR}/${RUN}.${YMD}/${HH}/${MEMDIR}/products/atmos/gempak/${GRID}'
++++ config.com[68]declare -rx 'COM_ATMOS_GENESIS_TMPL=${ROTDIR}/${RUN}.${YMD}/${HH}/${MEMDIR}/products/atmos/cyclone/genesis_vital'
++++ config.com[69]declare -rx 'COM_ATMOS_TRACK_TMPL=${ROTDIR}/${RUN}.${YMD}/${HH}/${MEMDIR}/products/atmos/cyclone/tracks'
++++ config.com[70]declare -rx 'COM_ATMOS_GOES_TMPL=${ROTDIR}/${RUN}.${YMD}/${HH}/${MEMDIR}/products/atmos/goes_sim'
++++ config.com[71]declare -rx 'COM_ATMOS_IMAGERY_TMPL=${ROTDIR}/${RUN}.${YMD}/${HH}/${MEMDIR}/products/atmos/imagery'
++++ config.com[72]declare -rx 'COM_ATMOS_OZNMON_TMPL=${ROTDIR}/${RUN}.${YMD}/${HH}/${MEMDIR}/products/atmos/oznmon'
++++ config.com[73]declare -rx 'COM_ATMOS_RADMON_TMPL=${ROTDIR}/${RUN}.${YMD}/${HH}/${MEMDIR}/products/atmos/radmon'
++++ config.com[74]declare -rx 'COM_ATMOS_MINMON_TMPL=${ROTDIR}/${RUN}.${YMD}/${HH}/${MEMDIR}/products/atmos/minmon'
++++ config.com[75]declare -rx 'COM_ATMOS_ANLMON_TMPL=${ROTDIR}/${RUN}.${YMD}/${HH}/${MEMDIR}/products/atmos/anlmon'
++++ config.com[76]declare -rx 'COM_ATMOS_WMO_TMPL=${ROTDIR}/${RUN}.${YMD}/${HH}/${MEMDIR}/products/atmos/wmo'
++++ config.com[78]declare -rx 'COM_WAVE_RESTART_TMPL=${ROTDIR}/${RUN}.${YMD}/${HH}/${MEMDIR}/model/wave/restart'
++++ config.com[79]declare -rx 'COM_WAVE_PREP_TMPL=${ROTDIR}/${RUN}.${YMD}/${HH}/${MEMDIR}/model/wave/prep'
++++ config.com[80]declare -rx 'COM_WAVE_HISTORY_TMPL=${ROTDIR}/${RUN}.${YMD}/${HH}/${MEMDIR}/model/wave/history'
++++ config.com[81]declare -rx 'COM_WAVE_GRID_TMPL=${ROTDIR}/${RUN}.${YMD}/${HH}/${MEMDIR}/products/wave/gridded'
++++ config.com[82]declare -rx 'COM_WAVE_GRID_RES_TMPL=${ROTDIR}/${RUN}.${YMD}/${HH}/${MEMDIR}/products/wave/gridded/${GRDRESNAME}'
++++ config.com[83]declare -rx 'COM_WAVE_STATION_TMPL=${ROTDIR}/${RUN}.${YMD}/${HH}/${MEMDIR}/products/wave/station'
++++ config.com[84]declare -rx 'COM_WAVE_GEMPAK_TMPL=${ROTDIR}/${RUN}.${YMD}/${HH}/${MEMDIR}/products/wave/gempak'
++++ config.com[85]declare -rx 'COM_WAVE_WMO_TMPL=${ROTDIR}/${RUN}.${YMD}/${HH}/${MEMDIR}/products/wave/wmo'
++++ config.com[87]declare -rx 'COM_OCEAN_HISTORY_TMPL=${ROTDIR}/${RUN}.${YMD}/${HH}/${MEMDIR}/model/ocean/history'
++++ config.com[88]declare -rx 'COM_OCEAN_RESTART_TMPL=${ROTDIR}/${RUN}.${YMD}/${HH}/${MEMDIR}/model/ocean/restart'
++++ config.com[89]declare -rx 'COM_OCEAN_INPUT_TMPL=${ROTDIR}/${RUN}.${YMD}/${HH}/${MEMDIR}/model/ocean/input'
++++ config.com[90]declare -rx 'COM_OCEAN_ANALYSIS_TMPL=${ROTDIR}/${RUN}.${YMD}/${HH}/${MEMDIR}/analysis/ocean'
++++ config.com[91]declare -rx 'COM_OCEAN_ANLMON_TMPL=${ROTDIR}/${RUN}.${YMD}/${HH}/${MEMDIR}/products/ocean/anlmon'
++++ config.com[92]declare -rx 'COM_OCEAN_LETKF_TMPL=${ROTDIR}/${RUN}.${YMD}/${HH}/${MEMDIR}/analysis/ocean/letkf'
++++ config.com[93]declare -rx 'COM_OCEAN_BMATRIX_TMPL=${ROTDIR}/${RUN}.${YMD}/${HH}/${MEMDIR}/bmatrix/ocean'
++++ config.com[94]declare -rx 'COM_OCEAN_NETCDF_TMPL=${ROTDIR}/${RUN}.${YMD}/${HH}/${MEMDIR}/products/ocean/netcdf'
++++ config.com[95]declare -rx 'COM_OCEAN_GRIB_TMPL=${ROTDIR}/${RUN}.${YMD}/${HH}/${MEMDIR}/products/ocean/grib2'
++++ config.com[96]declare -rx 'COM_OCEAN_GRIB_GRID_TMPL=${ROTDIR}/${RUN}.${YMD}/${HH}/${MEMDIR}/products/ocean/grib2/${GRID}'
++++ config.com[98]declare -rx 'COM_ICE_ANALYSIS_TMPL=${ROTDIR}/${RUN}.${YMD}/${HH}/${MEMDIR}/analysis/ice'
++++ config.com[99]declare -rx 'COM_ICE_LETKF_TMPL=${ROTDIR}/${RUN}.${YMD}/${HH}/${MEMDIR}/analysis/ice/letkf'
++++ config.com[100]declare -rx 'COM_ICE_ANLMON_TMPL=${ROTDIR}/${RUN}.${YMD}/${HH}/${MEMDIR}/products/ice/anlmon'
++++ config.com[101]declare -rx 'COM_ICE_BMATRIX_TMPL=${ROTDIR}/${RUN}.${YMD}/${HH}/${MEMDIR}/bmatrix/ice'
++++ config.com[102]declare -rx 'COM_ICE_INPUT_TMPL=${ROTDIR}/${RUN}.${YMD}/${HH}/${MEMDIR}/model/ice/input'
++++ config.com[103]declare -rx 'COM_ICE_HISTORY_TMPL=${ROTDIR}/${RUN}.${YMD}/${HH}/${MEMDIR}/model/ice/history'
++++ config.com[104]declare -rx 'COM_ICE_RESTART_TMPL=${ROTDIR}/${RUN}.${YMD}/${HH}/${MEMDIR}/model/ice/restart'
++++ config.com[105]declare -rx 'COM_ICE_NETCDF_TMPL=${ROTDIR}/${RUN}.${YMD}/${HH}/${MEMDIR}/products/ice/netcdf'
++++ config.com[106]declare -rx 'COM_ICE_GRIB_TMPL=${ROTDIR}/${RUN}.${YMD}/${HH}/${MEMDIR}/products/ice/grib2'
++++ config.com[107]declare -rx 'COM_ICE_GRIB_GRID_TMPL=${ROTDIR}/${RUN}.${YMD}/${HH}/${MEMDIR}/products/ice/grib2/${GRID}'
++++ config.com[109]declare -rx 'COM_CHEM_HISTORY_TMPL=${ROTDIR}/${RUN}.${YMD}/${HH}/${MEMDIR}/model/chem/history'
++++ config.com[110]declare -rx 'COM_CHEM_ANALYSIS_TMPL=${ROTDIR}/${RUN}.${YMD}/${HH}/${MEMDIR}/analysis/chem'
++++ config.com[111]declare -rx 'COM_CHEM_BMAT_TMPL=${ROTDIR}/${RUN}.${YMD}/${HH}/${MEMDIR}/analysis/chem/bmatrix'
++++ config.com[112]declare -rx 'COM_CHEM_ANLMON_TMPL=${ROTDIR}/${RUN}.${YMD}/${HH}/${MEMDIR}/products/chem/anlmon'
++++ config.com[114]declare -rx 'COM_MED_RESTART_TMPL=${ROTDIR}/${RUN}.${YMD}/${HH}/${MEMDIR}/model/med/restart'
+++ config.base[146]export LOGSCRIPT=
+++ config.base[146]LOGSCRIPT=
+++ config.base[148]export 'REDOUT=1>'
+++ config.base[148]REDOUT='1>'
+++ config.base[149]export 'REDERR=2>'
+++ config.base[149]REDERR='2>'
+++ config.base[151]export SENDECF=NO
+++ config.base[151]SENDECF=NO
+++ config.base[152]export SENDSDM=NO
+++ config.base[152]SENDSDM=NO
+++ config.base[153]export SENDDBN_NTC=NO
+++ config.base[153]SENDDBN_NTC=NO
+++ config.base[154]export SENDDBN=NO
+++ config.base[154]SENDDBN=NO
+++ config.base[155]export DBNROOT=/apps/ops/prod/nco/core/prod_util.v2.0.9/fakedbn
+++ config.base[155]DBNROOT=/apps/ops/prod/nco/core/prod_util.v2.0.9/fakedbn
+++ config.base[158]export APP=S2SW
+++ config.base[158]APP=S2SW
+++ config.base[160]shopt -s extglob
+++ config.base[163]case "${RUN}" in
+++ config.base[165]APP=S2S
+++ config.base[170]shopt -u extglob
+++ config.base[173]export DO_ATM=YES
+++ config.base[173]DO_ATM=YES
+++ config.base[174]export DO_COUPLED=NO
+++ config.base[174]DO_COUPLED=NO
+++ config.base[175]export DO_WAVE=NO
+++ config.base[175]DO_WAVE=NO
+++ config.base[176]export DO_OCN=NO
+++ config.base[176]DO_OCN=NO
+++ config.base[177]export DO_ICE=NO
+++ config.base[177]DO_ICE=NO
+++ config.base[178]DO_AERO=NO
+++ config.base[179]export DO_PREP_OBS_AERO=NO
+++ config.base[179]DO_PREP_OBS_AERO=NO
+++ config.base[180]aero_fcst_runs=gdas
+++ config.base[181]aero_anl_runs='gdas gfs'
+++ config.base[182]export DO_AERO_FCST=NO
+++ config.base[182]DO_AERO_FCST=NO
+++ config.base[183]export DO_AERO_ANL=NO
+++ config.base[183]DO_AERO_ANL=NO
+++ config.base[184]export DOBNDPNT_WAVE=YES
+++ config.base[184]DOBNDPNT_WAVE=YES
+++ config.base[185]export DOIBP_WAV=NO
+++ config.base[185]DOIBP_WAV=NO
+++ config.base[186]export FRAC_GRID=.true.
+++ config.base[186]FRAC_GRID=.true.
+++ config.base[187]export DO_NEST=NO
+++ config.base[187]DO_NEST=NO
+++ config.base[188][[ NO == \Y\E\S ]]
+++ config.base[194]export ntiles=6
+++ config.base[194]ntiles=6
+++ config.base[195]export FIXugwd=/lfs/h2/emc/global/noscrub/emc.global/RETRO_GFSv17/git/global-workflow/develop_20250602/fix/ugwd
+++ config.base[195]FIXugwd=/lfs/h2/emc/global/noscrub/emc.global/RETRO_GFSv17/git/global-workflow/develop_20250602/fix/ugwd
+++ config.base[196]export FIXorog=/lfs/h2/emc/global/noscrub/emc.global/RETRO_GFSv17/git/global-workflow/develop_20250602/fix/orog
+++ config.base[196]FIXorog=/lfs/h2/emc/global/noscrub/emc.global/RETRO_GFSv17/git/global-workflow/develop_20250602/fix/orog
+++ config.base[200]export OPS_RES=C768
+++ config.base[200]OPS_RES=C768
+++ config.base[203]export LEVS=128
+++ config.base[203]LEVS=128
+++ config.base[204]export CASE=C1152
+++ config.base[204]CASE=C1152
+++ config.base[205]export CASE_ENS=C384
+++ config.base[205]CASE_ENS=C384
+++ config.base[206]export OCNRES=025
+++ config.base[206]OCNRES=025
+++ config.base[207]export ICERES=025
+++ config.base[207]ICERES=025
+++ config.base[210]case "${CASE}" in
+++ config.base[221]export waveGRD=uglo_15km
+++ config.base[221]waveGRD=uglo_15km
+++ config.base[229]case "${APP}" in
+++ config.base[245]export DO_COUPLED=YES
+++ config.base[245]DO_COUPLED=YES
+++ config.base[246]export DO_OCN=YES
+++ config.base[246]DO_OCN=YES
+++ config.base[247]export DO_ICE=YES
+++ config.base[247]DO_ICE=YES
+++ config.base[249][[ S2S =~ A$ ]]
+++ config.base[253][[ S2S =~ ^S2SW ]]
+++ config.base[264][[ NO == \Y\E\S ]]
+++ config.base[274][[ enkfgdas =~ gdas ]]
+++ config.base[275]export FHCYC=1
+++ config.base[275]FHCYC=1
+++ config.base[276]export FTSFS=10
+++ config.base[276]FTSFS=10
+++ config.base[282]export FHMIN=0
+++ config.base[282]FHMIN=0
+++ config.base[283]export FHMAX=9
+++ config.base[283]FHMAX=9
+++ config.base[284]export FHOUT=3
+++ config.base[284]FHOUT=3
+++ config.base[285]export FHOUT_OCN=3
+++ config.base[285]FHOUT_OCN=3
+++ config.base[286]export FHOUT_ICE=3
+++ config.base[286]FHOUT_ICE=3
+++ config.base[287]export FHOUT_AERO=3
+++ config.base[287]FHOUT_AERO=3
+++ config.base[290]export EUPD_CYC=both
+++ config.base[290]EUPD_CYC=both
+++ config.base[293]export INTERVAL_GFS=6
+++ config.base[293]INTERVAL_GFS=6
+++ config.base[294]export SDATE_GFS=2024111512
+++ config.base[294]SDATE_GFS=2024111512
+++ config.base[297]export FHMIN_GFS=0
+++ config.base[297]FHMIN_GFS=0
+++ config.base[298]export FHMAX_GFS=384
+++ config.base[298]FHMAX_GFS=384
+++ config.base[300]breakpnts=
+++ config.base[301]export FCST_SEGMENTS=0,384
+++ config.base[301]FCST_SEGMENTS=0,384
+++ config.base[302]export FHOUT_GFS=3
+++ config.base[302]FHOUT_GFS=3
+++ config.base[303]export FHMAX_HF_GFS=120
+++ config.base[303]FHMAX_HF_GFS=120
+++ config.base[304]export FHOUT_HF_GFS=1
+++ config.base[304]FHOUT_HF_GFS=1
+++ config.base[305]export FHOUT_OCN_GFS=6
+++ config.base[305]FHOUT_OCN_GFS=6
+++ config.base[306]export FHOUT_ICE_GFS=6
+++ config.base[306]FHOUT_ICE_GFS=6
+++ config.base[307]export FHMIN_WAV=0
+++ config.base[307]FHMIN_WAV=0
+++ config.base[308]export FHOUT_WAV=3
+++ config.base[308]FHOUT_WAV=3
+++ config.base[309]export FHMAX_HF_WAV=120
+++ config.base[309]FHMAX_HF_WAV=120
+++ config.base[310]export FHOUT_HF_WAV=1
+++ config.base[310]FHOUT_HF_WAV=1
+++ config.base[311]export FHMAX_WAV=9
+++ config.base[311]FHMAX_WAV=9
+++ config.base[312]export FHMAX_WAV_GFS=384
+++ config.base[312]FHMAX_WAV_GFS=384
+++ config.base[313]export FHMAX_HF_GFS=120
+++ config.base[313]FHMAX_HF_GFS=120
+++ config.base[314]export FHMAX_WAV=9
+++ config.base[314]FHMAX_WAV=9
+++ config.base[315]export FHMAX_WAV_GFS=384
+++ config.base[315]FHMAX_WAV_GFS=384
+++ config.base[316]export FHMAX_HF_WAV=120
+++ config.base[316]FHMAX_HF_WAV=120
+++ config.base[319]export ILPOST=1
+++ config.base[319]ILPOST=1
+++ config.base[320]((  FHMAX_HF_GFS < 120  ))
+++ config.base[325]export FHMAX_GOES=180
+++ config.base[325]FHMAX_GOES=180
+++ config.base[326]export FHOUT_GOES=3
+++ config.base[326]FHOUT_GOES=3
+++ config.base[327]((  FHMAX_GOES > FHMAX_GFS  ))
+++ config.base[332]export restart_interval_gfs=12
+++ config.base[332]restart_interval_gfs=12
+++ config.base[337]export QUILTING=.true.
+++ config.base[337]QUILTING=.true.
+++ config.base[338]export OUTPUT_GRID=gaussian_grid
+++ config.base[338]OUTPUT_GRID=gaussian_grid
+++ config.base[339]export WRITE_DOPOST=.true.
+++ config.base[339]WRITE_DOPOST=.true.
+++ config.base[340]export WRITE_NSFLIP=.true.
+++ config.base[340]WRITE_NSFLIP=.true.
+++ config.base[343]export DOIAU=YES
+++ config.base[343]DOIAU=YES
+++ config.base[344]export IAUFHRS=3,6,9
+++ config.base[344]IAUFHRS=3,6,9
+++ config.base[345]export IAU_FHROT=3
+++ config.base[345]IAU_FHROT=3
+++ config.base[346]export IAU_DELTHRS=6
+++ config.base[346]IAU_DELTHRS=6
+++ config.base[347]export IAU_OFFSET=6
+++ config.base[347]IAU_OFFSET=6
+++ config.base[348]export DOIAU_ENKF=YES
+++ config.base[348]DOIAU_ENKF=YES
+++ config.base[349]export IAUFHRS_ENKF=3,6,9
+++ config.base[349]IAUFHRS_ENKF=3,6,9
+++ config.base[350]export IAU_DELTHRS_ENKF=6
+++ config.base[350]IAU_DELTHRS_ENKF=6
+++ config.base[353]export lobsdiag_forenkf=.true.
+++ config.base[353]lobsdiag_forenkf=.true.
+++ config.base[361]export imp_physics=8
+++ config.base[361]imp_physics=8
+++ config.base[365]export DO_JEDIATMVAR=NO
+++ config.base[365]DO_JEDIATMVAR=NO
+++ config.base[366]export DO_JEDIATMENS=NO
+++ config.base[366]DO_JEDIATMENS=NO
+++ config.base[367]export DO_JEDIOCNVAR=YES
+++ config.base[367]DO_JEDIOCNVAR=YES
+++ config.base[368]export DO_JEDISNOWDA=YES
+++ config.base[368]DO_JEDISNOWDA=YES
+++ config.base[369]export DO_MERGENSST=NO
+++ config.base[369]DO_MERGENSST=NO
+++ config.base[370]export DO_STARTMEM_FROM_JEDIICE=YES
+++ config.base[370]DO_STARTMEM_FROM_JEDIICE=YES
+++ config.base[373]export DOHYBVAR=YES
+++ config.base[373]DOHYBVAR=YES
+++ config.base[374]export DOHYBVAR_OCN=YES
+++ config.base[374]DOHYBVAR_OCN=YES
+++ config.base[375]export DOLETKF_OCN=NO
+++ config.base[375]DOLETKF_OCN=NO
+++ config.base[376]export NMEM_ENS=80
+++ config.base[376]NMEM_ENS=80
+++ config.base[377]export SMOOTH_ENKF=NO
+++ config.base[377]SMOOTH_ENKF=NO
+++ config.base[378]export l4densvar=.true.
+++ config.base[378]l4densvar=.true.
+++ config.base[379]export lwrite4danl=.true.
+++ config.base[379]lwrite4danl=.true.
+++ config.base[380]export DO_CALC_INCREMENT=NO
+++ config.base[380]DO_CALC_INCREMENT=NO
+++ config.base[383]export NMEM_ENS_GFS=30
+++ config.base[383]NMEM_ENS_GFS=30
+++ config.base[384]export NMEM_ENS_GFS_OFFSET=20
+++ config.base[384]NMEM_ENS_GFS_OFFSET=20
+++ config.base[385]export DO_CALC_INCREMENT_ENKF_GFS=NO
+++ config.base[385]DO_CALC_INCREMENT_ENKF_GFS=NO
+++ config.base[388][[ YES = \Y\E\S ]]
+++ config.base[389]export FHMIN_ENKF=3
+++ config.base[389]FHMIN_ENKF=3
+++ config.base[390]export FHMAX_ENKF=9
+++ config.base[390]FHMAX_ENKF=9
+++ config.base[391]export FHMAX_ENKF_GFS=12
+++ config.base[391]FHMAX_ENKF_GFS=12
+++ config.base[392]export FHOUT_ENKF_GFS=3
+++ config.base[392]FHOUT_ENKF_GFS=3
+++ config.base[393][[ .true. = \.\t\r\u\e\. ]]
+++ config.base[394]export FHOUT=1
+++ config.base[394]FHOUT=1
+++ config.base[395]export FHOUT_ENKF=1
+++ config.base[395]FHOUT_ENKF=1
+++ config.base[402][[ YES == \N\O ]]
+++ config.base[410]export ENKF_SPREAD=YES
+++ config.base[410]ENKF_SPREAD=YES
+++ config.base[413][[ cycled = \c\y\c\l\e\d ]]
+++ config.base[413][[ 2024111506 = \2\0\2\4\1\1\2\4\1\8 ]]
+++ config.base[413][[ YES = \N\O ]]
+++ config.base[413][[ cycled = \f\o\r\e\c\a\s\t\-\o\n\l\y ]]
+++ config.base[419][[ YES = \N\O ]]
+++ config.base[423][[ YES == \Y\E\S ]]
+++ config.base[424]export restart_interval_enkfgdas=3
+++ config.base[424]restart_interval_enkfgdas=3
+++ config.base[429]export restart_interval_enkfgfs=3
+++ config.base[429]restart_interval_enkfgfs=3
+++ config.base[431][[ YES == \Y\E\S ]]
+++ config.base[432]export restart_interval_gdas=3
+++ config.base[432]restart_interval_gdas=3
+++ config.base[437]export DO_GSISOILDA=YES
+++ config.base[437]DO_GSISOILDA=YES
+++ config.base[440]export DONST=YES
+++ config.base[440]DONST=YES
+++ config.base[441][[ YES = \Y\E\S ]]
+++ config.base[441]export 'FNTSFA=        '
+++ config.base[441]FNTSFA='        '
+++ config.base[444]export nst_anl=.true.
+++ config.base[444]nst_anl=.true.
+++ config.base[447]export MAKE_NSSTBUFR=NO
+++ config.base[447]MAKE_NSSTBUFR=NO
+++ config.base[450]export MAKE_ACFTBUFR=NO
+++ config.base[450]MAKE_ACFTBUFR=NO
+++ config.base[453]export 'INCREMENTS_TO_ZERO='\''liq_wat_inc'\'','\''icmr_inc'\'','\''rwmr_inc'\'','\''snmr_inc'\'','\''grle_inc'\'''
+++ config.base[453]INCREMENTS_TO_ZERO=''\''liq_wat_inc'\'','\''icmr_inc'\'','\''rwmr_inc'\'','\''snmr_inc'\'','\''grle_inc'\'''
+++ config.base[456]export 'INCVARS_ZERO_STRAT='\''sphum_inc'\'','\''liq_wat_inc'\'','\''icmr_inc'\'','\''rwmr_inc'\'','\''snmr_inc'\'','\''grle_inc'\'''
+++ config.base[456]INCVARS_ZERO_STRAT=''\''sphum_inc'\'','\''liq_wat_inc'\'','\''icmr_inc'\'','\''rwmr_inc'\'','\''snmr_inc'\'','\''grle_inc'\'''
+++ config.base[457]export INCVARS_EFOLD=5
+++ config.base[457]INCVARS_EFOLD=5
+++ config.base[462]export netcdf_diag=.true.
+++ config.base[462]netcdf_diag=.true.
+++ config.base[463]export binary_diag=.false.
+++ config.base[463]binary_diag=.false.
+++ config.base[466]export DO_CA=YES
+++ config.base[466]DO_CA=YES
+++ config.base[469]export DO_METP=YES
+++ config.base[469]DO_METP=YES
+++ config.base[470]export DO_FIT2OBS=YES
+++ config.base[470]DO_FIT2OBS=YES
+++ config.base[473]export FHMAX_FITS=132
+++ config.base[473]FHMAX_FITS=132
+++ config.base[474][[ 132 -gt 384 ]]
+++ config.base[480]export DO_FETCH_HPSS=NO
+++ config.base[480]DO_FETCH_HPSS=NO
+++ config.base[481]export DO_FETCH_LOCAL=NO
+++ config.base[481]DO_FETCH_LOCAL=NO
+++ config.base[484]export DO_ARCHCOM=YES
+++ config.base[484]DO_ARCHCOM=YES
+++ config.base[485]export ARCHCOM_TO=hpss
+++ config.base[485]ARCHCOM_TO=hpss
+++ config.base[488]export 'CLIENT_GLOBUS_UUID={{ CLIENT_GLOBUS_UUID }}'
+++ config.base[488]CLIENT_GLOBUS_UUID='{{ CLIENT_GLOBUS_UUID }}'
+++ config.base[491][[ NO = \Y\E\S ]]
+++ config.base[498][[ NO = \Y\E\S ]]
+++ config.base[498][[ YES = \Y\E\S ]]
+++ config.base[499]export DO_ANLSTAT=YES
+++ config.base[499]DO_ANLSTAT=YES
+++ config.base[504]export REPLAY_ICS=NO
+++ config.base[504]REPLAY_ICS=NO
+++ config.base[505]export OFFSET_START_HOUR=0
+++ config.base[505]OFFSET_START_HOUR=0
+++ config.base[508]export NUM_SND_COLLECTIVES=9
+++ config.base[508]NUM_SND_COLLECTIVES=9
+++ config.base[510]echo 'END: config.base'
END: config.base
++ jjob_header.sh[106]true
++ jjob_header.sh[107]export err=0
++ jjob_header.sh[107]err=0
++ jjob_header.sh[108][[ 0 -ne 0 ]]
++ jjob_header.sh[105]for config in "${configs[@]:-''}"
++ jjob_header.sh[106]source /lfs/h2/emc/global/noscrub/emc.global/RETRO_GFSv17/expdir/retrotestgfs10/config.anal
+++ config.anal[6]echo 'BEGIN: config.anal'
BEGIN: config.anal
+++ config.anal[9]source /lfs/h2/emc/global/noscrub/emc.global/RETRO_GFSv17/expdir/retrotestgfs10/config.resources anal
++++ config.resources[10]((  1 != 1  ))
++++ config.resources[34]step=anal
++++ config.resources[36]echo 'BEGIN: config.resources'
BEGIN: config.resources
++++ config.resources[38]case ${machine} in
++++ config.resources[40]max_tasks_per_node=128
++++ config.resources[43]mem_node_max=500GB
++++ config.resources[106]export max_tasks_per_node
++++ config.resources[108]case ${step} in
++++ config.resources[680][[ enkfgdas = *gdas ]]
++++ config.resources[681]walltime=01:20:00
++++ config.resources[682]case ${CASE} in
++++ config.resources[684]ntasks=780
++++ config.resources[685]threads_per_task=5
++++ config.resources[686]walltime=01:40:00
++++ config.resources[721]tasks_per_node=25
++++ config.resources[722]export threads_per_task_cycle=5
++++ config.resources[722]threads_per_task_cycle=5
++++ config.resources[723]export tasks_per_node_cycle=25
++++ config.resources[723]tasks_per_node_cycle=25
++++ config.resources[724]export is_exclusive=True
++++ config.resources[724]is_exclusive=True
++++ config.resources[1400][[ -f /lfs/h2/emc/global/noscrub/emc.global/RETRO_GFSv17/expdir/retrotestgfs10/config.resources.WCOSS2 ]]
++++ config.resources[1401]source /lfs/h2/emc/global/noscrub/emc.global/RETRO_GFSv17/expdir/retrotestgfs10/config.resources.WCOSS2
+++++ config.resources.WCOSS2[5]case ${step} in
+++++ config.resources.WCOSS2[13][[ C1152 == \C\7\6\8 ]]
+++++ config.resources.WCOSS2[13][[ C1152 == \C\1\1\5\2 ]]
+++++ config.resources.WCOSS2[14]export threads_per_task=8
+++++ config.resources.WCOSS2[14]threads_per_task=8
+++++ config.resources.WCOSS2[16][[ enkfgdas = *gdas ]]
+++++ config.resources.WCOSS2[17]ntasks=784
+++++ config.resources.WCOSS2[21]export ntasks_gdas=784
+++++ config.resources.WCOSS2[21]ntasks_gdas=784
+++++ config.resources.WCOSS2[22]export ntasks_gfs=832
+++++ config.resources.WCOSS2[22]ntasks_gfs=832
+++++ config.resources.WCOSS2[23]export tasks_per_node=16
+++++ config.resources.WCOSS2[23]tasks_per_node=16
++++ config.resources[1405]for resource_var in threads_per_task ntasks tasks_per_node NTASKS memory walltime
++++ config.resources[1406]run_resource_var=threads_per_task_enkfgdas
++++ config.resources[1407][[ -n '' ]]
++++ config.resources[1409][[ -n 0 ]]
++++ config.resources[1410]export threads_per_task
++++ config.resources[1405]for resource_var in threads_per_task ntasks tasks_per_node NTASKS memory walltime
++++ config.resources[1406]run_resource_var=ntasks_enkfgdas
++++ config.resources[1407][[ -n '' ]]
++++ config.resources[1409][[ -n 0 ]]
++++ config.resources[1410]export ntasks
++++ config.resources[1405]for resource_var in threads_per_task ntasks tasks_per_node NTASKS memory walltime
++++ config.resources[1406]run_resource_var=tasks_per_node_enkfgdas
++++ config.resources[1407][[ -n '' ]]
++++ config.resources[1409][[ -n 0 ]]
++++ config.resources[1410]export tasks_per_node
++++ config.resources[1405]for resource_var in threads_per_task ntasks tasks_per_node NTASKS memory walltime
++++ config.resources[1406]run_resource_var=NTASKS_enkfgdas
++++ config.resources[1407][[ -n '' ]]
++++ config.resources[1409][[ -n '' ]]
++++ config.resources[1405]for resource_var in threads_per_task ntasks tasks_per_node NTASKS memory walltime
++++ config.resources[1406]run_resource_var=memory_enkfgdas
++++ config.resources[1407][[ -n '' ]]
++++ config.resources[1409][[ -n '' ]]
++++ config.resources[1405]for resource_var in threads_per_task ntasks tasks_per_node NTASKS memory walltime
++++ config.resources[1406]run_resource_var=walltime_enkfgdas
++++ config.resources[1407][[ -n '' ]]
++++ config.resources[1409][[ -n 0 ]]
++++ config.resources[1410]export walltime
++++ config.resources[1414]echo 'END: config.resources'
END: config.resources
+++ config.anal[11][[ YES = \Y\E\S ]]
+++ config.anal[12]source /lfs/h2/emc/global/noscrub/emc.global/RETRO_GFSv17/expdir/retrotestgfs10/config.nsst
++++ config.nsst[6]echo 'BEGIN: config.nsst'
BEGIN: config.nsst
++++ config.nsst[11]export NST_MODEL=2
++++ config.nsst[11]NST_MODEL=2
++++ config.nsst[14][[ NO == \Y\E\S ]]
++++ config.nsst[14][[ NO == \Y\E\S ]]
++++ config.nsst[19]export NST_SPINUP=0
++++ config.nsst[19]NST_SPINUP=0
++++ config.nsst[20]cdate=2024112418
++++ config.nsst[21]((  cdate < 2017072000  ))
++++ config.nsst[26]export NST_RESV=0
++++ config.nsst[26]NST_RESV=0
++++ config.nsst[29]export ZSEA1=0
++++ config.nsst[29]ZSEA1=0
++++ config.nsst[30]export ZSEA2=0
++++ config.nsst[30]ZSEA2=0
++++ config.nsst[32]export NST_GSI=3
++++ config.nsst[32]NST_GSI=3
++++ config.nsst[36]export NSTINFO=0
++++ config.nsst[36]NSTINFO=0
++++ config.nsst[37]((  NST_GSI > 0  ))
++++ config.nsst[37]export NSTINFO=4
++++ config.nsst[37]NSTINFO=4
++++ config.nsst[39]echo 'END: config.nsst'
END: config.nsst
+++ config.anal[15][[ enkfgdas == \g\f\s ]]
+++ config.anal[23][[ 128 = \1\2\8 ]]
+++ config.anal[24]export 'GRIDOPTS=nlayers(63)=1,nlayers(64)=1,'
+++ config.anal[24]GRIDOPTS='nlayers(63)=1,nlayers(64)=1,'
+++ config.anal[25]export SETUP=gpstop=55,nsig_ext=45,
+++ config.anal[25]SETUP=gpstop=55,nsig_ext=45,
+++ config.anal[29]export lobsdiag_forenkf=.false.
+++ config.anal[29]lobsdiag_forenkf=.false.
+++ config.anal[33][[ NO = \Y\E\S ]]
+++ config.anal[38]export GSNDBF=/dev/null
+++ config.anal[38]GSNDBF=/dev/null
+++ config.anal[39]export AMSREBF=/dev/null
+++ config.anal[39]AMSREBF=/dev/null
+++ config.anal[40]export SSMITBF=/dev/null
+++ config.anal[40]SSMITBF=/dev/null
+++ config.anal[41]export AMSR2BF=/dev/null
+++ config.anal[41]AMSR2BF=/dev/null
+++ config.anal[46]export CONVINFO=/lfs/h2/emc/global/noscrub/emc.global/RETRO_GFSv17/git/global-workflow/develop_20250602/fix/gsi/global_convinfo.txt
+++ config.anal[46]CONVINFO=/lfs/h2/emc/global/noscrub/emc.global/RETRO_GFSv17/git/global-workflow/develop_20250602/fix/gsi/global_convinfo.txt
+++ config.anal[47]export OZINFO=/lfs/h2/emc/global/noscrub/emc.global/RETRO_GFSv17/git/global-workflow/develop_20250602/fix/gsi/global_ozinfo.txt
+++ config.anal[47]OZINFO=/lfs/h2/emc/global/noscrub/emc.global/RETRO_GFSv17/git/global-workflow/develop_20250602/fix/gsi/global_ozinfo.txt
+++ config.anal[48]export SATINFO=/lfs/h2/emc/global/noscrub/emc.global/RETRO_GFSv17/git/global-workflow/develop_20250602/fix/gsi/global_satinfo.txt
+++ config.anal[48]SATINFO=/lfs/h2/emc/global/noscrub/emc.global/RETRO_GFSv17/git/global-workflow/develop_20250602/fix/gsi/global_satinfo.txt
+++ config.anal[49]export OBERROR=/lfs/h2/emc/global/noscrub/emc.global/RETRO_GFSv17/git/global-workflow/develop_20250602/fix/gsi/prepobs_errtable.global
+++ config.anal[49]OBERROR=/lfs/h2/emc/global/noscrub/emc.global/RETRO_GFSv17/git/global-workflow/develop_20250602/fix/gsi/prepobs_errtable.global
+++ config.anal[51][[ YES = \Y\E\S ]]
+++ config.anal[52]export hofx_2m_sfcfile=.true.
+++ config.anal[52]hofx_2m_sfcfile=.true.
+++ config.anal[53]export reducedgrid=.false.
+++ config.anal[53]reducedgrid=.false.
+++ config.anal[55]export CONVINFO=/lfs/h2/emc/global/noscrub/emc.global/RETRO_GFSv17/git/global-workflow/develop_20250602/fix/gsi/global_convinfo_2mObs.txt
+++ config.anal[55]CONVINFO=/lfs/h2/emc/global/noscrub/emc.global/RETRO_GFSv17/git/global-workflow/develop_20250602/fix/gsi/global_convinfo_2mObs.txt
+++ config.anal[56]export ANAVINFO=/lfs/h2/emc/global/noscrub/emc.global/RETRO_GFSv17/git/global-workflow/develop_20250602/fix/gsi/global_anavinfo_soilanal.l127.txt
+++ config.anal[56]ANAVINFO=/lfs/h2/emc/global/noscrub/emc.global/RETRO_GFSv17/git/global-workflow/develop_20250602/fix/gsi/global_anavinfo_soilanal.l127.txt
+++ config.anal[60][[ emc == \e\m\c ]]
+++ config.anal[62][[ 2024112418 -ge 2019021900 ]]
+++ config.anal[62][[ 2024112418 -lt 2019110706 ]]
+++ config.anal[68][[ 2024112418 -ge 2019110706 ]]
+++ config.anal[68][[ 2024112418 -lt 2020040718 ]]
+++ config.anal[74][[ 2024112418 -ge 2020040718 ]]
+++ config.anal[74][[ 2024112418 -lt 2020052612 ]]
+++ config.anal[80][[ 2024112418 -ge 2020052612 ]]
+++ config.anal[80][[ 2024112418 -lt 2020082412 ]]
+++ config.anal[86][[ 2024112418 -ge 2020082412 ]]
+++ config.anal[86][[ 2024112418 -lt 2020091612 ]]
+++ config.anal[91][[ 2024112418 -ge 2020091612 ]]
+++ config.anal[91][[ 2024112418 -lt 2021031712 ]]
+++ config.anal[96][[ 2024112418 -ge 2021031712 ]]
+++ config.anal[96][[ 2024112418 -lt 2021091612 ]]
+++ config.anal[110][[ 2024112418 -ge 2020011600 ]]
+++ config.anal[110][[ 2024112418 -lt 2020011806 ]]
+++ config.anal[116][[ 2024112418 -ge 2019021900 ]]
+++ config.anal[116][[ 2024112418 -lt 2019110706 ]]
+++ config.anal[121][[ 2024112418 -ge 2019110706 ]]
+++ config.anal[121][[ 2024112418 -lt 2020022012 ]]
+++ config.anal[126][[ 2024112418 -ge 2020022012 ]]
+++ config.anal[126][[ 2024112418 -lt 2021052118 ]]
+++ config.anal[131][[ 2024112418 -ge 2021052118 ]]
+++ config.anal[131][[ 2024112418 -lt 2021092206 ]]
+++ config.anal[136][[ 2024112418 -ge 2021092206 ]]
+++ config.anal[136][[ 2024112418 -lt 2021102612 ]]
+++ config.anal[153]export AIRS_CADS=.false.
+++ config.anal[153]AIRS_CADS=.false.
+++ config.anal[154]export CRIS_CADS=.false.
+++ config.anal[154]CRIS_CADS=.false.
+++ config.anal[155]export IASI_CADS=.false.
+++ config.anal[155]IASI_CADS=.false.
+++ config.anal[157]echo 'END: config.anal'
END: config.anal
++ jjob_header.sh[106]true
++ jjob_header.sh[107]export err=0
++ jjob_header.sh[107]err=0
++ jjob_header.sh[108][[ 0 -ne 0 ]]
++ jjob_header.sh[105]for config in "${configs[@]:-''}"
++ jjob_header.sh[106]source /lfs/h2/emc/global/noscrub/emc.global/RETRO_GFSv17/expdir/retrotestgfs10/config.eupd
+++ config.eupd[6]echo 'BEGIN: config.eupd'
BEGIN: config.eupd
+++ config.eupd[9]source /lfs/h2/emc/global/noscrub/emc.global/RETRO_GFSv17/expdir/retrotestgfs10/config.resources eupd
++++ config.resources[10]((  1 != 1  ))
++++ config.resources[34]step=eupd
++++ config.resources[36]echo 'BEGIN: config.resources'
BEGIN: config.resources
++++ config.resources[38]case ${machine} in
++++ config.resources[40]max_tasks_per_node=128
++++ config.resources[43]mem_node_max=500GB
++++ config.resources[106]export max_tasks_per_node
++++ config.resources[108]case ${step} in
++++ config.resources[1270]walltime=00:45:00
++++ config.resources[1271]case "${CASE}" in
++++ config.resources[1273]ntasks=480
++++ config.resources[1274]threads_per_task=6
++++ config.resources[1289]tasks_per_node=21
++++ config.resources[1290]export is_exclusive=True
++++ config.resources[1290]is_exclusive=True
++++ config.resources[1400][[ -f /lfs/h2/emc/global/noscrub/emc.global/RETRO_GFSv17/expdir/retrotestgfs10/config.resources.WCOSS2 ]]
++++ config.resources[1401]source /lfs/h2/emc/global/noscrub/emc.global/RETRO_GFSv17/expdir/retrotestgfs10/config.resources.WCOSS2
+++++ config.resources.WCOSS2[5]case ${step} in
+++++ config.resources.WCOSS2[45]case "${CASE}" in
+++++ config.resources.WCOSS2[47]export ntasks=315
+++++ config.resources.WCOSS2[47]ntasks=315
+++++ config.resources.WCOSS2[48]export threads_per_task=14
+++++ config.resources.WCOSS2[48]threads_per_task=14
+++++ config.resources.WCOSS2[53]export tasks_per_node=9
+++++ config.resources.WCOSS2[53]tasks_per_node=9
++++ config.resources[1405]for resource_var in threads_per_task ntasks tasks_per_node NTASKS memory walltime
++++ config.resources[1406]run_resource_var=threads_per_task_enkfgdas
++++ config.resources[1407][[ -n '' ]]
++++ config.resources[1409][[ -n 0 ]]
++++ config.resources[1410]export threads_per_task
++++ config.resources[1405]for resource_var in threads_per_task ntasks tasks_per_node NTASKS memory walltime
++++ config.resources[1406]run_resource_var=ntasks_enkfgdas
++++ config.resources[1407][[ -n '' ]]
++++ config.resources[1409][[ -n 0 ]]
++++ config.resources[1410]export ntasks
++++ config.resources[1405]for resource_var in threads_per_task ntasks tasks_per_node NTASKS memory walltime
++++ config.resources[1406]run_resource_var=tasks_per_node_enkfgdas
++++ config.resources[1407][[ -n '' ]]
++++ config.resources[1409][[ -n 0 ]]
++++ config.resources[1410]export tasks_per_node
++++ config.resources[1405]for resource_var in threads_per_task ntasks tasks_per_node NTASKS memory walltime
++++ config.resources[1406]run_resource_var=NTASKS_enkfgdas
++++ config.resources[1407][[ -n '' ]]
++++ config.resources[1409][[ -n '' ]]
++++ config.resources[1405]for resource_var in threads_per_task ntasks tasks_per_node NTASKS memory walltime
++++ config.resources[1406]run_resource_var=memory_enkfgdas
++++ config.resources[1407][[ -n '' ]]
++++ config.resources[1409][[ -n '' ]]
++++ config.resources[1405]for resource_var in threads_per_task ntasks tasks_per_node NTASKS memory walltime
++++ config.resources[1406]run_resource_var=walltime_enkfgdas
++++ config.resources[1407][[ -n '' ]]
++++ config.resources[1409][[ -n 0 ]]
++++ config.resources[1410]export walltime
++++ config.resources[1414]echo 'END: config.resources'
END: config.resources
+++ config.eupd[11]export ntasks_enkf=315
+++ config.eupd[11]ntasks_enkf=315
+++ config.eupd[17]export modelspace_vloc=.true.
+++ config.eupd[17]modelspace_vloc=.true.
+++ config.eupd[18]export letkf_flag=.true.
+++ config.eupd[18]letkf_flag=.true.
+++ config.eupd[19]export getkf=.true.
+++ config.eupd[19]getkf=.true.
+++ config.eupd[20]export denkf=.true.
+++ config.eupd[20]denkf=.true.
+++ config.eupd[21]export nobsl_max=10000
+++ config.eupd[21]nobsl_max=10000
+++ config.eupd[23]export analpertwt=0.85
+++ config.eupd[23]analpertwt=0.85
+++ config.eupd[24]export readin_localization_enkf=.false.
+++ config.eupd[24]readin_localization_enkf=.false.
+++ config.eupd[26]export corrlength=1250
+++ config.eupd[26]corrlength=1250
+++ config.eupd[27]export lnsigcutoff=2.75
+++ config.eupd[27]lnsigcutoff=2.75
+++ config.eupd[29]export lobsdiag_forenkf=.true.
+++ config.eupd[29]lobsdiag_forenkf=.true.
+++ config.eupd[31]export taperanalperts=.true.
+++ config.eupd[31]taperanalperts=.true.
+++ config.eupd[32]export NAM_ENKF=smoothparm=35,
+++ config.eupd[32]NAM_ENKF=smoothparm=35,
+++ config.eupd[34]echo 'END: config.eupd'
END: config.eupd
++ jjob_header.sh[106]true
++ jjob_header.sh[107]export err=0
++ jjob_header.sh[107]err=0
++ jjob_header.sh[108][[ 0 -ne 0 ]]
++ jjob_header.sh[117]source /lfs/h2/emc/global/noscrub/emc.global/RETRO_GFSv17/git/global-workflow/develop_20250602/env/WCOSS2.env eupd
+++ WCOSS2.env[3][[ 1 -ne 1 ]]
+++ WCOSS2.env[10]step=eupd
+++ WCOSS2.env[13]export 'launcher=mpiexec -l'
+++ WCOSS2.env[13]launcher='mpiexec -l'
+++ WCOSS2.env[14]export 'mpmd_opt=--cpu-bind verbose,core cfp'
+++ WCOSS2.env[14]mpmd_opt='--cpu-bind verbose,core cfp'
+++ WCOSS2.env[18][[ -n 315 ]]
+++ WCOSS2.env[18][[ -n 128 ]]
+++ WCOSS2.env[18][[ -n 9 ]]
+++ WCOSS2.env[19]max_threads_per_task=14
+++ WCOSS2.env[20]NTHREADSmax=14
+++ WCOSS2.env[21]NTHREADS1=14
+++ WCOSS2.env[22][[ 14 -gt 14 ]]
+++ WCOSS2.env[25][[ 14 -gt 14 ]]
+++ WCOSS2.env[28]APRUN_default='mpiexec -l -n 315'
+++ WCOSS2.env[34][[ eupd = \p\r\e\p ]]
+++ WCOSS2.env[34][[ eupd = \p\r\e\p\b\u\f\r ]]
+++ WCOSS2.env[41][[ eupd = \p\r\e\p\_\e\m\i\s\s\i\o\n\s ]]
+++ WCOSS2.env[45][[ eupd = \w\a\v\e\i\n\i\t ]]
+++ WCOSS2.env[45][[ eupd = \w\a\v\e\p\r\e\p ]]
+++ WCOSS2.env[45][[ eupd = \w\a\v\e\p\o\s\t\s\b\s ]]
+++ WCOSS2.env[45][[ eupd = \w\a\v\e\p\o\s\t\b\n\d\p\n\t ]]
+++ WCOSS2.env[45][[ eupd = \w\a\v\e\p\o\s\t\b\n\d\p\n\t\b\l\l ]]
+++ WCOSS2.env[45][[ eupd = \w\a\v\e\p\o\s\t\p\n\t ]]
+++ WCOSS2.env[51][[ eupd = \a\t\m\a\n\l\v\a\r ]]
+++ WCOSS2.env[56][[ eupd = \a\t\m\e\n\s\a\n\l\o\b\s ]]
+++ WCOSS2.env[61][[ eupd = \a\t\m\e\n\s\a\n\l\s\o\l ]]
+++ WCOSS2.env[66][[ eupd = \a\t\m\e\n\s\a\n\l\l\e\t\k\f ]]
+++ WCOSS2.env[71][[ eupd = \a\t\m\e\n\s\a\n\l\f\v\3\i\n\c ]]
+++ WCOSS2.env[76][[ eupd = \a\e\r\o\a\n\l\v\a\r ]]
+++ WCOSS2.env[83][[ eupd = \a\e\r\o\a\n\l\g\e\n\b ]]
+++ WCOSS2.env[88][[ eupd = \p\r\e\p\o\b\s\a\e\r\o ]]
+++ WCOSS2.env[93][[ eupd = \s\n\o\w\a\n\l ]]
+++ WCOSS2.env[102][[ eupd = \e\s\n\o\w\a\n\l ]]
+++ WCOSS2.env[111][[ eupd = \m\a\r\i\n\e\b\m\a\t ]]
+++ WCOSS2.env[116][[ eupd = \m\a\r\i\n\e\a\n\l\v\a\r ]]
+++ WCOSS2.env[121][[ eupd = \m\a\r\i\n\e\a\n\l\c\h\k\p\t ]]
+++ WCOSS2.env[129][[ eupd = \o\c\n\a\n\a\l\e\c\e\n ]]
+++ WCOSS2.env[134][[ eupd = \m\a\r\i\n\e\a\n\l\l\e\t\k\f ]]
+++ WCOSS2.env[139][[ eupd = \a\t\m\a\n\l\f\v\3\i\n\c ]]
+++ WCOSS2.env[144][[ eupd = \a\n\l\s\t\a\t ]]
+++ WCOSS2.env[149][[ eupd = \e\c\e\n\_\f\v\3\j\e\d\i ]]
+++ WCOSS2.env[155][[ eupd = \a\n\a\l\c\a\l\c\_\f\v\3\j\e\d\i ]]
+++ WCOSS2.env[160][[ eupd = \a\n\a\l ]]
+++ WCOSS2.env[160][[ eupd = \a\n\a\l\c\a\l\c ]]
+++ WCOSS2.env[200][[ eupd = \s\f\c\a\n\l ]]
+++ WCOSS2.env[212][[ eupd = \e\o\b\s ]]
+++ WCOSS2.env[225][[ eupd = \e\u\p\d ]]
+++ WCOSS2.env[227]export OMP_PLACES=cores
+++ WCOSS2.env[227]OMP_PLACES=cores
+++ WCOSS2.env[228]export OMP_STACKSIZE=2G
+++ WCOSS2.env[228]OMP_STACKSIZE=2G
+++ WCOSS2.env[234]export FI_OFI_RXM_SAR_LIMIT=3145728
+++ WCOSS2.env[234]FI_OFI_RXM_SAR_LIMIT=3145728
+++ WCOSS2.env[236]export NTHREADS_ENKF=14
+++ WCOSS2.env[236]NTHREADS_ENKF=14
+++ WCOSS2.env[237]export 'APRUN_ENKF=mpiexec -l -n 315 -ppn 9 --cpu-bind depth --depth 14'
+++ WCOSS2.env[237]APRUN_ENKF='mpiexec -l -n 315 -ppn 9 --cpu-bind depth --depth 14'
+++ WCOSS2.env[239]export CFP_MP=NO
+++ WCOSS2.env[239]CFP_MP=NO
+++ WCOSS2.env[240]export USE_CFP=YES
+++ WCOSS2.env[240]USE_CFP=YES
+++ WCOSS2.env[241]export 'APRUNCFP=mpiexec -l -np $ncmd --cpu-bind verbose,core cfp'
+++ WCOSS2.env[241]APRUNCFP='mpiexec -l -np $ncmd --cpu-bind verbose,core cfp'
++ jjob_header.sh[117]true
++ jjob_header.sh[118]export err=0
++ jjob_header.sh[118]err=0
++ jjob_header.sh[119][[ 0 -ne 0 ]]
++ JGDAS_ENKF_UPDATE[16]/apps/ops/prod/nco/core/prod_util.v2.0.9/exec/ndate -6 2024112418
+ JGDAS_ENKF_UPDATE[16]GDATE=2024112412
+ JGDAS_ENKF_UPDATE[18]export gPDY=20241124
+ JGDAS_ENKF_UPDATE[18]gPDY=20241124
+ JGDAS_ENKF_UPDATE[19]export gcyc=12
+ JGDAS_ENKF_UPDATE[19]gcyc=12
+ JGDAS_ENKF_UPDATE[20]export GDUMP=gdas
+ JGDAS_ENKF_UPDATE[20]GDUMP=gdas
+ JGDAS_ENKF_UPDATE[21]export GDUMP_ENS=enkfgdas
+ JGDAS_ENKF_UPDATE[21]GDUMP_ENS=enkfgdas
+ JGDAS_ENKF_UPDATE[23]export APREFIX=enkfgdas.t18z.
+ JGDAS_ENKF_UPDATE[23]APREFIX=enkfgdas.t18z.
+ JGDAS_ENKF_UPDATE[24]export GPREFIX=enkfgdas.t12z.
+ JGDAS_ENKF_UPDATE[24]GPREFIX=enkfgdas.t12z.
+ JGDAS_ENKF_UPDATE[26]MEMDIR=ensstat
+ JGDAS_ENKF_UPDATE[26]YMD=20241124
+ JGDAS_ENKF_UPDATE[26]HH=18
+ JGDAS_ENKF_UPDATE[26]declare_from_tmpl -rx COMIN_ATMOS_ANALYSIS_STAT:COM_ATMOS_ANALYSIS_TMPL
+ bash_utils.sh[39][[ NO == \N\O ]]
+ bash_utils.sh[39]set +x
declare_from_tmpl :: COMIN_ATMOS_ANALYSIS_STAT=/lfs/h2/emc/ptmp/emc.global/RETRO_GFSv17/comroot/retrotestgfs10/enkfgdas.20241124/18/ensstat/analysis/atmos
+ JGDAS_ENKF_UPDATE[29]MEMDIR=ensstat
+ JGDAS_ENKF_UPDATE[29]YMD=20241124
+ JGDAS_ENKF_UPDATE[29]HH=18
+ JGDAS_ENKF_UPDATE[29]declare_from_tmpl -rx COMOUT_ATMOS_ANALYSIS_STAT:COM_ATMOS_ANALYSIS_TMPL
+ bash_utils.sh[39][[ NO == \N\O ]]
+ bash_utils.sh[39]set +x
declare_from_tmpl :: COMOUT_ATMOS_ANALYSIS_STAT=/lfs/h2/emc/ptmp/emc.global/RETRO_GFSv17/comroot/retrotestgfs10/enkfgdas.20241124/18/ensstat/analysis/atmos
+ JGDAS_ENKF_UPDATE[32]MEMDIR=ensstat
+ JGDAS_ENKF_UPDATE[32]RUN=enkfgdas
+ JGDAS_ENKF_UPDATE[32]YMD=20241124
+ JGDAS_ENKF_UPDATE[32]HH=12
+ JGDAS_ENKF_UPDATE[32]declare_from_tmpl -rx COMIN_ATMOS_HISTORY_STAT_PREV:COM_ATMOS_HISTORY_TMPL
+ bash_utils.sh[39][[ NO == \N\O ]]
+ bash_utils.sh[39]set +x
declare_from_tmpl :: COMIN_ATMOS_HISTORY_STAT_PREV=/lfs/h2/emc/ptmp/emc.global/RETRO_GFSv17/comroot/retrotestgfs10/enkfgdas.20241124/12/ensstat/model/atmos/history
+ JGDAS_ENKF_UPDATE[39]/lfs/h2/emc/global/noscrub/emc.global/RETRO_GFSv17/git/global-workflow/develop_20250602/scripts/exgdas_enkf_update.sh
+ bash[8]'[' -z '' ']'
+ bash[9]case "$-" in
+ bash[12]__lmod_vx=x
+ bash[16]'[' -n x ']'
+ bash[16]set +x
Shell debugging temporarily silenced: export LMOD_SH_DBG_ON=1 for this output (/usr/share/lmod/lmod/init/bash)
Shell debugging restarted
+ bash[169]unset __lmod_vx
++ exgdas_enkf_update.sh[21]pwd
+ exgdas_enkf_update.sh[21]pwd=/lfs/h2/emc/stmp/emc.global/RUNDIRS/retrotestgfs10/enkfgdas.2024112418/eupd.862385
+ exgdas_enkf_update.sh[24]NCLEN=/lfs/h2/emc/global/noscrub/emc.global/RETRO_GFSv17/git/global-workflow/develop_20250602/ush/getncdimlen
+ exgdas_enkf_update.sh[25]USE_CFP=YES
+ exgdas_enkf_update.sh[26]CFP_MP=NO
+ exgdas_enkf_update.sh[27]nm=
+ exgdas_enkf_update.sh[28][[ NO == \Y\E\S ]]
+ exgdas_enkf_update.sh[31]APRUNCFP='mpiexec -l -np $ncmd --cpu-bind verbose,core cfp'
+ exgdas_enkf_update.sh[32]APRUN_ENKF='mpiexec -l -n 315 -ppn 9 --cpu-bind depth --depth 14'
+ exgdas_enkf_update.sh[33]NTHREADS_ENKF=14
+ exgdas_enkf_update.sh[36]ENKFEXEC=/lfs/h2/emc/global/noscrub/emc.global/RETRO_GFSv17/git/global-workflow/develop_20250602/exec/enkf.x
+ exgdas_enkf_update.sh[39]CDATE=2024112418
+ exgdas_enkf_update.sh[42]GPREFIX=enkfgdas.t12z.
+ exgdas_enkf_update.sh[43]APREFIX=enkfgdas.t18z.
+ exgdas_enkf_update.sh[45]SMOOTH_ENKF=NO
+ exgdas_enkf_update.sh[47]GBIASe=enkfgdas.t18z.abias_int.ensmean
+ exgdas_enkf_update.sh[48]CNVSTAT=enkfgdas.t18z.cnvstat
+ exgdas_enkf_update.sh[49]OZNSTAT=enkfgdas.t18z.oznstat
+ exgdas_enkf_update.sh[50]RADSTAT=enkfgdas.t18z.radstat
+ exgdas_enkf_update.sh[51]ENKFSTAT=enkfgdas.t18z.enkfstat
+ exgdas_enkf_update.sh[54]USE_CORRELATED_OBERRS=NO
+ exgdas_enkf_update.sh[55]NAM_ENKF=smoothparm=35,
+ exgdas_enkf_update.sh[56]SATOBS_ENKF=
+ exgdas_enkf_update.sh[57]OZOBS_ENKF=
+ exgdas_enkf_update.sh[58]use_correlated_oberrs=.false.
+ exgdas_enkf_update.sh[59][[ NO == \Y\E\S ]]
+ exgdas_enkf_update.sh[62]imp_physics=8
+ exgdas_enkf_update.sh[63]lupp=.true.
+ exgdas_enkf_update.sh[64]corrlength=1250
+ exgdas_enkf_update.sh[65]lnsigcutoff=2.75
+ exgdas_enkf_update.sh[66]analpertwt=0.85
+ exgdas_enkf_update.sh[67]readin_localization_enkf=.false.
+ exgdas_enkf_update.sh[68]reducedgrid=.false.
+ exgdas_enkf_update.sh[69]letkf_flag=.true.
+ exgdas_enkf_update.sh[70]getkf=.true.
+ exgdas_enkf_update.sh[71]denkf=.true.
+ exgdas_enkf_update.sh[72]nobsl_max=10000
+ exgdas_enkf_update.sh[73]write_spread_diag=.false.
+ exgdas_enkf_update.sh[74]cnvw_option=.false.
+ exgdas_enkf_update.sh[75]netcdf_diag=.true.
+ exgdas_enkf_update.sh[76]modelspace_vloc=.true.
+ exgdas_enkf_update.sh[77]taperanalperts=.true.
+ exgdas_enkf_update.sh[78]IAUFHRS_ENKF=3,6,9
+ exgdas_enkf_update.sh[79]NMEM_ENS_MAX=80
+ exgdas_enkf_update.sh[80][[ enkfgdas == \e\n\k\f\g\f\s ]]
+ exgdas_enkf_update.sh[86]DO_CALC_INCREMENT=NO
+ exgdas_enkf_update.sh[87]NMEM_ENS=80
+ exgdas_enkf_update.sh[88]mem_offset=0
+ exgdas_enkf_update.sh[90]INCREMENTS_TO_ZERO=''\''liq_wat_inc'\'','\''icmr_inc'\'','\''rwmr_inc'\'','\''snmr_inc'\'','\''grle_inc'\'''
+ exgdas_enkf_update.sh[91]DO_GSISOILDA=YES
+ exgdas_enkf_update.sh[92]hofx_2m_sfcfile=.true.
+ exgdas_enkf_update.sh[96]ATMGES_ENSMEAN=/lfs/h2/emc/ptmp/emc.global/RETRO_GFSv17/comroot/retrotestgfs10/enkfgdas.20241124/12/ensstat/model/atmos/history/enkfgdas.t12z.atmf006.ensmean.nc
++ exgdas_enkf_update.sh[97]/lfs/h2/emc/global/noscrub/emc.global/RETRO_GFSv17/git/global-workflow/develop_20250602/ush/getncdimlen /lfs/h2/emc/ptmp/emc.global/RETRO_GFSv17/comroot/retrotestgfs10/enkfgdas.20241124/12/ensstat/model/atmos/history/enkfgdas.t12z.atmf006.ensmean.nc grid_xt
+ exgdas_enkf_update.sh[97]LONB_ENKF=1536
++ exgdas_enkf_update.sh[98]/lfs/h2/emc/global/noscrub/emc.global/RETRO_GFSv17/git/global-workflow/develop_20250602/ush/getncdimlen /lfs/h2/emc/ptmp/emc.global/RETRO_GFSv17/comroot/retrotestgfs10/enkfgdas.20241124/12/ensstat/model/atmos/history/enkfgdas.t12z.atmf006.ensmean.nc grid_yt
+ exgdas_enkf_update.sh[98]LATB_ENKF=768
++ exgdas_enkf_update.sh[99]/lfs/h2/emc/global/noscrub/emc.global/RETRO_GFSv17/git/global-workflow/develop_20250602/ush/getncdimlen /lfs/h2/emc/ptmp/emc.global/RETRO_GFSv17/comroot/retrotestgfs10/enkfgdas.20241124/12/ensstat/model/atmos/history/enkfgdas.t12z.atmf006.ensmean.nc pfull
+ exgdas_enkf_update.sh[99]LEVS_ENKF=127
+ exgdas_enkf_update.sh[100]use_gfs_ncio=.true.
+ exgdas_enkf_update.sh[101]use_gfs_nemsio=.false.
+ exgdas_enkf_update.sh[102]paranc=.true.
+ exgdas_enkf_update.sh[103]WRITE_INCR_ZERO='incvars_to_zero= '\''liq_wat_inc'\'','\''icmr_inc'\'','\''rwmr_inc'\'','\''snmr_inc'\'','\''grle_inc'\'','
+ exgdas_enkf_update.sh[104][[ NO == \Y\E\S ]]
+ exgdas_enkf_update.sh[107]write_fv3_incr=.true.
+ exgdas_enkf_update.sh[109]LATA_ENKF=768
+ exgdas_enkf_update.sh[110]LONA_ENKF=1536
+ exgdas_enkf_update.sh[111]SATANGL=/lfs/h2/emc/global/noscrub/emc.global/RETRO_GFSv17/git/global-workflow/develop_20250602/fix/gsi/global_satangbias.txt
+ exgdas_enkf_update.sh[112]SATINFO=/lfs/h2/emc/global/noscrub/emc.global/RETRO_GFSv17/git/global-workflow/develop_20250602/fix/gsi/global_satinfo.txt
+ exgdas_enkf_update.sh[113]CONVINFO=/lfs/h2/emc/global/noscrub/emc.global/RETRO_GFSv17/git/global-workflow/develop_20250602/fix/gsi/global_convinfo_2mObs.txt
+ exgdas_enkf_update.sh[114]OZINFO=/lfs/h2/emc/global/noscrub/emc.global/RETRO_GFSv17/git/global-workflow/develop_20250602/fix/gsi/global_ozinfo.txt
+ exgdas_enkf_update.sh[115]SCANINFO=/lfs/h2/emc/global/noscrub/emc.global/RETRO_GFSv17/git/global-workflow/develop_20250602/fix/gsi/global_scaninfo.txt
+ exgdas_enkf_update.sh[116]HYBENSINFO=/lfs/h2/emc/global/noscrub/emc.global/RETRO_GFSv17/git/global-workflow/develop_20250602/fix/gsi/global_hybens_info.l127.txt
+ exgdas_enkf_update.sh[117]ANAVINFO=/lfs/h2/emc/global/noscrub/emc.global/RETRO_GFSv17/git/global-workflow/develop_20250602/fix/gsi/global_anavinfo_soilanal.l127.txt
+ exgdas_enkf_update.sh[118]VLOCALEIG=/lfs/h2/emc/global/noscrub/emc.global/RETRO_GFSv17/git/global-workflow/develop_20250602/fix/gsi/vlocal_eig_l127.dat
+ exgdas_enkf_update.sh[119]ENKF_SUFFIX=s
+ exgdas_enkf_update.sh[120][[ NO == \N\O ]]
+ exgdas_enkf_update.sh[121]ENKF_SUFFIX=
+ exgdas_enkf_update.sh[126]/bin/ln -sf /lfs/h2/emc/global/noscrub/emc.global/RETRO_GFSv17/git/global-workflow/develop_20250602/fix/gsi/global_satangbias.txt satbias_angle
+ exgdas_enkf_update.sh[127]/bin/ln -sf /lfs/h2/emc/global/noscrub/emc.global/RETRO_GFSv17/git/global-workflow/develop_20250602/fix/gsi/global_satinfo.txt satinfo
+ exgdas_enkf_update.sh[128]/bin/ln -sf /lfs/h2/emc/global/noscrub/emc.global/RETRO_GFSv17/git/global-workflow/develop_20250602/fix/gsi/global_scaninfo.txt scaninfo
+ exgdas_enkf_update.sh[129]/bin/ln -sf /lfs/h2/emc/global/noscrub/emc.global/RETRO_GFSv17/git/global-workflow/develop_20250602/fix/gsi/global_convinfo_2mObs.txt convinfo
+ exgdas_enkf_update.sh[130]/bin/ln -sf /lfs/h2/emc/global/noscrub/emc.global/RETRO_GFSv17/git/global-workflow/develop_20250602/fix/gsi/global_ozinfo.txt ozinfo
+ exgdas_enkf_update.sh[131]/bin/ln -sf /lfs/h2/emc/global/noscrub/emc.global/RETRO_GFSv17/git/global-workflow/develop_20250602/fix/gsi/global_hybens_info.l127.txt hybens_info
+ exgdas_enkf_update.sh[132]/bin/ln -sf /lfs/h2/emc/global/noscrub/emc.global/RETRO_GFSv17/git/global-workflow/develop_20250602/fix/gsi/global_anavinfo_soilanal.l127.txt anavinfo
+ exgdas_enkf_update.sh[133]/bin/ln -sf /lfs/h2/emc/global/noscrub/emc.global/RETRO_GFSv17/git/global-workflow/develop_20250602/fix/gsi/vlocal_eig_l127.dat vlocal_eig.dat
+ exgdas_enkf_update.sh[136]/bin/ln -sf /lfs/h2/emc/ptmp/emc.global/RETRO_GFSv17/comroot/retrotestgfs10/enkfgdas.20241124/18/ensstat/analysis/atmos/enkfgdas.t18z.abias_int.ensmean satbias_in
+ exgdas_enkf_update.sh[140][[ YES == \Y\E\S ]]
+ exgdas_enkf_update.sh[141]rm -f /lfs/h2/emc/stmp/emc.global/RUNDIRS/retrotestgfs10/enkfgdas.2024112418/eupd.862385/untar.sh /lfs/h2/emc/stmp/emc.global/RUNDIRS/retrotestgfs10/enkfgdas.2024112418/eupd.862385/mp_untar.sh
+ exgdas_enkf_update.sh[142]cat
+ exgdas_enkf_update.sh[156]chmod 755 /lfs/h2/emc/stmp/emc.global/RUNDIRS/retrotestgfs10/enkfgdas.2024112418/eupd.862385/untar.sh
+ exgdas_enkf_update.sh[162]flist='enkfgdas.t18z.cnvstat enkfgdas.t18z.oznstat enkfgdas.t18z.radstat'
+ exgdas_enkf_update.sh[163][[ YES == \Y\E\S ]]
+ exgdas_enkf_update.sh[164]echo ' /lfs/h2/emc/stmp/emc.global/RUNDIRS/retrotestgfs10/enkfgdas.2024112418/eupd.862385/untar.sh ensmean /lfs/h2/emc/ptmp/emc.global/RETRO_GFSv17/comroot/retrotestgfs10/enkfgdas.20241124/18/ensstat/analysis/atmos'
+ exgdas_enkf_update.sh[164]tee -a /lfs/h2/emc/stmp/emc.global/RUNDIRS/retrotestgfs10/enkfgdas.2024112418/eupd.862385/mp_untar.sh
 /lfs/h2/emc/stmp/emc.global/RUNDIRS/retrotestgfs10/enkfgdas.2024112418/eupd.862385/untar.sh ensmean /lfs/h2/emc/ptmp/emc.global/RETRO_GFSv17/comroot/retrotestgfs10/enkfgdas.20241124/18/ensstat/analysis/atmos
+ exgdas_enkf_update.sh[165][[ NO == \Y\E\S ]]
++ exgdas_enkf_update.sh[174]echo 3,6,9
++ exgdas_enkf_update.sh[174]sed 's/,/ /g'
+ exgdas_enkf_update.sh[174]nfhrs='3 6 9'
++ exgdas_enkf_update.sh[175]seq 1 80
+ exgdas_enkf_update.sh[175]for imem in $(seq 1 ${NMEM_ENS})
+ exgdas_enkf_update.sh[176]smem=1
+ exgdas_enkf_update.sh[177]((  smem > NMEM_ENS_MAX  ))
++ exgdas_enkf_update.sh[180]printf %03i 1
+ exgdas_enkf_update.sh[180]gmemchar=mem001
++ exgdas_enkf_update.sh[181]printf %03i 1
+ exgdas_enkf_update.sh[181]memchar=mem001
+ exgdas_enkf_update.sh[183]MEMDIR=mem001
+ exgdas_enkf_update.sh[183]RUN=enkfgdas
+ exgdas_enkf_update.sh[183]YMD=20241124
+ exgdas_enkf_update.sh[183]HH=12
+ exgdas_enkf_update.sh[183]declare_from_tmpl -x COMIN_ATMOS_HISTORY_MEM_PREV:COM_ATMOS_HISTORY_TMPL
+ environment[0][[ NO == \N\O ]]
+ environment[1]set +x
declare_from_tmpl :: COMIN_ATMOS_HISTORY_MEM_PREV=/lfs/h2/emc/ptmp/emc.global/RETRO_GFSv17/comroot/retrotestgfs10/enkfgdas.20241124/12/mem001/model/atmos/history
+ exgdas_enkf_update.sh[186]MEMDIR=mem001
+ exgdas_enkf_update.sh[186]YMD=20241124
+ exgdas_enkf_update.sh[186]HH=18
+ exgdas_enkf_update.sh[186]declare_from_tmpl -x COMOUT_ATMOS_ANALYSIS_MEM:COM_ATMOS_ANALYSIS_TMPL
+ environment[0][[ NO == \N\O ]]
+ environment[1]set +x
declare_from_tmpl :: COMOUT_ATMOS_ANALYSIS_MEM=/lfs/h2/emc/ptmp/emc.global/RETRO_GFSv17/comroot/retrotestgfs10/enkfgdas.20241124/18/mem001/analysis/atmos
+ exgdas_enkf_update.sh[189]mkdir -p /lfs/h2/emc/ptmp/emc.global/RETRO_GFSv17/comroot/retrotestgfs10/enkfgdas.20241124/18/mem001/analysis/atmos
+ exgdas_enkf_update.sh[191]for FHR in ${nfhrs}
+ exgdas_enkf_update.sh[192]/bin/ln -sf /lfs/h2/emc/ptmp/emc.global/RETRO_GFSv17/comroot/retrotestgfs10/enkfgdas.20241124/12/mem001/model/atmos/history/enkfgdas.t12z.atmf003.nc sfg_2024112418_fhr03_mem001
+ exgdas_enkf_update.sh[194][[ .true. == \.\t\r\u\e\. ]]
+ exgdas_enkf_update.sh[195]/bin/ln -sf /lfs/h2/emc/ptmp/emc.global/RETRO_GFSv17/comroot/retrotestgfs10/enkfgdas.20241124/12/mem001/model/atmos/history/enkfgdas.t12z.sfcf003.nc bfg_2024112418_fhr03_mem001
+ exgdas_enkf_update.sh[198][[ .false. == \.\t\r\u\e\. ]]
+ exgdas_enkf_update.sh[202][[ 3 -eq 6 ]]
+ exgdas_enkf_update.sh[211][[ NO == \Y\E\S ]]
+ exgdas_enkf_update.sh[215]/bin/ln -sf /lfs/h2/emc/ptmp/emc.global/RETRO_GFSv17/comroot/retrotestgfs10/enkfgdas.20241124/18/mem001/analysis/atmos/enkfgdas.t18z.atmi003.nc incr_2024112418_fhr03_mem001
+ exgdas_enkf_update.sh[219][[ YES == \Y\E\S ]]
+ exgdas_enkf_update.sh[220]/bin/ln -sf /lfs/h2/emc/ptmp/emc.global/RETRO_GFSv17/comroot/retrotestgfs10/enkfgdas.20241124/18/mem001/analysis/atmos/enkfgdas.t18z.sfci003.nc sfcincr_2024112418_fhr03_mem001
+ exgdas_enkf_update.sh[191]for FHR in ${nfhrs}
+ exgdas_enkf_update.sh[192]/bin/ln -sf /lfs/h2/emc/ptmp/emc.global/RETRO_GFSv17/comroot/retrotestgfs10/enkfgdas.20241124/12/mem001/model/atmos/history/enkfgdas.t12z.atmf006.nc sfg_2024112418_fhr06_mem001
+ exgdas_enkf_update.sh[194][[ .true. == \.\t\r\u\e\. ]]
+ exgdas_enkf_update.sh[195]/bin/ln -sf /lfs/h2/emc/ptmp/emc.global/RETRO_GFSv17/comroot/retrotestgfs10/enkfgdas.20241124/12/mem001/model/atmos/history/enkfgdas.t12z.sfcf006.nc bfg_2024112418_fhr06_mem001
+ exgdas_enkf_update.sh[198][[ .false. == \.\t\r\u\e\. ]]
+ exgdas_enkf_update.sh[202][[ 6 -eq 6 ]]
+ exgdas_enkf_update.sh[203][[ NO == \Y\E\S ]]
+ exgdas_enkf_update.sh[207]/bin/ln -sf /lfs/h2/emc/ptmp/emc.global/RETRO_GFSv17/comroot/retrotestgfs10/enkfgdas.20241124/18/mem001/analysis/atmos/enkfgdas.t18z.atminc.nc incr_2024112418_fhr06_mem001
+ exgdas_enkf_update.sh[219][[ YES == \Y\E\S ]]
+ exgdas_enkf_update.sh[220]/bin/ln -sf /lfs/h2/emc/ptmp/emc.global/RETRO_GFSv17/comroot/retrotestgfs10/enkfgdas.20241124/18/mem001/analysis/atmos/enkfgdas.t18z.sfci006.nc sfcincr_2024112418_fhr06_mem001
+ exgdas_enkf_update.sh[191]for FHR in ${nfhrs}
+ exgdas_enkf_update.sh[192]/bin/ln -sf /lfs/h2/emc/ptmp/emc.global/RETRO_GFSv17/comroot/retrotestgfs10/enkfgdas.20241124/12/mem001/model/atmos/history/enkfgdas.t12z.atmf009.nc sfg_2024112418_fhr09_mem001
+ exgdas_enkf_update.sh[194][[ .true. == \.\t\r\u\e\. ]]
+ exgdas_enkf_update.sh[195]/bin/ln -sf /lfs/h2/emc/ptmp/emc.global/RETRO_GFSv17/comroot/retrotestgfs10/enkfgdas.20241124/12/mem001/model/atmos/history/enkfgdas.t12z.sfcf009.nc bfg_2024112418_fhr09_mem001
+ exgdas_enkf_update.sh[198][[ .false. == \.\t\r\u\e\. ]]
+ exgdas_enkf_update.sh[202][[ 9 -eq 6 ]]
+ exgdas_enkf_update.sh[211][[ NO == \Y\E\S ]]
+ exgdas_enkf_update.sh[215]/bin/ln -sf /lfs/h2/emc/ptmp/emc.global/RETRO_GFSv17/comroot/retrotestgfs10/enkfgdas.20241124/18/mem001/analysis/atmos/enkfgdas.t18z.atmi009.nc incr_2024112418_fhr09_mem001
+ exgdas_enkf_update.sh[219][[ YES == \Y\E\S ]]
+ exgdas_enkf_update.sh[220]/bin/ln -sf /lfs/h2/emc/ptmp/emc.global/RETRO_GFSv17/comroot/retrotestgfs10/enkfgdas.20241124/18/mem001/analysis/atmos/enkfgdas.t18z.sfci009.nc sfcincr_2024112418_fhr09_mem001
+ exgdas_enkf_update.sh[175]for imem in $(seq 1 ${NMEM_ENS})
+ exgdas_enkf_update.sh[176]smem=2
+ exgdas_enkf_update.sh[177]((  smem > NMEM_ENS_MAX  ))
++ exgdas_enkf_update.sh[180]printf %03i 2
+ exgdas_enkf_update.sh[180]gmemchar=mem002
++ exgdas_enkf_update.sh[181]printf %03i 2
+ exgdas_enkf_update.sh[181]memchar=mem002
+ exgdas_enkf_update.sh[183]MEMDIR=mem002
+ exgdas_enkf_update.sh[183]RUN=enkfgdas
+ exgdas_enkf_update.sh[183]YMD=20241124
+ exgdas_enkf_update.sh[183]HH=12
+ exgdas_enkf_update.sh[183]declare_from_tmpl -x COMIN_ATMOS_HISTORY_MEM_PREV:COM_ATMOS_HISTORY_TMPL
+ environment[0][[ NO == \N\O ]]
+ environment[1]set +x
declare_from_tmpl :: COMIN_ATMOS_HISTORY_MEM_PREV=/lfs/h2/emc/ptmp/emc.global/RETRO_GFSv17/comroot/retrotestgfs10/enkfgdas.20241124/12/mem002/model/atmos/history
+ exgdas_enkf_update.sh[186]MEMDIR=mem002
+ exgdas_enkf_update.sh[186]YMD=20241124
+ exgdas_enkf_update.sh[186]HH=18
+ exgdas_enkf_update.sh[186]declare_from_tmpl -x COMOUT_ATMOS_ANALYSIS_MEM:COM_ATMOS_ANALYSIS_TMPL
+ environment[0][[ NO == \N\O ]]
+ environment[1]set +x
declare_from_tmpl :: COMOUT_ATMOS_ANALYSIS_MEM=/lfs/h2/emc/ptmp/emc.global/RETRO_GFSv17/comroot/retrotestgfs10/enkfgdas.20241124/18/mem002/analysis/atmos
+ exgdas_enkf_update.sh[189]mkdir -p /lfs/h2/emc/ptmp/emc.global/RETRO_GFSv17/comroot/retrotestgfs10/enkfgdas.20241124/18/mem002/analysis/atmos
+ exgdas_enkf_update.sh[191]for FHR in ${nfhrs}
+ exgdas_enkf_update.sh[192]/bin/ln -sf /lfs/h2/emc/ptmp/emc.global/RETRO_GFSv17/comroot/retrotestgfs10/enkfgdas.20241124/12/mem002/model/atmos/history/enkfgdas.t12z.atmf003.nc sfg_2024112418_fhr03_mem002
+ exgdas_enkf_update.sh[194][[ .true. == \.\t\r\u\e\. ]]
+ exgdas_enkf_update.sh[195]/bin/ln -sf /lfs/h2/emc/ptmp/emc.global/RETRO_GFSv17/comroot/retrotestgfs10/enkfgdas.20241124/12/mem002/model/atmos/history/enkfgdas.t12z.sfcf003.nc bfg_2024112418_fhr03_mem002
+ exgdas_enkf_update.sh[198][[ .false. == \.\t\r\u\e\. ]]
+ exgdas_enkf_update.sh[202][[ 3 -eq 6 ]]
+ exgdas_enkf_update.sh[211][[ NO == \Y\E\S ]]
+ exgdas_enkf_update.sh[215]/bin/ln -sf /lfs/h2/emc/ptmp/emc.global/RETRO_GFSv17/comroot/retrotestgfs10/enkfgdas.20241124/18/mem002/analysis/atmos/enkfgdas.t18z.atmi003.nc incr_2024112418_fhr03_mem002
+ exgdas_enkf_update.sh[219][[ YES == \Y\E\S ]]
+ exgdas_enkf_update.sh[220]/bin/ln -sf /lfs/h2/emc/ptmp/emc.global/RETRO_GFSv17/comroot/retrotestgfs10/enkfgdas.20241124/18/mem002/analysis/atmos/enkfgdas.t18z.sfci003.nc sfcincr_2024112418_fhr03_mem002
+ exgdas_enkf_update.sh[191]for FHR in ${nfhrs}
+ exgdas_enkf_update.sh[192]/bin/ln -sf /lfs/h2/emc/ptmp/emc.global/RETRO_GFSv17/comroot/retrotestgfs10/enkfgdas.20241124/12/mem002/model/atmos/history/enkfgdas.t12z.atmf006.nc sfg_2024112418_fhr06_mem002
+ exgdas_enkf_update.sh[194][[ .true. == \.\t\r\u\e\. ]]
+ exgdas_enkf_update.sh[195]/bin/ln -sf /lfs/h2/emc/ptmp/emc.global/RETRO_GFSv17/comroot/retrotestgfs10/enkfgdas.20241124/12/mem002/model/atmos/history/enkfgdas.t12z.sfcf006.nc bfg_2024112418_fhr06_mem002
+ exgdas_enkf_update.sh[198][[ .false. == \.\t\r\u\e\. ]]
+ exgdas_enkf_update.sh[202][[ 6 -eq 6 ]]
+ exgdas_enkf_update.sh[203][[ NO == \Y\E\S ]]
+ exgdas_enkf_update.sh[207]/bin/ln -sf /lfs/h2/emc/ptmp/emc.global/RETRO_GFSv17/comroot/retrotestgfs10/enkfgdas.20241124/18/mem002/analysis/atmos/enkfgdas.t18z.atminc.nc incr_2024112418_fhr06_mem002
+ exgdas_enkf_update.sh[219][[ YES == \Y\E\S ]]
+ exgdas_enkf_update.sh[220]/bin/ln -sf /lfs/h2/emc/ptmp/emc.global/RETRO_GFSv17/comroot/retrotestgfs10/enkfgdas.20241124/18/mem002/analysis/atmos/enkfgdas.t18z.sfci006.nc sfcincr_2024112418_fhr06_mem002
+ exgdas_enkf_update.sh[191]for FHR in ${nfhrs}
+ exgdas_enkf_update.sh[192]/bin/ln -sf /lfs/h2/emc/ptmp/emc.global/RETRO_GFSv17/comroot/retrotestgfs10/enkfgdas.20241124/12/mem002/model/atmos/history/enkfgdas.t12z.atmf009.nc sfg_2024112418_fhr09_mem002
+ exgdas_enkf_update.sh[194][[ .true. == \.\t\r\u\e\. ]]
+ exgdas_enkf_update.sh[195]/bin/ln -sf /lfs/h2/emc/ptmp/emc.global/RETRO_GFSv17/comroot/retrotestgfs10/enkfgdas.20241124/12/mem002/model/atmos/history/enkfgdas.t12z.sfcf009.nc bfg_2024112418_fhr09_mem002
+ exgdas_enkf_update.sh[198][[ .false. == \.\t\r\u\e\. ]]
+ exgdas_enkf_update.sh[202][[ 9 -eq 6 ]]
+ exgdas_enkf_update.sh[211][[ NO == \Y\E\S ]]
+ exgdas_enkf_update.sh[215]/bin/ln -sf /lfs/h2/emc/ptmp/emc.global/RETRO_GFSv17/comroot/retrotestgfs10/enkfgdas.20241124/18/mem002/analysis/atmos/enkfgdas.t18z.atmi009.nc incr_2024112418_fhr09_mem002
+ exgdas_enkf_update.sh[219][[ YES == \Y\E\S ]]
+ exgdas_enkf_update.sh[220]/bin/ln -sf /lfs/h2/emc/ptmp/emc.global/RETRO_GFSv17/comroot/retrotestgfs10/enkfgdas.20241124/18/mem002/analysis/atmos/enkfgdas.t18z.sfci009.nc sfcincr_2024112418_fhr09_mem002
+ exgdas_enkf_update.sh[175]for imem in $(seq 1 ${NMEM_ENS})
+ exgdas_enkf_update.sh[176]smem=3
+ exgdas_enkf_update.sh[177]((  smem > NMEM_ENS_MAX  ))
++ exgdas_enkf_update.sh[180]printf %03i 3
+ exgdas_enkf_update.sh[180]gmemchar=mem003
++ exgdas_enkf_update.sh[181]printf %03i 3
+ exgdas_enkf_update.sh[181]memchar=mem003
+ exgdas_enkf_update.sh[183]MEMDIR=mem003
+ exgdas_enkf_update.sh[183]RUN=enkfgdas
+ exgdas_enkf_update.sh[183]YMD=20241124
+ exgdas_enkf_update.sh[183]HH=12
+ exgdas_enkf_update.sh[183]declare_from_tmpl -x COMIN_ATMOS_HISTORY_MEM_PREV:COM_ATMOS_HISTORY_TMPL
+ environment[0][[ NO == \N\O ]]
+ environment[1]set +x
declare_from_tmpl :: COMIN_ATMOS_HISTORY_MEM_PREV=/lfs/h2/emc/ptmp/emc.global/RETRO_GFSv17/comroot/retrotestgfs10/enkfgdas.20241124/12/mem003/model/atmos/history
+ exgdas_enkf_update.sh[186]MEMDIR=mem003
+ exgdas_enkf_update.sh[186]YMD=20241124
+ exgdas_enkf_update.sh[186]HH=18
+ exgdas_enkf_update.sh[186]declare_from_tmpl -x COMOUT_ATMOS_ANALYSIS_MEM:COM_ATMOS_ANALYSIS_TMPL
+ environment[0][[ NO == \N\O ]]
+ environment[1]set +x
declare_from_tmpl :: COMOUT_ATMOS_ANALYSIS_MEM=/lfs/h2/emc/ptmp/emc.global/RETRO_GFSv17/comroot/retrotestgfs10/enkfgdas.20241124/18/mem003/analysis/atmos
+ exgdas_enkf_update.sh[189]mkdir -p /lfs/h2/emc/ptmp/emc.global/RETRO_GFSv17/comroot/retrotestgfs10/enkfgdas.20241124/18/mem003/analysis/atmos
+ exgdas_enkf_update.sh[191]for FHR in ${nfhrs}
+ exgdas_enkf_update.sh[192]/bin/ln -sf /lfs/h2/emc/ptmp/emc.global/RETRO_GFSv17/comroot/retrotestgfs10/enkfgdas.20241124/12/mem003/model/atmos/history/enkfgdas.t12z.atmf003.nc sfg_2024112418_fhr03_mem003
+ exgdas_enkf_update.sh[194][[ .true. == \.\t\r\u\e\. ]]
+ exgdas_enkf_update.sh[195]/bin/ln -sf /lfs/h2/emc/ptmp/emc.global/RETRO_GFSv17/comroot/retrotestgfs10/enkfgdas.20241124/12/mem003/model/atmos/history/enkfgdas.t12z.sfcf003.nc bfg_2024112418_fhr03_mem003
+ exgdas_enkf_update.sh[198][[ .false. == \.\t\r\u\e\. ]]
+ exgdas_enkf_update.sh[202][[ 3 -eq 6 ]]
+ exgdas_enkf_update.sh[211][[ NO == \Y\E\S ]]
+ exgdas_enkf_update.sh[215]/bin/ln -sf /lfs/h2/emc/ptmp/emc.global/RETRO_GFSv17/comroot/retrotestgfs10/enkfgdas.20241124/18/mem003/analysis/atmos/enkfgdas.t18z.atmi003.nc incr_2024112418_fhr03_mem003
+ exgdas_enkf_update.sh[219][[ YES == \Y\E\S ]]
+ exgdas_enkf_update.sh[220]/bin/ln -sf /lfs/h2/emc/ptmp/emc.global/RETRO_GFSv17/comroot/retrotestgfs10/enkfgdas.20241124/18/mem003/analysis/atmos/enkfgdas.t18z.sfci003.nc sfcincr_2024112418_fhr03_mem003
+ exgdas_enkf_update.sh[191]for FHR in ${nfhrs}
+ exgdas_enkf_update.sh[192]/bin/ln -sf /lfs/h2/emc/ptmp/emc.global/RETRO_GFSv17/comroot/retrotestgfs10/enkfgdas.20241124/12/mem003/model/atmos/history/enkfgdas.t12z.atmf006.nc sfg_2024112418_fhr06_mem003
+ exgdas_enkf_update.sh[194][[ .true. == \.\t\r\u\e\. ]]
+ exgdas_enkf_update.sh[195]/bin/ln -sf /lfs/h2/emc/ptmp/emc.global/RETRO_GFSv17/comroot/retrotestgfs10/enkfgdas.20241124/12/mem003/model/atmos/history/enkfgdas.t12z.sfcf006.nc bfg_2024112418_fhr06_mem003
+ exgdas_enkf_update.sh[198][[ .false. == \.\t\r\u\e\. ]]
+ exgdas_enkf_update.sh[202][[ 6 -eq 6 ]]
+ exgdas_enkf_update.sh[203][[ NO == \Y\E\S ]]
+ exgdas_enkf_update.sh[207]/bin/ln -sf /lfs/h2/emc/ptmp/emc.global/RETRO_GFSv17/comroot/retrotestgfs10/enkfgdas.20241124/18/mem003/analysis/atmos/enkfgdas.t18z.atminc.nc incr_2024112418_fhr06_mem003
+ exgdas_enkf_update.sh[219][[ YES == \Y\E\S ]]
+ exgdas_enkf_update.sh[220]/bin/ln -sf /lfs/h2/emc/ptmp/emc.global/RETRO_GFSv17/comroot/retrotestgfs10/enkfgdas.20241124/18/mem003/analysis/atmos/enkfgdas.t18z.sfci006.nc sfcincr_2024112418_fhr06_mem003
+ exgdas_enkf_update.sh[191]for FHR in ${nfhrs}
+ exgdas_enkf_update.sh[192]/bin/ln -sf /lfs/h2/emc/ptmp/emc.global/RETRO_GFSv17/comroot/retrotestgfs10/enkfgdas.20241124/12/mem003/model/atmos/history/enkfgdas.t12z.atmf009.nc sfg_2024112418_fhr09_mem003
+ exgdas_enkf_update.sh[194][[ .true. == \.\t\r\u\e\. ]]
+ exgdas_enkf_update.sh[195]/bin/ln -sf /lfs/h2/emc/ptmp/emc.global/RETRO_GFSv17/comroot/retrotestgfs10/enkfgdas.20241124/12/mem003/model/atmos/history/enkfgdas.t12z.sfcf009.nc bfg_2024112418_fhr09_mem003
+ exgdas_enkf_update.sh[198][[ .false. == \.\t\r\u\e\. ]]
+ exgdas_enkf_update.sh[202][[ 9 -eq 6 ]]
+ exgdas_enkf_update.sh[211][[ NO == \Y\E\S ]]
+ exgdas_enkf_update.sh[215]/bin/ln -sf /lfs/h2/emc/ptmp/emc.global/RETRO_GFSv17/comroot/retrotestgfs10/enkfgdas.20241124/18/mem003/analysis/atmos/enkfgdas.t18z.atmi009.nc incr_2024112418_fhr09_mem003
+ exgdas_enkf_update.sh[219][[ YES == \Y\E\S ]]
+ exgdas_enkf_update.sh[220]/bin/ln -sf /lfs/h2/emc/ptmp/emc.global/RETRO_GFSv17/comroot/retrotestgfs10/enkfgdas.20241124/18/mem003/analysis/atmos/enkfgdas.t18z.sfci009.nc sfcincr_2024112418_fhr09_mem003
+ exgdas_enkf_update.sh[175]for imem in $(seq 1 ${NMEM_ENS})
+ exgdas_enkf_update.sh[176]smem=4
+ exgdas_enkf_update.sh[177]((  smem > NMEM_ENS_MAX  ))
++ exgdas_enkf_update.sh[180]printf %03i 4
+ exgdas_enkf_update.sh[180]gmemchar=mem004
++ exgdas_enkf_update.sh[181]printf %03i 4
+ exgdas_enkf_update.sh[181]memchar=mem004
+ exgdas_enkf_update.sh[183]MEMDIR=mem004
+ exgdas_enkf_update.sh[183]RUN=enkfgdas
+ exgdas_enkf_update.sh[183]YMD=20241124
+ exgdas_enkf_update.sh[183]HH=12
+ exgdas_enkf_update.sh[183]declare_from_tmpl -x COMIN_ATMOS_HISTORY_MEM_PREV:COM_ATMOS_HISTORY_TMPL
+ environment[0][[ NO == \N\O ]]
+ environment[1]set +x
declare_from_tmpl :: COMIN_ATMOS_HISTORY_MEM_PREV=/lfs/h2/emc/ptmp/emc.global/RETRO_GFSv17/comroot/retrotestgfs10/enkfgdas.20241124/12/mem004/model/atmos/history
+ exgdas_enkf_update.sh[186]MEMDIR=mem004
+ exgdas_enkf_update.sh[186]YMD=20241124
+ exgdas_enkf_update.sh[186]HH=18
+ exgdas_enkf_update.sh[186]declare_from_tmpl -x COMOUT_ATMOS_ANALYSIS_MEM:COM_ATMOS_ANALYSIS_TMPL
+ environment[0][[ NO == \N\O ]]
+ environment[1]set +x
declare_from_tmpl :: COMOUT_ATMOS_ANALYSIS_MEM=/lfs/h2/emc/ptmp/emc.global/RETRO_GFSv17/comroot/retrotestgfs10/enkfgdas.20241124/18/mem004/analysis/atmos
+ exgdas_enkf_update.sh[189]mkdir -p /lfs/h2/emc/ptmp/emc.global/RETRO_GFSv17/comroot/retrotestgfs10/enkfgdas.20241124/18/mem004/analysis/atmos
+ exgdas_enkf_update.sh[191]for FHR in ${nfhrs}
+ exgdas_enkf_update.sh[192]/bin/ln -sf /lfs/h2/emc/ptmp/emc.global/RETRO_GFSv17/comroot/retrotestgfs10/enkfgdas.20241124/12/mem004/model/atmos/history/enkfgdas.t12z.atmf003.nc sfg_2024112418_fhr03_mem004
+ exgdas_enkf_update.sh[194][[ .true. == \.\t\r\u\e\. ]]
+ exgdas_enkf_update.sh[195]/bin/ln -sf /lfs/h2/emc/ptmp/emc.global/RETRO_GFSv17/comroot/retrotestgfs10/enkfgdas.20241124/12/mem004/model/atmos/history/enkfgdas.t12z.sfcf003.nc bfg_2024112418_fhr03_mem004
+ exgdas_enkf_update.sh[198][[ .false. == \.\t\r\u\e\. ]]
+ exgdas_enkf_update.sh[202][[ 3 -eq 6 ]]
+ exgdas_enkf_update.sh[211][[ NO == \Y\E\S ]]
+ exgdas_enkf_update.sh[215]/bin/ln -sf /lfs/h2/emc/ptmp/emc.global/RETRO_GFSv17/comroot/retrotestgfs10/enkfgdas.20241124/18/mem004/analysis/atmos/enkfgdas.t18z.atmi003.nc incr_2024112418_fhr03_mem004
+ exgdas_enkf_update.sh[219][[ YES == \Y\E\S ]]
+ exgdas_enkf_update.sh[220]/bin/ln -sf /lfs/h2/emc/ptmp/emc.global/RETRO_GFSv17/comroot/retrotestgfs10/enkfgdas.20241124/18/mem004/analysis/atmos/enkfgdas.t18z.sfci003.nc sfcincr_2024112418_fhr03_mem004
+ exgdas_enkf_update.sh[191]for FHR in ${nfhrs}
+ exgdas_enkf_update.sh[192]/bin/ln -sf /lfs/h2/emc/ptmp/emc.global/RETRO_GFSv17/comroot/retrotestgfs10/enkfgdas.20241124/12/mem004/model/atmos/history/enkfgdas.t12z.atmf006.nc sfg_2024112418_fhr06_mem004
+ exgdas_enkf_update.sh[194][[ .true. == \.\t\r\u\e\. ]]
+ exgdas_enkf_update.sh[195]/bin/ln -sf /lfs/h2/emc/ptmp/emc.global/RETRO_GFSv17/comroot/retrotestgfs10/enkfgdas.20241124/12/mem004/model/atmos/history/enkfgdas.t12z.sfcf006.nc bfg_2024112418_fhr06_mem004
+ exgdas_enkf_update.sh[198][[ .false. == \.\t\r\u\e\. ]]
+ exgdas_enkf_update.sh[202][[ 6 -eq 6 ]]
+ exgdas_enkf_update.sh[203][[ NO == \Y\E\S ]]
+ exgdas_enkf_update.sh[207]/bin/ln -sf /lfs/h2/emc/ptmp/emc.global/RETRO_GFSv17/comroot/retrotestgfs10/enkfgdas.20241124/18/mem004/analysis/atmos/enkfgdas.t18z.atminc.nc incr_2024112418_fhr06_mem004
+ exgdas_enkf_update.sh[219][[ YES == \Y\E\S ]]
+ exgdas_enkf_update.sh[220]/bin/ln -sf /lfs/h2/emc/ptmp/emc.global/RETRO_GFSv17/comroot/retrotestgfs10/enkfgdas.20241124/18/mem004/analysis/atmos/enkfgdas.t18z.sfci006.nc sfcincr_2024112418_fhr06_mem004
+ exgdas_enkf_update.sh[191]for FHR in ${nfhrs}
+ exgdas_enkf_update.sh[192]/bin/ln -sf /lfs/h2/emc/ptmp/emc.global/RETRO_GFSv17/comroot/retrotestgfs10/enkfgdas.20241124/12/mem004/model/atmos/history/enkfgdas.t12z.atmf009.nc sfg_2024112418_fhr09_mem004
+ exgdas_enkf_update.sh[194][[ .true. == \.\t\r\u\e\. ]]
+ exgdas_enkf_update.sh[195]/bin/ln -sf /lfs/h2/emc/ptmp/emc.global/RETRO_GFSv17/comroot/retrotestgfs10/enkfgdas.20241124/12/mem004/model/atmos/history/enkfgdas.t12z.sfcf009.nc bfg_2024112418_fhr09_mem004
+ exgdas_enkf_update.sh[198][[ .false. == \.\t\r\u\e\. ]]
+ exgdas_enkf_update.sh[202][[ 9 -eq 6 ]]
+ exgdas_enkf_update.sh[211][[ NO == \Y\E\S ]]
+ exgdas_enkf_update.sh[215]/bin/ln -sf /lfs/h2/emc/ptmp/emc.global/RETRO_GFSv17/comroot/retrotestgfs10/enkfgdas.20241124/18/mem004/analysis/atmos/enkfgdas.t18z.atmi009.nc incr_2024112418_fhr09_mem004
+ exgdas_enkf_update.sh[219][[ YES == \Y\E\S ]]
+ exgdas_enkf_update.sh[220]/bin/ln -sf /lfs/h2/emc/ptmp/emc.global/RETRO_GFSv17/comroot/retrotestgfs10/enkfgdas.20241124/18/mem004/analysis/atmos/enkfgdas.t18z.sfci009.nc sfcincr_2024112418_fhr09_mem004
+ exgdas_enkf_update.sh[175]for imem in $(seq 1 ${NMEM_ENS})
+ exgdas_enkf_update.sh[176]smem=5
+ exgdas_enkf_update.sh[177]((  smem > NMEM_ENS_MAX  ))
++ exgdas_enkf_update.sh[180]printf %03i 5
+ exgdas_enkf_update.sh[180]gmemchar=mem005
++ exgdas_enkf_update.sh[181]printf %03i 5
+ exgdas_enkf_update.sh[181]memchar=mem005
+ exgdas_enkf_update.sh[183]MEMDIR=mem005
+ exgdas_enkf_update.sh[183]RUN=enkfgdas
+ exgdas_enkf_update.sh[183]YMD=20241124
+ exgdas_enkf_update.sh[183]HH=12
+ exgdas_enkf_update.sh[183]declare_from_tmpl -x COMIN_ATMOS_HISTORY_MEM_PREV:COM_ATMOS_HISTORY_TMPL
+ environment[0][[ NO == \N\O ]]
+ environment[1]set +x
declare_from_tmpl :: COMIN_ATMOS_HISTORY_MEM_PREV=/lfs/h2/emc/ptmp/emc.global/RETRO_GFSv17/comroot/retrotestgfs10/enkfgdas.20241124/12/mem005/model/atmos/history
+ exgdas_enkf_update.sh[186]MEMDIR=mem005
+ exgdas_enkf_update.sh[186]YMD=20241124
+ exgdas_enkf_update.sh[186]HH=18
+ exgdas_enkf_update.sh[186]declare_from_tmpl -x COMOUT_ATMOS_ANALYSIS_MEM:COM_ATMOS_ANALYSIS_TMPL
+ environment[0][[ NO == \N\O ]]
+ environment[1]set +x
declare_from_tmpl :: COMOUT_ATMOS_ANALYSIS_MEM=/lfs/h2/emc/ptmp/emc.global/RETRO_GFSv17/comroot/retrotestgfs10/enkfgdas.20241124/18/mem005/analysis/atmos
+ exgdas_enkf_update.sh[189]mkdir -p /lfs/h2/emc/ptmp/emc.global/RETRO_GFSv17/comroot/retrotestgfs10/enkfgdas.20241124/18/mem005/analysis/atmos
+ exgdas_enkf_update.sh[191]for FHR in ${nfhrs}
+ exgdas_enkf_update.sh[192]/bin/ln -sf /lfs/h2/emc/ptmp/emc.global/RETRO_GFSv17/comroot/retrotestgfs10/enkfgdas.20241124/12/mem005/model/atmos/history/enkfgdas.t12z.atmf003.nc sfg_2024112418_fhr03_mem005
+ exgdas_enkf_update.sh[194][[ .true. == \.\t\r\u\e\. ]]
+ exgdas_enkf_update.sh[195]/bin/ln -sf /lfs/h2/emc/ptmp/emc.global/RETRO_GFSv17/comroot/retrotestgfs10/enkfgdas.20241124/12/mem005/model/atmos/history/enkfgdas.t12z.sfcf003.nc bfg_2024112418_fhr03_mem005
+ exgdas_enkf_update.sh[198][[ .false. == \.\t\r\u\e\. ]]
+ exgdas_enkf_update.sh[202][[ 3 -eq 6 ]]
+ exgdas_enkf_update.sh[211][[ NO == \Y\E\S ]]
+ exgdas_enkf_update.sh[215]/bin/ln -sf /lfs/h2/emc/ptmp/emc.global/RETRO_GFSv17/comroot/retrotestgfs10/enkfgdas.20241124/18/mem005/analysis/atmos/enkfgdas.t18z.atmi003.nc incr_2024112418_fhr03_mem005
+ exgdas_enkf_update.sh[219][[ YES == \Y\E\S ]]
+ exgdas_enkf_update.sh[220]/bin/ln -sf /lfs/h2/emc/ptmp/emc.global/RETRO_GFSv17/comroot/retrotestgfs10/enkfgdas.20241124/18/mem005/analysis/atmos/enkfgdas.t18z.sfci003.nc sfcincr_2024112418_fhr03_mem005
+ exgdas_enkf_update.sh[191]for FHR in ${nfhrs}
+ exgdas_enkf_update.sh[192]/bin/ln -sf /lfs/h2/emc/ptmp/emc.global/RETRO_GFSv17/comroot/retrotestgfs10/enkfgdas.20241124/12/mem005/model/atmos/history/enkfgdas.t12z.atmf006.nc sfg_2024112418_fhr06_mem005
+ exgdas_enkf_update.sh[194][[ .true. == \.\t\r\u\e\. ]]
+ exgdas_enkf_update.sh[195]/bin/ln -sf /lfs/h2/emc/ptmp/emc.global/RETRO_GFSv17/comroot/retrotestgfs10/enkfgdas.20241124/12/mem005/model/atmos/history/enkfgdas.t12z.sfcf006.nc bfg_2024112418_fhr06_mem005
+ exgdas_enkf_update.sh[198][[ .false. == \.\t\r\u\e\. ]]
+ exgdas_enkf_update.sh[202][[ 6 -eq 6 ]]
+ exgdas_enkf_update.sh[203][[ NO == \Y\E\S ]]
+ exgdas_enkf_update.sh[207]/bin/ln -sf /lfs/h2/emc/ptmp/emc.global/RETRO_GFSv17/comroot/retrotestgfs10/enkfgdas.20241124/18/mem005/analysis/atmos/enkfgdas.t18z.atminc.nc incr_2024112418_fhr06_mem005
+ exgdas_enkf_update.sh[219][[ YES == \Y\E\S ]]
+ exgdas_enkf_update.sh[220]/bin/ln -sf /lfs/h2/emc/ptmp/emc.global/RETRO_GFSv17/comroot/retrotestgfs10/enkfgdas.20241124/18/mem005/analysis/atmos/enkfgdas.t18z.sfci006.nc sfcincr_2024112418_fhr06_mem005
+ exgdas_enkf_update.sh[191]for FHR in ${nfhrs}
+ exgdas_enkf_update.sh[192]/bin/ln -sf /lfs/h2/emc/ptmp/emc.global/RETRO_GFSv17/comroot/retrotestgfs10/enkfgdas.20241124/12/mem005/model/atmos/history/enkfgdas.t12z.atmf009.nc sfg_2024112418_fhr09_mem005
+ exgdas_enkf_update.sh[194][[ .true. == \.\t\r\u\e\. ]]
+ exgdas_enkf_update.sh[195]/bin/ln -sf /lfs/h2/emc/ptmp/emc.global/RETRO_GFSv17/comroot/retrotestgfs10/enkfgdas.20241124/12/mem005/model/atmos/history/enkfgdas.t12z.sfcf009.nc bfg_2024112418_fhr09_mem005
+ exgdas_enkf_update.sh[198][[ .false. == \.\t\r\u\e\. ]]
+ exgdas_enkf_update.sh[202][[ 9 -eq 6 ]]
+ exgdas_enkf_update.sh[211][[ NO == \Y\E\S ]]
+ exgdas_enkf_update.sh[215]/bin/ln -sf /lfs/h2/emc/ptmp/emc.global/RETRO_GFSv17/comroot/retrotestgfs10/enkfgdas.20241124/18/mem005/analysis/atmos/enkfgdas.t18z.atmi009.nc incr_2024112418_fhr09_mem005
+ exgdas_enkf_update.sh[219][[ YES == \Y\E\S ]]
+ exgdas_enkf_update.sh[220]/bin/ln -sf /lfs/h2/emc/ptmp/emc.global/RETRO_GFSv17/comroot/retrotestgfs10/enkfgdas.20241124/18/mem005/analysis/atmos/enkfgdas.t18z.sfci009.nc sfcincr_2024112418_fhr09_mem005
+ exgdas_enkf_update.sh[175]for imem in $(seq 1 ${NMEM_ENS})
+ exgdas_enkf_update.sh[176]smem=6
+ exgdas_enkf_update.sh[177]((  smem > NMEM_ENS_MAX  ))
++ exgdas_enkf_update.sh[180]printf %03i 6
+ exgdas_enkf_update.sh[180]gmemchar=mem006
++ exgdas_enkf_update.sh[181]printf %03i 6
+ exgdas_enkf_update.sh[181]memchar=mem006
+ exgdas_enkf_update.sh[183]MEMDIR=mem006
+ exgdas_enkf_update.sh[183]RUN=enkfgdas
+ exgdas_enkf_update.sh[183]YMD=20241124
+ exgdas_enkf_update.sh[183]HH=12
+ exgdas_enkf_update.sh[183]declare_from_tmpl -x COMIN_ATMOS_HISTORY_MEM_PREV:COM_ATMOS_HISTORY_TMPL
+ environment[0][[ NO == \N\O ]]
+ environment[1]set +x
declare_from_tmpl :: COMIN_ATMOS_HISTORY_MEM_PREV=/lfs/h2/emc/ptmp/emc.global/RETRO_GFSv17/comroot/retrotestgfs10/enkfgdas.20241124/12/mem006/model/atmos/history
+ exgdas_enkf_update.sh[186]MEMDIR=mem006
+ exgdas_enkf_update.sh[186]YMD=20241124
+ exgdas_enkf_update.sh[186]HH=18
+ exgdas_enkf_update.sh[186]declare_from_tmpl -x COMOUT_ATMOS_ANALYSIS_MEM:COM_ATMOS_ANALYSIS_TMPL
+ environment[0][[ NO == \N\O ]]
+ environment[1]set +x
declare_from_tmpl :: COMOUT_ATMOS_ANALYSIS_MEM=/lfs/h2/emc/ptmp/emc.global/RETRO_GFSv17/comroot/retrotestgfs10/enkfgdas.20241124/18/mem006/analysis/atmos
+ exgdas_enkf_update.sh[189]mkdir -p /lfs/h2/emc/ptmp/emc.global/RETRO_GFSv17/comroot/retrotestgfs10/enkfgdas.20241124/18/mem006/analysis/atmos
+ exgdas_enkf_update.sh[191]for FHR in ${nfhrs}
+ exgdas_enkf_update.sh[192]/bin/ln -sf /lfs/h2/emc/ptmp/emc.global/RETRO_GFSv17/comroot/retrotestgfs10/enkfgdas.20241124/12/mem006/model/atmos/history/enkfgdas.t12z.atmf003.nc sfg_2024112418_fhr03_mem006
+ exgdas_enkf_update.sh[194][[ .true. == \.\t\r\u\e\. ]]
+ exgdas_enkf_update.sh[195]/bin/ln -sf /lfs/h2/emc/ptmp/emc.global/RETRO_GFSv17/comroot/retrotestgfs10/enkfgdas.20241124/12/mem006/model/atmos/history/enkfgdas.t12z.sfcf003.nc bfg_2024112418_fhr03_mem006
+ exgdas_enkf_update.sh[198][[ .false. == \.\t\r\u\e\. ]]
+ exgdas_enkf_update.sh[202][[ 3 -eq 6 ]]
+ exgdas_enkf_update.sh[211][[ NO == \Y\E\S ]]
+ exgdas_enkf_update.sh[215]/bin/ln -sf /lfs/h2/emc/ptmp/emc.global/RETRO_GFSv17/comroot/retrotestgfs10/enkfgdas.20241124/18/mem006/analysis/atmos/enkfgdas.t18z.atmi003.nc incr_2024112418_fhr03_mem006
+ exgdas_enkf_update.sh[219][[ YES == \Y\E\S ]]
+ exgdas_enkf_update.sh[220]/bin/ln -sf /lfs/h2/emc/ptmp/emc.global/RETRO_GFSv17/comroot/retrotestgfs10/enkfgdas.20241124/18/mem006/analysis/atmos/enkfgdas.t18z.sfci003.nc sfcincr_2024112418_fhr03_mem006
+ exgdas_enkf_update.sh[191]for FHR in ${nfhrs}
+ exgdas_enkf_update.sh[192]/bin/ln -sf /lfs/h2/emc/ptmp/emc.global/RETRO_GFSv17/comroot/retrotestgfs10/enkfgdas.20241124/12/mem006/model/atmos/history/enkfgdas.t12z.atmf006.nc sfg_2024112418_fhr06_mem006
+ exgdas_enkf_update.sh[194][[ .true. == \.\t\r\u\e\. ]]
+ exgdas_enkf_update.sh[195]/bin/ln -sf /lfs/h2/emc/ptmp/emc.global/RETRO_GFSv17/comroot/retrotestgfs10/enkfgdas.20241124/12/mem006/model/atmos/history/enkfgdas.t12z.sfcf006.nc bfg_2024112418_fhr06_mem006
+ exgdas_enkf_update.sh[198][[ .false. == \.\t\r\u\e\. ]]
+ exgdas_enkf_update.sh[202][[ 6 -eq 6 ]]
+ exgdas_enkf_update.sh[203][[ NO == \Y\E\S ]]
+ exgdas_enkf_update.sh[207]/bin/ln -sf /lfs/h2/emc/ptmp/emc.global/RETRO_GFSv17/comroot/retrotestgfs10/enkfgdas.20241124/18/mem006/analysis/atmos/enkfgdas.t18z.atminc.nc incr_2024112418_fhr06_mem006
+ exgdas_enkf_update.sh[219][[ YES == \Y\E\S ]]
+ exgdas_enkf_update.sh[220]/bin/ln -sf /lfs/h2/emc/ptmp/emc.global/RETRO_GFSv17/comroot/retrotestgfs10/enkfgdas.20241124/18/mem006/analysis/atmos/enkfgdas.t18z.sfci006.nc sfcincr_2024112418_fhr06_mem006
+ exgdas_enkf_update.sh[191]for FHR in ${nfhrs}
+ exgdas_enkf_update.sh[192]/bin/ln -sf /lfs/h2/emc/ptmp/emc.global/RETRO_GFSv17/comroot/retrotestgfs10/enkfgdas.20241124/12/mem006/model/atmos/history/enkfgdas.t12z.atmf009.nc sfg_2024112418_fhr09_mem006
+ exgdas_enkf_update.sh[194][[ .true. == \.\t\r\u\e\. ]]
+ exgdas_enkf_update.sh[195]/bin/ln -sf /lfs/h2/emc/ptmp/emc.global/RETRO_GFSv17/comroot/retrotestgfs10/enkfgdas.20241124/12/mem006/model/atmos/history/enkfgdas.t12z.sfcf009.nc bfg_2024112418_fhr09_mem006
+ exgdas_enkf_update.sh[198][[ .false. == \.\t\r\u\e\. ]]
+ exgdas_enkf_update.sh[202][[ 9 -eq 6 ]]
+ exgdas_enkf_update.sh[211][[ NO == \Y\E\S ]]
+ exgdas_enkf_update.sh[215]/bin/ln -sf /lfs/h2/emc/ptmp/emc.global/RETRO_GFSv17/comroot/retrotestgfs10/enkfgdas.20241124/18/mem006/analysis/atmos/enkfgdas.t18z.atmi009.nc incr_2024112418_fhr09_mem006
+ exgdas_enkf_update.sh[219][[ YES == \Y\E\S ]]
+ exgdas_enkf_update.sh[220]/bin/ln -sf /lfs/h2/emc/ptmp/emc.global/RETRO_GFSv17/comroot/retrotestgfs10/enkfgdas.20241124/18/mem006/analysis/atmos/enkfgdas.t18z.sfci009.nc sfcincr_2024112418_fhr09_mem006
+ exgdas_enkf_update.sh[175]for imem in $(seq 1 ${NMEM_ENS})
+ exgdas_enkf_update.sh[176]smem=7
+ exgdas_enkf_update.sh[177]((  smem > NMEM_ENS_MAX  ))
++ exgdas_enkf_update.sh[180]printf %03i 7
+ exgdas_enkf_update.sh[180]gmemchar=mem007
++ exgdas_enkf_update.sh[181]printf %03i 7
+ exgdas_enkf_update.sh[181]memchar=mem007
+ exgdas_enkf_update.sh[183]MEMDIR=mem007
+ exgdas_enkf_update.sh[183]RUN=enkfgdas
+ exgdas_enkf_update.sh[183]YMD=20241124
+ exgdas_enkf_update.sh[183]HH=12
+ exgdas_enkf_update.sh[183]declare_from_tmpl -x COMIN_ATMOS_HISTORY_MEM_PREV:COM_ATMOS_HISTORY_TMPL
+ environment[0][[ NO == \N\O ]]
+ environment[1]set +x
declare_from_tmpl :: COMIN_ATMOS_HISTORY_MEM_PREV=/lfs/h2/emc/ptmp/emc.global/RETRO_GFSv17/comroot/retrotestgfs10/enkfgdas.20241124/12/mem007/model/atmos/history
+ exgdas_enkf_update.sh[186]MEMDIR=mem007
+ exgdas_enkf_update.sh[186]YMD=20241124
+ exgdas_enkf_update.sh[186]HH=18
+ exgdas_enkf_update.sh[186]declare_from_tmpl -x COMOUT_ATMOS_ANALYSIS_MEM:COM_ATMOS_ANALYSIS_TMPL
+ environment[0][[ NO == \N\O ]]
+ environment[1]set +x
declare_from_tmpl :: COMOUT_ATMOS_ANALYSIS_MEM=/lfs/h2/emc/ptmp/emc.global/RETRO_GFSv17/comroot/retrotestgfs10/enkfgdas.20241124/18/mem007/analysis/atmos
+ exgdas_enkf_update.sh[189]mkdir -p /lfs/h2/emc/ptmp/emc.global/RETRO_GFSv17/comroot/retrotestgfs10/enkfgdas.20241124/18/mem007/analysis/atmos
+ exgdas_enkf_update.sh[191]for FHR in ${nfhrs}
+ exgdas_enkf_update.sh[192]/bin/ln -sf /lfs/h2/emc/ptmp/emc.global/RETRO_GFSv17/comroot/retrotestgfs10/enkfgdas.20241124/12/mem007/model/atmos/history/enkfgdas.t12z.atmf003.nc sfg_2024112418_fhr03_mem007
+ exgdas_enkf_update.sh[194][[ .true. == \.\t\r\u\e\. ]]
+ exgdas_enkf_update.sh[195]/bin/ln -sf /lfs/h2/emc/ptmp/emc.global/RETRO_GFSv17/comroot/retrotestgfs10/enkfgdas.20241124/12/mem007/model/atmos/history/enkfgdas.t12z.sfcf003.nc bfg_2024112418_fhr03_mem007
+ exgdas_enkf_update.sh[198][[ .false. == \.\t\r\u\e\. ]]
+ exgdas_enkf_update.sh[202][[ 3 -eq 6 ]]
+ exgdas_enkf_update.sh[211][[ NO == \Y\E\S ]]
+ exgdas_enkf_update.sh[215]/bin/ln -sf /lfs/h2/emc/ptmp/emc.global/RETRO_GFSv17/comroot/retrotestgfs10/enkfgdas.20241124/18/mem007/analysis/atmos/enkfgdas.t18z.atmi003.nc incr_2024112418_fhr03_mem007
+ exgdas_enkf_update.sh[219][[ YES == \Y\E\S ]]
+ exgdas_enkf_update.sh[220]/bin/ln -sf /lfs/h2/emc/ptmp/emc.global/RETRO_GFSv17/comroot/retrotestgfs10/enkfgdas.20241124/18/mem007/analysis/atmos/enkfgdas.t18z.sfci003.nc sfcincr_2024112418_fhr03_mem007
+ exgdas_enkf_update.sh[191]for FHR in ${nfhrs}
+ exgdas_enkf_update.sh[192]/bin/ln -sf /lfs/h2/emc/ptmp/emc.global/RETRO_GFSv17/comroot/retrotestgfs10/enkfgdas.20241124/12/mem007/model/atmos/history/enkfgdas.t12z.atmf006.nc sfg_2024112418_fhr06_mem007
+ exgdas_enkf_update.sh[194][[ .true. == \.\t\r\u\e\. ]]
+ exgdas_enkf_update.sh[195]/bin/ln -sf /lfs/h2/emc/ptmp/emc.global/RETRO_GFSv17/comroot/retrotestgfs10/enkfgdas.20241124/12/mem007/model/atmos/history/enkfgdas.t12z.sfcf006.nc bfg_2024112418_fhr06_mem007
+ exgdas_enkf_update.sh[198][[ .false. == \.\t\r\u\e\. ]]
+ exgdas_enkf_update.sh[202][[ 6 -eq 6 ]]
+ exgdas_enkf_update.sh[203][[ NO == \Y\E\S ]]
+ exgdas_enkf_update.sh[207]/bin/ln -sf /lfs/h2/emc/ptmp/emc.global/RETRO_GFSv17/comroot/retrotestgfs10/enkfgdas.20241124/18/mem007/analysis/atmos/enkfgdas.t18z.atminc.nc incr_2024112418_fhr06_mem007
+ exgdas_enkf_update.sh[219][[ YES == \Y\E\S ]]
+ exgdas_enkf_update.sh[220]/bin/ln -sf /lfs/h2/emc/ptmp/emc.global/RETRO_GFSv17/comroot/retrotestgfs10/enkfgdas.20241124/18/mem007/analysis/atmos/enkfgdas.t18z.sfci006.nc sfcincr_2024112418_fhr06_mem007
+ exgdas_enkf_update.sh[191]for FHR in ${nfhrs}
+ exgdas_enkf_update.sh[192]/bin/ln -sf /lfs/h2/emc/ptmp/emc.global/RETRO_GFSv17/comroot/retrotestgfs10/enkfgdas.20241124/12/mem007/model/atmos/history/enkfgdas.t12z.atmf009.nc sfg_2024112418_fhr09_mem007
+ exgdas_enkf_update.sh[194][[ .true. == \.\t\r\u\e\. ]]
+ exgdas_enkf_update.sh[195]/bin/ln -sf /lfs/h2/emc/ptmp/emc.global/RETRO_GFSv17/comroot/retrotestgfs10/enkfgdas.20241124/12/mem007/model/atmos/history/enkfgdas.t12z.sfcf009.nc bfg_2024112418_fhr09_mem007
+ exgdas_enkf_update.sh[198][[ .false. == \.\t\r\u\e\. ]]
+ exgdas_enkf_update.sh[202][[ 9 -eq 6 ]]
+ exgdas_enkf_update.sh[211][[ NO == \Y\E\S ]]
+ exgdas_enkf_update.sh[215]/bin/ln -sf /lfs/h2/emc/ptmp/emc.global/RETRO_GFSv17/comroot/retrotestgfs10/enkfgdas.20241124/18/mem007/analysis/atmos/enkfgdas.t18z.atmi009.nc incr_2024112418_fhr09_mem007
+ exgdas_enkf_update.sh[219][[ YES == \Y\E\S ]]
+ exgdas_enkf_update.sh[220]/bin/ln -sf /lfs/h2/emc/ptmp/emc.global/RETRO_GFSv17/comroot/retrotestgfs10/enkfgdas.20241124/18/mem007/analysis/atmos/enkfgdas.t18z.sfci009.nc sfcincr_2024112418_fhr09_mem007
+ exgdas_enkf_update.sh[175]for imem in $(seq 1 ${NMEM_ENS})
+ exgdas_enkf_update.sh[176]smem=8
+ exgdas_enkf_update.sh[177]((  smem > NMEM_ENS_MAX  ))
++ exgdas_enkf_update.sh[180]printf %03i 8
+ exgdas_enkf_update.sh[180]gmemchar=mem008
++ exgdas_enkf_update.sh[181]printf %03i 8
+ exgdas_enkf_update.sh[181]memchar=mem008
+ exgdas_enkf_update.sh[183]MEMDIR=mem008
+ exgdas_enkf_update.sh[183]RUN=enkfgdas
+ exgdas_enkf_update.sh[183]YMD=20241124
+ exgdas_enkf_update.sh[183]HH=12
+ exgdas_enkf_update.sh[183]declare_from_tmpl -x COMIN_ATMOS_HISTORY_MEM_PREV:COM_ATMOS_HISTORY_TMPL
+ environment[0][[ NO == \N\O ]]
+ environment[1]set +x
declare_from_tmpl :: COMIN_ATMOS_HISTORY_MEM_PREV=/lfs/h2/emc/ptmp/emc.global/RETRO_GFSv17/comroot/retrotestgfs10/enkfgdas.20241124/12/mem008/model/atmos/history
+ exgdas_enkf_update.sh[186]MEMDIR=mem008
+ exgdas_enkf_update.sh[186]YMD=20241124
+ exgdas_enkf_update.sh[186]HH=18
+ exgdas_enkf_update.sh[186]declare_from_tmpl -x COMOUT_ATMOS_ANALYSIS_MEM:COM_ATMOS_ANALYSIS_TMPL
+ environment[0][[ NO == \N\O ]]
+ environment[1]set +x
declare_from_tmpl :: COMOUT_ATMOS_ANALYSIS_MEM=/lfs/h2/emc/ptmp/emc.global/RETRO_GFSv17/comroot/retrotestgfs10/enkfgdas.20241124/18/mem008/analysis/atmos
+ exgdas_enkf_update.sh[189]mkdir -p /lfs/h2/emc/ptmp/emc.global/RETRO_GFSv17/comroot/retrotestgfs10/enkfgdas.20241124/18/mem008/analysis/atmos
+ exgdas_enkf_update.sh[191]for FHR in ${nfhrs}
+ exgdas_enkf_update.sh[192]/bin/ln -sf /lfs/h2/emc/ptmp/emc.global/RETRO_GFSv17/comroot/retrotestgfs10/enkfgdas.20241124/12/mem008/model/atmos/history/enkfgdas.t12z.atmf003.nc sfg_2024112418_fhr03_mem008
+ exgdas_enkf_update.sh[194][[ .true. == \.\t\r\u\e\. ]]
+ exgdas_enkf_update.sh[195]/bin/ln -sf /lfs/h2/emc/ptmp/emc.global/RETRO_GFSv17/comroot/retrotestgfs10/enkfgdas.20241124/12/mem008/model/atmos/history/enkfgdas.t12z.sfcf003.nc bfg_2024112418_fhr03_mem008
+ exgdas_enkf_update.sh[198][[ .false. == \.\t\r\u\e\. ]]
+ exgdas_enkf_update.sh[202][[ 3 -eq 6 ]]
+ exgdas_enkf_update.sh[211][[ NO == \Y\E\S ]]
+ exgdas_enkf_update.sh[215]/bin/ln -sf /lfs/h2/emc/ptmp/emc.global/RETRO_GFSv17/comroot/retrotestgfs10/enkfgdas.20241124/18/mem008/analysis/atmos/enkfgdas.t18z.atmi003.nc incr_2024112418_fhr03_mem008
+ exgdas_enkf_update.sh[219][[ YES == \Y\E\S ]]
+ exgdas_enkf_update.sh[220]/bin/ln -sf /lfs/h2/emc/ptmp/emc.global/RETRO_GFSv17/comroot/retrotestgfs10/enkfgdas.20241124/18/mem008/analysis/atmos/enkfgdas.t18z.sfci003.nc sfcincr_2024112418_fhr03_mem008
+ exgdas_enkf_update.sh[191]for FHR in ${nfhrs}
+ exgdas_enkf_update.sh[192]/bin/ln -sf /lfs/h2/emc/ptmp/emc.global/RETRO_GFSv17/comroot/retrotestgfs10/enkfgdas.20241124/12/mem008/model/atmos/history/enkfgdas.t12z.atmf006.nc sfg_2024112418_fhr06_mem008
+ exgdas_enkf_update.sh[194][[ .true. == \.\t\r\u\e\. ]]
+ exgdas_enkf_update.sh[195]/bin/ln -sf /lfs/h2/emc/ptmp/emc.global/RETRO_GFSv17/comroot/retrotestgfs10/enkfgdas.20241124/12/mem008/model/atmos/history/enkfgdas.t12z.sfcf006.nc bfg_2024112418_fhr06_mem008
+ exgdas_enkf_update.sh[198][[ .false. == \.\t\r\u\e\. ]]
+ exgdas_enkf_update.sh[202][[ 6 -eq 6 ]]
+ exgdas_enkf_update.sh[203][[ NO == \Y\E\S ]]
+ exgdas_enkf_update.sh[207]/bin/ln -sf /lfs/h2/emc/ptmp/emc.global/RETRO_GFSv17/comroot/retrotestgfs10/enkfgdas.20241124/18/mem008/analysis/atmos/enkfgdas.t18z.atminc.nc incr_2024112418_fhr06_mem008
+ exgdas_enkf_update.sh[219][[ YES == \Y\E\S ]]
+ exgdas_enkf_update.sh[220]/bin/ln -sf /lfs/h2/emc/ptmp/emc.global/RETRO_GFSv17/comroot/retrotestgfs10/enkfgdas.20241124/18/mem008/analysis/atmos/enkfgdas.t18z.sfci006.nc sfcincr_2024112418_fhr06_mem008
+ exgdas_enkf_update.sh[191]for FHR in ${nfhrs}
+ exgdas_enkf_update.sh[192]/bin/ln -sf /lfs/h2/emc/ptmp/emc.global/RETRO_GFSv17/comroot/retrotestgfs10/enkfgdas.20241124/12/mem008/model/atmos/history/enkfgdas.t12z.atmf009.nc sfg_2024112418_fhr09_mem008
+ exgdas_enkf_update.sh[194][[ .true. == \.\t\r\u\e\. ]]
+ exgdas_enkf_update.sh[195]/bin/ln -sf /lfs/h2/emc/ptmp/emc.global/RETRO_GFSv17/comroot/retrotestgfs10/enkfgdas.20241124/12/mem008/model/atmos/history/enkfgdas.t12z.sfcf009.nc bfg_2024112418_fhr09_mem008
+ exgdas_enkf_update.sh[198][[ .false. == \.\t\r\u\e\. ]]
+ exgdas_enkf_update.sh[202][[ 9 -eq 6 ]]
+ exgdas_enkf_update.sh[211][[ NO == \Y\E\S ]]
+ exgdas_enkf_update.sh[215]/bin/ln -sf /lfs/h2/emc/ptmp/emc.global/RETRO_GFSv17/comroot/retrotestgfs10/enkfgdas.20241124/18/mem008/analysis/atmos/enkfgdas.t18z.atmi009.nc incr_2024112418_fhr09_mem008
+ exgdas_enkf_update.sh[219][[ YES == \Y\E\S ]]
+ exgdas_enkf_update.sh[220]/bin/ln -sf /lfs/h2/emc/ptmp/emc.global/RETRO_GFSv17/comroot/retrotestgfs10/enkfgdas.20241124/18/mem008/analysis/atmos/enkfgdas.t18z.sfci009.nc sfcincr_2024112418_fhr09_mem008
+ exgdas_enkf_update.sh[175]for imem in $(seq 1 ${NMEM_ENS})
+ exgdas_enkf_update.sh[176]smem=9
+ exgdas_enkf_update.sh[177]((  smem > NMEM_ENS_MAX  ))
++ exgdas_enkf_update.sh[180]printf %03i 9
+ exgdas_enkf_update.sh[180]gmemchar=mem009
++ exgdas_enkf_update.sh[181]printf %03i 9
+ exgdas_enkf_update.sh[181]memchar=mem009
+ exgdas_enkf_update.sh[183]MEMDIR=mem009
+ exgdas_enkf_update.sh[183]RUN=enkfgdas
+ exgdas_enkf_update.sh[183]YMD=20241124
+ exgdas_enkf_update.sh[183]HH=12
+ exgdas_enkf_update.sh[183]declare_from_tmpl -x COMIN_ATMOS_HISTORY_MEM_PREV:COM_ATMOS_HISTORY_TMPL
+ environment[0][[ NO == \N\O ]]
+ environment[1]set +x
declare_from_tmpl :: COMIN_ATMOS_HISTORY_MEM_PREV=/lfs/h2/emc/ptmp/emc.global/RETRO_GFSv17/comroot/retrotestgfs10/enkfgdas.20241124/12/mem009/model/atmos/history
+ exgdas_enkf_update.sh[186]MEMDIR=mem009
+ exgdas_enkf_update.sh[186]YMD=20241124
+ exgdas_enkf_update.sh[186]HH=18
+ exgdas_enkf_update.sh[186]declare_from_tmpl -x COMOUT_ATMOS_ANALYSIS_MEM:COM_ATMOS_ANALYSIS_TMPL
+ environment[0][[ NO == \N\O ]]
+ environment[1]set +x
declare_from_tmpl :: COMOUT_ATMOS_ANALYSIS_MEM=/lfs/h2/emc/ptmp/emc.global/RETRO_GFSv17/comroot/retrotestgfs10/enkfgdas.20241124/18/mem009/analysis/atmos
+ exgdas_enkf_update.sh[189]mkdir -p /lfs/h2/emc/ptmp/emc.global/RETRO_GFSv17/comroot/retrotestgfs10/enkfgdas.20241124/18/mem009/analysis/atmos
+ exgdas_enkf_update.sh[191]for FHR in ${nfhrs}
+ exgdas_enkf_update.sh[192]/bin/ln -sf /lfs/h2/emc/ptmp/emc.global/RETRO_GFSv17/comroot/retrotestgfs10/enkfgdas.20241124/12/mem009/model/atmos/history/enkfgdas.t12z.atmf003.nc sfg_2024112418_fhr03_mem009
+ exgdas_enkf_update.sh[194][[ .true. == \.\t\r\u\e\. ]]
+ exgdas_enkf_update.sh[195]/bin/ln -sf /lfs/h2/emc/ptmp/emc.global/RETRO_GFSv17/comroot/retrotestgfs10/enkfgdas.20241124/12/mem009/model/atmos/history/enkfgdas.t12z.sfcf003.nc bfg_2024112418_fhr03_mem009
+ exgdas_enkf_update.sh[198][[ .false. == \.\t\r\u\e\. ]]
+ exgdas_enkf_update.sh[202][[ 3 -eq 6 ]]
+ exgdas_enkf_update.sh[211][[ NO == \Y\E\S ]]
+ exgdas_enkf_update.sh[215]/bin/ln -sf /lfs/h2/emc/ptmp/emc.global/RETRO_GFSv17/comroot/retrotestgfs10/enkfgdas.20241124/18/mem009/analysis/atmos/enkfgdas.t18z.atmi003.nc incr_2024112418_fhr03_mem009
+ exgdas_enkf_update.sh[219][[ YES == \Y\E\S ]]
+ exgdas_enkf_update.sh[220]/bin/ln -sf /lfs/h2/emc/ptmp/emc.global/RETRO_GFSv17/comroot/retrotestgfs10/enkfgdas.20241124/18/mem009/analysis/atmos/enkfgdas.t18z.sfci003.nc sfcincr_2024112418_fhr03_mem009
+ exgdas_enkf_update.sh[191]for FHR in ${nfhrs}
+ exgdas_enkf_update.sh[192]/bin/ln -sf /lfs/h2/emc/ptmp/emc.global/RETRO_GFSv17/comroot/retrotestgfs10/enkfgdas.20241124/12/mem009/model/atmos/history/enkfgdas.t12z.atmf006.nc sfg_2024112418_fhr06_mem009
+ exgdas_enkf_update.sh[194][[ .true. == \.\t\r\u\e\. ]]
+ exgdas_enkf_update.sh[195]/bin/ln -sf /lfs/h2/emc/ptmp/emc.global/RETRO_GFSv17/comroot/retrotestgfs10/enkfgdas.20241124/12/mem009/model/atmos/history/enkfgdas.t12z.sfcf006.nc bfg_2024112418_fhr06_mem009
+ exgdas_enkf_update.sh[198][[ .false. == \.\t\r\u\e\. ]]
+ exgdas_enkf_update.sh[202][[ 6 -eq 6 ]]
+ exgdas_enkf_update.sh[203][[ NO == \Y\E\S ]]
+ exgdas_enkf_update.sh[207]/bin/ln -sf /lfs/h2/emc/ptmp/emc.global/RETRO_GFSv17/comroot/retrotestgfs10/enkfgdas.20241124/18/mem009/analysis/atmos/enkfgdas.t18z.atminc.nc incr_2024112418_fhr06_mem009
+ exgdas_enkf_update.sh[219][[ YES == \Y\E\S ]]
+ exgdas_enkf_update.sh[220]/bin/ln -sf /lfs/h2/emc/ptmp/emc.global/RETRO_GFSv17/comroot/retrotestgfs10/enkfgdas.20241124/18/mem009/analysis/atmos/enkfgdas.t18z.sfci006.nc sfcincr_2024112418_fhr06_mem009
+ exgdas_enkf_update.sh[191]for FHR in ${nfhrs}
+ exgdas_enkf_update.sh[192]/bin/ln -sf /lfs/h2/emc/ptmp/emc.global/RETRO_GFSv17/comroot/retrotestgfs10/enkfgdas.20241124/12/mem009/model/atmos/history/enkfgdas.t12z.atmf009.nc sfg_2024112418_fhr09_mem009
+ exgdas_enkf_update.sh[194][[ .true. == \.\t\r\u\e\. ]]
+ exgdas_enkf_update.sh[195]/bin/ln -sf /lfs/h2/emc/ptmp/emc.global/RETRO_GFSv17/comroot/retrotestgfs10/enkfgdas.20241124/12/mem009/model/atmos/history/enkfgdas.t12z.sfcf009.nc bfg_2024112418_fhr09_mem009
+ exgdas_enkf_update.sh[198][[ .false. == \.\t\r\u\e\. ]]
+ exgdas_enkf_update.sh[202][[ 9 -eq 6 ]]
+ exgdas_enkf_update.sh[211][[ NO == \Y\E\S ]]
+ exgdas_enkf_update.sh[215]/bin/ln -sf /lfs/h2/emc/ptmp/emc.global/RETRO_GFSv17/comroot/retrotestgfs10/enkfgdas.20241124/18/mem009/analysis/atmos/enkfgdas.t18z.atmi009.nc incr_2024112418_fhr09_mem009
+ exgdas_enkf_update.sh[219][[ YES == \Y\E\S ]]
+ exgdas_enkf_update.sh[220]/bin/ln -sf /lfs/h2/emc/ptmp/emc.global/RETRO_GFSv17/comroot/retrotestgfs10/enkfgdas.20241124/18/mem009/analysis/atmos/enkfgdas.t18z.sfci009.nc sfcincr_2024112418_fhr09_mem009
+ exgdas_enkf_update.sh[175]for imem in $(seq 1 ${NMEM_ENS})
+ exgdas_enkf_update.sh[176]smem=10
+ exgdas_enkf_update.sh[177]((  smem > NMEM_ENS_MAX  ))
++ exgdas_enkf_update.sh[180]printf %03i 10
+ exgdas_enkf_update.sh[180]gmemchar=mem010
++ exgdas_enkf_update.sh[181]printf %03i 10
+ exgdas_enkf_update.sh[181]memchar=mem010
+ exgdas_enkf_update.sh[183]MEMDIR=mem010
+ exgdas_enkf_update.sh[183]RUN=enkfgdas
+ exgdas_enkf_update.sh[183]YMD=20241124
+ exgdas_enkf_update.sh[183]HH=12
+ exgdas_enkf_update.sh[183]declare_from_tmpl -x COMIN_ATMOS_HISTORY_MEM_PREV:COM_ATMOS_HISTORY_TMPL
+ environment[0][[ NO == \N\O ]]
+ environment[1]set +x
declare_from_tmpl :: COMIN_ATMOS_HISTORY_MEM_PREV=/lfs/h2/emc/ptmp/emc.global/RETRO_GFSv17/comroot/retrotestgfs10/enkfgdas.20241124/12/mem010/model/atmos/history
+ exgdas_enkf_update.sh[186]MEMDIR=mem010
+ exgdas_enkf_update.sh[186]YMD=20241124
+ exgdas_enkf_update.sh[186]HH=18
+ exgdas_enkf_update.sh[186]declare_from_tmpl -x COMOUT_ATMOS_ANALYSIS_MEM:COM_ATMOS_ANALYSIS_TMPL
+ environment[0][[ NO == \N\O ]]
+ environment[1]set +x
declare_from_tmpl :: COMOUT_ATMOS_ANALYSIS_MEM=/lfs/h2/emc/ptmp/emc.global/RETRO_GFSv17/comroot/retrotestgfs10/enkfgdas.20241124/18/mem010/analysis/atmos
+ exgdas_enkf_update.sh[189]mkdir -p /lfs/h2/emc/ptmp/emc.global/RETRO_GFSv17/comroot/retrotestgfs10/enkfgdas.20241124/18/mem010/analysis/atmos
+ exgdas_enkf_update.sh[191]for FHR in ${nfhrs}
+ exgdas_enkf_update.sh[192]/bin/ln -sf /lfs/h2/emc/ptmp/emc.global/RETRO_GFSv17/comroot/retrotestgfs10/enkfgdas.20241124/12/mem010/model/atmos/history/enkfgdas.t12z.atmf003.nc sfg_2024112418_fhr03_mem010
+ exgdas_enkf_update.sh[194][[ .true. == \.\t\r\u\e\. ]]
+ exgdas_enkf_update.sh[195]/bin/ln -sf /lfs/h2/emc/ptmp/emc.global/RETRO_GFSv17/comroot/retrotestgfs10/enkfgdas.20241124/12/mem010/model/atmos/history/enkfgdas.t12z.sfcf003.nc bfg_2024112418_fhr03_mem010
+ exgdas_enkf_update.sh[198][[ .false. == \.\t\r\u\e\. ]]
+ exgdas_enkf_update.sh[202][[ 3 -eq 6 ]]
+ exgdas_enkf_update.sh[211][[ NO == \Y\E\S ]]
+ exgdas_enkf_update.sh[215]/bin/ln -sf /lfs/h2/emc/ptmp/emc.global/RETRO_GFSv17/comroot/retrotestgfs10/enkfgdas.20241124/18/mem010/analysis/atmos/enkfgdas.t18z.atmi003.nc incr_2024112418_fhr03_mem010
+ exgdas_enkf_update.sh[219][[ YES == \Y\E\S ]]
+ exgdas_enkf_update.sh[220]/bin/ln -sf /lfs/h2/emc/ptmp/emc.global/RETRO_GFSv17/comroot/retrotestgfs10/enkfgdas.20241124/18/mem010/analysis/atmos/enkfgdas.t18z.sfci003.nc sfcincr_2024112418_fhr03_mem010
+ exgdas_enkf_update.sh[191]for FHR in ${nfhrs}
+ exgdas_enkf_update.sh[192]/bin/ln -sf /lfs/h2/emc/ptmp/emc.global/RETRO_GFSv17/comroot/retrotestgfs10/enkfgdas.20241124/12/mem010/model/atmos/history/enkfgdas.t12z.atmf006.nc sfg_2024112418_fhr06_mem010
+ exgdas_enkf_update.sh[194][[ .true. == \.\t\r\u\e\. ]]
+ exgdas_enkf_update.sh[195]/bin/ln -sf /lfs/h2/emc/ptmp/emc.global/RETRO_GFSv17/comroot/retrotestgfs10/enkfgdas.20241124/12/mem010/model/atmos/history/enkfgdas.t12z.sfcf006.nc bfg_2024112418_fhr06_mem010
+ exgdas_enkf_update.sh[198][[ .false. == \.\t\r\u\e\. ]]
+ exgdas_enkf_update.sh[202][[ 6 -eq 6 ]]
+ exgdas_enkf_update.sh[203][[ NO == \Y\E\S ]]
+ exgdas_enkf_update.sh[207]/bin/ln -sf /lfs/h2/emc/ptmp/emc.global/RETRO_GFSv17/comroot/retrotestgfs10/enkfgdas.20241124/18/mem010/analysis/atmos/enkfgdas.t18z.atminc.nc incr_2024112418_fhr06_mem010
+ exgdas_enkf_update.sh[219][[ YES == \Y\E\S ]]
+ exgdas_enkf_update.sh[220]/bin/ln -sf /lfs/h2/emc/ptmp/emc.global/RETRO_GFSv17/comroot/retrotestgfs10/enkfgdas.20241124/18/mem010/analysis/atmos/enkfgdas.t18z.sfci006.nc sfcincr_2024112418_fhr06_mem010
+ exgdas_enkf_update.sh[191]for FHR in ${nfhrs}
+ exgdas_enkf_update.sh[192]/bin/ln -sf /lfs/h2/emc/ptmp/emc.global/RETRO_GFSv17/comroot/retrotestgfs10/enkfgdas.20241124/12/mem010/model/atmos/history/enkfgdas.t12z.atmf009.nc sfg_2024112418_fhr09_mem010
+ exgdas_enkf_update.sh[194][[ .true. == \.\t\r\u\e\. ]]
+ exgdas_enkf_update.sh[195]/bin/ln -sf /lfs/h2/emc/ptmp/emc.global/RETRO_GFSv17/comroot/retrotestgfs10/enkfgdas.20241124/12/mem010/model/atmos/history/enkfgdas.t12z.sfcf009.nc bfg_2024112418_fhr09_mem010
+ exgdas_enkf_update.sh[198][[ .false. == \.\t\r\u\e\. ]]
+ exgdas_enkf_update.sh[202][[ 9 -eq 6 ]]
+ exgdas_enkf_update.sh[211][[ NO == \Y\E\S ]]
+ exgdas_enkf_update.sh[215]/bin/ln -sf /lfs/h2/emc/ptmp/emc.global/RETRO_GFSv17/comroot/retrotestgfs10/enkfgdas.20241124/18/mem010/analysis/atmos/enkfgdas.t18z.atmi009.nc incr_2024112418_fhr09_mem010
+ exgdas_enkf_update.sh[219][[ YES == \Y\E\S ]]
+ exgdas_enkf_update.sh[220]/bin/ln -sf /lfs/h2/emc/ptmp/emc.global/RETRO_GFSv17/comroot/retrotestgfs10/enkfgdas.20241124/18/mem010/analysis/atmos/enkfgdas.t18z.sfci009.nc sfcincr_2024112418_fhr09_mem010
+ exgdas_enkf_update.sh[175]for imem in $(seq 1 ${NMEM_ENS})
+ exgdas_enkf_update.sh[176]smem=11
+ exgdas_enkf_update.sh[177]((  smem > NMEM_ENS_MAX  ))
++ exgdas_enkf_update.sh[180]printf %03i 11
+ exgdas_enkf_update.sh[180]gmemchar=mem011
++ exgdas_enkf_update.sh[181]printf %03i 11
+ exgdas_enkf_update.sh[181]memchar=mem011
+ exgdas_enkf_update.sh[183]MEMDIR=mem011
+ exgdas_enkf_update.sh[183]RUN=enkfgdas
+ exgdas_enkf_update.sh[183]YMD=20241124
+ exgdas_enkf_update.sh[183]HH=12
+ exgdas_enkf_update.sh[183]declare_from_tmpl -x COMIN_ATMOS_HISTORY_MEM_PREV:COM_ATMOS_HISTORY_TMPL
+ environment[0][[ NO == \N\O ]]
+ environment[1]set +x
declare_from_tmpl :: COMIN_ATMOS_HISTORY_MEM_PREV=/lfs/h2/emc/ptmp/emc.global/RETRO_GFSv17/comroot/retrotestgfs10/enkfgdas.20241124/12/mem011/model/atmos/history
+ exgdas_enkf_update.sh[186]MEMDIR=mem011
+ exgdas_enkf_update.sh[186]YMD=20241124
+ exgdas_enkf_update.sh[186]HH=18
+ exgdas_enkf_update.sh[186]declare_from_tmpl -x COMOUT_ATMOS_ANALYSIS_MEM:COM_ATMOS_ANALYSIS_TMPL
+ environment[0][[ NO == \N\O ]]
+ environment[1]set +x
declare_from_tmpl :: COMOUT_ATMOS_ANALYSIS_MEM=/lfs/h2/emc/ptmp/emc.global/RETRO_GFSv17/comroot/retrotestgfs10/enkfgdas.20241124/18/mem011/analysis/atmos
+ exgdas_enkf_update.sh[189]mkdir -p /lfs/h2/emc/ptmp/emc.global/RETRO_GFSv17/comroot/retrotestgfs10/enkfgdas.20241124/18/mem011/analysis/atmos
+ exgdas_enkf_update.sh[191]for FHR in ${nfhrs}
+ exgdas_enkf_update.sh[192]/bin/ln -sf /lfs/h2/emc/ptmp/emc.global/RETRO_GFSv17/comroot/retrotestgfs10/enkfgdas.20241124/12/mem011/model/atmos/history/enkfgdas.t12z.atmf003.nc sfg_2024112418_fhr03_mem011
+ exgdas_enkf_update.sh[194][[ .true. == \.\t\r\u\e\. ]]
+ exgdas_enkf_update.sh[195]/bin/ln -sf /lfs/h2/emc/ptmp/emc.global/RETRO_GFSv17/comroot/retrotestgfs10/enkfgdas.20241124/12/mem011/model/atmos/history/enkfgdas.t12z.sfcf003.nc bfg_2024112418_fhr03_mem011
+ exgdas_enkf_update.sh[198][[ .false. == \.\t\r\u\e\. ]]
+ exgdas_enkf_update.sh[202][[ 3 -eq 6 ]]
+ exgdas_enkf_update.sh[211][[ NO == \Y\E\S ]]
+ exgdas_enkf_update.sh[215]/bin/ln -sf /lfs/h2/emc/ptmp/emc.global/RETRO_GFSv17/comroot/retrotestgfs10/enkfgdas.20241124/18/mem011/analysis/atmos/enkfgdas.t18z.atmi003.nc incr_2024112418_fhr03_mem011
+ exgdas_enkf_update.sh[219][[ YES == \Y\E\S ]]
+ exgdas_enkf_update.sh[220]/bin/ln -sf /lfs/h2/emc/ptmp/emc.global/RETRO_GFSv17/comroot/retrotestgfs10/enkfgdas.20241124/18/mem011/analysis/atmos/enkfgdas.t18z.sfci003.nc sfcincr_2024112418_fhr03_mem011
+ exgdas_enkf_update.sh[191]for FHR in ${nfhrs}
+ exgdas_enkf_update.sh[192]/bin/ln -sf /lfs/h2/emc/ptmp/emc.global/RETRO_GFSv17/comroot/retrotestgfs10/enkfgdas.20241124/12/mem011/model/atmos/history/enkfgdas.t12z.atmf006.nc sfg_2024112418_fhr06_mem011
+ exgdas_enkf_update.sh[194][[ .true. == \.\t\r\u\e\. ]]
+ exgdas_enkf_update.sh[195]/bin/ln -sf /lfs/h2/emc/ptmp/emc.global/RETRO_GFSv17/comroot/retrotestgfs10/enkfgdas.20241124/12/mem011/model/atmos/history/enkfgdas.t12z.sfcf006.nc bfg_2024112418_fhr06_mem011
+ exgdas_enkf_update.sh[198][[ .false. == \.\t\r\u\e\. ]]
+ exgdas_enkf_update.sh[202][[ 6 -eq 6 ]]
+ exgdas_enkf_update.sh[203][[ NO == \Y\E\S ]]
+ exgdas_enkf_update.sh[207]/bin/ln -sf /lfs/h2/emc/ptmp/emc.global/RETRO_GFSv17/comroot/retrotestgfs10/enkfgdas.20241124/18/mem011/analysis/atmos/enkfgdas.t18z.atminc.nc incr_2024112418_fhr06_mem011
+ exgdas_enkf_update.sh[219][[ YES == \Y\E\S ]]
+ exgdas_enkf_update.sh[220]/bin/ln -sf /lfs/h2/emc/ptmp/emc.global/RETRO_GFSv17/comroot/retrotestgfs10/enkfgdas.20241124/18/mem011/analysis/atmos/enkfgdas.t18z.sfci006.nc sfcincr_2024112418_fhr06_mem011
+ exgdas_enkf_update.sh[191]for FHR in ${nfhrs}
+ exgdas_enkf_update.sh[192]/bin/ln -sf /lfs/h2/emc/ptmp/emc.global/RETRO_GFSv17/comroot/retrotestgfs10/enkfgdas.20241124/12/mem011/model/atmos/history/enkfgdas.t12z.atmf009.nc sfg_2024112418_fhr09_mem011
+ exgdas_enkf_update.sh[194][[ .true. == \.\t\r\u\e\. ]]
+ exgdas_enkf_update.sh[195]/bin/ln -sf /lfs/h2/emc/ptmp/emc.global/RETRO_GFSv17/comroot/retrotestgfs10/enkfgdas.20241124/12/mem011/model/atmos/history/enkfgdas.t12z.sfcf009.nc bfg_2024112418_fhr09_mem011
+ exgdas_enkf_update.sh[198][[ .false. == \.\t\r\u\e\. ]]
+ exgdas_enkf_update.sh[202][[ 9 -eq 6 ]]
+ exgdas_enkf_update.sh[211][[ NO == \Y\E\S ]]
+ exgdas_enkf_update.sh[215]/bin/ln -sf /lfs/h2/emc/ptmp/emc.global/RETRO_GFSv17/comroot/retrotestgfs10/enkfgdas.20241124/18/mem011/analysis/atmos/enkfgdas.t18z.atmi009.nc incr_2024112418_fhr09_mem011
+ exgdas_enkf_update.sh[219][[ YES == \Y\E\S ]]
+ exgdas_enkf_update.sh[220]/bin/ln -sf /lfs/h2/emc/ptmp/emc.global/RETRO_GFSv17/comroot/retrotestgfs10/enkfgdas.20241124/18/mem011/analysis/atmos/enkfgdas.t18z.sfci009.nc sfcincr_2024112418_fhr09_mem011
+ exgdas_enkf_update.sh[175]for imem in $(seq 1 ${NMEM_ENS})
+ exgdas_enkf_update.sh[176]smem=12
+ exgdas_enkf_update.sh[177]((  smem > NMEM_ENS_MAX  ))
++ exgdas_enkf_update.sh[180]printf %03i 12
+ exgdas_enkf_update.sh[180]gmemchar=mem012
++ exgdas_enkf_update.sh[181]printf %03i 12
+ exgdas_enkf_update.sh[181]memchar=mem012
+ exgdas_enkf_update.sh[183]MEMDIR=mem012
+ exgdas_enkf_update.sh[183]RUN=enkfgdas
+ exgdas_enkf_update.sh[183]YMD=20241124
+ exgdas_enkf_update.sh[183]HH=12
+ exgdas_enkf_update.sh[183]declare_from_tmpl -x COMIN_ATMOS_HISTORY_MEM_PREV:COM_ATMOS_HISTORY_TMPL
+ environment[0][[ NO == \N\O ]]
+ environment[1]set +x
declare_from_tmpl :: COMIN_ATMOS_HISTORY_MEM_PREV=/lfs/h2/emc/ptmp/emc.global/RETRO_GFSv17/comroot/retrotestgfs10/enkfgdas.20241124/12/mem012/model/atmos/history
+ exgdas_enkf_update.sh[186]MEMDIR=mem012
+ exgdas_enkf_update.sh[186]YMD=20241124
+ exgdas_enkf_update.sh[186]HH=18
+ exgdas_enkf_update.sh[186]declare_from_tmpl -x COMOUT_ATMOS_ANALYSIS_MEM:COM_ATMOS_ANALYSIS_TMPL
+ environment[0][[ NO == \N\O ]]
+ environment[1]set +x
declare_from_tmpl :: COMOUT_ATMOS_ANALYSIS_MEM=/lfs/h2/emc/ptmp/emc.global/RETRO_GFSv17/comroot/retrotestgfs10/enkfgdas.20241124/18/mem012/analysis/atmos
+ exgdas_enkf_update.sh[189]mkdir -p /lfs/h2/emc/ptmp/emc.global/RETRO_GFSv17/comroot/retrotestgfs10/enkfgdas.20241124/18/mem012/analysis/atmos
+ exgdas_enkf_update.sh[191]for FHR in ${nfhrs}
+ exgdas_enkf_update.sh[192]/bin/ln -sf /lfs/h2/emc/ptmp/emc.global/RETRO_GFSv17/comroot/retrotestgfs10/enkfgdas.20241124/12/mem012/model/atmos/history/enkfgdas.t12z.atmf003.nc sfg_2024112418_fhr03_mem012
+ exgdas_enkf_update.sh[194][[ .true. == \.\t\r\u\e\. ]]
+ exgdas_enkf_update.sh[195]/bin/ln -sf /lfs/h2/emc/ptmp/emc.global/RETRO_GFSv17/comroot/retrotestgfs10/enkfgdas.20241124/12/mem012/model/atmos/history/enkfgdas.t12z.sfcf003.nc bfg_2024112418_fhr03_mem012
+ exgdas_enkf_update.sh[198][[ .false. == \.\t\r\u\e\. ]]
+ exgdas_enkf_update.sh[202][[ 3 -eq 6 ]]
+ exgdas_enkf_update.sh[211][[ NO == \Y\E\S ]]
+ exgdas_enkf_update.sh[215]/bin/ln -sf /lfs/h2/emc/ptmp/emc.global/RETRO_GFSv17/comroot/retrotestgfs10/enkfgdas.20241124/18/mem012/analysis/atmos/enkfgdas.t18z.atmi003.nc incr_2024112418_fhr03_mem012
+ exgdas_enkf_update.sh[219][[ YES == \Y\E\S ]]
+ exgdas_enkf_update.sh[220]/bin/ln -sf /lfs/h2/emc/ptmp/emc.global/RETRO_GFSv17/comroot/retrotestgfs10/enkfgdas.20241124/18/mem012/analysis/atmos/enkfgdas.t18z.sfci003.nc sfcincr_2024112418_fhr03_mem012
+ exgdas_enkf_update.sh[191]for FHR in ${nfhrs}
+ exgdas_enkf_update.sh[192]/bin/ln -sf /lfs/h2/emc/ptmp/emc.global/RETRO_GFSv17/comroot/retrotestgfs10/enkfgdas.20241124/12/mem012/model/atmos/history/enkfgdas.t12z.atmf006.nc sfg_2024112418_fhr06_mem012
+ exgdas_enkf_update.sh[194][[ .true. == \.\t\r\u\e\. ]]
+ exgdas_enkf_update.sh[195]/bin/ln -sf /lfs/h2/emc/ptmp/emc.global/RETRO_GFSv17/comroot/retrotestgfs10/enkfgdas.20241124/12/mem012/model/atmos/history/enkfgdas.t12z.sfcf006.nc bfg_2024112418_fhr06_mem012
+ exgdas_enkf_update.sh[198][[ .false. == \.\t\r\u\e\. ]]
+ exgdas_enkf_update.sh[202][[ 6 -eq 6 ]]
+ exgdas_enkf_update.sh[203][[ NO == \Y\E\S ]]
+ exgdas_enkf_update.sh[207]/bin/ln -sf /lfs/h2/emc/ptmp/emc.global/RETRO_GFSv17/comroot/retrotestgfs10/enkfgdas.20241124/18/mem012/analysis/atmos/enkfgdas.t18z.atminc.nc incr_2024112418_fhr06_mem012
+ exgdas_enkf_update.sh[219][[ YES == \Y\E\S ]]
+ exgdas_enkf_update.sh[220]/bin/ln -sf /lfs/h2/emc/ptmp/emc.global/RETRO_GFSv17/comroot/retrotestgfs10/enkfgdas.20241124/18/mem012/analysis/atmos/enkfgdas.t18z.sfci006.nc sfcincr_2024112418_fhr06_mem012
+ exgdas_enkf_update.sh[191]for FHR in ${nfhrs}
+ exgdas_enkf_update.sh[192]/bin/ln -sf /lfs/h2/emc/ptmp/emc.global/RETRO_GFSv17/comroot/retrotestgfs10/enkfgdas.20241124/12/mem012/model/atmos/history/enkfgdas.t12z.atmf009.nc sfg_2024112418_fhr09_mem012
+ exgdas_enkf_update.sh[194][[ .true. == \.\t\r\u\e\. ]]
+ exgdas_enkf_update.sh[195]/bin/ln -sf /lfs/h2/emc/ptmp/emc.global/RETRO_GFSv17/comroot/retrotestgfs10/enkfgdas.20241124/12/mem012/model/atmos/history/enkfgdas.t12z.sfcf009.nc bfg_2024112418_fhr09_mem012
+ exgdas_enkf_update.sh[198][[ .false. == \.\t\r\u\e\. ]]
+ exgdas_enkf_update.sh[202][[ 9 -eq 6 ]]
+ exgdas_enkf_update.sh[211][[ NO == \Y\E\S ]]
+ exgdas_enkf_update.sh[215]/bin/ln -sf /lfs/h2/emc/ptmp/emc.global/RETRO_GFSv17/comroot/retrotestgfs10/enkfgdas.20241124/18/mem012/analysis/atmos/enkfgdas.t18z.atmi009.nc incr_2024112418_fhr09_mem012
+ exgdas_enkf_update.sh[219][[ YES == \Y\E\S ]]
+ exgdas_enkf_update.sh[220]/bin/ln -sf /lfs/h2/emc/ptmp/emc.global/RETRO_GFSv17/comroot/retrotestgfs10/enkfgdas.20241124/18/mem012/analysis/atmos/enkfgdas.t18z.sfci009.nc sfcincr_2024112418_fhr09_mem012
+ exgdas_enkf_update.sh[175]for imem in $(seq 1 ${NMEM_ENS})
+ exgdas_enkf_update.sh[176]smem=13
+ exgdas_enkf_update.sh[177]((  smem > NMEM_ENS_MAX  ))
++ exgdas_enkf_update.sh[180]printf %03i 13
+ exgdas_enkf_update.sh[180]gmemchar=mem013
++ exgdas_enkf_update.sh[181]printf %03i 13
+ exgdas_enkf_update.sh[181]memchar=mem013
+ exgdas_enkf_update.sh[183]MEMDIR=mem013
+ exgdas_enkf_update.sh[183]RUN=enkfgdas
+ exgdas_enkf_update.sh[183]YMD=20241124
+ exgdas_enkf_update.sh[183]HH=12
+ exgdas_enkf_update.sh[183]declare_from_tmpl -x COMIN_ATMOS_HISTORY_MEM_PREV:COM_ATMOS_HISTORY_TMPL
+ environment[0][[ NO == \N\O ]]
+ environment[1]set +x
declare_from_tmpl :: COMIN_ATMOS_HISTORY_MEM_PREV=/lfs/h2/emc/ptmp/emc.global/RETRO_GFSv17/comroot/retrotestgfs10/enkfgdas.20241124/12/mem013/model/atmos/history
+ exgdas_enkf_update.sh[186]MEMDIR=mem013
+ exgdas_enkf_update.sh[186]YMD=20241124
+ exgdas_enkf_update.sh[186]HH=18
+ exgdas_enkf_update.sh[186]declare_from_tmpl -x COMOUT_ATMOS_ANALYSIS_MEM:COM_ATMOS_ANALYSIS_TMPL
+ environment[0][[ NO == \N\O ]]
+ environment[1]set +x
declare_from_tmpl :: COMOUT_ATMOS_ANALYSIS_MEM=/lfs/h2/emc/ptmp/emc.global/RETRO_GFSv17/comroot/retrotestgfs10/enkfgdas.20241124/18/mem013/analysis/atmos
+ exgdas_enkf_update.sh[189]mkdir -p /lfs/h2/emc/ptmp/emc.global/RETRO_GFSv17/comroot/retrotestgfs10/enkfgdas.20241124/18/mem013/analysis/atmos
+ exgdas_enkf_update.sh[191]for FHR in ${nfhrs}
+ exgdas_enkf_update.sh[192]/bin/ln -sf /lfs/h2/emc/ptmp/emc.global/RETRO_GFSv17/comroot/retrotestgfs10/enkfgdas.20241124/12/mem013/model/atmos/history/enkfgdas.t12z.atmf003.nc sfg_2024112418_fhr03_mem013
+ exgdas_enkf_update.sh[194][[ .true. == \.\t\r\u\e\. ]]
+ exgdas_enkf_update.sh[195]/bin/ln -sf /lfs/h2/emc/ptmp/emc.global/RETRO_GFSv17/comroot/retrotestgfs10/enkfgdas.20241124/12/mem013/model/atmos/history/enkfgdas.t12z.sfcf003.nc bfg_2024112418_fhr03_mem013
+ exgdas_enkf_update.sh[198][[ .false. == \.\t\r\u\e\. ]]
+ exgdas_enkf_update.sh[202][[ 3 -eq 6 ]]
+ exgdas_enkf_update.sh[211][[ NO == \Y\E\S ]]
+ exgdas_enkf_update.sh[215]/bin/ln -sf /lfs/h2/emc/ptmp/emc.global/RETRO_GFSv17/comroot/retrotestgfs10/enkfgdas.20241124/18/mem013/analysis/atmos/enkfgdas.t18z.atmi003.nc incr_2024112418_fhr03_mem013
+ exgdas_enkf_update.sh[219][[ YES == \Y\E\S ]]
+ exgdas_enkf_update.sh[220]/bin/ln -sf /lfs/h2/emc/ptmp/emc.global/RETRO_GFSv17/comroot/retrotestgfs10/enkfgdas.20241124/18/mem013/analysis/atmos/enkfgdas.t18z.sfci003.nc sfcincr_2024112418_fhr03_mem013
+ exgdas_enkf_update.sh[191]for FHR in ${nfhrs}
+ exgdas_enkf_update.sh[192]/bin/ln -sf /lfs/h2/emc/ptmp/emc.global/RETRO_GFSv17/comroot/retrotestgfs10/enkfgdas.20241124/12/mem013/model/atmos/history/enkfgdas.t12z.atmf006.nc sfg_2024112418_fhr06_mem013
+ exgdas_enkf_update.sh[194][[ .true. == \.\t\r\u\e\. ]]
+ exgdas_enkf_update.sh[195]/bin/ln -sf /lfs/h2/emc/ptmp/emc.global/RETRO_GFSv17/comroot/retrotestgfs10/enkfgdas.20241124/12/mem013/model/atmos/history/enkfgdas.t12z.sfcf006.nc bfg_2024112418_fhr06_mem013
+ exgdas_enkf_update.sh[198][[ .false. == \.\t\r\u\e\. ]]
+ exgdas_enkf_update.sh[202][[ 6 -eq 6 ]]
+ exgdas_enkf_update.sh[203][[ NO == \Y\E\S ]]
+ exgdas_enkf_update.sh[207]/bin/ln -sf /lfs/h2/emc/ptmp/emc.global/RETRO_GFSv17/comroot/retrotestgfs10/enkfgdas.20241124/18/mem013/analysis/atmos/enkfgdas.t18z.atminc.nc incr_2024112418_fhr06_mem013
+ exgdas_enkf_update.sh[219][[ YES == \Y\E\S ]]
+ exgdas_enkf_update.sh[220]/bin/ln -sf /lfs/h2/emc/ptmp/emc.global/RETRO_GFSv17/comroot/retrotestgfs10/enkfgdas.20241124/18/mem013/analysis/atmos/enkfgdas.t18z.sfci006.nc sfcincr_2024112418_fhr06_mem013
+ exgdas_enkf_update.sh[191]for FHR in ${nfhrs}
+ exgdas_enkf_update.sh[192]/bin/ln -sf /lfs/h2/emc/ptmp/emc.global/RETRO_GFSv17/comroot/retrotestgfs10/enkfgdas.20241124/12/mem013/model/atmos/history/enkfgdas.t12z.atmf009.nc sfg_2024112418_fhr09_mem013
+ exgdas_enkf_update.sh[194][[ .true. == \.\t\r\u\e\. ]]
+ exgdas_enkf_update.sh[195]/bin/ln -sf /lfs/h2/emc/ptmp/emc.global/RETRO_GFSv17/comroot/retrotestgfs10/enkfgdas.20241124/12/mem013/model/atmos/history/enkfgdas.t12z.sfcf009.nc bfg_2024112418_fhr09_mem013
+ exgdas_enkf_update.sh[198][[ .false. == \.\t\r\u\e\. ]]
+ exgdas_enkf_update.sh[202][[ 9 -eq 6 ]]
+ exgdas_enkf_update.sh[211][[ NO == \Y\E\S ]]
+ exgdas_enkf_update.sh[215]/bin/ln -sf /lfs/h2/emc/ptmp/emc.global/RETRO_GFSv17/comroot/retrotestgfs10/enkfgdas.20241124/18/mem013/analysis/atmos/enkfgdas.t18z.atmi009.nc incr_2024112418_fhr09_mem013
+ exgdas_enkf_update.sh[219][[ YES == \Y\E\S ]]
+ exgdas_enkf_update.sh[220]/bin/ln -sf /lfs/h2/emc/ptmp/emc.global/RETRO_GFSv17/comroot/retrotestgfs10/enkfgdas.20241124/18/mem013/analysis/atmos/enkfgdas.t18z.sfci009.nc sfcincr_2024112418_fhr09_mem013
+ exgdas_enkf_update.sh[175]for imem in $(seq 1 ${NMEM_ENS})
+ exgdas_enkf_update.sh[176]smem=14
+ exgdas_enkf_update.sh[177]((  smem > NMEM_ENS_MAX  ))
++ exgdas_enkf_update.sh[180]printf %03i 14
+ exgdas_enkf_update.sh[180]gmemchar=mem014
++ exgdas_enkf_update.sh[181]printf %03i 14
+ exgdas_enkf_update.sh[181]memchar=mem014
+ exgdas_enkf_update.sh[183]MEMDIR=mem014
+ exgdas_enkf_update.sh[183]RUN=enkfgdas
+ exgdas_enkf_update.sh[183]YMD=20241124
+ exgdas_enkf_update.sh[183]HH=12
+ exgdas_enkf_update.sh[183]declare_from_tmpl -x COMIN_ATMOS_HISTORY_MEM_PREV:COM_ATMOS_HISTORY_TMPL
+ environment[0][[ NO == \N\O ]]
+ environment[1]set +x
declare_from_tmpl :: COMIN_ATMOS_HISTORY_MEM_PREV=/lfs/h2/emc/ptmp/emc.global/RETRO_GFSv17/comroot/retrotestgfs10/enkfgdas.20241124/12/mem014/model/atmos/history
+ exgdas_enkf_update.sh[186]MEMDIR=mem014
+ exgdas_enkf_update.sh[186]YMD=20241124
+ exgdas_enkf_update.sh[186]HH=18
+ exgdas_enkf_update.sh[186]declare_from_tmpl -x COMOUT_ATMOS_ANALYSIS_MEM:COM_ATMOS_ANALYSIS_TMPL
+ environment[0][[ NO == \N\O ]]
+ environment[1]set +x
declare_from_tmpl :: COMOUT_ATMOS_ANALYSIS_MEM=/lfs/h2/emc/ptmp/emc.global/RETRO_GFSv17/comroot/retrotestgfs10/enkfgdas.20241124/18/mem014/analysis/atmos
+ exgdas_enkf_update.sh[189]mkdir -p /lfs/h2/emc/ptmp/emc.global/RETRO_GFSv17/comroot/retrotestgfs10/enkfgdas.20241124/18/mem014/analysis/atmos
+ exgdas_enkf_update.sh[191]for FHR in ${nfhrs}
+ exgdas_enkf_update.sh[192]/bin/ln -sf /lfs/h2/emc/ptmp/emc.global/RETRO_GFSv17/comroot/retrotestgfs10/enkfgdas.20241124/12/mem014/model/atmos/history/enkfgdas.t12z.atmf003.nc sfg_2024112418_fhr03_mem014
+ exgdas_enkf_update.sh[194][[ .true. == \.\t\r\u\e\. ]]
+ exgdas_enkf_update.sh[195]/bin/ln -sf /lfs/h2/emc/ptmp/emc.global/RETRO_GFSv17/comroot/retrotestgfs10/enkfgdas.20241124/12/mem014/model/atmos/history/enkfgdas.t12z.sfcf003.nc bfg_2024112418_fhr03_mem014
+ exgdas_enkf_update.sh[198][[ .false. == \.\t\r\u\e\. ]]
+ exgdas_enkf_update.sh[202][[ 3 -eq 6 ]]
+ exgdas_enkf_update.sh[211][[ NO == \Y\E\S ]]
+ exgdas_enkf_update.sh[215]/bin/ln -sf /lfs/h2/emc/ptmp/emc.global/RETRO_GFSv17/comroot/retrotestgfs10/enkfgdas.20241124/18/mem014/analysis/atmos/enkfgdas.t18z.atmi003.nc incr_2024112418_fhr03_mem014
+ exgdas_enkf_update.sh[219][[ YES == \Y\E\S ]]
+ exgdas_enkf_update.sh[220]/bin/ln -sf /lfs/h2/emc/ptmp/emc.global/RETRO_GFSv17/comroot/retrotestgfs10/enkfgdas.20241124/18/mem014/analysis/atmos/enkfgdas.t18z.sfci003.nc sfcincr_2024112418_fhr03_mem014
+ exgdas_enkf_update.sh[191]for FHR in ${nfhrs}
+ exgdas_enkf_update.sh[192]/bin/ln -sf /lfs/h2/emc/ptmp/emc.global/RETRO_GFSv17/comroot/retrotestgfs10/enkfgdas.20241124/12/mem014/model/atmos/history/enkfgdas.t12z.atmf006.nc sfg_2024112418_fhr06_mem014
+ exgdas_enkf_update.sh[194][[ .true. == \.\t\r\u\e\. ]]
+ exgdas_enkf_update.sh[195]/bin/ln -sf /lfs/h2/emc/ptmp/emc.global/RETRO_GFSv17/comroot/retrotestgfs10/enkfgdas.20241124/12/mem014/model/atmos/history/enkfgdas.t12z.sfcf006.nc bfg_2024112418_fhr06_mem014
+ exgdas_enkf_update.sh[198][[ .false. == \.\t\r\u\e\. ]]
+ exgdas_enkf_update.sh[202][[ 6 -eq 6 ]]
+ exgdas_enkf_update.sh[203][[ NO == \Y\E\S ]]
+ exgdas_enkf_update.sh[207]/bin/ln -sf /lfs/h2/emc/ptmp/emc.global/RETRO_GFSv17/comroot/retrotestgfs10/enkfgdas.20241124/18/mem014/analysis/atmos/enkfgdas.t18z.atminc.nc incr_2024112418_fhr06_mem014
+ exgdas_enkf_update.sh[219][[ YES == \Y\E\S ]]
+ exgdas_enkf_update.sh[220]/bin/ln -sf /lfs/h2/emc/ptmp/emc.global/RETRO_GFSv17/comroot/retrotestgfs10/enkfgdas.20241124/18/mem014/analysis/atmos/enkfgdas.t18z.sfci006.nc sfcincr_2024112418_fhr06_mem014
+ exgdas_enkf_update.sh[191]for FHR in ${nfhrs}
+ exgdas_enkf_update.sh[192]/bin/ln -sf /lfs/h2/emc/ptmp/emc.global/RETRO_GFSv17/comroot/retrotestgfs10/enkfgdas.20241124/12/mem014/model/atmos/history/enkfgdas.t12z.atmf009.nc sfg_2024112418_fhr09_mem014
+ exgdas_enkf_update.sh[194][[ .true. == \.\t\r\u\e\. ]]
+ exgdas_enkf_update.sh[195]/bin/ln -sf /lfs/h2/emc/ptmp/emc.global/RETRO_GFSv17/comroot/retrotestgfs10/enkfgdas.20241124/12/mem014/model/atmos/history/enkfgdas.t12z.sfcf009.nc bfg_2024112418_fhr09_mem014
+ exgdas_enkf_update.sh[198][[ .false. == \.\t\r\u\e\. ]]
+ exgdas_enkf_update.sh[202][[ 9 -eq 6 ]]
+ exgdas_enkf_update.sh[211][[ NO == \Y\E\S ]]
+ exgdas_enkf_update.sh[215]/bin/ln -sf /lfs/h2/emc/ptmp/emc.global/RETRO_GFSv17/comroot/retrotestgfs10/enkfgdas.20241124/18/mem014/analysis/atmos/enkfgdas.t18z.atmi009.nc incr_2024112418_fhr09_mem014
+ exgdas_enkf_update.sh[219][[ YES == \Y\E\S ]]
+ exgdas_enkf_update.sh[220]/bin/ln -sf /lfs/h2/emc/ptmp/emc.global/RETRO_GFSv17/comroot/retrotestgfs10/enkfgdas.20241124/18/mem014/analysis/atmos/enkfgdas.t18z.sfci009.nc sfcincr_2024112418_fhr09_mem014
+ exgdas_enkf_update.sh[175]for imem in $(seq 1 ${NMEM_ENS})
+ exgdas_enkf_update.sh[176]smem=15
+ exgdas_enkf_update.sh[177]((  smem > NMEM_ENS_MAX  ))
++ exgdas_enkf_update.sh[180]printf %03i 15
+ exgdas_enkf_update.sh[180]gmemchar=mem015
++ exgdas_enkf_update.sh[181]printf %03i 15
+ exgdas_enkf_update.sh[181]memchar=mem015
+ exgdas_enkf_update.sh[183]MEMDIR=mem015
+ exgdas_enkf_update.sh[183]RUN=enkfgdas
+ exgdas_enkf_update.sh[183]YMD=20241124
+ exgdas_enkf_update.sh[183]HH=12
+ exgdas_enkf_update.sh[183]declare_from_tmpl -x COMIN_ATMOS_HISTORY_MEM_PREV:COM_ATMOS_HISTORY_TMPL
+ environment[0][[ NO == \N\O ]]
+ environment[1]set +x
declare_from_tmpl :: COMIN_ATMOS_HISTORY_MEM_PREV=/lfs/h2/emc/ptmp/emc.global/RETRO_GFSv17/comroot/retrotestgfs10/enkfgdas.20241124/12/mem015/model/atmos/history
+ exgdas_enkf_update.sh[186]MEMDIR=mem015
+ exgdas_enkf_update.sh[186]YMD=20241124
+ exgdas_enkf_update.sh[186]HH=18
+ exgdas_enkf_update.sh[186]declare_from_tmpl -x COMOUT_ATMOS_ANALYSIS_MEM:COM_ATMOS_ANALYSIS_TMPL
+ environment[0][[ NO == \N\O ]]
+ environment[1]set +x
declare_from_tmpl :: COMOUT_ATMOS_ANALYSIS_MEM=/lfs/h2/emc/ptmp/emc.global/RETRO_GFSv17/comroot/retrotestgfs10/enkfgdas.20241124/18/mem015/analysis/atmos
+ exgdas_enkf_update.sh[189]mkdir -p /lfs/h2/emc/ptmp/emc.global/RETRO_GFSv17/comroot/retrotestgfs10/enkfgdas.20241124/18/mem015/analysis/atmos
+ exgdas_enkf_update.sh[191]for FHR in ${nfhrs}
+ exgdas_enkf_update.sh[192]/bin/ln -sf /lfs/h2/emc/ptmp/emc.global/RETRO_GFSv17/comroot/retrotestgfs10/enkfgdas.20241124/12/mem015/model/atmos/history/enkfgdas.t12z.atmf003.nc sfg_2024112418_fhr03_mem015
+ exgdas_enkf_update.sh[194][[ .true. == \.\t\r\u\e\. ]]
+ exgdas_enkf_update.sh[195]/bin/ln -sf /lfs/h2/emc/ptmp/emc.global/RETRO_GFSv17/comroot/retrotestgfs10/enkfgdas.20241124/12/mem015/model/atmos/history/enkfgdas.t12z.sfcf003.nc bfg_2024112418_fhr03_mem015
+ exgdas_enkf_update.sh[198][[ .false. == \.\t\r\u\e\. ]]
+ exgdas_enkf_update.sh[202][[ 3 -eq 6 ]]
+ exgdas_enkf_update.sh[211][[ NO == \Y\E\S ]]
+ exgdas_enkf_update.sh[215]/bin/ln -sf /lfs/h2/emc/ptmp/emc.global/RETRO_GFSv17/comroot/retrotestgfs10/enkfgdas.20241124/18/mem015/analysis/atmos/enkfgdas.t18z.atmi003.nc incr_2024112418_fhr03_mem015
+ exgdas_enkf_update.sh[219][[ YES == \Y\E\S ]]
+ exgdas_enkf_update.sh[220]/bin/ln -sf /lfs/h2/emc/ptmp/emc.global/RETRO_GFSv17/comroot/retrotestgfs10/enkfgdas.20241124/18/mem015/analysis/atmos/enkfgdas.t18z.sfci003.nc sfcincr_2024112418_fhr03_mem015
+ exgdas_enkf_update.sh[191]for FHR in ${nfhrs}
+ exgdas_enkf_update.sh[192]/bin/ln -sf /lfs/h2/emc/ptmp/emc.global/RETRO_GFSv17/comroot/retrotestgfs10/enkfgdas.20241124/12/mem015/model/atmos/history/enkfgdas.t12z.atmf006.nc sfg_2024112418_fhr06_mem015
+ exgdas_enkf_update.sh[194][[ .true. == \.\t\r\u\e\. ]]
+ exgdas_enkf_update.sh[195]/bin/ln -sf /lfs/h2/emc/ptmp/emc.global/RETRO_GFSv17/comroot/retrotestgfs10/enkfgdas.20241124/12/mem015/model/atmos/history/enkfgdas.t12z.sfcf006.nc bfg_2024112418_fhr06_mem015
+ exgdas_enkf_update.sh[198][[ .false. == \.\t\r\u\e\. ]]
+ exgdas_enkf_update.sh[202][[ 6 -eq 6 ]]
+ exgdas_enkf_update.sh[203][[ NO == \Y\E\S ]]
+ exgdas_enkf_update.sh[207]/bin/ln -sf /lfs/h2/emc/ptmp/emc.global/RETRO_GFSv17/comroot/retrotestgfs10/enkfgdas.20241124/18/mem015/analysis/atmos/enkfgdas.t18z.atminc.nc incr_2024112418_fhr06_mem015
+ exgdas_enkf_update.sh[219][[ YES == \Y\E\S ]]
+ exgdas_enkf_update.sh[220]/bin/ln -sf /lfs/h2/emc/ptmp/emc.global/RETRO_GFSv17/comroot/retrotestgfs10/enkfgdas.20241124/18/mem015/analysis/atmos/enkfgdas.t18z.sfci006.nc sfcincr_2024112418_fhr06_mem015
+ exgdas_enkf_update.sh[191]for FHR in ${nfhrs}
+ exgdas_enkf_update.sh[192]/bin/ln -sf /lfs/h2/emc/ptmp/emc.global/RETRO_GFSv17/comroot/retrotestgfs10/enkfgdas.20241124/12/mem015/model/atmos/history/enkfgdas.t12z.atmf009.nc sfg_2024112418_fhr09_mem015
+ exgdas_enkf_update.sh[194][[ .true. == \.\t\r\u\e\. ]]
+ exgdas_enkf_update.sh[195]/bin/ln -sf /lfs/h2/emc/ptmp/emc.global/RETRO_GFSv17/comroot/retrotestgfs10/enkfgdas.20241124/12/mem015/model/atmos/history/enkfgdas.t12z.sfcf009.nc bfg_2024112418_fhr09_mem015
+ exgdas_enkf_update.sh[198][[ .false. == \.\t\r\u\e\. ]]
+ exgdas_enkf_update.sh[202][[ 9 -eq 6 ]]
+ exgdas_enkf_update.sh[211][[ NO == \Y\E\S ]]
+ exgdas_enkf_update.sh[215]/bin/ln -sf /lfs/h2/emc/ptmp/emc.global/RETRO_GFSv17/comroot/retrotestgfs10/enkfgdas.20241124/18/mem015/analysis/atmos/enkfgdas.t18z.atmi009.nc incr_2024112418_fhr09_mem015
+ exgdas_enkf_update.sh[219][[ YES == \Y\E\S ]]
+ exgdas_enkf_update.sh[220]/bin/ln -sf /lfs/h2/emc/ptmp/emc.global/RETRO_GFSv17/comroot/retrotestgfs10/enkfgdas.20241124/18/mem015/analysis/atmos/enkfgdas.t18z.sfci009.nc sfcincr_2024112418_fhr09_mem015
+ exgdas_enkf_update.sh[175]for imem in $(seq 1 ${NMEM_ENS})
+ exgdas_enkf_update.sh[176]smem=16
+ exgdas_enkf_update.sh[177]((  smem > NMEM_ENS_MAX  ))
++ exgdas_enkf_update.sh[180]printf %03i 16
+ exgdas_enkf_update.sh[180]gmemchar=mem016
++ exgdas_enkf_update.sh[181]printf %03i 16
+ exgdas_enkf_update.sh[181]memchar=mem016
+ exgdas_enkf_update.sh[183]MEMDIR=mem016
+ exgdas_enkf_update.sh[183]RUN=enkfgdas
+ exgdas_enkf_update.sh[183]YMD=20241124
+ exgdas_enkf_update.sh[183]HH=12
+ exgdas_enkf_update.sh[183]declare_from_tmpl -x COMIN_ATMOS_HISTORY_MEM_PREV:COM_ATMOS_HISTORY_TMPL
+ environment[0][[ NO == \N\O ]]
+ environment[1]set +x
declare_from_tmpl :: COMIN_ATMOS_HISTORY_MEM_PREV=/lfs/h2/emc/ptmp/emc.global/RETRO_GFSv17/comroot/retrotestgfs10/enkfgdas.20241124/12/mem016/model/atmos/history
+ exgdas_enkf_update.sh[186]MEMDIR=mem016
+ exgdas_enkf_update.sh[186]YMD=20241124
+ exgdas_enkf_update.sh[186]HH=18
+ exgdas_enkf_update.sh[186]declare_from_tmpl -x COMOUT_ATMOS_ANALYSIS_MEM:COM_ATMOS_ANALYSIS_TMPL
+ environment[0][[ NO == \N\O ]]
+ environment[1]set +x
declare_from_tmpl :: COMOUT_ATMOS_ANALYSIS_MEM=/lfs/h2/emc/ptmp/emc.global/RETRO_GFSv17/comroot/retrotestgfs10/enkfgdas.20241124/18/mem016/analysis/atmos
+ exgdas_enkf_update.sh[189]mkdir -p /lfs/h2/emc/ptmp/emc.global/RETRO_GFSv17/comroot/retrotestgfs10/enkfgdas.20241124/18/mem016/analysis/atmos
+ exgdas_enkf_update.sh[191]for FHR in ${nfhrs}
+ exgdas_enkf_update.sh[192]/bin/ln -sf /lfs/h2/emc/ptmp/emc.global/RETRO_GFSv17/comroot/retrotestgfs10/enkfgdas.20241124/12/mem016/model/atmos/history/enkfgdas.t12z.atmf003.nc sfg_2024112418_fhr03_mem016
+ exgdas_enkf_update.sh[194][[ .true. == \.\t\r\u\e\. ]]
+ exgdas_enkf_update.sh[195]/bin/ln -sf /lfs/h2/emc/ptmp/emc.global/RETRO_GFSv17/comroot/retrotestgfs10/enkfgdas.20241124/12/mem016/model/atmos/history/enkfgdas.t12z.sfcf003.nc bfg_2024112418_fhr03_mem016
+ exgdas_enkf_update.sh[198][[ .false. == \.\t\r\u\e\. ]]
+ exgdas_enkf_update.sh[202][[ 3 -eq 6 ]]
+ exgdas_enkf_update.sh[211][[ NO == \Y\E\S ]]
+ exgdas_enkf_update.sh[215]/bin/ln -sf /lfs/h2/emc/ptmp/emc.global/RETRO_GFSv17/comroot/retrotestgfs10/enkfgdas.20241124/18/mem016/analysis/atmos/enkfgdas.t18z.atmi003.nc incr_2024112418_fhr03_mem016
+ exgdas_enkf_update.sh[219][[ YES == \Y\E\S ]]
+ exgdas_enkf_update.sh[220]/bin/ln -sf /lfs/h2/emc/ptmp/emc.global/RETRO_GFSv17/comroot/retrotestgfs10/enkfgdas.20241124/18/mem016/analysis/atmos/enkfgdas.t18z.sfci003.nc sfcincr_2024112418_fhr03_mem016
+ exgdas_enkf_update.sh[191]for FHR in ${nfhrs}
+ exgdas_enkf_update.sh[192]/bin/ln -sf /lfs/h2/emc/ptmp/emc.global/RETRO_GFSv17/comroot/retrotestgfs10/enkfgdas.20241124/12/mem016/model/atmos/history/enkfgdas.t12z.atmf006.nc sfg_2024112418_fhr06_mem016
+ exgdas_enkf_update.sh[194][[ .true. == \.\t\r\u\e\. ]]
+ exgdas_enkf_update.sh[195]/bin/ln -sf /lfs/h2/emc/ptmp/emc.global/RETRO_GFSv17/comroot/retrotestgfs10/enkfgdas.20241124/12/mem016/model/atmos/history/enkfgdas.t12z.sfcf006.nc bfg_2024112418_fhr06_mem016
+ exgdas_enkf_update.sh[198][[ .false. == \.\t\r\u\e\. ]]
+ exgdas_enkf_update.sh[202][[ 6 -eq 6 ]]
+ exgdas_enkf_update.sh[203][[ NO == \Y\E\S ]]
+ exgdas_enkf_update.sh[207]/bin/ln -sf /lfs/h2/emc/ptmp/emc.global/RETRO_GFSv17/comroot/retrotestgfs10/enkfgdas.20241124/18/mem016/analysis/atmos/enkfgdas.t18z.atminc.nc incr_2024112418_fhr06_mem016
+ exgdas_enkf_update.sh[219][[ YES == \Y\E\S ]]
+ exgdas_enkf_update.sh[220]/bin/ln -sf /lfs/h2/emc/ptmp/emc.global/RETRO_GFSv17/comroot/retrotestgfs10/enkfgdas.20241124/18/mem016/analysis/atmos/enkfgdas.t18z.sfci006.nc sfcincr_2024112418_fhr06_mem016
+ exgdas_enkf_update.sh[191]for FHR in ${nfhrs}
+ exgdas_enkf_update.sh[192]/bin/ln -sf /lfs/h2/emc/ptmp/emc.global/RETRO_GFSv17/comroot/retrotestgfs10/enkfgdas.20241124/12/mem016/model/atmos/history/enkfgdas.t12z.atmf009.nc sfg_2024112418_fhr09_mem016
+ exgdas_enkf_update.sh[194][[ .true. == \.\t\r\u\e\. ]]
+ exgdas_enkf_update.sh[195]/bin/ln -sf /lfs/h2/emc/ptmp/emc.global/RETRO_GFSv17/comroot/retrotestgfs10/enkfgdas.20241124/12/mem016/model/atmos/history/enkfgdas.t12z.sfcf009.nc bfg_2024112418_fhr09_mem016
+ exgdas_enkf_update.sh[198][[ .false. == \.\t\r\u\e\. ]]
+ exgdas_enkf_update.sh[202][[ 9 -eq 6 ]]
+ exgdas_enkf_update.sh[211][[ NO == \Y\E\S ]]
+ exgdas_enkf_update.sh[215]/bin/ln -sf /lfs/h2/emc/ptmp/emc.global/RETRO_GFSv17/comroot/retrotestgfs10/enkfgdas.20241124/18/mem016/analysis/atmos/enkfgdas.t18z.atmi009.nc incr_2024112418_fhr09_mem016
+ exgdas_enkf_update.sh[219][[ YES == \Y\E\S ]]
+ exgdas_enkf_update.sh[220]/bin/ln -sf /lfs/h2/emc/ptmp/emc.global/RETRO_GFSv17/comroot/retrotestgfs10/enkfgdas.20241124/18/mem016/analysis/atmos/enkfgdas.t18z.sfci009.nc sfcincr_2024112418_fhr09_mem016
+ exgdas_enkf_update.sh[175]for imem in $(seq 1 ${NMEM_ENS})
+ exgdas_enkf_update.sh[176]smem=17
+ exgdas_enkf_update.sh[177]((  smem > NMEM_ENS_MAX  ))
++ exgdas_enkf_update.sh[180]printf %03i 17
+ exgdas_enkf_update.sh[180]gmemchar=mem017
++ exgdas_enkf_update.sh[181]printf %03i 17
+ exgdas_enkf_update.sh[181]memchar=mem017
+ exgdas_enkf_update.sh[183]MEMDIR=mem017
+ exgdas_enkf_update.sh[183]RUN=enkfgdas
+ exgdas_enkf_update.sh[183]YMD=20241124
+ exgdas_enkf_update.sh[183]HH=12
+ exgdas_enkf_update.sh[183]declare_from_tmpl -x COMIN_ATMOS_HISTORY_MEM_PREV:COM_ATMOS_HISTORY_TMPL
+ environment[0][[ NO == \N\O ]]
+ environment[1]set +x
declare_from_tmpl :: COMIN_ATMOS_HISTORY_MEM_PREV=/lfs/h2/emc/ptmp/emc.global/RETRO_GFSv17/comroot/retrotestgfs10/enkfgdas.20241124/12/mem017/model/atmos/history
+ exgdas_enkf_update.sh[186]MEMDIR=mem017
+ exgdas_enkf_update.sh[186]YMD=20241124
+ exgdas_enkf_update.sh[186]HH=18
+ exgdas_enkf_update.sh[186]declare_from_tmpl -x COMOUT_ATMOS_ANALYSIS_MEM:COM_ATMOS_ANALYSIS_TMPL
+ environment[0][[ NO == \N\O ]]
+ environment[1]set +x
declare_from_tmpl :: COMOUT_ATMOS_ANALYSIS_MEM=/lfs/h2/emc/ptmp/emc.global/RETRO_GFSv17/comroot/retrotestgfs10/enkfgdas.20241124/18/mem017/analysis/atmos
+ exgdas_enkf_update.sh[189]mkdir -p /lfs/h2/emc/ptmp/emc.global/RETRO_GFSv17/comroot/retrotestgfs10/enkfgdas.20241124/18/mem017/analysis/atmos
+ exgdas_enkf_update.sh[191]for FHR in ${nfhrs}
+ exgdas_enkf_update.sh[192]/bin/ln -sf /lfs/h2/emc/ptmp/emc.global/RETRO_GFSv17/comroot/retrotestgfs10/enkfgdas.20241124/12/mem017/model/atmos/history/enkfgdas.t12z.atmf003.nc sfg_2024112418_fhr03_mem017
+ exgdas_enkf_update.sh[194][[ .true. == \.\t\r\u\e\. ]]
+ exgdas_enkf_update.sh[195]/bin/ln -sf /lfs/h2/emc/ptmp/emc.global/RETRO_GFSv17/comroot/retrotestgfs10/enkfgdas.20241124/12/mem017/model/atmos/history/enkfgdas.t12z.sfcf003.nc bfg_2024112418_fhr03_mem017
+ exgdas_enkf_update.sh[198][[ .false. == \.\t\r\u\e\. ]]
+ exgdas_enkf_update.sh[202][[ 3 -eq 6 ]]
+ exgdas_enkf_update.sh[211][[ NO == \Y\E\S ]]
+ exgdas_enkf_update.sh[215]/bin/ln -sf /lfs/h2/emc/ptmp/emc.global/RETRO_GFSv17/comroot/retrotestgfs10/enkfgdas.20241124/18/mem017/analysis/atmos/enkfgdas.t18z.atmi003.nc incr_2024112418_fhr03_mem017
+ exgdas_enkf_update.sh[219][[ YES == \Y\E\S ]]
+ exgdas_enkf_update.sh[220]/bin/ln -sf /lfs/h2/emc/ptmp/emc.global/RETRO_GFSv17/comroot/retrotestgfs10/enkfgdas.20241124/18/mem017/analysis/atmos/enkfgdas.t18z.sfci003.nc sfcincr_2024112418_fhr03_mem017
+ exgdas_enkf_update.sh[191]for FHR in ${nfhrs}
+ exgdas_enkf_update.sh[192]/bin/ln -sf /lfs/h2/emc/ptmp/emc.global/RETRO_GFSv17/comroot/retrotestgfs10/enkfgdas.20241124/12/mem017/model/atmos/history/enkfgdas.t12z.atmf006.nc sfg_2024112418_fhr06_mem017
+ exgdas_enkf_update.sh[194][[ .true. == \.\t\r\u\e\. ]]
+ exgdas_enkf_update.sh[195]/bin/ln -sf /lfs/h2/emc/ptmp/emc.global/RETRO_GFSv17/comroot/retrotestgfs10/enkfgdas.20241124/12/mem017/model/atmos/history/enkfgdas.t12z.sfcf006.nc bfg_2024112418_fhr06_mem017
+ exgdas_enkf_update.sh[198][[ .false. == \.\t\r\u\e\. ]]
+ exgdas_enkf_update.sh[202][[ 6 -eq 6 ]]
+ exgdas_enkf_update.sh[203][[ NO == \Y\E\S ]]
+ exgdas_enkf_update.sh[207]/bin/ln -sf /lfs/h2/emc/ptmp/emc.global/RETRO_GFSv17/comroot/retrotestgfs10/enkfgdas.20241124/18/mem017/analysis/atmos/enkfgdas.t18z.atminc.nc incr_2024112418_fhr06_mem017
+ exgdas_enkf_update.sh[219][[ YES == \Y\E\S ]]
+ exgdas_enkf_update.sh[220]/bin/ln -sf /lfs/h2/emc/ptmp/emc.global/RETRO_GFSv17/comroot/retrotestgfs10/enkfgdas.20241124/18/mem017/analysis/atmos/enkfgdas.t18z.sfci006.nc sfcincr_2024112418_fhr06_mem017
+ exgdas_enkf_update.sh[191]for FHR in ${nfhrs}
+ exgdas_enkf_update.sh[192]/bin/ln -sf /lfs/h2/emc/ptmp/emc.global/RETRO_GFSv17/comroot/retrotestgfs10/enkfgdas.20241124/12/mem017/model/atmos/history/enkfgdas.t12z.atmf009.nc sfg_2024112418_fhr09_mem017
+ exgdas_enkf_update.sh[194][[ .true. == \.\t\r\u\e\. ]]
+ exgdas_enkf_update.sh[195]/bin/ln -sf /lfs/h2/emc/ptmp/emc.global/RETRO_GFSv17/comroot/retrotestgfs10/enkfgdas.20241124/12/mem017/model/atmos/history/enkfgdas.t12z.sfcf009.nc bfg_2024112418_fhr09_mem017
+ exgdas_enkf_update.sh[198][[ .false. == \.\t\r\u\e\. ]]
+ exgdas_enkf_update.sh[202][[ 9 -eq 6 ]]
+ exgdas_enkf_update.sh[211][[ NO == \Y\E\S ]]
+ exgdas_enkf_update.sh[215]/bin/ln -sf /lfs/h2/emc/ptmp/emc.global/RETRO_GFSv17/comroot/retrotestgfs10/enkfgdas.20241124/18/mem017/analysis/atmos/enkfgdas.t18z.atmi009.nc incr_2024112418_fhr09_mem017
+ exgdas_enkf_update.sh[219][[ YES == \Y\E\S ]]
+ exgdas_enkf_update.sh[220]/bin/ln -sf /lfs/h2/emc/ptmp/emc.global/RETRO_GFSv17/comroot/retrotestgfs10/enkfgdas.20241124/18/mem017/analysis/atmos/enkfgdas.t18z.sfci009.nc sfcincr_2024112418_fhr09_mem017
+ exgdas_enkf_update.sh[175]for imem in $(seq 1 ${NMEM_ENS})
+ exgdas_enkf_update.sh[176]smem=18
+ exgdas_enkf_update.sh[177]((  smem > NMEM_ENS_MAX  ))
++ exgdas_enkf_update.sh[180]printf %03i 18
+ exgdas_enkf_update.sh[180]gmemchar=mem018
++ exgdas_enkf_update.sh[181]printf %03i 18
+ exgdas_enkf_update.sh[181]memchar=mem018
+ exgdas_enkf_update.sh[183]MEMDIR=mem018
+ exgdas_enkf_update.sh[183]RUN=enkfgdas
+ exgdas_enkf_update.sh[183]YMD=20241124
+ exgdas_enkf_update.sh[183]HH=12
+ exgdas_enkf_update.sh[183]declare_from_tmpl -x COMIN_ATMOS_HISTORY_MEM_PREV:COM_ATMOS_HISTORY_TMPL
+ environment[0][[ NO == \N\O ]]
+ environment[1]set +x
declare_from_tmpl :: COMIN_ATMOS_HISTORY_MEM_PREV=/lfs/h2/emc/ptmp/emc.global/RETRO_GFSv17/comroot/retrotestgfs10/enkfgdas.20241124/12/mem018/model/atmos/history
+ exgdas_enkf_update.sh[186]MEMDIR=mem018
+ exgdas_enkf_update.sh[186]YMD=20241124
+ exgdas_enkf_update.sh[186]HH=18
+ exgdas_enkf_update.sh[186]declare_from_tmpl -x COMOUT_ATMOS_ANALYSIS_MEM:COM_ATMOS_ANALYSIS_TMPL
+ environment[0][[ NO == \N\O ]]
+ environment[1]set +x
declare_from_tmpl :: COMOUT_ATMOS_ANALYSIS_MEM=/lfs/h2/emc/ptmp/emc.global/RETRO_GFSv17/comroot/retrotestgfs10/enkfgdas.20241124/18/mem018/analysis/atmos
+ exgdas_enkf_update.sh[189]mkdir -p /lfs/h2/emc/ptmp/emc.global/RETRO_GFSv17/comroot/retrotestgfs10/enkfgdas.20241124/18/mem018/analysis/atmos
+ exgdas_enkf_update.sh[191]for FHR in ${nfhrs}
+ exgdas_enkf_update.sh[192]/bin/ln -sf /lfs/h2/emc/ptmp/emc.global/RETRO_GFSv17/comroot/retrotestgfs10/enkfgdas.20241124/12/mem018/model/atmos/history/enkfgdas.t12z.atmf003.nc sfg_2024112418_fhr03_mem018
+ exgdas_enkf_update.sh[194][[ .true. == \.\t\r\u\e\. ]]
+ exgdas_enkf_update.sh[195]/bin/ln -sf /lfs/h2/emc/ptmp/emc.global/RETRO_GFSv17/comroot/retrotestgfs10/enkfgdas.20241124/12/mem018/model/atmos/history/enkfgdas.t12z.sfcf003.nc bfg_2024112418_fhr03_mem018
+ exgdas_enkf_update.sh[198][[ .false. == \.\t\r\u\e\. ]]
+ exgdas_enkf_update.sh[202][[ 3 -eq 6 ]]
+ exgdas_enkf_update.sh[211][[ NO == \Y\E\S ]]
+ exgdas_enkf_update.sh[215]/bin/ln -sf /lfs/h2/emc/ptmp/emc.global/RETRO_GFSv17/comroot/retrotestgfs10/enkfgdas.20241124/18/mem018/analysis/atmos/enkfgdas.t18z.atmi003.nc incr_2024112418_fhr03_mem018
+ exgdas_enkf_update.sh[219][[ YES == \Y\E\S ]]
+ exgdas_enkf_update.sh[220]/bin/ln -sf /lfs/h2/emc/ptmp/emc.global/RETRO_GFSv17/comroot/retrotestgfs10/enkfgdas.20241124/18/mem018/analysis/atmos/enkfgdas.t18z.sfci003.nc sfcincr_2024112418_fhr03_mem018
+ exgdas_enkf_update.sh[191]for FHR in ${nfhrs}
+ exgdas_enkf_update.sh[192]/bin/ln -sf /lfs/h2/emc/ptmp/emc.global/RETRO_GFSv17/comroot/retrotestgfs10/enkfgdas.20241124/12/mem018/model/atmos/history/enkfgdas.t12z.atmf006.nc sfg_2024112418_fhr06_mem018
+ exgdas_enkf_update.sh[194][[ .true. == \.\t\r\u\e\. ]]
+ exgdas_enkf_update.sh[195]/bin/ln -sf /lfs/h2/emc/ptmp/emc.global/RETRO_GFSv17/comroot/retrotestgfs10/enkfgdas.20241124/12/mem018/model/atmos/history/enkfgdas.t12z.sfcf006.nc bfg_2024112418_fhr06_mem018
+ exgdas_enkf_update.sh[198][[ .false. == \.\t\r\u\e\. ]]
+ exgdas_enkf_update.sh[202][[ 6 -eq 6 ]]
+ exgdas_enkf_update.sh[203][[ NO == \Y\E\S ]]
+ exgdas_enkf_update.sh[207]/bin/ln -sf /lfs/h2/emc/ptmp/emc.global/RETRO_GFSv17/comroot/retrotestgfs10/enkfgdas.20241124/18/mem018/analysis/atmos/enkfgdas.t18z.atminc.nc incr_2024112418_fhr06_mem018
+ exgdas_enkf_update.sh[219][[ YES == \Y\E\S ]]
+ exgdas_enkf_update.sh[220]/bin/ln -sf /lfs/h2/emc/ptmp/emc.global/RETRO_GFSv17/comroot/retrotestgfs10/enkfgdas.20241124/18/mem018/analysis/atmos/enkfgdas.t18z.sfci006.nc sfcincr_2024112418_fhr06_mem018
+ exgdas_enkf_update.sh[191]for FHR in ${nfhrs}
+ exgdas_enkf_update.sh[192]/bin/ln -sf /lfs/h2/emc/ptmp/emc.global/RETRO_GFSv17/comroot/retrotestgfs10/enkfgdas.20241124/12/mem018/model/atmos/history/enkfgdas.t12z.atmf009.nc sfg_2024112418_fhr09_mem018
+ exgdas_enkf_update.sh[194][[ .true. == \.\t\r\u\e\. ]]
+ exgdas_enkf_update.sh[195]/bin/ln -sf /lfs/h2/emc/ptmp/emc.global/RETRO_GFSv17/comroot/retrotestgfs10/enkfgdas.20241124/12/mem018/model/atmos/history/enkfgdas.t12z.sfcf009.nc bfg_2024112418_fhr09_mem018
+ exgdas_enkf_update.sh[198][[ .false. == \.\t\r\u\e\. ]]
+ exgdas_enkf_update.sh[202][[ 9 -eq 6 ]]
+ exgdas_enkf_update.sh[211][[ NO == \Y\E\S ]]
+ exgdas_enkf_update.sh[215]/bin/ln -sf /lfs/h2/emc/ptmp/emc.global/RETRO_GFSv17/comroot/retrotestgfs10/enkfgdas.20241124/18/mem018/analysis/atmos/enkfgdas.t18z.atmi009.nc incr_2024112418_fhr09_mem018
+ exgdas_enkf_update.sh[219][[ YES == \Y\E\S ]]
+ exgdas_enkf_update.sh[220]/bin/ln -sf /lfs/h2/emc/ptmp/emc.global/RETRO_GFSv17/comroot/retrotestgfs10/enkfgdas.20241124/18/mem018/analysis/atmos/enkfgdas.t18z.sfci009.nc sfcincr_2024112418_fhr09_mem018
+ exgdas_enkf_update.sh[175]for imem in $(seq 1 ${NMEM_ENS})
+ exgdas_enkf_update.sh[176]smem=19
+ exgdas_enkf_update.sh[177]((  smem > NMEM_ENS_MAX  ))
++ exgdas_enkf_update.sh[180]printf %03i 19
+ exgdas_enkf_update.sh[180]gmemchar=mem019
++ exgdas_enkf_update.sh[181]printf %03i 19
+ exgdas_enkf_update.sh[181]memchar=mem019
+ exgdas_enkf_update.sh[183]MEMDIR=mem019
+ exgdas_enkf_update.sh[183]RUN=enkfgdas
+ exgdas_enkf_update.sh[183]YMD=20241124
+ exgdas_enkf_update.sh[183]HH=12
+ exgdas_enkf_update.sh[183]declare_from_tmpl -x COMIN_ATMOS_HISTORY_MEM_PREV:COM_ATMOS_HISTORY_TMPL
+ environment[0][[ NO == \N\O ]]
+ environment[1]set +x
declare_from_tmpl :: COMIN_ATMOS_HISTORY_MEM_PREV=/lfs/h2/emc/ptmp/emc.global/RETRO_GFSv17/comroot/retrotestgfs10/enkfgdas.20241124/12/mem019/model/atmos/history
+ exgdas_enkf_update.sh[186]MEMDIR=mem019
+ exgdas_enkf_update.sh[186]YMD=20241124
+ exgdas_enkf_update.sh[186]HH=18
+ exgdas_enkf_update.sh[186]declare_from_tmpl -x COMOUT_ATMOS_ANALYSIS_MEM:COM_ATMOS_ANALYSIS_TMPL
+ environment[0][[ NO == \N\O ]]
+ environment[1]set +x
declare_from_tmpl :: COMOUT_ATMOS_ANALYSIS_MEM=/lfs/h2/emc/ptmp/emc.global/RETRO_GFSv17/comroot/retrotestgfs10/enkfgdas.20241124/18/mem019/analysis/atmos
+ exgdas_enkf_update.sh[189]mkdir -p /lfs/h2/emc/ptmp/emc.global/RETRO_GFSv17/comroot/retrotestgfs10/enkfgdas.20241124/18/mem019/analysis/atmos
+ exgdas_enkf_update.sh[191]for FHR in ${nfhrs}
+ exgdas_enkf_update.sh[192]/bin/ln -sf /lfs/h2/emc/ptmp/emc.global/RETRO_GFSv17/comroot/retrotestgfs10/enkfgdas.20241124/12/mem019/model/atmos/history/enkfgdas.t12z.atmf003.nc sfg_2024112418_fhr03_mem019
+ exgdas_enkf_update.sh[194][[ .true. == \.\t\r\u\e\. ]]
+ exgdas_enkf_update.sh[195]/bin/ln -sf /lfs/h2/emc/ptmp/emc.global/RETRO_GFSv17/comroot/retrotestgfs10/enkfgdas.20241124/12/mem019/model/atmos/history/enkfgdas.t12z.sfcf003.nc bfg_2024112418_fhr03_mem019
+ exgdas_enkf_update.sh[198][[ .false. == \.\t\r\u\e\. ]]
+ exgdas_enkf_update.sh[202][[ 3 -eq 6 ]]
+ exgdas_enkf_update.sh[211][[ NO == \Y\E\S ]]
+ exgdas_enkf_update.sh[215]/bin/ln -sf /lfs/h2/emc/ptmp/emc.global/RETRO_GFSv17/comroot/retrotestgfs10/enkfgdas.20241124/18/mem019/analysis/atmos/enkfgdas.t18z.atmi003.nc incr_2024112418_fhr03_mem019
+ exgdas_enkf_update.sh[219][[ YES == \Y\E\S ]]
+ exgdas_enkf_update.sh[220]/bin/ln -sf /lfs/h2/emc/ptmp/emc.global/RETRO_GFSv17/comroot/retrotestgfs10/enkfgdas.20241124/18/mem019/analysis/atmos/enkfgdas.t18z.sfci003.nc sfcincr_2024112418_fhr03_mem019
+ exgdas_enkf_update.sh[191]for FHR in ${nfhrs}
+ exgdas_enkf_update.sh[192]/bin/ln -sf /lfs/h2/emc/ptmp/emc.global/RETRO_GFSv17/comroot/retrotestgfs10/enkfgdas.20241124/12/mem019/model/atmos/history/enkfgdas.t12z.atmf006.nc sfg_2024112418_fhr06_mem019
+ exgdas_enkf_update.sh[194][[ .true. == \.\t\r\u\e\. ]]
+ exgdas_enkf_update.sh[195]/bin/ln -sf /lfs/h2/emc/ptmp/emc.global/RETRO_GFSv17/comroot/retrotestgfs10/enkfgdas.20241124/12/mem019/model/atmos/history/enkfgdas.t12z.sfcf006.nc bfg_2024112418_fhr06_mem019
+ exgdas_enkf_update.sh[198][[ .false. == \.\t\r\u\e\. ]]
+ exgdas_enkf_update.sh[202][[ 6 -eq 6 ]]
+ exgdas_enkf_update.sh[203][[ NO == \Y\E\S ]]
+ exgdas_enkf_update.sh[207]/bin/ln -sf /lfs/h2/emc/ptmp/emc.global/RETRO_GFSv17/comroot/retrotestgfs10/enkfgdas.20241124/18/mem019/analysis/atmos/enkfgdas.t18z.atminc.nc incr_2024112418_fhr06_mem019
+ exgdas_enkf_update.sh[219][[ YES == \Y\E\S ]]
+ exgdas_enkf_update.sh[220]/bin/ln -sf /lfs/h2/emc/ptmp/emc.global/RETRO_GFSv17/comroot/retrotestgfs10/enkfgdas.20241124/18/mem019/analysis/atmos/enkfgdas.t18z.sfci006.nc sfcincr_2024112418_fhr06_mem019
+ exgdas_enkf_update.sh[191]for FHR in ${nfhrs}
+ exgdas_enkf_update.sh[192]/bin/ln -sf /lfs/h2/emc/ptmp/emc.global/RETRO_GFSv17/comroot/retrotestgfs10/enkfgdas.20241124/12/mem019/model/atmos/history/enkfgdas.t12z.atmf009.nc sfg_2024112418_fhr09_mem019
+ exgdas_enkf_update.sh[194][[ .true. == \.\t\r\u\e\. ]]
+ exgdas_enkf_update.sh[195]/bin/ln -sf /lfs/h2/emc/ptmp/emc.global/RETRO_GFSv17/comroot/retrotestgfs10/enkfgdas.20241124/12/mem019/model/atmos/history/enkfgdas.t12z.sfcf009.nc bfg_2024112418_fhr09_mem019
+ exgdas_enkf_update.sh[198][[ .false. == \.\t\r\u\e\. ]]
+ exgdas_enkf_update.sh[202][[ 9 -eq 6 ]]
+ exgdas_enkf_update.sh[211][[ NO == \Y\E\S ]]
+ exgdas_enkf_update.sh[215]/bin/ln -sf /lfs/h2/emc/ptmp/emc.global/RETRO_GFSv17/comroot/retrotestgfs10/enkfgdas.20241124/18/mem019/analysis/atmos/enkfgdas.t18z.atmi009.nc incr_2024112418_fhr09_mem019
+ exgdas_enkf_update.sh[219][[ YES == \Y\E\S ]]
+ exgdas_enkf_update.sh[220]/bin/ln -sf /lfs/h2/emc/ptmp/emc.global/RETRO_GFSv17/comroot/retrotestgfs10/enkfgdas.20241124/18/mem019/analysis/atmos/enkfgdas.t18z.sfci009.nc sfcincr_2024112418_fhr09_mem019
+ exgdas_enkf_update.sh[175]for imem in $(seq 1 ${NMEM_ENS})
+ exgdas_enkf_update.sh[176]smem=20
+ exgdas_enkf_update.sh[177]((  smem > NMEM_ENS_MAX  ))
++ exgdas_enkf_update.sh[180]printf %03i 20
+ exgdas_enkf_update.sh[180]gmemchar=mem020
++ exgdas_enkf_update.sh[181]printf %03i 20
+ exgdas_enkf_update.sh[181]memchar=mem020
+ exgdas_enkf_update.sh[183]MEMDIR=mem020
+ exgdas_enkf_update.sh[183]RUN=enkfgdas
+ exgdas_enkf_update.sh[183]YMD=20241124
+ exgdas_enkf_update.sh[183]HH=12
+ exgdas_enkf_update.sh[183]declare_from_tmpl -x COMIN_ATMOS_HISTORY_MEM_PREV:COM_ATMOS_HISTORY_TMPL
+ environment[0][[ NO == \N\O ]]
+ environment[1]set +x
declare_from_tmpl :: COMIN_ATMOS_HISTORY_MEM_PREV=/lfs/h2/emc/ptmp/emc.global/RETRO_GFSv17/comroot/retrotestgfs10/enkfgdas.20241124/12/mem020/model/atmos/history
+ exgdas_enkf_update.sh[186]MEMDIR=mem020
+ exgdas_enkf_update.sh[186]YMD=20241124
+ exgdas_enkf_update.sh[186]HH=18
+ exgdas_enkf_update.sh[186]declare_from_tmpl -x COMOUT_ATMOS_ANALYSIS_MEM:COM_ATMOS_ANALYSIS_TMPL
+ environment[0][[ NO == \N\O ]]
+ environment[1]set +x
declare_from_tmpl :: COMOUT_ATMOS_ANALYSIS_MEM=/lfs/h2/emc/ptmp/emc.global/RETRO_GFSv17/comroot/retrotestgfs10/enkfgdas.20241124/18/mem020/analysis/atmos
+ exgdas_enkf_update.sh[189]mkdir -p /lfs/h2/emc/ptmp/emc.global/RETRO_GFSv17/comroot/retrotestgfs10/enkfgdas.20241124/18/mem020/analysis/atmos
+ exgdas_enkf_update.sh[191]for FHR in ${nfhrs}
+ exgdas_enkf_update.sh[192]/bin/ln -sf /lfs/h2/emc/ptmp/emc.global/RETRO_GFSv17/comroot/retrotestgfs10/enkfgdas.20241124/12/mem020/model/atmos/history/enkfgdas.t12z.atmf003.nc sfg_2024112418_fhr03_mem020
+ exgdas_enkf_update.sh[194][[ .true. == \.\t\r\u\e\. ]]
+ exgdas_enkf_update.sh[195]/bin/ln -sf /lfs/h2/emc/ptmp/emc.global/RETRO_GFSv17/comroot/retrotestgfs10/enkfgdas.20241124/12/mem020/model/atmos/history/enkfgdas.t12z.sfcf003.nc bfg_2024112418_fhr03_mem020
+ exgdas_enkf_update.sh[198][[ .false. == \.\t\r\u\e\. ]]
+ exgdas_enkf_update.sh[202][[ 3 -eq 6 ]]
+ exgdas_enkf_update.sh[211][[ NO == \Y\E\S ]]
+ exgdas_enkf_update.sh[215]/bin/ln -sf /lfs/h2/emc/ptmp/emc.global/RETRO_GFSv17/comroot/retrotestgfs10/enkfgdas.20241124/18/mem020/analysis/atmos/enkfgdas.t18z.atmi003.nc incr_2024112418_fhr03_mem020
+ exgdas_enkf_update.sh[219][[ YES == \Y\E\S ]]
+ exgdas_enkf_update.sh[220]/bin/ln -sf /lfs/h2/emc/ptmp/emc.global/RETRO_GFSv17/comroot/retrotestgfs10/enkfgdas.20241124/18/mem020/analysis/atmos/enkfgdas.t18z.sfci003.nc sfcincr_2024112418_fhr03_mem020
+ exgdas_enkf_update.sh[191]for FHR in ${nfhrs}
+ exgdas_enkf_update.sh[192]/bin/ln -sf /lfs/h2/emc/ptmp/emc.global/RETRO_GFSv17/comroot/retrotestgfs10/enkfgdas.20241124/12/mem020/model/atmos/history/enkfgdas.t12z.atmf006.nc sfg_2024112418_fhr06_mem020
+ exgdas_enkf_update.sh[194][[ .true. == \.\t\r\u\e\. ]]
+ exgdas_enkf_update.sh[195]/bin/ln -sf /lfs/h2/emc/ptmp/emc.global/RETRO_GFSv17/comroot/retrotestgfs10/enkfgdas.20241124/12/mem020/model/atmos/history/enkfgdas.t12z.sfcf006.nc bfg_2024112418_fhr06_mem020
+ exgdas_enkf_update.sh[198][[ .false. == \.\t\r\u\e\. ]]
+ exgdas_enkf_update.sh[202][[ 6 -eq 6 ]]
+ exgdas_enkf_update.sh[203][[ NO == \Y\E\S ]]
+ exgdas_enkf_update.sh[207]/bin/ln -sf /lfs/h2/emc/ptmp/emc.global/RETRO_GFSv17/comroot/retrotestgfs10/enkfgdas.20241124/18/mem020/analysis/atmos/enkfgdas.t18z.atminc.nc incr_2024112418_fhr06_mem020
+ exgdas_enkf_update.sh[219][[ YES == \Y\E\S ]]
+ exgdas_enkf_update.sh[220]/bin/ln -sf /lfs/h2/emc/ptmp/emc.global/RETRO_GFSv17/comroot/retrotestgfs10/enkfgdas.20241124/18/mem020/analysis/atmos/enkfgdas.t18z.sfci006.nc sfcincr_2024112418_fhr06_mem020
+ exgdas_enkf_update.sh[191]for FHR in ${nfhrs}
+ exgdas_enkf_update.sh[192]/bin/ln -sf /lfs/h2/emc/ptmp/emc.global/RETRO_GFSv17/comroot/retrotestgfs10/enkfgdas.20241124/12/mem020/model/atmos/history/enkfgdas.t12z.atmf009.nc sfg_2024112418_fhr09_mem020
+ exgdas_enkf_update.sh[194][[ .true. == \.\t\r\u\e\. ]]
+ exgdas_enkf_update.sh[195]/bin/ln -sf /lfs/h2/emc/ptmp/emc.global/RETRO_GFSv17/comroot/retrotestgfs10/enkfgdas.20241124/12/mem020/model/atmos/history/enkfgdas.t12z.sfcf009.nc bfg_2024112418_fhr09_mem020
+ exgdas_enkf_update.sh[198][[ .false. == \.\t\r\u\e\. ]]
+ exgdas_enkf_update.sh[202][[ 9 -eq 6 ]]
+ exgdas_enkf_update.sh[211][[ NO == \Y\E\S ]]
+ exgdas_enkf_update.sh[215]/bin/ln -sf /lfs/h2/emc/ptmp/emc.global/RETRO_GFSv17/comroot/retrotestgfs10/enkfgdas.20241124/18/mem020/analysis/atmos/enkfgdas.t18z.atmi009.nc incr_2024112418_fhr09_mem020
+ exgdas_enkf_update.sh[219][[ YES == \Y\E\S ]]
+ exgdas_enkf_update.sh[220]/bin/ln -sf /lfs/h2/emc/ptmp/emc.global/RETRO_GFSv17/comroot/retrotestgfs10/enkfgdas.20241124/18/mem020/analysis/atmos/enkfgdas.t18z.sfci009.nc sfcincr_2024112418_fhr09_mem020
+ exgdas_enkf_update.sh[175]for imem in $(seq 1 ${NMEM_ENS})
+ exgdas_enkf_update.sh[176]smem=21
+ exgdas_enkf_update.sh[177]((  smem > NMEM_ENS_MAX  ))
++ exgdas_enkf_update.sh[180]printf %03i 21
+ exgdas_enkf_update.sh[180]gmemchar=mem021
++ exgdas_enkf_update.sh[181]printf %03i 21
+ exgdas_enkf_update.sh[181]memchar=mem021
+ exgdas_enkf_update.sh[183]MEMDIR=mem021
+ exgdas_enkf_update.sh[183]RUN=enkfgdas
+ exgdas_enkf_update.sh[183]YMD=20241124
+ exgdas_enkf_update.sh[183]HH=12
+ exgdas_enkf_update.sh[183]declare_from_tmpl -x COMIN_ATMOS_HISTORY_MEM_PREV:COM_ATMOS_HISTORY_TMPL
+ environment[0][[ NO == \N\O ]]
+ environment[1]set +x
declare_from_tmpl :: COMIN_ATMOS_HISTORY_MEM_PREV=/lfs/h2/emc/ptmp/emc.global/RETRO_GFSv17/comroot/retrotestgfs10/enkfgdas.20241124/12/mem021/model/atmos/history
+ exgdas_enkf_update.sh[186]MEMDIR=mem021
+ exgdas_enkf_update.sh[186]YMD=20241124
+ exgdas_enkf_update.sh[186]HH=18
+ exgdas_enkf_update.sh[186]declare_from_tmpl -x COMOUT_ATMOS_ANALYSIS_MEM:COM_ATMOS_ANALYSIS_TMPL
+ environment[0][[ NO == \N\O ]]
+ environment[1]set +x
declare_from_tmpl :: COMOUT_ATMOS_ANALYSIS_MEM=/lfs/h2/emc/ptmp/emc.global/RETRO_GFSv17/comroot/retrotestgfs10/enkfgdas.20241124/18/mem021/analysis/atmos
+ exgdas_enkf_update.sh[189]mkdir -p /lfs/h2/emc/ptmp/emc.global/RETRO_GFSv17/comroot/retrotestgfs10/enkfgdas.20241124/18/mem021/analysis/atmos
+ exgdas_enkf_update.sh[191]for FHR in ${nfhrs}
+ exgdas_enkf_update.sh[192]/bin/ln -sf /lfs/h2/emc/ptmp/emc.global/RETRO_GFSv17/comroot/retrotestgfs10/enkfgdas.20241124/12/mem021/model/atmos/history/enkfgdas.t12z.atmf003.nc sfg_2024112418_fhr03_mem021
+ exgdas_enkf_update.sh[194][[ .true. == \.\t\r\u\e\. ]]
+ exgdas_enkf_update.sh[195]/bin/ln -sf /lfs/h2/emc/ptmp/emc.global/RETRO_GFSv17/comroot/retrotestgfs10/enkfgdas.20241124/12/mem021/model/atmos/history/enkfgdas.t12z.sfcf003.nc bfg_2024112418_fhr03_mem021
+ exgdas_enkf_update.sh[198][[ .false. == \.\t\r\u\e\. ]]
+ exgdas_enkf_update.sh[202][[ 3 -eq 6 ]]
+ exgdas_enkf_update.sh[211][[ NO == \Y\E\S ]]
+ exgdas_enkf_update.sh[215]/bin/ln -sf /lfs/h2/emc/ptmp/emc.global/RETRO_GFSv17/comroot/retrotestgfs10/enkfgdas.20241124/18/mem021/analysis/atmos/enkfgdas.t18z.atmi003.nc incr_2024112418_fhr03_mem021
+ exgdas_enkf_update.sh[219][[ YES == \Y\E\S ]]
+ exgdas_enkf_update.sh[220]/bin/ln -sf /lfs/h2/emc/ptmp/emc.global/RETRO_GFSv17/comroot/retrotestgfs10/enkfgdas.20241124/18/mem021/analysis/atmos/enkfgdas.t18z.sfci003.nc sfcincr_2024112418_fhr03_mem021
+ exgdas_enkf_update.sh[191]for FHR in ${nfhrs}
+ exgdas_enkf_update.sh[192]/bin/ln -sf /lfs/h2/emc/ptmp/emc.global/RETRO_GFSv17/comroot/retrotestgfs10/enkfgdas.20241124/12/mem021/model/atmos/history/enkfgdas.t12z.atmf006.nc sfg_2024112418_fhr06_mem021
+ exgdas_enkf_update.sh[194][[ .true. == \.\t\r\u\e\. ]]
+ exgdas_enkf_update.sh[195]/bin/ln -sf /lfs/h2/emc/ptmp/emc.global/RETRO_GFSv17/comroot/retrotestgfs10/enkfgdas.20241124/12/mem021/model/atmos/history/enkfgdas.t12z.sfcf006.nc bfg_2024112418_fhr06_mem021
+ exgdas_enkf_update.sh[198][[ .false. == \.\t\r\u\e\. ]]
+ exgdas_enkf_update.sh[202][[ 6 -eq 6 ]]
+ exgdas_enkf_update.sh[203][[ NO == \Y\E\S ]]
+ exgdas_enkf_update.sh[207]/bin/ln -sf /lfs/h2/emc/ptmp/emc.global/RETRO_GFSv17/comroot/retrotestgfs10/enkfgdas.20241124/18/mem021/analysis/atmos/enkfgdas.t18z.atminc.nc incr_2024112418_fhr06_mem021
+ exgdas_enkf_update.sh[219][[ YES == \Y\E\S ]]
+ exgdas_enkf_update.sh[220]/bin/ln -sf /lfs/h2/emc/ptmp/emc.global/RETRO_GFSv17/comroot/retrotestgfs10/enkfgdas.20241124/18/mem021/analysis/atmos/enkfgdas.t18z.sfci006.nc sfcincr_2024112418_fhr06_mem021
+ exgdas_enkf_update.sh[191]for FHR in ${nfhrs}
+ exgdas_enkf_update.sh[192]/bin/ln -sf /lfs/h2/emc/ptmp/emc.global/RETRO_GFSv17/comroot/retrotestgfs10/enkfgdas.20241124/12/mem021/model/atmos/history/enkfgdas.t12z.atmf009.nc sfg_2024112418_fhr09_mem021
+ exgdas_enkf_update.sh[194][[ .true. == \.\t\r\u\e\. ]]
+ exgdas_enkf_update.sh[195]/bin/ln -sf /lfs/h2/emc/ptmp/emc.global/RETRO_GFSv17/comroot/retrotestgfs10/enkfgdas.20241124/12/mem021/model/atmos/history/enkfgdas.t12z.sfcf009.nc bfg_2024112418_fhr09_mem021
+ exgdas_enkf_update.sh[198][[ .false. == \.\t\r\u\e\. ]]
+ exgdas_enkf_update.sh[202][[ 9 -eq 6 ]]
+ exgdas_enkf_update.sh[211][[ NO == \Y\E\S ]]
+ exgdas_enkf_update.sh[215]/bin/ln -sf /lfs/h2/emc/ptmp/emc.global/RETRO_GFSv17/comroot/retrotestgfs10/enkfgdas.20241124/18/mem021/analysis/atmos/enkfgdas.t18z.atmi009.nc incr_2024112418_fhr09_mem021
+ exgdas_enkf_update.sh[219][[ YES == \Y\E\S ]]
+ exgdas_enkf_update.sh[220]/bin/ln -sf /lfs/h2/emc/ptmp/emc.global/RETRO_GFSv17/comroot/retrotestgfs10/enkfgdas.20241124/18/mem021/analysis/atmos/enkfgdas.t18z.sfci009.nc sfcincr_2024112418_fhr09_mem021
+ exgdas_enkf_update.sh[175]for imem in $(seq 1 ${NMEM_ENS})
+ exgdas_enkf_update.sh[176]smem=22
+ exgdas_enkf_update.sh[177]((  smem > NMEM_ENS_MAX  ))
++ exgdas_enkf_update.sh[180]printf %03i 22
+ exgdas_enkf_update.sh[180]gmemchar=mem022
++ exgdas_enkf_update.sh[181]printf %03i 22
+ exgdas_enkf_update.sh[181]memchar=mem022
+ exgdas_enkf_update.sh[183]MEMDIR=mem022
+ exgdas_enkf_update.sh[183]RUN=enkfgdas
+ exgdas_enkf_update.sh[183]YMD=20241124
+ exgdas_enkf_update.sh[183]HH=12
+ exgdas_enkf_update.sh[183]declare_from_tmpl -x COMIN_ATMOS_HISTORY_MEM_PREV:COM_ATMOS_HISTORY_TMPL
+ environment[0][[ NO == \N\O ]]
+ environment[1]set +x
declare_from_tmpl :: COMIN_ATMOS_HISTORY_MEM_PREV=/lfs/h2/emc/ptmp/emc.global/RETRO_GFSv17/comroot/retrotestgfs10/enkfgdas.20241124/12/mem022/model/atmos/history
+ exgdas_enkf_update.sh[186]MEMDIR=mem022
+ exgdas_enkf_update.sh[186]YMD=20241124
+ exgdas_enkf_update.sh[186]HH=18
+ exgdas_enkf_update.sh[186]declare_from_tmpl -x COMOUT_ATMOS_ANALYSIS_MEM:COM_ATMOS_ANALYSIS_TMPL
+ environment[0][[ NO == \N\O ]]
+ environment[1]set +x
declare_from_tmpl :: COMOUT_ATMOS_ANALYSIS_MEM=/lfs/h2/emc/ptmp/emc.global/RETRO_GFSv17/comroot/retrotestgfs10/enkfgdas.20241124/18/mem022/analysis/atmos
+ exgdas_enkf_update.sh[189]mkdir -p /lfs/h2/emc/ptmp/emc.global/RETRO_GFSv17/comroot/retrotestgfs10/enkfgdas.20241124/18/mem022/analysis/atmos
+ exgdas_enkf_update.sh[191]for FHR in ${nfhrs}
+ exgdas_enkf_update.sh[192]/bin/ln -sf /lfs/h2/emc/ptmp/emc.global/RETRO_GFSv17/comroot/retrotestgfs10/enkfgdas.20241124/12/mem022/model/atmos/history/enkfgdas.t12z.atmf003.nc sfg_2024112418_fhr03_mem022
+ exgdas_enkf_update.sh[194][[ .true. == \.\t\r\u\e\. ]]
+ exgdas_enkf_update.sh[195]/bin/ln -sf /lfs/h2/emc/ptmp/emc.global/RETRO_GFSv17/comroot/retrotestgfs10/enkfgdas.20241124/12/mem022/model/atmos/history/enkfgdas.t12z.sfcf003.nc bfg_2024112418_fhr03_mem022
+ exgdas_enkf_update.sh[198][[ .false. == \.\t\r\u\e\. ]]
+ exgdas_enkf_update.sh[202][[ 3 -eq 6 ]]
+ exgdas_enkf_update.sh[211][[ NO == \Y\E\S ]]
+ exgdas_enkf_update.sh[215]/bin/ln -sf /lfs/h2/emc/ptmp/emc.global/RETRO_GFSv17/comroot/retrotestgfs10/enkfgdas.20241124/18/mem022/analysis/atmos/enkfgdas.t18z.atmi003.nc incr_2024112418_fhr03_mem022
+ exgdas_enkf_update.sh[219][[ YES == \Y\E\S ]]
+ exgdas_enkf_update.sh[220]/bin/ln -sf /lfs/h2/emc/ptmp/emc.global/RETRO_GFSv17/comroot/retrotestgfs10/enkfgdas.20241124/18/mem022/analysis/atmos/enkfgdas.t18z.sfci003.nc sfcincr_2024112418_fhr03_mem022
+ exgdas_enkf_update.sh[191]for FHR in ${nfhrs}
+ exgdas_enkf_update.sh[192]/bin/ln -sf /lfs/h2/emc/ptmp/emc.global/RETRO_GFSv17/comroot/retrotestgfs10/enkfgdas.20241124/12/mem022/model/atmos/history/enkfgdas.t12z.atmf006.nc sfg_2024112418_fhr06_mem022
+ exgdas_enkf_update.sh[194][[ .true. == \.\t\r\u\e\. ]]
+ exgdas_enkf_update.sh[195]/bin/ln -sf /lfs/h2/emc/ptmp/emc.global/RETRO_GFSv17/comroot/retrotestgfs10/enkfgdas.20241124/12/mem022/model/atmos/history/enkfgdas.t12z.sfcf006.nc bfg_2024112418_fhr06_mem022
+ exgdas_enkf_update.sh[198][[ .false. == \.\t\r\u\e\. ]]
+ exgdas_enkf_update.sh[202][[ 6 -eq 6 ]]
+ exgdas_enkf_update.sh[203][[ NO == \Y\E\S ]]
+ exgdas_enkf_update.sh[207]/bin/ln -sf /lfs/h2/emc/ptmp/emc.global/RETRO_GFSv17/comroot/retrotestgfs10/enkfgdas.20241124/18/mem022/analysis/atmos/enkfgdas.t18z.atminc.nc incr_2024112418_fhr06_mem022
+ exgdas_enkf_update.sh[219][[ YES == \Y\E\S ]]
+ exgdas_enkf_update.sh[220]/bin/ln -sf /lfs/h2/emc/ptmp/emc.global/RETRO_GFSv17/comroot/retrotestgfs10/enkfgdas.20241124/18/mem022/analysis/atmos/enkfgdas.t18z.sfci006.nc sfcincr_2024112418_fhr06_mem022
+ exgdas_enkf_update.sh[191]for FHR in ${nfhrs}
+ exgdas_enkf_update.sh[192]/bin/ln -sf /lfs/h2/emc/ptmp/emc.global/RETRO_GFSv17/comroot/retrotestgfs10/enkfgdas.20241124/12/mem022/model/atmos/history/enkfgdas.t12z.atmf009.nc sfg_2024112418_fhr09_mem022
+ exgdas_enkf_update.sh[194][[ .true. == \.\t\r\u\e\. ]]
+ exgdas_enkf_update.sh[195]/bin/ln -sf /lfs/h2/emc/ptmp/emc.global/RETRO_GFSv17/comroot/retrotestgfs10/enkfgdas.20241124/12/mem022/model/atmos/history/enkfgdas.t12z.sfcf009.nc bfg_2024112418_fhr09_mem022
+ exgdas_enkf_update.sh[198][[ .false. == \.\t\r\u\e\. ]]
+ exgdas_enkf_update.sh[202][[ 9 -eq 6 ]]
+ exgdas_enkf_update.sh[211][[ NO == \Y\E\S ]]
+ exgdas_enkf_update.sh[215]/bin/ln -sf /lfs/h2/emc/ptmp/emc.global/RETRO_GFSv17/comroot/retrotestgfs10/enkfgdas.20241124/18/mem022/analysis/atmos/enkfgdas.t18z.atmi009.nc incr_2024112418_fhr09_mem022
+ exgdas_enkf_update.sh[219][[ YES == \Y\E\S ]]
+ exgdas_enkf_update.sh[220]/bin/ln -sf /lfs/h2/emc/ptmp/emc.global/RETRO_GFSv17/comroot/retrotestgfs10/enkfgdas.20241124/18/mem022/analysis/atmos/enkfgdas.t18z.sfci009.nc sfcincr_2024112418_fhr09_mem022
+ exgdas_enkf_update.sh[175]for imem in $(seq 1 ${NMEM_ENS})
+ exgdas_enkf_update.sh[176]smem=23
+ exgdas_enkf_update.sh[177]((  smem > NMEM_ENS_MAX  ))
++ exgdas_enkf_update.sh[180]printf %03i 23
+ exgdas_enkf_update.sh[180]gmemchar=mem023
++ exgdas_enkf_update.sh[181]printf %03i 23
+ exgdas_enkf_update.sh[181]memchar=mem023
+ exgdas_enkf_update.sh[183]MEMDIR=mem023
+ exgdas_enkf_update.sh[183]RUN=enkfgdas
+ exgdas_enkf_update.sh[183]YMD=20241124
+ exgdas_enkf_update.sh[183]HH=12
+ exgdas_enkf_update.sh[183]declare_from_tmpl -x COMIN_ATMOS_HISTORY_MEM_PREV:COM_ATMOS_HISTORY_TMPL
+ environment[0][[ NO == \N\O ]]
+ environment[1]set +x
declare_from_tmpl :: COMIN_ATMOS_HISTORY_MEM_PREV=/lfs/h2/emc/ptmp/emc.global/RETRO_GFSv17/comroot/retrotestgfs10/enkfgdas.20241124/12/mem023/model/atmos/history
+ exgdas_enkf_update.sh[186]MEMDIR=mem023
+ exgdas_enkf_update.sh[186]YMD=20241124
+ exgdas_enkf_update.sh[186]HH=18
+ exgdas_enkf_update.sh[186]declare_from_tmpl -x COMOUT_ATMOS_ANALYSIS_MEM:COM_ATMOS_ANALYSIS_TMPL
+ environment[0][[ NO == \N\O ]]
+ environment[1]set +x
declare_from_tmpl :: COMOUT_ATMOS_ANALYSIS_MEM=/lfs/h2/emc/ptmp/emc.global/RETRO_GFSv17/comroot/retrotestgfs10/enkfgdas.20241124/18/mem023/analysis/atmos
+ exgdas_enkf_update.sh[189]mkdir -p /lfs/h2/emc/ptmp/emc.global/RETRO_GFSv17/comroot/retrotestgfs10/enkfgdas.20241124/18/mem023/analysis/atmos
+ exgdas_enkf_update.sh[191]for FHR in ${nfhrs}
+ exgdas_enkf_update.sh[192]/bin/ln -sf /lfs/h2/emc/ptmp/emc.global/RETRO_GFSv17/comroot/retrotestgfs10/enkfgdas.20241124/12/mem023/model/atmos/history/enkfgdas.t12z.atmf003.nc sfg_2024112418_fhr03_mem023
+ exgdas_enkf_update.sh[194][[ .true. == \.\t\r\u\e\. ]]
+ exgdas_enkf_update.sh[195]/bin/ln -sf /lfs/h2/emc/ptmp/emc.global/RETRO_GFSv17/comroot/retrotestgfs10/enkfgdas.20241124/12/mem023/model/atmos/history/enkfgdas.t12z.sfcf003.nc bfg_2024112418_fhr03_mem023
+ exgdas_enkf_update.sh[198][[ .false. == \.\t\r\u\e\. ]]
+ exgdas_enkf_update.sh[202][[ 3 -eq 6 ]]
+ exgdas_enkf_update.sh[211][[ NO == \Y\E\S ]]
+ exgdas_enkf_update.sh[215]/bin/ln -sf /lfs/h2/emc/ptmp/emc.global/RETRO_GFSv17/comroot/retrotestgfs10/enkfgdas.20241124/18/mem023/analysis/atmos/enkfgdas.t18z.atmi003.nc incr_2024112418_fhr03_mem023
+ exgdas_enkf_update.sh[219][[ YES == \Y\E\S ]]
+ exgdas_enkf_update.sh[220]/bin/ln -sf /lfs/h2/emc/ptmp/emc.global/RETRO_GFSv17/comroot/retrotestgfs10/enkfgdas.20241124/18/mem023/analysis/atmos/enkfgdas.t18z.sfci003.nc sfcincr_2024112418_fhr03_mem023
+ exgdas_enkf_update.sh[191]for FHR in ${nfhrs}
+ exgdas_enkf_update.sh[192]/bin/ln -sf /lfs/h2/emc/ptmp/emc.global/RETRO_GFSv17/comroot/retrotestgfs10/enkfgdas.20241124/12/mem023/model/atmos/history/enkfgdas.t12z.atmf006.nc sfg_2024112418_fhr06_mem023
+ exgdas_enkf_update.sh[194][[ .true. == \.\t\r\u\e\. ]]
+ exgdas_enkf_update.sh[195]/bin/ln -sf /lfs/h2/emc/ptmp/emc.global/RETRO_GFSv17/comroot/retrotestgfs10/enkfgdas.20241124/12/mem023/model/atmos/history/enkfgdas.t12z.sfcf006.nc bfg_2024112418_fhr06_mem023
+ exgdas_enkf_update.sh[198][[ .false. == \.\t\r\u\e\. ]]
+ exgdas_enkf_update.sh[202][[ 6 -eq 6 ]]
+ exgdas_enkf_update.sh[203][[ NO == \Y\E\S ]]
+ exgdas_enkf_update.sh[207]/bin/ln -sf /lfs/h2/emc/ptmp/emc.global/RETRO_GFSv17/comroot/retrotestgfs10/enkfgdas.20241124/18/mem023/analysis/atmos/enkfgdas.t18z.atminc.nc incr_2024112418_fhr06_mem023
+ exgdas_enkf_update.sh[219][[ YES == \Y\E\S ]]
+ exgdas_enkf_update.sh[220]/bin/ln -sf /lfs/h2/emc/ptmp/emc.global/RETRO_GFSv17/comroot/retrotestgfs10/enkfgdas.20241124/18/mem023/analysis/atmos/enkfgdas.t18z.sfci006.nc sfcincr_2024112418_fhr06_mem023
+ exgdas_enkf_update.sh[191]for FHR in ${nfhrs}
+ exgdas_enkf_update.sh[192]/bin/ln -sf /lfs/h2/emc/ptmp/emc.global/RETRO_GFSv17/comroot/retrotestgfs10/enkfgdas.20241124/12/mem023/model/atmos/history/enkfgdas.t12z.atmf009.nc sfg_2024112418_fhr09_mem023
+ exgdas_enkf_update.sh[194][[ .true. == \.\t\r\u\e\. ]]
+ exgdas_enkf_update.sh[195]/bin/ln -sf /lfs/h2/emc/ptmp/emc.global/RETRO_GFSv17/comroot/retrotestgfs10/enkfgdas.20241124/12/mem023/model/atmos/history/enkfgdas.t12z.sfcf009.nc bfg_2024112418_fhr09_mem023
+ exgdas_enkf_update.sh[198][[ .false. == \.\t\r\u\e\. ]]
+ exgdas_enkf_update.sh[202][[ 9 -eq 6 ]]
+ exgdas_enkf_update.sh[211][[ NO == \Y\E\S ]]
+ exgdas_enkf_update.sh[215]/bin/ln -sf /lfs/h2/emc/ptmp/emc.global/RETRO_GFSv17/comroot/retrotestgfs10/enkfgdas.20241124/18/mem023/analysis/atmos/enkfgdas.t18z.atmi009.nc incr_2024112418_fhr09_mem023
+ exgdas_enkf_update.sh[219][[ YES == \Y\E\S ]]
+ exgdas_enkf_update.sh[220]/bin/ln -sf /lfs/h2/emc/ptmp/emc.global/RETRO_GFSv17/comroot/retrotestgfs10/enkfgdas.20241124/18/mem023/analysis/atmos/enkfgdas.t18z.sfci009.nc sfcincr_2024112418_fhr09_mem023
+ exgdas_enkf_update.sh[175]for imem in $(seq 1 ${NMEM_ENS})
+ exgdas_enkf_update.sh[176]smem=24
+ exgdas_enkf_update.sh[177]((  smem > NMEM_ENS_MAX  ))
++ exgdas_enkf_update.sh[180]printf %03i 24
+ exgdas_enkf_update.sh[180]gmemchar=mem024
++ exgdas_enkf_update.sh[181]printf %03i 24
+ exgdas_enkf_update.sh[181]memchar=mem024
+ exgdas_enkf_update.sh[183]MEMDIR=mem024
+ exgdas_enkf_update.sh[183]RUN=enkfgdas
+ exgdas_enkf_update.sh[183]YMD=20241124
+ exgdas_enkf_update.sh[183]HH=12
+ exgdas_enkf_update.sh[183]declare_from_tmpl -x COMIN_ATMOS_HISTORY_MEM_PREV:COM_ATMOS_HISTORY_TMPL
+ environment[0][[ NO == \N\O ]]
+ environment[1]set +x
declare_from_tmpl :: COMIN_ATMOS_HISTORY_MEM_PREV=/lfs/h2/emc/ptmp/emc.global/RETRO_GFSv17/comroot/retrotestgfs10/enkfgdas.20241124/12/mem024/model/atmos/history
+ exgdas_enkf_update.sh[186]MEMDIR=mem024
+ exgdas_enkf_update.sh[186]YMD=20241124
+ exgdas_enkf_update.sh[186]HH=18
+ exgdas_enkf_update.sh[186]declare_from_tmpl -x COMOUT_ATMOS_ANALYSIS_MEM:COM_ATMOS_ANALYSIS_TMPL
+ environment[0][[ NO == \N\O ]]
+ environment[1]set +x
declare_from_tmpl :: COMOUT_ATMOS_ANALYSIS_MEM=/lfs/h2/emc/ptmp/emc.global/RETRO_GFSv17/comroot/retrotestgfs10/enkfgdas.20241124/18/mem024/analysis/atmos
+ exgdas_enkf_update.sh[189]mkdir -p /lfs/h2/emc/ptmp/emc.global/RETRO_GFSv17/comroot/retrotestgfs10/enkfgdas.20241124/18/mem024/analysis/atmos
+ exgdas_enkf_update.sh[191]for FHR in ${nfhrs}
+ exgdas_enkf_update.sh[192]/bin/ln -sf /lfs/h2/emc/ptmp/emc.global/RETRO_GFSv17/comroot/retrotestgfs10/enkfgdas.20241124/12/mem024/model/atmos/history/enkfgdas.t12z.atmf003.nc sfg_2024112418_fhr03_mem024
+ exgdas_enkf_update.sh[194][[ .true. == \.\t\r\u\e\. ]]
+ exgdas_enkf_update.sh[195]/bin/ln -sf /lfs/h2/emc/ptmp/emc.global/RETRO_GFSv17/comroot/retrotestgfs10/enkfgdas.20241124/12/mem024/model/atmos/history/enkfgdas.t12z.sfcf003.nc bfg_2024112418_fhr03_mem024
+ exgdas_enkf_update.sh[198][[ .false. == \.\t\r\u\e\. ]]
+ exgdas_enkf_update.sh[202][[ 3 -eq 6 ]]
+ exgdas_enkf_update.sh[211][[ NO == \Y\E\S ]]
+ exgdas_enkf_update.sh[215]/bin/ln -sf /lfs/h2/emc/ptmp/emc.global/RETRO_GFSv17/comroot/retrotestgfs10/enkfgdas.20241124/18/mem024/analysis/atmos/enkfgdas.t18z.atmi003.nc incr_2024112418_fhr03_mem024
+ exgdas_enkf_update.sh[219][[ YES == \Y\E\S ]]
+ exgdas_enkf_update.sh[220]/bin/ln -sf /lfs/h2/emc/ptmp/emc.global/RETRO_GFSv17/comroot/retrotestgfs10/enkfgdas.20241124/18/mem024/analysis/atmos/enkfgdas.t18z.sfci003.nc sfcincr_2024112418_fhr03_mem024
+ exgdas_enkf_update.sh[191]for FHR in ${nfhrs}
+ exgdas_enkf_update.sh[192]/bin/ln -sf /lfs/h2/emc/ptmp/emc.global/RETRO_GFSv17/comroot/retrotestgfs10/enkfgdas.20241124/12/mem024/model/atmos/history/enkfgdas.t12z.atmf006.nc sfg_2024112418_fhr06_mem024
+ exgdas_enkf_update.sh[194][[ .true. == \.\t\r\u\e\. ]]
+ exgdas_enkf_update.sh[195]/bin/ln -sf /lfs/h2/emc/ptmp/emc.global/RETRO_GFSv17/comroot/retrotestgfs10/enkfgdas.20241124/12/mem024/model/atmos/history/enkfgdas.t12z.sfcf006.nc bfg_2024112418_fhr06_mem024
+ exgdas_enkf_update.sh[198][[ .false. == \.\t\r\u\e\. ]]
+ exgdas_enkf_update.sh[202][[ 6 -eq 6 ]]
+ exgdas_enkf_update.sh[203][[ NO == \Y\E\S ]]
+ exgdas_enkf_update.sh[207]/bin/ln -sf /lfs/h2/emc/ptmp/emc.global/RETRO_GFSv17/comroot/retrotestgfs10/enkfgdas.20241124/18/mem024/analysis/atmos/enkfgdas.t18z.atminc.nc incr_2024112418_fhr06_mem024
+ exgdas_enkf_update.sh[219][[ YES == \Y\E\S ]]
+ exgdas_enkf_update.sh[220]/bin/ln -sf /lfs/h2/emc/ptmp/emc.global/RETRO_GFSv17/comroot/retrotestgfs10/enkfgdas.20241124/18/mem024/analysis/atmos/enkfgdas.t18z.sfci006.nc sfcincr_2024112418_fhr06_mem024
+ exgdas_enkf_update.sh[191]for FHR in ${nfhrs}
+ exgdas_enkf_update.sh[192]/bin/ln -sf /lfs/h2/emc/ptmp/emc.global/RETRO_GFSv17/comroot/retrotestgfs10/enkfgdas.20241124/12/mem024/model/atmos/history/enkfgdas.t12z.atmf009.nc sfg_2024112418_fhr09_mem024
+ exgdas_enkf_update.sh[194][[ .true. == \.\t\r\u\e\. ]]
+ exgdas_enkf_update.sh[195]/bin/ln -sf /lfs/h2/emc/ptmp/emc.global/RETRO_GFSv17/comroot/retrotestgfs10/enkfgdas.20241124/12/mem024/model/atmos/history/enkfgdas.t12z.sfcf009.nc bfg_2024112418_fhr09_mem024
+ exgdas_enkf_update.sh[198][[ .false. == \.\t\r\u\e\. ]]
+ exgdas_enkf_update.sh[202][[ 9 -eq 6 ]]
+ exgdas_enkf_update.sh[211][[ NO == \Y\E\S ]]
+ exgdas_enkf_update.sh[215]/bin/ln -sf /lfs/h2/emc/ptmp/emc.global/RETRO_GFSv17/comroot/retrotestgfs10/enkfgdas.20241124/18/mem024/analysis/atmos/enkfgdas.t18z.atmi009.nc incr_2024112418_fhr09_mem024
+ exgdas_enkf_update.sh[219][[ YES == \Y\E\S ]]
+ exgdas_enkf_update.sh[220]/bin/ln -sf /lfs/h2/emc/ptmp/emc.global/RETRO_GFSv17/comroot/retrotestgfs10/enkfgdas.20241124/18/mem024/analysis/atmos/enkfgdas.t18z.sfci009.nc sfcincr_2024112418_fhr09_mem024
+ exgdas_enkf_update.sh[175]for imem in $(seq 1 ${NMEM_ENS})
+ exgdas_enkf_update.sh[176]smem=25
+ exgdas_enkf_update.sh[177]((  smem > NMEM_ENS_MAX  ))
++ exgdas_enkf_update.sh[180]printf %03i 25
+ exgdas_enkf_update.sh[180]gmemchar=mem025
++ exgdas_enkf_update.sh[181]printf %03i 25
+ exgdas_enkf_update.sh[181]memchar=mem025
+ exgdas_enkf_update.sh[183]MEMDIR=mem025
+ exgdas_enkf_update.sh[183]RUN=enkfgdas
+ exgdas_enkf_update.sh[183]YMD=20241124
+ exgdas_enkf_update.sh[183]HH=12
+ exgdas_enkf_update.sh[183]declare_from_tmpl -x COMIN_ATMOS_HISTORY_MEM_PREV:COM_ATMOS_HISTORY_TMPL
+ environment[0][[ NO == \N\O ]]
+ environment[1]set +x
declare_from_tmpl :: COMIN_ATMOS_HISTORY_MEM_PREV=/lfs/h2/emc/ptmp/emc.global/RETRO_GFSv17/comroot/retrotestgfs10/enkfgdas.20241124/12/mem025/model/atmos/history
+ exgdas_enkf_update.sh[186]MEMDIR=mem025
+ exgdas_enkf_update.sh[186]YMD=20241124
+ exgdas_enkf_update.sh[186]HH=18
+ exgdas_enkf_update.sh[186]declare_from_tmpl -x COMOUT_ATMOS_ANALYSIS_MEM:COM_ATMOS_ANALYSIS_TMPL
+ environment[0][[ NO == \N\O ]]
+ environment[1]set +x
declare_from_tmpl :: COMOUT_ATMOS_ANALYSIS_MEM=/lfs/h2/emc/ptmp/emc.global/RETRO_GFSv17/comroot/retrotestgfs10/enkfgdas.20241124/18/mem025/analysis/atmos
+ exgdas_enkf_update.sh[189]mkdir -p /lfs/h2/emc/ptmp/emc.global/RETRO_GFSv17/comroot/retrotestgfs10/enkfgdas.20241124/18/mem025/analysis/atmos
+ exgdas_enkf_update.sh[191]for FHR in ${nfhrs}
+ exgdas_enkf_update.sh[192]/bin/ln -sf /lfs/h2/emc/ptmp/emc.global/RETRO_GFSv17/comroot/retrotestgfs10/enkfgdas.20241124/12/mem025/model/atmos/history/enkfgdas.t12z.atmf003.nc sfg_2024112418_fhr03_mem025
+ exgdas_enkf_update.sh[194][[ .true. == \.\t\r\u\e\. ]]
+ exgdas_enkf_update.sh[195]/bin/ln -sf /lfs/h2/emc/ptmp/emc.global/RETRO_GFSv17/comroot/retrotestgfs10/enkfgdas.20241124/12/mem025/model/atmos/history/enkfgdas.t12z.sfcf003.nc bfg_2024112418_fhr03_mem025
+ exgdas_enkf_update.sh[198][[ .false. == \.\t\r\u\e\. ]]
+ exgdas_enkf_update.sh[202][[ 3 -eq 6 ]]
+ exgdas_enkf_update.sh[211][[ NO == \Y\E\S ]]
+ exgdas_enkf_update.sh[215]/bin/ln -sf /lfs/h2/emc/ptmp/emc.global/RETRO_GFSv17/comroot/retrotestgfs10/enkfgdas.20241124/18/mem025/analysis/atmos/enkfgdas.t18z.atmi003.nc incr_2024112418_fhr03_mem025
+ exgdas_enkf_update.sh[219][[ YES == \Y\E\S ]]
+ exgdas_enkf_update.sh[220]/bin/ln -sf /lfs/h2/emc/ptmp/emc.global/RETRO_GFSv17/comroot/retrotestgfs10/enkfgdas.20241124/18/mem025/analysis/atmos/enkfgdas.t18z.sfci003.nc sfcincr_2024112418_fhr03_mem025
+ exgdas_enkf_update.sh[191]for FHR in ${nfhrs}
+ exgdas_enkf_update.sh[192]/bin/ln -sf /lfs/h2/emc/ptmp/emc.global/RETRO_GFSv17/comroot/retrotestgfs10/enkfgdas.20241124/12/mem025/model/atmos/history/enkfgdas.t12z.atmf006.nc sfg_2024112418_fhr06_mem025
+ exgdas_enkf_update.sh[194][[ .true. == \.\t\r\u\e\. ]]
+ exgdas_enkf_update.sh[195]/bin/ln -sf /lfs/h2/emc/ptmp/emc.global/RETRO_GFSv17/comroot/retrotestgfs10/enkfgdas.20241124/12/mem025/model/atmos/history/enkfgdas.t12z.sfcf006.nc bfg_2024112418_fhr06_mem025
+ exgdas_enkf_update.sh[198][[ .false. == \.\t\r\u\e\. ]]
+ exgdas_enkf_update.sh[202][[ 6 -eq 6 ]]
+ exgdas_enkf_update.sh[203][[ NO == \Y\E\S ]]
+ exgdas_enkf_update.sh[207]/bin/ln -sf /lfs/h2/emc/ptmp/emc.global/RETRO_GFSv17/comroot/retrotestgfs10/enkfgdas.20241124/18/mem025/analysis/atmos/enkfgdas.t18z.atminc.nc incr_2024112418_fhr06_mem025
+ exgdas_enkf_update.sh[219][[ YES == \Y\E\S ]]
+ exgdas_enkf_update.sh[220]/bin/ln -sf /lfs/h2/emc/ptmp/emc.global/RETRO_GFSv17/comroot/retrotestgfs10/enkfgdas.20241124/18/mem025/analysis/atmos/enkfgdas.t18z.sfci006.nc sfcincr_2024112418_fhr06_mem025
+ exgdas_enkf_update.sh[191]for FHR in ${nfhrs}
+ exgdas_enkf_update.sh[192]/bin/ln -sf /lfs/h2/emc/ptmp/emc.global/RETRO_GFSv17/comroot/retrotestgfs10/enkfgdas.20241124/12/mem025/model/atmos/history/enkfgdas.t12z.atmf009.nc sfg_2024112418_fhr09_mem025
+ exgdas_enkf_update.sh[194][[ .true. == \.\t\r\u\e\. ]]
+ exgdas_enkf_update.sh[195]/bin/ln -sf /lfs/h2/emc/ptmp/emc.global/RETRO_GFSv17/comroot/retrotestgfs10/enkfgdas.20241124/12/mem025/model/atmos/history/enkfgdas.t12z.sfcf009.nc bfg_2024112418_fhr09_mem025
+ exgdas_enkf_update.sh[198][[ .false. == \.\t\r\u\e\. ]]
+ exgdas_enkf_update.sh[202][[ 9 -eq 6 ]]
+ exgdas_enkf_update.sh[211][[ NO == \Y\E\S ]]
+ exgdas_enkf_update.sh[215]/bin/ln -sf /lfs/h2/emc/ptmp/emc.global/RETRO_GFSv17/comroot/retrotestgfs10/enkfgdas.20241124/18/mem025/analysis/atmos/enkfgdas.t18z.atmi009.nc incr_2024112418_fhr09_mem025
+ exgdas_enkf_update.sh[219][[ YES == \Y\E\S ]]
+ exgdas_enkf_update.sh[220]/bin/ln -sf /lfs/h2/emc/ptmp/emc.global/RETRO_GFSv17/comroot/retrotestgfs10/enkfgdas.20241124/18/mem025/analysis/atmos/enkfgdas.t18z.sfci009.nc sfcincr_2024112418_fhr09_mem025
+ exgdas_enkf_update.sh[175]for imem in $(seq 1 ${NMEM_ENS})
+ exgdas_enkf_update.sh[176]smem=26
+ exgdas_enkf_update.sh[177]((  smem > NMEM_ENS_MAX  ))
++ exgdas_enkf_update.sh[180]printf %03i 26
+ exgdas_enkf_update.sh[180]gmemchar=mem026
++ exgdas_enkf_update.sh[181]printf %03i 26
+ exgdas_enkf_update.sh[181]memchar=mem026
+ exgdas_enkf_update.sh[183]MEMDIR=mem026
+ exgdas_enkf_update.sh[183]RUN=enkfgdas
+ exgdas_enkf_update.sh[183]YMD=20241124
+ exgdas_enkf_update.sh[183]HH=12
+ exgdas_enkf_update.sh[183]declare_from_tmpl -x COMIN_ATMOS_HISTORY_MEM_PREV:COM_ATMOS_HISTORY_TMPL
+ environment[0][[ NO == \N\O ]]
+ environment[1]set +x
declare_from_tmpl :: COMIN_ATMOS_HISTORY_MEM_PREV=/lfs/h2/emc/ptmp/emc.global/RETRO_GFSv17/comroot/retrotestgfs10/enkfgdas.20241124/12/mem026/model/atmos/history
+ exgdas_enkf_update.sh[186]MEMDIR=mem026
+ exgdas_enkf_update.sh[186]YMD=20241124
+ exgdas_enkf_update.sh[186]HH=18
+ exgdas_enkf_update.sh[186]declare_from_tmpl -x COMOUT_ATMOS_ANALYSIS_MEM:COM_ATMOS_ANALYSIS_TMPL
+ environment[0][[ NO == \N\O ]]
+ environment[1]set +x
declare_from_tmpl :: COMOUT_ATMOS_ANALYSIS_MEM=/lfs/h2/emc/ptmp/emc.global/RETRO_GFSv17/comroot/retrotestgfs10/enkfgdas.20241124/18/mem026/analysis/atmos
+ exgdas_enkf_update.sh[189]mkdir -p /lfs/h2/emc/ptmp/emc.global/RETRO_GFSv17/comroot/retrotestgfs10/enkfgdas.20241124/18/mem026/analysis/atmos
+ exgdas_enkf_update.sh[191]for FHR in ${nfhrs}
+ exgdas_enkf_update.sh[192]/bin/ln -sf /lfs/h2/emc/ptmp/emc.global/RETRO_GFSv17/comroot/retrotestgfs10/enkfgdas.20241124/12/mem026/model/atmos/history/enkfgdas.t12z.atmf003.nc sfg_2024112418_fhr03_mem026
+ exgdas_enkf_update.sh[194][[ .true. == \.\t\r\u\e\. ]]
+ exgdas_enkf_update.sh[195]/bin/ln -sf /lfs/h2/emc/ptmp/emc.global/RETRO_GFSv17/comroot/retrotestgfs10/enkfgdas.20241124/12/mem026/model/atmos/history/enkfgdas.t12z.sfcf003.nc bfg_2024112418_fhr03_mem026
+ exgdas_enkf_update.sh[198][[ .false. == \.\t\r\u\e\. ]]
+ exgdas_enkf_update.sh[202][[ 3 -eq 6 ]]
+ exgdas_enkf_update.sh[211][[ NO == \Y\E\S ]]
+ exgdas_enkf_update.sh[215]/bin/ln -sf /lfs/h2/emc/ptmp/emc.global/RETRO_GFSv17/comroot/retrotestgfs10/enkfgdas.20241124/18/mem026/analysis/atmos/enkfgdas.t18z.atmi003.nc incr_2024112418_fhr03_mem026
+ exgdas_enkf_update.sh[219][[ YES == \Y\E\S ]]
+ exgdas_enkf_update.sh[220]/bin/ln -sf /lfs/h2/emc/ptmp/emc.global/RETRO_GFSv17/comroot/retrotestgfs10/enkfgdas.20241124/18/mem026/analysis/atmos/enkfgdas.t18z.sfci003.nc sfcincr_2024112418_fhr03_mem026
+ exgdas_enkf_update.sh[191]for FHR in ${nfhrs}
+ exgdas_enkf_update.sh[192]/bin/ln -sf /lfs/h2/emc/ptmp/emc.global/RETRO_GFSv17/comroot/retrotestgfs10/enkfgdas.20241124/12/mem026/model/atmos/history/enkfgdas.t12z.atmf006.nc sfg_2024112418_fhr06_mem026
+ exgdas_enkf_update.sh[194][[ .true. == \.\t\r\u\e\. ]]
+ exgdas_enkf_update.sh[195]/bin/ln -sf /lfs/h2/emc/ptmp/emc.global/RETRO_GFSv17/comroot/retrotestgfs10/enkfgdas.20241124/12/mem026/model/atmos/history/enkfgdas.t12z.sfcf006.nc bfg_2024112418_fhr06_mem026
+ exgdas_enkf_update.sh[198][[ .false. == \.\t\r\u\e\. ]]
+ exgdas_enkf_update.sh[202][[ 6 -eq 6 ]]
+ exgdas_enkf_update.sh[203][[ NO == \Y\E\S ]]
+ exgdas_enkf_update.sh[207]/bin/ln -sf /lfs/h2/emc/ptmp/emc.global/RETRO_GFSv17/comroot/retrotestgfs10/enkfgdas.20241124/18/mem026/analysis/atmos/enkfgdas.t18z.atminc.nc incr_2024112418_fhr06_mem026
+ exgdas_enkf_update.sh[219][[ YES == \Y\E\S ]]
+ exgdas_enkf_update.sh[220]/bin/ln -sf /lfs/h2/emc/ptmp/emc.global/RETRO_GFSv17/comroot/retrotestgfs10/enkfgdas.20241124/18/mem026/analysis/atmos/enkfgdas.t18z.sfci006.nc sfcincr_2024112418_fhr06_mem026
+ exgdas_enkf_update.sh[191]for FHR in ${nfhrs}
+ exgdas_enkf_update.sh[192]/bin/ln -sf /lfs/h2/emc/ptmp/emc.global/RETRO_GFSv17/comroot/retrotestgfs10/enkfgdas.20241124/12/mem026/model/atmos/history/enkfgdas.t12z.atmf009.nc sfg_2024112418_fhr09_mem026
+ exgdas_enkf_update.sh[194][[ .true. == \.\t\r\u\e\. ]]
+ exgdas_enkf_update.sh[195]/bin/ln -sf /lfs/h2/emc/ptmp/emc.global/RETRO_GFSv17/comroot/retrotestgfs10/enkfgdas.20241124/12/mem026/model/atmos/history/enkfgdas.t12z.sfcf009.nc bfg_2024112418_fhr09_mem026
+ exgdas_enkf_update.sh[198][[ .false. == \.\t\r\u\e\. ]]
+ exgdas_enkf_update.sh[202][[ 9 -eq 6 ]]
+ exgdas_enkf_update.sh[211][[ NO == \Y\E\S ]]
+ exgdas_enkf_update.sh[215]/bin/ln -sf /lfs/h2/emc/ptmp/emc.global/RETRO_GFSv17/comroot/retrotestgfs10/enkfgdas.20241124/18/mem026/analysis/atmos/enkfgdas.t18z.atmi009.nc incr_2024112418_fhr09_mem026
+ exgdas_enkf_update.sh[219][[ YES == \Y\E\S ]]
+ exgdas_enkf_update.sh[220]/bin/ln -sf /lfs/h2/emc/ptmp/emc.global/RETRO_GFSv17/comroot/retrotestgfs10/enkfgdas.20241124/18/mem026/analysis/atmos/enkfgdas.t18z.sfci009.nc sfcincr_2024112418_fhr09_mem026
+ exgdas_enkf_update.sh[175]for imem in $(seq 1 ${NMEM_ENS})
+ exgdas_enkf_update.sh[176]smem=27
+ exgdas_enkf_update.sh[177]((  smem > NMEM_ENS_MAX  ))
++ exgdas_enkf_update.sh[180]printf %03i 27
+ exgdas_enkf_update.sh[180]gmemchar=mem027
++ exgdas_enkf_update.sh[181]printf %03i 27
+ exgdas_enkf_update.sh[181]memchar=mem027
+ exgdas_enkf_update.sh[183]MEMDIR=mem027
+ exgdas_enkf_update.sh[183]RUN=enkfgdas
+ exgdas_enkf_update.sh[183]YMD=20241124
+ exgdas_enkf_update.sh[183]HH=12
+ exgdas_enkf_update.sh[183]declare_from_tmpl -x COMIN_ATMOS_HISTORY_MEM_PREV:COM_ATMOS_HISTORY_TMPL
+ environment[0][[ NO == \N\O ]]
+ environment[1]set +x
declare_from_tmpl :: COMIN_ATMOS_HISTORY_MEM_PREV=/lfs/h2/emc/ptmp/emc.global/RETRO_GFSv17/comroot/retrotestgfs10/enkfgdas.20241124/12/mem027/model/atmos/history
+ exgdas_enkf_update.sh[186]MEMDIR=mem027
+ exgdas_enkf_update.sh[186]YMD=20241124
+ exgdas_enkf_update.sh[186]HH=18
+ exgdas_enkf_update.sh[186]declare_from_tmpl -x COMOUT_ATMOS_ANALYSIS_MEM:COM_ATMOS_ANALYSIS_TMPL
+ environment[0][[ NO == \N\O ]]
+ environment[1]set +x
declare_from_tmpl :: COMOUT_ATMOS_ANALYSIS_MEM=/lfs/h2/emc/ptmp/emc.global/RETRO_GFSv17/comroot/retrotestgfs10/enkfgdas.20241124/18/mem027/analysis/atmos
+ exgdas_enkf_update.sh[189]mkdir -p /lfs/h2/emc/ptmp/emc.global/RETRO_GFSv17/comroot/retrotestgfs10/enkfgdas.20241124/18/mem027/analysis/atmos
+ exgdas_enkf_update.sh[191]for FHR in ${nfhrs}
+ exgdas_enkf_update.sh[192]/bin/ln -sf /lfs/h2/emc/ptmp/emc.global/RETRO_GFSv17/comroot/retrotestgfs10/enkfgdas.20241124/12/mem027/model/atmos/history/enkfgdas.t12z.atmf003.nc sfg_2024112418_fhr03_mem027
+ exgdas_enkf_update.sh[194][[ .true. == \.\t\r\u\e\. ]]
+ exgdas_enkf_update.sh[195]/bin/ln -sf /lfs/h2/emc/ptmp/emc.global/RETRO_GFSv17/comroot/retrotestgfs10/enkfgdas.20241124/12/mem027/model/atmos/history/enkfgdas.t12z.sfcf003.nc bfg_2024112418_fhr03_mem027
+ exgdas_enkf_update.sh[198][[ .false. == \.\t\r\u\e\. ]]
+ exgdas_enkf_update.sh[202][[ 3 -eq 6 ]]
+ exgdas_enkf_update.sh[211][[ NO == \Y\E\S ]]
+ exgdas_enkf_update.sh[215]/bin/ln -sf /lfs/h2/emc/ptmp/emc.global/RETRO_GFSv17/comroot/retrotestgfs10/enkfgdas.20241124/18/mem027/analysis/atmos/enkfgdas.t18z.atmi003.nc incr_2024112418_fhr03_mem027
+ exgdas_enkf_update.sh[219][[ YES == \Y\E\S ]]
+ exgdas_enkf_update.sh[220]/bin/ln -sf /lfs/h2/emc/ptmp/emc.global/RETRO_GFSv17/comroot/retrotestgfs10/enkfgdas.20241124/18/mem027/analysis/atmos/enkfgdas.t18z.sfci003.nc sfcincr_2024112418_fhr03_mem027
+ exgdas_enkf_update.sh[191]for FHR in ${nfhrs}
+ exgdas_enkf_update.sh[192]/bin/ln -sf /lfs/h2/emc/ptmp/emc.global/RETRO_GFSv17/comroot/retrotestgfs10/enkfgdas.20241124/12/mem027/model/atmos/history/enkfgdas.t12z.atmf006.nc sfg_2024112418_fhr06_mem027
+ exgdas_enkf_update.sh[194][[ .true. == \.\t\r\u\e\. ]]
+ exgdas_enkf_update.sh[195]/bin/ln -sf /lfs/h2/emc/ptmp/emc.global/RETRO_GFSv17/comroot/retrotestgfs10/enkfgdas.20241124/12/mem027/model/atmos/history/enkfgdas.t12z.sfcf006.nc bfg_2024112418_fhr06_mem027
+ exgdas_enkf_update.sh[198][[ .false. == \.\t\r\u\e\. ]]
+ exgdas_enkf_update.sh[202][[ 6 -eq 6 ]]
+ exgdas_enkf_update.sh[203][[ NO == \Y\E\S ]]
+ exgdas_enkf_update.sh[207]/bin/ln -sf /lfs/h2/emc/ptmp/emc.global/RETRO_GFSv17/comroot/retrotestgfs10/enkfgdas.20241124/18/mem027/analysis/atmos/enkfgdas.t18z.atminc.nc incr_2024112418_fhr06_mem027
+ exgdas_enkf_update.sh[219][[ YES == \Y\E\S ]]
+ exgdas_enkf_update.sh[220]/bin/ln -sf /lfs/h2/emc/ptmp/emc.global/RETRO_GFSv17/comroot/retrotestgfs10/enkfgdas.20241124/18/mem027/analysis/atmos/enkfgdas.t18z.sfci006.nc sfcincr_2024112418_fhr06_mem027
+ exgdas_enkf_update.sh[191]for FHR in ${nfhrs}
+ exgdas_enkf_update.sh[192]/bin/ln -sf /lfs/h2/emc/ptmp/emc.global/RETRO_GFSv17/comroot/retrotestgfs10/enkfgdas.20241124/12/mem027/model/atmos/history/enkfgdas.t12z.atmf009.nc sfg_2024112418_fhr09_mem027
+ exgdas_enkf_update.sh[194][[ .true. == \.\t\r\u\e\. ]]
+ exgdas_enkf_update.sh[195]/bin/ln -sf /lfs/h2/emc/ptmp/emc.global/RETRO_GFSv17/comroot/retrotestgfs10/enkfgdas.20241124/12/mem027/model/atmos/history/enkfgdas.t12z.sfcf009.nc bfg_2024112418_fhr09_mem027
+ exgdas_enkf_update.sh[198][[ .false. == \.\t\r\u\e\. ]]
+ exgdas_enkf_update.sh[202][[ 9 -eq 6 ]]
+ exgdas_enkf_update.sh[211][[ NO == \Y\E\S ]]
+ exgdas_enkf_update.sh[215]/bin/ln -sf /lfs/h2/emc/ptmp/emc.global/RETRO_GFSv17/comroot/retrotestgfs10/enkfgdas.20241124/18/mem027/analysis/atmos/enkfgdas.t18z.atmi009.nc incr_2024112418_fhr09_mem027
+ exgdas_enkf_update.sh[219][[ YES == \Y\E\S ]]
+ exgdas_enkf_update.sh[220]/bin/ln -sf /lfs/h2/emc/ptmp/emc.global/RETRO_GFSv17/comroot/retrotestgfs10/enkfgdas.20241124/18/mem027/analysis/atmos/enkfgdas.t18z.sfci009.nc sfcincr_2024112418_fhr09_mem027
+ exgdas_enkf_update.sh[175]for imem in $(seq 1 ${NMEM_ENS})
+ exgdas_enkf_update.sh[176]smem=28
+ exgdas_enkf_update.sh[177]((  smem > NMEM_ENS_MAX  ))
++ exgdas_enkf_update.sh[180]printf %03i 28
+ exgdas_enkf_update.sh[180]gmemchar=mem028
++ exgdas_enkf_update.sh[181]printf %03i 28
+ exgdas_enkf_update.sh[181]memchar=mem028
+ exgdas_enkf_update.sh[183]MEMDIR=mem028
+ exgdas_enkf_update.sh[183]RUN=enkfgdas
+ exgdas_enkf_update.sh[183]YMD=20241124
+ exgdas_enkf_update.sh[183]HH=12
+ exgdas_enkf_update.sh[183]declare_from_tmpl -x COMIN_ATMOS_HISTORY_MEM_PREV:COM_ATMOS_HISTORY_TMPL
+ environment[0][[ NO == \N\O ]]
+ environment[1]set +x
declare_from_tmpl :: COMIN_ATMOS_HISTORY_MEM_PREV=/lfs/h2/emc/ptmp/emc.global/RETRO_GFSv17/comroot/retrotestgfs10/enkfgdas.20241124/12/mem028/model/atmos/history
+ exgdas_enkf_update.sh[186]MEMDIR=mem028
+ exgdas_enkf_update.sh[186]YMD=20241124
+ exgdas_enkf_update.sh[186]HH=18
+ exgdas_enkf_update.sh[186]declare_from_tmpl -x COMOUT_ATMOS_ANALYSIS_MEM:COM_ATMOS_ANALYSIS_TMPL
+ environment[0][[ NO == \N\O ]]
+ environment[1]set +x
declare_from_tmpl :: COMOUT_ATMOS_ANALYSIS_MEM=/lfs/h2/emc/ptmp/emc.global/RETRO_GFSv17/comroot/retrotestgfs10/enkfgdas.20241124/18/mem028/analysis/atmos
+ exgdas_enkf_update.sh[189]mkdir -p /lfs/h2/emc/ptmp/emc.global/RETRO_GFSv17/comroot/retrotestgfs10/enkfgdas.20241124/18/mem028/analysis/atmos
+ exgdas_enkf_update.sh[191]for FHR in ${nfhrs}
+ exgdas_enkf_update.sh[192]/bin/ln -sf /lfs/h2/emc/ptmp/emc.global/RETRO_GFSv17/comroot/retrotestgfs10/enkfgdas.20241124/12/mem028/model/atmos/history/enkfgdas.t12z.atmf003.nc sfg_2024112418_fhr03_mem028
+ exgdas_enkf_update.sh[194][[ .true. == \.\t\r\u\e\. ]]
+ exgdas_enkf_update.sh[195]/bin/ln -sf /lfs/h2/emc/ptmp/emc.global/RETRO_GFSv17/comroot/retrotestgfs10/enkfgdas.20241124/12/mem028/model/atmos/history/enkfgdas.t12z.sfcf003.nc bfg_2024112418_fhr03_mem028
+ exgdas_enkf_update.sh[198][[ .false. == \.\t\r\u\e\. ]]
+ exgdas_enkf_update.sh[202][[ 3 -eq 6 ]]
+ exgdas_enkf_update.sh[211][[ NO == \Y\E\S ]]
+ exgdas_enkf_update.sh[215]/bin/ln -sf /lfs/h2/emc/ptmp/emc.global/RETRO_GFSv17/comroot/retrotestgfs10/enkfgdas.20241124/18/mem028/analysis/atmos/enkfgdas.t18z.atmi003.nc incr_2024112418_fhr03_mem028
+ exgdas_enkf_update.sh[219][[ YES == \Y\E\S ]]
+ exgdas_enkf_update.sh[220]/bin/ln -sf /lfs/h2/emc/ptmp/emc.global/RETRO_GFSv17/comroot/retrotestgfs10/enkfgdas.20241124/18/mem028/analysis/atmos/enkfgdas.t18z.sfci003.nc sfcincr_2024112418_fhr03_mem028
+ exgdas_enkf_update.sh[191]for FHR in ${nfhrs}
+ exgdas_enkf_update.sh[192]/bin/ln -sf /lfs/h2/emc/ptmp/emc.global/RETRO_GFSv17/comroot/retrotestgfs10/enkfgdas.20241124/12/mem028/model/atmos/history/enkfgdas.t12z.atmf006.nc sfg_2024112418_fhr06_mem028
+ exgdas_enkf_update.sh[194][[ .true. == \.\t\r\u\e\. ]]
+ exgdas_enkf_update.sh[195]/bin/ln -sf /lfs/h2/emc/ptmp/emc.global/RETRO_GFSv17/comroot/retrotestgfs10/enkfgdas.20241124/12/mem028/model/atmos/history/enkfgdas.t12z.sfcf006.nc bfg_2024112418_fhr06_mem028
+ exgdas_enkf_update.sh[198][[ .false. == \.\t\r\u\e\. ]]
+ exgdas_enkf_update.sh[202][[ 6 -eq 6 ]]
+ exgdas_enkf_update.sh[203][[ NO == \Y\E\S ]]
+ exgdas_enkf_update.sh[207]/bin/ln -sf /lfs/h2/emc/ptmp/emc.global/RETRO_GFSv17/comroot/retrotestgfs10/enkfgdas.20241124/18/mem028/analysis/atmos/enkfgdas.t18z.atminc.nc incr_2024112418_fhr06_mem028
+ exgdas_enkf_update.sh[219][[ YES == \Y\E\S ]]
+ exgdas_enkf_update.sh[220]/bin/ln -sf /lfs/h2/emc/ptmp/emc.global/RETRO_GFSv17/comroot/retrotestgfs10/enkfgdas.20241124/18/mem028/analysis/atmos/enkfgdas.t18z.sfci006.nc sfcincr_2024112418_fhr06_mem028
+ exgdas_enkf_update.sh[191]for FHR in ${nfhrs}
+ exgdas_enkf_update.sh[192]/bin/ln -sf /lfs/h2/emc/ptmp/emc.global/RETRO_GFSv17/comroot/retrotestgfs10/enkfgdas.20241124/12/mem028/model/atmos/history/enkfgdas.t12z.atmf009.nc sfg_2024112418_fhr09_mem028
+ exgdas_enkf_update.sh[194][[ .true. == \.\t\r\u\e\. ]]
+ exgdas_enkf_update.sh[195]/bin/ln -sf /lfs/h2/emc/ptmp/emc.global/RETRO_GFSv17/comroot/retrotestgfs10/enkfgdas.20241124/12/mem028/model/atmos/history/enkfgdas.t12z.sfcf009.nc bfg_2024112418_fhr09_mem028
+ exgdas_enkf_update.sh[198][[ .false. == \.\t\r\u\e\. ]]
+ exgdas_enkf_update.sh[202][[ 9 -eq 6 ]]
+ exgdas_enkf_update.sh[211][[ NO == \Y\E\S ]]
+ exgdas_enkf_update.sh[215]/bin/ln -sf /lfs/h2/emc/ptmp/emc.global/RETRO_GFSv17/comroot/retrotestgfs10/enkfgdas.20241124/18/mem028/analysis/atmos/enkfgdas.t18z.atmi009.nc incr_2024112418_fhr09_mem028
+ exgdas_enkf_update.sh[219][[ YES == \Y\E\S ]]
+ exgdas_enkf_update.sh[220]/bin/ln -sf /lfs/h2/emc/ptmp/emc.global/RETRO_GFSv17/comroot/retrotestgfs10/enkfgdas.20241124/18/mem028/analysis/atmos/enkfgdas.t18z.sfci009.nc sfcincr_2024112418_fhr09_mem028
+ exgdas_enkf_update.sh[175]for imem in $(seq 1 ${NMEM_ENS})
+ exgdas_enkf_update.sh[176]smem=29
+ exgdas_enkf_update.sh[177]((  smem > NMEM_ENS_MAX  ))
++ exgdas_enkf_update.sh[180]printf %03i 29
+ exgdas_enkf_update.sh[180]gmemchar=mem029
++ exgdas_enkf_update.sh[181]printf %03i 29
+ exgdas_enkf_update.sh[181]memchar=mem029
+ exgdas_enkf_update.sh[183]MEMDIR=mem029
+ exgdas_enkf_update.sh[183]RUN=enkfgdas
+ exgdas_enkf_update.sh[183]YMD=20241124
+ exgdas_enkf_update.sh[183]HH=12
+ exgdas_enkf_update.sh[183]declare_from_tmpl -x COMIN_ATMOS_HISTORY_MEM_PREV:COM_ATMOS_HISTORY_TMPL
+ environment[0][[ NO == \N\O ]]
+ environment[1]set +x
declare_from_tmpl :: COMIN_ATMOS_HISTORY_MEM_PREV=/lfs/h2/emc/ptmp/emc.global/RETRO_GFSv17/comroot/retrotestgfs10/enkfgdas.20241124/12/mem029/model/atmos/history
+ exgdas_enkf_update.sh[186]MEMDIR=mem029
+ exgdas_enkf_update.sh[186]YMD=20241124
+ exgdas_enkf_update.sh[186]HH=18
+ exgdas_enkf_update.sh[186]declare_from_tmpl -x COMOUT_ATMOS_ANALYSIS_MEM:COM_ATMOS_ANALYSIS_TMPL
+ environment[0][[ NO == \N\O ]]
+ environment[1]set +x
declare_from_tmpl :: COMOUT_ATMOS_ANALYSIS_MEM=/lfs/h2/emc/ptmp/emc.global/RETRO_GFSv17/comroot/retrotestgfs10/enkfgdas.20241124/18/mem029/analysis/atmos
+ exgdas_enkf_update.sh[189]mkdir -p /lfs/h2/emc/ptmp/emc.global/RETRO_GFSv17/comroot/retrotestgfs10/enkfgdas.20241124/18/mem029/analysis/atmos
+ exgdas_enkf_update.sh[191]for FHR in ${nfhrs}
+ exgdas_enkf_update.sh[192]/bin/ln -sf /lfs/h2/emc/ptmp/emc.global/RETRO_GFSv17/comroot/retrotestgfs10/enkfgdas.20241124/12/mem029/model/atmos/history/enkfgdas.t12z.atmf003.nc sfg_2024112418_fhr03_mem029
+ exgdas_enkf_update.sh[194][[ .true. == \.\t\r\u\e\. ]]
+ exgdas_enkf_update.sh[195]/bin/ln -sf /lfs/h2/emc/ptmp/emc.global/RETRO_GFSv17/comroot/retrotestgfs10/enkfgdas.20241124/12/mem029/model/atmos/history/enkfgdas.t12z.sfcf003.nc bfg_2024112418_fhr03_mem029
+ exgdas_enkf_update.sh[198][[ .false. == \.\t\r\u\e\. ]]
+ exgdas_enkf_update.sh[202][[ 3 -eq 6 ]]
+ exgdas_enkf_update.sh[211][[ NO == \Y\E\S ]]
+ exgdas_enkf_update.sh[215]/bin/ln -sf /lfs/h2/emc/ptmp/emc.global/RETRO_GFSv17/comroot/retrotestgfs10/enkfgdas.20241124/18/mem029/analysis/atmos/enkfgdas.t18z.atmi003.nc incr_2024112418_fhr03_mem029
+ exgdas_enkf_update.sh[219][[ YES == \Y\E\S ]]
+ exgdas_enkf_update.sh[220]/bin/ln -sf /lfs/h2/emc/ptmp/emc.global/RETRO_GFSv17/comroot/retrotestgfs10/enkfgdas.20241124/18/mem029/analysis/atmos/enkfgdas.t18z.sfci003.nc sfcincr_2024112418_fhr03_mem029
+ exgdas_enkf_update.sh[191]for FHR in ${nfhrs}
+ exgdas_enkf_update.sh[192]/bin/ln -sf /lfs/h2/emc/ptmp/emc.global/RETRO_GFSv17/comroot/retrotestgfs10/enkfgdas.20241124/12/mem029/model/atmos/history/enkfgdas.t12z.atmf006.nc sfg_2024112418_fhr06_mem029
+ exgdas_enkf_update.sh[194][[ .true. == \.\t\r\u\e\. ]]
+ exgdas_enkf_update.sh[195]/bin/ln -sf /lfs/h2/emc/ptmp/emc.global/RETRO_GFSv17/comroot/retrotestgfs10/enkfgdas.20241124/12/mem029/model/atmos/history/enkfgdas.t12z.sfcf006.nc bfg_2024112418_fhr06_mem029
+ exgdas_enkf_update.sh[198][[ .false. == \.\t\r\u\e\. ]]
+ exgdas_enkf_update.sh[202][[ 6 -eq 6 ]]
+ exgdas_enkf_update.sh[203][[ NO == \Y\E\S ]]
+ exgdas_enkf_update.sh[207]/bin/ln -sf /lfs/h2/emc/ptmp/emc.global/RETRO_GFSv17/comroot/retrotestgfs10/enkfgdas.20241124/18/mem029/analysis/atmos/enkfgdas.t18z.atminc.nc incr_2024112418_fhr06_mem029
+ exgdas_enkf_update.sh[219][[ YES == \Y\E\S ]]
+ exgdas_enkf_update.sh[220]/bin/ln -sf /lfs/h2/emc/ptmp/emc.global/RETRO_GFSv17/comroot/retrotestgfs10/enkfgdas.20241124/18/mem029/analysis/atmos/enkfgdas.t18z.sfci006.nc sfcincr_2024112418_fhr06_mem029
+ exgdas_enkf_update.sh[191]for FHR in ${nfhrs}
+ exgdas_enkf_update.sh[192]/bin/ln -sf /lfs/h2/emc/ptmp/emc.global/RETRO_GFSv17/comroot/retrotestgfs10/enkfgdas.20241124/12/mem029/model/atmos/history/enkfgdas.t12z.atmf009.nc sfg_2024112418_fhr09_mem029
+ exgdas_enkf_update.sh[194][[ .true. == \.\t\r\u\e\. ]]
+ exgdas_enkf_update.sh[195]/bin/ln -sf /lfs/h2/emc/ptmp/emc.global/RETRO_GFSv17/comroot/retrotestgfs10/enkfgdas.20241124/12/mem029/model/atmos/history/enkfgdas.t12z.sfcf009.nc bfg_2024112418_fhr09_mem029
+ exgdas_enkf_update.sh[198][[ .false. == \.\t\r\u\e\. ]]
+ exgdas_enkf_update.sh[202][[ 9 -eq 6 ]]
+ exgdas_enkf_update.sh[211][[ NO == \Y\E\S ]]
+ exgdas_enkf_update.sh[215]/bin/ln -sf /lfs/h2/emc/ptmp/emc.global/RETRO_GFSv17/comroot/retrotestgfs10/enkfgdas.20241124/18/mem029/analysis/atmos/enkfgdas.t18z.atmi009.nc incr_2024112418_fhr09_mem029
+ exgdas_enkf_update.sh[219][[ YES == \Y\E\S ]]
+ exgdas_enkf_update.sh[220]/bin/ln -sf /lfs/h2/emc/ptmp/emc.global/RETRO_GFSv17/comroot/retrotestgfs10/enkfgdas.20241124/18/mem029/analysis/atmos/enkfgdas.t18z.sfci009.nc sfcincr_2024112418_fhr09_mem029
+ exgdas_enkf_update.sh[175]for imem in $(seq 1 ${NMEM_ENS})
+ exgdas_enkf_update.sh[176]smem=30
+ exgdas_enkf_update.sh[177]((  smem > NMEM_ENS_MAX  ))
++ exgdas_enkf_update.sh[180]printf %03i 30
+ exgdas_enkf_update.sh[180]gmemchar=mem030
++ exgdas_enkf_update.sh[181]printf %03i 30
+ exgdas_enkf_update.sh[181]memchar=mem030
+ exgdas_enkf_update.sh[183]MEMDIR=mem030
+ exgdas_enkf_update.sh[183]RUN=enkfgdas
+ exgdas_enkf_update.sh[183]YMD=20241124
+ exgdas_enkf_update.sh[183]HH=12
+ exgdas_enkf_update.sh[183]declare_from_tmpl -x COMIN_ATMOS_HISTORY_MEM_PREV:COM_ATMOS_HISTORY_TMPL
+ environment[0][[ NO == \N\O ]]
+ environment[1]set +x
declare_from_tmpl :: COMIN_ATMOS_HISTORY_MEM_PREV=/lfs/h2/emc/ptmp/emc.global/RETRO_GFSv17/comroot/retrotestgfs10/enkfgdas.20241124/12/mem030/model/atmos/history
+ exgdas_enkf_update.sh[186]MEMDIR=mem030
+ exgdas_enkf_update.sh[186]YMD=20241124
+ exgdas_enkf_update.sh[186]HH=18
+ exgdas_enkf_update.sh[186]declare_from_tmpl -x COMOUT_ATMOS_ANALYSIS_MEM:COM_ATMOS_ANALYSIS_TMPL
+ environment[0][[ NO == \N\O ]]
+ environment[1]set +x
declare_from_tmpl :: COMOUT_ATMOS_ANALYSIS_MEM=/lfs/h2/emc/ptmp/emc.global/RETRO_GFSv17/comroot/retrotestgfs10/enkfgdas.20241124/18/mem030/analysis/atmos
+ exgdas_enkf_update.sh[189]mkdir -p /lfs/h2/emc/ptmp/emc.global/RETRO_GFSv17/comroot/retrotestgfs10/enkfgdas.20241124/18/mem030/analysis/atmos
+ exgdas_enkf_update.sh[191]for FHR in ${nfhrs}
+ exgdas_enkf_update.sh[192]/bin/ln -sf /lfs/h2/emc/ptmp/emc.global/RETRO_GFSv17/comroot/retrotestgfs10/enkfgdas.20241124/12/mem030/model/atmos/history/enkfgdas.t12z.atmf003.nc sfg_2024112418_fhr03_mem030
+ exgdas_enkf_update.sh[194][[ .true. == \.\t\r\u\e\. ]]
+ exgdas_enkf_update.sh[195]/bin/ln -sf /lfs/h2/emc/ptmp/emc.global/RETRO_GFSv17/comroot/retrotestgfs10/enkfgdas.20241124/12/mem030/model/atmos/history/enkfgdas.t12z.sfcf003.nc bfg_2024112418_fhr03_mem030
+ exgdas_enkf_update.sh[198][[ .false. == \.\t\r\u\e\. ]]
+ exgdas_enkf_update.sh[202][[ 3 -eq 6 ]]
+ exgdas_enkf_update.sh[211][[ NO == \Y\E\S ]]
+ exgdas_enkf_update.sh[215]/bin/ln -sf /lfs/h2/emc/ptmp/emc.global/RETRO_GFSv17/comroot/retrotestgfs10/enkfgdas.20241124/18/mem030/analysis/atmos/enkfgdas.t18z.atmi003.nc incr_2024112418_fhr03_mem030
+ exgdas_enkf_update.sh[219][[ YES == \Y\E\S ]]
+ exgdas_enkf_update.sh[220]/bin/ln -sf /lfs/h2/emc/ptmp/emc.global/RETRO_GFSv17/comroot/retrotestgfs10/enkfgdas.20241124/18/mem030/analysis/atmos/enkfgdas.t18z.sfci003.nc sfcincr_2024112418_fhr03_mem030
+ exgdas_enkf_update.sh[191]for FHR in ${nfhrs}
+ exgdas_enkf_update.sh[192]/bin/ln -sf /lfs/h2/emc/ptmp/emc.global/RETRO_GFSv17/comroot/retrotestgfs10/enkfgdas.20241124/12/mem030/model/atmos/history/enkfgdas.t12z.atmf006.nc sfg_2024112418_fhr06_mem030
+ exgdas_enkf_update.sh[194][[ .true. == \.\t\r\u\e\. ]]
+ exgdas_enkf_update.sh[195]/bin/ln -sf /lfs/h2/emc/ptmp/emc.global/RETRO_GFSv17/comroot/retrotestgfs10/enkfgdas.20241124/12/mem030/model/atmos/history/enkfgdas.t12z.sfcf006.nc bfg_2024112418_fhr06_mem030
+ exgdas_enkf_update.sh[198][[ .false. == \.\t\r\u\e\. ]]
+ exgdas_enkf_update.sh[202][[ 6 -eq 6 ]]
+ exgdas_enkf_update.sh[203][[ NO == \Y\E\S ]]
+ exgdas_enkf_update.sh[207]/bin/ln -sf /lfs/h2/emc/ptmp/emc.global/RETRO_GFSv17/comroot/retrotestgfs10/enkfgdas.20241124/18/mem030/analysis/atmos/enkfgdas.t18z.atminc.nc incr_2024112418_fhr06_mem030
+ exgdas_enkf_update.sh[219][[ YES == \Y\E\S ]]
+ exgdas_enkf_update.sh[220]/bin/ln -sf /lfs/h2/emc/ptmp/emc.global/RETRO_GFSv17/comroot/retrotestgfs10/enkfgdas.20241124/18/mem030/analysis/atmos/enkfgdas.t18z.sfci006.nc sfcincr_2024112418_fhr06_mem030
+ exgdas_enkf_update.sh[191]for FHR in ${nfhrs}
+ exgdas_enkf_update.sh[192]/bin/ln -sf /lfs/h2/emc/ptmp/emc.global/RETRO_GFSv17/comroot/retrotestgfs10/enkfgdas.20241124/12/mem030/model/atmos/history/enkfgdas.t12z.atmf009.nc sfg_2024112418_fhr09_mem030
+ exgdas_enkf_update.sh[194][[ .true. == \.\t\r\u\e\. ]]
+ exgdas_enkf_update.sh[195]/bin/ln -sf /lfs/h2/emc/ptmp/emc.global/RETRO_GFSv17/comroot/retrotestgfs10/enkfgdas.20241124/12/mem030/model/atmos/history/enkfgdas.t12z.sfcf009.nc bfg_2024112418_fhr09_mem030
+ exgdas_enkf_update.sh[198][[ .false. == \.\t\r\u\e\. ]]
+ exgdas_enkf_update.sh[202][[ 9 -eq 6 ]]
+ exgdas_enkf_update.sh[211][[ NO == \Y\E\S ]]
+ exgdas_enkf_update.sh[215]/bin/ln -sf /lfs/h2/emc/ptmp/emc.global/RETRO_GFSv17/comroot/retrotestgfs10/enkfgdas.20241124/18/mem030/analysis/atmos/enkfgdas.t18z.atmi009.nc incr_2024112418_fhr09_mem030
+ exgdas_enkf_update.sh[219][[ YES == \Y\E\S ]]
+ exgdas_enkf_update.sh[220]/bin/ln -sf /lfs/h2/emc/ptmp/emc.global/RETRO_GFSv17/comroot/retrotestgfs10/enkfgdas.20241124/18/mem030/analysis/atmos/enkfgdas.t18z.sfci009.nc sfcincr_2024112418_fhr09_mem030
+ exgdas_enkf_update.sh[175]for imem in $(seq 1 ${NMEM_ENS})
+ exgdas_enkf_update.sh[176]smem=31
+ exgdas_enkf_update.sh[177]((  smem > NMEM_ENS_MAX  ))
++ exgdas_enkf_update.sh[180]printf %03i 31
+ exgdas_enkf_update.sh[180]gmemchar=mem031
++ exgdas_enkf_update.sh[181]printf %03i 31
+ exgdas_enkf_update.sh[181]memchar=mem031
+ exgdas_enkf_update.sh[183]MEMDIR=mem031
+ exgdas_enkf_update.sh[183]RUN=enkfgdas
+ exgdas_enkf_update.sh[183]YMD=20241124
+ exgdas_enkf_update.sh[183]HH=12
+ exgdas_enkf_update.sh[183]declare_from_tmpl -x COMIN_ATMOS_HISTORY_MEM_PREV:COM_ATMOS_HISTORY_TMPL
+ environment[0][[ NO == \N\O ]]
+ environment[1]set +x
declare_from_tmpl :: COMIN_ATMOS_HISTORY_MEM_PREV=/lfs/h2/emc/ptmp/emc.global/RETRO_GFSv17/comroot/retrotestgfs10/enkfgdas.20241124/12/mem031/model/atmos/history
+ exgdas_enkf_update.sh[186]MEMDIR=mem031
+ exgdas_enkf_update.sh[186]YMD=20241124
+ exgdas_enkf_update.sh[186]HH=18
+ exgdas_enkf_update.sh[186]declare_from_tmpl -x COMOUT_ATMOS_ANALYSIS_MEM:COM_ATMOS_ANALYSIS_TMPL
+ environment[0][[ NO == \N\O ]]
+ environment[1]set +x
declare_from_tmpl :: COMOUT_ATMOS_ANALYSIS_MEM=/lfs/h2/emc/ptmp/emc.global/RETRO_GFSv17/comroot/retrotestgfs10/enkfgdas.20241124/18/mem031/analysis/atmos
+ exgdas_enkf_update.sh[189]mkdir -p /lfs/h2/emc/ptmp/emc.global/RETRO_GFSv17/comroot/retrotestgfs10/enkfgdas.20241124/18/mem031/analysis/atmos
+ exgdas_enkf_update.sh[191]for FHR in ${nfhrs}
+ exgdas_enkf_update.sh[192]/bin/ln -sf /lfs/h2/emc/ptmp/emc.global/RETRO_GFSv17/comroot/retrotestgfs10/enkfgdas.20241124/12/mem031/model/atmos/history/enkfgdas.t12z.atmf003.nc sfg_2024112418_fhr03_mem031
+ exgdas_enkf_update.sh[194][[ .true. == \.\t\r\u\e\. ]]
+ exgdas_enkf_update.sh[195]/bin/ln -sf /lfs/h2/emc/ptmp/emc.global/RETRO_GFSv17/comroot/retrotestgfs10/enkfgdas.20241124/12/mem031/model/atmos/history/enkfgdas.t12z.sfcf003.nc bfg_2024112418_fhr03_mem031
+ exgdas_enkf_update.sh[198][[ .false. == \.\t\r\u\e\. ]]
+ exgdas_enkf_update.sh[202][[ 3 -eq 6 ]]
+ exgdas_enkf_update.sh[211][[ NO == \Y\E\S ]]
+ exgdas_enkf_update.sh[215]/bin/ln -sf /lfs/h2/emc/ptmp/emc.global/RETRO_GFSv17/comroot/retrotestgfs10/enkfgdas.20241124/18/mem031/analysis/atmos/enkfgdas.t18z.atmi003.nc incr_2024112418_fhr03_mem031
+ exgdas_enkf_update.sh[219][[ YES == \Y\E\S ]]
+ exgdas_enkf_update.sh[220]/bin/ln -sf /lfs/h2/emc/ptmp/emc.global/RETRO_GFSv17/comroot/retrotestgfs10/enkfgdas.20241124/18/mem031/analysis/atmos/enkfgdas.t18z.sfci003.nc sfcincr_2024112418_fhr03_mem031
+ exgdas_enkf_update.sh[191]for FHR in ${nfhrs}
+ exgdas_enkf_update.sh[192]/bin/ln -sf /lfs/h2/emc/ptmp/emc.global/RETRO_GFSv17/comroot/retrotestgfs10/enkfgdas.20241124/12/mem031/model/atmos/history/enkfgdas.t12z.atmf006.nc sfg_2024112418_fhr06_mem031
+ exgdas_enkf_update.sh[194][[ .true. == \.\t\r\u\e\. ]]
+ exgdas_enkf_update.sh[195]/bin/ln -sf /lfs/h2/emc/ptmp/emc.global/RETRO_GFSv17/comroot/retrotestgfs10/enkfgdas.20241124/12/mem031/model/atmos/history/enkfgdas.t12z.sfcf006.nc bfg_2024112418_fhr06_mem031
+ exgdas_enkf_update.sh[198][[ .false. == \.\t\r\u\e\. ]]
+ exgdas_enkf_update.sh[202][[ 6 -eq 6 ]]
+ exgdas_enkf_update.sh[203][[ NO == \Y\E\S ]]
+ exgdas_enkf_update.sh[207]/bin/ln -sf /lfs/h2/emc/ptmp/emc.global/RETRO_GFSv17/comroot/retrotestgfs10/enkfgdas.20241124/18/mem031/analysis/atmos/enkfgdas.t18z.atminc.nc incr_2024112418_fhr06_mem031
+ exgdas_enkf_update.sh[219][[ YES == \Y\E\S ]]
+ exgdas_enkf_update.sh[220]/bin/ln -sf /lfs/h2/emc/ptmp/emc.global/RETRO_GFSv17/comroot/retrotestgfs10/enkfgdas.20241124/18/mem031/analysis/atmos/enkfgdas.t18z.sfci006.nc sfcincr_2024112418_fhr06_mem031
+ exgdas_enkf_update.sh[191]for FHR in ${nfhrs}
+ exgdas_enkf_update.sh[192]/bin/ln -sf /lfs/h2/emc/ptmp/emc.global/RETRO_GFSv17/comroot/retrotestgfs10/enkfgdas.20241124/12/mem031/model/atmos/history/enkfgdas.t12z.atmf009.nc sfg_2024112418_fhr09_mem031
+ exgdas_enkf_update.sh[194][[ .true. == \.\t\r\u\e\. ]]
+ exgdas_enkf_update.sh[195]/bin/ln -sf /lfs/h2/emc/ptmp/emc.global/RETRO_GFSv17/comroot/retrotestgfs10/enkfgdas.20241124/12/mem031/model/atmos/history/enkfgdas.t12z.sfcf009.nc bfg_2024112418_fhr09_mem031
+ exgdas_enkf_update.sh[198][[ .false. == \.\t\r\u\e\. ]]
+ exgdas_enkf_update.sh[202][[ 9 -eq 6 ]]
+ exgdas_enkf_update.sh[211][[ NO == \Y\E\S ]]
+ exgdas_enkf_update.sh[215]/bin/ln -sf /lfs/h2/emc/ptmp/emc.global/RETRO_GFSv17/comroot/retrotestgfs10/enkfgdas.20241124/18/mem031/analysis/atmos/enkfgdas.t18z.atmi009.nc incr_2024112418_fhr09_mem031
+ exgdas_enkf_update.sh[219][[ YES == \Y\E\S ]]
+ exgdas_enkf_update.sh[220]/bin/ln -sf /lfs/h2/emc/ptmp/emc.global/RETRO_GFSv17/comroot/retrotestgfs10/enkfgdas.20241124/18/mem031/analysis/atmos/enkfgdas.t18z.sfci009.nc sfcincr_2024112418_fhr09_mem031
+ exgdas_enkf_update.sh[175]for imem in $(seq 1 ${NMEM_ENS})
+ exgdas_enkf_update.sh[176]smem=32
+ exgdas_enkf_update.sh[177]((  smem > NMEM_ENS_MAX  ))
++ exgdas_enkf_update.sh[180]printf %03i 32
+ exgdas_enkf_update.sh[180]gmemchar=mem032
++ exgdas_enkf_update.sh[181]printf %03i 32
+ exgdas_enkf_update.sh[181]memchar=mem032
+ exgdas_enkf_update.sh[183]MEMDIR=mem032
+ exgdas_enkf_update.sh[183]RUN=enkfgdas
+ exgdas_enkf_update.sh[183]YMD=20241124
+ exgdas_enkf_update.sh[183]HH=12
+ exgdas_enkf_update.sh[183]declare_from_tmpl -x COMIN_ATMOS_HISTORY_MEM_PREV:COM_ATMOS_HISTORY_TMPL
+ environment[0][[ NO == \N\O ]]
+ environment[1]set +x
declare_from_tmpl :: COMIN_ATMOS_HISTORY_MEM_PREV=/lfs/h2/emc/ptmp/emc.global/RETRO_GFSv17/comroot/retrotestgfs10/enkfgdas.20241124/12/mem032/model/atmos/history
+ exgdas_enkf_update.sh[186]MEMDIR=mem032
+ exgdas_enkf_update.sh[186]YMD=20241124
+ exgdas_enkf_update.sh[186]HH=18
+ exgdas_enkf_update.sh[186]declare_from_tmpl -x COMOUT_ATMOS_ANALYSIS_MEM:COM_ATMOS_ANALYSIS_TMPL
+ environment[0][[ NO == \N\O ]]
+ environment[1]set +x
declare_from_tmpl :: COMOUT_ATMOS_ANALYSIS_MEM=/lfs/h2/emc/ptmp/emc.global/RETRO_GFSv17/comroot/retrotestgfs10/enkfgdas.20241124/18/mem032/analysis/atmos
+ exgdas_enkf_update.sh[189]mkdir -p /lfs/h2/emc/ptmp/emc.global/RETRO_GFSv17/comroot/retrotestgfs10/enkfgdas.20241124/18/mem032/analysis/atmos
+ exgdas_enkf_update.sh[191]for FHR in ${nfhrs}
+ exgdas_enkf_update.sh[192]/bin/ln -sf /lfs/h2/emc/ptmp/emc.global/RETRO_GFSv17/comroot/retrotestgfs10/enkfgdas.20241124/12/mem032/model/atmos/history/enkfgdas.t12z.atmf003.nc sfg_2024112418_fhr03_mem032
+ exgdas_enkf_update.sh[194][[ .true. == \.\t\r\u\e\. ]]
+ exgdas_enkf_update.sh[195]/bin/ln -sf /lfs/h2/emc/ptmp/emc.global/RETRO_GFSv17/comroot/retrotestgfs10/enkfgdas.20241124/12/mem032/model/atmos/history/enkfgdas.t12z.sfcf003.nc bfg_2024112418_fhr03_mem032
+ exgdas_enkf_update.sh[198][[ .false. == \.\t\r\u\e\. ]]
+ exgdas_enkf_update.sh[202][[ 3 -eq 6 ]]
+ exgdas_enkf_update.sh[211][[ NO == \Y\E\S ]]
+ exgdas_enkf_update.sh[215]/bin/ln -sf /lfs/h2/emc/ptmp/emc.global/RETRO_GFSv17/comroot/retrotestgfs10/enkfgdas.20241124/18/mem032/analysis/atmos/enkfgdas.t18z.atmi003.nc incr_2024112418_fhr03_mem032
+ exgdas_enkf_update.sh[219][[ YES == \Y\E\S ]]
+ exgdas_enkf_update.sh[220]/bin/ln -sf /lfs/h2/emc/ptmp/emc.global/RETRO_GFSv17/comroot/retrotestgfs10/enkfgdas.20241124/18/mem032/analysis/atmos/enkfgdas.t18z.sfci003.nc sfcincr_2024112418_fhr03_mem032
+ exgdas_enkf_update.sh[191]for FHR in ${nfhrs}
+ exgdas_enkf_update.sh[192]/bin/ln -sf /lfs/h2/emc/ptmp/emc.global/RETRO_GFSv17/comroot/retrotestgfs10/enkfgdas.20241124/12/mem032/model/atmos/history/enkfgdas.t12z.atmf006.nc sfg_2024112418_fhr06_mem032
+ exgdas_enkf_update.sh[194][[ .true. == \.\t\r\u\e\. ]]
+ exgdas_enkf_update.sh[195]/bin/ln -sf /lfs/h2/emc/ptmp/emc.global/RETRO_GFSv17/comroot/retrotestgfs10/enkfgdas.20241124/12/mem032/model/atmos/history/enkfgdas.t12z.sfcf006.nc bfg_2024112418_fhr06_mem032
+ exgdas_enkf_update.sh[198][[ .false. == \.\t\r\u\e\. ]]
+ exgdas_enkf_update.sh[202][[ 6 -eq 6 ]]
+ exgdas_enkf_update.sh[203][[ NO == \Y\E\S ]]
+ exgdas_enkf_update.sh[207]/bin/ln -sf /lfs/h2/emc/ptmp/emc.global/RETRO_GFSv17/comroot/retrotestgfs10/enkfgdas.20241124/18/mem032/analysis/atmos/enkfgdas.t18z.atminc.nc incr_2024112418_fhr06_mem032
+ exgdas_enkf_update.sh[219][[ YES == \Y\E\S ]]
+ exgdas_enkf_update.sh[220]/bin/ln -sf /lfs/h2/emc/ptmp/emc.global/RETRO_GFSv17/comroot/retrotestgfs10/enkfgdas.20241124/18/mem032/analysis/atmos/enkfgdas.t18z.sfci006.nc sfcincr_2024112418_fhr06_mem032
+ exgdas_enkf_update.sh[191]for FHR in ${nfhrs}
+ exgdas_enkf_update.sh[192]/bin/ln -sf /lfs/h2/emc/ptmp/emc.global/RETRO_GFSv17/comroot/retrotestgfs10/enkfgdas.20241124/12/mem032/model/atmos/history/enkfgdas.t12z.atmf009.nc sfg_2024112418_fhr09_mem032
+ exgdas_enkf_update.sh[194][[ .true. == \.\t\r\u\e\. ]]
+ exgdas_enkf_update.sh[195]/bin/ln -sf /lfs/h2/emc/ptmp/emc.global/RETRO_GFSv17/comroot/retrotestgfs10/enkfgdas.20241124/12/mem032/model/atmos/history/enkfgdas.t12z.sfcf009.nc bfg_2024112418_fhr09_mem032
+ exgdas_enkf_update.sh[198][[ .false. == \.\t\r\u\e\. ]]
+ exgdas_enkf_update.sh[202][[ 9 -eq 6 ]]
+ exgdas_enkf_update.sh[211][[ NO == \Y\E\S ]]
+ exgdas_enkf_update.sh[215]/bin/ln -sf /lfs/h2/emc/ptmp/emc.global/RETRO_GFSv17/comroot/retrotestgfs10/enkfgdas.20241124/18/mem032/analysis/atmos/enkfgdas.t18z.atmi009.nc incr_2024112418_fhr09_mem032
+ exgdas_enkf_update.sh[219][[ YES == \Y\E\S ]]
+ exgdas_enkf_update.sh[220]/bin/ln -sf /lfs/h2/emc/ptmp/emc.global/RETRO_GFSv17/comroot/retrotestgfs10/enkfgdas.20241124/18/mem032/analysis/atmos/enkfgdas.t18z.sfci009.nc sfcincr_2024112418_fhr09_mem032
+ exgdas_enkf_update.sh[175]for imem in $(seq 1 ${NMEM_ENS})
+ exgdas_enkf_update.sh[176]smem=33
+ exgdas_enkf_update.sh[177]((  smem > NMEM_ENS_MAX  ))
++ exgdas_enkf_update.sh[180]printf %03i 33
+ exgdas_enkf_update.sh[180]gmemchar=mem033
++ exgdas_enkf_update.sh[181]printf %03i 33
+ exgdas_enkf_update.sh[181]memchar=mem033
+ exgdas_enkf_update.sh[183]MEMDIR=mem033
+ exgdas_enkf_update.sh[183]RUN=enkfgdas
+ exgdas_enkf_update.sh[183]YMD=20241124
+ exgdas_enkf_update.sh[183]HH=12
+ exgdas_enkf_update.sh[183]declare_from_tmpl -x COMIN_ATMOS_HISTORY_MEM_PREV:COM_ATMOS_HISTORY_TMPL
+ environment[0][[ NO == \N\O ]]
+ environment[1]set +x
declare_from_tmpl :: COMIN_ATMOS_HISTORY_MEM_PREV=/lfs/h2/emc/ptmp/emc.global/RETRO_GFSv17/comroot/retrotestgfs10/enkfgdas.20241124/12/mem033/model/atmos/history
+ exgdas_enkf_update.sh[186]MEMDIR=mem033
+ exgdas_enkf_update.sh[186]YMD=20241124
+ exgdas_enkf_update.sh[186]HH=18
+ exgdas_enkf_update.sh[186]declare_from_tmpl -x COMOUT_ATMOS_ANALYSIS_MEM:COM_ATMOS_ANALYSIS_TMPL
+ environment[0][[ NO == \N\O ]]
+ environment[1]set +x
declare_from_tmpl :: COMOUT_ATMOS_ANALYSIS_MEM=/lfs/h2/emc/ptmp/emc.global/RETRO_GFSv17/comroot/retrotestgfs10/enkfgdas.20241124/18/mem033/analysis/atmos
+ exgdas_enkf_update.sh[189]mkdir -p /lfs/h2/emc/ptmp/emc.global/RETRO_GFSv17/comroot/retrotestgfs10/enkfgdas.20241124/18/mem033/analysis/atmos
+ exgdas_enkf_update.sh[191]for FHR in ${nfhrs}
+ exgdas_enkf_update.sh[192]/bin/ln -sf /lfs/h2/emc/ptmp/emc.global/RETRO_GFSv17/comroot/retrotestgfs10/enkfgdas.20241124/12/mem033/model/atmos/history/enkfgdas.t12z.atmf003.nc sfg_2024112418_fhr03_mem033
+ exgdas_enkf_update.sh[194][[ .true. == \.\t\r\u\e\. ]]
+ exgdas_enkf_update.sh[195]/bin/ln -sf /lfs/h2/emc/ptmp/emc.global/RETRO_GFSv17/comroot/retrotestgfs10/enkfgdas.20241124/12/mem033/model/atmos/history/enkfgdas.t12z.sfcf003.nc bfg_2024112418_fhr03_mem033
+ exgdas_enkf_update.sh[198][[ .false. == \.\t\r\u\e\. ]]
+ exgdas_enkf_update.sh[202][[ 3 -eq 6 ]]
+ exgdas_enkf_update.sh[211][[ NO == \Y\E\S ]]
+ exgdas_enkf_update.sh[215]/bin/ln -sf /lfs/h2/emc/ptmp/emc.global/RETRO_GFSv17/comroot/retrotestgfs10/enkfgdas.20241124/18/mem033/analysis/atmos/enkfgdas.t18z.atmi003.nc incr_2024112418_fhr03_mem033
+ exgdas_enkf_update.sh[219][[ YES == \Y\E\S ]]
+ exgdas_enkf_update.sh[220]/bin/ln -sf /lfs/h2/emc/ptmp/emc.global/RETRO_GFSv17/comroot/retrotestgfs10/enkfgdas.20241124/18/mem033/analysis/atmos/enkfgdas.t18z.sfci003.nc sfcincr_2024112418_fhr03_mem033
+ exgdas_enkf_update.sh[191]for FHR in ${nfhrs}
+ exgdas_enkf_update.sh[192]/bin/ln -sf /lfs/h2/emc/ptmp/emc.global/RETRO_GFSv17/comroot/retrotestgfs10/enkfgdas.20241124/12/mem033/model/atmos/history/enkfgdas.t12z.atmf006.nc sfg_2024112418_fhr06_mem033
+ exgdas_enkf_update.sh[194][[ .true. == \.\t\r\u\e\. ]]
+ exgdas_enkf_update.sh[195]/bin/ln -sf /lfs/h2/emc/ptmp/emc.global/RETRO_GFSv17/comroot/retrotestgfs10/enkfgdas.20241124/12/mem033/model/atmos/history/enkfgdas.t12z.sfcf006.nc bfg_2024112418_fhr06_mem033
+ exgdas_enkf_update.sh[198][[ .false. == \.\t\r\u\e\. ]]
+ exgdas_enkf_update.sh[202][[ 6 -eq 6 ]]
+ exgdas_enkf_update.sh[203][[ NO == \Y\E\S ]]
+ exgdas_enkf_update.sh[207]/bin/ln -sf /lfs/h2/emc/ptmp/emc.global/RETRO_GFSv17/comroot/retrotestgfs10/enkfgdas.20241124/18/mem033/analysis/atmos/enkfgdas.t18z.atminc.nc incr_2024112418_fhr06_mem033
+ exgdas_enkf_update.sh[219][[ YES == \Y\E\S ]]
+ exgdas_enkf_update.sh[220]/bin/ln -sf /lfs/h2/emc/ptmp/emc.global/RETRO_GFSv17/comroot/retrotestgfs10/enkfgdas.20241124/18/mem033/analysis/atmos/enkfgdas.t18z.sfci006.nc sfcincr_2024112418_fhr06_mem033
+ exgdas_enkf_update.sh[191]for FHR in ${nfhrs}
+ exgdas_enkf_update.sh[192]/bin/ln -sf /lfs/h2/emc/ptmp/emc.global/RETRO_GFSv17/comroot/retrotestgfs10/enkfgdas.20241124/12/mem033/model/atmos/history/enkfgdas.t12z.atmf009.nc sfg_2024112418_fhr09_mem033
+ exgdas_enkf_update.sh[194][[ .true. == \.\t\r\u\e\. ]]
+ exgdas_enkf_update.sh[195]/bin/ln -sf /lfs/h2/emc/ptmp/emc.global/RETRO_GFSv17/comroot/retrotestgfs10/enkfgdas.20241124/12/mem033/model/atmos/history/enkfgdas.t12z.sfcf009.nc bfg_2024112418_fhr09_mem033
+ exgdas_enkf_update.sh[198][[ .false. == \.\t\r\u\e\. ]]
+ exgdas_enkf_update.sh[202][[ 9 -eq 6 ]]
+ exgdas_enkf_update.sh[211][[ NO == \Y\E\S ]]
+ exgdas_enkf_update.sh[215]/bin/ln -sf /lfs/h2/emc/ptmp/emc.global/RETRO_GFSv17/comroot/retrotestgfs10/enkfgdas.20241124/18/mem033/analysis/atmos/enkfgdas.t18z.atmi009.nc incr_2024112418_fhr09_mem033
+ exgdas_enkf_update.sh[219][[ YES == \Y\E\S ]]
+ exgdas_enkf_update.sh[220]/bin/ln -sf /lfs/h2/emc/ptmp/emc.global/RETRO_GFSv17/comroot/retrotestgfs10/enkfgdas.20241124/18/mem033/analysis/atmos/enkfgdas.t18z.sfci009.nc sfcincr_2024112418_fhr09_mem033
+ exgdas_enkf_update.sh[175]for imem in $(seq 1 ${NMEM_ENS})
+ exgdas_enkf_update.sh[176]smem=34
+ exgdas_enkf_update.sh[177]((  smem > NMEM_ENS_MAX  ))
++ exgdas_enkf_update.sh[180]printf %03i 34
+ exgdas_enkf_update.sh[180]gmemchar=mem034
++ exgdas_enkf_update.sh[181]printf %03i 34
+ exgdas_enkf_update.sh[181]memchar=mem034
+ exgdas_enkf_update.sh[183]MEMDIR=mem034
+ exgdas_enkf_update.sh[183]RUN=enkfgdas
+ exgdas_enkf_update.sh[183]YMD=20241124
+ exgdas_enkf_update.sh[183]HH=12
+ exgdas_enkf_update.sh[183]declare_from_tmpl -x COMIN_ATMOS_HISTORY_MEM_PREV:COM_ATMOS_HISTORY_TMPL
+ environment[0][[ NO == \N\O ]]
+ environment[1]set +x
declare_from_tmpl :: COMIN_ATMOS_HISTORY_MEM_PREV=/lfs/h2/emc/ptmp/emc.global/RETRO_GFSv17/comroot/retrotestgfs10/enkfgdas.20241124/12/mem034/model/atmos/history
+ exgdas_enkf_update.sh[186]MEMDIR=mem034
+ exgdas_enkf_update.sh[186]YMD=20241124
+ exgdas_enkf_update.sh[186]HH=18
+ exgdas_enkf_update.sh[186]declare_from_tmpl -x COMOUT_ATMOS_ANALYSIS_MEM:COM_ATMOS_ANALYSIS_TMPL
+ environment[0][[ NO == \N\O ]]
+ environment[1]set +x
declare_from_tmpl :: COMOUT_ATMOS_ANALYSIS_MEM=/lfs/h2/emc/ptmp/emc.global/RETRO_GFSv17/comroot/retrotestgfs10/enkfgdas.20241124/18/mem034/analysis/atmos
+ exgdas_enkf_update.sh[189]mkdir -p /lfs/h2/emc/ptmp/emc.global/RETRO_GFSv17/comroot/retrotestgfs10/enkfgdas.20241124/18/mem034/analysis/atmos
+ exgdas_enkf_update.sh[191]for FHR in ${nfhrs}
+ exgdas_enkf_update.sh[192]/bin/ln -sf /lfs/h2/emc/ptmp/emc.global/RETRO_GFSv17/comroot/retrotestgfs10/enkfgdas.20241124/12/mem034/model/atmos/history/enkfgdas.t12z.atmf003.nc sfg_2024112418_fhr03_mem034
+ exgdas_enkf_update.sh[194][[ .true. == \.\t\r\u\e\. ]]
+ exgdas_enkf_update.sh[195]/bin/ln -sf /lfs/h2/emc/ptmp/emc.global/RETRO_GFSv17/comroot/retrotestgfs10/enkfgdas.20241124/12/mem034/model/atmos/history/enkfgdas.t12z.sfcf003.nc bfg_2024112418_fhr03_mem034
+ exgdas_enkf_update.sh[198][[ .false. == \.\t\r\u\e\. ]]
+ exgdas_enkf_update.sh[202][[ 3 -eq 6 ]]
+ exgdas_enkf_update.sh[211][[ NO == \Y\E\S ]]
+ exgdas_enkf_update.sh[215]/bin/ln -sf /lfs/h2/emc/ptmp/emc.global/RETRO_GFSv17/comroot/retrotestgfs10/enkfgdas.20241124/18/mem034/analysis/atmos/enkfgdas.t18z.atmi003.nc incr_2024112418_fhr03_mem034
+ exgdas_enkf_update.sh[219][[ YES == \Y\E\S ]]
+ exgdas_enkf_update.sh[220]/bin/ln -sf /lfs/h2/emc/ptmp/emc.global/RETRO_GFSv17/comroot/retrotestgfs10/enkfgdas.20241124/18/mem034/analysis/atmos/enkfgdas.t18z.sfci003.nc sfcincr_2024112418_fhr03_mem034
+ exgdas_enkf_update.sh[191]for FHR in ${nfhrs}
+ exgdas_enkf_update.sh[192]/bin/ln -sf /lfs/h2/emc/ptmp/emc.global/RETRO_GFSv17/comroot/retrotestgfs10/enkfgdas.20241124/12/mem034/model/atmos/history/enkfgdas.t12z.atmf006.nc sfg_2024112418_fhr06_mem034
+ exgdas_enkf_update.sh[194][[ .true. == \.\t\r\u\e\. ]]
+ exgdas_enkf_update.sh[195]/bin/ln -sf /lfs/h2/emc/ptmp/emc.global/RETRO_GFSv17/comroot/retrotestgfs10/enkfgdas.20241124/12/mem034/model/atmos/history/enkfgdas.t12z.sfcf006.nc bfg_2024112418_fhr06_mem034
+ exgdas_enkf_update.sh[198][[ .false. == \.\t\r\u\e\. ]]
+ exgdas_enkf_update.sh[202][[ 6 -eq 6 ]]
+ exgdas_enkf_update.sh[203][[ NO == \Y\E\S ]]
+ exgdas_enkf_update.sh[207]/bin/ln -sf /lfs/h2/emc/ptmp/emc.global/RETRO_GFSv17/comroot/retrotestgfs10/enkfgdas.20241124/18/mem034/analysis/atmos/enkfgdas.t18z.atminc.nc incr_2024112418_fhr06_mem034
+ exgdas_enkf_update.sh[219][[ YES == \Y\E\S ]]
+ exgdas_enkf_update.sh[220]/bin/ln -sf /lfs/h2/emc/ptmp/emc.global/RETRO_GFSv17/comroot/retrotestgfs10/enkfgdas.20241124/18/mem034/analysis/atmos/enkfgdas.t18z.sfci006.nc sfcincr_2024112418_fhr06_mem034
+ exgdas_enkf_update.sh[191]for FHR in ${nfhrs}
+ exgdas_enkf_update.sh[192]/bin/ln -sf /lfs/h2/emc/ptmp/emc.global/RETRO_GFSv17/comroot/retrotestgfs10/enkfgdas.20241124/12/mem034/model/atmos/history/enkfgdas.t12z.atmf009.nc sfg_2024112418_fhr09_mem034
+ exgdas_enkf_update.sh[194][[ .true. == \.\t\r\u\e\. ]]
+ exgdas_enkf_update.sh[195]/bin/ln -sf /lfs/h2/emc/ptmp/emc.global/RETRO_GFSv17/comroot/retrotestgfs10/enkfgdas.20241124/12/mem034/model/atmos/history/enkfgdas.t12z.sfcf009.nc bfg_2024112418_fhr09_mem034
+ exgdas_enkf_update.sh[198][[ .false. == \.\t\r\u\e\. ]]
+ exgdas_enkf_update.sh[202][[ 9 -eq 6 ]]
+ exgdas_enkf_update.sh[211][[ NO == \Y\E\S ]]
+ exgdas_enkf_update.sh[215]/bin/ln -sf /lfs/h2/emc/ptmp/emc.global/RETRO_GFSv17/comroot/retrotestgfs10/enkfgdas.20241124/18/mem034/analysis/atmos/enkfgdas.t18z.atmi009.nc incr_2024112418_fhr09_mem034
+ exgdas_enkf_update.sh[219][[ YES == \Y\E\S ]]
+ exgdas_enkf_update.sh[220]/bin/ln -sf /lfs/h2/emc/ptmp/emc.global/RETRO_GFSv17/comroot/retrotestgfs10/enkfgdas.20241124/18/mem034/analysis/atmos/enkfgdas.t18z.sfci009.nc sfcincr_2024112418_fhr09_mem034
+ exgdas_enkf_update.sh[175]for imem in $(seq 1 ${NMEM_ENS})
+ exgdas_enkf_update.sh[176]smem=35
+ exgdas_enkf_update.sh[177]((  smem > NMEM_ENS_MAX  ))
++ exgdas_enkf_update.sh[180]printf %03i 35
+ exgdas_enkf_update.sh[180]gmemchar=mem035
++ exgdas_enkf_update.sh[181]printf %03i 35
+ exgdas_enkf_update.sh[181]memchar=mem035
+ exgdas_enkf_update.sh[183]MEMDIR=mem035
+ exgdas_enkf_update.sh[183]RUN=enkfgdas
+ exgdas_enkf_update.sh[183]YMD=20241124
+ exgdas_enkf_update.sh[183]HH=12
+ exgdas_enkf_update.sh[183]declare_from_tmpl -x COMIN_ATMOS_HISTORY_MEM_PREV:COM_ATMOS_HISTORY_TMPL
+ environment[0][[ NO == \N\O ]]
+ environment[1]set +x
declare_from_tmpl :: COMIN_ATMOS_HISTORY_MEM_PREV=/lfs/h2/emc/ptmp/emc.global/RETRO_GFSv17/comroot/retrotestgfs10/enkfgdas.20241124/12/mem035/model/atmos/history
+ exgdas_enkf_update.sh[186]MEMDIR=mem035
+ exgdas_enkf_update.sh[186]YMD=20241124
+ exgdas_enkf_update.sh[186]HH=18
+ exgdas_enkf_update.sh[186]declare_from_tmpl -x COMOUT_ATMOS_ANALYSIS_MEM:COM_ATMOS_ANALYSIS_TMPL
+ environment[0][[ NO == \N\O ]]
+ environment[1]set +x
declare_from_tmpl :: COMOUT_ATMOS_ANALYSIS_MEM=/lfs/h2/emc/ptmp/emc.global/RETRO_GFSv17/comroot/retrotestgfs10/enkfgdas.20241124/18/mem035/analysis/atmos
+ exgdas_enkf_update.sh[189]mkdir -p /lfs/h2/emc/ptmp/emc.global/RETRO_GFSv17/comroot/retrotestgfs10/enkfgdas.20241124/18/mem035/analysis/atmos
+ exgdas_enkf_update.sh[191]for FHR in ${nfhrs}
+ exgdas_enkf_update.sh[192]/bin/ln -sf /lfs/h2/emc/ptmp/emc.global/RETRO_GFSv17/comroot/retrotestgfs10/enkfgdas.20241124/12/mem035/model/atmos/history/enkfgdas.t12z.atmf003.nc sfg_2024112418_fhr03_mem035
+ exgdas_enkf_update.sh[194][[ .true. == \.\t\r\u\e\. ]]
+ exgdas_enkf_update.sh[195]/bin/ln -sf /lfs/h2/emc/ptmp/emc.global/RETRO_GFSv17/comroot/retrotestgfs10/enkfgdas.20241124/12/mem035/model/atmos/history/enkfgdas.t12z.sfcf003.nc bfg_2024112418_fhr03_mem035
+ exgdas_enkf_update.sh[198][[ .false. == \.\t\r\u\e\. ]]
+ exgdas_enkf_update.sh[202][[ 3 -eq 6 ]]
+ exgdas_enkf_update.sh[211][[ NO == \Y\E\S ]]
+ exgdas_enkf_update.sh[215]/bin/ln -sf /lfs/h2/emc/ptmp/emc.global/RETRO_GFSv17/comroot/retrotestgfs10/enkfgdas.20241124/18/mem035/analysis/atmos/enkfgdas.t18z.atmi003.nc incr_2024112418_fhr03_mem035
+ exgdas_enkf_update.sh[219][[ YES == \Y\E\S ]]
+ exgdas_enkf_update.sh[220]/bin/ln -sf /lfs/h2/emc/ptmp/emc.global/RETRO_GFSv17/comroot/retrotestgfs10/enkfgdas.20241124/18/mem035/analysis/atmos/enkfgdas.t18z.sfci003.nc sfcincr_2024112418_fhr03_mem035
+ exgdas_enkf_update.sh[191]for FHR in ${nfhrs}
+ exgdas_enkf_update.sh[192]/bin/ln -sf /lfs/h2/emc/ptmp/emc.global/RETRO_GFSv17/comroot/retrotestgfs10/enkfgdas.20241124/12/mem035/model/atmos/history/enkfgdas.t12z.atmf006.nc sfg_2024112418_fhr06_mem035
+ exgdas_enkf_update.sh[194][[ .true. == \.\t\r\u\e\. ]]
+ exgdas_enkf_update.sh[195]/bin/ln -sf /lfs/h2/emc/ptmp/emc.global/RETRO_GFSv17/comroot/retrotestgfs10/enkfgdas.20241124/12/mem035/model/atmos/history/enkfgdas.t12z.sfcf006.nc bfg_2024112418_fhr06_mem035
+ exgdas_enkf_update.sh[198][[ .false. == \.\t\r\u\e\. ]]
+ exgdas_enkf_update.sh[202][[ 6 -eq 6 ]]
+ exgdas_enkf_update.sh[203][[ NO == \Y\E\S ]]
+ exgdas_enkf_update.sh[207]/bin/ln -sf /lfs/h2/emc/ptmp/emc.global/RETRO_GFSv17/comroot/retrotestgfs10/enkfgdas.20241124/18/mem035/analysis/atmos/enkfgdas.t18z.atminc.nc incr_2024112418_fhr06_mem035
+ exgdas_enkf_update.sh[219][[ YES == \Y\E\S ]]
+ exgdas_enkf_update.sh[220]/bin/ln -sf /lfs/h2/emc/ptmp/emc.global/RETRO_GFSv17/comroot/retrotestgfs10/enkfgdas.20241124/18/mem035/analysis/atmos/enkfgdas.t18z.sfci006.nc sfcincr_2024112418_fhr06_mem035
+ exgdas_enkf_update.sh[191]for FHR in ${nfhrs}
+ exgdas_enkf_update.sh[192]/bin/ln -sf /lfs/h2/emc/ptmp/emc.global/RETRO_GFSv17/comroot/retrotestgfs10/enkfgdas.20241124/12/mem035/model/atmos/history/enkfgdas.t12z.atmf009.nc sfg_2024112418_fhr09_mem035
+ exgdas_enkf_update.sh[194][[ .true. == \.\t\r\u\e\. ]]
+ exgdas_enkf_update.sh[195]/bin/ln -sf /lfs/h2/emc/ptmp/emc.global/RETRO_GFSv17/comroot/retrotestgfs10/enkfgdas.20241124/12/mem035/model/atmos/history/enkfgdas.t12z.sfcf009.nc bfg_2024112418_fhr09_mem035
+ exgdas_enkf_update.sh[198][[ .false. == \.\t\r\u\e\. ]]
+ exgdas_enkf_update.sh[202][[ 9 -eq 6 ]]
+ exgdas_enkf_update.sh[211][[ NO == \Y\E\S ]]
+ exgdas_enkf_update.sh[215]/bin/ln -sf /lfs/h2/emc/ptmp/emc.global/RETRO_GFSv17/comroot/retrotestgfs10/enkfgdas.20241124/18/mem035/analysis/atmos/enkfgdas.t18z.atmi009.nc incr_2024112418_fhr09_mem035
+ exgdas_enkf_update.sh[219][[ YES == \Y\E\S ]]
+ exgdas_enkf_update.sh[220]/bin/ln -sf /lfs/h2/emc/ptmp/emc.global/RETRO_GFSv17/comroot/retrotestgfs10/enkfgdas.20241124/18/mem035/analysis/atmos/enkfgdas.t18z.sfci009.nc sfcincr_2024112418_fhr09_mem035
+ exgdas_enkf_update.sh[175]for imem in $(seq 1 ${NMEM_ENS})
+ exgdas_enkf_update.sh[176]smem=36
+ exgdas_enkf_update.sh[177]((  smem > NMEM_ENS_MAX  ))
++ exgdas_enkf_update.sh[180]printf %03i 36
+ exgdas_enkf_update.sh[180]gmemchar=mem036
++ exgdas_enkf_update.sh[181]printf %03i 36
+ exgdas_enkf_update.sh[181]memchar=mem036
+ exgdas_enkf_update.sh[183]MEMDIR=mem036
+ exgdas_enkf_update.sh[183]RUN=enkfgdas
+ exgdas_enkf_update.sh[183]YMD=20241124
+ exgdas_enkf_update.sh[183]HH=12
+ exgdas_enkf_update.sh[183]declare_from_tmpl -x COMIN_ATMOS_HISTORY_MEM_PREV:COM_ATMOS_HISTORY_TMPL
+ environment[0][[ NO == \N\O ]]
+ environment[1]set +x
declare_from_tmpl :: COMIN_ATMOS_HISTORY_MEM_PREV=/lfs/h2/emc/ptmp/emc.global/RETRO_GFSv17/comroot/retrotestgfs10/enkfgdas.20241124/12/mem036/model/atmos/history
+ exgdas_enkf_update.sh[186]MEMDIR=mem036
+ exgdas_enkf_update.sh[186]YMD=20241124
+ exgdas_enkf_update.sh[186]HH=18
+ exgdas_enkf_update.sh[186]declare_from_tmpl -x COMOUT_ATMOS_ANALYSIS_MEM:COM_ATMOS_ANALYSIS_TMPL
+ environment[0][[ NO == \N\O ]]
+ environment[1]set +x
declare_from_tmpl :: COMOUT_ATMOS_ANALYSIS_MEM=/lfs/h2/emc/ptmp/emc.global/RETRO_GFSv17/comroot/retrotestgfs10/enkfgdas.20241124/18/mem036/analysis/atmos
+ exgdas_enkf_update.sh[189]mkdir -p /lfs/h2/emc/ptmp/emc.global/RETRO_GFSv17/comroot/retrotestgfs10/enkfgdas.20241124/18/mem036/analysis/atmos
+ exgdas_enkf_update.sh[191]for FHR in ${nfhrs}
+ exgdas_enkf_update.sh[192]/bin/ln -sf /lfs/h2/emc/ptmp/emc.global/RETRO_GFSv17/comroot/retrotestgfs10/enkfgdas.20241124/12/mem036/model/atmos/history/enkfgdas.t12z.atmf003.nc sfg_2024112418_fhr03_mem036
+ exgdas_enkf_update.sh[194][[ .true. == \.\t\r\u\e\. ]]
+ exgdas_enkf_update.sh[195]/bin/ln -sf /lfs/h2/emc/ptmp/emc.global/RETRO_GFSv17/comroot/retrotestgfs10/enkfgdas.20241124/12/mem036/model/atmos/history/enkfgdas.t12z.sfcf003.nc bfg_2024112418_fhr03_mem036
+ exgdas_enkf_update.sh[198][[ .false. == \.\t\r\u\e\. ]]
+ exgdas_enkf_update.sh[202][[ 3 -eq 6 ]]
+ exgdas_enkf_update.sh[211][[ NO == \Y\E\S ]]
+ exgdas_enkf_update.sh[215]/bin/ln -sf /lfs/h2/emc/ptmp/emc.global/RETRO_GFSv17/comroot/retrotestgfs10/enkfgdas.20241124/18/mem036/analysis/atmos/enkfgdas.t18z.atmi003.nc incr_2024112418_fhr03_mem036
+ exgdas_enkf_update.sh[219][[ YES == \Y\E\S ]]
+ exgdas_enkf_update.sh[220]/bin/ln -sf /lfs/h2/emc/ptmp/emc.global/RETRO_GFSv17/comroot/retrotestgfs10/enkfgdas.20241124/18/mem036/analysis/atmos/enkfgdas.t18z.sfci003.nc sfcincr_2024112418_fhr03_mem036
+ exgdas_enkf_update.sh[191]for FHR in ${nfhrs}
+ exgdas_enkf_update.sh[192]/bin/ln -sf /lfs/h2/emc/ptmp/emc.global/RETRO_GFSv17/comroot/retrotestgfs10/enkfgdas.20241124/12/mem036/model/atmos/history/enkfgdas.t12z.atmf006.nc sfg_2024112418_fhr06_mem036
+ exgdas_enkf_update.sh[194][[ .true. == \.\t\r\u\e\. ]]
+ exgdas_enkf_update.sh[195]/bin/ln -sf /lfs/h2/emc/ptmp/emc.global/RETRO_GFSv17/comroot/retrotestgfs10/enkfgdas.20241124/12/mem036/model/atmos/history/enkfgdas.t12z.sfcf006.nc bfg_2024112418_fhr06_mem036
+ exgdas_enkf_update.sh[198][[ .false. == \.\t\r\u\e\. ]]
+ exgdas_enkf_update.sh[202][[ 6 -eq 6 ]]
+ exgdas_enkf_update.sh[203][[ NO == \Y\E\S ]]
+ exgdas_enkf_update.sh[207]/bin/ln -sf /lfs/h2/emc/ptmp/emc.global/RETRO_GFSv17/comroot/retrotestgfs10/enkfgdas.20241124/18/mem036/analysis/atmos/enkfgdas.t18z.atminc.nc incr_2024112418_fhr06_mem036
+ exgdas_enkf_update.sh[219][[ YES == \Y\E\S ]]
+ exgdas_enkf_update.sh[220]/bin/ln -sf /lfs/h2/emc/ptmp/emc.global/RETRO_GFSv17/comroot/retrotestgfs10/enkfgdas.20241124/18/mem036/analysis/atmos/enkfgdas.t18z.sfci006.nc sfcincr_2024112418_fhr06_mem036
+ exgdas_enkf_update.sh[191]for FHR in ${nfhrs}
+ exgdas_enkf_update.sh[192]/bin/ln -sf /lfs/h2/emc/ptmp/emc.global/RETRO_GFSv17/comroot/retrotestgfs10/enkfgdas.20241124/12/mem036/model/atmos/history/enkfgdas.t12z.atmf009.nc sfg_2024112418_fhr09_mem036
+ exgdas_enkf_update.sh[194][[ .true. == \.\t\r\u\e\. ]]
+ exgdas_enkf_update.sh[195]/bin/ln -sf /lfs/h2/emc/ptmp/emc.global/RETRO_GFSv17/comroot/retrotestgfs10/enkfgdas.20241124/12/mem036/model/atmos/history/enkfgdas.t12z.sfcf009.nc bfg_2024112418_fhr09_mem036
+ exgdas_enkf_update.sh[198][[ .false. == \.\t\r\u\e\. ]]
+ exgdas_enkf_update.sh[202][[ 9 -eq 6 ]]
+ exgdas_enkf_update.sh[211][[ NO == \Y\E\S ]]
+ exgdas_enkf_update.sh[215]/bin/ln -sf /lfs/h2/emc/ptmp/emc.global/RETRO_GFSv17/comroot/retrotestgfs10/enkfgdas.20241124/18/mem036/analysis/atmos/enkfgdas.t18z.atmi009.nc incr_2024112418_fhr09_mem036
+ exgdas_enkf_update.sh[219][[ YES == \Y\E\S ]]
+ exgdas_enkf_update.sh[220]/bin/ln -sf /lfs/h2/emc/ptmp/emc.global/RETRO_GFSv17/comroot/retrotestgfs10/enkfgdas.20241124/18/mem036/analysis/atmos/enkfgdas.t18z.sfci009.nc sfcincr_2024112418_fhr09_mem036
+ exgdas_enkf_update.sh[175]for imem in $(seq 1 ${NMEM_ENS})
+ exgdas_enkf_update.sh[176]smem=37
+ exgdas_enkf_update.sh[177]((  smem > NMEM_ENS_MAX  ))
++ exgdas_enkf_update.sh[180]printf %03i 37
+ exgdas_enkf_update.sh[180]gmemchar=mem037
++ exgdas_enkf_update.sh[181]printf %03i 37
+ exgdas_enkf_update.sh[181]memchar=mem037
+ exgdas_enkf_update.sh[183]MEMDIR=mem037
+ exgdas_enkf_update.sh[183]RUN=enkfgdas
+ exgdas_enkf_update.sh[183]YMD=20241124
+ exgdas_enkf_update.sh[183]HH=12
+ exgdas_enkf_update.sh[183]declare_from_tmpl -x COMIN_ATMOS_HISTORY_MEM_PREV:COM_ATMOS_HISTORY_TMPL
+ environment[0][[ NO == \N\O ]]
+ environment[1]set +x
declare_from_tmpl :: COMIN_ATMOS_HISTORY_MEM_PREV=/lfs/h2/emc/ptmp/emc.global/RETRO_GFSv17/comroot/retrotestgfs10/enkfgdas.20241124/12/mem037/model/atmos/history
+ exgdas_enkf_update.sh[186]MEMDIR=mem037
+ exgdas_enkf_update.sh[186]YMD=20241124
+ exgdas_enkf_update.sh[186]HH=18
+ exgdas_enkf_update.sh[186]declare_from_tmpl -x COMOUT_ATMOS_ANALYSIS_MEM:COM_ATMOS_ANALYSIS_TMPL
+ environment[0][[ NO == \N\O ]]
+ environment[1]set +x
declare_from_tmpl :: COMOUT_ATMOS_ANALYSIS_MEM=/lfs/h2/emc/ptmp/emc.global/RETRO_GFSv17/comroot/retrotestgfs10/enkfgdas.20241124/18/mem037/analysis/atmos
+ exgdas_enkf_update.sh[189]mkdir -p /lfs/h2/emc/ptmp/emc.global/RETRO_GFSv17/comroot/retrotestgfs10/enkfgdas.20241124/18/mem037/analysis/atmos
+ exgdas_enkf_update.sh[191]for FHR in ${nfhrs}
+ exgdas_enkf_update.sh[192]/bin/ln -sf /lfs/h2/emc/ptmp/emc.global/RETRO_GFSv17/comroot/retrotestgfs10/enkfgdas.20241124/12/mem037/model/atmos/history/enkfgdas.t12z.atmf003.nc sfg_2024112418_fhr03_mem037
+ exgdas_enkf_update.sh[194][[ .true. == \.\t\r\u\e\. ]]
+ exgdas_enkf_update.sh[195]/bin/ln -sf /lfs/h2/emc/ptmp/emc.global/RETRO_GFSv17/comroot/retrotestgfs10/enkfgdas.20241124/12/mem037/model/atmos/history/enkfgdas.t12z.sfcf003.nc bfg_2024112418_fhr03_mem037
+ exgdas_enkf_update.sh[198][[ .false. == \.\t\r\u\e\. ]]
+ exgdas_enkf_update.sh[202][[ 3 -eq 6 ]]
+ exgdas_enkf_update.sh[211][[ NO == \Y\E\S ]]
+ exgdas_enkf_update.sh[215]/bin/ln -sf /lfs/h2/emc/ptmp/emc.global/RETRO_GFSv17/comroot/retrotestgfs10/enkfgdas.20241124/18/mem037/analysis/atmos/enkfgdas.t18z.atmi003.nc incr_2024112418_fhr03_mem037
+ exgdas_enkf_update.sh[219][[ YES == \Y\E\S ]]
+ exgdas_enkf_update.sh[220]/bin/ln -sf /lfs/h2/emc/ptmp/emc.global/RETRO_GFSv17/comroot/retrotestgfs10/enkfgdas.20241124/18/mem037/analysis/atmos/enkfgdas.t18z.sfci003.nc sfcincr_2024112418_fhr03_mem037
+ exgdas_enkf_update.sh[191]for FHR in ${nfhrs}
+ exgdas_enkf_update.sh[192]/bin/ln -sf /lfs/h2/emc/ptmp/emc.global/RETRO_GFSv17/comroot/retrotestgfs10/enkfgdas.20241124/12/mem037/model/atmos/history/enkfgdas.t12z.atmf006.nc sfg_2024112418_fhr06_mem037
+ exgdas_enkf_update.sh[194][[ .true. == \.\t\r\u\e\. ]]
+ exgdas_enkf_update.sh[195]/bin/ln -sf /lfs/h2/emc/ptmp/emc.global/RETRO_GFSv17/comroot/retrotestgfs10/enkfgdas.20241124/12/mem037/model/atmos/history/enkfgdas.t12z.sfcf006.nc bfg_2024112418_fhr06_mem037
+ exgdas_enkf_update.sh[198][[ .false. == \.\t\r\u\e\. ]]
+ exgdas_enkf_update.sh[202][[ 6 -eq 6 ]]
+ exgdas_enkf_update.sh[203][[ NO == \Y\E\S ]]
+ exgdas_enkf_update.sh[207]/bin/ln -sf /lfs/h2/emc/ptmp/emc.global/RETRO_GFSv17/comroot/retrotestgfs10/enkfgdas.20241124/18/mem037/analysis/atmos/enkfgdas.t18z.atminc.nc incr_2024112418_fhr06_mem037
+ exgdas_enkf_update.sh[219][[ YES == \Y\E\S ]]
+ exgdas_enkf_update.sh[220]/bin/ln -sf /lfs/h2/emc/ptmp/emc.global/RETRO_GFSv17/comroot/retrotestgfs10/enkfgdas.20241124/18/mem037/analysis/atmos/enkfgdas.t18z.sfci006.nc sfcincr_2024112418_fhr06_mem037
+ exgdas_enkf_update.sh[191]for FHR in ${nfhrs}
+ exgdas_enkf_update.sh[192]/bin/ln -sf /lfs/h2/emc/ptmp/emc.global/RETRO_GFSv17/comroot/retrotestgfs10/enkfgdas.20241124/12/mem037/model/atmos/history/enkfgdas.t12z.atmf009.nc sfg_2024112418_fhr09_mem037
+ exgdas_enkf_update.sh[194][[ .true. == \.\t\r\u\e\. ]]
+ exgdas_enkf_update.sh[195]/bin/ln -sf /lfs/h2/emc/ptmp/emc.global/RETRO_GFSv17/comroot/retrotestgfs10/enkfgdas.20241124/12/mem037/model/atmos/history/enkfgdas.t12z.sfcf009.nc bfg_2024112418_fhr09_mem037
+ exgdas_enkf_update.sh[198][[ .false. == \.\t\r\u\e\. ]]
+ exgdas_enkf_update.sh[202][[ 9 -eq 6 ]]
+ exgdas_enkf_update.sh[211][[ NO == \Y\E\S ]]
+ exgdas_enkf_update.sh[215]/bin/ln -sf /lfs/h2/emc/ptmp/emc.global/RETRO_GFSv17/comroot/retrotestgfs10/enkfgdas.20241124/18/mem037/analysis/atmos/enkfgdas.t18z.atmi009.nc incr_2024112418_fhr09_mem037
+ exgdas_enkf_update.sh[219][[ YES == \Y\E\S ]]
+ exgdas_enkf_update.sh[220]/bin/ln -sf /lfs/h2/emc/ptmp/emc.global/RETRO_GFSv17/comroot/retrotestgfs10/enkfgdas.20241124/18/mem037/analysis/atmos/enkfgdas.t18z.sfci009.nc sfcincr_2024112418_fhr09_mem037
+ exgdas_enkf_update.sh[175]for imem in $(seq 1 ${NMEM_ENS})
+ exgdas_enkf_update.sh[176]smem=38
+ exgdas_enkf_update.sh[177]((  smem > NMEM_ENS_MAX  ))
++ exgdas_enkf_update.sh[180]printf %03i 38
+ exgdas_enkf_update.sh[180]gmemchar=mem038
++ exgdas_enkf_update.sh[181]printf %03i 38
+ exgdas_enkf_update.sh[181]memchar=mem038
+ exgdas_enkf_update.sh[183]MEMDIR=mem038
+ exgdas_enkf_update.sh[183]RUN=enkfgdas
+ exgdas_enkf_update.sh[183]YMD=20241124
+ exgdas_enkf_update.sh[183]HH=12
+ exgdas_enkf_update.sh[183]declare_from_tmpl -x COMIN_ATMOS_HISTORY_MEM_PREV:COM_ATMOS_HISTORY_TMPL
+ environment[0][[ NO == \N\O ]]
+ environment[1]set +x
declare_from_tmpl :: COMIN_ATMOS_HISTORY_MEM_PREV=/lfs/h2/emc/ptmp/emc.global/RETRO_GFSv17/comroot/retrotestgfs10/enkfgdas.20241124/12/mem038/model/atmos/history
+ exgdas_enkf_update.sh[186]MEMDIR=mem038
+ exgdas_enkf_update.sh[186]YMD=20241124
+ exgdas_enkf_update.sh[186]HH=18
+ exgdas_enkf_update.sh[186]declare_from_tmpl -x COMOUT_ATMOS_ANALYSIS_MEM:COM_ATMOS_ANALYSIS_TMPL
+ environment[0][[ NO == \N\O ]]
+ environment[1]set +x
declare_from_tmpl :: COMOUT_ATMOS_ANALYSIS_MEM=/lfs/h2/emc/ptmp/emc.global/RETRO_GFSv17/comroot/retrotestgfs10/enkfgdas.20241124/18/mem038/analysis/atmos
+ exgdas_enkf_update.sh[189]mkdir -p /lfs/h2/emc/ptmp/emc.global/RETRO_GFSv17/comroot/retrotestgfs10/enkfgdas.20241124/18/mem038/analysis/atmos
+ exgdas_enkf_update.sh[191]for FHR in ${nfhrs}
+ exgdas_enkf_update.sh[192]/bin/ln -sf /lfs/h2/emc/ptmp/emc.global/RETRO_GFSv17/comroot/retrotestgfs10/enkfgdas.20241124/12/mem038/model/atmos/history/enkfgdas.t12z.atmf003.nc sfg_2024112418_fhr03_mem038
+ exgdas_enkf_update.sh[194][[ .true. == \.\t\r\u\e\. ]]
+ exgdas_enkf_update.sh[195]/bin/ln -sf /lfs/h2/emc/ptmp/emc.global/RETRO_GFSv17/comroot/retrotestgfs10/enkfgdas.20241124/12/mem038/model/atmos/history/enkfgdas.t12z.sfcf003.nc bfg_2024112418_fhr03_mem038
+ exgdas_enkf_update.sh[198][[ .false. == \.\t\r\u\e\. ]]
+ exgdas_enkf_update.sh[202][[ 3 -eq 6 ]]
+ exgdas_enkf_update.sh[211][[ NO == \Y\E\S ]]
+ exgdas_enkf_update.sh[215]/bin/ln -sf /lfs/h2/emc/ptmp/emc.global/RETRO_GFSv17/comroot/retrotestgfs10/enkfgdas.20241124/18/mem038/analysis/atmos/enkfgdas.t18z.atmi003.nc incr_2024112418_fhr03_mem038
+ exgdas_enkf_update.sh[219][[ YES == \Y\E\S ]]
+ exgdas_enkf_update.sh[220]/bin/ln -sf /lfs/h2/emc/ptmp/emc.global/RETRO_GFSv17/comroot/retrotestgfs10/enkfgdas.20241124/18/mem038/analysis/atmos/enkfgdas.t18z.sfci003.nc sfcincr_2024112418_fhr03_mem038
+ exgdas_enkf_update.sh[191]for FHR in ${nfhrs}
+ exgdas_enkf_update.sh[192]/bin/ln -sf /lfs/h2/emc/ptmp/emc.global/RETRO_GFSv17/comroot/retrotestgfs10/enkfgdas.20241124/12/mem038/model/atmos/history/enkfgdas.t12z.atmf006.nc sfg_2024112418_fhr06_mem038
+ exgdas_enkf_update.sh[194][[ .true. == \.\t\r\u\e\. ]]
+ exgdas_enkf_update.sh[195]/bin/ln -sf /lfs/h2/emc/ptmp/emc.global/RETRO_GFSv17/comroot/retrotestgfs10/enkfgdas.20241124/12/mem038/model/atmos/history/enkfgdas.t12z.sfcf006.nc bfg_2024112418_fhr06_mem038
+ exgdas_enkf_update.sh[198][[ .false. == \.\t\r\u\e\. ]]
+ exgdas_enkf_update.sh[202][[ 6 -eq 6 ]]
+ exgdas_enkf_update.sh[203][[ NO == \Y\E\S ]]
+ exgdas_enkf_update.sh[207]/bin/ln -sf /lfs/h2/emc/ptmp/emc.global/RETRO_GFSv17/comroot/retrotestgfs10/enkfgdas.20241124/18/mem038/analysis/atmos/enkfgdas.t18z.atminc.nc incr_2024112418_fhr06_mem038
+ exgdas_enkf_update.sh[219][[ YES == \Y\E\S ]]
+ exgdas_enkf_update.sh[220]/bin/ln -sf /lfs/h2/emc/ptmp/emc.global/RETRO_GFSv17/comroot/retrotestgfs10/enkfgdas.20241124/18/mem038/analysis/atmos/enkfgdas.t18z.sfci006.nc sfcincr_2024112418_fhr06_mem038
+ exgdas_enkf_update.sh[191]for FHR in ${nfhrs}
+ exgdas_enkf_update.sh[192]/bin/ln -sf /lfs/h2/emc/ptmp/emc.global/RETRO_GFSv17/comroot/retrotestgfs10/enkfgdas.20241124/12/mem038/model/atmos/history/enkfgdas.t12z.atmf009.nc sfg_2024112418_fhr09_mem038
+ exgdas_enkf_update.sh[194][[ .true. == \.\t\r\u\e\. ]]
+ exgdas_enkf_update.sh[195]/bin/ln -sf /lfs/h2/emc/ptmp/emc.global/RETRO_GFSv17/comroot/retrotestgfs10/enkfgdas.20241124/12/mem038/model/atmos/history/enkfgdas.t12z.sfcf009.nc bfg_2024112418_fhr09_mem038
+ exgdas_enkf_update.sh[198][[ .false. == \.\t\r\u\e\. ]]
+ exgdas_enkf_update.sh[202][[ 9 -eq 6 ]]
+ exgdas_enkf_update.sh[211][[ NO == \Y\E\S ]]
+ exgdas_enkf_update.sh[215]/bin/ln -sf /lfs/h2/emc/ptmp/emc.global/RETRO_GFSv17/comroot/retrotestgfs10/enkfgdas.20241124/18/mem038/analysis/atmos/enkfgdas.t18z.atmi009.nc incr_2024112418_fhr09_mem038
+ exgdas_enkf_update.sh[219][[ YES == \Y\E\S ]]
+ exgdas_enkf_update.sh[220]/bin/ln -sf /lfs/h2/emc/ptmp/emc.global/RETRO_GFSv17/comroot/retrotestgfs10/enkfgdas.20241124/18/mem038/analysis/atmos/enkfgdas.t18z.sfci009.nc sfcincr_2024112418_fhr09_mem038
+ exgdas_enkf_update.sh[175]for imem in $(seq 1 ${NMEM_ENS})
+ exgdas_enkf_update.sh[176]smem=39
+ exgdas_enkf_update.sh[177]((  smem > NMEM_ENS_MAX  ))
++ exgdas_enkf_update.sh[180]printf %03i 39
+ exgdas_enkf_update.sh[180]gmemchar=mem039
++ exgdas_enkf_update.sh[181]printf %03i 39
+ exgdas_enkf_update.sh[181]memchar=mem039
+ exgdas_enkf_update.sh[183]MEMDIR=mem039
+ exgdas_enkf_update.sh[183]RUN=enkfgdas
+ exgdas_enkf_update.sh[183]YMD=20241124
+ exgdas_enkf_update.sh[183]HH=12
+ exgdas_enkf_update.sh[183]declare_from_tmpl -x COMIN_ATMOS_HISTORY_MEM_PREV:COM_ATMOS_HISTORY_TMPL
+ environment[0][[ NO == \N\O ]]
+ environment[1]set +x
declare_from_tmpl :: COMIN_ATMOS_HISTORY_MEM_PREV=/lfs/h2/emc/ptmp/emc.global/RETRO_GFSv17/comroot/retrotestgfs10/enkfgdas.20241124/12/mem039/model/atmos/history
+ exgdas_enkf_update.sh[186]MEMDIR=mem039
+ exgdas_enkf_update.sh[186]YMD=20241124
+ exgdas_enkf_update.sh[186]HH=18
+ exgdas_enkf_update.sh[186]declare_from_tmpl -x COMOUT_ATMOS_ANALYSIS_MEM:COM_ATMOS_ANALYSIS_TMPL
+ environment[0][[ NO == \N\O ]]
+ environment[1]set +x
declare_from_tmpl :: COMOUT_ATMOS_ANALYSIS_MEM=/lfs/h2/emc/ptmp/emc.global/RETRO_GFSv17/comroot/retrotestgfs10/enkfgdas.20241124/18/mem039/analysis/atmos
+ exgdas_enkf_update.sh[189]mkdir -p /lfs/h2/emc/ptmp/emc.global/RETRO_GFSv17/comroot/retrotestgfs10/enkfgdas.20241124/18/mem039/analysis/atmos
+ exgdas_enkf_update.sh[191]for FHR in ${nfhrs}
+ exgdas_enkf_update.sh[192]/bin/ln -sf /lfs/h2/emc/ptmp/emc.global/RETRO_GFSv17/comroot/retrotestgfs10/enkfgdas.20241124/12/mem039/model/atmos/history/enkfgdas.t12z.atmf003.nc sfg_2024112418_fhr03_mem039
+ exgdas_enkf_update.sh[194][[ .true. == \.\t\r\u\e\. ]]
+ exgdas_enkf_update.sh[195]/bin/ln -sf /lfs/h2/emc/ptmp/emc.global/RETRO_GFSv17/comroot/retrotestgfs10/enkfgdas.20241124/12/mem039/model/atmos/history/enkfgdas.t12z.sfcf003.nc bfg_2024112418_fhr03_mem039
+ exgdas_enkf_update.sh[198][[ .false. == \.\t\r\u\e\. ]]
+ exgdas_enkf_update.sh[202][[ 3 -eq 6 ]]
+ exgdas_enkf_update.sh[211][[ NO == \Y\E\S ]]
+ exgdas_enkf_update.sh[215]/bin/ln -sf /lfs/h2/emc/ptmp/emc.global/RETRO_GFSv17/comroot/retrotestgfs10/enkfgdas.20241124/18/mem039/analysis/atmos/enkfgdas.t18z.atmi003.nc incr_2024112418_fhr03_mem039
+ exgdas_enkf_update.sh[219][[ YES == \Y\E\S ]]
+ exgdas_enkf_update.sh[220]/bin/ln -sf /lfs/h2/emc/ptmp/emc.global/RETRO_GFSv17/comroot/retrotestgfs10/enkfgdas.20241124/18/mem039/analysis/atmos/enkfgdas.t18z.sfci003.nc sfcincr_2024112418_fhr03_mem039
+ exgdas_enkf_update.sh[191]for FHR in ${nfhrs}
+ exgdas_enkf_update.sh[192]/bin/ln -sf /lfs/h2/emc/ptmp/emc.global/RETRO_GFSv17/comroot/retrotestgfs10/enkfgdas.20241124/12/mem039/model/atmos/history/enkfgdas.t12z.atmf006.nc sfg_2024112418_fhr06_mem039
+ exgdas_enkf_update.sh[194][[ .true. == \.\t\r\u\e\. ]]
+ exgdas_enkf_update.sh[195]/bin/ln -sf /lfs/h2/emc/ptmp/emc.global/RETRO_GFSv17/comroot/retrotestgfs10/enkfgdas.20241124/12/mem039/model/atmos/history/enkfgdas.t12z.sfcf006.nc bfg_2024112418_fhr06_mem039
+ exgdas_enkf_update.sh[198][[ .false. == \.\t\r\u\e\. ]]
+ exgdas_enkf_update.sh[202][[ 6 -eq 6 ]]
+ exgdas_enkf_update.sh[203][[ NO == \Y\E\S ]]
+ exgdas_enkf_update.sh[207]/bin/ln -sf /lfs/h2/emc/ptmp/emc.global/RETRO_GFSv17/comroot/retrotestgfs10/enkfgdas.20241124/18/mem039/analysis/atmos/enkfgdas.t18z.atminc.nc incr_2024112418_fhr06_mem039
+ exgdas_enkf_update.sh[219][[ YES == \Y\E\S ]]
+ exgdas_enkf_update.sh[220]/bin/ln -sf /lfs/h2/emc/ptmp/emc.global/RETRO_GFSv17/comroot/retrotestgfs10/enkfgdas.20241124/18/mem039/analysis/atmos/enkfgdas.t18z.sfci006.nc sfcincr_2024112418_fhr06_mem039
+ exgdas_enkf_update.sh[191]for FHR in ${nfhrs}
+ exgdas_enkf_update.sh[192]/bin/ln -sf /lfs/h2/emc/ptmp/emc.global/RETRO_GFSv17/comroot/retrotestgfs10/enkfgdas.20241124/12/mem039/model/atmos/history/enkfgdas.t12z.atmf009.nc sfg_2024112418_fhr09_mem039
+ exgdas_enkf_update.sh[194][[ .true. == \.\t\r\u\e\. ]]
+ exgdas_enkf_update.sh[195]/bin/ln -sf /lfs/h2/emc/ptmp/emc.global/RETRO_GFSv17/comroot/retrotestgfs10/enkfgdas.20241124/12/mem039/model/atmos/history/enkfgdas.t12z.sfcf009.nc bfg_2024112418_fhr09_mem039
+ exgdas_enkf_update.sh[198][[ .false. == \.\t\r\u\e\. ]]
+ exgdas_enkf_update.sh[202][[ 9 -eq 6 ]]
+ exgdas_enkf_update.sh[211][[ NO == \Y\E\S ]]
+ exgdas_enkf_update.sh[215]/bin/ln -sf /lfs/h2/emc/ptmp/emc.global/RETRO_GFSv17/comroot/retrotestgfs10/enkfgdas.20241124/18/mem039/analysis/atmos/enkfgdas.t18z.atmi009.nc incr_2024112418_fhr09_mem039
+ exgdas_enkf_update.sh[219][[ YES == \Y\E\S ]]
+ exgdas_enkf_update.sh[220]/bin/ln -sf /lfs/h2/emc/ptmp/emc.global/RETRO_GFSv17/comroot/retrotestgfs10/enkfgdas.20241124/18/mem039/analysis/atmos/enkfgdas.t18z.sfci009.nc sfcincr_2024112418_fhr09_mem039
+ exgdas_enkf_update.sh[175]for imem in $(seq 1 ${NMEM_ENS})
+ exgdas_enkf_update.sh[176]smem=40
+ exgdas_enkf_update.sh[177]((  smem > NMEM_ENS_MAX  ))
++ exgdas_enkf_update.sh[180]printf %03i 40
+ exgdas_enkf_update.sh[180]gmemchar=mem040
++ exgdas_enkf_update.sh[181]printf %03i 40
+ exgdas_enkf_update.sh[181]memchar=mem040
+ exgdas_enkf_update.sh[183]MEMDIR=mem040
+ exgdas_enkf_update.sh[183]RUN=enkfgdas
+ exgdas_enkf_update.sh[183]YMD=20241124
+ exgdas_enkf_update.sh[183]HH=12
+ exgdas_enkf_update.sh[183]declare_from_tmpl -x COMIN_ATMOS_HISTORY_MEM_PREV:COM_ATMOS_HISTORY_TMPL
+ environment[0][[ NO == \N\O ]]
+ environment[1]set +x
declare_from_tmpl :: COMIN_ATMOS_HISTORY_MEM_PREV=/lfs/h2/emc/ptmp/emc.global/RETRO_GFSv17/comroot/retrotestgfs10/enkfgdas.20241124/12/mem040/model/atmos/history
+ exgdas_enkf_update.sh[186]MEMDIR=mem040
+ exgdas_enkf_update.sh[186]YMD=20241124
+ exgdas_enkf_update.sh[186]HH=18
+ exgdas_enkf_update.sh[186]declare_from_tmpl -x COMOUT_ATMOS_ANALYSIS_MEM:COM_ATMOS_ANALYSIS_TMPL
+ environment[0][[ NO == \N\O ]]
+ environment[1]set +x
declare_from_tmpl :: COMOUT_ATMOS_ANALYSIS_MEM=/lfs/h2/emc/ptmp/emc.global/RETRO_GFSv17/comroot/retrotestgfs10/enkfgdas.20241124/18/mem040/analysis/atmos
+ exgdas_enkf_update.sh[189]mkdir -p /lfs/h2/emc/ptmp/emc.global/RETRO_GFSv17/comroot/retrotestgfs10/enkfgdas.20241124/18/mem040/analysis/atmos
+ exgdas_enkf_update.sh[191]for FHR in ${nfhrs}
+ exgdas_enkf_update.sh[192]/bin/ln -sf /lfs/h2/emc/ptmp/emc.global/RETRO_GFSv17/comroot/retrotestgfs10/enkfgdas.20241124/12/mem040/model/atmos/history/enkfgdas.t12z.atmf003.nc sfg_2024112418_fhr03_mem040
+ exgdas_enkf_update.sh[194][[ .true. == \.\t\r\u\e\. ]]
+ exgdas_enkf_update.sh[195]/bin/ln -sf /lfs/h2/emc/ptmp/emc.global/RETRO_GFSv17/comroot/retrotestgfs10/enkfgdas.20241124/12/mem040/model/atmos/history/enkfgdas.t12z.sfcf003.nc bfg_2024112418_fhr03_mem040
+ exgdas_enkf_update.sh[198][[ .false. == \.\t\r\u\e\. ]]
+ exgdas_enkf_update.sh[202][[ 3 -eq 6 ]]
+ exgdas_enkf_update.sh[211][[ NO == \Y\E\S ]]
+ exgdas_enkf_update.sh[215]/bin/ln -sf /lfs/h2/emc/ptmp/emc.global/RETRO_GFSv17/comroot/retrotestgfs10/enkfgdas.20241124/18/mem040/analysis/atmos/enkfgdas.t18z.atmi003.nc incr_2024112418_fhr03_mem040
+ exgdas_enkf_update.sh[219][[ YES == \Y\E\S ]]
+ exgdas_enkf_update.sh[220]/bin/ln -sf /lfs/h2/emc/ptmp/emc.global/RETRO_GFSv17/comroot/retrotestgfs10/enkfgdas.20241124/18/mem040/analysis/atmos/enkfgdas.t18z.sfci003.nc sfcincr_2024112418_fhr03_mem040
+ exgdas_enkf_update.sh[191]for FHR in ${nfhrs}
+ exgdas_enkf_update.sh[192]/bin/ln -sf /lfs/h2/emc/ptmp/emc.global/RETRO_GFSv17/comroot/retrotestgfs10/enkfgdas.20241124/12/mem040/model/atmos/history/enkfgdas.t12z.atmf006.nc sfg_2024112418_fhr06_mem040
+ exgdas_enkf_update.sh[194][[ .true. == \.\t\r\u\e\. ]]
+ exgdas_enkf_update.sh[195]/bin/ln -sf /lfs/h2/emc/ptmp/emc.global/RETRO_GFSv17/comroot/retrotestgfs10/enkfgdas.20241124/12/mem040/model/atmos/history/enkfgdas.t12z.sfcf006.nc bfg_2024112418_fhr06_mem040
+ exgdas_enkf_update.sh[198][[ .false. == \.\t\r\u\e\. ]]
+ exgdas_enkf_update.sh[202][[ 6 -eq 6 ]]
+ exgdas_enkf_update.sh[203][[ NO == \Y\E\S ]]
+ exgdas_enkf_update.sh[207]/bin/ln -sf /lfs/h2/emc/ptmp/emc.global/RETRO_GFSv17/comroot/retrotestgfs10/enkfgdas.20241124/18/mem040/analysis/atmos/enkfgdas.t18z.atminc.nc incr_2024112418_fhr06_mem040
+ exgdas_enkf_update.sh[219][[ YES == \Y\E\S ]]
+ exgdas_enkf_update.sh[220]/bin/ln -sf /lfs/h2/emc/ptmp/emc.global/RETRO_GFSv17/comroot/retrotestgfs10/enkfgdas.20241124/18/mem040/analysis/atmos/enkfgdas.t18z.sfci006.nc sfcincr_2024112418_fhr06_mem040
+ exgdas_enkf_update.sh[191]for FHR in ${nfhrs}
+ exgdas_enkf_update.sh[192]/bin/ln -sf /lfs/h2/emc/ptmp/emc.global/RETRO_GFSv17/comroot/retrotestgfs10/enkfgdas.20241124/12/mem040/model/atmos/history/enkfgdas.t12z.atmf009.nc sfg_2024112418_fhr09_mem040
+ exgdas_enkf_update.sh[194][[ .true. == \.\t\r\u\e\. ]]
+ exgdas_enkf_update.sh[195]/bin/ln -sf /lfs/h2/emc/ptmp/emc.global/RETRO_GFSv17/comroot/retrotestgfs10/enkfgdas.20241124/12/mem040/model/atmos/history/enkfgdas.t12z.sfcf009.nc bfg_2024112418_fhr09_mem040
+ exgdas_enkf_update.sh[198][[ .false. == \.\t\r\u\e\. ]]
+ exgdas_enkf_update.sh[202][[ 9 -eq 6 ]]
+ exgdas_enkf_update.sh[211][[ NO == \Y\E\S ]]
+ exgdas_enkf_update.sh[215]/bin/ln -sf /lfs/h2/emc/ptmp/emc.global/RETRO_GFSv17/comroot/retrotestgfs10/enkfgdas.20241124/18/mem040/analysis/atmos/enkfgdas.t18z.atmi009.nc incr_2024112418_fhr09_mem040
+ exgdas_enkf_update.sh[219][[ YES == \Y\E\S ]]
+ exgdas_enkf_update.sh[220]/bin/ln -sf /lfs/h2/emc/ptmp/emc.global/RETRO_GFSv17/comroot/retrotestgfs10/enkfgdas.20241124/18/mem040/analysis/atmos/enkfgdas.t18z.sfci009.nc sfcincr_2024112418_fhr09_mem040
+ exgdas_enkf_update.sh[175]for imem in $(seq 1 ${NMEM_ENS})
+ exgdas_enkf_update.sh[176]smem=41
+ exgdas_enkf_update.sh[177]((  smem > NMEM_ENS_MAX  ))
++ exgdas_enkf_update.sh[180]printf %03i 41
+ exgdas_enkf_update.sh[180]gmemchar=mem041
++ exgdas_enkf_update.sh[181]printf %03i 41
+ exgdas_enkf_update.sh[181]memchar=mem041
+ exgdas_enkf_update.sh[183]MEMDIR=mem041
+ exgdas_enkf_update.sh[183]RUN=enkfgdas
+ exgdas_enkf_update.sh[183]YMD=20241124
+ exgdas_enkf_update.sh[183]HH=12
+ exgdas_enkf_update.sh[183]declare_from_tmpl -x COMIN_ATMOS_HISTORY_MEM_PREV:COM_ATMOS_HISTORY_TMPL
+ environment[0][[ NO == \N\O ]]
+ environment[1]set +x
declare_from_tmpl :: COMIN_ATMOS_HISTORY_MEM_PREV=/lfs/h2/emc/ptmp/emc.global/RETRO_GFSv17/comroot/retrotestgfs10/enkfgdas.20241124/12/mem041/model/atmos/history
+ exgdas_enkf_update.sh[186]MEMDIR=mem041
+ exgdas_enkf_update.sh[186]YMD=20241124
+ exgdas_enkf_update.sh[186]HH=18
+ exgdas_enkf_update.sh[186]declare_from_tmpl -x COMOUT_ATMOS_ANALYSIS_MEM:COM_ATMOS_ANALYSIS_TMPL
+ environment[0][[ NO == \N\O ]]
+ environment[1]set +x
declare_from_tmpl :: COMOUT_ATMOS_ANALYSIS_MEM=/lfs/h2/emc/ptmp/emc.global/RETRO_GFSv17/comroot/retrotestgfs10/enkfgdas.20241124/18/mem041/analysis/atmos
+ exgdas_enkf_update.sh[189]mkdir -p /lfs/h2/emc/ptmp/emc.global/RETRO_GFSv17/comroot/retrotestgfs10/enkfgdas.20241124/18/mem041/analysis/atmos
+ exgdas_enkf_update.sh[191]for FHR in ${nfhrs}
+ exgdas_enkf_update.sh[192]/bin/ln -sf /lfs/h2/emc/ptmp/emc.global/RETRO_GFSv17/comroot/retrotestgfs10/enkfgdas.20241124/12/mem041/model/atmos/history/enkfgdas.t12z.atmf003.nc sfg_2024112418_fhr03_mem041
+ exgdas_enkf_update.sh[194][[ .true. == \.\t\r\u\e\. ]]
+ exgdas_enkf_update.sh[195]/bin/ln -sf /lfs/h2/emc/ptmp/emc.global/RETRO_GFSv17/comroot/retrotestgfs10/enkfgdas.20241124/12/mem041/model/atmos/history/enkfgdas.t12z.sfcf003.nc bfg_2024112418_fhr03_mem041
+ exgdas_enkf_update.sh[198][[ .false. == \.\t\r\u\e\. ]]
+ exgdas_enkf_update.sh[202][[ 3 -eq 6 ]]
+ exgdas_enkf_update.sh[211][[ NO == \Y\E\S ]]
+ exgdas_enkf_update.sh[215]/bin/ln -sf /lfs/h2/emc/ptmp/emc.global/RETRO_GFSv17/comroot/retrotestgfs10/enkfgdas.20241124/18/mem041/analysis/atmos/enkfgdas.t18z.atmi003.nc incr_2024112418_fhr03_mem041
+ exgdas_enkf_update.sh[219][[ YES == \Y\E\S ]]
+ exgdas_enkf_update.sh[220]/bin/ln -sf /lfs/h2/emc/ptmp/emc.global/RETRO_GFSv17/comroot/retrotestgfs10/enkfgdas.20241124/18/mem041/analysis/atmos/enkfgdas.t18z.sfci003.nc sfcincr_2024112418_fhr03_mem041
+ exgdas_enkf_update.sh[191]for FHR in ${nfhrs}
+ exgdas_enkf_update.sh[192]/bin/ln -sf /lfs/h2/emc/ptmp/emc.global/RETRO_GFSv17/comroot/retrotestgfs10/enkfgdas.20241124/12/mem041/model/atmos/history/enkfgdas.t12z.atmf006.nc sfg_2024112418_fhr06_mem041
+ exgdas_enkf_update.sh[194][[ .true. == \.\t\r\u\e\. ]]
+ exgdas_enkf_update.sh[195]/bin/ln -sf /lfs/h2/emc/ptmp/emc.global/RETRO_GFSv17/comroot/retrotestgfs10/enkfgdas.20241124/12/mem041/model/atmos/history/enkfgdas.t12z.sfcf006.nc bfg_2024112418_fhr06_mem041
+ exgdas_enkf_update.sh[198][[ .false. == \.\t\r\u\e\. ]]
+ exgdas_enkf_update.sh[202][[ 6 -eq 6 ]]
+ exgdas_enkf_update.sh[203][[ NO == \Y\E\S ]]
+ exgdas_enkf_update.sh[207]/bin/ln -sf /lfs/h2/emc/ptmp/emc.global/RETRO_GFSv17/comroot/retrotestgfs10/enkfgdas.20241124/18/mem041/analysis/atmos/enkfgdas.t18z.atminc.nc incr_2024112418_fhr06_mem041
+ exgdas_enkf_update.sh[219][[ YES == \Y\E\S ]]
+ exgdas_enkf_update.sh[220]/bin/ln -sf /lfs/h2/emc/ptmp/emc.global/RETRO_GFSv17/comroot/retrotestgfs10/enkfgdas.20241124/18/mem041/analysis/atmos/enkfgdas.t18z.sfci006.nc sfcincr_2024112418_fhr06_mem041
+ exgdas_enkf_update.sh[191]for FHR in ${nfhrs}
+ exgdas_enkf_update.sh[192]/bin/ln -sf /lfs/h2/emc/ptmp/emc.global/RETRO_GFSv17/comroot/retrotestgfs10/enkfgdas.20241124/12/mem041/model/atmos/history/enkfgdas.t12z.atmf009.nc sfg_2024112418_fhr09_mem041
+ exgdas_enkf_update.sh[194][[ .true. == \.\t\r\u\e\. ]]
+ exgdas_enkf_update.sh[195]/bin/ln -sf /lfs/h2/emc/ptmp/emc.global/RETRO_GFSv17/comroot/retrotestgfs10/enkfgdas.20241124/12/mem041/model/atmos/history/enkfgdas.t12z.sfcf009.nc bfg_2024112418_fhr09_mem041
+ exgdas_enkf_update.sh[198][[ .false. == \.\t\r\u\e\. ]]
+ exgdas_enkf_update.sh[202][[ 9 -eq 6 ]]
+ exgdas_enkf_update.sh[211][[ NO == \Y\E\S ]]
+ exgdas_enkf_update.sh[215]/bin/ln -sf /lfs/h2/emc/ptmp/emc.global/RETRO_GFSv17/comroot/retrotestgfs10/enkfgdas.20241124/18/mem041/analysis/atmos/enkfgdas.t18z.atmi009.nc incr_2024112418_fhr09_mem041
+ exgdas_enkf_update.sh[219][[ YES == \Y\E\S ]]
+ exgdas_enkf_update.sh[220]/bin/ln -sf /lfs/h2/emc/ptmp/emc.global/RETRO_GFSv17/comroot/retrotestgfs10/enkfgdas.20241124/18/mem041/analysis/atmos/enkfgdas.t18z.sfci009.nc sfcincr_2024112418_fhr09_mem041
+ exgdas_enkf_update.sh[175]for imem in $(seq 1 ${NMEM_ENS})
+ exgdas_enkf_update.sh[176]smem=42
+ exgdas_enkf_update.sh[177]((  smem > NMEM_ENS_MAX  ))
++ exgdas_enkf_update.sh[180]printf %03i 42
+ exgdas_enkf_update.sh[180]gmemchar=mem042
++ exgdas_enkf_update.sh[181]printf %03i 42
+ exgdas_enkf_update.sh[181]memchar=mem042
+ exgdas_enkf_update.sh[183]MEMDIR=mem042
+ exgdas_enkf_update.sh[183]RUN=enkfgdas
+ exgdas_enkf_update.sh[183]YMD=20241124
+ exgdas_enkf_update.sh[183]HH=12
+ exgdas_enkf_update.sh[183]declare_from_tmpl -x COMIN_ATMOS_HISTORY_MEM_PREV:COM_ATMOS_HISTORY_TMPL
+ environment[0][[ NO == \N\O ]]
+ environment[1]set +x
declare_from_tmpl :: COMIN_ATMOS_HISTORY_MEM_PREV=/lfs/h2/emc/ptmp/emc.global/RETRO_GFSv17/comroot/retrotestgfs10/enkfgdas.20241124/12/mem042/model/atmos/history
+ exgdas_enkf_update.sh[186]MEMDIR=mem042
+ exgdas_enkf_update.sh[186]YMD=20241124
+ exgdas_enkf_update.sh[186]HH=18
+ exgdas_enkf_update.sh[186]declare_from_tmpl -x COMOUT_ATMOS_ANALYSIS_MEM:COM_ATMOS_ANALYSIS_TMPL
+ environment[0][[ NO == \N\O ]]
+ environment[1]set +x
declare_from_tmpl :: COMOUT_ATMOS_ANALYSIS_MEM=/lfs/h2/emc/ptmp/emc.global/RETRO_GFSv17/comroot/retrotestgfs10/enkfgdas.20241124/18/mem042/analysis/atmos
+ exgdas_enkf_update.sh[189]mkdir -p /lfs/h2/emc/ptmp/emc.global/RETRO_GFSv17/comroot/retrotestgfs10/enkfgdas.20241124/18/mem042/analysis/atmos
+ exgdas_enkf_update.sh[191]for FHR in ${nfhrs}
+ exgdas_enkf_update.sh[192]/bin/ln -sf /lfs/h2/emc/ptmp/emc.global/RETRO_GFSv17/comroot/retrotestgfs10/enkfgdas.20241124/12/mem042/model/atmos/history/enkfgdas.t12z.atmf003.nc sfg_2024112418_fhr03_mem042
+ exgdas_enkf_update.sh[194][[ .true. == \.\t\r\u\e\. ]]
+ exgdas_enkf_update.sh[195]/bin/ln -sf /lfs/h2/emc/ptmp/emc.global/RETRO_GFSv17/comroot/retrotestgfs10/enkfgdas.20241124/12/mem042/model/atmos/history/enkfgdas.t12z.sfcf003.nc bfg_2024112418_fhr03_mem042
+ exgdas_enkf_update.sh[198][[ .false. == \.\t\r\u\e\. ]]
+ exgdas_enkf_update.sh[202][[ 3 -eq 6 ]]
+ exgdas_enkf_update.sh[211][[ NO == \Y\E\S ]]
+ exgdas_enkf_update.sh[215]/bin/ln -sf /lfs/h2/emc/ptmp/emc.global/RETRO_GFSv17/comroot/retrotestgfs10/enkfgdas.20241124/18/mem042/analysis/atmos/enkfgdas.t18z.atmi003.nc incr_2024112418_fhr03_mem042
+ exgdas_enkf_update.sh[219][[ YES == \Y\E\S ]]
+ exgdas_enkf_update.sh[220]/bin/ln -sf /lfs/h2/emc/ptmp/emc.global/RETRO_GFSv17/comroot/retrotestgfs10/enkfgdas.20241124/18/mem042/analysis/atmos/enkfgdas.t18z.sfci003.nc sfcincr_2024112418_fhr03_mem042
+ exgdas_enkf_update.sh[191]for FHR in ${nfhrs}
+ exgdas_enkf_update.sh[192]/bin/ln -sf /lfs/h2/emc/ptmp/emc.global/RETRO_GFSv17/comroot/retrotestgfs10/enkfgdas.20241124/12/mem042/model/atmos/history/enkfgdas.t12z.atmf006.nc sfg_2024112418_fhr06_mem042
+ exgdas_enkf_update.sh[194][[ .true. == \.\t\r\u\e\. ]]
+ exgdas_enkf_update.sh[195]/bin/ln -sf /lfs/h2/emc/ptmp/emc.global/RETRO_GFSv17/comroot/retrotestgfs10/enkfgdas.20241124/12/mem042/model/atmos/history/enkfgdas.t12z.sfcf006.nc bfg_2024112418_fhr06_mem042
+ exgdas_enkf_update.sh[198][[ .false. == \.\t\r\u\e\. ]]
+ exgdas_enkf_update.sh[202][[ 6 -eq 6 ]]
+ exgdas_enkf_update.sh[203][[ NO == \Y\E\S ]]
+ exgdas_enkf_update.sh[207]/bin/ln -sf /lfs/h2/emc/ptmp/emc.global/RETRO_GFSv17/comroot/retrotestgfs10/enkfgdas.20241124/18/mem042/analysis/atmos/enkfgdas.t18z.atminc.nc incr_2024112418_fhr06_mem042
+ exgdas_enkf_update.sh[219][[ YES == \Y\E\S ]]
+ exgdas_enkf_update.sh[220]/bin/ln -sf /lfs/h2/emc/ptmp/emc.global/RETRO_GFSv17/comroot/retrotestgfs10/enkfgdas.20241124/18/mem042/analysis/atmos/enkfgdas.t18z.sfci006.nc sfcincr_2024112418_fhr06_mem042
+ exgdas_enkf_update.sh[191]for FHR in ${nfhrs}
+ exgdas_enkf_update.sh[192]/bin/ln -sf /lfs/h2/emc/ptmp/emc.global/RETRO_GFSv17/comroot/retrotestgfs10/enkfgdas.20241124/12/mem042/model/atmos/history/enkfgdas.t12z.atmf009.nc sfg_2024112418_fhr09_mem042
+ exgdas_enkf_update.sh[194][[ .true. == \.\t\r\u\e\. ]]
+ exgdas_enkf_update.sh[195]/bin/ln -sf /lfs/h2/emc/ptmp/emc.global/RETRO_GFSv17/comroot/retrotestgfs10/enkfgdas.20241124/12/mem042/model/atmos/history/enkfgdas.t12z.sfcf009.nc bfg_2024112418_fhr09_mem042
+ exgdas_enkf_update.sh[198][[ .false. == \.\t\r\u\e\. ]]
+ exgdas_enkf_update.sh[202][[ 9 -eq 6 ]]
+ exgdas_enkf_update.sh[211][[ NO == \Y\E\S ]]
+ exgdas_enkf_update.sh[215]/bin/ln -sf /lfs/h2/emc/ptmp/emc.global/RETRO_GFSv17/comroot/retrotestgfs10/enkfgdas.20241124/18/mem042/analysis/atmos/enkfgdas.t18z.atmi009.nc incr_2024112418_fhr09_mem042
+ exgdas_enkf_update.sh[219][[ YES == \Y\E\S ]]
+ exgdas_enkf_update.sh[220]/bin/ln -sf /lfs/h2/emc/ptmp/emc.global/RETRO_GFSv17/comroot/retrotestgfs10/enkfgdas.20241124/18/mem042/analysis/atmos/enkfgdas.t18z.sfci009.nc sfcincr_2024112418_fhr09_mem042
+ exgdas_enkf_update.sh[175]for imem in $(seq 1 ${NMEM_ENS})
+ exgdas_enkf_update.sh[176]smem=43
+ exgdas_enkf_update.sh[177]((  smem > NMEM_ENS_MAX  ))
++ exgdas_enkf_update.sh[180]printf %03i 43
+ exgdas_enkf_update.sh[180]gmemchar=mem043
++ exgdas_enkf_update.sh[181]printf %03i 43
+ exgdas_enkf_update.sh[181]memchar=mem043
+ exgdas_enkf_update.sh[183]MEMDIR=mem043
+ exgdas_enkf_update.sh[183]RUN=enkfgdas
+ exgdas_enkf_update.sh[183]YMD=20241124
+ exgdas_enkf_update.sh[183]HH=12
+ exgdas_enkf_update.sh[183]declare_from_tmpl -x COMIN_ATMOS_HISTORY_MEM_PREV:COM_ATMOS_HISTORY_TMPL
+ environment[0][[ NO == \N\O ]]
+ environment[1]set +x
declare_from_tmpl :: COMIN_ATMOS_HISTORY_MEM_PREV=/lfs/h2/emc/ptmp/emc.global/RETRO_GFSv17/comroot/retrotestgfs10/enkfgdas.20241124/12/mem043/model/atmos/history
+ exgdas_enkf_update.sh[186]MEMDIR=mem043
+ exgdas_enkf_update.sh[186]YMD=20241124
+ exgdas_enkf_update.sh[186]HH=18
+ exgdas_enkf_update.sh[186]declare_from_tmpl -x COMOUT_ATMOS_ANALYSIS_MEM:COM_ATMOS_ANALYSIS_TMPL
+ environment[0][[ NO == \N\O ]]
+ environment[1]set +x
declare_from_tmpl :: COMOUT_ATMOS_ANALYSIS_MEM=/lfs/h2/emc/ptmp/emc.global/RETRO_GFSv17/comroot/retrotestgfs10/enkfgdas.20241124/18/mem043/analysis/atmos
+ exgdas_enkf_update.sh[189]mkdir -p /lfs/h2/emc/ptmp/emc.global/RETRO_GFSv17/comroot/retrotestgfs10/enkfgdas.20241124/18/mem043/analysis/atmos
+ exgdas_enkf_update.sh[191]for FHR in ${nfhrs}
+ exgdas_enkf_update.sh[192]/bin/ln -sf /lfs/h2/emc/ptmp/emc.global/RETRO_GFSv17/comroot/retrotestgfs10/enkfgdas.20241124/12/mem043/model/atmos/history/enkfgdas.t12z.atmf003.nc sfg_2024112418_fhr03_mem043
+ exgdas_enkf_update.sh[194][[ .true. == \.\t\r\u\e\. ]]
+ exgdas_enkf_update.sh[195]/bin/ln -sf /lfs/h2/emc/ptmp/emc.global/RETRO_GFSv17/comroot/retrotestgfs10/enkfgdas.20241124/12/mem043/model/atmos/history/enkfgdas.t12z.sfcf003.nc bfg_2024112418_fhr03_mem043
+ exgdas_enkf_update.sh[198][[ .false. == \.\t\r\u\e\. ]]
+ exgdas_enkf_update.sh[202][[ 3 -eq 6 ]]
+ exgdas_enkf_update.sh[211][[ NO == \Y\E\S ]]
+ exgdas_enkf_update.sh[215]/bin/ln -sf /lfs/h2/emc/ptmp/emc.global/RETRO_GFSv17/comroot/retrotestgfs10/enkfgdas.20241124/18/mem043/analysis/atmos/enkfgdas.t18z.atmi003.nc incr_2024112418_fhr03_mem043
+ exgdas_enkf_update.sh[219][[ YES == \Y\E\S ]]
+ exgdas_enkf_update.sh[220]/bin/ln -sf /lfs/h2/emc/ptmp/emc.global/RETRO_GFSv17/comroot/retrotestgfs10/enkfgdas.20241124/18/mem043/analysis/atmos/enkfgdas.t18z.sfci003.nc sfcincr_2024112418_fhr03_mem043
+ exgdas_enkf_update.sh[191]for FHR in ${nfhrs}
+ exgdas_enkf_update.sh[192]/bin/ln -sf /lfs/h2/emc/ptmp/emc.global/RETRO_GFSv17/comroot/retrotestgfs10/enkfgdas.20241124/12/mem043/model/atmos/history/enkfgdas.t12z.atmf006.nc sfg_2024112418_fhr06_mem043
+ exgdas_enkf_update.sh[194][[ .true. == \.\t\r\u\e\. ]]
+ exgdas_enkf_update.sh[195]/bin/ln -sf /lfs/h2/emc/ptmp/emc.global/RETRO_GFSv17/comroot/retrotestgfs10/enkfgdas.20241124/12/mem043/model/atmos/history/enkfgdas.t12z.sfcf006.nc bfg_2024112418_fhr06_mem043
+ exgdas_enkf_update.sh[198][[ .false. == \.\t\r\u\e\. ]]
+ exgdas_enkf_update.sh[202][[ 6 -eq 6 ]]
+ exgdas_enkf_update.sh[203][[ NO == \Y\E\S ]]
+ exgdas_enkf_update.sh[207]/bin/ln -sf /lfs/h2/emc/ptmp/emc.global/RETRO_GFSv17/comroot/retrotestgfs10/enkfgdas.20241124/18/mem043/analysis/atmos/enkfgdas.t18z.atminc.nc incr_2024112418_fhr06_mem043
+ exgdas_enkf_update.sh[219][[ YES == \Y\E\S ]]
+ exgdas_enkf_update.sh[220]/bin/ln -sf /lfs/h2/emc/ptmp/emc.global/RETRO_GFSv17/comroot/retrotestgfs10/enkfgdas.20241124/18/mem043/analysis/atmos/enkfgdas.t18z.sfci006.nc sfcincr_2024112418_fhr06_mem043
+ exgdas_enkf_update.sh[191]for FHR in ${nfhrs}
+ exgdas_enkf_update.sh[192]/bin/ln -sf /lfs/h2/emc/ptmp/emc.global/RETRO_GFSv17/comroot/retrotestgfs10/enkfgdas.20241124/12/mem043/model/atmos/history/enkfgdas.t12z.atmf009.nc sfg_2024112418_fhr09_mem043
+ exgdas_enkf_update.sh[194][[ .true. == \.\t\r\u\e\. ]]
+ exgdas_enkf_update.sh[195]/bin/ln -sf /lfs/h2/emc/ptmp/emc.global/RETRO_GFSv17/comroot/retrotestgfs10/enkfgdas.20241124/12/mem043/model/atmos/history/enkfgdas.t12z.sfcf009.nc bfg_2024112418_fhr09_mem043
+ exgdas_enkf_update.sh[198][[ .false. == \.\t\r\u\e\. ]]
+ exgdas_enkf_update.sh[202][[ 9 -eq 6 ]]
+ exgdas_enkf_update.sh[211][[ NO == \Y\E\S ]]
+ exgdas_enkf_update.sh[215]/bin/ln -sf /lfs/h2/emc/ptmp/emc.global/RETRO_GFSv17/comroot/retrotestgfs10/enkfgdas.20241124/18/mem043/analysis/atmos/enkfgdas.t18z.atmi009.nc incr_2024112418_fhr09_mem043
+ exgdas_enkf_update.sh[219][[ YES == \Y\E\S ]]
+ exgdas_enkf_update.sh[220]/bin/ln -sf /lfs/h2/emc/ptmp/emc.global/RETRO_GFSv17/comroot/retrotestgfs10/enkfgdas.20241124/18/mem043/analysis/atmos/enkfgdas.t18z.sfci009.nc sfcincr_2024112418_fhr09_mem043
+ exgdas_enkf_update.sh[175]for imem in $(seq 1 ${NMEM_ENS})
+ exgdas_enkf_update.sh[176]smem=44
+ exgdas_enkf_update.sh[177]((  smem > NMEM_ENS_MAX  ))
++ exgdas_enkf_update.sh[180]printf %03i 44
+ exgdas_enkf_update.sh[180]gmemchar=mem044
++ exgdas_enkf_update.sh[181]printf %03i 44
+ exgdas_enkf_update.sh[181]memchar=mem044
+ exgdas_enkf_update.sh[183]MEMDIR=mem044
+ exgdas_enkf_update.sh[183]RUN=enkfgdas
+ exgdas_enkf_update.sh[183]YMD=20241124
+ exgdas_enkf_update.sh[183]HH=12
+ exgdas_enkf_update.sh[183]declare_from_tmpl -x COMIN_ATMOS_HISTORY_MEM_PREV:COM_ATMOS_HISTORY_TMPL
+ environment[0][[ NO == \N\O ]]
+ environment[1]set +x
declare_from_tmpl :: COMIN_ATMOS_HISTORY_MEM_PREV=/lfs/h2/emc/ptmp/emc.global/RETRO_GFSv17/comroot/retrotestgfs10/enkfgdas.20241124/12/mem044/model/atmos/history
+ exgdas_enkf_update.sh[186]MEMDIR=mem044
+ exgdas_enkf_update.sh[186]YMD=20241124
+ exgdas_enkf_update.sh[186]HH=18
+ exgdas_enkf_update.sh[186]declare_from_tmpl -x COMOUT_ATMOS_ANALYSIS_MEM:COM_ATMOS_ANALYSIS_TMPL
+ environment[0][[ NO == \N\O ]]
+ environment[1]set +x
declare_from_tmpl :: COMOUT_ATMOS_ANALYSIS_MEM=/lfs/h2/emc/ptmp/emc.global/RETRO_GFSv17/comroot/retrotestgfs10/enkfgdas.20241124/18/mem044/analysis/atmos
+ exgdas_enkf_update.sh[189]mkdir -p /lfs/h2/emc/ptmp/emc.global/RETRO_GFSv17/comroot/retrotestgfs10/enkfgdas.20241124/18/mem044/analysis/atmos
+ exgdas_enkf_update.sh[191]for FHR in ${nfhrs}
+ exgdas_enkf_update.sh[192]/bin/ln -sf /lfs/h2/emc/ptmp/emc.global/RETRO_GFSv17/comroot/retrotestgfs10/enkfgdas.20241124/12/mem044/model/atmos/history/enkfgdas.t12z.atmf003.nc sfg_2024112418_fhr03_mem044
+ exgdas_enkf_update.sh[194][[ .true. == \.\t\r\u\e\. ]]
+ exgdas_enkf_update.sh[195]/bin/ln -sf /lfs/h2/emc/ptmp/emc.global/RETRO_GFSv17/comroot/retrotestgfs10/enkfgdas.20241124/12/mem044/model/atmos/history/enkfgdas.t12z.sfcf003.nc bfg_2024112418_fhr03_mem044
+ exgdas_enkf_update.sh[198][[ .false. == \.\t\r\u\e\. ]]
+ exgdas_enkf_update.sh[202][[ 3 -eq 6 ]]
+ exgdas_enkf_update.sh[211][[ NO == \Y\E\S ]]
+ exgdas_enkf_update.sh[215]/bin/ln -sf /lfs/h2/emc/ptmp/emc.global/RETRO_GFSv17/comroot/retrotestgfs10/enkfgdas.20241124/18/mem044/analysis/atmos/enkfgdas.t18z.atmi003.nc incr_2024112418_fhr03_mem044
+ exgdas_enkf_update.sh[219][[ YES == \Y\E\S ]]
+ exgdas_enkf_update.sh[220]/bin/ln -sf /lfs/h2/emc/ptmp/emc.global/RETRO_GFSv17/comroot/retrotestgfs10/enkfgdas.20241124/18/mem044/analysis/atmos/enkfgdas.t18z.sfci003.nc sfcincr_2024112418_fhr03_mem044
+ exgdas_enkf_update.sh[191]for FHR in ${nfhrs}
+ exgdas_enkf_update.sh[192]/bin/ln -sf /lfs/h2/emc/ptmp/emc.global/RETRO_GFSv17/comroot/retrotestgfs10/enkfgdas.20241124/12/mem044/model/atmos/history/enkfgdas.t12z.atmf006.nc sfg_2024112418_fhr06_mem044
+ exgdas_enkf_update.sh[194][[ .true. == \.\t\r\u\e\. ]]
+ exgdas_enkf_update.sh[195]/bin/ln -sf /lfs/h2/emc/ptmp/emc.global/RETRO_GFSv17/comroot/retrotestgfs10/enkfgdas.20241124/12/mem044/model/atmos/history/enkfgdas.t12z.sfcf006.nc bfg_2024112418_fhr06_mem044
+ exgdas_enkf_update.sh[198][[ .false. == \.\t\r\u\e\. ]]
+ exgdas_enkf_update.sh[202][[ 6 -eq 6 ]]
+ exgdas_enkf_update.sh[203][[ NO == \Y\E\S ]]
+ exgdas_enkf_update.sh[207]/bin/ln -sf /lfs/h2/emc/ptmp/emc.global/RETRO_GFSv17/comroot/retrotestgfs10/enkfgdas.20241124/18/mem044/analysis/atmos/enkfgdas.t18z.atminc.nc incr_2024112418_fhr06_mem044
+ exgdas_enkf_update.sh[219][[ YES == \Y\E\S ]]
+ exgdas_enkf_update.sh[220]/bin/ln -sf /lfs/h2/emc/ptmp/emc.global/RETRO_GFSv17/comroot/retrotestgfs10/enkfgdas.20241124/18/mem044/analysis/atmos/enkfgdas.t18z.sfci006.nc sfcincr_2024112418_fhr06_mem044
+ exgdas_enkf_update.sh[191]for FHR in ${nfhrs}
+ exgdas_enkf_update.sh[192]/bin/ln -sf /lfs/h2/emc/ptmp/emc.global/RETRO_GFSv17/comroot/retrotestgfs10/enkfgdas.20241124/12/mem044/model/atmos/history/enkfgdas.t12z.atmf009.nc sfg_2024112418_fhr09_mem044
+ exgdas_enkf_update.sh[194][[ .true. == \.\t\r\u\e\. ]]
+ exgdas_enkf_update.sh[195]/bin/ln -sf /lfs/h2/emc/ptmp/emc.global/RETRO_GFSv17/comroot/retrotestgfs10/enkfgdas.20241124/12/mem044/model/atmos/history/enkfgdas.t12z.sfcf009.nc bfg_2024112418_fhr09_mem044
+ exgdas_enkf_update.sh[198][[ .false. == \.\t\r\u\e\. ]]
+ exgdas_enkf_update.sh[202][[ 9 -eq 6 ]]
+ exgdas_enkf_update.sh[211][[ NO == \Y\E\S ]]
+ exgdas_enkf_update.sh[215]/bin/ln -sf /lfs/h2/emc/ptmp/emc.global/RETRO_GFSv17/comroot/retrotestgfs10/enkfgdas.20241124/18/mem044/analysis/atmos/enkfgdas.t18z.atmi009.nc incr_2024112418_fhr09_mem044
+ exgdas_enkf_update.sh[219][[ YES == \Y\E\S ]]
+ exgdas_enkf_update.sh[220]/bin/ln -sf /lfs/h2/emc/ptmp/emc.global/RETRO_GFSv17/comroot/retrotestgfs10/enkfgdas.20241124/18/mem044/analysis/atmos/enkfgdas.t18z.sfci009.nc sfcincr_2024112418_fhr09_mem044
+ exgdas_enkf_update.sh[175]for imem in $(seq 1 ${NMEM_ENS})
+ exgdas_enkf_update.sh[176]smem=45
+ exgdas_enkf_update.sh[177]((  smem > NMEM_ENS_MAX  ))
++ exgdas_enkf_update.sh[180]printf %03i 45
+ exgdas_enkf_update.sh[180]gmemchar=mem045
++ exgdas_enkf_update.sh[181]printf %03i 45
+ exgdas_enkf_update.sh[181]memchar=mem045
+ exgdas_enkf_update.sh[183]MEMDIR=mem045
+ exgdas_enkf_update.sh[183]RUN=enkfgdas
+ exgdas_enkf_update.sh[183]YMD=20241124
+ exgdas_enkf_update.sh[183]HH=12
+ exgdas_enkf_update.sh[183]declare_from_tmpl -x COMIN_ATMOS_HISTORY_MEM_PREV:COM_ATMOS_HISTORY_TMPL
+ environment[0][[ NO == \N\O ]]
+ environment[1]set +x
declare_from_tmpl :: COMIN_ATMOS_HISTORY_MEM_PREV=/lfs/h2/emc/ptmp/emc.global/RETRO_GFSv17/comroot/retrotestgfs10/enkfgdas.20241124/12/mem045/model/atmos/history
+ exgdas_enkf_update.sh[186]MEMDIR=mem045
+ exgdas_enkf_update.sh[186]YMD=20241124
+ exgdas_enkf_update.sh[186]HH=18
+ exgdas_enkf_update.sh[186]declare_from_tmpl -x COMOUT_ATMOS_ANALYSIS_MEM:COM_ATMOS_ANALYSIS_TMPL
+ environment[0][[ NO == \N\O ]]
+ environment[1]set +x
declare_from_tmpl :: COMOUT_ATMOS_ANALYSIS_MEM=/lfs/h2/emc/ptmp/emc.global/RETRO_GFSv17/comroot/retrotestgfs10/enkfgdas.20241124/18/mem045/analysis/atmos
+ exgdas_enkf_update.sh[189]mkdir -p /lfs/h2/emc/ptmp/emc.global/RETRO_GFSv17/comroot/retrotestgfs10/enkfgdas.20241124/18/mem045/analysis/atmos
+ exgdas_enkf_update.sh[191]for FHR in ${nfhrs}
+ exgdas_enkf_update.sh[192]/bin/ln -sf /lfs/h2/emc/ptmp/emc.global/RETRO_GFSv17/comroot/retrotestgfs10/enkfgdas.20241124/12/mem045/model/atmos/history/enkfgdas.t12z.atmf003.nc sfg_2024112418_fhr03_mem045
+ exgdas_enkf_update.sh[194][[ .true. == \.\t\r\u\e\. ]]
+ exgdas_enkf_update.sh[195]/bin/ln -sf /lfs/h2/emc/ptmp/emc.global/RETRO_GFSv17/comroot/retrotestgfs10/enkfgdas.20241124/12/mem045/model/atmos/history/enkfgdas.t12z.sfcf003.nc bfg_2024112418_fhr03_mem045
+ exgdas_enkf_update.sh[198][[ .false. == \.\t\r\u\e\. ]]
+ exgdas_enkf_update.sh[202][[ 3 -eq 6 ]]
+ exgdas_enkf_update.sh[211][[ NO == \Y\E\S ]]
+ exgdas_enkf_update.sh[215]/bin/ln -sf /lfs/h2/emc/ptmp/emc.global/RETRO_GFSv17/comroot/retrotestgfs10/enkfgdas.20241124/18/mem045/analysis/atmos/enkfgdas.t18z.atmi003.nc incr_2024112418_fhr03_mem045
+ exgdas_enkf_update.sh[219][[ YES == \Y\E\S ]]
+ exgdas_enkf_update.sh[220]/bin/ln -sf /lfs/h2/emc/ptmp/emc.global/RETRO_GFSv17/comroot/retrotestgfs10/enkfgdas.20241124/18/mem045/analysis/atmos/enkfgdas.t18z.sfci003.nc sfcincr_2024112418_fhr03_mem045
+ exgdas_enkf_update.sh[191]for FHR in ${nfhrs}
+ exgdas_enkf_update.sh[192]/bin/ln -sf /lfs/h2/emc/ptmp/emc.global/RETRO_GFSv17/comroot/retrotestgfs10/enkfgdas.20241124/12/mem045/model/atmos/history/enkfgdas.t12z.atmf006.nc sfg_2024112418_fhr06_mem045
+ exgdas_enkf_update.sh[194][[ .true. == \.\t\r\u\e\. ]]
+ exgdas_enkf_update.sh[195]/bin/ln -sf /lfs/h2/emc/ptmp/emc.global/RETRO_GFSv17/comroot/retrotestgfs10/enkfgdas.20241124/12/mem045/model/atmos/history/enkfgdas.t12z.sfcf006.nc bfg_2024112418_fhr06_mem045
+ exgdas_enkf_update.sh[198][[ .false. == \.\t\r\u\e\. ]]
+ exgdas_enkf_update.sh[202][[ 6 -eq 6 ]]
+ exgdas_enkf_update.sh[203][[ NO == \Y\E\S ]]
+ exgdas_enkf_update.sh[207]/bin/ln -sf /lfs/h2/emc/ptmp/emc.global/RETRO_GFSv17/comroot/retrotestgfs10/enkfgdas.20241124/18/mem045/analysis/atmos/enkfgdas.t18z.atminc.nc incr_2024112418_fhr06_mem045
+ exgdas_enkf_update.sh[219][[ YES == \Y\E\S ]]
+ exgdas_enkf_update.sh[220]/bin/ln -sf /lfs/h2/emc/ptmp/emc.global/RETRO_GFSv17/comroot/retrotestgfs10/enkfgdas.20241124/18/mem045/analysis/atmos/enkfgdas.t18z.sfci006.nc sfcincr_2024112418_fhr06_mem045
+ exgdas_enkf_update.sh[191]for FHR in ${nfhrs}
+ exgdas_enkf_update.sh[192]/bin/ln -sf /lfs/h2/emc/ptmp/emc.global/RETRO_GFSv17/comroot/retrotestgfs10/enkfgdas.20241124/12/mem045/model/atmos/history/enkfgdas.t12z.atmf009.nc sfg_2024112418_fhr09_mem045
+ exgdas_enkf_update.sh[194][[ .true. == \.\t\r\u\e\. ]]
+ exgdas_enkf_update.sh[195]/bin/ln -sf /lfs/h2/emc/ptmp/emc.global/RETRO_GFSv17/comroot/retrotestgfs10/enkfgdas.20241124/12/mem045/model/atmos/history/enkfgdas.t12z.sfcf009.nc bfg_2024112418_fhr09_mem045
+ exgdas_enkf_update.sh[198][[ .false. == \.\t\r\u\e\. ]]
+ exgdas_enkf_update.sh[202][[ 9 -eq 6 ]]
+ exgdas_enkf_update.sh[211][[ NO == \Y\E\S ]]
+ exgdas_enkf_update.sh[215]/bin/ln -sf /lfs/h2/emc/ptmp/emc.global/RETRO_GFSv17/comroot/retrotestgfs10/enkfgdas.20241124/18/mem045/analysis/atmos/enkfgdas.t18z.atmi009.nc incr_2024112418_fhr09_mem045
+ exgdas_enkf_update.sh[219][[ YES == \Y\E\S ]]
+ exgdas_enkf_update.sh[220]/bin/ln -sf /lfs/h2/emc/ptmp/emc.global/RETRO_GFSv17/comroot/retrotestgfs10/enkfgdas.20241124/18/mem045/analysis/atmos/enkfgdas.t18z.sfci009.nc sfcincr_2024112418_fhr09_mem045
+ exgdas_enkf_update.sh[175]for imem in $(seq 1 ${NMEM_ENS})
+ exgdas_enkf_update.sh[176]smem=46
+ exgdas_enkf_update.sh[177]((  smem > NMEM_ENS_MAX  ))
++ exgdas_enkf_update.sh[180]printf %03i 46
+ exgdas_enkf_update.sh[180]gmemchar=mem046
++ exgdas_enkf_update.sh[181]printf %03i 46
+ exgdas_enkf_update.sh[181]memchar=mem046
+ exgdas_enkf_update.sh[183]MEMDIR=mem046
+ exgdas_enkf_update.sh[183]RUN=enkfgdas
+ exgdas_enkf_update.sh[183]YMD=20241124
+ exgdas_enkf_update.sh[183]HH=12
+ exgdas_enkf_update.sh[183]declare_from_tmpl -x COMIN_ATMOS_HISTORY_MEM_PREV:COM_ATMOS_HISTORY_TMPL
+ environment[0][[ NO == \N\O ]]
+ environment[1]set +x
declare_from_tmpl :: COMIN_ATMOS_HISTORY_MEM_PREV=/lfs/h2/emc/ptmp/emc.global/RETRO_GFSv17/comroot/retrotestgfs10/enkfgdas.20241124/12/mem046/model/atmos/history
+ exgdas_enkf_update.sh[186]MEMDIR=mem046
+ exgdas_enkf_update.sh[186]YMD=20241124
+ exgdas_enkf_update.sh[186]HH=18
+ exgdas_enkf_update.sh[186]declare_from_tmpl -x COMOUT_ATMOS_ANALYSIS_MEM:COM_ATMOS_ANALYSIS_TMPL
+ environment[0][[ NO == \N\O ]]
+ environment[1]set +x
declare_from_tmpl :: COMOUT_ATMOS_ANALYSIS_MEM=/lfs/h2/emc/ptmp/emc.global/RETRO_GFSv17/comroot/retrotestgfs10/enkfgdas.20241124/18/mem046/analysis/atmos
+ exgdas_enkf_update.sh[189]mkdir -p /lfs/h2/emc/ptmp/emc.global/RETRO_GFSv17/comroot/retrotestgfs10/enkfgdas.20241124/18/mem046/analysis/atmos
+ exgdas_enkf_update.sh[191]for FHR in ${nfhrs}
+ exgdas_enkf_update.sh[192]/bin/ln -sf /lfs/h2/emc/ptmp/emc.global/RETRO_GFSv17/comroot/retrotestgfs10/enkfgdas.20241124/12/mem046/model/atmos/history/enkfgdas.t12z.atmf003.nc sfg_2024112418_fhr03_mem046
+ exgdas_enkf_update.sh[194][[ .true. == \.\t\r\u\e\. ]]
+ exgdas_enkf_update.sh[195]/bin/ln -sf /lfs/h2/emc/ptmp/emc.global/RETRO_GFSv17/comroot/retrotestgfs10/enkfgdas.20241124/12/mem046/model/atmos/history/enkfgdas.t12z.sfcf003.nc bfg_2024112418_fhr03_mem046
+ exgdas_enkf_update.sh[198][[ .false. == \.\t\r\u\e\. ]]
+ exgdas_enkf_update.sh[202][[ 3 -eq 6 ]]
+ exgdas_enkf_update.sh[211][[ NO == \Y\E\S ]]
+ exgdas_enkf_update.sh[215]/bin/ln -sf /lfs/h2/emc/ptmp/emc.global/RETRO_GFSv17/comroot/retrotestgfs10/enkfgdas.20241124/18/mem046/analysis/atmos/enkfgdas.t18z.atmi003.nc incr_2024112418_fhr03_mem046
+ exgdas_enkf_update.sh[219][[ YES == \Y\E\S ]]
+ exgdas_enkf_update.sh[220]/bin/ln -sf /lfs/h2/emc/ptmp/emc.global/RETRO_GFSv17/comroot/retrotestgfs10/enkfgdas.20241124/18/mem046/analysis/atmos/enkfgdas.t18z.sfci003.nc sfcincr_2024112418_fhr03_mem046
+ exgdas_enkf_update.sh[191]for FHR in ${nfhrs}
+ exgdas_enkf_update.sh[192]/bin/ln -sf /lfs/h2/emc/ptmp/emc.global/RETRO_GFSv17/comroot/retrotestgfs10/enkfgdas.20241124/12/mem046/model/atmos/history/enkfgdas.t12z.atmf006.nc sfg_2024112418_fhr06_mem046
+ exgdas_enkf_update.sh[194][[ .true. == \.\t\r\u\e\. ]]
+ exgdas_enkf_update.sh[195]/bin/ln -sf /lfs/h2/emc/ptmp/emc.global/RETRO_GFSv17/comroot/retrotestgfs10/enkfgdas.20241124/12/mem046/model/atmos/history/enkfgdas.t12z.sfcf006.nc bfg_2024112418_fhr06_mem046
+ exgdas_enkf_update.sh[198][[ .false. == \.\t\r\u\e\. ]]
+ exgdas_enkf_update.sh[202][[ 6 -eq 6 ]]
+ exgdas_enkf_update.sh[203][[ NO == \Y\E\S ]]
+ exgdas_enkf_update.sh[207]/bin/ln -sf /lfs/h2/emc/ptmp/emc.global/RETRO_GFSv17/comroot/retrotestgfs10/enkfgdas.20241124/18/mem046/analysis/atmos/enkfgdas.t18z.atminc.nc incr_2024112418_fhr06_mem046
+ exgdas_enkf_update.sh[219][[ YES == \Y\E\S ]]
+ exgdas_enkf_update.sh[220]/bin/ln -sf /lfs/h2/emc/ptmp/emc.global/RETRO_GFSv17/comroot/retrotestgfs10/enkfgdas.20241124/18/mem046/analysis/atmos/enkfgdas.t18z.sfci006.nc sfcincr_2024112418_fhr06_mem046
+ exgdas_enkf_update.sh[191]for FHR in ${nfhrs}
+ exgdas_enkf_update.sh[192]/bin/ln -sf /lfs/h2/emc/ptmp/emc.global/RETRO_GFSv17/comroot/retrotestgfs10/enkfgdas.20241124/12/mem046/model/atmos/history/enkfgdas.t12z.atmf009.nc sfg_2024112418_fhr09_mem046
+ exgdas_enkf_update.sh[194][[ .true. == \.\t\r\u\e\. ]]
+ exgdas_enkf_update.sh[195]/bin/ln -sf /lfs/h2/emc/ptmp/emc.global/RETRO_GFSv17/comroot/retrotestgfs10/enkfgdas.20241124/12/mem046/model/atmos/history/enkfgdas.t12z.sfcf009.nc bfg_2024112418_fhr09_mem046
+ exgdas_enkf_update.sh[198][[ .false. == \.\t\r\u\e\. ]]
+ exgdas_enkf_update.sh[202][[ 9 -eq 6 ]]
+ exgdas_enkf_update.sh[211][[ NO == \Y\E\S ]]
+ exgdas_enkf_update.sh[215]/bin/ln -sf /lfs/h2/emc/ptmp/emc.global/RETRO_GFSv17/comroot/retrotestgfs10/enkfgdas.20241124/18/mem046/analysis/atmos/enkfgdas.t18z.atmi009.nc incr_2024112418_fhr09_mem046
+ exgdas_enkf_update.sh[219][[ YES == \Y\E\S ]]
+ exgdas_enkf_update.sh[220]/bin/ln -sf /lfs/h2/emc/ptmp/emc.global/RETRO_GFSv17/comroot/retrotestgfs10/enkfgdas.20241124/18/mem046/analysis/atmos/enkfgdas.t18z.sfci009.nc sfcincr_2024112418_fhr09_mem046
+ exgdas_enkf_update.sh[175]for imem in $(seq 1 ${NMEM_ENS})
+ exgdas_enkf_update.sh[176]smem=47
+ exgdas_enkf_update.sh[177]((  smem > NMEM_ENS_MAX  ))
++ exgdas_enkf_update.sh[180]printf %03i 47
+ exgdas_enkf_update.sh[180]gmemchar=mem047
++ exgdas_enkf_update.sh[181]printf %03i 47
+ exgdas_enkf_update.sh[181]memchar=mem047
+ exgdas_enkf_update.sh[183]MEMDIR=mem047
+ exgdas_enkf_update.sh[183]RUN=enkfgdas
+ exgdas_enkf_update.sh[183]YMD=20241124
+ exgdas_enkf_update.sh[183]HH=12
+ exgdas_enkf_update.sh[183]declare_from_tmpl -x COMIN_ATMOS_HISTORY_MEM_PREV:COM_ATMOS_HISTORY_TMPL
+ environment[0][[ NO == \N\O ]]
+ environment[1]set +x
declare_from_tmpl :: COMIN_ATMOS_HISTORY_MEM_PREV=/lfs/h2/emc/ptmp/emc.global/RETRO_GFSv17/comroot/retrotestgfs10/enkfgdas.20241124/12/mem047/model/atmos/history
+ exgdas_enkf_update.sh[186]MEMDIR=mem047
+ exgdas_enkf_update.sh[186]YMD=20241124
+ exgdas_enkf_update.sh[186]HH=18
+ exgdas_enkf_update.sh[186]declare_from_tmpl -x COMOUT_ATMOS_ANALYSIS_MEM:COM_ATMOS_ANALYSIS_TMPL
+ environment[0][[ NO == \N\O ]]
+ environment[1]set +x
declare_from_tmpl :: COMOUT_ATMOS_ANALYSIS_MEM=/lfs/h2/emc/ptmp/emc.global/RETRO_GFSv17/comroot/retrotestgfs10/enkfgdas.20241124/18/mem047/analysis/atmos
+ exgdas_enkf_update.sh[189]mkdir -p /lfs/h2/emc/ptmp/emc.global/RETRO_GFSv17/comroot/retrotestgfs10/enkfgdas.20241124/18/mem047/analysis/atmos
+ exgdas_enkf_update.sh[191]for FHR in ${nfhrs}
+ exgdas_enkf_update.sh[192]/bin/ln -sf /lfs/h2/emc/ptmp/emc.global/RETRO_GFSv17/comroot/retrotestgfs10/enkfgdas.20241124/12/mem047/model/atmos/history/enkfgdas.t12z.atmf003.nc sfg_2024112418_fhr03_mem047
+ exgdas_enkf_update.sh[194][[ .true. == \.\t\r\u\e\. ]]
+ exgdas_enkf_update.sh[195]/bin/ln -sf /lfs/h2/emc/ptmp/emc.global/RETRO_GFSv17/comroot/retrotestgfs10/enkfgdas.20241124/12/mem047/model/atmos/history/enkfgdas.t12z.sfcf003.nc bfg_2024112418_fhr03_mem047
+ exgdas_enkf_update.sh[198][[ .false. == \.\t\r\u\e\. ]]
+ exgdas_enkf_update.sh[202][[ 3 -eq 6 ]]
+ exgdas_enkf_update.sh[211][[ NO == \Y\E\S ]]
+ exgdas_enkf_update.sh[215]/bin/ln -sf /lfs/h2/emc/ptmp/emc.global/RETRO_GFSv17/comroot/retrotestgfs10/enkfgdas.20241124/18/mem047/analysis/atmos/enkfgdas.t18z.atmi003.nc incr_2024112418_fhr03_mem047
+ exgdas_enkf_update.sh[219][[ YES == \Y\E\S ]]
+ exgdas_enkf_update.sh[220]/bin/ln -sf /lfs/h2/emc/ptmp/emc.global/RETRO_GFSv17/comroot/retrotestgfs10/enkfgdas.20241124/18/mem047/analysis/atmos/enkfgdas.t18z.sfci003.nc sfcincr_2024112418_fhr03_mem047
+ exgdas_enkf_update.sh[191]for FHR in ${nfhrs}
+ exgdas_enkf_update.sh[192]/bin/ln -sf /lfs/h2/emc/ptmp/emc.global/RETRO_GFSv17/comroot/retrotestgfs10/enkfgdas.20241124/12/mem047/model/atmos/history/enkfgdas.t12z.atmf006.nc sfg_2024112418_fhr06_mem047
+ exgdas_enkf_update.sh[194][[ .true. == \.\t\r\u\e\. ]]
+ exgdas_enkf_update.sh[195]/bin/ln -sf /lfs/h2/emc/ptmp/emc.global/RETRO_GFSv17/comroot/retrotestgfs10/enkfgdas.20241124/12/mem047/model/atmos/history/enkfgdas.t12z.sfcf006.nc bfg_2024112418_fhr06_mem047
+ exgdas_enkf_update.sh[198][[ .false. == \.\t\r\u\e\. ]]
+ exgdas_enkf_update.sh[202][[ 6 -eq 6 ]]
+ exgdas_enkf_update.sh[203][[ NO == \Y\E\S ]]
+ exgdas_enkf_update.sh[207]/bin/ln -sf /lfs/h2/emc/ptmp/emc.global/RETRO_GFSv17/comroot/retrotestgfs10/enkfgdas.20241124/18/mem047/analysis/atmos/enkfgdas.t18z.atminc.nc incr_2024112418_fhr06_mem047
+ exgdas_enkf_update.sh[219][[ YES == \Y\E\S ]]
+ exgdas_enkf_update.sh[220]/bin/ln -sf /lfs/h2/emc/ptmp/emc.global/RETRO_GFSv17/comroot/retrotestgfs10/enkfgdas.20241124/18/mem047/analysis/atmos/enkfgdas.t18z.sfci006.nc sfcincr_2024112418_fhr06_mem047
+ exgdas_enkf_update.sh[191]for FHR in ${nfhrs}
+ exgdas_enkf_update.sh[192]/bin/ln -sf /lfs/h2/emc/ptmp/emc.global/RETRO_GFSv17/comroot/retrotestgfs10/enkfgdas.20241124/12/mem047/model/atmos/history/enkfgdas.t12z.atmf009.nc sfg_2024112418_fhr09_mem047
+ exgdas_enkf_update.sh[194][[ .true. == \.\t\r\u\e\. ]]
+ exgdas_enkf_update.sh[195]/bin/ln -sf /lfs/h2/emc/ptmp/emc.global/RETRO_GFSv17/comroot/retrotestgfs10/enkfgdas.20241124/12/mem047/model/atmos/history/enkfgdas.t12z.sfcf009.nc bfg_2024112418_fhr09_mem047
+ exgdas_enkf_update.sh[198][[ .false. == \.\t\r\u\e\. ]]
+ exgdas_enkf_update.sh[202][[ 9 -eq 6 ]]
+ exgdas_enkf_update.sh[211][[ NO == \Y\E\S ]]
+ exgdas_enkf_update.sh[215]/bin/ln -sf /lfs/h2/emc/ptmp/emc.global/RETRO_GFSv17/comroot/retrotestgfs10/enkfgdas.20241124/18/mem047/analysis/atmos/enkfgdas.t18z.atmi009.nc incr_2024112418_fhr09_mem047
+ exgdas_enkf_update.sh[219][[ YES == \Y\E\S ]]
+ exgdas_enkf_update.sh[220]/bin/ln -sf /lfs/h2/emc/ptmp/emc.global/RETRO_GFSv17/comroot/retrotestgfs10/enkfgdas.20241124/18/mem047/analysis/atmos/enkfgdas.t18z.sfci009.nc sfcincr_2024112418_fhr09_mem047
+ exgdas_enkf_update.sh[175]for imem in $(seq 1 ${NMEM_ENS})
+ exgdas_enkf_update.sh[176]smem=48
+ exgdas_enkf_update.sh[177]((  smem > NMEM_ENS_MAX  ))
++ exgdas_enkf_update.sh[180]printf %03i 48
+ exgdas_enkf_update.sh[180]gmemchar=mem048
++ exgdas_enkf_update.sh[181]printf %03i 48
+ exgdas_enkf_update.sh[181]memchar=mem048
+ exgdas_enkf_update.sh[183]MEMDIR=mem048
+ exgdas_enkf_update.sh[183]RUN=enkfgdas
+ exgdas_enkf_update.sh[183]YMD=20241124
+ exgdas_enkf_update.sh[183]HH=12
+ exgdas_enkf_update.sh[183]declare_from_tmpl -x COMIN_ATMOS_HISTORY_MEM_PREV:COM_ATMOS_HISTORY_TMPL
+ environment[0][[ NO == \N\O ]]
+ environment[1]set +x
declare_from_tmpl :: COMIN_ATMOS_HISTORY_MEM_PREV=/lfs/h2/emc/ptmp/emc.global/RETRO_GFSv17/comroot/retrotestgfs10/enkfgdas.20241124/12/mem048/model/atmos/history
+ exgdas_enkf_update.sh[186]MEMDIR=mem048
+ exgdas_enkf_update.sh[186]YMD=20241124
+ exgdas_enkf_update.sh[186]HH=18
+ exgdas_enkf_update.sh[186]declare_from_tmpl -x COMOUT_ATMOS_ANALYSIS_MEM:COM_ATMOS_ANALYSIS_TMPL
+ environment[0][[ NO == \N\O ]]
+ environment[1]set +x
declare_from_tmpl :: COMOUT_ATMOS_ANALYSIS_MEM=/lfs/h2/emc/ptmp/emc.global/RETRO_GFSv17/comroot/retrotestgfs10/enkfgdas.20241124/18/mem048/analysis/atmos
+ exgdas_enkf_update.sh[189]mkdir -p /lfs/h2/emc/ptmp/emc.global/RETRO_GFSv17/comroot/retrotestgfs10/enkfgdas.20241124/18/mem048/analysis/atmos
+ exgdas_enkf_update.sh[191]for FHR in ${nfhrs}
+ exgdas_enkf_update.sh[192]/bin/ln -sf /lfs/h2/emc/ptmp/emc.global/RETRO_GFSv17/comroot/retrotestgfs10/enkfgdas.20241124/12/mem048/model/atmos/history/enkfgdas.t12z.atmf003.nc sfg_2024112418_fhr03_mem048
+ exgdas_enkf_update.sh[194][[ .true. == \.\t\r\u\e\. ]]
+ exgdas_enkf_update.sh[195]/bin/ln -sf /lfs/h2/emc/ptmp/emc.global/RETRO_GFSv17/comroot/retrotestgfs10/enkfgdas.20241124/12/mem048/model/atmos/history/enkfgdas.t12z.sfcf003.nc bfg_2024112418_fhr03_mem048
+ exgdas_enkf_update.sh[198][[ .false. == \.\t\r\u\e\. ]]
+ exgdas_enkf_update.sh[202][[ 3 -eq 6 ]]
+ exgdas_enkf_update.sh[211][[ NO == \Y\E\S ]]
+ exgdas_enkf_update.sh[215]/bin/ln -sf /lfs/h2/emc/ptmp/emc.global/RETRO_GFSv17/comroot/retrotestgfs10/enkfgdas.20241124/18/mem048/analysis/atmos/enkfgdas.t18z.atmi003.nc incr_2024112418_fhr03_mem048
+ exgdas_enkf_update.sh[219][[ YES == \Y\E\S ]]
+ exgdas_enkf_update.sh[220]/bin/ln -sf /lfs/h2/emc/ptmp/emc.global/RETRO_GFSv17/comroot/retrotestgfs10/enkfgdas.20241124/18/mem048/analysis/atmos/enkfgdas.t18z.sfci003.nc sfcincr_2024112418_fhr03_mem048
+ exgdas_enkf_update.sh[191]for FHR in ${nfhrs}
+ exgdas_enkf_update.sh[192]/bin/ln -sf /lfs/h2/emc/ptmp/emc.global/RETRO_GFSv17/comroot/retrotestgfs10/enkfgdas.20241124/12/mem048/model/atmos/history/enkfgdas.t12z.atmf006.nc sfg_2024112418_fhr06_mem048
+ exgdas_enkf_update.sh[194][[ .true. == \.\t\r\u\e\. ]]
+ exgdas_enkf_update.sh[195]/bin/ln -sf /lfs/h2/emc/ptmp/emc.global/RETRO_GFSv17/comroot/retrotestgfs10/enkfgdas.20241124/12/mem048/model/atmos/history/enkfgdas.t12z.sfcf006.nc bfg_2024112418_fhr06_mem048
+ exgdas_enkf_update.sh[198][[ .false. == \.\t\r\u\e\. ]]
+ exgdas_enkf_update.sh[202][[ 6 -eq 6 ]]
+ exgdas_enkf_update.sh[203][[ NO == \Y\E\S ]]
+ exgdas_enkf_update.sh[207]/bin/ln -sf /lfs/h2/emc/ptmp/emc.global/RETRO_GFSv17/comroot/retrotestgfs10/enkfgdas.20241124/18/mem048/analysis/atmos/enkfgdas.t18z.atminc.nc incr_2024112418_fhr06_mem048
+ exgdas_enkf_update.sh[219][[ YES == \Y\E\S ]]
+ exgdas_enkf_update.sh[220]/bin/ln -sf /lfs/h2/emc/ptmp/emc.global/RETRO_GFSv17/comroot/retrotestgfs10/enkfgdas.20241124/18/mem048/analysis/atmos/enkfgdas.t18z.sfci006.nc sfcincr_2024112418_fhr06_mem048
+ exgdas_enkf_update.sh[191]for FHR in ${nfhrs}
+ exgdas_enkf_update.sh[192]/bin/ln -sf /lfs/h2/emc/ptmp/emc.global/RETRO_GFSv17/comroot/retrotestgfs10/enkfgdas.20241124/12/mem048/model/atmos/history/enkfgdas.t12z.atmf009.nc sfg_2024112418_fhr09_mem048
+ exgdas_enkf_update.sh[194][[ .true. == \.\t\r\u\e\. ]]
+ exgdas_enkf_update.sh[195]/bin/ln -sf /lfs/h2/emc/ptmp/emc.global/RETRO_GFSv17/comroot/retrotestgfs10/enkfgdas.20241124/12/mem048/model/atmos/history/enkfgdas.t12z.sfcf009.nc bfg_2024112418_fhr09_mem048
+ exgdas_enkf_update.sh[198][[ .false. == \.\t\r\u\e\. ]]
+ exgdas_enkf_update.sh[202][[ 9 -eq 6 ]]
+ exgdas_enkf_update.sh[211][[ NO == \Y\E\S ]]
+ exgdas_enkf_update.sh[215]/bin/ln -sf /lfs/h2/emc/ptmp/emc.global/RETRO_GFSv17/comroot/retrotestgfs10/enkfgdas.20241124/18/mem048/analysis/atmos/enkfgdas.t18z.atmi009.nc incr_2024112418_fhr09_mem048
+ exgdas_enkf_update.sh[219][[ YES == \Y\E\S ]]
+ exgdas_enkf_update.sh[220]/bin/ln -sf /lfs/h2/emc/ptmp/emc.global/RETRO_GFSv17/comroot/retrotestgfs10/enkfgdas.20241124/18/mem048/analysis/atmos/enkfgdas.t18z.sfci009.nc sfcincr_2024112418_fhr09_mem048
+ exgdas_enkf_update.sh[175]for imem in $(seq 1 ${NMEM_ENS})
+ exgdas_enkf_update.sh[176]smem=49
+ exgdas_enkf_update.sh[177]((  smem > NMEM_ENS_MAX  ))
++ exgdas_enkf_update.sh[180]printf %03i 49
+ exgdas_enkf_update.sh[180]gmemchar=mem049
++ exgdas_enkf_update.sh[181]printf %03i 49
+ exgdas_enkf_update.sh[181]memchar=mem049
+ exgdas_enkf_update.sh[183]MEMDIR=mem049
+ exgdas_enkf_update.sh[183]RUN=enkfgdas
+ exgdas_enkf_update.sh[183]YMD=20241124
+ exgdas_enkf_update.sh[183]HH=12
+ exgdas_enkf_update.sh[183]declare_from_tmpl -x COMIN_ATMOS_HISTORY_MEM_PREV:COM_ATMOS_HISTORY_TMPL
+ environment[0][[ NO == \N\O ]]
+ environment[1]set +x
declare_from_tmpl :: COMIN_ATMOS_HISTORY_MEM_PREV=/lfs/h2/emc/ptmp/emc.global/RETRO_GFSv17/comroot/retrotestgfs10/enkfgdas.20241124/12/mem049/model/atmos/history
+ exgdas_enkf_update.sh[186]MEMDIR=mem049
+ exgdas_enkf_update.sh[186]YMD=20241124
+ exgdas_enkf_update.sh[186]HH=18
+ exgdas_enkf_update.sh[186]declare_from_tmpl -x COMOUT_ATMOS_ANALYSIS_MEM:COM_ATMOS_ANALYSIS_TMPL
+ environment[0][[ NO == \N\O ]]
+ environment[1]set +x
declare_from_tmpl :: COMOUT_ATMOS_ANALYSIS_MEM=/lfs/h2/emc/ptmp/emc.global/RETRO_GFSv17/comroot/retrotestgfs10/enkfgdas.20241124/18/mem049/analysis/atmos
+ exgdas_enkf_update.sh[189]mkdir -p /lfs/h2/emc/ptmp/emc.global/RETRO_GFSv17/comroot/retrotestgfs10/enkfgdas.20241124/18/mem049/analysis/atmos
+ exgdas_enkf_update.sh[191]for FHR in ${nfhrs}
+ exgdas_enkf_update.sh[192]/bin/ln -sf /lfs/h2/emc/ptmp/emc.global/RETRO_GFSv17/comroot/retrotestgfs10/enkfgdas.20241124/12/mem049/model/atmos/history/enkfgdas.t12z.atmf003.nc sfg_2024112418_fhr03_mem049
+ exgdas_enkf_update.sh[194][[ .true. == \.\t\r\u\e\. ]]
+ exgdas_enkf_update.sh[195]/bin/ln -sf /lfs/h2/emc/ptmp/emc.global/RETRO_GFSv17/comroot/retrotestgfs10/enkfgdas.20241124/12/mem049/model/atmos/history/enkfgdas.t12z.sfcf003.nc bfg_2024112418_fhr03_mem049
+ exgdas_enkf_update.sh[198][[ .false. == \.\t\r\u\e\. ]]
+ exgdas_enkf_update.sh[202][[ 3 -eq 6 ]]
+ exgdas_enkf_update.sh[211][[ NO == \Y\E\S ]]
+ exgdas_enkf_update.sh[215]/bin/ln -sf /lfs/h2/emc/ptmp/emc.global/RETRO_GFSv17/comroot/retrotestgfs10/enkfgdas.20241124/18/mem049/analysis/atmos/enkfgdas.t18z.atmi003.nc incr_2024112418_fhr03_mem049
+ exgdas_enkf_update.sh[219][[ YES == \Y\E\S ]]
+ exgdas_enkf_update.sh[220]/bin/ln -sf /lfs/h2/emc/ptmp/emc.global/RETRO_GFSv17/comroot/retrotestgfs10/enkfgdas.20241124/18/mem049/analysis/atmos/enkfgdas.t18z.sfci003.nc sfcincr_2024112418_fhr03_mem049
+ exgdas_enkf_update.sh[191]for FHR in ${nfhrs}
+ exgdas_enkf_update.sh[192]/bin/ln -sf /lfs/h2/emc/ptmp/emc.global/RETRO_GFSv17/comroot/retrotestgfs10/enkfgdas.20241124/12/mem049/model/atmos/history/enkfgdas.t12z.atmf006.nc sfg_2024112418_fhr06_mem049
+ exgdas_enkf_update.sh[194][[ .true. == \.\t\r\u\e\. ]]
+ exgdas_enkf_update.sh[195]/bin/ln -sf /lfs/h2/emc/ptmp/emc.global/RETRO_GFSv17/comroot/retrotestgfs10/enkfgdas.20241124/12/mem049/model/atmos/history/enkfgdas.t12z.sfcf006.nc bfg_2024112418_fhr06_mem049
+ exgdas_enkf_update.sh[198][[ .false. == \.\t\r\u\e\. ]]
+ exgdas_enkf_update.sh[202][[ 6 -eq 6 ]]
+ exgdas_enkf_update.sh[203][[ NO == \Y\E\S ]]
+ exgdas_enkf_update.sh[207]/bin/ln -sf /lfs/h2/emc/ptmp/emc.global/RETRO_GFSv17/comroot/retrotestgfs10/enkfgdas.20241124/18/mem049/analysis/atmos/enkfgdas.t18z.atminc.nc incr_2024112418_fhr06_mem049
+ exgdas_enkf_update.sh[219][[ YES == \Y\E\S ]]
+ exgdas_enkf_update.sh[220]/bin/ln -sf /lfs/h2/emc/ptmp/emc.global/RETRO_GFSv17/comroot/retrotestgfs10/enkfgdas.20241124/18/mem049/analysis/atmos/enkfgdas.t18z.sfci006.nc sfcincr_2024112418_fhr06_mem049
+ exgdas_enkf_update.sh[191]for FHR in ${nfhrs}
+ exgdas_enkf_update.sh[192]/bin/ln -sf /lfs/h2/emc/ptmp/emc.global/RETRO_GFSv17/comroot/retrotestgfs10/enkfgdas.20241124/12/mem049/model/atmos/history/enkfgdas.t12z.atmf009.nc sfg_2024112418_fhr09_mem049
+ exgdas_enkf_update.sh[194][[ .true. == \.\t\r\u\e\. ]]
+ exgdas_enkf_update.sh[195]/bin/ln -sf /lfs/h2/emc/ptmp/emc.global/RETRO_GFSv17/comroot/retrotestgfs10/enkfgdas.20241124/12/mem049/model/atmos/history/enkfgdas.t12z.sfcf009.nc bfg_2024112418_fhr09_mem049
+ exgdas_enkf_update.sh[198][[ .false. == \.\t\r\u\e\. ]]
+ exgdas_enkf_update.sh[202][[ 9 -eq 6 ]]
+ exgdas_enkf_update.sh[211][[ NO == \Y\E\S ]]
+ exgdas_enkf_update.sh[215]/bin/ln -sf /lfs/h2/emc/ptmp/emc.global/RETRO_GFSv17/comroot/retrotestgfs10/enkfgdas.20241124/18/mem049/analysis/atmos/enkfgdas.t18z.atmi009.nc incr_2024112418_fhr09_mem049
+ exgdas_enkf_update.sh[219][[ YES == \Y\E\S ]]
+ exgdas_enkf_update.sh[220]/bin/ln -sf /lfs/h2/emc/ptmp/emc.global/RETRO_GFSv17/comroot/retrotestgfs10/enkfgdas.20241124/18/mem049/analysis/atmos/enkfgdas.t18z.sfci009.nc sfcincr_2024112418_fhr09_mem049
+ exgdas_enkf_update.sh[175]for imem in $(seq 1 ${NMEM_ENS})
+ exgdas_enkf_update.sh[176]smem=50
+ exgdas_enkf_update.sh[177]((  smem > NMEM_ENS_MAX  ))
++ exgdas_enkf_update.sh[180]printf %03i 50
+ exgdas_enkf_update.sh[180]gmemchar=mem050
++ exgdas_enkf_update.sh[181]printf %03i 50
+ exgdas_enkf_update.sh[181]memchar=mem050
+ exgdas_enkf_update.sh[183]MEMDIR=mem050
+ exgdas_enkf_update.sh[183]RUN=enkfgdas
+ exgdas_enkf_update.sh[183]YMD=20241124
+ exgdas_enkf_update.sh[183]HH=12
+ exgdas_enkf_update.sh[183]declare_from_tmpl -x COMIN_ATMOS_HISTORY_MEM_PREV:COM_ATMOS_HISTORY_TMPL
+ environment[0][[ NO == \N\O ]]
+ environment[1]set +x
declare_from_tmpl :: COMIN_ATMOS_HISTORY_MEM_PREV=/lfs/h2/emc/ptmp/emc.global/RETRO_GFSv17/comroot/retrotestgfs10/enkfgdas.20241124/12/mem050/model/atmos/history
+ exgdas_enkf_update.sh[186]MEMDIR=mem050
+ exgdas_enkf_update.sh[186]YMD=20241124
+ exgdas_enkf_update.sh[186]HH=18
+ exgdas_enkf_update.sh[186]declare_from_tmpl -x COMOUT_ATMOS_ANALYSIS_MEM:COM_ATMOS_ANALYSIS_TMPL
+ environment[0][[ NO == \N\O ]]
+ environment[1]set +x
declare_from_tmpl :: COMOUT_ATMOS_ANALYSIS_MEM=/lfs/h2/emc/ptmp/emc.global/RETRO_GFSv17/comroot/retrotestgfs10/enkfgdas.20241124/18/mem050/analysis/atmos
+ exgdas_enkf_update.sh[189]mkdir -p /lfs/h2/emc/ptmp/emc.global/RETRO_GFSv17/comroot/retrotestgfs10/enkfgdas.20241124/18/mem050/analysis/atmos
+ exgdas_enkf_update.sh[191]for FHR in ${nfhrs}
+ exgdas_enkf_update.sh[192]/bin/ln -sf /lfs/h2/emc/ptmp/emc.global/RETRO_GFSv17/comroot/retrotestgfs10/enkfgdas.20241124/12/mem050/model/atmos/history/enkfgdas.t12z.atmf003.nc sfg_2024112418_fhr03_mem050
+ exgdas_enkf_update.sh[194][[ .true. == \.\t\r\u\e\. ]]
+ exgdas_enkf_update.sh[195]/bin/ln -sf /lfs/h2/emc/ptmp/emc.global/RETRO_GFSv17/comroot/retrotestgfs10/enkfgdas.20241124/12/mem050/model/atmos/history/enkfgdas.t12z.sfcf003.nc bfg_2024112418_fhr03_mem050
+ exgdas_enkf_update.sh[198][[ .false. == \.\t\r\u\e\. ]]
+ exgdas_enkf_update.sh[202][[ 3 -eq 6 ]]
+ exgdas_enkf_update.sh[211][[ NO == \Y\E\S ]]
+ exgdas_enkf_update.sh[215]/bin/ln -sf /lfs/h2/emc/ptmp/emc.global/RETRO_GFSv17/comroot/retrotestgfs10/enkfgdas.20241124/18/mem050/analysis/atmos/enkfgdas.t18z.atmi003.nc incr_2024112418_fhr03_mem050
+ exgdas_enkf_update.sh[219][[ YES == \Y\E\S ]]
+ exgdas_enkf_update.sh[220]/bin/ln -sf /lfs/h2/emc/ptmp/emc.global/RETRO_GFSv17/comroot/retrotestgfs10/enkfgdas.20241124/18/mem050/analysis/atmos/enkfgdas.t18z.sfci003.nc sfcincr_2024112418_fhr03_mem050
+ exgdas_enkf_update.sh[191]for FHR in ${nfhrs}
+ exgdas_enkf_update.sh[192]/bin/ln -sf /lfs/h2/emc/ptmp/emc.global/RETRO_GFSv17/comroot/retrotestgfs10/enkfgdas.20241124/12/mem050/model/atmos/history/enkfgdas.t12z.atmf006.nc sfg_2024112418_fhr06_mem050
+ exgdas_enkf_update.sh[194][[ .true. == \.\t\r\u\e\. ]]
+ exgdas_enkf_update.sh[195]/bin/ln -sf /lfs/h2/emc/ptmp/emc.global/RETRO_GFSv17/comroot/retrotestgfs10/enkfgdas.20241124/12/mem050/model/atmos/history/enkfgdas.t12z.sfcf006.nc bfg_2024112418_fhr06_mem050
+ exgdas_enkf_update.sh[198][[ .false. == \.\t\r\u\e\. ]]
+ exgdas_enkf_update.sh[202][[ 6 -eq 6 ]]
+ exgdas_enkf_update.sh[203][[ NO == \Y\E\S ]]
+ exgdas_enkf_update.sh[207]/bin/ln -sf /lfs/h2/emc/ptmp/emc.global/RETRO_GFSv17/comroot/retrotestgfs10/enkfgdas.20241124/18/mem050/analysis/atmos/enkfgdas.t18z.atminc.nc incr_2024112418_fhr06_mem050
+ exgdas_enkf_update.sh[219][[ YES == \Y\E\S ]]
+ exgdas_enkf_update.sh[220]/bin/ln -sf /lfs/h2/emc/ptmp/emc.global/RETRO_GFSv17/comroot/retrotestgfs10/enkfgdas.20241124/18/mem050/analysis/atmos/enkfgdas.t18z.sfci006.nc sfcincr_2024112418_fhr06_mem050
+ exgdas_enkf_update.sh[191]for FHR in ${nfhrs}
+ exgdas_enkf_update.sh[192]/bin/ln -sf /lfs/h2/emc/ptmp/emc.global/RETRO_GFSv17/comroot/retrotestgfs10/enkfgdas.20241124/12/mem050/model/atmos/history/enkfgdas.t12z.atmf009.nc sfg_2024112418_fhr09_mem050
+ exgdas_enkf_update.sh[194][[ .true. == \.\t\r\u\e\. ]]
+ exgdas_enkf_update.sh[195]/bin/ln -sf /lfs/h2/emc/ptmp/emc.global/RETRO_GFSv17/comroot/retrotestgfs10/enkfgdas.20241124/12/mem050/model/atmos/history/enkfgdas.t12z.sfcf009.nc bfg_2024112418_fhr09_mem050
+ exgdas_enkf_update.sh[198][[ .false. == \.\t\r\u\e\. ]]
+ exgdas_enkf_update.sh[202][[ 9 -eq 6 ]]
+ exgdas_enkf_update.sh[211][[ NO == \Y\E\S ]]
+ exgdas_enkf_update.sh[215]/bin/ln -sf /lfs/h2/emc/ptmp/emc.global/RETRO_GFSv17/comroot/retrotestgfs10/enkfgdas.20241124/18/mem050/analysis/atmos/enkfgdas.t18z.atmi009.nc incr_2024112418_fhr09_mem050
+ exgdas_enkf_update.sh[219][[ YES == \Y\E\S ]]
+ exgdas_enkf_update.sh[220]/bin/ln -sf /lfs/h2/emc/ptmp/emc.global/RETRO_GFSv17/comroot/retrotestgfs10/enkfgdas.20241124/18/mem050/analysis/atmos/enkfgdas.t18z.sfci009.nc sfcincr_2024112418_fhr09_mem050
+ exgdas_enkf_update.sh[175]for imem in $(seq 1 ${NMEM_ENS})
+ exgdas_enkf_update.sh[176]smem=51
+ exgdas_enkf_update.sh[177]((  smem > NMEM_ENS_MAX  ))
++ exgdas_enkf_update.sh[180]printf %03i 51
+ exgdas_enkf_update.sh[180]gmemchar=mem051
++ exgdas_enkf_update.sh[181]printf %03i 51
+ exgdas_enkf_update.sh[181]memchar=mem051
+ exgdas_enkf_update.sh[183]MEMDIR=mem051
+ exgdas_enkf_update.sh[183]RUN=enkfgdas
+ exgdas_enkf_update.sh[183]YMD=20241124
+ exgdas_enkf_update.sh[183]HH=12
+ exgdas_enkf_update.sh[183]declare_from_tmpl -x COMIN_ATMOS_HISTORY_MEM_PREV:COM_ATMOS_HISTORY_TMPL
+ environment[0][[ NO == \N\O ]]
+ environment[1]set +x
declare_from_tmpl :: COMIN_ATMOS_HISTORY_MEM_PREV=/lfs/h2/emc/ptmp/emc.global/RETRO_GFSv17/comroot/retrotestgfs10/enkfgdas.20241124/12/mem051/model/atmos/history
+ exgdas_enkf_update.sh[186]MEMDIR=mem051
+ exgdas_enkf_update.sh[186]YMD=20241124
+ exgdas_enkf_update.sh[186]HH=18
+ exgdas_enkf_update.sh[186]declare_from_tmpl -x COMOUT_ATMOS_ANALYSIS_MEM:COM_ATMOS_ANALYSIS_TMPL
+ environment[0][[ NO == \N\O ]]
+ environment[1]set +x
declare_from_tmpl :: COMOUT_ATMOS_ANALYSIS_MEM=/lfs/h2/emc/ptmp/emc.global/RETRO_GFSv17/comroot/retrotestgfs10/enkfgdas.20241124/18/mem051/analysis/atmos
+ exgdas_enkf_update.sh[189]mkdir -p /lfs/h2/emc/ptmp/emc.global/RETRO_GFSv17/comroot/retrotestgfs10/enkfgdas.20241124/18/mem051/analysis/atmos
+ exgdas_enkf_update.sh[191]for FHR in ${nfhrs}
+ exgdas_enkf_update.sh[192]/bin/ln -sf /lfs/h2/emc/ptmp/emc.global/RETRO_GFSv17/comroot/retrotestgfs10/enkfgdas.20241124/12/mem051/model/atmos/history/enkfgdas.t12z.atmf003.nc sfg_2024112418_fhr03_mem051
+ exgdas_enkf_update.sh[194][[ .true. == \.\t\r\u\e\. ]]
+ exgdas_enkf_update.sh[195]/bin/ln -sf /lfs/h2/emc/ptmp/emc.global/RETRO_GFSv17/comroot/retrotestgfs10/enkfgdas.20241124/12/mem051/model/atmos/history/enkfgdas.t12z.sfcf003.nc bfg_2024112418_fhr03_mem051
+ exgdas_enkf_update.sh[198][[ .false. == \.\t\r\u\e\. ]]
+ exgdas_enkf_update.sh[202][[ 3 -eq 6 ]]
+ exgdas_enkf_update.sh[211][[ NO == \Y\E\S ]]
+ exgdas_enkf_update.sh[215]/bin/ln -sf /lfs/h2/emc/ptmp/emc.global/RETRO_GFSv17/comroot/retrotestgfs10/enkfgdas.20241124/18/mem051/analysis/atmos/enkfgdas.t18z.atmi003.nc incr_2024112418_fhr03_mem051
+ exgdas_enkf_update.sh[219][[ YES == \Y\E\S ]]
+ exgdas_enkf_update.sh[220]/bin/ln -sf /lfs/h2/emc/ptmp/emc.global/RETRO_GFSv17/comroot/retrotestgfs10/enkfgdas.20241124/18/mem051/analysis/atmos/enkfgdas.t18z.sfci003.nc sfcincr_2024112418_fhr03_mem051
+ exgdas_enkf_update.sh[191]for FHR in ${nfhrs}
+ exgdas_enkf_update.sh[192]/bin/ln -sf /lfs/h2/emc/ptmp/emc.global/RETRO_GFSv17/comroot/retrotestgfs10/enkfgdas.20241124/12/mem051/model/atmos/history/enkfgdas.t12z.atmf006.nc sfg_2024112418_fhr06_mem051
+ exgdas_enkf_update.sh[194][[ .true. == \.\t\r\u\e\. ]]
+ exgdas_enkf_update.sh[195]/bin/ln -sf /lfs/h2/emc/ptmp/emc.global/RETRO_GFSv17/comroot/retrotestgfs10/enkfgdas.20241124/12/mem051/model/atmos/history/enkfgdas.t12z.sfcf006.nc bfg_2024112418_fhr06_mem051
+ exgdas_enkf_update.sh[198][[ .false. == \.\t\r\u\e\. ]]
+ exgdas_enkf_update.sh[202][[ 6 -eq 6 ]]
+ exgdas_enkf_update.sh[203][[ NO == \Y\E\S ]]
+ exgdas_enkf_update.sh[207]/bin/ln -sf /lfs/h2/emc/ptmp/emc.global/RETRO_GFSv17/comroot/retrotestgfs10/enkfgdas.20241124/18/mem051/analysis/atmos/enkfgdas.t18z.atminc.nc incr_2024112418_fhr06_mem051
+ exgdas_enkf_update.sh[219][[ YES == \Y\E\S ]]
+ exgdas_enkf_update.sh[220]/bin/ln -sf /lfs/h2/emc/ptmp/emc.global/RETRO_GFSv17/comroot/retrotestgfs10/enkfgdas.20241124/18/mem051/analysis/atmos/enkfgdas.t18z.sfci006.nc sfcincr_2024112418_fhr06_mem051
+ exgdas_enkf_update.sh[191]for FHR in ${nfhrs}
+ exgdas_enkf_update.sh[192]/bin/ln -sf /lfs/h2/emc/ptmp/emc.global/RETRO_GFSv17/comroot/retrotestgfs10/enkfgdas.20241124/12/mem051/model/atmos/history/enkfgdas.t12z.atmf009.nc sfg_2024112418_fhr09_mem051
+ exgdas_enkf_update.sh[194][[ .true. == \.\t\r\u\e\. ]]
+ exgdas_enkf_update.sh[195]/bin/ln -sf /lfs/h2/emc/ptmp/emc.global/RETRO_GFSv17/comroot/retrotestgfs10/enkfgdas.20241124/12/mem051/model/atmos/history/enkfgdas.t12z.sfcf009.nc bfg_2024112418_fhr09_mem051
+ exgdas_enkf_update.sh[198][[ .false. == \.\t\r\u\e\. ]]
+ exgdas_enkf_update.sh[202][[ 9 -eq 6 ]]
+ exgdas_enkf_update.sh[211][[ NO == \Y\E\S ]]
+ exgdas_enkf_update.sh[215]/bin/ln -sf /lfs/h2/emc/ptmp/emc.global/RETRO_GFSv17/comroot/retrotestgfs10/enkfgdas.20241124/18/mem051/analysis/atmos/enkfgdas.t18z.atmi009.nc incr_2024112418_fhr09_mem051
+ exgdas_enkf_update.sh[219][[ YES == \Y\E\S ]]
+ exgdas_enkf_update.sh[220]/bin/ln -sf /lfs/h2/emc/ptmp/emc.global/RETRO_GFSv17/comroot/retrotestgfs10/enkfgdas.20241124/18/mem051/analysis/atmos/enkfgdas.t18z.sfci009.nc sfcincr_2024112418_fhr09_mem051
+ exgdas_enkf_update.sh[175]for imem in $(seq 1 ${NMEM_ENS})
+ exgdas_enkf_update.sh[176]smem=52
+ exgdas_enkf_update.sh[177]((  smem > NMEM_ENS_MAX  ))
++ exgdas_enkf_update.sh[180]printf %03i 52
+ exgdas_enkf_update.sh[180]gmemchar=mem052
++ exgdas_enkf_update.sh[181]printf %03i 52
+ exgdas_enkf_update.sh[181]memchar=mem052
+ exgdas_enkf_update.sh[183]MEMDIR=mem052
+ exgdas_enkf_update.sh[183]RUN=enkfgdas
+ exgdas_enkf_update.sh[183]YMD=20241124
+ exgdas_enkf_update.sh[183]HH=12
+ exgdas_enkf_update.sh[183]declare_from_tmpl -x COMIN_ATMOS_HISTORY_MEM_PREV:COM_ATMOS_HISTORY_TMPL
+ environment[0][[ NO == \N\O ]]
+ environment[1]set +x
declare_from_tmpl :: COMIN_ATMOS_HISTORY_MEM_PREV=/lfs/h2/emc/ptmp/emc.global/RETRO_GFSv17/comroot/retrotestgfs10/enkfgdas.20241124/12/mem052/model/atmos/history
+ exgdas_enkf_update.sh[186]MEMDIR=mem052
+ exgdas_enkf_update.sh[186]YMD=20241124
+ exgdas_enkf_update.sh[186]HH=18
+ exgdas_enkf_update.sh[186]declare_from_tmpl -x COMOUT_ATMOS_ANALYSIS_MEM:COM_ATMOS_ANALYSIS_TMPL
+ environment[0][[ NO == \N\O ]]
+ environment[1]set +x
declare_from_tmpl :: COMOUT_ATMOS_ANALYSIS_MEM=/lfs/h2/emc/ptmp/emc.global/RETRO_GFSv17/comroot/retrotestgfs10/enkfgdas.20241124/18/mem052/analysis/atmos
+ exgdas_enkf_update.sh[189]mkdir -p /lfs/h2/emc/ptmp/emc.global/RETRO_GFSv17/comroot/retrotestgfs10/enkfgdas.20241124/18/mem052/analysis/atmos
+ exgdas_enkf_update.sh[191]for FHR in ${nfhrs}
+ exgdas_enkf_update.sh[192]/bin/ln -sf /lfs/h2/emc/ptmp/emc.global/RETRO_GFSv17/comroot/retrotestgfs10/enkfgdas.20241124/12/mem052/model/atmos/history/enkfgdas.t12z.atmf003.nc sfg_2024112418_fhr03_mem052
+ exgdas_enkf_update.sh[194][[ .true. == \.\t\r\u\e\. ]]
+ exgdas_enkf_update.sh[195]/bin/ln -sf /lfs/h2/emc/ptmp/emc.global/RETRO_GFSv17/comroot/retrotestgfs10/enkfgdas.20241124/12/mem052/model/atmos/history/enkfgdas.t12z.sfcf003.nc bfg_2024112418_fhr03_mem052
+ exgdas_enkf_update.sh[198][[ .false. == \.\t\r\u\e\. ]]
+ exgdas_enkf_update.sh[202][[ 3 -eq 6 ]]
+ exgdas_enkf_update.sh[211][[ NO == \Y\E\S ]]
+ exgdas_enkf_update.sh[215]/bin/ln -sf /lfs/h2/emc/ptmp/emc.global/RETRO_GFSv17/comroot/retrotestgfs10/enkfgdas.20241124/18/mem052/analysis/atmos/enkfgdas.t18z.atmi003.nc incr_2024112418_fhr03_mem052
+ exgdas_enkf_update.sh[219][[ YES == \Y\E\S ]]
+ exgdas_enkf_update.sh[220]/bin/ln -sf /lfs/h2/emc/ptmp/emc.global/RETRO_GFSv17/comroot/retrotestgfs10/enkfgdas.20241124/18/mem052/analysis/atmos/enkfgdas.t18z.sfci003.nc sfcincr_2024112418_fhr03_mem052
+ exgdas_enkf_update.sh[191]for FHR in ${nfhrs}
+ exgdas_enkf_update.sh[192]/bin/ln -sf /lfs/h2/emc/ptmp/emc.global/RETRO_GFSv17/comroot/retrotestgfs10/enkfgdas.20241124/12/mem052/model/atmos/history/enkfgdas.t12z.atmf006.nc sfg_2024112418_fhr06_mem052
+ exgdas_enkf_update.sh[194][[ .true. == \.\t\r\u\e\. ]]
+ exgdas_enkf_update.sh[195]/bin/ln -sf /lfs/h2/emc/ptmp/emc.global/RETRO_GFSv17/comroot/retrotestgfs10/enkfgdas.20241124/12/mem052/model/atmos/history/enkfgdas.t12z.sfcf006.nc bfg_2024112418_fhr06_mem052
+ exgdas_enkf_update.sh[198][[ .false. == \.\t\r\u\e\. ]]
+ exgdas_enkf_update.sh[202][[ 6 -eq 6 ]]
+ exgdas_enkf_update.sh[203][[ NO == \Y\E\S ]]
+ exgdas_enkf_update.sh[207]/bin/ln -sf /lfs/h2/emc/ptmp/emc.global/RETRO_GFSv17/comroot/retrotestgfs10/enkfgdas.20241124/18/mem052/analysis/atmos/enkfgdas.t18z.atminc.nc incr_2024112418_fhr06_mem052
+ exgdas_enkf_update.sh[219][[ YES == \Y\E\S ]]
+ exgdas_enkf_update.sh[220]/bin/ln -sf /lfs/h2/emc/ptmp/emc.global/RETRO_GFSv17/comroot/retrotestgfs10/enkfgdas.20241124/18/mem052/analysis/atmos/enkfgdas.t18z.sfci006.nc sfcincr_2024112418_fhr06_mem052
+ exgdas_enkf_update.sh[191]for FHR in ${nfhrs}
+ exgdas_enkf_update.sh[192]/bin/ln -sf /lfs/h2/emc/ptmp/emc.global/RETRO_GFSv17/comroot/retrotestgfs10/enkfgdas.20241124/12/mem052/model/atmos/history/enkfgdas.t12z.atmf009.nc sfg_2024112418_fhr09_mem052
+ exgdas_enkf_update.sh[194][[ .true. == \.\t\r\u\e\. ]]
+ exgdas_enkf_update.sh[195]/bin/ln -sf /lfs/h2/emc/ptmp/emc.global/RETRO_GFSv17/comroot/retrotestgfs10/enkfgdas.20241124/12/mem052/model/atmos/history/enkfgdas.t12z.sfcf009.nc bfg_2024112418_fhr09_mem052
+ exgdas_enkf_update.sh[198][[ .false. == \.\t\r\u\e\. ]]
+ exgdas_enkf_update.sh[202][[ 9 -eq 6 ]]
+ exgdas_enkf_update.sh[211][[ NO == \Y\E\S ]]
+ exgdas_enkf_update.sh[215]/bin/ln -sf /lfs/h2/emc/ptmp/emc.global/RETRO_GFSv17/comroot/retrotestgfs10/enkfgdas.20241124/18/mem052/analysis/atmos/enkfgdas.t18z.atmi009.nc incr_2024112418_fhr09_mem052
+ exgdas_enkf_update.sh[219][[ YES == \Y\E\S ]]
+ exgdas_enkf_update.sh[220]/bin/ln -sf /lfs/h2/emc/ptmp/emc.global/RETRO_GFSv17/comroot/retrotestgfs10/enkfgdas.20241124/18/mem052/analysis/atmos/enkfgdas.t18z.sfci009.nc sfcincr_2024112418_fhr09_mem052
+ exgdas_enkf_update.sh[175]for imem in $(seq 1 ${NMEM_ENS})
+ exgdas_enkf_update.sh[176]smem=53
+ exgdas_enkf_update.sh[177]((  smem > NMEM_ENS_MAX  ))
++ exgdas_enkf_update.sh[180]printf %03i 53
+ exgdas_enkf_update.sh[180]gmemchar=mem053
++ exgdas_enkf_update.sh[181]printf %03i 53
+ exgdas_enkf_update.sh[181]memchar=mem053
+ exgdas_enkf_update.sh[183]MEMDIR=mem053
+ exgdas_enkf_update.sh[183]RUN=enkfgdas
+ exgdas_enkf_update.sh[183]YMD=20241124
+ exgdas_enkf_update.sh[183]HH=12
+ exgdas_enkf_update.sh[183]declare_from_tmpl -x COMIN_ATMOS_HISTORY_MEM_PREV:COM_ATMOS_HISTORY_TMPL
+ environment[0][[ NO == \N\O ]]
+ environment[1]set +x
declare_from_tmpl :: COMIN_ATMOS_HISTORY_MEM_PREV=/lfs/h2/emc/ptmp/emc.global/RETRO_GFSv17/comroot/retrotestgfs10/enkfgdas.20241124/12/mem053/model/atmos/history
+ exgdas_enkf_update.sh[186]MEMDIR=mem053
+ exgdas_enkf_update.sh[186]YMD=20241124
+ exgdas_enkf_update.sh[186]HH=18
+ exgdas_enkf_update.sh[186]declare_from_tmpl -x COMOUT_ATMOS_ANALYSIS_MEM:COM_ATMOS_ANALYSIS_TMPL
+ environment[0][[ NO == \N\O ]]
+ environment[1]set +x
declare_from_tmpl :: COMOUT_ATMOS_ANALYSIS_MEM=/lfs/h2/emc/ptmp/emc.global/RETRO_GFSv17/comroot/retrotestgfs10/enkfgdas.20241124/18/mem053/analysis/atmos
+ exgdas_enkf_update.sh[189]mkdir -p /lfs/h2/emc/ptmp/emc.global/RETRO_GFSv17/comroot/retrotestgfs10/enkfgdas.20241124/18/mem053/analysis/atmos
+ exgdas_enkf_update.sh[191]for FHR in ${nfhrs}
+ exgdas_enkf_update.sh[192]/bin/ln -sf /lfs/h2/emc/ptmp/emc.global/RETRO_GFSv17/comroot/retrotestgfs10/enkfgdas.20241124/12/mem053/model/atmos/history/enkfgdas.t12z.atmf003.nc sfg_2024112418_fhr03_mem053
+ exgdas_enkf_update.sh[194][[ .true. == \.\t\r\u\e\. ]]
+ exgdas_enkf_update.sh[195]/bin/ln -sf /lfs/h2/emc/ptmp/emc.global/RETRO_GFSv17/comroot/retrotestgfs10/enkfgdas.20241124/12/mem053/model/atmos/history/enkfgdas.t12z.sfcf003.nc bfg_2024112418_fhr03_mem053
+ exgdas_enkf_update.sh[198][[ .false. == \.\t\r\u\e\. ]]
+ exgdas_enkf_update.sh[202][[ 3 -eq 6 ]]
+ exgdas_enkf_update.sh[211][[ NO == \Y\E\S ]]
+ exgdas_enkf_update.sh[215]/bin/ln -sf /lfs/h2/emc/ptmp/emc.global/RETRO_GFSv17/comroot/retrotestgfs10/enkfgdas.20241124/18/mem053/analysis/atmos/enkfgdas.t18z.atmi003.nc incr_2024112418_fhr03_mem053
+ exgdas_enkf_update.sh[219][[ YES == \Y\E\S ]]
+ exgdas_enkf_update.sh[220]/bin/ln -sf /lfs/h2/emc/ptmp/emc.global/RETRO_GFSv17/comroot/retrotestgfs10/enkfgdas.20241124/18/mem053/analysis/atmos/enkfgdas.t18z.sfci003.nc sfcincr_2024112418_fhr03_mem053
+ exgdas_enkf_update.sh[191]for FHR in ${nfhrs}
+ exgdas_enkf_update.sh[192]/bin/ln -sf /lfs/h2/emc/ptmp/emc.global/RETRO_GFSv17/comroot/retrotestgfs10/enkfgdas.20241124/12/mem053/model/atmos/history/enkfgdas.t12z.atmf006.nc sfg_2024112418_fhr06_mem053
+ exgdas_enkf_update.sh[194][[ .true. == \.\t\r\u\e\. ]]
+ exgdas_enkf_update.sh[195]/bin/ln -sf /lfs/h2/emc/ptmp/emc.global/RETRO_GFSv17/comroot/retrotestgfs10/enkfgdas.20241124/12/mem053/model/atmos/history/enkfgdas.t12z.sfcf006.nc bfg_2024112418_fhr06_mem053
+ exgdas_enkf_update.sh[198][[ .false. == \.\t\r\u\e\. ]]
+ exgdas_enkf_update.sh[202][[ 6 -eq 6 ]]
+ exgdas_enkf_update.sh[203][[ NO == \Y\E\S ]]
+ exgdas_enkf_update.sh[207]/bin/ln -sf /lfs/h2/emc/ptmp/emc.global/RETRO_GFSv17/comroot/retrotestgfs10/enkfgdas.20241124/18/mem053/analysis/atmos/enkfgdas.t18z.atminc.nc incr_2024112418_fhr06_mem053
+ exgdas_enkf_update.sh[219][[ YES == \Y\E\S ]]
+ exgdas_enkf_update.sh[220]/bin/ln -sf /lfs/h2/emc/ptmp/emc.global/RETRO_GFSv17/comroot/retrotestgfs10/enkfgdas.20241124/18/mem053/analysis/atmos/enkfgdas.t18z.sfci006.nc sfcincr_2024112418_fhr06_mem053
+ exgdas_enkf_update.sh[191]for FHR in ${nfhrs}
+ exgdas_enkf_update.sh[192]/bin/ln -sf /lfs/h2/emc/ptmp/emc.global/RETRO_GFSv17/comroot/retrotestgfs10/enkfgdas.20241124/12/mem053/model/atmos/history/enkfgdas.t12z.atmf009.nc sfg_2024112418_fhr09_mem053
+ exgdas_enkf_update.sh[194][[ .true. == \.\t\r\u\e\. ]]
+ exgdas_enkf_update.sh[195]/bin/ln -sf /lfs/h2/emc/ptmp/emc.global/RETRO_GFSv17/comroot/retrotestgfs10/enkfgdas.20241124/12/mem053/model/atmos/history/enkfgdas.t12z.sfcf009.nc bfg_2024112418_fhr09_mem053
+ exgdas_enkf_update.sh[198][[ .false. == \.\t\r\u\e\. ]]
+ exgdas_enkf_update.sh[202][[ 9 -eq 6 ]]
+ exgdas_enkf_update.sh[211][[ NO == \Y\E\S ]]
+ exgdas_enkf_update.sh[215]/bin/ln -sf /lfs/h2/emc/ptmp/emc.global/RETRO_GFSv17/comroot/retrotestgfs10/enkfgdas.20241124/18/mem053/analysis/atmos/enkfgdas.t18z.atmi009.nc incr_2024112418_fhr09_mem053
+ exgdas_enkf_update.sh[219][[ YES == \Y\E\S ]]
+ exgdas_enkf_update.sh[220]/bin/ln -sf /lfs/h2/emc/ptmp/emc.global/RETRO_GFSv17/comroot/retrotestgfs10/enkfgdas.20241124/18/mem053/analysis/atmos/enkfgdas.t18z.sfci009.nc sfcincr_2024112418_fhr09_mem053
+ exgdas_enkf_update.sh[175]for imem in $(seq 1 ${NMEM_ENS})
+ exgdas_enkf_update.sh[176]smem=54
+ exgdas_enkf_update.sh[177]((  smem > NMEM_ENS_MAX  ))
++ exgdas_enkf_update.sh[180]printf %03i 54
+ exgdas_enkf_update.sh[180]gmemchar=mem054
++ exgdas_enkf_update.sh[181]printf %03i 54
+ exgdas_enkf_update.sh[181]memchar=mem054
+ exgdas_enkf_update.sh[183]MEMDIR=mem054
+ exgdas_enkf_update.sh[183]RUN=enkfgdas
+ exgdas_enkf_update.sh[183]YMD=20241124
+ exgdas_enkf_update.sh[183]HH=12
+ exgdas_enkf_update.sh[183]declare_from_tmpl -x COMIN_ATMOS_HISTORY_MEM_PREV:COM_ATMOS_HISTORY_TMPL
+ environment[0][[ NO == \N\O ]]
+ environment[1]set +x
declare_from_tmpl :: COMIN_ATMOS_HISTORY_MEM_PREV=/lfs/h2/emc/ptmp/emc.global/RETRO_GFSv17/comroot/retrotestgfs10/enkfgdas.20241124/12/mem054/model/atmos/history
+ exgdas_enkf_update.sh[186]MEMDIR=mem054
+ exgdas_enkf_update.sh[186]YMD=20241124
+ exgdas_enkf_update.sh[186]HH=18
+ exgdas_enkf_update.sh[186]declare_from_tmpl -x COMOUT_ATMOS_ANALYSIS_MEM:COM_ATMOS_ANALYSIS_TMPL
+ environment[0][[ NO == \N\O ]]
+ environment[1]set +x
declare_from_tmpl :: COMOUT_ATMOS_ANALYSIS_MEM=/lfs/h2/emc/ptmp/emc.global/RETRO_GFSv17/comroot/retrotestgfs10/enkfgdas.20241124/18/mem054/analysis/atmos
+ exgdas_enkf_update.sh[189]mkdir -p /lfs/h2/emc/ptmp/emc.global/RETRO_GFSv17/comroot/retrotestgfs10/enkfgdas.20241124/18/mem054/analysis/atmos
+ exgdas_enkf_update.sh[191]for FHR in ${nfhrs}
+ exgdas_enkf_update.sh[192]/bin/ln -sf /lfs/h2/emc/ptmp/emc.global/RETRO_GFSv17/comroot/retrotestgfs10/enkfgdas.20241124/12/mem054/model/atmos/history/enkfgdas.t12z.atmf003.nc sfg_2024112418_fhr03_mem054
+ exgdas_enkf_update.sh[194][[ .true. == \.\t\r\u\e\. ]]
+ exgdas_enkf_update.sh[195]/bin/ln -sf /lfs/h2/emc/ptmp/emc.global/RETRO_GFSv17/comroot/retrotestgfs10/enkfgdas.20241124/12/mem054/model/atmos/history/enkfgdas.t12z.sfcf003.nc bfg_2024112418_fhr03_mem054
+ exgdas_enkf_update.sh[198][[ .false. == \.\t\r\u\e\. ]]
+ exgdas_enkf_update.sh[202][[ 3 -eq 6 ]]
+ exgdas_enkf_update.sh[211][[ NO == \Y\E\S ]]
+ exgdas_enkf_update.sh[215]/bin/ln -sf /lfs/h2/emc/ptmp/emc.global/RETRO_GFSv17/comroot/retrotestgfs10/enkfgdas.20241124/18/mem054/analysis/atmos/enkfgdas.t18z.atmi003.nc incr_2024112418_fhr03_mem054
+ exgdas_enkf_update.sh[219][[ YES == \Y\E\S ]]
+ exgdas_enkf_update.sh[220]/bin/ln -sf /lfs/h2/emc/ptmp/emc.global/RETRO_GFSv17/comroot/retrotestgfs10/enkfgdas.20241124/18/mem054/analysis/atmos/enkfgdas.t18z.sfci003.nc sfcincr_2024112418_fhr03_mem054
+ exgdas_enkf_update.sh[191]for FHR in ${nfhrs}
+ exgdas_enkf_update.sh[192]/bin/ln -sf /lfs/h2/emc/ptmp/emc.global/RETRO_GFSv17/comroot/retrotestgfs10/enkfgdas.20241124/12/mem054/model/atmos/history/enkfgdas.t12z.atmf006.nc sfg_2024112418_fhr06_mem054
+ exgdas_enkf_update.sh[194][[ .true. == \.\t\r\u\e\. ]]
+ exgdas_enkf_update.sh[195]/bin/ln -sf /lfs/h2/emc/ptmp/emc.global/RETRO_GFSv17/comroot/retrotestgfs10/enkfgdas.20241124/12/mem054/model/atmos/history/enkfgdas.t12z.sfcf006.nc bfg_2024112418_fhr06_mem054
+ exgdas_enkf_update.sh[198][[ .false. == \.\t\r\u\e\. ]]
+ exgdas_enkf_update.sh[202][[ 6 -eq 6 ]]
+ exgdas_enkf_update.sh[203][[ NO == \Y\E\S ]]
+ exgdas_enkf_update.sh[207]/bin/ln -sf /lfs/h2/emc/ptmp/emc.global/RETRO_GFSv17/comroot/retrotestgfs10/enkfgdas.20241124/18/mem054/analysis/atmos/enkfgdas.t18z.atminc.nc incr_2024112418_fhr06_mem054
+ exgdas_enkf_update.sh[219][[ YES == \Y\E\S ]]
+ exgdas_enkf_update.sh[220]/bin/ln -sf /lfs/h2/emc/ptmp/emc.global/RETRO_GFSv17/comroot/retrotestgfs10/enkfgdas.20241124/18/mem054/analysis/atmos/enkfgdas.t18z.sfci006.nc sfcincr_2024112418_fhr06_mem054
+ exgdas_enkf_update.sh[191]for FHR in ${nfhrs}
+ exgdas_enkf_update.sh[192]/bin/ln -sf /lfs/h2/emc/ptmp/emc.global/RETRO_GFSv17/comroot/retrotestgfs10/enkfgdas.20241124/12/mem054/model/atmos/history/enkfgdas.t12z.atmf009.nc sfg_2024112418_fhr09_mem054
+ exgdas_enkf_update.sh[194][[ .true. == \.\t\r\u\e\. ]]
+ exgdas_enkf_update.sh[195]/bin/ln -sf /lfs/h2/emc/ptmp/emc.global/RETRO_GFSv17/comroot/retrotestgfs10/enkfgdas.20241124/12/mem054/model/atmos/history/enkfgdas.t12z.sfcf009.nc bfg_2024112418_fhr09_mem054
+ exgdas_enkf_update.sh[198][[ .false. == \.\t\r\u\e\. ]]
+ exgdas_enkf_update.sh[202][[ 9 -eq 6 ]]
+ exgdas_enkf_update.sh[211][[ NO == \Y\E\S ]]
+ exgdas_enkf_update.sh[215]/bin/ln -sf /lfs/h2/emc/ptmp/emc.global/RETRO_GFSv17/comroot/retrotestgfs10/enkfgdas.20241124/18/mem054/analysis/atmos/enkfgdas.t18z.atmi009.nc incr_2024112418_fhr09_mem054
+ exgdas_enkf_update.sh[219][[ YES == \Y\E\S ]]
+ exgdas_enkf_update.sh[220]/bin/ln -sf /lfs/h2/emc/ptmp/emc.global/RETRO_GFSv17/comroot/retrotestgfs10/enkfgdas.20241124/18/mem054/analysis/atmos/enkfgdas.t18z.sfci009.nc sfcincr_2024112418_fhr09_mem054
+ exgdas_enkf_update.sh[175]for imem in $(seq 1 ${NMEM_ENS})
+ exgdas_enkf_update.sh[176]smem=55
+ exgdas_enkf_update.sh[177]((  smem > NMEM_ENS_MAX  ))
++ exgdas_enkf_update.sh[180]printf %03i 55
+ exgdas_enkf_update.sh[180]gmemchar=mem055
++ exgdas_enkf_update.sh[181]printf %03i 55
+ exgdas_enkf_update.sh[181]memchar=mem055
+ exgdas_enkf_update.sh[183]MEMDIR=mem055
+ exgdas_enkf_update.sh[183]RUN=enkfgdas
+ exgdas_enkf_update.sh[183]YMD=20241124
+ exgdas_enkf_update.sh[183]HH=12
+ exgdas_enkf_update.sh[183]declare_from_tmpl -x COMIN_ATMOS_HISTORY_MEM_PREV:COM_ATMOS_HISTORY_TMPL
+ environment[0][[ NO == \N\O ]]
+ environment[1]set +x
declare_from_tmpl :: COMIN_ATMOS_HISTORY_MEM_PREV=/lfs/h2/emc/ptmp/emc.global/RETRO_GFSv17/comroot/retrotestgfs10/enkfgdas.20241124/12/mem055/model/atmos/history
+ exgdas_enkf_update.sh[186]MEMDIR=mem055
+ exgdas_enkf_update.sh[186]YMD=20241124
+ exgdas_enkf_update.sh[186]HH=18
+ exgdas_enkf_update.sh[186]declare_from_tmpl -x COMOUT_ATMOS_ANALYSIS_MEM:COM_ATMOS_ANALYSIS_TMPL
+ environment[0][[ NO == \N\O ]]
+ environment[1]set +x
declare_from_tmpl :: COMOUT_ATMOS_ANALYSIS_MEM=/lfs/h2/emc/ptmp/emc.global/RETRO_GFSv17/comroot/retrotestgfs10/enkfgdas.20241124/18/mem055/analysis/atmos
+ exgdas_enkf_update.sh[189]mkdir -p /lfs/h2/emc/ptmp/emc.global/RETRO_GFSv17/comroot/retrotestgfs10/enkfgdas.20241124/18/mem055/analysis/atmos
+ exgdas_enkf_update.sh[191]for FHR in ${nfhrs}
+ exgdas_enkf_update.sh[192]/bin/ln -sf /lfs/h2/emc/ptmp/emc.global/RETRO_GFSv17/comroot/retrotestgfs10/enkfgdas.20241124/12/mem055/model/atmos/history/enkfgdas.t12z.atmf003.nc sfg_2024112418_fhr03_mem055
+ exgdas_enkf_update.sh[194][[ .true. == \.\t\r\u\e\. ]]
+ exgdas_enkf_update.sh[195]/bin/ln -sf /lfs/h2/emc/ptmp/emc.global/RETRO_GFSv17/comroot/retrotestgfs10/enkfgdas.20241124/12/mem055/model/atmos/history/enkfgdas.t12z.sfcf003.nc bfg_2024112418_fhr03_mem055
+ exgdas_enkf_update.sh[198][[ .false. == \.\t\r\u\e\. ]]
+ exgdas_enkf_update.sh[202][[ 3 -eq 6 ]]
+ exgdas_enkf_update.sh[211][[ NO == \Y\E\S ]]
+ exgdas_enkf_update.sh[215]/bin/ln -sf /lfs/h2/emc/ptmp/emc.global/RETRO_GFSv17/comroot/retrotestgfs10/enkfgdas.20241124/18/mem055/analysis/atmos/enkfgdas.t18z.atmi003.nc incr_2024112418_fhr03_mem055
+ exgdas_enkf_update.sh[219][[ YES == \Y\E\S ]]
+ exgdas_enkf_update.sh[220]/bin/ln -sf /lfs/h2/emc/ptmp/emc.global/RETRO_GFSv17/comroot/retrotestgfs10/enkfgdas.20241124/18/mem055/analysis/atmos/enkfgdas.t18z.sfci003.nc sfcincr_2024112418_fhr03_mem055
+ exgdas_enkf_update.sh[191]for FHR in ${nfhrs}
+ exgdas_enkf_update.sh[192]/bin/ln -sf /lfs/h2/emc/ptmp/emc.global/RETRO_GFSv17/comroot/retrotestgfs10/enkfgdas.20241124/12/mem055/model/atmos/history/enkfgdas.t12z.atmf006.nc sfg_2024112418_fhr06_mem055
+ exgdas_enkf_update.sh[194][[ .true. == \.\t\r\u\e\. ]]
+ exgdas_enkf_update.sh[195]/bin/ln -sf /lfs/h2/emc/ptmp/emc.global/RETRO_GFSv17/comroot/retrotestgfs10/enkfgdas.20241124/12/mem055/model/atmos/history/enkfgdas.t12z.sfcf006.nc bfg_2024112418_fhr06_mem055
+ exgdas_enkf_update.sh[198][[ .false. == \.\t\r\u\e\. ]]
+ exgdas_enkf_update.sh[202][[ 6 -eq 6 ]]
+ exgdas_enkf_update.sh[203][[ NO == \Y\E\S ]]
+ exgdas_enkf_update.sh[207]/bin/ln -sf /lfs/h2/emc/ptmp/emc.global/RETRO_GFSv17/comroot/retrotestgfs10/enkfgdas.20241124/18/mem055/analysis/atmos/enkfgdas.t18z.atminc.nc incr_2024112418_fhr06_mem055
+ exgdas_enkf_update.sh[219][[ YES == \Y\E\S ]]
+ exgdas_enkf_update.sh[220]/bin/ln -sf /lfs/h2/emc/ptmp/emc.global/RETRO_GFSv17/comroot/retrotestgfs10/enkfgdas.20241124/18/mem055/analysis/atmos/enkfgdas.t18z.sfci006.nc sfcincr_2024112418_fhr06_mem055
+ exgdas_enkf_update.sh[191]for FHR in ${nfhrs}
+ exgdas_enkf_update.sh[192]/bin/ln -sf /lfs/h2/emc/ptmp/emc.global/RETRO_GFSv17/comroot/retrotestgfs10/enkfgdas.20241124/12/mem055/model/atmos/history/enkfgdas.t12z.atmf009.nc sfg_2024112418_fhr09_mem055
+ exgdas_enkf_update.sh[194][[ .true. == \.\t\r\u\e\. ]]
+ exgdas_enkf_update.sh[195]/bin/ln -sf /lfs/h2/emc/ptmp/emc.global/RETRO_GFSv17/comroot/retrotestgfs10/enkfgdas.20241124/12/mem055/model/atmos/history/enkfgdas.t12z.sfcf009.nc bfg_2024112418_fhr09_mem055
+ exgdas_enkf_update.sh[198][[ .false. == \.\t\r\u\e\. ]]
+ exgdas_enkf_update.sh[202][[ 9 -eq 6 ]]
+ exgdas_enkf_update.sh[211][[ NO == \Y\E\S ]]
+ exgdas_enkf_update.sh[215]/bin/ln -sf /lfs/h2/emc/ptmp/emc.global/RETRO_GFSv17/comroot/retrotestgfs10/enkfgdas.20241124/18/mem055/analysis/atmos/enkfgdas.t18z.atmi009.nc incr_2024112418_fhr09_mem055
+ exgdas_enkf_update.sh[219][[ YES == \Y\E\S ]]
+ exgdas_enkf_update.sh[220]/bin/ln -sf /lfs/h2/emc/ptmp/emc.global/RETRO_GFSv17/comroot/retrotestgfs10/enkfgdas.20241124/18/mem055/analysis/atmos/enkfgdas.t18z.sfci009.nc sfcincr_2024112418_fhr09_mem055
+ exgdas_enkf_update.sh[175]for imem in $(seq 1 ${NMEM_ENS})
+ exgdas_enkf_update.sh[176]smem=56
+ exgdas_enkf_update.sh[177]((  smem > NMEM_ENS_MAX  ))
++ exgdas_enkf_update.sh[180]printf %03i 56
+ exgdas_enkf_update.sh[180]gmemchar=mem056
++ exgdas_enkf_update.sh[181]printf %03i 56
+ exgdas_enkf_update.sh[181]memchar=mem056
+ exgdas_enkf_update.sh[183]MEMDIR=mem056
+ exgdas_enkf_update.sh[183]RUN=enkfgdas
+ exgdas_enkf_update.sh[183]YMD=20241124
+ exgdas_enkf_update.sh[183]HH=12
+ exgdas_enkf_update.sh[183]declare_from_tmpl -x COMIN_ATMOS_HISTORY_MEM_PREV:COM_ATMOS_HISTORY_TMPL
+ environment[0][[ NO == \N\O ]]
+ environment[1]set +x
declare_from_tmpl :: COMIN_ATMOS_HISTORY_MEM_PREV=/lfs/h2/emc/ptmp/emc.global/RETRO_GFSv17/comroot/retrotestgfs10/enkfgdas.20241124/12/mem056/model/atmos/history
+ exgdas_enkf_update.sh[186]MEMDIR=mem056
+ exgdas_enkf_update.sh[186]YMD=20241124
+ exgdas_enkf_update.sh[186]HH=18
+ exgdas_enkf_update.sh[186]declare_from_tmpl -x COMOUT_ATMOS_ANALYSIS_MEM:COM_ATMOS_ANALYSIS_TMPL
+ environment[0][[ NO == \N\O ]]
+ environment[1]set +x
declare_from_tmpl :: COMOUT_ATMOS_ANALYSIS_MEM=/lfs/h2/emc/ptmp/emc.global/RETRO_GFSv17/comroot/retrotestgfs10/enkfgdas.20241124/18/mem056/analysis/atmos
+ exgdas_enkf_update.sh[189]mkdir -p /lfs/h2/emc/ptmp/emc.global/RETRO_GFSv17/comroot/retrotestgfs10/enkfgdas.20241124/18/mem056/analysis/atmos
+ exgdas_enkf_update.sh[191]for FHR in ${nfhrs}
+ exgdas_enkf_update.sh[192]/bin/ln -sf /lfs/h2/emc/ptmp/emc.global/RETRO_GFSv17/comroot/retrotestgfs10/enkfgdas.20241124/12/mem056/model/atmos/history/enkfgdas.t12z.atmf003.nc sfg_2024112418_fhr03_mem056
+ exgdas_enkf_update.sh[194][[ .true. == \.\t\r\u\e\. ]]
+ exgdas_enkf_update.sh[195]/bin/ln -sf /lfs/h2/emc/ptmp/emc.global/RETRO_GFSv17/comroot/retrotestgfs10/enkfgdas.20241124/12/mem056/model/atmos/history/enkfgdas.t12z.sfcf003.nc bfg_2024112418_fhr03_mem056
+ exgdas_enkf_update.sh[198][[ .false. == \.\t\r\u\e\. ]]
+ exgdas_enkf_update.sh[202][[ 3 -eq 6 ]]
+ exgdas_enkf_update.sh[211][[ NO == \Y\E\S ]]
+ exgdas_enkf_update.sh[215]/bin/ln -sf /lfs/h2/emc/ptmp/emc.global/RETRO_GFSv17/comroot/retrotestgfs10/enkfgdas.20241124/18/mem056/analysis/atmos/enkfgdas.t18z.atmi003.nc incr_2024112418_fhr03_mem056
+ exgdas_enkf_update.sh[219][[ YES == \Y\E\S ]]
+ exgdas_enkf_update.sh[220]/bin/ln -sf /lfs/h2/emc/ptmp/emc.global/RETRO_GFSv17/comroot/retrotestgfs10/enkfgdas.20241124/18/mem056/analysis/atmos/enkfgdas.t18z.sfci003.nc sfcincr_2024112418_fhr03_mem056
+ exgdas_enkf_update.sh[191]for FHR in ${nfhrs}
+ exgdas_enkf_update.sh[192]/bin/ln -sf /lfs/h2/emc/ptmp/emc.global/RETRO_GFSv17/comroot/retrotestgfs10/enkfgdas.20241124/12/mem056/model/atmos/history/enkfgdas.t12z.atmf006.nc sfg_2024112418_fhr06_mem056
+ exgdas_enkf_update.sh[194][[ .true. == \.\t\r\u\e\. ]]
+ exgdas_enkf_update.sh[195]/bin/ln -sf /lfs/h2/emc/ptmp/emc.global/RETRO_GFSv17/comroot/retrotestgfs10/enkfgdas.20241124/12/mem056/model/atmos/history/enkfgdas.t12z.sfcf006.nc bfg_2024112418_fhr06_mem056
+ exgdas_enkf_update.sh[198][[ .false. == \.\t\r\u\e\. ]]
+ exgdas_enkf_update.sh[202][[ 6 -eq 6 ]]
+ exgdas_enkf_update.sh[203][[ NO == \Y\E\S ]]
+ exgdas_enkf_update.sh[207]/bin/ln -sf /lfs/h2/emc/ptmp/emc.global/RETRO_GFSv17/comroot/retrotestgfs10/enkfgdas.20241124/18/mem056/analysis/atmos/enkfgdas.t18z.atminc.nc incr_2024112418_fhr06_mem056
+ exgdas_enkf_update.sh[219][[ YES == \Y\E\S ]]
+ exgdas_enkf_update.sh[220]/bin/ln -sf /lfs/h2/emc/ptmp/emc.global/RETRO_GFSv17/comroot/retrotestgfs10/enkfgdas.20241124/18/mem056/analysis/atmos/enkfgdas.t18z.sfci006.nc sfcincr_2024112418_fhr06_mem056
+ exgdas_enkf_update.sh[191]for FHR in ${nfhrs}
+ exgdas_enkf_update.sh[192]/bin/ln -sf /lfs/h2/emc/ptmp/emc.global/RETRO_GFSv17/comroot/retrotestgfs10/enkfgdas.20241124/12/mem056/model/atmos/history/enkfgdas.t12z.atmf009.nc sfg_2024112418_fhr09_mem056
+ exgdas_enkf_update.sh[194][[ .true. == \.\t\r\u\e\. ]]
+ exgdas_enkf_update.sh[195]/bin/ln -sf /lfs/h2/emc/ptmp/emc.global/RETRO_GFSv17/comroot/retrotestgfs10/enkfgdas.20241124/12/mem056/model/atmos/history/enkfgdas.t12z.sfcf009.nc bfg_2024112418_fhr09_mem056
+ exgdas_enkf_update.sh[198][[ .false. == \.\t\r\u\e\. ]]
+ exgdas_enkf_update.sh[202][[ 9 -eq 6 ]]
+ exgdas_enkf_update.sh[211][[ NO == \Y\E\S ]]
+ exgdas_enkf_update.sh[215]/bin/ln -sf /lfs/h2/emc/ptmp/emc.global/RETRO_GFSv17/comroot/retrotestgfs10/enkfgdas.20241124/18/mem056/analysis/atmos/enkfgdas.t18z.atmi009.nc incr_2024112418_fhr09_mem056
+ exgdas_enkf_update.sh[219][[ YES == \Y\E\S ]]
+ exgdas_enkf_update.sh[220]/bin/ln -sf /lfs/h2/emc/ptmp/emc.global/RETRO_GFSv17/comroot/retrotestgfs10/enkfgdas.20241124/18/mem056/analysis/atmos/enkfgdas.t18z.sfci009.nc sfcincr_2024112418_fhr09_mem056
+ exgdas_enkf_update.sh[175]for imem in $(seq 1 ${NMEM_ENS})
+ exgdas_enkf_update.sh[176]smem=57
+ exgdas_enkf_update.sh[177]((  smem > NMEM_ENS_MAX  ))
++ exgdas_enkf_update.sh[180]printf %03i 57
+ exgdas_enkf_update.sh[180]gmemchar=mem057
++ exgdas_enkf_update.sh[181]printf %03i 57
+ exgdas_enkf_update.sh[181]memchar=mem057
+ exgdas_enkf_update.sh[183]MEMDIR=mem057
+ exgdas_enkf_update.sh[183]RUN=enkfgdas
+ exgdas_enkf_update.sh[183]YMD=20241124
+ exgdas_enkf_update.sh[183]HH=12
+ exgdas_enkf_update.sh[183]declare_from_tmpl -x COMIN_ATMOS_HISTORY_MEM_PREV:COM_ATMOS_HISTORY_TMPL
+ environment[0][[ NO == \N\O ]]
+ environment[1]set +x
declare_from_tmpl :: COMIN_ATMOS_HISTORY_MEM_PREV=/lfs/h2/emc/ptmp/emc.global/RETRO_GFSv17/comroot/retrotestgfs10/enkfgdas.20241124/12/mem057/model/atmos/history
+ exgdas_enkf_update.sh[186]MEMDIR=mem057
+ exgdas_enkf_update.sh[186]YMD=20241124
+ exgdas_enkf_update.sh[186]HH=18
+ exgdas_enkf_update.sh[186]declare_from_tmpl -x COMOUT_ATMOS_ANALYSIS_MEM:COM_ATMOS_ANALYSIS_TMPL
+ environment[0][[ NO == \N\O ]]
+ environment[1]set +x
declare_from_tmpl :: COMOUT_ATMOS_ANALYSIS_MEM=/lfs/h2/emc/ptmp/emc.global/RETRO_GFSv17/comroot/retrotestgfs10/enkfgdas.20241124/18/mem057/analysis/atmos
+ exgdas_enkf_update.sh[189]mkdir -p /lfs/h2/emc/ptmp/emc.global/RETRO_GFSv17/comroot/retrotestgfs10/enkfgdas.20241124/18/mem057/analysis/atmos
+ exgdas_enkf_update.sh[191]for FHR in ${nfhrs}
+ exgdas_enkf_update.sh[192]/bin/ln -sf /lfs/h2/emc/ptmp/emc.global/RETRO_GFSv17/comroot/retrotestgfs10/enkfgdas.20241124/12/mem057/model/atmos/history/enkfgdas.t12z.atmf003.nc sfg_2024112418_fhr03_mem057
+ exgdas_enkf_update.sh[194][[ .true. == \.\t\r\u\e\. ]]
+ exgdas_enkf_update.sh[195]/bin/ln -sf /lfs/h2/emc/ptmp/emc.global/RETRO_GFSv17/comroot/retrotestgfs10/enkfgdas.20241124/12/mem057/model/atmos/history/enkfgdas.t12z.sfcf003.nc bfg_2024112418_fhr03_mem057
+ exgdas_enkf_update.sh[198][[ .false. == \.\t\r\u\e\. ]]
+ exgdas_enkf_update.sh[202][[ 3 -eq 6 ]]
+ exgdas_enkf_update.sh[211][[ NO == \Y\E\S ]]
+ exgdas_enkf_update.sh[215]/bin/ln -sf /lfs/h2/emc/ptmp/emc.global/RETRO_GFSv17/comroot/retrotestgfs10/enkfgdas.20241124/18/mem057/analysis/atmos/enkfgdas.t18z.atmi003.nc incr_2024112418_fhr03_mem057
+ exgdas_enkf_update.sh[219][[ YES == \Y\E\S ]]
+ exgdas_enkf_update.sh[220]/bin/ln -sf /lfs/h2/emc/ptmp/emc.global/RETRO_GFSv17/comroot/retrotestgfs10/enkfgdas.20241124/18/mem057/analysis/atmos/enkfgdas.t18z.sfci003.nc sfcincr_2024112418_fhr03_mem057
+ exgdas_enkf_update.sh[191]for FHR in ${nfhrs}
+ exgdas_enkf_update.sh[192]/bin/ln -sf /lfs/h2/emc/ptmp/emc.global/RETRO_GFSv17/comroot/retrotestgfs10/enkfgdas.20241124/12/mem057/model/atmos/history/enkfgdas.t12z.atmf006.nc sfg_2024112418_fhr06_mem057
+ exgdas_enkf_update.sh[194][[ .true. == \.\t\r\u\e\. ]]
+ exgdas_enkf_update.sh[195]/bin/ln -sf /lfs/h2/emc/ptmp/emc.global/RETRO_GFSv17/comroot/retrotestgfs10/enkfgdas.20241124/12/mem057/model/atmos/history/enkfgdas.t12z.sfcf006.nc bfg_2024112418_fhr06_mem057
+ exgdas_enkf_update.sh[198][[ .false. == \.\t\r\u\e\. ]]
+ exgdas_enkf_update.sh[202][[ 6 -eq 6 ]]
+ exgdas_enkf_update.sh[203][[ NO == \Y\E\S ]]
+ exgdas_enkf_update.sh[207]/bin/ln -sf /lfs/h2/emc/ptmp/emc.global/RETRO_GFSv17/comroot/retrotestgfs10/enkfgdas.20241124/18/mem057/analysis/atmos/enkfgdas.t18z.atminc.nc incr_2024112418_fhr06_mem057
+ exgdas_enkf_update.sh[219][[ YES == \Y\E\S ]]
+ exgdas_enkf_update.sh[220]/bin/ln -sf /lfs/h2/emc/ptmp/emc.global/RETRO_GFSv17/comroot/retrotestgfs10/enkfgdas.20241124/18/mem057/analysis/atmos/enkfgdas.t18z.sfci006.nc sfcincr_2024112418_fhr06_mem057
+ exgdas_enkf_update.sh[191]for FHR in ${nfhrs}
+ exgdas_enkf_update.sh[192]/bin/ln -sf /lfs/h2/emc/ptmp/emc.global/RETRO_GFSv17/comroot/retrotestgfs10/enkfgdas.20241124/12/mem057/model/atmos/history/enkfgdas.t12z.atmf009.nc sfg_2024112418_fhr09_mem057
+ exgdas_enkf_update.sh[194][[ .true. == \.\t\r\u\e\. ]]
+ exgdas_enkf_update.sh[195]/bin/ln -sf /lfs/h2/emc/ptmp/emc.global/RETRO_GFSv17/comroot/retrotestgfs10/enkfgdas.20241124/12/mem057/model/atmos/history/enkfgdas.t12z.sfcf009.nc bfg_2024112418_fhr09_mem057
+ exgdas_enkf_update.sh[198][[ .false. == \.\t\r\u\e\. ]]
+ exgdas_enkf_update.sh[202][[ 9 -eq 6 ]]
+ exgdas_enkf_update.sh[211][[ NO == \Y\E\S ]]
+ exgdas_enkf_update.sh[215]/bin/ln -sf /lfs/h2/emc/ptmp/emc.global/RETRO_GFSv17/comroot/retrotestgfs10/enkfgdas.20241124/18/mem057/analysis/atmos/enkfgdas.t18z.atmi009.nc incr_2024112418_fhr09_mem057
+ exgdas_enkf_update.sh[219][[ YES == \Y\E\S ]]
+ exgdas_enkf_update.sh[220]/bin/ln -sf /lfs/h2/emc/ptmp/emc.global/RETRO_GFSv17/comroot/retrotestgfs10/enkfgdas.20241124/18/mem057/analysis/atmos/enkfgdas.t18z.sfci009.nc sfcincr_2024112418_fhr09_mem057
+ exgdas_enkf_update.sh[175]for imem in $(seq 1 ${NMEM_ENS})
+ exgdas_enkf_update.sh[176]smem=58
+ exgdas_enkf_update.sh[177]((  smem > NMEM_ENS_MAX  ))
++ exgdas_enkf_update.sh[180]printf %03i 58
+ exgdas_enkf_update.sh[180]gmemchar=mem058
++ exgdas_enkf_update.sh[181]printf %03i 58
+ exgdas_enkf_update.sh[181]memchar=mem058
+ exgdas_enkf_update.sh[183]MEMDIR=mem058
+ exgdas_enkf_update.sh[183]RUN=enkfgdas
+ exgdas_enkf_update.sh[183]YMD=20241124
+ exgdas_enkf_update.sh[183]HH=12
+ exgdas_enkf_update.sh[183]declare_from_tmpl -x COMIN_ATMOS_HISTORY_MEM_PREV:COM_ATMOS_HISTORY_TMPL
+ environment[0][[ NO == \N\O ]]
+ environment[1]set +x
declare_from_tmpl :: COMIN_ATMOS_HISTORY_MEM_PREV=/lfs/h2/emc/ptmp/emc.global/RETRO_GFSv17/comroot/retrotestgfs10/enkfgdas.20241124/12/mem058/model/atmos/history
+ exgdas_enkf_update.sh[186]MEMDIR=mem058
+ exgdas_enkf_update.sh[186]YMD=20241124
+ exgdas_enkf_update.sh[186]HH=18
+ exgdas_enkf_update.sh[186]declare_from_tmpl -x COMOUT_ATMOS_ANALYSIS_MEM:COM_ATMOS_ANALYSIS_TMPL
+ environment[0][[ NO == \N\O ]]
+ environment[1]set +x
declare_from_tmpl :: COMOUT_ATMOS_ANALYSIS_MEM=/lfs/h2/emc/ptmp/emc.global/RETRO_GFSv17/comroot/retrotestgfs10/enkfgdas.20241124/18/mem058/analysis/atmos
+ exgdas_enkf_update.sh[189]mkdir -p /lfs/h2/emc/ptmp/emc.global/RETRO_GFSv17/comroot/retrotestgfs10/enkfgdas.20241124/18/mem058/analysis/atmos
+ exgdas_enkf_update.sh[191]for FHR in ${nfhrs}
+ exgdas_enkf_update.sh[192]/bin/ln -sf /lfs/h2/emc/ptmp/emc.global/RETRO_GFSv17/comroot/retrotestgfs10/enkfgdas.20241124/12/mem058/model/atmos/history/enkfgdas.t12z.atmf003.nc sfg_2024112418_fhr03_mem058
+ exgdas_enkf_update.sh[194][[ .true. == \.\t\r\u\e\. ]]
+ exgdas_enkf_update.sh[195]/bin/ln -sf /lfs/h2/emc/ptmp/emc.global/RETRO_GFSv17/comroot/retrotestgfs10/enkfgdas.20241124/12/mem058/model/atmos/history/enkfgdas.t12z.sfcf003.nc bfg_2024112418_fhr03_mem058
+ exgdas_enkf_update.sh[198][[ .false. == \.\t\r\u\e\. ]]
+ exgdas_enkf_update.sh[202][[ 3 -eq 6 ]]
+ exgdas_enkf_update.sh[211][[ NO == \Y\E\S ]]
+ exgdas_enkf_update.sh[215]/bin/ln -sf /lfs/h2/emc/ptmp/emc.global/RETRO_GFSv17/comroot/retrotestgfs10/enkfgdas.20241124/18/mem058/analysis/atmos/enkfgdas.t18z.atmi003.nc incr_2024112418_fhr03_mem058
+ exgdas_enkf_update.sh[219][[ YES == \Y\E\S ]]
+ exgdas_enkf_update.sh[220]/bin/ln -sf /lfs/h2/emc/ptmp/emc.global/RETRO_GFSv17/comroot/retrotestgfs10/enkfgdas.20241124/18/mem058/analysis/atmos/enkfgdas.t18z.sfci003.nc sfcincr_2024112418_fhr03_mem058
+ exgdas_enkf_update.sh[191]for FHR in ${nfhrs}
+ exgdas_enkf_update.sh[192]/bin/ln -sf /lfs/h2/emc/ptmp/emc.global/RETRO_GFSv17/comroot/retrotestgfs10/enkfgdas.20241124/12/mem058/model/atmos/history/enkfgdas.t12z.atmf006.nc sfg_2024112418_fhr06_mem058
+ exgdas_enkf_update.sh[194][[ .true. == \.\t\r\u\e\. ]]
+ exgdas_enkf_update.sh[195]/bin/ln -sf /lfs/h2/emc/ptmp/emc.global/RETRO_GFSv17/comroot/retrotestgfs10/enkfgdas.20241124/12/mem058/model/atmos/history/enkfgdas.t12z.sfcf006.nc bfg_2024112418_fhr06_mem058
+ exgdas_enkf_update.sh[198][[ .false. == \.\t\r\u\e\. ]]
+ exgdas_enkf_update.sh[202][[ 6 -eq 6 ]]
+ exgdas_enkf_update.sh[203][[ NO == \Y\E\S ]]
+ exgdas_enkf_update.sh[207]/bin/ln -sf /lfs/h2/emc/ptmp/emc.global/RETRO_GFSv17/comroot/retrotestgfs10/enkfgdas.20241124/18/mem058/analysis/atmos/enkfgdas.t18z.atminc.nc incr_2024112418_fhr06_mem058
+ exgdas_enkf_update.sh[219][[ YES == \Y\E\S ]]
+ exgdas_enkf_update.sh[220]/bin/ln -sf /lfs/h2/emc/ptmp/emc.global/RETRO_GFSv17/comroot/retrotestgfs10/enkfgdas.20241124/18/mem058/analysis/atmos/enkfgdas.t18z.sfci006.nc sfcincr_2024112418_fhr06_mem058
+ exgdas_enkf_update.sh[191]for FHR in ${nfhrs}
+ exgdas_enkf_update.sh[192]/bin/ln -sf /lfs/h2/emc/ptmp/emc.global/RETRO_GFSv17/comroot/retrotestgfs10/enkfgdas.20241124/12/mem058/model/atmos/history/enkfgdas.t12z.atmf009.nc sfg_2024112418_fhr09_mem058
+ exgdas_enkf_update.sh[194][[ .true. == \.\t\r\u\e\. ]]
+ exgdas_enkf_update.sh[195]/bin/ln -sf /lfs/h2/emc/ptmp/emc.global/RETRO_GFSv17/comroot/retrotestgfs10/enkfgdas.20241124/12/mem058/model/atmos/history/enkfgdas.t12z.sfcf009.nc bfg_2024112418_fhr09_mem058
+ exgdas_enkf_update.sh[198][[ .false. == \.\t\r\u\e\. ]]
+ exgdas_enkf_update.sh[202][[ 9 -eq 6 ]]
+ exgdas_enkf_update.sh[211][[ NO == \Y\E\S ]]
+ exgdas_enkf_update.sh[215]/bin/ln -sf /lfs/h2/emc/ptmp/emc.global/RETRO_GFSv17/comroot/retrotestgfs10/enkfgdas.20241124/18/mem058/analysis/atmos/enkfgdas.t18z.atmi009.nc incr_2024112418_fhr09_mem058
+ exgdas_enkf_update.sh[219][[ YES == \Y\E\S ]]
+ exgdas_enkf_update.sh[220]/bin/ln -sf /lfs/h2/emc/ptmp/emc.global/RETRO_GFSv17/comroot/retrotestgfs10/enkfgdas.20241124/18/mem058/analysis/atmos/enkfgdas.t18z.sfci009.nc sfcincr_2024112418_fhr09_mem058
+ exgdas_enkf_update.sh[175]for imem in $(seq 1 ${NMEM_ENS})
+ exgdas_enkf_update.sh[176]smem=59
+ exgdas_enkf_update.sh[177]((  smem > NMEM_ENS_MAX  ))
++ exgdas_enkf_update.sh[180]printf %03i 59
+ exgdas_enkf_update.sh[180]gmemchar=mem059
++ exgdas_enkf_update.sh[181]printf %03i 59
+ exgdas_enkf_update.sh[181]memchar=mem059
+ exgdas_enkf_update.sh[183]MEMDIR=mem059
+ exgdas_enkf_update.sh[183]RUN=enkfgdas
+ exgdas_enkf_update.sh[183]YMD=20241124
+ exgdas_enkf_update.sh[183]HH=12
+ exgdas_enkf_update.sh[183]declare_from_tmpl -x COMIN_ATMOS_HISTORY_MEM_PREV:COM_ATMOS_HISTORY_TMPL
+ environment[0][[ NO == \N\O ]]
+ environment[1]set +x
declare_from_tmpl :: COMIN_ATMOS_HISTORY_MEM_PREV=/lfs/h2/emc/ptmp/emc.global/RETRO_GFSv17/comroot/retrotestgfs10/enkfgdas.20241124/12/mem059/model/atmos/history
+ exgdas_enkf_update.sh[186]MEMDIR=mem059
+ exgdas_enkf_update.sh[186]YMD=20241124
+ exgdas_enkf_update.sh[186]HH=18
+ exgdas_enkf_update.sh[186]declare_from_tmpl -x COMOUT_ATMOS_ANALYSIS_MEM:COM_ATMOS_ANALYSIS_TMPL
+ environment[0][[ NO == \N\O ]]
+ environment[1]set +x
declare_from_tmpl :: COMOUT_ATMOS_ANALYSIS_MEM=/lfs/h2/emc/ptmp/emc.global/RETRO_GFSv17/comroot/retrotestgfs10/enkfgdas.20241124/18/mem059/analysis/atmos
+ exgdas_enkf_update.sh[189]mkdir -p /lfs/h2/emc/ptmp/emc.global/RETRO_GFSv17/comroot/retrotestgfs10/enkfgdas.20241124/18/mem059/analysis/atmos
+ exgdas_enkf_update.sh[191]for FHR in ${nfhrs}
+ exgdas_enkf_update.sh[192]/bin/ln -sf /lfs/h2/emc/ptmp/emc.global/RETRO_GFSv17/comroot/retrotestgfs10/enkfgdas.20241124/12/mem059/model/atmos/history/enkfgdas.t12z.atmf003.nc sfg_2024112418_fhr03_mem059
+ exgdas_enkf_update.sh[194][[ .true. == \.\t\r\u\e\. ]]
+ exgdas_enkf_update.sh[195]/bin/ln -sf /lfs/h2/emc/ptmp/emc.global/RETRO_GFSv17/comroot/retrotestgfs10/enkfgdas.20241124/12/mem059/model/atmos/history/enkfgdas.t12z.sfcf003.nc bfg_2024112418_fhr03_mem059
+ exgdas_enkf_update.sh[198][[ .false. == \.\t\r\u\e\. ]]
+ exgdas_enkf_update.sh[202][[ 3 -eq 6 ]]
+ exgdas_enkf_update.sh[211][[ NO == \Y\E\S ]]
+ exgdas_enkf_update.sh[215]/bin/ln -sf /lfs/h2/emc/ptmp/emc.global/RETRO_GFSv17/comroot/retrotestgfs10/enkfgdas.20241124/18/mem059/analysis/atmos/enkfgdas.t18z.atmi003.nc incr_2024112418_fhr03_mem059
+ exgdas_enkf_update.sh[219][[ YES == \Y\E\S ]]
+ exgdas_enkf_update.sh[220]/bin/ln -sf /lfs/h2/emc/ptmp/emc.global/RETRO_GFSv17/comroot/retrotestgfs10/enkfgdas.20241124/18/mem059/analysis/atmos/enkfgdas.t18z.sfci003.nc sfcincr_2024112418_fhr03_mem059
+ exgdas_enkf_update.sh[191]for FHR in ${nfhrs}
+ exgdas_enkf_update.sh[192]/bin/ln -sf /lfs/h2/emc/ptmp/emc.global/RETRO_GFSv17/comroot/retrotestgfs10/enkfgdas.20241124/12/mem059/model/atmos/history/enkfgdas.t12z.atmf006.nc sfg_2024112418_fhr06_mem059
+ exgdas_enkf_update.sh[194][[ .true. == \.\t\r\u\e\. ]]
+ exgdas_enkf_update.sh[195]/bin/ln -sf /lfs/h2/emc/ptmp/emc.global/RETRO_GFSv17/comroot/retrotestgfs10/enkfgdas.20241124/12/mem059/model/atmos/history/enkfgdas.t12z.sfcf006.nc bfg_2024112418_fhr06_mem059
+ exgdas_enkf_update.sh[198][[ .false. == \.\t\r\u\e\. ]]
+ exgdas_enkf_update.sh[202][[ 6 -eq 6 ]]
+ exgdas_enkf_update.sh[203][[ NO == \Y\E\S ]]
+ exgdas_enkf_update.sh[207]/bin/ln -sf /lfs/h2/emc/ptmp/emc.global/RETRO_GFSv17/comroot/retrotestgfs10/enkfgdas.20241124/18/mem059/analysis/atmos/enkfgdas.t18z.atminc.nc incr_2024112418_fhr06_mem059
+ exgdas_enkf_update.sh[219][[ YES == \Y\E\S ]]
+ exgdas_enkf_update.sh[220]/bin/ln -sf /lfs/h2/emc/ptmp/emc.global/RETRO_GFSv17/comroot/retrotestgfs10/enkfgdas.20241124/18/mem059/analysis/atmos/enkfgdas.t18z.sfci006.nc sfcincr_2024112418_fhr06_mem059
+ exgdas_enkf_update.sh[191]for FHR in ${nfhrs}
+ exgdas_enkf_update.sh[192]/bin/ln -sf /lfs/h2/emc/ptmp/emc.global/RETRO_GFSv17/comroot/retrotestgfs10/enkfgdas.20241124/12/mem059/model/atmos/history/enkfgdas.t12z.atmf009.nc sfg_2024112418_fhr09_mem059
+ exgdas_enkf_update.sh[194][[ .true. == \.\t\r\u\e\. ]]
+ exgdas_enkf_update.sh[195]/bin/ln -sf /lfs/h2/emc/ptmp/emc.global/RETRO_GFSv17/comroot/retrotestgfs10/enkfgdas.20241124/12/mem059/model/atmos/history/enkfgdas.t12z.sfcf009.nc bfg_2024112418_fhr09_mem059
+ exgdas_enkf_update.sh[198][[ .false. == \.\t\r\u\e\. ]]
+ exgdas_enkf_update.sh[202][[ 9 -eq 6 ]]
+ exgdas_enkf_update.sh[211][[ NO == \Y\E\S ]]
+ exgdas_enkf_update.sh[215]/bin/ln -sf /lfs/h2/emc/ptmp/emc.global/RETRO_GFSv17/comroot/retrotestgfs10/enkfgdas.20241124/18/mem059/analysis/atmos/enkfgdas.t18z.atmi009.nc incr_2024112418_fhr09_mem059
+ exgdas_enkf_update.sh[219][[ YES == \Y\E\S ]]
+ exgdas_enkf_update.sh[220]/bin/ln -sf /lfs/h2/emc/ptmp/emc.global/RETRO_GFSv17/comroot/retrotestgfs10/enkfgdas.20241124/18/mem059/analysis/atmos/enkfgdas.t18z.sfci009.nc sfcincr_2024112418_fhr09_mem059
+ exgdas_enkf_update.sh[175]for imem in $(seq 1 ${NMEM_ENS})
+ exgdas_enkf_update.sh[176]smem=60
+ exgdas_enkf_update.sh[177]((  smem > NMEM_ENS_MAX  ))
++ exgdas_enkf_update.sh[180]printf %03i 60
+ exgdas_enkf_update.sh[180]gmemchar=mem060
++ exgdas_enkf_update.sh[181]printf %03i 60
+ exgdas_enkf_update.sh[181]memchar=mem060
+ exgdas_enkf_update.sh[183]MEMDIR=mem060
+ exgdas_enkf_update.sh[183]RUN=enkfgdas
+ exgdas_enkf_update.sh[183]YMD=20241124
+ exgdas_enkf_update.sh[183]HH=12
+ exgdas_enkf_update.sh[183]declare_from_tmpl -x COMIN_ATMOS_HISTORY_MEM_PREV:COM_ATMOS_HISTORY_TMPL
+ environment[0][[ NO == \N\O ]]
+ environment[1]set +x
declare_from_tmpl :: COMIN_ATMOS_HISTORY_MEM_PREV=/lfs/h2/emc/ptmp/emc.global/RETRO_GFSv17/comroot/retrotestgfs10/enkfgdas.20241124/12/mem060/model/atmos/history
+ exgdas_enkf_update.sh[186]MEMDIR=mem060
+ exgdas_enkf_update.sh[186]YMD=20241124
+ exgdas_enkf_update.sh[186]HH=18
+ exgdas_enkf_update.sh[186]declare_from_tmpl -x COMOUT_ATMOS_ANALYSIS_MEM:COM_ATMOS_ANALYSIS_TMPL
+ environment[0][[ NO == \N\O ]]
+ environment[1]set +x
declare_from_tmpl :: COMOUT_ATMOS_ANALYSIS_MEM=/lfs/h2/emc/ptmp/emc.global/RETRO_GFSv17/comroot/retrotestgfs10/enkfgdas.20241124/18/mem060/analysis/atmos
+ exgdas_enkf_update.sh[189]mkdir -p /lfs/h2/emc/ptmp/emc.global/RETRO_GFSv17/comroot/retrotestgfs10/enkfgdas.20241124/18/mem060/analysis/atmos
+ exgdas_enkf_update.sh[191]for FHR in ${nfhrs}
+ exgdas_enkf_update.sh[192]/bin/ln -sf /lfs/h2/emc/ptmp/emc.global/RETRO_GFSv17/comroot/retrotestgfs10/enkfgdas.20241124/12/mem060/model/atmos/history/enkfgdas.t12z.atmf003.nc sfg_2024112418_fhr03_mem060
+ exgdas_enkf_update.sh[194][[ .true. == \.\t\r\u\e\. ]]
+ exgdas_enkf_update.sh[195]/bin/ln -sf /lfs/h2/emc/ptmp/emc.global/RETRO_GFSv17/comroot/retrotestgfs10/enkfgdas.20241124/12/mem060/model/atmos/history/enkfgdas.t12z.sfcf003.nc bfg_2024112418_fhr03_mem060
+ exgdas_enkf_update.sh[198][[ .false. == \.\t\r\u\e\. ]]
+ exgdas_enkf_update.sh[202][[ 3 -eq 6 ]]
+ exgdas_enkf_update.sh[211][[ NO == \Y\E\S ]]
+ exgdas_enkf_update.sh[215]/bin/ln -sf /lfs/h2/emc/ptmp/emc.global/RETRO_GFSv17/comroot/retrotestgfs10/enkfgdas.20241124/18/mem060/analysis/atmos/enkfgdas.t18z.atmi003.nc incr_2024112418_fhr03_mem060
+ exgdas_enkf_update.sh[219][[ YES == \Y\E\S ]]
+ exgdas_enkf_update.sh[220]/bin/ln -sf /lfs/h2/emc/ptmp/emc.global/RETRO_GFSv17/comroot/retrotestgfs10/enkfgdas.20241124/18/mem060/analysis/atmos/enkfgdas.t18z.sfci003.nc sfcincr_2024112418_fhr03_mem060
+ exgdas_enkf_update.sh[191]for FHR in ${nfhrs}
+ exgdas_enkf_update.sh[192]/bin/ln -sf /lfs/h2/emc/ptmp/emc.global/RETRO_GFSv17/comroot/retrotestgfs10/enkfgdas.20241124/12/mem060/model/atmos/history/enkfgdas.t12z.atmf006.nc sfg_2024112418_fhr06_mem060
+ exgdas_enkf_update.sh[194][[ .true. == \.\t\r\u\e\. ]]
+ exgdas_enkf_update.sh[195]/bin/ln -sf /lfs/h2/emc/ptmp/emc.global/RETRO_GFSv17/comroot/retrotestgfs10/enkfgdas.20241124/12/mem060/model/atmos/history/enkfgdas.t12z.sfcf006.nc bfg_2024112418_fhr06_mem060
+ exgdas_enkf_update.sh[198][[ .false. == \.\t\r\u\e\. ]]
+ exgdas_enkf_update.sh[202][[ 6 -eq 6 ]]
+ exgdas_enkf_update.sh[203][[ NO == \Y\E\S ]]
+ exgdas_enkf_update.sh[207]/bin/ln -sf /lfs/h2/emc/ptmp/emc.global/RETRO_GFSv17/comroot/retrotestgfs10/enkfgdas.20241124/18/mem060/analysis/atmos/enkfgdas.t18z.atminc.nc incr_2024112418_fhr06_mem060
+ exgdas_enkf_update.sh[219][[ YES == \Y\E\S ]]
+ exgdas_enkf_update.sh[220]/bin/ln -sf /lfs/h2/emc/ptmp/emc.global/RETRO_GFSv17/comroot/retrotestgfs10/enkfgdas.20241124/18/mem060/analysis/atmos/enkfgdas.t18z.sfci006.nc sfcincr_2024112418_fhr06_mem060
+ exgdas_enkf_update.sh[191]for FHR in ${nfhrs}
+ exgdas_enkf_update.sh[192]/bin/ln -sf /lfs/h2/emc/ptmp/emc.global/RETRO_GFSv17/comroot/retrotestgfs10/enkfgdas.20241124/12/mem060/model/atmos/history/enkfgdas.t12z.atmf009.nc sfg_2024112418_fhr09_mem060
+ exgdas_enkf_update.sh[194][[ .true. == \.\t\r\u\e\. ]]
+ exgdas_enkf_update.sh[195]/bin/ln -sf /lfs/h2/emc/ptmp/emc.global/RETRO_GFSv17/comroot/retrotestgfs10/enkfgdas.20241124/12/mem060/model/atmos/history/enkfgdas.t12z.sfcf009.nc bfg_2024112418_fhr09_mem060
+ exgdas_enkf_update.sh[198][[ .false. == \.\t\r\u\e\. ]]
+ exgdas_enkf_update.sh[202][[ 9 -eq 6 ]]
+ exgdas_enkf_update.sh[211][[ NO == \Y\E\S ]]
+ exgdas_enkf_update.sh[215]/bin/ln -sf /lfs/h2/emc/ptmp/emc.global/RETRO_GFSv17/comroot/retrotestgfs10/enkfgdas.20241124/18/mem060/analysis/atmos/enkfgdas.t18z.atmi009.nc incr_2024112418_fhr09_mem060
+ exgdas_enkf_update.sh[219][[ YES == \Y\E\S ]]
+ exgdas_enkf_update.sh[220]/bin/ln -sf /lfs/h2/emc/ptmp/emc.global/RETRO_GFSv17/comroot/retrotestgfs10/enkfgdas.20241124/18/mem060/analysis/atmos/enkfgdas.t18z.sfci009.nc sfcincr_2024112418_fhr09_mem060
+ exgdas_enkf_update.sh[175]for imem in $(seq 1 ${NMEM_ENS})
+ exgdas_enkf_update.sh[176]smem=61
+ exgdas_enkf_update.sh[177]((  smem > NMEM_ENS_MAX  ))
++ exgdas_enkf_update.sh[180]printf %03i 61
+ exgdas_enkf_update.sh[180]gmemchar=mem061
++ exgdas_enkf_update.sh[181]printf %03i 61
+ exgdas_enkf_update.sh[181]memchar=mem061
+ exgdas_enkf_update.sh[183]MEMDIR=mem061
+ exgdas_enkf_update.sh[183]RUN=enkfgdas
+ exgdas_enkf_update.sh[183]YMD=20241124
+ exgdas_enkf_update.sh[183]HH=12
+ exgdas_enkf_update.sh[183]declare_from_tmpl -x COMIN_ATMOS_HISTORY_MEM_PREV:COM_ATMOS_HISTORY_TMPL
+ environment[0][[ NO == \N\O ]]
+ environment[1]set +x
declare_from_tmpl :: COMIN_ATMOS_HISTORY_MEM_PREV=/lfs/h2/emc/ptmp/emc.global/RETRO_GFSv17/comroot/retrotestgfs10/enkfgdas.20241124/12/mem061/model/atmos/history
+ exgdas_enkf_update.sh[186]MEMDIR=mem061
+ exgdas_enkf_update.sh[186]YMD=20241124
+ exgdas_enkf_update.sh[186]HH=18
+ exgdas_enkf_update.sh[186]declare_from_tmpl -x COMOUT_ATMOS_ANALYSIS_MEM:COM_ATMOS_ANALYSIS_TMPL
+ environment[0][[ NO == \N\O ]]
+ environment[1]set +x
declare_from_tmpl :: COMOUT_ATMOS_ANALYSIS_MEM=/lfs/h2/emc/ptmp/emc.global/RETRO_GFSv17/comroot/retrotestgfs10/enkfgdas.20241124/18/mem061/analysis/atmos
+ exgdas_enkf_update.sh[189]mkdir -p /lfs/h2/emc/ptmp/emc.global/RETRO_GFSv17/comroot/retrotestgfs10/enkfgdas.20241124/18/mem061/analysis/atmos
+ exgdas_enkf_update.sh[191]for FHR in ${nfhrs}
+ exgdas_enkf_update.sh[192]/bin/ln -sf /lfs/h2/emc/ptmp/emc.global/RETRO_GFSv17/comroot/retrotestgfs10/enkfgdas.20241124/12/mem061/model/atmos/history/enkfgdas.t12z.atmf003.nc sfg_2024112418_fhr03_mem061
+ exgdas_enkf_update.sh[194][[ .true. == \.\t\r\u\e\. ]]
+ exgdas_enkf_update.sh[195]/bin/ln -sf /lfs/h2/emc/ptmp/emc.global/RETRO_GFSv17/comroot/retrotestgfs10/enkfgdas.20241124/12/mem061/model/atmos/history/enkfgdas.t12z.sfcf003.nc bfg_2024112418_fhr03_mem061
+ exgdas_enkf_update.sh[198][[ .false. == \.\t\r\u\e\. ]]
+ exgdas_enkf_update.sh[202][[ 3 -eq 6 ]]
+ exgdas_enkf_update.sh[211][[ NO == \Y\E\S ]]
+ exgdas_enkf_update.sh[215]/bin/ln -sf /lfs/h2/emc/ptmp/emc.global/RETRO_GFSv17/comroot/retrotestgfs10/enkfgdas.20241124/18/mem061/analysis/atmos/enkfgdas.t18z.atmi003.nc incr_2024112418_fhr03_mem061
+ exgdas_enkf_update.sh[219][[ YES == \Y\E\S ]]
+ exgdas_enkf_update.sh[220]/bin/ln -sf /lfs/h2/emc/ptmp/emc.global/RETRO_GFSv17/comroot/retrotestgfs10/enkfgdas.20241124/18/mem061/analysis/atmos/enkfgdas.t18z.sfci003.nc sfcincr_2024112418_fhr03_mem061
+ exgdas_enkf_update.sh[191]for FHR in ${nfhrs}
+ exgdas_enkf_update.sh[192]/bin/ln -sf /lfs/h2/emc/ptmp/emc.global/RETRO_GFSv17/comroot/retrotestgfs10/enkfgdas.20241124/12/mem061/model/atmos/history/enkfgdas.t12z.atmf006.nc sfg_2024112418_fhr06_mem061
+ exgdas_enkf_update.sh[194][[ .true. == \.\t\r\u\e\. ]]
+ exgdas_enkf_update.sh[195]/bin/ln -sf /lfs/h2/emc/ptmp/emc.global/RETRO_GFSv17/comroot/retrotestgfs10/enkfgdas.20241124/12/mem061/model/atmos/history/enkfgdas.t12z.sfcf006.nc bfg_2024112418_fhr06_mem061
+ exgdas_enkf_update.sh[198][[ .false. == \.\t\r\u\e\. ]]
+ exgdas_enkf_update.sh[202][[ 6 -eq 6 ]]
+ exgdas_enkf_update.sh[203][[ NO == \Y\E\S ]]
+ exgdas_enkf_update.sh[207]/bin/ln -sf /lfs/h2/emc/ptmp/emc.global/RETRO_GFSv17/comroot/retrotestgfs10/enkfgdas.20241124/18/mem061/analysis/atmos/enkfgdas.t18z.atminc.nc incr_2024112418_fhr06_mem061
+ exgdas_enkf_update.sh[219][[ YES == \Y\E\S ]]
+ exgdas_enkf_update.sh[220]/bin/ln -sf /lfs/h2/emc/ptmp/emc.global/RETRO_GFSv17/comroot/retrotestgfs10/enkfgdas.20241124/18/mem061/analysis/atmos/enkfgdas.t18z.sfci006.nc sfcincr_2024112418_fhr06_mem061
+ exgdas_enkf_update.sh[191]for FHR in ${nfhrs}
+ exgdas_enkf_update.sh[192]/bin/ln -sf /lfs/h2/emc/ptmp/emc.global/RETRO_GFSv17/comroot/retrotestgfs10/enkfgdas.20241124/12/mem061/model/atmos/history/enkfgdas.t12z.atmf009.nc sfg_2024112418_fhr09_mem061
+ exgdas_enkf_update.sh[194][[ .true. == \.\t\r\u\e\. ]]
+ exgdas_enkf_update.sh[195]/bin/ln -sf /lfs/h2/emc/ptmp/emc.global/RETRO_GFSv17/comroot/retrotestgfs10/enkfgdas.20241124/12/mem061/model/atmos/history/enkfgdas.t12z.sfcf009.nc bfg_2024112418_fhr09_mem061
+ exgdas_enkf_update.sh[198][[ .false. == \.\t\r\u\e\. ]]
+ exgdas_enkf_update.sh[202][[ 9 -eq 6 ]]
+ exgdas_enkf_update.sh[211][[ NO == \Y\E\S ]]
+ exgdas_enkf_update.sh[215]/bin/ln -sf /lfs/h2/emc/ptmp/emc.global/RETRO_GFSv17/comroot/retrotestgfs10/enkfgdas.20241124/18/mem061/analysis/atmos/enkfgdas.t18z.atmi009.nc incr_2024112418_fhr09_mem061
+ exgdas_enkf_update.sh[219][[ YES == \Y\E\S ]]
+ exgdas_enkf_update.sh[220]/bin/ln -sf /lfs/h2/emc/ptmp/emc.global/RETRO_GFSv17/comroot/retrotestgfs10/enkfgdas.20241124/18/mem061/analysis/atmos/enkfgdas.t18z.sfci009.nc sfcincr_2024112418_fhr09_mem061
+ exgdas_enkf_update.sh[175]for imem in $(seq 1 ${NMEM_ENS})
+ exgdas_enkf_update.sh[176]smem=62
+ exgdas_enkf_update.sh[177]((  smem > NMEM_ENS_MAX  ))
++ exgdas_enkf_update.sh[180]printf %03i 62
+ exgdas_enkf_update.sh[180]gmemchar=mem062
++ exgdas_enkf_update.sh[181]printf %03i 62
+ exgdas_enkf_update.sh[181]memchar=mem062
+ exgdas_enkf_update.sh[183]MEMDIR=mem062
+ exgdas_enkf_update.sh[183]RUN=enkfgdas
+ exgdas_enkf_update.sh[183]YMD=20241124
+ exgdas_enkf_update.sh[183]HH=12
+ exgdas_enkf_update.sh[183]declare_from_tmpl -x COMIN_ATMOS_HISTORY_MEM_PREV:COM_ATMOS_HISTORY_TMPL
+ environment[0][[ NO == \N\O ]]
+ environment[1]set +x
declare_from_tmpl :: COMIN_ATMOS_HISTORY_MEM_PREV=/lfs/h2/emc/ptmp/emc.global/RETRO_GFSv17/comroot/retrotestgfs10/enkfgdas.20241124/12/mem062/model/atmos/history
+ exgdas_enkf_update.sh[186]MEMDIR=mem062
+ exgdas_enkf_update.sh[186]YMD=20241124
+ exgdas_enkf_update.sh[186]HH=18
+ exgdas_enkf_update.sh[186]declare_from_tmpl -x COMOUT_ATMOS_ANALYSIS_MEM:COM_ATMOS_ANALYSIS_TMPL
+ environment[0][[ NO == \N\O ]]
+ environment[1]set +x
declare_from_tmpl :: COMOUT_ATMOS_ANALYSIS_MEM=/lfs/h2/emc/ptmp/emc.global/RETRO_GFSv17/comroot/retrotestgfs10/enkfgdas.20241124/18/mem062/analysis/atmos
+ exgdas_enkf_update.sh[189]mkdir -p /lfs/h2/emc/ptmp/emc.global/RETRO_GFSv17/comroot/retrotestgfs10/enkfgdas.20241124/18/mem062/analysis/atmos
+ exgdas_enkf_update.sh[191]for FHR in ${nfhrs}
+ exgdas_enkf_update.sh[192]/bin/ln -sf /lfs/h2/emc/ptmp/emc.global/RETRO_GFSv17/comroot/retrotestgfs10/enkfgdas.20241124/12/mem062/model/atmos/history/enkfgdas.t12z.atmf003.nc sfg_2024112418_fhr03_mem062
+ exgdas_enkf_update.sh[194][[ .true. == \.\t\r\u\e\. ]]
+ exgdas_enkf_update.sh[195]/bin/ln -sf /lfs/h2/emc/ptmp/emc.global/RETRO_GFSv17/comroot/retrotestgfs10/enkfgdas.20241124/12/mem062/model/atmos/history/enkfgdas.t12z.sfcf003.nc bfg_2024112418_fhr03_mem062
+ exgdas_enkf_update.sh[198][[ .false. == \.\t\r\u\e\. ]]
+ exgdas_enkf_update.sh[202][[ 3 -eq 6 ]]
+ exgdas_enkf_update.sh[211][[ NO == \Y\E\S ]]
+ exgdas_enkf_update.sh[215]/bin/ln -sf /lfs/h2/emc/ptmp/emc.global/RETRO_GFSv17/comroot/retrotestgfs10/enkfgdas.20241124/18/mem062/analysis/atmos/enkfgdas.t18z.atmi003.nc incr_2024112418_fhr03_mem062
+ exgdas_enkf_update.sh[219][[ YES == \Y\E\S ]]
+ exgdas_enkf_update.sh[220]/bin/ln -sf /lfs/h2/emc/ptmp/emc.global/RETRO_GFSv17/comroot/retrotestgfs10/enkfgdas.20241124/18/mem062/analysis/atmos/enkfgdas.t18z.sfci003.nc sfcincr_2024112418_fhr03_mem062
+ exgdas_enkf_update.sh[191]for FHR in ${nfhrs}
+ exgdas_enkf_update.sh[192]/bin/ln -sf /lfs/h2/emc/ptmp/emc.global/RETRO_GFSv17/comroot/retrotestgfs10/enkfgdas.20241124/12/mem062/model/atmos/history/enkfgdas.t12z.atmf006.nc sfg_2024112418_fhr06_mem062
+ exgdas_enkf_update.sh[194][[ .true. == \.\t\r\u\e\. ]]
+ exgdas_enkf_update.sh[195]/bin/ln -sf /lfs/h2/emc/ptmp/emc.global/RETRO_GFSv17/comroot/retrotestgfs10/enkfgdas.20241124/12/mem062/model/atmos/history/enkfgdas.t12z.sfcf006.nc bfg_2024112418_fhr06_mem062
+ exgdas_enkf_update.sh[198][[ .false. == \.\t\r\u\e\. ]]
+ exgdas_enkf_update.sh[202][[ 6 -eq 6 ]]
+ exgdas_enkf_update.sh[203][[ NO == \Y\E\S ]]
+ exgdas_enkf_update.sh[207]/bin/ln -sf /lfs/h2/emc/ptmp/emc.global/RETRO_GFSv17/comroot/retrotestgfs10/enkfgdas.20241124/18/mem062/analysis/atmos/enkfgdas.t18z.atminc.nc incr_2024112418_fhr06_mem062
+ exgdas_enkf_update.sh[219][[ YES == \Y\E\S ]]
+ exgdas_enkf_update.sh[220]/bin/ln -sf /lfs/h2/emc/ptmp/emc.global/RETRO_GFSv17/comroot/retrotestgfs10/enkfgdas.20241124/18/mem062/analysis/atmos/enkfgdas.t18z.sfci006.nc sfcincr_2024112418_fhr06_mem062
+ exgdas_enkf_update.sh[191]for FHR in ${nfhrs}
+ exgdas_enkf_update.sh[192]/bin/ln -sf /lfs/h2/emc/ptmp/emc.global/RETRO_GFSv17/comroot/retrotestgfs10/enkfgdas.20241124/12/mem062/model/atmos/history/enkfgdas.t12z.atmf009.nc sfg_2024112418_fhr09_mem062
+ exgdas_enkf_update.sh[194][[ .true. == \.\t\r\u\e\. ]]
+ exgdas_enkf_update.sh[195]/bin/ln -sf /lfs/h2/emc/ptmp/emc.global/RETRO_GFSv17/comroot/retrotestgfs10/enkfgdas.20241124/12/mem062/model/atmos/history/enkfgdas.t12z.sfcf009.nc bfg_2024112418_fhr09_mem062
+ exgdas_enkf_update.sh[198][[ .false. == \.\t\r\u\e\. ]]
+ exgdas_enkf_update.sh[202][[ 9 -eq 6 ]]
+ exgdas_enkf_update.sh[211][[ NO == \Y\E\S ]]
+ exgdas_enkf_update.sh[215]/bin/ln -sf /lfs/h2/emc/ptmp/emc.global/RETRO_GFSv17/comroot/retrotestgfs10/enkfgdas.20241124/18/mem062/analysis/atmos/enkfgdas.t18z.atmi009.nc incr_2024112418_fhr09_mem062
+ exgdas_enkf_update.sh[219][[ YES == \Y\E\S ]]
+ exgdas_enkf_update.sh[220]/bin/ln -sf /lfs/h2/emc/ptmp/emc.global/RETRO_GFSv17/comroot/retrotestgfs10/enkfgdas.20241124/18/mem062/analysis/atmos/enkfgdas.t18z.sfci009.nc sfcincr_2024112418_fhr09_mem062
+ exgdas_enkf_update.sh[175]for imem in $(seq 1 ${NMEM_ENS})
+ exgdas_enkf_update.sh[176]smem=63
+ exgdas_enkf_update.sh[177]((  smem > NMEM_ENS_MAX  ))
++ exgdas_enkf_update.sh[180]printf %03i 63
+ exgdas_enkf_update.sh[180]gmemchar=mem063
++ exgdas_enkf_update.sh[181]printf %03i 63
+ exgdas_enkf_update.sh[181]memchar=mem063
+ exgdas_enkf_update.sh[183]MEMDIR=mem063
+ exgdas_enkf_update.sh[183]RUN=enkfgdas
+ exgdas_enkf_update.sh[183]YMD=20241124
+ exgdas_enkf_update.sh[183]HH=12
+ exgdas_enkf_update.sh[183]declare_from_tmpl -x COMIN_ATMOS_HISTORY_MEM_PREV:COM_ATMOS_HISTORY_TMPL
+ environment[0][[ NO == \N\O ]]
+ environment[1]set +x
declare_from_tmpl :: COMIN_ATMOS_HISTORY_MEM_PREV=/lfs/h2/emc/ptmp/emc.global/RETRO_GFSv17/comroot/retrotestgfs10/enkfgdas.20241124/12/mem063/model/atmos/history
+ exgdas_enkf_update.sh[186]MEMDIR=mem063
+ exgdas_enkf_update.sh[186]YMD=20241124
+ exgdas_enkf_update.sh[186]HH=18
+ exgdas_enkf_update.sh[186]declare_from_tmpl -x COMOUT_ATMOS_ANALYSIS_MEM:COM_ATMOS_ANALYSIS_TMPL
+ environment[0][[ NO == \N\O ]]
+ environment[1]set +x
declare_from_tmpl :: COMOUT_ATMOS_ANALYSIS_MEM=/lfs/h2/emc/ptmp/emc.global/RETRO_GFSv17/comroot/retrotestgfs10/enkfgdas.20241124/18/mem063/analysis/atmos
+ exgdas_enkf_update.sh[189]mkdir -p /lfs/h2/emc/ptmp/emc.global/RETRO_GFSv17/comroot/retrotestgfs10/enkfgdas.20241124/18/mem063/analysis/atmos
+ exgdas_enkf_update.sh[191]for FHR in ${nfhrs}
+ exgdas_enkf_update.sh[192]/bin/ln -sf /lfs/h2/emc/ptmp/emc.global/RETRO_GFSv17/comroot/retrotestgfs10/enkfgdas.20241124/12/mem063/model/atmos/history/enkfgdas.t12z.atmf003.nc sfg_2024112418_fhr03_mem063
+ exgdas_enkf_update.sh[194][[ .true. == \.\t\r\u\e\. ]]
+ exgdas_enkf_update.sh[195]/bin/ln -sf /lfs/h2/emc/ptmp/emc.global/RETRO_GFSv17/comroot/retrotestgfs10/enkfgdas.20241124/12/mem063/model/atmos/history/enkfgdas.t12z.sfcf003.nc bfg_2024112418_fhr03_mem063
+ exgdas_enkf_update.sh[198][[ .false. == \.\t\r\u\e\. ]]
+ exgdas_enkf_update.sh[202][[ 3 -eq 6 ]]
+ exgdas_enkf_update.sh[211][[ NO == \Y\E\S ]]
+ exgdas_enkf_update.sh[215]/bin/ln -sf /lfs/h2/emc/ptmp/emc.global/RETRO_GFSv17/comroot/retrotestgfs10/enkfgdas.20241124/18/mem063/analysis/atmos/enkfgdas.t18z.atmi003.nc incr_2024112418_fhr03_mem063
+ exgdas_enkf_update.sh[219][[ YES == \Y\E\S ]]
+ exgdas_enkf_update.sh[220]/bin/ln -sf /lfs/h2/emc/ptmp/emc.global/RETRO_GFSv17/comroot/retrotestgfs10/enkfgdas.20241124/18/mem063/analysis/atmos/enkfgdas.t18z.sfci003.nc sfcincr_2024112418_fhr03_mem063
+ exgdas_enkf_update.sh[191]for FHR in ${nfhrs}
+ exgdas_enkf_update.sh[192]/bin/ln -sf /lfs/h2/emc/ptmp/emc.global/RETRO_GFSv17/comroot/retrotestgfs10/enkfgdas.20241124/12/mem063/model/atmos/history/enkfgdas.t12z.atmf006.nc sfg_2024112418_fhr06_mem063
+ exgdas_enkf_update.sh[194][[ .true. == \.\t\r\u\e\. ]]
+ exgdas_enkf_update.sh[195]/bin/ln -sf /lfs/h2/emc/ptmp/emc.global/RETRO_GFSv17/comroot/retrotestgfs10/enkfgdas.20241124/12/mem063/model/atmos/history/enkfgdas.t12z.sfcf006.nc bfg_2024112418_fhr06_mem063
+ exgdas_enkf_update.sh[198][[ .false. == \.\t\r\u\e\. ]]
+ exgdas_enkf_update.sh[202][[ 6 -eq 6 ]]
+ exgdas_enkf_update.sh[203][[ NO == \Y\E\S ]]
+ exgdas_enkf_update.sh[207]/bin/ln -sf /lfs/h2/emc/ptmp/emc.global/RETRO_GFSv17/comroot/retrotestgfs10/enkfgdas.20241124/18/mem063/analysis/atmos/enkfgdas.t18z.atminc.nc incr_2024112418_fhr06_mem063
+ exgdas_enkf_update.sh[219][[ YES == \Y\E\S ]]
+ exgdas_enkf_update.sh[220]/bin/ln -sf /lfs/h2/emc/ptmp/emc.global/RETRO_GFSv17/comroot/retrotestgfs10/enkfgdas.20241124/18/mem063/analysis/atmos/enkfgdas.t18z.sfci006.nc sfcincr_2024112418_fhr06_mem063
+ exgdas_enkf_update.sh[191]for FHR in ${nfhrs}
+ exgdas_enkf_update.sh[192]/bin/ln -sf /lfs/h2/emc/ptmp/emc.global/RETRO_GFSv17/comroot/retrotestgfs10/enkfgdas.20241124/12/mem063/model/atmos/history/enkfgdas.t12z.atmf009.nc sfg_2024112418_fhr09_mem063
+ exgdas_enkf_update.sh[194][[ .true. == \.\t\r\u\e\. ]]
+ exgdas_enkf_update.sh[195]/bin/ln -sf /lfs/h2/emc/ptmp/emc.global/RETRO_GFSv17/comroot/retrotestgfs10/enkfgdas.20241124/12/mem063/model/atmos/history/enkfgdas.t12z.sfcf009.nc bfg_2024112418_fhr09_mem063
+ exgdas_enkf_update.sh[198][[ .false. == \.\t\r\u\e\. ]]
+ exgdas_enkf_update.sh[202][[ 9 -eq 6 ]]
+ exgdas_enkf_update.sh[211][[ NO == \Y\E\S ]]
+ exgdas_enkf_update.sh[215]/bin/ln -sf /lfs/h2/emc/ptmp/emc.global/RETRO_GFSv17/comroot/retrotestgfs10/enkfgdas.20241124/18/mem063/analysis/atmos/enkfgdas.t18z.atmi009.nc incr_2024112418_fhr09_mem063
+ exgdas_enkf_update.sh[219][[ YES == \Y\E\S ]]
+ exgdas_enkf_update.sh[220]/bin/ln -sf /lfs/h2/emc/ptmp/emc.global/RETRO_GFSv17/comroot/retrotestgfs10/enkfgdas.20241124/18/mem063/analysis/atmos/enkfgdas.t18z.sfci009.nc sfcincr_2024112418_fhr09_mem063
+ exgdas_enkf_update.sh[175]for imem in $(seq 1 ${NMEM_ENS})
+ exgdas_enkf_update.sh[176]smem=64
+ exgdas_enkf_update.sh[177]((  smem > NMEM_ENS_MAX  ))
++ exgdas_enkf_update.sh[180]printf %03i 64
+ exgdas_enkf_update.sh[180]gmemchar=mem064
++ exgdas_enkf_update.sh[181]printf %03i 64
+ exgdas_enkf_update.sh[181]memchar=mem064
+ exgdas_enkf_update.sh[183]MEMDIR=mem064
+ exgdas_enkf_update.sh[183]RUN=enkfgdas
+ exgdas_enkf_update.sh[183]YMD=20241124
+ exgdas_enkf_update.sh[183]HH=12
+ exgdas_enkf_update.sh[183]declare_from_tmpl -x COMIN_ATMOS_HISTORY_MEM_PREV:COM_ATMOS_HISTORY_TMPL
+ environment[0][[ NO == \N\O ]]
+ environment[1]set +x
declare_from_tmpl :: COMIN_ATMOS_HISTORY_MEM_PREV=/lfs/h2/emc/ptmp/emc.global/RETRO_GFSv17/comroot/retrotestgfs10/enkfgdas.20241124/12/mem064/model/atmos/history
+ exgdas_enkf_update.sh[186]MEMDIR=mem064
+ exgdas_enkf_update.sh[186]YMD=20241124
+ exgdas_enkf_update.sh[186]HH=18
+ exgdas_enkf_update.sh[186]declare_from_tmpl -x COMOUT_ATMOS_ANALYSIS_MEM:COM_ATMOS_ANALYSIS_TMPL
+ environment[0][[ NO == \N\O ]]
+ environment[1]set +x
declare_from_tmpl :: COMOUT_ATMOS_ANALYSIS_MEM=/lfs/h2/emc/ptmp/emc.global/RETRO_GFSv17/comroot/retrotestgfs10/enkfgdas.20241124/18/mem064/analysis/atmos
+ exgdas_enkf_update.sh[189]mkdir -p /lfs/h2/emc/ptmp/emc.global/RETRO_GFSv17/comroot/retrotestgfs10/enkfgdas.20241124/18/mem064/analysis/atmos
+ exgdas_enkf_update.sh[191]for FHR in ${nfhrs}
+ exgdas_enkf_update.sh[192]/bin/ln -sf /lfs/h2/emc/ptmp/emc.global/RETRO_GFSv17/comroot/retrotestgfs10/enkfgdas.20241124/12/mem064/model/atmos/history/enkfgdas.t12z.atmf003.nc sfg_2024112418_fhr03_mem064
+ exgdas_enkf_update.sh[194][[ .true. == \.\t\r\u\e\. ]]
+ exgdas_enkf_update.sh[195]/bin/ln -sf /lfs/h2/emc/ptmp/emc.global/RETRO_GFSv17/comroot/retrotestgfs10/enkfgdas.20241124/12/mem064/model/atmos/history/enkfgdas.t12z.sfcf003.nc bfg_2024112418_fhr03_mem064
+ exgdas_enkf_update.sh[198][[ .false. == \.\t\r\u\e\. ]]
+ exgdas_enkf_update.sh[202][[ 3 -eq 6 ]]
+ exgdas_enkf_update.sh[211][[ NO == \Y\E\S ]]
+ exgdas_enkf_update.sh[215]/bin/ln -sf /lfs/h2/emc/ptmp/emc.global/RETRO_GFSv17/comroot/retrotestgfs10/enkfgdas.20241124/18/mem064/analysis/atmos/enkfgdas.t18z.atmi003.nc incr_2024112418_fhr03_mem064
+ exgdas_enkf_update.sh[219][[ YES == \Y\E\S ]]
+ exgdas_enkf_update.sh[220]/bin/ln -sf /lfs/h2/emc/ptmp/emc.global/RETRO_GFSv17/comroot/retrotestgfs10/enkfgdas.20241124/18/mem064/analysis/atmos/enkfgdas.t18z.sfci003.nc sfcincr_2024112418_fhr03_mem064
+ exgdas_enkf_update.sh[191]for FHR in ${nfhrs}
+ exgdas_enkf_update.sh[192]/bin/ln -sf /lfs/h2/emc/ptmp/emc.global/RETRO_GFSv17/comroot/retrotestgfs10/enkfgdas.20241124/12/mem064/model/atmos/history/enkfgdas.t12z.atmf006.nc sfg_2024112418_fhr06_mem064
+ exgdas_enkf_update.sh[194][[ .true. == \.\t\r\u\e\. ]]
+ exgdas_enkf_update.sh[195]/bin/ln -sf /lfs/h2/emc/ptmp/emc.global/RETRO_GFSv17/comroot/retrotestgfs10/enkfgdas.20241124/12/mem064/model/atmos/history/enkfgdas.t12z.sfcf006.nc bfg_2024112418_fhr06_mem064
+ exgdas_enkf_update.sh[198][[ .false. == \.\t\r\u\e\. ]]
+ exgdas_enkf_update.sh[202][[ 6 -eq 6 ]]
+ exgdas_enkf_update.sh[203][[ NO == \Y\E\S ]]
+ exgdas_enkf_update.sh[207]/bin/ln -sf /lfs/h2/emc/ptmp/emc.global/RETRO_GFSv17/comroot/retrotestgfs10/enkfgdas.20241124/18/mem064/analysis/atmos/enkfgdas.t18z.atminc.nc incr_2024112418_fhr06_mem064
+ exgdas_enkf_update.sh[219][[ YES == \Y\E\S ]]
+ exgdas_enkf_update.sh[220]/bin/ln -sf /lfs/h2/emc/ptmp/emc.global/RETRO_GFSv17/comroot/retrotestgfs10/enkfgdas.20241124/18/mem064/analysis/atmos/enkfgdas.t18z.sfci006.nc sfcincr_2024112418_fhr06_mem064
+ exgdas_enkf_update.sh[191]for FHR in ${nfhrs}
+ exgdas_enkf_update.sh[192]/bin/ln -sf /lfs/h2/emc/ptmp/emc.global/RETRO_GFSv17/comroot/retrotestgfs10/enkfgdas.20241124/12/mem064/model/atmos/history/enkfgdas.t12z.atmf009.nc sfg_2024112418_fhr09_mem064
+ exgdas_enkf_update.sh[194][[ .true. == \.\t\r\u\e\. ]]
+ exgdas_enkf_update.sh[195]/bin/ln -sf /lfs/h2/emc/ptmp/emc.global/RETRO_GFSv17/comroot/retrotestgfs10/enkfgdas.20241124/12/mem064/model/atmos/history/enkfgdas.t12z.sfcf009.nc bfg_2024112418_fhr09_mem064
+ exgdas_enkf_update.sh[198][[ .false. == \.\t\r\u\e\. ]]
+ exgdas_enkf_update.sh[202][[ 9 -eq 6 ]]
+ exgdas_enkf_update.sh[211][[ NO == \Y\E\S ]]
+ exgdas_enkf_update.sh[215]/bin/ln -sf /lfs/h2/emc/ptmp/emc.global/RETRO_GFSv17/comroot/retrotestgfs10/enkfgdas.20241124/18/mem064/analysis/atmos/enkfgdas.t18z.atmi009.nc incr_2024112418_fhr09_mem064
+ exgdas_enkf_update.sh[219][[ YES == \Y\E\S ]]
+ exgdas_enkf_update.sh[220]/bin/ln -sf /lfs/h2/emc/ptmp/emc.global/RETRO_GFSv17/comroot/retrotestgfs10/enkfgdas.20241124/18/mem064/analysis/atmos/enkfgdas.t18z.sfci009.nc sfcincr_2024112418_fhr09_mem064
+ exgdas_enkf_update.sh[175]for imem in $(seq 1 ${NMEM_ENS})
+ exgdas_enkf_update.sh[176]smem=65
+ exgdas_enkf_update.sh[177]((  smem > NMEM_ENS_MAX  ))
++ exgdas_enkf_update.sh[180]printf %03i 65
+ exgdas_enkf_update.sh[180]gmemchar=mem065
++ exgdas_enkf_update.sh[181]printf %03i 65
+ exgdas_enkf_update.sh[181]memchar=mem065
+ exgdas_enkf_update.sh[183]MEMDIR=mem065
+ exgdas_enkf_update.sh[183]RUN=enkfgdas
+ exgdas_enkf_update.sh[183]YMD=20241124
+ exgdas_enkf_update.sh[183]HH=12
+ exgdas_enkf_update.sh[183]declare_from_tmpl -x COMIN_ATMOS_HISTORY_MEM_PREV:COM_ATMOS_HISTORY_TMPL
+ environment[0][[ NO == \N\O ]]
+ environment[1]set +x
declare_from_tmpl :: COMIN_ATMOS_HISTORY_MEM_PREV=/lfs/h2/emc/ptmp/emc.global/RETRO_GFSv17/comroot/retrotestgfs10/enkfgdas.20241124/12/mem065/model/atmos/history
+ exgdas_enkf_update.sh[186]MEMDIR=mem065
+ exgdas_enkf_update.sh[186]YMD=20241124
+ exgdas_enkf_update.sh[186]HH=18
+ exgdas_enkf_update.sh[186]declare_from_tmpl -x COMOUT_ATMOS_ANALYSIS_MEM:COM_ATMOS_ANALYSIS_TMPL
+ environment[0][[ NO == \N\O ]]
+ environment[1]set +x
declare_from_tmpl :: COMOUT_ATMOS_ANALYSIS_MEM=/lfs/h2/emc/ptmp/emc.global/RETRO_GFSv17/comroot/retrotestgfs10/enkfgdas.20241124/18/mem065/analysis/atmos
+ exgdas_enkf_update.sh[189]mkdir -p /lfs/h2/emc/ptmp/emc.global/RETRO_GFSv17/comroot/retrotestgfs10/enkfgdas.20241124/18/mem065/analysis/atmos
+ exgdas_enkf_update.sh[191]for FHR in ${nfhrs}
+ exgdas_enkf_update.sh[192]/bin/ln -sf /lfs/h2/emc/ptmp/emc.global/RETRO_GFSv17/comroot/retrotestgfs10/enkfgdas.20241124/12/mem065/model/atmos/history/enkfgdas.t12z.atmf003.nc sfg_2024112418_fhr03_mem065
+ exgdas_enkf_update.sh[194][[ .true. == \.\t\r\u\e\. ]]
+ exgdas_enkf_update.sh[195]/bin/ln -sf /lfs/h2/emc/ptmp/emc.global/RETRO_GFSv17/comroot/retrotestgfs10/enkfgdas.20241124/12/mem065/model/atmos/history/enkfgdas.t12z.sfcf003.nc bfg_2024112418_fhr03_mem065
+ exgdas_enkf_update.sh[198][[ .false. == \.\t\r\u\e\. ]]
+ exgdas_enkf_update.sh[202][[ 3 -eq 6 ]]
+ exgdas_enkf_update.sh[211][[ NO == \Y\E\S ]]
+ exgdas_enkf_update.sh[215]/bin/ln -sf /lfs/h2/emc/ptmp/emc.global/RETRO_GFSv17/comroot/retrotestgfs10/enkfgdas.20241124/18/mem065/analysis/atmos/enkfgdas.t18z.atmi003.nc incr_2024112418_fhr03_mem065
+ exgdas_enkf_update.sh[219][[ YES == \Y\E\S ]]
+ exgdas_enkf_update.sh[220]/bin/ln -sf /lfs/h2/emc/ptmp/emc.global/RETRO_GFSv17/comroot/retrotestgfs10/enkfgdas.20241124/18/mem065/analysis/atmos/enkfgdas.t18z.sfci003.nc sfcincr_2024112418_fhr03_mem065
+ exgdas_enkf_update.sh[191]for FHR in ${nfhrs}
+ exgdas_enkf_update.sh[192]/bin/ln -sf /lfs/h2/emc/ptmp/emc.global/RETRO_GFSv17/comroot/retrotestgfs10/enkfgdas.20241124/12/mem065/model/atmos/history/enkfgdas.t12z.atmf006.nc sfg_2024112418_fhr06_mem065
+ exgdas_enkf_update.sh[194][[ .true. == \.\t\r\u\e\. ]]
+ exgdas_enkf_update.sh[195]/bin/ln -sf /lfs/h2/emc/ptmp/emc.global/RETRO_GFSv17/comroot/retrotestgfs10/enkfgdas.20241124/12/mem065/model/atmos/history/enkfgdas.t12z.sfcf006.nc bfg_2024112418_fhr06_mem065
+ exgdas_enkf_update.sh[198][[ .false. == \.\t\r\u\e\. ]]
+ exgdas_enkf_update.sh[202][[ 6 -eq 6 ]]
+ exgdas_enkf_update.sh[203][[ NO == \Y\E\S ]]
+ exgdas_enkf_update.sh[207]/bin/ln -sf /lfs/h2/emc/ptmp/emc.global/RETRO_GFSv17/comroot/retrotestgfs10/enkfgdas.20241124/18/mem065/analysis/atmos/enkfgdas.t18z.atminc.nc incr_2024112418_fhr06_mem065
+ exgdas_enkf_update.sh[219][[ YES == \Y\E\S ]]
+ exgdas_enkf_update.sh[220]/bin/ln -sf /lfs/h2/emc/ptmp/emc.global/RETRO_GFSv17/comroot/retrotestgfs10/enkfgdas.20241124/18/mem065/analysis/atmos/enkfgdas.t18z.sfci006.nc sfcincr_2024112418_fhr06_mem065
+ exgdas_enkf_update.sh[191]for FHR in ${nfhrs}
+ exgdas_enkf_update.sh[192]/bin/ln -sf /lfs/h2/emc/ptmp/emc.global/RETRO_GFSv17/comroot/retrotestgfs10/enkfgdas.20241124/12/mem065/model/atmos/history/enkfgdas.t12z.atmf009.nc sfg_2024112418_fhr09_mem065
+ exgdas_enkf_update.sh[194][[ .true. == \.\t\r\u\e\. ]]
+ exgdas_enkf_update.sh[195]/bin/ln -sf /lfs/h2/emc/ptmp/emc.global/RETRO_GFSv17/comroot/retrotestgfs10/enkfgdas.20241124/12/mem065/model/atmos/history/enkfgdas.t12z.sfcf009.nc bfg_2024112418_fhr09_mem065
+ exgdas_enkf_update.sh[198][[ .false. == \.\t\r\u\e\. ]]
+ exgdas_enkf_update.sh[202][[ 9 -eq 6 ]]
+ exgdas_enkf_update.sh[211][[ NO == \Y\E\S ]]
+ exgdas_enkf_update.sh[215]/bin/ln -sf /lfs/h2/emc/ptmp/emc.global/RETRO_GFSv17/comroot/retrotestgfs10/enkfgdas.20241124/18/mem065/analysis/atmos/enkfgdas.t18z.atmi009.nc incr_2024112418_fhr09_mem065
+ exgdas_enkf_update.sh[219][[ YES == \Y\E\S ]]
+ exgdas_enkf_update.sh[220]/bin/ln -sf /lfs/h2/emc/ptmp/emc.global/RETRO_GFSv17/comroot/retrotestgfs10/enkfgdas.20241124/18/mem065/analysis/atmos/enkfgdas.t18z.sfci009.nc sfcincr_2024112418_fhr09_mem065
+ exgdas_enkf_update.sh[175]for imem in $(seq 1 ${NMEM_ENS})
+ exgdas_enkf_update.sh[176]smem=66
+ exgdas_enkf_update.sh[177]((  smem > NMEM_ENS_MAX  ))
++ exgdas_enkf_update.sh[180]printf %03i 66
+ exgdas_enkf_update.sh[180]gmemchar=mem066
++ exgdas_enkf_update.sh[181]printf %03i 66
+ exgdas_enkf_update.sh[181]memchar=mem066
+ exgdas_enkf_update.sh[183]MEMDIR=mem066
+ exgdas_enkf_update.sh[183]RUN=enkfgdas
+ exgdas_enkf_update.sh[183]YMD=20241124
+ exgdas_enkf_update.sh[183]HH=12
+ exgdas_enkf_update.sh[183]declare_from_tmpl -x COMIN_ATMOS_HISTORY_MEM_PREV:COM_ATMOS_HISTORY_TMPL
+ environment[0][[ NO == \N\O ]]
+ environment[1]set +x
declare_from_tmpl :: COMIN_ATMOS_HISTORY_MEM_PREV=/lfs/h2/emc/ptmp/emc.global/RETRO_GFSv17/comroot/retrotestgfs10/enkfgdas.20241124/12/mem066/model/atmos/history
+ exgdas_enkf_update.sh[186]MEMDIR=mem066
+ exgdas_enkf_update.sh[186]YMD=20241124
+ exgdas_enkf_update.sh[186]HH=18
+ exgdas_enkf_update.sh[186]declare_from_tmpl -x COMOUT_ATMOS_ANALYSIS_MEM:COM_ATMOS_ANALYSIS_TMPL
+ environment[0][[ NO == \N\O ]]
+ environment[1]set +x
declare_from_tmpl :: COMOUT_ATMOS_ANALYSIS_MEM=/lfs/h2/emc/ptmp/emc.global/RETRO_GFSv17/comroot/retrotestgfs10/enkfgdas.20241124/18/mem066/analysis/atmos
+ exgdas_enkf_update.sh[189]mkdir -p /lfs/h2/emc/ptmp/emc.global/RETRO_GFSv17/comroot/retrotestgfs10/enkfgdas.20241124/18/mem066/analysis/atmos
+ exgdas_enkf_update.sh[191]for FHR in ${nfhrs}
+ exgdas_enkf_update.sh[192]/bin/ln -sf /lfs/h2/emc/ptmp/emc.global/RETRO_GFSv17/comroot/retrotestgfs10/enkfgdas.20241124/12/mem066/model/atmos/history/enkfgdas.t12z.atmf003.nc sfg_2024112418_fhr03_mem066
+ exgdas_enkf_update.sh[194][[ .true. == \.\t\r\u\e\. ]]
+ exgdas_enkf_update.sh[195]/bin/ln -sf /lfs/h2/emc/ptmp/emc.global/RETRO_GFSv17/comroot/retrotestgfs10/enkfgdas.20241124/12/mem066/model/atmos/history/enkfgdas.t12z.sfcf003.nc bfg_2024112418_fhr03_mem066
+ exgdas_enkf_update.sh[198][[ .false. == \.\t\r\u\e\. ]]
+ exgdas_enkf_update.sh[202][[ 3 -eq 6 ]]
+ exgdas_enkf_update.sh[211][[ NO == \Y\E\S ]]
+ exgdas_enkf_update.sh[215]/bin/ln -sf /lfs/h2/emc/ptmp/emc.global/RETRO_GFSv17/comroot/retrotestgfs10/enkfgdas.20241124/18/mem066/analysis/atmos/enkfgdas.t18z.atmi003.nc incr_2024112418_fhr03_mem066
+ exgdas_enkf_update.sh[219][[ YES == \Y\E\S ]]
+ exgdas_enkf_update.sh[220]/bin/ln -sf /lfs/h2/emc/ptmp/emc.global/RETRO_GFSv17/comroot/retrotestgfs10/enkfgdas.20241124/18/mem066/analysis/atmos/enkfgdas.t18z.sfci003.nc sfcincr_2024112418_fhr03_mem066
+ exgdas_enkf_update.sh[191]for FHR in ${nfhrs}
+ exgdas_enkf_update.sh[192]/bin/ln -sf /lfs/h2/emc/ptmp/emc.global/RETRO_GFSv17/comroot/retrotestgfs10/enkfgdas.20241124/12/mem066/model/atmos/history/enkfgdas.t12z.atmf006.nc sfg_2024112418_fhr06_mem066
+ exgdas_enkf_update.sh[194][[ .true. == \.\t\r\u\e\. ]]
+ exgdas_enkf_update.sh[195]/bin/ln -sf /lfs/h2/emc/ptmp/emc.global/RETRO_GFSv17/comroot/retrotestgfs10/enkfgdas.20241124/12/mem066/model/atmos/history/enkfgdas.t12z.sfcf006.nc bfg_2024112418_fhr06_mem066
+ exgdas_enkf_update.sh[198][[ .false. == \.\t\r\u\e\. ]]
+ exgdas_enkf_update.sh[202][[ 6 -eq 6 ]]
+ exgdas_enkf_update.sh[203][[ NO == \Y\E\S ]]
+ exgdas_enkf_update.sh[207]/bin/ln -sf /lfs/h2/emc/ptmp/emc.global/RETRO_GFSv17/comroot/retrotestgfs10/enkfgdas.20241124/18/mem066/analysis/atmos/enkfgdas.t18z.atminc.nc incr_2024112418_fhr06_mem066
+ exgdas_enkf_update.sh[219][[ YES == \Y\E\S ]]
+ exgdas_enkf_update.sh[220]/bin/ln -sf /lfs/h2/emc/ptmp/emc.global/RETRO_GFSv17/comroot/retrotestgfs10/enkfgdas.20241124/18/mem066/analysis/atmos/enkfgdas.t18z.sfci006.nc sfcincr_2024112418_fhr06_mem066
+ exgdas_enkf_update.sh[191]for FHR in ${nfhrs}
+ exgdas_enkf_update.sh[192]/bin/ln -sf /lfs/h2/emc/ptmp/emc.global/RETRO_GFSv17/comroot/retrotestgfs10/enkfgdas.20241124/12/mem066/model/atmos/history/enkfgdas.t12z.atmf009.nc sfg_2024112418_fhr09_mem066
+ exgdas_enkf_update.sh[194][[ .true. == \.\t\r\u\e\. ]]
+ exgdas_enkf_update.sh[195]/bin/ln -sf /lfs/h2/emc/ptmp/emc.global/RETRO_GFSv17/comroot/retrotestgfs10/enkfgdas.20241124/12/mem066/model/atmos/history/enkfgdas.t12z.sfcf009.nc bfg_2024112418_fhr09_mem066
+ exgdas_enkf_update.sh[198][[ .false. == \.\t\r\u\e\. ]]
+ exgdas_enkf_update.sh[202][[ 9 -eq 6 ]]
+ exgdas_enkf_update.sh[211][[ NO == \Y\E\S ]]
+ exgdas_enkf_update.sh[215]/bin/ln -sf /lfs/h2/emc/ptmp/emc.global/RETRO_GFSv17/comroot/retrotestgfs10/enkfgdas.20241124/18/mem066/analysis/atmos/enkfgdas.t18z.atmi009.nc incr_2024112418_fhr09_mem066
+ exgdas_enkf_update.sh[219][[ YES == \Y\E\S ]]
+ exgdas_enkf_update.sh[220]/bin/ln -sf /lfs/h2/emc/ptmp/emc.global/RETRO_GFSv17/comroot/retrotestgfs10/enkfgdas.20241124/18/mem066/analysis/atmos/enkfgdas.t18z.sfci009.nc sfcincr_2024112418_fhr09_mem066
+ exgdas_enkf_update.sh[175]for imem in $(seq 1 ${NMEM_ENS})
+ exgdas_enkf_update.sh[176]smem=67
+ exgdas_enkf_update.sh[177]((  smem > NMEM_ENS_MAX  ))
++ exgdas_enkf_update.sh[180]printf %03i 67
+ exgdas_enkf_update.sh[180]gmemchar=mem067
++ exgdas_enkf_update.sh[181]printf %03i 67
+ exgdas_enkf_update.sh[181]memchar=mem067
+ exgdas_enkf_update.sh[183]MEMDIR=mem067
+ exgdas_enkf_update.sh[183]RUN=enkfgdas
+ exgdas_enkf_update.sh[183]YMD=20241124
+ exgdas_enkf_update.sh[183]HH=12
+ exgdas_enkf_update.sh[183]declare_from_tmpl -x COMIN_ATMOS_HISTORY_MEM_PREV:COM_ATMOS_HISTORY_TMPL
+ environment[0][[ NO == \N\O ]]
+ environment[1]set +x
declare_from_tmpl :: COMIN_ATMOS_HISTORY_MEM_PREV=/lfs/h2/emc/ptmp/emc.global/RETRO_GFSv17/comroot/retrotestgfs10/enkfgdas.20241124/12/mem067/model/atmos/history
+ exgdas_enkf_update.sh[186]MEMDIR=mem067
+ exgdas_enkf_update.sh[186]YMD=20241124
+ exgdas_enkf_update.sh[186]HH=18
+ exgdas_enkf_update.sh[186]declare_from_tmpl -x COMOUT_ATMOS_ANALYSIS_MEM:COM_ATMOS_ANALYSIS_TMPL
+ environment[0][[ NO == \N\O ]]
+ environment[1]set +x
declare_from_tmpl :: COMOUT_ATMOS_ANALYSIS_MEM=/lfs/h2/emc/ptmp/emc.global/RETRO_GFSv17/comroot/retrotestgfs10/enkfgdas.20241124/18/mem067/analysis/atmos
+ exgdas_enkf_update.sh[189]mkdir -p /lfs/h2/emc/ptmp/emc.global/RETRO_GFSv17/comroot/retrotestgfs10/enkfgdas.20241124/18/mem067/analysis/atmos
+ exgdas_enkf_update.sh[191]for FHR in ${nfhrs}
+ exgdas_enkf_update.sh[192]/bin/ln -sf /lfs/h2/emc/ptmp/emc.global/RETRO_GFSv17/comroot/retrotestgfs10/enkfgdas.20241124/12/mem067/model/atmos/history/enkfgdas.t12z.atmf003.nc sfg_2024112418_fhr03_mem067
+ exgdas_enkf_update.sh[194][[ .true. == \.\t\r\u\e\. ]]
+ exgdas_enkf_update.sh[195]/bin/ln -sf /lfs/h2/emc/ptmp/emc.global/RETRO_GFSv17/comroot/retrotestgfs10/enkfgdas.20241124/12/mem067/model/atmos/history/enkfgdas.t12z.sfcf003.nc bfg_2024112418_fhr03_mem067
+ exgdas_enkf_update.sh[198][[ .false. == \.\t\r\u\e\. ]]
+ exgdas_enkf_update.sh[202][[ 3 -eq 6 ]]
+ exgdas_enkf_update.sh[211][[ NO == \Y\E\S ]]
+ exgdas_enkf_update.sh[215]/bin/ln -sf /lfs/h2/emc/ptmp/emc.global/RETRO_GFSv17/comroot/retrotestgfs10/enkfgdas.20241124/18/mem067/analysis/atmos/enkfgdas.t18z.atmi003.nc incr_2024112418_fhr03_mem067
+ exgdas_enkf_update.sh[219][[ YES == \Y\E\S ]]
+ exgdas_enkf_update.sh[220]/bin/ln -sf /lfs/h2/emc/ptmp/emc.global/RETRO_GFSv17/comroot/retrotestgfs10/enkfgdas.20241124/18/mem067/analysis/atmos/enkfgdas.t18z.sfci003.nc sfcincr_2024112418_fhr03_mem067
+ exgdas_enkf_update.sh[191]for FHR in ${nfhrs}
+ exgdas_enkf_update.sh[192]/bin/ln -sf /lfs/h2/emc/ptmp/emc.global/RETRO_GFSv17/comroot/retrotestgfs10/enkfgdas.20241124/12/mem067/model/atmos/history/enkfgdas.t12z.atmf006.nc sfg_2024112418_fhr06_mem067
+ exgdas_enkf_update.sh[194][[ .true. == \.\t\r\u\e\. ]]
+ exgdas_enkf_update.sh[195]/bin/ln -sf /lfs/h2/emc/ptmp/emc.global/RETRO_GFSv17/comroot/retrotestgfs10/enkfgdas.20241124/12/mem067/model/atmos/history/enkfgdas.t12z.sfcf006.nc bfg_2024112418_fhr06_mem067
+ exgdas_enkf_update.sh[198][[ .false. == \.\t\r\u\e\. ]]
+ exgdas_enkf_update.sh[202][[ 6 -eq 6 ]]
+ exgdas_enkf_update.sh[203][[ NO == \Y\E\S ]]
+ exgdas_enkf_update.sh[207]/bin/ln -sf /lfs/h2/emc/ptmp/emc.global/RETRO_GFSv17/comroot/retrotestgfs10/enkfgdas.20241124/18/mem067/analysis/atmos/enkfgdas.t18z.atminc.nc incr_2024112418_fhr06_mem067
+ exgdas_enkf_update.sh[219][[ YES == \Y\E\S ]]
+ exgdas_enkf_update.sh[220]/bin/ln -sf /lfs/h2/emc/ptmp/emc.global/RETRO_GFSv17/comroot/retrotestgfs10/enkfgdas.20241124/18/mem067/analysis/atmos/enkfgdas.t18z.sfci006.nc sfcincr_2024112418_fhr06_mem067
+ exgdas_enkf_update.sh[191]for FHR in ${nfhrs}
+ exgdas_enkf_update.sh[192]/bin/ln -sf /lfs/h2/emc/ptmp/emc.global/RETRO_GFSv17/comroot/retrotestgfs10/enkfgdas.20241124/12/mem067/model/atmos/history/enkfgdas.t12z.atmf009.nc sfg_2024112418_fhr09_mem067
+ exgdas_enkf_update.sh[194][[ .true. == \.\t\r\u\e\. ]]
+ exgdas_enkf_update.sh[195]/bin/ln -sf /lfs/h2/emc/ptmp/emc.global/RETRO_GFSv17/comroot/retrotestgfs10/enkfgdas.20241124/12/mem067/model/atmos/history/enkfgdas.t12z.sfcf009.nc bfg_2024112418_fhr09_mem067
+ exgdas_enkf_update.sh[198][[ .false. == \.\t\r\u\e\. ]]
+ exgdas_enkf_update.sh[202][[ 9 -eq 6 ]]
+ exgdas_enkf_update.sh[211][[ NO == \Y\E\S ]]
+ exgdas_enkf_update.sh[215]/bin/ln -sf /lfs/h2/emc/ptmp/emc.global/RETRO_GFSv17/comroot/retrotestgfs10/enkfgdas.20241124/18/mem067/analysis/atmos/enkfgdas.t18z.atmi009.nc incr_2024112418_fhr09_mem067
+ exgdas_enkf_update.sh[219][[ YES == \Y\E\S ]]
+ exgdas_enkf_update.sh[220]/bin/ln -sf /lfs/h2/emc/ptmp/emc.global/RETRO_GFSv17/comroot/retrotestgfs10/enkfgdas.20241124/18/mem067/analysis/atmos/enkfgdas.t18z.sfci009.nc sfcincr_2024112418_fhr09_mem067
+ exgdas_enkf_update.sh[175]for imem in $(seq 1 ${NMEM_ENS})
+ exgdas_enkf_update.sh[176]smem=68
+ exgdas_enkf_update.sh[177]((  smem > NMEM_ENS_MAX  ))
++ exgdas_enkf_update.sh[180]printf %03i 68
+ exgdas_enkf_update.sh[180]gmemchar=mem068
++ exgdas_enkf_update.sh[181]printf %03i 68
+ exgdas_enkf_update.sh[181]memchar=mem068
+ exgdas_enkf_update.sh[183]MEMDIR=mem068
+ exgdas_enkf_update.sh[183]RUN=enkfgdas
+ exgdas_enkf_update.sh[183]YMD=20241124
+ exgdas_enkf_update.sh[183]HH=12
+ exgdas_enkf_update.sh[183]declare_from_tmpl -x COMIN_ATMOS_HISTORY_MEM_PREV:COM_ATMOS_HISTORY_TMPL
+ environment[0][[ NO == \N\O ]]
+ environment[1]set +x
declare_from_tmpl :: COMIN_ATMOS_HISTORY_MEM_PREV=/lfs/h2/emc/ptmp/emc.global/RETRO_GFSv17/comroot/retrotestgfs10/enkfgdas.20241124/12/mem068/model/atmos/history
+ exgdas_enkf_update.sh[186]MEMDIR=mem068
+ exgdas_enkf_update.sh[186]YMD=20241124
+ exgdas_enkf_update.sh[186]HH=18
+ exgdas_enkf_update.sh[186]declare_from_tmpl -x COMOUT_ATMOS_ANALYSIS_MEM:COM_ATMOS_ANALYSIS_TMPL
+ environment[0][[ NO == \N\O ]]
+ environment[1]set +x
declare_from_tmpl :: COMOUT_ATMOS_ANALYSIS_MEM=/lfs/h2/emc/ptmp/emc.global/RETRO_GFSv17/comroot/retrotestgfs10/enkfgdas.20241124/18/mem068/analysis/atmos
+ exgdas_enkf_update.sh[189]mkdir -p /lfs/h2/emc/ptmp/emc.global/RETRO_GFSv17/comroot/retrotestgfs10/enkfgdas.20241124/18/mem068/analysis/atmos
+ exgdas_enkf_update.sh[191]for FHR in ${nfhrs}
+ exgdas_enkf_update.sh[192]/bin/ln -sf /lfs/h2/emc/ptmp/emc.global/RETRO_GFSv17/comroot/retrotestgfs10/enkfgdas.20241124/12/mem068/model/atmos/history/enkfgdas.t12z.atmf003.nc sfg_2024112418_fhr03_mem068
+ exgdas_enkf_update.sh[194][[ .true. == \.\t\r\u\e\. ]]
+ exgdas_enkf_update.sh[195]/bin/ln -sf /lfs/h2/emc/ptmp/emc.global/RETRO_GFSv17/comroot/retrotestgfs10/enkfgdas.20241124/12/mem068/model/atmos/history/enkfgdas.t12z.sfcf003.nc bfg_2024112418_fhr03_mem068
+ exgdas_enkf_update.sh[198][[ .false. == \.\t\r\u\e\. ]]
+ exgdas_enkf_update.sh[202][[ 3 -eq 6 ]]
+ exgdas_enkf_update.sh[211][[ NO == \Y\E\S ]]
+ exgdas_enkf_update.sh[215]/bin/ln -sf /lfs/h2/emc/ptmp/emc.global/RETRO_GFSv17/comroot/retrotestgfs10/enkfgdas.20241124/18/mem068/analysis/atmos/enkfgdas.t18z.atmi003.nc incr_2024112418_fhr03_mem068
+ exgdas_enkf_update.sh[219][[ YES == \Y\E\S ]]
+ exgdas_enkf_update.sh[220]/bin/ln -sf /lfs/h2/emc/ptmp/emc.global/RETRO_GFSv17/comroot/retrotestgfs10/enkfgdas.20241124/18/mem068/analysis/atmos/enkfgdas.t18z.sfci003.nc sfcincr_2024112418_fhr03_mem068
+ exgdas_enkf_update.sh[191]for FHR in ${nfhrs}
+ exgdas_enkf_update.sh[192]/bin/ln -sf /lfs/h2/emc/ptmp/emc.global/RETRO_GFSv17/comroot/retrotestgfs10/enkfgdas.20241124/12/mem068/model/atmos/history/enkfgdas.t12z.atmf006.nc sfg_2024112418_fhr06_mem068
+ exgdas_enkf_update.sh[194][[ .true. == \.\t\r\u\e\. ]]
+ exgdas_enkf_update.sh[195]/bin/ln -sf /lfs/h2/emc/ptmp/emc.global/RETRO_GFSv17/comroot/retrotestgfs10/enkfgdas.20241124/12/mem068/model/atmos/history/enkfgdas.t12z.sfcf006.nc bfg_2024112418_fhr06_mem068
+ exgdas_enkf_update.sh[198][[ .false. == \.\t\r\u\e\. ]]
+ exgdas_enkf_update.sh[202][[ 6 -eq 6 ]]
+ exgdas_enkf_update.sh[203][[ NO == \Y\E\S ]]
+ exgdas_enkf_update.sh[207]/bin/ln -sf /lfs/h2/emc/ptmp/emc.global/RETRO_GFSv17/comroot/retrotestgfs10/enkfgdas.20241124/18/mem068/analysis/atmos/enkfgdas.t18z.atminc.nc incr_2024112418_fhr06_mem068
+ exgdas_enkf_update.sh[219][[ YES == \Y\E\S ]]
+ exgdas_enkf_update.sh[220]/bin/ln -sf /lfs/h2/emc/ptmp/emc.global/RETRO_GFSv17/comroot/retrotestgfs10/enkfgdas.20241124/18/mem068/analysis/atmos/enkfgdas.t18z.sfci006.nc sfcincr_2024112418_fhr06_mem068
+ exgdas_enkf_update.sh[191]for FHR in ${nfhrs}
+ exgdas_enkf_update.sh[192]/bin/ln -sf /lfs/h2/emc/ptmp/emc.global/RETRO_GFSv17/comroot/retrotestgfs10/enkfgdas.20241124/12/mem068/model/atmos/history/enkfgdas.t12z.atmf009.nc sfg_2024112418_fhr09_mem068
+ exgdas_enkf_update.sh[194][[ .true. == \.\t\r\u\e\. ]]
+ exgdas_enkf_update.sh[195]/bin/ln -sf /lfs/h2/emc/ptmp/emc.global/RETRO_GFSv17/comroot/retrotestgfs10/enkfgdas.20241124/12/mem068/model/atmos/history/enkfgdas.t12z.sfcf009.nc bfg_2024112418_fhr09_mem068
+ exgdas_enkf_update.sh[198][[ .false. == \.\t\r\u\e\. ]]
+ exgdas_enkf_update.sh[202][[ 9 -eq 6 ]]
+ exgdas_enkf_update.sh[211][[ NO == \Y\E\S ]]
+ exgdas_enkf_update.sh[215]/bin/ln -sf /lfs/h2/emc/ptmp/emc.global/RETRO_GFSv17/comroot/retrotestgfs10/enkfgdas.20241124/18/mem068/analysis/atmos/enkfgdas.t18z.atmi009.nc incr_2024112418_fhr09_mem068
+ exgdas_enkf_update.sh[219][[ YES == \Y\E\S ]]
+ exgdas_enkf_update.sh[220]/bin/ln -sf /lfs/h2/emc/ptmp/emc.global/RETRO_GFSv17/comroot/retrotestgfs10/enkfgdas.20241124/18/mem068/analysis/atmos/enkfgdas.t18z.sfci009.nc sfcincr_2024112418_fhr09_mem068
+ exgdas_enkf_update.sh[175]for imem in $(seq 1 ${NMEM_ENS})
+ exgdas_enkf_update.sh[176]smem=69
+ exgdas_enkf_update.sh[177]((  smem > NMEM_ENS_MAX  ))
++ exgdas_enkf_update.sh[180]printf %03i 69
+ exgdas_enkf_update.sh[180]gmemchar=mem069
++ exgdas_enkf_update.sh[181]printf %03i 69
+ exgdas_enkf_update.sh[181]memchar=mem069
+ exgdas_enkf_update.sh[183]MEMDIR=mem069
+ exgdas_enkf_update.sh[183]RUN=enkfgdas
+ exgdas_enkf_update.sh[183]YMD=20241124
+ exgdas_enkf_update.sh[183]HH=12
+ exgdas_enkf_update.sh[183]declare_from_tmpl -x COMIN_ATMOS_HISTORY_MEM_PREV:COM_ATMOS_HISTORY_TMPL
+ environment[0][[ NO == \N\O ]]
+ environment[1]set +x
declare_from_tmpl :: COMIN_ATMOS_HISTORY_MEM_PREV=/lfs/h2/emc/ptmp/emc.global/RETRO_GFSv17/comroot/retrotestgfs10/enkfgdas.20241124/12/mem069/model/atmos/history
+ exgdas_enkf_update.sh[186]MEMDIR=mem069
+ exgdas_enkf_update.sh[186]YMD=20241124
+ exgdas_enkf_update.sh[186]HH=18
+ exgdas_enkf_update.sh[186]declare_from_tmpl -x COMOUT_ATMOS_ANALYSIS_MEM:COM_ATMOS_ANALYSIS_TMPL
+ environment[0][[ NO == \N\O ]]
+ environment[1]set +x
declare_from_tmpl :: COMOUT_ATMOS_ANALYSIS_MEM=/lfs/h2/emc/ptmp/emc.global/RETRO_GFSv17/comroot/retrotestgfs10/enkfgdas.20241124/18/mem069/analysis/atmos
+ exgdas_enkf_update.sh[189]mkdir -p /lfs/h2/emc/ptmp/emc.global/RETRO_GFSv17/comroot/retrotestgfs10/enkfgdas.20241124/18/mem069/analysis/atmos
+ exgdas_enkf_update.sh[191]for FHR in ${nfhrs}
+ exgdas_enkf_update.sh[192]/bin/ln -sf /lfs/h2/emc/ptmp/emc.global/RETRO_GFSv17/comroot/retrotestgfs10/enkfgdas.20241124/12/mem069/model/atmos/history/enkfgdas.t12z.atmf003.nc sfg_2024112418_fhr03_mem069
+ exgdas_enkf_update.sh[194][[ .true. == \.\t\r\u\e\. ]]
+ exgdas_enkf_update.sh[195]/bin/ln -sf /lfs/h2/emc/ptmp/emc.global/RETRO_GFSv17/comroot/retrotestgfs10/enkfgdas.20241124/12/mem069/model/atmos/history/enkfgdas.t12z.sfcf003.nc bfg_2024112418_fhr03_mem069
+ exgdas_enkf_update.sh[198][[ .false. == \.\t\r\u\e\. ]]
+ exgdas_enkf_update.sh[202][[ 3 -eq 6 ]]
+ exgdas_enkf_update.sh[211][[ NO == \Y\E\S ]]
+ exgdas_enkf_update.sh[215]/bin/ln -sf /lfs/h2/emc/ptmp/emc.global/RETRO_GFSv17/comroot/retrotestgfs10/enkfgdas.20241124/18/mem069/analysis/atmos/enkfgdas.t18z.atmi003.nc incr_2024112418_fhr03_mem069
+ exgdas_enkf_update.sh[219][[ YES == \Y\E\S ]]
+ exgdas_enkf_update.sh[220]/bin/ln -sf /lfs/h2/emc/ptmp/emc.global/RETRO_GFSv17/comroot/retrotestgfs10/enkfgdas.20241124/18/mem069/analysis/atmos/enkfgdas.t18z.sfci003.nc sfcincr_2024112418_fhr03_mem069
+ exgdas_enkf_update.sh[191]for FHR in ${nfhrs}
+ exgdas_enkf_update.sh[192]/bin/ln -sf /lfs/h2/emc/ptmp/emc.global/RETRO_GFSv17/comroot/retrotestgfs10/enkfgdas.20241124/12/mem069/model/atmos/history/enkfgdas.t12z.atmf006.nc sfg_2024112418_fhr06_mem069
+ exgdas_enkf_update.sh[194][[ .true. == \.\t\r\u\e\. ]]
+ exgdas_enkf_update.sh[195]/bin/ln -sf /lfs/h2/emc/ptmp/emc.global/RETRO_GFSv17/comroot/retrotestgfs10/enkfgdas.20241124/12/mem069/model/atmos/history/enkfgdas.t12z.sfcf006.nc bfg_2024112418_fhr06_mem069
+ exgdas_enkf_update.sh[198][[ .false. == \.\t\r\u\e\. ]]
+ exgdas_enkf_update.sh[202][[ 6 -eq 6 ]]
+ exgdas_enkf_update.sh[203][[ NO == \Y\E\S ]]
+ exgdas_enkf_update.sh[207]/bin/ln -sf /lfs/h2/emc/ptmp/emc.global/RETRO_GFSv17/comroot/retrotestgfs10/enkfgdas.20241124/18/mem069/analysis/atmos/enkfgdas.t18z.atminc.nc incr_2024112418_fhr06_mem069
+ exgdas_enkf_update.sh[219][[ YES == \Y\E\S ]]
+ exgdas_enkf_update.sh[220]/bin/ln -sf /lfs/h2/emc/ptmp/emc.global/RETRO_GFSv17/comroot/retrotestgfs10/enkfgdas.20241124/18/mem069/analysis/atmos/enkfgdas.t18z.sfci006.nc sfcincr_2024112418_fhr06_mem069
+ exgdas_enkf_update.sh[191]for FHR in ${nfhrs}
+ exgdas_enkf_update.sh[192]/bin/ln -sf /lfs/h2/emc/ptmp/emc.global/RETRO_GFSv17/comroot/retrotestgfs10/enkfgdas.20241124/12/mem069/model/atmos/history/enkfgdas.t12z.atmf009.nc sfg_2024112418_fhr09_mem069
+ exgdas_enkf_update.sh[194][[ .true. == \.\t\r\u\e\. ]]
+ exgdas_enkf_update.sh[195]/bin/ln -sf /lfs/h2/emc/ptmp/emc.global/RETRO_GFSv17/comroot/retrotestgfs10/enkfgdas.20241124/12/mem069/model/atmos/history/enkfgdas.t12z.sfcf009.nc bfg_2024112418_fhr09_mem069
+ exgdas_enkf_update.sh[198][[ .false. == \.\t\r\u\e\. ]]
+ exgdas_enkf_update.sh[202][[ 9 -eq 6 ]]
+ exgdas_enkf_update.sh[211][[ NO == \Y\E\S ]]
+ exgdas_enkf_update.sh[215]/bin/ln -sf /lfs/h2/emc/ptmp/emc.global/RETRO_GFSv17/comroot/retrotestgfs10/enkfgdas.20241124/18/mem069/analysis/atmos/enkfgdas.t18z.atmi009.nc incr_2024112418_fhr09_mem069
+ exgdas_enkf_update.sh[219][[ YES == \Y\E\S ]]
+ exgdas_enkf_update.sh[220]/bin/ln -sf /lfs/h2/emc/ptmp/emc.global/RETRO_GFSv17/comroot/retrotestgfs10/enkfgdas.20241124/18/mem069/analysis/atmos/enkfgdas.t18z.sfci009.nc sfcincr_2024112418_fhr09_mem069
+ exgdas_enkf_update.sh[175]for imem in $(seq 1 ${NMEM_ENS})
+ exgdas_enkf_update.sh[176]smem=70
+ exgdas_enkf_update.sh[177]((  smem > NMEM_ENS_MAX  ))
++ exgdas_enkf_update.sh[180]printf %03i 70
+ exgdas_enkf_update.sh[180]gmemchar=mem070
++ exgdas_enkf_update.sh[181]printf %03i 70
+ exgdas_enkf_update.sh[181]memchar=mem070
+ exgdas_enkf_update.sh[183]MEMDIR=mem070
+ exgdas_enkf_update.sh[183]RUN=enkfgdas
+ exgdas_enkf_update.sh[183]YMD=20241124
+ exgdas_enkf_update.sh[183]HH=12
+ exgdas_enkf_update.sh[183]declare_from_tmpl -x COMIN_ATMOS_HISTORY_MEM_PREV:COM_ATMOS_HISTORY_TMPL
+ environment[0][[ NO == \N\O ]]
+ environment[1]set +x
declare_from_tmpl :: COMIN_ATMOS_HISTORY_MEM_PREV=/lfs/h2/emc/ptmp/emc.global/RETRO_GFSv17/comroot/retrotestgfs10/enkfgdas.20241124/12/mem070/model/atmos/history
+ exgdas_enkf_update.sh[186]MEMDIR=mem070
+ exgdas_enkf_update.sh[186]YMD=20241124
+ exgdas_enkf_update.sh[186]HH=18
+ exgdas_enkf_update.sh[186]declare_from_tmpl -x COMOUT_ATMOS_ANALYSIS_MEM:COM_ATMOS_ANALYSIS_TMPL
+ environment[0][[ NO == \N\O ]]
+ environment[1]set +x
declare_from_tmpl :: COMOUT_ATMOS_ANALYSIS_MEM=/lfs/h2/emc/ptmp/emc.global/RETRO_GFSv17/comroot/retrotestgfs10/enkfgdas.20241124/18/mem070/analysis/atmos
+ exgdas_enkf_update.sh[189]mkdir -p /lfs/h2/emc/ptmp/emc.global/RETRO_GFSv17/comroot/retrotestgfs10/enkfgdas.20241124/18/mem070/analysis/atmos
+ exgdas_enkf_update.sh[191]for FHR in ${nfhrs}
+ exgdas_enkf_update.sh[192]/bin/ln -sf /lfs/h2/emc/ptmp/emc.global/RETRO_GFSv17/comroot/retrotestgfs10/enkfgdas.20241124/12/mem070/model/atmos/history/enkfgdas.t12z.atmf003.nc sfg_2024112418_fhr03_mem070
+ exgdas_enkf_update.sh[194][[ .true. == \.\t\r\u\e\. ]]
+ exgdas_enkf_update.sh[195]/bin/ln -sf /lfs/h2/emc/ptmp/emc.global/RETRO_GFSv17/comroot/retrotestgfs10/enkfgdas.20241124/12/mem070/model/atmos/history/enkfgdas.t12z.sfcf003.nc bfg_2024112418_fhr03_mem070
+ exgdas_enkf_update.sh[198][[ .false. == \.\t\r\u\e\. ]]
+ exgdas_enkf_update.sh[202][[ 3 -eq 6 ]]
+ exgdas_enkf_update.sh[211][[ NO == \Y\E\S ]]
+ exgdas_enkf_update.sh[215]/bin/ln -sf /lfs/h2/emc/ptmp/emc.global/RETRO_GFSv17/comroot/retrotestgfs10/enkfgdas.20241124/18/mem070/analysis/atmos/enkfgdas.t18z.atmi003.nc incr_2024112418_fhr03_mem070
+ exgdas_enkf_update.sh[219][[ YES == \Y\E\S ]]
+ exgdas_enkf_update.sh[220]/bin/ln -sf /lfs/h2/emc/ptmp/emc.global/RETRO_GFSv17/comroot/retrotestgfs10/enkfgdas.20241124/18/mem070/analysis/atmos/enkfgdas.t18z.sfci003.nc sfcincr_2024112418_fhr03_mem070
+ exgdas_enkf_update.sh[191]for FHR in ${nfhrs}
+ exgdas_enkf_update.sh[192]/bin/ln -sf /lfs/h2/emc/ptmp/emc.global/RETRO_GFSv17/comroot/retrotestgfs10/enkfgdas.20241124/12/mem070/model/atmos/history/enkfgdas.t12z.atmf006.nc sfg_2024112418_fhr06_mem070
+ exgdas_enkf_update.sh[194][[ .true. == \.\t\r\u\e\. ]]
+ exgdas_enkf_update.sh[195]/bin/ln -sf /lfs/h2/emc/ptmp/emc.global/RETRO_GFSv17/comroot/retrotestgfs10/enkfgdas.20241124/12/mem070/model/atmos/history/enkfgdas.t12z.sfcf006.nc bfg_2024112418_fhr06_mem070
+ exgdas_enkf_update.sh[198][[ .false. == \.\t\r\u\e\. ]]
+ exgdas_enkf_update.sh[202][[ 6 -eq 6 ]]
+ exgdas_enkf_update.sh[203][[ NO == \Y\E\S ]]
+ exgdas_enkf_update.sh[207]/bin/ln -sf /lfs/h2/emc/ptmp/emc.global/RETRO_GFSv17/comroot/retrotestgfs10/enkfgdas.20241124/18/mem070/analysis/atmos/enkfgdas.t18z.atminc.nc incr_2024112418_fhr06_mem070
+ exgdas_enkf_update.sh[219][[ YES == \Y\E\S ]]
+ exgdas_enkf_update.sh[220]/bin/ln -sf /lfs/h2/emc/ptmp/emc.global/RETRO_GFSv17/comroot/retrotestgfs10/enkfgdas.20241124/18/mem070/analysis/atmos/enkfgdas.t18z.sfci006.nc sfcincr_2024112418_fhr06_mem070
+ exgdas_enkf_update.sh[191]for FHR in ${nfhrs}
+ exgdas_enkf_update.sh[192]/bin/ln -sf /lfs/h2/emc/ptmp/emc.global/RETRO_GFSv17/comroot/retrotestgfs10/enkfgdas.20241124/12/mem070/model/atmos/history/enkfgdas.t12z.atmf009.nc sfg_2024112418_fhr09_mem070
+ exgdas_enkf_update.sh[194][[ .true. == \.\t\r\u\e\. ]]
+ exgdas_enkf_update.sh[195]/bin/ln -sf /lfs/h2/emc/ptmp/emc.global/RETRO_GFSv17/comroot/retrotestgfs10/enkfgdas.20241124/12/mem070/model/atmos/history/enkfgdas.t12z.sfcf009.nc bfg_2024112418_fhr09_mem070
+ exgdas_enkf_update.sh[198][[ .false. == \.\t\r\u\e\. ]]
+ exgdas_enkf_update.sh[202][[ 9 -eq 6 ]]
+ exgdas_enkf_update.sh[211][[ NO == \Y\E\S ]]
+ exgdas_enkf_update.sh[215]/bin/ln -sf /lfs/h2/emc/ptmp/emc.global/RETRO_GFSv17/comroot/retrotestgfs10/enkfgdas.20241124/18/mem070/analysis/atmos/enkfgdas.t18z.atmi009.nc incr_2024112418_fhr09_mem070
+ exgdas_enkf_update.sh[219][[ YES == \Y\E\S ]]
+ exgdas_enkf_update.sh[220]/bin/ln -sf /lfs/h2/emc/ptmp/emc.global/RETRO_GFSv17/comroot/retrotestgfs10/enkfgdas.20241124/18/mem070/analysis/atmos/enkfgdas.t18z.sfci009.nc sfcincr_2024112418_fhr09_mem070
+ exgdas_enkf_update.sh[175]for imem in $(seq 1 ${NMEM_ENS})
+ exgdas_enkf_update.sh[176]smem=71
+ exgdas_enkf_update.sh[177]((  smem > NMEM_ENS_MAX  ))
++ exgdas_enkf_update.sh[180]printf %03i 71
+ exgdas_enkf_update.sh[180]gmemchar=mem071
++ exgdas_enkf_update.sh[181]printf %03i 71
+ exgdas_enkf_update.sh[181]memchar=mem071
+ exgdas_enkf_update.sh[183]MEMDIR=mem071
+ exgdas_enkf_update.sh[183]RUN=enkfgdas
+ exgdas_enkf_update.sh[183]YMD=20241124
+ exgdas_enkf_update.sh[183]HH=12
+ exgdas_enkf_update.sh[183]declare_from_tmpl -x COMIN_ATMOS_HISTORY_MEM_PREV:COM_ATMOS_HISTORY_TMPL
+ environment[0][[ NO == \N\O ]]
+ environment[1]set +x
declare_from_tmpl :: COMIN_ATMOS_HISTORY_MEM_PREV=/lfs/h2/emc/ptmp/emc.global/RETRO_GFSv17/comroot/retrotestgfs10/enkfgdas.20241124/12/mem071/model/atmos/history
+ exgdas_enkf_update.sh[186]MEMDIR=mem071
+ exgdas_enkf_update.sh[186]YMD=20241124
+ exgdas_enkf_update.sh[186]HH=18
+ exgdas_enkf_update.sh[186]declare_from_tmpl -x COMOUT_ATMOS_ANALYSIS_MEM:COM_ATMOS_ANALYSIS_TMPL
+ environment[0][[ NO == \N\O ]]
+ environment[1]set +x
declare_from_tmpl :: COMOUT_ATMOS_ANALYSIS_MEM=/lfs/h2/emc/ptmp/emc.global/RETRO_GFSv17/comroot/retrotestgfs10/enkfgdas.20241124/18/mem071/analysis/atmos
+ exgdas_enkf_update.sh[189]mkdir -p /lfs/h2/emc/ptmp/emc.global/RETRO_GFSv17/comroot/retrotestgfs10/enkfgdas.20241124/18/mem071/analysis/atmos
+ exgdas_enkf_update.sh[191]for FHR in ${nfhrs}
+ exgdas_enkf_update.sh[192]/bin/ln -sf /lfs/h2/emc/ptmp/emc.global/RETRO_GFSv17/comroot/retrotestgfs10/enkfgdas.20241124/12/mem071/model/atmos/history/enkfgdas.t12z.atmf003.nc sfg_2024112418_fhr03_mem071
+ exgdas_enkf_update.sh[194][[ .true. == \.\t\r\u\e\. ]]
+ exgdas_enkf_update.sh[195]/bin/ln -sf /lfs/h2/emc/ptmp/emc.global/RETRO_GFSv17/comroot/retrotestgfs10/enkfgdas.20241124/12/mem071/model/atmos/history/enkfgdas.t12z.sfcf003.nc bfg_2024112418_fhr03_mem071
+ exgdas_enkf_update.sh[198][[ .false. == \.\t\r\u\e\. ]]
+ exgdas_enkf_update.sh[202][[ 3 -eq 6 ]]
+ exgdas_enkf_update.sh[211][[ NO == \Y\E\S ]]
+ exgdas_enkf_update.sh[215]/bin/ln -sf /lfs/h2/emc/ptmp/emc.global/RETRO_GFSv17/comroot/retrotestgfs10/enkfgdas.20241124/18/mem071/analysis/atmos/enkfgdas.t18z.atmi003.nc incr_2024112418_fhr03_mem071
+ exgdas_enkf_update.sh[219][[ YES == \Y\E\S ]]
+ exgdas_enkf_update.sh[220]/bin/ln -sf /lfs/h2/emc/ptmp/emc.global/RETRO_GFSv17/comroot/retrotestgfs10/enkfgdas.20241124/18/mem071/analysis/atmos/enkfgdas.t18z.sfci003.nc sfcincr_2024112418_fhr03_mem071
+ exgdas_enkf_update.sh[191]for FHR in ${nfhrs}
+ exgdas_enkf_update.sh[192]/bin/ln -sf /lfs/h2/emc/ptmp/emc.global/RETRO_GFSv17/comroot/retrotestgfs10/enkfgdas.20241124/12/mem071/model/atmos/history/enkfgdas.t12z.atmf006.nc sfg_2024112418_fhr06_mem071
+ exgdas_enkf_update.sh[194][[ .true. == \.\t\r\u\e\. ]]
+ exgdas_enkf_update.sh[195]/bin/ln -sf /lfs/h2/emc/ptmp/emc.global/RETRO_GFSv17/comroot/retrotestgfs10/enkfgdas.20241124/12/mem071/model/atmos/history/enkfgdas.t12z.sfcf006.nc bfg_2024112418_fhr06_mem071
+ exgdas_enkf_update.sh[198][[ .false. == \.\t\r\u\e\. ]]
+ exgdas_enkf_update.sh[202][[ 6 -eq 6 ]]
+ exgdas_enkf_update.sh[203][[ NO == \Y\E\S ]]
+ exgdas_enkf_update.sh[207]/bin/ln -sf /lfs/h2/emc/ptmp/emc.global/RETRO_GFSv17/comroot/retrotestgfs10/enkfgdas.20241124/18/mem071/analysis/atmos/enkfgdas.t18z.atminc.nc incr_2024112418_fhr06_mem071
+ exgdas_enkf_update.sh[219][[ YES == \Y\E\S ]]
+ exgdas_enkf_update.sh[220]/bin/ln -sf /lfs/h2/emc/ptmp/emc.global/RETRO_GFSv17/comroot/retrotestgfs10/enkfgdas.20241124/18/mem071/analysis/atmos/enkfgdas.t18z.sfci006.nc sfcincr_2024112418_fhr06_mem071
+ exgdas_enkf_update.sh[191]for FHR in ${nfhrs}
+ exgdas_enkf_update.sh[192]/bin/ln -sf /lfs/h2/emc/ptmp/emc.global/RETRO_GFSv17/comroot/retrotestgfs10/enkfgdas.20241124/12/mem071/model/atmos/history/enkfgdas.t12z.atmf009.nc sfg_2024112418_fhr09_mem071
+ exgdas_enkf_update.sh[194][[ .true. == \.\t\r\u\e\. ]]
+ exgdas_enkf_update.sh[195]/bin/ln -sf /lfs/h2/emc/ptmp/emc.global/RETRO_GFSv17/comroot/retrotestgfs10/enkfgdas.20241124/12/mem071/model/atmos/history/enkfgdas.t12z.sfcf009.nc bfg_2024112418_fhr09_mem071
+ exgdas_enkf_update.sh[198][[ .false. == \.\t\r\u\e\. ]]
+ exgdas_enkf_update.sh[202][[ 9 -eq 6 ]]
+ exgdas_enkf_update.sh[211][[ NO == \Y\E\S ]]
+ exgdas_enkf_update.sh[215]/bin/ln -sf /lfs/h2/emc/ptmp/emc.global/RETRO_GFSv17/comroot/retrotestgfs10/enkfgdas.20241124/18/mem071/analysis/atmos/enkfgdas.t18z.atmi009.nc incr_2024112418_fhr09_mem071
+ exgdas_enkf_update.sh[219][[ YES == \Y\E\S ]]
+ exgdas_enkf_update.sh[220]/bin/ln -sf /lfs/h2/emc/ptmp/emc.global/RETRO_GFSv17/comroot/retrotestgfs10/enkfgdas.20241124/18/mem071/analysis/atmos/enkfgdas.t18z.sfci009.nc sfcincr_2024112418_fhr09_mem071
+ exgdas_enkf_update.sh[175]for imem in $(seq 1 ${NMEM_ENS})
+ exgdas_enkf_update.sh[176]smem=72
+ exgdas_enkf_update.sh[177]((  smem > NMEM_ENS_MAX  ))
++ exgdas_enkf_update.sh[180]printf %03i 72
+ exgdas_enkf_update.sh[180]gmemchar=mem072
++ exgdas_enkf_update.sh[181]printf %03i 72
+ exgdas_enkf_update.sh[181]memchar=mem072
+ exgdas_enkf_update.sh[183]MEMDIR=mem072
+ exgdas_enkf_update.sh[183]RUN=enkfgdas
+ exgdas_enkf_update.sh[183]YMD=20241124
+ exgdas_enkf_update.sh[183]HH=12
+ exgdas_enkf_update.sh[183]declare_from_tmpl -x COMIN_ATMOS_HISTORY_MEM_PREV:COM_ATMOS_HISTORY_TMPL
+ environment[0][[ NO == \N\O ]]
+ environment[1]set +x
declare_from_tmpl :: COMIN_ATMOS_HISTORY_MEM_PREV=/lfs/h2/emc/ptmp/emc.global/RETRO_GFSv17/comroot/retrotestgfs10/enkfgdas.20241124/12/mem072/model/atmos/history
+ exgdas_enkf_update.sh[186]MEMDIR=mem072
+ exgdas_enkf_update.sh[186]YMD=20241124
+ exgdas_enkf_update.sh[186]HH=18
+ exgdas_enkf_update.sh[186]declare_from_tmpl -x COMOUT_ATMOS_ANALYSIS_MEM:COM_ATMOS_ANALYSIS_TMPL
+ environment[0][[ NO == \N\O ]]
+ environment[1]set +x
declare_from_tmpl :: COMOUT_ATMOS_ANALYSIS_MEM=/lfs/h2/emc/ptmp/emc.global/RETRO_GFSv17/comroot/retrotestgfs10/enkfgdas.20241124/18/mem072/analysis/atmos
+ exgdas_enkf_update.sh[189]mkdir -p /lfs/h2/emc/ptmp/emc.global/RETRO_GFSv17/comroot/retrotestgfs10/enkfgdas.20241124/18/mem072/analysis/atmos
+ exgdas_enkf_update.sh[191]for FHR in ${nfhrs}
+ exgdas_enkf_update.sh[192]/bin/ln -sf /lfs/h2/emc/ptmp/emc.global/RETRO_GFSv17/comroot/retrotestgfs10/enkfgdas.20241124/12/mem072/model/atmos/history/enkfgdas.t12z.atmf003.nc sfg_2024112418_fhr03_mem072
+ exgdas_enkf_update.sh[194][[ .true. == \.\t\r\u\e\. ]]
+ exgdas_enkf_update.sh[195]/bin/ln -sf /lfs/h2/emc/ptmp/emc.global/RETRO_GFSv17/comroot/retrotestgfs10/enkfgdas.20241124/12/mem072/model/atmos/history/enkfgdas.t12z.sfcf003.nc bfg_2024112418_fhr03_mem072
+ exgdas_enkf_update.sh[198][[ .false. == \.\t\r\u\e\. ]]
+ exgdas_enkf_update.sh[202][[ 3 -eq 6 ]]
+ exgdas_enkf_update.sh[211][[ NO == \Y\E\S ]]
+ exgdas_enkf_update.sh[215]/bin/ln -sf /lfs/h2/emc/ptmp/emc.global/RETRO_GFSv17/comroot/retrotestgfs10/enkfgdas.20241124/18/mem072/analysis/atmos/enkfgdas.t18z.atmi003.nc incr_2024112418_fhr03_mem072
+ exgdas_enkf_update.sh[219][[ YES == \Y\E\S ]]
+ exgdas_enkf_update.sh[220]/bin/ln -sf /lfs/h2/emc/ptmp/emc.global/RETRO_GFSv17/comroot/retrotestgfs10/enkfgdas.20241124/18/mem072/analysis/atmos/enkfgdas.t18z.sfci003.nc sfcincr_2024112418_fhr03_mem072
+ exgdas_enkf_update.sh[191]for FHR in ${nfhrs}
+ exgdas_enkf_update.sh[192]/bin/ln -sf /lfs/h2/emc/ptmp/emc.global/RETRO_GFSv17/comroot/retrotestgfs10/enkfgdas.20241124/12/mem072/model/atmos/history/enkfgdas.t12z.atmf006.nc sfg_2024112418_fhr06_mem072
+ exgdas_enkf_update.sh[194][[ .true. == \.\t\r\u\e\. ]]
+ exgdas_enkf_update.sh[195]/bin/ln -sf /lfs/h2/emc/ptmp/emc.global/RETRO_GFSv17/comroot/retrotestgfs10/enkfgdas.20241124/12/mem072/model/atmos/history/enkfgdas.t12z.sfcf006.nc bfg_2024112418_fhr06_mem072
+ exgdas_enkf_update.sh[198][[ .false. == \.\t\r\u\e\. ]]
+ exgdas_enkf_update.sh[202][[ 6 -eq 6 ]]
+ exgdas_enkf_update.sh[203][[ NO == \Y\E\S ]]
+ exgdas_enkf_update.sh[207]/bin/ln -sf /lfs/h2/emc/ptmp/emc.global/RETRO_GFSv17/comroot/retrotestgfs10/enkfgdas.20241124/18/mem072/analysis/atmos/enkfgdas.t18z.atminc.nc incr_2024112418_fhr06_mem072
+ exgdas_enkf_update.sh[219][[ YES == \Y\E\S ]]
+ exgdas_enkf_update.sh[220]/bin/ln -sf /lfs/h2/emc/ptmp/emc.global/RETRO_GFSv17/comroot/retrotestgfs10/enkfgdas.20241124/18/mem072/analysis/atmos/enkfgdas.t18z.sfci006.nc sfcincr_2024112418_fhr06_mem072
+ exgdas_enkf_update.sh[191]for FHR in ${nfhrs}
+ exgdas_enkf_update.sh[192]/bin/ln -sf /lfs/h2/emc/ptmp/emc.global/RETRO_GFSv17/comroot/retrotestgfs10/enkfgdas.20241124/12/mem072/model/atmos/history/enkfgdas.t12z.atmf009.nc sfg_2024112418_fhr09_mem072
+ exgdas_enkf_update.sh[194][[ .true. == \.\t\r\u\e\. ]]
+ exgdas_enkf_update.sh[195]/bin/ln -sf /lfs/h2/emc/ptmp/emc.global/RETRO_GFSv17/comroot/retrotestgfs10/enkfgdas.20241124/12/mem072/model/atmos/history/enkfgdas.t12z.sfcf009.nc bfg_2024112418_fhr09_mem072
+ exgdas_enkf_update.sh[198][[ .false. == \.\t\r\u\e\. ]]
+ exgdas_enkf_update.sh[202][[ 9 -eq 6 ]]
+ exgdas_enkf_update.sh[211][[ NO == \Y\E\S ]]
+ exgdas_enkf_update.sh[215]/bin/ln -sf /lfs/h2/emc/ptmp/emc.global/RETRO_GFSv17/comroot/retrotestgfs10/enkfgdas.20241124/18/mem072/analysis/atmos/enkfgdas.t18z.atmi009.nc incr_2024112418_fhr09_mem072
+ exgdas_enkf_update.sh[219][[ YES == \Y\E\S ]]
+ exgdas_enkf_update.sh[220]/bin/ln -sf /lfs/h2/emc/ptmp/emc.global/RETRO_GFSv17/comroot/retrotestgfs10/enkfgdas.20241124/18/mem072/analysis/atmos/enkfgdas.t18z.sfci009.nc sfcincr_2024112418_fhr09_mem072
+ exgdas_enkf_update.sh[175]for imem in $(seq 1 ${NMEM_ENS})
+ exgdas_enkf_update.sh[176]smem=73
+ exgdas_enkf_update.sh[177]((  smem > NMEM_ENS_MAX  ))
++ exgdas_enkf_update.sh[180]printf %03i 73
+ exgdas_enkf_update.sh[180]gmemchar=mem073
++ exgdas_enkf_update.sh[181]printf %03i 73
+ exgdas_enkf_update.sh[181]memchar=mem073
+ exgdas_enkf_update.sh[183]MEMDIR=mem073
+ exgdas_enkf_update.sh[183]RUN=enkfgdas
+ exgdas_enkf_update.sh[183]YMD=20241124
+ exgdas_enkf_update.sh[183]HH=12
+ exgdas_enkf_update.sh[183]declare_from_tmpl -x COMIN_ATMOS_HISTORY_MEM_PREV:COM_ATMOS_HISTORY_TMPL
+ environment[0][[ NO == \N\O ]]
+ environment[1]set +x
declare_from_tmpl :: COMIN_ATMOS_HISTORY_MEM_PREV=/lfs/h2/emc/ptmp/emc.global/RETRO_GFSv17/comroot/retrotestgfs10/enkfgdas.20241124/12/mem073/model/atmos/history
+ exgdas_enkf_update.sh[186]MEMDIR=mem073
+ exgdas_enkf_update.sh[186]YMD=20241124
+ exgdas_enkf_update.sh[186]HH=18
+ exgdas_enkf_update.sh[186]declare_from_tmpl -x COMOUT_ATMOS_ANALYSIS_MEM:COM_ATMOS_ANALYSIS_TMPL
+ environment[0][[ NO == \N\O ]]
+ environment[1]set +x
declare_from_tmpl :: COMOUT_ATMOS_ANALYSIS_MEM=/lfs/h2/emc/ptmp/emc.global/RETRO_GFSv17/comroot/retrotestgfs10/enkfgdas.20241124/18/mem073/analysis/atmos
+ exgdas_enkf_update.sh[189]mkdir -p /lfs/h2/emc/ptmp/emc.global/RETRO_GFSv17/comroot/retrotestgfs10/enkfgdas.20241124/18/mem073/analysis/atmos
+ exgdas_enkf_update.sh[191]for FHR in ${nfhrs}
+ exgdas_enkf_update.sh[192]/bin/ln -sf /lfs/h2/emc/ptmp/emc.global/RETRO_GFSv17/comroot/retrotestgfs10/enkfgdas.20241124/12/mem073/model/atmos/history/enkfgdas.t12z.atmf003.nc sfg_2024112418_fhr03_mem073
+ exgdas_enkf_update.sh[194][[ .true. == \.\t\r\u\e\. ]]
+ exgdas_enkf_update.sh[195]/bin/ln -sf /lfs/h2/emc/ptmp/emc.global/RETRO_GFSv17/comroot/retrotestgfs10/enkfgdas.20241124/12/mem073/model/atmos/history/enkfgdas.t12z.sfcf003.nc bfg_2024112418_fhr03_mem073
+ exgdas_enkf_update.sh[198][[ .false. == \.\t\r\u\e\. ]]
+ exgdas_enkf_update.sh[202][[ 3 -eq 6 ]]
+ exgdas_enkf_update.sh[211][[ NO == \Y\E\S ]]
+ exgdas_enkf_update.sh[215]/bin/ln -sf /lfs/h2/emc/ptmp/emc.global/RETRO_GFSv17/comroot/retrotestgfs10/enkfgdas.20241124/18/mem073/analysis/atmos/enkfgdas.t18z.atmi003.nc incr_2024112418_fhr03_mem073
+ exgdas_enkf_update.sh[219][[ YES == \Y\E\S ]]
+ exgdas_enkf_update.sh[220]/bin/ln -sf /lfs/h2/emc/ptmp/emc.global/RETRO_GFSv17/comroot/retrotestgfs10/enkfgdas.20241124/18/mem073/analysis/atmos/enkfgdas.t18z.sfci003.nc sfcincr_2024112418_fhr03_mem073
+ exgdas_enkf_update.sh[191]for FHR in ${nfhrs}
+ exgdas_enkf_update.sh[192]/bin/ln -sf /lfs/h2/emc/ptmp/emc.global/RETRO_GFSv17/comroot/retrotestgfs10/enkfgdas.20241124/12/mem073/model/atmos/history/enkfgdas.t12z.atmf006.nc sfg_2024112418_fhr06_mem073
+ exgdas_enkf_update.sh[194][[ .true. == \.\t\r\u\e\. ]]
+ exgdas_enkf_update.sh[195]/bin/ln -sf /lfs/h2/emc/ptmp/emc.global/RETRO_GFSv17/comroot/retrotestgfs10/enkfgdas.20241124/12/mem073/model/atmos/history/enkfgdas.t12z.sfcf006.nc bfg_2024112418_fhr06_mem073
+ exgdas_enkf_update.sh[198][[ .false. == \.\t\r\u\e\. ]]
+ exgdas_enkf_update.sh[202][[ 6 -eq 6 ]]
+ exgdas_enkf_update.sh[203][[ NO == \Y\E\S ]]
+ exgdas_enkf_update.sh[207]/bin/ln -sf /lfs/h2/emc/ptmp/emc.global/RETRO_GFSv17/comroot/retrotestgfs10/enkfgdas.20241124/18/mem073/analysis/atmos/enkfgdas.t18z.atminc.nc incr_2024112418_fhr06_mem073
+ exgdas_enkf_update.sh[219][[ YES == \Y\E\S ]]
+ exgdas_enkf_update.sh[220]/bin/ln -sf /lfs/h2/emc/ptmp/emc.global/RETRO_GFSv17/comroot/retrotestgfs10/enkfgdas.20241124/18/mem073/analysis/atmos/enkfgdas.t18z.sfci006.nc sfcincr_2024112418_fhr06_mem073
+ exgdas_enkf_update.sh[191]for FHR in ${nfhrs}
+ exgdas_enkf_update.sh[192]/bin/ln -sf /lfs/h2/emc/ptmp/emc.global/RETRO_GFSv17/comroot/retrotestgfs10/enkfgdas.20241124/12/mem073/model/atmos/history/enkfgdas.t12z.atmf009.nc sfg_2024112418_fhr09_mem073
+ exgdas_enkf_update.sh[194][[ .true. == \.\t\r\u\e\. ]]
+ exgdas_enkf_update.sh[195]/bin/ln -sf /lfs/h2/emc/ptmp/emc.global/RETRO_GFSv17/comroot/retrotestgfs10/enkfgdas.20241124/12/mem073/model/atmos/history/enkfgdas.t12z.sfcf009.nc bfg_2024112418_fhr09_mem073
+ exgdas_enkf_update.sh[198][[ .false. == \.\t\r\u\e\. ]]
+ exgdas_enkf_update.sh[202][[ 9 -eq 6 ]]
+ exgdas_enkf_update.sh[211][[ NO == \Y\E\S ]]
+ exgdas_enkf_update.sh[215]/bin/ln -sf /lfs/h2/emc/ptmp/emc.global/RETRO_GFSv17/comroot/retrotestgfs10/enkfgdas.20241124/18/mem073/analysis/atmos/enkfgdas.t18z.atmi009.nc incr_2024112418_fhr09_mem073
+ exgdas_enkf_update.sh[219][[ YES == \Y\E\S ]]
+ exgdas_enkf_update.sh[220]/bin/ln -sf /lfs/h2/emc/ptmp/emc.global/RETRO_GFSv17/comroot/retrotestgfs10/enkfgdas.20241124/18/mem073/analysis/atmos/enkfgdas.t18z.sfci009.nc sfcincr_2024112418_fhr09_mem073
+ exgdas_enkf_update.sh[175]for imem in $(seq 1 ${NMEM_ENS})
+ exgdas_enkf_update.sh[176]smem=74
+ exgdas_enkf_update.sh[177]((  smem > NMEM_ENS_MAX  ))
++ exgdas_enkf_update.sh[180]printf %03i 74
+ exgdas_enkf_update.sh[180]gmemchar=mem074
++ exgdas_enkf_update.sh[181]printf %03i 74
+ exgdas_enkf_update.sh[181]memchar=mem074
+ exgdas_enkf_update.sh[183]MEMDIR=mem074
+ exgdas_enkf_update.sh[183]RUN=enkfgdas
+ exgdas_enkf_update.sh[183]YMD=20241124
+ exgdas_enkf_update.sh[183]HH=12
+ exgdas_enkf_update.sh[183]declare_from_tmpl -x COMIN_ATMOS_HISTORY_MEM_PREV:COM_ATMOS_HISTORY_TMPL
+ environment[0][[ NO == \N\O ]]
+ environment[1]set +x
declare_from_tmpl :: COMIN_ATMOS_HISTORY_MEM_PREV=/lfs/h2/emc/ptmp/emc.global/RETRO_GFSv17/comroot/retrotestgfs10/enkfgdas.20241124/12/mem074/model/atmos/history
+ exgdas_enkf_update.sh[186]MEMDIR=mem074
+ exgdas_enkf_update.sh[186]YMD=20241124
+ exgdas_enkf_update.sh[186]HH=18
+ exgdas_enkf_update.sh[186]declare_from_tmpl -x COMOUT_ATMOS_ANALYSIS_MEM:COM_ATMOS_ANALYSIS_TMPL
+ environment[0][[ NO == \N\O ]]
+ environment[1]set +x
declare_from_tmpl :: COMOUT_ATMOS_ANALYSIS_MEM=/lfs/h2/emc/ptmp/emc.global/RETRO_GFSv17/comroot/retrotestgfs10/enkfgdas.20241124/18/mem074/analysis/atmos
+ exgdas_enkf_update.sh[189]mkdir -p /lfs/h2/emc/ptmp/emc.global/RETRO_GFSv17/comroot/retrotestgfs10/enkfgdas.20241124/18/mem074/analysis/atmos
+ exgdas_enkf_update.sh[191]for FHR in ${nfhrs}
+ exgdas_enkf_update.sh[192]/bin/ln -sf /lfs/h2/emc/ptmp/emc.global/RETRO_GFSv17/comroot/retrotestgfs10/enkfgdas.20241124/12/mem074/model/atmos/history/enkfgdas.t12z.atmf003.nc sfg_2024112418_fhr03_mem074
+ exgdas_enkf_update.sh[194][[ .true. == \.\t\r\u\e\. ]]
+ exgdas_enkf_update.sh[195]/bin/ln -sf /lfs/h2/emc/ptmp/emc.global/RETRO_GFSv17/comroot/retrotestgfs10/enkfgdas.20241124/12/mem074/model/atmos/history/enkfgdas.t12z.sfcf003.nc bfg_2024112418_fhr03_mem074
+ exgdas_enkf_update.sh[198][[ .false. == \.\t\r\u\e\. ]]
+ exgdas_enkf_update.sh[202][[ 3 -eq 6 ]]
+ exgdas_enkf_update.sh[211][[ NO == \Y\E\S ]]
+ exgdas_enkf_update.sh[215]/bin/ln -sf /lfs/h2/emc/ptmp/emc.global/RETRO_GFSv17/comroot/retrotestgfs10/enkfgdas.20241124/18/mem074/analysis/atmos/enkfgdas.t18z.atmi003.nc incr_2024112418_fhr03_mem074
+ exgdas_enkf_update.sh[219][[ YES == \Y\E\S ]]
+ exgdas_enkf_update.sh[220]/bin/ln -sf /lfs/h2/emc/ptmp/emc.global/RETRO_GFSv17/comroot/retrotestgfs10/enkfgdas.20241124/18/mem074/analysis/atmos/enkfgdas.t18z.sfci003.nc sfcincr_2024112418_fhr03_mem074
+ exgdas_enkf_update.sh[191]for FHR in ${nfhrs}
+ exgdas_enkf_update.sh[192]/bin/ln -sf /lfs/h2/emc/ptmp/emc.global/RETRO_GFSv17/comroot/retrotestgfs10/enkfgdas.20241124/12/mem074/model/atmos/history/enkfgdas.t12z.atmf006.nc sfg_2024112418_fhr06_mem074
+ exgdas_enkf_update.sh[194][[ .true. == \.\t\r\u\e\. ]]
+ exgdas_enkf_update.sh[195]/bin/ln -sf /lfs/h2/emc/ptmp/emc.global/RETRO_GFSv17/comroot/retrotestgfs10/enkfgdas.20241124/12/mem074/model/atmos/history/enkfgdas.t12z.sfcf006.nc bfg_2024112418_fhr06_mem074
+ exgdas_enkf_update.sh[198][[ .false. == \.\t\r\u\e\. ]]
+ exgdas_enkf_update.sh[202][[ 6 -eq 6 ]]
+ exgdas_enkf_update.sh[203][[ NO == \Y\E\S ]]
+ exgdas_enkf_update.sh[207]/bin/ln -sf /lfs/h2/emc/ptmp/emc.global/RETRO_GFSv17/comroot/retrotestgfs10/enkfgdas.20241124/18/mem074/analysis/atmos/enkfgdas.t18z.atminc.nc incr_2024112418_fhr06_mem074
+ exgdas_enkf_update.sh[219][[ YES == \Y\E\S ]]
+ exgdas_enkf_update.sh[220]/bin/ln -sf /lfs/h2/emc/ptmp/emc.global/RETRO_GFSv17/comroot/retrotestgfs10/enkfgdas.20241124/18/mem074/analysis/atmos/enkfgdas.t18z.sfci006.nc sfcincr_2024112418_fhr06_mem074
+ exgdas_enkf_update.sh[191]for FHR in ${nfhrs}
+ exgdas_enkf_update.sh[192]/bin/ln -sf /lfs/h2/emc/ptmp/emc.global/RETRO_GFSv17/comroot/retrotestgfs10/enkfgdas.20241124/12/mem074/model/atmos/history/enkfgdas.t12z.atmf009.nc sfg_2024112418_fhr09_mem074
+ exgdas_enkf_update.sh[194][[ .true. == \.\t\r\u\e\. ]]
+ exgdas_enkf_update.sh[195]/bin/ln -sf /lfs/h2/emc/ptmp/emc.global/RETRO_GFSv17/comroot/retrotestgfs10/enkfgdas.20241124/12/mem074/model/atmos/history/enkfgdas.t12z.sfcf009.nc bfg_2024112418_fhr09_mem074
+ exgdas_enkf_update.sh[198][[ .false. == \.\t\r\u\e\. ]]
+ exgdas_enkf_update.sh[202][[ 9 -eq 6 ]]
+ exgdas_enkf_update.sh[211][[ NO == \Y\E\S ]]
+ exgdas_enkf_update.sh[215]/bin/ln -sf /lfs/h2/emc/ptmp/emc.global/RETRO_GFSv17/comroot/retrotestgfs10/enkfgdas.20241124/18/mem074/analysis/atmos/enkfgdas.t18z.atmi009.nc incr_2024112418_fhr09_mem074
+ exgdas_enkf_update.sh[219][[ YES == \Y\E\S ]]
+ exgdas_enkf_update.sh[220]/bin/ln -sf /lfs/h2/emc/ptmp/emc.global/RETRO_GFSv17/comroot/retrotestgfs10/enkfgdas.20241124/18/mem074/analysis/atmos/enkfgdas.t18z.sfci009.nc sfcincr_2024112418_fhr09_mem074
+ exgdas_enkf_update.sh[175]for imem in $(seq 1 ${NMEM_ENS})
+ exgdas_enkf_update.sh[176]smem=75
+ exgdas_enkf_update.sh[177]((  smem > NMEM_ENS_MAX  ))
++ exgdas_enkf_update.sh[180]printf %03i 75
+ exgdas_enkf_update.sh[180]gmemchar=mem075
++ exgdas_enkf_update.sh[181]printf %03i 75
+ exgdas_enkf_update.sh[181]memchar=mem075
+ exgdas_enkf_update.sh[183]MEMDIR=mem075
+ exgdas_enkf_update.sh[183]RUN=enkfgdas
+ exgdas_enkf_update.sh[183]YMD=20241124
+ exgdas_enkf_update.sh[183]HH=12
+ exgdas_enkf_update.sh[183]declare_from_tmpl -x COMIN_ATMOS_HISTORY_MEM_PREV:COM_ATMOS_HISTORY_TMPL
+ environment[0][[ NO == \N\O ]]
+ environment[1]set +x
declare_from_tmpl :: COMIN_ATMOS_HISTORY_MEM_PREV=/lfs/h2/emc/ptmp/emc.global/RETRO_GFSv17/comroot/retrotestgfs10/enkfgdas.20241124/12/mem075/model/atmos/history
+ exgdas_enkf_update.sh[186]MEMDIR=mem075
+ exgdas_enkf_update.sh[186]YMD=20241124
+ exgdas_enkf_update.sh[186]HH=18
+ exgdas_enkf_update.sh[186]declare_from_tmpl -x COMOUT_ATMOS_ANALYSIS_MEM:COM_ATMOS_ANALYSIS_TMPL
+ environment[0][[ NO == \N\O ]]
+ environment[1]set +x
declare_from_tmpl :: COMOUT_ATMOS_ANALYSIS_MEM=/lfs/h2/emc/ptmp/emc.global/RETRO_GFSv17/comroot/retrotestgfs10/enkfgdas.20241124/18/mem075/analysis/atmos
+ exgdas_enkf_update.sh[189]mkdir -p /lfs/h2/emc/ptmp/emc.global/RETRO_GFSv17/comroot/retrotestgfs10/enkfgdas.20241124/18/mem075/analysis/atmos
+ exgdas_enkf_update.sh[191]for FHR in ${nfhrs}
+ exgdas_enkf_update.sh[192]/bin/ln -sf /lfs/h2/emc/ptmp/emc.global/RETRO_GFSv17/comroot/retrotestgfs10/enkfgdas.20241124/12/mem075/model/atmos/history/enkfgdas.t12z.atmf003.nc sfg_2024112418_fhr03_mem075
+ exgdas_enkf_update.sh[194][[ .true. == \.\t\r\u\e\. ]]
+ exgdas_enkf_update.sh[195]/bin/ln -sf /lfs/h2/emc/ptmp/emc.global/RETRO_GFSv17/comroot/retrotestgfs10/enkfgdas.20241124/12/mem075/model/atmos/history/enkfgdas.t12z.sfcf003.nc bfg_2024112418_fhr03_mem075
+ exgdas_enkf_update.sh[198][[ .false. == \.\t\r\u\e\. ]]
+ exgdas_enkf_update.sh[202][[ 3 -eq 6 ]]
+ exgdas_enkf_update.sh[211][[ NO == \Y\E\S ]]
+ exgdas_enkf_update.sh[215]/bin/ln -sf /lfs/h2/emc/ptmp/emc.global/RETRO_GFSv17/comroot/retrotestgfs10/enkfgdas.20241124/18/mem075/analysis/atmos/enkfgdas.t18z.atmi003.nc incr_2024112418_fhr03_mem075
+ exgdas_enkf_update.sh[219][[ YES == \Y\E\S ]]
+ exgdas_enkf_update.sh[220]/bin/ln -sf /lfs/h2/emc/ptmp/emc.global/RETRO_GFSv17/comroot/retrotestgfs10/enkfgdas.20241124/18/mem075/analysis/atmos/enkfgdas.t18z.sfci003.nc sfcincr_2024112418_fhr03_mem075
+ exgdas_enkf_update.sh[191]for FHR in ${nfhrs}
+ exgdas_enkf_update.sh[192]/bin/ln -sf /lfs/h2/emc/ptmp/emc.global/RETRO_GFSv17/comroot/retrotestgfs10/enkfgdas.20241124/12/mem075/model/atmos/history/enkfgdas.t12z.atmf006.nc sfg_2024112418_fhr06_mem075
+ exgdas_enkf_update.sh[194][[ .true. == \.\t\r\u\e\. ]]
+ exgdas_enkf_update.sh[195]/bin/ln -sf /lfs/h2/emc/ptmp/emc.global/RETRO_GFSv17/comroot/retrotestgfs10/enkfgdas.20241124/12/mem075/model/atmos/history/enkfgdas.t12z.sfcf006.nc bfg_2024112418_fhr06_mem075
+ exgdas_enkf_update.sh[198][[ .false. == \.\t\r\u\e\. ]]
+ exgdas_enkf_update.sh[202][[ 6 -eq 6 ]]
+ exgdas_enkf_update.sh[203][[ NO == \Y\E\S ]]
+ exgdas_enkf_update.sh[207]/bin/ln -sf /lfs/h2/emc/ptmp/emc.global/RETRO_GFSv17/comroot/retrotestgfs10/enkfgdas.20241124/18/mem075/analysis/atmos/enkfgdas.t18z.atminc.nc incr_2024112418_fhr06_mem075
+ exgdas_enkf_update.sh[219][[ YES == \Y\E\S ]]
+ exgdas_enkf_update.sh[220]/bin/ln -sf /lfs/h2/emc/ptmp/emc.global/RETRO_GFSv17/comroot/retrotestgfs10/enkfgdas.20241124/18/mem075/analysis/atmos/enkfgdas.t18z.sfci006.nc sfcincr_2024112418_fhr06_mem075
+ exgdas_enkf_update.sh[191]for FHR in ${nfhrs}
+ exgdas_enkf_update.sh[192]/bin/ln -sf /lfs/h2/emc/ptmp/emc.global/RETRO_GFSv17/comroot/retrotestgfs10/enkfgdas.20241124/12/mem075/model/atmos/history/enkfgdas.t12z.atmf009.nc sfg_2024112418_fhr09_mem075
+ exgdas_enkf_update.sh[194][[ .true. == \.\t\r\u\e\. ]]
+ exgdas_enkf_update.sh[195]/bin/ln -sf /lfs/h2/emc/ptmp/emc.global/RETRO_GFSv17/comroot/retrotestgfs10/enkfgdas.20241124/12/mem075/model/atmos/history/enkfgdas.t12z.sfcf009.nc bfg_2024112418_fhr09_mem075
+ exgdas_enkf_update.sh[198][[ .false. == \.\t\r\u\e\. ]]
+ exgdas_enkf_update.sh[202][[ 9 -eq 6 ]]
+ exgdas_enkf_update.sh[211][[ NO == \Y\E\S ]]
+ exgdas_enkf_update.sh[215]/bin/ln -sf /lfs/h2/emc/ptmp/emc.global/RETRO_GFSv17/comroot/retrotestgfs10/enkfgdas.20241124/18/mem075/analysis/atmos/enkfgdas.t18z.atmi009.nc incr_2024112418_fhr09_mem075
+ exgdas_enkf_update.sh[219][[ YES == \Y\E\S ]]
+ exgdas_enkf_update.sh[220]/bin/ln -sf /lfs/h2/emc/ptmp/emc.global/RETRO_GFSv17/comroot/retrotestgfs10/enkfgdas.20241124/18/mem075/analysis/atmos/enkfgdas.t18z.sfci009.nc sfcincr_2024112418_fhr09_mem075
+ exgdas_enkf_update.sh[175]for imem in $(seq 1 ${NMEM_ENS})
+ exgdas_enkf_update.sh[176]smem=76
+ exgdas_enkf_update.sh[177]((  smem > NMEM_ENS_MAX  ))
++ exgdas_enkf_update.sh[180]printf %03i 76
+ exgdas_enkf_update.sh[180]gmemchar=mem076
++ exgdas_enkf_update.sh[181]printf %03i 76
+ exgdas_enkf_update.sh[181]memchar=mem076
+ exgdas_enkf_update.sh[183]MEMDIR=mem076
+ exgdas_enkf_update.sh[183]RUN=enkfgdas
+ exgdas_enkf_update.sh[183]YMD=20241124
+ exgdas_enkf_update.sh[183]HH=12
+ exgdas_enkf_update.sh[183]declare_from_tmpl -x COMIN_ATMOS_HISTORY_MEM_PREV:COM_ATMOS_HISTORY_TMPL
+ environment[0][[ NO == \N\O ]]
+ environment[1]set +x
declare_from_tmpl :: COMIN_ATMOS_HISTORY_MEM_PREV=/lfs/h2/emc/ptmp/emc.global/RETRO_GFSv17/comroot/retrotestgfs10/enkfgdas.20241124/12/mem076/model/atmos/history
+ exgdas_enkf_update.sh[186]MEMDIR=mem076
+ exgdas_enkf_update.sh[186]YMD=20241124
+ exgdas_enkf_update.sh[186]HH=18
+ exgdas_enkf_update.sh[186]declare_from_tmpl -x COMOUT_ATMOS_ANALYSIS_MEM:COM_ATMOS_ANALYSIS_TMPL
+ environment[0][[ NO == \N\O ]]
+ environment[1]set +x
declare_from_tmpl :: COMOUT_ATMOS_ANALYSIS_MEM=/lfs/h2/emc/ptmp/emc.global/RETRO_GFSv17/comroot/retrotestgfs10/enkfgdas.20241124/18/mem076/analysis/atmos
+ exgdas_enkf_update.sh[189]mkdir -p /lfs/h2/emc/ptmp/emc.global/RETRO_GFSv17/comroot/retrotestgfs10/enkfgdas.20241124/18/mem076/analysis/atmos
+ exgdas_enkf_update.sh[191]for FHR in ${nfhrs}
+ exgdas_enkf_update.sh[192]/bin/ln -sf /lfs/h2/emc/ptmp/emc.global/RETRO_GFSv17/comroot/retrotestgfs10/enkfgdas.20241124/12/mem076/model/atmos/history/enkfgdas.t12z.atmf003.nc sfg_2024112418_fhr03_mem076
+ exgdas_enkf_update.sh[194][[ .true. == \.\t\r\u\e\. ]]
+ exgdas_enkf_update.sh[195]/bin/ln -sf /lfs/h2/emc/ptmp/emc.global/RETRO_GFSv17/comroot/retrotestgfs10/enkfgdas.20241124/12/mem076/model/atmos/history/enkfgdas.t12z.sfcf003.nc bfg_2024112418_fhr03_mem076
+ exgdas_enkf_update.sh[198][[ .false. == \.\t\r\u\e\. ]]
+ exgdas_enkf_update.sh[202][[ 3 -eq 6 ]]
+ exgdas_enkf_update.sh[211][[ NO == \Y\E\S ]]
+ exgdas_enkf_update.sh[215]/bin/ln -sf /lfs/h2/emc/ptmp/emc.global/RETRO_GFSv17/comroot/retrotestgfs10/enkfgdas.20241124/18/mem076/analysis/atmos/enkfgdas.t18z.atmi003.nc incr_2024112418_fhr03_mem076
+ exgdas_enkf_update.sh[219][[ YES == \Y\E\S ]]
+ exgdas_enkf_update.sh[220]/bin/ln -sf /lfs/h2/emc/ptmp/emc.global/RETRO_GFSv17/comroot/retrotestgfs10/enkfgdas.20241124/18/mem076/analysis/atmos/enkfgdas.t18z.sfci003.nc sfcincr_2024112418_fhr03_mem076
+ exgdas_enkf_update.sh[191]for FHR in ${nfhrs}
+ exgdas_enkf_update.sh[192]/bin/ln -sf /lfs/h2/emc/ptmp/emc.global/RETRO_GFSv17/comroot/retrotestgfs10/enkfgdas.20241124/12/mem076/model/atmos/history/enkfgdas.t12z.atmf006.nc sfg_2024112418_fhr06_mem076
+ exgdas_enkf_update.sh[194][[ .true. == \.\t\r\u\e\. ]]
+ exgdas_enkf_update.sh[195]/bin/ln -sf /lfs/h2/emc/ptmp/emc.global/RETRO_GFSv17/comroot/retrotestgfs10/enkfgdas.20241124/12/mem076/model/atmos/history/enkfgdas.t12z.sfcf006.nc bfg_2024112418_fhr06_mem076
+ exgdas_enkf_update.sh[198][[ .false. == \.\t\r\u\e\. ]]
+ exgdas_enkf_update.sh[202][[ 6 -eq 6 ]]
+ exgdas_enkf_update.sh[203][[ NO == \Y\E\S ]]
+ exgdas_enkf_update.sh[207]/bin/ln -sf /lfs/h2/emc/ptmp/emc.global/RETRO_GFSv17/comroot/retrotestgfs10/enkfgdas.20241124/18/mem076/analysis/atmos/enkfgdas.t18z.atminc.nc incr_2024112418_fhr06_mem076
+ exgdas_enkf_update.sh[219][[ YES == \Y\E\S ]]
+ exgdas_enkf_update.sh[220]/bin/ln -sf /lfs/h2/emc/ptmp/emc.global/RETRO_GFSv17/comroot/retrotestgfs10/enkfgdas.20241124/18/mem076/analysis/atmos/enkfgdas.t18z.sfci006.nc sfcincr_2024112418_fhr06_mem076
+ exgdas_enkf_update.sh[191]for FHR in ${nfhrs}
+ exgdas_enkf_update.sh[192]/bin/ln -sf /lfs/h2/emc/ptmp/emc.global/RETRO_GFSv17/comroot/retrotestgfs10/enkfgdas.20241124/12/mem076/model/atmos/history/enkfgdas.t12z.atmf009.nc sfg_2024112418_fhr09_mem076
+ exgdas_enkf_update.sh[194][[ .true. == \.\t\r\u\e\. ]]
+ exgdas_enkf_update.sh[195]/bin/ln -sf /lfs/h2/emc/ptmp/emc.global/RETRO_GFSv17/comroot/retrotestgfs10/enkfgdas.20241124/12/mem076/model/atmos/history/enkfgdas.t12z.sfcf009.nc bfg_2024112418_fhr09_mem076
+ exgdas_enkf_update.sh[198][[ .false. == \.\t\r\u\e\. ]]
+ exgdas_enkf_update.sh[202][[ 9 -eq 6 ]]
+ exgdas_enkf_update.sh[211][[ NO == \Y\E\S ]]
+ exgdas_enkf_update.sh[215]/bin/ln -sf /lfs/h2/emc/ptmp/emc.global/RETRO_GFSv17/comroot/retrotestgfs10/enkfgdas.20241124/18/mem076/analysis/atmos/enkfgdas.t18z.atmi009.nc incr_2024112418_fhr09_mem076
+ exgdas_enkf_update.sh[219][[ YES == \Y\E\S ]]
+ exgdas_enkf_update.sh[220]/bin/ln -sf /lfs/h2/emc/ptmp/emc.global/RETRO_GFSv17/comroot/retrotestgfs10/enkfgdas.20241124/18/mem076/analysis/atmos/enkfgdas.t18z.sfci009.nc sfcincr_2024112418_fhr09_mem076
+ exgdas_enkf_update.sh[175]for imem in $(seq 1 ${NMEM_ENS})
+ exgdas_enkf_update.sh[176]smem=77
+ exgdas_enkf_update.sh[177]((  smem > NMEM_ENS_MAX  ))
++ exgdas_enkf_update.sh[180]printf %03i 77
+ exgdas_enkf_update.sh[180]gmemchar=mem077
++ exgdas_enkf_update.sh[181]printf %03i 77
+ exgdas_enkf_update.sh[181]memchar=mem077
+ exgdas_enkf_update.sh[183]MEMDIR=mem077
+ exgdas_enkf_update.sh[183]RUN=enkfgdas
+ exgdas_enkf_update.sh[183]YMD=20241124
+ exgdas_enkf_update.sh[183]HH=12
+ exgdas_enkf_update.sh[183]declare_from_tmpl -x COMIN_ATMOS_HISTORY_MEM_PREV:COM_ATMOS_HISTORY_TMPL
+ environment[0][[ NO == \N\O ]]
+ environment[1]set +x
declare_from_tmpl :: COMIN_ATMOS_HISTORY_MEM_PREV=/lfs/h2/emc/ptmp/emc.global/RETRO_GFSv17/comroot/retrotestgfs10/enkfgdas.20241124/12/mem077/model/atmos/history
+ exgdas_enkf_update.sh[186]MEMDIR=mem077
+ exgdas_enkf_update.sh[186]YMD=20241124
+ exgdas_enkf_update.sh[186]HH=18
+ exgdas_enkf_update.sh[186]declare_from_tmpl -x COMOUT_ATMOS_ANALYSIS_MEM:COM_ATMOS_ANALYSIS_TMPL
+ environment[0][[ NO == \N\O ]]
+ environment[1]set +x
declare_from_tmpl :: COMOUT_ATMOS_ANALYSIS_MEM=/lfs/h2/emc/ptmp/emc.global/RETRO_GFSv17/comroot/retrotestgfs10/enkfgdas.20241124/18/mem077/analysis/atmos
+ exgdas_enkf_update.sh[189]mkdir -p /lfs/h2/emc/ptmp/emc.global/RETRO_GFSv17/comroot/retrotestgfs10/enkfgdas.20241124/18/mem077/analysis/atmos
+ exgdas_enkf_update.sh[191]for FHR in ${nfhrs}
+ exgdas_enkf_update.sh[192]/bin/ln -sf /lfs/h2/emc/ptmp/emc.global/RETRO_GFSv17/comroot/retrotestgfs10/enkfgdas.20241124/12/mem077/model/atmos/history/enkfgdas.t12z.atmf003.nc sfg_2024112418_fhr03_mem077
+ exgdas_enkf_update.sh[194][[ .true. == \.\t\r\u\e\. ]]
+ exgdas_enkf_update.sh[195]/bin/ln -sf /lfs/h2/emc/ptmp/emc.global/RETRO_GFSv17/comroot/retrotestgfs10/enkfgdas.20241124/12/mem077/model/atmos/history/enkfgdas.t12z.sfcf003.nc bfg_2024112418_fhr03_mem077
+ exgdas_enkf_update.sh[198][[ .false. == \.\t\r\u\e\. ]]
+ exgdas_enkf_update.sh[202][[ 3 -eq 6 ]]
+ exgdas_enkf_update.sh[211][[ NO == \Y\E\S ]]
+ exgdas_enkf_update.sh[215]/bin/ln -sf /lfs/h2/emc/ptmp/emc.global/RETRO_GFSv17/comroot/retrotestgfs10/enkfgdas.20241124/18/mem077/analysis/atmos/enkfgdas.t18z.atmi003.nc incr_2024112418_fhr03_mem077
+ exgdas_enkf_update.sh[219][[ YES == \Y\E\S ]]
+ exgdas_enkf_update.sh[220]/bin/ln -sf /lfs/h2/emc/ptmp/emc.global/RETRO_GFSv17/comroot/retrotestgfs10/enkfgdas.20241124/18/mem077/analysis/atmos/enkfgdas.t18z.sfci003.nc sfcincr_2024112418_fhr03_mem077
+ exgdas_enkf_update.sh[191]for FHR in ${nfhrs}
+ exgdas_enkf_update.sh[192]/bin/ln -sf /lfs/h2/emc/ptmp/emc.global/RETRO_GFSv17/comroot/retrotestgfs10/enkfgdas.20241124/12/mem077/model/atmos/history/enkfgdas.t12z.atmf006.nc sfg_2024112418_fhr06_mem077
+ exgdas_enkf_update.sh[194][[ .true. == \.\t\r\u\e\. ]]
+ exgdas_enkf_update.sh[195]/bin/ln -sf /lfs/h2/emc/ptmp/emc.global/RETRO_GFSv17/comroot/retrotestgfs10/enkfgdas.20241124/12/mem077/model/atmos/history/enkfgdas.t12z.sfcf006.nc bfg_2024112418_fhr06_mem077
+ exgdas_enkf_update.sh[198][[ .false. == \.\t\r\u\e\. ]]
+ exgdas_enkf_update.sh[202][[ 6 -eq 6 ]]
+ exgdas_enkf_update.sh[203][[ NO == \Y\E\S ]]
+ exgdas_enkf_update.sh[207]/bin/ln -sf /lfs/h2/emc/ptmp/emc.global/RETRO_GFSv17/comroot/retrotestgfs10/enkfgdas.20241124/18/mem077/analysis/atmos/enkfgdas.t18z.atminc.nc incr_2024112418_fhr06_mem077
+ exgdas_enkf_update.sh[219][[ YES == \Y\E\S ]]
+ exgdas_enkf_update.sh[220]/bin/ln -sf /lfs/h2/emc/ptmp/emc.global/RETRO_GFSv17/comroot/retrotestgfs10/enkfgdas.20241124/18/mem077/analysis/atmos/enkfgdas.t18z.sfci006.nc sfcincr_2024112418_fhr06_mem077
+ exgdas_enkf_update.sh[191]for FHR in ${nfhrs}
+ exgdas_enkf_update.sh[192]/bin/ln -sf /lfs/h2/emc/ptmp/emc.global/RETRO_GFSv17/comroot/retrotestgfs10/enkfgdas.20241124/12/mem077/model/atmos/history/enkfgdas.t12z.atmf009.nc sfg_2024112418_fhr09_mem077
+ exgdas_enkf_update.sh[194][[ .true. == \.\t\r\u\e\. ]]
+ exgdas_enkf_update.sh[195]/bin/ln -sf /lfs/h2/emc/ptmp/emc.global/RETRO_GFSv17/comroot/retrotestgfs10/enkfgdas.20241124/12/mem077/model/atmos/history/enkfgdas.t12z.sfcf009.nc bfg_2024112418_fhr09_mem077
+ exgdas_enkf_update.sh[198][[ .false. == \.\t\r\u\e\. ]]
+ exgdas_enkf_update.sh[202][[ 9 -eq 6 ]]
+ exgdas_enkf_update.sh[211][[ NO == \Y\E\S ]]
+ exgdas_enkf_update.sh[215]/bin/ln -sf /lfs/h2/emc/ptmp/emc.global/RETRO_GFSv17/comroot/retrotestgfs10/enkfgdas.20241124/18/mem077/analysis/atmos/enkfgdas.t18z.atmi009.nc incr_2024112418_fhr09_mem077
+ exgdas_enkf_update.sh[219][[ YES == \Y\E\S ]]
+ exgdas_enkf_update.sh[220]/bin/ln -sf /lfs/h2/emc/ptmp/emc.global/RETRO_GFSv17/comroot/retrotestgfs10/enkfgdas.20241124/18/mem077/analysis/atmos/enkfgdas.t18z.sfci009.nc sfcincr_2024112418_fhr09_mem077
+ exgdas_enkf_update.sh[175]for imem in $(seq 1 ${NMEM_ENS})
+ exgdas_enkf_update.sh[176]smem=78
+ exgdas_enkf_update.sh[177]((  smem > NMEM_ENS_MAX  ))
++ exgdas_enkf_update.sh[180]printf %03i 78
+ exgdas_enkf_update.sh[180]gmemchar=mem078
++ exgdas_enkf_update.sh[181]printf %03i 78
+ exgdas_enkf_update.sh[181]memchar=mem078
+ exgdas_enkf_update.sh[183]MEMDIR=mem078
+ exgdas_enkf_update.sh[183]RUN=enkfgdas
+ exgdas_enkf_update.sh[183]YMD=20241124
+ exgdas_enkf_update.sh[183]HH=12
+ exgdas_enkf_update.sh[183]declare_from_tmpl -x COMIN_ATMOS_HISTORY_MEM_PREV:COM_ATMOS_HISTORY_TMPL
+ environment[0][[ NO == \N\O ]]
+ environment[1]set +x
declare_from_tmpl :: COMIN_ATMOS_HISTORY_MEM_PREV=/lfs/h2/emc/ptmp/emc.global/RETRO_GFSv17/comroot/retrotestgfs10/enkfgdas.20241124/12/mem078/model/atmos/history
+ exgdas_enkf_update.sh[186]MEMDIR=mem078
+ exgdas_enkf_update.sh[186]YMD=20241124
+ exgdas_enkf_update.sh[186]HH=18
+ exgdas_enkf_update.sh[186]declare_from_tmpl -x COMOUT_ATMOS_ANALYSIS_MEM:COM_ATMOS_ANALYSIS_TMPL
+ environment[0][[ NO == \N\O ]]
+ environment[1]set +x
declare_from_tmpl :: COMOUT_ATMOS_ANALYSIS_MEM=/lfs/h2/emc/ptmp/emc.global/RETRO_GFSv17/comroot/retrotestgfs10/enkfgdas.20241124/18/mem078/analysis/atmos
+ exgdas_enkf_update.sh[189]mkdir -p /lfs/h2/emc/ptmp/emc.global/RETRO_GFSv17/comroot/retrotestgfs10/enkfgdas.20241124/18/mem078/analysis/atmos
+ exgdas_enkf_update.sh[191]for FHR in ${nfhrs}
+ exgdas_enkf_update.sh[192]/bin/ln -sf /lfs/h2/emc/ptmp/emc.global/RETRO_GFSv17/comroot/retrotestgfs10/enkfgdas.20241124/12/mem078/model/atmos/history/enkfgdas.t12z.atmf003.nc sfg_2024112418_fhr03_mem078
+ exgdas_enkf_update.sh[194][[ .true. == \.\t\r\u\e\. ]]
+ exgdas_enkf_update.sh[195]/bin/ln -sf /lfs/h2/emc/ptmp/emc.global/RETRO_GFSv17/comroot/retrotestgfs10/enkfgdas.20241124/12/mem078/model/atmos/history/enkfgdas.t12z.sfcf003.nc bfg_2024112418_fhr03_mem078
+ exgdas_enkf_update.sh[198][[ .false. == \.\t\r\u\e\. ]]
+ exgdas_enkf_update.sh[202][[ 3 -eq 6 ]]
+ exgdas_enkf_update.sh[211][[ NO == \Y\E\S ]]
+ exgdas_enkf_update.sh[215]/bin/ln -sf /lfs/h2/emc/ptmp/emc.global/RETRO_GFSv17/comroot/retrotestgfs10/enkfgdas.20241124/18/mem078/analysis/atmos/enkfgdas.t18z.atmi003.nc incr_2024112418_fhr03_mem078
+ exgdas_enkf_update.sh[219][[ YES == \Y\E\S ]]
+ exgdas_enkf_update.sh[220]/bin/ln -sf /lfs/h2/emc/ptmp/emc.global/RETRO_GFSv17/comroot/retrotestgfs10/enkfgdas.20241124/18/mem078/analysis/atmos/enkfgdas.t18z.sfci003.nc sfcincr_2024112418_fhr03_mem078
+ exgdas_enkf_update.sh[191]for FHR in ${nfhrs}
+ exgdas_enkf_update.sh[192]/bin/ln -sf /lfs/h2/emc/ptmp/emc.global/RETRO_GFSv17/comroot/retrotestgfs10/enkfgdas.20241124/12/mem078/model/atmos/history/enkfgdas.t12z.atmf006.nc sfg_2024112418_fhr06_mem078
+ exgdas_enkf_update.sh[194][[ .true. == \.\t\r\u\e\. ]]
+ exgdas_enkf_update.sh[195]/bin/ln -sf /lfs/h2/emc/ptmp/emc.global/RETRO_GFSv17/comroot/retrotestgfs10/enkfgdas.20241124/12/mem078/model/atmos/history/enkfgdas.t12z.sfcf006.nc bfg_2024112418_fhr06_mem078
+ exgdas_enkf_update.sh[198][[ .false. == \.\t\r\u\e\. ]]
+ exgdas_enkf_update.sh[202][[ 6 -eq 6 ]]
+ exgdas_enkf_update.sh[203][[ NO == \Y\E\S ]]
+ exgdas_enkf_update.sh[207]/bin/ln -sf /lfs/h2/emc/ptmp/emc.global/RETRO_GFSv17/comroot/retrotestgfs10/enkfgdas.20241124/18/mem078/analysis/atmos/enkfgdas.t18z.atminc.nc incr_2024112418_fhr06_mem078
+ exgdas_enkf_update.sh[219][[ YES == \Y\E\S ]]
+ exgdas_enkf_update.sh[220]/bin/ln -sf /lfs/h2/emc/ptmp/emc.global/RETRO_GFSv17/comroot/retrotestgfs10/enkfgdas.20241124/18/mem078/analysis/atmos/enkfgdas.t18z.sfci006.nc sfcincr_2024112418_fhr06_mem078
+ exgdas_enkf_update.sh[191]for FHR in ${nfhrs}
+ exgdas_enkf_update.sh[192]/bin/ln -sf /lfs/h2/emc/ptmp/emc.global/RETRO_GFSv17/comroot/retrotestgfs10/enkfgdas.20241124/12/mem078/model/atmos/history/enkfgdas.t12z.atmf009.nc sfg_2024112418_fhr09_mem078
+ exgdas_enkf_update.sh[194][[ .true. == \.\t\r\u\e\. ]]
+ exgdas_enkf_update.sh[195]/bin/ln -sf /lfs/h2/emc/ptmp/emc.global/RETRO_GFSv17/comroot/retrotestgfs10/enkfgdas.20241124/12/mem078/model/atmos/history/enkfgdas.t12z.sfcf009.nc bfg_2024112418_fhr09_mem078
+ exgdas_enkf_update.sh[198][[ .false. == \.\t\r\u\e\. ]]
+ exgdas_enkf_update.sh[202][[ 9 -eq 6 ]]
+ exgdas_enkf_update.sh[211][[ NO == \Y\E\S ]]
+ exgdas_enkf_update.sh[215]/bin/ln -sf /lfs/h2/emc/ptmp/emc.global/RETRO_GFSv17/comroot/retrotestgfs10/enkfgdas.20241124/18/mem078/analysis/atmos/enkfgdas.t18z.atmi009.nc incr_2024112418_fhr09_mem078
+ exgdas_enkf_update.sh[219][[ YES == \Y\E\S ]]
+ exgdas_enkf_update.sh[220]/bin/ln -sf /lfs/h2/emc/ptmp/emc.global/RETRO_GFSv17/comroot/retrotestgfs10/enkfgdas.20241124/18/mem078/analysis/atmos/enkfgdas.t18z.sfci009.nc sfcincr_2024112418_fhr09_mem078
+ exgdas_enkf_update.sh[175]for imem in $(seq 1 ${NMEM_ENS})
+ exgdas_enkf_update.sh[176]smem=79
+ exgdas_enkf_update.sh[177]((  smem > NMEM_ENS_MAX  ))
++ exgdas_enkf_update.sh[180]printf %03i 79
+ exgdas_enkf_update.sh[180]gmemchar=mem079
++ exgdas_enkf_update.sh[181]printf %03i 79
+ exgdas_enkf_update.sh[181]memchar=mem079
+ exgdas_enkf_update.sh[183]MEMDIR=mem079
+ exgdas_enkf_update.sh[183]RUN=enkfgdas
+ exgdas_enkf_update.sh[183]YMD=20241124
+ exgdas_enkf_update.sh[183]HH=12
+ exgdas_enkf_update.sh[183]declare_from_tmpl -x COMIN_ATMOS_HISTORY_MEM_PREV:COM_ATMOS_HISTORY_TMPL
+ environment[0][[ NO == \N\O ]]
+ environment[1]set +x
declare_from_tmpl :: COMIN_ATMOS_HISTORY_MEM_PREV=/lfs/h2/emc/ptmp/emc.global/RETRO_GFSv17/comroot/retrotestgfs10/enkfgdas.20241124/12/mem079/model/atmos/history
+ exgdas_enkf_update.sh[186]MEMDIR=mem079
+ exgdas_enkf_update.sh[186]YMD=20241124
+ exgdas_enkf_update.sh[186]HH=18
+ exgdas_enkf_update.sh[186]declare_from_tmpl -x COMOUT_ATMOS_ANALYSIS_MEM:COM_ATMOS_ANALYSIS_TMPL
+ environment[0][[ NO == \N\O ]]
+ environment[1]set +x
declare_from_tmpl :: COMOUT_ATMOS_ANALYSIS_MEM=/lfs/h2/emc/ptmp/emc.global/RETRO_GFSv17/comroot/retrotestgfs10/enkfgdas.20241124/18/mem079/analysis/atmos
+ exgdas_enkf_update.sh[189]mkdir -p /lfs/h2/emc/ptmp/emc.global/RETRO_GFSv17/comroot/retrotestgfs10/enkfgdas.20241124/18/mem079/analysis/atmos
+ exgdas_enkf_update.sh[191]for FHR in ${nfhrs}
+ exgdas_enkf_update.sh[192]/bin/ln -sf /lfs/h2/emc/ptmp/emc.global/RETRO_GFSv17/comroot/retrotestgfs10/enkfgdas.20241124/12/mem079/model/atmos/history/enkfgdas.t12z.atmf003.nc sfg_2024112418_fhr03_mem079
+ exgdas_enkf_update.sh[194][[ .true. == \.\t\r\u\e\. ]]
+ exgdas_enkf_update.sh[195]/bin/ln -sf /lfs/h2/emc/ptmp/emc.global/RETRO_GFSv17/comroot/retrotestgfs10/enkfgdas.20241124/12/mem079/model/atmos/history/enkfgdas.t12z.sfcf003.nc bfg_2024112418_fhr03_mem079
+ exgdas_enkf_update.sh[198][[ .false. == \.\t\r\u\e\. ]]
+ exgdas_enkf_update.sh[202][[ 3 -eq 6 ]]
+ exgdas_enkf_update.sh[211][[ NO == \Y\E\S ]]
+ exgdas_enkf_update.sh[215]/bin/ln -sf /lfs/h2/emc/ptmp/emc.global/RETRO_GFSv17/comroot/retrotestgfs10/enkfgdas.20241124/18/mem079/analysis/atmos/enkfgdas.t18z.atmi003.nc incr_2024112418_fhr03_mem079
+ exgdas_enkf_update.sh[219][[ YES == \Y\E\S ]]
+ exgdas_enkf_update.sh[220]/bin/ln -sf /lfs/h2/emc/ptmp/emc.global/RETRO_GFSv17/comroot/retrotestgfs10/enkfgdas.20241124/18/mem079/analysis/atmos/enkfgdas.t18z.sfci003.nc sfcincr_2024112418_fhr03_mem079
+ exgdas_enkf_update.sh[191]for FHR in ${nfhrs}
+ exgdas_enkf_update.sh[192]/bin/ln -sf /lfs/h2/emc/ptmp/emc.global/RETRO_GFSv17/comroot/retrotestgfs10/enkfgdas.20241124/12/mem079/model/atmos/history/enkfgdas.t12z.atmf006.nc sfg_2024112418_fhr06_mem079
+ exgdas_enkf_update.sh[194][[ .true. == \.\t\r\u\e\. ]]
+ exgdas_enkf_update.sh[195]/bin/ln -sf /lfs/h2/emc/ptmp/emc.global/RETRO_GFSv17/comroot/retrotestgfs10/enkfgdas.20241124/12/mem079/model/atmos/history/enkfgdas.t12z.sfcf006.nc bfg_2024112418_fhr06_mem079
+ exgdas_enkf_update.sh[198][[ .false. == \.\t\r\u\e\. ]]
+ exgdas_enkf_update.sh[202][[ 6 -eq 6 ]]
+ exgdas_enkf_update.sh[203][[ NO == \Y\E\S ]]
+ exgdas_enkf_update.sh[207]/bin/ln -sf /lfs/h2/emc/ptmp/emc.global/RETRO_GFSv17/comroot/retrotestgfs10/enkfgdas.20241124/18/mem079/analysis/atmos/enkfgdas.t18z.atminc.nc incr_2024112418_fhr06_mem079
+ exgdas_enkf_update.sh[219][[ YES == \Y\E\S ]]
+ exgdas_enkf_update.sh[220]/bin/ln -sf /lfs/h2/emc/ptmp/emc.global/RETRO_GFSv17/comroot/retrotestgfs10/enkfgdas.20241124/18/mem079/analysis/atmos/enkfgdas.t18z.sfci006.nc sfcincr_2024112418_fhr06_mem079
+ exgdas_enkf_update.sh[191]for FHR in ${nfhrs}
+ exgdas_enkf_update.sh[192]/bin/ln -sf /lfs/h2/emc/ptmp/emc.global/RETRO_GFSv17/comroot/retrotestgfs10/enkfgdas.20241124/12/mem079/model/atmos/history/enkfgdas.t12z.atmf009.nc sfg_2024112418_fhr09_mem079
+ exgdas_enkf_update.sh[194][[ .true. == \.\t\r\u\e\. ]]
+ exgdas_enkf_update.sh[195]/bin/ln -sf /lfs/h2/emc/ptmp/emc.global/RETRO_GFSv17/comroot/retrotestgfs10/enkfgdas.20241124/12/mem079/model/atmos/history/enkfgdas.t12z.sfcf009.nc bfg_2024112418_fhr09_mem079
+ exgdas_enkf_update.sh[198][[ .false. == \.\t\r\u\e\. ]]
+ exgdas_enkf_update.sh[202][[ 9 -eq 6 ]]
+ exgdas_enkf_update.sh[211][[ NO == \Y\E\S ]]
+ exgdas_enkf_update.sh[215]/bin/ln -sf /lfs/h2/emc/ptmp/emc.global/RETRO_GFSv17/comroot/retrotestgfs10/enkfgdas.20241124/18/mem079/analysis/atmos/enkfgdas.t18z.atmi009.nc incr_2024112418_fhr09_mem079
+ exgdas_enkf_update.sh[219][[ YES == \Y\E\S ]]
+ exgdas_enkf_update.sh[220]/bin/ln -sf /lfs/h2/emc/ptmp/emc.global/RETRO_GFSv17/comroot/retrotestgfs10/enkfgdas.20241124/18/mem079/analysis/atmos/enkfgdas.t18z.sfci009.nc sfcincr_2024112418_fhr09_mem079
+ exgdas_enkf_update.sh[175]for imem in $(seq 1 ${NMEM_ENS})
+ exgdas_enkf_update.sh[176]smem=80
+ exgdas_enkf_update.sh[177]((  smem > NMEM_ENS_MAX  ))
++ exgdas_enkf_update.sh[180]printf %03i 80
+ exgdas_enkf_update.sh[180]gmemchar=mem080
++ exgdas_enkf_update.sh[181]printf %03i 80
+ exgdas_enkf_update.sh[181]memchar=mem080
+ exgdas_enkf_update.sh[183]MEMDIR=mem080
+ exgdas_enkf_update.sh[183]RUN=enkfgdas
+ exgdas_enkf_update.sh[183]YMD=20241124
+ exgdas_enkf_update.sh[183]HH=12
+ exgdas_enkf_update.sh[183]declare_from_tmpl -x COMIN_ATMOS_HISTORY_MEM_PREV:COM_ATMOS_HISTORY_TMPL
+ environment[0][[ NO == \N\O ]]
+ environment[1]set +x
declare_from_tmpl :: COMIN_ATMOS_HISTORY_MEM_PREV=/lfs/h2/emc/ptmp/emc.global/RETRO_GFSv17/comroot/retrotestgfs10/enkfgdas.20241124/12/mem080/model/atmos/history
+ exgdas_enkf_update.sh[186]MEMDIR=mem080
+ exgdas_enkf_update.sh[186]YMD=20241124
+ exgdas_enkf_update.sh[186]HH=18
+ exgdas_enkf_update.sh[186]declare_from_tmpl -x COMOUT_ATMOS_ANALYSIS_MEM:COM_ATMOS_ANALYSIS_TMPL
+ environment[0][[ NO == \N\O ]]
+ environment[1]set +x
declare_from_tmpl :: COMOUT_ATMOS_ANALYSIS_MEM=/lfs/h2/emc/ptmp/emc.global/RETRO_GFSv17/comroot/retrotestgfs10/enkfgdas.20241124/18/mem080/analysis/atmos
+ exgdas_enkf_update.sh[189]mkdir -p /lfs/h2/emc/ptmp/emc.global/RETRO_GFSv17/comroot/retrotestgfs10/enkfgdas.20241124/18/mem080/analysis/atmos
+ exgdas_enkf_update.sh[191]for FHR in ${nfhrs}
+ exgdas_enkf_update.sh[192]/bin/ln -sf /lfs/h2/emc/ptmp/emc.global/RETRO_GFSv17/comroot/retrotestgfs10/enkfgdas.20241124/12/mem080/model/atmos/history/enkfgdas.t12z.atmf003.nc sfg_2024112418_fhr03_mem080
+ exgdas_enkf_update.sh[194][[ .true. == \.\t\r\u\e\. ]]
+ exgdas_enkf_update.sh[195]/bin/ln -sf /lfs/h2/emc/ptmp/emc.global/RETRO_GFSv17/comroot/retrotestgfs10/enkfgdas.20241124/12/mem080/model/atmos/history/enkfgdas.t12z.sfcf003.nc bfg_2024112418_fhr03_mem080
+ exgdas_enkf_update.sh[198][[ .false. == \.\t\r\u\e\. ]]
+ exgdas_enkf_update.sh[202][[ 3 -eq 6 ]]
+ exgdas_enkf_update.sh[211][[ NO == \Y\E\S ]]
+ exgdas_enkf_update.sh[215]/bin/ln -sf /lfs/h2/emc/ptmp/emc.global/RETRO_GFSv17/comroot/retrotestgfs10/enkfgdas.20241124/18/mem080/analysis/atmos/enkfgdas.t18z.atmi003.nc incr_2024112418_fhr03_mem080
+ exgdas_enkf_update.sh[219][[ YES == \Y\E\S ]]
+ exgdas_enkf_update.sh[220]/bin/ln -sf /lfs/h2/emc/ptmp/emc.global/RETRO_GFSv17/comroot/retrotestgfs10/enkfgdas.20241124/18/mem080/analysis/atmos/enkfgdas.t18z.sfci003.nc sfcincr_2024112418_fhr03_mem080
+ exgdas_enkf_update.sh[191]for FHR in ${nfhrs}
+ exgdas_enkf_update.sh[192]/bin/ln -sf /lfs/h2/emc/ptmp/emc.global/RETRO_GFSv17/comroot/retrotestgfs10/enkfgdas.20241124/12/mem080/model/atmos/history/enkfgdas.t12z.atmf006.nc sfg_2024112418_fhr06_mem080
+ exgdas_enkf_update.sh[194][[ .true. == \.\t\r\u\e\. ]]
+ exgdas_enkf_update.sh[195]/bin/ln -sf /lfs/h2/emc/ptmp/emc.global/RETRO_GFSv17/comroot/retrotestgfs10/enkfgdas.20241124/12/mem080/model/atmos/history/enkfgdas.t12z.sfcf006.nc bfg_2024112418_fhr06_mem080
+ exgdas_enkf_update.sh[198][[ .false. == \.\t\r\u\e\. ]]
+ exgdas_enkf_update.sh[202][[ 6 -eq 6 ]]
+ exgdas_enkf_update.sh[203][[ NO == \Y\E\S ]]
+ exgdas_enkf_update.sh[207]/bin/ln -sf /lfs/h2/emc/ptmp/emc.global/RETRO_GFSv17/comroot/retrotestgfs10/enkfgdas.20241124/18/mem080/analysis/atmos/enkfgdas.t18z.atminc.nc incr_2024112418_fhr06_mem080
+ exgdas_enkf_update.sh[219][[ YES == \Y\E\S ]]
+ exgdas_enkf_update.sh[220]/bin/ln -sf /lfs/h2/emc/ptmp/emc.global/RETRO_GFSv17/comroot/retrotestgfs10/enkfgdas.20241124/18/mem080/analysis/atmos/enkfgdas.t18z.sfci006.nc sfcincr_2024112418_fhr06_mem080
+ exgdas_enkf_update.sh[191]for FHR in ${nfhrs}
+ exgdas_enkf_update.sh[192]/bin/ln -sf /lfs/h2/emc/ptmp/emc.global/RETRO_GFSv17/comroot/retrotestgfs10/enkfgdas.20241124/12/mem080/model/atmos/history/enkfgdas.t12z.atmf009.nc sfg_2024112418_fhr09_mem080
+ exgdas_enkf_update.sh[194][[ .true. == \.\t\r\u\e\. ]]
+ exgdas_enkf_update.sh[195]/bin/ln -sf /lfs/h2/emc/ptmp/emc.global/RETRO_GFSv17/comroot/retrotestgfs10/enkfgdas.20241124/12/mem080/model/atmos/history/enkfgdas.t12z.sfcf009.nc bfg_2024112418_fhr09_mem080
+ exgdas_enkf_update.sh[198][[ .false. == \.\t\r\u\e\. ]]
+ exgdas_enkf_update.sh[202][[ 9 -eq 6 ]]
+ exgdas_enkf_update.sh[211][[ NO == \Y\E\S ]]
+ exgdas_enkf_update.sh[215]/bin/ln -sf /lfs/h2/emc/ptmp/emc.global/RETRO_GFSv17/comroot/retrotestgfs10/enkfgdas.20241124/18/mem080/analysis/atmos/enkfgdas.t18z.atmi009.nc incr_2024112418_fhr09_mem080
+ exgdas_enkf_update.sh[219][[ YES == \Y\E\S ]]
+ exgdas_enkf_update.sh[220]/bin/ln -sf /lfs/h2/emc/ptmp/emc.global/RETRO_GFSv17/comroot/retrotestgfs10/enkfgdas.20241124/18/mem080/analysis/atmos/enkfgdas.t18z.sfci009.nc sfcincr_2024112418_fhr09_mem080
+ exgdas_enkf_update.sh[227]for FHR in ${nfhrs}
+ exgdas_enkf_update.sh[229]/bin/ln -sf /lfs/h2/emc/ptmp/emc.global/RETRO_GFSv17/comroot/retrotestgfs10/enkfgdas.20241124/12/ensstat/model/atmos/history/enkfgdas.t12z.atmf003.ensmean.nc sfg_2024112418_fhr03_ensmean
+ exgdas_enkf_update.sh[231][[ .false. == \.\t\r\u\e\. ]]
+ exgdas_enkf_update.sh[235][[ YES == \Y\E\S ]]
+ exgdas_enkf_update.sh[236]/bin/ln -sf /lfs/h2/emc/ptmp/emc.global/RETRO_GFSv17/comroot/retrotestgfs10/enkfgdas.20241124/12/ensstat/model/atmos/history/enkfgdas.t12z.sfcf003.ensmean.nc bfg_2024112418_fhr03_ensmean
+ exgdas_enkf_update.sh[238]/bin/ln -sf /lfs/h2/emc/ptmp/emc.global/RETRO_GFSv17/comroot/retrotestgfs10/enkfgdas.20241124/18/ensstat/analysis/atmos/enkfgdas.t18z.sfci003.nc sfcincr_2024112418_fhr03_ensmean
+ exgdas_enkf_update.sh[227]for FHR in ${nfhrs}
+ exgdas_enkf_update.sh[229]/bin/ln -sf /lfs/h2/emc/ptmp/emc.global/RETRO_GFSv17/comroot/retrotestgfs10/enkfgdas.20241124/12/ensstat/model/atmos/history/enkfgdas.t12z.atmf006.ensmean.nc sfg_2024112418_fhr06_ensmean
+ exgdas_enkf_update.sh[231][[ .false. == \.\t\r\u\e\. ]]
+ exgdas_enkf_update.sh[235][[ YES == \Y\E\S ]]
+ exgdas_enkf_update.sh[236]/bin/ln -sf /lfs/h2/emc/ptmp/emc.global/RETRO_GFSv17/comroot/retrotestgfs10/enkfgdas.20241124/12/ensstat/model/atmos/history/enkfgdas.t12z.sfcf006.ensmean.nc bfg_2024112418_fhr06_ensmean
+ exgdas_enkf_update.sh[238]/bin/ln -sf /lfs/h2/emc/ptmp/emc.global/RETRO_GFSv17/comroot/retrotestgfs10/enkfgdas.20241124/18/ensstat/analysis/atmos/enkfgdas.t18z.sfci006.nc sfcincr_2024112418_fhr06_ensmean
+ exgdas_enkf_update.sh[227]for FHR in ${nfhrs}
+ exgdas_enkf_update.sh[229]/bin/ln -sf /lfs/h2/emc/ptmp/emc.global/RETRO_GFSv17/comroot/retrotestgfs10/enkfgdas.20241124/12/ensstat/model/atmos/history/enkfgdas.t12z.atmf009.ensmean.nc sfg_2024112418_fhr09_ensmean
+ exgdas_enkf_update.sh[231][[ .false. == \.\t\r\u\e\. ]]
+ exgdas_enkf_update.sh[235][[ YES == \Y\E\S ]]
+ exgdas_enkf_update.sh[236]/bin/ln -sf /lfs/h2/emc/ptmp/emc.global/RETRO_GFSv17/comroot/retrotestgfs10/enkfgdas.20241124/12/ensstat/model/atmos/history/enkfgdas.t12z.sfcf009.ensmean.nc bfg_2024112418_fhr09_ensmean
+ exgdas_enkf_update.sh[238]/bin/ln -sf /lfs/h2/emc/ptmp/emc.global/RETRO_GFSv17/comroot/retrotestgfs10/enkfgdas.20241124/18/ensstat/analysis/atmos/enkfgdas.t18z.sfci009.nc sfcincr_2024112418_fhr09_ensmean
+ exgdas_enkf_update.sh[243][[ YES == \Y\E\S ]]
+ exgdas_enkf_update.sh[244]chmod 755 /lfs/h2/emc/stmp/emc.global/RUNDIRS/retrotestgfs10/enkfgdas.2024112418/eupd.862385/mp_untar.sh
++ exgdas_enkf_update.sh[245]wc -l
+ exgdas_enkf_update.sh[245]ncmd=1
+ exgdas_enkf_update.sh[246][[ 1 -gt 0 ]]
+ exgdas_enkf_update.sh[247]ncmd_max=1
++ exgdas_enkf_update.sh[248]eval echo 'mpiexec -l -np $ncmd --cpu-bind verbose,core cfp'
+++ exgdas_enkf_update.sh[248]echo mpiexec -l -np 1 --cpu-bind verbose,core cfp
+ exgdas_enkf_update.sh[248]APRUNCFP='mpiexec -l -np 1 --cpu-bind verbose,core cfp'
+ exgdas_enkf_update.sh[249]mpiexec -l -np 1 --cpu-bind verbose,core cfp /lfs/h2/emc/stmp/emc.global/RUNDIRS/retrotestgfs10/enkfgdas.2024112418/eupd.862385/mp_untar.sh
nid003786.dogwood.wcoss2.ncep.noaa.gov 0: cpubind:core nid003786 pid 870966 rank 0 0: mask 0x100000000000000000000000000000001
nid003786.dogwood.wcoss2.ncep.noaa.gov 0: + Unknown[0]rm -rf .o
nid003786.dogwood.wcoss2.ncep.noaa.gov 0: + Unknown[0]/lfs/h2/emc/stmp/emc.global/RUNDIRS/retrotestgfs10/enkfgdas.2024112418/eupd.862385/untar.sh ensmean /lfs/h2/emc/ptmp/emc.global/RETRO_GFSv17/comroot/retrotestgfs10/enkfgdas.20241124/18/ensstat/analysis/atmos
nid003786.dogwood.wcoss2.ncep.noaa.gov 0: + untar.sh[2]memchar=ensmean
nid003786.dogwood.wcoss2.ncep.noaa.gov 0: + untar.sh[3]COMOUT_ATMOS_ANALYSIS=/lfs/h2/emc/ptmp/emc.global/RETRO_GFSv17/comroot/retrotestgfs10/enkfgdas.20241124/18/ensstat/analysis/atmos
nid003786.dogwood.wcoss2.ncep.noaa.gov 0: + untar.sh[4]flist='enkfgdas.t18z.cnvstat enkfgdas.t18z.oznstat enkfgdas.t18z.radstat'
nid003786.dogwood.wcoss2.ncep.noaa.gov 0: + untar.sh[5]for ftype in $flist
nid003786.dogwood.wcoss2.ncep.noaa.gov 0: + untar.sh[6][[ ensmean == \e\n\s\m\e\a\n ]]
nid003786.dogwood.wcoss2.ncep.noaa.gov 0: + untar.sh[7]fname=/lfs/h2/emc/ptmp/emc.global/RETRO_GFSv17/comroot/retrotestgfs10/enkfgdas.20241124/18/ensstat/analysis/atmos/enkfgdas.t18z.cnvstat.ensmean
nid003786.dogwood.wcoss2.ncep.noaa.gov 0: + untar.sh[11]tar -xvf /lfs/h2/emc/ptmp/emc.global/RETRO_GFSv17/comroot/retrotestgfs10/enkfgdas.20241124/18/ensstat/analysis/atmos/enkfgdas.t18z.cnvstat.ensmean
nid003786.dogwood.wcoss2.ncep.noaa.gov 0: diag_conv_gps_ges.2024112418_ensmean.nc4
nid003786.dogwood.wcoss2.ncep.noaa.gov 0: diag_conv_ps_ges.2024112418_ensmean.nc4
nid003786.dogwood.wcoss2.ncep.noaa.gov 0: diag_conv_q_ges.2024112418_ensmean.nc4
nid003786.dogwood.wcoss2.ncep.noaa.gov 0: diag_conv_sst_ges.2024112418_ensmean.nc4
nid003786.dogwood.wcoss2.ncep.noaa.gov 0: diag_conv_t_ges.2024112418_ensmean.nc4
nid003786.dogwood.wcoss2.ncep.noaa.gov 0: diag_conv_uv_ges.2024112418_ensmean.nc4
nid003786.dogwood.wcoss2.ncep.noaa.gov 0: + untar.sh[5]for ftype in $flist
nid003786.dogwood.wcoss2.ncep.noaa.gov 0: + untar.sh[6][[ ensmean == \e\n\s\m\e\a\n ]]
nid003786.dogwood.wcoss2.ncep.noaa.gov 0: + untar.sh[7]fname=/lfs/h2/emc/ptmp/emc.global/RETRO_GFSv17/comroot/retrotestgfs10/enkfgdas.20241124/18/ensstat/analysis/atmos/enkfgdas.t18z.oznstat.ensmean
nid003786.dogwood.wcoss2.ncep.noaa.gov 0: + untar.sh[11]tar -xvf /lfs/h2/emc/ptmp/emc.global/RETRO_GFSv17/comroot/retrotestgfs10/enkfgdas.20241124/18/ensstat/analysis/atmos/enkfgdas.t18z.oznstat.ensmean
nid003786.dogwood.wcoss2.ncep.noaa.gov 0: diag_omi_aura_ges.2024112418_ensmean.nc4
nid003786.dogwood.wcoss2.ncep.noaa.gov 0: diag_ompsnp_npp_ges.2024112418_ensmean.nc4
nid003786.dogwood.wcoss2.ncep.noaa.gov 0: diag_ompstc8_npp_ges.2024112418_ensmean.nc4
nid003786.dogwood.wcoss2.ncep.noaa.gov 0: diag_ompstc8_n20_ges.2024112418_ensmean.nc4
nid003786.dogwood.wcoss2.ncep.noaa.gov 0: diag_ompsnp_n20_ges.2024112418_ensmean.nc4
nid003786.dogwood.wcoss2.ncep.noaa.gov 0: + untar.sh[5]for ftype in $flist
nid003786.dogwood.wcoss2.ncep.noaa.gov 0: + untar.sh[6][[ ensmean == \e\n\s\m\e\a\n ]]
nid003786.dogwood.wcoss2.ncep.noaa.gov 0: + untar.sh[7]fname=/lfs/h2/emc/ptmp/emc.global/RETRO_GFSv17/comroot/retrotestgfs10/enkfgdas.20241124/18/ensstat/analysis/atmos/enkfgdas.t18z.radstat.ensmean
nid003786.dogwood.wcoss2.ncep.noaa.gov 0: + untar.sh[11]tar -xvf /lfs/h2/emc/ptmp/emc.global/RETRO_GFSv17/comroot/retrotestgfs10/enkfgdas.20241124/18/ensstat/analysis/atmos/enkfgdas.t18z.radstat.ensmean
nid003786.dogwood.wcoss2.ncep.noaa.gov 0: diag_amsua_n15_ges.2024112418_ensmean.nc4
nid003786.dogwood.wcoss2.ncep.noaa.gov 0: diag_amsua_n18_ges.2024112418_ensmean.nc4
nid003786.dogwood.wcoss2.ncep.noaa.gov 0: diag_ssmis_f17_ges.2024112418_ensmean.nc4
nid003786.dogwood.wcoss2.ncep.noaa.gov 0: diag_amsua_n19_ges.2024112418_ensmean.nc4
nid003786.dogwood.wcoss2.ncep.noaa.gov 0: diag_mhs_n19_ges.2024112418_ensmean.nc4
nid003786.dogwood.wcoss2.ncep.noaa.gov 0: diag_cris-fsr_n20_ges.2024112418_ensmean.nc4
nid003786.dogwood.wcoss2.ncep.noaa.gov 0: diag_atms_n20_ges.2024112418_ensmean.nc4
nid003786.dogwood.wcoss2.ncep.noaa.gov 0: diag_amsua_metop-b_ges.2024112418_ensmean.nc4
nid003786.dogwood.wcoss2.ncep.noaa.gov 0: diag_mhs_metop-b_ges.2024112418_ensmean.nc4
nid003786.dogwood.wcoss2.ncep.noaa.gov 0: diag_iasi_metop-b_ges.2024112418_ensmean.nc4
nid003786.dogwood.wcoss2.ncep.noaa.gov 0: diag_avhrr_metop-b_ges.2024112418_ensmean.nc4
nid003786.dogwood.wcoss2.ncep.noaa.gov 0: diag_avhrr_n18_ges.2024112418_ensmean.nc4
nid003786.dogwood.wcoss2.ncep.noaa.gov 0: diag_avhrr_n19_ges.2024112418_ensmean.nc4
nid003786.dogwood.wcoss2.ncep.noaa.gov 0: diag_abi_g16_ges.2024112418_ensmean.nc4
nid003786.dogwood.wcoss2.ncep.noaa.gov 0: diag_amsua_metop-c_ges.2024112418_ensmean.nc4
nid003786.dogwood.wcoss2.ncep.noaa.gov 0: diag_mhs_metop-c_ges.2024112418_ensmean.nc4
nid003786.dogwood.wcoss2.ncep.noaa.gov 0: diag_iasi_metop-c_ges.2024112418_ensmean.nc4
nid003786.dogwood.wcoss2.ncep.noaa.gov 0: diag_avhrr_metop-c_ges.2024112418_ensmean.nc4
nid003786.dogwood.wcoss2.ncep.noaa.gov 0: diag_viirs-m_npp_ges.2024112418_ensmean.nc4
nid003786.dogwood.wcoss2.ncep.noaa.gov 0: diag_viirs-m_j1_ges.2024112418_ensmean.nc4
nid003786.dogwood.wcoss2.ncep.noaa.gov 0: diag_abi_g18_ges.2024112418_ensmean.nc4
nid003786.dogwood.wcoss2.ncep.noaa.gov 0: diag_ahi_himawari9_ges.2024112418_ensmean.nc4
nid003786.dogwood.wcoss2.ncep.noaa.gov 0: diag_cris-fsr_n21_ges.2024112418_ensmean.nc4
nid003786.dogwood.wcoss2.ncep.noaa.gov 0: diag_atms_n21_ges.2024112418_ensmean.nc4
nid003786.dogwood.wcoss2.ncep.noaa.gov 0: CFP RANK   0    TOTAL RANK RUN TIME:  16.3 sec    Return status: 00000000 hex
+ exgdas_enkf_update.sh[249]true
+ exgdas_enkf_update.sh[250]export err=0
+ exgdas_enkf_update.sh[250]err=0
+ exgdas_enkf_update.sh[251][[ 0 -ne 0 ]]
+ exgdas_enkf_update.sh[259]cat
+ exgdas_enkf_update.sh[393]export OMP_NUM_THREADS=14
+ exgdas_enkf_update.sh[393]OMP_NUM_THREADS=14
+ exgdas_enkf_update.sh[394]export pgm=/lfs/h2/emc/global/noscrub/emc.global/RETRO_GFSv17/git/global-workflow/develop_20250602/exec/enkf.x
+ exgdas_enkf_update.sh[394]pgm=/lfs/h2/emc/global/noscrub/emc.global/RETRO_GFSv17/git/global-workflow/develop_20250602/exec/enkf.x
+ exgdas_enkf_update.sh[395]source prep_step
++ prep_step[3]'[' -n /lfs/h2/emc/global/noscrub/emc.global/RETRO_GFSv17/git/global-workflow/develop_20250602/exec/enkf.x ']'
++ prep_step[3]'[' -n OUTPUT.862941 ']'
++ prep_step[4]echo /lfs/h2/emc/global/noscrub/emc.global/RETRO_GFSv17/git/global-workflow/develop_20250602/exec/enkf.x
++ prep_step[7]'[' -f errfile ']'
++ prep_step[11]export FORT01=0
++ prep_step[11]FORT01=0
+++ prep_step[12]env
+++ prep_step[12]grep '^FORT[0-9]\{1,\}='
+++ prep_step[12]awk -F= '{print $1}'
++ prep_step[12]unset FORT01
+ exgdas_enkf_update.sh[397]cpreq /lfs/h2/emc/global/noscrub/emc.global/RETRO_GFSv17/git/global-workflow/develop_20250602/exec/enkf.x /lfs/h2/emc/stmp/emc.global/RUNDIRS/retrotestgfs10/enkfgdas.2024112418/eupd.862385
+ cpreq[3]cp /lfs/h2/emc/global/noscrub/emc.global/RETRO_GFSv17/git/global-workflow/develop_20250602/exec/enkf.x /lfs/h2/emc/stmp/emc.global/RUNDIRS/retrotestgfs10/enkfgdas.2024112418/eupd.862385
+ cpreq[4]'[' 0 -ne 0 ']'
++ exgdas_enkf_update.sh[398]basename /lfs/h2/emc/global/noscrub/emc.global/RETRO_GFSv17/git/global-workflow/develop_20250602/exec/enkf.x
+ exgdas_enkf_update.sh[398]mpiexec -l -n 315 -ppn 9 --cpu-bind depth --depth 14 /lfs/h2/emc/stmp/emc.global/RUNDIRS/retrotestgfs10/enkfgdas.2024112418/eupd.862385/enkf.x
+ exgdas_enkf_update.sh[398]true
+ exgdas_enkf_update.sh[399]export err=0
+ exgdas_enkf_update.sh[399]err=0
+ exgdas_enkf_update.sh[400][[ 0 -ne 0 ]]
+ exgdas_enkf_update.sh[405]cat stdout stderr
+ exgdas_enkf_update.sh[409]cd /lfs/h2/emc/stmp/emc.global/RUNDIRS/retrotestgfs10/enkfgdas.2024112418/eupd.862385
+ exgdas_enkf_update.sh[411]exit 0
+ JGDAS_ENKF_UPDATE[39]true
+ JGDAS_ENKF_UPDATE[40]export err=0
+ JGDAS_ENKF_UPDATE[40]err=0
+ JGDAS_ENKF_UPDATE[41][[ 0 -ne 0 ]]
+ JGDAS_ENKF_UPDATE[48]'[' NO = YES ']'
+ JGDAS_ENKF_UPDATE[60]'[' -e OUTPUT.862941 ']'
+ JGDAS_ENKF_UPDATE[61]cat OUTPUT.862941
/lfs/h2/emc/global/noscrub/emc.global/RETRO_GFSv17/git/global-workflow/develop_20250602/exec/enkf.x
+ JGDAS_ENKF_UPDATE[67]cd /lfs/h2/emc/stmp/emc.global/RUNDIRS/retrotestgfs10/enkfgdas.2024112418
+ JGDAS_ENKF_UPDATE[68][[ NO == \N\O ]]
+ JGDAS_ENKF_UPDATE[69]rm -rf /lfs/h2/emc/stmp/emc.global/RUNDIRS/retrotestgfs10/enkfgdas.2024112418/eupd.862385
+ JGDAS_ENKF_UPDATE[73]exit 0
+ JGDAS_ENKF_UPDATE[1]postamble /lfs/h2/emc/global/noscrub/emc.global/RETRO_GFSv17/git/global-workflow/develop_20250602/jobs/JGDAS_ENKF_UPDATE 1750094458 0
+ preamble.sh[62]set +x
End /lfs/h2/emc/global/noscrub/emc.global/RETRO_GFSv17/git/global-workflow/develop_20250602/jobs/JGDAS_ENKF_UPDATE at 17:46:53 with error code 0 (time elapsed: 00:25:55)
+ status=0
+ exit 0
PBS: Running epilogue on parent mom node: nid003786...
##### Job 46044114.dbqs01 - PBS Job Script:
(Note: Duplicate #PBS entries are a function how PBS interprets and caches the original job script.)

#! /bin/sh
#PBS -N retrotestgfs10_enkfgdas_eupd_18
#PBS -A GFS-DEV
#PBS -q devmax
#PBS -l walltime=00:45:00
#PBS -l select=35:mpiprocs=9:ompthreads=14:ncpus=126
#PBS -j oe -o /lfs/h2/emc/ptmp/emc.global/RETRO_GFSv17/comroot/retrotestgfs10/logs/2024112418/enkfgdas_eupd.log
#PBS -l place=vscatter:exclhost
export RUN_ENVIR='emc'
export HOMEgfs='/lfs/h2/emc/global/noscrub/emc.global/RETRO_GFSv17/git/global-workflow/develop_20250602'
export EXPDIR='/lfs/h2/emc/global/noscrub/emc.global/RETRO_GFSv17/expdir/retrotestgfs10'
export NET='gfs'
export RUN='enkfgdas'
export CDATE='2024112418'
export PDY='20241124'
export cyc='18'
export COMROOT='/lfs/h2/emc/ptmp/emc.global/RETRO_GFSv17/comroot'
export DATAROOT='/lfs/h2/emc/stmp/emc.global/RUNDIRS/retrotestgfs10/enkfgdas.2024112418'
set -x
/lfs/h2/emc/global/noscrub/emc.global/RETRO_GFSv17/git/global-workflow/develop_20250602/dev/jobs/eupd.sh
##### End of job script
------------------------------------------------------------------

