PBS: Running prologue on parent mom node: ddxfer02...
Job 46077823.dbqs01 nodelist: ddxfer02
+ /lfs/h2/emc/global/noscrub/emc.global/RETRO_GFSv17/git/global-workflow/develop_20250602/dev/jobs/cleanup.sh
+ . /lfs/h2/emc/global/noscrub/emc.global/RETRO_GFSv17/git/global-workflow/develop_20250602/ush/load_fv3gfs_modules.sh
++ [[ hxB == *x* ]]
++ set_x=YES
++ [[ NO == \N\O ]]
++ echo 'Loading modules quietly...'
Loading modules quietly...
++ set +x
Resetting modules to system default. Reseting $MODULEPATH back to system default. All extra directories will be removed from $MODULEPATH.

Currently Loaded Modules:
  1) craype-x86-rome    (H)  13) perl/5.32.0          25) ncdiag/1.0.0
  2) libfabric/1.20.1        14) libjpeg/9c           26) met/9.1.3
  3) craype-network-ofi (H)  15) udunits/2.2.28       27) metplus/3.1.1
  4) envvar/1.0              16) gsl/2.7              28) prepobs/1.1.0
  5) PrgEnv-intel/8.1.0      17) cdo/1.9.8            29) fit2obs/1.1.7
  6) craype/2.7.13           18) imagemagick/7.0.8-7  30) module_base.wcoss2
  7) intel/19.1.3.304        19) hdf5/1.10.6          31) grib_util/1.2.3
  8) cray-mpich/8.1.9        20) netcdf/4.7.4         32) g2tmpl/1.10.2
  9) cray-pals/1.0.17        21) nco/4.7.9            33) crtm/2.4.0.1
 10) cfp/2.0.4               22) prod_util/2.0.9      34) wgrib2/2.0.8
 11) python/3.8.6            23) bufr_dump/1.0.0
 12) gempak/7.15.1           24) util_shared/1.4.0

  Where:
   H:  Hidden Module

 

++ wxflowPATH=/lfs/h2/emc/global/noscrub/emc.global/RETRO_GFSv17/git/global-workflow/develop_20250602/ush/python
++ PYTHONPATH=/apps/ops/prod/nco/core/prod_util.v2.0.9/ush:/apps/prod/python-modules/3.8.6/intel/19.1.3.304/lib/python3.8/site-packages:/lfs/h2/emc/global/noscrub/emc.global/RETRO_GFSv17/git/global-workflow/develop_20250602/ush:/lfs/h2/emc/global/noscrub/emc.global/RETRO_GFSv17/git/global-workflow/develop_20250602/ush/python
++ export PYTHONPATH
++ ulimit -S -s unlimited
++ unset ulimit_s
+ status=0
+ [[ 0 -ne 0 ]]
+ export job=cleanup
+ job=cleanup
+ export jobid=cleanup.3396992
+ jobid=cleanup.3396992
+ /lfs/h2/emc/global/noscrub/emc.global/RETRO_GFSv17/git/global-workflow/develop_20250602/jobs/JGLOBAL_CLEANUP
Begin /lfs/h2/emc/global/noscrub/emc.global/RETRO_GFSv17/git/global-workflow/develop_20250602/jobs/JGLOBAL_CLEANUP at Mon Jun 16 22:35:47 UTC 2025
++ jjob_header.sh[46]OPTIND=1
++ jjob_header.sh[47]getopts c:e: option
++ jjob_header.sh[48]case "${option}" in
++ jjob_header.sh[50]env_job=cleanup
++ jjob_header.sh[47]getopts c:e: option
++ jjob_header.sh[48]case "${option}" in
++ jjob_header.sh[49]read -ra configs
++ jjob_header.sh[47]getopts c:e: option
++ jjob_header.sh[61]shift 4
++ jjob_header.sh[63][[ -z cleanup ]]
++ jjob_header.sh[71]export DATA=/lfs/h2/emc/stmp/emc.global/RUNDIRS/retrotestgfs10/enkfgdas.2024112418/cleanup.3396992
++ jjob_header.sh[71]DATA=/lfs/h2/emc/stmp/emc.global/RUNDIRS/retrotestgfs10/enkfgdas.2024112418/cleanup.3396992
++ jjob_header.sh[72][[ YES == \Y\E\S ]]
++ jjob_header.sh[73]rm -rf /lfs/h2/emc/stmp/emc.global/RUNDIRS/retrotestgfs10/enkfgdas.2024112418/cleanup.3396992
++ jjob_header.sh[75]mkdir -p /lfs/h2/emc/stmp/emc.global/RUNDIRS/retrotestgfs10/enkfgdas.2024112418/cleanup.3396992
++ jjob_header.sh[76]cd /lfs/h2/emc/stmp/emc.global/RUNDIRS/retrotestgfs10/enkfgdas.2024112418/cleanup.3396992
++ jjob_header.sh[85]export pid=3403761
++ jjob_header.sh[85]pid=3403761
++ jjob_header.sh[86]export pgmout=OUTPUT.3403761
++ jjob_header.sh[86]pgmout=OUTPUT.3403761
++ jjob_header.sh[87]export pgmerr=errfile
++ jjob_header.sh[87]pgmerr=errfile
++ jjob_header.sh[90]export pgm=
++ jjob_header.sh[90]pgm=
++ jjob_header.sh[96]export cycle=t18z
++ jjob_header.sh[96]cycle=t18z
++ jjob_header.sh[97]setpdy.sh
+ setpdy.sh[20]'[' /lfs/h2/emc/stmp/emc.global/RUNDIRS/retrotestgfs10/enkfgdas.2024112418/cleanup.3396992 == /u/emc.global ']'
+ setpdy.sh[25][[ ! t18z =~ t??z ]]
+ setpdy.sh[30]case $# in
+ setpdy.sh[31]dates_before_PDY=7
+ setpdy.sh[32]dates_after_PDY=7
+ setpdy.sh[50]COMDATEROOT=/lfs/h1/ops/prod/com
+ setpdy.sh[53]'[' -z 20241124 ']'
+ setpdy.sh[57]sed 's/[0-9]\{8\}/20241124/' /lfs/h1/ops/prod/com/date/t18z
++ setpdy.sh[62]finddate.sh 20241124 s-7
+++ finddate.sh[27]set +x
+ setpdy.sh[62]DATElne_minus=
++ jjob_header.sh[97]true
++ jjob_header.sh[98]source ./PDY
/lfs/h2/emc/global/noscrub/emc.global/RETRO_GFSv17/git/global-workflow/develop_20250602/ush/jjob_header.sh: line 98: ./PDY: No such file or directory
++ jjob_header.sh[98]true
++ jjob_header.sh[104]export EXPDIR=/lfs/h2/emc/global/noscrub/emc.global/RETRO_GFSv17/expdir/retrotestgfs10
++ jjob_header.sh[104]EXPDIR=/lfs/h2/emc/global/noscrub/emc.global/RETRO_GFSv17/expdir/retrotestgfs10
++ jjob_header.sh[105]for config in "${configs[@]:-''}"
++ jjob_header.sh[106]source /lfs/h2/emc/global/noscrub/emc.global/RETRO_GFSv17/expdir/retrotestgfs10/config.base
+++ config.base[6]echo 'BEGIN: config.base'
BEGIN: config.base
+++ config.base[9]export machine=WCOSS2
+++ config.base[9]machine=WCOSS2
+++ config.base[12]export RUN_ENVIR=emc
+++ config.base[12]RUN_ENVIR=emc
+++ config.base[15]export ACCOUNT=GFS-DEV
+++ config.base[15]ACCOUNT=GFS-DEV
+++ config.base[16]export QUEUE=devmax
+++ config.base[16]QUEUE=devmax
+++ config.base[17]export QUEUE_SERVICE=dev_transfer
+++ config.base[17]QUEUE_SERVICE=dev_transfer
+++ config.base[18]export QUEUE_DTN=dev_transfer
+++ config.base[18]QUEUE_DTN=dev_transfer
+++ config.base[19]export 'PARTITION_BATCH={{ PARTITION_BATCH }}'
+++ config.base[19]PARTITION_BATCH='{{ PARTITION_BATCH }}'
+++ config.base[20]export PARTITION_SERVICE=
+++ config.base[20]PARTITION_SERVICE=
+++ config.base[21]export PARTITION_DTN=
+++ config.base[21]PARTITION_DTN=
+++ config.base[22]export RESERVATION=
+++ config.base[22]RESERVATION=
+++ config.base[23]export CLUSTERS=
+++ config.base[23]CLUSTERS=
+++ config.base[24]export CLUSTERS_SERVICE=
+++ config.base[24]CLUSTERS_SERVICE=
+++ config.base[25]export CLUSTERS_DTN=
+++ config.base[25]CLUSTERS_DTN=
+++ config.base[28]export HPSS_PROJECT=emc-global
+++ config.base[28]HPSS_PROJECT=emc-global
+++ config.base[31]export HOMEgfs=/lfs/h2/emc/global/noscrub/emc.global/RETRO_GFSv17/git/global-workflow/develop_20250602
+++ config.base[31]HOMEgfs=/lfs/h2/emc/global/noscrub/emc.global/RETRO_GFSv17/git/global-workflow/develop_20250602
+++ config.base[32]export EXECgfs=/lfs/h2/emc/global/noscrub/emc.global/RETRO_GFSv17/git/global-workflow/develop_20250602/exec
+++ config.base[32]EXECgfs=/lfs/h2/emc/global/noscrub/emc.global/RETRO_GFSv17/git/global-workflow/develop_20250602/exec
+++ config.base[33]export FIXgfs=/lfs/h2/emc/global/noscrub/emc.global/RETRO_GFSv17/git/global-workflow/develop_20250602/fix
+++ config.base[33]FIXgfs=/lfs/h2/emc/global/noscrub/emc.global/RETRO_GFSv17/git/global-workflow/develop_20250602/fix
+++ config.base[34]export PARMgfs=/lfs/h2/emc/global/noscrub/emc.global/RETRO_GFSv17/git/global-workflow/develop_20250602/parm
+++ config.base[34]PARMgfs=/lfs/h2/emc/global/noscrub/emc.global/RETRO_GFSv17/git/global-workflow/develop_20250602/parm
+++ config.base[35]export SCRgfs=/lfs/h2/emc/global/noscrub/emc.global/RETRO_GFSv17/git/global-workflow/develop_20250602/scripts
+++ config.base[35]SCRgfs=/lfs/h2/emc/global/noscrub/emc.global/RETRO_GFSv17/git/global-workflow/develop_20250602/scripts
+++ config.base[36]export USHgfs=/lfs/h2/emc/global/noscrub/emc.global/RETRO_GFSv17/git/global-workflow/develop_20250602/ush
+++ config.base[36]USHgfs=/lfs/h2/emc/global/noscrub/emc.global/RETRO_GFSv17/git/global-workflow/develop_20250602/ush
+++ config.base[38]export FIXam=/lfs/h2/emc/global/noscrub/emc.global/RETRO_GFSv17/git/global-workflow/develop_20250602/fix/am
+++ config.base[38]FIXam=/lfs/h2/emc/global/noscrub/emc.global/RETRO_GFSv17/git/global-workflow/develop_20250602/fix/am
+++ config.base[39]export FIXaer=/lfs/h2/emc/global/noscrub/emc.global/RETRO_GFSv17/git/global-workflow/develop_20250602/fix/aer
+++ config.base[39]FIXaer=/lfs/h2/emc/global/noscrub/emc.global/RETRO_GFSv17/git/global-workflow/develop_20250602/fix/aer
+++ config.base[40]export FIXcpl=/lfs/h2/emc/global/noscrub/emc.global/RETRO_GFSv17/git/global-workflow/develop_20250602/fix/cpl
+++ config.base[40]FIXcpl=/lfs/h2/emc/global/noscrub/emc.global/RETRO_GFSv17/git/global-workflow/develop_20250602/fix/cpl
+++ config.base[41]export FIXlut=/lfs/h2/emc/global/noscrub/emc.global/RETRO_GFSv17/git/global-workflow/develop_20250602/fix/lut
+++ config.base[41]FIXlut=/lfs/h2/emc/global/noscrub/emc.global/RETRO_GFSv17/git/global-workflow/develop_20250602/fix/lut
+++ config.base[42]export FIXcice=/lfs/h2/emc/global/noscrub/emc.global/RETRO_GFSv17/git/global-workflow/develop_20250602/fix/cice
+++ config.base[42]FIXcice=/lfs/h2/emc/global/noscrub/emc.global/RETRO_GFSv17/git/global-workflow/develop_20250602/fix/cice
+++ config.base[43]export FIXmom=/lfs/h2/emc/global/noscrub/emc.global/RETRO_GFSv17/git/global-workflow/develop_20250602/fix/mom6
+++ config.base[43]FIXmom=/lfs/h2/emc/global/noscrub/emc.global/RETRO_GFSv17/git/global-workflow/develop_20250602/fix/mom6
+++ config.base[44]export FIXreg2grb2=/lfs/h2/emc/global/noscrub/emc.global/RETRO_GFSv17/git/global-workflow/develop_20250602/fix/reg2grb2
+++ config.base[44]FIXreg2grb2=/lfs/h2/emc/global/noscrub/emc.global/RETRO_GFSv17/git/global-workflow/develop_20250602/fix/reg2grb2
+++ config.base[45]export FIXgdas=/lfs/h2/emc/global/noscrub/emc.global/RETRO_GFSv17/git/global-workflow/develop_20250602/fix/gdas
+++ config.base[45]FIXgdas=/lfs/h2/emc/global/noscrub/emc.global/RETRO_GFSv17/git/global-workflow/develop_20250602/fix/gdas
+++ config.base[50]export PACKAGEROOT=/lfs/h1/ops/prod/packages
+++ config.base[50]PACKAGEROOT=/lfs/h1/ops/prod/packages
+++ config.base[51]export COMROOT=/lfs/h2/emc/ptmp/emc.global/RETRO_GFSv17/comroot
+++ config.base[51]COMROOT=/lfs/h2/emc/ptmp/emc.global/RETRO_GFSv17/comroot
+++ config.base[52]export COMINsyn=/lfs/h1/ops/prod/com/gfs/v16.3/syndat
+++ config.base[52]COMINsyn=/lfs/h1/ops/prod/com/gfs/v16.3/syndat
+++ config.base[53]export DMPDIR=/lfs/h2/emc/dump/noscrub/dump
+++ config.base[53]DMPDIR=/lfs/h2/emc/dump/noscrub/dump
+++ config.base[57]export COMINecmwf=/lfs/h2/emc/global/noscrub/emc.global/data/external_gempak/ecmwf
+++ config.base[57]COMINecmwf=/lfs/h2/emc/global/noscrub/emc.global/data/external_gempak/ecmwf
+++ config.base[58]export COMINnam=/lfs/h2/emc/global/noscrub/emc.global/data/external_gempak/nam
+++ config.base[58]COMINnam=/lfs/h2/emc/global/noscrub/emc.global/data/external_gempak/nam
+++ config.base[59]export COMINukmet=/lfs/h2/emc/global/noscrub/emc.global/data/external_gempak/ukmet
+++ config.base[59]COMINukmet=/lfs/h2/emc/global/noscrub/emc.global/data/external_gempak/ukmet
+++ config.base[62]export HOMEDIR=/lfs/h2/emc/global/noscrub/emc.global
+++ config.base[62]HOMEDIR=/lfs/h2/emc/global/noscrub/emc.global
+++ config.base[63]export STMP=/lfs/h2/emc/stmp/emc.global
+++ config.base[63]STMP=/lfs/h2/emc/stmp/emc.global
+++ config.base[64]export PTMP=/lfs/h2/emc/ptmp/emc.global
+++ config.base[64]PTMP=/lfs/h2/emc/ptmp/emc.global
+++ config.base[65]export NOSCRUB=/lfs/h2/emc/global/noscrub/emc.global
+++ config.base[65]NOSCRUB=/lfs/h2/emc/global/noscrub/emc.global
+++ config.base[68]export BASE_GIT=/lfs/h2/emc/global/save/emc.global/git
+++ config.base[68]BASE_GIT=/lfs/h2/emc/global/save/emc.global/git
+++ config.base[71]export BASE_DATA=/lfs/h2/emc/global/noscrub/emc.global/data
+++ config.base[71]BASE_DATA=/lfs/h2/emc/global/noscrub/emc.global/data
+++ config.base[74]export DO_PREP_SFC=NO
+++ config.base[74]DO_PREP_SFC=NO
+++ config.base[77]export DO_GOES=NO
+++ config.base[77]DO_GOES=NO
+++ config.base[78]export DO_BUFRSND=NO
+++ config.base[78]DO_BUFRSND=NO
+++ config.base[79]export DO_GEMPAK=NO
+++ config.base[79]DO_GEMPAK=NO
+++ config.base[80]export DO_AWIPS=NO
+++ config.base[80]DO_AWIPS=NO
+++ config.base[81]export DO_NPOESS=NO
+++ config.base[81]DO_NPOESS=NO
+++ config.base[82]export DO_TRACKER=YES
+++ config.base[82]DO_TRACKER=YES
+++ config.base[83]export DO_GENESIS=YES
+++ config.base[83]DO_GENESIS=YES
+++ config.base[84]export DO_GENESIS_FSU=NO
+++ config.base[84]DO_GENESIS_FSU=NO
+++ config.base[85]export DO_VERFOZN=YES
+++ config.base[85]DO_VERFOZN=YES
+++ config.base[86]export DO_VERFRAD=YES
+++ config.base[86]DO_VERFRAD=YES
+++ config.base[87]export DO_VMINMON=YES
+++ config.base[87]DO_VMINMON=YES
+++ config.base[88]export DO_ANLSTAT=NO
+++ config.base[88]DO_ANLSTAT=NO
+++ config.base[91]export MODE=cycled
+++ config.base[91]MODE=cycled
+++ config.base[92]export DO_TEST_MODE=NO
+++ config.base[92]DO_TEST_MODE=NO
+++ config.base[101]export FIXgsi=/lfs/h2/emc/global/noscrub/emc.global/RETRO_GFSv17/git/global-workflow/develop_20250602/fix/gsi
+++ config.base[101]FIXgsi=/lfs/h2/emc/global/noscrub/emc.global/RETRO_GFSv17/git/global-workflow/develop_20250602/fix/gsi
+++ config.base[102]export HOMEpost=/lfs/h2/emc/global/noscrub/emc.global/RETRO_GFSv17/git/global-workflow/develop_20250602
+++ config.base[102]HOMEpost=/lfs/h2/emc/global/noscrub/emc.global/RETRO_GFSv17/git/global-workflow/develop_20250602
+++ config.base[103]export HOMEobsproc=/lfs/h2/emc/global/save/emc.global/git/obsproc/v1.2.0
+++ config.base[103]HOMEobsproc=/lfs/h2/emc/global/save/emc.global/git/obsproc/v1.2.0
+++ config.base[106]export NMV=/bin/mv
+++ config.base[106]NMV=/bin/mv
+++ config.base[107]export 'NLN=/bin/ln -sf'
+++ config.base[107]NLN='/bin/ln -sf'
+++ config.base[108]export VERBOSE=YES
+++ config.base[108]VERBOSE=YES
+++ config.base[109]export KEEPDATA=NO
+++ config.base[109]KEEPDATA=NO
+++ config.base[110]export DEBUG_POSTSCRIPT=NO
+++ config.base[110]DEBUG_POSTSCRIPT=NO
+++ config.base[111]export CHGRP_RSTPROD=YES
+++ config.base[111]CHGRP_RSTPROD=YES
+++ config.base[112]export 'CHGRP_CMD=chgrp rstprod'
+++ config.base[112]CHGRP_CMD='chgrp rstprod'
+++ config.base[113]export NCDUMP=/apps/prod/hpc-stack/intel-19.1.3.304/cray-mpich-8.1.4/netcdf/4.7.4/bin/ncdump
+++ config.base[113]NCDUMP=/apps/prod/hpc-stack/intel-19.1.3.304/cray-mpich-8.1.4/netcdf/4.7.4/bin/ncdump
+++ config.base[114]export NCLEN=/lfs/h2/emc/global/noscrub/emc.global/RETRO_GFSv17/git/global-workflow/develop_20250602/ush/getncdimlen
+++ config.base[114]NCLEN=/lfs/h2/emc/global/noscrub/emc.global/RETRO_GFSv17/git/global-workflow/develop_20250602/ush/getncdimlen
+++ config.base[117]export BASE_ENV=/lfs/h2/emc/global/noscrub/emc.global/RETRO_GFSv17/git/global-workflow/develop_20250602/env
+++ config.base[117]BASE_ENV=/lfs/h2/emc/global/noscrub/emc.global/RETRO_GFSv17/git/global-workflow/develop_20250602/env
+++ config.base[120]export SDATE=2024111506
+++ config.base[120]SDATE=2024111506
+++ config.base[121]export EDATE=2025011600
+++ config.base[121]EDATE=2025011600
+++ config.base[122]export EXP_WARM_START=.true.
+++ config.base[122]EXP_WARM_START=.true.
+++ config.base[123]export assim_freq=6
+++ config.base[123]assim_freq=6
+++ config.base[124]export PSLOT=retrotestgfs10
+++ config.base[124]PSLOT=retrotestgfs10
+++ config.base[125]export EXPDIR=/lfs/h2/emc/global/noscrub/emc.global/RETRO_GFSv17/expdir/retrotestgfs10
+++ config.base[125]EXPDIR=/lfs/h2/emc/global/noscrub/emc.global/RETRO_GFSv17/expdir/retrotestgfs10
+++ config.base[126]export ROTDIR=/lfs/h2/emc/ptmp/emc.global/RETRO_GFSv17/comroot/retrotestgfs10
+++ config.base[126]ROTDIR=/lfs/h2/emc/ptmp/emc.global/RETRO_GFSv17/comroot/retrotestgfs10
+++ config.base[127]export DUMP_SUFFIX=
+++ config.base[127]DUMP_SUFFIX=
+++ config.base[128][[ 2024112418 -ge 2019092100 ]]
+++ config.base[128][[ 2024112418 -le 2019110700 ]]
+++ config.base[132]export ARCDIR=/lfs/h2/emc/global/noscrub/emc.global/RETRO_GFSv17/archive/retrotestgfs10
+++ config.base[132]ARCDIR=/lfs/h2/emc/global/noscrub/emc.global/RETRO_GFSv17/archive/retrotestgfs10
+++ config.base[134]export ATARDIR=/5year/NCEPDEV/emc-global/emc.glopara/WCOSS2/GFSv17/retrotestgfs10
+++ config.base[134]ATARDIR=/5year/NCEPDEV/emc-global/emc.glopara/WCOSS2/GFSv17/retrotestgfs10
+++ config.base[136]export 'FETCHDIR={{ FETCHDIR }}'
+++ config.base[136]FETCHDIR='{{ FETCHDIR }}'
+++ config.base[139]export envir=prod
+++ config.base[139]envir=prod
+++ config.base[140]export NET=gfs
+++ config.base[140]NET=gfs
+++ config.base[141]export RUN=enkfgdas
+++ config.base[141]RUN=enkfgdas
+++ config.base[144]source /lfs/h2/emc/global/noscrub/emc.global/RETRO_GFSv17/expdir/retrotestgfs10/config.com
++++ config.com[4]echo 'BEGIN: config.com'
BEGIN: config.com
++++ config.com[38][[ emc == \n\c\o ]]
++++ config.com[43]COM_OBSPROC_TMPL='${DMPDIR}/${RUN}${DUMP_SUFFIX}.${YMD}/${HH}/atmos'
++++ config.com[44]COM_RTOFS_TMPL='${DMPDIR}'
++++ config.com[45]COM_TCVITAL_TMPL='${DMPDIR}/${RUN}.${YMD}/${HH}/atmos'
++++ config.com[47]declare -rx 'COM_OBS_TMPL=${ROTDIR}/${RUN}.${YMD}/${HH}/obs'
++++ config.com[48]declare -rx COM_OBSPROC_TMPL COM_RTOFS_TMPL
++++ config.com[50]COM_BASE='${ROTDIR}/${RUN}.${YMD}/${HH}/${MEMDIR}'
++++ config.com[52]declare -rx 'COM_TOP_TMPL=${ROTDIR}/${RUN}.${YMD}/${HH}'
++++ config.com[54]declare -rx 'COM_CONF_TMPL=${ROTDIR}/${RUN}.${YMD}/${HH}/${MEMDIR}/conf'
++++ config.com[55]declare -rx 'COM_OBS_JEDI=${ROTDIR}/${RUN}.${YMD}/${HH}/${MEMDIR}/obs_jedi'
++++ config.com[57]declare -rx 'COM_ATMOS_INPUT_TMPL=${ROTDIR}/${RUN}.${YMD}/${HH}/${MEMDIR}/model/atmos/input'
++++ config.com[58]declare -rx 'COM_ATMOS_RESTART_TMPL=${ROTDIR}/${RUN}.${YMD}/${HH}/${MEMDIR}/model/atmos/restart'
++++ config.com[59]declare -rx 'COM_ATMOS_ANALYSIS_TMPL=${ROTDIR}/${RUN}.${YMD}/${HH}/${MEMDIR}/analysis/atmos'
++++ config.com[60]declare -rx 'COM_SNOW_ANALYSIS_TMPL=${ROTDIR}/${RUN}.${YMD}/${HH}/${MEMDIR}/analysis/snow'
++++ config.com[61]declare -rx 'COM_SNOW_ANLMON_TMPL=${ROTDIR}/${RUN}.${YMD}/${HH}/${MEMDIR}/products/snow/anlmon'
++++ config.com[62]declare -rx 'COM_ATMOS_HISTORY_TMPL=${ROTDIR}/${RUN}.${YMD}/${HH}/${MEMDIR}/model/atmos/history'
++++ config.com[63]declare -rx 'COM_ATMOS_MASTER_TMPL=${ROTDIR}/${RUN}.${YMD}/${HH}/${MEMDIR}/model/atmos/master'
++++ config.com[64]declare -rx 'COM_ATMOS_GRIB_TMPL=${ROTDIR}/${RUN}.${YMD}/${HH}/${MEMDIR}/products/atmos/grib2'
++++ config.com[65]declare -rx 'COM_ATMOS_GRIB_GRID_TMPL=${ROTDIR}/${RUN}.${YMD}/${HH}/${MEMDIR}/products/atmos/grib2/${GRID}'
++++ config.com[66]declare -rx 'COM_ATMOS_BUFR_TMPL=${ROTDIR}/${RUN}.${YMD}/${HH}/${MEMDIR}/products/atmos/bufr'
++++ config.com[67]declare -rx 'COM_ATMOS_GEMPAK_TMPL=${ROTDIR}/${RUN}.${YMD}/${HH}/${MEMDIR}/products/atmos/gempak/${GRID}'
++++ config.com[68]declare -rx 'COM_ATMOS_GENESIS_TMPL=${ROTDIR}/${RUN}.${YMD}/${HH}/${MEMDIR}/products/atmos/cyclone/genesis_vital'
++++ config.com[69]declare -rx 'COM_ATMOS_TRACK_TMPL=${ROTDIR}/${RUN}.${YMD}/${HH}/${MEMDIR}/products/atmos/cyclone/tracks'
++++ config.com[70]declare -rx 'COM_ATMOS_GOES_TMPL=${ROTDIR}/${RUN}.${YMD}/${HH}/${MEMDIR}/products/atmos/goes_sim'
++++ config.com[71]declare -rx 'COM_ATMOS_IMAGERY_TMPL=${ROTDIR}/${RUN}.${YMD}/${HH}/${MEMDIR}/products/atmos/imagery'
++++ config.com[72]declare -rx 'COM_ATMOS_OZNMON_TMPL=${ROTDIR}/${RUN}.${YMD}/${HH}/${MEMDIR}/products/atmos/oznmon'
++++ config.com[73]declare -rx 'COM_ATMOS_RADMON_TMPL=${ROTDIR}/${RUN}.${YMD}/${HH}/${MEMDIR}/products/atmos/radmon'
++++ config.com[74]declare -rx 'COM_ATMOS_MINMON_TMPL=${ROTDIR}/${RUN}.${YMD}/${HH}/${MEMDIR}/products/atmos/minmon'
++++ config.com[75]declare -rx 'COM_ATMOS_ANLMON_TMPL=${ROTDIR}/${RUN}.${YMD}/${HH}/${MEMDIR}/products/atmos/anlmon'
++++ config.com[76]declare -rx 'COM_ATMOS_WMO_TMPL=${ROTDIR}/${RUN}.${YMD}/${HH}/${MEMDIR}/products/atmos/wmo'
++++ config.com[78]declare -rx 'COM_WAVE_RESTART_TMPL=${ROTDIR}/${RUN}.${YMD}/${HH}/${MEMDIR}/model/wave/restart'
++++ config.com[79]declare -rx 'COM_WAVE_PREP_TMPL=${ROTDIR}/${RUN}.${YMD}/${HH}/${MEMDIR}/model/wave/prep'
++++ config.com[80]declare -rx 'COM_WAVE_HISTORY_TMPL=${ROTDIR}/${RUN}.${YMD}/${HH}/${MEMDIR}/model/wave/history'
++++ config.com[81]declare -rx 'COM_WAVE_GRID_TMPL=${ROTDIR}/${RUN}.${YMD}/${HH}/${MEMDIR}/products/wave/gridded'
++++ config.com[82]declare -rx 'COM_WAVE_GRID_RES_TMPL=${ROTDIR}/${RUN}.${YMD}/${HH}/${MEMDIR}/products/wave/gridded/${GRDRESNAME}'
++++ config.com[83]declare -rx 'COM_WAVE_STATION_TMPL=${ROTDIR}/${RUN}.${YMD}/${HH}/${MEMDIR}/products/wave/station'
++++ config.com[84]declare -rx 'COM_WAVE_GEMPAK_TMPL=${ROTDIR}/${RUN}.${YMD}/${HH}/${MEMDIR}/products/wave/gempak'
++++ config.com[85]declare -rx 'COM_WAVE_WMO_TMPL=${ROTDIR}/${RUN}.${YMD}/${HH}/${MEMDIR}/products/wave/wmo'
++++ config.com[87]declare -rx 'COM_OCEAN_HISTORY_TMPL=${ROTDIR}/${RUN}.${YMD}/${HH}/${MEMDIR}/model/ocean/history'
++++ config.com[88]declare -rx 'COM_OCEAN_RESTART_TMPL=${ROTDIR}/${RUN}.${YMD}/${HH}/${MEMDIR}/model/ocean/restart'
++++ config.com[89]declare -rx 'COM_OCEAN_INPUT_TMPL=${ROTDIR}/${RUN}.${YMD}/${HH}/${MEMDIR}/model/ocean/input'
++++ config.com[90]declare -rx 'COM_OCEAN_ANALYSIS_TMPL=${ROTDIR}/${RUN}.${YMD}/${HH}/${MEMDIR}/analysis/ocean'
++++ config.com[91]declare -rx 'COM_OCEAN_ANLMON_TMPL=${ROTDIR}/${RUN}.${YMD}/${HH}/${MEMDIR}/products/ocean/anlmon'
++++ config.com[92]declare -rx 'COM_OCEAN_LETKF_TMPL=${ROTDIR}/${RUN}.${YMD}/${HH}/${MEMDIR}/analysis/ocean/letkf'
++++ config.com[93]declare -rx 'COM_OCEAN_BMATRIX_TMPL=${ROTDIR}/${RUN}.${YMD}/${HH}/${MEMDIR}/bmatrix/ocean'
++++ config.com[94]declare -rx 'COM_OCEAN_NETCDF_TMPL=${ROTDIR}/${RUN}.${YMD}/${HH}/${MEMDIR}/products/ocean/netcdf'
++++ config.com[95]declare -rx 'COM_OCEAN_GRIB_TMPL=${ROTDIR}/${RUN}.${YMD}/${HH}/${MEMDIR}/products/ocean/grib2'
++++ config.com[96]declare -rx 'COM_OCEAN_GRIB_GRID_TMPL=${ROTDIR}/${RUN}.${YMD}/${HH}/${MEMDIR}/products/ocean/grib2/${GRID}'
++++ config.com[98]declare -rx 'COM_ICE_ANALYSIS_TMPL=${ROTDIR}/${RUN}.${YMD}/${HH}/${MEMDIR}/analysis/ice'
++++ config.com[99]declare -rx 'COM_ICE_LETKF_TMPL=${ROTDIR}/${RUN}.${YMD}/${HH}/${MEMDIR}/analysis/ice/letkf'
++++ config.com[100]declare -rx 'COM_ICE_ANLMON_TMPL=${ROTDIR}/${RUN}.${YMD}/${HH}/${MEMDIR}/products/ice/anlmon'
++++ config.com[101]declare -rx 'COM_ICE_BMATRIX_TMPL=${ROTDIR}/${RUN}.${YMD}/${HH}/${MEMDIR}/bmatrix/ice'
++++ config.com[102]declare -rx 'COM_ICE_INPUT_TMPL=${ROTDIR}/${RUN}.${YMD}/${HH}/${MEMDIR}/model/ice/input'
++++ config.com[103]declare -rx 'COM_ICE_HISTORY_TMPL=${ROTDIR}/${RUN}.${YMD}/${HH}/${MEMDIR}/model/ice/history'
++++ config.com[104]declare -rx 'COM_ICE_RESTART_TMPL=${ROTDIR}/${RUN}.${YMD}/${HH}/${MEMDIR}/model/ice/restart'
++++ config.com[105]declare -rx 'COM_ICE_NETCDF_TMPL=${ROTDIR}/${RUN}.${YMD}/${HH}/${MEMDIR}/products/ice/netcdf'
++++ config.com[106]declare -rx 'COM_ICE_GRIB_TMPL=${ROTDIR}/${RUN}.${YMD}/${HH}/${MEMDIR}/products/ice/grib2'
++++ config.com[107]declare -rx 'COM_ICE_GRIB_GRID_TMPL=${ROTDIR}/${RUN}.${YMD}/${HH}/${MEMDIR}/products/ice/grib2/${GRID}'
++++ config.com[109]declare -rx 'COM_CHEM_HISTORY_TMPL=${ROTDIR}/${RUN}.${YMD}/${HH}/${MEMDIR}/model/chem/history'
++++ config.com[110]declare -rx 'COM_CHEM_ANALYSIS_TMPL=${ROTDIR}/${RUN}.${YMD}/${HH}/${MEMDIR}/analysis/chem'
++++ config.com[111]declare -rx 'COM_CHEM_BMAT_TMPL=${ROTDIR}/${RUN}.${YMD}/${HH}/${MEMDIR}/analysis/chem/bmatrix'
++++ config.com[112]declare -rx 'COM_CHEM_ANLMON_TMPL=${ROTDIR}/${RUN}.${YMD}/${HH}/${MEMDIR}/products/chem/anlmon'
++++ config.com[114]declare -rx 'COM_MED_RESTART_TMPL=${ROTDIR}/${RUN}.${YMD}/${HH}/${MEMDIR}/model/med/restart'
+++ config.base[146]export LOGSCRIPT=
+++ config.base[146]LOGSCRIPT=
+++ config.base[148]export 'REDOUT=1>'
+++ config.base[148]REDOUT='1>'
+++ config.base[149]export 'REDERR=2>'
+++ config.base[149]REDERR='2>'
+++ config.base[151]export SENDECF=NO
+++ config.base[151]SENDECF=NO
+++ config.base[152]export SENDSDM=NO
+++ config.base[152]SENDSDM=NO
+++ config.base[153]export SENDDBN_NTC=NO
+++ config.base[153]SENDDBN_NTC=NO
+++ config.base[154]export SENDDBN=NO
+++ config.base[154]SENDDBN=NO
+++ config.base[155]export DBNROOT=/apps/ops/prod/nco/core/prod_util.v2.0.9/fakedbn
+++ config.base[155]DBNROOT=/apps/ops/prod/nco/core/prod_util.v2.0.9/fakedbn
+++ config.base[158]export APP=S2SW
+++ config.base[158]APP=S2SW
+++ config.base[160]shopt -s extglob
+++ config.base[163]case "${RUN}" in
+++ config.base[165]APP=S2S
+++ config.base[170]shopt -u extglob
+++ config.base[173]export DO_ATM=YES
+++ config.base[173]DO_ATM=YES
+++ config.base[174]export DO_COUPLED=NO
+++ config.base[174]DO_COUPLED=NO
+++ config.base[175]export DO_WAVE=NO
+++ config.base[175]DO_WAVE=NO
+++ config.base[176]export DO_OCN=NO
+++ config.base[176]DO_OCN=NO
+++ config.base[177]export DO_ICE=NO
+++ config.base[177]DO_ICE=NO
+++ config.base[178]DO_AERO=NO
+++ config.base[179]export DO_PREP_OBS_AERO=NO
+++ config.base[179]DO_PREP_OBS_AERO=NO
+++ config.base[180]aero_fcst_runs=gdas
+++ config.base[181]aero_anl_runs='gdas gfs'
+++ config.base[182]export DO_AERO_FCST=NO
+++ config.base[182]DO_AERO_FCST=NO
+++ config.base[183]export DO_AERO_ANL=NO
+++ config.base[183]DO_AERO_ANL=NO
+++ config.base[184]export DOBNDPNT_WAVE=YES
+++ config.base[184]DOBNDPNT_WAVE=YES
+++ config.base[185]export DOIBP_WAV=NO
+++ config.base[185]DOIBP_WAV=NO
+++ config.base[186]export FRAC_GRID=.true.
+++ config.base[186]FRAC_GRID=.true.
+++ config.base[187]export DO_NEST=NO
+++ config.base[187]DO_NEST=NO
+++ config.base[188][[ NO == \Y\E\S ]]
+++ config.base[194]export ntiles=6
+++ config.base[194]ntiles=6
+++ config.base[195]export FIXugwd=/lfs/h2/emc/global/noscrub/emc.global/RETRO_GFSv17/git/global-workflow/develop_20250602/fix/ugwd
+++ config.base[195]FIXugwd=/lfs/h2/emc/global/noscrub/emc.global/RETRO_GFSv17/git/global-workflow/develop_20250602/fix/ugwd
+++ config.base[196]export FIXorog=/lfs/h2/emc/global/noscrub/emc.global/RETRO_GFSv17/git/global-workflow/develop_20250602/fix/orog
+++ config.base[196]FIXorog=/lfs/h2/emc/global/noscrub/emc.global/RETRO_GFSv17/git/global-workflow/develop_20250602/fix/orog
+++ config.base[200]export OPS_RES=C768
+++ config.base[200]OPS_RES=C768
+++ config.base[203]export LEVS=128
+++ config.base[203]LEVS=128
+++ config.base[204]export CASE=C1152
+++ config.base[204]CASE=C1152
+++ config.base[205]export CASE_ENS=C384
+++ config.base[205]CASE_ENS=C384
+++ config.base[206]export OCNRES=025
+++ config.base[206]OCNRES=025
+++ config.base[207]export ICERES=025
+++ config.base[207]ICERES=025
+++ config.base[210]case "${CASE}" in
+++ config.base[221]export waveGRD=uglo_15km
+++ config.base[221]waveGRD=uglo_15km
+++ config.base[229]case "${APP}" in
+++ config.base[245]export DO_COUPLED=YES
+++ config.base[245]DO_COUPLED=YES
+++ config.base[246]export DO_OCN=YES
+++ config.base[246]DO_OCN=YES
+++ config.base[247]export DO_ICE=YES
+++ config.base[247]DO_ICE=YES
+++ config.base[249][[ S2S =~ A$ ]]
+++ config.base[253][[ S2S =~ ^S2SW ]]
+++ config.base[264][[ NO == \Y\E\S ]]
+++ config.base[274][[ enkfgdas =~ gdas ]]
+++ config.base[275]export FHCYC=1
+++ config.base[275]FHCYC=1
+++ config.base[276]export FTSFS=10
+++ config.base[276]FTSFS=10
+++ config.base[282]export FHMIN=0
+++ config.base[282]FHMIN=0
+++ config.base[283]export FHMAX=9
+++ config.base[283]FHMAX=9
+++ config.base[284]export FHOUT=3
+++ config.base[284]FHOUT=3
+++ config.base[285]export FHOUT_OCN=3
+++ config.base[285]FHOUT_OCN=3
+++ config.base[286]export FHOUT_ICE=3
+++ config.base[286]FHOUT_ICE=3
+++ config.base[287]export FHOUT_AERO=3
+++ config.base[287]FHOUT_AERO=3
+++ config.base[290]export EUPD_CYC=both
+++ config.base[290]EUPD_CYC=both
+++ config.base[293]export INTERVAL_GFS=6
+++ config.base[293]INTERVAL_GFS=6
+++ config.base[294]export SDATE_GFS=2024111512
+++ config.base[294]SDATE_GFS=2024111512
+++ config.base[297]export FHMIN_GFS=0
+++ config.base[297]FHMIN_GFS=0
+++ config.base[298]export FHMAX_GFS=384
+++ config.base[298]FHMAX_GFS=384
+++ config.base[300]breakpnts=
+++ config.base[301]export FCST_SEGMENTS=0,384
+++ config.base[301]FCST_SEGMENTS=0,384
+++ config.base[302]export FHOUT_GFS=3
+++ config.base[302]FHOUT_GFS=3
+++ config.base[303]export FHMAX_HF_GFS=120
+++ config.base[303]FHMAX_HF_GFS=120
+++ config.base[304]export FHOUT_HF_GFS=1
+++ config.base[304]FHOUT_HF_GFS=1
+++ config.base[305]export FHOUT_OCN_GFS=6
+++ config.base[305]FHOUT_OCN_GFS=6
+++ config.base[306]export FHOUT_ICE_GFS=6
+++ config.base[306]FHOUT_ICE_GFS=6
+++ config.base[307]export FHMIN_WAV=0
+++ config.base[307]FHMIN_WAV=0
+++ config.base[308]export FHOUT_WAV=3
+++ config.base[308]FHOUT_WAV=3
+++ config.base[309]export FHMAX_HF_WAV=120
+++ config.base[309]FHMAX_HF_WAV=120
+++ config.base[310]export FHOUT_HF_WAV=1
+++ config.base[310]FHOUT_HF_WAV=1
+++ config.base[311]export FHMAX_WAV=9
+++ config.base[311]FHMAX_WAV=9
+++ config.base[312]export FHMAX_WAV_GFS=384
+++ config.base[312]FHMAX_WAV_GFS=384
+++ config.base[313]export FHMAX_HF_GFS=120
+++ config.base[313]FHMAX_HF_GFS=120
+++ config.base[314]export FHMAX_WAV=9
+++ config.base[314]FHMAX_WAV=9
+++ config.base[315]export FHMAX_WAV_GFS=384
+++ config.base[315]FHMAX_WAV_GFS=384
+++ config.base[316]export FHMAX_HF_WAV=120
+++ config.base[316]FHMAX_HF_WAV=120
+++ config.base[319]export ILPOST=1
+++ config.base[319]ILPOST=1
+++ config.base[320]((  FHMAX_HF_GFS < 120  ))
+++ config.base[325]export FHMAX_GOES=180
+++ config.base[325]FHMAX_GOES=180
+++ config.base[326]export FHOUT_GOES=3
+++ config.base[326]FHOUT_GOES=3
+++ config.base[327]((  FHMAX_GOES > FHMAX_GFS  ))
+++ config.base[332]export restart_interval_gfs=12
+++ config.base[332]restart_interval_gfs=12
+++ config.base[337]export QUILTING=.true.
+++ config.base[337]QUILTING=.true.
+++ config.base[338]export OUTPUT_GRID=gaussian_grid
+++ config.base[338]OUTPUT_GRID=gaussian_grid
+++ config.base[339]export WRITE_DOPOST=.true.
+++ config.base[339]WRITE_DOPOST=.true.
+++ config.base[340]export WRITE_NSFLIP=.true.
+++ config.base[340]WRITE_NSFLIP=.true.
+++ config.base[343]export DOIAU=YES
+++ config.base[343]DOIAU=YES
+++ config.base[344]export IAUFHRS=3,6,9
+++ config.base[344]IAUFHRS=3,6,9
+++ config.base[345]export IAU_FHROT=3
+++ config.base[345]IAU_FHROT=3
+++ config.base[346]export IAU_DELTHRS=6
+++ config.base[346]IAU_DELTHRS=6
+++ config.base[347]export IAU_OFFSET=6
+++ config.base[347]IAU_OFFSET=6
+++ config.base[348]export DOIAU_ENKF=YES
+++ config.base[348]DOIAU_ENKF=YES
+++ config.base[349]export IAUFHRS_ENKF=3,6,9
+++ config.base[349]IAUFHRS_ENKF=3,6,9
+++ config.base[350]export IAU_DELTHRS_ENKF=6
+++ config.base[350]IAU_DELTHRS_ENKF=6
+++ config.base[353]export lobsdiag_forenkf=.true.
+++ config.base[353]lobsdiag_forenkf=.true.
+++ config.base[361]export imp_physics=8
+++ config.base[361]imp_physics=8
+++ config.base[365]export DO_JEDIATMVAR=NO
+++ config.base[365]DO_JEDIATMVAR=NO
+++ config.base[366]export DO_JEDIATMENS=NO
+++ config.base[366]DO_JEDIATMENS=NO
+++ config.base[367]export DO_JEDIOCNVAR=YES
+++ config.base[367]DO_JEDIOCNVAR=YES
+++ config.base[368]export DO_JEDISNOWDA=YES
+++ config.base[368]DO_JEDISNOWDA=YES
+++ config.base[369]export DO_MERGENSST=NO
+++ config.base[369]DO_MERGENSST=NO
+++ config.base[370]export DO_STARTMEM_FROM_JEDIICE=YES
+++ config.base[370]DO_STARTMEM_FROM_JEDIICE=YES
+++ config.base[373]export DOHYBVAR=YES
+++ config.base[373]DOHYBVAR=YES
+++ config.base[374]export DOHYBVAR_OCN=YES
+++ config.base[374]DOHYBVAR_OCN=YES
+++ config.base[375]export DOLETKF_OCN=NO
+++ config.base[375]DOLETKF_OCN=NO
+++ config.base[376]export NMEM_ENS=80
+++ config.base[376]NMEM_ENS=80
+++ config.base[377]export SMOOTH_ENKF=NO
+++ config.base[377]SMOOTH_ENKF=NO
+++ config.base[378]export l4densvar=.true.
+++ config.base[378]l4densvar=.true.
+++ config.base[379]export lwrite4danl=.true.
+++ config.base[379]lwrite4danl=.true.
+++ config.base[380]export DO_CALC_INCREMENT=NO
+++ config.base[380]DO_CALC_INCREMENT=NO
+++ config.base[383]export NMEM_ENS_GFS=30
+++ config.base[383]NMEM_ENS_GFS=30
+++ config.base[384]export NMEM_ENS_GFS_OFFSET=20
+++ config.base[384]NMEM_ENS_GFS_OFFSET=20
+++ config.base[385]export DO_CALC_INCREMENT_ENKF_GFS=NO
+++ config.base[385]DO_CALC_INCREMENT_ENKF_GFS=NO
+++ config.base[388][[ YES = \Y\E\S ]]
+++ config.base[389]export FHMIN_ENKF=3
+++ config.base[389]FHMIN_ENKF=3
+++ config.base[390]export FHMAX_ENKF=9
+++ config.base[390]FHMAX_ENKF=9
+++ config.base[391]export FHMAX_ENKF_GFS=12
+++ config.base[391]FHMAX_ENKF_GFS=12
+++ config.base[392]export FHOUT_ENKF_GFS=3
+++ config.base[392]FHOUT_ENKF_GFS=3
+++ config.base[393][[ .true. = \.\t\r\u\e\. ]]
+++ config.base[394]export FHOUT=1
+++ config.base[394]FHOUT=1
+++ config.base[395]export FHOUT_ENKF=1
+++ config.base[395]FHOUT_ENKF=1
+++ config.base[402][[ YES == \N\O ]]
+++ config.base[410]export ENKF_SPREAD=YES
+++ config.base[410]ENKF_SPREAD=YES
+++ config.base[413][[ cycled = \c\y\c\l\e\d ]]
+++ config.base[413][[ 2024111506 = \2\0\2\4\1\1\2\4\1\8 ]]
+++ config.base[413][[ YES = \N\O ]]
+++ config.base[413][[ cycled = \f\o\r\e\c\a\s\t\-\o\n\l\y ]]
+++ config.base[419][[ YES = \N\O ]]
+++ config.base[423][[ YES == \Y\E\S ]]
+++ config.base[424]export restart_interval_enkfgdas=3
+++ config.base[424]restart_interval_enkfgdas=3
+++ config.base[429]export restart_interval_enkfgfs=3
+++ config.base[429]restart_interval_enkfgfs=3
+++ config.base[431][[ YES == \Y\E\S ]]
+++ config.base[432]export restart_interval_gdas=3
+++ config.base[432]restart_interval_gdas=3
+++ config.base[437]export DO_GSISOILDA=YES
+++ config.base[437]DO_GSISOILDA=YES
+++ config.base[440]export DONST=YES
+++ config.base[440]DONST=YES
+++ config.base[441][[ YES = \Y\E\S ]]
+++ config.base[441]export 'FNTSFA=        '
+++ config.base[441]FNTSFA='        '
+++ config.base[444]export nst_anl=.true.
+++ config.base[444]nst_anl=.true.
+++ config.base[447]export MAKE_NSSTBUFR=NO
+++ config.base[447]MAKE_NSSTBUFR=NO
+++ config.base[450]export MAKE_ACFTBUFR=NO
+++ config.base[450]MAKE_ACFTBUFR=NO
+++ config.base[453]export 'INCREMENTS_TO_ZERO='\''liq_wat_inc'\'','\''icmr_inc'\'','\''rwmr_inc'\'','\''snmr_inc'\'','\''grle_inc'\'''
+++ config.base[453]INCREMENTS_TO_ZERO=''\''liq_wat_inc'\'','\''icmr_inc'\'','\''rwmr_inc'\'','\''snmr_inc'\'','\''grle_inc'\'''
+++ config.base[456]export 'INCVARS_ZERO_STRAT='\''sphum_inc'\'','\''liq_wat_inc'\'','\''icmr_inc'\'','\''rwmr_inc'\'','\''snmr_inc'\'','\''grle_inc'\'''
+++ config.base[456]INCVARS_ZERO_STRAT=''\''sphum_inc'\'','\''liq_wat_inc'\'','\''icmr_inc'\'','\''rwmr_inc'\'','\''snmr_inc'\'','\''grle_inc'\'''
+++ config.base[457]export INCVARS_EFOLD=5
+++ config.base[457]INCVARS_EFOLD=5
+++ config.base[462]export netcdf_diag=.true.
+++ config.base[462]netcdf_diag=.true.
+++ config.base[463]export binary_diag=.false.
+++ config.base[463]binary_diag=.false.
+++ config.base[466]export DO_CA=YES
+++ config.base[466]DO_CA=YES
+++ config.base[469]export DO_METP=YES
+++ config.base[469]DO_METP=YES
+++ config.base[470]export DO_FIT2OBS=YES
+++ config.base[470]DO_FIT2OBS=YES
+++ config.base[473]export FHMAX_FITS=132
+++ config.base[473]FHMAX_FITS=132
+++ config.base[474][[ 132 -gt 384 ]]
+++ config.base[480]export DO_FETCH_HPSS=NO
+++ config.base[480]DO_FETCH_HPSS=NO
+++ config.base[481]export DO_FETCH_LOCAL=NO
+++ config.base[481]DO_FETCH_LOCAL=NO
+++ config.base[484]export DO_ARCHCOM=YES
+++ config.base[484]DO_ARCHCOM=YES
+++ config.base[485]export ARCHCOM_TO=hpss
+++ config.base[485]ARCHCOM_TO=hpss
+++ config.base[488]export 'CLIENT_GLOBUS_UUID={{ CLIENT_GLOBUS_UUID }}'
+++ config.base[488]CLIENT_GLOBUS_UUID='{{ CLIENT_GLOBUS_UUID }}'
+++ config.base[491][[ NO = \Y\E\S ]]
+++ config.base[498][[ NO = \Y\E\S ]]
+++ config.base[498][[ YES = \Y\E\S ]]
+++ config.base[499]export DO_ANLSTAT=YES
+++ config.base[499]DO_ANLSTAT=YES
+++ config.base[504]export REPLAY_ICS=NO
+++ config.base[504]REPLAY_ICS=NO
+++ config.base[505]export OFFSET_START_HOUR=0
+++ config.base[505]OFFSET_START_HOUR=0
+++ config.base[508]export NUM_SND_COLLECTIVES=9
+++ config.base[508]NUM_SND_COLLECTIVES=9
+++ config.base[510]echo 'END: config.base'
END: config.base
++ jjob_header.sh[106]true
++ jjob_header.sh[107]export err=0
++ jjob_header.sh[107]err=0
++ jjob_header.sh[108][[ 0 -ne 0 ]]
++ jjob_header.sh[105]for config in "${configs[@]:-''}"
++ jjob_header.sh[106]source /lfs/h2/emc/global/noscrub/emc.global/RETRO_GFSv17/expdir/retrotestgfs10/config.cleanup
+++ config.cleanup[4]echo 'BEGIN: config.cleanup'
BEGIN: config.cleanup
+++ config.cleanup[7]source /lfs/h2/emc/global/noscrub/emc.global/RETRO_GFSv17/expdir/retrotestgfs10/config.resources cleanup
++++ config.resources[10]((  1 != 1  ))
++++ config.resources[34]step=cleanup
++++ config.resources[36]echo 'BEGIN: config.resources'
BEGIN: config.resources
++++ config.resources[38]case ${machine} in
++++ config.resources[40]max_tasks_per_node=128
++++ config.resources[43]mem_node_max=500GB
++++ config.resources[106]export max_tasks_per_node
++++ config.resources[108]case ${step} in
++++ config.resources[1153]walltime=00:15:00
++++ config.resources[1154]ntasks=1
++++ config.resources[1155]tasks_per_node=1
++++ config.resources[1156]threads_per_task=1
++++ config.resources[1157]memory=4096M
++++ config.resources[1400][[ -f /lfs/h2/emc/global/noscrub/emc.global/RETRO_GFSv17/expdir/retrotestgfs10/config.resources.WCOSS2 ]]
++++ config.resources[1401]source /lfs/h2/emc/global/noscrub/emc.global/RETRO_GFSv17/expdir/retrotestgfs10/config.resources.WCOSS2
+++++ config.resources.WCOSS2[5]case ${step} in
++++ config.resources[1405]for resource_var in threads_per_task ntasks tasks_per_node NTASKS memory walltime
++++ config.resources[1406]run_resource_var=threads_per_task_enkfgdas
++++ config.resources[1407][[ -n '' ]]
++++ config.resources[1409][[ -n 0 ]]
++++ config.resources[1410]export threads_per_task
++++ config.resources[1405]for resource_var in threads_per_task ntasks tasks_per_node NTASKS memory walltime
++++ config.resources[1406]run_resource_var=ntasks_enkfgdas
++++ config.resources[1407][[ -n '' ]]
++++ config.resources[1409][[ -n 0 ]]
++++ config.resources[1410]export ntasks
++++ config.resources[1405]for resource_var in threads_per_task ntasks tasks_per_node NTASKS memory walltime
++++ config.resources[1406]run_resource_var=tasks_per_node_enkfgdas
++++ config.resources[1407][[ -n '' ]]
++++ config.resources[1409][[ -n 0 ]]
++++ config.resources[1410]export tasks_per_node
++++ config.resources[1405]for resource_var in threads_per_task ntasks tasks_per_node NTASKS memory walltime
++++ config.resources[1406]run_resource_var=NTASKS_enkfgdas
++++ config.resources[1407][[ -n '' ]]
++++ config.resources[1409][[ -n '' ]]
++++ config.resources[1405]for resource_var in threads_per_task ntasks tasks_per_node NTASKS memory walltime
++++ config.resources[1406]run_resource_var=memory_enkfgdas
++++ config.resources[1407][[ -n '' ]]
++++ config.resources[1409][[ -n 0 ]]
++++ config.resources[1410]export memory
++++ config.resources[1405]for resource_var in threads_per_task ntasks tasks_per_node NTASKS memory walltime
++++ config.resources[1406]run_resource_var=walltime_enkfgdas
++++ config.resources[1407][[ -n '' ]]
++++ config.resources[1409][[ -n 0 ]]
++++ config.resources[1410]export walltime
++++ config.resources[1414]echo 'END: config.resources'
END: config.resources
+++ config.cleanup[9]export CLEANUP_COM=YES
+++ config.cleanup[9]CLEANUP_COM=YES
+++ config.cleanup[12]export RMOLDSTD=144
+++ config.cleanup[12]RMOLDSTD=144
+++ config.cleanup[13]export RMOLDEND=24
+++ config.cleanup[13]RMOLDEND=24
+++ config.cleanup[15][[ NO == \Y\E\S ]]
+++ config.cleanup[23]case ${RUN} in
+++ config.cleanup[25]exclude_string='*f006.ens*'
+++ config.cleanup[28]export exclude_string
+++ config.cleanup[30]echo 'END: config.cleanup'
END: config.cleanup
++ jjob_header.sh[106]true
++ jjob_header.sh[107]export err=0
++ jjob_header.sh[107]err=0
++ jjob_header.sh[108][[ 0 -ne 0 ]]
++ jjob_header.sh[117]source /lfs/h2/emc/global/noscrub/emc.global/RETRO_GFSv17/git/global-workflow/develop_20250602/env/WCOSS2.env cleanup
+++ WCOSS2.env[3][[ 1 -ne 1 ]]
+++ WCOSS2.env[10]step=cleanup
+++ WCOSS2.env[13]export 'launcher=mpiexec -l'
+++ WCOSS2.env[13]launcher='mpiexec -l'
+++ WCOSS2.env[14]export 'mpmd_opt=--cpu-bind verbose,core cfp'
+++ WCOSS2.env[14]mpmd_opt='--cpu-bind verbose,core cfp'
+++ WCOSS2.env[18][[ -n 1 ]]
+++ WCOSS2.env[18][[ -n 128 ]]
+++ WCOSS2.env[18][[ -n 1 ]]
+++ WCOSS2.env[19]max_threads_per_task=128
+++ WCOSS2.env[20]NTHREADSmax=1
+++ WCOSS2.env[21]NTHREADS1=1
+++ WCOSS2.env[22][[ 1 -gt 128 ]]
+++ WCOSS2.env[25][[ 1 -gt 128 ]]
+++ WCOSS2.env[28]APRUN_default='mpiexec -l -n 1'
+++ WCOSS2.env[34][[ cleanup = \p\r\e\p ]]
+++ WCOSS2.env[34][[ cleanup = \p\r\e\p\b\u\f\r ]]
+++ WCOSS2.env[41][[ cleanup = \p\r\e\p\_\e\m\i\s\s\i\o\n\s ]]
+++ WCOSS2.env[45][[ cleanup = \w\a\v\e\i\n\i\t ]]
+++ WCOSS2.env[45][[ cleanup = \w\a\v\e\p\r\e\p ]]
+++ WCOSS2.env[45][[ cleanup = \w\a\v\e\p\o\s\t\s\b\s ]]
+++ WCOSS2.env[45][[ cleanup = \w\a\v\e\p\o\s\t\b\n\d\p\n\t ]]
+++ WCOSS2.env[45][[ cleanup = \w\a\v\e\p\o\s\t\b\n\d\p\n\t\b\l\l ]]
+++ WCOSS2.env[45][[ cleanup = \w\a\v\e\p\o\s\t\p\n\t ]]
+++ WCOSS2.env[51][[ cleanup = \a\t\m\a\n\l\v\a\r ]]
+++ WCOSS2.env[56][[ cleanup = \a\t\m\e\n\s\a\n\l\o\b\s ]]
+++ WCOSS2.env[61][[ cleanup = \a\t\m\e\n\s\a\n\l\s\o\l ]]
+++ WCOSS2.env[66][[ cleanup = \a\t\m\e\n\s\a\n\l\l\e\t\k\f ]]
+++ WCOSS2.env[71][[ cleanup = \a\t\m\e\n\s\a\n\l\f\v\3\i\n\c ]]
+++ WCOSS2.env[76][[ cleanup = \a\e\r\o\a\n\l\v\a\r ]]
+++ WCOSS2.env[83][[ cleanup = \a\e\r\o\a\n\l\g\e\n\b ]]
+++ WCOSS2.env[88][[ cleanup = \p\r\e\p\o\b\s\a\e\r\o ]]
+++ WCOSS2.env[93][[ cleanup = \s\n\o\w\a\n\l ]]
+++ WCOSS2.env[102][[ cleanup = \e\s\n\o\w\a\n\l ]]
+++ WCOSS2.env[111][[ cleanup = \m\a\r\i\n\e\b\m\a\t ]]
+++ WCOSS2.env[116][[ cleanup = \m\a\r\i\n\e\a\n\l\v\a\r ]]
+++ WCOSS2.env[121][[ cleanup = \m\a\r\i\n\e\a\n\l\c\h\k\p\t ]]
+++ WCOSS2.env[129][[ cleanup = \o\c\n\a\n\a\l\e\c\e\n ]]
+++ WCOSS2.env[134][[ cleanup = \m\a\r\i\n\e\a\n\l\l\e\t\k\f ]]
+++ WCOSS2.env[139][[ cleanup = \a\t\m\a\n\l\f\v\3\i\n\c ]]
+++ WCOSS2.env[144][[ cleanup = \a\n\l\s\t\a\t ]]
+++ WCOSS2.env[149][[ cleanup = \e\c\e\n\_\f\v\3\j\e\d\i ]]
+++ WCOSS2.env[155][[ cleanup = \a\n\a\l\c\a\l\c\_\f\v\3\j\e\d\i ]]
+++ WCOSS2.env[160][[ cleanup = \a\n\a\l ]]
+++ WCOSS2.env[160][[ cleanup = \a\n\a\l\c\a\l\c ]]
+++ WCOSS2.env[200][[ cleanup = \s\f\c\a\n\l ]]
+++ WCOSS2.env[212][[ cleanup = \e\o\b\s ]]
+++ WCOSS2.env[225][[ cleanup = \e\u\p\d ]]
+++ WCOSS2.env[243][[ cleanup = \f\c\s\t ]]
+++ WCOSS2.env[243][[ cleanup = \e\f\c\s ]]
+++ WCOSS2.env[261][[ cleanup = \u\p\p ]]
+++ WCOSS2.env[266][[ cleanup = \a\t\m\o\s\_\p\r\o\d\u\c\t\s ]]
+++ WCOSS2.env[270][[ cleanup = \o\c\e\a\n\i\c\e\_\p\r\o\d\u\c\t\s ]]
+++ WCOSS2.env[275][[ cleanup = \e\c\e\n ]]
+++ WCOSS2.env[298][[ cleanup = \e\s\f\c ]]
+++ WCOSS2.env[313][[ cleanup = \e\p\o\s ]]
+++ WCOSS2.env[318][[ cleanup = \p\o\s\t\s\n\d ]]
+++ WCOSS2.env[332][[ cleanup = \a\w\i\p\s ]]
+++ WCOSS2.env[337][[ cleanup = \g\e\m\p\a\k ]]
+++ WCOSS2.env[342][[ cleanup = \f\i\t\2\o\b\s ]]
+++ WCOSS2.env[347][[ cleanup = \w\a\v\e\a\w\i\p\s\b\u\l\l\s ]]
++ jjob_header.sh[117]true
++ jjob_header.sh[118]export err=0
++ jjob_header.sh[118]err=0
++ jjob_header.sh[119][[ 0 -ne 0 ]]
+ JGLOBAL_CLEANUP[5]/lfs/h2/emc/global/noscrub/emc.global/RETRO_GFSv17/git/global-workflow/develop_20250602/scripts/exglobal_cleanup.sh
+ bash[8]'[' -z '' ']'
+ bash[9]case "$-" in
+ bash[12]__lmod_vx=x
+ bash[16]'[' -n x ']'
+ bash[16]set +x
Shell debugging temporarily silenced: export LMOD_SH_DBG_ON=1 for this output (/usr/share/lmod/lmod/init/bash)
Shell debugging restarted
+ bash[169]unset __lmod_vx
+ exglobal_cleanup.sh[4]echo 'Begin Cleanup /lfs/h2/emc/stmp/emc.global/RUNDIRS/retrotestgfs10/enkfgdas.2024112418!'
Begin Cleanup /lfs/h2/emc/stmp/emc.global/RUNDIRS/retrotestgfs10/enkfgdas.2024112418!
+ exglobal_cleanup.sh[8]DATAfcst=/lfs/h2/emc/stmp/emc.global/RUNDIRS/retrotestgfs10/enkfgdas.2024112418/enkfgdasfcst.2024112418
+ exglobal_cleanup.sh[9][[ -d /lfs/h2/emc/stmp/emc.global/RUNDIRS/retrotestgfs10/enkfgdas.2024112418/enkfgdasfcst.2024112418 ]]
+ exglobal_cleanup.sh[11]rm -rf /lfs/h2/emc/stmp/emc.global/RUNDIRS/retrotestgfs10/enkfgdas.2024112418/enkfgdasefcs001.2024112418 /lfs/h2/emc/stmp/emc.global/RUNDIRS/retrotestgfs10/enkfgdas.2024112418/enkfgdasefcs002.2024112418 /lfs/h2/emc/stmp/emc.global/RUNDIRS/retrotestgfs10/enkfgdas.2024112418/enkfgdasefcs003.2024112418 /lfs/h2/emc/stmp/emc.global/RUNDIRS/retrotestgfs10/enkfgdas.2024112418/enkfgdasefcs004.2024112418 /lfs/h2/emc/stmp/emc.global/RUNDIRS/retrotestgfs10/enkfgdas.2024112418/enkfgdasefcs005.2024112418 /lfs/h2/emc/stmp/emc.global/RUNDIRS/retrotestgfs10/enkfgdas.2024112418/enkfgdasefcs006.2024112418 /lfs/h2/emc/stmp/emc.global/RUNDIRS/retrotestgfs10/enkfgdas.2024112418/enkfgdasefcs007.2024112418 /lfs/h2/emc/stmp/emc.global/RUNDIRS/retrotestgfs10/enkfgdas.2024112418/enkfgdasefcs008.2024112418 /lfs/h2/emc/stmp/emc.global/RUNDIRS/retrotestgfs10/enkfgdas.2024112418/enkfgdasefcs009.2024112418 /lfs/h2/emc/stmp/emc.global/RUNDIRS/retrotestgfs10/enkfgdas.2024112418/enkfgdasefcs010.2024112418 /lfs/h2/emc/stmp/emc.global/RUNDIRS/retrotestgfs10/enkfgdas.2024112418/enkfgdasefcs011.2024112418 /lfs/h2/emc/stmp/emc.global/RUNDIRS/retrotestgfs10/enkfgdas.2024112418/enkfgdasefcs012.2024112418 /lfs/h2/emc/stmp/emc.global/RUNDIRS/retrotestgfs10/enkfgdas.2024112418/enkfgdasefcs013.2024112418 /lfs/h2/emc/stmp/emc.global/RUNDIRS/retrotestgfs10/enkfgdas.2024112418/enkfgdasefcs014.2024112418 /lfs/h2/emc/stmp/emc.global/RUNDIRS/retrotestgfs10/enkfgdas.2024112418/enkfgdasefcs015.2024112418 /lfs/h2/emc/stmp/emc.global/RUNDIRS/retrotestgfs10/enkfgdas.2024112418/enkfgdasefcs016.2024112418 /lfs/h2/emc/stmp/emc.global/RUNDIRS/retrotestgfs10/enkfgdas.2024112418/enkfgdasefcs017.2024112418 /lfs/h2/emc/stmp/emc.global/RUNDIRS/retrotestgfs10/enkfgdas.2024112418/enkfgdasefcs018.2024112418 /lfs/h2/emc/stmp/emc.global/RUNDIRS/retrotestgfs10/enkfgdas.2024112418/enkfgdasefcs019.2024112418 /lfs/h2/emc/stmp/emc.global/RUNDIRS/retrotestgfs10/enkfgdas.2024112418/enkfgdasefcs020.2024112418 /lfs/h2/emc/stmp/emc.global/RUNDIRS/retrotestgfs10/enkfgdas.2024112418/enkfgdasefcs021.2024112418 /lfs/h2/emc/stmp/emc.global/RUNDIRS/retrotestgfs10/enkfgdas.2024112418/enkfgdasefcs022.2024112418 /lfs/h2/emc/stmp/emc.global/RUNDIRS/retrotestgfs10/enkfgdas.2024112418/enkfgdasefcs023.2024112418 /lfs/h2/emc/stmp/emc.global/RUNDIRS/retrotestgfs10/enkfgdas.2024112418/enkfgdasefcs024.2024112418 /lfs/h2/emc/stmp/emc.global/RUNDIRS/retrotestgfs10/enkfgdas.2024112418/enkfgdasefcs025.2024112418 /lfs/h2/emc/stmp/emc.global/RUNDIRS/retrotestgfs10/enkfgdas.2024112418/enkfgdasefcs026.2024112418 /lfs/h2/emc/stmp/emc.global/RUNDIRS/retrotestgfs10/enkfgdas.2024112418/enkfgdasefcs027.2024112418 /lfs/h2/emc/stmp/emc.global/RUNDIRS/retrotestgfs10/enkfgdas.2024112418/enkfgdasefcs028.2024112418 /lfs/h2/emc/stmp/emc.global/RUNDIRS/retrotestgfs10/enkfgdas.2024112418/enkfgdasefcs029.2024112418 /lfs/h2/emc/stmp/emc.global/RUNDIRS/retrotestgfs10/enkfgdas.2024112418/enkfgdasefcs030.2024112418 /lfs/h2/emc/stmp/emc.global/RUNDIRS/retrotestgfs10/enkfgdas.2024112418/enkfgdasefcs031.2024112418 /lfs/h2/emc/stmp/emc.global/RUNDIRS/retrotestgfs10/enkfgdas.2024112418/enkfgdasefcs032.2024112418 /lfs/h2/emc/stmp/emc.global/RUNDIRS/retrotestgfs10/enkfgdas.2024112418/enkfgdasefcs033.2024112418 /lfs/h2/emc/stmp/emc.global/RUNDIRS/retrotestgfs10/enkfgdas.2024112418/enkfgdasefcs034.2024112418 /lfs/h2/emc/stmp/emc.global/RUNDIRS/retrotestgfs10/enkfgdas.2024112418/enkfgdasefcs035.2024112418 /lfs/h2/emc/stmp/emc.global/RUNDIRS/retrotestgfs10/enkfgdas.2024112418/enkfgdasefcs036.2024112418 /lfs/h2/emc/stmp/emc.global/RUNDIRS/retrotestgfs10/enkfgdas.2024112418/enkfgdasefcs037.2024112418 /lfs/h2/emc/stmp/emc.global/RUNDIRS/retrotestgfs10/enkfgdas.2024112418/enkfgdasefcs038.2024112418 /lfs/h2/emc/stmp/emc.global/RUNDIRS/retrotestgfs10/enkfgdas.2024112418/enkfgdasefcs039.2024112418 /lfs/h2/emc/stmp/emc.global/RUNDIRS/retrotestgfs10/enkfgdas.2024112418/enkfgdasefcs040.2024112418 /lfs/h2/emc/stmp/emc.global/RUNDIRS/retrotestgfs10/enkfgdas.2024112418/enkfgdasefcs041.2024112418 /lfs/h2/emc/stmp/emc.global/RUNDIRS/retrotestgfs10/enkfgdas.2024112418/enkfgdasefcs042.2024112418 /lfs/h2/emc/stmp/emc.global/RUNDIRS/retrotestgfs10/enkfgdas.2024112418/enkfgdasefcs043.2024112418 /lfs/h2/emc/stmp/emc.global/RUNDIRS/retrotestgfs10/enkfgdas.2024112418/enkfgdasefcs044.2024112418 /lfs/h2/emc/stmp/emc.global/RUNDIRS/retrotestgfs10/enkfgdas.2024112418/enkfgdasefcs045.2024112418 /lfs/h2/emc/stmp/emc.global/RUNDIRS/retrotestgfs10/enkfgdas.2024112418/enkfgdasefcs046.2024112418 /lfs/h2/emc/stmp/emc.global/RUNDIRS/retrotestgfs10/enkfgdas.2024112418/enkfgdasefcs047.2024112418 /lfs/h2/emc/stmp/emc.global/RUNDIRS/retrotestgfs10/enkfgdas.2024112418/enkfgdasefcs048.2024112418 /lfs/h2/emc/stmp/emc.global/RUNDIRS/retrotestgfs10/enkfgdas.2024112418/enkfgdasefcs049.2024112418 /lfs/h2/emc/stmp/emc.global/RUNDIRS/retrotestgfs10/enkfgdas.2024112418/enkfgdasefcs050.2024112418 /lfs/h2/emc/stmp/emc.global/RUNDIRS/retrotestgfs10/enkfgdas.2024112418/enkfgdasefcs051.2024112418 /lfs/h2/emc/stmp/emc.global/RUNDIRS/retrotestgfs10/enkfgdas.2024112418/enkfgdasefcs052.2024112418 /lfs/h2/emc/stmp/emc.global/RUNDIRS/retrotestgfs10/enkfgdas.2024112418/enkfgdasefcs053.2024112418 /lfs/h2/emc/stmp/emc.global/RUNDIRS/retrotestgfs10/enkfgdas.2024112418/enkfgdasefcs054.2024112418 /lfs/h2/emc/stmp/emc.global/RUNDIRS/retrotestgfs10/enkfgdas.2024112418/enkfgdasefcs055.2024112418 /lfs/h2/emc/stmp/emc.global/RUNDIRS/retrotestgfs10/enkfgdas.2024112418/enkfgdasefcs056.2024112418 /lfs/h2/emc/stmp/emc.global/RUNDIRS/retrotestgfs10/enkfgdas.2024112418/enkfgdasefcs057.2024112418 /lfs/h2/emc/stmp/emc.global/RUNDIRS/retrotestgfs10/enkfgdas.2024112418/enkfgdasefcs058.2024112418 /lfs/h2/emc/stmp/emc.global/RUNDIRS/retrotestgfs10/enkfgdas.2024112418/enkfgdasefcs059.2024112418 /lfs/h2/emc/stmp/emc.global/RUNDIRS/retrotestgfs10/enkfgdas.2024112418/enkfgdasefcs060.2024112418 /lfs/h2/emc/stmp/emc.global/RUNDIRS/retrotestgfs10/enkfgdas.2024112418/enkfgdasefcs061.2024112418 /lfs/h2/emc/stmp/emc.global/RUNDIRS/retrotestgfs10/enkfgdas.2024112418/enkfgdasefcs062.2024112418 /lfs/h2/emc/stmp/emc.global/RUNDIRS/retrotestgfs10/enkfgdas.2024112418/enkfgdasefcs063.2024112418 /lfs/h2/emc/stmp/emc.global/RUNDIRS/retrotestgfs10/enkfgdas.2024112418/enkfgdasefcs064.2024112418 /lfs/h2/emc/stmp/emc.global/RUNDIRS/retrotestgfs10/enkfgdas.2024112418/enkfgdasefcs065.2024112418 /lfs/h2/emc/stmp/emc.global/RUNDIRS/retrotestgfs10/enkfgdas.2024112418/enkfgdasefcs066.2024112418 /lfs/h2/emc/stmp/emc.global/RUNDIRS/retrotestgfs10/enkfgdas.2024112418/enkfgdasefcs067.2024112418 /lfs/h2/emc/stmp/emc.global/RUNDIRS/retrotestgfs10/enkfgdas.2024112418/enkfgdasefcs068.2024112418 /lfs/h2/emc/stmp/emc.global/RUNDIRS/retrotestgfs10/enkfgdas.2024112418/enkfgdasefcs069.2024112418 /lfs/h2/emc/stmp/emc.global/RUNDIRS/retrotestgfs10/enkfgdas.2024112418/enkfgdasefcs070.2024112418 /lfs/h2/emc/stmp/emc.global/RUNDIRS/retrotestgfs10/enkfgdas.2024112418/enkfgdasefcs071.2024112418 /lfs/h2/emc/stmp/emc.global/RUNDIRS/retrotestgfs10/enkfgdas.2024112418/enkfgdasefcs072.2024112418 /lfs/h2/emc/stmp/emc.global/RUNDIRS/retrotestgfs10/enkfgdas.2024112418/enkfgdasefcs073.2024112418 /lfs/h2/emc/stmp/emc.global/RUNDIRS/retrotestgfs10/enkfgdas.2024112418/enkfgdasefcs074.2024112418 /lfs/h2/emc/stmp/emc.global/RUNDIRS/retrotestgfs10/enkfgdas.2024112418/enkfgdasefcs075.2024112418 /lfs/h2/emc/stmp/emc.global/RUNDIRS/retrotestgfs10/enkfgdas.2024112418/enkfgdasefcs076.2024112418 /lfs/h2/emc/stmp/emc.global/RUNDIRS/retrotestgfs10/enkfgdas.2024112418/enkfgdasefcs077.2024112418 /lfs/h2/emc/stmp/emc.global/RUNDIRS/retrotestgfs10/enkfgdas.2024112418/enkfgdasefcs078.2024112418 /lfs/h2/emc/stmp/emc.global/RUNDIRS/retrotestgfs10/enkfgdas.2024112418/enkfgdasefcs079.2024112418 /lfs/h2/emc/stmp/emc.global/RUNDIRS/retrotestgfs10/enkfgdas.2024112418/enkfgdasefcs080.2024112418
+ exglobal_cleanup.sh[14][[ YES == NO ]]
++ exglobal_cleanup.sh[24]date --utc +%Y%m%d%H -d '20241124 18 -24 hours'
+ exglobal_cleanup.sh[24]last_date=2024112318
++ exglobal_cleanup.sh[25]date --utc +%Y%m%d%H -d '20241124 18 -144 hours'
+ exglobal_cleanup.sh[25]first_date=2024111818
++ exglobal_cleanup.sh[26]date --utc +%Y%m%d%H -d '20241124 18 -48 hours'
+ exglobal_cleanup.sh[26]last_rtofs=2024112218
+ exglobal_cleanup.sh[50](( current_date=first_date ))
+ exglobal_cleanup.sh[50](( current_date <= last_date ))
+ exglobal_cleanup.sh[52]current_PDY=20241118
+ exglobal_cleanup.sh[53]current_cyc=18
+ exglobal_cleanup.sh[54]rtofs_dir=/lfs/h2/emc/ptmp/emc.global/RETRO_GFSv17/comroot/retrotestgfs10/rtofs.20241118
+ exglobal_cleanup.sh[55]rocotolog=/lfs/h2/emc/global/noscrub/emc.global/RETRO_GFSv17/expdir/retrotestgfs10/logs/2024111818.log
+ exglobal_cleanup.sh[56][[ -f /lfs/h2/emc/global/noscrub/emc.global/RETRO_GFSv17/expdir/retrotestgfs10/logs/2024111818.log ]]
++ exglobal_cleanup.sh[59]tail -n 1 /lfs/h2/emc/global/noscrub/emc.global/RETRO_GFSv17/expdir/retrotestgfs10/logs/2024111818.log
+ exglobal_cleanup.sh[59][[ 2025-06-06 00:55:42 +0000 :: dlogin06 :: This cycle is complete: Success =~ This cycle is complete: Success ]]
+ exglobal_cleanup.sh[60]YMD=20241118
+ exglobal_cleanup.sh[60]HH=18
+ exglobal_cleanup.sh[60]declare_from_tmpl COMOUT_TOP:COM_TOP_TMPL
+ environment[0][[ NO == \N\O ]]
+ environment[1]set +x
declare_from_tmpl :: COMOUT_TOP=/lfs/h2/emc/ptmp/emc.global/RETRO_GFSv17/comroot/retrotestgfs10/enkfgdas.20241118/18
+ exglobal_cleanup.sh[62][[ -d /lfs/h2/emc/ptmp/emc.global/RETRO_GFSv17/comroot/retrotestgfs10/enkfgdas.20241118/18 ]]
+ exglobal_cleanup.sh[66][[ -d /lfs/h2/emc/ptmp/emc.global/RETRO_GFSv17/comroot/retrotestgfs10/rtofs.20241118 ]]
++ exglobal_cleanup.sh[50]date --utc +%Y%m%d%H -d '20241118 18 +6 hours'
+ exglobal_cleanup.sh[50](( current_date=2024111900  ))
+ exglobal_cleanup.sh[50](( current_date <= last_date ))
+ exglobal_cleanup.sh[52]current_PDY=20241119
+ exglobal_cleanup.sh[53]current_cyc=00
+ exglobal_cleanup.sh[54]rtofs_dir=/lfs/h2/emc/ptmp/emc.global/RETRO_GFSv17/comroot/retrotestgfs10/rtofs.20241119
+ exglobal_cleanup.sh[55]rocotolog=/lfs/h2/emc/global/noscrub/emc.global/RETRO_GFSv17/expdir/retrotestgfs10/logs/2024111900.log
+ exglobal_cleanup.sh[56][[ -f /lfs/h2/emc/global/noscrub/emc.global/RETRO_GFSv17/expdir/retrotestgfs10/logs/2024111900.log ]]
++ exglobal_cleanup.sh[59]tail -n 1 /lfs/h2/emc/global/noscrub/emc.global/RETRO_GFSv17/expdir/retrotestgfs10/logs/2024111900.log
+ exglobal_cleanup.sh[59][[ 2025-06-06 02:50:39 +0000 :: dlogin06 :: This cycle is complete: Success =~ This cycle is complete: Success ]]
+ exglobal_cleanup.sh[60]YMD=20241119
+ exglobal_cleanup.sh[60]HH=00
+ exglobal_cleanup.sh[60]declare_from_tmpl COMOUT_TOP:COM_TOP_TMPL
+ environment[0][[ NO == \N\O ]]
+ environment[1]set +x
declare_from_tmpl :: COMOUT_TOP=/lfs/h2/emc/ptmp/emc.global/RETRO_GFSv17/comroot/retrotestgfs10/enkfgdas.20241119/00
+ exglobal_cleanup.sh[62][[ -d /lfs/h2/emc/ptmp/emc.global/RETRO_GFSv17/comroot/retrotestgfs10/enkfgdas.20241119/00 ]]
+ exglobal_cleanup.sh[66][[ -d /lfs/h2/emc/ptmp/emc.global/RETRO_GFSv17/comroot/retrotestgfs10/rtofs.20241119 ]]
++ exglobal_cleanup.sh[50]date --utc +%Y%m%d%H -d '20241119 00 +6 hours'
+ exglobal_cleanup.sh[50](( current_date=2024111906  ))
+ exglobal_cleanup.sh[50](( current_date <= last_date ))
+ exglobal_cleanup.sh[52]current_PDY=20241119
+ exglobal_cleanup.sh[53]current_cyc=06
+ exglobal_cleanup.sh[54]rtofs_dir=/lfs/h2/emc/ptmp/emc.global/RETRO_GFSv17/comroot/retrotestgfs10/rtofs.20241119
+ exglobal_cleanup.sh[55]rocotolog=/lfs/h2/emc/global/noscrub/emc.global/RETRO_GFSv17/expdir/retrotestgfs10/logs/2024111906.log
+ exglobal_cleanup.sh[56][[ -f /lfs/h2/emc/global/noscrub/emc.global/RETRO_GFSv17/expdir/retrotestgfs10/logs/2024111906.log ]]
++ exglobal_cleanup.sh[59]tail -n 1 /lfs/h2/emc/global/noscrub/emc.global/RETRO_GFSv17/expdir/retrotestgfs10/logs/2024111906.log
+ exglobal_cleanup.sh[59][[ 2025-06-09 16:15:30 +0000 :: dlogin06 :: This cycle is complete: Success =~ This cycle is complete: Success ]]
+ exglobal_cleanup.sh[60]YMD=20241119
+ exglobal_cleanup.sh[60]HH=06
+ exglobal_cleanup.sh[60]declare_from_tmpl COMOUT_TOP:COM_TOP_TMPL
+ environment[0][[ NO == \N\O ]]
+ environment[1]set +x
declare_from_tmpl :: COMOUT_TOP=/lfs/h2/emc/ptmp/emc.global/RETRO_GFSv17/comroot/retrotestgfs10/enkfgdas.20241119/06
+ exglobal_cleanup.sh[62][[ -d /lfs/h2/emc/ptmp/emc.global/RETRO_GFSv17/comroot/retrotestgfs10/enkfgdas.20241119/06 ]]
+ exglobal_cleanup.sh[66][[ -d /lfs/h2/emc/ptmp/emc.global/RETRO_GFSv17/comroot/retrotestgfs10/rtofs.20241119 ]]
++ exglobal_cleanup.sh[50]date --utc +%Y%m%d%H -d '20241119 06 +6 hours'
+ exglobal_cleanup.sh[50](( current_date=2024111912  ))
+ exglobal_cleanup.sh[50](( current_date <= last_date ))
+ exglobal_cleanup.sh[52]current_PDY=20241119
+ exglobal_cleanup.sh[53]current_cyc=12
+ exglobal_cleanup.sh[54]rtofs_dir=/lfs/h2/emc/ptmp/emc.global/RETRO_GFSv17/comroot/retrotestgfs10/rtofs.20241119
+ exglobal_cleanup.sh[55]rocotolog=/lfs/h2/emc/global/noscrub/emc.global/RETRO_GFSv17/expdir/retrotestgfs10/logs/2024111912.log
+ exglobal_cleanup.sh[56][[ -f /lfs/h2/emc/global/noscrub/emc.global/RETRO_GFSv17/expdir/retrotestgfs10/logs/2024111912.log ]]
++ exglobal_cleanup.sh[59]tail -n 1 /lfs/h2/emc/global/noscrub/emc.global/RETRO_GFSv17/expdir/retrotestgfs10/logs/2024111912.log
+ exglobal_cleanup.sh[59][[ 2025-06-06 14:05:38 +0000 :: dlogin06 :: This cycle is complete: Success =~ This cycle is complete: Success ]]
+ exglobal_cleanup.sh[60]YMD=20241119
+ exglobal_cleanup.sh[60]HH=12
+ exglobal_cleanup.sh[60]declare_from_tmpl COMOUT_TOP:COM_TOP_TMPL
+ environment[0][[ NO == \N\O ]]
+ environment[1]set +x
declare_from_tmpl :: COMOUT_TOP=/lfs/h2/emc/ptmp/emc.global/RETRO_GFSv17/comroot/retrotestgfs10/enkfgdas.20241119/12
+ exglobal_cleanup.sh[62][[ -d /lfs/h2/emc/ptmp/emc.global/RETRO_GFSv17/comroot/retrotestgfs10/enkfgdas.20241119/12 ]]
+ exglobal_cleanup.sh[66][[ -d /lfs/h2/emc/ptmp/emc.global/RETRO_GFSv17/comroot/retrotestgfs10/rtofs.20241119 ]]
++ exglobal_cleanup.sh[50]date --utc +%Y%m%d%H -d '20241119 12 +6 hours'
+ exglobal_cleanup.sh[50](( current_date=2024111918  ))
+ exglobal_cleanup.sh[50](( current_date <= last_date ))
+ exglobal_cleanup.sh[52]current_PDY=20241119
+ exglobal_cleanup.sh[53]current_cyc=18
+ exglobal_cleanup.sh[54]rtofs_dir=/lfs/h2/emc/ptmp/emc.global/RETRO_GFSv17/comroot/retrotestgfs10/rtofs.20241119
+ exglobal_cleanup.sh[55]rocotolog=/lfs/h2/emc/global/noscrub/emc.global/RETRO_GFSv17/expdir/retrotestgfs10/logs/2024111918.log
+ exglobal_cleanup.sh[56][[ -f /lfs/h2/emc/global/noscrub/emc.global/RETRO_GFSv17/expdir/retrotestgfs10/logs/2024111918.log ]]
++ exglobal_cleanup.sh[59]tail -n 1 /lfs/h2/emc/global/noscrub/emc.global/RETRO_GFSv17/expdir/retrotestgfs10/logs/2024111918.log
+ exglobal_cleanup.sh[59][[ 2025-06-06 20:55:33 +0000 :: dlogin06 :: This cycle is complete: Success =~ This cycle is complete: Success ]]
+ exglobal_cleanup.sh[60]YMD=20241119
+ exglobal_cleanup.sh[60]HH=18
+ exglobal_cleanup.sh[60]declare_from_tmpl COMOUT_TOP:COM_TOP_TMPL
+ environment[0][[ NO == \N\O ]]
+ environment[1]set +x
declare_from_tmpl :: COMOUT_TOP=/lfs/h2/emc/ptmp/emc.global/RETRO_GFSv17/comroot/retrotestgfs10/enkfgdas.20241119/18
+ exglobal_cleanup.sh[62][[ -d /lfs/h2/emc/ptmp/emc.global/RETRO_GFSv17/comroot/retrotestgfs10/enkfgdas.20241119/18 ]]
+ exglobal_cleanup.sh[66][[ -d /lfs/h2/emc/ptmp/emc.global/RETRO_GFSv17/comroot/retrotestgfs10/rtofs.20241119 ]]
++ exglobal_cleanup.sh[50]date --utc +%Y%m%d%H -d '20241119 18 +6 hours'
+ exglobal_cleanup.sh[50](( current_date=2024112000  ))
+ exglobal_cleanup.sh[50](( current_date <= last_date ))
+ exglobal_cleanup.sh[52]current_PDY=20241120
+ exglobal_cleanup.sh[53]current_cyc=00
+ exglobal_cleanup.sh[54]rtofs_dir=/lfs/h2/emc/ptmp/emc.global/RETRO_GFSv17/comroot/retrotestgfs10/rtofs.20241120
+ exglobal_cleanup.sh[55]rocotolog=/lfs/h2/emc/global/noscrub/emc.global/RETRO_GFSv17/expdir/retrotestgfs10/logs/2024112000.log
+ exglobal_cleanup.sh[56][[ -f /lfs/h2/emc/global/noscrub/emc.global/RETRO_GFSv17/expdir/retrotestgfs10/logs/2024112000.log ]]
++ exglobal_cleanup.sh[59]tail -n 1 /lfs/h2/emc/global/noscrub/emc.global/RETRO_GFSv17/expdir/retrotestgfs10/logs/2024112000.log
+ exglobal_cleanup.sh[59][[ 2025-06-07 03:30:26 +0000 :: dlogin06 :: This cycle is complete: Success =~ This cycle is complete: Success ]]
+ exglobal_cleanup.sh[60]YMD=20241120
+ exglobal_cleanup.sh[60]HH=00
+ exglobal_cleanup.sh[60]declare_from_tmpl COMOUT_TOP:COM_TOP_TMPL
+ environment[0][[ NO == \N\O ]]
+ environment[1]set +x
declare_from_tmpl :: COMOUT_TOP=/lfs/h2/emc/ptmp/emc.global/RETRO_GFSv17/comroot/retrotestgfs10/enkfgdas.20241120/00
+ exglobal_cleanup.sh[62][[ -d /lfs/h2/emc/ptmp/emc.global/RETRO_GFSv17/comroot/retrotestgfs10/enkfgdas.20241120/00 ]]
+ exglobal_cleanup.sh[66][[ -d /lfs/h2/emc/ptmp/emc.global/RETRO_GFSv17/comroot/retrotestgfs10/rtofs.20241120 ]]
++ exglobal_cleanup.sh[50]date --utc +%Y%m%d%H -d '20241120 00 +6 hours'
+ exglobal_cleanup.sh[50](( current_date=2024112006  ))
+ exglobal_cleanup.sh[50](( current_date <= last_date ))
+ exglobal_cleanup.sh[52]current_PDY=20241120
+ exglobal_cleanup.sh[53]current_cyc=06
+ exglobal_cleanup.sh[54]rtofs_dir=/lfs/h2/emc/ptmp/emc.global/RETRO_GFSv17/comroot/retrotestgfs10/rtofs.20241120
+ exglobal_cleanup.sh[55]rocotolog=/lfs/h2/emc/global/noscrub/emc.global/RETRO_GFSv17/expdir/retrotestgfs10/logs/2024112006.log
+ exglobal_cleanup.sh[56][[ -f /lfs/h2/emc/global/noscrub/emc.global/RETRO_GFSv17/expdir/retrotestgfs10/logs/2024112006.log ]]
++ exglobal_cleanup.sh[59]tail -n 1 /lfs/h2/emc/global/noscrub/emc.global/RETRO_GFSv17/expdir/retrotestgfs10/logs/2024112006.log
+ exglobal_cleanup.sh[59][[ 2025-06-07 12:50:27 +0000 :: dlogin06 :: This cycle is complete: Success =~ This cycle is complete: Success ]]
+ exglobal_cleanup.sh[60]YMD=20241120
+ exglobal_cleanup.sh[60]HH=06
+ exglobal_cleanup.sh[60]declare_from_tmpl COMOUT_TOP:COM_TOP_TMPL
+ environment[0][[ NO == \N\O ]]
+ environment[1]set +x
declare_from_tmpl :: COMOUT_TOP=/lfs/h2/emc/ptmp/emc.global/RETRO_GFSv17/comroot/retrotestgfs10/enkfgdas.20241120/06
+ exglobal_cleanup.sh[62][[ -d /lfs/h2/emc/ptmp/emc.global/RETRO_GFSv17/comroot/retrotestgfs10/enkfgdas.20241120/06 ]]
+ exglobal_cleanup.sh[66][[ -d /lfs/h2/emc/ptmp/emc.global/RETRO_GFSv17/comroot/retrotestgfs10/rtofs.20241120 ]]
++ exglobal_cleanup.sh[50]date --utc +%Y%m%d%H -d '20241120 06 +6 hours'
+ exglobal_cleanup.sh[50](( current_date=2024112012  ))
+ exglobal_cleanup.sh[50](( current_date <= last_date ))
+ exglobal_cleanup.sh[52]current_PDY=20241120
+ exglobal_cleanup.sh[53]current_cyc=12
+ exglobal_cleanup.sh[54]rtofs_dir=/lfs/h2/emc/ptmp/emc.global/RETRO_GFSv17/comroot/retrotestgfs10/rtofs.20241120
+ exglobal_cleanup.sh[55]rocotolog=/lfs/h2/emc/global/noscrub/emc.global/RETRO_GFSv17/expdir/retrotestgfs10/logs/2024112012.log
+ exglobal_cleanup.sh[56][[ -f /lfs/h2/emc/global/noscrub/emc.global/RETRO_GFSv17/expdir/retrotestgfs10/logs/2024112012.log ]]
++ exglobal_cleanup.sh[59]tail -n 1 /lfs/h2/emc/global/noscrub/emc.global/RETRO_GFSv17/expdir/retrotestgfs10/logs/2024112012.log
+ exglobal_cleanup.sh[59][[ 2025-06-10 18:20:43 +0000 :: dlogin06 :: This cycle is complete: Success =~ This cycle is complete: Success ]]
+ exglobal_cleanup.sh[60]YMD=20241120
+ exglobal_cleanup.sh[60]HH=12
+ exglobal_cleanup.sh[60]declare_from_tmpl COMOUT_TOP:COM_TOP_TMPL
+ environment[0][[ NO == \N\O ]]
+ environment[1]set +x
declare_from_tmpl :: COMOUT_TOP=/lfs/h2/emc/ptmp/emc.global/RETRO_GFSv17/comroot/retrotestgfs10/enkfgdas.20241120/12
+ exglobal_cleanup.sh[62][[ -d /lfs/h2/emc/ptmp/emc.global/RETRO_GFSv17/comroot/retrotestgfs10/enkfgdas.20241120/12 ]]
+ exglobal_cleanup.sh[66][[ -d /lfs/h2/emc/ptmp/emc.global/RETRO_GFSv17/comroot/retrotestgfs10/rtofs.20241120 ]]
++ exglobal_cleanup.sh[50]date --utc +%Y%m%d%H -d '20241120 12 +6 hours'
+ exglobal_cleanup.sh[50](( current_date=2024112018  ))
+ exglobal_cleanup.sh[50](( current_date <= last_date ))
+ exglobal_cleanup.sh[52]current_PDY=20241120
+ exglobal_cleanup.sh[53]current_cyc=18
+ exglobal_cleanup.sh[54]rtofs_dir=/lfs/h2/emc/ptmp/emc.global/RETRO_GFSv17/comroot/retrotestgfs10/rtofs.20241120
+ exglobal_cleanup.sh[55]rocotolog=/lfs/h2/emc/global/noscrub/emc.global/RETRO_GFSv17/expdir/retrotestgfs10/logs/2024112018.log
+ exglobal_cleanup.sh[56][[ -f /lfs/h2/emc/global/noscrub/emc.global/RETRO_GFSv17/expdir/retrotestgfs10/logs/2024112018.log ]]
++ exglobal_cleanup.sh[59]tail -n 1 /lfs/h2/emc/global/noscrub/emc.global/RETRO_GFSv17/expdir/retrotestgfs10/logs/2024112018.log
+ exglobal_cleanup.sh[59][[ 2025-06-09 21:55:44 +0000 :: dlogin06 :: This cycle is complete: Success =~ This cycle is complete: Success ]]
+ exglobal_cleanup.sh[60]YMD=20241120
+ exglobal_cleanup.sh[60]HH=18
+ exglobal_cleanup.sh[60]declare_from_tmpl COMOUT_TOP:COM_TOP_TMPL
+ environment[0][[ NO == \N\O ]]
+ environment[1]set +x
declare_from_tmpl :: COMOUT_TOP=/lfs/h2/emc/ptmp/emc.global/RETRO_GFSv17/comroot/retrotestgfs10/enkfgdas.20241120/18
+ exglobal_cleanup.sh[62][[ -d /lfs/h2/emc/ptmp/emc.global/RETRO_GFSv17/comroot/retrotestgfs10/enkfgdas.20241120/18 ]]
+ exglobal_cleanup.sh[63]IFS=', '
+ exglobal_cleanup.sh[63]read -r -a exclude_list
+ exglobal_cleanup.sh[64]remove_files /lfs/h2/emc/ptmp/emc.global/RETRO_GFSv17/comroot/retrotestgfs10/enkfgdas.20241120/18 '*f006.ens*'
+ exglobal_cleanup.sh[28]local directory=/lfs/h2/emc/ptmp/emc.global/RETRO_GFSv17/comroot/retrotestgfs10/enkfgdas.20241120/18
+ exglobal_cleanup.sh[29]shift
+ exglobal_cleanup.sh[30][[ ! -d /lfs/h2/emc/ptmp/emc.global/RETRO_GFSv17/comroot/retrotestgfs10/enkfgdas.20241120/18 ]]
+ exglobal_cleanup.sh[34]local find_exclude_string=
+ exglobal_cleanup.sh[35]for exclude in "$@"
+ exglobal_cleanup.sh[36]find_exclude_string+=' -name *f006.ens* -or'
+ exglobal_cleanup.sh[39]find_exclude_string=' -name *f006.ens* '
+ exglobal_cleanup.sh[42]find /lfs/h2/emc/ptmp/emc.global/RETRO_GFSv17/comroot/retrotestgfs10/enkfgdas.20241120/18 -type f -not '(' -name '*f006.ens*' ')' -ignore_readdir_race -delete
+ exglobal_cleanup.sh[45]find /lfs/h2/emc/ptmp/emc.global/RETRO_GFSv17/comroot/retrotestgfs10/enkfgdas.20241120/18 -type l -not '(' -name '*f006.ens*' ')' -ignore_readdir_race -delete
+ exglobal_cleanup.sh[47]find /lfs/h2/emc/ptmp/emc.global/RETRO_GFSv17/comroot/retrotestgfs10/enkfgdas.20241120/18 -type d -empty -delete
+ exglobal_cleanup.sh[66][[ -d /lfs/h2/emc/ptmp/emc.global/RETRO_GFSv17/comroot/retrotestgfs10/rtofs.20241120 ]]
++ exglobal_cleanup.sh[50]date --utc +%Y%m%d%H -d '20241120 18 +6 hours'
+ exglobal_cleanup.sh[50](( current_date=2024112100  ))
+ exglobal_cleanup.sh[50](( current_date <= last_date ))
+ exglobal_cleanup.sh[52]current_PDY=20241121
+ exglobal_cleanup.sh[53]current_cyc=00
+ exglobal_cleanup.sh[54]rtofs_dir=/lfs/h2/emc/ptmp/emc.global/RETRO_GFSv17/comroot/retrotestgfs10/rtofs.20241121
+ exglobal_cleanup.sh[55]rocotolog=/lfs/h2/emc/global/noscrub/emc.global/RETRO_GFSv17/expdir/retrotestgfs10/logs/2024112100.log
+ exglobal_cleanup.sh[56][[ -f /lfs/h2/emc/global/noscrub/emc.global/RETRO_GFSv17/expdir/retrotestgfs10/logs/2024112100.log ]]
++ exglobal_cleanup.sh[59]tail -n 1 /lfs/h2/emc/global/noscrub/emc.global/RETRO_GFSv17/expdir/retrotestgfs10/logs/2024112100.log
+ exglobal_cleanup.sh[59][[ 2025-06-10 10:50:41 +0000 :: dlogin06 :: This cycle is complete: Success =~ This cycle is complete: Success ]]
+ exglobal_cleanup.sh[60]YMD=20241121
+ exglobal_cleanup.sh[60]HH=00
+ exglobal_cleanup.sh[60]declare_from_tmpl COMOUT_TOP:COM_TOP_TMPL
+ environment[0][[ NO == \N\O ]]
+ environment[1]set +x
declare_from_tmpl :: COMOUT_TOP=/lfs/h2/emc/ptmp/emc.global/RETRO_GFSv17/comroot/retrotestgfs10/enkfgdas.20241121/00
+ exglobal_cleanup.sh[62][[ -d /lfs/h2/emc/ptmp/emc.global/RETRO_GFSv17/comroot/retrotestgfs10/enkfgdas.20241121/00 ]]
+ exglobal_cleanup.sh[63]IFS=', '
+ exglobal_cleanup.sh[63]read -r -a exclude_list
+ exglobal_cleanup.sh[64]remove_files /lfs/h2/emc/ptmp/emc.global/RETRO_GFSv17/comroot/retrotestgfs10/enkfgdas.20241121/00 '*f006.ens*'
+ exglobal_cleanup.sh[28]local directory=/lfs/h2/emc/ptmp/emc.global/RETRO_GFSv17/comroot/retrotestgfs10/enkfgdas.20241121/00
+ exglobal_cleanup.sh[29]shift
+ exglobal_cleanup.sh[30][[ ! -d /lfs/h2/emc/ptmp/emc.global/RETRO_GFSv17/comroot/retrotestgfs10/enkfgdas.20241121/00 ]]
+ exglobal_cleanup.sh[34]local find_exclude_string=
+ exglobal_cleanup.sh[35]for exclude in "$@"
+ exglobal_cleanup.sh[36]find_exclude_string+=' -name *f006.ens* -or'
+ exglobal_cleanup.sh[39]find_exclude_string=' -name *f006.ens* '
+ exglobal_cleanup.sh[42]find /lfs/h2/emc/ptmp/emc.global/RETRO_GFSv17/comroot/retrotestgfs10/enkfgdas.20241121/00 -type f -not '(' -name '*f006.ens*' ')' -ignore_readdir_race -delete
+ exglobal_cleanup.sh[45]find /lfs/h2/emc/ptmp/emc.global/RETRO_GFSv17/comroot/retrotestgfs10/enkfgdas.20241121/00 -type l -not '(' -name '*f006.ens*' ')' -ignore_readdir_race -delete
+ exglobal_cleanup.sh[47]find /lfs/h2/emc/ptmp/emc.global/RETRO_GFSv17/comroot/retrotestgfs10/enkfgdas.20241121/00 -type d -empty -delete
+ exglobal_cleanup.sh[66][[ -d /lfs/h2/emc/ptmp/emc.global/RETRO_GFSv17/comroot/retrotestgfs10/rtofs.20241121 ]]
++ exglobal_cleanup.sh[50]date --utc +%Y%m%d%H -d '20241121 00 +6 hours'
+ exglobal_cleanup.sh[50](( current_date=2024112106  ))
+ exglobal_cleanup.sh[50](( current_date <= last_date ))
+ exglobal_cleanup.sh[52]current_PDY=20241121
+ exglobal_cleanup.sh[53]current_cyc=06
+ exglobal_cleanup.sh[54]rtofs_dir=/lfs/h2/emc/ptmp/emc.global/RETRO_GFSv17/comroot/retrotestgfs10/rtofs.20241121
+ exglobal_cleanup.sh[55]rocotolog=/lfs/h2/emc/global/noscrub/emc.global/RETRO_GFSv17/expdir/retrotestgfs10/logs/2024112106.log
+ exglobal_cleanup.sh[56][[ -f /lfs/h2/emc/global/noscrub/emc.global/RETRO_GFSv17/expdir/retrotestgfs10/logs/2024112106.log ]]
++ exglobal_cleanup.sh[59]tail -n 1 /lfs/h2/emc/global/noscrub/emc.global/RETRO_GFSv17/expdir/retrotestgfs10/logs/2024112106.log
+ exglobal_cleanup.sh[59][[ 2025-06-10 23:05:32 +0000 :: dlogin06 :: This cycle is complete: Success =~ This cycle is complete: Success ]]
+ exglobal_cleanup.sh[60]YMD=20241121
+ exglobal_cleanup.sh[60]HH=06
+ exglobal_cleanup.sh[60]declare_from_tmpl COMOUT_TOP:COM_TOP_TMPL
+ environment[0][[ NO == \N\O ]]
+ environment[1]set +x
declare_from_tmpl :: COMOUT_TOP=/lfs/h2/emc/ptmp/emc.global/RETRO_GFSv17/comroot/retrotestgfs10/enkfgdas.20241121/06
+ exglobal_cleanup.sh[62][[ -d /lfs/h2/emc/ptmp/emc.global/RETRO_GFSv17/comroot/retrotestgfs10/enkfgdas.20241121/06 ]]
+ exglobal_cleanup.sh[63]IFS=', '
+ exglobal_cleanup.sh[63]read -r -a exclude_list
+ exglobal_cleanup.sh[64]remove_files /lfs/h2/emc/ptmp/emc.global/RETRO_GFSv17/comroot/retrotestgfs10/enkfgdas.20241121/06 '*f006.ens*'
+ exglobal_cleanup.sh[28]local directory=/lfs/h2/emc/ptmp/emc.global/RETRO_GFSv17/comroot/retrotestgfs10/enkfgdas.20241121/06
+ exglobal_cleanup.sh[29]shift
+ exglobal_cleanup.sh[30][[ ! -d /lfs/h2/emc/ptmp/emc.global/RETRO_GFSv17/comroot/retrotestgfs10/enkfgdas.20241121/06 ]]
+ exglobal_cleanup.sh[34]local find_exclude_string=
+ exglobal_cleanup.sh[35]for exclude in "$@"
+ exglobal_cleanup.sh[36]find_exclude_string+=' -name *f006.ens* -or'
+ exglobal_cleanup.sh[39]find_exclude_string=' -name *f006.ens* '
+ exglobal_cleanup.sh[42]find /lfs/h2/emc/ptmp/emc.global/RETRO_GFSv17/comroot/retrotestgfs10/enkfgdas.20241121/06 -type f -not '(' -name '*f006.ens*' ')' -ignore_readdir_race -delete
+ exglobal_cleanup.sh[45]find /lfs/h2/emc/ptmp/emc.global/RETRO_GFSv17/comroot/retrotestgfs10/enkfgdas.20241121/06 -type l -not '(' -name '*f006.ens*' ')' -ignore_readdir_race -delete
+ exglobal_cleanup.sh[47]find /lfs/h2/emc/ptmp/emc.global/RETRO_GFSv17/comroot/retrotestgfs10/enkfgdas.20241121/06 -type d -empty -delete
+ exglobal_cleanup.sh[66][[ -d /lfs/h2/emc/ptmp/emc.global/RETRO_GFSv17/comroot/retrotestgfs10/rtofs.20241121 ]]
++ exglobal_cleanup.sh[50]date --utc +%Y%m%d%H -d '20241121 06 +6 hours'
+ exglobal_cleanup.sh[50](( current_date=2024112112  ))
+ exglobal_cleanup.sh[50](( current_date <= last_date ))
+ exglobal_cleanup.sh[52]current_PDY=20241121
+ exglobal_cleanup.sh[53]current_cyc=12
+ exglobal_cleanup.sh[54]rtofs_dir=/lfs/h2/emc/ptmp/emc.global/RETRO_GFSv17/comroot/retrotestgfs10/rtofs.20241121
+ exglobal_cleanup.sh[55]rocotolog=/lfs/h2/emc/global/noscrub/emc.global/RETRO_GFSv17/expdir/retrotestgfs10/logs/2024112112.log
+ exglobal_cleanup.sh[56][[ -f /lfs/h2/emc/global/noscrub/emc.global/RETRO_GFSv17/expdir/retrotestgfs10/logs/2024112112.log ]]
++ exglobal_cleanup.sh[59]tail -n 1 /lfs/h2/emc/global/noscrub/emc.global/RETRO_GFSv17/expdir/retrotestgfs10/logs/2024112112.log
+ exglobal_cleanup.sh[59][[ 2025-06-11 01:20:59 +0000 :: dlogin06 :: This cycle is complete: Success =~ This cycle is complete: Success ]]
+ exglobal_cleanup.sh[60]YMD=20241121
+ exglobal_cleanup.sh[60]HH=12
+ exglobal_cleanup.sh[60]declare_from_tmpl COMOUT_TOP:COM_TOP_TMPL
+ environment[0][[ NO == \N\O ]]
+ environment[1]set +x
declare_from_tmpl :: COMOUT_TOP=/lfs/h2/emc/ptmp/emc.global/RETRO_GFSv17/comroot/retrotestgfs10/enkfgdas.20241121/12
+ exglobal_cleanup.sh[62][[ -d /lfs/h2/emc/ptmp/emc.global/RETRO_GFSv17/comroot/retrotestgfs10/enkfgdas.20241121/12 ]]
+ exglobal_cleanup.sh[63]IFS=', '
+ exglobal_cleanup.sh[63]read -r -a exclude_list
+ exglobal_cleanup.sh[64]remove_files /lfs/h2/emc/ptmp/emc.global/RETRO_GFSv17/comroot/retrotestgfs10/enkfgdas.20241121/12 '*f006.ens*'
+ exglobal_cleanup.sh[28]local directory=/lfs/h2/emc/ptmp/emc.global/RETRO_GFSv17/comroot/retrotestgfs10/enkfgdas.20241121/12
+ exglobal_cleanup.sh[29]shift
+ exglobal_cleanup.sh[30][[ ! -d /lfs/h2/emc/ptmp/emc.global/RETRO_GFSv17/comroot/retrotestgfs10/enkfgdas.20241121/12 ]]
+ exglobal_cleanup.sh[34]local find_exclude_string=
+ exglobal_cleanup.sh[35]for exclude in "$@"
+ exglobal_cleanup.sh[36]find_exclude_string+=' -name *f006.ens* -or'
+ exglobal_cleanup.sh[39]find_exclude_string=' -name *f006.ens* '
+ exglobal_cleanup.sh[42]find /lfs/h2/emc/ptmp/emc.global/RETRO_GFSv17/comroot/retrotestgfs10/enkfgdas.20241121/12 -type f -not '(' -name '*f006.ens*' ')' -ignore_readdir_race -delete
+ exglobal_cleanup.sh[45]find /lfs/h2/emc/ptmp/emc.global/RETRO_GFSv17/comroot/retrotestgfs10/enkfgdas.20241121/12 -type l -not '(' -name '*f006.ens*' ')' -ignore_readdir_race -delete
+ exglobal_cleanup.sh[47]find /lfs/h2/emc/ptmp/emc.global/RETRO_GFSv17/comroot/retrotestgfs10/enkfgdas.20241121/12 -type d -empty -delete
+ exglobal_cleanup.sh[66][[ -d /lfs/h2/emc/ptmp/emc.global/RETRO_GFSv17/comroot/retrotestgfs10/rtofs.20241121 ]]
++ exglobal_cleanup.sh[50]date --utc +%Y%m%d%H -d '20241121 12 +6 hours'
+ exglobal_cleanup.sh[50](( current_date=2024112118  ))
+ exglobal_cleanup.sh[50](( current_date <= last_date ))
+ exglobal_cleanup.sh[52]current_PDY=20241121
+ exglobal_cleanup.sh[53]current_cyc=18
+ exglobal_cleanup.sh[54]rtofs_dir=/lfs/h2/emc/ptmp/emc.global/RETRO_GFSv17/comroot/retrotestgfs10/rtofs.20241121
+ exglobal_cleanup.sh[55]rocotolog=/lfs/h2/emc/global/noscrub/emc.global/RETRO_GFSv17/expdir/retrotestgfs10/logs/2024112118.log
+ exglobal_cleanup.sh[56][[ -f /lfs/h2/emc/global/noscrub/emc.global/RETRO_GFSv17/expdir/retrotestgfs10/logs/2024112118.log ]]
++ exglobal_cleanup.sh[59]tail -n 1 /lfs/h2/emc/global/noscrub/emc.global/RETRO_GFSv17/expdir/retrotestgfs10/logs/2024112118.log
+ exglobal_cleanup.sh[59][[ 2025-06-12 05:35:23 +0000 :: dlogin06 :: This cycle is complete: Success =~ This cycle is complete: Success ]]
+ exglobal_cleanup.sh[60]YMD=20241121
+ exglobal_cleanup.sh[60]HH=18
+ exglobal_cleanup.sh[60]declare_from_tmpl COMOUT_TOP:COM_TOP_TMPL
+ environment[0][[ NO == \N\O ]]
+ environment[1]set +x
declare_from_tmpl :: COMOUT_TOP=/lfs/h2/emc/ptmp/emc.global/RETRO_GFSv17/comroot/retrotestgfs10/enkfgdas.20241121/18
+ exglobal_cleanup.sh[62][[ -d /lfs/h2/emc/ptmp/emc.global/RETRO_GFSv17/comroot/retrotestgfs10/enkfgdas.20241121/18 ]]
+ exglobal_cleanup.sh[63]IFS=', '
+ exglobal_cleanup.sh[63]read -r -a exclude_list
+ exglobal_cleanup.sh[64]remove_files /lfs/h2/emc/ptmp/emc.global/RETRO_GFSv17/comroot/retrotestgfs10/enkfgdas.20241121/18 '*f006.ens*'
+ exglobal_cleanup.sh[28]local directory=/lfs/h2/emc/ptmp/emc.global/RETRO_GFSv17/comroot/retrotestgfs10/enkfgdas.20241121/18
+ exglobal_cleanup.sh[29]shift
+ exglobal_cleanup.sh[30][[ ! -d /lfs/h2/emc/ptmp/emc.global/RETRO_GFSv17/comroot/retrotestgfs10/enkfgdas.20241121/18 ]]
+ exglobal_cleanup.sh[34]local find_exclude_string=
+ exglobal_cleanup.sh[35]for exclude in "$@"
+ exglobal_cleanup.sh[36]find_exclude_string+=' -name *f006.ens* -or'
+ exglobal_cleanup.sh[39]find_exclude_string=' -name *f006.ens* '
+ exglobal_cleanup.sh[42]find /lfs/h2/emc/ptmp/emc.global/RETRO_GFSv17/comroot/retrotestgfs10/enkfgdas.20241121/18 -type f -not '(' -name '*f006.ens*' ')' -ignore_readdir_race -delete
+ exglobal_cleanup.sh[45]find /lfs/h2/emc/ptmp/emc.global/RETRO_GFSv17/comroot/retrotestgfs10/enkfgdas.20241121/18 -type l -not '(' -name '*f006.ens*' ')' -ignore_readdir_race -delete
+ exglobal_cleanup.sh[47]find /lfs/h2/emc/ptmp/emc.global/RETRO_GFSv17/comroot/retrotestgfs10/enkfgdas.20241121/18 -type d -empty -delete
+ exglobal_cleanup.sh[66][[ -d /lfs/h2/emc/ptmp/emc.global/RETRO_GFSv17/comroot/retrotestgfs10/rtofs.20241121 ]]
++ exglobal_cleanup.sh[50]date --utc +%Y%m%d%H -d '20241121 18 +6 hours'
+ exglobal_cleanup.sh[50](( current_date=2024112200  ))
+ exglobal_cleanup.sh[50](( current_date <= last_date ))
+ exglobal_cleanup.sh[52]current_PDY=20241122
+ exglobal_cleanup.sh[53]current_cyc=00
+ exglobal_cleanup.sh[54]rtofs_dir=/lfs/h2/emc/ptmp/emc.global/RETRO_GFSv17/comroot/retrotestgfs10/rtofs.20241122
+ exglobal_cleanup.sh[55]rocotolog=/lfs/h2/emc/global/noscrub/emc.global/RETRO_GFSv17/expdir/retrotestgfs10/logs/2024112200.log
+ exglobal_cleanup.sh[56][[ -f /lfs/h2/emc/global/noscrub/emc.global/RETRO_GFSv17/expdir/retrotestgfs10/logs/2024112200.log ]]
++ exglobal_cleanup.sh[59]tail -n 1 /lfs/h2/emc/global/noscrub/emc.global/RETRO_GFSv17/expdir/retrotestgfs10/logs/2024112200.log
+ exglobal_cleanup.sh[59][[ 2025-06-12 05:55:40 +0000 :: dlogin06 :: This cycle is complete: Success =~ This cycle is complete: Success ]]
+ exglobal_cleanup.sh[60]YMD=20241122
+ exglobal_cleanup.sh[60]HH=00
+ exglobal_cleanup.sh[60]declare_from_tmpl COMOUT_TOP:COM_TOP_TMPL
+ environment[0][[ NO == \N\O ]]
+ environment[1]set +x
declare_from_tmpl :: COMOUT_TOP=/lfs/h2/emc/ptmp/emc.global/RETRO_GFSv17/comroot/retrotestgfs10/enkfgdas.20241122/00
+ exglobal_cleanup.sh[62][[ -d /lfs/h2/emc/ptmp/emc.global/RETRO_GFSv17/comroot/retrotestgfs10/enkfgdas.20241122/00 ]]
+ exglobal_cleanup.sh[63]IFS=', '
+ exglobal_cleanup.sh[63]read -r -a exclude_list
+ exglobal_cleanup.sh[64]remove_files /lfs/h2/emc/ptmp/emc.global/RETRO_GFSv17/comroot/retrotestgfs10/enkfgdas.20241122/00 '*f006.ens*'
+ exglobal_cleanup.sh[28]local directory=/lfs/h2/emc/ptmp/emc.global/RETRO_GFSv17/comroot/retrotestgfs10/enkfgdas.20241122/00
+ exglobal_cleanup.sh[29]shift
+ exglobal_cleanup.sh[30][[ ! -d /lfs/h2/emc/ptmp/emc.global/RETRO_GFSv17/comroot/retrotestgfs10/enkfgdas.20241122/00 ]]
+ exglobal_cleanup.sh[34]local find_exclude_string=
+ exglobal_cleanup.sh[35]for exclude in "$@"
+ exglobal_cleanup.sh[36]find_exclude_string+=' -name *f006.ens* -or'
+ exglobal_cleanup.sh[39]find_exclude_string=' -name *f006.ens* '
+ exglobal_cleanup.sh[42]find /lfs/h2/emc/ptmp/emc.global/RETRO_GFSv17/comroot/retrotestgfs10/enkfgdas.20241122/00 -type f -not '(' -name '*f006.ens*' ')' -ignore_readdir_race -delete
+ exglobal_cleanup.sh[45]find /lfs/h2/emc/ptmp/emc.global/RETRO_GFSv17/comroot/retrotestgfs10/enkfgdas.20241122/00 -type l -not '(' -name '*f006.ens*' ')' -ignore_readdir_race -delete
+ exglobal_cleanup.sh[47]find /lfs/h2/emc/ptmp/emc.global/RETRO_GFSv17/comroot/retrotestgfs10/enkfgdas.20241122/00 -type d -empty -delete
+ exglobal_cleanup.sh[66][[ -d /lfs/h2/emc/ptmp/emc.global/RETRO_GFSv17/comroot/retrotestgfs10/rtofs.20241122 ]]
++ exglobal_cleanup.sh[50]date --utc +%Y%m%d%H -d '20241122 00 +6 hours'
+ exglobal_cleanup.sh[50](( current_date=2024112206  ))
+ exglobal_cleanup.sh[50](( current_date <= last_date ))
+ exglobal_cleanup.sh[52]current_PDY=20241122
+ exglobal_cleanup.sh[53]current_cyc=06
+ exglobal_cleanup.sh[54]rtofs_dir=/lfs/h2/emc/ptmp/emc.global/RETRO_GFSv17/comroot/retrotestgfs10/rtofs.20241122
+ exglobal_cleanup.sh[55]rocotolog=/lfs/h2/emc/global/noscrub/emc.global/RETRO_GFSv17/expdir/retrotestgfs10/logs/2024112206.log
+ exglobal_cleanup.sh[56][[ -f /lfs/h2/emc/global/noscrub/emc.global/RETRO_GFSv17/expdir/retrotestgfs10/logs/2024112206.log ]]
++ exglobal_cleanup.sh[59]tail -n 1 /lfs/h2/emc/global/noscrub/emc.global/RETRO_GFSv17/expdir/retrotestgfs10/logs/2024112206.log
+ exglobal_cleanup.sh[59][[ 2025-06-12 11:00:53 +0000 :: dlogin06 :: This cycle is complete: Success =~ This cycle is complete: Success ]]
+ exglobal_cleanup.sh[60]YMD=20241122
+ exglobal_cleanup.sh[60]HH=06
+ exglobal_cleanup.sh[60]declare_from_tmpl COMOUT_TOP:COM_TOP_TMPL
+ environment[0][[ NO == \N\O ]]
+ environment[1]set +x
declare_from_tmpl :: COMOUT_TOP=/lfs/h2/emc/ptmp/emc.global/RETRO_GFSv17/comroot/retrotestgfs10/enkfgdas.20241122/06
+ exglobal_cleanup.sh[62][[ -d /lfs/h2/emc/ptmp/emc.global/RETRO_GFSv17/comroot/retrotestgfs10/enkfgdas.20241122/06 ]]
+ exglobal_cleanup.sh[63]IFS=', '
+ exglobal_cleanup.sh[63]read -r -a exclude_list
+ exglobal_cleanup.sh[64]remove_files /lfs/h2/emc/ptmp/emc.global/RETRO_GFSv17/comroot/retrotestgfs10/enkfgdas.20241122/06 '*f006.ens*'
+ exglobal_cleanup.sh[28]local directory=/lfs/h2/emc/ptmp/emc.global/RETRO_GFSv17/comroot/retrotestgfs10/enkfgdas.20241122/06
+ exglobal_cleanup.sh[29]shift
+ exglobal_cleanup.sh[30][[ ! -d /lfs/h2/emc/ptmp/emc.global/RETRO_GFSv17/comroot/retrotestgfs10/enkfgdas.20241122/06 ]]
+ exglobal_cleanup.sh[34]local find_exclude_string=
+ exglobal_cleanup.sh[35]for exclude in "$@"
+ exglobal_cleanup.sh[36]find_exclude_string+=' -name *f006.ens* -or'
+ exglobal_cleanup.sh[39]find_exclude_string=' -name *f006.ens* '
+ exglobal_cleanup.sh[42]find /lfs/h2/emc/ptmp/emc.global/RETRO_GFSv17/comroot/retrotestgfs10/enkfgdas.20241122/06 -type f -not '(' -name '*f006.ens*' ')' -ignore_readdir_race -delete
+ exglobal_cleanup.sh[45]find /lfs/h2/emc/ptmp/emc.global/RETRO_GFSv17/comroot/retrotestgfs10/enkfgdas.20241122/06 -type l -not '(' -name '*f006.ens*' ')' -ignore_readdir_race -delete
+ exglobal_cleanup.sh[47]find /lfs/h2/emc/ptmp/emc.global/RETRO_GFSv17/comroot/retrotestgfs10/enkfgdas.20241122/06 -type d -empty -delete
+ exglobal_cleanup.sh[66][[ -d /lfs/h2/emc/ptmp/emc.global/RETRO_GFSv17/comroot/retrotestgfs10/rtofs.20241122 ]]
++ exglobal_cleanup.sh[50]date --utc +%Y%m%d%H -d '20241122 06 +6 hours'
+ exglobal_cleanup.sh[50](( current_date=2024112212  ))
+ exglobal_cleanup.sh[50](( current_date <= last_date ))
+ exglobal_cleanup.sh[52]current_PDY=20241122
+ exglobal_cleanup.sh[53]current_cyc=12
+ exglobal_cleanup.sh[54]rtofs_dir=/lfs/h2/emc/ptmp/emc.global/RETRO_GFSv17/comroot/retrotestgfs10/rtofs.20241122
+ exglobal_cleanup.sh[55]rocotolog=/lfs/h2/emc/global/noscrub/emc.global/RETRO_GFSv17/expdir/retrotestgfs10/logs/2024112212.log
+ exglobal_cleanup.sh[56][[ -f /lfs/h2/emc/global/noscrub/emc.global/RETRO_GFSv17/expdir/retrotestgfs10/logs/2024112212.log ]]
++ exglobal_cleanup.sh[59]tail -n 1 /lfs/h2/emc/global/noscrub/emc.global/RETRO_GFSv17/expdir/retrotestgfs10/logs/2024112212.log
+ exglobal_cleanup.sh[59][[ 2025-06-12 23:45:36 +0000 :: dlogin06 :: This cycle is complete: Success =~ This cycle is complete: Success ]]
+ exglobal_cleanup.sh[60]YMD=20241122
+ exglobal_cleanup.sh[60]HH=12
+ exglobal_cleanup.sh[60]declare_from_tmpl COMOUT_TOP:COM_TOP_TMPL
+ environment[0][[ NO == \N\O ]]
+ environment[1]set +x
declare_from_tmpl :: COMOUT_TOP=/lfs/h2/emc/ptmp/emc.global/RETRO_GFSv17/comroot/retrotestgfs10/enkfgdas.20241122/12
+ exglobal_cleanup.sh[62][[ -d /lfs/h2/emc/ptmp/emc.global/RETRO_GFSv17/comroot/retrotestgfs10/enkfgdas.20241122/12 ]]
+ exglobal_cleanup.sh[63]IFS=', '
+ exglobal_cleanup.sh[63]read -r -a exclude_list
+ exglobal_cleanup.sh[64]remove_files /lfs/h2/emc/ptmp/emc.global/RETRO_GFSv17/comroot/retrotestgfs10/enkfgdas.20241122/12 '*f006.ens*'
+ exglobal_cleanup.sh[28]local directory=/lfs/h2/emc/ptmp/emc.global/RETRO_GFSv17/comroot/retrotestgfs10/enkfgdas.20241122/12
+ exglobal_cleanup.sh[29]shift
+ exglobal_cleanup.sh[30][[ ! -d /lfs/h2/emc/ptmp/emc.global/RETRO_GFSv17/comroot/retrotestgfs10/enkfgdas.20241122/12 ]]
+ exglobal_cleanup.sh[34]local find_exclude_string=
+ exglobal_cleanup.sh[35]for exclude in "$@"
+ exglobal_cleanup.sh[36]find_exclude_string+=' -name *f006.ens* -or'
+ exglobal_cleanup.sh[39]find_exclude_string=' -name *f006.ens* '
+ exglobal_cleanup.sh[42]find /lfs/h2/emc/ptmp/emc.global/RETRO_GFSv17/comroot/retrotestgfs10/enkfgdas.20241122/12 -type f -not '(' -name '*f006.ens*' ')' -ignore_readdir_race -delete
+ exglobal_cleanup.sh[45]find /lfs/h2/emc/ptmp/emc.global/RETRO_GFSv17/comroot/retrotestgfs10/enkfgdas.20241122/12 -type l -not '(' -name '*f006.ens*' ')' -ignore_readdir_race -delete
+ exglobal_cleanup.sh[47]find /lfs/h2/emc/ptmp/emc.global/RETRO_GFSv17/comroot/retrotestgfs10/enkfgdas.20241122/12 -type d -empty -delete
+ exglobal_cleanup.sh[66][[ -d /lfs/h2/emc/ptmp/emc.global/RETRO_GFSv17/comroot/retrotestgfs10/rtofs.20241122 ]]
++ exglobal_cleanup.sh[50]date --utc +%Y%m%d%H -d '20241122 12 +6 hours'
+ exglobal_cleanup.sh[50](( current_date=2024112218  ))
+ exglobal_cleanup.sh[50](( current_date <= last_date ))
+ exglobal_cleanup.sh[52]current_PDY=20241122
+ exglobal_cleanup.sh[53]current_cyc=18
+ exglobal_cleanup.sh[54]rtofs_dir=/lfs/h2/emc/ptmp/emc.global/RETRO_GFSv17/comroot/retrotestgfs10/rtofs.20241122
+ exglobal_cleanup.sh[55]rocotolog=/lfs/h2/emc/global/noscrub/emc.global/RETRO_GFSv17/expdir/retrotestgfs10/logs/2024112218.log
+ exglobal_cleanup.sh[56][[ -f /lfs/h2/emc/global/noscrub/emc.global/RETRO_GFSv17/expdir/retrotestgfs10/logs/2024112218.log ]]
++ exglobal_cleanup.sh[59]tail -n 1 /lfs/h2/emc/global/noscrub/emc.global/RETRO_GFSv17/expdir/retrotestgfs10/logs/2024112218.log
+ exglobal_cleanup.sh[59][[ 2025-06-13 06:05:34 +0000 :: dlogin06 :: This cycle is complete: Success =~ This cycle is complete: Success ]]
+ exglobal_cleanup.sh[60]YMD=20241122
+ exglobal_cleanup.sh[60]HH=18
+ exglobal_cleanup.sh[60]declare_from_tmpl COMOUT_TOP:COM_TOP_TMPL
+ environment[0][[ NO == \N\O ]]
+ environment[1]set +x
declare_from_tmpl :: COMOUT_TOP=/lfs/h2/emc/ptmp/emc.global/RETRO_GFSv17/comroot/retrotestgfs10/enkfgdas.20241122/18
+ exglobal_cleanup.sh[62][[ -d /lfs/h2/emc/ptmp/emc.global/RETRO_GFSv17/comroot/retrotestgfs10/enkfgdas.20241122/18 ]]
+ exglobal_cleanup.sh[63]IFS=', '
+ exglobal_cleanup.sh[63]read -r -a exclude_list
+ exglobal_cleanup.sh[64]remove_files /lfs/h2/emc/ptmp/emc.global/RETRO_GFSv17/comroot/retrotestgfs10/enkfgdas.20241122/18 '*f006.ens*'
+ exglobal_cleanup.sh[28]local directory=/lfs/h2/emc/ptmp/emc.global/RETRO_GFSv17/comroot/retrotestgfs10/enkfgdas.20241122/18
+ exglobal_cleanup.sh[29]shift
+ exglobal_cleanup.sh[30][[ ! -d /lfs/h2/emc/ptmp/emc.global/RETRO_GFSv17/comroot/retrotestgfs10/enkfgdas.20241122/18 ]]
+ exglobal_cleanup.sh[34]local find_exclude_string=
+ exglobal_cleanup.sh[35]for exclude in "$@"
+ exglobal_cleanup.sh[36]find_exclude_string+=' -name *f006.ens* -or'
+ exglobal_cleanup.sh[39]find_exclude_string=' -name *f006.ens* '
+ exglobal_cleanup.sh[42]find /lfs/h2/emc/ptmp/emc.global/RETRO_GFSv17/comroot/retrotestgfs10/enkfgdas.20241122/18 -type f -not '(' -name '*f006.ens*' ')' -ignore_readdir_race -delete
+ exglobal_cleanup.sh[45]find /lfs/h2/emc/ptmp/emc.global/RETRO_GFSv17/comroot/retrotestgfs10/enkfgdas.20241122/18 -type l -not '(' -name '*f006.ens*' ')' -ignore_readdir_race -delete
+ exglobal_cleanup.sh[47]find /lfs/h2/emc/ptmp/emc.global/RETRO_GFSv17/comroot/retrotestgfs10/enkfgdas.20241122/18 -type d -empty -delete
+ exglobal_cleanup.sh[66][[ -d /lfs/h2/emc/ptmp/emc.global/RETRO_GFSv17/comroot/retrotestgfs10/rtofs.20241122 ]]
++ exglobal_cleanup.sh[50]date --utc +%Y%m%d%H -d '20241122 18 +6 hours'
+ exglobal_cleanup.sh[50](( current_date=2024112300  ))
+ exglobal_cleanup.sh[50](( current_date <= last_date ))
+ exglobal_cleanup.sh[52]current_PDY=20241123
+ exglobal_cleanup.sh[53]current_cyc=00
+ exglobal_cleanup.sh[54]rtofs_dir=/lfs/h2/emc/ptmp/emc.global/RETRO_GFSv17/comroot/retrotestgfs10/rtofs.20241123
+ exglobal_cleanup.sh[55]rocotolog=/lfs/h2/emc/global/noscrub/emc.global/RETRO_GFSv17/expdir/retrotestgfs10/logs/2024112300.log
+ exglobal_cleanup.sh[56][[ -f /lfs/h2/emc/global/noscrub/emc.global/RETRO_GFSv17/expdir/retrotestgfs10/logs/2024112300.log ]]
++ exglobal_cleanup.sh[59]tail -n 1 /lfs/h2/emc/global/noscrub/emc.global/RETRO_GFSv17/expdir/retrotestgfs10/logs/2024112300.log
+ exglobal_cleanup.sh[59][[ 2025-06-13 08:50:22 +0000 :: dlogin06 :: This cycle is complete: Success =~ This cycle is complete: Success ]]
+ exglobal_cleanup.sh[60]YMD=20241123
+ exglobal_cleanup.sh[60]HH=00
+ exglobal_cleanup.sh[60]declare_from_tmpl COMOUT_TOP:COM_TOP_TMPL
+ environment[0][[ NO == \N\O ]]
+ environment[1]set +x
declare_from_tmpl :: COMOUT_TOP=/lfs/h2/emc/ptmp/emc.global/RETRO_GFSv17/comroot/retrotestgfs10/enkfgdas.20241123/00
+ exglobal_cleanup.sh[62][[ -d /lfs/h2/emc/ptmp/emc.global/RETRO_GFSv17/comroot/retrotestgfs10/enkfgdas.20241123/00 ]]
+ exglobal_cleanup.sh[63]IFS=', '
+ exglobal_cleanup.sh[63]read -r -a exclude_list
+ exglobal_cleanup.sh[64]remove_files /lfs/h2/emc/ptmp/emc.global/RETRO_GFSv17/comroot/retrotestgfs10/enkfgdas.20241123/00 '*f006.ens*'
+ exglobal_cleanup.sh[28]local directory=/lfs/h2/emc/ptmp/emc.global/RETRO_GFSv17/comroot/retrotestgfs10/enkfgdas.20241123/00
+ exglobal_cleanup.sh[29]shift
+ exglobal_cleanup.sh[30][[ ! -d /lfs/h2/emc/ptmp/emc.global/RETRO_GFSv17/comroot/retrotestgfs10/enkfgdas.20241123/00 ]]
+ exglobal_cleanup.sh[34]local find_exclude_string=
+ exglobal_cleanup.sh[35]for exclude in "$@"
+ exglobal_cleanup.sh[36]find_exclude_string+=' -name *f006.ens* -or'
+ exglobal_cleanup.sh[39]find_exclude_string=' -name *f006.ens* '
+ exglobal_cleanup.sh[42]find /lfs/h2/emc/ptmp/emc.global/RETRO_GFSv17/comroot/retrotestgfs10/enkfgdas.20241123/00 -type f -not '(' -name '*f006.ens*' ')' -ignore_readdir_race -delete
+ exglobal_cleanup.sh[45]find /lfs/h2/emc/ptmp/emc.global/RETRO_GFSv17/comroot/retrotestgfs10/enkfgdas.20241123/00 -type l -not '(' -name '*f006.ens*' ')' -ignore_readdir_race -delete
+ exglobal_cleanup.sh[47]find /lfs/h2/emc/ptmp/emc.global/RETRO_GFSv17/comroot/retrotestgfs10/enkfgdas.20241123/00 -type d -empty -delete
+ exglobal_cleanup.sh[66][[ -d /lfs/h2/emc/ptmp/emc.global/RETRO_GFSv17/comroot/retrotestgfs10/rtofs.20241123 ]]
++ exglobal_cleanup.sh[50]date --utc +%Y%m%d%H -d '20241123 00 +6 hours'
+ exglobal_cleanup.sh[50](( current_date=2024112306  ))
+ exglobal_cleanup.sh[50](( current_date <= last_date ))
+ exglobal_cleanup.sh[52]current_PDY=20241123
+ exglobal_cleanup.sh[53]current_cyc=06
+ exglobal_cleanup.sh[54]rtofs_dir=/lfs/h2/emc/ptmp/emc.global/RETRO_GFSv17/comroot/retrotestgfs10/rtofs.20241123
+ exglobal_cleanup.sh[55]rocotolog=/lfs/h2/emc/global/noscrub/emc.global/RETRO_GFSv17/expdir/retrotestgfs10/logs/2024112306.log
+ exglobal_cleanup.sh[56][[ -f /lfs/h2/emc/global/noscrub/emc.global/RETRO_GFSv17/expdir/retrotestgfs10/logs/2024112306.log ]]
++ exglobal_cleanup.sh[59]tail -n 1 /lfs/h2/emc/global/noscrub/emc.global/RETRO_GFSv17/expdir/retrotestgfs10/logs/2024112306.log
+ exglobal_cleanup.sh[59][[ 2025-06-13 14:40:40 +0000 :: dlogin06 :: This cycle is complete: Success =~ This cycle is complete: Success ]]
+ exglobal_cleanup.sh[60]YMD=20241123
+ exglobal_cleanup.sh[60]HH=06
+ exglobal_cleanup.sh[60]declare_from_tmpl COMOUT_TOP:COM_TOP_TMPL
+ environment[0][[ NO == \N\O ]]
+ environment[1]set +x
declare_from_tmpl :: COMOUT_TOP=/lfs/h2/emc/ptmp/emc.global/RETRO_GFSv17/comroot/retrotestgfs10/enkfgdas.20241123/06
+ exglobal_cleanup.sh[62][[ -d /lfs/h2/emc/ptmp/emc.global/RETRO_GFSv17/comroot/retrotestgfs10/enkfgdas.20241123/06 ]]
+ exglobal_cleanup.sh[63]IFS=', '
+ exglobal_cleanup.sh[63]read -r -a exclude_list
+ exglobal_cleanup.sh[64]remove_files /lfs/h2/emc/ptmp/emc.global/RETRO_GFSv17/comroot/retrotestgfs10/enkfgdas.20241123/06 '*f006.ens*'
+ exglobal_cleanup.sh[28]local directory=/lfs/h2/emc/ptmp/emc.global/RETRO_GFSv17/comroot/retrotestgfs10/enkfgdas.20241123/06
+ exglobal_cleanup.sh[29]shift
+ exglobal_cleanup.sh[30][[ ! -d /lfs/h2/emc/ptmp/emc.global/RETRO_GFSv17/comroot/retrotestgfs10/enkfgdas.20241123/06 ]]
+ exglobal_cleanup.sh[34]local find_exclude_string=
+ exglobal_cleanup.sh[35]for exclude in "$@"
+ exglobal_cleanup.sh[36]find_exclude_string+=' -name *f006.ens* -or'
+ exglobal_cleanup.sh[39]find_exclude_string=' -name *f006.ens* '
+ exglobal_cleanup.sh[42]find /lfs/h2/emc/ptmp/emc.global/RETRO_GFSv17/comroot/retrotestgfs10/enkfgdas.20241123/06 -type f -not '(' -name '*f006.ens*' ')' -ignore_readdir_race -delete
+ exglobal_cleanup.sh[45]find /lfs/h2/emc/ptmp/emc.global/RETRO_GFSv17/comroot/retrotestgfs10/enkfgdas.20241123/06 -type l -not '(' -name '*f006.ens*' ')' -ignore_readdir_race -delete
+ exglobal_cleanup.sh[47]find /lfs/h2/emc/ptmp/emc.global/RETRO_GFSv17/comroot/retrotestgfs10/enkfgdas.20241123/06 -type d -empty -delete
+ exglobal_cleanup.sh[66][[ -d /lfs/h2/emc/ptmp/emc.global/RETRO_GFSv17/comroot/retrotestgfs10/rtofs.20241123 ]]
++ exglobal_cleanup.sh[50]date --utc +%Y%m%d%H -d '20241123 06 +6 hours'
+ exglobal_cleanup.sh[50](( current_date=2024112312  ))
+ exglobal_cleanup.sh[50](( current_date <= last_date ))
+ exglobal_cleanup.sh[52]current_PDY=20241123
+ exglobal_cleanup.sh[53]current_cyc=12
+ exglobal_cleanup.sh[54]rtofs_dir=/lfs/h2/emc/ptmp/emc.global/RETRO_GFSv17/comroot/retrotestgfs10/rtofs.20241123
+ exglobal_cleanup.sh[55]rocotolog=/lfs/h2/emc/global/noscrub/emc.global/RETRO_GFSv17/expdir/retrotestgfs10/logs/2024112312.log
+ exglobal_cleanup.sh[56][[ -f /lfs/h2/emc/global/noscrub/emc.global/RETRO_GFSv17/expdir/retrotestgfs10/logs/2024112312.log ]]
++ exglobal_cleanup.sh[59]tail -n 1 /lfs/h2/emc/global/noscrub/emc.global/RETRO_GFSv17/expdir/retrotestgfs10/logs/2024112312.log
+ exglobal_cleanup.sh[59][[ 2025-06-13 20:35:35 +0000 :: dlogin06 :: This cycle is complete: Success =~ This cycle is complete: Success ]]
+ exglobal_cleanup.sh[60]YMD=20241123
+ exglobal_cleanup.sh[60]HH=12
+ exglobal_cleanup.sh[60]declare_from_tmpl COMOUT_TOP:COM_TOP_TMPL
+ environment[0][[ NO == \N\O ]]
+ environment[1]set +x
declare_from_tmpl :: COMOUT_TOP=/lfs/h2/emc/ptmp/emc.global/RETRO_GFSv17/comroot/retrotestgfs10/enkfgdas.20241123/12
+ exglobal_cleanup.sh[62][[ -d /lfs/h2/emc/ptmp/emc.global/RETRO_GFSv17/comroot/retrotestgfs10/enkfgdas.20241123/12 ]]
+ exglobal_cleanup.sh[63]IFS=', '
+ exglobal_cleanup.sh[63]read -r -a exclude_list
+ exglobal_cleanup.sh[64]remove_files /lfs/h2/emc/ptmp/emc.global/RETRO_GFSv17/comroot/retrotestgfs10/enkfgdas.20241123/12 '*f006.ens*'
+ exglobal_cleanup.sh[28]local directory=/lfs/h2/emc/ptmp/emc.global/RETRO_GFSv17/comroot/retrotestgfs10/enkfgdas.20241123/12
+ exglobal_cleanup.sh[29]shift
+ exglobal_cleanup.sh[30][[ ! -d /lfs/h2/emc/ptmp/emc.global/RETRO_GFSv17/comroot/retrotestgfs10/enkfgdas.20241123/12 ]]
+ exglobal_cleanup.sh[34]local find_exclude_string=
+ exglobal_cleanup.sh[35]for exclude in "$@"
+ exglobal_cleanup.sh[36]find_exclude_string+=' -name *f006.ens* -or'
+ exglobal_cleanup.sh[39]find_exclude_string=' -name *f006.ens* '
+ exglobal_cleanup.sh[42]find /lfs/h2/emc/ptmp/emc.global/RETRO_GFSv17/comroot/retrotestgfs10/enkfgdas.20241123/12 -type f -not '(' -name '*f006.ens*' ')' -ignore_readdir_race -delete
+ exglobal_cleanup.sh[45]find /lfs/h2/emc/ptmp/emc.global/RETRO_GFSv17/comroot/retrotestgfs10/enkfgdas.20241123/12 -type l -not '(' -name '*f006.ens*' ')' -ignore_readdir_race -delete
+ exglobal_cleanup.sh[47]find /lfs/h2/emc/ptmp/emc.global/RETRO_GFSv17/comroot/retrotestgfs10/enkfgdas.20241123/12 -type d -empty -delete
+ exglobal_cleanup.sh[66][[ -d /lfs/h2/emc/ptmp/emc.global/RETRO_GFSv17/comroot/retrotestgfs10/rtofs.20241123 ]]
++ exglobal_cleanup.sh[50]date --utc +%Y%m%d%H -d '20241123 12 +6 hours'
+ exglobal_cleanup.sh[50](( current_date=2024112318  ))
+ exglobal_cleanup.sh[50](( current_date <= last_date ))
+ exglobal_cleanup.sh[52]current_PDY=20241123
+ exglobal_cleanup.sh[53]current_cyc=18
+ exglobal_cleanup.sh[54]rtofs_dir=/lfs/h2/emc/ptmp/emc.global/RETRO_GFSv17/comroot/retrotestgfs10/rtofs.20241123
+ exglobal_cleanup.sh[55]rocotolog=/lfs/h2/emc/global/noscrub/emc.global/RETRO_GFSv17/expdir/retrotestgfs10/logs/2024112318.log
+ exglobal_cleanup.sh[56][[ -f /lfs/h2/emc/global/noscrub/emc.global/RETRO_GFSv17/expdir/retrotestgfs10/logs/2024112318.log ]]
++ exglobal_cleanup.sh[59]tail -n 1 /lfs/h2/emc/global/noscrub/emc.global/RETRO_GFSv17/expdir/retrotestgfs10/logs/2024112318.log
+ exglobal_cleanup.sh[59][[ 2025-06-14 04:15:32 +0000 :: dlogin06 :: This cycle is complete: Success =~ This cycle is complete: Success ]]
+ exglobal_cleanup.sh[60]YMD=20241123
+ exglobal_cleanup.sh[60]HH=18
+ exglobal_cleanup.sh[60]declare_from_tmpl COMOUT_TOP:COM_TOP_TMPL
+ environment[0][[ NO == \N\O ]]
+ environment[1]set +x
declare_from_tmpl :: COMOUT_TOP=/lfs/h2/emc/ptmp/emc.global/RETRO_GFSv17/comroot/retrotestgfs10/enkfgdas.20241123/18
+ exglobal_cleanup.sh[62][[ -d /lfs/h2/emc/ptmp/emc.global/RETRO_GFSv17/comroot/retrotestgfs10/enkfgdas.20241123/18 ]]
+ exglobal_cleanup.sh[63]IFS=', '
+ exglobal_cleanup.sh[63]read -r -a exclude_list
+ exglobal_cleanup.sh[64]remove_files /lfs/h2/emc/ptmp/emc.global/RETRO_GFSv17/comroot/retrotestgfs10/enkfgdas.20241123/18 '*f006.ens*'
+ exglobal_cleanup.sh[28]local directory=/lfs/h2/emc/ptmp/emc.global/RETRO_GFSv17/comroot/retrotestgfs10/enkfgdas.20241123/18
+ exglobal_cleanup.sh[29]shift
+ exglobal_cleanup.sh[30][[ ! -d /lfs/h2/emc/ptmp/emc.global/RETRO_GFSv17/comroot/retrotestgfs10/enkfgdas.20241123/18 ]]
+ exglobal_cleanup.sh[34]local find_exclude_string=
+ exglobal_cleanup.sh[35]for exclude in "$@"
+ exglobal_cleanup.sh[36]find_exclude_string+=' -name *f006.ens* -or'
+ exglobal_cleanup.sh[39]find_exclude_string=' -name *f006.ens* '
+ exglobal_cleanup.sh[42]find /lfs/h2/emc/ptmp/emc.global/RETRO_GFSv17/comroot/retrotestgfs10/enkfgdas.20241123/18 -type f -not '(' -name '*f006.ens*' ')' -ignore_readdir_race -delete
+ exglobal_cleanup.sh[45]find /lfs/h2/emc/ptmp/emc.global/RETRO_GFSv17/comroot/retrotestgfs10/enkfgdas.20241123/18 -type l -not '(' -name '*f006.ens*' ')' -ignore_readdir_race -delete
+ exglobal_cleanup.sh[47]find /lfs/h2/emc/ptmp/emc.global/RETRO_GFSv17/comroot/retrotestgfs10/enkfgdas.20241123/18 -type d -empty -delete
+ exglobal_cleanup.sh[66][[ -d /lfs/h2/emc/ptmp/emc.global/RETRO_GFSv17/comroot/retrotestgfs10/rtofs.20241123 ]]
++ exglobal_cleanup.sh[50]date --utc +%Y%m%d%H -d '20241123 18 +6 hours'
+ exglobal_cleanup.sh[50](( current_date=2024112400  ))
+ exglobal_cleanup.sh[50](( current_date <= last_date ))
+ exglobal_cleanup.sh[76][[ enkfgdas == \g\f\s ]]
++ exglobal_cleanup.sh[97]date --utc +%Y%m%d%H -d '20241124 18 -144 hours'
+ exglobal_cleanup.sh[97]GDATE=2024111818
++ exglobal_cleanup.sh[98]date --utc +%Y%m%d%H -d '20241124 18 -384 hours'
+ exglobal_cleanup.sh[98]RDATE=2024110818
+ exglobal_cleanup.sh[99]((  GDATE < RDATE  ))
+ exglobal_cleanup.sh[102]deletion_target=/lfs/h2/emc/ptmp/emc.global/RETRO_GFSv17/comroot/retrotestgfs10/enkfgdas.20241108
+ exglobal_cleanup.sh[103][[ -d /lfs/h2/emc/ptmp/emc.global/RETRO_GFSv17/comroot/retrotestgfs10/enkfgdas.20241108 ]]
+ exglobal_cleanup.sh[106]sync
+ exglobal_cleanup.sh[106]sleep 1
+ JGLOBAL_CLEANUP[5]true
+ JGLOBAL_CLEANUP[6]export err=0
+ JGLOBAL_CLEANUP[6]err=0
+ JGLOBAL_CLEANUP[7][[ 0 -ne 0 ]]
+ JGLOBAL_CLEANUP[18]rm -rf /lfs/h2/emc/stmp/emc.global/RUNDIRS/retrotestgfs10/enkfgdas.2024112418
+ JGLOBAL_CLEANUP[19]echo 'Cleanup /lfs/h2/emc/stmp/emc.global/RUNDIRS/retrotestgfs10/enkfgdas.2024112418 completed!'
Cleanup /lfs/h2/emc/stmp/emc.global/RUNDIRS/retrotestgfs10/enkfgdas.2024112418 completed!
+ JGLOBAL_CLEANUP[21]exit 0
+ JGLOBAL_CLEANUP[1]postamble /lfs/h2/emc/global/noscrub/emc.global/RETRO_GFSv17/git/global-workflow/develop_20250602/jobs/JGLOBAL_CLEANUP 1750113347 0
+ preamble.sh[62]set +x
End /lfs/h2/emc/global/noscrub/emc.global/RETRO_GFSv17/git/global-workflow/develop_20250602/jobs/JGLOBAL_CLEANUP at 22:36:18 with error code 0 (time elapsed: 00:00:31)
+ status=0
+ exit 0
PBS: Running epilogue on parent mom node: ddxfer02...
##### Job 46077823.dbqs01 - PBS Job Script:
(Note: Duplicate #PBS entries are a function how PBS interprets and caches the original job script.)

#! /bin/sh
#PBS -N retrotestgfs10_enkfgdas_cleanup_18
#PBS -A GFS-DEV
#PBS -q dev_transfer
#PBS -l walltime=00:15:00
#PBS -l select=1:mpiprocs=1:ompthreads=1:ncpus=1:mem=4096M
#PBS -j oe -o /lfs/h2/emc/ptmp/emc.global/RETRO_GFSv17/comroot/retrotestgfs10/logs/2024112418/enkfgdas_cleanup.log
#PBS -l place=vscatter:shared
export RUN_ENVIR='emc'
export HOMEgfs='/lfs/h2/emc/global/noscrub/emc.global/RETRO_GFSv17/git/global-workflow/develop_20250602'
export EXPDIR='/lfs/h2/emc/global/noscrub/emc.global/RETRO_GFSv17/expdir/retrotestgfs10'
export NET='gfs'
export RUN='enkfgdas'
export CDATE='2024112418'
export PDY='20241124'
export cyc='18'
export COMROOT='/lfs/h2/emc/ptmp/emc.global/RETRO_GFSv17/comroot'
export DATAROOT='/lfs/h2/emc/stmp/emc.global/RUNDIRS/retrotestgfs10/enkfgdas.2024112418'
set -x
/lfs/h2/emc/global/noscrub/emc.global/RETRO_GFSv17/git/global-workflow/develop_20250602/dev/jobs/cleanup.sh
##### End of job script
------------------------------------------------------------------

