PBS: Running prologue on parent mom node: nid001057...
Job 46051231.dbqs01 nodelist: nid001057
+ /lfs/h2/emc/global/noscrub/emc.global/RETRO_GFSv17/git/global-workflow/develop_20250602/dev/jobs/anlstat.sh
+ . /lfs/h2/emc/global/noscrub/emc.global/RETRO_GFSv17/git/global-workflow/develop_20250602/ush/load_ufsda_modules.sh
++ [[ hxB == *x* ]]
++ set_x=YES
++ [[ NO == \N\O ]]
++ echo 'Loading modules quietly...'
Loading modules quietly...
++ set +x
Resetting modules to system default. Reseting $MODULEPATH back to system default. All extra directories will be removed from $MODULEPATH.

Currently Loaded Modules:
  1) craype-x86-rome        (H)  43) eckit/1.24.5
  2) envvar/1.0                  44) fftw/3.3.10
  3) PrgEnv-intel/8.3.3          45) fckit/0.11.0
  4) intel/19.1.3.304            46) fms/2023.04
  5) stack-intel/19.1.3.304      47) esmf/8.5.0
  6) libfabric/1.20.1            48) qhull/2020.2
  7) craype-network-ofi     (H)  49) atlas/0.35.0
  8) cray-mpich/8.1.9            50) sp/2.5.0
  9) stack-cray-mpich/8.1.9      51) gsl-lite/0.37.0
 10) libxcrypt/4.4.35            52) libjpeg/2.1.0
 11) sqlite/3.43.2               53) libpng/1.6.37
 12) util-linux-uuid/2.38.1      54) libxt/1.1.5
 13) python/3.10.13              55) libxmu/1.1.4
 14) stack-python/3.10.13        56) libxpm/3.5.12
 15) craype/2.7.17               57) libxaw/1.0.13
 16) cray-pals/1.3.2             58) udunits/2.2.28
 17) cmake/3.23.1                59) ncview/2.1.9
 18) pigz/2.7                    60) netcdf-cxx4/4.3.1
 19) zstd/1.5.2                  61) prod_util/2.0.14
 20) tar/1.34                    62) py-setuptools/63.4.3
 21) gettext/0.19.7              63) py-jinja2/3.1.2
 22) pcre2/10.42                 64) py-netcdf4/1.5.8
 23) curl/8.4.0                  65) py-pybind11/2.11.1
 24) zlib/1.2.13                 66) py-pycodestyle/2.11.0
 25) git/2.35.3                  67) libyaml/0.2.5
 26) git-lfs/2.11.0              68) py-pyyaml/5.4.1
 27) pkg-config/0.29.2           69) py-scipy/1.10.1
 28) hdf5/1.14.0                 70) py-xarray/2023.7.0
 29) parallel-netcdf/1.12.2      71) py-f90nml/1.4.3
 30) netcdf-c/4.9.2              72) py-pip/23.1.2
 31) nccmp/1.9.0.1               73) py-bottleneck/1.3.7
 32) netcdf-fortran/4.6.1        74) py-numexpr/2.8.4
 33) antlr/2.7.7                 75) py-six/1.16.0
 34) gsl/2.7.1                   76) py-python-dateutil/2.8.2
 35) nco/5.0.6                   77) py-pytz/2023.3
 36) parallelio/2.5.10           78) py-pandas/1.5.3
 37) boost/1.83.0                79) py-markupsafe/2.1.3
 38) bufr/12.0.1                 80) py-numpy/1.24.4
 39) ecbuild/3.7.2               81) py-cftime/1.0.3.4
 40) openjpeg/2.5.0              82) py-packaging/23.1
 41) eigen/3.4.0                 83) GDAS/wcoss2.intel
 42) openblas/0.3.24

  Where:
   H:  Hidden Module

 

++ pip list
Package         Version
--------------- --------
Bottleneck      1.3.7
cftime          1.0.3.4
f90nml          1.4.3
Jinja2          3.1.2
MarkupSafe      2.1.3
netCDF4         1.5.8
numexpr         2.8.4
numpy           1.24.4
packaging       23.1
pandas          1.5.3
pip             23.1.2
py-ncepbufr     12.0.1
pybind11        2.11.1
pycodestyle     2.11.0
python-dateutil 2.8.2
pytz            2023.3
PyYAML          5.4.1
scipy           1.10.1
setuptools      63.4.3
six             1.16.0
xarray          2023.7.0
++ wxflowPATH=/lfs/h2/emc/global/noscrub/emc.global/RETRO_GFSv17/git/global-workflow/develop_20250602/ush/python
++ PYTHONPATH=/apps/ops/test/spack-stack-1.6.0-nco/envs/nco-intel-19.1.3.304/install/intel/19.1.3.304/py-packaging-23.1-2qpd5mc/lib/python3.10/site-packages:/apps/ops/test/spack-stack-1.6.0-nco/envs/nco-intel-19.1.3.304/install/intel/19.1.3.304/py-cftime-1.0.3.4-dka7hny/lib/python3.10/site-packages:/apps/ops/test/spack-stack-1.6.0-nco/envs/nco-intel-19.1.3.304/install/intel/19.1.3.304/py-numpy-1.24.4-yosem2k/lib/python3.10/site-packages:/apps/ops/test/spack-stack-1.6.0-nco/envs/nco-intel-19.1.3.304/install/intel/19.1.3.304/py-markupsafe-2.1.3-45ywjnp/lib/python3.10/site-packages:/apps/ops/test/spack-stack-1.6.0-nco/envs/nco-intel-19.1.3.304/install/intel/19.1.3.304/py-pandas-1.5.3-u3wc7uc/lib/python3.10/site-packages:/apps/ops/test/spack-stack-1.6.0-nco/envs/nco-intel-19.1.3.304/install/intel/19.1.3.304/py-pytz-2023.3-yebggst/lib/python3.10/site-packages:/apps/ops/test/spack-stack-1.6.0-nco/envs/nco-intel-19.1.3.304/install/intel/19.1.3.304/py-python-dateutil-2.8.2-mes6fwe/lib/python3.10/site-packages:/apps/ops/test/spack-stack-1.6.0-nco/envs/nco-intel-19.1.3.304/install/intel/19.1.3.304/py-six-1.16.0-u4sv6sb/lib/python3.10/site-packages:/apps/ops/test/spack-stack-1.6.0-nco/envs/nco-intel-19.1.3.304/install/intel/19.1.3.304/py-numexpr-2.8.4-2rtg4mi/lib/python3.10/site-packages:/apps/ops/test/spack-stack-1.6.0-nco/envs/nco-intel-19.1.3.304/install/intel/19.1.3.304/py-bottleneck-1.3.7-oolvw5k/lib/python3.10/site-packages:/apps/ops/test/spack-stack-1.6.0-nco/envs/nco-intel-19.1.3.304/install/intel/19.1.3.304/py-pip-23.1.2-ohrscnx/lib/python3.10/site-packages:/apps/ops/test/spack-stack-1.6.0-nco/envs/nco-intel-19.1.3.304/install/intel/19.1.3.304/py-f90nml-1.4.3-rizmifn/lib/python3.10/site-packages:/apps/ops/test/spack-stack-1.6.0-nco/envs/nco-intel-19.1.3.304/install/intel/19.1.3.304/py-xarray-2023.7.0-jj7syqa/lib/python3.10/site-packages:/apps/ops/test/spack-stack-1.6.0-nco/envs/nco-intel-19.1.3.304/install/intel/19.1.3.304/py-scipy-1.10.1-236sa7x/lib/python3.10/site-packages:/apps/ops/test/spack-stack-1.6.0-nco/envs/nco-intel-19.1.3.304/install/intel/19.1.3.304/py-pyyaml-5.4.1-afvmuaf/lib/python3.10/site-packages:/apps/ops/test/spack-stack-1.6.0-nco/envs/nco-intel-19.1.3.304/install/intel/19.1.3.304/py-pycodestyle-2.11.0-bh2jlm5/lib/python3.10/site-packages:/apps/ops/test/spack-stack-1.6.0-nco/envs/nco-intel-19.1.3.304/install/intel/19.1.3.304/py-pybind11-2.11.1-wdb6paz/lib/python3.10/site-packages:/apps/ops/test/spack-stack-1.6.0-nco/envs/nco-intel-19.1.3.304/install/intel/19.1.3.304/py-netcdf4-1.5.8-6kubnk6/lib/python3.10/site-packages:/apps/ops/test/spack-stack-1.6.0-nco/envs/nco-intel-19.1.3.304/install/intel/19.1.3.304/py-jinja2-3.1.2-vbbttij/lib/python3.10/site-packages:/apps/ops/test/spack-stack-1.6.0-nco/envs/nco-intel-19.1.3.304/install/intel/19.1.3.304/py-setuptools-63.4.3-rg7efar/lib/python3.10/site-packages:/apps/ops/prod/nco/core/prod_util.v2.0.14/ush:/apps/ops/test/spack-stack-1.6.0-nco/envs/nco-intel-19.1.3.304/install/intel/19.1.3.304/bufr-12.0.1-tirva7g/lib64/python3.10/site-packages:/apps/ops/test/spack-stack-1.6.0-nco/envs/nco-intel-19.1.3.304/install/intel/19.1.3.304/bufr-12.0.1-tirva7g/lib/python3.10/site-packages:/lfs/h2/emc/global/noscrub/emc.global/RETRO_GFSv17/git/global-workflow/develop_20250602/ush:/lfs/h2/emc/global/noscrub/emc.global/RETRO_GFSv17/git/global-workflow/develop_20250602/ush/python
++ export PYTHONPATH
++ _regex='[0-9]+\.[0-9]+'
+++ python --version
++ [[ Python 3.10.13 =~ [0-9]+\.[0-9]+ ]]
++ export PYTHON_VERSION=3.10
++ PYTHON_VERSION=3.10
++ pyiodaPATH=/lfs/h2/emc/global/noscrub/emc.global/RETRO_GFSv17/git/global-workflow/develop_20250602/sorc/gdas.cd/build/lib/python3.10/
++ PYTHONPATH=/apps/ops/test/spack-stack-1.6.0-nco/envs/nco-intel-19.1.3.304/install/intel/19.1.3.304/py-packaging-23.1-2qpd5mc/lib/python3.10/site-packages:/apps/ops/test/spack-stack-1.6.0-nco/envs/nco-intel-19.1.3.304/install/intel/19.1.3.304/py-cftime-1.0.3.4-dka7hny/lib/python3.10/site-packages:/apps/ops/test/spack-stack-1.6.0-nco/envs/nco-intel-19.1.3.304/install/intel/19.1.3.304/py-numpy-1.24.4-yosem2k/lib/python3.10/site-packages:/apps/ops/test/spack-stack-1.6.0-nco/envs/nco-intel-19.1.3.304/install/intel/19.1.3.304/py-markupsafe-2.1.3-45ywjnp/lib/python3.10/site-packages:/apps/ops/test/spack-stack-1.6.0-nco/envs/nco-intel-19.1.3.304/install/intel/19.1.3.304/py-pandas-1.5.3-u3wc7uc/lib/python3.10/site-packages:/apps/ops/test/spack-stack-1.6.0-nco/envs/nco-intel-19.1.3.304/install/intel/19.1.3.304/py-pytz-2023.3-yebggst/lib/python3.10/site-packages:/apps/ops/test/spack-stack-1.6.0-nco/envs/nco-intel-19.1.3.304/install/intel/19.1.3.304/py-python-dateutil-2.8.2-mes6fwe/lib/python3.10/site-packages:/apps/ops/test/spack-stack-1.6.0-nco/envs/nco-intel-19.1.3.304/install/intel/19.1.3.304/py-six-1.16.0-u4sv6sb/lib/python3.10/site-packages:/apps/ops/test/spack-stack-1.6.0-nco/envs/nco-intel-19.1.3.304/install/intel/19.1.3.304/py-numexpr-2.8.4-2rtg4mi/lib/python3.10/site-packages:/apps/ops/test/spack-stack-1.6.0-nco/envs/nco-intel-19.1.3.304/install/intel/19.1.3.304/py-bottleneck-1.3.7-oolvw5k/lib/python3.10/site-packages:/apps/ops/test/spack-stack-1.6.0-nco/envs/nco-intel-19.1.3.304/install/intel/19.1.3.304/py-pip-23.1.2-ohrscnx/lib/python3.10/site-packages:/apps/ops/test/spack-stack-1.6.0-nco/envs/nco-intel-19.1.3.304/install/intel/19.1.3.304/py-f90nml-1.4.3-rizmifn/lib/python3.10/site-packages:/apps/ops/test/spack-stack-1.6.0-nco/envs/nco-intel-19.1.3.304/install/intel/19.1.3.304/py-xarray-2023.7.0-jj7syqa/lib/python3.10/site-packages:/apps/ops/test/spack-stack-1.6.0-nco/envs/nco-intel-19.1.3.304/install/intel/19.1.3.304/py-scipy-1.10.1-236sa7x/lib/python3.10/site-packages:/apps/ops/test/spack-stack-1.6.0-nco/envs/nco-intel-19.1.3.304/install/intel/19.1.3.304/py-pyyaml-5.4.1-afvmuaf/lib/python3.10/site-packages:/apps/ops/test/spack-stack-1.6.0-nco/envs/nco-intel-19.1.3.304/install/intel/19.1.3.304/py-pycodestyle-2.11.0-bh2jlm5/lib/python3.10/site-packages:/apps/ops/test/spack-stack-1.6.0-nco/envs/nco-intel-19.1.3.304/install/intel/19.1.3.304/py-pybind11-2.11.1-wdb6paz/lib/python3.10/site-packages:/apps/ops/test/spack-stack-1.6.0-nco/envs/nco-intel-19.1.3.304/install/intel/19.1.3.304/py-netcdf4-1.5.8-6kubnk6/lib/python3.10/site-packages:/apps/ops/test/spack-stack-1.6.0-nco/envs/nco-intel-19.1.3.304/install/intel/19.1.3.304/py-jinja2-3.1.2-vbbttij/lib/python3.10/site-packages:/apps/ops/test/spack-stack-1.6.0-nco/envs/nco-intel-19.1.3.304/install/intel/19.1.3.304/py-setuptools-63.4.3-rg7efar/lib/python3.10/site-packages:/apps/ops/prod/nco/core/prod_util.v2.0.14/ush:/apps/ops/test/spack-stack-1.6.0-nco/envs/nco-intel-19.1.3.304/install/intel/19.1.3.304/bufr-12.0.1-tirva7g/lib64/python3.10/site-packages:/apps/ops/test/spack-stack-1.6.0-nco/envs/nco-intel-19.1.3.304/install/intel/19.1.3.304/bufr-12.0.1-tirva7g/lib/python3.10/site-packages:/lfs/h2/emc/global/noscrub/emc.global/RETRO_GFSv17/git/global-workflow/develop_20250602/ush:/lfs/h2/emc/global/noscrub/emc.global/RETRO_GFSv17/git/global-workflow/develop_20250602/ush/python::/lfs/h2/emc/global/noscrub/emc.global/RETRO_GFSv17/git/global-workflow/develop_20250602/sorc/gdas.cd/build/lib/python3.10/
++ export PYTHONPATH
++ ulimit -S -s unlimited
++ unset ulimit_s
+ err=0
+ [[ 0 -ne 0 ]]
+ export job=anlstat
+ job=anlstat
+ export jobid=anlstat.1165235
+ jobid=anlstat.1165235
+ /lfs/h2/emc/global/noscrub/emc.global/RETRO_GFSv17/git/global-workflow/develop_20250602/jobs/JGLOBAL_ANALYSIS_STATS
Begin /lfs/h2/emc/global/noscrub/emc.global/RETRO_GFSv17/git/global-workflow/develop_20250602/jobs/JGLOBAL_ANALYSIS_STATS at Mon Jun 16 18:21:04 UTC 2025
++ jjob_header.sh[46]OPTIND=1
++ jjob_header.sh[47]getopts c:e: option
++ jjob_header.sh[48]case "${option}" in
++ jjob_header.sh[50]env_job=anlstat
++ jjob_header.sh[47]getopts c:e: option
++ jjob_header.sh[48]case "${option}" in
++ jjob_header.sh[49]read -ra configs
++ jjob_header.sh[47]getopts c:e: option
++ jjob_header.sh[61]shift 4
++ jjob_header.sh[63][[ -z anlstat ]]
++ jjob_header.sh[71]export DATA=/lfs/h2/emc/stmp/emc.global/RUNDIRS/retrotestgfs10/gdas.2024112418/anlstat.1165235
++ jjob_header.sh[71]DATA=/lfs/h2/emc/stmp/emc.global/RUNDIRS/retrotestgfs10/gdas.2024112418/anlstat.1165235
++ jjob_header.sh[72][[ YES == \Y\E\S ]]
++ jjob_header.sh[73]rm -rf /lfs/h2/emc/stmp/emc.global/RUNDIRS/retrotestgfs10/gdas.2024112418/anlstat.1165235
++ jjob_header.sh[75]mkdir -p /lfs/h2/emc/stmp/emc.global/RUNDIRS/retrotestgfs10/gdas.2024112418/anlstat.1165235
++ jjob_header.sh[76]cd /lfs/h2/emc/stmp/emc.global/RUNDIRS/retrotestgfs10/gdas.2024112418/anlstat.1165235
++ jjob_header.sh[85]export pid=1166202
++ jjob_header.sh[85]pid=1166202
++ jjob_header.sh[86]export pgmout=OUTPUT.1166202
++ jjob_header.sh[86]pgmout=OUTPUT.1166202
++ jjob_header.sh[87]export pgmerr=errfile
++ jjob_header.sh[87]pgmerr=errfile
++ jjob_header.sh[90]export pgm=
++ jjob_header.sh[90]pgm=
++ jjob_header.sh[96]export cycle=t18z
++ jjob_header.sh[96]cycle=t18z
++ jjob_header.sh[97]setpdy.sh
+ setpdy.sh[20]'[' /lfs/h2/emc/stmp/emc.global/RUNDIRS/retrotestgfs10/gdas.2024112418/anlstat.1165235 == /u/emc.global ']'
+ setpdy.sh[25][[ ! t18z =~ t??z ]]
+ setpdy.sh[30]case $# in
+ setpdy.sh[31]dates_before_PDY=7
+ setpdy.sh[32]dates_after_PDY=7
+ setpdy.sh[50]COMDATEROOT=/lfs/h1/ops/prod/com
+ setpdy.sh[53]'[' -z 20241124 ']'
+ setpdy.sh[57]sed 's/[0-9]\{8\}/20241124/' /lfs/h1/ops/prod/com/date/t18z
++ setpdy.sh[62]finddate.sh 20241124 s-7
+ finddate.sh[19]set +x
+ setpdy.sh[62]DATElne_minus='20241123 20241122 20241121 20241120 20241119 20241118 20241117'
+ setpdy.sh[63]export err=0
+ setpdy.sh[63]err=0
+ setpdy.sh[63]err_chk
+ err_chk[13]'[' -z 0 ']'
+ err_chk[14]'[' 0 -eq 0 ']'
+ err_chk[14]echo ' completed cleanly'
 completed cleanly
+ err_chk[14]exit
++ setpdy.sh[65]finddate.sh 20241124 s+7
+ finddate.sh[19]set +x
+ setpdy.sh[65]DATElne_plus='20241125 20241126 20241127 20241128 20241129 20241130 20241201'
+ setpdy.sh[66]export err=0
+ setpdy.sh[66]err=0
+ setpdy.sh[66]err_chk
+ err_chk[13]'[' -z 0 ']'
+ err_chk[14]'[' 0 -eq 0 ']'
+ err_chk[14]echo ' completed cleanly'
 completed cleanly
+ err_chk[14]exit
+ setpdy.sh[69]'[' -f PDY ']'
++ setpdy.sh[70]seq 7 -1 1
+ setpdy.sh[70]for d in $(seq $dates_before_PDY -1 1)
+ setpdy.sh[72]echo 'export PDYm7=20241117'
+ setpdy.sh[70]for d in $(seq $dates_before_PDY -1 1)
+ setpdy.sh[72]echo 'export PDYm6=20241118'
+ setpdy.sh[70]for d in $(seq $dates_before_PDY -1 1)
+ setpdy.sh[72]echo 'export PDYm5=20241119'
+ setpdy.sh[70]for d in $(seq $dates_before_PDY -1 1)
+ setpdy.sh[72]echo 'export PDYm4=20241120'
+ setpdy.sh[70]for d in $(seq $dates_before_PDY -1 1)
+ setpdy.sh[72]echo 'export PDYm3=20241121'
+ setpdy.sh[70]for d in $(seq $dates_before_PDY -1 1)
+ setpdy.sh[72]echo 'export PDYm2=20241122'
+ setpdy.sh[70]for d in $(seq $dates_before_PDY -1 1)
+ setpdy.sh[72]echo 'export PDYm1=20241123'
+ setpdy.sh[74]echo 'export PDY=20241124'
++ setpdy.sh[75]seq 7
+ setpdy.sh[75]for d in $(seq $dates_after_PDY)
+ setpdy.sh[77]echo 'export PDYp1=20241125'
+ setpdy.sh[75]for d in $(seq $dates_after_PDY)
+ setpdy.sh[77]echo 'export PDYp2=20241126'
+ setpdy.sh[75]for d in $(seq $dates_after_PDY)
+ setpdy.sh[77]echo 'export PDYp3=20241127'
+ setpdy.sh[75]for d in $(seq $dates_after_PDY)
+ setpdy.sh[77]echo 'export PDYp4=20241128'
+ setpdy.sh[75]for d in $(seq $dates_after_PDY)
+ setpdy.sh[77]echo 'export PDYp5=20241129'
+ setpdy.sh[75]for d in $(seq $dates_after_PDY)
+ setpdy.sh[77]echo 'export PDYp6=20241130'
+ setpdy.sh[75]for d in $(seq $dates_after_PDY)
+ setpdy.sh[77]echo 'export PDYp7=20241201'
+ setpdy.sh[80]chmod u+x PDY
+ setpdy.sh[82]echo 'Source PDY script to export PDYm7, ..., PDY, ..., PDYp7 variables.'
Source PDY script to export PDYm7, ..., PDY, ..., PDYp7 variables.
++ jjob_header.sh[98]source ./PDY
+++ PDY[1]export PDYm7=20241117
+++ PDY[1]PDYm7=20241117
+++ PDY[2]export PDYm6=20241118
+++ PDY[2]PDYm6=20241118
+++ PDY[3]export PDYm5=20241119
+++ PDY[3]PDYm5=20241119
+++ PDY[4]export PDYm4=20241120
+++ PDY[4]PDYm4=20241120
+++ PDY[5]export PDYm3=20241121
+++ PDY[5]PDYm3=20241121
+++ PDY[6]export PDYm2=20241122
+++ PDY[6]PDYm2=20241122
+++ PDY[7]export PDYm1=20241123
+++ PDY[7]PDYm1=20241123
+++ PDY[8]export PDY=20241124
+++ PDY[8]PDY=20241124
+++ PDY[9]export PDYp1=20241125
+++ PDY[9]PDYp1=20241125
+++ PDY[10]export PDYp2=20241126
+++ PDY[10]PDYp2=20241126
+++ PDY[11]export PDYp3=20241127
+++ PDY[11]PDYp3=20241127
+++ PDY[12]export PDYp4=20241128
+++ PDY[12]PDYp4=20241128
+++ PDY[13]export PDYp5=20241129
+++ PDY[13]PDYp5=20241129
+++ PDY[14]export PDYp6=20241130
+++ PDY[14]PDYp6=20241130
+++ PDY[15]export PDYp7=20241201
+++ PDY[15]PDYp7=20241201
++ jjob_header.sh[104]export EXPDIR=/lfs/h2/emc/global/noscrub/emc.global/RETRO_GFSv17/expdir/retrotestgfs10
++ jjob_header.sh[104]EXPDIR=/lfs/h2/emc/global/noscrub/emc.global/RETRO_GFSv17/expdir/retrotestgfs10
++ jjob_header.sh[105]for config in "${configs[@]:-''}"
++ jjob_header.sh[106]source /lfs/h2/emc/global/noscrub/emc.global/RETRO_GFSv17/expdir/retrotestgfs10/config.base
+++ config.base[6]echo 'BEGIN: config.base'
BEGIN: config.base
+++ config.base[9]export machine=WCOSS2
+++ config.base[9]machine=WCOSS2
+++ config.base[12]export RUN_ENVIR=emc
+++ config.base[12]RUN_ENVIR=emc
+++ config.base[15]export ACCOUNT=GFS-DEV
+++ config.base[15]ACCOUNT=GFS-DEV
+++ config.base[16]export QUEUE=devmax
+++ config.base[16]QUEUE=devmax
+++ config.base[17]export QUEUE_SERVICE=dev_transfer
+++ config.base[17]QUEUE_SERVICE=dev_transfer
+++ config.base[18]export QUEUE_DTN=dev_transfer
+++ config.base[18]QUEUE_DTN=dev_transfer
+++ config.base[19]export 'PARTITION_BATCH={{ PARTITION_BATCH }}'
+++ config.base[19]PARTITION_BATCH='{{ PARTITION_BATCH }}'
+++ config.base[20]export PARTITION_SERVICE=
+++ config.base[20]PARTITION_SERVICE=
+++ config.base[21]export PARTITION_DTN=
+++ config.base[21]PARTITION_DTN=
+++ config.base[22]export RESERVATION=
+++ config.base[22]RESERVATION=
+++ config.base[23]export CLUSTERS=
+++ config.base[23]CLUSTERS=
+++ config.base[24]export CLUSTERS_SERVICE=
+++ config.base[24]CLUSTERS_SERVICE=
+++ config.base[25]export CLUSTERS_DTN=
+++ config.base[25]CLUSTERS_DTN=
+++ config.base[28]export HPSS_PROJECT=emc-global
+++ config.base[28]HPSS_PROJECT=emc-global
+++ config.base[31]export HOMEgfs=/lfs/h2/emc/global/noscrub/emc.global/RETRO_GFSv17/git/global-workflow/develop_20250602
+++ config.base[31]HOMEgfs=/lfs/h2/emc/global/noscrub/emc.global/RETRO_GFSv17/git/global-workflow/develop_20250602
+++ config.base[32]export EXECgfs=/lfs/h2/emc/global/noscrub/emc.global/RETRO_GFSv17/git/global-workflow/develop_20250602/exec
+++ config.base[32]EXECgfs=/lfs/h2/emc/global/noscrub/emc.global/RETRO_GFSv17/git/global-workflow/develop_20250602/exec
+++ config.base[33]export FIXgfs=/lfs/h2/emc/global/noscrub/emc.global/RETRO_GFSv17/git/global-workflow/develop_20250602/fix
+++ config.base[33]FIXgfs=/lfs/h2/emc/global/noscrub/emc.global/RETRO_GFSv17/git/global-workflow/develop_20250602/fix
+++ config.base[34]export PARMgfs=/lfs/h2/emc/global/noscrub/emc.global/RETRO_GFSv17/git/global-workflow/develop_20250602/parm
+++ config.base[34]PARMgfs=/lfs/h2/emc/global/noscrub/emc.global/RETRO_GFSv17/git/global-workflow/develop_20250602/parm
+++ config.base[35]export SCRgfs=/lfs/h2/emc/global/noscrub/emc.global/RETRO_GFSv17/git/global-workflow/develop_20250602/scripts
+++ config.base[35]SCRgfs=/lfs/h2/emc/global/noscrub/emc.global/RETRO_GFSv17/git/global-workflow/develop_20250602/scripts
+++ config.base[36]export USHgfs=/lfs/h2/emc/global/noscrub/emc.global/RETRO_GFSv17/git/global-workflow/develop_20250602/ush
+++ config.base[36]USHgfs=/lfs/h2/emc/global/noscrub/emc.global/RETRO_GFSv17/git/global-workflow/develop_20250602/ush
+++ config.base[38]export FIXam=/lfs/h2/emc/global/noscrub/emc.global/RETRO_GFSv17/git/global-workflow/develop_20250602/fix/am
+++ config.base[38]FIXam=/lfs/h2/emc/global/noscrub/emc.global/RETRO_GFSv17/git/global-workflow/develop_20250602/fix/am
+++ config.base[39]export FIXaer=/lfs/h2/emc/global/noscrub/emc.global/RETRO_GFSv17/git/global-workflow/develop_20250602/fix/aer
+++ config.base[39]FIXaer=/lfs/h2/emc/global/noscrub/emc.global/RETRO_GFSv17/git/global-workflow/develop_20250602/fix/aer
+++ config.base[40]export FIXcpl=/lfs/h2/emc/global/noscrub/emc.global/RETRO_GFSv17/git/global-workflow/develop_20250602/fix/cpl
+++ config.base[40]FIXcpl=/lfs/h2/emc/global/noscrub/emc.global/RETRO_GFSv17/git/global-workflow/develop_20250602/fix/cpl
+++ config.base[41]export FIXlut=/lfs/h2/emc/global/noscrub/emc.global/RETRO_GFSv17/git/global-workflow/develop_20250602/fix/lut
+++ config.base[41]FIXlut=/lfs/h2/emc/global/noscrub/emc.global/RETRO_GFSv17/git/global-workflow/develop_20250602/fix/lut
+++ config.base[42]export FIXcice=/lfs/h2/emc/global/noscrub/emc.global/RETRO_GFSv17/git/global-workflow/develop_20250602/fix/cice
+++ config.base[42]FIXcice=/lfs/h2/emc/global/noscrub/emc.global/RETRO_GFSv17/git/global-workflow/develop_20250602/fix/cice
+++ config.base[43]export FIXmom=/lfs/h2/emc/global/noscrub/emc.global/RETRO_GFSv17/git/global-workflow/develop_20250602/fix/mom6
+++ config.base[43]FIXmom=/lfs/h2/emc/global/noscrub/emc.global/RETRO_GFSv17/git/global-workflow/develop_20250602/fix/mom6
+++ config.base[44]export FIXreg2grb2=/lfs/h2/emc/global/noscrub/emc.global/RETRO_GFSv17/git/global-workflow/develop_20250602/fix/reg2grb2
+++ config.base[44]FIXreg2grb2=/lfs/h2/emc/global/noscrub/emc.global/RETRO_GFSv17/git/global-workflow/develop_20250602/fix/reg2grb2
+++ config.base[45]export FIXgdas=/lfs/h2/emc/global/noscrub/emc.global/RETRO_GFSv17/git/global-workflow/develop_20250602/fix/gdas
+++ config.base[45]FIXgdas=/lfs/h2/emc/global/noscrub/emc.global/RETRO_GFSv17/git/global-workflow/develop_20250602/fix/gdas
+++ config.base[50]export PACKAGEROOT=/lfs/h1/ops/prod/packages
+++ config.base[50]PACKAGEROOT=/lfs/h1/ops/prod/packages
+++ config.base[51]export COMROOT=/lfs/h2/emc/ptmp/emc.global/RETRO_GFSv17/comroot
+++ config.base[51]COMROOT=/lfs/h2/emc/ptmp/emc.global/RETRO_GFSv17/comroot
+++ config.base[52]export COMINsyn=/lfs/h1/ops/prod/com/gfs/v16.3/syndat
+++ config.base[52]COMINsyn=/lfs/h1/ops/prod/com/gfs/v16.3/syndat
+++ config.base[53]export DMPDIR=/lfs/h2/emc/dump/noscrub/dump
+++ config.base[53]DMPDIR=/lfs/h2/emc/dump/noscrub/dump
+++ config.base[57]export COMINecmwf=/lfs/h2/emc/global/noscrub/emc.global/data/external_gempak/ecmwf
+++ config.base[57]COMINecmwf=/lfs/h2/emc/global/noscrub/emc.global/data/external_gempak/ecmwf
+++ config.base[58]export COMINnam=/lfs/h2/emc/global/noscrub/emc.global/data/external_gempak/nam
+++ config.base[58]COMINnam=/lfs/h2/emc/global/noscrub/emc.global/data/external_gempak/nam
+++ config.base[59]export COMINukmet=/lfs/h2/emc/global/noscrub/emc.global/data/external_gempak/ukmet
+++ config.base[59]COMINukmet=/lfs/h2/emc/global/noscrub/emc.global/data/external_gempak/ukmet
+++ config.base[62]export HOMEDIR=/lfs/h2/emc/global/noscrub/emc.global
+++ config.base[62]HOMEDIR=/lfs/h2/emc/global/noscrub/emc.global
+++ config.base[63]export STMP=/lfs/h2/emc/stmp/emc.global
+++ config.base[63]STMP=/lfs/h2/emc/stmp/emc.global
+++ config.base[64]export PTMP=/lfs/h2/emc/ptmp/emc.global
+++ config.base[64]PTMP=/lfs/h2/emc/ptmp/emc.global
+++ config.base[65]export NOSCRUB=/lfs/h2/emc/global/noscrub/emc.global
+++ config.base[65]NOSCRUB=/lfs/h2/emc/global/noscrub/emc.global
+++ config.base[68]export BASE_GIT=/lfs/h2/emc/global/save/emc.global/git
+++ config.base[68]BASE_GIT=/lfs/h2/emc/global/save/emc.global/git
+++ config.base[71]export BASE_DATA=/lfs/h2/emc/global/noscrub/emc.global/data
+++ config.base[71]BASE_DATA=/lfs/h2/emc/global/noscrub/emc.global/data
+++ config.base[74]export DO_PREP_SFC=NO
+++ config.base[74]DO_PREP_SFC=NO
+++ config.base[77]export DO_GOES=NO
+++ config.base[77]DO_GOES=NO
+++ config.base[78]export DO_BUFRSND=NO
+++ config.base[78]DO_BUFRSND=NO
+++ config.base[79]export DO_GEMPAK=NO
+++ config.base[79]DO_GEMPAK=NO
+++ config.base[80]export DO_AWIPS=NO
+++ config.base[80]DO_AWIPS=NO
+++ config.base[81]export DO_NPOESS=NO
+++ config.base[81]DO_NPOESS=NO
+++ config.base[82]export DO_TRACKER=YES
+++ config.base[82]DO_TRACKER=YES
+++ config.base[83]export DO_GENESIS=YES
+++ config.base[83]DO_GENESIS=YES
+++ config.base[84]export DO_GENESIS_FSU=NO
+++ config.base[84]DO_GENESIS_FSU=NO
+++ config.base[85]export DO_VERFOZN=YES
+++ config.base[85]DO_VERFOZN=YES
+++ config.base[86]export DO_VERFRAD=YES
+++ config.base[86]DO_VERFRAD=YES
+++ config.base[87]export DO_VMINMON=YES
+++ config.base[87]DO_VMINMON=YES
+++ config.base[88]export DO_ANLSTAT=NO
+++ config.base[88]DO_ANLSTAT=NO
+++ config.base[91]export MODE=cycled
+++ config.base[91]MODE=cycled
+++ config.base[92]export DO_TEST_MODE=NO
+++ config.base[92]DO_TEST_MODE=NO
+++ config.base[101]export FIXgsi=/lfs/h2/emc/global/noscrub/emc.global/RETRO_GFSv17/git/global-workflow/develop_20250602/fix/gsi
+++ config.base[101]FIXgsi=/lfs/h2/emc/global/noscrub/emc.global/RETRO_GFSv17/git/global-workflow/develop_20250602/fix/gsi
+++ config.base[102]export HOMEpost=/lfs/h2/emc/global/noscrub/emc.global/RETRO_GFSv17/git/global-workflow/develop_20250602
+++ config.base[102]HOMEpost=/lfs/h2/emc/global/noscrub/emc.global/RETRO_GFSv17/git/global-workflow/develop_20250602
+++ config.base[103]export HOMEobsproc=/lfs/h2/emc/global/save/emc.global/git/obsproc/v
+++ config.base[103]HOMEobsproc=/lfs/h2/emc/global/save/emc.global/git/obsproc/v
+++ config.base[106]export NMV=/bin/mv
+++ config.base[106]NMV=/bin/mv
+++ config.base[107]export 'NLN=/bin/ln -sf'
+++ config.base[107]NLN='/bin/ln -sf'
+++ config.base[108]export VERBOSE=YES
+++ config.base[108]VERBOSE=YES
+++ config.base[109]export KEEPDATA=NO
+++ config.base[109]KEEPDATA=NO
+++ config.base[110]export DEBUG_POSTSCRIPT=NO
+++ config.base[110]DEBUG_POSTSCRIPT=NO
+++ config.base[111]export CHGRP_RSTPROD=YES
+++ config.base[111]CHGRP_RSTPROD=YES
+++ config.base[112]export 'CHGRP_CMD=chgrp rstprod'
+++ config.base[112]CHGRP_CMD='chgrp rstprod'
+++ config.base[113]export NCDUMP=/apps/ops/test/spack-stack-1.6.0-nco/envs/nco-intel-19.1.3.304/install/intel/19.1.3.304/netcdf-c-4.9.2-bcln2jr/bin/ncdump/bin/ncdump
+++ config.base[113]NCDUMP=/apps/ops/test/spack-stack-1.6.0-nco/envs/nco-intel-19.1.3.304/install/intel/19.1.3.304/netcdf-c-4.9.2-bcln2jr/bin/ncdump/bin/ncdump
+++ config.base[114]export NCLEN=/lfs/h2/emc/global/noscrub/emc.global/RETRO_GFSv17/git/global-workflow/develop_20250602/ush/getncdimlen
+++ config.base[114]NCLEN=/lfs/h2/emc/global/noscrub/emc.global/RETRO_GFSv17/git/global-workflow/develop_20250602/ush/getncdimlen
+++ config.base[117]export BASE_ENV=/lfs/h2/emc/global/noscrub/emc.global/RETRO_GFSv17/git/global-workflow/develop_20250602/env
+++ config.base[117]BASE_ENV=/lfs/h2/emc/global/noscrub/emc.global/RETRO_GFSv17/git/global-workflow/develop_20250602/env
+++ config.base[120]export SDATE=2024111506
+++ config.base[120]SDATE=2024111506
+++ config.base[121]export EDATE=2025011600
+++ config.base[121]EDATE=2025011600
+++ config.base[122]export EXP_WARM_START=.true.
+++ config.base[122]EXP_WARM_START=.true.
+++ config.base[123]export assim_freq=6
+++ config.base[123]assim_freq=6
+++ config.base[124]export PSLOT=retrotestgfs10
+++ config.base[124]PSLOT=retrotestgfs10
+++ config.base[125]export EXPDIR=/lfs/h2/emc/global/noscrub/emc.global/RETRO_GFSv17/expdir/retrotestgfs10
+++ config.base[125]EXPDIR=/lfs/h2/emc/global/noscrub/emc.global/RETRO_GFSv17/expdir/retrotestgfs10
+++ config.base[126]export ROTDIR=/lfs/h2/emc/ptmp/emc.global/RETRO_GFSv17/comroot/retrotestgfs10
+++ config.base[126]ROTDIR=/lfs/h2/emc/ptmp/emc.global/RETRO_GFSv17/comroot/retrotestgfs10
+++ config.base[127]export DUMP_SUFFIX=
+++ config.base[127]DUMP_SUFFIX=
+++ config.base[128][[ 2024112418 -ge 2019092100 ]]
+++ config.base[128][[ 2024112418 -le 2019110700 ]]
+++ config.base[132]export ARCDIR=/lfs/h2/emc/global/noscrub/emc.global/RETRO_GFSv17/archive/retrotestgfs10
+++ config.base[132]ARCDIR=/lfs/h2/emc/global/noscrub/emc.global/RETRO_GFSv17/archive/retrotestgfs10
+++ config.base[134]export ATARDIR=/5year/NCEPDEV/emc-global/emc.glopara/WCOSS2/GFSv17/retrotestgfs10
+++ config.base[134]ATARDIR=/5year/NCEPDEV/emc-global/emc.glopara/WCOSS2/GFSv17/retrotestgfs10
+++ config.base[136]export 'FETCHDIR={{ FETCHDIR }}'
+++ config.base[136]FETCHDIR='{{ FETCHDIR }}'
+++ config.base[139]export envir=prod
+++ config.base[139]envir=prod
+++ config.base[140]export NET=gfs
+++ config.base[140]NET=gfs
+++ config.base[141]export RUN=gdas
+++ config.base[141]RUN=gdas
+++ config.base[144]source /lfs/h2/emc/global/noscrub/emc.global/RETRO_GFSv17/expdir/retrotestgfs10/config.com
++++ config.com[4]echo 'BEGIN: config.com'
BEGIN: config.com
++++ config.com[38][[ emc == \n\c\o ]]
++++ config.com[43]COM_OBSPROC_TMPL='${DMPDIR}/${RUN}${DUMP_SUFFIX}.${YMD}/${HH}/atmos'
++++ config.com[44]COM_RTOFS_TMPL='${DMPDIR}'
++++ config.com[45]COM_TCVITAL_TMPL='${DMPDIR}/${RUN}.${YMD}/${HH}/atmos'
++++ config.com[47]declare -rx 'COM_OBS_TMPL=${ROTDIR}/${RUN}.${YMD}/${HH}/obs'
++++ config.com[48]declare -rx COM_OBSPROC_TMPL COM_RTOFS_TMPL
++++ config.com[50]COM_BASE='${ROTDIR}/${RUN}.${YMD}/${HH}/${MEMDIR}'
++++ config.com[52]declare -rx 'COM_TOP_TMPL=${ROTDIR}/${RUN}.${YMD}/${HH}'
++++ config.com[54]declare -rx 'COM_CONF_TMPL=${ROTDIR}/${RUN}.${YMD}/${HH}/${MEMDIR}/conf'
++++ config.com[55]declare -rx 'COM_OBS_JEDI=${ROTDIR}/${RUN}.${YMD}/${HH}/${MEMDIR}/obs_jedi'
++++ config.com[57]declare -rx 'COM_ATMOS_INPUT_TMPL=${ROTDIR}/${RUN}.${YMD}/${HH}/${MEMDIR}/model/atmos/input'
++++ config.com[58]declare -rx 'COM_ATMOS_RESTART_TMPL=${ROTDIR}/${RUN}.${YMD}/${HH}/${MEMDIR}/model/atmos/restart'
++++ config.com[59]declare -rx 'COM_ATMOS_ANALYSIS_TMPL=${ROTDIR}/${RUN}.${YMD}/${HH}/${MEMDIR}/analysis/atmos'
++++ config.com[60]declare -rx 'COM_SNOW_ANALYSIS_TMPL=${ROTDIR}/${RUN}.${YMD}/${HH}/${MEMDIR}/analysis/snow'
++++ config.com[61]declare -rx 'COM_SNOW_ANLMON_TMPL=${ROTDIR}/${RUN}.${YMD}/${HH}/${MEMDIR}/products/snow/anlmon'
++++ config.com[62]declare -rx 'COM_ATMOS_HISTORY_TMPL=${ROTDIR}/${RUN}.${YMD}/${HH}/${MEMDIR}/model/atmos/history'
++++ config.com[63]declare -rx 'COM_ATMOS_MASTER_TMPL=${ROTDIR}/${RUN}.${YMD}/${HH}/${MEMDIR}/model/atmos/master'
++++ config.com[64]declare -rx 'COM_ATMOS_GRIB_TMPL=${ROTDIR}/${RUN}.${YMD}/${HH}/${MEMDIR}/products/atmos/grib2'
++++ config.com[65]declare -rx 'COM_ATMOS_GRIB_GRID_TMPL=${ROTDIR}/${RUN}.${YMD}/${HH}/${MEMDIR}/products/atmos/grib2/${GRID}'
++++ config.com[66]declare -rx 'COM_ATMOS_BUFR_TMPL=${ROTDIR}/${RUN}.${YMD}/${HH}/${MEMDIR}/products/atmos/bufr'
++++ config.com[67]declare -rx 'COM_ATMOS_GEMPAK_TMPL=${ROTDIR}/${RUN}.${YMD}/${HH}/${MEMDIR}/products/atmos/gempak/${GRID}'
++++ config.com[68]declare -rx 'COM_ATMOS_GENESIS_TMPL=${ROTDIR}/${RUN}.${YMD}/${HH}/${MEMDIR}/products/atmos/cyclone/genesis_vital'
++++ config.com[69]declare -rx 'COM_ATMOS_TRACK_TMPL=${ROTDIR}/${RUN}.${YMD}/${HH}/${MEMDIR}/products/atmos/cyclone/tracks'
++++ config.com[70]declare -rx 'COM_ATMOS_GOES_TMPL=${ROTDIR}/${RUN}.${YMD}/${HH}/${MEMDIR}/products/atmos/goes_sim'
++++ config.com[71]declare -rx 'COM_ATMOS_IMAGERY_TMPL=${ROTDIR}/${RUN}.${YMD}/${HH}/${MEMDIR}/products/atmos/imagery'
++++ config.com[72]declare -rx 'COM_ATMOS_OZNMON_TMPL=${ROTDIR}/${RUN}.${YMD}/${HH}/${MEMDIR}/products/atmos/oznmon'
++++ config.com[73]declare -rx 'COM_ATMOS_RADMON_TMPL=${ROTDIR}/${RUN}.${YMD}/${HH}/${MEMDIR}/products/atmos/radmon'
++++ config.com[74]declare -rx 'COM_ATMOS_MINMON_TMPL=${ROTDIR}/${RUN}.${YMD}/${HH}/${MEMDIR}/products/atmos/minmon'
++++ config.com[75]declare -rx 'COM_ATMOS_ANLMON_TMPL=${ROTDIR}/${RUN}.${YMD}/${HH}/${MEMDIR}/products/atmos/anlmon'
++++ config.com[76]declare -rx 'COM_ATMOS_WMO_TMPL=${ROTDIR}/${RUN}.${YMD}/${HH}/${MEMDIR}/products/atmos/wmo'
++++ config.com[78]declare -rx 'COM_WAVE_RESTART_TMPL=${ROTDIR}/${RUN}.${YMD}/${HH}/${MEMDIR}/model/wave/restart'
++++ config.com[79]declare -rx 'COM_WAVE_PREP_TMPL=${ROTDIR}/${RUN}.${YMD}/${HH}/${MEMDIR}/model/wave/prep'
++++ config.com[80]declare -rx 'COM_WAVE_HISTORY_TMPL=${ROTDIR}/${RUN}.${YMD}/${HH}/${MEMDIR}/model/wave/history'
++++ config.com[81]declare -rx 'COM_WAVE_GRID_TMPL=${ROTDIR}/${RUN}.${YMD}/${HH}/${MEMDIR}/products/wave/gridded'
++++ config.com[82]declare -rx 'COM_WAVE_GRID_RES_TMPL=${ROTDIR}/${RUN}.${YMD}/${HH}/${MEMDIR}/products/wave/gridded/${GRDRESNAME}'
++++ config.com[83]declare -rx 'COM_WAVE_STATION_TMPL=${ROTDIR}/${RUN}.${YMD}/${HH}/${MEMDIR}/products/wave/station'
++++ config.com[84]declare -rx 'COM_WAVE_GEMPAK_TMPL=${ROTDIR}/${RUN}.${YMD}/${HH}/${MEMDIR}/products/wave/gempak'
++++ config.com[85]declare -rx 'COM_WAVE_WMO_TMPL=${ROTDIR}/${RUN}.${YMD}/${HH}/${MEMDIR}/products/wave/wmo'
++++ config.com[87]declare -rx 'COM_OCEAN_HISTORY_TMPL=${ROTDIR}/${RUN}.${YMD}/${HH}/${MEMDIR}/model/ocean/history'
++++ config.com[88]declare -rx 'COM_OCEAN_RESTART_TMPL=${ROTDIR}/${RUN}.${YMD}/${HH}/${MEMDIR}/model/ocean/restart'
++++ config.com[89]declare -rx 'COM_OCEAN_INPUT_TMPL=${ROTDIR}/${RUN}.${YMD}/${HH}/${MEMDIR}/model/ocean/input'
++++ config.com[90]declare -rx 'COM_OCEAN_ANALYSIS_TMPL=${ROTDIR}/${RUN}.${YMD}/${HH}/${MEMDIR}/analysis/ocean'
++++ config.com[91]declare -rx 'COM_OCEAN_ANLMON_TMPL=${ROTDIR}/${RUN}.${YMD}/${HH}/${MEMDIR}/products/ocean/anlmon'
++++ config.com[92]declare -rx 'COM_OCEAN_LETKF_TMPL=${ROTDIR}/${RUN}.${YMD}/${HH}/${MEMDIR}/analysis/ocean/letkf'
++++ config.com[93]declare -rx 'COM_OCEAN_BMATRIX_TMPL=${ROTDIR}/${RUN}.${YMD}/${HH}/${MEMDIR}/bmatrix/ocean'
++++ config.com[94]declare -rx 'COM_OCEAN_NETCDF_TMPL=${ROTDIR}/${RUN}.${YMD}/${HH}/${MEMDIR}/products/ocean/netcdf'
++++ config.com[95]declare -rx 'COM_OCEAN_GRIB_TMPL=${ROTDIR}/${RUN}.${YMD}/${HH}/${MEMDIR}/products/ocean/grib2'
++++ config.com[96]declare -rx 'COM_OCEAN_GRIB_GRID_TMPL=${ROTDIR}/${RUN}.${YMD}/${HH}/${MEMDIR}/products/ocean/grib2/${GRID}'
++++ config.com[98]declare -rx 'COM_ICE_ANALYSIS_TMPL=${ROTDIR}/${RUN}.${YMD}/${HH}/${MEMDIR}/analysis/ice'
++++ config.com[99]declare -rx 'COM_ICE_LETKF_TMPL=${ROTDIR}/${RUN}.${YMD}/${HH}/${MEMDIR}/analysis/ice/letkf'
++++ config.com[100]declare -rx 'COM_ICE_ANLMON_TMPL=${ROTDIR}/${RUN}.${YMD}/${HH}/${MEMDIR}/products/ice/anlmon'
++++ config.com[101]declare -rx 'COM_ICE_BMATRIX_TMPL=${ROTDIR}/${RUN}.${YMD}/${HH}/${MEMDIR}/bmatrix/ice'
++++ config.com[102]declare -rx 'COM_ICE_INPUT_TMPL=${ROTDIR}/${RUN}.${YMD}/${HH}/${MEMDIR}/model/ice/input'
++++ config.com[103]declare -rx 'COM_ICE_HISTORY_TMPL=${ROTDIR}/${RUN}.${YMD}/${HH}/${MEMDIR}/model/ice/history'
++++ config.com[104]declare -rx 'COM_ICE_RESTART_TMPL=${ROTDIR}/${RUN}.${YMD}/${HH}/${MEMDIR}/model/ice/restart'
++++ config.com[105]declare -rx 'COM_ICE_NETCDF_TMPL=${ROTDIR}/${RUN}.${YMD}/${HH}/${MEMDIR}/products/ice/netcdf'
++++ config.com[106]declare -rx 'COM_ICE_GRIB_TMPL=${ROTDIR}/${RUN}.${YMD}/${HH}/${MEMDIR}/products/ice/grib2'
++++ config.com[107]declare -rx 'COM_ICE_GRIB_GRID_TMPL=${ROTDIR}/${RUN}.${YMD}/${HH}/${MEMDIR}/products/ice/grib2/${GRID}'
++++ config.com[109]declare -rx 'COM_CHEM_HISTORY_TMPL=${ROTDIR}/${RUN}.${YMD}/${HH}/${MEMDIR}/model/chem/history'
++++ config.com[110]declare -rx 'COM_CHEM_ANALYSIS_TMPL=${ROTDIR}/${RUN}.${YMD}/${HH}/${MEMDIR}/analysis/chem'
++++ config.com[111]declare -rx 'COM_CHEM_BMAT_TMPL=${ROTDIR}/${RUN}.${YMD}/${HH}/${MEMDIR}/analysis/chem/bmatrix'
++++ config.com[112]declare -rx 'COM_CHEM_ANLMON_TMPL=${ROTDIR}/${RUN}.${YMD}/${HH}/${MEMDIR}/products/chem/anlmon'
++++ config.com[114]declare -rx 'COM_MED_RESTART_TMPL=${ROTDIR}/${RUN}.${YMD}/${HH}/${MEMDIR}/model/med/restart'
+++ config.base[146]export LOGSCRIPT=
+++ config.base[146]LOGSCRIPT=
+++ config.base[148]export 'REDOUT=1>'
+++ config.base[148]REDOUT='1>'
+++ config.base[149]export 'REDERR=2>'
+++ config.base[149]REDERR='2>'
+++ config.base[151]export SENDECF=NO
+++ config.base[151]SENDECF=NO
+++ config.base[152]export SENDSDM=NO
+++ config.base[152]SENDSDM=NO
+++ config.base[153]export SENDDBN_NTC=NO
+++ config.base[153]SENDDBN_NTC=NO
+++ config.base[154]export SENDDBN=NO
+++ config.base[154]SENDDBN=NO
+++ config.base[155]export DBNROOT=/apps/ops/prod/nco/core/prod_util.v2.0.14/fakedbn
+++ config.base[155]DBNROOT=/apps/ops/prod/nco/core/prod_util.v2.0.14/fakedbn
+++ config.base[158]export APP=S2SW
+++ config.base[158]APP=S2SW
+++ config.base[160]shopt -s extglob
+++ config.base[163]case "${RUN}" in
+++ config.base[170]shopt -u extglob
+++ config.base[173]export DO_ATM=YES
+++ config.base[173]DO_ATM=YES
+++ config.base[174]export DO_COUPLED=NO
+++ config.base[174]DO_COUPLED=NO
+++ config.base[175]export DO_WAVE=NO
+++ config.base[175]DO_WAVE=NO
+++ config.base[176]export DO_OCN=NO
+++ config.base[176]DO_OCN=NO
+++ config.base[177]export DO_ICE=NO
+++ config.base[177]DO_ICE=NO
+++ config.base[178]DO_AERO=NO
+++ config.base[179]export DO_PREP_OBS_AERO=NO
+++ config.base[179]DO_PREP_OBS_AERO=NO
+++ config.base[180]aero_fcst_runs=gdas
+++ config.base[181]aero_anl_runs='gdas gfs'
+++ config.base[182]export DO_AERO_FCST=NO
+++ config.base[182]DO_AERO_FCST=NO
+++ config.base[183]export DO_AERO_ANL=NO
+++ config.base[183]DO_AERO_ANL=NO
+++ config.base[184]export DOBNDPNT_WAVE=YES
+++ config.base[184]DOBNDPNT_WAVE=YES
+++ config.base[185]export DOIBP_WAV=NO
+++ config.base[185]DOIBP_WAV=NO
+++ config.base[186]export FRAC_GRID=.true.
+++ config.base[186]FRAC_GRID=.true.
+++ config.base[187]export DO_NEST=NO
+++ config.base[187]DO_NEST=NO
+++ config.base[188][[ NO == \Y\E\S ]]
+++ config.base[194]export ntiles=6
+++ config.base[194]ntiles=6
+++ config.base[195]export FIXugwd=/lfs/h2/emc/global/noscrub/emc.global/RETRO_GFSv17/git/global-workflow/develop_20250602/fix/ugwd
+++ config.base[195]FIXugwd=/lfs/h2/emc/global/noscrub/emc.global/RETRO_GFSv17/git/global-workflow/develop_20250602/fix/ugwd
+++ config.base[196]export FIXorog=/lfs/h2/emc/global/noscrub/emc.global/RETRO_GFSv17/git/global-workflow/develop_20250602/fix/orog
+++ config.base[196]FIXorog=/lfs/h2/emc/global/noscrub/emc.global/RETRO_GFSv17/git/global-workflow/develop_20250602/fix/orog
+++ config.base[200]export OPS_RES=C768
+++ config.base[200]OPS_RES=C768
+++ config.base[203]export LEVS=128
+++ config.base[203]LEVS=128
+++ config.base[204]export CASE=C1152
+++ config.base[204]CASE=C1152
+++ config.base[205]export CASE_ENS=C384
+++ config.base[205]CASE_ENS=C384
+++ config.base[206]export OCNRES=025
+++ config.base[206]OCNRES=025
+++ config.base[207]export ICERES=025
+++ config.base[207]ICERES=025
+++ config.base[210]case "${CASE}" in
+++ config.base[221]export waveGRD=uglo_15km
+++ config.base[221]waveGRD=uglo_15km
+++ config.base[229]case "${APP}" in
+++ config.base[245]export DO_COUPLED=YES
+++ config.base[245]DO_COUPLED=YES
+++ config.base[246]export DO_OCN=YES
+++ config.base[246]DO_OCN=YES
+++ config.base[247]export DO_ICE=YES
+++ config.base[247]DO_ICE=YES
+++ config.base[249][[ S2SW =~ A$ ]]
+++ config.base[253][[ S2SW =~ ^S2SW ]]
+++ config.base[254]export DO_WAVE=YES
+++ config.base[254]DO_WAVE=YES
+++ config.base[264][[ NO == \Y\E\S ]]
+++ config.base[274][[ gdas =~ gdas ]]
+++ config.base[275]export FHCYC=1
+++ config.base[275]FHCYC=1
+++ config.base[276]export FTSFS=10
+++ config.base[276]FTSFS=10
+++ config.base[282]export FHMIN=0
+++ config.base[282]FHMIN=0
+++ config.base[283]export FHMAX=9
+++ config.base[283]FHMAX=9
+++ config.base[284]export FHOUT=3
+++ config.base[284]FHOUT=3
+++ config.base[285]export FHOUT_OCN=3
+++ config.base[285]FHOUT_OCN=3
+++ config.base[286]export FHOUT_ICE=3
+++ config.base[286]FHOUT_ICE=3
+++ config.base[287]export FHOUT_AERO=3
+++ config.base[287]FHOUT_AERO=3
+++ config.base[290]export EUPD_CYC=both
+++ config.base[290]EUPD_CYC=both
+++ config.base[293]export INTERVAL_GFS=6
+++ config.base[293]INTERVAL_GFS=6
+++ config.base[294]export SDATE_GFS=2024111512
+++ config.base[294]SDATE_GFS=2024111512
+++ config.base[297]export FHMIN_GFS=0
+++ config.base[297]FHMIN_GFS=0
+++ config.base[298]export FHMAX_GFS=384
+++ config.base[298]FHMAX_GFS=384
+++ config.base[300]breakpnts=
+++ config.base[301]export FCST_SEGMENTS=0,384
+++ config.base[301]FCST_SEGMENTS=0,384
+++ config.base[302]export FHOUT_GFS=3
+++ config.base[302]FHOUT_GFS=3
+++ config.base[303]export FHMAX_HF_GFS=120
+++ config.base[303]FHMAX_HF_GFS=120
+++ config.base[304]export FHOUT_HF_GFS=1
+++ config.base[304]FHOUT_HF_GFS=1
+++ config.base[305]export FHOUT_OCN_GFS=6
+++ config.base[305]FHOUT_OCN_GFS=6
+++ config.base[306]export FHOUT_ICE_GFS=6
+++ config.base[306]FHOUT_ICE_GFS=6
+++ config.base[307]export FHMIN_WAV=0
+++ config.base[307]FHMIN_WAV=0
+++ config.base[308]export FHOUT_WAV=3
+++ config.base[308]FHOUT_WAV=3
+++ config.base[309]export FHMAX_HF_WAV=120
+++ config.base[309]FHMAX_HF_WAV=120
+++ config.base[310]export FHOUT_HF_WAV=1
+++ config.base[310]FHOUT_HF_WAV=1
+++ config.base[311]export FHMAX_WAV=9
+++ config.base[311]FHMAX_WAV=9
+++ config.base[312]export FHMAX_WAV_GFS=384
+++ config.base[312]FHMAX_WAV_GFS=384
+++ config.base[313]export FHMAX_HF_GFS=120
+++ config.base[313]FHMAX_HF_GFS=120
+++ config.base[314]export FHMAX_WAV=9
+++ config.base[314]FHMAX_WAV=9
+++ config.base[315]export FHMAX_WAV_GFS=384
+++ config.base[315]FHMAX_WAV_GFS=384
+++ config.base[316]export FHMAX_HF_WAV=120
+++ config.base[316]FHMAX_HF_WAV=120
+++ config.base[319]export ILPOST=1
+++ config.base[319]ILPOST=1
+++ config.base[320]((  FHMAX_HF_GFS < 120  ))
+++ config.base[325]export FHMAX_GOES=180
+++ config.base[325]FHMAX_GOES=180
+++ config.base[326]export FHOUT_GOES=3
+++ config.base[326]FHOUT_GOES=3
+++ config.base[327]((  FHMAX_GOES > FHMAX_GFS  ))
+++ config.base[332]export restart_interval_gfs=12
+++ config.base[332]restart_interval_gfs=12
+++ config.base[337]export QUILTING=.true.
+++ config.base[337]QUILTING=.true.
+++ config.base[338]export OUTPUT_GRID=gaussian_grid
+++ config.base[338]OUTPUT_GRID=gaussian_grid
+++ config.base[339]export WRITE_DOPOST=.true.
+++ config.base[339]WRITE_DOPOST=.true.
+++ config.base[340]export WRITE_NSFLIP=.true.
+++ config.base[340]WRITE_NSFLIP=.true.
+++ config.base[343]export DOIAU=YES
+++ config.base[343]DOIAU=YES
+++ config.base[344]export IAUFHRS=3,6,9
+++ config.base[344]IAUFHRS=3,6,9
+++ config.base[345]export IAU_FHROT=3
+++ config.base[345]IAU_FHROT=3
+++ config.base[346]export IAU_DELTHRS=6
+++ config.base[346]IAU_DELTHRS=6
+++ config.base[347]export IAU_OFFSET=6
+++ config.base[347]IAU_OFFSET=6
+++ config.base[348]export DOIAU_ENKF=YES
+++ config.base[348]DOIAU_ENKF=YES
+++ config.base[349]export IAUFHRS_ENKF=3,6,9
+++ config.base[349]IAUFHRS_ENKF=3,6,9
+++ config.base[350]export IAU_DELTHRS_ENKF=6
+++ config.base[350]IAU_DELTHRS_ENKF=6
+++ config.base[353]export lobsdiag_forenkf=.true.
+++ config.base[353]lobsdiag_forenkf=.true.
+++ config.base[361]export imp_physics=8
+++ config.base[361]imp_physics=8
+++ config.base[365]export DO_JEDIATMVAR=NO
+++ config.base[365]DO_JEDIATMVAR=NO
+++ config.base[366]export DO_JEDIATMENS=NO
+++ config.base[366]DO_JEDIATMENS=NO
+++ config.base[367]export DO_JEDIOCNVAR=YES
+++ config.base[367]DO_JEDIOCNVAR=YES
+++ config.base[368]export DO_JEDISNOWDA=YES
+++ config.base[368]DO_JEDISNOWDA=YES
+++ config.base[369]export DO_MERGENSST=NO
+++ config.base[369]DO_MERGENSST=NO
+++ config.base[370]export DO_STARTMEM_FROM_JEDIICE=YES
+++ config.base[370]DO_STARTMEM_FROM_JEDIICE=YES
+++ config.base[373]export DOHYBVAR=YES
+++ config.base[373]DOHYBVAR=YES
+++ config.base[374]export DOHYBVAR_OCN=YES
+++ config.base[374]DOHYBVAR_OCN=YES
+++ config.base[375]export DOLETKF_OCN=NO
+++ config.base[375]DOLETKF_OCN=NO
+++ config.base[376]export NMEM_ENS=80
+++ config.base[376]NMEM_ENS=80
+++ config.base[377]export SMOOTH_ENKF=NO
+++ config.base[377]SMOOTH_ENKF=NO
+++ config.base[378]export l4densvar=.true.
+++ config.base[378]l4densvar=.true.
+++ config.base[379]export lwrite4danl=.true.
+++ config.base[379]lwrite4danl=.true.
+++ config.base[380]export DO_CALC_INCREMENT=NO
+++ config.base[380]DO_CALC_INCREMENT=NO
+++ config.base[383]export NMEM_ENS_GFS=30
+++ config.base[383]NMEM_ENS_GFS=30
+++ config.base[384]export NMEM_ENS_GFS_OFFSET=20
+++ config.base[384]NMEM_ENS_GFS_OFFSET=20
+++ config.base[385]export DO_CALC_INCREMENT_ENKF_GFS=NO
+++ config.base[385]DO_CALC_INCREMENT_ENKF_GFS=NO
+++ config.base[388][[ YES = \Y\E\S ]]
+++ config.base[389]export FHMIN_ENKF=3
+++ config.base[389]FHMIN_ENKF=3
+++ config.base[390]export FHMAX_ENKF=9
+++ config.base[390]FHMAX_ENKF=9
+++ config.base[391]export FHMAX_ENKF_GFS=12
+++ config.base[391]FHMAX_ENKF_GFS=12
+++ config.base[392]export FHOUT_ENKF_GFS=3
+++ config.base[392]FHOUT_ENKF_GFS=3
+++ config.base[393][[ .true. = \.\t\r\u\e\. ]]
+++ config.base[394]export FHOUT=1
+++ config.base[394]FHOUT=1
+++ config.base[395]export FHOUT_ENKF=1
+++ config.base[395]FHOUT_ENKF=1
+++ config.base[402][[ YES == \N\O ]]
+++ config.base[410]export ENKF_SPREAD=YES
+++ config.base[410]ENKF_SPREAD=YES
+++ config.base[413][[ cycled = \c\y\c\l\e\d ]]
+++ config.base[413][[ 2024111506 = \2\0\2\4\1\1\2\4\1\8 ]]
+++ config.base[413][[ YES = \N\O ]]
+++ config.base[413][[ cycled = \f\o\r\e\c\a\s\t\-\o\n\l\y ]]
+++ config.base[419][[ YES = \N\O ]]
+++ config.base[423][[ YES == \Y\E\S ]]
+++ config.base[424]export restart_interval_enkfgdas=3
+++ config.base[424]restart_interval_enkfgdas=3
+++ config.base[429]export restart_interval_enkfgfs=3
+++ config.base[429]restart_interval_enkfgfs=3
+++ config.base[431][[ YES == \Y\E\S ]]
+++ config.base[432]export restart_interval_gdas=3
+++ config.base[432]restart_interval_gdas=3
+++ config.base[437]export DO_GSISOILDA=YES
+++ config.base[437]DO_GSISOILDA=YES
+++ config.base[440]export DONST=YES
+++ config.base[440]DONST=YES
+++ config.base[441][[ YES = \Y\E\S ]]
+++ config.base[441]export 'FNTSFA=        '
+++ config.base[441]FNTSFA='        '
+++ config.base[444]export nst_anl=.true.
+++ config.base[444]nst_anl=.true.
+++ config.base[447]export MAKE_NSSTBUFR=NO
+++ config.base[447]MAKE_NSSTBUFR=NO
+++ config.base[450]export MAKE_ACFTBUFR=NO
+++ config.base[450]MAKE_ACFTBUFR=NO
+++ config.base[453]export 'INCREMENTS_TO_ZERO='\''liq_wat_inc'\'','\''icmr_inc'\'','\''rwmr_inc'\'','\''snmr_inc'\'','\''grle_inc'\'''
+++ config.base[453]INCREMENTS_TO_ZERO=''\''liq_wat_inc'\'','\''icmr_inc'\'','\''rwmr_inc'\'','\''snmr_inc'\'','\''grle_inc'\'''
+++ config.base[456]export 'INCVARS_ZERO_STRAT='\''sphum_inc'\'','\''liq_wat_inc'\'','\''icmr_inc'\'','\''rwmr_inc'\'','\''snmr_inc'\'','\''grle_inc'\'''
+++ config.base[456]INCVARS_ZERO_STRAT=''\''sphum_inc'\'','\''liq_wat_inc'\'','\''icmr_inc'\'','\''rwmr_inc'\'','\''snmr_inc'\'','\''grle_inc'\'''
+++ config.base[457]export INCVARS_EFOLD=5
+++ config.base[457]INCVARS_EFOLD=5
+++ config.base[462]export netcdf_diag=.true.
+++ config.base[462]netcdf_diag=.true.
+++ config.base[463]export binary_diag=.false.
+++ config.base[463]binary_diag=.false.
+++ config.base[466]export DO_CA=YES
+++ config.base[466]DO_CA=YES
+++ config.base[469]export DO_METP=YES
+++ config.base[469]DO_METP=YES
+++ config.base[470]export DO_FIT2OBS=YES
+++ config.base[470]DO_FIT2OBS=YES
+++ config.base[473]export FHMAX_FITS=132
+++ config.base[473]FHMAX_FITS=132
+++ config.base[474][[ 132 -gt 384 ]]
+++ config.base[480]export DO_FETCH_HPSS=NO
+++ config.base[480]DO_FETCH_HPSS=NO
+++ config.base[481]export DO_FETCH_LOCAL=NO
+++ config.base[481]DO_FETCH_LOCAL=NO
+++ config.base[484]export DO_ARCHCOM=YES
+++ config.base[484]DO_ARCHCOM=YES
+++ config.base[485]export ARCHCOM_TO=hpss
+++ config.base[485]ARCHCOM_TO=hpss
+++ config.base[488]export 'CLIENT_GLOBUS_UUID={{ CLIENT_GLOBUS_UUID }}'
+++ config.base[488]CLIENT_GLOBUS_UUID='{{ CLIENT_GLOBUS_UUID }}'
+++ config.base[491][[ NO = \Y\E\S ]]
+++ config.base[498][[ NO = \Y\E\S ]]
+++ config.base[498][[ YES = \Y\E\S ]]
+++ config.base[499]export DO_ANLSTAT=YES
+++ config.base[499]DO_ANLSTAT=YES
+++ config.base[504]export REPLAY_ICS=NO
+++ config.base[504]REPLAY_ICS=NO
+++ config.base[505]export OFFSET_START_HOUR=0
+++ config.base[505]OFFSET_START_HOUR=0
+++ config.base[508]export NUM_SND_COLLECTIVES=9
+++ config.base[508]NUM_SND_COLLECTIVES=9
+++ config.base[510]echo 'END: config.base'
END: config.base
++ jjob_header.sh[106]true
++ jjob_header.sh[107]export err=0
++ jjob_header.sh[107]err=0
++ jjob_header.sh[108][[ 0 -ne 0 ]]
++ jjob_header.sh[105]for config in "${configs[@]:-''}"
++ jjob_header.sh[106]source /lfs/h2/emc/global/noscrub/emc.global/RETRO_GFSv17/expdir/retrotestgfs10/config.anlstat
+++ config.anlstat[6]echo 'BEGIN: config.anlstat'
BEGIN: config.anlstat
+++ config.anlstat[9]source /lfs/h2/emc/global/noscrub/emc.global/RETRO_GFSv17/expdir/retrotestgfs10/config.resources anlstat
++++ config.resources[10]((  1 != 1  ))
++++ config.resources[34]step=anlstat
++++ config.resources[36]echo 'BEGIN: config.resources'
BEGIN: config.resources
++++ config.resources[38]case ${machine} in
++++ config.resources[40]max_tasks_per_node=128
++++ config.resources[43]mem_node_max=500GB
++++ config.resources[106]export max_tasks_per_node
++++ config.resources[108]case ${step} in
++++ config.resources[778]walltime=00:30:00
++++ config.resources[779]ntasks=20
++++ config.resources[780]threads_per_task=1
++++ config.resources[781]tasks_per_node=20
++++ config.resources[782]memory=90GB
++++ config.resources[1400][[ -f /lfs/h2/emc/global/noscrub/emc.global/RETRO_GFSv17/expdir/retrotestgfs10/config.resources.WCOSS2 ]]
++++ config.resources[1401]source /lfs/h2/emc/global/noscrub/emc.global/RETRO_GFSv17/expdir/retrotestgfs10/config.resources.WCOSS2
+++++ config.resources.WCOSS2[5]case ${step} in
++++ config.resources[1405]for resource_var in threads_per_task ntasks tasks_per_node NTASKS memory walltime
++++ config.resources[1406]run_resource_var=threads_per_task_gdas
++++ config.resources[1407][[ -n '' ]]
++++ config.resources[1409][[ -n 0 ]]
++++ config.resources[1410]export threads_per_task
++++ config.resources[1405]for resource_var in threads_per_task ntasks tasks_per_node NTASKS memory walltime
++++ config.resources[1406]run_resource_var=ntasks_gdas
++++ config.resources[1407][[ -n '' ]]
++++ config.resources[1409][[ -n 0 ]]
++++ config.resources[1410]export ntasks
++++ config.resources[1405]for resource_var in threads_per_task ntasks tasks_per_node NTASKS memory walltime
++++ config.resources[1406]run_resource_var=tasks_per_node_gdas
++++ config.resources[1407][[ -n '' ]]
++++ config.resources[1409][[ -n 0 ]]
++++ config.resources[1410]export tasks_per_node
++++ config.resources[1405]for resource_var in threads_per_task ntasks tasks_per_node NTASKS memory walltime
++++ config.resources[1406]run_resource_var=NTASKS_gdas
++++ config.resources[1407][[ -n '' ]]
++++ config.resources[1409][[ -n '' ]]
++++ config.resources[1405]for resource_var in threads_per_task ntasks tasks_per_node NTASKS memory walltime
++++ config.resources[1406]run_resource_var=memory_gdas
++++ config.resources[1407][[ -n '' ]]
++++ config.resources[1409][[ -n 0 ]]
++++ config.resources[1410]export memory
++++ config.resources[1405]for resource_var in threads_per_task ntasks tasks_per_node NTASKS memory walltime
++++ config.resources[1406]run_resource_var=walltime_gdas
++++ config.resources[1407][[ -n '' ]]
++++ config.resources[1409][[ -n 0 ]]
++++ config.resources[1410]export walltime
++++ config.resources[1414]echo 'END: config.resources'
END: config.resources
+++ config.anlstat[11]export JEDI_CONFIG_YAML=/lfs/h2/emc/global/noscrub/emc.global/RETRO_GFSv17/git/global-workflow/develop_20250602/parm/gdas/anlstat_jedi_config.yaml.j2
+++ config.anlstat[11]JEDI_CONFIG_YAML=/lfs/h2/emc/global/noscrub/emc.global/RETRO_GFSv17/git/global-workflow/develop_20250602/parm/gdas/anlstat_jedi_config.yaml.j2
+++ config.anlstat[12]export STAT_BASE_CONFIG_YAML=/lfs/h2/emc/global/noscrub/emc.global/RETRO_GFSv17/git/global-workflow/develop_20250602/parm/gdas/stat_base_config.yaml.j2
+++ config.anlstat[12]STAT_BASE_CONFIG_YAML=/lfs/h2/emc/global/noscrub/emc.global/RETRO_GFSv17/git/global-workflow/develop_20250602/parm/gdas/stat_base_config.yaml.j2
+++ config.anlstat[13]export JCB_BASE_YAML=/lfs/h2/emc/global/noscrub/emc.global/RETRO_GFSv17/git/global-workflow/develop_20250602/parm/gdas/stat/aero/jcb-base.yaml.j2
+++ config.anlstat[13]JCB_BASE_YAML=/lfs/h2/emc/global/noscrub/emc.global/RETRO_GFSv17/git/global-workflow/develop_20250602/parm/gdas/stat/aero/jcb-base.yaml.j2
+++ config.anlstat[14]export JCB_ALGO_YAML=/lfs/h2/emc/global/noscrub/emc.global/RETRO_GFSv17/git/global-workflow/develop_20250602/parm/gdas/jcb-algorithms/anlstat.yaml.j2
+++ config.anlstat[14]JCB_ALGO_YAML=/lfs/h2/emc/global/noscrub/emc.global/RETRO_GFSv17/git/global-workflow/develop_20250602/parm/gdas/jcb-algorithms/anlstat.yaml.j2
+++ config.anlstat[15]export JEDIEXE=/lfs/h2/emc/global/noscrub/emc.global/RETRO_GFSv17/git/global-workflow/develop_20250602/sorc/gdas.cd/build/bin/ioda-stats.x
+++ config.anlstat[15]JEDIEXE=/lfs/h2/emc/global/noscrub/emc.global/RETRO_GFSv17/git/global-workflow/develop_20250602/sorc/gdas.cd/build/bin/ioda-stats.x
+++ config.anlstat[17]echo 'END: config.anlstat'
END: config.anlstat
++ jjob_header.sh[106]true
++ jjob_header.sh[107]export err=0
++ jjob_header.sh[107]err=0
++ jjob_header.sh[108][[ 0 -ne 0 ]]
++ jjob_header.sh[117]source /lfs/h2/emc/global/noscrub/emc.global/RETRO_GFSv17/git/global-workflow/develop_20250602/env/WCOSS2.env anlstat
+++ WCOSS2.env[3][[ 1 -ne 1 ]]
+++ WCOSS2.env[10]step=anlstat
+++ WCOSS2.env[13]export 'launcher=mpiexec -l'
+++ WCOSS2.env[13]launcher='mpiexec -l'
+++ WCOSS2.env[14]export 'mpmd_opt=--cpu-bind verbose,core cfp'
+++ WCOSS2.env[14]mpmd_opt='--cpu-bind verbose,core cfp'
+++ WCOSS2.env[18][[ -n 20 ]]
+++ WCOSS2.env[18][[ -n 128 ]]
+++ WCOSS2.env[18][[ -n 20 ]]
+++ WCOSS2.env[19]max_threads_per_task=6
+++ WCOSS2.env[20]NTHREADSmax=1
+++ WCOSS2.env[21]NTHREADS1=1
+++ WCOSS2.env[22][[ 1 -gt 6 ]]
+++ WCOSS2.env[25][[ 1 -gt 6 ]]
+++ WCOSS2.env[28]APRUN_default='mpiexec -l -n 20'
+++ WCOSS2.env[34][[ anlstat = \p\r\e\p ]]
+++ WCOSS2.env[34][[ anlstat = \p\r\e\p\b\u\f\r ]]
+++ WCOSS2.env[41][[ anlstat = \p\r\e\p\_\e\m\i\s\s\i\o\n\s ]]
+++ WCOSS2.env[45][[ anlstat = \w\a\v\e\i\n\i\t ]]
+++ WCOSS2.env[45][[ anlstat = \w\a\v\e\p\r\e\p ]]
+++ WCOSS2.env[45][[ anlstat = \w\a\v\e\p\o\s\t\s\b\s ]]
+++ WCOSS2.env[45][[ anlstat = \w\a\v\e\p\o\s\t\b\n\d\p\n\t ]]
+++ WCOSS2.env[45][[ anlstat = \w\a\v\e\p\o\s\t\b\n\d\p\n\t\b\l\l ]]
+++ WCOSS2.env[45][[ anlstat = \w\a\v\e\p\o\s\t\p\n\t ]]
+++ WCOSS2.env[51][[ anlstat = \a\t\m\a\n\l\v\a\r ]]
+++ WCOSS2.env[56][[ anlstat = \a\t\m\e\n\s\a\n\l\o\b\s ]]
+++ WCOSS2.env[61][[ anlstat = \a\t\m\e\n\s\a\n\l\s\o\l ]]
+++ WCOSS2.env[66][[ anlstat = \a\t\m\e\n\s\a\n\l\l\e\t\k\f ]]
+++ WCOSS2.env[71][[ anlstat = \a\t\m\e\n\s\a\n\l\f\v\3\i\n\c ]]
+++ WCOSS2.env[76][[ anlstat = \a\e\r\o\a\n\l\v\a\r ]]
+++ WCOSS2.env[83][[ anlstat = \a\e\r\o\a\n\l\g\e\n\b ]]
+++ WCOSS2.env[88][[ anlstat = \p\r\e\p\o\b\s\a\e\r\o ]]
+++ WCOSS2.env[93][[ anlstat = \s\n\o\w\a\n\l ]]
+++ WCOSS2.env[102][[ anlstat = \e\s\n\o\w\a\n\l ]]
+++ WCOSS2.env[111][[ anlstat = \m\a\r\i\n\e\b\m\a\t ]]
+++ WCOSS2.env[116][[ anlstat = \m\a\r\i\n\e\a\n\l\v\a\r ]]
+++ WCOSS2.env[121][[ anlstat = \m\a\r\i\n\e\a\n\l\c\h\k\p\t ]]
+++ WCOSS2.env[129][[ anlstat = \o\c\n\a\n\a\l\e\c\e\n ]]
+++ WCOSS2.env[134][[ anlstat = \m\a\r\i\n\e\a\n\l\l\e\t\k\f ]]
+++ WCOSS2.env[139][[ anlstat = \a\t\m\a\n\l\f\v\3\i\n\c ]]
+++ WCOSS2.env[144][[ anlstat = \a\n\l\s\t\a\t ]]
+++ WCOSS2.env[146]export NTHREADS_ANLSTAT=1
+++ WCOSS2.env[146]NTHREADS_ANLSTAT=1
+++ WCOSS2.env[147]export 'APRUN_ANLSTAT=mpiexec -l -n 20'
+++ WCOSS2.env[147]APRUN_ANLSTAT='mpiexec -l -n 20'
++ jjob_header.sh[117]true
++ jjob_header.sh[118]export err=0
++ jjob_header.sh[118]err=0
++ jjob_header.sh[119][[ 0 -ne 0 ]]
+ JGLOBAL_ANALYSIS_STATS[15]YMD=20241124
+ JGLOBAL_ANALYSIS_STATS[15]HH=18
+ JGLOBAL_ANALYSIS_STATS[15]declare_from_tmpl -rx COMIN_OBS:COM_OBS_TMPL COMIN_ATMOS_ANALYSIS:COM_ATMOS_ANALYSIS_TMPL COMIN_OCEAN_ANALYSIS:COM_OCEAN_ANALYSIS_TMPL COMIN_AERO_ANALYSIS:COM_CHEM_ANALYSIS_TMPL COMIN_SNOW_ANALYSIS:COM_SNOW_ANALYSIS_TMPL COMOUT_CONF:COM_CONF_TMPL COMOUT_ATMOS_ANLMON:COM_ATMOS_ANLMON_TMPL COMOUT_OCEAN_ANLMON:COM_OCEAN_ANLMON_TMPL COMOUT_AERO_ANLMON:COM_CHEM_ANLMON_TMPL COMOUT_SNOW_ANLMON:COM_SNOW_ANLMON_TMPL
+ bash_utils.sh[39][[ NO == \N\O ]]
+ bash_utils.sh[39]set +x
declare_from_tmpl :: COMIN_OBS=/lfs/h2/emc/ptmp/emc.global/RETRO_GFSv17/comroot/retrotestgfs10/gdas.20241124/18/obs
declare_from_tmpl :: COMIN_ATMOS_ANALYSIS=/lfs/h2/emc/ptmp/emc.global/RETRO_GFSv17/comroot/retrotestgfs10/gdas.20241124/18//analysis/atmos
declare_from_tmpl :: COMIN_OCEAN_ANALYSIS=/lfs/h2/emc/ptmp/emc.global/RETRO_GFSv17/comroot/retrotestgfs10/gdas.20241124/18//analysis/ocean
declare_from_tmpl :: COMIN_AERO_ANALYSIS=/lfs/h2/emc/ptmp/emc.global/RETRO_GFSv17/comroot/retrotestgfs10/gdas.20241124/18//analysis/chem
declare_from_tmpl :: COMIN_SNOW_ANALYSIS=/lfs/h2/emc/ptmp/emc.global/RETRO_GFSv17/comroot/retrotestgfs10/gdas.20241124/18//analysis/snow
declare_from_tmpl :: COMOUT_CONF=/lfs/h2/emc/ptmp/emc.global/RETRO_GFSv17/comroot/retrotestgfs10/gdas.20241124/18//conf
declare_from_tmpl :: COMOUT_ATMOS_ANLMON=/lfs/h2/emc/ptmp/emc.global/RETRO_GFSv17/comroot/retrotestgfs10/gdas.20241124/18//products/atmos/anlmon
declare_from_tmpl :: COMOUT_OCEAN_ANLMON=/lfs/h2/emc/ptmp/emc.global/RETRO_GFSv17/comroot/retrotestgfs10/gdas.20241124/18//products/ocean/anlmon
declare_from_tmpl :: COMOUT_AERO_ANLMON=/lfs/h2/emc/ptmp/emc.global/RETRO_GFSv17/comroot/retrotestgfs10/gdas.20241124/18//products/chem/anlmon
declare_from_tmpl :: COMOUT_SNOW_ANLMON=/lfs/h2/emc/ptmp/emc.global/RETRO_GFSv17/comroot/retrotestgfs10/gdas.20241124/18//products/snow/anlmon
+ JGLOBAL_ANALYSIS_STATS[29]EXSCRIPT=/lfs/h2/emc/global/noscrub/emc.global/RETRO_GFSv17/git/global-workflow/develop_20250602/scripts/exglobal_analysis_stats.py
+ JGLOBAL_ANALYSIS_STATS[30]/lfs/h2/emc/global/noscrub/emc.global/RETRO_GFSv17/git/global-workflow/develop_20250602/scripts/exglobal_analysis_stats.py
[38;21m2025-06-16 18:21:15,131 - INFO     - analysis_stats: BEGIN: AnalysisStats.__init__[0m
[38;5;39m2025-06-16 18:21:15,131 - DEBUG    - analysis_stats: ( <pygfs.task.analysis_stats.AnalysisStats object at 0x14fbbe7e4640>, {'envir': 'prod', 'FRAC_GRID': True, 'LMOD_FAMILY_METAPYTHON': 'stack-python', 'waveGRD': 'uglo_15km', '_ModuleTable051_': 'YWNrRGVwdGgiXT0xLFsic3RhdHVzIl09ImFjdGl2ZSIsWyJ1c2VyTmFtZSJdPSJweS14YXJyYXkvMjAyMy43LjAiLH0scHl0aG9uPXtbImZuIl09Ii9hcHBzL29wcy90ZXN0L3NwYWNrLXN0YWNrLTEuNi4wLW5jby9lbnZzL25jby1pbnRlbC0xOS4xLjMuMzA0L2luc3RhbGwvbW9kdWxlZmlsZXMvaW50ZWwvMTkuMS4zLjMwNC9weXRob24vMy4xMC4xMy5sdWEiLFsiZnVsbE5hbWUiXT0icHl0aG9uLzMuMTAuMTMiLFsibG9hZE9yZGVyIl09MTMscHJvcFQ9e30sWyJyZWZfY291bnQiXT0yNCxbInN0YWNrRGVwdGgiXT0yLFsic3RhdHVzIl09ImFjdGl2ZSIsWyJ1c2VyTmFtZSJdPSJweXRob24vMy4xMC4xMyIsfSxxaHVsbD17WyJmbiJdPSIvYXBwcy9vcHMvdGVzdC9zcGFjay1z', 'py_pycodestyle_ROOT': '/apps/ops/test/spack-stack-1.6.0-nco/envs/nco-intel-19.1.3.304/install/intel/19.1.3.304/py-pycodestyle-2.11.0-bh2jlm5', 'COMOUT_AERO_ANLMON': '/lfs/h2/emc/ptmp/emc.global/RETRO_GFSv17/comroot/retrotestgfs10/gdas.20241124/18//products/chem/anlmon', 'CRAY_LMOD_MPI': 'cray-mpich/8.0', 'INCVARS_ZERO_STRAT': ["'sphum_inc'", "'liq_wat_inc'", "'icmr_inc'", "'rwmr_inc'", "'snmr_inc'", "'grle_inc'"], 'LMOD_FAMILY_CRAYPE_NETWORK_VERSION': False, '_ModuleTable037_': 'c3RhdHVzIl09ImFjdGl2ZSIsWyJ1c2VyTmFtZSJdPSJweS1ib3R0bGVuZWNrLzEuMy43Iix9LFsicHktY2Z0aW1lIl09e1siZm4iXT0iL2FwcHMvb3BzL3Rlc3Qvc3BhY2stc3RhY2stMS42LjAtbmNvL2VudnMvbmNvLWludGVsLTE5LjEuMy4zMDQvaW5zdGFsbC9tb2R1bGVmaWxlcy9pbnRlbC8xOS4xLjMuMzA0L3B5LWNmdGltZS8xLjAuMy40Lmx1YSIsWyJmdWxsTmFtZSJdPSJweS1jZnRpbWUvMS4wLjMuNCIsWyJsb2FkT3JkZXIiXT04MSxwcm9wVD17fSxbInN0YWNrRGVwdGgiXT0xLFsic3RhdHVzIl09ImFjdGl2ZSIsWyJ1c2VyTmFtZSJdPSJweS1jZnRpbWUvMS4wLjMuNCIsfSxbInB5LWY5MG5tbCJdPXtbImZuIl09Ii9hcHBzL29wcy90ZXN0L3NwYWNrLXN0YWNrLTEu', 'COMOUT_CONF': '/lfs/h2/emc/ptmp/emc.global/RETRO_GFSv17/comroot/retrotestgfs10/gdas.20241124/18//conf', 'COM_SNOW_ANALYSIS_TMPL': '${ROTDIR}/${RUN}.${YMD}/${HH}/${MEMDIR}/analysis/snow', 'PBS_ENVIRONMENT': 'PBS_BATCH', '_ModuleTable064_': 'aWxlcy9Db3JlOi9vcHQvY3JheS9wZS9sbW9kL21vZHVsZWZpbGVzL2NvcmU6L29wdC9jcmF5L3BlL2xtb2QvbW9kdWxlZmlsZXMvY3JheXBlLXRhcmdldHMvZGVmYXVsdDovYXBwcy9wcm9kL2xtb2R1bGVzL3N5c19jb3JlOi9hcHBzL29wcy9wcm9kL25jby9tb2R1bGVmaWxlcy9jb3JlOi9hcHBzL3Byb2QvbG1vZHVsZXMvY29yZTovb3B0L2NyYXkvbW9kdWxlZmlsZXMiLH0=', 'LD_LIBRARY_PATH': '/apps/ops/test/spack-stack-1.6.0-nco/envs/nco-intel-19.1.3.304/install/intel/19.1.3.304/py-packaging-23.1-2qpd5mc/lib:/apps/ops/test/spack-stack-1.6.0-nco/envs/nco-intel-19.1.3.304/install/intel/19.1.3.304/py-cftime-1.0.3.4-dka7hny/lib:/apps/ops/test/spack-stack-1.6.0-nco/envs/nco-intel-19.1.3.304/install/intel/19.1.3.304/py-numpy-1.24.4-yosem2k/lib:/apps/ops/test/spack-stack-1.6.0-nco/envs/nco-intel-19.1.3.304/install/intel/19.1.3.304/py-markupsafe-2.1.3-45ywjnp/lib:/apps/ops/test/spack-stack-1.6.0-nco/envs/nco-intel-19.1.3.304/install/intel/19.1.3.304/py-pandas-1.5.3-u3wc7uc/lib:/apps/ops/test/spack-stack-1.6.0-nco/envs/nco-intel-19.1.3.304/install/intel/19.1.3.304/py-pytz-2023.3-yebggst/lib:/apps/ops/test/spack-stack-1.6.0-nco/envs/nco-intel-19.1.3.304/install/intel/19.1.3.304/py-python-dateutil-2.8.2-mes6fwe/lib:/apps/ops/test/spack-stack-1.6.0-nco/envs/nco-intel-19.1.3.304/install/intel/19.1.3.304/py-six-1.16.0-u4sv6sb/lib:/apps/ops/test/spack-stack-1.6.0-nco/envs/nco-intel-19.1.3.304/install/intel/19.1.3.304/py-numexpr-2.8.4-2rtg4mi/lib:/apps/ops/test/spack-stack-1.6.0-nco/envs/nco-intel-19.1.3.304/install/intel/19.1.3.304/py-bottleneck-1.3.7-oolvw5k/lib:/apps/ops/test/spack-stack-1.6.0-nco/envs/nco-intel-19.1.3.304/install/intel/19.1.3.304/py-pip-23.1.2-ohrscnx/lib:/apps/ops/test/spack-stack-1.6.0-nco/envs/nco-intel-19.1.3.304/install/intel/19.1.3.304/py-f90nml-1.4.3-rizmifn/lib:/apps/ops/test/spack-stack-1.6.0-nco/envs/nco-intel-19.1.3.304/install/intel/19.1.3.304/py-xarray-2023.7.0-jj7syqa/lib:/apps/ops/test/spack-stack-1.6.0-nco/envs/nco-intel-19.1.3.304/install/intel/19.1.3.304/py-scipy-1.10.1-236sa7x/lib:/apps/ops/test/spack-stack-1.6.0-nco/envs/nco-intel-19.1.3.304/install/intel/19.1.3.304/py-pyyaml-5.4.1-afvmuaf/lib:/apps/ops/test/spack-stack-1.6.0-nco/envs/nco-intel-19.1.3.304/install/intel/19.1.3.304/libyaml-0.2.5-ygjrdvo/lib:/apps/ops/test/spack-stack-1.6.0-nco/envs/nco-intel-19.1.3.304/install/intel/19.1.3.304/py-pycodestyle-2.11.0-bh2jlm5/lib:/apps/ops/test/spack-stack-1.6.0-nco/envs/nco-intel-19.1.3.304/install/intel/19.1.3.304/py-pybind11-2.11.1-wdb6paz/lib:/apps/ops/test/spack-stack-1.6.0-nco/envs/nco-intel-19.1.3.304/install/intel/19.1.3.304/py-netcdf4-1.5.8-6kubnk6/lib:/apps/ops/test/spack-stack-1.6.0-nco/envs/nco-intel-19.1.3.304/install/intel/19.1.3.304/py-jinja2-3.1.2-vbbttij/lib:/apps/ops/test/spack-stack-1.6.0-nco/envs/nco-intel-19.1.3.304/install/intel/19.1.3.304/py-setuptools-63.4.3-rg7efar/lib:/apps/ops/test/spack-stack-1.6.0-nco/envs/nco-intel-19.1.3.304/install/intel/19.1.3.304/netcdf-cxx4-4.3.1-lp7tiyf/lib:/apps/ops/test/spack-stack-1.6.0-nco/envs/nco-intel-19.1.3.304/install/intel/19.1.3.304/udunits-2.2.28-wmjzel4/lib:/apps/ops/test/spack-stack-1.6.0-nco/envs/nco-intel-19.1.3.304/install/intel/19.1.3.304/libxaw-1.0.13-gdstphl/lib:/apps/ops/test/spack-stack-1.6.0-nco/envs/nco-intel-19.1.3.304/install/intel/19.1.3.304/libxpm-3.5.12-dcjsyoi/lib:/apps/ops/test/spack-stack-1.6.0-nco/envs/nco-intel-19.1.3.304/install/intel/19.1.3.304/libxmu-1.1.4-xhe6hjc/lib:/apps/ops/test/spack-stack-1.6.0-nco/envs/nco-intel-19.1.3.304/install/intel/19.1.3.304/libxt-1.1.5-r2mrglu/lib:/apps/ops/test/spack-stack-1.6.0-nco/envs/nco-intel-19.1.3.304/install/intel/19.1.3.304/libpng-1.6.37-3sds4er/lib64:/apps/ops/test/spack-stack-1.6.0-nco/envs/nco-intel-19.1.3.304/install/intel/19.1.3.304/libpng-1.6.37-3sds4er/lib:/apps/ops/test/spack-stack-1.6.0-nco/envs/nco-intel-19.1.3.304/install/intel/19.1.3.304/libjpeg-turbo-2.1.0-rt44pqr/lib64:/apps/ops/test/spack-stack-1.6.0-nco/envs/nco-intel-19.1.3.304/install/intel/19.1.3.304/gsl-lite-0.37.0-7zi7wss/lib64:/apps/ops/test/spack-stack-1.6.0-nco/envs/nco-intel-19.1.3.304/install/intel/19.1.3.304/sp-2.5.0-rhcyr64/lib64:/apps/ops/test/spack-stack-1.6.0-nco/envs/nco-intel-19.1.3.304/install/intel/19.1.3.304/ecmwf-atlas-0.35.0-42ufhdx/lib64:/apps/ops/test/spack-stack-1.6.0-nco/envs/nco-intel-19.1.3.304/install/intel/19.1.3.304/qhull-2020.2-5ycwudw/lib:/apps/ops/test/spack-stack-1.6.0-nco/envs/nco-intel-19.1.3.304/install/intel/19.1.3.304/esmf-8.5.0-7huplmy/lib:/apps/ops/test/spack-stack-1.6.0-nco/envs/nco-intel-19.1.3.304/install/intel/19.1.3.304/fms-2023.04-utbqnz3/lib:/apps/ops/test/spack-stack-1.6.0-nco/envs/nco-intel-19.1.3.304/install/intel/19.1.3.304/fckit-0.11.0-7qg4hhj/lib64:/apps/ops/test/spack-stack-1.6.0-nco/envs/nco-intel-19.1.3.304/install/intel/19.1.3.304/fftw-3.3.10-sefnta3/lib:/apps/ops/test/spack-stack-1.6.0-nco/envs/nco-intel-19.1.3.304/install/intel/19.1.3.304/eckit-1.24.5-isrgc5y/lib64:/apps/ops/test/spack-stack-1.6.0-nco/envs/nco-intel-19.1.3.304/install/intel/19.1.3.304/openblas-0.3.24-7qwu32e/lib:/apps/ops/test/spack-stack-1.6.0-nco/envs/nco-intel-19.1.3.304/install/intel/19.1.3.304/openjpeg-2.5.0-ulqgnem/lib:/apps/ops/test/spack-stack-1.6.0-nco/envs/nco-intel-19.1.3.304/install/intel/19.1.3.304/ecbuild-3.7.2-ovbazu2/lib64:/apps/ops/test/spack-stack-1.6.0-nco/envs/nco-intel-19.1.3.304/install/intel/19.1.3.304/bufr-12.0.1-tirva7g/lib64:/apps/ops/test/spack-stack-1.6.0-nco/envs/nco-intel-19.1.3.304/install/intel/19.1.3.304/bufr-12.0.1-tirva7g/lib:/apps/ops/test/spack-stack-1.6.0-nco/envs/nco-intel-19.1.3.304/install/intel/19.1.3.304/boost-1.83.0-nqtmt7k/lib:/apps/ops/test/spack-stack-1.6.0-nco/envs/nco-intel-19.1.3.304/install/intel/19.1.3.304/parallelio-2.5.10-3rkk43u/lib:/apps/ops/test/spack-stack-1.6.0-nco/envs/nco-intel-19.1.3.304/install/intel/19.1.3.304/nco-5.0.6-6ykwuoz/lib:/apps/ops/test/spack-stack-1.6.0-nco/envs/nco-intel-19.1.3.304/install/intel/19.1.3.304/gsl-2.7.1-kr3c4v5/lib:/apps/ops/test/spack-stack-1.6.0-nco/envs/nco-intel-19.1.3.304/install/intel/19.1.3.304/antlr-2.7.7-hoqq24u/lib:/apps/ops/test/spack-stack-1.6.0-nco/envs/nco-intel-19.1.3.304/install/intel/19.1.3.304/netcdf-fortran-4.6.1-b4geqvx/lib:/apps/ops/test/spack-stack-1.6.0-nco/envs/nco-intel-19.1.3.304/install/intel/19.1.3.304/netcdf-c-4.9.2-bcln2jr/lib:/apps/ops/test/spack-stack-1.6.0-nco/envs/nco-intel-19.1.3.304/install/intel/19.1.3.304/parallel-netcdf-1.12.2-77j7vnx/lib:/apps/ops/test/spack-stack-1.6.0-nco/envs/nco-intel-19.1.3.304/install/intel/19.1.3.304/zlib-1.2.13-yoc3h4p/lib:/apps/ops/test/spack-stack-1.6.0-nco/envs/nco-intel-19.1.3.304/install/intel/19.1.3.304/curl-8.4.0-zr7lvkw/lib:/apps/ops/test/spack-stack-1.6.0-nco/envs/nco-intel-19.1.3.304/install/intel/19.1.3.304/pcre2-10.42-utn3zxn/lib:/apps/ops/test/spack-stack-1.6.0-nco/envs/nco-intel-19.1.3.304/install/intel/19.1.3.304/gettext-0.19.7-2fi4wu4/lib:/apps/ops/test/spack-stack-1.6.0-nco/envs/nco-intel-19.1.3.304/install/intel/19.1.3.304/zstd-1.5.2-pe6gdyf/lib:/apps/ops/test/spack-stack-1.6.0-nco/envs/nco-intel-19.1.3.304/install/intel/19.1.3.304/python-3.10.13-qzt4y2i/lib:/apps/ops/test/spack-stack-1.6.0-nco/envs/nco-intel-19.1.3.304/install/intel/19.1.3.304/util-linux-uuid-2.38.1-jwatqmi/lib:/apps/ops/test/spack-stack-1.6.0-nco/envs/nco-intel-19.1.3.304/install/intel/19.1.3.304/sqlite-3.43.2-onahail/lib:/apps/ops/test/spack-stack-1.6.0-nco/envs/nco-intel-19.1.3.304/install/intel/19.1.3.304/libxcrypt-4.4.35-soueqga/lib:/opt/cray/lib64:/pe/intel/compilers_and_libraries_2020.4.304/linux/compiler/lib/intel64_lin:/pe/intel/compilers_and_libraries_2020.4.304/linux/mpi/intel64/lib/release:/pe/intel/compilers_and_libraries_2020.4.304/linux/mpi/intel64/lib:/pe/intel/compilers_and_libraries_2020.4.304/linux/ipp/lib/intel64:/pe/intel/compilers_and_libraries_2020.4.304/linux/mkl/lib/intel64_lin:/pe/intel/compilers_and_libraries_2020.4.304/linux/tbb/lib/intel64/gcc4.8:/pe/intel/debugger_2020/python/intel64/lib:/pe/intel/debugger_2020/libipt/intel64/lib:/lfs/h2/emc/global/noscrub/emc.global/RETRO_GFSv17/git/global-workflow/develop_20250602/sorc/gdas.cd/build/lib:/opt/cray/pe/mpich/8.1.19/ofi/intel/19.0/lib:/apps/ops/test/spack-stack-1.6.0-nco/envs/nco-intel-19.1.3.304/install/intel/19.1.3.304/hdf5-1.14.0-yckaywr/lib', 'sp_ROOT': '/apps/ops/test/spack-stack-1.6.0-nco/envs/nco-intel-19.1.3.304/install/intel/19.1.3.304/sp-2.5.0-rhcyr64', 'HOSTTYPE': 'x86_64', 'zlib_ROOT': '/apps/ops/test/spack-stack-1.6.0-nco/envs/nco-intel-19.1.3.304/install/intel/19.1.3.304/zlib-1.2.13-yoc3h4p', 'LMOD_CUSTOM_PATHS': 'CNCM/apps/ops/prod/libs/modulefiles/mpi/intel/19.1.3.304/cray-mpich/8.1.4:CNCM/apps/prod/lmodules/INTEL_cray_mpich/19.1.3.304/cray-mpich/8.1.4:COMPILER/apps/ops/prod/nco/modulefiles/compiler/intel/19.1.3.304:COMPILER/apps/ops/prod/libs/modulefiles/compiler/intel/19.1.3.304:COMPILER/apps/prod/lmodules/intel/19.1.3.304', 'SENDDBN_NTC': False, 'COM_ATMOS_RADMON_TMPL': '${ROTDIR}/${RUN}.${YMD}/${HH}/${MEMDIR}/products/atmos/radmon', '__LMOD_REF_COUNT_HDF5_PLUGIN_PATH': '/apps/ops/test/spack-stack-1.6.0-nco/envs/nco-intel-19.1.3.304/install/intel/19.1.3.304/netcdf-c-4.9.2-bcln2jr/plugins:1', 'threads_per_task': 1, 'COM_ICE_GRIB_TMPL': '${ROTDIR}/${RUN}.${YMD}/${HH}/${MEMDIR}/products/ice/grib2', 'PBS_O_LANG': 'en_US.UTF-8', 'COMINnam': '/lfs/h2/emc/global/noscrub/emc.global/data/external_gempak/nam', '_ModuleTable017_': 'ZC9sbW9kdWxlcy9jb3JlL2dpdC1sZnMvMi4xMS4wIixbImZ1bGxOYW1lIl09ImdpdC1sZnMvMi4xMS4wIixbImxvYWRPcmRlciJdPTI2LHByb3BUPXt9LFsic3RhY2tEZXB0aCJdPTEsWyJzdGF0dXMiXT0iYWN0aXZlIixbInVzZXJOYW1lIl09ImdpdC1sZnMvMi4xMS4wIix9LGdzbD17WyJmbiJdPSIvYXBwcy9vcHMvdGVzdC9zcGFjay1zdGFjay0xLjYuMC1uY28vZW52cy9uY28taW50ZWwtMTkuMS4zLjMwNC9pbnN0YWxsL21vZHVsZWZpbGVzL2ludGVsLzE5LjEuMy4zMDQvZ3NsLzIuNy4xLmx1YSIsWyJmdWxsTmFtZSJdPSJnc2wvMi43LjEiLFsibG9hZE9yZGVyIl09MzQscHJvcFQ9e30sWyJyZWZfY291bnQiXT0xLFsic3RhY2tEZXB0aCJdPTIsWyJzdGF0dXMiXT0iYWN0', '_ModuleTable032_': 'dXNlck5hbWUiXT0ib3BlbmpwZWcvMi41LjAiLH0sWyJwYXJhbGxlbC1uZXRjZGYiXT17WyJmbiJdPSIvYXBwcy9vcHMvdGVzdC9zcGFjay1zdGFjay0xLjYuMC1uY28vZW52cy9uY28taW50ZWwtMTkuMS4zLjMwNC9pbnN0YWxsL21vZHVsZWZpbGVzL2NyYXktbXBpY2gvOC4xLjkvaW50ZWwvMTkuMS4zLjMwNC9wYXJhbGxlbC1uZXRjZGYvMS4xMi4yLmx1YSIsWyJmdWxsTmFtZSJdPSJwYXJhbGxlbC1uZXRjZGYvMS4xMi4yIixbImxvYWRPcmRlciJdPTI5LHByb3BUPXt9LFsicmVmX2NvdW50Il09MSxbInN0YWNrRGVwdGgiXT0xLFsic3RhdHVzIl09ImFjdGl2ZSIsWyJ1c2VyTmFtZSJdPSJwYXJhbGxlbC1uZXRjZGYvMS4xMi4yIix9LHBhcmFsbGVsaW89e1siZm4iXT0iL2Fw', 'WRITE_DOPOST': True, 'PIO_VERSION_MAJOR': 2, '__LMOD_REF_COUNT_PATH': '/apps/ops/test/spack-stack-1.6.0-nco/envs/nco-intel-19.1.3.304/install/intel/19.1.3.304/py-numpy-1.24.4-yosem2k/bin:2;/apps/ops/test/spack-stack-1.6.0-nco/envs/nco-intel-19.1.3.304/install/intel/19.1.3.304/py-pip-23.1.2-ohrscnx/bin:2;/apps/ops/test/spack-stack-1.6.0-nco/envs/nco-intel-19.1.3.304/install/intel/19.1.3.304/py-f90nml-1.4.3-rizmifn/bin:2;/apps/ops/test/spack-stack-1.6.0-nco/envs/nco-intel-19.1.3.304/install/intel/19.1.3.304/py-pycodestyle-2.11.0-bh2jlm5/bin:2;/apps/ops/test/spack-stack-1.6.0-nco/envs/nco-intel-19.1.3.304/install/intel/19.1.3.304/py-pybind11-2.11.1-wdb6paz/bin:2;/apps/ops/test/spack-stack-1.6.0-nco/envs/nco-intel-19.1.3.304/install/intel/19.1.3.304/py-netcdf4-1.5.8-6kubnk6/bin:2;/apps/ops/prod/nco/core/prod_util.v2.0.14/ush:1;/apps/ops/test/spack-stack-1.6.0-nco/envs/nco-intel-19.1.3.304/install/intel/19.1.3.304/netcdf-cxx4-4.3.1-lp7tiyf/bin:2;/apps/ops/test/spack-stack-1.6.0-nco/envs/nco-intel-19.1.3.304/install/intel/19.1.3.304/ncview-2.1.9-rv4j23b/bin:2;/apps/ops/test/spack-stack-1.6.0-nco/envs/nco-intel-19.1.3.304/install/intel/19.1.3.304/udunits-2.2.28-wmjzel4/bin:2;/apps/ops/test/spack-stack-1.6.0-nco/envs/nco-intel-19.1.3.304/install/intel/19.1.3.304/libxpm-3.5.12-dcjsyoi/bin:2;/apps/ops/test/spack-stack-1.6.0-nco/envs/nco-intel-19.1.3.304/install/intel/19.1.3.304/libpng-1.6.37-3sds4er/bin:2;/apps/ops/test/spack-stack-1.6.0-nco/envs/nco-intel-19.1.3.304/install/intel/19.1.3.304/libjpeg-turbo-2.1.0-rt44pqr/bin:2;/apps/ops/test/spack-stack-1.6.0-nco/envs/nco-intel-19.1.3.304/install/intel/19.1.3.304/ecmwf-atlas-0.35.0-42ufhdx/bin:2;/apps/ops/test/spack-stack-1.6.0-nco/envs/nco-intel-19.1.3.304/install/intel/19.1.3.304/qhull-2020.2-5ycwudw/bin:2;/apps/ops/test/spack-stack-1.6.0-nco/envs/nco-intel-19.1.3.304/install/intel/19.1.3.304/esmf-8.5.0-7huplmy/bin:2;/apps/ops/test/spack-stack-1.6.0-nco/envs/nco-intel-19.1.3.304/install/intel/19.1.3.304/fckit-0.11.0-7qg4hhj/bin:2;/apps/ops/test/spack-stack-1.6.0-nco/envs/nco-intel-19.1.3.304/install/intel/19.1.3.304/fftw-3.3.10-sefnta3/bin:2;/apps/ops/test/spack-stack-1.6.0-nco/envs/nco-intel-19.1.3.304/install/intel/19.1.3.304/eckit-1.24.5-isrgc5y/bin:2;/apps/ops/test/spack-stack-1.6.0-nco/envs/nco-intel-19.1.3.304/install/intel/19.1.3.304/openblas-0.3.24-7qwu32e/bin:2;/apps/ops/test/spack-stack-1.6.0-nco/envs/nco-intel-19.1.3.304/install/intel/19.1.3.304/ecbuild-3.7.2-ovbazu2/bin:2;/apps/ops/test/spack-stack-1.6.0-nco/envs/nco-intel-19.1.3.304/install/intel/19.1.3.304/bufr-12.0.1-tirva7g/bin:2;/apps/ops/test/spack-stack-1.6.0-nco/envs/nco-intel-19.1.3.304/install/intel/19.1.3.304/nco-5.0.6-6ykwuoz/bin:2;/apps/ops/test/spack-stack-1.6.0-nco/envs/nco-intel-19.1.3.304/install/intel/19.1.3.304/gsl-2.7.1-kr3c4v5/bin:2;/apps/ops/test/spack-stack-1.6.0-nco/envs/nco-intel-19.1.3.304/install/intel/19.1.3.304/antlr-2.7.7-hoqq24u/bin:2;/apps/ops/test/spack-stack-1.6.0-nco/envs/nco-intel-19.1.3.304/install/intel/19.1.3.304/netcdf-fortran-4.6.1-b4geqvx/bin:2;/apps/ops/test/spack-stack-1.6.0-nco/envs/nco-intel-19.1.3.304/install/intel/19.1.3.304/nccmp-1.9.0.1-dnptqlr/bin:2;/apps/ops/test/spack-stack-1.6.0-nco/envs/nco-intel-19.1.3.304/install/intel/19.1.3.304/netcdf-c-4.9.2-bcln2jr/bin:2;/apps/ops/test/spack-stack-1.6.0-nco/envs/nco-intel-19.1.3.304/install/intel/19.1.3.304/parallel-netcdf-1.12.2-77j7vnx/bin:2;/apps/ops/test/spack-stack-1.6.0-nco/envs/nco-intel-19.1.3.304/install/intel/19.1.3.304/hdf5-1.14.0-yckaywr/bin:2;/apps/spack/git-lfs/2.11.0/gcc/11.2.0/m6b6nl5kfqngfteqbggydc7kflxere3s/bin:1;/apps/ops/test/spack-stack-1.6.0-nco/envs/nco-intel-19.1.3.304/install/intel/19.1.3.304/curl-8.4.0-zr7lvkw/bin:2;/apps/ops/test/spack-stack-1.6.0-nco/envs/nco-intel-19.1.3.304/install/intel/19.1.3.304/pcre2-10.42-utn3zxn/bin:2;/apps/ops/test/spack-stack-1.6.0-nco/envs/nco-intel-19.1.3.304/install/intel/19.1.3.304/gettext-0.19.7-2fi4wu4/bin:2;/apps/ops/test/spack-stack-1.6.0-nco/envs/nco-intel-19.1.3.304/install/intel/19.1.3.304/tar-1.34-e7e3lq2/bin:2;/apps/ops/test/spack-stack-1.6.0-nco/envs/nco-intel-19.1.3.304/install/intel/19.1.3.304/zstd-1.5.2-pe6gdyf/bin:2;/apps/ops/test/spack-stack-1.6.0-nco/envs/nco-intel-19.1.3.304/install/intel/19.1.3.304/pigz-2.7-p2s5ywz/bin:2;/apps/ops/test/spack-stack-1.6.0-nco/envs/nco-intel-19.1.3.304/install/intel/19.1.3.304/cmake-3.23.1-chpcsen/bin:2;/opt/cray/pals/1.3.2/bin:1;/opt/cray/pe/craype/2.7.17/bin:1;/apps/ops/test/spack-stack-1.6.0-nco/envs/nco-intel-19.1.3.304/install/intel/19.1.3.304/python-3.10.13-qzt4y2i/bin:2;/apps/ops/test/spack-stack-1.6.0-nco/envs/nco-intel-19.1.3.304/install/intel/19.1.3.304/util-linux-uuid-2.38.1-jwatqmi/bin:2;/apps/ops/test/spack-stack-1.6.0-nco/envs/nco-intel-19.1.3.304/install/intel/19.1.3.304/sqlite-3.43.2-onahail/bin:2;/opt/cray/bin:1;/pe/intel/compilers_and_libraries_2020.4.304/linux/bin/intel64:1;/pe/intel/compilers_and_libraries_2020.4.304/linux/bin:1;/pe/intel/compilers_and_libraries_2020.4.304/linux/mpi/intel64/bin:1;/pe/intel/debugger_2020/gdb/intel64/bin:1;/u/emc.global/bin:2;/usr/local/bin:1;/usr/bin:1;/bin:2;/opt/c3/bin:1;/opt/pbs/bin:1;/sbin:1;.:1;/opt/cray/pe/bin:1', '_ModuleTable061_': 'Y2stMS42LjAtbmNvL2VudnMvbmNvLWludGVsLTE5LjEuMy4zMDQvaW5zdGFsbC9tb2R1bGVmaWxlcy9pbnRlbC8xOS4xLjMuMzA0IiwiL2FwcHMvb3BzL3Byb2QvbmNvL21vZHVsZWZpbGVzL2NvbXBpbGVyL2ludGVsLzE5LjEuMy4zMDQiLCIvYXBwcy9vcHMvcHJvZC9saWJzL21vZHVsZWZpbGVzL2NvbXBpbGVyL2ludGVsLzE5LjEuMy4zMDQiLCIvYXBwcy9wcm9kL2xtb2R1bGVzL2ludGVsLzE5LjEuMy4zMDQiLCIvYXBwcy9wcm9kL2xtb2R1bGVzL2NvbXBpbGVyL2ludGVsLzE5LjAiLCIvYXBwcy9vcHMvdGVzdC9zcGFjay1zdGFjay0xLjYuMC1uY28vZW52cy9uY28taW50ZWwtMTkuMS4zLjMwNC9pbnN0YWxsL21vZHVsZWZpbGVzL0NvcmUiLCIvbGZzL2gyL2VtYy9nbG9i', '_ModuleTable002_': 'YWwvbm9zY3J1Yi9lbWMuZ2xvYmFsL1JFVFJPX0dGU3YxNy9naXQvZ2xvYmFsLXdvcmtmbG93L2RldmVsb3BfMjAyNTA2MDIvc29yYy9nZGFzLmNkL21vZHVsZWZpbGVzL0dEQVMvd2Nvc3MyLmludGVsLmx1YSIsWyJmdWxsTmFtZSJdPSJHREFTL3djb3NzMi5pbnRlbCIsWyJsb2FkT3JkZXIiXT04Myxwcm9wVD17fSxbInN0YWNrRGVwdGgiXT0wLFsic3RhdHVzIl09ImFjdGl2ZSIsWyJ1c2VyTmFtZSJdPSJHREFTL3djb3NzMiIsfSxbIlByZ0Vudi1pbnRlbCJdPXtbImZuIl09Ii9vcHQvY3JheS9wZS9sbW9kL21vZHVsZWZpbGVzL2NvcmUvUHJnRW52LWludGVsLzguMy4zLmx1YSIsWyJmdWxsTmFtZSJdPSJQcmdFbnYtaW50ZWwvOC4zLjMiLFsibG9hZE9yZGVyIl09Myxwcm9w', 'esmf_ROOT': '/apps/ops/test/spack-stack-1.6.0-nco/envs/nco-intel-19.1.3.304/install/intel/19.1.3.304/esmf-8.5.0-7huplmy', 'JCB_ALGO_YAML': '/lfs/h2/emc/global/noscrub/emc.global/RETRO_GFSv17/git/global-workflow/develop_20250602/parm/gdas/jcb-algorithms/anlstat.yaml.j2', 'libpng_ROOT': '/apps/ops/test/spack-stack-1.6.0-nco/envs/nco-intel-19.1.3.304/install/intel/19.1.3.304/libpng-1.6.37-3sds4er', 'BOOST_ROOT': '/apps/ops/test/spack-stack-1.6.0-nco/envs/nco-intel-19.1.3.304/install/intel/19.1.3.304/boost-1.83.0-nqtmt7k', 'RUN': 'gdas', '_ModuleTable047_': 'NC9pbnN0YWxsL21vZHVsZWZpbGVzL2ludGVsLzE5LjEuMy4zMDQvcHktcHl0ei8yMDIzLjMubHVhIixbImZ1bGxOYW1lIl09InB5LXB5dHovMjAyMy4zIixbImxvYWRPcmRlciJdPTc3LHByb3BUPXt9LFsicmVmX2NvdW50Il09MSxbInN0YWNrRGVwdGgiXT0yLFsic3RhdHVzIl09ImFjdGl2ZSIsWyJ1c2VyTmFtZSJdPSJweS1weXR6LzIwMjMuMyIsfSxbInB5LXB5eWFtbCJdPXtbImZuIl09Ii9hcHBzL29wcy90ZXN0L3NwYWNrLXN0YWNrLTEuNi4wLW5jby9lbnZzL25jby1pbnRlbC0xOS4xLjMuMzA0L2luc3RhbGwvbW9kdWxlZmlsZXMvaW50ZWwvMTkuMS4zLjMwNC9weS1weXlhbWwvNS40LjEubHVhIixbImZ1bGxOYW1lIl09InB5LXB5eWFtbC81LjQuMSIsWyJsb2FkT3Jk', 'FHMAX_ENKF': 9, 'LESSCLOSE': 'lessclose.sh %s %s', 'CRAY_LD_LIBRARY_PATH': '/opt/cray/pe/mpich/8.1.9/ofi/intel/19.0/lib', '__LMOD_REF_COUNT_DYLD_LIBRARY_PATH': '/apps/ops/test/spack-stack-1.6.0-nco/envs/nco-intel-19.1.3.304/install/intel/19.1.3.304/py-packaging-23.1-2qpd5mc/lib:1;/apps/ops/test/spack-stack-1.6.0-nco/envs/nco-intel-19.1.3.304/install/intel/19.1.3.304/py-cftime-1.0.3.4-dka7hny/lib:1;/apps/ops/test/spack-stack-1.6.0-nco/envs/nco-intel-19.1.3.304/install/intel/19.1.3.304/py-numpy-1.24.4-yosem2k/lib:1;/apps/ops/test/spack-stack-1.6.0-nco/envs/nco-intel-19.1.3.304/install/intel/19.1.3.304/py-markupsafe-2.1.3-45ywjnp/lib:1;/apps/ops/test/spack-stack-1.6.0-nco/envs/nco-intel-19.1.3.304/install/intel/19.1.3.304/py-pandas-1.5.3-u3wc7uc/lib:1;/apps/ops/test/spack-stack-1.6.0-nco/envs/nco-intel-19.1.3.304/install/intel/19.1.3.304/py-pytz-2023.3-yebggst/lib:1;/apps/ops/test/spack-stack-1.6.0-nco/envs/nco-intel-19.1.3.304/install/intel/19.1.3.304/py-python-dateutil-2.8.2-mes6fwe/lib:1;/apps/ops/test/spack-stack-1.6.0-nco/envs/nco-intel-19.1.3.304/install/intel/19.1.3.304/py-six-1.16.0-u4sv6sb/lib:1;/apps/ops/test/spack-stack-1.6.0-nco/envs/nco-intel-19.1.3.304/install/intel/19.1.3.304/py-numexpr-2.8.4-2rtg4mi/lib:1;/apps/ops/test/spack-stack-1.6.0-nco/envs/nco-intel-19.1.3.304/install/intel/19.1.3.304/py-bottleneck-1.3.7-oolvw5k/lib:1;/apps/ops/test/spack-stack-1.6.0-nco/envs/nco-intel-19.1.3.304/install/intel/19.1.3.304/py-pip-23.1.2-ohrscnx/lib:1;/apps/ops/test/spack-stack-1.6.0-nco/envs/nco-intel-19.1.3.304/install/intel/19.1.3.304/py-f90nml-1.4.3-rizmifn/lib:1;/apps/ops/test/spack-stack-1.6.0-nco/envs/nco-intel-19.1.3.304/install/intel/19.1.3.304/py-xarray-2023.7.0-jj7syqa/lib:1;/apps/ops/test/spack-stack-1.6.0-nco/envs/nco-intel-19.1.3.304/install/intel/19.1.3.304/py-scipy-1.10.1-236sa7x/lib:1;/apps/ops/test/spack-stack-1.6.0-nco/envs/nco-intel-19.1.3.304/install/intel/19.1.3.304/py-pyyaml-5.4.1-afvmuaf/lib:1;/apps/ops/test/spack-stack-1.6.0-nco/envs/nco-intel-19.1.3.304/install/intel/19.1.3.304/libyaml-0.2.5-ygjrdvo/lib:1;/apps/ops/test/spack-stack-1.6.0-nco/envs/nco-intel-19.1.3.304/install/intel/19.1.3.304/py-pycodestyle-2.11.0-bh2jlm5/lib:1;/apps/ops/test/spack-stack-1.6.0-nco/envs/nco-intel-19.1.3.304/install/intel/19.1.3.304/py-pybind11-2.11.1-wdb6paz/lib:1;/apps/ops/test/spack-stack-1.6.0-nco/envs/nco-intel-19.1.3.304/install/intel/19.1.3.304/py-netcdf4-1.5.8-6kubnk6/lib:1;/apps/ops/test/spack-stack-1.6.0-nco/envs/nco-intel-19.1.3.304/install/intel/19.1.3.304/py-jinja2-3.1.2-vbbttij/lib:1;/apps/ops/test/spack-stack-1.6.0-nco/envs/nco-intel-19.1.3.304/install/intel/19.1.3.304/py-setuptools-63.4.3-rg7efar/lib:1;/apps/ops/test/spack-stack-1.6.0-nco/envs/nco-intel-19.1.3.304/install/intel/19.1.3.304/netcdf-cxx4-4.3.1-lp7tiyf/lib:1;/apps/ops/test/spack-stack-1.6.0-nco/envs/nco-intel-19.1.3.304/install/intel/19.1.3.304/udunits-2.2.28-wmjzel4/lib:1;/apps/ops/test/spack-stack-1.6.0-nco/envs/nco-intel-19.1.3.304/install/intel/19.1.3.304/libxaw-1.0.13-gdstphl/lib:1;/apps/ops/test/spack-stack-1.6.0-nco/envs/nco-intel-19.1.3.304/install/intel/19.1.3.304/libxpm-3.5.12-dcjsyoi/lib:1;/apps/ops/test/spack-stack-1.6.0-nco/envs/nco-intel-19.1.3.304/install/intel/19.1.3.304/libxmu-1.1.4-xhe6hjc/lib:1;/apps/ops/test/spack-stack-1.6.0-nco/envs/nco-intel-19.1.3.304/install/intel/19.1.3.304/libxt-1.1.5-r2mrglu/lib:1;/apps/ops/test/spack-stack-1.6.0-nco/envs/nco-intel-19.1.3.304/install/intel/19.1.3.304/libpng-1.6.37-3sds4er/lib64:1;/apps/ops/test/spack-stack-1.6.0-nco/envs/nco-intel-19.1.3.304/install/intel/19.1.3.304/libpng-1.6.37-3sds4er/lib:1;/apps/ops/test/spack-stack-1.6.0-nco/envs/nco-intel-19.1.3.304/install/intel/19.1.3.304/libjpeg-turbo-2.1.0-rt44pqr/lib64:1;/apps/ops/test/spack-stack-1.6.0-nco/envs/nco-intel-19.1.3.304/install/intel/19.1.3.304/gsl-lite-0.37.0-7zi7wss/lib64:1;/apps/ops/test/spack-stack-1.6.0-nco/envs/nco-intel-19.1.3.304/install/intel/19.1.3.304/sp-2.5.0-rhcyr64/lib64:1;/apps/ops/test/spack-stack-1.6.0-nco/envs/nco-intel-19.1.3.304/install/intel/19.1.3.304/ecmwf-atlas-0.35.0-42ufhdx/lib64:1;/apps/ops/test/spack-stack-1.6.0-nco/envs/nco-intel-19.1.3.304/install/intel/19.1.3.304/qhull-2020.2-5ycwudw/lib:1;/apps/ops/test/spack-stack-1.6.0-nco/envs/nco-intel-19.1.3.304/install/intel/19.1.3.304/esmf-8.5.0-7huplmy/lib:1;/apps/ops/test/spack-stack-1.6.0-nco/envs/nco-intel-19.1.3.304/install/intel/19.1.3.304/fms-2023.04-utbqnz3/lib:1;/apps/ops/test/spack-stack-1.6.0-nco/envs/nco-intel-19.1.3.304/install/intel/19.1.3.304/fckit-0.11.0-7qg4hhj/lib64:1;/apps/ops/test/spack-stack-1.6.0-nco/envs/nco-intel-19.1.3.304/install/intel/19.1.3.304/fftw-3.3.10-sefnta3/lib:1;/apps/ops/test/spack-stack-1.6.0-nco/envs/nco-intel-19.1.3.304/install/intel/19.1.3.304/eckit-1.24.5-isrgc5y/lib64:1;/apps/ops/test/spack-stack-1.6.0-nco/envs/nco-intel-19.1.3.304/install/intel/19.1.3.304/openblas-0.3.24-7qwu32e/lib:1;/apps/ops/test/spack-stack-1.6.0-nco/envs/nco-intel-19.1.3.304/install/intel/19.1.3.304/openjpeg-2.5.0-ulqgnem/lib:1;/apps/ops/test/spack-stack-1.6.0-nco/envs/nco-intel-19.1.3.304/install/intel/19.1.3.304/ecbuild-3.7.2-ovbazu2/lib64:1;/apps/ops/test/spack-stack-1.6.0-nco/envs/nco-intel-19.1.3.304/install/intel/19.1.3.304/bufr-12.0.1-tirva7g/lib64:1;/apps/ops/test/spack-stack-1.6.0-nco/envs/nco-intel-19.1.3.304/install/intel/19.1.3.304/bufr-12.0.1-tirva7g/lib:1;/apps/ops/test/spack-stack-1.6.0-nco/envs/nco-intel-19.1.3.304/install/intel/19.1.3.304/boost-1.83.0-nqtmt7k/lib:1;/apps/ops/test/spack-stack-1.6.0-nco/envs/nco-intel-19.1.3.304/install/intel/19.1.3.304/parallelio-2.5.10-3rkk43u/lib:1;/apps/ops/test/spack-stack-1.6.0-nco/envs/nco-intel-19.1.3.304/install/intel/19.1.3.304/nco-5.0.6-6ykwuoz/lib:1;/apps/ops/test/spack-stack-1.6.0-nco/envs/nco-intel-19.1.3.304/install/intel/19.1.3.304/gsl-2.7.1-kr3c4v5/lib:1;/apps/ops/test/spack-stack-1.6.0-nco/envs/nco-intel-19.1.3.304/install/intel/19.1.3.304/antlr-2.7.7-hoqq24u/lib:1;/apps/ops/test/spack-stack-1.6.0-nco/envs/nco-intel-19.1.3.304/install/intel/19.1.3.304/netcdf-fortran-4.6.1-b4geqvx/lib:1;/apps/ops/test/spack-stack-1.6.0-nco/envs/nco-intel-19.1.3.304/install/intel/19.1.3.304/netcdf-c-4.9.2-bcln2jr/lib:1;/apps/ops/test/spack-stack-1.6.0-nco/envs/nco-intel-19.1.3.304/install/intel/19.1.3.304/parallel-netcdf-1.12.2-77j7vnx/lib:1;/apps/ops/test/spack-stack-1.6.0-nco/envs/nco-intel-19.1.3.304/install/intel/19.1.3.304/hdf5-1.14.0-yckaywr/lib:1;/apps/ops/test/spack-stack-1.6.0-nco/envs/nco-intel-19.1.3.304/install/intel/19.1.3.304/zlib-1.2.13-yoc3h4p/lib:1;/apps/ops/test/spack-stack-1.6.0-nco/envs/nco-intel-19.1.3.304/install/intel/19.1.3.304/curl-8.4.0-zr7lvkw/lib:1;/apps/ops/test/spack-stack-1.6.0-nco/envs/nco-intel-19.1.3.304/install/intel/19.1.3.304/pcre2-10.42-utn3zxn/lib:1;/apps/ops/test/spack-stack-1.6.0-nco/envs/nco-intel-19.1.3.304/install/intel/19.1.3.304/gettext-0.19.7-2fi4wu4/lib:1;/apps/ops/test/spack-stack-1.6.0-nco/envs/nco-intel-19.1.3.304/install/intel/19.1.3.304/zstd-1.5.2-pe6gdyf/lib:1;/apps/ops/test/spack-stack-1.6.0-nco/envs/nco-intel-19.1.3.304/install/intel/19.1.3.304/python-3.10.13-qzt4y2i/lib:1;/apps/ops/test/spack-stack-1.6.0-nco/envs/nco-intel-19.1.3.304/install/intel/19.1.3.304/util-linux-uuid-2.38.1-jwatqmi/lib:1;/apps/ops/test/spack-stack-1.6.0-nco/envs/nco-intel-19.1.3.304/install/intel/19.1.3.304/sqlite-3.43.2-onahail/lib:1;/apps/ops/test/spack-stack-1.6.0-nco/envs/nco-intel-19.1.3.304/install/intel/19.1.3.304/libxcrypt-4.4.35-soueqga/lib:1', 'CRTM_FIX': '/lfs/h2/emc/da/noscrub/emc.da/GDASApp/fix/crtm/2.4.0', 'COM_RTOFS_TMPL': '${DMPDIR}', 'XKEYSYMDB': '/usr/X11R6/lib/X11/XKeysymDB', 'PE_ENV': 'INTEL', 'COM_ATMOS_GRIB_GRID_TMPL': '${ROTDIR}/${RUN}.${YMD}/${HH}/${MEMDIR}/products/atmos/grib2/${GRID}', '__LMOD_REF_COUNT_PE_FORTRAN_PKGCONFIG_LIBS': 'mpichf90:1', 'LMOD_FAMILY_CRAYPE_CPU': 'craype-x86-rome', 'openjpeg_ROOT': '/apps/ops/test/spack-stack-1.6.0-nco/envs/nco-intel-19.1.3.304/install/intel/19.1.3.304/openjpeg-2.5.0-ulqgnem', 'NUM_SND_COLLECTIVES': 9, 'CRAY_LMOD_COMPILER': 'intel/19.0', 'atlas_ROOT': '/apps/ops/test/spack-stack-1.6.0-nco/envs/nco-intel-19.1.3.304/install/intel/19.1.3.304/ecmwf-atlas-0.35.0-42ufhdx', 'PSLOT': 'retrotestgfs10', 'LMOD_MODULERCFILE': '/apps/prod/lmodules/.modulerc.lua', 'QUEUE': 'devmax', 'DOIAU': True, 'PACKAGEROOT': '/lfs/h1/ops/prod/packages', 'PE_PRODUCT_LIST': 'CRAYPE:CRAYPE_X86_ROME', 'LMOD_IGNORE_CACHE': True, 'NDATE': '/apps/ops/prod/nco/core/prod_util.v2.0.14/exec/ndate', 'COM_ICE_RESTART_TMPL': '${ROTDIR}/${RUN}.${YMD}/${HH}/${MEMDIR}/model/ice/restart', 'LMOD_FAMILY_MPI_VERSION': '8.1.9', 'COM_ICE_ANLMON_TMPL': '${ROTDIR}/${RUN}.${YMD}/${HH}/${MEMDIR}/products/ice/anlmon', 'FHOUT_ICE': 3, 'PE_PERFTOOLS_MPICH_LIBDIR': '/opt/cray/pe/mpich/8.1.9/ofi/intel/19.0/lib', 'libxmu_ROOT': '/apps/ops/test/spack-stack-1.6.0-nco/envs/nco-intel-19.1.3.304/install/intel/19.1.3.304/libxmu-1.1.4-xhe6hjc', 'COM_SNOW_ANLMON_TMPL': '${ROTDIR}/${RUN}.${YMD}/${HH}/${MEMDIR}/products/snow/anlmon', 'py_netcdf4_ROOT': '/apps/ops/test/spack-stack-1.6.0-nco/envs/nco-intel-19.1.3.304/install/intel/19.1.3.304/py-netcdf4-1.5.8-6kubnk6', 'PE_MPICH_GTL_DIR_amd_gfx906': '-L/opt/cray/pe/mpich/8.1.9/gtl/lib', 'EUPD_CYC': 'both', 'LANG': 'en_US.UTF-8', 'FETCHDIR': '{{ FETCHDIR }}', '_ModuleTable056_': 'e30sWyJzdGFja0RlcHRoIl09MSxbInN0YXR1cyJdPSJhY3RpdmUiLFsidXNlck5hbWUiXT0ic3RhY2stcHl0aG9uLzMuMTAuMTMiLH0sdGFyPXtbImZuIl09Ii9hcHBzL29wcy90ZXN0L3NwYWNrLXN0YWNrLTEuNi4wLW5jby9lbnZzL25jby1pbnRlbC0xOS4xLjMuMzA0L2luc3RhbGwvbW9kdWxlZmlsZXMvaW50ZWwvMTkuMS4zLjMwNC90YXIvMS4zNC5sdWEiLFsiZnVsbE5hbWUiXT0idGFyLzEuMzQiLFsibG9hZE9yZGVyIl09MjAscHJvcFQ9e30sWyJyZWZfY291bnQiXT0xLFsic3RhY2tEZXB0aCJdPTIsWyJzdGF0dXMiXT0iYWN0aXZlIixbInVzZXJOYW1lIl09InRhci8xLjM0Iix9LHVkdW5pdHM9e1siZm4iXT0iL2FwcHMvb3BzL3Rlc3Qvc3BhY2stc3RhY2stMS42LjAt', 'TZ': 'Etc/UTC', 'netcdf_c_ROOT': '/apps/ops/test/spack-stack-1.6.0-nco/envs/nco-intel-19.1.3.304/install/intel/19.1.3.304/netcdf-c-4.9.2-bcln2jr', '_ModuleTable019_': 'bGwvbW9kdWxlZmlsZXMvY3JheS1tcGljaC84LjEuOS9pbnRlbC8xOS4xLjMuMzA0L2hkZjUvMS4xNC4wLmx1YSIsWyJmdWxsTmFtZSJdPSJoZGY1LzEuMTQuMCIsWyJsb2FkT3JkZXIiXT0yOCxwcm9wVD17fSxbInJlZl9jb3VudCJdPTIsWyJzdGFja0RlcHRoIl09MSxbInN0YXR1cyJdPSJhY3RpdmUiLFsidXNlck5hbWUiXT0iaGRmNS8xLjE0LjAiLH0saW50ZWw9e1siZm4iXT0iL2FwcHMvcHJvZC9sbW9kdWxlcy9jb3JlL2ludGVsLzE5LjEuMy4zMDQubHVhIixbImZ1bGxOYW1lIl09ImludGVsLzE5LjEuMy4zMDQiLFsibG9hZE9yZGVyIl09NCxwcm9wVD17fSxbInN0YWNrRGVwdGgiXT0yLFsic3RhdHVzIl09ImFjdGl2ZSIsWyJ1c2VyTmFtZSJdPSJpbnRlbC8xOS4xLjMu', 'PE_MPICH_GTL_DIR_amd_gfx908': '-L/opt/cray/pe/mpich/8.1.9/gtl/lib', 'COMLOGSROOT': '/lfs/h1/ops/prod/com', 'imp_physics': 8, 'QUEUE_SERVICE': 'dev_transfer', 'WINDOWMANAGER': 'xterm', 'COM_ICE_NETCDF_TMPL': '${ROTDIR}/${RUN}.${YMD}/${HH}/${MEMDIR}/products/ice/netcdf', '_ModuleTable008_': 'bWUiXT0iY3JheXBlLzIuNy4xNyIsWyJsb2FkT3JkZXIiXT0xNSxwcm9wVD17fSxbInN0YWNrRGVwdGgiXT0xLFsic3RhdHVzIl09ImFjdGl2ZSIsWyJ1c2VyTmFtZSJdPSJjcmF5cGUvMi43LjE3Iix9LFsiY3JheXBlLW5ldHdvcmstb2ZpIl09e1siZm4iXT0iL29wdC9jcmF5L3BlL2xtb2QvbW9kdWxlZmlsZXMvY3JheXBlLXRhcmdldHMvZGVmYXVsdC9jcmF5cGUtbmV0d29yay1vZmkubHVhIixbImZ1bGxOYW1lIl09ImNyYXlwZS1uZXR3b3JrLW9maSIsWyJsb2FkT3JkZXIiXT03LHByb3BUPXt9LFsic3RhY2tEZXB0aCJdPTIsWyJzdGF0dXMiXT0iYWN0aXZlIixbInVzZXJOYW1lIl09ImNyYXlwZS1uZXR3b3JrLW9maSIsfSxbImNyYXlwZS14ODYtcm9tZSJdPXtbImZuIl09', 'COMOUT_SNOW_ANLMON': '/lfs/h2/emc/ptmp/emc.global/RETRO_GFSv17/comroot/retrotestgfs10/gdas.20241124/18//products/snow/anlmon', 'LESS': '-M -I -R', 'PE_MPICH_GTL_LIBS_nvidia70': '-lmpi_gtl_cuda', '__LMOD_REF_COUNT_INTEL_LICENSE_FILE': '/pe/intel/compilers_and_libraries_2020.4.304/linux/licenses:1;/opt/intel/licenses:1;/intel/licenses:1', 'SMOOTH_ENKF': False, 'HISTTIMEFORMAT': '%F %T ', 'LMOD_FAMILY_COMPILER_VERSION': '19.1.3.304', 'IAU_DELTHRS_ENKF': 6, 'COM_ATMOS_GRIB_TMPL': '${ROTDIR}/${RUN}.${YMD}/${HH}/${MEMDIR}/products/atmos/grib2', 'gsl_ROOT': '/apps/ops/test/spack-stack-1.6.0-nco/envs/nco-intel-19.1.3.304/install/intel/19.1.3.304/gsl-2.7.1-kr3c4v5', 'cyc': 18, 'HOSTNAME': 'nid001057', 'COM_ICE_LETKF_TMPL': '${ROTDIR}/${RUN}.${YMD}/${HH}/${MEMDIR}/analysis/ice/letkf', 'IPPROOT': '/pe/intel/compilers_and_libraries_2020.4.304/linux/ipp', 'LMOD_SYSTEM_DEFAULT_MODULES': 'envvar/1.0', 'OLDPWD': '/u/emc.global', 'fckit_ROOT': '/apps/ops/test/spack-stack-1.6.0-nco/envs/nco-intel-19.1.3.304/install/intel/19.1.3.304/fckit-0.11.0-7qg4hhj', 'util_linux_uuid_ROOT': '/apps/ops/test/spack-stack-1.6.0-nco/envs/nco-intel-19.1.3.304/install/intel/19.1.3.304/util-linux-uuid-2.38.1-jwatqmi', 'COM_WAVE_RESTART_TMPL': '${ROTDIR}/${RUN}.${YMD}/${HH}/${MEMDIR}/model/wave/restart', 'COM_ATMOS_RESTART_TMPL': '${ROTDIR}/${RUN}.${YMD}/${HH}/${MEMDIR}/model/atmos/restart', 'PBS_O_HOME': '/u/emc.global', 'SENDSDM': False, 'COM_ATMOS_BUFR_TMPL': '${ROTDIR}/${RUN}.${YMD}/${HH}/${MEMDIR}/products/atmos/bufr', 'py_pandas_ROOT': '/apps/ops/test/spack-stack-1.6.0-nco/envs/nco-intel-19.1.3.304/install/intel/19.1.3.304/py-pandas-1.5.3-u3wc7uc', 'NMEM_ENS_GFS_OFFSET': 20, '__LMOD_REF_COUNT__LMFILES_': '/opt/cray/pe/lmod/modulefiles/craype-targets/default/craype-x86-rome.lua:1;/apps/prod/lmodules/sys_core/envvar/1.0:1;/opt/cray/pe/lmod/modulefiles/core/PrgEnv-intel/8.3.3.lua:1;/apps/prod/lmodules/core/intel/19.1.3.304.lua:1;/apps/ops/test/spack-stack-1.6.0-nco/envs/nco-intel-19.1.3.304/install/modulefiles/Core/stack-intel/19.1.3.304.lua:1;/opt/cray/modulefiles/libfabric/1.20.1:1;/opt/cray/pe/lmod/modulefiles/craype-targets/default/craype-network-ofi.lua:1;/opt/cray/pe/lmod/modulefiles/comnet/intel/19.0/ofi/1.0/cray-mpich/8.1.9.lua:1;/apps/ops/test/spack-stack-1.6.0-nco/envs/nco-intel-19.1.3.304/install/modulefiles/intel/19.1.3.304/stack-cray-mpich/8.1.9.lua:1;/apps/ops/test/spack-stack-1.6.0-nco/envs/nco-intel-19.1.3.304/install/modulefiles/intel/19.1.3.304/libxcrypt/4.4.35.lua:1;/apps/ops/test/spack-stack-1.6.0-nco/envs/nco-intel-19.1.3.304/install/modulefiles/intel/19.1.3.304/sqlite/3.43.2.lua:1;/apps/ops/test/spack-stack-1.6.0-nco/envs/nco-intel-19.1.3.304/install/modulefiles/intel/19.1.3.304/util-linux-uuid/2.38.1.lua:1;/apps/ops/test/spack-stack-1.6.0-nco/envs/nco-intel-19.1.3.304/install/modulefiles/intel/19.1.3.304/python/3.10.13.lua:1;/apps/ops/test/spack-stack-1.6.0-nco/envs/nco-intel-19.1.3.304/install/modulefiles/intel/19.1.3.304/stack-python/3.10.13.lua:1;/opt/cray/pe/lmod/modulefiles/core/craype/2.7.17.lua:1;/opt/cray/pe/lmod/modulefiles/core/cray-pals/1.3.2.lua:1;/apps/ops/test/spack-stack-1.6.0-nco/envs/nco-intel-19.1.3.304/install/modulefiles/intel/19.1.3.304/cmake/3.23.1.lua:1;/apps/ops/test/spack-stack-1.6.0-nco/envs/nco-intel-19.1.3.304/install/modulefiles/intel/19.1.3.304/pigz/2.7.lua:1;/apps/ops/test/spack-stack-1.6.0-nco/envs/nco-intel-19.1.3.304/install/modulefiles/intel/19.1.3.304/zstd/1.5.2.lua:1;/apps/ops/test/spack-stack-1.6.0-nco/envs/nco-intel-19.1.3.304/install/modulefiles/intel/19.1.3.304/tar/1.34.lua:1;/apps/ops/test/spack-stack-1.6.0-nco/envs/nco-intel-19.1.3.304/install/modulefiles/intel/19.1.3.304/gettext/0.19.7.lua:1;/apps/ops/test/spack-stack-1.6.0-nco/envs/nco-intel-19.1.3.304/install/modulefiles/intel/19.1.3.304/pcre2/10.42.lua:1;/apps/ops/test/spack-stack-1.6.0-nco/envs/nco-intel-19.1.3.304/install/modulefiles/intel/19.1.3.304/curl/8.4.0.lua:1;/apps/ops/test/spack-stack-1.6.0-nco/envs/nco-intel-19.1.3.304/install/modulefiles/intel/19.1.3.304/zlib/1.2.13.lua:1;/apps/ops/test/spack-stack-1.6.0-nco/envs/nco-intel-19.1.3.304/install/modulefiles/intel/19.1.3.304/git/2.35.3.lua:1;/apps/prod/lmodules/core/git-lfs/2.11.0:1;/apps/ops/test/spack-stack-1.6.0-nco/envs/nco-intel-19.1.3.304/install/modulefiles/intel/19.1.3.304/pkg-config/0.29.2.lua:1;/apps/ops/test/spack-stack-1.6.0-nco/envs/nco-intel-19.1.3.304/install/modulefiles/cray-mpich/8.1.9/intel/19.1.3.304/hdf5/1.14.0.lua:1;/apps/ops/test/spack-stack-1.6.0-nco/envs/nco-intel-19.1.3.304/install/modulefiles/cray-mpich/8.1.9/intel/19.1.3.304/parallel-netcdf/1.12.2.lua:1;/apps/ops/test/spack-stack-1.6.0-nco/envs/nco-intel-19.1.3.304/install/modulefiles/cray-mpich/8.1.9/intel/19.1.3.304/netcdf-c/4.9.2.lua:1;/apps/ops/test/spack-stack-1.6.0-nco/envs/nco-intel-19.1.3.304/install/modulefiles/cray-mpich/8.1.9/intel/19.1.3.304/nccmp/1.9.0.1.lua:1;/apps/ops/test/spack-stack-1.6.0-nco/envs/nco-intel-19.1.3.304/install/modulefiles/cray-mpich/8.1.9/intel/19.1.3.304/netcdf-fortran/4.6.1.lua:1;/apps/ops/test/spack-stack-1.6.0-nco/envs/nco-intel-19.1.3.304/install/modulefiles/intel/19.1.3.304/antlr/2.7.7.lua:1;/apps/ops/test/spack-stack-1.6.0-nco/envs/nco-intel-19.1.3.304/install/modulefiles/intel/19.1.3.304/gsl/2.7.1.lua:1;/apps/ops/test/spack-stack-1.6.0-nco/envs/nco-intel-19.1.3.304/install/modulefiles/cray-mpich/8.1.9/intel/19.1.3.304/nco/5.0.6.lua:1;/apps/ops/test/spack-stack-1.6.0-nco/envs/nco-intel-19.1.3.304/install/modulefiles/cray-mpich/8.1.9/intel/19.1.3.304/parallelio/2.5.10.lua:1;/apps/ops/test/spack-stack-1.6.0-nco/envs/nco-intel-19.1.3.304/install/modulefiles/intel/19.1.3.304/boost/1.83.0.lua:1;/apps/ops/test/spack-stack-1.6.0-nco/envs/nco-intel-19.1.3.304/install/modulefiles/intel/19.1.3.304/bufr/12.0.1.lua:1;/apps/ops/test/spack-stack-1.6.0-nco/envs/nco-intel-19.1.3.304/install/modulefiles/intel/19.1.3.304/ecbuild/3.7.2.lua:1;/apps/ops/test/spack-stack-1.6.0-nco/envs/nco-intel-19.1.3.304/install/modulefiles/intel/19.1.3.304/openjpeg/2.5.0.lua:1;/apps/ops/test/spack-stack-1.6.0-nco/envs/nco-intel-19.1.3.304/install/modulefiles/intel/19.1.3.304/eigen/3.4.0.lua:1;/apps/ops/test/spack-stack-1.6.0-nco/envs/nco-intel-19.1.3.304/install/modulefiles/intel/19.1.3.304/openblas/0.3.24.lua:1;/apps/ops/test/spack-stack-1.6.0-nco/envs/nco-intel-19.1.3.304/install/modulefiles/cray-mpich/8.1.9/intel/19.1.3.304/eckit/1.24.5.lua:1;/apps/ops/test/spack-stack-1.6.0-nco/envs/nco-intel-19.1.3.304/install/modulefiles/cray-mpich/8.1.9/intel/19.1.3.304/fftw/3.3.10.lua:1;/apps/ops/test/spack-stack-1.6.0-nco/envs/nco-intel-19.1.3.304/install/modulefiles/cray-mpich/8.1.9/intel/19.1.3.304/fckit/0.11.0.lua:1;/apps/ops/test/spack-stack-1.6.0-nco/envs/nco-intel-19.1.3.304/install/modulefiles/cray-mpich/8.1.9/intel/19.1.3.304/fms/2023.04.lua:1;/apps/ops/test/spack-stack-1.6.0-nco/envs/nco-intel-19.1.3.304/install/modulefiles/cray-mpich/8.1.9/intel/19.1.3.304/esmf/8.5.0.lua:1;/apps/ops/test/spack-stack-1.6.0-nco/envs/nco-intel-19.1.3.304/install/modulefiles/intel/19.1.3.304/qhull/2020.2.lua:1;/apps/ops/test/spack-stack-1.6.0-nco/envs/nco-intel-19.1.3.304/install/modulefiles/cray-mpich/8.1.9/intel/19.1.3.304/atlas/0.35.0.lua:1;/apps/ops/test/spack-stack-1.6.0-nco/envs/nco-intel-19.1.3.304/install/modulefiles/intel/19.1.3.304/sp/2.5.0.lua:1;/apps/ops/test/spack-stack-1.6.0-nco/envs/nco-intel-19.1.3.304/install/modulefiles/intel/19.1.3.304/gsl-lite/0.37.0.lua:1;/apps/ops/test/spack-stack-1.6.0-nco/envs/nco-intel-19.1.3.304/install/modulefiles/intel/19.1.3.304/libjpeg/2.1.0.lua:1;/apps/ops/test/spack-stack-1.6.0-nco/envs/nco-intel-19.1.3.304/install/modulefiles/intel/19.1.3.304/libpng/1.6.37.lua:1;/apps/ops/test/spack-stack-1.6.0-nco/envs/nco-intel-19.1.3.304/install/modulefiles/intel/19.1.3.304/libxt/1.1.5.lua:1;/apps/ops/test/spack-stack-1.6.0-nco/envs/nco-intel-19.1.3.304/install/modulefiles/intel/19.1.3.304/libxmu/1.1.4.lua:1;/apps/ops/test/spack-stack-1.6.0-nco/envs/nco-intel-19.1.3.304/install/modulefiles/intel/19.1.3.304/libxpm/3.5.12.lua:1;/apps/ops/test/spack-stack-1.6.0-nco/envs/nco-intel-19.1.3.304/install/modulefiles/intel/19.1.3.304/libxaw/1.0.13.lua:1;/apps/ops/test/spack-stack-1.6.0-nco/envs/nco-intel-19.1.3.304/install/modulefiles/intel/19.1.3.304/udunits/2.2.28.lua:1;/apps/ops/test/spack-stack-1.6.0-nco/envs/nco-intel-19.1.3.304/install/modulefiles/cray-mpich/8.1.9/intel/19.1.3.304/ncview/2.1.9.lua:1;/apps/ops/test/spack-stack-1.6.0-nco/envs/nco-intel-19.1.3.304/install/modulefiles/cray-mpich/8.1.9/intel/19.1.3.304/netcdf-cxx4/4.3.1.lua:1;/apps/ops/prod/nco/modulefiles/core/prod_util/2.0.14:1;/apps/ops/test/spack-stack-1.6.0-nco/envs/nco-intel-19.1.3.304/install/modulefiles/intel/19.1.3.304/py-setuptools/63.4.3.lua:1;/apps/ops/test/spack-stack-1.6.0-nco/envs/nco-intel-19.1.3.304/install/modulefiles/intel/19.1.3.304/py-jinja2/3.1.2.lua:1;/apps/ops/test/spack-stack-1.6.0-nco/envs/nco-intel-19.1.3.304/install/modulefiles/cray-mpich/8.1.9/intel/19.1.3.304/py-netcdf4/1.5.8.lua:1;/apps/ops/test/spack-stack-1.6.0-nco/envs/nco-intel-19.1.3.304/install/modulefiles/intel/19.1.3.304/py-pybind11/2.11.1.lua:1;/apps/ops/test/spack-stack-1.6.0-nco/envs/nco-intel-19.1.3.304/install/modulefiles/intel/19.1.3.304/py-pycodestyle/2.11.0.lua:1;/apps/ops/test/spack-stack-1.6.0-nco/envs/nco-intel-19.1.3.304/install/modulefiles/intel/19.1.3.304/libyaml/0.2.5.lua:1;/apps/ops/test/spack-stack-1.6.0-nco/envs/nco-intel-19.1.3.304/install/modulefiles/intel/19.1.3.304/py-pyyaml/5.4.1.lua:1;/apps/ops/test/spack-stack-1.6.0-nco/envs/nco-intel-19.1.3.304/install/modulefiles/intel/19.1.3.304/py-scipy/1.10.1.lua:1;/apps/ops/test/spack-stack-1.6.0-nco/envs/nco-intel-19.1.3.304/install/modulefiles/intel/19.1.3.304/py-xarray/2023.7.0.lua:1;/apps/ops/test/spack-stack-1.6.0-nco/envs/nco-intel-19.1.3.304/install/modulefiles/intel/19.1.3.304/py-f90nml/1.4.3.lua:1;/apps/ops/test/spack-stack-1.6.0-nco/envs/nco-intel-19.1.3.304/install/modulefiles/intel/19.1.3.304/py-pip/23.1.2.lua:1;/apps/ops/test/spack-stack-1.6.0-nco/envs/nco-intel-19.1.3.304/install/modulefiles/intel/19.1.3.304/py-bottleneck/1.3.7.lua:1;/apps/ops/test/spack-stack-1.6.0-nco/envs/nco-intel-19.1.3.304/install/modulefiles/intel/19.1.3.304/py-numexpr/2.8.4.lua:1;/apps/ops/test/spack-stack-1.6.0-nco/envs/nco-intel-19.1.3.304/install/modulefiles/intel/19.1.3.304/py-six/1.16.0.lua:1;/apps/ops/test/spack-stack-1.6.0-nco/envs/nco-intel-19.1.3.304/install/modulefiles/intel/19.1.3.304/py-python-dateutil/2.8.2.lua:1;/apps/ops/test/spack-stack-1.6.0-nco/envs/nco-intel-19.1.3.304/install/modulefiles/intel/19.1.3.304/py-pytz/2023.3.lua:1;/apps/ops/test/spack-stack-1.6.0-nco/envs/nco-intel-19.1.3.304/install/modulefiles/intel/19.1.3.304/py-pandas/1.5.3.lua:1;/apps/ops/test/spack-stack-1.6.0-nco/envs/nco-intel-19.1.3.304/install/modulefiles/intel/19.1.3.304/py-markupsafe/2.1.3.lua:1;/apps/ops/test/spack-stack-1.6.0-nco/envs/nco-intel-19.1.3.304/install/modulefiles/intel/19.1.3.304/py-numpy/1.24.4.lua:1;/apps/ops/test/spack-stack-1.6.0-nco/envs/nco-intel-19.1.3.304/install/modulefiles/intel/19.1.3.304/py-cftime/1.0.3.4.lua:1;/apps/ops/test/spack-stack-1.6.0-nco/envs/nco-intel-19.1.3.304/install/modulefiles/intel/19.1.3.304/py-packaging/23.1.lua:1;/lfs/h2/emc/global/noscrub/emc.global/RETRO_GFSv17/git/global-workflow/develop_20250602/sorc/gdas.cd/modulefiles/GDAS/wcoss2.intel.lua:1', 'CONFIG_SITE': '', 'CSHEDIT': 'emacs', 'cmake_ROOT': '/apps/ops/test/spack-stack-1.6.0-nco/envs/nco-intel-19.1.3.304/install/intel/19.1.3.304/cmake-3.23.1-chpcsen', 'DO_ARCHCOM': True, 'DO_FIT2OBS': True, 'DO_ICE': True, 'CHGRP_CMD': 'chgrp rstprod', 'DO_NEST': False, 'LMOD_CUSTOM_CNCM_INTEL_19_0_UCX_1_0_X86_ROME_1_0_CRAY_MPICH_8_0_PREFIX': '/apps/prod/lmodules/INTEL_cray_mpich/19.1.3.304/cray-mpich/8.1.4:/apps/ops/prod/libs/modulefiles/mpi/intel/19.1.3.304/cray-mpich/8.1.4', 'PBS_JOBID': datetime.datetime(4605, 12, 31, 0, 0), 'LMOD_CUSTOM_COMPILER_GNU_8_0_PREFIX': '/apps/prod/lmodules/gcc/11.2.0:/apps/prod/lmodules/gcc/10.2.0', 'ENVIRONMENT': 'BATCH', 'DO_AERO_FCST': False, 'GPG_TTY': 'not a tty', 'LESS_ADVANCED_PREPROCESSOR': False, 'DOLETKF_OCN': False, 'PARMgfs': '/lfs/h2/emc/global/noscrub/emc.global/RETRO_GFSv17/git/global-workflow/develop_20250602/parm', 'COM_WAVE_PREP_TMPL': '${ROTDIR}/${RUN}.${YMD}/${HH}/${MEMDIR}/model/wave/prep', 'py_numexpr_ROOT': '/apps/ops/test/spack-stack-1.6.0-nco/envs/nco-intel-19.1.3.304/install/intel/19.1.3.304/py-numexpr-2.8.4-2rtg4mi', 'SERIAL_FC': 'ftn', 'GSL_ROOT_DIR': '/apps/ops/test/spack-stack-1.6.0-nco/envs/nco-intel-19.1.3.304/install/intel/19.1.3.304/gsl-2.7.1-kr3c4v5', 'DO_FETCH_HPSS': False, 'BASE_ENV': '/lfs/h2/emc/global/noscrub/emc.global/RETRO_GFSv17/git/global-workflow/develop_20250602/env', 'NLN': '/bin/ln -sf', 'nst_anl': True, 'COLORTERM': 1, 'job': 'anlstat', 'RESERVATION': '', 'hdf5_ROOT': '/apps/ops/test/spack-stack-1.6.0-nco/envs/nco-intel-19.1.3.304/install/intel/19.1.3.304/hdf5-1.14.0-yckaywr', 'BUFR_ROOT': '/apps/ops/test/spack-stack-1.6.0-nco/envs/nco-intel-19.1.3.304/install/intel/19.1.3.304/bufr-12.0.1-tirva7g', '_ModuleTable039_': 'YTIvMy4xLjIiLFsibG9hZE9yZGVyIl09NjMscHJvcFQ9e30sWyJzdGFja0RlcHRoIl09MSxbInN0YXR1cyJdPSJhY3RpdmUiLFsidXNlck5hbWUiXT0icHktamluamEyLzMuMS4yIix9LFsicHktbWFya3Vwc2FmZSJdPXtbImZuIl09Ii9hcHBzL29wcy90ZXN0L3NwYWNrLXN0YWNrLTEuNi4wLW5jby9lbnZzL25jby1pbnRlbC0xOS4xLjMuMzA0L2luc3RhbGwvbW9kdWxlZmlsZXMvaW50ZWwvMTkuMS4zLjMwNC9weS1tYXJrdXBzYWZlLzIuMS4zLmx1YSIsWyJmdWxsTmFtZSJdPSJweS1tYXJrdXBzYWZlLzIuMS4zIixbImxvYWRPcmRlciJdPTc5LHByb3BUPXt9LFsic3RhY2tEZXB0aCJdPTEsWyJzdGF0dXMiXT0iYWN0aXZlIixbInVzZXJOYW1lIl09InB5LW1hcmt1cHNhZmUv', 'PBS_JOBNAME': 'retrotestgfs10_gdas_anlstat_18', 'COM_CHEM_HISTORY_TMPL': '${ROTDIR}/${RUN}.${YMD}/${HH}/${MEMDIR}/model/chem/history', 'COM_OBSPROC_TMPL': '${DMPDIR}/${RUN}${DUMP_SUFFIX}.${YMD}/${HH}/atmos', 'NCPUS': 1, '_ModuleTable007_': 'LjkiLFsibG9hZE9yZGVyIl09OCxwcm9wVD17fSxbInN0YWNrRGVwdGgiXT0yLFsic3RhdHVzIl09ImFjdGl2ZSIsWyJ1c2VyTmFtZSJdPSJjcmF5LW1waWNoLzguMS45Iix9LFsiY3JheS1wYWxzIl09e1siZm4iXT0iL29wdC9jcmF5L3BlL2xtb2QvbW9kdWxlZmlsZXMvY29yZS9jcmF5LXBhbHMvMS4zLjIubHVhIixbImZ1bGxOYW1lIl09ImNyYXktcGFscy8xLjMuMiIsWyJsb2FkT3JkZXIiXT0xNixwcm9wVD17fSxbInN0YWNrRGVwdGgiXT0xLFsic3RhdHVzIl09ImFjdGl2ZSIsWyJ1c2VyTmFtZSJdPSJjcmF5LXBhbHMvMS4zLjIiLH0sY3JheXBlPXtbImZuIl09Ii9vcHQvY3JheS9wZS9sbW9kL21vZHVsZWZpbGVzL2NvcmUvY3JheXBlLzIuNy4xNy5sdWEiLFsiZnVsbE5h', 'ntasks': 20, 'boost_ROOT': '/apps/ops/test/spack-stack-1.6.0-nco/envs/nco-intel-19.1.3.304/install/intel/19.1.3.304/boost-1.83.0-nqtmt7k', 'nccmp_ROOT': '/apps/ops/test/spack-stack-1.6.0-nco/envs/nco-intel-19.1.3.304/install/intel/19.1.3.304/nccmp-1.9.0.1-dnptqlr', 'max_tasks_per_node': 128, 'OUTPUT_GRID': 'gaussian_grid', 'EXPDIR': '/lfs/h2/emc/global/noscrub/emc.global/RETRO_GFSv17/expdir/retrotestgfs10', 'COM_OBS_JEDI': '${ROTDIR}/${RUN}.${YMD}/${HH}/${MEMDIR}/obs_jedi', '__LMOD_REF_COUNT_NLSPATH': '/pe/intel/compilers_and_libraries_2020.4.304/linux/compiler/lib/intel64/locale/%l_%t/%N:1;/pe/intel/compilers_and_libraries_2020.4.304/linux/mkl/lib/intel64_lin/locale/%l_%t/%N:1;/pe/intel/debugger_2020/gdb/intel64/share/locale/%l_%t/%N:1', 'FHMIN': 0, '_ModuleTable026_': 'Y2tEZXB0aCJdPTIsWyJzdGF0dXMiXT0iYWN0aXZlIixbInVzZXJOYW1lIl09ImxpYnlhbWwvMC4yLjUiLH0sbmNjbXA9e1siZm4iXT0iL2FwcHMvb3BzL3Rlc3Qvc3BhY2stc3RhY2stMS42LjAtbmNvL2VudnMvbmNvLWludGVsLTE5LjEuMy4zMDQvaW5zdGFsbC9tb2R1bGVmaWxlcy9jcmF5LW1waWNoLzguMS45L2ludGVsLzE5LjEuMy4zMDQvbmNjbXAvMS45LjAuMS5sdWEiLFsiZnVsbE5hbWUiXT0ibmNjbXAvMS45LjAuMSIsWyJsb2FkT3JkZXIiXT0zMSxwcm9wVD17fSxbInN0YWNrRGVwdGgiXT0xLFsic3RhdHVzIl09ImFjdGl2ZSIsWyJ1c2VyTmFtZSJdPSJuY2NtcC8xLjkuMC4xIix9LG5jbz17WyJmbiJdPSIvYXBwcy9vcHMvdGVzdC9zcGFjay1zdGFjay0xLjYuMC1u', 'py_packaging_ROOT': '/apps/ops/test/spack-stack-1.6.0-nco/envs/nco-intel-19.1.3.304/install/intel/19.1.3.304/py-packaging-23.1-2qpd5mc', 'LMOD_FAMILY_CRAYPE_NETWORK': 'craype-network-ofi', 'VERBOSE': True, 'LMOD_FAMILY_CRAYPE_VERSION': '2.7.17', 'NHOUR': '/apps/ops/prod/nco/core/prod_util.v2.0.14/exec/nhour', 'FHMAX_GFS': 384, 'DO_STARTMEM_FROM_JEDIICE': True, 'memory': '90GB', 'DYLD_LIBRARY_PATH': '/apps/ops/test/spack-stack-1.6.0-nco/envs/nco-intel-19.1.3.304/install/intel/19.1.3.304/py-packaging-23.1-2qpd5mc/lib:/apps/ops/test/spack-stack-1.6.0-nco/envs/nco-intel-19.1.3.304/install/intel/19.1.3.304/py-cftime-1.0.3.4-dka7hny/lib:/apps/ops/test/spack-stack-1.6.0-nco/envs/nco-intel-19.1.3.304/install/intel/19.1.3.304/py-numpy-1.24.4-yosem2k/lib:/apps/ops/test/spack-stack-1.6.0-nco/envs/nco-intel-19.1.3.304/install/intel/19.1.3.304/py-markupsafe-2.1.3-45ywjnp/lib:/apps/ops/test/spack-stack-1.6.0-nco/envs/nco-intel-19.1.3.304/install/intel/19.1.3.304/py-pandas-1.5.3-u3wc7uc/lib:/apps/ops/test/spack-stack-1.6.0-nco/envs/nco-intel-19.1.3.304/install/intel/19.1.3.304/py-pytz-2023.3-yebggst/lib:/apps/ops/test/spack-stack-1.6.0-nco/envs/nco-intel-19.1.3.304/install/intel/19.1.3.304/py-python-dateutil-2.8.2-mes6fwe/lib:/apps/ops/test/spack-stack-1.6.0-nco/envs/nco-intel-19.1.3.304/install/intel/19.1.3.304/py-six-1.16.0-u4sv6sb/lib:/apps/ops/test/spack-stack-1.6.0-nco/envs/nco-intel-19.1.3.304/install/intel/19.1.3.304/py-numexpr-2.8.4-2rtg4mi/lib:/apps/ops/test/spack-stack-1.6.0-nco/envs/nco-intel-19.1.3.304/install/intel/19.1.3.304/py-bottleneck-1.3.7-oolvw5k/lib:/apps/ops/test/spack-stack-1.6.0-nco/envs/nco-intel-19.1.3.304/install/intel/19.1.3.304/py-pip-23.1.2-ohrscnx/lib:/apps/ops/test/spack-stack-1.6.0-nco/envs/nco-intel-19.1.3.304/install/intel/19.1.3.304/py-f90nml-1.4.3-rizmifn/lib:/apps/ops/test/spack-stack-1.6.0-nco/envs/nco-intel-19.1.3.304/install/intel/19.1.3.304/py-xarray-2023.7.0-jj7syqa/lib:/apps/ops/test/spack-stack-1.6.0-nco/envs/nco-intel-19.1.3.304/install/intel/19.1.3.304/py-scipy-1.10.1-236sa7x/lib:/apps/ops/test/spack-stack-1.6.0-nco/envs/nco-intel-19.1.3.304/install/intel/19.1.3.304/py-pyyaml-5.4.1-afvmuaf/lib:/apps/ops/test/spack-stack-1.6.0-nco/envs/nco-intel-19.1.3.304/install/intel/19.1.3.304/libyaml-0.2.5-ygjrdvo/lib:/apps/ops/test/spack-stack-1.6.0-nco/envs/nco-intel-19.1.3.304/install/intel/19.1.3.304/py-pycodestyle-2.11.0-bh2jlm5/lib:/apps/ops/test/spack-stack-1.6.0-nco/envs/nco-intel-19.1.3.304/install/intel/19.1.3.304/py-pybind11-2.11.1-wdb6paz/lib:/apps/ops/test/spack-stack-1.6.0-nco/envs/nco-intel-19.1.3.304/install/intel/19.1.3.304/py-netcdf4-1.5.8-6kubnk6/lib:/apps/ops/test/spack-stack-1.6.0-nco/envs/nco-intel-19.1.3.304/install/intel/19.1.3.304/py-jinja2-3.1.2-vbbttij/lib:/apps/ops/test/spack-stack-1.6.0-nco/envs/nco-intel-19.1.3.304/install/intel/19.1.3.304/py-setuptools-63.4.3-rg7efar/lib:/apps/ops/test/spack-stack-1.6.0-nco/envs/nco-intel-19.1.3.304/install/intel/19.1.3.304/netcdf-cxx4-4.3.1-lp7tiyf/lib:/apps/ops/test/spack-stack-1.6.0-nco/envs/nco-intel-19.1.3.304/install/intel/19.1.3.304/udunits-2.2.28-wmjzel4/lib:/apps/ops/test/spack-stack-1.6.0-nco/envs/nco-intel-19.1.3.304/install/intel/19.1.3.304/libxaw-1.0.13-gdstphl/lib:/apps/ops/test/spack-stack-1.6.0-nco/envs/nco-intel-19.1.3.304/install/intel/19.1.3.304/libxpm-3.5.12-dcjsyoi/lib:/apps/ops/test/spack-stack-1.6.0-nco/envs/nco-intel-19.1.3.304/install/intel/19.1.3.304/libxmu-1.1.4-xhe6hjc/lib:/apps/ops/test/spack-stack-1.6.0-nco/envs/nco-intel-19.1.3.304/install/intel/19.1.3.304/libxt-1.1.5-r2mrglu/lib:/apps/ops/test/spack-stack-1.6.0-nco/envs/nco-intel-19.1.3.304/install/intel/19.1.3.304/libpng-1.6.37-3sds4er/lib64:/apps/ops/test/spack-stack-1.6.0-nco/envs/nco-intel-19.1.3.304/install/intel/19.1.3.304/libpng-1.6.37-3sds4er/lib:/apps/ops/test/spack-stack-1.6.0-nco/envs/nco-intel-19.1.3.304/install/intel/19.1.3.304/libjpeg-turbo-2.1.0-rt44pqr/lib64:/apps/ops/test/spack-stack-1.6.0-nco/envs/nco-intel-19.1.3.304/install/intel/19.1.3.304/gsl-lite-0.37.0-7zi7wss/lib64:/apps/ops/test/spack-stack-1.6.0-nco/envs/nco-intel-19.1.3.304/install/intel/19.1.3.304/sp-2.5.0-rhcyr64/lib64:/apps/ops/test/spack-stack-1.6.0-nco/envs/nco-intel-19.1.3.304/install/intel/19.1.3.304/ecmwf-atlas-0.35.0-42ufhdx/lib64:/apps/ops/test/spack-stack-1.6.0-nco/envs/nco-intel-19.1.3.304/install/intel/19.1.3.304/qhull-2020.2-5ycwudw/lib:/apps/ops/test/spack-stack-1.6.0-nco/envs/nco-intel-19.1.3.304/install/intel/19.1.3.304/esmf-8.5.0-7huplmy/lib:/apps/ops/test/spack-stack-1.6.0-nco/envs/nco-intel-19.1.3.304/install/intel/19.1.3.304/fms-2023.04-utbqnz3/lib:/apps/ops/test/spack-stack-1.6.0-nco/envs/nco-intel-19.1.3.304/install/intel/19.1.3.304/fckit-0.11.0-7qg4hhj/lib64:/apps/ops/test/spack-stack-1.6.0-nco/envs/nco-intel-19.1.3.304/install/intel/19.1.3.304/fftw-3.3.10-sefnta3/lib:/apps/ops/test/spack-stack-1.6.0-nco/envs/nco-intel-19.1.3.304/install/intel/19.1.3.304/eckit-1.24.5-isrgc5y/lib64:/apps/ops/test/spack-stack-1.6.0-nco/envs/nco-intel-19.1.3.304/install/intel/19.1.3.304/openblas-0.3.24-7qwu32e/lib:/apps/ops/test/spack-stack-1.6.0-nco/envs/nco-intel-19.1.3.304/install/intel/19.1.3.304/openjpeg-2.5.0-ulqgnem/lib:/apps/ops/test/spack-stack-1.6.0-nco/envs/nco-intel-19.1.3.304/install/intel/19.1.3.304/ecbuild-3.7.2-ovbazu2/lib64:/apps/ops/test/spack-stack-1.6.0-nco/envs/nco-intel-19.1.3.304/install/intel/19.1.3.304/bufr-12.0.1-tirva7g/lib64:/apps/ops/test/spack-stack-1.6.0-nco/envs/nco-intel-19.1.3.304/install/intel/19.1.3.304/bufr-12.0.1-tirva7g/lib:/apps/ops/test/spack-stack-1.6.0-nco/envs/nco-intel-19.1.3.304/install/intel/19.1.3.304/boost-1.83.0-nqtmt7k/lib:/apps/ops/test/spack-stack-1.6.0-nco/envs/nco-intel-19.1.3.304/install/intel/19.1.3.304/parallelio-2.5.10-3rkk43u/lib:/apps/ops/test/spack-stack-1.6.0-nco/envs/nco-intel-19.1.3.304/install/intel/19.1.3.304/nco-5.0.6-6ykwuoz/lib:/apps/ops/test/spack-stack-1.6.0-nco/envs/nco-intel-19.1.3.304/install/intel/19.1.3.304/gsl-2.7.1-kr3c4v5/lib:/apps/ops/test/spack-stack-1.6.0-nco/envs/nco-intel-19.1.3.304/install/intel/19.1.3.304/antlr-2.7.7-hoqq24u/lib:/apps/ops/test/spack-stack-1.6.0-nco/envs/nco-intel-19.1.3.304/install/intel/19.1.3.304/netcdf-fortran-4.6.1-b4geqvx/lib:/apps/ops/test/spack-stack-1.6.0-nco/envs/nco-intel-19.1.3.304/install/intel/19.1.3.304/netcdf-c-4.9.2-bcln2jr/lib:/apps/ops/test/spack-stack-1.6.0-nco/envs/nco-intel-19.1.3.304/install/intel/19.1.3.304/parallel-netcdf-1.12.2-77j7vnx/lib:/apps/ops/test/spack-stack-1.6.0-nco/envs/nco-intel-19.1.3.304/install/intel/19.1.3.304/hdf5-1.14.0-yckaywr/lib:/apps/ops/test/spack-stack-1.6.0-nco/envs/nco-intel-19.1.3.304/install/intel/19.1.3.304/zlib-1.2.13-yoc3h4p/lib:/apps/ops/test/spack-stack-1.6.0-nco/envs/nco-intel-19.1.3.304/install/intel/19.1.3.304/curl-8.4.0-zr7lvkw/lib:/apps/ops/test/spack-stack-1.6.0-nco/envs/nco-intel-19.1.3.304/install/intel/19.1.3.304/pcre2-10.42-utn3zxn/lib:/apps/ops/test/spack-stack-1.6.0-nco/envs/nco-intel-19.1.3.304/install/intel/19.1.3.304/gettext-0.19.7-2fi4wu4/lib:/apps/ops/test/spack-stack-1.6.0-nco/envs/nco-intel-19.1.3.304/install/intel/19.1.3.304/zstd-1.5.2-pe6gdyf/lib:/apps/ops/test/spack-stack-1.6.0-nco/envs/nco-intel-19.1.3.304/install/intel/19.1.3.304/python-3.10.13-qzt4y2i/lib:/apps/ops/test/spack-stack-1.6.0-nco/envs/nco-intel-19.1.3.304/install/intel/19.1.3.304/util-linux-uuid-2.38.1-jwatqmi/lib:/apps/ops/test/spack-stack-1.6.0-nco/envs/nco-intel-19.1.3.304/install/intel/19.1.3.304/sqlite-3.43.2-onahail/lib:/apps/ops/test/spack-stack-1.6.0-nco/envs/nco-intel-19.1.3.304/install/intel/19.1.3.304/libxcrypt-4.4.35-soueqga/lib', 'MACHTYPE': 'x86_64-suse-linux', 'FIXreg2grb2': '/lfs/h2/emc/global/noscrub/emc.global/RETRO_GFSv17/git/global-workflow/develop_20250602/fix/reg2grb2', 'COM_WAVE_GEMPAK_TMPL': '${ROTDIR}/${RUN}.${YMD}/${HH}/${MEMDIR}/products/wave/gempak', '__LMOD_REF_COUNT_LD_LIBRARY_PATH': '/apps/ops/test/spack-stack-1.6.0-nco/envs/nco-intel-19.1.3.304/install/intel/19.1.3.304/py-packaging-23.1-2qpd5mc/lib:1;/apps/ops/test/spack-stack-1.6.0-nco/envs/nco-intel-19.1.3.304/install/intel/19.1.3.304/py-cftime-1.0.3.4-dka7hny/lib:1;/apps/ops/test/spack-stack-1.6.0-nco/envs/nco-intel-19.1.3.304/install/intel/19.1.3.304/py-numpy-1.24.4-yosem2k/lib:1;/apps/ops/test/spack-stack-1.6.0-nco/envs/nco-intel-19.1.3.304/install/intel/19.1.3.304/py-markupsafe-2.1.3-45ywjnp/lib:1;/apps/ops/test/spack-stack-1.6.0-nco/envs/nco-intel-19.1.3.304/install/intel/19.1.3.304/py-pandas-1.5.3-u3wc7uc/lib:1;/apps/ops/test/spack-stack-1.6.0-nco/envs/nco-intel-19.1.3.304/install/intel/19.1.3.304/py-pytz-2023.3-yebggst/lib:1;/apps/ops/test/spack-stack-1.6.0-nco/envs/nco-intel-19.1.3.304/install/intel/19.1.3.304/py-python-dateutil-2.8.2-mes6fwe/lib:1;/apps/ops/test/spack-stack-1.6.0-nco/envs/nco-intel-19.1.3.304/install/intel/19.1.3.304/py-six-1.16.0-u4sv6sb/lib:1;/apps/ops/test/spack-stack-1.6.0-nco/envs/nco-intel-19.1.3.304/install/intel/19.1.3.304/py-numexpr-2.8.4-2rtg4mi/lib:1;/apps/ops/test/spack-stack-1.6.0-nco/envs/nco-intel-19.1.3.304/install/intel/19.1.3.304/py-bottleneck-1.3.7-oolvw5k/lib:1;/apps/ops/test/spack-stack-1.6.0-nco/envs/nco-intel-19.1.3.304/install/intel/19.1.3.304/py-pip-23.1.2-ohrscnx/lib:1;/apps/ops/test/spack-stack-1.6.0-nco/envs/nco-intel-19.1.3.304/install/intel/19.1.3.304/py-f90nml-1.4.3-rizmifn/lib:1;/apps/ops/test/spack-stack-1.6.0-nco/envs/nco-intel-19.1.3.304/install/intel/19.1.3.304/py-xarray-2023.7.0-jj7syqa/lib:1;/apps/ops/test/spack-stack-1.6.0-nco/envs/nco-intel-19.1.3.304/install/intel/19.1.3.304/py-scipy-1.10.1-236sa7x/lib:1;/apps/ops/test/spack-stack-1.6.0-nco/envs/nco-intel-19.1.3.304/install/intel/19.1.3.304/py-pyyaml-5.4.1-afvmuaf/lib:1;/apps/ops/test/spack-stack-1.6.0-nco/envs/nco-intel-19.1.3.304/install/intel/19.1.3.304/libyaml-0.2.5-ygjrdvo/lib:1;/apps/ops/test/spack-stack-1.6.0-nco/envs/nco-intel-19.1.3.304/install/intel/19.1.3.304/py-pycodestyle-2.11.0-bh2jlm5/lib:1;/apps/ops/test/spack-stack-1.6.0-nco/envs/nco-intel-19.1.3.304/install/intel/19.1.3.304/py-pybind11-2.11.1-wdb6paz/lib:1;/apps/ops/test/spack-stack-1.6.0-nco/envs/nco-intel-19.1.3.304/install/intel/19.1.3.304/py-netcdf4-1.5.8-6kubnk6/lib:1;/apps/ops/test/spack-stack-1.6.0-nco/envs/nco-intel-19.1.3.304/install/intel/19.1.3.304/py-jinja2-3.1.2-vbbttij/lib:1;/apps/ops/test/spack-stack-1.6.0-nco/envs/nco-intel-19.1.3.304/install/intel/19.1.3.304/py-setuptools-63.4.3-rg7efar/lib:1;/apps/ops/test/spack-stack-1.6.0-nco/envs/nco-intel-19.1.3.304/install/intel/19.1.3.304/netcdf-cxx4-4.3.1-lp7tiyf/lib:1;/apps/ops/test/spack-stack-1.6.0-nco/envs/nco-intel-19.1.3.304/install/intel/19.1.3.304/udunits-2.2.28-wmjzel4/lib:1;/apps/ops/test/spack-stack-1.6.0-nco/envs/nco-intel-19.1.3.304/install/intel/19.1.3.304/libxaw-1.0.13-gdstphl/lib:1;/apps/ops/test/spack-stack-1.6.0-nco/envs/nco-intel-19.1.3.304/install/intel/19.1.3.304/libxpm-3.5.12-dcjsyoi/lib:1;/apps/ops/test/spack-stack-1.6.0-nco/envs/nco-intel-19.1.3.304/install/intel/19.1.3.304/libxmu-1.1.4-xhe6hjc/lib:1;/apps/ops/test/spack-stack-1.6.0-nco/envs/nco-intel-19.1.3.304/install/intel/19.1.3.304/libxt-1.1.5-r2mrglu/lib:1;/apps/ops/test/spack-stack-1.6.0-nco/envs/nco-intel-19.1.3.304/install/intel/19.1.3.304/libpng-1.6.37-3sds4er/lib64:1;/apps/ops/test/spack-stack-1.6.0-nco/envs/nco-intel-19.1.3.304/install/intel/19.1.3.304/libpng-1.6.37-3sds4er/lib:1;/apps/ops/test/spack-stack-1.6.0-nco/envs/nco-intel-19.1.3.304/install/intel/19.1.3.304/libjpeg-turbo-2.1.0-rt44pqr/lib64:1;/apps/ops/test/spack-stack-1.6.0-nco/envs/nco-intel-19.1.3.304/install/intel/19.1.3.304/gsl-lite-0.37.0-7zi7wss/lib64:1;/apps/ops/test/spack-stack-1.6.0-nco/envs/nco-intel-19.1.3.304/install/intel/19.1.3.304/sp-2.5.0-rhcyr64/lib64:1;/apps/ops/test/spack-stack-1.6.0-nco/envs/nco-intel-19.1.3.304/install/intel/19.1.3.304/ecmwf-atlas-0.35.0-42ufhdx/lib64:1;/apps/ops/test/spack-stack-1.6.0-nco/envs/nco-intel-19.1.3.304/install/intel/19.1.3.304/qhull-2020.2-5ycwudw/lib:1;/apps/ops/test/spack-stack-1.6.0-nco/envs/nco-intel-19.1.3.304/install/intel/19.1.3.304/esmf-8.5.0-7huplmy/lib:1;/apps/ops/test/spack-stack-1.6.0-nco/envs/nco-intel-19.1.3.304/install/intel/19.1.3.304/fms-2023.04-utbqnz3/lib:1;/apps/ops/test/spack-stack-1.6.0-nco/envs/nco-intel-19.1.3.304/install/intel/19.1.3.304/fckit-0.11.0-7qg4hhj/lib64:1;/apps/ops/test/spack-stack-1.6.0-nco/envs/nco-intel-19.1.3.304/install/intel/19.1.3.304/fftw-3.3.10-sefnta3/lib:1;/apps/ops/test/spack-stack-1.6.0-nco/envs/nco-intel-19.1.3.304/install/intel/19.1.3.304/eckit-1.24.5-isrgc5y/lib64:1;/apps/ops/test/spack-stack-1.6.0-nco/envs/nco-intel-19.1.3.304/install/intel/19.1.3.304/openblas-0.3.24-7qwu32e/lib:1;/apps/ops/test/spack-stack-1.6.0-nco/envs/nco-intel-19.1.3.304/install/intel/19.1.3.304/openjpeg-2.5.0-ulqgnem/lib:1;/apps/ops/test/spack-stack-1.6.0-nco/envs/nco-intel-19.1.3.304/install/intel/19.1.3.304/ecbuild-3.7.2-ovbazu2/lib64:1;/apps/ops/test/spack-stack-1.6.0-nco/envs/nco-intel-19.1.3.304/install/intel/19.1.3.304/bufr-12.0.1-tirva7g/lib64:1;/apps/ops/test/spack-stack-1.6.0-nco/envs/nco-intel-19.1.3.304/install/intel/19.1.3.304/bufr-12.0.1-tirva7g/lib:1;/apps/ops/test/spack-stack-1.6.0-nco/envs/nco-intel-19.1.3.304/install/intel/19.1.3.304/boost-1.83.0-nqtmt7k/lib:1;/apps/ops/test/spack-stack-1.6.0-nco/envs/nco-intel-19.1.3.304/install/intel/19.1.3.304/parallelio-2.5.10-3rkk43u/lib:1;/apps/ops/test/spack-stack-1.6.0-nco/envs/nco-intel-19.1.3.304/install/intel/19.1.3.304/nco-5.0.6-6ykwuoz/lib:1;/apps/ops/test/spack-stack-1.6.0-nco/envs/nco-intel-19.1.3.304/install/intel/19.1.3.304/gsl-2.7.1-kr3c4v5/lib:1;/apps/ops/test/spack-stack-1.6.0-nco/envs/nco-intel-19.1.3.304/install/intel/19.1.3.304/antlr-2.7.7-hoqq24u/lib:1;/apps/ops/test/spack-stack-1.6.0-nco/envs/nco-intel-19.1.3.304/install/intel/19.1.3.304/netcdf-fortran-4.6.1-b4geqvx/lib:1;/apps/ops/test/spack-stack-1.6.0-nco/envs/nco-intel-19.1.3.304/install/intel/19.1.3.304/netcdf-c-4.9.2-bcln2jr/lib:1;/apps/ops/test/spack-stack-1.6.0-nco/envs/nco-intel-19.1.3.304/install/intel/19.1.3.304/parallel-netcdf-1.12.2-77j7vnx/lib:1;/apps/ops/test/spack-stack-1.6.0-nco/envs/nco-intel-19.1.3.304/install/intel/19.1.3.304/zlib-1.2.13-yoc3h4p/lib:1;/apps/ops/test/spack-stack-1.6.0-nco/envs/nco-intel-19.1.3.304/install/intel/19.1.3.304/curl-8.4.0-zr7lvkw/lib:1;/apps/ops/test/spack-stack-1.6.0-nco/envs/nco-intel-19.1.3.304/install/intel/19.1.3.304/pcre2-10.42-utn3zxn/lib:1;/apps/ops/test/spack-stack-1.6.0-nco/envs/nco-intel-19.1.3.304/install/intel/19.1.3.304/gettext-0.19.7-2fi4wu4/lib:1;/apps/ops/test/spack-stack-1.6.0-nco/envs/nco-intel-19.1.3.304/install/intel/19.1.3.304/zstd-1.5.2-pe6gdyf/lib:1;/apps/ops/test/spack-stack-1.6.0-nco/envs/nco-intel-19.1.3.304/install/intel/19.1.3.304/python-3.10.13-qzt4y2i/lib:1;/apps/ops/test/spack-stack-1.6.0-nco/envs/nco-intel-19.1.3.304/install/intel/19.1.3.304/util-linux-uuid-2.38.1-jwatqmi/lib:1;/apps/ops/test/spack-stack-1.6.0-nco/envs/nco-intel-19.1.3.304/install/intel/19.1.3.304/sqlite-3.43.2-onahail/lib:1;/apps/ops/test/spack-stack-1.6.0-nco/envs/nco-intel-19.1.3.304/install/intel/19.1.3.304/libxcrypt-4.4.35-soueqga/lib:1;/opt/cray/lib64:1;/pe/intel/compilers_and_libraries_2020.4.304/linux/compiler/lib/intel64_lin:1;/pe/intel/compilers_and_libraries_2020.4.304/linux/mpi/intel64/lib/release:1;/pe/intel/compilers_and_libraries_2020.4.304/linux/mpi/intel64/lib:1;/pe/intel/compilers_and_libraries_2020.4.304/linux/ipp/lib/intel64:1;/pe/intel/compilers_and_libraries_2020.4.304/linux/mkl/lib/intel64_lin:1;/pe/intel/compilers_and_libraries_2020.4.304/linux/tbb/lib/intel64/gcc4.8:1;/pe/intel/debugger_2020/python/intel64/lib:1;/pe/intel/debugger_2020/libipt/intel64/lib:1;/lfs/h2/emc/global/noscrub/emc.global/RETRO_GFSv17/git/global-workflow/develop_20250602/sorc/gdas.cd/build/lib:1;/opt/cray/pe/mpich/8.1.19/ofi/intel/19.0/lib:1;/apps/ops/test/spack-stack-1.6.0-nco/envs/nco-intel-19.1.3.304/install/intel/19.1.3.304/hdf5-1.14.0-yckaywr/lib:2', 'COM_OCEAN_LETKF_TMPL': '${ROTDIR}/${RUN}.${YMD}/${HH}/${MEMDIR}/analysis/ocean/letkf', 'EDATE': datetime.datetime(2025, 1, 16, 0, 0), '_ModuleTable049_': 'L2FwcHMvb3BzL3Rlc3Qvc3BhY2stc3RhY2stMS42LjAtbmNvL2VudnMvbmNvLWludGVsLTE5LjEuMy4zMDQvaW5zdGFsbC9tb2R1bGVmaWxlcy9pbnRlbC8xOS4xLjMuMzA0L3B5LXNldHVwdG9vbHMvNjMuNC4zLmx1YSIsWyJmdWxsTmFtZSJdPSJweS1zZXR1cHRvb2xzLzYzLjQuMyIsWyJsb2FkT3JkZXIiXT02Mixwcm9wVD17fSxbInJlZl9jb3VudCJdPTIsWyJzdGFja0RlcHRoIl09MSxbInN0YXR1cyJdPSJhY3RpdmUiLFsidXNlck5hbWUiXT0icHktc2V0dXB0b29scy82My40LjMiLH0sWyJweS1zaXgiXT17WyJmbiJdPSIvYXBwcy9vcHMvdGVzdC9zcGFjay1zdGFjay0xLjYuMC1uY28vZW52cy9uY28taW50ZWwtMTkuMS4zLjMwNC9pbnN0YWxsL21vZHVsZWZpbGVzL2lu', '__LMOD_REF_COUNT_PKG_CONFIG_PATH': '/apps/ops/test/spack-stack-1.6.0-nco/envs/nco-intel-19.1.3.304/install/intel/19.1.3.304/libyaml-0.2.5-ygjrdvo/lib/pkgconfig:2;/apps/ops/test/spack-stack-1.6.0-nco/envs/nco-intel-19.1.3.304/install/intel/19.1.3.304/py-pybind11-2.11.1-wdb6paz/share/pkgconfig:1;/apps/ops/test/spack-stack-1.6.0-nco/envs/nco-intel-19.1.3.304/install/intel/19.1.3.304/netcdf-cxx4-4.3.1-lp7tiyf/lib/pkgconfig:2;/apps/ops/test/spack-stack-1.6.0-nco/envs/nco-intel-19.1.3.304/install/intel/19.1.3.304/libxaw-1.0.13-gdstphl/lib/pkgconfig:2;/apps/ops/test/spack-stack-1.6.0-nco/envs/nco-intel-19.1.3.304/install/intel/19.1.3.304/libxpm-3.5.12-dcjsyoi/lib/pkgconfig:2;/apps/ops/test/spack-stack-1.6.0-nco/envs/nco-intel-19.1.3.304/install/intel/19.1.3.304/libxmu-1.1.4-xhe6hjc/lib/pkgconfig:2;/apps/ops/test/spack-stack-1.6.0-nco/envs/nco-intel-19.1.3.304/install/intel/19.1.3.304/libxt-1.1.5-r2mrglu/lib/pkgconfig:2;/apps/ops/test/spack-stack-1.6.0-nco/envs/nco-intel-19.1.3.304/install/intel/19.1.3.304/libpng-1.6.37-3sds4er/lib64/pkgconfig:2;/apps/ops/test/spack-stack-1.6.0-nco/envs/nco-intel-19.1.3.304/install/intel/19.1.3.304/libjpeg-turbo-2.1.0-rt44pqr/lib64/pkgconfig:2;/apps/ops/test/spack-stack-1.6.0-nco/envs/nco-intel-19.1.3.304/install/intel/19.1.3.304/ecmwf-atlas-0.35.0-42ufhdx/lib64/pkgconfig:2;/apps/ops/test/spack-stack-1.6.0-nco/envs/nco-intel-19.1.3.304/install/intel/19.1.3.304/qhull-2020.2-5ycwudw/lib/pkgconfig:2;/apps/ops/test/spack-stack-1.6.0-nco/envs/nco-intel-19.1.3.304/install/intel/19.1.3.304/fftw-3.3.10-sefnta3/lib/pkgconfig:2;/apps/ops/test/spack-stack-1.6.0-nco/envs/nco-intel-19.1.3.304/install/intel/19.1.3.304/eckit-1.24.5-isrgc5y/lib64/pkgconfig:2;/apps/ops/test/spack-stack-1.6.0-nco/envs/nco-intel-19.1.3.304/install/intel/19.1.3.304/openblas-0.3.24-7qwu32e/lib/pkgconfig:2;/apps/ops/test/spack-stack-1.6.0-nco/envs/nco-intel-19.1.3.304/install/intel/19.1.3.304/eigen-3.4.0-7qdffiv/share/pkgconfig:1;/apps/ops/test/spack-stack-1.6.0-nco/envs/nco-intel-19.1.3.304/install/intel/19.1.3.304/openjpeg-2.5.0-ulqgnem/lib/pkgconfig:2;/apps/ops/test/spack-stack-1.6.0-nco/envs/nco-intel-19.1.3.304/install/intel/19.1.3.304/gsl-2.7.1-kr3c4v5/lib/pkgconfig:2;/apps/ops/test/spack-stack-1.6.0-nco/envs/nco-intel-19.1.3.304/install/intel/19.1.3.304/netcdf-fortran-4.6.1-b4geqvx/lib/pkgconfig:2;/apps/ops/test/spack-stack-1.6.0-nco/envs/nco-intel-19.1.3.304/install/intel/19.1.3.304/netcdf-c-4.9.2-bcln2jr/lib/pkgconfig:2;/apps/ops/test/spack-stack-1.6.0-nco/envs/nco-intel-19.1.3.304/install/intel/19.1.3.304/parallel-netcdf-1.12.2-77j7vnx/lib/pkgconfig:2;/apps/ops/test/spack-stack-1.6.0-nco/envs/nco-intel-19.1.3.304/install/intel/19.1.3.304/hdf5-1.14.0-yckaywr/lib/pkgconfig:2;/usr/share/pkgconfig:2;/usr/lib64/pkgconfig:4;/usr/lib/pkgconfig:4;/apps/ops/test/spack-stack-1.6.0-nco/envs/nco-intel-19.1.3.304/install/intel/19.1.3.304/zlib-1.2.13-yoc3h4p/lib/pkgconfig:2;/apps/ops/test/spack-stack-1.6.0-nco/envs/nco-intel-19.1.3.304/install/intel/19.1.3.304/curl-8.4.0-zr7lvkw/lib/pkgconfig:2;/apps/ops/test/spack-stack-1.6.0-nco/envs/nco-intel-19.1.3.304/install/intel/19.1.3.304/pcre2-10.42-utn3zxn/lib/pkgconfig:2;/apps/ops/test/spack-stack-1.6.0-nco/envs/nco-intel-19.1.3.304/install/intel/19.1.3.304/zstd-1.5.2-pe6gdyf/lib/pkgconfig:2;/opt/cray/pe/craype/2.7.17/pkg-config:1;/apps/ops/test/spack-stack-1.6.0-nco/envs/nco-intel-19.1.3.304/install/intel/19.1.3.304/python-3.10.13-qzt4y2i/lib/pkgconfig:2;/apps/ops/test/spack-stack-1.6.0-nco/envs/nco-intel-19.1.3.304/install/intel/19.1.3.304/util-linux-uuid-2.38.1-jwatqmi/lib/pkgconfig:2;/apps/ops/test/spack-stack-1.6.0-nco/envs/nco-intel-19.1.3.304/install/intel/19.1.3.304/sqlite-3.43.2-onahail/lib/pkgconfig:2;/apps/ops/test/spack-stack-1.6.0-nco/envs/nco-intel-19.1.3.304/install/intel/19.1.3.304/libxcrypt-4.4.35-soueqga/lib/pkgconfig:2;/opt/cray/lib64/pkgconfig:1;/pe/intel/compilers_and_libraries_2020.4.304/linux/mkl/bin/pkgconfig:1', 'ATARDIR': '/5year/NCEPDEV/emc-global/emc.glopara/WCOSS2/GFSv17/retrotestgfs10', 'DO_JEDIOCNVAR': True, 'PBS_O_PATH': '/apps/ops/test/nco/core/rocoto.v1.3.5/bin:/apps/spack/python/3.8.6/intel/19.1.3.304/pjn2nzkjvqgmjw4hmyz43v5x4jbxjzpk/bin:/opt/cray/pals/1.3.2/bin:/pe/intel/compilers_and_libraries_2020.4.304/linux/bin/intel64:/pe/intel/compilers_and_libraries_2020.4.304/linux/bin:/pe/intel/compilers_and_libraries_2020.4.304/linux/mpi/intel64/bin:/pe/intel/debugger_2020/gdb/intel64/bin:/opt/cray/pe/craype/2.7.17/bin:/opt/cray/bin:/u/emc.global/bin:/usr/local/bin:/usr/bin:/bin:/opt/c3/bin:/opt/pbs/bin:/sbin:.:/opt/cray/pe/bin:/apps/prod/python-modules/3.8.6/intel/19.1.3.304/bin:/apps/prod/python-modules/3.8.6/intel/19.1.3.304/lib/python3.8/site-packages/bin', 'LMOD_CUSTOM_CNCM_CRAYCLANG_10_0_UCX_1_0_PREFIX': '/apps/prod/lmodules/cce/13.0.0:/apps/prod/lmodules/cce/12.0.3:/apps/prod/lmodules/cce/11.0.4', 'DO_GSISOILDA': True, 'MPI_CXX': 'mpic++', 'UTILROOT': '/apps/ops/prod/nco/core/prod_util.v2.0.14', '_ModuleTable024_': 'aWJ4bXUvMS4xLjQiLH0sbGlieHBtPXtbImZuIl09Ii9hcHBzL29wcy90ZXN0L3NwYWNrLXN0YWNrLTEuNi4wLW5jby9lbnZzL25jby1pbnRlbC0xOS4xLjMuMzA0L2luc3RhbGwvbW9kdWxlZmlsZXMvaW50ZWwvMTkuMS4zLjMwNC9saWJ4cG0vMy41LjEyLmx1YSIsWyJmdWxsTmFtZSJdPSJsaWJ4cG0vMy41LjEyIixbImxvYWRPcmRlciJdPTU2LHByb3BUPXt9LFsicmVmX2NvdW50Il09MSxbInN0YWNrRGVwdGgiXT0xLFsic3RhdHVzIl09ImFjdGl2ZSIsWyJ1c2VyTmFtZSJdPSJsaWJ4cG0vMy41LjEyIix9LGxpYnh0PXtbImZuIl09Ii9hcHBzL29wcy90ZXN0L3NwYWNrLXN0YWNrLTEuNi4wLW5jby9lbnZzL25jby1pbnRlbC0xOS4xLjMuMzA0L2luc3RhbGwvbW9kdWxlZmls', 'PE_PKGCONFIG_PRODUCTS': 'PE_MPICH', '_ModuleTable015_': 'dnMvbmNvLWludGVsLTE5LjEuMy4zMDQvaW5zdGFsbC9tb2R1bGVmaWxlcy9jcmF5LW1waWNoLzguMS45L2ludGVsLzE5LjEuMy4zMDQvZm1zLzIwMjMuMDQubHVhIixbImZ1bGxOYW1lIl09ImZtcy8yMDIzLjA0IixbImxvYWRPcmRlciJdPTQ2LHByb3BUPXt9LFsic3RhY2tEZXB0aCJdPTEsWyJzdGF0dXMiXT0iYWN0aXZlIixbInVzZXJOYW1lIl09ImZtcy8yMDIzLjA0Iix9LGdldHRleHQ9e1siZm4iXT0iL2FwcHMvb3BzL3Rlc3Qvc3BhY2stc3RhY2stMS42LjAtbmNvL2VudnMvbmNvLWludGVsLTE5LjEuMy4zMDQvaW5zdGFsbC9tb2R1bGVmaWxlcy9pbnRlbC8xOS4xLjMuMzA0L2dldHRleHQvMC4xOS43Lmx1YSIsWyJmdWxsTmFtZSJdPSJnZXR0ZXh0LzAuMTkuNyIsWyJs', 'pkg_config_ROOT': '/usr', 'CRAY_MPICH_BASEDIR': '/opt/cray/pe/mpich/8.1.9/ofi', 'parallelio_ROOT': '/apps/ops/test/spack-stack-1.6.0-nco/envs/nco-intel-19.1.3.304/install/intel/19.1.3.304/parallelio-2.5.10-3rkk43u', 'PE_MPICH_GTL_DIR_nvidia80': '-L/opt/cray/pe/mpich/8.1.9/gtl/lib', '_ModuleTable004_': 'Y2stMS42LjAtbmNvL2VudnMvbmNvLWludGVsLTE5LjEuMy4zMDQvaW5zdGFsbC9tb2R1bGVmaWxlcy9jcmF5LW1waWNoLzguMS45L2ludGVsLzE5LjEuMy4zMDQvYXRsYXMvMC4zNS4wLmx1YSIsWyJmdWxsTmFtZSJdPSJhdGxhcy8wLjM1LjAiLFsibG9hZE9yZGVyIl09NDkscHJvcFQ9e30sWyJzdGFja0RlcHRoIl09MSxbInN0YXR1cyJdPSJhY3RpdmUiLFsidXNlck5hbWUiXT0iYXRsYXMvMC4zNS4wIix9LGJvb3N0PXtbImZuIl09Ii9hcHBzL29wcy90ZXN0L3NwYWNrLXN0YWNrLTEuNi4wLW5jby9lbnZzL25jby1pbnRlbC0xOS4xLjMuMzA0L2luc3RhbGwvbW9kdWxlZmlsZXMvaW50ZWwvMTkuMS4zLjMwNC9ib29zdC8xLjgzLjAubHVhIixbImZ1bGxOYW1lIl09ImJvb3N0', 'FIXorog': '/lfs/h2/emc/global/noscrub/emc.global/RETRO_GFSv17/git/global-workflow/develop_20250602/fix/orog', 'libjpeg_turbo_ROOT': '/apps/ops/test/spack-stack-1.6.0-nco/envs/nco-intel-19.1.3.304/install/intel/19.1.3.304/libjpeg-turbo-2.1.0-rt44pqr', 'FNTSFA': '        ', 'MINICOM': '-c on', '_ModuleTable029_': 'ZXRjZGYtYy80LjkuMiIsfSxbIm5ldGNkZi1jeHg0Il09e1siZm4iXT0iL2FwcHMvb3BzL3Rlc3Qvc3BhY2stc3RhY2stMS42LjAtbmNvL2VudnMvbmNvLWludGVsLTE5LjEuMy4zMDQvaW5zdGFsbC9tb2R1bGVmaWxlcy9jcmF5LW1waWNoLzguMS45L2ludGVsLzE5LjEuMy4zMDQvbmV0Y2RmLWN4eDQvNC4zLjEubHVhIixbImZ1bGxOYW1lIl09Im5ldGNkZi1jeHg0LzQuMy4xIixbImxvYWRPcmRlciJdPTYwLHByb3BUPXt9LFsic3RhY2tEZXB0aCJdPTEsWyJzdGF0dXMiXT0iYWN0aXZlIixbInVzZXJOYW1lIl09Im5ldGNkZi1jeHg0LzQuMy4xIix9LFsibmV0Y2RmLWZvcnRyYW4iXT17WyJmbiJdPSIvYXBwcy9vcHMvdGVzdC9zcGFjay1zdGFjay0xLjYuMC1uY28vZW52cy9u', 'pgmout': 'OUTPUT.1166202', '__LMOD_REF_COUNT_PYTHONPATH': '/apps/ops/test/spack-stack-1.6.0-nco/envs/nco-intel-19.1.3.304/install/intel/19.1.3.304/py-packaging-23.1-2qpd5mc/lib/python3.10/site-packages:1;/apps/ops/test/spack-stack-1.6.0-nco/envs/nco-intel-19.1.3.304/install/intel/19.1.3.304/py-cftime-1.0.3.4-dka7hny/lib/python3.10/site-packages:1;/apps/ops/test/spack-stack-1.6.0-nco/envs/nco-intel-19.1.3.304/install/intel/19.1.3.304/py-numpy-1.24.4-yosem2k/lib/python3.10/site-packages:1;/apps/ops/test/spack-stack-1.6.0-nco/envs/nco-intel-19.1.3.304/install/intel/19.1.3.304/py-markupsafe-2.1.3-45ywjnp/lib/python3.10/site-packages:1;/apps/ops/test/spack-stack-1.6.0-nco/envs/nco-intel-19.1.3.304/install/intel/19.1.3.304/py-pandas-1.5.3-u3wc7uc/lib/python3.10/site-packages:1;/apps/ops/test/spack-stack-1.6.0-nco/envs/nco-intel-19.1.3.304/install/intel/19.1.3.304/py-pytz-2023.3-yebggst/lib/python3.10/site-packages:1;/apps/ops/test/spack-stack-1.6.0-nco/envs/nco-intel-19.1.3.304/install/intel/19.1.3.304/py-python-dateutil-2.8.2-mes6fwe/lib/python3.10/site-packages:1;/apps/ops/test/spack-stack-1.6.0-nco/envs/nco-intel-19.1.3.304/install/intel/19.1.3.304/py-six-1.16.0-u4sv6sb/lib/python3.10/site-packages:1;/apps/ops/test/spack-stack-1.6.0-nco/envs/nco-intel-19.1.3.304/install/intel/19.1.3.304/py-numexpr-2.8.4-2rtg4mi/lib/python3.10/site-packages:1;/apps/ops/test/spack-stack-1.6.0-nco/envs/nco-intel-19.1.3.304/install/intel/19.1.3.304/py-bottleneck-1.3.7-oolvw5k/lib/python3.10/site-packages:1;/apps/ops/test/spack-stack-1.6.0-nco/envs/nco-intel-19.1.3.304/install/intel/19.1.3.304/py-pip-23.1.2-ohrscnx/lib/python3.10/site-packages:1;/apps/ops/test/spack-stack-1.6.0-nco/envs/nco-intel-19.1.3.304/install/intel/19.1.3.304/py-f90nml-1.4.3-rizmifn/lib/python3.10/site-packages:1;/apps/ops/test/spack-stack-1.6.0-nco/envs/nco-intel-19.1.3.304/install/intel/19.1.3.304/py-xarray-2023.7.0-jj7syqa/lib/python3.10/site-packages:1;/apps/ops/test/spack-stack-1.6.0-nco/envs/nco-intel-19.1.3.304/install/intel/19.1.3.304/py-scipy-1.10.1-236sa7x/lib/python3.10/site-packages:1;/apps/ops/test/spack-stack-1.6.0-nco/envs/nco-intel-19.1.3.304/install/intel/19.1.3.304/py-pyyaml-5.4.1-afvmuaf/lib/python3.10/site-packages:1;/apps/ops/test/spack-stack-1.6.0-nco/envs/nco-intel-19.1.3.304/install/intel/19.1.3.304/py-pycodestyle-2.11.0-bh2jlm5/lib/python3.10/site-packages:1;/apps/ops/test/spack-stack-1.6.0-nco/envs/nco-intel-19.1.3.304/install/intel/19.1.3.304/py-pybind11-2.11.1-wdb6paz/lib/python3.10/site-packages:1;/apps/ops/test/spack-stack-1.6.0-nco/envs/nco-intel-19.1.3.304/install/intel/19.1.3.304/py-netcdf4-1.5.8-6kubnk6/lib/python3.10/site-packages:1;/apps/ops/test/spack-stack-1.6.0-nco/envs/nco-intel-19.1.3.304/install/intel/19.1.3.304/py-jinja2-3.1.2-vbbttij/lib/python3.10/site-packages:1;/apps/ops/test/spack-stack-1.6.0-nco/envs/nco-intel-19.1.3.304/install/intel/19.1.3.304/py-setuptools-63.4.3-rg7efar/lib/python3.10/site-packages:1;/apps/ops/prod/nco/core/prod_util.v2.0.14/ush:1;/apps/ops/test/spack-stack-1.6.0-nco/envs/nco-intel-19.1.3.304/install/intel/19.1.3.304/bufr-12.0.1-tirva7g/lib64/python3.10/site-packages:1;/apps/ops/test/spack-stack-1.6.0-nco/envs/nco-intel-19.1.3.304/install/intel/19.1.3.304/bufr-12.0.1-tirva7g/lib/python3.10/site-packages:1', 'FHOUT_WAV': 3, 'FHOUT': 1, 'DO_AWIPS': False, 'PARTITION_SERVICE': '', 'PE_MPICH_PKGCONFIG_VARIABLES': 'PE_MPICH_GTL_DIR_@accelerator@:PE_MPICH_GTL_LIBS_@accelerator@', 'ESMFMKFILE': '/apps/ops/test/spack-stack-1.6.0-nco/envs/nco-intel-19.1.3.304/install/intel/19.1.3.304/esmf-8.5.0-7huplmy/lib/esmf.mk', 'PE_MPICH_PKGCONFIG_LIBS': 'mpich', 'FHOUT_OCN_GFS': 6, 'INTEL_PYTHONHOME': '/pe/intel/debugger_2020/python/intel64/', 'QUILTING': True, 'QT_SYSTEM_DIR': '/usr/share/desktop-data', 'OSTYPE': 'linux', 'HDF5_PLUGIN_PATH': '/apps/ops/test/spack-stack-1.6.0-nco/envs/nco-intel-19.1.3.304/install/intel/19.1.3.304/netcdf-c-4.9.2-bcln2jr/plugins', 'launcher': 'mpiexec -l', 'FHOUT_GFS': 3, 'NETCDF': '/apps/ops/test/spack-stack-1.6.0-nco/envs/nco-intel-19.1.3.304/install/intel/19.1.3.304/netcdf-c-4.9.2-bcln2jr/bin/ncdump', 'qhull_ROOT': '/apps/ops/test/spack-stack-1.6.0-nco/envs/nco-intel-19.1.3.304/install/intel/19.1.3.304/qhull-2020.2-5ycwudw', 'FIXlut': '/lfs/h2/emc/global/noscrub/emc.global/RETRO_GFSv17/git/global-workflow/develop_20250602/fix/lut', 'CLASSPATH': '/pe/intel/compilers_and_libraries_2020.4.304/linux/mpi/intel64/lib/mpi.jar', 'PIO_TYPENAME_VALID_VALUES': ['netcdf', 'netcdf4p', 'netcdf4c', 'pnetcdf'], 'udunits_ROOT': '/apps/ops/test/spack-stack-1.6.0-nco/envs/nco-intel-19.1.3.304/install/intel/19.1.3.304/udunits-2.2.28-wmjzel4', 'NMEM_ENS': 80, 'CC': 'cc', 'MPIF90': 'mpif90', 'COM_ICE_ANALYSIS_TMPL': '${ROTDIR}/${RUN}.${YMD}/${HH}/${MEMDIR}/analysis/ice', 'COMOUT_OCEAN_ANLMON': '/lfs/h2/emc/ptmp/emc.global/RETRO_GFSv17/comroot/retrotestgfs10/gdas.20241124/18//products/ocean/anlmon', '_ModuleTable044_': 'bC8xOS4xLjMuMzA0L3B5LXBpcC8yMy4xLjIubHVhIixbImZ1bGxOYW1lIl09InB5LXBpcC8yMy4xLjIiLFsibG9hZE9yZGVyIl09NzIscHJvcFQ9e30sWyJzdGFja0RlcHRoIl09MSxbInN0YXR1cyJdPSJhY3RpdmUiLFsidXNlck5hbWUiXT0icHktcGlwLzIzLjEuMiIsfSxbInB5LXB5YmluZDExIl09e1siZm4iXT0iL2FwcHMvb3BzL3Rlc3Qvc3BhY2stc3RhY2stMS42LjAtbmNvL2VudnMvbmNvLWludGVsLTE5LjEuMy4zMDQvaW5zdGFsbC9tb2R1bGVmaWxlcy9pbnRlbC8xOS4xLjMuMzA0L3B5LXB5YmluZDExLzIuMTEuMS5sdWEiLFsiZnVsbE5hbWUiXT0icHktcHliaW5kMTEvMi4xMS4xIixbImxvYWRPcmRlciJdPTY1LHByb3BUPXt9LFsicmVmX2NvdW50Il09MSxbInN0', 'DO_AERO_ANL': False, 'lwrite4danl': True, 'FIXugwd': '/lfs/h2/emc/global/noscrub/emc.global/RETRO_GFSv17/git/global-workflow/develop_20250602/fix/ugwd', 'FIXcpl': '/lfs/h2/emc/global/noscrub/emc.global/RETRO_GFSv17/git/global-workflow/develop_20250602/fix/cpl', 'MPI_F90': 'mpif90', 'SDATE': datetime.datetime(2024, 11, 15, 6, 0), '_ModuleTable054_': 'WyJmbiJdPSIvYXBwcy9vcHMvdGVzdC9zcGFjay1zdGFjay0xLjYuMC1uY28vZW52cy9uY28taW50ZWwtMTkuMS4zLjMwNC9pbnN0YWxsL21vZHVsZWZpbGVzL2ludGVsLzE5LjEuMy4zMDQvc3RhY2stY3JheS1tcGljaC84LjEuOS5sdWEiLFsiZnVsbE5hbWUiXT0ic3RhY2stY3JheS1tcGljaC84LjEuOSIsWyJsb2FkT3JkZXIiXT05LHByb3BUPXt9LFsic3RhY2tEZXB0aCJdPTEsWyJzdGF0dXMiXT0iYWN0aXZlIixbInVzZXJOYW1lIl09InN0YWNrLWNyYXktbXBpY2gvOC4xLjkiLH0sWyJzdGFjay1pbnRlbCJdPXtbImZuIl09Ii9hcHBzL29wcy90ZXN0L3NwYWNrLXN0YWNrLTEuNi4wLW5jby9lbnZzL25jby1pbnRlbC0xOS4xLjMuMzA0L2luc3RhbGwvbW9kdWxlZmlsZXMv', 'PBS_O_WORKDIR': '/u/emc.global', 'USER': 'emc.global', 'SERIAL_F77': 'ftn', 'FHMAX_ENKF_GFS': 12, 'SERIAL_CC': 'cc', 'MODULES_SET_SHELL_STARTUP': 0, 'DMPDIR': '/lfs/h2/emc/dump/noscrub/dump', 'COMIN_SNOW_ANALYSIS': '/lfs/h2/emc/ptmp/emc.global/RETRO_GFSv17/comroot/retrotestgfs10/gdas.20241124/18//analysis/snow', 'PAGER': 'less', 'FIXmom': '/lfs/h2/emc/global/noscrub/emc.global/RETRO_GFSv17/git/global-workflow/develop_20250602/fix/mom6', 'py_python_dateutil_ROOT': '/apps/ops/test/spack-stack-1.6.0-nco/envs/nco-intel-19.1.3.304/install/intel/19.1.3.304/py-python-dateutil-2.8.2-mes6fwe', 'MODULE_VERSION': '3.2.10', 'PE_MPICH_GENCOMPILERS_INTEL': 19.0, 'DO_FETCH_LOCAL': False, 'LMOD_CUSTOM_CNCM_GNU_8_0_OFI_1_0_X86_ROME_1_0_CRAY_MPICH_8_0_PREFIX': '/apps/prod/lmodules/GCC_cray_mpich/10.2.0/cray-mpich/8.1.4', '_ModuleTable041_': 'MzA0L2luc3RhbGwvbW9kdWxlZmlsZXMvaW50ZWwvMTkuMS4zLjMwNC9weS1udW1leHByLzIuOC40Lmx1YSIsWyJmdWxsTmFtZSJdPSJweS1udW1leHByLzIuOC40IixbImxvYWRPcmRlciJdPTc0LHByb3BUPXt9LFsicmVmX2NvdW50Il09MSxbInN0YWNrRGVwdGgiXT0yLFsic3RhdHVzIl09ImFjdGl2ZSIsWyJ1c2VyTmFtZSJdPSJweS1udW1leHByLzIuOC40Iix9LFsicHktbnVtcHkiXT17WyJmbiJdPSIvYXBwcy9vcHMvdGVzdC9zcGFjay1zdGFjay0xLjYuMC1uY28vZW52cy9uY28taW50ZWwtMTkuMS4zLjMwNC9pbnN0YWxsL21vZHVsZWZpbGVzL2ludGVsLzE5LjEuMy4zMDQvcHktbnVtcHkvMS4yNC40Lmx1YSIsWyJmdWxsTmFtZSJdPSJweS1udW1weS8xLjI0LjQiLFsi', 'COM_ATMOS_ANLMON_TMPL': '${ROTDIR}/${RUN}.${YMD}/${HH}/${MEMDIR}/products/atmos/anlmon', 'NMEM_ENS_GFS': 30, 'LMOD_FAMILY_PRGENV_VERSION': '8.3.3', 'MPI_CC': 'mpicc', '_ModuleTable023_': 'eGNyeXB0LzQuNC4zNSIsWyJsb2FkT3JkZXIiXT0xMCxwcm9wVD17fSxbInJlZl9jb3VudCJdPTEsWyJzdGFja0RlcHRoIl09MyxbInN0YXR1cyJdPSJhY3RpdmUiLFsidXNlck5hbWUiXT0ibGlieGNyeXB0LzQuNC4zNSIsfSxsaWJ4bXU9e1siZm4iXT0iL2FwcHMvb3BzL3Rlc3Qvc3BhY2stc3RhY2stMS42LjAtbmNvL2VudnMvbmNvLWludGVsLTE5LjEuMy4zMDQvaW5zdGFsbC9tb2R1bGVmaWxlcy9pbnRlbC8xOS4xLjMuMzA0L2xpYnhtdS8xLjEuNC5sdWEiLFsiZnVsbE5hbWUiXT0ibGlieG11LzEuMS40IixbImxvYWRPcmRlciJdPTU1LHByb3BUPXt9LFsicmVmX2NvdW50Il09MSxbInN0YWNrRGVwdGgiXT0xLFsic3RhdHVzIl09ImFjdGl2ZSIsWyJ1c2VyTmFtZSJdPSJs', 'YAML_INC': '/apps/ops/test/spack-stack-1.6.0-nco/envs/nco-intel-19.1.3.304/install/intel/19.1.3.304/libyaml-0.2.5-ygjrdvo/include', '_ModuleTable012_': 'LFsibG9hZE9yZGVyIl09NDEscHJvcFQ9e30sWyJyZWZfY291bnQiXT0yLFsic3RhY2tEZXB0aCJdPTEsWyJzdGF0dXMiXT0iYWN0aXZlIixbInVzZXJOYW1lIl09ImVpZ2VuLzMuNC4wIix9LGVudnZhcj17WyJmbiJdPSIvYXBwcy9wcm9kL2xtb2R1bGVzL3N5c19jb3JlL2VudnZhci8xLjAiLFsiZnVsbE5hbWUiXT0iZW52dmFyLzEuMCIsWyJsb2FkT3JkZXIiXT0yLHByb3BUPXt9LFsic3RhY2tEZXB0aCJdPTAsWyJzdGF0dXMiXT0iYWN0aXZlIixbInVzZXJOYW1lIl09ImVudnZhci8xLjAiLH0sZXNtZj17WyJmbiJdPSIvYXBwcy9vcHMvdGVzdC9zcGFjay1zdGFjay0xLjYuMC1uY28vZW52cy9uY28taW50ZWwtMTkuMS4zLjMwNC9pbnN0YWxsL21vZHVsZWZpbGVzL2NyYXkt', 'COM_CHEM_BMAT_TMPL': '${ROTDIR}/${RUN}.${YMD}/${HH}/${MEMDIR}/analysis/chem/bmatrix', '_ModuleTable031_': 'MjQubHVhIixbImZ1bGxOYW1lIl09Im9wZW5ibGFzLzAuMy4yNCIsWyJsb2FkT3JkZXIiXT00Mixwcm9wVD17fSxbInJlZl9jb3VudCJdPTIsWyJzdGFja0RlcHRoIl09MSxbInN0YXR1cyJdPSJhY3RpdmUiLFsidXNlck5hbWUiXT0ib3BlbmJsYXMvMC4zLjI0Iix9LG9wZW5qcGVnPXtbImZuIl09Ii9hcHBzL29wcy90ZXN0L3NwYWNrLXN0YWNrLTEuNi4wLW5jby9lbnZzL25jby1pbnRlbC0xOS4xLjMuMzA0L2luc3RhbGwvbW9kdWxlZmlsZXMvaW50ZWwvMTkuMS4zLjMwNC9vcGVuanBlZy8yLjUuMC5sdWEiLFsiZnVsbE5hbWUiXT0ib3BlbmpwZWcvMi41LjAiLFsibG9hZE9yZGVyIl09NDAscHJvcFQ9e30sWyJzdGFja0RlcHRoIl09MSxbInN0YXR1cyJdPSJhY3RpdmUiLFsi', 'FHMAX': 9, 'pcre2_ROOT': '/apps/ops/test/spack-stack-1.6.0-nco/envs/nco-intel-19.1.3.304/install/intel/19.1.3.304/pcre2-10.42-utn3zxn', 'COM_WAVE_HISTORY_TMPL': '${ROTDIR}/${RUN}.${YMD}/${HH}/${MEMDIR}/model/wave/history', 'ncview_ROOT': '/apps/ops/test/spack-stack-1.6.0-nco/envs/nco-intel-19.1.3.304/install/intel/19.1.3.304/ncview-2.1.9-rv4j23b', '_ModuleTable062_': 'YWwvbm9zY3J1Yi9lbWMuZ2xvYmFsL1JFVFJPX0dGU3YxNy9naXQvZ2xvYmFsLXdvcmtmbG93L2RldmVsb3BfMjAyNTA2MDIvc29yYy9nZGFzLmNkL21vZHVsZWZpbGVzIiwiL29wdC9jcmF5L3BlL2xtb2QvbW9kdWxlZmlsZXMvY3B1L3g4Ni1yb21lLzEuMCIsIi91c3Ivc2hhcmUvbW9kdWxlcyIsIi91c3Ivc2hhcmUvTW9kdWxlcy8kTU9EVUxFX1ZFUlNJT04vbW9kdWxlZmlsZXMiLCIvdXNyL3NoYXJlL21vZHVsZXMvbW9kdWxlZmlsZXMiLCIvdXNyL3NoYXJlL21vZHVsZWZpbGVzL0xpbnV4IiwiL3Vzci9zaGFyZS9tb2R1bGVmaWxlcy9Db3JlIiwiL3Vzci9zaGFyZS9sbW9kL2xtb2QvbW9kdWxlZmlsZXMvQ29yZSIsIi9vcHQvY3JheS9wZS9sbW9kL21vZHVsZWZpbGVzL2Nv', 'eckit_ROOT': '/apps/ops/test/spack-stack-1.6.0-nco/envs/nco-intel-19.1.3.304/install/intel/19.1.3.304/eckit-1.24.5-isrgc5y', 'LMOD_CUSTOM_CNCM_GNU_8_0_UCX_1_0_X86_ROME_1_0_CRAY_MPICH_8_0_PREFIX': '/apps/prod/lmodules/GCC_cray_mpich/10.2.0/cray-mpich/8.1.4', 'CRAY_CPU_TARGET': 'x86-rome', 'PBS_NODEFILE': '/var/spool/pbs/aux/46051231.dbqs01', 'MPICXX': 'mpic++', 'py_bottleneck_ROOT': '/apps/ops/test/spack-stack-1.6.0-nco/envs/nco-intel-19.1.3.304/install/intel/19.1.3.304/py-bottleneck-1.3.7-oolvw5k', 'MPI_F77': 'mpif77', 'LMOD_CUSTOM_CNCM_CRAYCLANG_10_0_UCX_1_0_X86_ROME_1_0_CRAY_MPICH_8_0_PREFIX': '/apps/prod/lmodules/CCE_cray_mpich/11.0.4/cray-mpich/8.1.4', '__LMOD_REF_COUNT_MODULEPATH': '/apps/ops/test/spack-stack-1.6.0-nco/envs/nco-intel-19.1.3.304/install/modulefiles/cray-mpich/8.1.9/intel/19.1.3.304:1;/apps/ops/prod/libs/modulefiles/mpi/intel/19.1.3.304/cray-mpich/8.1.4:1;/apps/prod/lmodules/INTEL_cray_mpich/19.1.3.304/cray-mpich/8.1.4:1;/opt/cray/pe/lmod/modulefiles/mpi/intel/19.0/ofi/1.0/cray-mpich/8.0:1;/opt/cray/pe/lmod/modulefiles/comnet/intel/19.0/ofi/1.0:1;/opt/cray/pe/lmod/modulefiles/net/ofi/1.0:1;/apps/ops/test/spack-stack-1.6.0-nco/envs/nco-intel-19.1.3.304/install/modulefiles/intel/19.1.3.304:1;/apps/ops/prod/nco/modulefiles/compiler/intel/19.1.3.304:1;/apps/ops/prod/libs/modulefiles/compiler/intel/19.1.3.304:1;/apps/prod/lmodules/intel/19.1.3.304:1;/apps/prod/lmodules/compiler/intel/19.0:1;/apps/ops/test/spack-stack-1.6.0-nco/envs/nco-intel-19.1.3.304/install/modulefiles/Core:1;/lfs/h2/emc/global/noscrub/emc.global/RETRO_GFSv17/git/global-workflow/develop_20250602/sorc/gdas.cd/modulefiles:1;/opt/cray/pe/lmod/modulefiles/cpu/x86-rome/1.0:1;/usr/share/modules:1;/usr/share/Modules/$MODULE_VERSION/modulefiles:1;/usr/share/modules/modulefiles:1;/usr/share/modulefiles/Linux:1;/usr/share/modulefiles/Core:1;/usr/share/lmod/lmod/modulefiles/Core:1;/opt/cray/pe/lmod/modulefiles/core:1;/opt/cray/pe/lmod/modulefiles/craype-targets/default:1;/apps/prod/lmodules/sys_core:1;/apps/ops/prod/nco/modulefiles/core:1;/apps/prod/lmodules/core:1;/opt/cray/modulefiles:1', 'PKGCONFIG_ENABLED': 1, 'GDASAPP_UNIT_TEST_DATA_PATH': '/lfs/h2/emc/da/noscrub/emc.da/GDASApp/unittestdata', 'MORE': '-sl', 'PE_FORTRAN_PKGCONFIG_LIBS': 'mpichf90', '__LMOD_REF_COUNT_LOADEDMODULES': 'craype-x86-rome:1;envvar/1.0:1;PrgEnv-intel/8.3.3:1;intel/19.1.3.304:1;stack-intel/19.1.3.304:1;libfabric/1.20.1:1;craype-network-ofi:1;cray-mpich/8.1.9:1;stack-cray-mpich/8.1.9:1;libxcrypt/4.4.35:1;sqlite/3.43.2:1;util-linux-uuid/2.38.1:1;python/3.10.13:1;stack-python/3.10.13:1;craype/2.7.17:1;cray-pals/1.3.2:1;cmake/3.23.1:1;pigz/2.7:1;zstd/1.5.2:1;tar/1.34:1;gettext/0.19.7:1;pcre2/10.42:1;curl/8.4.0:1;zlib/1.2.13:1;git/2.35.3:1;git-lfs/2.11.0:1;pkg-config/0.29.2:1;hdf5/1.14.0:1;parallel-netcdf/1.12.2:1;netcdf-c/4.9.2:1;nccmp/1.9.0.1:1;netcdf-fortran/4.6.1:1;antlr/2.7.7:1;gsl/2.7.1:1;nco/5.0.6:1;parallelio/2.5.10:1;boost/1.83.0:1;bufr/12.0.1:1;ecbuild/3.7.2:1;openjpeg/2.5.0:1;eigen/3.4.0:1;openblas/0.3.24:1;eckit/1.24.5:1;fftw/3.3.10:1;fckit/0.11.0:1;fms/2023.04:1;esmf/8.5.0:1;qhull/2020.2:1;atlas/0.35.0:1;sp/2.5.0:1;gsl-lite/0.37.0:1;libjpeg/2.1.0:1;libpng/1.6.37:1;libxt/1.1.5:1;libxmu/1.1.4:1;libxpm/3.5.12:1;libxaw/1.0.13:1;udunits/2.2.28:1;ncview/2.1.9:1;netcdf-cxx4/4.3.1:1;prod_util/2.0.14:1;py-setuptools/63.4.3:1;py-jinja2/3.1.2:1;py-netcdf4/1.5.8:1;py-pybind11/2.11.1:1;py-pycodestyle/2.11.0:1;libyaml/0.2.5:1;py-pyyaml/5.4.1:1;py-scipy/1.10.1:1;py-xarray/2023.7.0:1;py-f90nml/1.4.3:1;py-pip/23.1.2:1;py-bottleneck/1.3.7:1;py-numexpr/2.8.4:1;py-six/1.16.0:1;py-python-dateutil/2.8.2:1;py-pytz/2023.3:1;py-pandas/1.5.3:1;py-markupsafe/2.1.3:1;py-numpy/1.24.4:1;py-cftime/1.0.3.4:1;py-packaging/23.1:1;GDAS/wcoss2.intel:1', 'PBS_TASKNUM': 1, '__LMOD_REF_COUNT_CRAY_LD_LIBRARY_PATH': '/opt/cray/pe/mpich/8.1.9/ofi/intel/19.0/lib:1', 'COM_OBS_TMPL': '${ROTDIR}/${RUN}.${YMD}/${HH}/obs', 'SERIAL_CXX': 'CC', '_ModuleTable057_': 'bmNvL2VudnMvbmNvLWludGVsLTE5LjEuMy4zMDQvaW5zdGFsbC9tb2R1bGVmaWxlcy9pbnRlbC8xOS4xLjMuMzA0L3VkdW5pdHMvMi4yLjI4Lmx1YSIsWyJmdWxsTmFtZSJdPSJ1ZHVuaXRzLzIuMi4yOCIsWyJsb2FkT3JkZXIiXT01OCxwcm9wVD17fSxbInJlZl9jb3VudCJdPTEsWyJzdGFja0RlcHRoIl09MSxbInN0YXR1cyJdPSJhY3RpdmUiLFsidXNlck5hbWUiXT0idWR1bml0cy8yLjIuMjgiLH0sWyJ1dGlsLWxpbnV4LXV1aWQiXT17WyJmbiJdPSIvYXBwcy9vcHMvdGVzdC9zcGFjay1zdGFjay0xLjYuMC1uY28vZW52cy9uY28taW50ZWwtMTkuMS4zLjMwNC9pbnN0YWxsL21vZHVsZWZpbGVzL2ludGVsLzE5LjEuMy4zMDQvdXRpbC1saW51eC11dWlkLzIuMzguMS5sdWEi', 'COM_ATMOS_ANALYSIS_TMPL': '${ROTDIR}/${RUN}.${YMD}/${HH}/${MEMDIR}/analysis/atmos', 'COMOUT_ATMOS_ANLMON': '/lfs/h2/emc/ptmp/emc.global/RETRO_GFSv17/comroot/retrotestgfs10/gdas.20241124/18//products/atmos/anlmon', 'FHMIN_ENKF': 3, 'DO_CALC_INCREMENT_ENKF_GFS': False, 'COM_WAVE_WMO_TMPL': '${ROTDIR}/${RUN}.${YMD}/${HH}/${MEMDIR}/products/wave/wmo', 'DATA': '/lfs/h2/emc/stmp/emc.global/RUNDIRS/retrotestgfs10/gdas.2024112418/anlstat.1165235', 'INTEL_MAJOR_VERSION': 19.1, 'IAUFHRS': [3, 6, 9], 'COM_ATMOS_MASTER_TMPL': '${ROTDIR}/${RUN}.${YMD}/${HH}/${MEMDIR}/model/atmos/master', 'OPS_RES': 'C768', 'PWD': '/lfs/h2/emc/stmp/emc.global/RUNDIRS/retrotestgfs10/gdas.2024112418/anlstat.1165235', 'MDATE': '/apps/ops/prod/nco/core/prod_util.v2.0.14/exec/mdate', 'WRITE_NSFLIP': True, '_ModuleTable046_': 'XT17WyJmbiJdPSIvYXBwcy9vcHMvdGVzdC9zcGFjay1zdGFjay0xLjYuMC1uY28vZW52cy9uY28taW50ZWwtMTkuMS4zLjMwNC9pbnN0YWxsL21vZHVsZWZpbGVzL2ludGVsLzE5LjEuMy4zMDQvcHktcHl0aG9uLWRhdGV1dGlsLzIuOC4yLmx1YSIsWyJmdWxsTmFtZSJdPSJweS1weXRob24tZGF0ZXV0aWwvMi44LjIiLFsibG9hZE9yZGVyIl09NzYscHJvcFQ9e30sWyJyZWZfY291bnQiXT0xLFsic3RhY2tEZXB0aCJdPTIsWyJzdGF0dXMiXT0iYWN0aXZlIixbInVzZXJOYW1lIl09InB5LXB5dGhvbi1kYXRldXRpbC8yLjguMiIsfSxbInB5LXB5dHoiXT17WyJmbiJdPSIvYXBwcy9vcHMvdGVzdC9zcGFjay1zdGFjay0xLjYuMC1uY28vZW52cy9uY28taW50ZWwtMTkuMS4zLjMw', 'PE_MPICH_GTL_DIR_nvidia70': '-L/opt/cray/pe/mpich/8.1.9/gtl/lib', 'jobid': 'anlstat.1165235', 'FHMIN_WAV': 0, 'HOME': '/u/emc.global', 'git_ROOT': '/usr', 'MPIEXEC_EXEC': '/opt/cray/pals/1.3.2/bin/mpirun', '_ModuleTable052_': 'dGFjay0xLjYuMC1uY28vZW52cy9uY28taW50ZWwtMTkuMS4zLjMwNC9pbnN0YWxsL21vZHVsZWZpbGVzL2ludGVsLzE5LjEuMy4zMDQvcWh1bGwvMjAyMC4yLmx1YSIsWyJmdWxsTmFtZSJdPSJxaHVsbC8yMDIwLjIiLFsibG9hZE9yZGVyIl09NDgscHJvcFQ9e30sWyJyZWZfY291bnQiXT0xLFsic3RhY2tEZXB0aCJdPTIsWyJzdGF0dXMiXT0iYWN0aXZlIixbInVzZXJOYW1lIl09InFodWxsLzIwMjAuMiIsfSxzcD17WyJmbiJdPSIvYXBwcy9vcHMvdGVzdC9zcGFjay1zdGFjay0xLjYuMC1uY28vZW52cy9uY28taW50ZWwtMTkuMS4zLjMwNC9pbnN0YWxsL21vZHVsZWZpbGVzL2ludGVsLzE5LjEuMy4zMDQvc3AvMi41LjAubHVhIixbImZ1bGxOYW1lIl09InNwLzIuNS4wIixb', 'HOMEDIR': '/lfs/h2/emc/global/noscrub/emc.global', 'REDOUT': '1>', 'LMOD_FAMILY_METACOMPILER_VERSION': '19.1.3.304', 'COM_ICE_HISTORY_TMPL': '${ROTDIR}/${RUN}.${YMD}/${HH}/${MEMDIR}/model/ice/history', '_ModuleTable034_': 'dGVsLzE5LjEuMy4zMDQvcGNyZTIvMTAuNDIubHVhIixbImZ1bGxOYW1lIl09InBjcmUyLzEwLjQyIixbImxvYWRPcmRlciJdPTIyLHByb3BUPXt9LFsic3RhY2tEZXB0aCJdPTEsWyJzdGF0dXMiXT0iYWN0aXZlIixbInVzZXJOYW1lIl09InBjcmUyLzEwLjQyIix9LHBpZ3o9e1siZm4iXT0iL2FwcHMvb3BzL3Rlc3Qvc3BhY2stc3RhY2stMS42LjAtbmNvL2VudnMvbmNvLWludGVsLTE5LjEuMy4zMDQvaW5zdGFsbC9tb2R1bGVmaWxlcy9pbnRlbC8xOS4xLjMuMzA0L3BpZ3ovMi43Lmx1YSIsWyJmdWxsTmFtZSJdPSJwaWd6LzIuNyIsWyJsb2FkT3JkZXIiXT0xOCxwcm9wVD17fSxbInJlZl9jb3VudCJdPTEsWyJzdGFja0RlcHRoIl09MyxbInN0YXR1cyJdPSJhY3RpdmUiLFsi', 'DO_NPOESS': False, 'PELOCAL_PRGENV': True, 'INTERVAL_GFS': 6, 'RUN_ENVIR': 'emc', 'CMAKE_PREFIX_PATH': '/apps/ops/test/spack-stack-1.6.0-nco/envs/nco-intel-19.1.3.304/install/intel/19.1.3.304/py-packaging-23.1-2qpd5mc:/apps/ops/test/spack-stack-1.6.0-nco/envs/nco-intel-19.1.3.304/install/intel/19.1.3.304/py-cftime-1.0.3.4-dka7hny:/apps/ops/test/spack-stack-1.6.0-nco/envs/nco-intel-19.1.3.304/install/intel/19.1.3.304/py-numpy-1.24.4-yosem2k:/apps/ops/test/spack-stack-1.6.0-nco/envs/nco-intel-19.1.3.304/install/intel/19.1.3.304/py-markupsafe-2.1.3-45ywjnp:/apps/ops/test/spack-stack-1.6.0-nco/envs/nco-intel-19.1.3.304/install/intel/19.1.3.304/py-pandas-1.5.3-u3wc7uc:/apps/ops/test/spack-stack-1.6.0-nco/envs/nco-intel-19.1.3.304/install/intel/19.1.3.304/py-pytz-2023.3-yebggst:/apps/ops/test/spack-stack-1.6.0-nco/envs/nco-intel-19.1.3.304/install/intel/19.1.3.304/py-python-dateutil-2.8.2-mes6fwe:/apps/ops/test/spack-stack-1.6.0-nco/envs/nco-intel-19.1.3.304/install/intel/19.1.3.304/py-six-1.16.0-u4sv6sb:/apps/ops/test/spack-stack-1.6.0-nco/envs/nco-intel-19.1.3.304/install/intel/19.1.3.304/py-numexpr-2.8.4-2rtg4mi:/apps/ops/test/spack-stack-1.6.0-nco/envs/nco-intel-19.1.3.304/install/intel/19.1.3.304/py-bottleneck-1.3.7-oolvw5k:/apps/ops/test/spack-stack-1.6.0-nco/envs/nco-intel-19.1.3.304/install/intel/19.1.3.304/py-pip-23.1.2-ohrscnx:/apps/ops/test/spack-stack-1.6.0-nco/envs/nco-intel-19.1.3.304/install/intel/19.1.3.304/py-f90nml-1.4.3-rizmifn:/apps/ops/test/spack-stack-1.6.0-nco/envs/nco-intel-19.1.3.304/install/intel/19.1.3.304/py-xarray-2023.7.0-jj7syqa:/apps/ops/test/spack-stack-1.6.0-nco/envs/nco-intel-19.1.3.304/install/intel/19.1.3.304/py-scipy-1.10.1-236sa7x:/apps/ops/test/spack-stack-1.6.0-nco/envs/nco-intel-19.1.3.304/install/intel/19.1.3.304/py-pyyaml-5.4.1-afvmuaf:/apps/ops/test/spack-stack-1.6.0-nco/envs/nco-intel-19.1.3.304/install/intel/19.1.3.304/libyaml-0.2.5-ygjrdvo:/apps/ops/test/spack-stack-1.6.0-nco/envs/nco-intel-19.1.3.304/install/intel/19.1.3.304/py-pycodestyle-2.11.0-bh2jlm5:/apps/ops/test/spack-stack-1.6.0-nco/envs/nco-intel-19.1.3.304/install/intel/19.1.3.304/py-pybind11-2.11.1-wdb6paz:/apps/ops/test/spack-stack-1.6.0-nco/envs/nco-intel-19.1.3.304/install/intel/19.1.3.304/py-netcdf4-1.5.8-6kubnk6:/apps/ops/test/spack-stack-1.6.0-nco/envs/nco-intel-19.1.3.304/install/intel/19.1.3.304/py-jinja2-3.1.2-vbbttij:/apps/ops/test/spack-stack-1.6.0-nco/envs/nco-intel-19.1.3.304/install/intel/19.1.3.304/py-setuptools-63.4.3-rg7efar:/apps/ops/test/spack-stack-1.6.0-nco/envs/nco-intel-19.1.3.304/install/intel/19.1.3.304/netcdf-cxx4-4.3.1-lp7tiyf:/apps/ops/test/spack-stack-1.6.0-nco/envs/nco-intel-19.1.3.304/install/intel/19.1.3.304/ncview-2.1.9-rv4j23b:/apps/ops/test/spack-stack-1.6.0-nco/envs/nco-intel-19.1.3.304/install/intel/19.1.3.304/udunits-2.2.28-wmjzel4:/apps/ops/test/spack-stack-1.6.0-nco/envs/nco-intel-19.1.3.304/install/intel/19.1.3.304/libxaw-1.0.13-gdstphl:/apps/ops/test/spack-stack-1.6.0-nco/envs/nco-intel-19.1.3.304/install/intel/19.1.3.304/libxpm-3.5.12-dcjsyoi:/apps/ops/test/spack-stack-1.6.0-nco/envs/nco-intel-19.1.3.304/install/intel/19.1.3.304/libxmu-1.1.4-xhe6hjc:/apps/ops/test/spack-stack-1.6.0-nco/envs/nco-intel-19.1.3.304/install/intel/19.1.3.304/libxt-1.1.5-r2mrglu:/apps/ops/test/spack-stack-1.6.0-nco/envs/nco-intel-19.1.3.304/install/intel/19.1.3.304/libpng-1.6.37-3sds4er:/apps/ops/test/spack-stack-1.6.0-nco/envs/nco-intel-19.1.3.304/install/intel/19.1.3.304/libjpeg-turbo-2.1.0-rt44pqr:/apps/ops/test/spack-stack-1.6.0-nco/envs/nco-intel-19.1.3.304/install/intel/19.1.3.304/gsl-lite-0.37.0-7zi7wss:/apps/ops/test/spack-stack-1.6.0-nco/envs/nco-intel-19.1.3.304/install/intel/19.1.3.304/sp-2.5.0-rhcyr64:/apps/ops/test/spack-stack-1.6.0-nco/envs/nco-intel-19.1.3.304/install/intel/19.1.3.304/ecmwf-atlas-0.35.0-42ufhdx:/apps/ops/test/spack-stack-1.6.0-nco/envs/nco-intel-19.1.3.304/install/intel/19.1.3.304/qhull-2020.2-5ycwudw:/apps/ops/test/spack-stack-1.6.0-nco/envs/nco-intel-19.1.3.304/install/intel/19.1.3.304/esmf-8.5.0-7huplmy:/apps/ops/test/spack-stack-1.6.0-nco/envs/nco-intel-19.1.3.304/install/intel/19.1.3.304/fms-2023.04-utbqnz3:/apps/ops/test/spack-stack-1.6.0-nco/envs/nco-intel-19.1.3.304/install/intel/19.1.3.304/fckit-0.11.0-7qg4hhj:/apps/ops/test/spack-stack-1.6.0-nco/envs/nco-intel-19.1.3.304/install/intel/19.1.3.304/fftw-3.3.10-sefnta3:/apps/ops/test/spack-stack-1.6.0-nco/envs/nco-intel-19.1.3.304/install/intel/19.1.3.304/eckit-1.24.5-isrgc5y:/apps/ops/test/spack-stack-1.6.0-nco/envs/nco-intel-19.1.3.304/install/intel/19.1.3.304/openblas-0.3.24-7qwu32e:/apps/ops/test/spack-stack-1.6.0-nco/envs/nco-intel-19.1.3.304/install/intel/19.1.3.304/eigen-3.4.0-7qdffiv:/apps/ops/test/spack-stack-1.6.0-nco/envs/nco-intel-19.1.3.304/install/intel/19.1.3.304/openjpeg-2.5.0-ulqgnem:/apps/ops/test/spack-stack-1.6.0-nco/envs/nco-intel-19.1.3.304/install/intel/19.1.3.304/ecbuild-3.7.2-ovbazu2:/apps/ops/test/spack-stack-1.6.0-nco/envs/nco-intel-19.1.3.304/install/intel/19.1.3.304/bufr-12.0.1-tirva7g:/apps/ops/test/spack-stack-1.6.0-nco/envs/nco-intel-19.1.3.304/install/intel/19.1.3.304/boost-1.83.0-nqtmt7k:/apps/ops/test/spack-stack-1.6.0-nco/envs/nco-intel-19.1.3.304/install/intel/19.1.3.304/parallelio-2.5.10-3rkk43u:/apps/ops/test/spack-stack-1.6.0-nco/envs/nco-intel-19.1.3.304/install/intel/19.1.3.304/nco-5.0.6-6ykwuoz:/apps/ops/test/spack-stack-1.6.0-nco/envs/nco-intel-19.1.3.304/install/intel/19.1.3.304/gsl-2.7.1-kr3c4v5:/apps/ops/test/spack-stack-1.6.0-nco/envs/nco-intel-19.1.3.304/install/intel/19.1.3.304/antlr-2.7.7-hoqq24u:/apps/ops/test/spack-stack-1.6.0-nco/envs/nco-intel-19.1.3.304/install/intel/19.1.3.304/netcdf-fortran-4.6.1-b4geqvx:/apps/ops/test/spack-stack-1.6.0-nco/envs/nco-intel-19.1.3.304/install/intel/19.1.3.304/nccmp-1.9.0.1-dnptqlr:/apps/ops/test/spack-stack-1.6.0-nco/envs/nco-intel-19.1.3.304/install/intel/19.1.3.304/netcdf-c-4.9.2-bcln2jr:/apps/ops/test/spack-stack-1.6.0-nco/envs/nco-intel-19.1.3.304/install/intel/19.1.3.304/parallel-netcdf-1.12.2-77j7vnx:/apps/ops/test/spack-stack-1.6.0-nco/envs/nco-intel-19.1.3.304/install/intel/19.1.3.304/hdf5-1.14.0-yckaywr:/apps/spack/git-lfs/2.11.0/gcc/11.2.0/m6b6nl5kfqngfteqbggydc7kflxere3s:/apps/ops/test/spack-stack-1.6.0-nco/envs/nco-intel-19.1.3.304/install/intel/19.1.3.304/zlib-1.2.13-yoc3h4p:/apps/ops/test/spack-stack-1.6.0-nco/envs/nco-intel-19.1.3.304/install/intel/19.1.3.304/curl-8.4.0-zr7lvkw:/apps/ops/test/spack-stack-1.6.0-nco/envs/nco-intel-19.1.3.304/install/intel/19.1.3.304/pcre2-10.42-utn3zxn:/apps/ops/test/spack-stack-1.6.0-nco/envs/nco-intel-19.1.3.304/install/intel/19.1.3.304/gettext-0.19.7-2fi4wu4:/apps/ops/test/spack-stack-1.6.0-nco/envs/nco-intel-19.1.3.304/install/intel/19.1.3.304/tar-1.34-e7e3lq2:/apps/ops/test/spack-stack-1.6.0-nco/envs/nco-intel-19.1.3.304/install/intel/19.1.3.304/zstd-1.5.2-pe6gdyf:/apps/ops/test/spack-stack-1.6.0-nco/envs/nco-intel-19.1.3.304/install/intel/19.1.3.304/pigz-2.7-p2s5ywz:/apps/ops/test/spack-stack-1.6.0-nco/envs/nco-intel-19.1.3.304/install/intel/19.1.3.304/cmake-3.23.1-chpcsen:/apps/ops/test/spack-stack-1.6.0-nco/envs/nco-intel-19.1.3.304/install/intel/19.1.3.304/python-3.10.13-qzt4y2i:/apps/ops/test/spack-stack-1.6.0-nco/envs/nco-intel-19.1.3.304/install/intel/19.1.3.304/util-linux-uuid-2.38.1-jwatqmi:/apps/ops/test/spack-stack-1.6.0-nco/envs/nco-intel-19.1.3.304/install/intel/19.1.3.304/sqlite-3.43.2-onahail:/apps/ops/test/spack-stack-1.6.0-nco/envs/nco-intel-19.1.3.304/install/intel/19.1.3.304/libxcrypt-4.4.35-soueqga', 'PARTITION_BATCH': '{{ PARTITION_BATCH }}', 'COM_OCEAN_RESTART_TMPL': '${ROTDIR}/${RUN}.${YMD}/${HH}/${MEMDIR}/model/ocean/restart', 'IAU_FHROT': 3, 'HOMEpost': '/lfs/h2/emc/global/noscrub/emc.global/RETRO_GFSv17/git/global-workflow/develop_20250602', 'DO_VMINMON': True, 'HOST': 'nid001057', 'COM_ICE_BMATRIX_TMPL': '${ROTDIR}/${RUN}.${YMD}/${HH}/${MEMDIR}/bmatrix/ice', 'LMOD_VERSION': '8.3.1', 'zstd_ROOT': '/apps/ops/test/spack-stack-1.6.0-nco/envs/nco-intel-19.1.3.304/install/intel/19.1.3.304/zstd-1.5.2-pe6gdyf', 'GIT_SSH': 'ssh -F /u/emc.global/.ssh-mine/config -i /u/sshKeys/emc.global/id_rsa', 'XNLSPATH': '/usr/share/X11/nls', 'CPATH': '/apps/ops/test/spack-stack-1.6.0-nco/envs/nco-intel-19.1.3.304/install/intel/19.1.3.304/libyaml-0.2.5-ygjrdvo/include:/apps/ops/test/spack-stack-1.6.0-nco/envs/nco-intel-19.1.3.304/install/intel/19.1.3.304/py-pybind11-2.11.1-wdb6paz/include:/apps/ops/test/spack-stack-1.6.0-nco/envs/nco-intel-19.1.3.304/install/intel/19.1.3.304/netcdf-cxx4-4.3.1-lp7tiyf/include:/apps/ops/test/spack-stack-1.6.0-nco/envs/nco-intel-19.1.3.304/install/intel/19.1.3.304/udunits-2.2.28-wmjzel4/include:/apps/ops/test/spack-stack-1.6.0-nco/envs/nco-intel-19.1.3.304/install/intel/19.1.3.304/libxaw-1.0.13-gdstphl/include:/apps/ops/test/spack-stack-1.6.0-nco/envs/nco-intel-19.1.3.304/install/intel/19.1.3.304/libxpm-3.5.12-dcjsyoi/include:/apps/ops/test/spack-stack-1.6.0-nco/envs/nco-intel-19.1.3.304/install/intel/19.1.3.304/libxmu-1.1.4-xhe6hjc/include:/apps/ops/test/spack-stack-1.6.0-nco/envs/nco-intel-19.1.3.304/install/intel/19.1.3.304/libxt-1.1.5-r2mrglu/include:/apps/ops/test/spack-stack-1.6.0-nco/envs/nco-intel-19.1.3.304/install/intel/19.1.3.304/libpng-1.6.37-3sds4er/include:/apps/ops/test/spack-stack-1.6.0-nco/envs/nco-intel-19.1.3.304/install/intel/19.1.3.304/libjpeg-turbo-2.1.0-rt44pqr/include:/apps/ops/test/spack-stack-1.6.0-nco/envs/nco-intel-19.1.3.304/install/intel/19.1.3.304/gsl-lite-0.37.0-7zi7wss/include:/apps/ops/test/spack-stack-1.6.0-nco/envs/nco-intel-19.1.3.304/install/intel/19.1.3.304/ecmwf-atlas-0.35.0-42ufhdx/include:/apps/ops/test/spack-stack-1.6.0-nco/envs/nco-intel-19.1.3.304/install/intel/19.1.3.304/qhull-2020.2-5ycwudw/include:/apps/ops/test/spack-stack-1.6.0-nco/envs/nco-intel-19.1.3.304/install/intel/19.1.3.304/esmf-8.5.0-7huplmy/include:/apps/ops/test/spack-stack-1.6.0-nco/envs/nco-intel-19.1.3.304/install/intel/19.1.3.304/fckit-0.11.0-7qg4hhj/include:/apps/ops/test/spack-stack-1.6.0-nco/envs/nco-intel-19.1.3.304/install/intel/19.1.3.304/fftw-3.3.10-sefnta3/include:/apps/ops/test/spack-stack-1.6.0-nco/envs/nco-intel-19.1.3.304/install/intel/19.1.3.304/eckit-1.24.5-isrgc5y/include:/apps/ops/test/spack-stack-1.6.0-nco/envs/nco-intel-19.1.3.304/install/intel/19.1.3.304/openblas-0.3.24-7qwu32e/include:/apps/ops/test/spack-stack-1.6.0-nco/envs/nco-intel-19.1.3.304/install/intel/19.1.3.304/eigen-3.4.0-7qdffiv/include/eigen3:/apps/ops/test/spack-stack-1.6.0-nco/envs/nco-intel-19.1.3.304/install/intel/19.1.3.304/eigen-3.4.0-7qdffiv/include:/apps/ops/test/spack-stack-1.6.0-nco/envs/nco-intel-19.1.3.304/install/intel/19.1.3.304/openjpeg-2.5.0-ulqgnem/include:/apps/ops/test/spack-stack-1.6.0-nco/envs/nco-intel-19.1.3.304/install/intel/19.1.3.304/bufr-12.0.1-tirva7g/include:/apps/ops/test/spack-stack-1.6.0-nco/envs/nco-intel-19.1.3.304/install/intel/19.1.3.304/boost-1.83.0-nqtmt7k/include:/apps/ops/test/spack-stack-1.6.0-nco/envs/nco-intel-19.1.3.304/install/intel/19.1.3.304/parallelio-2.5.10-3rkk43u/include:/apps/ops/test/spack-stack-1.6.0-nco/envs/nco-intel-19.1.3.304/install/intel/19.1.3.304/gsl-2.7.1-kr3c4v5/include:/apps/ops/test/spack-stack-1.6.0-nco/envs/nco-intel-19.1.3.304/install/intel/19.1.3.304/antlr-2.7.7-hoqq24u/include:/apps/ops/test/spack-stack-1.6.0-nco/envs/nco-intel-19.1.3.304/install/intel/19.1.3.304/netcdf-fortran-4.6.1-b4geqvx/include:/apps/ops/test/spack-stack-1.6.0-nco/envs/nco-intel-19.1.3.304/install/intel/19.1.3.304/netcdf-c-4.9.2-bcln2jr/include:/apps/ops/test/spack-stack-1.6.0-nco/envs/nco-intel-19.1.3.304/install/intel/19.1.3.304/parallel-netcdf-1.12.2-77j7vnx/include:/apps/ops/test/spack-stack-1.6.0-nco/envs/nco-intel-19.1.3.304/install/intel/19.1.3.304/hdf5-1.14.0-yckaywr/include:/apps/ops/test/spack-stack-1.6.0-nco/envs/nco-intel-19.1.3.304/install/intel/19.1.3.304/zlib-1.2.13-yoc3h4p/include:/apps/ops/test/spack-stack-1.6.0-nco/envs/nco-intel-19.1.3.304/install/intel/19.1.3.304/curl-8.4.0-zr7lvkw/include:/apps/ops/test/spack-stack-1.6.0-nco/envs/nco-intel-19.1.3.304/install/intel/19.1.3.304/pcre2-10.42-utn3zxn/include:/apps/ops/test/spack-stack-1.6.0-nco/envs/nco-intel-19.1.3.304/install/intel/19.1.3.304/gettext-0.19.7-2fi4wu4/include:/apps/ops/test/spack-stack-1.6.0-nco/envs/nco-intel-19.1.3.304/install/intel/19.1.3.304/zstd-1.5.2-pe6gdyf/include:/apps/ops/test/spack-stack-1.6.0-nco/envs/nco-intel-19.1.3.304/install/intel/19.1.3.304/python-3.10.13-qzt4y2i/include:/apps/ops/test/spack-stack-1.6.0-nco/envs/nco-intel-19.1.3.304/install/intel/19.1.3.304/util-linux-uuid-2.38.1-jwatqmi/include:/apps/ops/test/spack-stack-1.6.0-nco/envs/nco-intel-19.1.3.304/install/intel/19.1.3.304/sqlite-3.43.2-onahail/include:/apps/ops/test/spack-stack-1.6.0-nco/envs/nco-intel-19.1.3.304/install/intel/19.1.3.304/libxcrypt-4.4.35-soueqga/include:/pe/intel/compilers_and_libraries_2020.4.304/linux/ipp/include:/pe/intel/compilers_and_libraries_2020.4.304/linux/mkl/include:/pe/intel/compilers_and_libraries_2020.4.304/linux/pstl/include:/pe/intel/compilers_and_libraries_2020.4.304/linux/pstl/stdlib:/pe/intel/compilers_and_libraries_2020.4.304/linux/tbb/include', 'PE_MPICH_FORTRAN_PKGCONFIG_LIBS': 'mpichf90', 'CDATE': datetime.datetime(2024, 11, 24, 18, 0), 'PBS_MOMPORT': 15003, 'libxcrypt_ROOT': '/apps/ops/test/spack-stack-1.6.0-nco/envs/nco-intel-19.1.3.304/install/intel/19.1.3.304/libxcrypt-4.4.35-soueqga', 'tar_ROOT': '/apps/ops/test/spack-stack-1.6.0-nco/envs/nco-intel-19.1.3.304/install/intel/19.1.3.304/tar-1.34-e7e3lq2', 'COM_ATMOS_GEMPAK_TMPL': '${ROTDIR}/${RUN}.${YMD}/${HH}/${MEMDIR}/products/atmos/gempak/${GRID}', 'DO_ANLSTAT': True, 'sqlite_ROOT': '/apps/ops/test/spack-stack-1.6.0-nco/envs/nco-intel-19.1.3.304/install/intel/19.1.3.304/sqlite-3.43.2-onahail', 'FTSFS': 10, 'ARCDIR': '/lfs/h2/emc/global/noscrub/emc.global/RETRO_GFSv17/archive/retrotestgfs10', 'FHOUT_ENKF': 1, 'pid': 1166202, 'SHELLOPTS': 'braceexpand:errexit:hashall:interactive-comments:nounset:xtrace', 'restart_interval_enkfgdas': 3, 'FCST_SEGMENTS': [0, 384], '__LMOD_REF_COUNT_INFOPATH': '/pe/intel/documentation_2020/en/debugger/gdb-ia/info:1;/apps/docs/info:1', 'CRAY_LMOD_CPU': 'x86-rome/1.0', 'DO_VERFOZN': True, 'F77': 'ftn', 'PE_MPICH_GTL_LIBS_nvidia80': '-lmpi_gtl_cuda', 'lobsdiag_forenkf': True, 'nco_ROOT': '/apps/ops/test/spack-stack-1.6.0-nco/envs/nco-intel-19.1.3.304/install/intel/19.1.3.304/nco-5.0.6-6ykwuoz', 'LMOD_FAMILY_CRAYPE_CPU_VERSION': False, 'GIT_SSH_COMMAND': 'ssh -F /u/emc.global/.ssh-mine/config -i /u/sshKeys/emc.global/id_rsa', 'BASH_ENV': '/usr/share/lmod/lmod/init/bash', 'LOGSCRIPT': '', 'COM_TOP_TMPL': '${ROTDIR}/${RUN}.${YMD}/${HH}', 'COM_OCEAN_NETCDF_TMPL': '${ROTDIR}/${RUN}.${YMD}/${HH}/${MEMDIR}/products/ocean/netcdf', 'XDG_DATA_DIRS': '/usr/share', 'assim_freq': 6, 'FHMAX_FITS': 132, '__LMOD_REF_COUNT_PE_MPICH_FORTRAN_PKGCONFIG_LIBS': 'mpichf90:1', 'DO_JEDISNOWDA': True, 'COMINsyn': '/lfs/h1/ops/prod/com/gfs/v16.3/syndat', 'CLUSTERS_SERVICE': '', 'NCDUMP': '/apps/ops/test/spack-stack-1.6.0-nco/envs/nco-intel-19.1.3.304/install/intel/19.1.3.304/netcdf-c-4.9.2-bcln2jr/bin/ncdump/bin/ncdump', 'FIXam': '/lfs/h2/emc/global/noscrub/emc.global/RETRO_GFSv17/git/global-workflow/develop_20250602/fix/am', 'ROTDIR': '/lfs/h2/emc/ptmp/emc.global/RETRO_GFSv17/comroot/retrotestgfs10', 'PDY': datetime.datetime(2024, 11, 24, 0, 0), 'PBS_ACCOUNT': 'GFS-DEV', 'bufr_ROOT': '/apps/ops/test/spack-stack-1.6.0-nco/envs/nco-intel-19.1.3.304/install/intel/19.1.3.304/bufr-12.0.1-tirva7g', 'DOBNDPNT_WAVE': True, 'INTEL_MINOR_VERSION': 3.304, 'LMOD_CUSTOM_CNCM_INTEL_19_0_OFI_1_0_X86_ROME_1_0_CRAY_MPICH_8_0_PREFIX': '/apps/prod/lmodules/INTEL_cray_mpich/19.1.3.304/cray-mpich/8.1.4:/apps/ops/prod/libs/modulefiles/mpi/intel/19.1.3.304/cray-mpich/8.1.4', 'REPLAY_ICS': False, 'APRUN_PING_PERIOD': 0, 'CRAY_LMOD_NET': 'ofi/1.0', 'DOIAU_ENKF': True, 'FHMAX_GOES': 180, 'QUEUE_DTN': 'dev_transfer', '__LMOD_REF_COUNT_PE_PKGCONFIG_PRODUCTS': 'PE_MPICH:1', 'PE_MPICH_MODULE_NAME': 'cray-mpich', 'NLSPATH': '/pe/intel/compilers_and_libraries_2020.4.304/linux/compiler/lib/intel64/locale/%l_%t/%N:/pe/intel/compilers_and_libraries_2020.4.304/linux/mkl/lib/intel64_lin/locale/%l_%t/%N:/pe/intel/debugger_2020/gdb/intel64/share/locale/%l_%t/%N', 'libxpm_ROOT': '/apps/ops/test/spack-stack-1.6.0-nco/envs/nco-intel-19.1.3.304/install/intel/19.1.3.304/libxpm-3.5.12-dcjsyoi', 'PBS_JOBCOOKIE': '4138997B0A3CD4DE3987A5A30B4DFCAB', 'LMOD_CUSTOM_COMPILER_INTEL_19_0_PREFIX': '/apps/prod/lmodules/intel/19.1.3.304:/apps/ops/prod/libs/modulefiles/compiler/intel/19.1.3.304:/apps/ops/prod/nco/modulefiles/compiler/intel/19.1.3.304', 'curl_ROOT': '/apps/ops/test/spack-stack-1.6.0-nco/envs/nco-intel-19.1.3.304/install/intel/19.1.3.304/curl-8.4.0-zr7lvkw', 'ACCOUNT': 'GFS-DEV', 'PBS_O_SHELL': '/bin/bash', 'ecmwf_atlas_ROOT': '/apps/ops/test/spack-stack-1.6.0-nco/envs/nco-intel-19.1.3.304/install/intel/19.1.3.304/ecmwf-atlas-0.35.0-42ufhdx', 'HOMEobsproc': '/lfs/h2/emc/global/save/emc.global/git/obsproc/v', '__LMOD_REF_COUNT_PE_MPICH_FIXED_PRGENV': 'INTEL:1', 'JEDI_CONFIG_YAML': '/lfs/h2/emc/global/noscrub/emc.global/RETRO_GFSv17/git/global-workflow/develop_20250602/parm/gdas/anlstat_jedi_config.yaml.j2', 'DO_BUFRSND': False, '__LMOD_REF_COUNT_LIBRARY_PATH': '/pe/intel/compilers_and_libraries_2020.4.304/linux/ipp/lib/intel64:1;/pe/intel/compilers_and_libraries_2020.4.304/linux/compiler/lib/intel64_lin:1;/pe/intel/compilers_and_libraries_2020.4.304/linux/mkl/lib/intel64_lin:1;/pe/intel/compilers_and_libraries_2020.4.304/linux/tbb/lib/intel64/gcc4.8:2', 'COMINukmet': '/lfs/h2/emc/global/noscrub/emc.global/data/external_gempak/ukmet', 'tasks_per_node': 20, 'FHOUT_ICE_GFS': 6, 'py_xarray_ROOT': '/apps/ops/test/spack-stack-1.6.0-nco/envs/nco-intel-19.1.3.304/install/intel/19.1.3.304/py-xarray-2023.7.0-jj7syqa', 'COM_CHEM_ANALYSIS_TMPL': '${ROTDIR}/${RUN}.${YMD}/${HH}/${MEMDIR}/analysis/chem', 'PNG_ROOT': '/apps/ops/test/spack-stack-1.6.0-nco/envs/nco-intel-19.1.3.304/install/intel/19.1.3.304/libpng-1.6.37-3sds4er', 'DO_JEDIATMVAR': False, 'DOIBP_WAV': False, 'fftw_ROOT': '/apps/ops/test/spack-stack-1.6.0-nco/envs/nco-intel-19.1.3.304/install/intel/19.1.3.304/fftw-3.3.10-sefnta3', 'py_markupsafe_ROOT': '/apps/ops/test/spack-stack-1.6.0-nco/envs/nco-intel-19.1.3.304/install/intel/19.1.3.304/py-markupsafe-2.1.3-45ywjnp', 'DOHYBVAR': True, 'PROFILEREAD': True, '_ModuleTable043_': 'LjEiLH0sWyJweS1wYW5kYXMiXT17WyJmbiJdPSIvYXBwcy9vcHMvdGVzdC9zcGFjay1zdGFjay0xLjYuMC1uY28vZW52cy9uY28taW50ZWwtMTkuMS4zLjMwNC9pbnN0YWxsL21vZHVsZWZpbGVzL2ludGVsLzE5LjEuMy4zMDQvcHktcGFuZGFzLzEuNS4zLmx1YSIsWyJmdWxsTmFtZSJdPSJweS1wYW5kYXMvMS41LjMiLFsibG9hZE9yZGVyIl09NzgscHJvcFQ9e30sWyJzdGFja0RlcHRoIl09MSxbInN0YXR1cyJdPSJhY3RpdmUiLFsidXNlck5hbWUiXT0icHktcGFuZGFzLzEuNS4zIix9LFsicHktcGlwIl09e1siZm4iXT0iL2FwcHMvb3BzL3Rlc3Qvc3BhY2stc3RhY2stMS42LjAtbmNvL2VudnMvbmNvLWludGVsLTE5LjEuMy4zMDQvaW5zdGFsbC9tb2R1bGVmaWxlcy9pbnRl', 'PDYp5': datetime.datetime(2024, 11, 29, 0, 0), 'TMPDIR': '/var/tmp/pbs.46051231.dbqs01', 'PDYp4': datetime.datetime(2024, 11, 28, 0, 0), 'LIBRARY_PATH': '/pe/intel/compilers_and_libraries_2020.4.304/linux/ipp/lib/intel64:/pe/intel/compilers_and_libraries_2020.4.304/linux/compiler/lib/intel64_lin:/pe/intel/compilers_and_libraries_2020.4.304/linux/mkl/lib/intel64_lin:/pe/intel/compilers_and_libraries_2020.4.304/linux/tbb/lib/intel64/gcc4.8', 'mpmd_opt': ['--cpu-bind verbose', 'core cfp'], 'DO_ATM': True, 'PDYp7': datetime.datetime(2024, 12, 1, 0, 0), 'PDYp6': datetime.datetime(2024, 11, 30, 0, 0), '_ModuleTable021_': 'a0RlcHRoIl09MSxbInN0YXR1cyJdPSJhY3RpdmUiLFsidXNlck5hbWUiXT0ibGlianBlZy8yLjEuMCIsfSxsaWJwbmc9e1siZm4iXT0iL2FwcHMvb3BzL3Rlc3Qvc3BhY2stc3RhY2stMS42LjAtbmNvL2VudnMvbmNvLWludGVsLTE5LjEuMy4zMDQvaW5zdGFsbC9tb2R1bGVmaWxlcy9pbnRlbC8xOS4xLjMuMzA0L2xpYnBuZy8xLjYuMzcubHVhIixbImZ1bGxOYW1lIl09ImxpYnBuZy8xLjYuMzciLFsibG9hZE9yZGVyIl09NTMscHJvcFQ9e30sWyJyZWZfY291bnQiXT0xLFsic3RhY2tEZXB0aCJdPTEsWyJzdGF0dXMiXT0iYWN0aXZlIixbInVzZXJOYW1lIl09ImxpYnBuZy8xLjYuMzciLH0sbGlieGF3PXtbImZuIl09Ii9hcHBzL29wcy90ZXN0L3NwYWNrLXN0YWNrLTEuNi4w', 'py_six_ROOT': '/apps/ops/test/spack-stack-1.6.0-nco/envs/nco-intel-19.1.3.304/install/intel/19.1.3.304/py-six-1.16.0-u4sv6sb', 'FHOUT_ENKF_GFS': 3, 'PDYp1': datetime.datetime(2024, 11, 25, 0, 0), 'DO_VERFRAD': True, 'PDYp3': datetime.datetime(2024, 11, 27, 0, 0), 'PDYp2': datetime.datetime(2024, 11, 26, 0, 0), '__LMOD_REF_COUNT_CMAKE_PREFIX_PATH': '/apps/ops/test/spack-stack-1.6.0-nco/envs/nco-intel-19.1.3.304/install/intel/19.1.3.304/py-packaging-23.1-2qpd5mc:2;/apps/ops/test/spack-stack-1.6.0-nco/envs/nco-intel-19.1.3.304/install/intel/19.1.3.304/py-cftime-1.0.3.4-dka7hny:2;/apps/ops/test/spack-stack-1.6.0-nco/envs/nco-intel-19.1.3.304/install/intel/19.1.3.304/py-numpy-1.24.4-yosem2k:2;/apps/ops/test/spack-stack-1.6.0-nco/envs/nco-intel-19.1.3.304/install/intel/19.1.3.304/py-markupsafe-2.1.3-45ywjnp:2;/apps/ops/test/spack-stack-1.6.0-nco/envs/nco-intel-19.1.3.304/install/intel/19.1.3.304/py-pandas-1.5.3-u3wc7uc:2;/apps/ops/test/spack-stack-1.6.0-nco/envs/nco-intel-19.1.3.304/install/intel/19.1.3.304/py-pytz-2023.3-yebggst:2;/apps/ops/test/spack-stack-1.6.0-nco/envs/nco-intel-19.1.3.304/install/intel/19.1.3.304/py-python-dateutil-2.8.2-mes6fwe:2;/apps/ops/test/spack-stack-1.6.0-nco/envs/nco-intel-19.1.3.304/install/intel/19.1.3.304/py-six-1.16.0-u4sv6sb:2;/apps/ops/test/spack-stack-1.6.0-nco/envs/nco-intel-19.1.3.304/install/intel/19.1.3.304/py-numexpr-2.8.4-2rtg4mi:2;/apps/ops/test/spack-stack-1.6.0-nco/envs/nco-intel-19.1.3.304/install/intel/19.1.3.304/py-bottleneck-1.3.7-oolvw5k:2;/apps/ops/test/spack-stack-1.6.0-nco/envs/nco-intel-19.1.3.304/install/intel/19.1.3.304/py-pip-23.1.2-ohrscnx:2;/apps/ops/test/spack-stack-1.6.0-nco/envs/nco-intel-19.1.3.304/install/intel/19.1.3.304/py-f90nml-1.4.3-rizmifn:2;/apps/ops/test/spack-stack-1.6.0-nco/envs/nco-intel-19.1.3.304/install/intel/19.1.3.304/py-xarray-2023.7.0-jj7syqa:2;/apps/ops/test/spack-stack-1.6.0-nco/envs/nco-intel-19.1.3.304/install/intel/19.1.3.304/py-scipy-1.10.1-236sa7x:2;/apps/ops/test/spack-stack-1.6.0-nco/envs/nco-intel-19.1.3.304/install/intel/19.1.3.304/py-pyyaml-5.4.1-afvmuaf:2;/apps/ops/test/spack-stack-1.6.0-nco/envs/nco-intel-19.1.3.304/install/intel/19.1.3.304/libyaml-0.2.5-ygjrdvo:2;/apps/ops/test/spack-stack-1.6.0-nco/envs/nco-intel-19.1.3.304/install/intel/19.1.3.304/py-pycodestyle-2.11.0-bh2jlm5:2;/apps/ops/test/spack-stack-1.6.0-nco/envs/nco-intel-19.1.3.304/install/intel/19.1.3.304/py-pybind11-2.11.1-wdb6paz:2;/apps/ops/test/spack-stack-1.6.0-nco/envs/nco-intel-19.1.3.304/install/intel/19.1.3.304/py-netcdf4-1.5.8-6kubnk6:2;/apps/ops/test/spack-stack-1.6.0-nco/envs/nco-intel-19.1.3.304/install/intel/19.1.3.304/py-jinja2-3.1.2-vbbttij:2;/apps/ops/test/spack-stack-1.6.0-nco/envs/nco-intel-19.1.3.304/install/intel/19.1.3.304/py-setuptools-63.4.3-rg7efar:2;/apps/ops/test/spack-stack-1.6.0-nco/envs/nco-intel-19.1.3.304/install/intel/19.1.3.304/netcdf-cxx4-4.3.1-lp7tiyf:2;/apps/ops/test/spack-stack-1.6.0-nco/envs/nco-intel-19.1.3.304/install/intel/19.1.3.304/ncview-2.1.9-rv4j23b:2;/apps/ops/test/spack-stack-1.6.0-nco/envs/nco-intel-19.1.3.304/install/intel/19.1.3.304/udunits-2.2.28-wmjzel4:2;/apps/ops/test/spack-stack-1.6.0-nco/envs/nco-intel-19.1.3.304/install/intel/19.1.3.304/libxaw-1.0.13-gdstphl:2;/apps/ops/test/spack-stack-1.6.0-nco/envs/nco-intel-19.1.3.304/install/intel/19.1.3.304/libxpm-3.5.12-dcjsyoi:2;/apps/ops/test/spack-stack-1.6.0-nco/envs/nco-intel-19.1.3.304/install/intel/19.1.3.304/libxmu-1.1.4-xhe6hjc:2;/apps/ops/test/spack-stack-1.6.0-nco/envs/nco-intel-19.1.3.304/install/intel/19.1.3.304/libxt-1.1.5-r2mrglu:2;/apps/ops/test/spack-stack-1.6.0-nco/envs/nco-intel-19.1.3.304/install/intel/19.1.3.304/libpng-1.6.37-3sds4er:2;/apps/ops/test/spack-stack-1.6.0-nco/envs/nco-intel-19.1.3.304/install/intel/19.1.3.304/libjpeg-turbo-2.1.0-rt44pqr:2;/apps/ops/test/spack-stack-1.6.0-nco/envs/nco-intel-19.1.3.304/install/intel/19.1.3.304/gsl-lite-0.37.0-7zi7wss:2;/apps/ops/test/spack-stack-1.6.0-nco/envs/nco-intel-19.1.3.304/install/intel/19.1.3.304/sp-2.5.0-rhcyr64:2;/apps/ops/test/spack-stack-1.6.0-nco/envs/nco-intel-19.1.3.304/install/intel/19.1.3.304/ecmwf-atlas-0.35.0-42ufhdx:2;/apps/ops/test/spack-stack-1.6.0-nco/envs/nco-intel-19.1.3.304/install/intel/19.1.3.304/qhull-2020.2-5ycwudw:2;/apps/ops/test/spack-stack-1.6.0-nco/envs/nco-intel-19.1.3.304/install/intel/19.1.3.304/esmf-8.5.0-7huplmy:2;/apps/ops/test/spack-stack-1.6.0-nco/envs/nco-intel-19.1.3.304/install/intel/19.1.3.304/fms-2023.04-utbqnz3:2;/apps/ops/test/spack-stack-1.6.0-nco/envs/nco-intel-19.1.3.304/install/intel/19.1.3.304/fckit-0.11.0-7qg4hhj:2;/apps/ops/test/spack-stack-1.6.0-nco/envs/nco-intel-19.1.3.304/install/intel/19.1.3.304/fftw-3.3.10-sefnta3:2;/apps/ops/test/spack-stack-1.6.0-nco/envs/nco-intel-19.1.3.304/install/intel/19.1.3.304/eckit-1.24.5-isrgc5y:2;/apps/ops/test/spack-stack-1.6.0-nco/envs/nco-intel-19.1.3.304/install/intel/19.1.3.304/openblas-0.3.24-7qwu32e:2;/apps/ops/test/spack-stack-1.6.0-nco/envs/nco-intel-19.1.3.304/install/intel/19.1.3.304/eigen-3.4.0-7qdffiv:2;/apps/ops/test/spack-stack-1.6.0-nco/envs/nco-intel-19.1.3.304/install/intel/19.1.3.304/openjpeg-2.5.0-ulqgnem:2;/apps/ops/test/spack-stack-1.6.0-nco/envs/nco-intel-19.1.3.304/install/intel/19.1.3.304/ecbuild-3.7.2-ovbazu2:2;/apps/ops/test/spack-stack-1.6.0-nco/envs/nco-intel-19.1.3.304/install/intel/19.1.3.304/bufr-12.0.1-tirva7g:2;/apps/ops/test/spack-stack-1.6.0-nco/envs/nco-intel-19.1.3.304/install/intel/19.1.3.304/boost-1.83.0-nqtmt7k:2;/apps/ops/test/spack-stack-1.6.0-nco/envs/nco-intel-19.1.3.304/install/intel/19.1.3.304/parallelio-2.5.10-3rkk43u:2;/apps/ops/test/spack-stack-1.6.0-nco/envs/nco-intel-19.1.3.304/install/intel/19.1.3.304/nco-5.0.6-6ykwuoz:2;/apps/ops/test/spack-stack-1.6.0-nco/envs/nco-intel-19.1.3.304/install/intel/19.1.3.304/gsl-2.7.1-kr3c4v5:2;/apps/ops/test/spack-stack-1.6.0-nco/envs/nco-intel-19.1.3.304/install/intel/19.1.3.304/antlr-2.7.7-hoqq24u:2;/apps/ops/test/spack-stack-1.6.0-nco/envs/nco-intel-19.1.3.304/install/intel/19.1.3.304/netcdf-fortran-4.6.1-b4geqvx:2;/apps/ops/test/spack-stack-1.6.0-nco/envs/nco-intel-19.1.3.304/install/intel/19.1.3.304/nccmp-1.9.0.1-dnptqlr:2;/apps/ops/test/spack-stack-1.6.0-nco/envs/nco-intel-19.1.3.304/install/intel/19.1.3.304/netcdf-c-4.9.2-bcln2jr:2;/apps/ops/test/spack-stack-1.6.0-nco/envs/nco-intel-19.1.3.304/install/intel/19.1.3.304/parallel-netcdf-1.12.2-77j7vnx:2;/apps/ops/test/spack-stack-1.6.0-nco/envs/nco-intel-19.1.3.304/install/intel/19.1.3.304/hdf5-1.14.0-yckaywr:2;/apps/spack/git-lfs/2.11.0/gcc/11.2.0/m6b6nl5kfqngfteqbggydc7kflxere3s:1;/apps/ops/test/spack-stack-1.6.0-nco/envs/nco-intel-19.1.3.304/install/intel/19.1.3.304/zlib-1.2.13-yoc3h4p:2;/apps/ops/test/spack-stack-1.6.0-nco/envs/nco-intel-19.1.3.304/install/intel/19.1.3.304/curl-8.4.0-zr7lvkw:2;/apps/ops/test/spack-stack-1.6.0-nco/envs/nco-intel-19.1.3.304/install/intel/19.1.3.304/pcre2-10.42-utn3zxn:2;/apps/ops/test/spack-stack-1.6.0-nco/envs/nco-intel-19.1.3.304/install/intel/19.1.3.304/gettext-0.19.7-2fi4wu4:2;/apps/ops/test/spack-stack-1.6.0-nco/envs/nco-intel-19.1.3.304/install/intel/19.1.3.304/tar-1.34-e7e3lq2:2;/apps/ops/test/spack-stack-1.6.0-nco/envs/nco-intel-19.1.3.304/install/intel/19.1.3.304/zstd-1.5.2-pe6gdyf:2;/apps/ops/test/spack-stack-1.6.0-nco/envs/nco-intel-19.1.3.304/install/intel/19.1.3.304/pigz-2.7-p2s5ywz:2;/apps/ops/test/spack-stack-1.6.0-nco/envs/nco-intel-19.1.3.304/install/intel/19.1.3.304/cmake-3.23.1-chpcsen:2;/apps/ops/test/spack-stack-1.6.0-nco/envs/nco-intel-19.1.3.304/install/intel/19.1.3.304/python-3.10.13-qzt4y2i:2;/apps/ops/test/spack-stack-1.6.0-nco/envs/nco-intel-19.1.3.304/install/intel/19.1.3.304/util-linux-uuid-2.38.1-jwatqmi:2;/apps/ops/test/spack-stack-1.6.0-nco/envs/nco-intel-19.1.3.304/install/intel/19.1.3.304/sqlite-3.43.2-onahail:2;/apps/ops/test/spack-stack-1.6.0-nco/envs/nco-intel-19.1.3.304/install/intel/19.1.3.304/libxcrypt-4.4.35-soueqga:2', 'MPIEXEC_NPROC': '-n', 'py_jinja2_ROOT': '/apps/ops/test/spack-stack-1.6.0-nco/envs/nco-intel-19.1.3.304/install/intel/19.1.3.304/py-jinja2-3.1.2-vbbttij', 'LMOD_sys': 'Linux', 'LMOD_FAMILY_METAMPI_VERSION': '8.1.9', 'COM_WAVE_GRID_RES_TMPL': '${ROTDIR}/${RUN}.${YMD}/${HH}/${MEMDIR}/products/wave/gridded/${GRDRESNAME}', 'PE_PKGCONFIG_LIBS': 'mpich', '_ModuleTable010_': 'InN0YWNrRGVwdGgiXT0xLFsic3RhdHVzIl09ImFjdGl2ZSIsWyJ1c2VyTmFtZSJdPSJjdXJsLzguNC4wIix9LGVjYnVpbGQ9e1siZm4iXT0iL2FwcHMvb3BzL3Rlc3Qvc3BhY2stc3RhY2stMS42LjAtbmNvL2VudnMvbmNvLWludGVsLTE5LjEuMy4zMDQvaW5zdGFsbC9tb2R1bGVmaWxlcy9pbnRlbC8xOS4xLjMuMzA0L2VjYnVpbGQvMy43LjIubHVhIixbImZ1bGxOYW1lIl09ImVjYnVpbGQvMy43LjIiLFsibG9hZE9yZGVyIl09MzkscHJvcFQ9e30sWyJzdGFja0RlcHRoIl09MSxbInN0YXR1cyJdPSJhY3RpdmUiLFsidXNlck5hbWUiXT0iZWNidWlsZC8zLjcuMiIsfSxlY2tpdD17WyJmbiJdPSIvYXBwcy9vcHMvdGVzdC9zcGFjay1zdGFjay0xLjYuMC1uY28vZW52cy9uY28t', '_ModuleTable033_': 'cHMvb3BzL3Rlc3Qvc3BhY2stc3RhY2stMS42LjAtbmNvL2VudnMvbmNvLWludGVsLTE5LjEuMy4zMDQvaW5zdGFsbC9tb2R1bGVmaWxlcy9jcmF5LW1waWNoLzguMS45L2ludGVsLzE5LjEuMy4zMDQvcGFyYWxsZWxpby8yLjUuMTAubHVhIixbImZ1bGxOYW1lIl09InBhcmFsbGVsaW8vMi41LjEwIixbImxvYWRPcmRlciJdPTM2LHByb3BUPXt9LFsicmVmX2NvdW50Il09MSxbInN0YWNrRGVwdGgiXT0xLFsic3RhdHVzIl09ImFjdGl2ZSIsWyJ1c2VyTmFtZSJdPSJwYXJhbGxlbGlvLzIuNS4xMCIsfSxwY3JlMj17WyJmbiJdPSIvYXBwcy9vcHMvdGVzdC9zcGFjay1zdGFjay0xLjYuMC1uY28vZW52cy9uY28taW50ZWwtMTkuMS4zLjMwNC9pbnN0YWxsL21vZHVsZWZpbGVzL2lu', 'HPSS_PROJECT': 'emc-global', 'BASE_DATA': '/lfs/h2/emc/global/noscrub/emc.global/data', 'COMLISTROOT': '/lfs/h1/ops/prod/config', 'IAU_DELTHRS': 6, '_ModuleTable060_': 'L21vZHVsZWZpbGVzL2NyYXktbXBpY2gvOC4xLjkvaW50ZWwvMTkuMS4zLjMwNCIsIi9hcHBzL29wcy9wcm9kL2xpYnMvbW9kdWxlZmlsZXMvbXBpL2ludGVsLzE5LjEuMy4zMDQvY3JheS1tcGljaC84LjEuNCIsIi9hcHBzL3Byb2QvbG1vZHVsZXMvSU5URUxfY3JheV9tcGljaC8xOS4xLjMuMzA0L2NyYXktbXBpY2gvOC4xLjQiLCIvb3B0L2NyYXkvcGUvbG1vZC9tb2R1bGVmaWxlcy9tcGkvaW50ZWwvMTkuMC9vZmkvMS4wL2NyYXktbXBpY2gvOC4wIiwiL29wdC9jcmF5L3BlL2xtb2QvbW9kdWxlZmlsZXMvY29tbmV0L2ludGVsLzE5LjAvb2ZpLzEuMCIsIi9vcHQvY3JheS9wZS9sbW9kL21vZHVsZWZpbGVzL25ldC9vZmkvMS4wIiwiL2FwcHMvb3BzL3Rlc3Qvc3BhY2stc3Rh', '_ModuleTable001_': 'X01vZHVsZVRhYmxlXz17WyJNVHZlcnNpb24iXT0zLFsiY19yZWJ1aWxkVGltZSJdPWZhbHNlLFsiY19zaG9ydFRpbWUiXT1mYWxzZSxkZXB0aFQ9e30sZmFtaWx5PXtbIk1ldGFDb21waWxlciJdPSJzdGFjay1pbnRlbCIsWyJNZXRhTVBJIl09InN0YWNrLWNyYXktbXBpY2giLFsiTWV0YVB5dGhvbiJdPSJzdGFjay1weXRob24iLFsiUHJnRW52Il09IlByZ0Vudi1pbnRlbCIsWyJjb21waWxlciJdPSJpbnRlbCIsWyJjcmF5cGUiXT0iY3JheXBlIixbImNyYXlwZV9jcHUiXT0iY3JheXBlLXg4Ni1yb21lIixbImNyYXlwZV9uZXR3b3JrIl09ImNyYXlwZS1uZXR3b3JrLW9maSIsWyJtcGkiXT0iY3JheS1tcGljaCIsfSxtVD17R0RBUz17WyJmbiJdPSIvbGZzL2gyL2VtYy9nbG9i', 'YAML_DIR': '/apps/ops/test/spack-stack-1.6.0-nco/envs/nco-intel-19.1.3.304/install/intel/19.1.3.304/libyaml-0.2.5-ygjrdvo', 'restart_interval_enkfgfs': 3, 'REDERR': '2>', 'py_numpy_ROOT': '/apps/ops/test/spack-stack-1.6.0-nco/envs/nco-intel-19.1.3.304/install/intel/19.1.3.304/py-numpy-1.24.4-yosem2k', 'DO_PREP_SFC': False, 'COM_OCEAN_ANALYSIS_TMPL': '${ROTDIR}/${RUN}.${YMD}/${HH}/${MEMDIR}/analysis/ocean', 'LOADEDMODULES': 'craype-x86-rome:envvar/1.0:PrgEnv-intel/8.3.3:intel/19.1.3.304:stack-intel/19.1.3.304:libfabric/1.20.1:craype-network-ofi:cray-mpich/8.1.9:stack-cray-mpich/8.1.9:libxcrypt/4.4.35:sqlite/3.43.2:util-linux-uuid/2.38.1:python/3.10.13:stack-python/3.10.13:craype/2.7.17:cray-pals/1.3.2:cmake/3.23.1:pigz/2.7:zstd/1.5.2:tar/1.34:gettext/0.19.7:pcre2/10.42:curl/8.4.0:zlib/1.2.13:git/2.35.3:git-lfs/2.11.0:pkg-config/0.29.2:hdf5/1.14.0:parallel-netcdf/1.12.2:netcdf-c/4.9.2:nccmp/1.9.0.1:netcdf-fortran/4.6.1:antlr/2.7.7:gsl/2.7.1:nco/5.0.6:parallelio/2.5.10:boost/1.83.0:bufr/12.0.1:ecbuild/3.7.2:openjpeg/2.5.0:eigen/3.4.0:openblas/0.3.24:eckit/1.24.5:fftw/3.3.10:fckit/0.11.0:fms/2023.04:esmf/8.5.0:qhull/2020.2:atlas/0.35.0:sp/2.5.0:gsl-lite/0.37.0:libjpeg/2.1.0:libpng/1.6.37:libxt/1.1.5:libxmu/1.1.4:libxpm/3.5.12:libxaw/1.0.13:udunits/2.2.28:ncview/2.1.9:netcdf-cxx4/4.3.1:prod_util/2.0.14:py-setuptools/63.4.3:py-jinja2/3.1.2:py-netcdf4/1.5.8:py-pybind11/2.11.1:py-pycodestyle/2.11.0:libyaml/0.2.5:py-pyyaml/5.4.1:py-scipy/1.10.1:py-xarray/2023.7.0:py-f90nml/1.4.3:py-pip/23.1.2:py-bottleneck/1.3.7:py-numexpr/2.8.4:py-six/1.16.0:py-python-dateutil/2.8.2:py-pytz/2023.3:py-pandas/1.5.3:py-markupsafe/2.1.3:py-numpy/1.24.4:py-cftime/1.0.3.4:py-packaging/23.1:GDAS/wcoss2.intel', '_ModuleTable048_': 'ZXIiXT02OCxwcm9wVD17fSxbInN0YWNrRGVwdGgiXT0xLFsic3RhdHVzIl09ImFjdGl2ZSIsWyJ1c2VyTmFtZSJdPSJweS1weXlhbWwvNS40LjEiLH0sWyJweS1zY2lweSJdPXtbImZuIl09Ii9hcHBzL29wcy90ZXN0L3NwYWNrLXN0YWNrLTEuNi4wLW5jby9lbnZzL25jby1pbnRlbC0xOS4xLjMuMzA0L2luc3RhbGwvbW9kdWxlZmlsZXMvaW50ZWwvMTkuMS4zLjMwNC9weS1zY2lweS8xLjEwLjEubHVhIixbImZ1bGxOYW1lIl09InB5LXNjaXB5LzEuMTAuMSIsWyJsb2FkT3JkZXIiXT02OSxwcm9wVD17fSxbInN0YWNrRGVwdGgiXT0xLFsic3RhdHVzIl09ImFjdGl2ZSIsWyJ1c2VyTmFtZSJdPSJweS1zY2lweS8xLjEwLjEiLH0sWyJweS1zZXR1cHRvb2xzIl09e1siZm4iXT0i', 'py_pyyaml_ROOT': '/apps/ops/test/spack-stack-1.6.0-nco/envs/nco-intel-19.1.3.304/install/intel/19.1.3.304/py-pyyaml-5.4.1-afvmuaf', 'FHCYC': 1, 'COM_ATMOS_HISTORY_TMPL': '${ROTDIR}/${RUN}.${YMD}/${HH}/${MEMDIR}/model/atmos/history', 'COM_OCEAN_BMATRIX_TMPL': '${ROTDIR}/${RUN}.${YMD}/${HH}/${MEMDIR}/bmatrix/ocean', 'LMOD_AVAIL_STYLE': 'en_grouped:system', 'ICERES': 25, 'JCB_BASE_YAML': '/lfs/h2/emc/global/noscrub/emc.global/RETRO_GFSv17/git/global-workflow/develop_20250602/parm/gdas/stat/aero/jcb-base.yaml.j2', '_ModuleTable058_': 'LFsiZnVsbE5hbWUiXT0idXRpbC1saW51eC11dWlkLzIuMzguMSIsWyJsb2FkT3JkZXIiXT0xMixwcm9wVD17fSxbInJlZl9jb3VudCJdPTEsWyJzdGFja0RlcHRoIl09MyxbInN0YXR1cyJdPSJhY3RpdmUiLFsidXNlck5hbWUiXT0idXRpbC1saW51eC11dWlkLzIuMzguMSIsfSx6bGliPXtbImZuIl09Ii9hcHBzL29wcy90ZXN0L3NwYWNrLXN0YWNrLTEuNi4wLW5jby9lbnZzL25jby1pbnRlbC0xOS4xLjMuMzA0L2luc3RhbGwvbW9kdWxlZmlsZXMvaW50ZWwvMTkuMS4zLjMwNC96bGliLzEuMi4xMy5sdWEiLFsiZnVsbE5hbWUiXT0iemxpYi8xLjIuMTMiLFsibG9hZE9yZGVyIl09MjQscHJvcFQ9e30sWyJyZWZfY291bnQiXT0zLFsic3RhY2tEZXB0aCJdPTEsWyJzdGF0dXMi', 'CRAYPE_NETWORK_TARGET': 'ofi', 'FC': 'ftn', 'DO_METP': True, 'OFFSET_START_HOUR': 0, 'COM_ATMOS_GOES_TMPL': '${ROTDIR}/${RUN}.${YMD}/${HH}/${MEMDIR}/products/atmos/goes_sim', '__LMOD_REF_COUNT_ACLOCAL_PATH': '/apps/ops/test/spack-stack-1.6.0-nco/envs/nco-intel-19.1.3.304/install/intel/19.1.3.304/gsl-2.7.1-kr3c4v5/share/aclocal:2;/usr/share/aclocal:4;/apps/ops/test/spack-stack-1.6.0-nco/envs/nco-intel-19.1.3.304/install/intel/19.1.3.304/curl-8.4.0-zr7lvkw/share/aclocal:2;/apps/ops/test/spack-stack-1.6.0-nco/envs/nco-intel-19.1.3.304/install/intel/19.1.3.304/gettext-0.19.7-2fi4wu4/share/aclocal:2;/apps/ops/test/spack-stack-1.6.0-nco/envs/nco-intel-19.1.3.304/install/intel/19.1.3.304/cmake-3.23.1-chpcsen/share/aclocal:2', 'FHOUT_AERO': 3, 'SENDDBN': False, '__LMOD_REF_COUNT_MANPATH': '/apps/ops/test/spack-stack-1.6.0-nco/envs/nco-intel-19.1.3.304/install/intel/19.1.3.304/libxaw-1.0.13-gdstphl/share/man:2;/apps/ops/test/spack-stack-1.6.0-nco/envs/nco-intel-19.1.3.304/install/intel/19.1.3.304/libxpm-3.5.12-dcjsyoi/share/man:2;/apps/ops/test/spack-stack-1.6.0-nco/envs/nco-intel-19.1.3.304/install/intel/19.1.3.304/libxt-1.1.5-r2mrglu/share/man:2;/apps/ops/test/spack-stack-1.6.0-nco/envs/nco-intel-19.1.3.304/install/intel/19.1.3.304/libpng-1.6.37-3sds4er/share/man:2;/apps/ops/test/spack-stack-1.6.0-nco/envs/nco-intel-19.1.3.304/install/intel/19.1.3.304/libjpeg-turbo-2.1.0-rt44pqr/share/man:2;/apps/ops/test/spack-stack-1.6.0-nco/envs/nco-intel-19.1.3.304/install/intel/19.1.3.304/qhull-2020.2-5ycwudw/share/man:2;/apps/ops/test/spack-stack-1.6.0-nco/envs/nco-intel-19.1.3.304/install/intel/19.1.3.304/fftw-3.3.10-sefnta3/share/man:2;/apps/ops/test/spack-stack-1.6.0-nco/envs/nco-intel-19.1.3.304/install/intel/19.1.3.304/nco-5.0.6-6ykwuoz/share/man:2;/apps/ops/test/spack-stack-1.6.0-nco/envs/nco-intel-19.1.3.304/install/intel/19.1.3.304/gsl-2.7.1-kr3c4v5/share/man:2;/apps/ops/test/spack-stack-1.6.0-nco/envs/nco-intel-19.1.3.304/install/intel/19.1.3.304/netcdf-fortran-4.6.1-b4geqvx/share/man:2;/apps/ops/test/spack-stack-1.6.0-nco/envs/nco-intel-19.1.3.304/install/intel/19.1.3.304/netcdf-c-4.9.2-bcln2jr/share/man:2;/apps/ops/test/spack-stack-1.6.0-nco/envs/nco-intel-19.1.3.304/install/intel/19.1.3.304/parallel-netcdf-1.12.2-77j7vnx/share/man:2;/usr/share/man:5;/apps/ops/test/spack-stack-1.6.0-nco/envs/nco-intel-19.1.3.304/install/intel/19.1.3.304/zlib-1.2.13-yoc3h4p/share/man:2;/apps/ops/test/spack-stack-1.6.0-nco/envs/nco-intel-19.1.3.304/install/intel/19.1.3.304/curl-8.4.0-zr7lvkw/share/man:2;/apps/ops/test/spack-stack-1.6.0-nco/envs/nco-intel-19.1.3.304/install/intel/19.1.3.304/pcre2-10.42-utn3zxn/share/man:2;/apps/ops/test/spack-stack-1.6.0-nco/envs/nco-intel-19.1.3.304/install/intel/19.1.3.304/gettext-0.19.7-2fi4wu4/share/man:2;/apps/ops/test/spack-stack-1.6.0-nco/envs/nco-intel-19.1.3.304/install/intel/19.1.3.304/tar-1.34-e7e3lq2/share/man:2;/apps/ops/test/spack-stack-1.6.0-nco/envs/nco-intel-19.1.3.304/install/intel/19.1.3.304/zstd-1.5.2-pe6gdyf/share/man:2;/apps/ops/test/spack-stack-1.6.0-nco/envs/nco-intel-19.1.3.304/install/intel/19.1.3.304/pigz-2.7-p2s5ywz/man:2;/opt/cray/pals/1.3.2/man:1;/opt/cray/pe/craype/2.7.17/man:1;/apps/ops/test/spack-stack-1.6.0-nco/envs/nco-intel-19.1.3.304/install/intel/19.1.3.304/python-3.10.13-qzt4y2i/share/man:2;/apps/ops/test/spack-stack-1.6.0-nco/envs/nco-intel-19.1.3.304/install/intel/19.1.3.304/util-linux-uuid-2.38.1-jwatqmi/share/man:2;/apps/ops/test/spack-stack-1.6.0-nco/envs/nco-intel-19.1.3.304/install/intel/19.1.3.304/sqlite-3.43.2-onahail/share/man:2;/apps/ops/test/spack-stack-1.6.0-nco/envs/nco-intel-19.1.3.304/install/intel/19.1.3.304/libxcrypt-4.4.35-soueqga/share/man:2;/opt/cray/pe/mpich/8.1.9/ofi/man:1;/opt/cray/pe/mpich/8.1.9/man/mpich:1;/opt/cray/share/man:1;/pe/intel/man/common:1;/pe/intel/compilers_and_libraries_2020.4.304/linux/mpi/man:1;/pe/intel/documentation_2020/en/debugger/gdb-ia/man:1;/usr/share/lmod/lmod/share/man:1;/opt/c3/man:1;/opt/pbs/share/man:1', '_ModuleTable006_': 'YXBwcy9vcHMvdGVzdC9zcGFjay1zdGFjay0xLjYuMC1uY28vZW52cy9uY28taW50ZWwtMTkuMS4zLjMwNC9pbnN0YWxsL21vZHVsZWZpbGVzL2ludGVsLzE5LjEuMy4zMDQvY21ha2UvMy4yMy4xLmx1YSIsWyJmdWxsTmFtZSJdPSJjbWFrZS8zLjIzLjEiLFsibG9hZE9yZGVyIl09MTcscHJvcFQ9e30sWyJyZWZfY291bnQiXT0xLFsic3RhY2tEZXB0aCJdPTEsWyJzdGF0dXMiXT0iYWN0aXZlIixbInVzZXJOYW1lIl09ImNtYWtlLzMuMjMuMSIsfSxbImNyYXktbXBpY2giXT17WyJmbiJdPSIvb3B0L2NyYXkvcGUvbG1vZC9tb2R1bGVmaWxlcy9jb21uZXQvaW50ZWwvMTkuMC9vZmkvMS4wL2NyYXktbXBpY2gvOC4xLjkubHVhIixbImZ1bGxOYW1lIl09ImNyYXktbXBpY2gvOC4x', '_ModuleTable003_': 'VD17fSxbInN0YWNrRGVwdGgiXT0yLFsic3RhdHVzIl09ImFjdGl2ZSIsWyJ1c2VyTmFtZSJdPSJQcmdFbnYtaW50ZWwvOC4zLjMiLH0sYW50bHI9e1siZm4iXT0iL2FwcHMvb3BzL3Rlc3Qvc3BhY2stc3RhY2stMS42LjAtbmNvL2VudnMvbmNvLWludGVsLTE5LjEuMy4zMDQvaW5zdGFsbC9tb2R1bGVmaWxlcy9pbnRlbC8xOS4xLjMuMzA0L2FudGxyLzIuNy43Lmx1YSIsWyJmdWxsTmFtZSJdPSJhbnRsci8yLjcuNyIsWyJsb2FkT3JkZXIiXT0zMyxwcm9wVD17fSxbInJlZl9jb3VudCJdPTEsWyJzdGFja0RlcHRoIl09MixbInN0YXR1cyJdPSJhY3RpdmUiLFsidXNlck5hbWUiXT0iYW50bHIvMi43LjciLH0sYXRsYXM9e1siZm4iXT0iL2FwcHMvb3BzL3Rlc3Qvc3BhY2stc3Rh', 'HDF5_DIR': '/apps/ops/test/spack-stack-1.6.0-nco/envs/nco-intel-19.1.3.304/install/intel/19.1.3.304/hdf5-1.14.0-yckaywr', 'INTEL_LICENSE_FILE': '/pe/intel/compilers_and_libraries_2020.4.304/linux/licenses:/opt/intel/licenses:/intel/licenses', 'MPICC': 'mpicc', 'machine': 'WCOSS2', 'LMOD_ROOT': '/usr/share/lmod', 'DO_GOES': False, '_ModuleTable040_': 'Mi4xLjMiLH0sWyJweS1uZXRjZGY0Il09e1siZm4iXT0iL2FwcHMvb3BzL3Rlc3Qvc3BhY2stc3RhY2stMS42LjAtbmNvL2VudnMvbmNvLWludGVsLTE5LjEuMy4zMDQvaW5zdGFsbC9tb2R1bGVmaWxlcy9jcmF5LW1waWNoLzguMS45L2ludGVsLzE5LjEuMy4zMDQvcHktbmV0Y2RmNC8xLjUuOC5sdWEiLFsiZnVsbE5hbWUiXT0icHktbmV0Y2RmNC8xLjUuOCIsWyJsb2FkT3JkZXIiXT02NCxwcm9wVD17fSxbInN0YWNrRGVwdGgiXT0xLFsic3RhdHVzIl09ImFjdGl2ZSIsWyJ1c2VyTmFtZSJdPSJweS1uZXRjZGY0LzEuNS44Iix9LFsicHktbnVtZXhwciJdPXtbImZuIl09Ii9hcHBzL29wcy90ZXN0L3NwYWNrLXN0YWNrLTEuNi4wLW5jby9lbnZzL25jby1pbnRlbC0xOS4xLjMu', 'COM_ATMOS_MINMON_TMPL': '${ROTDIR}/${RUN}.${YMD}/${HH}/${MEMDIR}/products/atmos/minmon', 'CLUSTERS': '', '_ModuleTable022_': 'LW5jby9lbnZzL25jby1pbnRlbC0xOS4xLjMuMzA0L2luc3RhbGwvbW9kdWxlZmlsZXMvaW50ZWwvMTkuMS4zLjMwNC9saWJ4YXcvMS4wLjEzLmx1YSIsWyJmdWxsTmFtZSJdPSJsaWJ4YXcvMS4wLjEzIixbImxvYWRPcmRlciJdPTU3LHByb3BUPXt9LFsicmVmX2NvdW50Il09MSxbInN0YWNrRGVwdGgiXT0xLFsic3RhdHVzIl09ImFjdGl2ZSIsWyJ1c2VyTmFtZSJdPSJsaWJ4YXcvMS4wLjEzIix9LGxpYnhjcnlwdD17WyJmbiJdPSIvYXBwcy9vcHMvdGVzdC9zcGFjay1zdGFjay0xLjYuMC1uY28vZW52cy9uY28taW50ZWwtMTkuMS4zLjMwNC9pbnN0YWxsL21vZHVsZWZpbGVzL2ludGVsLzE5LjEuMy4zMDQvbGlieGNyeXB0LzQuNC4zNS5sdWEiLFsiZnVsbE5hbWUiXT0ibGli', '_ModuleTable050_': 'dGVsLzE5LjEuMy4zMDQvcHktc2l4LzEuMTYuMC5sdWEiLFsiZnVsbE5hbWUiXT0icHktc2l4LzEuMTYuMCIsWyJsb2FkT3JkZXIiXT03NSxwcm9wVD17fSxbInJlZl9jb3VudCJdPTEsWyJzdGFja0RlcHRoIl09MyxbInN0YXR1cyJdPSJhY3RpdmUiLFsidXNlck5hbWUiXT0icHktc2l4LzEuMTYuMCIsfSxbInB5LXhhcnJheSJdPXtbImZuIl09Ii9hcHBzL29wcy90ZXN0L3NwYWNrLXN0YWNrLTEuNi4wLW5jby9lbnZzL25jby1pbnRlbC0xOS4xLjMuMzA0L2luc3RhbGwvbW9kdWxlZmlsZXMvaW50ZWwvMTkuMS4zLjMwNC9weS14YXJyYXkvMjAyMy43LjAubHVhIixbImZ1bGxOYW1lIl09InB5LXhhcnJheS8yMDIzLjcuMCIsWyJsb2FkT3JkZXIiXT03MCxwcm9wVD17fSxbInN0', 'FROM_HEADER': '', 'CRAY_MPICH_ROOTDIR': '/opt/cray/pe/mpich/8.1.9', 'openblas_ROOT': '/apps/ops/test/spack-stack-1.6.0-nco/envs/nco-intel-19.1.3.304/install/intel/19.1.3.304/openblas-0.3.24-7qwu32e', '_ModuleTable013_': 'bXBpY2gvOC4xLjkvaW50ZWwvMTkuMS4zLjMwNC9lc21mLzguNS4wLmx1YSIsWyJmdWxsTmFtZSJdPSJlc21mLzguNS4wIixbImxvYWRPcmRlciJdPTQ3LHByb3BUPXt9LFsic3RhY2tEZXB0aCJdPTEsWyJzdGF0dXMiXT0iYWN0aXZlIixbInVzZXJOYW1lIl09ImVzbWYvOC41LjAiLH0sZmNraXQ9e1siZm4iXT0iL2FwcHMvb3BzL3Rlc3Qvc3BhY2stc3RhY2stMS42LjAtbmNvL2VudnMvbmNvLWludGVsLTE5LjEuMy4zMDQvaW5zdGFsbC9tb2R1bGVmaWxlcy9jcmF5LW1waWNoLzguMS45L2ludGVsLzE5LjEuMy4zMDQvZmNraXQvMC4xMS4wLmx1YSIsWyJmdWxsTmFtZSJdPSJmY2tpdC8wLjExLjAiLFsibG9hZE9yZGVyIl09NDUscHJvcFQ9e30sWyJyZWZfY291bnQiXT0xLFsi', 'PBS_O_QUEUE': 'devmax', '_ModuleTable036_': 'LjAuMTQiLFsiZnVsbE5hbWUiXT0icHJvZF91dGlsLzIuMC4xNCIsWyJsb2FkT3JkZXIiXT02MSxwcm9wVD17fSxbInN0YWNrRGVwdGgiXT0xLFsic3RhdHVzIl09ImFjdGl2ZSIsWyJ1c2VyTmFtZSJdPSJwcm9kX3V0aWwvMi4wLjE0Iix9LFsicHktYm90dGxlbmVjayJdPXtbImZuIl09Ii9hcHBzL29wcy90ZXN0L3NwYWNrLXN0YWNrLTEuNi4wLW5jby9lbnZzL25jby1pbnRlbC0xOS4xLjMuMzA0L2luc3RhbGwvbW9kdWxlZmlsZXMvaW50ZWwvMTkuMS4zLjMwNC9weS1ib3R0bGVuZWNrLzEuMy43Lmx1YSIsWyJmdWxsTmFtZSJdPSJweS1ib3R0bGVuZWNrLzEuMy43IixbImxvYWRPcmRlciJdPTczLHByb3BUPXt9LFsicmVmX2NvdW50Il09MSxbInN0YWNrRGVwdGgiXT0yLFsi', 'ILPOST': 1, 'MAIL': '/var/spool/mail/emc.global', 'parallel_netcdf_ROOT': '/apps/ops/test/spack-stack-1.6.0-nco/envs/nco-intel-19.1.3.304/install/intel/19.1.3.304/parallel-netcdf-1.12.2-77j7vnx', 'netcdf_cxx4_ROOT': '/apps/ops/test/spack-stack-1.6.0-nco/envs/nco-intel-19.1.3.304/install/intel/19.1.3.304/netcdf-cxx4-4.3.1-lp7tiyf', 'PE_INTEL_FIXED_PKGCONFIG_PATH': '/opt/cray/pe/mpich/8.1.9/ofi/intel/19.0/lib/pkgconfig', 'NTHREADS_ANLSTAT': 1, 'CXX': 'CC', '_ModuleTable027_': 'Y28vZW52cy9uY28taW50ZWwtMTkuMS4zLjMwNC9pbnN0YWxsL21vZHVsZWZpbGVzL2NyYXktbXBpY2gvOC4xLjkvaW50ZWwvMTkuMS4zLjMwNC9uY28vNS4wLjYubHVhIixbImZ1bGxOYW1lIl09Im5jby81LjAuNiIsWyJsb2FkT3JkZXIiXT0zNSxwcm9wVD17fSxbInN0YWNrRGVwdGgiXT0xLFsic3RhdHVzIl09ImFjdGl2ZSIsWyJ1c2VyTmFtZSJdPSJuY28vNS4wLjYiLH0sbmN2aWV3PXtbImZuIl09Ii9hcHBzL29wcy90ZXN0L3NwYWNrLXN0YWNrLTEuNi4wLW5jby9lbnZzL25jby1pbnRlbC0xOS4xLjMuMzA0L2luc3RhbGwvbW9kdWxlZmlsZXMvY3JheS1tcGljaC84LjEuOS9pbnRlbC8xOS4xLjMuMzA0L25jdmlldy8yLjEuOS5sdWEiLFsiZnVsbE5hbWUiXT0ibmN2aWV3', 'DO_GENESIS': True, 'COM_ATMOS_IMAGERY_TMPL': '${ROTDIR}/${RUN}.${YMD}/${HH}/${MEMDIR}/products/atmos/imagery', 'LMOD_FAMILY_METACOMPILER': 'stack-intel', 'FHMIN_GFS': 0, '_ModuleTable016_': 'b2FkT3JkZXIiXT0yMSxwcm9wVD17fSxbInJlZl9jb3VudCJdPTEsWyJzdGFja0RlcHRoIl09MSxbInN0YXR1cyJdPSJhY3RpdmUiLFsidXNlck5hbWUiXT0iZ2V0dGV4dC8wLjE5LjciLH0sZ2l0PXtbImZuIl09Ii9hcHBzL29wcy90ZXN0L3NwYWNrLXN0YWNrLTEuNi4wLW5jby9lbnZzL25jby1pbnRlbC0xOS4xLjMuMzA0L2luc3RhbGwvbW9kdWxlZmlsZXMvaW50ZWwvMTkuMS4zLjMwNC9naXQvMi4zNS4zLmx1YSIsWyJmdWxsTmFtZSJdPSJnaXQvMi4zNS4zIixbImxvYWRPcmRlciJdPTI1LHByb3BUPXt9LFsic3RhY2tEZXB0aCJdPTEsWyJzdGF0dXMiXT0iYWN0aXZlIixbInVzZXJOYW1lIl09ImdpdC8yLjM1LjMiLH0sWyJnaXQtbGZzIl09e1siZm4iXT0iL2FwcHMvcHJv', 'binary_diag': False, 'ntiles': 6, 'DO_MERGENSST': False, 'LESSKEY': '/etc/lesskey.bin', '__LMOD_REF_COUNT_PE_MPICH_GENCOMPILERS_INTEL': '19.0:1', 'YAML_LIB': '/apps/ops/test/spack-stack-1.6.0-nco/envs/nco-intel-19.1.3.304/install/intel/19.1.3.304/libyaml-0.2.5-ygjrdvo/lib', '_ModuleTable009_': 'Ii9vcHQvY3JheS9wZS9sbW9kL21vZHVsZWZpbGVzL2NyYXlwZS10YXJnZXRzL2RlZmF1bHQvY3JheXBlLXg4Ni1yb21lLmx1YSIsWyJmdWxsTmFtZSJdPSJjcmF5cGUteDg2LXJvbWUiLFsibG9hZE9yZGVyIl09MSxwcm9wVD17fSxbInN0YWNrRGVwdGgiXT0xLFsic3RhdHVzIl09ImFjdGl2ZSIsWyJ1c2VyTmFtZSJdPSJjcmF5cGUteDg2LXJvbWUiLH0sY3VybD17WyJmbiJdPSIvYXBwcy9vcHMvdGVzdC9zcGFjay1zdGFjay0xLjYuMC1uY28vZW52cy9uY28taW50ZWwtMTkuMS4zLjMwNC9pbnN0YWxsL21vZHVsZWZpbGVzL2ludGVsLzE5LjEuMy4zMDQvY3VybC84LjQuMC5sdWEiLFsiZnVsbE5hbWUiXT0iY3VybC84LjQuMCIsWyJsb2FkT3JkZXIiXT0yMyxwcm9wVD17fSxb', 'SHELL': '/bin/bash', 'DUMP_SUFFIX': '', 'CRAY_MPICH_VER': '8.1.9', 'FIXgsi': '/lfs/h2/emc/global/noscrub/emc.global/RETRO_GFSv17/git/global-workflow/develop_20250602/fix/gsi', 'LMOD_ADMIN_FILE': '/apps/prod/lmodules/admin.list', 'OCNRES': 25, 'COMROOT': '/lfs/h2/emc/ptmp/emc.global/RETRO_GFSv17/comroot', 'FIXgdas': '/lfs/h2/emc/global/noscrub/emc.global/RETRO_GFSv17/git/global-workflow/develop_20250602/fix/gdas', 'LMOD_CUSTOM_COMPILER_GNU_8_0_UCX_1_0_PREFIX': '/apps/prod/lmodules/gcc/11.2.0:/apps/prod/lmodules/gcc/10.2.0', 'NMV': '/bin/mv', 'PE_MPICH_FIXED_PRGENV': 'INTEL', 'FIXcice': '/lfs/h2/emc/global/noscrub/emc.global/RETRO_GFSv17/git/global-workflow/develop_20250602/fix/cice', 'LMOD_CUSTOM_COMPILER_CRAYCLANG_10_0_PREFIX': '/apps/prod/lmodules/cce/13.0.0:/apps/prod/lmodules/cce/12.0.3:/apps/prod/lmodules/cce/11.0.4', 'lmod_prefix_path': '/usr/share', 'CLIENT_GLOBUS_UUID': '{{ CLIENT_GLOBUS_UUID }}', 'COMINecmwf': '/lfs/h2/emc/global/noscrub/emc.global/data/external_gempak/ecmwf', 'restart_interval_gdas': 3, 'LMOD_FAMILY_PRGENV': 'PrgEnv-intel', 'SDATE_GFS': datetime.datetime(2024, 11, 15, 12, 0), 'CASE': 'C1152', '_ModuleTable_Sz_': 64, 'APP': 'S2SW', 'DO_COUPLED': True, 'libxaw_ROOT': '/apps/ops/test/spack-stack-1.6.0-nco/envs/nco-intel-19.1.3.304/install/intel/19.1.3.304/libxaw-1.0.13-gdstphl', 'NCLEN': '/lfs/h2/emc/global/noscrub/emc.global/RETRO_GFSv17/git/global-workflow/develop_20250602/ush/getncdimlen', '__LMOD_REF_COUNT_CPATH': '/apps/ops/test/spack-stack-1.6.0-nco/envs/nco-intel-19.1.3.304/install/intel/19.1.3.304/libyaml-0.2.5-ygjrdvo/include:1;/apps/ops/test/spack-stack-1.6.0-nco/envs/nco-intel-19.1.3.304/install/intel/19.1.3.304/py-pybind11-2.11.1-wdb6paz/include:1;/apps/ops/test/spack-stack-1.6.0-nco/envs/nco-intel-19.1.3.304/install/intel/19.1.3.304/netcdf-cxx4-4.3.1-lp7tiyf/include:1;/apps/ops/test/spack-stack-1.6.0-nco/envs/nco-intel-19.1.3.304/install/intel/19.1.3.304/udunits-2.2.28-wmjzel4/include:1;/apps/ops/test/spack-stack-1.6.0-nco/envs/nco-intel-19.1.3.304/install/intel/19.1.3.304/libxaw-1.0.13-gdstphl/include:1;/apps/ops/test/spack-stack-1.6.0-nco/envs/nco-intel-19.1.3.304/install/intel/19.1.3.304/libxpm-3.5.12-dcjsyoi/include:1;/apps/ops/test/spack-stack-1.6.0-nco/envs/nco-intel-19.1.3.304/install/intel/19.1.3.304/libxmu-1.1.4-xhe6hjc/include:1;/apps/ops/test/spack-stack-1.6.0-nco/envs/nco-intel-19.1.3.304/install/intel/19.1.3.304/libxt-1.1.5-r2mrglu/include:1;/apps/ops/test/spack-stack-1.6.0-nco/envs/nco-intel-19.1.3.304/install/intel/19.1.3.304/libpng-1.6.37-3sds4er/include:1;/apps/ops/test/spack-stack-1.6.0-nco/envs/nco-intel-19.1.3.304/install/intel/19.1.3.304/libjpeg-turbo-2.1.0-rt44pqr/include:1;/apps/ops/test/spack-stack-1.6.0-nco/envs/nco-intel-19.1.3.304/install/intel/19.1.3.304/gsl-lite-0.37.0-7zi7wss/include:1;/apps/ops/test/spack-stack-1.6.0-nco/envs/nco-intel-19.1.3.304/install/intel/19.1.3.304/ecmwf-atlas-0.35.0-42ufhdx/include:1;/apps/ops/test/spack-stack-1.6.0-nco/envs/nco-intel-19.1.3.304/install/intel/19.1.3.304/qhull-2020.2-5ycwudw/include:1;/apps/ops/test/spack-stack-1.6.0-nco/envs/nco-intel-19.1.3.304/install/intel/19.1.3.304/esmf-8.5.0-7huplmy/include:1;/apps/ops/test/spack-stack-1.6.0-nco/envs/nco-intel-19.1.3.304/install/intel/19.1.3.304/fckit-0.11.0-7qg4hhj/include:1;/apps/ops/test/spack-stack-1.6.0-nco/envs/nco-intel-19.1.3.304/install/intel/19.1.3.304/fftw-3.3.10-sefnta3/include:1;/apps/ops/test/spack-stack-1.6.0-nco/envs/nco-intel-19.1.3.304/install/intel/19.1.3.304/eckit-1.24.5-isrgc5y/include:1;/apps/ops/test/spack-stack-1.6.0-nco/envs/nco-intel-19.1.3.304/install/intel/19.1.3.304/openblas-0.3.24-7qwu32e/include:1;/apps/ops/test/spack-stack-1.6.0-nco/envs/nco-intel-19.1.3.304/install/intel/19.1.3.304/eigen-3.4.0-7qdffiv/include/eigen3:1;/apps/ops/test/spack-stack-1.6.0-nco/envs/nco-intel-19.1.3.304/install/intel/19.1.3.304/eigen-3.4.0-7qdffiv/include:1;/apps/ops/test/spack-stack-1.6.0-nco/envs/nco-intel-19.1.3.304/install/intel/19.1.3.304/openjpeg-2.5.0-ulqgnem/include:1;/apps/ops/test/spack-stack-1.6.0-nco/envs/nco-intel-19.1.3.304/install/intel/19.1.3.304/bufr-12.0.1-tirva7g/include:1;/apps/ops/test/spack-stack-1.6.0-nco/envs/nco-intel-19.1.3.304/install/intel/19.1.3.304/boost-1.83.0-nqtmt7k/include:1;/apps/ops/test/spack-stack-1.6.0-nco/envs/nco-intel-19.1.3.304/install/intel/19.1.3.304/parallelio-2.5.10-3rkk43u/include:1;/apps/ops/test/spack-stack-1.6.0-nco/envs/nco-intel-19.1.3.304/install/intel/19.1.3.304/gsl-2.7.1-kr3c4v5/include:1;/apps/ops/test/spack-stack-1.6.0-nco/envs/nco-intel-19.1.3.304/install/intel/19.1.3.304/antlr-2.7.7-hoqq24u/include:1;/apps/ops/test/spack-stack-1.6.0-nco/envs/nco-intel-19.1.3.304/install/intel/19.1.3.304/netcdf-fortran-4.6.1-b4geqvx/include:1;/apps/ops/test/spack-stack-1.6.0-nco/envs/nco-intel-19.1.3.304/install/intel/19.1.3.304/netcdf-c-4.9.2-bcln2jr/include:1;/apps/ops/test/spack-stack-1.6.0-nco/envs/nco-intel-19.1.3.304/install/intel/19.1.3.304/parallel-netcdf-1.12.2-77j7vnx/include:1;/apps/ops/test/spack-stack-1.6.0-nco/envs/nco-intel-19.1.3.304/install/intel/19.1.3.304/hdf5-1.14.0-yckaywr/include:1;/apps/ops/test/spack-stack-1.6.0-nco/envs/nco-intel-19.1.3.304/install/intel/19.1.3.304/zlib-1.2.13-yoc3h4p/include:1;/apps/ops/test/spack-stack-1.6.0-nco/envs/nco-intel-19.1.3.304/install/intel/19.1.3.304/curl-8.4.0-zr7lvkw/include:1;/apps/ops/test/spack-stack-1.6.0-nco/envs/nco-intel-19.1.3.304/install/intel/19.1.3.304/pcre2-10.42-utn3zxn/include:1;/apps/ops/test/spack-stack-1.6.0-nco/envs/nco-intel-19.1.3.304/install/intel/19.1.3.304/gettext-0.19.7-2fi4wu4/include:1;/apps/ops/test/spack-stack-1.6.0-nco/envs/nco-intel-19.1.3.304/install/intel/19.1.3.304/zstd-1.5.2-pe6gdyf/include:1;/apps/ops/test/spack-stack-1.6.0-nco/envs/nco-intel-19.1.3.304/install/intel/19.1.3.304/python-3.10.13-qzt4y2i/include:1;/apps/ops/test/spack-stack-1.6.0-nco/envs/nco-intel-19.1.3.304/install/intel/19.1.3.304/util-linux-uuid-2.38.1-jwatqmi/include:1;/apps/ops/test/spack-stack-1.6.0-nco/envs/nco-intel-19.1.3.304/install/intel/19.1.3.304/sqlite-3.43.2-onahail/include:1;/apps/ops/test/spack-stack-1.6.0-nco/envs/nco-intel-19.1.3.304/install/intel/19.1.3.304/libxcrypt-4.4.35-soueqga/include:1;/pe/intel/compilers_and_libraries_2020.4.304/linux/ipp/include:1;/pe/intel/compilers_and_libraries_2020.4.304/linux/mkl/include:1;/pe/intel/compilers_and_libraries_2020.4.304/linux/pstl/include:1;/pe/intel/compilers_and_libraries_2020.4.304/linux/pstl/stdlib:1;/pe/intel/compilers_and_libraries_2020.4.304/linux/tbb/include:2', 'COM_ICE_INPUT_TMPL': '${ROTDIR}/${RUN}.${YMD}/${HH}/${MEMDIR}/model/ice/input', 'DO_TEST_MODE': False, 'XCURSOR_THEME': 'DMZ', 'ecbuild_ROOT': '/apps/ops/test/spack-stack-1.6.0-nco/envs/nco-intel-19.1.3.304/install/intel/19.1.3.304/ecbuild-3.7.2-ovbazu2', 'COM_OCEAN_GRIB_GRID_TMPL': '${ROTDIR}/${RUN}.${YMD}/${HH}/${MEMDIR}/products/ocean/grib2/${GRID}', 'walltime': '00:30:00', 'l4densvar': True, 'pgm': '', '_ModuleTable055_': 'Q29yZS9zdGFjay1pbnRlbC8xOS4xLjMuMzA0Lmx1YSIsWyJmdWxsTmFtZSJdPSJzdGFjay1pbnRlbC8xOS4xLjMuMzA0IixbImxvYWRPcmRlciJdPTUscHJvcFQ9e30sWyJzdGFja0RlcHRoIl09MSxbInN0YXR1cyJdPSJhY3RpdmUiLFsidXNlck5hbWUiXT0ic3RhY2staW50ZWwvMTkuMS4zLjMwNCIsfSxbInN0YWNrLXB5dGhvbiJdPXtbImZuIl09Ii9hcHBzL29wcy90ZXN0L3NwYWNrLXN0YWNrLTEuNi4wLW5jby9lbnZzL25jby1pbnRlbC0xOS4xLjMuMzA0L2luc3RhbGwvbW9kdWxlZmlsZXMvaW50ZWwvMTkuMS4zLjMwNC9zdGFjay1weXRob24vMy4xMC4xMy5sdWEiLFsiZnVsbE5hbWUiXT0ic3RhY2stcHl0aG9uLzMuMTAuMTMiLFsibG9hZE9yZGVyIl09MTQscHJvcFQ9', 'LMOD_FAMILY_COMPILER': 'intel', 'COM_WAVE_GRID_TMPL': '${ROTDIR}/${RUN}.${YMD}/${HH}/${MEMDIR}/products/wave/gridded', '_ModuleTable018_': 'aXZlIixbInVzZXJOYW1lIl09ImdzbC8yLjcuMSIsfSxbImdzbC1saXRlIl09e1siZm4iXT0iL2FwcHMvb3BzL3Rlc3Qvc3BhY2stc3RhY2stMS42LjAtbmNvL2VudnMvbmNvLWludGVsLTE5LjEuMy4zMDQvaW5zdGFsbC9tb2R1bGVmaWxlcy9pbnRlbC8xOS4xLjMuMzA0L2dzbC1saXRlLzAuMzcuMC5sdWEiLFsiZnVsbE5hbWUiXT0iZ3NsLWxpdGUvMC4zNy4wIixbImxvYWRPcmRlciJdPTUxLHByb3BUPXt9LFsic3RhY2tEZXB0aCJdPTEsWyJzdGF0dXMiXT0iYWN0aXZlIixbInVzZXJOYW1lIl09ImdzbC1saXRlLzAuMzcuMCIsfSxoZGY1PXtbImZuIl09Ii9hcHBzL29wcy90ZXN0L3NwYWNrLXN0YWNrLTEuNi4wLW5jby9lbnZzL25jby1pbnRlbC0xOS4xLjMuMzA0L2luc3Rh', 'netcdf_fortran_ROOT': '/apps/ops/test/spack-stack-1.6.0-nco/envs/nco-intel-19.1.3.304/install/intel/19.1.3.304/netcdf-fortran-4.6.1-b4geqvx', 'PDYm6': datetime.datetime(2024, 11, 18, 0, 0), 'PDYm7': datetime.datetime(2024, 11, 17, 0, 0), 'COMIN_ATMOS_ANALYSIS': '/lfs/h2/emc/ptmp/emc.global/RETRO_GFSv17/comroot/retrotestgfs10/gdas.20241124/18//analysis/atmos', 'DO_CA': True, 'PDYm4': datetime.datetime(2024, 11, 20, 0, 0), 'PDYm5': datetime.datetime(2024, 11, 19, 0, 0), 'XLOCALEDIR': '/apps/ops/test/spack-stack-1.6.0-nco/envs/nco-intel-19.1.3.304/install/intel/19.1.3.304/libx11-1.8.4-hhwdypx/share/X11/locale', 'PDYm2': datetime.datetime(2024, 11, 22, 0, 0), 'PDYm3': datetime.datetime(2024, 11, 21, 0, 0), 'PDYm1': datetime.datetime(2024, 11, 23, 0, 0), 'LMOD_FAMILY_METAPYTHON_VERSION': '3.10.13', 'LMOD_CUSTOM_CNCM_CRAYCLANG_10_0_OFI_1_0_X86_ROME_1_0_CRAY_MPICH_8_0_PREFIX': '/apps/prod/lmodules/CCE_cray_mpich/11.0.4/cray-mpich/8.1.4', 'SP_LIB8': '/apps/ops/test/spack-stack-1.6.0-nco/envs/nco-intel-19.1.3.304/install/intel/19.1.3.304/sp-2.5.0-rhcyr64/lib64/libsp_8.a', 'TMOUT': 1800, 'py_f90nml_ROOT': '/apps/ops/test/spack-stack-1.6.0-nco/envs/nco-intel-19.1.3.304/install/intel/19.1.3.304/py-f90nml-1.4.3-rizmifn', 'MAKE_NSSTBUFR': False, 'PYTHON_VERSION': 3.1, 'COM_OCEAN_INPUT_TMPL': '${ROTDIR}/${RUN}.${YMD}/${HH}/${MEMDIR}/model/ocean/input', 'SP_LIB4': '/apps/ops/test/spack-stack-1.6.0-nco/envs/nco-intel-19.1.3.304/install/intel/19.1.3.304/sp-2.5.0-rhcyr64/lib64/libsp_4.a', 'DATAROOT': '/lfs/h2/emc/stmp/emc.global/RUNDIRS/retrotestgfs10/gdas.2024112418', 'APRUN_ANLSTAT': 'mpiexec -l -n 20', 'JEDIEXE': '/lfs/h2/emc/global/noscrub/emc.global/RETRO_GFSv17/git/global-workflow/develop_20250602/sorc/gdas.cd/build/bin/ioda-stats.x', 'DO_OCN': True, '_ModuleTable035_': 'dXNlck5hbWUiXT0icGlnei8yLjciLH0sWyJwa2ctY29uZmlnIl09e1siZm4iXT0iL2FwcHMvb3BzL3Rlc3Qvc3BhY2stc3RhY2stMS42LjAtbmNvL2VudnMvbmNvLWludGVsLTE5LjEuMy4zMDQvaW5zdGFsbC9tb2R1bGVmaWxlcy9pbnRlbC8xOS4xLjMuMzA0L3BrZy1jb25maWcvMC4yOS4yLmx1YSIsWyJmdWxsTmFtZSJdPSJwa2ctY29uZmlnLzAuMjkuMiIsWyJsb2FkT3JkZXIiXT0yNyxwcm9wVD17fSxbInJlZl9jb3VudCJdPTEsWyJzdGFja0RlcHRoIl09MSxbInN0YXR1cyJdPSJhY3RpdmUiLFsidXNlck5hbWUiXT0icGtnLWNvbmZpZy8wLjI5LjIiLH0scHJvZF91dGlsPXtbImZuIl09Ii9hcHBzL29wcy9wcm9kL25jby9tb2R1bGVmaWxlcy9jb3JlL3Byb2RfdXRpbC8y', 'FIXaer': '/lfs/h2/emc/global/noscrub/emc.global/RETRO_GFSv17/git/global-workflow/develop_20250602/fix/aer', 'gsl_lite_ROOT': '/apps/ops/test/spack-stack-1.6.0-nco/envs/nco-intel-19.1.3.304/install/intel/19.1.3.304/gsl-lite-0.37.0-7zi7wss', 'DO_GEMPAK': False, 'PYTHONSTARTUP': '/etc/pythonstart', 'COMIN_OCEAN_ANALYSIS': '/lfs/h2/emc/ptmp/emc.global/RETRO_GFSv17/comroot/retrotestgfs10/gdas.20241124/18//analysis/ocean', 'FHMAX_HF_WAV': 120, 'SHLVL': 4, 'LANGUAGE': 'en_US.UTF-8', 'PALS_PING_PERIOD': 0, 'libyaml_ROOT': '/apps/ops/test/spack-stack-1.6.0-nco/envs/nco-intel-19.1.3.304/install/intel/19.1.3.304/libyaml-0.2.5-ygjrdvo', 'ENKF_SPREAD': True, 'PBS_O_HOST': 'dlogin06', 'ARCHCOM_TO': 'hpss', 'HOMEgfs': '/lfs/h2/emc/global/noscrub/emc.global/RETRO_GFSv17/git/global-workflow/develop_20250602', 'DEBUG_POSTSCRIPT': False, 'G_FILENAME_ENCODING': ['@locale', 'UTF-8', 'ISO-8859-15', 'CP1252'], 'PYTHONPATH': '/apps/ops/test/spack-stack-1.6.0-nco/envs/nco-intel-19.1.3.304/install/intel/19.1.3.304/py-packaging-23.1-2qpd5mc/lib/python3.10/site-packages:/apps/ops/test/spack-stack-1.6.0-nco/envs/nco-intel-19.1.3.304/install/intel/19.1.3.304/py-cftime-1.0.3.4-dka7hny/lib/python3.10/site-packages:/apps/ops/test/spack-stack-1.6.0-nco/envs/nco-intel-19.1.3.304/install/intel/19.1.3.304/py-numpy-1.24.4-yosem2k/lib/python3.10/site-packages:/apps/ops/test/spack-stack-1.6.0-nco/envs/nco-intel-19.1.3.304/install/intel/19.1.3.304/py-markupsafe-2.1.3-45ywjnp/lib/python3.10/site-packages:/apps/ops/test/spack-stack-1.6.0-nco/envs/nco-intel-19.1.3.304/install/intel/19.1.3.304/py-pandas-1.5.3-u3wc7uc/lib/python3.10/site-packages:/apps/ops/test/spack-stack-1.6.0-nco/envs/nco-intel-19.1.3.304/install/intel/19.1.3.304/py-pytz-2023.3-yebggst/lib/python3.10/site-packages:/apps/ops/test/spack-stack-1.6.0-nco/envs/nco-intel-19.1.3.304/install/intel/19.1.3.304/py-python-dateutil-2.8.2-mes6fwe/lib/python3.10/site-packages:/apps/ops/test/spack-stack-1.6.0-nco/envs/nco-intel-19.1.3.304/install/intel/19.1.3.304/py-six-1.16.0-u4sv6sb/lib/python3.10/site-packages:/apps/ops/test/spack-stack-1.6.0-nco/envs/nco-intel-19.1.3.304/install/intel/19.1.3.304/py-numexpr-2.8.4-2rtg4mi/lib/python3.10/site-packages:/apps/ops/test/spack-stack-1.6.0-nco/envs/nco-intel-19.1.3.304/install/intel/19.1.3.304/py-bottleneck-1.3.7-oolvw5k/lib/python3.10/site-packages:/apps/ops/test/spack-stack-1.6.0-nco/envs/nco-intel-19.1.3.304/install/intel/19.1.3.304/py-pip-23.1.2-ohrscnx/lib/python3.10/site-packages:/apps/ops/test/spack-stack-1.6.0-nco/envs/nco-intel-19.1.3.304/install/intel/19.1.3.304/py-f90nml-1.4.3-rizmifn/lib/python3.10/site-packages:/apps/ops/test/spack-stack-1.6.0-nco/envs/nco-intel-19.1.3.304/install/intel/19.1.3.304/py-xarray-2023.7.0-jj7syqa/lib/python3.10/site-packages:/apps/ops/test/spack-stack-1.6.0-nco/envs/nco-intel-19.1.3.304/install/intel/19.1.3.304/py-scipy-1.10.1-236sa7x/lib/python3.10/site-packages:/apps/ops/test/spack-stack-1.6.0-nco/envs/nco-intel-19.1.3.304/install/intel/19.1.3.304/py-pyyaml-5.4.1-afvmuaf/lib/python3.10/site-packages:/apps/ops/test/spack-stack-1.6.0-nco/envs/nco-intel-19.1.3.304/install/intel/19.1.3.304/py-pycodestyle-2.11.0-bh2jlm5/lib/python3.10/site-packages:/apps/ops/test/spack-stack-1.6.0-nco/envs/nco-intel-19.1.3.304/install/intel/19.1.3.304/py-pybind11-2.11.1-wdb6paz/lib/python3.10/site-packages:/apps/ops/test/spack-stack-1.6.0-nco/envs/nco-intel-19.1.3.304/install/intel/19.1.3.304/py-netcdf4-1.5.8-6kubnk6/lib/python3.10/site-packages:/apps/ops/test/spack-stack-1.6.0-nco/envs/nco-intel-19.1.3.304/install/intel/19.1.3.304/py-jinja2-3.1.2-vbbttij/lib/python3.10/site-packages:/apps/ops/test/spack-stack-1.6.0-nco/envs/nco-intel-19.1.3.304/install/intel/19.1.3.304/py-setuptools-63.4.3-rg7efar/lib/python3.10/site-packages:/apps/ops/prod/nco/core/prod_util.v2.0.14/ush:/apps/ops/test/spack-stack-1.6.0-nco/envs/nco-intel-19.1.3.304/install/intel/19.1.3.304/bufr-12.0.1-tirva7g/lib64/python3.10/site-packages:/apps/ops/test/spack-stack-1.6.0-nco/envs/nco-intel-19.1.3.304/install/intel/19.1.3.304/bufr-12.0.1-tirva7g/lib/python3.10/site-packages:/lfs/h2/emc/global/noscrub/emc.global/RETRO_GFSv17/git/global-workflow/develop_20250602/ush:/lfs/h2/emc/global/noscrub/emc.global/RETRO_GFSv17/git/global-workflow/develop_20250602/ush/python::/lfs/h2/emc/global/noscrub/emc.global/RETRO_GFSv17/git/global-workflow/develop_20250602/sorc/gdas.cd/build/lib/python3.10/', 'MPIF77': 'mpif77', 'LMOD_CUSTOM_COMPILER_INTEL_19_0_UCX_1_0_PREFIX': '/apps/prod/lmodules/intel/19.1.3.304:/apps/ops/prod/libs/modulefiles/compiler/intel/19.1.3.304:/apps/ops/prod/nco/modulefiles/compiler/intel/19.1.3.304', 'HPC_OPT': '/apps/ops/prod/libs', 'ACLOCAL_PATH': '/apps/ops/test/spack-stack-1.6.0-nco/envs/nco-intel-19.1.3.304/install/intel/19.1.3.304/gsl-2.7.1-kr3c4v5/share/aclocal:/usr/share/aclocal:/apps/ops/test/spack-stack-1.6.0-nco/envs/nco-intel-19.1.3.304/install/intel/19.1.3.304/curl-8.4.0-zr7lvkw/share/aclocal:/apps/ops/test/spack-stack-1.6.0-nco/envs/nco-intel-19.1.3.304/install/intel/19.1.3.304/gettext-0.19.7-2fi4wu4/share/aclocal:/apps/ops/test/spack-stack-1.6.0-nco/envs/nco-intel-19.1.3.304/install/intel/19.1.3.304/cmake-3.23.1-chpcsen/share/aclocal', 'PBS_O_SYSTEM': 'Linux', 'netcdf_diag': True, 'DO_WAVE': True, 'MANPATH': '/apps/ops/test/spack-stack-1.6.0-nco/envs/nco-intel-19.1.3.304/install/intel/19.1.3.304/libxaw-1.0.13-gdstphl/share/man:/apps/ops/test/spack-stack-1.6.0-nco/envs/nco-intel-19.1.3.304/install/intel/19.1.3.304/libxpm-3.5.12-dcjsyoi/share/man:/apps/ops/test/spack-stack-1.6.0-nco/envs/nco-intel-19.1.3.304/install/intel/19.1.3.304/libxt-1.1.5-r2mrglu/share/man:/apps/ops/test/spack-stack-1.6.0-nco/envs/nco-intel-19.1.3.304/install/intel/19.1.3.304/libpng-1.6.37-3sds4er/share/man:/apps/ops/test/spack-stack-1.6.0-nco/envs/nco-intel-19.1.3.304/install/intel/19.1.3.304/libjpeg-turbo-2.1.0-rt44pqr/share/man:/apps/ops/test/spack-stack-1.6.0-nco/envs/nco-intel-19.1.3.304/install/intel/19.1.3.304/qhull-2020.2-5ycwudw/share/man:/apps/ops/test/spack-stack-1.6.0-nco/envs/nco-intel-19.1.3.304/install/intel/19.1.3.304/fftw-3.3.10-sefnta3/share/man:/apps/ops/test/spack-stack-1.6.0-nco/envs/nco-intel-19.1.3.304/install/intel/19.1.3.304/nco-5.0.6-6ykwuoz/share/man:/apps/ops/test/spack-stack-1.6.0-nco/envs/nco-intel-19.1.3.304/install/intel/19.1.3.304/gsl-2.7.1-kr3c4v5/share/man:/apps/ops/test/spack-stack-1.6.0-nco/envs/nco-intel-19.1.3.304/install/intel/19.1.3.304/netcdf-fortran-4.6.1-b4geqvx/share/man:/apps/ops/test/spack-stack-1.6.0-nco/envs/nco-intel-19.1.3.304/install/intel/19.1.3.304/netcdf-c-4.9.2-bcln2jr/share/man:/apps/ops/test/spack-stack-1.6.0-nco/envs/nco-intel-19.1.3.304/install/intel/19.1.3.304/parallel-netcdf-1.12.2-77j7vnx/share/man:/usr/share/man:/apps/ops/test/spack-stack-1.6.0-nco/envs/nco-intel-19.1.3.304/install/intel/19.1.3.304/zlib-1.2.13-yoc3h4p/share/man:/apps/ops/test/spack-stack-1.6.0-nco/envs/nco-intel-19.1.3.304/install/intel/19.1.3.304/curl-8.4.0-zr7lvkw/share/man:/apps/ops/test/spack-stack-1.6.0-nco/envs/nco-intel-19.1.3.304/install/intel/19.1.3.304/pcre2-10.42-utn3zxn/share/man:/apps/ops/test/spack-stack-1.6.0-nco/envs/nco-intel-19.1.3.304/install/intel/19.1.3.304/gettext-0.19.7-2fi4wu4/share/man:/apps/ops/test/spack-stack-1.6.0-nco/envs/nco-intel-19.1.3.304/install/intel/19.1.3.304/tar-1.34-e7e3lq2/share/man:/apps/ops/test/spack-stack-1.6.0-nco/envs/nco-intel-19.1.3.304/install/intel/19.1.3.304/zstd-1.5.2-pe6gdyf/share/man:/apps/ops/test/spack-stack-1.6.0-nco/envs/nco-intel-19.1.3.304/install/intel/19.1.3.304/pigz-2.7-p2s5ywz/man:/opt/cray/pals/1.3.2/man:/opt/cray/pe/craype/2.7.17/man:/apps/ops/test/spack-stack-1.6.0-nco/envs/nco-intel-19.1.3.304/install/intel/19.1.3.304/python-3.10.13-qzt4y2i/share/man:/apps/ops/test/spack-stack-1.6.0-nco/envs/nco-intel-19.1.3.304/install/intel/19.1.3.304/util-linux-uuid-2.38.1-jwatqmi/share/man:/apps/ops/test/spack-stack-1.6.0-nco/envs/nco-intel-19.1.3.304/install/intel/19.1.3.304/sqlite-3.43.2-onahail/share/man:/apps/ops/test/spack-stack-1.6.0-nco/envs/nco-intel-19.1.3.304/install/intel/19.1.3.304/libxcrypt-4.4.35-soueqga/share/man:/opt/cray/pe/mpich/8.1.9/ofi/man:/opt/cray/pe/mpich/8.1.9/man/mpich:/opt/cray/share/man:/pe/intel/man/common:/pe/intel/compilers_and_libraries_2020.4.304/linux/mpi/man:/pe/intel/documentation_2020/en/debugger/gdb-ia/man:/usr/share/lmod/lmod/share/man:/opt/c3/man:/opt/pbs/share/man::', 'COMIN_AERO_ANALYSIS': '/lfs/h2/emc/ptmp/emc.global/RETRO_GFSv17/comroot/retrotestgfs10/gdas.20241124/18//analysis/chem', '__LMOD_REF_COUNT_CLASSPATH': '/pe/intel/compilers_and_libraries_2020.4.304/linux/mpi/intel64/lib/mpi.jar:1', 'NET': 'gfs', 'INTEL_PATH': '/pe/intel/compilers_and_libraries_2020.4.304', 'LMOD_FAMILY_METAMPI': 'stack-cray-mpich', 'CASE_ENS': 'C384', 'SP_LIBd': '/apps/ops/test/spack-stack-1.6.0-nco/envs/nco-intel-19.1.3.304/install/intel/19.1.3.304/sp-2.5.0-rhcyr64/lib64/libsp_d.a', 'DO_PREP_OBS_AERO': False, '_ModuleTable028_': 'LzIuMS45IixbImxvYWRPcmRlciJdPTU5LHByb3BUPXt9LFsic3RhY2tEZXB0aCJdPTEsWyJzdGF0dXMiXT0iYWN0aXZlIixbInVzZXJOYW1lIl09Im5jdmlldy8yLjEuOSIsfSxbIm5ldGNkZi1jIl09e1siZm4iXT0iL2FwcHMvb3BzL3Rlc3Qvc3BhY2stc3RhY2stMS42LjAtbmNvL2VudnMvbmNvLWludGVsLTE5LjEuMy4zMDQvaW5zdGFsbC9tb2R1bGVmaWxlcy9jcmF5LW1waWNoLzguMS45L2ludGVsLzE5LjEuMy4zMDQvbmV0Y2RmLWMvNC45LjIubHVhIixbImZ1bGxOYW1lIl09Im5ldGNkZi1jLzQuOS4yIixbImxvYWRPcmRlciJdPTMwLHByb3BUPXt9LFsicmVmX2NvdW50Il09OSxbInN0YWNrRGVwdGgiXT0xLFsic3RhdHVzIl09ImFjdGl2ZSIsWyJ1c2VyTmFtZSJdPSJu', 'INTEL_VERSION': '19.1.3.304', 'MPICH_DIR': '/opt/cray/pe/mpich/8.1.9/ofi/intel/19.0', 'OSCAR_HOME': '/opt/oscar', 'STAT_BASE_CONFIG_YAML': '/lfs/h2/emc/global/noscrub/emc.global/RETRO_GFSv17/git/global-workflow/develop_20250602/parm/gdas/stat_base_config.yaml.j2', 'INCVARS_EFOLD': 5, '_ModuleTable038_': 'Ni4wLW5jby9lbnZzL25jby1pbnRlbC0xOS4xLjMuMzA0L2luc3RhbGwvbW9kdWxlZmlsZXMvaW50ZWwvMTkuMS4zLjMwNC9weS1mOTBubWwvMS40LjMubHVhIixbImZ1bGxOYW1lIl09InB5LWY5MG5tbC8xLjQuMyIsWyJsb2FkT3JkZXIiXT03MSxwcm9wVD17fSxbInN0YWNrRGVwdGgiXT0xLFsic3RhdHVzIl09ImFjdGl2ZSIsWyJ1c2VyTmFtZSJdPSJweS1mOTBubWwvMS40LjMiLH0sWyJweS1qaW5qYTIiXT17WyJmbiJdPSIvYXBwcy9vcHMvdGVzdC9zcGFjay1zdGFjay0xLjYuMC1uY28vZW52cy9uY28taW50ZWwtMTkuMS4zLjMwNC9pbnN0YWxsL21vZHVsZWZpbGVzL2ludGVsLzE5LjEuMy4zMDQvcHktamluamEyLzMuMS4yLmx1YSIsWyJmdWxsTmFtZSJdPSJweS1qaW5q', 'PBS_O_LOGNAME': 'emc.global', 'DOHYBVAR_OCN': True, 'COM_ICE_GRIB_GRID_TMPL': '${ROTDIR}/${RUN}.${YMD}/${HH}/${MEMDIR}/products/ice/grib2/${GRID}', 'FHMAX_WAV_GFS': 384, 'pigz_ROOT': '/apps/ops/test/spack-stack-1.6.0-nco/envs/nco-intel-19.1.3.304/install/intel/19.1.3.304/pigz-2.7-p2s5ywz', 'CLUSTERS_DTN': '', 'PBS_NODENUM': 0, 'MODULEPATH': '/apps/ops/test/spack-stack-1.6.0-nco/envs/nco-intel-19.1.3.304/install/modulefiles/cray-mpich/8.1.9/intel/19.1.3.304:/apps/ops/prod/libs/modulefiles/mpi/intel/19.1.3.304/cray-mpich/8.1.4:/apps/prod/lmodules/INTEL_cray_mpich/19.1.3.304/cray-mpich/8.1.4:/opt/cray/pe/lmod/modulefiles/mpi/intel/19.0/ofi/1.0/cray-mpich/8.0:/opt/cray/pe/lmod/modulefiles/comnet/intel/19.0/ofi/1.0:/opt/cray/pe/lmod/modulefiles/net/ofi/1.0:/apps/ops/test/spack-stack-1.6.0-nco/envs/nco-intel-19.1.3.304/install/modulefiles/intel/19.1.3.304:/apps/ops/prod/nco/modulefiles/compiler/intel/19.1.3.304:/apps/ops/prod/libs/modulefiles/compiler/intel/19.1.3.304:/apps/prod/lmodules/intel/19.1.3.304:/apps/prod/lmodules/compiler/intel/19.0:/apps/ops/test/spack-stack-1.6.0-nco/envs/nco-intel-19.1.3.304/install/modulefiles/Core:/lfs/h2/emc/global/noscrub/emc.global/RETRO_GFSv17/git/global-workflow/develop_20250602/sorc/gdas.cd/modulefiles:/opt/cray/pe/lmod/modulefiles/cpu/x86-rome/1.0:/usr/share/modules:/usr/share/Modules/$MODULE_VERSION/modulefiles:/usr/share/modules/modulefiles:/usr/share/modulefiles/Linux:/usr/share/modulefiles/Core:/usr/share/lmod/lmod/modulefiles/Core:/opt/cray/pe/lmod/modulefiles/core:/opt/cray/pe/lmod/modulefiles/craype-targets/default:/apps/prod/lmodules/sys_core:/apps/ops/prod/nco/modulefiles/core:/apps/prod/lmodules/core:/opt/cray/modulefiles', 'PBS_JOBDIR': '/u/emc.global', 'CRAY_MPICH_DIR': '/opt/cray/pe/mpich/8.1.9/ofi/intel/19.0', 'restart_interval_gfs': 12, 'LMOD_TMOD_FIND_FIRST': True, 'COM_ATMOS_INPUT_TMPL': '${ROTDIR}/${RUN}.${YMD}/${HH}/${MEMDIR}/model/atmos/input', 'LMOD_FAMILY_CRAYPE': 'craype', 'LOGNAME': 'emc.global', 'FSYNC': '/apps/ops/prod/nco/core/prod_util.v2.0.14/exec/fsync_file', '__LMOD_REF_COUNT_XLOCALEDIR': '/apps/ops/test/spack-stack-1.6.0-nco/envs/nco-intel-19.1.3.304/install/intel/19.1.3.304/libx11-1.8.4-hhwdypx/share/X11/locale:4', 'COM_MED_RESTART_TMPL': '${ROTDIR}/${RUN}.${YMD}/${HH}/${MEMDIR}/model/med/restart', '__LMOD_REF_COUNT_LMOD_CUSTOM_PATHS': 'CNCM/apps/ops/prod/libs/modulefiles/mpi/intel/19.1.3.304/cray-mpich/8.1.4:1;CNCM/apps/prod/lmodules/INTEL_cray_mpich/19.1.3.304/cray-mpich/8.1.4:1;COMPILER/apps/ops/prod/nco/modulefiles/compiler/intel/19.1.3.304:1;COMPILER/apps/ops/prod/libs/modulefiles/compiler/intel/19.1.3.304:1;COMPILER/apps/prod/lmodules/intel/19.1.3.304:1', 'DO_CALC_INCREMENT': False, 'CRAY_MPICH_VERSION': '8.1.9', 'COM_ATMOS_OZNMON_TMPL': '${ROTDIR}/${RUN}.${YMD}/${HH}/${MEMDIR}/products/atmos/oznmon', 'COM_ATMOS_WMO_TMPL': '${ROTDIR}/${RUN}.${YMD}/${HH}/${MEMDIR}/products/atmos/wmo', 'eigen_ROOT': '/apps/ops/test/spack-stack-1.6.0-nco/envs/nco-intel-19.1.3.304/install/intel/19.1.3.304/eigen-3.4.0-7qdffiv', 'MODULE_VERSION_STACK': '3.2.10', 'MKLROOT': '/pe/intel/compilers_and_libraries_2020.4.304/linux/mkl', 'MODE': 'cycled', 'NOSCRUB': '/lfs/h2/emc/global/noscrub/emc.global', 'err': 0, 'FIXgfs': '/lfs/h2/emc/global/noscrub/emc.global/RETRO_GFSv17/git/global-workflow/develop_20250602/fix', 'MODULEPATH_ROOT': '/usr/share/modulefiles', 'LMOD_PACKAGE_PATH': '/apps/prod/lmodules', 'FHOUT_GOES': 3, '__LMOD_REF_COUNT_PE_INTEL_FIXED_PKGCONFIG_PATH': '/opt/cray/pe/mpich/8.1.9/ofi/intel/19.0/lib/pkgconfig:1', 'USHgfs': '/lfs/h2/emc/global/noscrub/emc.global/RETRO_GFSv17/git/global-workflow/develop_20250602/ush', 'FHOUT_HF_GFS': 1, 'SENDECF': False, 'PE_MPICH_GTL_LIBS_amd_gfx906': '-lmpi_gtl_hsa', 'COM_OCEAN_GRIB_TMPL': '${ROTDIR}/${RUN}.${YMD}/${HH}/${MEMDIR}/products/ocean/grib2', 'COM_OCEAN_ANLMON_TMPL': '${ROTDIR}/${RUN}.${YMD}/${HH}/${MEMDIR}/products/ocean/anlmon', 'py_pytz_ROOT': '/apps/ops/test/spack-stack-1.6.0-nco/envs/nco-intel-19.1.3.304/install/intel/19.1.3.304/py-pytz-2023.3-yebggst', 'PSTLROOT': '/pe/intel/compilers_and_libraries_2020.4.304/linux/pstl', 'SP_INC4': 'include_4', 'gettext_ROOT': '/apps/ops/test/spack-stack-1.6.0-nco/envs/nco-intel-19.1.3.304/install/intel/19.1.3.304/gettext-0.19.7-2fi4wu4', 'PARTITION_DTN': '', '_ModuleTable025_': 'ZXMvaW50ZWwvMTkuMS4zLjMwNC9saWJ4dC8xLjEuNS5sdWEiLFsiZnVsbE5hbWUiXT0ibGlieHQvMS4xLjUiLFsibG9hZE9yZGVyIl09NTQscHJvcFQ9e30sWyJyZWZfY291bnQiXT0yLFsic3RhY2tEZXB0aCJdPTEsWyJzdGF0dXMiXT0iYWN0aXZlIixbInVzZXJOYW1lIl09ImxpYnh0LzEuMS41Iix9LGxpYnlhbWw9e1siZm4iXT0iL2FwcHMvb3BzL3Rlc3Qvc3BhY2stc3RhY2stMS42LjAtbmNvL2VudnMvbmNvLWludGVsLTE5LjEuMy4zMDQvaW5zdGFsbC9tb2R1bGVmaWxlcy9pbnRlbC8xOS4xLjMuMzA0L2xpYnlhbWwvMC4yLjUubHVhIixbImZ1bGxOYW1lIl09ImxpYnlhbWwvMC4yLjUiLFsibG9hZE9yZGVyIl09NjcscHJvcFQ9e30sWyJyZWZfY291bnQiXT0xLFsic3Rh', 'py_setuptools_ROOT': '/apps/ops/test/spack-stack-1.6.0-nco/envs/nco-intel-19.1.3.304/install/intel/19.1.3.304/py-setuptools-63.4.3-rg7efar', 'DO_JEDIATMENS': False, 'SP_INC8': 'include_8', 'KEEPDATA': False, 'XDG_CONFIG_DIRS': '/etc/xdg', 'MAKE_ACFTBUFR': False, '_ModuleTable059_': 'XT0iYWN0aXZlIixbInVzZXJOYW1lIl09InpsaWIvMS4yLjEzIix9LHpzdGQ9e1siZm4iXT0iL2FwcHMvb3BzL3Rlc3Qvc3BhY2stc3RhY2stMS42LjAtbmNvL2VudnMvbmNvLWludGVsLTE5LjEuMy4zMDQvaW5zdGFsbC9tb2R1bGVmaWxlcy9pbnRlbC8xOS4xLjMuMzA0L3pzdGQvMS41LjIubHVhIixbImZ1bGxOYW1lIl09InpzdGQvMS41LjIiLFsibG9hZE9yZGVyIl09MTkscHJvcFQ9e30sWyJyZWZfY291bnQiXT0yLFsic3RhY2tEZXB0aCJdPTMsWyJzdGF0dXMiXT0iYWN0aXZlIixbInVzZXJOYW1lIl09InpzdGQvMS41LjIiLH0sfSxtcGF0aEE9eyIvYXBwcy9vcHMvdGVzdC9zcGFjay1zdGFjay0xLjYuMC1uY28vZW52cy9uY28taW50ZWwtMTkuMS4zLjMwNC9pbnN0YWxs', 'PATH': '/apps/ops/test/spack-stack-1.6.0-nco/envs/nco-intel-19.1.3.304/install/intel/19.1.3.304/py-numpy-1.24.4-yosem2k/bin:/apps/ops/test/spack-stack-1.6.0-nco/envs/nco-intel-19.1.3.304/install/intel/19.1.3.304/py-pip-23.1.2-ohrscnx/bin:/apps/ops/test/spack-stack-1.6.0-nco/envs/nco-intel-19.1.3.304/install/intel/19.1.3.304/py-f90nml-1.4.3-rizmifn/bin:/apps/ops/test/spack-stack-1.6.0-nco/envs/nco-intel-19.1.3.304/install/intel/19.1.3.304/py-pycodestyle-2.11.0-bh2jlm5/bin:/apps/ops/test/spack-stack-1.6.0-nco/envs/nco-intel-19.1.3.304/install/intel/19.1.3.304/py-pybind11-2.11.1-wdb6paz/bin:/apps/ops/test/spack-stack-1.6.0-nco/envs/nco-intel-19.1.3.304/install/intel/19.1.3.304/py-netcdf4-1.5.8-6kubnk6/bin:/apps/ops/prod/nco/core/prod_util.v2.0.14/ush:/apps/ops/test/spack-stack-1.6.0-nco/envs/nco-intel-19.1.3.304/install/intel/19.1.3.304/netcdf-cxx4-4.3.1-lp7tiyf/bin:/apps/ops/test/spack-stack-1.6.0-nco/envs/nco-intel-19.1.3.304/install/intel/19.1.3.304/ncview-2.1.9-rv4j23b/bin:/apps/ops/test/spack-stack-1.6.0-nco/envs/nco-intel-19.1.3.304/install/intel/19.1.3.304/udunits-2.2.28-wmjzel4/bin:/apps/ops/test/spack-stack-1.6.0-nco/envs/nco-intel-19.1.3.304/install/intel/19.1.3.304/libxpm-3.5.12-dcjsyoi/bin:/apps/ops/test/spack-stack-1.6.0-nco/envs/nco-intel-19.1.3.304/install/intel/19.1.3.304/libpng-1.6.37-3sds4er/bin:/apps/ops/test/spack-stack-1.6.0-nco/envs/nco-intel-19.1.3.304/install/intel/19.1.3.304/libjpeg-turbo-2.1.0-rt44pqr/bin:/apps/ops/test/spack-stack-1.6.0-nco/envs/nco-intel-19.1.3.304/install/intel/19.1.3.304/ecmwf-atlas-0.35.0-42ufhdx/bin:/apps/ops/test/spack-stack-1.6.0-nco/envs/nco-intel-19.1.3.304/install/intel/19.1.3.304/qhull-2020.2-5ycwudw/bin:/apps/ops/test/spack-stack-1.6.0-nco/envs/nco-intel-19.1.3.304/install/intel/19.1.3.304/esmf-8.5.0-7huplmy/bin:/apps/ops/test/spack-stack-1.6.0-nco/envs/nco-intel-19.1.3.304/install/intel/19.1.3.304/fckit-0.11.0-7qg4hhj/bin:/apps/ops/test/spack-stack-1.6.0-nco/envs/nco-intel-19.1.3.304/install/intel/19.1.3.304/fftw-3.3.10-sefnta3/bin:/apps/ops/test/spack-stack-1.6.0-nco/envs/nco-intel-19.1.3.304/install/intel/19.1.3.304/eckit-1.24.5-isrgc5y/bin:/apps/ops/test/spack-stack-1.6.0-nco/envs/nco-intel-19.1.3.304/install/intel/19.1.3.304/openblas-0.3.24-7qwu32e/bin:/apps/ops/test/spack-stack-1.6.0-nco/envs/nco-intel-19.1.3.304/install/intel/19.1.3.304/ecbuild-3.7.2-ovbazu2/bin:/apps/ops/test/spack-stack-1.6.0-nco/envs/nco-intel-19.1.3.304/install/intel/19.1.3.304/bufr-12.0.1-tirva7g/bin:/apps/ops/test/spack-stack-1.6.0-nco/envs/nco-intel-19.1.3.304/install/intel/19.1.3.304/nco-5.0.6-6ykwuoz/bin:/apps/ops/test/spack-stack-1.6.0-nco/envs/nco-intel-19.1.3.304/install/intel/19.1.3.304/gsl-2.7.1-kr3c4v5/bin:/apps/ops/test/spack-stack-1.6.0-nco/envs/nco-intel-19.1.3.304/install/intel/19.1.3.304/antlr-2.7.7-hoqq24u/bin:/apps/ops/test/spack-stack-1.6.0-nco/envs/nco-intel-19.1.3.304/install/intel/19.1.3.304/netcdf-fortran-4.6.1-b4geqvx/bin:/apps/ops/test/spack-stack-1.6.0-nco/envs/nco-intel-19.1.3.304/install/intel/19.1.3.304/nccmp-1.9.0.1-dnptqlr/bin:/apps/ops/test/spack-stack-1.6.0-nco/envs/nco-intel-19.1.3.304/install/intel/19.1.3.304/netcdf-c-4.9.2-bcln2jr/bin:/apps/ops/test/spack-stack-1.6.0-nco/envs/nco-intel-19.1.3.304/install/intel/19.1.3.304/parallel-netcdf-1.12.2-77j7vnx/bin:/apps/ops/test/spack-stack-1.6.0-nco/envs/nco-intel-19.1.3.304/install/intel/19.1.3.304/hdf5-1.14.0-yckaywr/bin:/apps/spack/git-lfs/2.11.0/gcc/11.2.0/m6b6nl5kfqngfteqbggydc7kflxere3s/bin:/apps/ops/test/spack-stack-1.6.0-nco/envs/nco-intel-19.1.3.304/install/intel/19.1.3.304/curl-8.4.0-zr7lvkw/bin:/apps/ops/test/spack-stack-1.6.0-nco/envs/nco-intel-19.1.3.304/install/intel/19.1.3.304/pcre2-10.42-utn3zxn/bin:/apps/ops/test/spack-stack-1.6.0-nco/envs/nco-intel-19.1.3.304/install/intel/19.1.3.304/gettext-0.19.7-2fi4wu4/bin:/apps/ops/test/spack-stack-1.6.0-nco/envs/nco-intel-19.1.3.304/install/intel/19.1.3.304/tar-1.34-e7e3lq2/bin:/apps/ops/test/spack-stack-1.6.0-nco/envs/nco-intel-19.1.3.304/install/intel/19.1.3.304/zstd-1.5.2-pe6gdyf/bin:/apps/ops/test/spack-stack-1.6.0-nco/envs/nco-intel-19.1.3.304/install/intel/19.1.3.304/pigz-2.7-p2s5ywz/bin:/apps/ops/test/spack-stack-1.6.0-nco/envs/nco-intel-19.1.3.304/install/intel/19.1.3.304/cmake-3.23.1-chpcsen/bin:/opt/cray/pals/1.3.2/bin:/opt/cray/pe/craype/2.7.17/bin:/apps/ops/test/spack-stack-1.6.0-nco/envs/nco-intel-19.1.3.304/install/intel/19.1.3.304/python-3.10.13-qzt4y2i/bin:/apps/ops/test/spack-stack-1.6.0-nco/envs/nco-intel-19.1.3.304/install/intel/19.1.3.304/util-linux-uuid-2.38.1-jwatqmi/bin:/apps/ops/test/spack-stack-1.6.0-nco/envs/nco-intel-19.1.3.304/install/intel/19.1.3.304/sqlite-3.43.2-onahail/bin:/opt/cray/bin:/pe/intel/compilers_and_libraries_2020.4.304/linux/bin/intel64:/pe/intel/compilers_and_libraries_2020.4.304/linux/bin:/pe/intel/compilers_and_libraries_2020.4.304/linux/mpi/intel64/bin:/pe/intel/debugger_2020/gdb/intel64/bin:/u/emc.global/bin:/usr/local/bin:/usr/bin:/bin:/opt/c3/bin:/opt/pbs/bin:/sbin:.:/opt/cray/pe/bin', 'DO_TRACKER': True, 'PE_MPICH_GTL_LIBS_amd_gfx908': '-lmpi_gtl_hsa', '_ModuleTable014_': 'c3RhY2tEZXB0aCJdPTEsWyJzdGF0dXMiXT0iYWN0aXZlIixbInVzZXJOYW1lIl09ImZja2l0LzAuMTEuMCIsfSxmZnR3PXtbImZuIl09Ii9hcHBzL29wcy90ZXN0L3NwYWNrLXN0YWNrLTEuNi4wLW5jby9lbnZzL25jby1pbnRlbC0xOS4xLjMuMzA0L2luc3RhbGwvbW9kdWxlZmlsZXMvY3JheS1tcGljaC84LjEuOS9pbnRlbC8xOS4xLjMuMzA0L2ZmdHcvMy4zLjEwLmx1YSIsWyJmdWxsTmFtZSJdPSJmZnR3LzMuMy4xMCIsWyJsb2FkT3JkZXIiXT00NCxwcm9wVD17fSxbInN0YWNrRGVwdGgiXT0xLFsic3RhdHVzIl09ImFjdGl2ZSIsWyJ1c2VyTmFtZSJdPSJmZnR3LzMuMy4xMCIsfSxmbXM9e1siZm4iXT0iL2FwcHMvb3BzL3Rlc3Qvc3BhY2stc3RhY2stMS42LjAtbmNvL2Vu', 'TBBROOT': '/pe/intel/compilers_and_libraries_2020.4.304/linux/tbb', '__LMOD_REF_COUNT_PE_PRODUCT_LIST': 'CRAYPE:1;CRAYPE_X86_ROME:1', '_LMFILES_': '/opt/cray/pe/lmod/modulefiles/craype-targets/default/craype-x86-rome.lua:/apps/prod/lmodules/sys_core/envvar/1.0:/opt/cray/pe/lmod/modulefiles/core/PrgEnv-intel/8.3.3.lua:/apps/prod/lmodules/core/intel/19.1.3.304.lua:/apps/ops/test/spack-stack-1.6.0-nco/envs/nco-intel-19.1.3.304/install/modulefiles/Core/stack-intel/19.1.3.304.lua:/opt/cray/modulefiles/libfabric/1.20.1:/opt/cray/pe/lmod/modulefiles/craype-targets/default/craype-network-ofi.lua:/opt/cray/pe/lmod/modulefiles/comnet/intel/19.0/ofi/1.0/cray-mpich/8.1.9.lua:/apps/ops/test/spack-stack-1.6.0-nco/envs/nco-intel-19.1.3.304/install/modulefiles/intel/19.1.3.304/stack-cray-mpich/8.1.9.lua:/apps/ops/test/spack-stack-1.6.0-nco/envs/nco-intel-19.1.3.304/install/modulefiles/intel/19.1.3.304/libxcrypt/4.4.35.lua:/apps/ops/test/spack-stack-1.6.0-nco/envs/nco-intel-19.1.3.304/install/modulefiles/intel/19.1.3.304/sqlite/3.43.2.lua:/apps/ops/test/spack-stack-1.6.0-nco/envs/nco-intel-19.1.3.304/install/modulefiles/intel/19.1.3.304/util-linux-uuid/2.38.1.lua:/apps/ops/test/spack-stack-1.6.0-nco/envs/nco-intel-19.1.3.304/install/modulefiles/intel/19.1.3.304/python/3.10.13.lua:/apps/ops/test/spack-stack-1.6.0-nco/envs/nco-intel-19.1.3.304/install/modulefiles/intel/19.1.3.304/stack-python/3.10.13.lua:/opt/cray/pe/lmod/modulefiles/core/craype/2.7.17.lua:/opt/cray/pe/lmod/modulefiles/core/cray-pals/1.3.2.lua:/apps/ops/test/spack-stack-1.6.0-nco/envs/nco-intel-19.1.3.304/install/modulefiles/intel/19.1.3.304/cmake/3.23.1.lua:/apps/ops/test/spack-stack-1.6.0-nco/envs/nco-intel-19.1.3.304/install/modulefiles/intel/19.1.3.304/pigz/2.7.lua:/apps/ops/test/spack-stack-1.6.0-nco/envs/nco-intel-19.1.3.304/install/modulefiles/intel/19.1.3.304/zstd/1.5.2.lua:/apps/ops/test/spack-stack-1.6.0-nco/envs/nco-intel-19.1.3.304/install/modulefiles/intel/19.1.3.304/tar/1.34.lua:/apps/ops/test/spack-stack-1.6.0-nco/envs/nco-intel-19.1.3.304/install/modulefiles/intel/19.1.3.304/gettext/0.19.7.lua:/apps/ops/test/spack-stack-1.6.0-nco/envs/nco-intel-19.1.3.304/install/modulefiles/intel/19.1.3.304/pcre2/10.42.lua:/apps/ops/test/spack-stack-1.6.0-nco/envs/nco-intel-19.1.3.304/install/modulefiles/intel/19.1.3.304/curl/8.4.0.lua:/apps/ops/test/spack-stack-1.6.0-nco/envs/nco-intel-19.1.3.304/install/modulefiles/intel/19.1.3.304/zlib/1.2.13.lua:/apps/ops/test/spack-stack-1.6.0-nco/envs/nco-intel-19.1.3.304/install/modulefiles/intel/19.1.3.304/git/2.35.3.lua:/apps/prod/lmodules/core/git-lfs/2.11.0:/apps/ops/test/spack-stack-1.6.0-nco/envs/nco-intel-19.1.3.304/install/modulefiles/intel/19.1.3.304/pkg-config/0.29.2.lua:/apps/ops/test/spack-stack-1.6.0-nco/envs/nco-intel-19.1.3.304/install/modulefiles/cray-mpich/8.1.9/intel/19.1.3.304/hdf5/1.14.0.lua:/apps/ops/test/spack-stack-1.6.0-nco/envs/nco-intel-19.1.3.304/install/modulefiles/cray-mpich/8.1.9/intel/19.1.3.304/parallel-netcdf/1.12.2.lua:/apps/ops/test/spack-stack-1.6.0-nco/envs/nco-intel-19.1.3.304/install/modulefiles/cray-mpich/8.1.9/intel/19.1.3.304/netcdf-c/4.9.2.lua:/apps/ops/test/spack-stack-1.6.0-nco/envs/nco-intel-19.1.3.304/install/modulefiles/cray-mpich/8.1.9/intel/19.1.3.304/nccmp/1.9.0.1.lua:/apps/ops/test/spack-stack-1.6.0-nco/envs/nco-intel-19.1.3.304/install/modulefiles/cray-mpich/8.1.9/intel/19.1.3.304/netcdf-fortran/4.6.1.lua:/apps/ops/test/spack-stack-1.6.0-nco/envs/nco-intel-19.1.3.304/install/modulefiles/intel/19.1.3.304/antlr/2.7.7.lua:/apps/ops/test/spack-stack-1.6.0-nco/envs/nco-intel-19.1.3.304/install/modulefiles/intel/19.1.3.304/gsl/2.7.1.lua:/apps/ops/test/spack-stack-1.6.0-nco/envs/nco-intel-19.1.3.304/install/modulefiles/cray-mpich/8.1.9/intel/19.1.3.304/nco/5.0.6.lua:/apps/ops/test/spack-stack-1.6.0-nco/envs/nco-intel-19.1.3.304/install/modulefiles/cray-mpich/8.1.9/intel/19.1.3.304/parallelio/2.5.10.lua:/apps/ops/test/spack-stack-1.6.0-nco/envs/nco-intel-19.1.3.304/install/modulefiles/intel/19.1.3.304/boost/1.83.0.lua:/apps/ops/test/spack-stack-1.6.0-nco/envs/nco-intel-19.1.3.304/install/modulefiles/intel/19.1.3.304/bufr/12.0.1.lua:/apps/ops/test/spack-stack-1.6.0-nco/envs/nco-intel-19.1.3.304/install/modulefiles/intel/19.1.3.304/ecbuild/3.7.2.lua:/apps/ops/test/spack-stack-1.6.0-nco/envs/nco-intel-19.1.3.304/install/modulefiles/intel/19.1.3.304/openjpeg/2.5.0.lua:/apps/ops/test/spack-stack-1.6.0-nco/envs/nco-intel-19.1.3.304/install/modulefiles/intel/19.1.3.304/eigen/3.4.0.lua:/apps/ops/test/spack-stack-1.6.0-nco/envs/nco-intel-19.1.3.304/install/modulefiles/intel/19.1.3.304/openblas/0.3.24.lua:/apps/ops/test/spack-stack-1.6.0-nco/envs/nco-intel-19.1.3.304/install/modulefiles/cray-mpich/8.1.9/intel/19.1.3.304/eckit/1.24.5.lua:/apps/ops/test/spack-stack-1.6.0-nco/envs/nco-intel-19.1.3.304/install/modulefiles/cray-mpich/8.1.9/intel/19.1.3.304/fftw/3.3.10.lua:/apps/ops/test/spack-stack-1.6.0-nco/envs/nco-intel-19.1.3.304/install/modulefiles/cray-mpich/8.1.9/intel/19.1.3.304/fckit/0.11.0.lua:/apps/ops/test/spack-stack-1.6.0-nco/envs/nco-intel-19.1.3.304/install/modulefiles/cray-mpich/8.1.9/intel/19.1.3.304/fms/2023.04.lua:/apps/ops/test/spack-stack-1.6.0-nco/envs/nco-intel-19.1.3.304/install/modulefiles/cray-mpich/8.1.9/intel/19.1.3.304/esmf/8.5.0.lua:/apps/ops/test/spack-stack-1.6.0-nco/envs/nco-intel-19.1.3.304/install/modulefiles/intel/19.1.3.304/qhull/2020.2.lua:/apps/ops/test/spack-stack-1.6.0-nco/envs/nco-intel-19.1.3.304/install/modulefiles/cray-mpich/8.1.9/intel/19.1.3.304/atlas/0.35.0.lua:/apps/ops/test/spack-stack-1.6.0-nco/envs/nco-intel-19.1.3.304/install/modulefiles/intel/19.1.3.304/sp/2.5.0.lua:/apps/ops/test/spack-stack-1.6.0-nco/envs/nco-intel-19.1.3.304/install/modulefiles/intel/19.1.3.304/gsl-lite/0.37.0.lua:/apps/ops/test/spack-stack-1.6.0-nco/envs/nco-intel-19.1.3.304/install/modulefiles/intel/19.1.3.304/libjpeg/2.1.0.lua:/apps/ops/test/spack-stack-1.6.0-nco/envs/nco-intel-19.1.3.304/install/modulefiles/intel/19.1.3.304/libpng/1.6.37.lua:/apps/ops/test/spack-stack-1.6.0-nco/envs/nco-intel-19.1.3.304/install/modulefiles/intel/19.1.3.304/libxt/1.1.5.lua:/apps/ops/test/spack-stack-1.6.0-nco/envs/nco-intel-19.1.3.304/install/modulefiles/intel/19.1.3.304/libxmu/1.1.4.lua:/apps/ops/test/spack-stack-1.6.0-nco/envs/nco-intel-19.1.3.304/install/modulefiles/intel/19.1.3.304/libxpm/3.5.12.lua:/apps/ops/test/spack-stack-1.6.0-nco/envs/nco-intel-19.1.3.304/install/modulefiles/intel/19.1.3.304/libxaw/1.0.13.lua:/apps/ops/test/spack-stack-1.6.0-nco/envs/nco-intel-19.1.3.304/install/modulefiles/intel/19.1.3.304/udunits/2.2.28.lua:/apps/ops/test/spack-stack-1.6.0-nco/envs/nco-intel-19.1.3.304/install/modulefiles/cray-mpich/8.1.9/intel/19.1.3.304/ncview/2.1.9.lua:/apps/ops/test/spack-stack-1.6.0-nco/envs/nco-intel-19.1.3.304/install/modulefiles/cray-mpich/8.1.9/intel/19.1.3.304/netcdf-cxx4/4.3.1.lua:/apps/ops/prod/nco/modulefiles/core/prod_util/2.0.14:/apps/ops/test/spack-stack-1.6.0-nco/envs/nco-intel-19.1.3.304/install/modulefiles/intel/19.1.3.304/py-setuptools/63.4.3.lua:/apps/ops/test/spack-stack-1.6.0-nco/envs/nco-intel-19.1.3.304/install/modulefiles/intel/19.1.3.304/py-jinja2/3.1.2.lua:/apps/ops/test/spack-stack-1.6.0-nco/envs/nco-intel-19.1.3.304/install/modulefiles/cray-mpich/8.1.9/intel/19.1.3.304/py-netcdf4/1.5.8.lua:/apps/ops/test/spack-stack-1.6.0-nco/envs/nco-intel-19.1.3.304/install/modulefiles/intel/19.1.3.304/py-pybind11/2.11.1.lua:/apps/ops/test/spack-stack-1.6.0-nco/envs/nco-intel-19.1.3.304/install/modulefiles/intel/19.1.3.304/py-pycodestyle/2.11.0.lua:/apps/ops/test/spack-stack-1.6.0-nco/envs/nco-intel-19.1.3.304/install/modulefiles/intel/19.1.3.304/libyaml/0.2.5.lua:/apps/ops/test/spack-stack-1.6.0-nco/envs/nco-intel-19.1.3.304/install/modulefiles/intel/19.1.3.304/py-pyyaml/5.4.1.lua:/apps/ops/test/spack-stack-1.6.0-nco/envs/nco-intel-19.1.3.304/install/modulefiles/intel/19.1.3.304/py-scipy/1.10.1.lua:/apps/ops/test/spack-stack-1.6.0-nco/envs/nco-intel-19.1.3.304/install/modulefiles/intel/19.1.3.304/py-xarray/2023.7.0.lua:/apps/ops/test/spack-stack-1.6.0-nco/envs/nco-intel-19.1.3.304/install/modulefiles/intel/19.1.3.304/py-f90nml/1.4.3.lua:/apps/ops/test/spack-stack-1.6.0-nco/envs/nco-intel-19.1.3.304/install/modulefiles/intel/19.1.3.304/py-pip/23.1.2.lua:/apps/ops/test/spack-stack-1.6.0-nco/envs/nco-intel-19.1.3.304/install/modulefiles/intel/19.1.3.304/py-bottleneck/1.3.7.lua:/apps/ops/test/spack-stack-1.6.0-nco/envs/nco-intel-19.1.3.304/install/modulefiles/intel/19.1.3.304/py-numexpr/2.8.4.lua:/apps/ops/test/spack-stack-1.6.0-nco/envs/nco-intel-19.1.3.304/install/modulefiles/intel/19.1.3.304/py-six/1.16.0.lua:/apps/ops/test/spack-stack-1.6.0-nco/envs/nco-intel-19.1.3.304/install/modulefiles/intel/19.1.3.304/py-python-dateutil/2.8.2.lua:/apps/ops/test/spack-stack-1.6.0-nco/envs/nco-intel-19.1.3.304/install/modulefiles/intel/19.1.3.304/py-pytz/2023.3.lua:/apps/ops/test/spack-stack-1.6.0-nco/envs/nco-intel-19.1.3.304/install/modulefiles/intel/19.1.3.304/py-pandas/1.5.3.lua:/apps/ops/test/spack-stack-1.6.0-nco/envs/nco-intel-19.1.3.304/install/modulefiles/intel/19.1.3.304/py-markupsafe/2.1.3.lua:/apps/ops/test/spack-stack-1.6.0-nco/envs/nco-intel-19.1.3.304/install/modulefiles/intel/19.1.3.304/py-numpy/1.24.4.lua:/apps/ops/test/spack-stack-1.6.0-nco/envs/nco-intel-19.1.3.304/install/modulefiles/intel/19.1.3.304/py-cftime/1.0.3.4.lua:/apps/ops/test/spack-stack-1.6.0-nco/envs/nco-intel-19.1.3.304/install/modulefiles/intel/19.1.3.304/py-packaging/23.1.lua:/lfs/h2/emc/global/noscrub/emc.global/RETRO_GFSv17/git/global-workflow/develop_20250602/sorc/gdas.cd/modulefiles/GDAS/wcoss2.intel.lua', 'COMDATEROOT': '/lfs/h1/ops/prod/com', 'EXECgfs': '/lfs/h2/emc/global/noscrub/emc.global/RETRO_GFSv17/git/global-workflow/develop_20250602/exec', 'cycle': 't18z', 'LEVS': 128, 'pgmerr': 'errfile', 'PS4': '+ $(basename ${BASH_SOURCE[0]:-${FUNCNAME[0]:-"Unknown"}})[${LINENO}]', 'py_scipy_ROOT': '/apps/ops/test/spack-stack-1.6.0-nco/envs/nco-intel-19.1.3.304/install/intel/19.1.3.304/py-scipy-1.10.1-236sa7x', 'BASE_GIT': '/lfs/h2/emc/global/save/emc.global/git', 'PBS_QUEUE': 'devmax', 'MODULESHOME': '/usr/share/lmod/lmod', 'COM_CHEM_ANLMON_TMPL': '${ROTDIR}/${RUN}.${YMD}/${HH}/${MEMDIR}/products/chem/anlmon', 'LMOD_SETTARG_FULL_SUPPORT': False, 'PKG_CONFIG_PATH': '/apps/ops/test/spack-stack-1.6.0-nco/envs/nco-intel-19.1.3.304/install/intel/19.1.3.304/libyaml-0.2.5-ygjrdvo/lib/pkgconfig:/apps/ops/test/spack-stack-1.6.0-nco/envs/nco-intel-19.1.3.304/install/intel/19.1.3.304/py-pybind11-2.11.1-wdb6paz/share/pkgconfig:/apps/ops/test/spack-stack-1.6.0-nco/envs/nco-intel-19.1.3.304/install/intel/19.1.3.304/netcdf-cxx4-4.3.1-lp7tiyf/lib/pkgconfig:/apps/ops/test/spack-stack-1.6.0-nco/envs/nco-intel-19.1.3.304/install/intel/19.1.3.304/libxaw-1.0.13-gdstphl/lib/pkgconfig:/apps/ops/test/spack-stack-1.6.0-nco/envs/nco-intel-19.1.3.304/install/intel/19.1.3.304/libxpm-3.5.12-dcjsyoi/lib/pkgconfig:/apps/ops/test/spack-stack-1.6.0-nco/envs/nco-intel-19.1.3.304/install/intel/19.1.3.304/libxmu-1.1.4-xhe6hjc/lib/pkgconfig:/apps/ops/test/spack-stack-1.6.0-nco/envs/nco-intel-19.1.3.304/install/intel/19.1.3.304/libxt-1.1.5-r2mrglu/lib/pkgconfig:/apps/ops/test/spack-stack-1.6.0-nco/envs/nco-intel-19.1.3.304/install/intel/19.1.3.304/libpng-1.6.37-3sds4er/lib64/pkgconfig:/apps/ops/test/spack-stack-1.6.0-nco/envs/nco-intel-19.1.3.304/install/intel/19.1.3.304/libjpeg-turbo-2.1.0-rt44pqr/lib64/pkgconfig:/apps/ops/test/spack-stack-1.6.0-nco/envs/nco-intel-19.1.3.304/install/intel/19.1.3.304/ecmwf-atlas-0.35.0-42ufhdx/lib64/pkgconfig:/apps/ops/test/spack-stack-1.6.0-nco/envs/nco-intel-19.1.3.304/install/intel/19.1.3.304/qhull-2020.2-5ycwudw/lib/pkgconfig:/apps/ops/test/spack-stack-1.6.0-nco/envs/nco-intel-19.1.3.304/install/intel/19.1.3.304/fftw-3.3.10-sefnta3/lib/pkgconfig:/apps/ops/test/spack-stack-1.6.0-nco/envs/nco-intel-19.1.3.304/install/intel/19.1.3.304/eckit-1.24.5-isrgc5y/lib64/pkgconfig:/apps/ops/test/spack-stack-1.6.0-nco/envs/nco-intel-19.1.3.304/install/intel/19.1.3.304/openblas-0.3.24-7qwu32e/lib/pkgconfig:/apps/ops/test/spack-stack-1.6.0-nco/envs/nco-intel-19.1.3.304/install/intel/19.1.3.304/eigen-3.4.0-7qdffiv/share/pkgconfig:/apps/ops/test/spack-stack-1.6.0-nco/envs/nco-intel-19.1.3.304/install/intel/19.1.3.304/openjpeg-2.5.0-ulqgnem/lib/pkgconfig:/apps/ops/test/spack-stack-1.6.0-nco/envs/nco-intel-19.1.3.304/install/intel/19.1.3.304/gsl-2.7.1-kr3c4v5/lib/pkgconfig:/apps/ops/test/spack-stack-1.6.0-nco/envs/nco-intel-19.1.3.304/install/intel/19.1.3.304/netcdf-fortran-4.6.1-b4geqvx/lib/pkgconfig:/apps/ops/test/spack-stack-1.6.0-nco/envs/nco-intel-19.1.3.304/install/intel/19.1.3.304/netcdf-c-4.9.2-bcln2jr/lib/pkgconfig:/apps/ops/test/spack-stack-1.6.0-nco/envs/nco-intel-19.1.3.304/install/intel/19.1.3.304/parallel-netcdf-1.12.2-77j7vnx/lib/pkgconfig:/apps/ops/test/spack-stack-1.6.0-nco/envs/nco-intel-19.1.3.304/install/intel/19.1.3.304/hdf5-1.14.0-yckaywr/lib/pkgconfig:/usr/share/pkgconfig:/usr/lib64/pkgconfig:/usr/lib/pkgconfig:/apps/ops/test/spack-stack-1.6.0-nco/envs/nco-intel-19.1.3.304/install/intel/19.1.3.304/zlib-1.2.13-yoc3h4p/lib/pkgconfig:/apps/ops/test/spack-stack-1.6.0-nco/envs/nco-intel-19.1.3.304/install/intel/19.1.3.304/curl-8.4.0-zr7lvkw/lib/pkgconfig:/apps/ops/test/spack-stack-1.6.0-nco/envs/nco-intel-19.1.3.304/install/intel/19.1.3.304/pcre2-10.42-utn3zxn/lib/pkgconfig:/apps/ops/test/spack-stack-1.6.0-nco/envs/nco-intel-19.1.3.304/install/intel/19.1.3.304/zstd-1.5.2-pe6gdyf/lib/pkgconfig:/opt/cray/pe/craype/2.7.17/pkg-config:/apps/ops/test/spack-stack-1.6.0-nco/envs/nco-intel-19.1.3.304/install/intel/19.1.3.304/python-3.10.13-qzt4y2i/lib/pkgconfig:/apps/ops/test/spack-stack-1.6.0-nco/envs/nco-intel-19.1.3.304/install/intel/19.1.3.304/util-linux-uuid-2.38.1-jwatqmi/lib/pkgconfig:/apps/ops/test/spack-stack-1.6.0-nco/envs/nco-intel-19.1.3.304/install/intel/19.1.3.304/sqlite-3.43.2-onahail/lib/pkgconfig:/apps/ops/test/spack-stack-1.6.0-nco/envs/nco-intel-19.1.3.304/install/intel/19.1.3.304/libxcrypt-4.4.35-soueqga/lib/pkgconfig:/opt/cray/lib64/pkgconfig:/pe/intel/compilers_and_libraries_2020.4.304/linux/mkl/bin/pkgconfig', 'INFOPATH': '/pe/intel/documentation_2020/en/debugger/gdb-ia/info::/apps/docs/info', 'G_BROKEN_FILENAMES': 1, 'py_pip_ROOT': '/apps/ops/test/spack-stack-1.6.0-nco/envs/nco-intel-19.1.3.304/install/intel/19.1.3.304/py-pip-23.1.2-ohrscnx', 'FHOUT_OCN': 3, 'COM_ATMOS_GENESIS_TMPL': '${ROTDIR}/${RUN}.${YMD}/${HH}/${MEMDIR}/products/atmos/cyclone/genesis_vital', 'I_MPI_ROOT': '/pe/intel/compilers_and_libraries_2020.4.304/linux/mpi', '_ModuleTable011_': 'aW50ZWwtMTkuMS4zLjMwNC9pbnN0YWxsL21vZHVsZWZpbGVzL2NyYXktbXBpY2gvOC4xLjkvaW50ZWwvMTkuMS4zLjMwNC9lY2tpdC8xLjI0LjUubHVhIixbImZ1bGxOYW1lIl09ImVja2l0LzEuMjQuNSIsWyJsb2FkT3JkZXIiXT00Myxwcm9wVD17fSxbInJlZl9jb3VudCJdPTIsWyJzdGFja0RlcHRoIl09MSxbInN0YXR1cyJdPSJhY3RpdmUiLFsidXNlck5hbWUiXT0iZWNraXQvMS4yNC41Iix9LGVpZ2VuPXtbImZuIl09Ii9hcHBzL29wcy90ZXN0L3NwYWNrLXN0YWNrLTEuNi4wLW5jby9lbnZzL25jby1pbnRlbC0xOS4xLjMuMzA0L2luc3RhbGwvbW9kdWxlZmlsZXMvaW50ZWwvMTkuMS4zLjMwNC9laWdlbi8zLjQuMC5sdWEiLFsiZnVsbE5hbWUiXT0iZWlnZW4vMy40LjAi', 'IAUFHRS_ENKF': [3, 6, 9], '_ModuleTable030_': 'Y28taW50ZWwtMTkuMS4zLjMwNC9pbnN0YWxsL21vZHVsZWZpbGVzL2NyYXktbXBpY2gvOC4xLjkvaW50ZWwvMTkuMS4zLjMwNC9uZXRjZGYtZm9ydHJhbi80LjYuMS5sdWEiLFsiZnVsbE5hbWUiXT0ibmV0Y2RmLWZvcnRyYW4vNC42LjEiLFsibG9hZE9yZGVyIl09MzIscHJvcFQ9e30sWyJyZWZfY291bnQiXT0zLFsic3RhY2tEZXB0aCJdPTEsWyJzdGF0dXMiXT0iYWN0aXZlIixbInVzZXJOYW1lIl09Im5ldGNkZi1mb3J0cmFuLzQuNi4xIix9LG9wZW5ibGFzPXtbImZuIl09Ii9hcHBzL29wcy90ZXN0L3NwYWNrLXN0YWNrLTEuNi4wLW5jby9lbnZzL25jby1pbnRlbC0xOS4xLjMuMzA0L2luc3RhbGwvbW9kdWxlZmlsZXMvaW50ZWwvMTkuMS4zLjMwNC9vcGVuYmxhcy8wLjMu', 'SP_INCd': 'include_d', 'HISTSIZE': 10000, 'CRAYPE_DIR': '/opt/cray/pe/craype/2.7.17', '_ModuleTable063_': 'cmUiLCIvb3B0L2NyYXkvcGUvbG1vZC9tb2R1bGVmaWxlcy9jcmF5cGUtdGFyZ2V0cy9kZWZhdWx0IiwiL2FwcHMvcHJvZC9sbW9kdWxlcy9zeXNfY29yZSIsIi9hcHBzL29wcy9wcm9kL25jby9tb2R1bGVmaWxlcy9jb3JlIiwiL2FwcHMvcHJvZC9sbW9kdWxlcy9jb3JlIiwiL29wdC9jcmF5L21vZHVsZWZpbGVzIix9LFsic3lzdGVtQmFzZU1QQVRIIl09Ii91c3Ivc2hhcmUvbW9kdWxlczovdXNyL3NoYXJlL01vZHVsZXMvJE1PRFVMRV9WRVJTSU9OL21vZHVsZWZpbGVzOi91c3Ivc2hhcmUvbW9kdWxlcy9tb2R1bGVmaWxlczovdXNyL3NoYXJlL21vZHVsZWZpbGVzL0xpbnV4Oi91c3Ivc2hhcmUvbW9kdWxlZmlsZXMvQ29yZTovdXNyL3NoYXJlL2xtb2QvbG1vZC9tb2R1bGVm', 'BUFR_INC4': '/apps/ops/test/spack-stack-1.6.0-nco/envs/nco-intel-19.1.3.304/install/intel/19.1.3.304/bufr-12.0.1-tirva7g/include/bufr_4', 'INCREMENTS_TO_ZERO': ["'liq_wat_inc'", "'icmr_inc'", "'rwmr_inc'", "'snmr_inc'", "'grle_inc'"], 'LMOD_PKG': '/usr/share/lmod/lmod', '__LMOD_REF_COUNT_PE_MPICH_PKGCONFIG_LIBS': 'mpich:1', 'IAU_OFFSET': 6, 'DO_GENESIS_FSU': False, 'antlr_ROOT': '/apps/ops/test/spack-stack-1.6.0-nco/envs/nco-intel-19.1.3.304/install/intel/19.1.3.304/antlr-2.7.7-hoqq24u', 'GDASAPP_TESTDATA': '/lfs/h2/emc/da/noscrub/emc.da/GDASApp/testdata', 'fms_ROOT': '/apps/ops/test/spack-stack-1.6.0-nco/envs/nco-intel-19.1.3.304/install/intel/19.1.3.304/fms-2023.04-utbqnz3', '_ModuleTable045_': 'YWNrRGVwdGgiXT0xLFsic3RhdHVzIl09ImFjdGl2ZSIsWyJ1c2VyTmFtZSJdPSJweS1weWJpbmQxMS8yLjExLjEiLH0sWyJweS1weWNvZGVzdHlsZSJdPXtbImZuIl09Ii9hcHBzL29wcy90ZXN0L3NwYWNrLXN0YWNrLTEuNi4wLW5jby9lbnZzL25jby1pbnRlbC0xOS4xLjMuMzA0L2luc3RhbGwvbW9kdWxlZmlsZXMvaW50ZWwvMTkuMS4zLjMwNC9weS1weWNvZGVzdHlsZS8yLjExLjAubHVhIixbImZ1bGxOYW1lIl09InB5LXB5Y29kZXN0eWxlLzIuMTEuMCIsWyJsb2FkT3JkZXIiXT02Nixwcm9wVD17fSxbInN0YWNrRGVwdGgiXT0xLFsic3RhdHVzIl09ImFjdGl2ZSIsWyJ1c2VyTmFtZSJdPSJweS1weWNvZGVzdHlsZS8yLjExLjAiLH0sWyJweS1weXRob24tZGF0ZXV0aWwi', 'FHMAX_HF_GFS': 120, 'COM_WAVE_STATION_TMPL': '${ROTDIR}/${RUN}.${YMD}/${HH}/${MEMDIR}/products/wave/station', 'py_cftime_ROOT': '/apps/ops/test/spack-stack-1.6.0-nco/envs/nco-intel-19.1.3.304/install/intel/19.1.3.304/py-cftime-1.0.3.4-dka7hny', 'COMIN_OBS': '/lfs/h2/emc/ptmp/emc.global/RETRO_GFSv17/comroot/retrotestgfs10/gdas.20241124/18/obs', 'py_pybind11_ROOT': '/apps/ops/test/spack-stack-1.6.0-nco/envs/nco-intel-19.1.3.304/install/intel/19.1.3.304/py-pybind11-2.11.1-wdb6paz', 'COM_CONF_TMPL': '${ROTDIR}/${RUN}.${YMD}/${HH}/${MEMDIR}/conf', 'CPU': 'x86_64', '__LMOD_REF_COUNT_PE_PKGCONFIG_LIBS': 'mpich:1', '_ModuleTable053_': 'ImxvYWRPcmRlciJdPTUwLHByb3BUPXt9LFsic3RhY2tEZXB0aCJdPTEsWyJzdGF0dXMiXT0iYWN0aXZlIixbInVzZXJOYW1lIl09InNwLzIuNS4wIix9LHNxbGl0ZT17WyJmbiJdPSIvYXBwcy9vcHMvdGVzdC9zcGFjay1zdGFjay0xLjYuMC1uY28vZW52cy9uY28taW50ZWwtMTkuMS4zLjMwNC9pbnN0YWxsL21vZHVsZWZpbGVzL2ludGVsLzE5LjEuMy4zMDQvc3FsaXRlLzMuNDMuMi5sdWEiLFsiZnVsbE5hbWUiXT0ic3FsaXRlLzMuNDMuMiIsWyJsb2FkT3JkZXIiXT0xMSxwcm9wVD17fSxbInJlZl9jb3VudCJdPTEsWyJzdGFja0RlcHRoIl09MyxbInN0YXR1cyJdPSJhY3RpdmUiLFsidXNlck5hbWUiXT0ic3FsaXRlLzMuNDMuMiIsfSxbInN0YWNrLWNyYXktbXBpY2giXT17', 'BUFR_LIB4': '/apps/ops/test/spack-stack-1.6.0-nco/envs/nco-intel-19.1.3.304/install/intel/19.1.3.304/bufr-12.0.1-tirva7g/lib64/libbufr_4.so', 'CRAYPE_VERSION': '2.7.17', 'COM_ATMOS_TRACK_TMPL': '${ROTDIR}/${RUN}.${YMD}/${HH}/${MEMDIR}/products/atmos/cyclone/tracks', 'PTMP': '/lfs/h2/emc/ptmp/emc.global', 'FHOUT_HF_WAV': 1, 'DONST': True, 'LMOD_CMD': '/usr/share/lmod/lmod/libexec/lmod', '_ModuleTable005_': 'LzEuODMuMCIsWyJsb2FkT3JkZXIiXT0zNyxwcm9wVD17fSxbInJlZl9jb3VudCJdPTEsWyJzdGFja0RlcHRoIl09MSxbInN0YXR1cyJdPSJhY3RpdmUiLFsidXNlck5hbWUiXT0iYm9vc3QvMS44My4wIix9LGJ1ZnI9e1siZm4iXT0iL2FwcHMvb3BzL3Rlc3Qvc3BhY2stc3RhY2stMS42LjAtbmNvL2VudnMvbmNvLWludGVsLTE5LjEuMy4zMDQvaW5zdGFsbC9tb2R1bGVmaWxlcy9pbnRlbC8xOS4xLjMuMzA0L2J1ZnIvMTIuMC4xLmx1YSIsWyJmdWxsTmFtZSJdPSJidWZyLzEyLjAuMSIsWyJsb2FkT3JkZXIiXT0zOCxwcm9wVD17fSxbInN0YWNrRGVwdGgiXT0xLFsic3RhdHVzIl09ImFjdGl2ZSIsWyJ1c2VyTmFtZSJdPSJidWZyLzEyLjAuMSIsfSxjbWFrZT17WyJmbiJdPSIv', 'CI_PTMP': '/lfs/h2/emc/ptmp/emc.global', 'STMP': '/lfs/h2/emc/stmp/emc.global', 'CRAY_MPICH_PREFIX': '/opt/cray/pe/mpich/8.1.9/ofi/intel/19.0', 'python_ROOT': '/apps/ops/test/spack-stack-1.6.0-nco/envs/nco-intel-19.1.3.304/install/intel/19.1.3.304/python-3.10.13-qzt4y2i', 'CHGRP_RSTPROD': True, 'DBNROOT': '/apps/ops/prod/nco/core/prod_util.v2.0.14/fakedbn', 'CVS_RSH': 'ssh', '_ModuleTable042_': 'bG9hZE9yZGVyIl09ODAscHJvcFQ9e30sWyJyZWZfY291bnQiXT0xLFsic3RhY2tEZXB0aCJdPTIsWyJzdGF0dXMiXT0iYWN0aXZlIixbInVzZXJOYW1lIl09InB5LW51bXB5LzEuMjQuNCIsfSxbInB5LXBhY2thZ2luZyJdPXtbImZuIl09Ii9hcHBzL29wcy90ZXN0L3NwYWNrLXN0YWNrLTEuNi4wLW5jby9lbnZzL25jby1pbnRlbC0xOS4xLjMuMzA0L2luc3RhbGwvbW9kdWxlZmlsZXMvaW50ZWwvMTkuMS4zLjMwNC9weS1wYWNrYWdpbmcvMjMuMS5sdWEiLFsiZnVsbE5hbWUiXT0icHktcGFja2FnaW5nLzIzLjEiLFsibG9hZE9yZGVyIl09ODIscHJvcFQ9e30sWyJzdGFja0RlcHRoIl09MSxbInN0YXR1cyJdPSJhY3RpdmUiLFsidXNlck5hbWUiXT0icHktcGFja2FnaW5nLzIz', 'PBS_O_MAIL': '/var/spool/mail/emc.global', 'OMP_NUM_THREADS': 1, 'LESSOPEN': 'lessopen.sh %s', '_ModuleTable020_': 'MzA0Iix9LGxpYmZhYnJpYz17WyJmbiJdPSIvb3B0L2NyYXkvbW9kdWxlZmlsZXMvbGliZmFicmljLzEuMjAuMSIsWyJmdWxsTmFtZSJdPSJsaWJmYWJyaWMvMS4yMC4xIixbImxvYWRPcmRlciJdPTYscHJvcFQ9e30sWyJzdGFja0RlcHRoIl09MyxbInN0YXR1cyJdPSJhY3RpdmUiLFsidXNlck5hbWUiXT0ibGliZmFicmljIix9LGxpYmpwZWc9e1siZm4iXT0iL2FwcHMvb3BzL3Rlc3Qvc3BhY2stc3RhY2stMS42LjAtbmNvL2VudnMvbmNvLWludGVsLTE5LjEuMy4zMDQvaW5zdGFsbC9tb2R1bGVmaWxlcy9pbnRlbC8xOS4xLjMuMzA0L2xpYmpwZWcvMi4xLjAubHVhIixbImZ1bGxOYW1lIl09ImxpYmpwZWcvMi4xLjAiLFsibG9hZE9yZGVyIl09NTIscHJvcFQ9e30sWyJzdGFj', 'COM_OCEAN_HISTORY_TMPL': '${ROTDIR}/${RUN}.${YMD}/${HH}/${MEMDIR}/model/ocean/history', 'EXP_WARM_START': True, 'FHMAX_WAV': 9, 'LMOD_DIR': '/usr/share/lmod/lmod/libexec', 'libxt_ROOT': '/apps/ops/test/spack-stack-1.6.0-nco/envs/nco-intel-19.1.3.304/install/intel/19.1.3.304/libxt-1.1.5-r2mrglu', 'LC_TIME': 'C.UTF-8', 'SCRgfs': '/lfs/h2/emc/global/noscrub/emc.global/RETRO_GFSv17/git/global-workflow/develop_20250602/scripts', 'LMOD_FAMILY_MPI': 'cray-mpich', 'BASH_FUNC_postamble%%': '() {  set +x;\n script="${1}";\n start_time="${2}";\n rc="${3}";\n if [[ -v \'POSTAMBLE_CMD\' ]]; then\n ${POSTAMBLE_CMD};\n fi;\n end_time=$(date +%s);\n end_time_human=$(date -d@"${end_time}" -u +%H:%M:%S);\n elapsed_sec=$((end_time - start_time));\n elapsed=$(date -d@"${elapsed_sec}" -u +%H:%M:%S);\n echo "End ${script} at ${end_time_human} with error code ${rc:-0} (time elapsed: ${elapsed})";\n exit "${rc}"\n}', 'BASH_FUNC_set_strict%%': '() {  if [[ ${STRICT:-"YES"} == "YES" ]]; then\n set -eu;\n fi\n}', 'BASH_FUNC_module%%': '() {  eval $($LMOD_CMD bash "$@") && eval $(${LMOD_SETTARG_CMD:-:} -s sh)\n}', 'BASH_FUNC_set_trace%%': '() {  if [[ ${TRACE:-"YES"} == "YES" ]]; then\n set -x;\n fi\n}', 'BASH_FUNC_declare_from_tmpl%%': '() {  if [[ ${DEBUG_WORKFLOW:-"NO"} == "NO" ]]; then\n set +x;\n fi;\n local opts="-g";\n local OPTIND=1;\n while getopts "rx" option; do\n opts="${opts}${option}";\n done;\n shift $((OPTIND-1));\n for input in "$@";\n do\n IFS=\':\' read -ra args <<< "${input}";\n local com_var="${args[0]}";\n local template;\n local value;\n if (( ${#args[@]} > 1 )); then\n template="${args[1]}";\n else\n template="${com_var}_TMPL";\n fi;\n if [[ ! -v "${template}" ]]; then\n echo "FATAL ERROR in declare_from_tmpl: Requested template ${template} not defined!";\n exit 2;\n fi;\n value=$(echo "${!template}" | envsubst);\n declare ${opts} "${com_var}"="${value}";\n echo "declare_from_tmpl :: ${com_var}=${value}";\n done;\n set_trace\n}', 'BASH_FUNC_wait_for_file%%': '() {  set +x;\n local file_name=${1:?"wait_for_file() requires a file name"};\n local sleep_interval=${2:-60};\n local max_tries=${3:-100};\n for ((iter=0; iter<max_tries; iter++ ))\n do\n if [[ -r ${file_name} ]]; then\n set_trace;\n return 0;\n fi;\n sleep "${sleep_interval}";\n done;\n set_trace;\n return 1\n}', 'BASH_FUNC_err_exit%%': ['() {  set +eux;\n msg1=${*:-Job ${jobid} failed};\n if [[ -n "${pgm}" ]]; then\n msg1+="', 'ERROR IN ${pgm}";\n fi;\n if [[ -n "${err}" ]]; then\n msg1+=" RETURN CODE ${err}";\n fi;\n msg2="\n    -------------------------------------------------------------\n    -- FATAL ERROR: ${msg1}\n    -- ABNORMAL EXIT at $(date) on ${HOSTNAME}\n    -------------------------------------------------------------\n    ";\n echo "${msg2}" 1>&2;\n module list;\n echo "" 1>&2;\n echo "${msg1}" 1>&2;\n if [[ -n "${DATA}" ]]; then\n echo "${DATA}" 1>&2;\n ls -ltr "${DATA}" 1>&2;\n else\n echo "WARNING: DATA variable not defined" 1>&2;\n fi;\n if [[ -n "${pgmout}" ]]; then\n if [[ -s errfile ]]; then\n echo "----- contents of errfile -----" >> "${pgmout}";\n cat errfile >> "${pgmout}";\n fi;\n cat "${pgmout}" 1>&2;\n else\n if [[ -s errfile ]]; then\n cat errfile 1>&2;\n fi;\n fi;\n if [[ "${SENDECF}" = "YES" ]]; then\n timeout 30 ecflow_client --msg "${ECF_NAME}: ${msg1}";\n timeout 30 ssh "${ECF_HOST}" "echo \\"${msg}2\\" >> ${ECF_JOBOUT:?}";\n fi;\n if [[ "${SENDECF}" = "YES" ]]; then\n ecflow_client --kill="${ECF_NAME:?}";\n fi;\n if [[ -n "${PBS_JOBID}" ]]; then\n qdel "${PBS_JOBID}";\n else\n if [[ -n "${SLURM_JOB_ID}" ]]; then\n scancel "${SLURM_JOB_ID}";\n fi;\n fi\n}'], 'BASH_FUNC_ml%%': '() {  eval $($LMOD_DIR/ml_cmd "$@")\n}', '_': '/lfs/h2/emc/global/noscrub/emc.global/RETRO_GFSv17/git/global-workflow/develop_20250602/scripts/exglobal_analysis_stats.py'} )[0m
[38;5;39m2025-06-16 18:21:15,136 - DEBUG    - task        : current cycle: 2024-11-24 18:00:00[0m
[38;5;39m2025-06-16 18:21:15,136 - DEBUG    - task        : previous cycle: 2024-11-24 12:00:00[0m
[38;21m2025-06-16 18:21:15,138 - INFO     - analysis_stats:   END: AnalysisStats.__init__[0m
[38;5;39m2025-06-16 18:21:15,138 - DEBUG    - analysis_stats:  returning: None[0m
[38;21m2025-06-16 18:21:15,138 - INFO     - analysis_stats: BEGIN: pygfs.task.analysis_stats.initialize[0m
[38;5;39m2025-06-16 18:21:15,138 - DEBUG    - analysis_stats: ( <pygfs.task.analysis_stats.AnalysisStats object at 0x14fbbe7e4640> )[0m
[38;21m2025-06-16 18:21:15,139 - INFO     - jedi        : BEGIN: pygfs.jedi.jedi.get_jedi_dict[0m
[38;5;39m2025-06-16 18:21:15,139 - DEBUG    - jedi        : ( '/lfs/h2/emc/global/noscrub/emc.global/RETRO_GFSv17/git/global-workflow/develop_20250602/parm/gdas/anlstat_jedi_config.yaml.j2', {'envir': 'prod', 'FRAC_GRID': True, 'LMOD_FAMILY_METAPYTHON': 'stack-python', 'waveGRD': 'uglo_15km', '_ModuleTable051_': 'YWNrRGVwdGgiXT0xLFsic3RhdHVzIl09ImFjdGl2ZSIsWyJ1c2VyTmFtZSJdPSJweS14YXJyYXkvMjAyMy43LjAiLH0scHl0aG9uPXtbImZuIl09Ii9hcHBzL29wcy90ZXN0L3NwYWNrLXN0YWNrLTEuNi4wLW5jby9lbnZzL25jby1pbnRlbC0xOS4xLjMuMzA0L2luc3RhbGwvbW9kdWxlZmlsZXMvaW50ZWwvMTkuMS4zLjMwNC9weXRob24vMy4xMC4xMy5sdWEiLFsiZnVsbE5hbWUiXT0icHl0aG9uLzMuMTAuMTMiLFsibG9hZE9yZGVyIl09MTMscHJvcFQ9e30sWyJyZWZfY291bnQiXT0yNCxbInN0YWNrRGVwdGgiXT0yLFsic3RhdHVzIl09ImFjdGl2ZSIsWyJ1c2VyTmFtZSJdPSJweXRob24vMy4xMC4xMyIsfSxxaHVsbD17WyJmbiJdPSIvYXBwcy9vcHMvdGVzdC9zcGFjay1z', 'py_pycodestyle_ROOT': '/apps/ops/test/spack-stack-1.6.0-nco/envs/nco-intel-19.1.3.304/install/intel/19.1.3.304/py-pycodestyle-2.11.0-bh2jlm5', 'COMOUT_AERO_ANLMON': '/lfs/h2/emc/ptmp/emc.global/RETRO_GFSv17/comroot/retrotestgfs10/gdas.20241124/18//products/chem/anlmon', 'CRAY_LMOD_MPI': 'cray-mpich/8.0', 'INCVARS_ZERO_STRAT': ["'sphum_inc'", "'liq_wat_inc'", "'icmr_inc'", "'rwmr_inc'", "'snmr_inc'", "'grle_inc'"], 'LMOD_FAMILY_CRAYPE_NETWORK_VERSION': False, '_ModuleTable037_': 'c3RhdHVzIl09ImFjdGl2ZSIsWyJ1c2VyTmFtZSJdPSJweS1ib3R0bGVuZWNrLzEuMy43Iix9LFsicHktY2Z0aW1lIl09e1siZm4iXT0iL2FwcHMvb3BzL3Rlc3Qvc3BhY2stc3RhY2stMS42LjAtbmNvL2VudnMvbmNvLWludGVsLTE5LjEuMy4zMDQvaW5zdGFsbC9tb2R1bGVmaWxlcy9pbnRlbC8xOS4xLjMuMzA0L3B5LWNmdGltZS8xLjAuMy40Lmx1YSIsWyJmdWxsTmFtZSJdPSJweS1jZnRpbWUvMS4wLjMuNCIsWyJsb2FkT3JkZXIiXT04MSxwcm9wVD17fSxbInN0YWNrRGVwdGgiXT0xLFsic3RhdHVzIl09ImFjdGl2ZSIsWyJ1c2VyTmFtZSJdPSJweS1jZnRpbWUvMS4wLjMuNCIsfSxbInB5LWY5MG5tbCJdPXtbImZuIl09Ii9hcHBzL29wcy90ZXN0L3NwYWNrLXN0YWNrLTEu', 'COMOUT_CONF': '/lfs/h2/emc/ptmp/emc.global/RETRO_GFSv17/comroot/retrotestgfs10/gdas.20241124/18//conf', 'COM_SNOW_ANALYSIS_TMPL': '${ROTDIR}/${RUN}.${YMD}/${HH}/${MEMDIR}/analysis/snow', 'PBS_ENVIRONMENT': 'PBS_BATCH', '_ModuleTable064_': 'aWxlcy9Db3JlOi9vcHQvY3JheS9wZS9sbW9kL21vZHVsZWZpbGVzL2NvcmU6L29wdC9jcmF5L3BlL2xtb2QvbW9kdWxlZmlsZXMvY3JheXBlLXRhcmdldHMvZGVmYXVsdDovYXBwcy9wcm9kL2xtb2R1bGVzL3N5c19jb3JlOi9hcHBzL29wcy9wcm9kL25jby9tb2R1bGVmaWxlcy9jb3JlOi9hcHBzL3Byb2QvbG1vZHVsZXMvY29yZTovb3B0L2NyYXkvbW9kdWxlZmlsZXMiLH0=', 'LD_LIBRARY_PATH': '/apps/ops/test/spack-stack-1.6.0-nco/envs/nco-intel-19.1.3.304/install/intel/19.1.3.304/py-packaging-23.1-2qpd5mc/lib:/apps/ops/test/spack-stack-1.6.0-nco/envs/nco-intel-19.1.3.304/install/intel/19.1.3.304/py-cftime-1.0.3.4-dka7hny/lib:/apps/ops/test/spack-stack-1.6.0-nco/envs/nco-intel-19.1.3.304/install/intel/19.1.3.304/py-numpy-1.24.4-yosem2k/lib:/apps/ops/test/spack-stack-1.6.0-nco/envs/nco-intel-19.1.3.304/install/intel/19.1.3.304/py-markupsafe-2.1.3-45ywjnp/lib:/apps/ops/test/spack-stack-1.6.0-nco/envs/nco-intel-19.1.3.304/install/intel/19.1.3.304/py-pandas-1.5.3-u3wc7uc/lib:/apps/ops/test/spack-stack-1.6.0-nco/envs/nco-intel-19.1.3.304/install/intel/19.1.3.304/py-pytz-2023.3-yebggst/lib:/apps/ops/test/spack-stack-1.6.0-nco/envs/nco-intel-19.1.3.304/install/intel/19.1.3.304/py-python-dateutil-2.8.2-mes6fwe/lib:/apps/ops/test/spack-stack-1.6.0-nco/envs/nco-intel-19.1.3.304/install/intel/19.1.3.304/py-six-1.16.0-u4sv6sb/lib:/apps/ops/test/spack-stack-1.6.0-nco/envs/nco-intel-19.1.3.304/install/intel/19.1.3.304/py-numexpr-2.8.4-2rtg4mi/lib:/apps/ops/test/spack-stack-1.6.0-nco/envs/nco-intel-19.1.3.304/install/intel/19.1.3.304/py-bottleneck-1.3.7-oolvw5k/lib:/apps/ops/test/spack-stack-1.6.0-nco/envs/nco-intel-19.1.3.304/install/intel/19.1.3.304/py-pip-23.1.2-ohrscnx/lib:/apps/ops/test/spack-stack-1.6.0-nco/envs/nco-intel-19.1.3.304/install/intel/19.1.3.304/py-f90nml-1.4.3-rizmifn/lib:/apps/ops/test/spack-stack-1.6.0-nco/envs/nco-intel-19.1.3.304/install/intel/19.1.3.304/py-xarray-2023.7.0-jj7syqa/lib:/apps/ops/test/spack-stack-1.6.0-nco/envs/nco-intel-19.1.3.304/install/intel/19.1.3.304/py-scipy-1.10.1-236sa7x/lib:/apps/ops/test/spack-stack-1.6.0-nco/envs/nco-intel-19.1.3.304/install/intel/19.1.3.304/py-pyyaml-5.4.1-afvmuaf/lib:/apps/ops/test/spack-stack-1.6.0-nco/envs/nco-intel-19.1.3.304/install/intel/19.1.3.304/libyaml-0.2.5-ygjrdvo/lib:/apps/ops/test/spack-stack-1.6.0-nco/envs/nco-intel-19.1.3.304/install/intel/19.1.3.304/py-pycodestyle-2.11.0-bh2jlm5/lib:/apps/ops/test/spack-stack-1.6.0-nco/envs/nco-intel-19.1.3.304/install/intel/19.1.3.304/py-pybind11-2.11.1-wdb6paz/lib:/apps/ops/test/spack-stack-1.6.0-nco/envs/nco-intel-19.1.3.304/install/intel/19.1.3.304/py-netcdf4-1.5.8-6kubnk6/lib:/apps/ops/test/spack-stack-1.6.0-nco/envs/nco-intel-19.1.3.304/install/intel/19.1.3.304/py-jinja2-3.1.2-vbbttij/lib:/apps/ops/test/spack-stack-1.6.0-nco/envs/nco-intel-19.1.3.304/install/intel/19.1.3.304/py-setuptools-63.4.3-rg7efar/lib:/apps/ops/test/spack-stack-1.6.0-nco/envs/nco-intel-19.1.3.304/install/intel/19.1.3.304/netcdf-cxx4-4.3.1-lp7tiyf/lib:/apps/ops/test/spack-stack-1.6.0-nco/envs/nco-intel-19.1.3.304/install/intel/19.1.3.304/udunits-2.2.28-wmjzel4/lib:/apps/ops/test/spack-stack-1.6.0-nco/envs/nco-intel-19.1.3.304/install/intel/19.1.3.304/libxaw-1.0.13-gdstphl/lib:/apps/ops/test/spack-stack-1.6.0-nco/envs/nco-intel-19.1.3.304/install/intel/19.1.3.304/libxpm-3.5.12-dcjsyoi/lib:/apps/ops/test/spack-stack-1.6.0-nco/envs/nco-intel-19.1.3.304/install/intel/19.1.3.304/libxmu-1.1.4-xhe6hjc/lib:/apps/ops/test/spack-stack-1.6.0-nco/envs/nco-intel-19.1.3.304/install/intel/19.1.3.304/libxt-1.1.5-r2mrglu/lib:/apps/ops/test/spack-stack-1.6.0-nco/envs/nco-intel-19.1.3.304/install/intel/19.1.3.304/libpng-1.6.37-3sds4er/lib64:/apps/ops/test/spack-stack-1.6.0-nco/envs/nco-intel-19.1.3.304/install/intel/19.1.3.304/libpng-1.6.37-3sds4er/lib:/apps/ops/test/spack-stack-1.6.0-nco/envs/nco-intel-19.1.3.304/install/intel/19.1.3.304/libjpeg-turbo-2.1.0-rt44pqr/lib64:/apps/ops/test/spack-stack-1.6.0-nco/envs/nco-intel-19.1.3.304/install/intel/19.1.3.304/gsl-lite-0.37.0-7zi7wss/lib64:/apps/ops/test/spack-stack-1.6.0-nco/envs/nco-intel-19.1.3.304/install/intel/19.1.3.304/sp-2.5.0-rhcyr64/lib64:/apps/ops/test/spack-stack-1.6.0-nco/envs/nco-intel-19.1.3.304/install/intel/19.1.3.304/ecmwf-atlas-0.35.0-42ufhdx/lib64:/apps/ops/test/spack-stack-1.6.0-nco/envs/nco-intel-19.1.3.304/install/intel/19.1.3.304/qhull-2020.2-5ycwudw/lib:/apps/ops/test/spack-stack-1.6.0-nco/envs/nco-intel-19.1.3.304/install/intel/19.1.3.304/esmf-8.5.0-7huplmy/lib:/apps/ops/test/spack-stack-1.6.0-nco/envs/nco-intel-19.1.3.304/install/intel/19.1.3.304/fms-2023.04-utbqnz3/lib:/apps/ops/test/spack-stack-1.6.0-nco/envs/nco-intel-19.1.3.304/install/intel/19.1.3.304/fckit-0.11.0-7qg4hhj/lib64:/apps/ops/test/spack-stack-1.6.0-nco/envs/nco-intel-19.1.3.304/install/intel/19.1.3.304/fftw-3.3.10-sefnta3/lib:/apps/ops/test/spack-stack-1.6.0-nco/envs/nco-intel-19.1.3.304/install/intel/19.1.3.304/eckit-1.24.5-isrgc5y/lib64:/apps/ops/test/spack-stack-1.6.0-nco/envs/nco-intel-19.1.3.304/install/intel/19.1.3.304/openblas-0.3.24-7qwu32e/lib:/apps/ops/test/spack-stack-1.6.0-nco/envs/nco-intel-19.1.3.304/install/intel/19.1.3.304/openjpeg-2.5.0-ulqgnem/lib:/apps/ops/test/spack-stack-1.6.0-nco/envs/nco-intel-19.1.3.304/install/intel/19.1.3.304/ecbuild-3.7.2-ovbazu2/lib64:/apps/ops/test/spack-stack-1.6.0-nco/envs/nco-intel-19.1.3.304/install/intel/19.1.3.304/bufr-12.0.1-tirva7g/lib64:/apps/ops/test/spack-stack-1.6.0-nco/envs/nco-intel-19.1.3.304/install/intel/19.1.3.304/bufr-12.0.1-tirva7g/lib:/apps/ops/test/spack-stack-1.6.0-nco/envs/nco-intel-19.1.3.304/install/intel/19.1.3.304/boost-1.83.0-nqtmt7k/lib:/apps/ops/test/spack-stack-1.6.0-nco/envs/nco-intel-19.1.3.304/install/intel/19.1.3.304/parallelio-2.5.10-3rkk43u/lib:/apps/ops/test/spack-stack-1.6.0-nco/envs/nco-intel-19.1.3.304/install/intel/19.1.3.304/nco-5.0.6-6ykwuoz/lib:/apps/ops/test/spack-stack-1.6.0-nco/envs/nco-intel-19.1.3.304/install/intel/19.1.3.304/gsl-2.7.1-kr3c4v5/lib:/apps/ops/test/spack-stack-1.6.0-nco/envs/nco-intel-19.1.3.304/install/intel/19.1.3.304/antlr-2.7.7-hoqq24u/lib:/apps/ops/test/spack-stack-1.6.0-nco/envs/nco-intel-19.1.3.304/install/intel/19.1.3.304/netcdf-fortran-4.6.1-b4geqvx/lib:/apps/ops/test/spack-stack-1.6.0-nco/envs/nco-intel-19.1.3.304/install/intel/19.1.3.304/netcdf-c-4.9.2-bcln2jr/lib:/apps/ops/test/spack-stack-1.6.0-nco/envs/nco-intel-19.1.3.304/install/intel/19.1.3.304/parallel-netcdf-1.12.2-77j7vnx/lib:/apps/ops/test/spack-stack-1.6.0-nco/envs/nco-intel-19.1.3.304/install/intel/19.1.3.304/zlib-1.2.13-yoc3h4p/lib:/apps/ops/test/spack-stack-1.6.0-nco/envs/nco-intel-19.1.3.304/install/intel/19.1.3.304/curl-8.4.0-zr7lvkw/lib:/apps/ops/test/spack-stack-1.6.0-nco/envs/nco-intel-19.1.3.304/install/intel/19.1.3.304/pcre2-10.42-utn3zxn/lib:/apps/ops/test/spack-stack-1.6.0-nco/envs/nco-intel-19.1.3.304/install/intel/19.1.3.304/gettext-0.19.7-2fi4wu4/lib:/apps/ops/test/spack-stack-1.6.0-nco/envs/nco-intel-19.1.3.304/install/intel/19.1.3.304/zstd-1.5.2-pe6gdyf/lib:/apps/ops/test/spack-stack-1.6.0-nco/envs/nco-intel-19.1.3.304/install/intel/19.1.3.304/python-3.10.13-qzt4y2i/lib:/apps/ops/test/spack-stack-1.6.0-nco/envs/nco-intel-19.1.3.304/install/intel/19.1.3.304/util-linux-uuid-2.38.1-jwatqmi/lib:/apps/ops/test/spack-stack-1.6.0-nco/envs/nco-intel-19.1.3.304/install/intel/19.1.3.304/sqlite-3.43.2-onahail/lib:/apps/ops/test/spack-stack-1.6.0-nco/envs/nco-intel-19.1.3.304/install/intel/19.1.3.304/libxcrypt-4.4.35-soueqga/lib:/opt/cray/lib64:/pe/intel/compilers_and_libraries_2020.4.304/linux/compiler/lib/intel64_lin:/pe/intel/compilers_and_libraries_2020.4.304/linux/mpi/intel64/lib/release:/pe/intel/compilers_and_libraries_2020.4.304/linux/mpi/intel64/lib:/pe/intel/compilers_and_libraries_2020.4.304/linux/ipp/lib/intel64:/pe/intel/compilers_and_libraries_2020.4.304/linux/mkl/lib/intel64_lin:/pe/intel/compilers_and_libraries_2020.4.304/linux/tbb/lib/intel64/gcc4.8:/pe/intel/debugger_2020/python/intel64/lib:/pe/intel/debugger_2020/libipt/intel64/lib:/lfs/h2/emc/global/noscrub/emc.global/RETRO_GFSv17/git/global-workflow/develop_20250602/sorc/gdas.cd/build/lib:/opt/cray/pe/mpich/8.1.19/ofi/intel/19.0/lib:/apps/ops/test/spack-stack-1.6.0-nco/envs/nco-intel-19.1.3.304/install/intel/19.1.3.304/hdf5-1.14.0-yckaywr/lib', 'sp_ROOT': '/apps/ops/test/spack-stack-1.6.0-nco/envs/nco-intel-19.1.3.304/install/intel/19.1.3.304/sp-2.5.0-rhcyr64', 'HOSTTYPE': 'x86_64', 'zlib_ROOT': '/apps/ops/test/spack-stack-1.6.0-nco/envs/nco-intel-19.1.3.304/install/intel/19.1.3.304/zlib-1.2.13-yoc3h4p', 'LMOD_CUSTOM_PATHS': 'CNCM/apps/ops/prod/libs/modulefiles/mpi/intel/19.1.3.304/cray-mpich/8.1.4:CNCM/apps/prod/lmodules/INTEL_cray_mpich/19.1.3.304/cray-mpich/8.1.4:COMPILER/apps/ops/prod/nco/modulefiles/compiler/intel/19.1.3.304:COMPILER/apps/ops/prod/libs/modulefiles/compiler/intel/19.1.3.304:COMPILER/apps/prod/lmodules/intel/19.1.3.304', 'SENDDBN_NTC': False, 'COM_ATMOS_RADMON_TMPL': '${ROTDIR}/${RUN}.${YMD}/${HH}/${MEMDIR}/products/atmos/radmon', '__LMOD_REF_COUNT_HDF5_PLUGIN_PATH': '/apps/ops/test/spack-stack-1.6.0-nco/envs/nco-intel-19.1.3.304/install/intel/19.1.3.304/netcdf-c-4.9.2-bcln2jr/plugins:1', 'threads_per_task': 1, 'COM_ICE_GRIB_TMPL': '${ROTDIR}/${RUN}.${YMD}/${HH}/${MEMDIR}/products/ice/grib2', 'PBS_O_LANG': 'en_US.UTF-8', 'COMINnam': '/lfs/h2/emc/global/noscrub/emc.global/data/external_gempak/nam', '_ModuleTable017_': 'ZC9sbW9kdWxlcy9jb3JlL2dpdC1sZnMvMi4xMS4wIixbImZ1bGxOYW1lIl09ImdpdC1sZnMvMi4xMS4wIixbImxvYWRPcmRlciJdPTI2LHByb3BUPXt9LFsic3RhY2tEZXB0aCJdPTEsWyJzdGF0dXMiXT0iYWN0aXZlIixbInVzZXJOYW1lIl09ImdpdC1sZnMvMi4xMS4wIix9LGdzbD17WyJmbiJdPSIvYXBwcy9vcHMvdGVzdC9zcGFjay1zdGFjay0xLjYuMC1uY28vZW52cy9uY28taW50ZWwtMTkuMS4zLjMwNC9pbnN0YWxsL21vZHVsZWZpbGVzL2ludGVsLzE5LjEuMy4zMDQvZ3NsLzIuNy4xLmx1YSIsWyJmdWxsTmFtZSJdPSJnc2wvMi43LjEiLFsibG9hZE9yZGVyIl09MzQscHJvcFQ9e30sWyJyZWZfY291bnQiXT0xLFsic3RhY2tEZXB0aCJdPTIsWyJzdGF0dXMiXT0iYWN0', '_ModuleTable032_': 'dXNlck5hbWUiXT0ib3BlbmpwZWcvMi41LjAiLH0sWyJwYXJhbGxlbC1uZXRjZGYiXT17WyJmbiJdPSIvYXBwcy9vcHMvdGVzdC9zcGFjay1zdGFjay0xLjYuMC1uY28vZW52cy9uY28taW50ZWwtMTkuMS4zLjMwNC9pbnN0YWxsL21vZHVsZWZpbGVzL2NyYXktbXBpY2gvOC4xLjkvaW50ZWwvMTkuMS4zLjMwNC9wYXJhbGxlbC1uZXRjZGYvMS4xMi4yLmx1YSIsWyJmdWxsTmFtZSJdPSJwYXJhbGxlbC1uZXRjZGYvMS4xMi4yIixbImxvYWRPcmRlciJdPTI5LHByb3BUPXt9LFsicmVmX2NvdW50Il09MSxbInN0YWNrRGVwdGgiXT0xLFsic3RhdHVzIl09ImFjdGl2ZSIsWyJ1c2VyTmFtZSJdPSJwYXJhbGxlbC1uZXRjZGYvMS4xMi4yIix9LHBhcmFsbGVsaW89e1siZm4iXT0iL2Fw', 'WRITE_DOPOST': True, 'PIO_VERSION_MAJOR': 2, '__LMOD_REF_COUNT_PATH': '/apps/ops/test/spack-stack-1.6.0-nco/envs/nco-intel-19.1.3.304/install/intel/19.1.3.304/py-numpy-1.24.4-yosem2k/bin:2;/apps/ops/test/spack-stack-1.6.0-nco/envs/nco-intel-19.1.3.304/install/intel/19.1.3.304/py-pip-23.1.2-ohrscnx/bin:2;/apps/ops/test/spack-stack-1.6.0-nco/envs/nco-intel-19.1.3.304/install/intel/19.1.3.304/py-f90nml-1.4.3-rizmifn/bin:2;/apps/ops/test/spack-stack-1.6.0-nco/envs/nco-intel-19.1.3.304/install/intel/19.1.3.304/py-pycodestyle-2.11.0-bh2jlm5/bin:2;/apps/ops/test/spack-stack-1.6.0-nco/envs/nco-intel-19.1.3.304/install/intel/19.1.3.304/py-pybind11-2.11.1-wdb6paz/bin:2;/apps/ops/test/spack-stack-1.6.0-nco/envs/nco-intel-19.1.3.304/install/intel/19.1.3.304/py-netcdf4-1.5.8-6kubnk6/bin:2;/apps/ops/prod/nco/core/prod_util.v2.0.14/ush:1;/apps/ops/test/spack-stack-1.6.0-nco/envs/nco-intel-19.1.3.304/install/intel/19.1.3.304/netcdf-cxx4-4.3.1-lp7tiyf/bin:2;/apps/ops/test/spack-stack-1.6.0-nco/envs/nco-intel-19.1.3.304/install/intel/19.1.3.304/ncview-2.1.9-rv4j23b/bin:2;/apps/ops/test/spack-stack-1.6.0-nco/envs/nco-intel-19.1.3.304/install/intel/19.1.3.304/udunits-2.2.28-wmjzel4/bin:2;/apps/ops/test/spack-stack-1.6.0-nco/envs/nco-intel-19.1.3.304/install/intel/19.1.3.304/libxpm-3.5.12-dcjsyoi/bin:2;/apps/ops/test/spack-stack-1.6.0-nco/envs/nco-intel-19.1.3.304/install/intel/19.1.3.304/libpng-1.6.37-3sds4er/bin:2;/apps/ops/test/spack-stack-1.6.0-nco/envs/nco-intel-19.1.3.304/install/intel/19.1.3.304/libjpeg-turbo-2.1.0-rt44pqr/bin:2;/apps/ops/test/spack-stack-1.6.0-nco/envs/nco-intel-19.1.3.304/install/intel/19.1.3.304/ecmwf-atlas-0.35.0-42ufhdx/bin:2;/apps/ops/test/spack-stack-1.6.0-nco/envs/nco-intel-19.1.3.304/install/intel/19.1.3.304/qhull-2020.2-5ycwudw/bin:2;/apps/ops/test/spack-stack-1.6.0-nco/envs/nco-intel-19.1.3.304/install/intel/19.1.3.304/esmf-8.5.0-7huplmy/bin:2;/apps/ops/test/spack-stack-1.6.0-nco/envs/nco-intel-19.1.3.304/install/intel/19.1.3.304/fckit-0.11.0-7qg4hhj/bin:2;/apps/ops/test/spack-stack-1.6.0-nco/envs/nco-intel-19.1.3.304/install/intel/19.1.3.304/fftw-3.3.10-sefnta3/bin:2;/apps/ops/test/spack-stack-1.6.0-nco/envs/nco-intel-19.1.3.304/install/intel/19.1.3.304/eckit-1.24.5-isrgc5y/bin:2;/apps/ops/test/spack-stack-1.6.0-nco/envs/nco-intel-19.1.3.304/install/intel/19.1.3.304/openblas-0.3.24-7qwu32e/bin:2;/apps/ops/test/spack-stack-1.6.0-nco/envs/nco-intel-19.1.3.304/install/intel/19.1.3.304/ecbuild-3.7.2-ovbazu2/bin:2;/apps/ops/test/spack-stack-1.6.0-nco/envs/nco-intel-19.1.3.304/install/intel/19.1.3.304/bufr-12.0.1-tirva7g/bin:2;/apps/ops/test/spack-stack-1.6.0-nco/envs/nco-intel-19.1.3.304/install/intel/19.1.3.304/nco-5.0.6-6ykwuoz/bin:2;/apps/ops/test/spack-stack-1.6.0-nco/envs/nco-intel-19.1.3.304/install/intel/19.1.3.304/gsl-2.7.1-kr3c4v5/bin:2;/apps/ops/test/spack-stack-1.6.0-nco/envs/nco-intel-19.1.3.304/install/intel/19.1.3.304/antlr-2.7.7-hoqq24u/bin:2;/apps/ops/test/spack-stack-1.6.0-nco/envs/nco-intel-19.1.3.304/install/intel/19.1.3.304/netcdf-fortran-4.6.1-b4geqvx/bin:2;/apps/ops/test/spack-stack-1.6.0-nco/envs/nco-intel-19.1.3.304/install/intel/19.1.3.304/nccmp-1.9.0.1-dnptqlr/bin:2;/apps/ops/test/spack-stack-1.6.0-nco/envs/nco-intel-19.1.3.304/install/intel/19.1.3.304/netcdf-c-4.9.2-bcln2jr/bin:2;/apps/ops/test/spack-stack-1.6.0-nco/envs/nco-intel-19.1.3.304/install/intel/19.1.3.304/parallel-netcdf-1.12.2-77j7vnx/bin:2;/apps/ops/test/spack-stack-1.6.0-nco/envs/nco-intel-19.1.3.304/install/intel/19.1.3.304/hdf5-1.14.0-yckaywr/bin:2;/apps/spack/git-lfs/2.11.0/gcc/11.2.0/m6b6nl5kfqngfteqbggydc7kflxere3s/bin:1;/apps/ops/test/spack-stack-1.6.0-nco/envs/nco-intel-19.1.3.304/install/intel/19.1.3.304/curl-8.4.0-zr7lvkw/bin:2;/apps/ops/test/spack-stack-1.6.0-nco/envs/nco-intel-19.1.3.304/install/intel/19.1.3.304/pcre2-10.42-utn3zxn/bin:2;/apps/ops/test/spack-stack-1.6.0-nco/envs/nco-intel-19.1.3.304/install/intel/19.1.3.304/gettext-0.19.7-2fi4wu4/bin:2;/apps/ops/test/spack-stack-1.6.0-nco/envs/nco-intel-19.1.3.304/install/intel/19.1.3.304/tar-1.34-e7e3lq2/bin:2;/apps/ops/test/spack-stack-1.6.0-nco/envs/nco-intel-19.1.3.304/install/intel/19.1.3.304/zstd-1.5.2-pe6gdyf/bin:2;/apps/ops/test/spack-stack-1.6.0-nco/envs/nco-intel-19.1.3.304/install/intel/19.1.3.304/pigz-2.7-p2s5ywz/bin:2;/apps/ops/test/spack-stack-1.6.0-nco/envs/nco-intel-19.1.3.304/install/intel/19.1.3.304/cmake-3.23.1-chpcsen/bin:2;/opt/cray/pals/1.3.2/bin:1;/opt/cray/pe/craype/2.7.17/bin:1;/apps/ops/test/spack-stack-1.6.0-nco/envs/nco-intel-19.1.3.304/install/intel/19.1.3.304/python-3.10.13-qzt4y2i/bin:2;/apps/ops/test/spack-stack-1.6.0-nco/envs/nco-intel-19.1.3.304/install/intel/19.1.3.304/util-linux-uuid-2.38.1-jwatqmi/bin:2;/apps/ops/test/spack-stack-1.6.0-nco/envs/nco-intel-19.1.3.304/install/intel/19.1.3.304/sqlite-3.43.2-onahail/bin:2;/opt/cray/bin:1;/pe/intel/compilers_and_libraries_2020.4.304/linux/bin/intel64:1;/pe/intel/compilers_and_libraries_2020.4.304/linux/bin:1;/pe/intel/compilers_and_libraries_2020.4.304/linux/mpi/intel64/bin:1;/pe/intel/debugger_2020/gdb/intel64/bin:1;/u/emc.global/bin:2;/usr/local/bin:1;/usr/bin:1;/bin:2;/opt/c3/bin:1;/opt/pbs/bin:1;/sbin:1;.:1;/opt/cray/pe/bin:1', '_ModuleTable061_': 'Y2stMS42LjAtbmNvL2VudnMvbmNvLWludGVsLTE5LjEuMy4zMDQvaW5zdGFsbC9tb2R1bGVmaWxlcy9pbnRlbC8xOS4xLjMuMzA0IiwiL2FwcHMvb3BzL3Byb2QvbmNvL21vZHVsZWZpbGVzL2NvbXBpbGVyL2ludGVsLzE5LjEuMy4zMDQiLCIvYXBwcy9vcHMvcHJvZC9saWJzL21vZHVsZWZpbGVzL2NvbXBpbGVyL2ludGVsLzE5LjEuMy4zMDQiLCIvYXBwcy9wcm9kL2xtb2R1bGVzL2ludGVsLzE5LjEuMy4zMDQiLCIvYXBwcy9wcm9kL2xtb2R1bGVzL2NvbXBpbGVyL2ludGVsLzE5LjAiLCIvYXBwcy9vcHMvdGVzdC9zcGFjay1zdGFjay0xLjYuMC1uY28vZW52cy9uY28taW50ZWwtMTkuMS4zLjMwNC9pbnN0YWxsL21vZHVsZWZpbGVzL0NvcmUiLCIvbGZzL2gyL2VtYy9nbG9i', '_ModuleTable002_': 'YWwvbm9zY3J1Yi9lbWMuZ2xvYmFsL1JFVFJPX0dGU3YxNy9naXQvZ2xvYmFsLXdvcmtmbG93L2RldmVsb3BfMjAyNTA2MDIvc29yYy9nZGFzLmNkL21vZHVsZWZpbGVzL0dEQVMvd2Nvc3MyLmludGVsLmx1YSIsWyJmdWxsTmFtZSJdPSJHREFTL3djb3NzMi5pbnRlbCIsWyJsb2FkT3JkZXIiXT04Myxwcm9wVD17fSxbInN0YWNrRGVwdGgiXT0wLFsic3RhdHVzIl09ImFjdGl2ZSIsWyJ1c2VyTmFtZSJdPSJHREFTL3djb3NzMiIsfSxbIlByZ0Vudi1pbnRlbCJdPXtbImZuIl09Ii9vcHQvY3JheS9wZS9sbW9kL21vZHVsZWZpbGVzL2NvcmUvUHJnRW52LWludGVsLzguMy4zLmx1YSIsWyJmdWxsTmFtZSJdPSJQcmdFbnYtaW50ZWwvOC4zLjMiLFsibG9hZE9yZGVyIl09Myxwcm9w', 'esmf_ROOT': '/apps/ops/test/spack-stack-1.6.0-nco/envs/nco-intel-19.1.3.304/install/intel/19.1.3.304/esmf-8.5.0-7huplmy', 'JCB_ALGO_YAML': '/lfs/h2/emc/global/noscrub/emc.global/RETRO_GFSv17/git/global-workflow/develop_20250602/parm/gdas/jcb-algorithms/anlstat.yaml.j2', 'libpng_ROOT': '/apps/ops/test/spack-stack-1.6.0-nco/envs/nco-intel-19.1.3.304/install/intel/19.1.3.304/libpng-1.6.37-3sds4er', 'BOOST_ROOT': '/apps/ops/test/spack-stack-1.6.0-nco/envs/nco-intel-19.1.3.304/install/intel/19.1.3.304/boost-1.83.0-nqtmt7k', 'RUN': 'gdas', '_ModuleTable047_': 'NC9pbnN0YWxsL21vZHVsZWZpbGVzL2ludGVsLzE5LjEuMy4zMDQvcHktcHl0ei8yMDIzLjMubHVhIixbImZ1bGxOYW1lIl09InB5LXB5dHovMjAyMy4zIixbImxvYWRPcmRlciJdPTc3LHByb3BUPXt9LFsicmVmX2NvdW50Il09MSxbInN0YWNrRGVwdGgiXT0yLFsic3RhdHVzIl09ImFjdGl2ZSIsWyJ1c2VyTmFtZSJdPSJweS1weXR6LzIwMjMuMyIsfSxbInB5LXB5eWFtbCJdPXtbImZuIl09Ii9hcHBzL29wcy90ZXN0L3NwYWNrLXN0YWNrLTEuNi4wLW5jby9lbnZzL25jby1pbnRlbC0xOS4xLjMuMzA0L2luc3RhbGwvbW9kdWxlZmlsZXMvaW50ZWwvMTkuMS4zLjMwNC9weS1weXlhbWwvNS40LjEubHVhIixbImZ1bGxOYW1lIl09InB5LXB5eWFtbC81LjQuMSIsWyJsb2FkT3Jk', 'FHMAX_ENKF': 9, 'LESSCLOSE': 'lessclose.sh %s %s', 'CRAY_LD_LIBRARY_PATH': '/opt/cray/pe/mpich/8.1.9/ofi/intel/19.0/lib', '__LMOD_REF_COUNT_DYLD_LIBRARY_PATH': '/apps/ops/test/spack-stack-1.6.0-nco/envs/nco-intel-19.1.3.304/install/intel/19.1.3.304/py-packaging-23.1-2qpd5mc/lib:1;/apps/ops/test/spack-stack-1.6.0-nco/envs/nco-intel-19.1.3.304/install/intel/19.1.3.304/py-cftime-1.0.3.4-dka7hny/lib:1;/apps/ops/test/spack-stack-1.6.0-nco/envs/nco-intel-19.1.3.304/install/intel/19.1.3.304/py-numpy-1.24.4-yosem2k/lib:1;/apps/ops/test/spack-stack-1.6.0-nco/envs/nco-intel-19.1.3.304/install/intel/19.1.3.304/py-markupsafe-2.1.3-45ywjnp/lib:1;/apps/ops/test/spack-stack-1.6.0-nco/envs/nco-intel-19.1.3.304/install/intel/19.1.3.304/py-pandas-1.5.3-u3wc7uc/lib:1;/apps/ops/test/spack-stack-1.6.0-nco/envs/nco-intel-19.1.3.304/install/intel/19.1.3.304/py-pytz-2023.3-yebggst/lib:1;/apps/ops/test/spack-stack-1.6.0-nco/envs/nco-intel-19.1.3.304/install/intel/19.1.3.304/py-python-dateutil-2.8.2-mes6fwe/lib:1;/apps/ops/test/spack-stack-1.6.0-nco/envs/nco-intel-19.1.3.304/install/intel/19.1.3.304/py-six-1.16.0-u4sv6sb/lib:1;/apps/ops/test/spack-stack-1.6.0-nco/envs/nco-intel-19.1.3.304/install/intel/19.1.3.304/py-numexpr-2.8.4-2rtg4mi/lib:1;/apps/ops/test/spack-stack-1.6.0-nco/envs/nco-intel-19.1.3.304/install/intel/19.1.3.304/py-bottleneck-1.3.7-oolvw5k/lib:1;/apps/ops/test/spack-stack-1.6.0-nco/envs/nco-intel-19.1.3.304/install/intel/19.1.3.304/py-pip-23.1.2-ohrscnx/lib:1;/apps/ops/test/spack-stack-1.6.0-nco/envs/nco-intel-19.1.3.304/install/intel/19.1.3.304/py-f90nml-1.4.3-rizmifn/lib:1;/apps/ops/test/spack-stack-1.6.0-nco/envs/nco-intel-19.1.3.304/install/intel/19.1.3.304/py-xarray-2023.7.0-jj7syqa/lib:1;/apps/ops/test/spack-stack-1.6.0-nco/envs/nco-intel-19.1.3.304/install/intel/19.1.3.304/py-scipy-1.10.1-236sa7x/lib:1;/apps/ops/test/spack-stack-1.6.0-nco/envs/nco-intel-19.1.3.304/install/intel/19.1.3.304/py-pyyaml-5.4.1-afvmuaf/lib:1;/apps/ops/test/spack-stack-1.6.0-nco/envs/nco-intel-19.1.3.304/install/intel/19.1.3.304/libyaml-0.2.5-ygjrdvo/lib:1;/apps/ops/test/spack-stack-1.6.0-nco/envs/nco-intel-19.1.3.304/install/intel/19.1.3.304/py-pycodestyle-2.11.0-bh2jlm5/lib:1;/apps/ops/test/spack-stack-1.6.0-nco/envs/nco-intel-19.1.3.304/install/intel/19.1.3.304/py-pybind11-2.11.1-wdb6paz/lib:1;/apps/ops/test/spack-stack-1.6.0-nco/envs/nco-intel-19.1.3.304/install/intel/19.1.3.304/py-netcdf4-1.5.8-6kubnk6/lib:1;/apps/ops/test/spack-stack-1.6.0-nco/envs/nco-intel-19.1.3.304/install/intel/19.1.3.304/py-jinja2-3.1.2-vbbttij/lib:1;/apps/ops/test/spack-stack-1.6.0-nco/envs/nco-intel-19.1.3.304/install/intel/19.1.3.304/py-setuptools-63.4.3-rg7efar/lib:1;/apps/ops/test/spack-stack-1.6.0-nco/envs/nco-intel-19.1.3.304/install/intel/19.1.3.304/netcdf-cxx4-4.3.1-lp7tiyf/lib:1;/apps/ops/test/spack-stack-1.6.0-nco/envs/nco-intel-19.1.3.304/install/intel/19.1.3.304/udunits-2.2.28-wmjzel4/lib:1;/apps/ops/test/spack-stack-1.6.0-nco/envs/nco-intel-19.1.3.304/install/intel/19.1.3.304/libxaw-1.0.13-gdstphl/lib:1;/apps/ops/test/spack-stack-1.6.0-nco/envs/nco-intel-19.1.3.304/install/intel/19.1.3.304/libxpm-3.5.12-dcjsyoi/lib:1;/apps/ops/test/spack-stack-1.6.0-nco/envs/nco-intel-19.1.3.304/install/intel/19.1.3.304/libxmu-1.1.4-xhe6hjc/lib:1;/apps/ops/test/spack-stack-1.6.0-nco/envs/nco-intel-19.1.3.304/install/intel/19.1.3.304/libxt-1.1.5-r2mrglu/lib:1;/apps/ops/test/spack-stack-1.6.0-nco/envs/nco-intel-19.1.3.304/install/intel/19.1.3.304/libpng-1.6.37-3sds4er/lib64:1;/apps/ops/test/spack-stack-1.6.0-nco/envs/nco-intel-19.1.3.304/install/intel/19.1.3.304/libpng-1.6.37-3sds4er/lib:1;/apps/ops/test/spack-stack-1.6.0-nco/envs/nco-intel-19.1.3.304/install/intel/19.1.3.304/libjpeg-turbo-2.1.0-rt44pqr/lib64:1;/apps/ops/test/spack-stack-1.6.0-nco/envs/nco-intel-19.1.3.304/install/intel/19.1.3.304/gsl-lite-0.37.0-7zi7wss/lib64:1;/apps/ops/test/spack-stack-1.6.0-nco/envs/nco-intel-19.1.3.304/install/intel/19.1.3.304/sp-2.5.0-rhcyr64/lib64:1;/apps/ops/test/spack-stack-1.6.0-nco/envs/nco-intel-19.1.3.304/install/intel/19.1.3.304/ecmwf-atlas-0.35.0-42ufhdx/lib64:1;/apps/ops/test/spack-stack-1.6.0-nco/envs/nco-intel-19.1.3.304/install/intel/19.1.3.304/qhull-2020.2-5ycwudw/lib:1;/apps/ops/test/spack-stack-1.6.0-nco/envs/nco-intel-19.1.3.304/install/intel/19.1.3.304/esmf-8.5.0-7huplmy/lib:1;/apps/ops/test/spack-stack-1.6.0-nco/envs/nco-intel-19.1.3.304/install/intel/19.1.3.304/fms-2023.04-utbqnz3/lib:1;/apps/ops/test/spack-stack-1.6.0-nco/envs/nco-intel-19.1.3.304/install/intel/19.1.3.304/fckit-0.11.0-7qg4hhj/lib64:1;/apps/ops/test/spack-stack-1.6.0-nco/envs/nco-intel-19.1.3.304/install/intel/19.1.3.304/fftw-3.3.10-sefnta3/lib:1;/apps/ops/test/spack-stack-1.6.0-nco/envs/nco-intel-19.1.3.304/install/intel/19.1.3.304/eckit-1.24.5-isrgc5y/lib64:1;/apps/ops/test/spack-stack-1.6.0-nco/envs/nco-intel-19.1.3.304/install/intel/19.1.3.304/openblas-0.3.24-7qwu32e/lib:1;/apps/ops/test/spack-stack-1.6.0-nco/envs/nco-intel-19.1.3.304/install/intel/19.1.3.304/openjpeg-2.5.0-ulqgnem/lib:1;/apps/ops/test/spack-stack-1.6.0-nco/envs/nco-intel-19.1.3.304/install/intel/19.1.3.304/ecbuild-3.7.2-ovbazu2/lib64:1;/apps/ops/test/spack-stack-1.6.0-nco/envs/nco-intel-19.1.3.304/install/intel/19.1.3.304/bufr-12.0.1-tirva7g/lib64:1;/apps/ops/test/spack-stack-1.6.0-nco/envs/nco-intel-19.1.3.304/install/intel/19.1.3.304/bufr-12.0.1-tirva7g/lib:1;/apps/ops/test/spack-stack-1.6.0-nco/envs/nco-intel-19.1.3.304/install/intel/19.1.3.304/boost-1.83.0-nqtmt7k/lib:1;/apps/ops/test/spack-stack-1.6.0-nco/envs/nco-intel-19.1.3.304/install/intel/19.1.3.304/parallelio-2.5.10-3rkk43u/lib:1;/apps/ops/test/spack-stack-1.6.0-nco/envs/nco-intel-19.1.3.304/install/intel/19.1.3.304/nco-5.0.6-6ykwuoz/lib:1;/apps/ops/test/spack-stack-1.6.0-nco/envs/nco-intel-19.1.3.304/install/intel/19.1.3.304/gsl-2.7.1-kr3c4v5/lib:1;/apps/ops/test/spack-stack-1.6.0-nco/envs/nco-intel-19.1.3.304/install/intel/19.1.3.304/antlr-2.7.7-hoqq24u/lib:1;/apps/ops/test/spack-stack-1.6.0-nco/envs/nco-intel-19.1.3.304/install/intel/19.1.3.304/netcdf-fortran-4.6.1-b4geqvx/lib:1;/apps/ops/test/spack-stack-1.6.0-nco/envs/nco-intel-19.1.3.304/install/intel/19.1.3.304/netcdf-c-4.9.2-bcln2jr/lib:1;/apps/ops/test/spack-stack-1.6.0-nco/envs/nco-intel-19.1.3.304/install/intel/19.1.3.304/parallel-netcdf-1.12.2-77j7vnx/lib:1;/apps/ops/test/spack-stack-1.6.0-nco/envs/nco-intel-19.1.3.304/install/intel/19.1.3.304/hdf5-1.14.0-yckaywr/lib:1;/apps/ops/test/spack-stack-1.6.0-nco/envs/nco-intel-19.1.3.304/install/intel/19.1.3.304/zlib-1.2.13-yoc3h4p/lib:1;/apps/ops/test/spack-stack-1.6.0-nco/envs/nco-intel-19.1.3.304/install/intel/19.1.3.304/curl-8.4.0-zr7lvkw/lib:1;/apps/ops/test/spack-stack-1.6.0-nco/envs/nco-intel-19.1.3.304/install/intel/19.1.3.304/pcre2-10.42-utn3zxn/lib:1;/apps/ops/test/spack-stack-1.6.0-nco/envs/nco-intel-19.1.3.304/install/intel/19.1.3.304/gettext-0.19.7-2fi4wu4/lib:1;/apps/ops/test/spack-stack-1.6.0-nco/envs/nco-intel-19.1.3.304/install/intel/19.1.3.304/zstd-1.5.2-pe6gdyf/lib:1;/apps/ops/test/spack-stack-1.6.0-nco/envs/nco-intel-19.1.3.304/install/intel/19.1.3.304/python-3.10.13-qzt4y2i/lib:1;/apps/ops/test/spack-stack-1.6.0-nco/envs/nco-intel-19.1.3.304/install/intel/19.1.3.304/util-linux-uuid-2.38.1-jwatqmi/lib:1;/apps/ops/test/spack-stack-1.6.0-nco/envs/nco-intel-19.1.3.304/install/intel/19.1.3.304/sqlite-3.43.2-onahail/lib:1;/apps/ops/test/spack-stack-1.6.0-nco/envs/nco-intel-19.1.3.304/install/intel/19.1.3.304/libxcrypt-4.4.35-soueqga/lib:1', 'CRTM_FIX': '/lfs/h2/emc/da/noscrub/emc.da/GDASApp/fix/crtm/2.4.0', 'COM_RTOFS_TMPL': '${DMPDIR}', 'XKEYSYMDB': '/usr/X11R6/lib/X11/XKeysymDB', 'PE_ENV': 'INTEL', 'COM_ATMOS_GRIB_GRID_TMPL': '${ROTDIR}/${RUN}.${YMD}/${HH}/${MEMDIR}/products/atmos/grib2/${GRID}', '__LMOD_REF_COUNT_PE_FORTRAN_PKGCONFIG_LIBS': 'mpichf90:1', 'LMOD_FAMILY_CRAYPE_CPU': 'craype-x86-rome', 'openjpeg_ROOT': '/apps/ops/test/spack-stack-1.6.0-nco/envs/nco-intel-19.1.3.304/install/intel/19.1.3.304/openjpeg-2.5.0-ulqgnem', 'NUM_SND_COLLECTIVES': 9, 'CRAY_LMOD_COMPILER': 'intel/19.0', 'atlas_ROOT': '/apps/ops/test/spack-stack-1.6.0-nco/envs/nco-intel-19.1.3.304/install/intel/19.1.3.304/ecmwf-atlas-0.35.0-42ufhdx', 'PSLOT': 'retrotestgfs10', 'LMOD_MODULERCFILE': '/apps/prod/lmodules/.modulerc.lua', 'QUEUE': 'devmax', 'DOIAU': True, 'PACKAGEROOT': '/lfs/h1/ops/prod/packages', 'PE_PRODUCT_LIST': 'CRAYPE:CRAYPE_X86_ROME', 'LMOD_IGNORE_CACHE': True, 'NDATE': '/apps/ops/prod/nco/core/prod_util.v2.0.14/exec/ndate', 'COM_ICE_RESTART_TMPL': '${ROTDIR}/${RUN}.${YMD}/${HH}/${MEMDIR}/model/ice/restart', 'LMOD_FAMILY_MPI_VERSION': '8.1.9', 'COM_ICE_ANLMON_TMPL': '${ROTDIR}/${RUN}.${YMD}/${HH}/${MEMDIR}/products/ice/anlmon', 'FHOUT_ICE': 3, 'PE_PERFTOOLS_MPICH_LIBDIR': '/opt/cray/pe/mpich/8.1.9/ofi/intel/19.0/lib', 'libxmu_ROOT': '/apps/ops/test/spack-stack-1.6.0-nco/envs/nco-intel-19.1.3.304/install/intel/19.1.3.304/libxmu-1.1.4-xhe6hjc', 'COM_SNOW_ANLMON_TMPL': '${ROTDIR}/${RUN}.${YMD}/${HH}/${MEMDIR}/products/snow/anlmon', 'py_netcdf4_ROOT': '/apps/ops/test/spack-stack-1.6.0-nco/envs/nco-intel-19.1.3.304/install/intel/19.1.3.304/py-netcdf4-1.5.8-6kubnk6', 'PE_MPICH_GTL_DIR_amd_gfx906': '-L/opt/cray/pe/mpich/8.1.9/gtl/lib', 'EUPD_CYC': 'both', 'LANG': 'en_US.UTF-8', 'FETCHDIR': '{{ FETCHDIR }}', '_ModuleTable056_': 'e30sWyJzdGFja0RlcHRoIl09MSxbInN0YXR1cyJdPSJhY3RpdmUiLFsidXNlck5hbWUiXT0ic3RhY2stcHl0aG9uLzMuMTAuMTMiLH0sdGFyPXtbImZuIl09Ii9hcHBzL29wcy90ZXN0L3NwYWNrLXN0YWNrLTEuNi4wLW5jby9lbnZzL25jby1pbnRlbC0xOS4xLjMuMzA0L2luc3RhbGwvbW9kdWxlZmlsZXMvaW50ZWwvMTkuMS4zLjMwNC90YXIvMS4zNC5sdWEiLFsiZnVsbE5hbWUiXT0idGFyLzEuMzQiLFsibG9hZE9yZGVyIl09MjAscHJvcFQ9e30sWyJyZWZfY291bnQiXT0xLFsic3RhY2tEZXB0aCJdPTIsWyJzdGF0dXMiXT0iYWN0aXZlIixbInVzZXJOYW1lIl09InRhci8xLjM0Iix9LHVkdW5pdHM9e1siZm4iXT0iL2FwcHMvb3BzL3Rlc3Qvc3BhY2stc3RhY2stMS42LjAt', 'TZ': 'Etc/UTC', 'netcdf_c_ROOT': '/apps/ops/test/spack-stack-1.6.0-nco/envs/nco-intel-19.1.3.304/install/intel/19.1.3.304/netcdf-c-4.9.2-bcln2jr', '_ModuleTable019_': 'bGwvbW9kdWxlZmlsZXMvY3JheS1tcGljaC84LjEuOS9pbnRlbC8xOS4xLjMuMzA0L2hkZjUvMS4xNC4wLmx1YSIsWyJmdWxsTmFtZSJdPSJoZGY1LzEuMTQuMCIsWyJsb2FkT3JkZXIiXT0yOCxwcm9wVD17fSxbInJlZl9jb3VudCJdPTIsWyJzdGFja0RlcHRoIl09MSxbInN0YXR1cyJdPSJhY3RpdmUiLFsidXNlck5hbWUiXT0iaGRmNS8xLjE0LjAiLH0saW50ZWw9e1siZm4iXT0iL2FwcHMvcHJvZC9sbW9kdWxlcy9jb3JlL2ludGVsLzE5LjEuMy4zMDQubHVhIixbImZ1bGxOYW1lIl09ImludGVsLzE5LjEuMy4zMDQiLFsibG9hZE9yZGVyIl09NCxwcm9wVD17fSxbInN0YWNrRGVwdGgiXT0yLFsic3RhdHVzIl09ImFjdGl2ZSIsWyJ1c2VyTmFtZSJdPSJpbnRlbC8xOS4xLjMu', 'PE_MPICH_GTL_DIR_amd_gfx908': '-L/opt/cray/pe/mpich/8.1.9/gtl/lib', 'COMLOGSROOT': '/lfs/h1/ops/prod/com', 'imp_physics': 8, 'QUEUE_SERVICE': 'dev_transfer', 'WINDOWMANAGER': 'xterm', 'COM_ICE_NETCDF_TMPL': '${ROTDIR}/${RUN}.${YMD}/${HH}/${MEMDIR}/products/ice/netcdf', '_ModuleTable008_': 'bWUiXT0iY3JheXBlLzIuNy4xNyIsWyJsb2FkT3JkZXIiXT0xNSxwcm9wVD17fSxbInN0YWNrRGVwdGgiXT0xLFsic3RhdHVzIl09ImFjdGl2ZSIsWyJ1c2VyTmFtZSJdPSJjcmF5cGUvMi43LjE3Iix9LFsiY3JheXBlLW5ldHdvcmstb2ZpIl09e1siZm4iXT0iL29wdC9jcmF5L3BlL2xtb2QvbW9kdWxlZmlsZXMvY3JheXBlLXRhcmdldHMvZGVmYXVsdC9jcmF5cGUtbmV0d29yay1vZmkubHVhIixbImZ1bGxOYW1lIl09ImNyYXlwZS1uZXR3b3JrLW9maSIsWyJsb2FkT3JkZXIiXT03LHByb3BUPXt9LFsic3RhY2tEZXB0aCJdPTIsWyJzdGF0dXMiXT0iYWN0aXZlIixbInVzZXJOYW1lIl09ImNyYXlwZS1uZXR3b3JrLW9maSIsfSxbImNyYXlwZS14ODYtcm9tZSJdPXtbImZuIl09', 'COMOUT_SNOW_ANLMON': '/lfs/h2/emc/ptmp/emc.global/RETRO_GFSv17/comroot/retrotestgfs10/gdas.20241124/18//products/snow/anlmon', 'LESS': '-M -I -R', 'PE_MPICH_GTL_LIBS_nvidia70': '-lmpi_gtl_cuda', '__LMOD_REF_COUNT_INTEL_LICENSE_FILE': '/pe/intel/compilers_and_libraries_2020.4.304/linux/licenses:1;/opt/intel/licenses:1;/intel/licenses:1', 'SMOOTH_ENKF': False, 'HISTTIMEFORMAT': '%F %T ', 'LMOD_FAMILY_COMPILER_VERSION': '19.1.3.304', 'IAU_DELTHRS_ENKF': 6, 'COM_ATMOS_GRIB_TMPL': '${ROTDIR}/${RUN}.${YMD}/${HH}/${MEMDIR}/products/atmos/grib2', 'gsl_ROOT': '/apps/ops/test/spack-stack-1.6.0-nco/envs/nco-intel-19.1.3.304/install/intel/19.1.3.304/gsl-2.7.1-kr3c4v5', 'cyc': 18, 'HOSTNAME': 'nid001057', 'COM_ICE_LETKF_TMPL': '${ROTDIR}/${RUN}.${YMD}/${HH}/${MEMDIR}/analysis/ice/letkf', 'IPPROOT': '/pe/intel/compilers_and_libraries_2020.4.304/linux/ipp', 'LMOD_SYSTEM_DEFAULT_MODULES': 'envvar/1.0', 'OLDPWD': '/u/emc.global', 'fckit_ROOT': '/apps/ops/test/spack-stack-1.6.0-nco/envs/nco-intel-19.1.3.304/install/intel/19.1.3.304/fckit-0.11.0-7qg4hhj', 'util_linux_uuid_ROOT': '/apps/ops/test/spack-stack-1.6.0-nco/envs/nco-intel-19.1.3.304/install/intel/19.1.3.304/util-linux-uuid-2.38.1-jwatqmi', 'COM_WAVE_RESTART_TMPL': '${ROTDIR}/${RUN}.${YMD}/${HH}/${MEMDIR}/model/wave/restart', 'COM_ATMOS_RESTART_TMPL': '${ROTDIR}/${RUN}.${YMD}/${HH}/${MEMDIR}/model/atmos/restart', 'PBS_O_HOME': '/u/emc.global', 'SENDSDM': False, 'COM_ATMOS_BUFR_TMPL': '${ROTDIR}/${RUN}.${YMD}/${HH}/${MEMDIR}/products/atmos/bufr', 'py_pandas_ROOT': '/apps/ops/test/spack-stack-1.6.0-nco/envs/nco-intel-19.1.3.304/install/intel/19.1.3.304/py-pandas-1.5.3-u3wc7uc', 'NMEM_ENS_GFS_OFFSET': 20, '__LMOD_REF_COUNT__LMFILES_': '/opt/cray/pe/lmod/modulefiles/craype-targets/default/craype-x86-rome.lua:1;/apps/prod/lmodules/sys_core/envvar/1.0:1;/opt/cray/pe/lmod/modulefiles/core/PrgEnv-intel/8.3.3.lua:1;/apps/prod/lmodules/core/intel/19.1.3.304.lua:1;/apps/ops/test/spack-stack-1.6.0-nco/envs/nco-intel-19.1.3.304/install/modulefiles/Core/stack-intel/19.1.3.304.lua:1;/opt/cray/modulefiles/libfabric/1.20.1:1;/opt/cray/pe/lmod/modulefiles/craype-targets/default/craype-network-ofi.lua:1;/opt/cray/pe/lmod/modulefiles/comnet/intel/19.0/ofi/1.0/cray-mpich/8.1.9.lua:1;/apps/ops/test/spack-stack-1.6.0-nco/envs/nco-intel-19.1.3.304/install/modulefiles/intel/19.1.3.304/stack-cray-mpich/8.1.9.lua:1;/apps/ops/test/spack-stack-1.6.0-nco/envs/nco-intel-19.1.3.304/install/modulefiles/intel/19.1.3.304/libxcrypt/4.4.35.lua:1;/apps/ops/test/spack-stack-1.6.0-nco/envs/nco-intel-19.1.3.304/install/modulefiles/intel/19.1.3.304/sqlite/3.43.2.lua:1;/apps/ops/test/spack-stack-1.6.0-nco/envs/nco-intel-19.1.3.304/install/modulefiles/intel/19.1.3.304/util-linux-uuid/2.38.1.lua:1;/apps/ops/test/spack-stack-1.6.0-nco/envs/nco-intel-19.1.3.304/install/modulefiles/intel/19.1.3.304/python/3.10.13.lua:1;/apps/ops/test/spack-stack-1.6.0-nco/envs/nco-intel-19.1.3.304/install/modulefiles/intel/19.1.3.304/stack-python/3.10.13.lua:1;/opt/cray/pe/lmod/modulefiles/core/craype/2.7.17.lua:1;/opt/cray/pe/lmod/modulefiles/core/cray-pals/1.3.2.lua:1;/apps/ops/test/spack-stack-1.6.0-nco/envs/nco-intel-19.1.3.304/install/modulefiles/intel/19.1.3.304/cmake/3.23.1.lua:1;/apps/ops/test/spack-stack-1.6.0-nco/envs/nco-intel-19.1.3.304/install/modulefiles/intel/19.1.3.304/pigz/2.7.lua:1;/apps/ops/test/spack-stack-1.6.0-nco/envs/nco-intel-19.1.3.304/install/modulefiles/intel/19.1.3.304/zstd/1.5.2.lua:1;/apps/ops/test/spack-stack-1.6.0-nco/envs/nco-intel-19.1.3.304/install/modulefiles/intel/19.1.3.304/tar/1.34.lua:1;/apps/ops/test/spack-stack-1.6.0-nco/envs/nco-intel-19.1.3.304/install/modulefiles/intel/19.1.3.304/gettext/0.19.7.lua:1;/apps/ops/test/spack-stack-1.6.0-nco/envs/nco-intel-19.1.3.304/install/modulefiles/intel/19.1.3.304/pcre2/10.42.lua:1;/apps/ops/test/spack-stack-1.6.0-nco/envs/nco-intel-19.1.3.304/install/modulefiles/intel/19.1.3.304/curl/8.4.0.lua:1;/apps/ops/test/spack-stack-1.6.0-nco/envs/nco-intel-19.1.3.304/install/modulefiles/intel/19.1.3.304/zlib/1.2.13.lua:1;/apps/ops/test/spack-stack-1.6.0-nco/envs/nco-intel-19.1.3.304/install/modulefiles/intel/19.1.3.304/git/2.35.3.lua:1;/apps/prod/lmodules/core/git-lfs/2.11.0:1;/apps/ops/test/spack-stack-1.6.0-nco/envs/nco-intel-19.1.3.304/install/modulefiles/intel/19.1.3.304/pkg-config/0.29.2.lua:1;/apps/ops/test/spack-stack-1.6.0-nco/envs/nco-intel-19.1.3.304/install/modulefiles/cray-mpich/8.1.9/intel/19.1.3.304/hdf5/1.14.0.lua:1;/apps/ops/test/spack-stack-1.6.0-nco/envs/nco-intel-19.1.3.304/install/modulefiles/cray-mpich/8.1.9/intel/19.1.3.304/parallel-netcdf/1.12.2.lua:1;/apps/ops/test/spack-stack-1.6.0-nco/envs/nco-intel-19.1.3.304/install/modulefiles/cray-mpich/8.1.9/intel/19.1.3.304/netcdf-c/4.9.2.lua:1;/apps/ops/test/spack-stack-1.6.0-nco/envs/nco-intel-19.1.3.304/install/modulefiles/cray-mpich/8.1.9/intel/19.1.3.304/nccmp/1.9.0.1.lua:1;/apps/ops/test/spack-stack-1.6.0-nco/envs/nco-intel-19.1.3.304/install/modulefiles/cray-mpich/8.1.9/intel/19.1.3.304/netcdf-fortran/4.6.1.lua:1;/apps/ops/test/spack-stack-1.6.0-nco/envs/nco-intel-19.1.3.304/install/modulefiles/intel/19.1.3.304/antlr/2.7.7.lua:1;/apps/ops/test/spack-stack-1.6.0-nco/envs/nco-intel-19.1.3.304/install/modulefiles/intel/19.1.3.304/gsl/2.7.1.lua:1;/apps/ops/test/spack-stack-1.6.0-nco/envs/nco-intel-19.1.3.304/install/modulefiles/cray-mpich/8.1.9/intel/19.1.3.304/nco/5.0.6.lua:1;/apps/ops/test/spack-stack-1.6.0-nco/envs/nco-intel-19.1.3.304/install/modulefiles/cray-mpich/8.1.9/intel/19.1.3.304/parallelio/2.5.10.lua:1;/apps/ops/test/spack-stack-1.6.0-nco/envs/nco-intel-19.1.3.304/install/modulefiles/intel/19.1.3.304/boost/1.83.0.lua:1;/apps/ops/test/spack-stack-1.6.0-nco/envs/nco-intel-19.1.3.304/install/modulefiles/intel/19.1.3.304/bufr/12.0.1.lua:1;/apps/ops/test/spack-stack-1.6.0-nco/envs/nco-intel-19.1.3.304/install/modulefiles/intel/19.1.3.304/ecbuild/3.7.2.lua:1;/apps/ops/test/spack-stack-1.6.0-nco/envs/nco-intel-19.1.3.304/install/modulefiles/intel/19.1.3.304/openjpeg/2.5.0.lua:1;/apps/ops/test/spack-stack-1.6.0-nco/envs/nco-intel-19.1.3.304/install/modulefiles/intel/19.1.3.304/eigen/3.4.0.lua:1;/apps/ops/test/spack-stack-1.6.0-nco/envs/nco-intel-19.1.3.304/install/modulefiles/intel/19.1.3.304/openblas/0.3.24.lua:1;/apps/ops/test/spack-stack-1.6.0-nco/envs/nco-intel-19.1.3.304/install/modulefiles/cray-mpich/8.1.9/intel/19.1.3.304/eckit/1.24.5.lua:1;/apps/ops/test/spack-stack-1.6.0-nco/envs/nco-intel-19.1.3.304/install/modulefiles/cray-mpich/8.1.9/intel/19.1.3.304/fftw/3.3.10.lua:1;/apps/ops/test/spack-stack-1.6.0-nco/envs/nco-intel-19.1.3.304/install/modulefiles/cray-mpich/8.1.9/intel/19.1.3.304/fckit/0.11.0.lua:1;/apps/ops/test/spack-stack-1.6.0-nco/envs/nco-intel-19.1.3.304/install/modulefiles/cray-mpich/8.1.9/intel/19.1.3.304/fms/2023.04.lua:1;/apps/ops/test/spack-stack-1.6.0-nco/envs/nco-intel-19.1.3.304/install/modulefiles/cray-mpich/8.1.9/intel/19.1.3.304/esmf/8.5.0.lua:1;/apps/ops/test/spack-stack-1.6.0-nco/envs/nco-intel-19.1.3.304/install/modulefiles/intel/19.1.3.304/qhull/2020.2.lua:1;/apps/ops/test/spack-stack-1.6.0-nco/envs/nco-intel-19.1.3.304/install/modulefiles/cray-mpich/8.1.9/intel/19.1.3.304/atlas/0.35.0.lua:1;/apps/ops/test/spack-stack-1.6.0-nco/envs/nco-intel-19.1.3.304/install/modulefiles/intel/19.1.3.304/sp/2.5.0.lua:1;/apps/ops/test/spack-stack-1.6.0-nco/envs/nco-intel-19.1.3.304/install/modulefiles/intel/19.1.3.304/gsl-lite/0.37.0.lua:1;/apps/ops/test/spack-stack-1.6.0-nco/envs/nco-intel-19.1.3.304/install/modulefiles/intel/19.1.3.304/libjpeg/2.1.0.lua:1;/apps/ops/test/spack-stack-1.6.0-nco/envs/nco-intel-19.1.3.304/install/modulefiles/intel/19.1.3.304/libpng/1.6.37.lua:1;/apps/ops/test/spack-stack-1.6.0-nco/envs/nco-intel-19.1.3.304/install/modulefiles/intel/19.1.3.304/libxt/1.1.5.lua:1;/apps/ops/test/spack-stack-1.6.0-nco/envs/nco-intel-19.1.3.304/install/modulefiles/intel/19.1.3.304/libxmu/1.1.4.lua:1;/apps/ops/test/spack-stack-1.6.0-nco/envs/nco-intel-19.1.3.304/install/modulefiles/intel/19.1.3.304/libxpm/3.5.12.lua:1;/apps/ops/test/spack-stack-1.6.0-nco/envs/nco-intel-19.1.3.304/install/modulefiles/intel/19.1.3.304/libxaw/1.0.13.lua:1;/apps/ops/test/spack-stack-1.6.0-nco/envs/nco-intel-19.1.3.304/install/modulefiles/intel/19.1.3.304/udunits/2.2.28.lua:1;/apps/ops/test/spack-stack-1.6.0-nco/envs/nco-intel-19.1.3.304/install/modulefiles/cray-mpich/8.1.9/intel/19.1.3.304/ncview/2.1.9.lua:1;/apps/ops/test/spack-stack-1.6.0-nco/envs/nco-intel-19.1.3.304/install/modulefiles/cray-mpich/8.1.9/intel/19.1.3.304/netcdf-cxx4/4.3.1.lua:1;/apps/ops/prod/nco/modulefiles/core/prod_util/2.0.14:1;/apps/ops/test/spack-stack-1.6.0-nco/envs/nco-intel-19.1.3.304/install/modulefiles/intel/19.1.3.304/py-setuptools/63.4.3.lua:1;/apps/ops/test/spack-stack-1.6.0-nco/envs/nco-intel-19.1.3.304/install/modulefiles/intel/19.1.3.304/py-jinja2/3.1.2.lua:1;/apps/ops/test/spack-stack-1.6.0-nco/envs/nco-intel-19.1.3.304/install/modulefiles/cray-mpich/8.1.9/intel/19.1.3.304/py-netcdf4/1.5.8.lua:1;/apps/ops/test/spack-stack-1.6.0-nco/envs/nco-intel-19.1.3.304/install/modulefiles/intel/19.1.3.304/py-pybind11/2.11.1.lua:1;/apps/ops/test/spack-stack-1.6.0-nco/envs/nco-intel-19.1.3.304/install/modulefiles/intel/19.1.3.304/py-pycodestyle/2.11.0.lua:1;/apps/ops/test/spack-stack-1.6.0-nco/envs/nco-intel-19.1.3.304/install/modulefiles/intel/19.1.3.304/libyaml/0.2.5.lua:1;/apps/ops/test/spack-stack-1.6.0-nco/envs/nco-intel-19.1.3.304/install/modulefiles/intel/19.1.3.304/py-pyyaml/5.4.1.lua:1;/apps/ops/test/spack-stack-1.6.0-nco/envs/nco-intel-19.1.3.304/install/modulefiles/intel/19.1.3.304/py-scipy/1.10.1.lua:1;/apps/ops/test/spack-stack-1.6.0-nco/envs/nco-intel-19.1.3.304/install/modulefiles/intel/19.1.3.304/py-xarray/2023.7.0.lua:1;/apps/ops/test/spack-stack-1.6.0-nco/envs/nco-intel-19.1.3.304/install/modulefiles/intel/19.1.3.304/py-f90nml/1.4.3.lua:1;/apps/ops/test/spack-stack-1.6.0-nco/envs/nco-intel-19.1.3.304/install/modulefiles/intel/19.1.3.304/py-pip/23.1.2.lua:1;/apps/ops/test/spack-stack-1.6.0-nco/envs/nco-intel-19.1.3.304/install/modulefiles/intel/19.1.3.304/py-bottleneck/1.3.7.lua:1;/apps/ops/test/spack-stack-1.6.0-nco/envs/nco-intel-19.1.3.304/install/modulefiles/intel/19.1.3.304/py-numexpr/2.8.4.lua:1;/apps/ops/test/spack-stack-1.6.0-nco/envs/nco-intel-19.1.3.304/install/modulefiles/intel/19.1.3.304/py-six/1.16.0.lua:1;/apps/ops/test/spack-stack-1.6.0-nco/envs/nco-intel-19.1.3.304/install/modulefiles/intel/19.1.3.304/py-python-dateutil/2.8.2.lua:1;/apps/ops/test/spack-stack-1.6.0-nco/envs/nco-intel-19.1.3.304/install/modulefiles/intel/19.1.3.304/py-pytz/2023.3.lua:1;/apps/ops/test/spack-stack-1.6.0-nco/envs/nco-intel-19.1.3.304/install/modulefiles/intel/19.1.3.304/py-pandas/1.5.3.lua:1;/apps/ops/test/spack-stack-1.6.0-nco/envs/nco-intel-19.1.3.304/install/modulefiles/intel/19.1.3.304/py-markupsafe/2.1.3.lua:1;/apps/ops/test/spack-stack-1.6.0-nco/envs/nco-intel-19.1.3.304/install/modulefiles/intel/19.1.3.304/py-numpy/1.24.4.lua:1;/apps/ops/test/spack-stack-1.6.0-nco/envs/nco-intel-19.1.3.304/install/modulefiles/intel/19.1.3.304/py-cftime/1.0.3.4.lua:1;/apps/ops/test/spack-stack-1.6.0-nco/envs/nco-intel-19.1.3.304/install/modulefiles/intel/19.1.3.304/py-packaging/23.1.lua:1;/lfs/h2/emc/global/noscrub/emc.global/RETRO_GFSv17/git/global-workflow/develop_20250602/sorc/gdas.cd/modulefiles/GDAS/wcoss2.intel.lua:1', 'CONFIG_SITE': '', 'CSHEDIT': 'emacs', 'cmake_ROOT': '/apps/ops/test/spack-stack-1.6.0-nco/envs/nco-intel-19.1.3.304/install/intel/19.1.3.304/cmake-3.23.1-chpcsen', 'DO_ARCHCOM': True, 'DO_FIT2OBS': True, 'DO_ICE': True, 'CHGRP_CMD': 'chgrp rstprod', 'DO_NEST': False, 'LMOD_CUSTOM_CNCM_INTEL_19_0_UCX_1_0_X86_ROME_1_0_CRAY_MPICH_8_0_PREFIX': '/apps/prod/lmodules/INTEL_cray_mpich/19.1.3.304/cray-mpich/8.1.4:/apps/ops/prod/libs/modulefiles/mpi/intel/19.1.3.304/cray-mpich/8.1.4', 'PBS_JOBID': datetime.datetime(4605, 12, 31, 0, 0), 'LMOD_CUSTOM_COMPILER_GNU_8_0_PREFIX': '/apps/prod/lmodules/gcc/11.2.0:/apps/prod/lmodules/gcc/10.2.0', 'ENVIRONMENT': 'BATCH', 'DO_AERO_FCST': False, 'GPG_TTY': 'not a tty', 'LESS_ADVANCED_PREPROCESSOR': False, 'DOLETKF_OCN': False, 'PARMgfs': '/lfs/h2/emc/global/noscrub/emc.global/RETRO_GFSv17/git/global-workflow/develop_20250602/parm', 'COM_WAVE_PREP_TMPL': '${ROTDIR}/${RUN}.${YMD}/${HH}/${MEMDIR}/model/wave/prep', 'py_numexpr_ROOT': '/apps/ops/test/spack-stack-1.6.0-nco/envs/nco-intel-19.1.3.304/install/intel/19.1.3.304/py-numexpr-2.8.4-2rtg4mi', 'SERIAL_FC': 'ftn', 'GSL_ROOT_DIR': '/apps/ops/test/spack-stack-1.6.0-nco/envs/nco-intel-19.1.3.304/install/intel/19.1.3.304/gsl-2.7.1-kr3c4v5', 'DO_FETCH_HPSS': False, 'BASE_ENV': '/lfs/h2/emc/global/noscrub/emc.global/RETRO_GFSv17/git/global-workflow/develop_20250602/env', 'NLN': '/bin/ln -sf', 'nst_anl': True, 'COLORTERM': 1, 'job': 'anlstat', 'RESERVATION': '', 'hdf5_ROOT': '/apps/ops/test/spack-stack-1.6.0-nco/envs/nco-intel-19.1.3.304/install/intel/19.1.3.304/hdf5-1.14.0-yckaywr', 'BUFR_ROOT': '/apps/ops/test/spack-stack-1.6.0-nco/envs/nco-intel-19.1.3.304/install/intel/19.1.3.304/bufr-12.0.1-tirva7g', '_ModuleTable039_': 'YTIvMy4xLjIiLFsibG9hZE9yZGVyIl09NjMscHJvcFQ9e30sWyJzdGFja0RlcHRoIl09MSxbInN0YXR1cyJdPSJhY3RpdmUiLFsidXNlck5hbWUiXT0icHktamluamEyLzMuMS4yIix9LFsicHktbWFya3Vwc2FmZSJdPXtbImZuIl09Ii9hcHBzL29wcy90ZXN0L3NwYWNrLXN0YWNrLTEuNi4wLW5jby9lbnZzL25jby1pbnRlbC0xOS4xLjMuMzA0L2luc3RhbGwvbW9kdWxlZmlsZXMvaW50ZWwvMTkuMS4zLjMwNC9weS1tYXJrdXBzYWZlLzIuMS4zLmx1YSIsWyJmdWxsTmFtZSJdPSJweS1tYXJrdXBzYWZlLzIuMS4zIixbImxvYWRPcmRlciJdPTc5LHByb3BUPXt9LFsic3RhY2tEZXB0aCJdPTEsWyJzdGF0dXMiXT0iYWN0aXZlIixbInVzZXJOYW1lIl09InB5LW1hcmt1cHNhZmUv', 'PBS_JOBNAME': 'retrotestgfs10_gdas_anlstat_18', 'COM_CHEM_HISTORY_TMPL': '${ROTDIR}/${RUN}.${YMD}/${HH}/${MEMDIR}/model/chem/history', 'COM_OBSPROC_TMPL': '${DMPDIR}/${RUN}${DUMP_SUFFIX}.${YMD}/${HH}/atmos', 'NCPUS': 1, '_ModuleTable007_': 'LjkiLFsibG9hZE9yZGVyIl09OCxwcm9wVD17fSxbInN0YWNrRGVwdGgiXT0yLFsic3RhdHVzIl09ImFjdGl2ZSIsWyJ1c2VyTmFtZSJdPSJjcmF5LW1waWNoLzguMS45Iix9LFsiY3JheS1wYWxzIl09e1siZm4iXT0iL29wdC9jcmF5L3BlL2xtb2QvbW9kdWxlZmlsZXMvY29yZS9jcmF5LXBhbHMvMS4zLjIubHVhIixbImZ1bGxOYW1lIl09ImNyYXktcGFscy8xLjMuMiIsWyJsb2FkT3JkZXIiXT0xNixwcm9wVD17fSxbInN0YWNrRGVwdGgiXT0xLFsic3RhdHVzIl09ImFjdGl2ZSIsWyJ1c2VyTmFtZSJdPSJjcmF5LXBhbHMvMS4zLjIiLH0sY3JheXBlPXtbImZuIl09Ii9vcHQvY3JheS9wZS9sbW9kL21vZHVsZWZpbGVzL2NvcmUvY3JheXBlLzIuNy4xNy5sdWEiLFsiZnVsbE5h', 'ntasks': 20, 'boost_ROOT': '/apps/ops/test/spack-stack-1.6.0-nco/envs/nco-intel-19.1.3.304/install/intel/19.1.3.304/boost-1.83.0-nqtmt7k', 'nccmp_ROOT': '/apps/ops/test/spack-stack-1.6.0-nco/envs/nco-intel-19.1.3.304/install/intel/19.1.3.304/nccmp-1.9.0.1-dnptqlr', 'max_tasks_per_node': 128, 'OUTPUT_GRID': 'gaussian_grid', 'EXPDIR': '/lfs/h2/emc/global/noscrub/emc.global/RETRO_GFSv17/expdir/retrotestgfs10', 'COM_OBS_JEDI': '${ROTDIR}/${RUN}.${YMD}/${HH}/${MEMDIR}/obs_jedi', '__LMOD_REF_COUNT_NLSPATH': '/pe/intel/compilers_and_libraries_2020.4.304/linux/compiler/lib/intel64/locale/%l_%t/%N:1;/pe/intel/compilers_and_libraries_2020.4.304/linux/mkl/lib/intel64_lin/locale/%l_%t/%N:1;/pe/intel/debugger_2020/gdb/intel64/share/locale/%l_%t/%N:1', 'FHMIN': 0, '_ModuleTable026_': 'Y2tEZXB0aCJdPTIsWyJzdGF0dXMiXT0iYWN0aXZlIixbInVzZXJOYW1lIl09ImxpYnlhbWwvMC4yLjUiLH0sbmNjbXA9e1siZm4iXT0iL2FwcHMvb3BzL3Rlc3Qvc3BhY2stc3RhY2stMS42LjAtbmNvL2VudnMvbmNvLWludGVsLTE5LjEuMy4zMDQvaW5zdGFsbC9tb2R1bGVmaWxlcy9jcmF5LW1waWNoLzguMS45L2ludGVsLzE5LjEuMy4zMDQvbmNjbXAvMS45LjAuMS5sdWEiLFsiZnVsbE5hbWUiXT0ibmNjbXAvMS45LjAuMSIsWyJsb2FkT3JkZXIiXT0zMSxwcm9wVD17fSxbInN0YWNrRGVwdGgiXT0xLFsic3RhdHVzIl09ImFjdGl2ZSIsWyJ1c2VyTmFtZSJdPSJuY2NtcC8xLjkuMC4xIix9LG5jbz17WyJmbiJdPSIvYXBwcy9vcHMvdGVzdC9zcGFjay1zdGFjay0xLjYuMC1u', 'py_packaging_ROOT': '/apps/ops/test/spack-stack-1.6.0-nco/envs/nco-intel-19.1.3.304/install/intel/19.1.3.304/py-packaging-23.1-2qpd5mc', 'LMOD_FAMILY_CRAYPE_NETWORK': 'craype-network-ofi', 'VERBOSE': True, 'LMOD_FAMILY_CRAYPE_VERSION': '2.7.17', 'NHOUR': '/apps/ops/prod/nco/core/prod_util.v2.0.14/exec/nhour', 'FHMAX_GFS': 384, 'DO_STARTMEM_FROM_JEDIICE': True, 'memory': '90GB', 'DYLD_LIBRARY_PATH': '/apps/ops/test/spack-stack-1.6.0-nco/envs/nco-intel-19.1.3.304/install/intel/19.1.3.304/py-packaging-23.1-2qpd5mc/lib:/apps/ops/test/spack-stack-1.6.0-nco/envs/nco-intel-19.1.3.304/install/intel/19.1.3.304/py-cftime-1.0.3.4-dka7hny/lib:/apps/ops/test/spack-stack-1.6.0-nco/envs/nco-intel-19.1.3.304/install/intel/19.1.3.304/py-numpy-1.24.4-yosem2k/lib:/apps/ops/test/spack-stack-1.6.0-nco/envs/nco-intel-19.1.3.304/install/intel/19.1.3.304/py-markupsafe-2.1.3-45ywjnp/lib:/apps/ops/test/spack-stack-1.6.0-nco/envs/nco-intel-19.1.3.304/install/intel/19.1.3.304/py-pandas-1.5.3-u3wc7uc/lib:/apps/ops/test/spack-stack-1.6.0-nco/envs/nco-intel-19.1.3.304/install/intel/19.1.3.304/py-pytz-2023.3-yebggst/lib:/apps/ops/test/spack-stack-1.6.0-nco/envs/nco-intel-19.1.3.304/install/intel/19.1.3.304/py-python-dateutil-2.8.2-mes6fwe/lib:/apps/ops/test/spack-stack-1.6.0-nco/envs/nco-intel-19.1.3.304/install/intel/19.1.3.304/py-six-1.16.0-u4sv6sb/lib:/apps/ops/test/spack-stack-1.6.0-nco/envs/nco-intel-19.1.3.304/install/intel/19.1.3.304/py-numexpr-2.8.4-2rtg4mi/lib:/apps/ops/test/spack-stack-1.6.0-nco/envs/nco-intel-19.1.3.304/install/intel/19.1.3.304/py-bottleneck-1.3.7-oolvw5k/lib:/apps/ops/test/spack-stack-1.6.0-nco/envs/nco-intel-19.1.3.304/install/intel/19.1.3.304/py-pip-23.1.2-ohrscnx/lib:/apps/ops/test/spack-stack-1.6.0-nco/envs/nco-intel-19.1.3.304/install/intel/19.1.3.304/py-f90nml-1.4.3-rizmifn/lib:/apps/ops/test/spack-stack-1.6.0-nco/envs/nco-intel-19.1.3.304/install/intel/19.1.3.304/py-xarray-2023.7.0-jj7syqa/lib:/apps/ops/test/spack-stack-1.6.0-nco/envs/nco-intel-19.1.3.304/install/intel/19.1.3.304/py-scipy-1.10.1-236sa7x/lib:/apps/ops/test/spack-stack-1.6.0-nco/envs/nco-intel-19.1.3.304/install/intel/19.1.3.304/py-pyyaml-5.4.1-afvmuaf/lib:/apps/ops/test/spack-stack-1.6.0-nco/envs/nco-intel-19.1.3.304/install/intel/19.1.3.304/libyaml-0.2.5-ygjrdvo/lib:/apps/ops/test/spack-stack-1.6.0-nco/envs/nco-intel-19.1.3.304/install/intel/19.1.3.304/py-pycodestyle-2.11.0-bh2jlm5/lib:/apps/ops/test/spack-stack-1.6.0-nco/envs/nco-intel-19.1.3.304/install/intel/19.1.3.304/py-pybind11-2.11.1-wdb6paz/lib:/apps/ops/test/spack-stack-1.6.0-nco/envs/nco-intel-19.1.3.304/install/intel/19.1.3.304/py-netcdf4-1.5.8-6kubnk6/lib:/apps/ops/test/spack-stack-1.6.0-nco/envs/nco-intel-19.1.3.304/install/intel/19.1.3.304/py-jinja2-3.1.2-vbbttij/lib:/apps/ops/test/spack-stack-1.6.0-nco/envs/nco-intel-19.1.3.304/install/intel/19.1.3.304/py-setuptools-63.4.3-rg7efar/lib:/apps/ops/test/spack-stack-1.6.0-nco/envs/nco-intel-19.1.3.304/install/intel/19.1.3.304/netcdf-cxx4-4.3.1-lp7tiyf/lib:/apps/ops/test/spack-stack-1.6.0-nco/envs/nco-intel-19.1.3.304/install/intel/19.1.3.304/udunits-2.2.28-wmjzel4/lib:/apps/ops/test/spack-stack-1.6.0-nco/envs/nco-intel-19.1.3.304/install/intel/19.1.3.304/libxaw-1.0.13-gdstphl/lib:/apps/ops/test/spack-stack-1.6.0-nco/envs/nco-intel-19.1.3.304/install/intel/19.1.3.304/libxpm-3.5.12-dcjsyoi/lib:/apps/ops/test/spack-stack-1.6.0-nco/envs/nco-intel-19.1.3.304/install/intel/19.1.3.304/libxmu-1.1.4-xhe6hjc/lib:/apps/ops/test/spack-stack-1.6.0-nco/envs/nco-intel-19.1.3.304/install/intel/19.1.3.304/libxt-1.1.5-r2mrglu/lib:/apps/ops/test/spack-stack-1.6.0-nco/envs/nco-intel-19.1.3.304/install/intel/19.1.3.304/libpng-1.6.37-3sds4er/lib64:/apps/ops/test/spack-stack-1.6.0-nco/envs/nco-intel-19.1.3.304/install/intel/19.1.3.304/libpng-1.6.37-3sds4er/lib:/apps/ops/test/spack-stack-1.6.0-nco/envs/nco-intel-19.1.3.304/install/intel/19.1.3.304/libjpeg-turbo-2.1.0-rt44pqr/lib64:/apps/ops/test/spack-stack-1.6.0-nco/envs/nco-intel-19.1.3.304/install/intel/19.1.3.304/gsl-lite-0.37.0-7zi7wss/lib64:/apps/ops/test/spack-stack-1.6.0-nco/envs/nco-intel-19.1.3.304/install/intel/19.1.3.304/sp-2.5.0-rhcyr64/lib64:/apps/ops/test/spack-stack-1.6.0-nco/envs/nco-intel-19.1.3.304/install/intel/19.1.3.304/ecmwf-atlas-0.35.0-42ufhdx/lib64:/apps/ops/test/spack-stack-1.6.0-nco/envs/nco-intel-19.1.3.304/install/intel/19.1.3.304/qhull-2020.2-5ycwudw/lib:/apps/ops/test/spack-stack-1.6.0-nco/envs/nco-intel-19.1.3.304/install/intel/19.1.3.304/esmf-8.5.0-7huplmy/lib:/apps/ops/test/spack-stack-1.6.0-nco/envs/nco-intel-19.1.3.304/install/intel/19.1.3.304/fms-2023.04-utbqnz3/lib:/apps/ops/test/spack-stack-1.6.0-nco/envs/nco-intel-19.1.3.304/install/intel/19.1.3.304/fckit-0.11.0-7qg4hhj/lib64:/apps/ops/test/spack-stack-1.6.0-nco/envs/nco-intel-19.1.3.304/install/intel/19.1.3.304/fftw-3.3.10-sefnta3/lib:/apps/ops/test/spack-stack-1.6.0-nco/envs/nco-intel-19.1.3.304/install/intel/19.1.3.304/eckit-1.24.5-isrgc5y/lib64:/apps/ops/test/spack-stack-1.6.0-nco/envs/nco-intel-19.1.3.304/install/intel/19.1.3.304/openblas-0.3.24-7qwu32e/lib:/apps/ops/test/spack-stack-1.6.0-nco/envs/nco-intel-19.1.3.304/install/intel/19.1.3.304/openjpeg-2.5.0-ulqgnem/lib:/apps/ops/test/spack-stack-1.6.0-nco/envs/nco-intel-19.1.3.304/install/intel/19.1.3.304/ecbuild-3.7.2-ovbazu2/lib64:/apps/ops/test/spack-stack-1.6.0-nco/envs/nco-intel-19.1.3.304/install/intel/19.1.3.304/bufr-12.0.1-tirva7g/lib64:/apps/ops/test/spack-stack-1.6.0-nco/envs/nco-intel-19.1.3.304/install/intel/19.1.3.304/bufr-12.0.1-tirva7g/lib:/apps/ops/test/spack-stack-1.6.0-nco/envs/nco-intel-19.1.3.304/install/intel/19.1.3.304/boost-1.83.0-nqtmt7k/lib:/apps/ops/test/spack-stack-1.6.0-nco/envs/nco-intel-19.1.3.304/install/intel/19.1.3.304/parallelio-2.5.10-3rkk43u/lib:/apps/ops/test/spack-stack-1.6.0-nco/envs/nco-intel-19.1.3.304/install/intel/19.1.3.304/nco-5.0.6-6ykwuoz/lib:/apps/ops/test/spack-stack-1.6.0-nco/envs/nco-intel-19.1.3.304/install/intel/19.1.3.304/gsl-2.7.1-kr3c4v5/lib:/apps/ops/test/spack-stack-1.6.0-nco/envs/nco-intel-19.1.3.304/install/intel/19.1.3.304/antlr-2.7.7-hoqq24u/lib:/apps/ops/test/spack-stack-1.6.0-nco/envs/nco-intel-19.1.3.304/install/intel/19.1.3.304/netcdf-fortran-4.6.1-b4geqvx/lib:/apps/ops/test/spack-stack-1.6.0-nco/envs/nco-intel-19.1.3.304/install/intel/19.1.3.304/netcdf-c-4.9.2-bcln2jr/lib:/apps/ops/test/spack-stack-1.6.0-nco/envs/nco-intel-19.1.3.304/install/intel/19.1.3.304/parallel-netcdf-1.12.2-77j7vnx/lib:/apps/ops/test/spack-stack-1.6.0-nco/envs/nco-intel-19.1.3.304/install/intel/19.1.3.304/hdf5-1.14.0-yckaywr/lib:/apps/ops/test/spack-stack-1.6.0-nco/envs/nco-intel-19.1.3.304/install/intel/19.1.3.304/zlib-1.2.13-yoc3h4p/lib:/apps/ops/test/spack-stack-1.6.0-nco/envs/nco-intel-19.1.3.304/install/intel/19.1.3.304/curl-8.4.0-zr7lvkw/lib:/apps/ops/test/spack-stack-1.6.0-nco/envs/nco-intel-19.1.3.304/install/intel/19.1.3.304/pcre2-10.42-utn3zxn/lib:/apps/ops/test/spack-stack-1.6.0-nco/envs/nco-intel-19.1.3.304/install/intel/19.1.3.304/gettext-0.19.7-2fi4wu4/lib:/apps/ops/test/spack-stack-1.6.0-nco/envs/nco-intel-19.1.3.304/install/intel/19.1.3.304/zstd-1.5.2-pe6gdyf/lib:/apps/ops/test/spack-stack-1.6.0-nco/envs/nco-intel-19.1.3.304/install/intel/19.1.3.304/python-3.10.13-qzt4y2i/lib:/apps/ops/test/spack-stack-1.6.0-nco/envs/nco-intel-19.1.3.304/install/intel/19.1.3.304/util-linux-uuid-2.38.1-jwatqmi/lib:/apps/ops/test/spack-stack-1.6.0-nco/envs/nco-intel-19.1.3.304/install/intel/19.1.3.304/sqlite-3.43.2-onahail/lib:/apps/ops/test/spack-stack-1.6.0-nco/envs/nco-intel-19.1.3.304/install/intel/19.1.3.304/libxcrypt-4.4.35-soueqga/lib', 'MACHTYPE': 'x86_64-suse-linux', 'FIXreg2grb2': '/lfs/h2/emc/global/noscrub/emc.global/RETRO_GFSv17/git/global-workflow/develop_20250602/fix/reg2grb2', 'COM_WAVE_GEMPAK_TMPL': '${ROTDIR}/${RUN}.${YMD}/${HH}/${MEMDIR}/products/wave/gempak', '__LMOD_REF_COUNT_LD_LIBRARY_PATH': '/apps/ops/test/spack-stack-1.6.0-nco/envs/nco-intel-19.1.3.304/install/intel/19.1.3.304/py-packaging-23.1-2qpd5mc/lib:1;/apps/ops/test/spack-stack-1.6.0-nco/envs/nco-intel-19.1.3.304/install/intel/19.1.3.304/py-cftime-1.0.3.4-dka7hny/lib:1;/apps/ops/test/spack-stack-1.6.0-nco/envs/nco-intel-19.1.3.304/install/intel/19.1.3.304/py-numpy-1.24.4-yosem2k/lib:1;/apps/ops/test/spack-stack-1.6.0-nco/envs/nco-intel-19.1.3.304/install/intel/19.1.3.304/py-markupsafe-2.1.3-45ywjnp/lib:1;/apps/ops/test/spack-stack-1.6.0-nco/envs/nco-intel-19.1.3.304/install/intel/19.1.3.304/py-pandas-1.5.3-u3wc7uc/lib:1;/apps/ops/test/spack-stack-1.6.0-nco/envs/nco-intel-19.1.3.304/install/intel/19.1.3.304/py-pytz-2023.3-yebggst/lib:1;/apps/ops/test/spack-stack-1.6.0-nco/envs/nco-intel-19.1.3.304/install/intel/19.1.3.304/py-python-dateutil-2.8.2-mes6fwe/lib:1;/apps/ops/test/spack-stack-1.6.0-nco/envs/nco-intel-19.1.3.304/install/intel/19.1.3.304/py-six-1.16.0-u4sv6sb/lib:1;/apps/ops/test/spack-stack-1.6.0-nco/envs/nco-intel-19.1.3.304/install/intel/19.1.3.304/py-numexpr-2.8.4-2rtg4mi/lib:1;/apps/ops/test/spack-stack-1.6.0-nco/envs/nco-intel-19.1.3.304/install/intel/19.1.3.304/py-bottleneck-1.3.7-oolvw5k/lib:1;/apps/ops/test/spack-stack-1.6.0-nco/envs/nco-intel-19.1.3.304/install/intel/19.1.3.304/py-pip-23.1.2-ohrscnx/lib:1;/apps/ops/test/spack-stack-1.6.0-nco/envs/nco-intel-19.1.3.304/install/intel/19.1.3.304/py-f90nml-1.4.3-rizmifn/lib:1;/apps/ops/test/spack-stack-1.6.0-nco/envs/nco-intel-19.1.3.304/install/intel/19.1.3.304/py-xarray-2023.7.0-jj7syqa/lib:1;/apps/ops/test/spack-stack-1.6.0-nco/envs/nco-intel-19.1.3.304/install/intel/19.1.3.304/py-scipy-1.10.1-236sa7x/lib:1;/apps/ops/test/spack-stack-1.6.0-nco/envs/nco-intel-19.1.3.304/install/intel/19.1.3.304/py-pyyaml-5.4.1-afvmuaf/lib:1;/apps/ops/test/spack-stack-1.6.0-nco/envs/nco-intel-19.1.3.304/install/intel/19.1.3.304/libyaml-0.2.5-ygjrdvo/lib:1;/apps/ops/test/spack-stack-1.6.0-nco/envs/nco-intel-19.1.3.304/install/intel/19.1.3.304/py-pycodestyle-2.11.0-bh2jlm5/lib:1;/apps/ops/test/spack-stack-1.6.0-nco/envs/nco-intel-19.1.3.304/install/intel/19.1.3.304/py-pybind11-2.11.1-wdb6paz/lib:1;/apps/ops/test/spack-stack-1.6.0-nco/envs/nco-intel-19.1.3.304/install/intel/19.1.3.304/py-netcdf4-1.5.8-6kubnk6/lib:1;/apps/ops/test/spack-stack-1.6.0-nco/envs/nco-intel-19.1.3.304/install/intel/19.1.3.304/py-jinja2-3.1.2-vbbttij/lib:1;/apps/ops/test/spack-stack-1.6.0-nco/envs/nco-intel-19.1.3.304/install/intel/19.1.3.304/py-setuptools-63.4.3-rg7efar/lib:1;/apps/ops/test/spack-stack-1.6.0-nco/envs/nco-intel-19.1.3.304/install/intel/19.1.3.304/netcdf-cxx4-4.3.1-lp7tiyf/lib:1;/apps/ops/test/spack-stack-1.6.0-nco/envs/nco-intel-19.1.3.304/install/intel/19.1.3.304/udunits-2.2.28-wmjzel4/lib:1;/apps/ops/test/spack-stack-1.6.0-nco/envs/nco-intel-19.1.3.304/install/intel/19.1.3.304/libxaw-1.0.13-gdstphl/lib:1;/apps/ops/test/spack-stack-1.6.0-nco/envs/nco-intel-19.1.3.304/install/intel/19.1.3.304/libxpm-3.5.12-dcjsyoi/lib:1;/apps/ops/test/spack-stack-1.6.0-nco/envs/nco-intel-19.1.3.304/install/intel/19.1.3.304/libxmu-1.1.4-xhe6hjc/lib:1;/apps/ops/test/spack-stack-1.6.0-nco/envs/nco-intel-19.1.3.304/install/intel/19.1.3.304/libxt-1.1.5-r2mrglu/lib:1;/apps/ops/test/spack-stack-1.6.0-nco/envs/nco-intel-19.1.3.304/install/intel/19.1.3.304/libpng-1.6.37-3sds4er/lib64:1;/apps/ops/test/spack-stack-1.6.0-nco/envs/nco-intel-19.1.3.304/install/intel/19.1.3.304/libpng-1.6.37-3sds4er/lib:1;/apps/ops/test/spack-stack-1.6.0-nco/envs/nco-intel-19.1.3.304/install/intel/19.1.3.304/libjpeg-turbo-2.1.0-rt44pqr/lib64:1;/apps/ops/test/spack-stack-1.6.0-nco/envs/nco-intel-19.1.3.304/install/intel/19.1.3.304/gsl-lite-0.37.0-7zi7wss/lib64:1;/apps/ops/test/spack-stack-1.6.0-nco/envs/nco-intel-19.1.3.304/install/intel/19.1.3.304/sp-2.5.0-rhcyr64/lib64:1;/apps/ops/test/spack-stack-1.6.0-nco/envs/nco-intel-19.1.3.304/install/intel/19.1.3.304/ecmwf-atlas-0.35.0-42ufhdx/lib64:1;/apps/ops/test/spack-stack-1.6.0-nco/envs/nco-intel-19.1.3.304/install/intel/19.1.3.304/qhull-2020.2-5ycwudw/lib:1;/apps/ops/test/spack-stack-1.6.0-nco/envs/nco-intel-19.1.3.304/install/intel/19.1.3.304/esmf-8.5.0-7huplmy/lib:1;/apps/ops/test/spack-stack-1.6.0-nco/envs/nco-intel-19.1.3.304/install/intel/19.1.3.304/fms-2023.04-utbqnz3/lib:1;/apps/ops/test/spack-stack-1.6.0-nco/envs/nco-intel-19.1.3.304/install/intel/19.1.3.304/fckit-0.11.0-7qg4hhj/lib64:1;/apps/ops/test/spack-stack-1.6.0-nco/envs/nco-intel-19.1.3.304/install/intel/19.1.3.304/fftw-3.3.10-sefnta3/lib:1;/apps/ops/test/spack-stack-1.6.0-nco/envs/nco-intel-19.1.3.304/install/intel/19.1.3.304/eckit-1.24.5-isrgc5y/lib64:1;/apps/ops/test/spack-stack-1.6.0-nco/envs/nco-intel-19.1.3.304/install/intel/19.1.3.304/openblas-0.3.24-7qwu32e/lib:1;/apps/ops/test/spack-stack-1.6.0-nco/envs/nco-intel-19.1.3.304/install/intel/19.1.3.304/openjpeg-2.5.0-ulqgnem/lib:1;/apps/ops/test/spack-stack-1.6.0-nco/envs/nco-intel-19.1.3.304/install/intel/19.1.3.304/ecbuild-3.7.2-ovbazu2/lib64:1;/apps/ops/test/spack-stack-1.6.0-nco/envs/nco-intel-19.1.3.304/install/intel/19.1.3.304/bufr-12.0.1-tirva7g/lib64:1;/apps/ops/test/spack-stack-1.6.0-nco/envs/nco-intel-19.1.3.304/install/intel/19.1.3.304/bufr-12.0.1-tirva7g/lib:1;/apps/ops/test/spack-stack-1.6.0-nco/envs/nco-intel-19.1.3.304/install/intel/19.1.3.304/boost-1.83.0-nqtmt7k/lib:1;/apps/ops/test/spack-stack-1.6.0-nco/envs/nco-intel-19.1.3.304/install/intel/19.1.3.304/parallelio-2.5.10-3rkk43u/lib:1;/apps/ops/test/spack-stack-1.6.0-nco/envs/nco-intel-19.1.3.304/install/intel/19.1.3.304/nco-5.0.6-6ykwuoz/lib:1;/apps/ops/test/spack-stack-1.6.0-nco/envs/nco-intel-19.1.3.304/install/intel/19.1.3.304/gsl-2.7.1-kr3c4v5/lib:1;/apps/ops/test/spack-stack-1.6.0-nco/envs/nco-intel-19.1.3.304/install/intel/19.1.3.304/antlr-2.7.7-hoqq24u/lib:1;/apps/ops/test/spack-stack-1.6.0-nco/envs/nco-intel-19.1.3.304/install/intel/19.1.3.304/netcdf-fortran-4.6.1-b4geqvx/lib:1;/apps/ops/test/spack-stack-1.6.0-nco/envs/nco-intel-19.1.3.304/install/intel/19.1.3.304/netcdf-c-4.9.2-bcln2jr/lib:1;/apps/ops/test/spack-stack-1.6.0-nco/envs/nco-intel-19.1.3.304/install/intel/19.1.3.304/parallel-netcdf-1.12.2-77j7vnx/lib:1;/apps/ops/test/spack-stack-1.6.0-nco/envs/nco-intel-19.1.3.304/install/intel/19.1.3.304/zlib-1.2.13-yoc3h4p/lib:1;/apps/ops/test/spack-stack-1.6.0-nco/envs/nco-intel-19.1.3.304/install/intel/19.1.3.304/curl-8.4.0-zr7lvkw/lib:1;/apps/ops/test/spack-stack-1.6.0-nco/envs/nco-intel-19.1.3.304/install/intel/19.1.3.304/pcre2-10.42-utn3zxn/lib:1;/apps/ops/test/spack-stack-1.6.0-nco/envs/nco-intel-19.1.3.304/install/intel/19.1.3.304/gettext-0.19.7-2fi4wu4/lib:1;/apps/ops/test/spack-stack-1.6.0-nco/envs/nco-intel-19.1.3.304/install/intel/19.1.3.304/zstd-1.5.2-pe6gdyf/lib:1;/apps/ops/test/spack-stack-1.6.0-nco/envs/nco-intel-19.1.3.304/install/intel/19.1.3.304/python-3.10.13-qzt4y2i/lib:1;/apps/ops/test/spack-stack-1.6.0-nco/envs/nco-intel-19.1.3.304/install/intel/19.1.3.304/util-linux-uuid-2.38.1-jwatqmi/lib:1;/apps/ops/test/spack-stack-1.6.0-nco/envs/nco-intel-19.1.3.304/install/intel/19.1.3.304/sqlite-3.43.2-onahail/lib:1;/apps/ops/test/spack-stack-1.6.0-nco/envs/nco-intel-19.1.3.304/install/intel/19.1.3.304/libxcrypt-4.4.35-soueqga/lib:1;/opt/cray/lib64:1;/pe/intel/compilers_and_libraries_2020.4.304/linux/compiler/lib/intel64_lin:1;/pe/intel/compilers_and_libraries_2020.4.304/linux/mpi/intel64/lib/release:1;/pe/intel/compilers_and_libraries_2020.4.304/linux/mpi/intel64/lib:1;/pe/intel/compilers_and_libraries_2020.4.304/linux/ipp/lib/intel64:1;/pe/intel/compilers_and_libraries_2020.4.304/linux/mkl/lib/intel64_lin:1;/pe/intel/compilers_and_libraries_2020.4.304/linux/tbb/lib/intel64/gcc4.8:1;/pe/intel/debugger_2020/python/intel64/lib:1;/pe/intel/debugger_2020/libipt/intel64/lib:1;/lfs/h2/emc/global/noscrub/emc.global/RETRO_GFSv17/git/global-workflow/develop_20250602/sorc/gdas.cd/build/lib:1;/opt/cray/pe/mpich/8.1.19/ofi/intel/19.0/lib:1;/apps/ops/test/spack-stack-1.6.0-nco/envs/nco-intel-19.1.3.304/install/intel/19.1.3.304/hdf5-1.14.0-yckaywr/lib:2', 'COM_OCEAN_LETKF_TMPL': '${ROTDIR}/${RUN}.${YMD}/${HH}/${MEMDIR}/analysis/ocean/letkf', 'EDATE': datetime.datetime(2025, 1, 16, 0, 0), '_ModuleTable049_': 'L2FwcHMvb3BzL3Rlc3Qvc3BhY2stc3RhY2stMS42LjAtbmNvL2VudnMvbmNvLWludGVsLTE5LjEuMy4zMDQvaW5zdGFsbC9tb2R1bGVmaWxlcy9pbnRlbC8xOS4xLjMuMzA0L3B5LXNldHVwdG9vbHMvNjMuNC4zLmx1YSIsWyJmdWxsTmFtZSJdPSJweS1zZXR1cHRvb2xzLzYzLjQuMyIsWyJsb2FkT3JkZXIiXT02Mixwcm9wVD17fSxbInJlZl9jb3VudCJdPTIsWyJzdGFja0RlcHRoIl09MSxbInN0YXR1cyJdPSJhY3RpdmUiLFsidXNlck5hbWUiXT0icHktc2V0dXB0b29scy82My40LjMiLH0sWyJweS1zaXgiXT17WyJmbiJdPSIvYXBwcy9vcHMvdGVzdC9zcGFjay1zdGFjay0xLjYuMC1uY28vZW52cy9uY28taW50ZWwtMTkuMS4zLjMwNC9pbnN0YWxsL21vZHVsZWZpbGVzL2lu', '__LMOD_REF_COUNT_PKG_CONFIG_PATH': '/apps/ops/test/spack-stack-1.6.0-nco/envs/nco-intel-19.1.3.304/install/intel/19.1.3.304/libyaml-0.2.5-ygjrdvo/lib/pkgconfig:2;/apps/ops/test/spack-stack-1.6.0-nco/envs/nco-intel-19.1.3.304/install/intel/19.1.3.304/py-pybind11-2.11.1-wdb6paz/share/pkgconfig:1;/apps/ops/test/spack-stack-1.6.0-nco/envs/nco-intel-19.1.3.304/install/intel/19.1.3.304/netcdf-cxx4-4.3.1-lp7tiyf/lib/pkgconfig:2;/apps/ops/test/spack-stack-1.6.0-nco/envs/nco-intel-19.1.3.304/install/intel/19.1.3.304/libxaw-1.0.13-gdstphl/lib/pkgconfig:2;/apps/ops/test/spack-stack-1.6.0-nco/envs/nco-intel-19.1.3.304/install/intel/19.1.3.304/libxpm-3.5.12-dcjsyoi/lib/pkgconfig:2;/apps/ops/test/spack-stack-1.6.0-nco/envs/nco-intel-19.1.3.304/install/intel/19.1.3.304/libxmu-1.1.4-xhe6hjc/lib/pkgconfig:2;/apps/ops/test/spack-stack-1.6.0-nco/envs/nco-intel-19.1.3.304/install/intel/19.1.3.304/libxt-1.1.5-r2mrglu/lib/pkgconfig:2;/apps/ops/test/spack-stack-1.6.0-nco/envs/nco-intel-19.1.3.304/install/intel/19.1.3.304/libpng-1.6.37-3sds4er/lib64/pkgconfig:2;/apps/ops/test/spack-stack-1.6.0-nco/envs/nco-intel-19.1.3.304/install/intel/19.1.3.304/libjpeg-turbo-2.1.0-rt44pqr/lib64/pkgconfig:2;/apps/ops/test/spack-stack-1.6.0-nco/envs/nco-intel-19.1.3.304/install/intel/19.1.3.304/ecmwf-atlas-0.35.0-42ufhdx/lib64/pkgconfig:2;/apps/ops/test/spack-stack-1.6.0-nco/envs/nco-intel-19.1.3.304/install/intel/19.1.3.304/qhull-2020.2-5ycwudw/lib/pkgconfig:2;/apps/ops/test/spack-stack-1.6.0-nco/envs/nco-intel-19.1.3.304/install/intel/19.1.3.304/fftw-3.3.10-sefnta3/lib/pkgconfig:2;/apps/ops/test/spack-stack-1.6.0-nco/envs/nco-intel-19.1.3.304/install/intel/19.1.3.304/eckit-1.24.5-isrgc5y/lib64/pkgconfig:2;/apps/ops/test/spack-stack-1.6.0-nco/envs/nco-intel-19.1.3.304/install/intel/19.1.3.304/openblas-0.3.24-7qwu32e/lib/pkgconfig:2;/apps/ops/test/spack-stack-1.6.0-nco/envs/nco-intel-19.1.3.304/install/intel/19.1.3.304/eigen-3.4.0-7qdffiv/share/pkgconfig:1;/apps/ops/test/spack-stack-1.6.0-nco/envs/nco-intel-19.1.3.304/install/intel/19.1.3.304/openjpeg-2.5.0-ulqgnem/lib/pkgconfig:2;/apps/ops/test/spack-stack-1.6.0-nco/envs/nco-intel-19.1.3.304/install/intel/19.1.3.304/gsl-2.7.1-kr3c4v5/lib/pkgconfig:2;/apps/ops/test/spack-stack-1.6.0-nco/envs/nco-intel-19.1.3.304/install/intel/19.1.3.304/netcdf-fortran-4.6.1-b4geqvx/lib/pkgconfig:2;/apps/ops/test/spack-stack-1.6.0-nco/envs/nco-intel-19.1.3.304/install/intel/19.1.3.304/netcdf-c-4.9.2-bcln2jr/lib/pkgconfig:2;/apps/ops/test/spack-stack-1.6.0-nco/envs/nco-intel-19.1.3.304/install/intel/19.1.3.304/parallel-netcdf-1.12.2-77j7vnx/lib/pkgconfig:2;/apps/ops/test/spack-stack-1.6.0-nco/envs/nco-intel-19.1.3.304/install/intel/19.1.3.304/hdf5-1.14.0-yckaywr/lib/pkgconfig:2;/usr/share/pkgconfig:2;/usr/lib64/pkgconfig:4;/usr/lib/pkgconfig:4;/apps/ops/test/spack-stack-1.6.0-nco/envs/nco-intel-19.1.3.304/install/intel/19.1.3.304/zlib-1.2.13-yoc3h4p/lib/pkgconfig:2;/apps/ops/test/spack-stack-1.6.0-nco/envs/nco-intel-19.1.3.304/install/intel/19.1.3.304/curl-8.4.0-zr7lvkw/lib/pkgconfig:2;/apps/ops/test/spack-stack-1.6.0-nco/envs/nco-intel-19.1.3.304/install/intel/19.1.3.304/pcre2-10.42-utn3zxn/lib/pkgconfig:2;/apps/ops/test/spack-stack-1.6.0-nco/envs/nco-intel-19.1.3.304/install/intel/19.1.3.304/zstd-1.5.2-pe6gdyf/lib/pkgconfig:2;/opt/cray/pe/craype/2.7.17/pkg-config:1;/apps/ops/test/spack-stack-1.6.0-nco/envs/nco-intel-19.1.3.304/install/intel/19.1.3.304/python-3.10.13-qzt4y2i/lib/pkgconfig:2;/apps/ops/test/spack-stack-1.6.0-nco/envs/nco-intel-19.1.3.304/install/intel/19.1.3.304/util-linux-uuid-2.38.1-jwatqmi/lib/pkgconfig:2;/apps/ops/test/spack-stack-1.6.0-nco/envs/nco-intel-19.1.3.304/install/intel/19.1.3.304/sqlite-3.43.2-onahail/lib/pkgconfig:2;/apps/ops/test/spack-stack-1.6.0-nco/envs/nco-intel-19.1.3.304/install/intel/19.1.3.304/libxcrypt-4.4.35-soueqga/lib/pkgconfig:2;/opt/cray/lib64/pkgconfig:1;/pe/intel/compilers_and_libraries_2020.4.304/linux/mkl/bin/pkgconfig:1', 'ATARDIR': '/5year/NCEPDEV/emc-global/emc.glopara/WCOSS2/GFSv17/retrotestgfs10', 'DO_JEDIOCNVAR': True, 'PBS_O_PATH': '/apps/ops/test/nco/core/rocoto.v1.3.5/bin:/apps/spack/python/3.8.6/intel/19.1.3.304/pjn2nzkjvqgmjw4hmyz43v5x4jbxjzpk/bin:/opt/cray/pals/1.3.2/bin:/pe/intel/compilers_and_libraries_2020.4.304/linux/bin/intel64:/pe/intel/compilers_and_libraries_2020.4.304/linux/bin:/pe/intel/compilers_and_libraries_2020.4.304/linux/mpi/intel64/bin:/pe/intel/debugger_2020/gdb/intel64/bin:/opt/cray/pe/craype/2.7.17/bin:/opt/cray/bin:/u/emc.global/bin:/usr/local/bin:/usr/bin:/bin:/opt/c3/bin:/opt/pbs/bin:/sbin:.:/opt/cray/pe/bin:/apps/prod/python-modules/3.8.6/intel/19.1.3.304/bin:/apps/prod/python-modules/3.8.6/intel/19.1.3.304/lib/python3.8/site-packages/bin', 'LMOD_CUSTOM_CNCM_CRAYCLANG_10_0_UCX_1_0_PREFIX': '/apps/prod/lmodules/cce/13.0.0:/apps/prod/lmodules/cce/12.0.3:/apps/prod/lmodules/cce/11.0.4', 'DO_GSISOILDA': True, 'MPI_CXX': 'mpic++', 'UTILROOT': '/apps/ops/prod/nco/core/prod_util.v2.0.14', '_ModuleTable024_': 'aWJ4bXUvMS4xLjQiLH0sbGlieHBtPXtbImZuIl09Ii9hcHBzL29wcy90ZXN0L3NwYWNrLXN0YWNrLTEuNi4wLW5jby9lbnZzL25jby1pbnRlbC0xOS4xLjMuMzA0L2luc3RhbGwvbW9kdWxlZmlsZXMvaW50ZWwvMTkuMS4zLjMwNC9saWJ4cG0vMy41LjEyLmx1YSIsWyJmdWxsTmFtZSJdPSJsaWJ4cG0vMy41LjEyIixbImxvYWRPcmRlciJdPTU2LHByb3BUPXt9LFsicmVmX2NvdW50Il09MSxbInN0YWNrRGVwdGgiXT0xLFsic3RhdHVzIl09ImFjdGl2ZSIsWyJ1c2VyTmFtZSJdPSJsaWJ4cG0vMy41LjEyIix9LGxpYnh0PXtbImZuIl09Ii9hcHBzL29wcy90ZXN0L3NwYWNrLXN0YWNrLTEuNi4wLW5jby9lbnZzL25jby1pbnRlbC0xOS4xLjMuMzA0L2luc3RhbGwvbW9kdWxlZmls', 'PE_PKGCONFIG_PRODUCTS': 'PE_MPICH', '_ModuleTable015_': 'dnMvbmNvLWludGVsLTE5LjEuMy4zMDQvaW5zdGFsbC9tb2R1bGVmaWxlcy9jcmF5LW1waWNoLzguMS45L2ludGVsLzE5LjEuMy4zMDQvZm1zLzIwMjMuMDQubHVhIixbImZ1bGxOYW1lIl09ImZtcy8yMDIzLjA0IixbImxvYWRPcmRlciJdPTQ2LHByb3BUPXt9LFsic3RhY2tEZXB0aCJdPTEsWyJzdGF0dXMiXT0iYWN0aXZlIixbInVzZXJOYW1lIl09ImZtcy8yMDIzLjA0Iix9LGdldHRleHQ9e1siZm4iXT0iL2FwcHMvb3BzL3Rlc3Qvc3BhY2stc3RhY2stMS42LjAtbmNvL2VudnMvbmNvLWludGVsLTE5LjEuMy4zMDQvaW5zdGFsbC9tb2R1bGVmaWxlcy9pbnRlbC8xOS4xLjMuMzA0L2dldHRleHQvMC4xOS43Lmx1YSIsWyJmdWxsTmFtZSJdPSJnZXR0ZXh0LzAuMTkuNyIsWyJs', 'pkg_config_ROOT': '/usr', 'CRAY_MPICH_BASEDIR': '/opt/cray/pe/mpich/8.1.9/ofi', 'parallelio_ROOT': '/apps/ops/test/spack-stack-1.6.0-nco/envs/nco-intel-19.1.3.304/install/intel/19.1.3.304/parallelio-2.5.10-3rkk43u', 'PE_MPICH_GTL_DIR_nvidia80': '-L/opt/cray/pe/mpich/8.1.9/gtl/lib', '_ModuleTable004_': 'Y2stMS42LjAtbmNvL2VudnMvbmNvLWludGVsLTE5LjEuMy4zMDQvaW5zdGFsbC9tb2R1bGVmaWxlcy9jcmF5LW1waWNoLzguMS45L2ludGVsLzE5LjEuMy4zMDQvYXRsYXMvMC4zNS4wLmx1YSIsWyJmdWxsTmFtZSJdPSJhdGxhcy8wLjM1LjAiLFsibG9hZE9yZGVyIl09NDkscHJvcFQ9e30sWyJzdGFja0RlcHRoIl09MSxbInN0YXR1cyJdPSJhY3RpdmUiLFsidXNlck5hbWUiXT0iYXRsYXMvMC4zNS4wIix9LGJvb3N0PXtbImZuIl09Ii9hcHBzL29wcy90ZXN0L3NwYWNrLXN0YWNrLTEuNi4wLW5jby9lbnZzL25jby1pbnRlbC0xOS4xLjMuMzA0L2luc3RhbGwvbW9kdWxlZmlsZXMvaW50ZWwvMTkuMS4zLjMwNC9ib29zdC8xLjgzLjAubHVhIixbImZ1bGxOYW1lIl09ImJvb3N0', 'FIXorog': '/lfs/h2/emc/global/noscrub/emc.global/RETRO_GFSv17/git/global-workflow/develop_20250602/fix/orog', 'libjpeg_turbo_ROOT': '/apps/ops/test/spack-stack-1.6.0-nco/envs/nco-intel-19.1.3.304/install/intel/19.1.3.304/libjpeg-turbo-2.1.0-rt44pqr', 'FNTSFA': '        ', 'MINICOM': '-c on', '_ModuleTable029_': 'ZXRjZGYtYy80LjkuMiIsfSxbIm5ldGNkZi1jeHg0Il09e1siZm4iXT0iL2FwcHMvb3BzL3Rlc3Qvc3BhY2stc3RhY2stMS42LjAtbmNvL2VudnMvbmNvLWludGVsLTE5LjEuMy4zMDQvaW5zdGFsbC9tb2R1bGVmaWxlcy9jcmF5LW1waWNoLzguMS45L2ludGVsLzE5LjEuMy4zMDQvbmV0Y2RmLWN4eDQvNC4zLjEubHVhIixbImZ1bGxOYW1lIl09Im5ldGNkZi1jeHg0LzQuMy4xIixbImxvYWRPcmRlciJdPTYwLHByb3BUPXt9LFsic3RhY2tEZXB0aCJdPTEsWyJzdGF0dXMiXT0iYWN0aXZlIixbInVzZXJOYW1lIl09Im5ldGNkZi1jeHg0LzQuMy4xIix9LFsibmV0Y2RmLWZvcnRyYW4iXT17WyJmbiJdPSIvYXBwcy9vcHMvdGVzdC9zcGFjay1zdGFjay0xLjYuMC1uY28vZW52cy9u', 'pgmout': 'OUTPUT.1166202', '__LMOD_REF_COUNT_PYTHONPATH': '/apps/ops/test/spack-stack-1.6.0-nco/envs/nco-intel-19.1.3.304/install/intel/19.1.3.304/py-packaging-23.1-2qpd5mc/lib/python3.10/site-packages:1;/apps/ops/test/spack-stack-1.6.0-nco/envs/nco-intel-19.1.3.304/install/intel/19.1.3.304/py-cftime-1.0.3.4-dka7hny/lib/python3.10/site-packages:1;/apps/ops/test/spack-stack-1.6.0-nco/envs/nco-intel-19.1.3.304/install/intel/19.1.3.304/py-numpy-1.24.4-yosem2k/lib/python3.10/site-packages:1;/apps/ops/test/spack-stack-1.6.0-nco/envs/nco-intel-19.1.3.304/install/intel/19.1.3.304/py-markupsafe-2.1.3-45ywjnp/lib/python3.10/site-packages:1;/apps/ops/test/spack-stack-1.6.0-nco/envs/nco-intel-19.1.3.304/install/intel/19.1.3.304/py-pandas-1.5.3-u3wc7uc/lib/python3.10/site-packages:1;/apps/ops/test/spack-stack-1.6.0-nco/envs/nco-intel-19.1.3.304/install/intel/19.1.3.304/py-pytz-2023.3-yebggst/lib/python3.10/site-packages:1;/apps/ops/test/spack-stack-1.6.0-nco/envs/nco-intel-19.1.3.304/install/intel/19.1.3.304/py-python-dateutil-2.8.2-mes6fwe/lib/python3.10/site-packages:1;/apps/ops/test/spack-stack-1.6.0-nco/envs/nco-intel-19.1.3.304/install/intel/19.1.3.304/py-six-1.16.0-u4sv6sb/lib/python3.10/site-packages:1;/apps/ops/test/spack-stack-1.6.0-nco/envs/nco-intel-19.1.3.304/install/intel/19.1.3.304/py-numexpr-2.8.4-2rtg4mi/lib/python3.10/site-packages:1;/apps/ops/test/spack-stack-1.6.0-nco/envs/nco-intel-19.1.3.304/install/intel/19.1.3.304/py-bottleneck-1.3.7-oolvw5k/lib/python3.10/site-packages:1;/apps/ops/test/spack-stack-1.6.0-nco/envs/nco-intel-19.1.3.304/install/intel/19.1.3.304/py-pip-23.1.2-ohrscnx/lib/python3.10/site-packages:1;/apps/ops/test/spack-stack-1.6.0-nco/envs/nco-intel-19.1.3.304/install/intel/19.1.3.304/py-f90nml-1.4.3-rizmifn/lib/python3.10/site-packages:1;/apps/ops/test/spack-stack-1.6.0-nco/envs/nco-intel-19.1.3.304/install/intel/19.1.3.304/py-xarray-2023.7.0-jj7syqa/lib/python3.10/site-packages:1;/apps/ops/test/spack-stack-1.6.0-nco/envs/nco-intel-19.1.3.304/install/intel/19.1.3.304/py-scipy-1.10.1-236sa7x/lib/python3.10/site-packages:1;/apps/ops/test/spack-stack-1.6.0-nco/envs/nco-intel-19.1.3.304/install/intel/19.1.3.304/py-pyyaml-5.4.1-afvmuaf/lib/python3.10/site-packages:1;/apps/ops/test/spack-stack-1.6.0-nco/envs/nco-intel-19.1.3.304/install/intel/19.1.3.304/py-pycodestyle-2.11.0-bh2jlm5/lib/python3.10/site-packages:1;/apps/ops/test/spack-stack-1.6.0-nco/envs/nco-intel-19.1.3.304/install/intel/19.1.3.304/py-pybind11-2.11.1-wdb6paz/lib/python3.10/site-packages:1;/apps/ops/test/spack-stack-1.6.0-nco/envs/nco-intel-19.1.3.304/install/intel/19.1.3.304/py-netcdf4-1.5.8-6kubnk6/lib/python3.10/site-packages:1;/apps/ops/test/spack-stack-1.6.0-nco/envs/nco-intel-19.1.3.304/install/intel/19.1.3.304/py-jinja2-3.1.2-vbbttij/lib/python3.10/site-packages:1;/apps/ops/test/spack-stack-1.6.0-nco/envs/nco-intel-19.1.3.304/install/intel/19.1.3.304/py-setuptools-63.4.3-rg7efar/lib/python3.10/site-packages:1;/apps/ops/prod/nco/core/prod_util.v2.0.14/ush:1;/apps/ops/test/spack-stack-1.6.0-nco/envs/nco-intel-19.1.3.304/install/intel/19.1.3.304/bufr-12.0.1-tirva7g/lib64/python3.10/site-packages:1;/apps/ops/test/spack-stack-1.6.0-nco/envs/nco-intel-19.1.3.304/install/intel/19.1.3.304/bufr-12.0.1-tirva7g/lib/python3.10/site-packages:1', 'FHOUT_WAV': 3, 'FHOUT': 1, 'DO_AWIPS': False, 'PARTITION_SERVICE': '', 'PE_MPICH_PKGCONFIG_VARIABLES': 'PE_MPICH_GTL_DIR_@accelerator@:PE_MPICH_GTL_LIBS_@accelerator@', 'ESMFMKFILE': '/apps/ops/test/spack-stack-1.6.0-nco/envs/nco-intel-19.1.3.304/install/intel/19.1.3.304/esmf-8.5.0-7huplmy/lib/esmf.mk', 'PE_MPICH_PKGCONFIG_LIBS': 'mpich', 'FHOUT_OCN_GFS': 6, 'INTEL_PYTHONHOME': '/pe/intel/debugger_2020/python/intel64/', 'QUILTING': True, 'QT_SYSTEM_DIR': '/usr/share/desktop-data', 'OSTYPE': 'linux', 'HDF5_PLUGIN_PATH': '/apps/ops/test/spack-stack-1.6.0-nco/envs/nco-intel-19.1.3.304/install/intel/19.1.3.304/netcdf-c-4.9.2-bcln2jr/plugins', 'launcher': 'mpiexec -l', 'FHOUT_GFS': 3, 'NETCDF': '/apps/ops/test/spack-stack-1.6.0-nco/envs/nco-intel-19.1.3.304/install/intel/19.1.3.304/netcdf-c-4.9.2-bcln2jr/bin/ncdump', 'qhull_ROOT': '/apps/ops/test/spack-stack-1.6.0-nco/envs/nco-intel-19.1.3.304/install/intel/19.1.3.304/qhull-2020.2-5ycwudw', 'FIXlut': '/lfs/h2/emc/global/noscrub/emc.global/RETRO_GFSv17/git/global-workflow/develop_20250602/fix/lut', 'CLASSPATH': '/pe/intel/compilers_and_libraries_2020.4.304/linux/mpi/intel64/lib/mpi.jar', 'PIO_TYPENAME_VALID_VALUES': ['netcdf', 'netcdf4p', 'netcdf4c', 'pnetcdf'], 'udunits_ROOT': '/apps/ops/test/spack-stack-1.6.0-nco/envs/nco-intel-19.1.3.304/install/intel/19.1.3.304/udunits-2.2.28-wmjzel4', 'NMEM_ENS': 80, 'CC': 'cc', 'MPIF90': 'mpif90', 'COM_ICE_ANALYSIS_TMPL': '${ROTDIR}/${RUN}.${YMD}/${HH}/${MEMDIR}/analysis/ice', 'COMOUT_OCEAN_ANLMON': '/lfs/h2/emc/ptmp/emc.global/RETRO_GFSv17/comroot/retrotestgfs10/gdas.20241124/18//products/ocean/anlmon', '_ModuleTable044_': 'bC8xOS4xLjMuMzA0L3B5LXBpcC8yMy4xLjIubHVhIixbImZ1bGxOYW1lIl09InB5LXBpcC8yMy4xLjIiLFsibG9hZE9yZGVyIl09NzIscHJvcFQ9e30sWyJzdGFja0RlcHRoIl09MSxbInN0YXR1cyJdPSJhY3RpdmUiLFsidXNlck5hbWUiXT0icHktcGlwLzIzLjEuMiIsfSxbInB5LXB5YmluZDExIl09e1siZm4iXT0iL2FwcHMvb3BzL3Rlc3Qvc3BhY2stc3RhY2stMS42LjAtbmNvL2VudnMvbmNvLWludGVsLTE5LjEuMy4zMDQvaW5zdGFsbC9tb2R1bGVmaWxlcy9pbnRlbC8xOS4xLjMuMzA0L3B5LXB5YmluZDExLzIuMTEuMS5sdWEiLFsiZnVsbE5hbWUiXT0icHktcHliaW5kMTEvMi4xMS4xIixbImxvYWRPcmRlciJdPTY1LHByb3BUPXt9LFsicmVmX2NvdW50Il09MSxbInN0', 'DO_AERO_ANL': False, 'lwrite4danl': True, 'FIXugwd': '/lfs/h2/emc/global/noscrub/emc.global/RETRO_GFSv17/git/global-workflow/develop_20250602/fix/ugwd', 'FIXcpl': '/lfs/h2/emc/global/noscrub/emc.global/RETRO_GFSv17/git/global-workflow/develop_20250602/fix/cpl', 'MPI_F90': 'mpif90', 'SDATE': datetime.datetime(2024, 11, 15, 6, 0), '_ModuleTable054_': 'WyJmbiJdPSIvYXBwcy9vcHMvdGVzdC9zcGFjay1zdGFjay0xLjYuMC1uY28vZW52cy9uY28taW50ZWwtMTkuMS4zLjMwNC9pbnN0YWxsL21vZHVsZWZpbGVzL2ludGVsLzE5LjEuMy4zMDQvc3RhY2stY3JheS1tcGljaC84LjEuOS5sdWEiLFsiZnVsbE5hbWUiXT0ic3RhY2stY3JheS1tcGljaC84LjEuOSIsWyJsb2FkT3JkZXIiXT05LHByb3BUPXt9LFsic3RhY2tEZXB0aCJdPTEsWyJzdGF0dXMiXT0iYWN0aXZlIixbInVzZXJOYW1lIl09InN0YWNrLWNyYXktbXBpY2gvOC4xLjkiLH0sWyJzdGFjay1pbnRlbCJdPXtbImZuIl09Ii9hcHBzL29wcy90ZXN0L3NwYWNrLXN0YWNrLTEuNi4wLW5jby9lbnZzL25jby1pbnRlbC0xOS4xLjMuMzA0L2luc3RhbGwvbW9kdWxlZmlsZXMv', 'PBS_O_WORKDIR': '/u/emc.global', 'USER': 'emc.global', 'SERIAL_F77': 'ftn', 'FHMAX_ENKF_GFS': 12, 'SERIAL_CC': 'cc', 'MODULES_SET_SHELL_STARTUP': 0, 'DMPDIR': '/lfs/h2/emc/dump/noscrub/dump', 'COMIN_SNOW_ANALYSIS': '/lfs/h2/emc/ptmp/emc.global/RETRO_GFSv17/comroot/retrotestgfs10/gdas.20241124/18//analysis/snow', 'PAGER': 'less', 'FIXmom': '/lfs/h2/emc/global/noscrub/emc.global/RETRO_GFSv17/git/global-workflow/develop_20250602/fix/mom6', 'py_python_dateutil_ROOT': '/apps/ops/test/spack-stack-1.6.0-nco/envs/nco-intel-19.1.3.304/install/intel/19.1.3.304/py-python-dateutil-2.8.2-mes6fwe', 'MODULE_VERSION': '3.2.10', 'PE_MPICH_GENCOMPILERS_INTEL': 19.0, 'DO_FETCH_LOCAL': False, 'LMOD_CUSTOM_CNCM_GNU_8_0_OFI_1_0_X86_ROME_1_0_CRAY_MPICH_8_0_PREFIX': '/apps/prod/lmodules/GCC_cray_mpich/10.2.0/cray-mpich/8.1.4', '_ModuleTable041_': 'MzA0L2luc3RhbGwvbW9kdWxlZmlsZXMvaW50ZWwvMTkuMS4zLjMwNC9weS1udW1leHByLzIuOC40Lmx1YSIsWyJmdWxsTmFtZSJdPSJweS1udW1leHByLzIuOC40IixbImxvYWRPcmRlciJdPTc0LHByb3BUPXt9LFsicmVmX2NvdW50Il09MSxbInN0YWNrRGVwdGgiXT0yLFsic3RhdHVzIl09ImFjdGl2ZSIsWyJ1c2VyTmFtZSJdPSJweS1udW1leHByLzIuOC40Iix9LFsicHktbnVtcHkiXT17WyJmbiJdPSIvYXBwcy9vcHMvdGVzdC9zcGFjay1zdGFjay0xLjYuMC1uY28vZW52cy9uY28taW50ZWwtMTkuMS4zLjMwNC9pbnN0YWxsL21vZHVsZWZpbGVzL2ludGVsLzE5LjEuMy4zMDQvcHktbnVtcHkvMS4yNC40Lmx1YSIsWyJmdWxsTmFtZSJdPSJweS1udW1weS8xLjI0LjQiLFsi', 'COM_ATMOS_ANLMON_TMPL': '${ROTDIR}/${RUN}.${YMD}/${HH}/${MEMDIR}/products/atmos/anlmon', 'NMEM_ENS_GFS': 30, 'LMOD_FAMILY_PRGENV_VERSION': '8.3.3', 'MPI_CC': 'mpicc', '_ModuleTable023_': 'eGNyeXB0LzQuNC4zNSIsWyJsb2FkT3JkZXIiXT0xMCxwcm9wVD17fSxbInJlZl9jb3VudCJdPTEsWyJzdGFja0RlcHRoIl09MyxbInN0YXR1cyJdPSJhY3RpdmUiLFsidXNlck5hbWUiXT0ibGlieGNyeXB0LzQuNC4zNSIsfSxsaWJ4bXU9e1siZm4iXT0iL2FwcHMvb3BzL3Rlc3Qvc3BhY2stc3RhY2stMS42LjAtbmNvL2VudnMvbmNvLWludGVsLTE5LjEuMy4zMDQvaW5zdGFsbC9tb2R1bGVmaWxlcy9pbnRlbC8xOS4xLjMuMzA0L2xpYnhtdS8xLjEuNC5sdWEiLFsiZnVsbE5hbWUiXT0ibGlieG11LzEuMS40IixbImxvYWRPcmRlciJdPTU1LHByb3BUPXt9LFsicmVmX2NvdW50Il09MSxbInN0YWNrRGVwdGgiXT0xLFsic3RhdHVzIl09ImFjdGl2ZSIsWyJ1c2VyTmFtZSJdPSJs', 'YAML_INC': '/apps/ops/test/spack-stack-1.6.0-nco/envs/nco-intel-19.1.3.304/install/intel/19.1.3.304/libyaml-0.2.5-ygjrdvo/include', '_ModuleTable012_': 'LFsibG9hZE9yZGVyIl09NDEscHJvcFQ9e30sWyJyZWZfY291bnQiXT0yLFsic3RhY2tEZXB0aCJdPTEsWyJzdGF0dXMiXT0iYWN0aXZlIixbInVzZXJOYW1lIl09ImVpZ2VuLzMuNC4wIix9LGVudnZhcj17WyJmbiJdPSIvYXBwcy9wcm9kL2xtb2R1bGVzL3N5c19jb3JlL2VudnZhci8xLjAiLFsiZnVsbE5hbWUiXT0iZW52dmFyLzEuMCIsWyJsb2FkT3JkZXIiXT0yLHByb3BUPXt9LFsic3RhY2tEZXB0aCJdPTAsWyJzdGF0dXMiXT0iYWN0aXZlIixbInVzZXJOYW1lIl09ImVudnZhci8xLjAiLH0sZXNtZj17WyJmbiJdPSIvYXBwcy9vcHMvdGVzdC9zcGFjay1zdGFjay0xLjYuMC1uY28vZW52cy9uY28taW50ZWwtMTkuMS4zLjMwNC9pbnN0YWxsL21vZHVsZWZpbGVzL2NyYXkt', 'COM_CHEM_BMAT_TMPL': '${ROTDIR}/${RUN}.${YMD}/${HH}/${MEMDIR}/analysis/chem/bmatrix', '_ModuleTable031_': 'MjQubHVhIixbImZ1bGxOYW1lIl09Im9wZW5ibGFzLzAuMy4yNCIsWyJsb2FkT3JkZXIiXT00Mixwcm9wVD17fSxbInJlZl9jb3VudCJdPTIsWyJzdGFja0RlcHRoIl09MSxbInN0YXR1cyJdPSJhY3RpdmUiLFsidXNlck5hbWUiXT0ib3BlbmJsYXMvMC4zLjI0Iix9LG9wZW5qcGVnPXtbImZuIl09Ii9hcHBzL29wcy90ZXN0L3NwYWNrLXN0YWNrLTEuNi4wLW5jby9lbnZzL25jby1pbnRlbC0xOS4xLjMuMzA0L2luc3RhbGwvbW9kdWxlZmlsZXMvaW50ZWwvMTkuMS4zLjMwNC9vcGVuanBlZy8yLjUuMC5sdWEiLFsiZnVsbE5hbWUiXT0ib3BlbmpwZWcvMi41LjAiLFsibG9hZE9yZGVyIl09NDAscHJvcFQ9e30sWyJzdGFja0RlcHRoIl09MSxbInN0YXR1cyJdPSJhY3RpdmUiLFsi', 'FHMAX': 9, 'pcre2_ROOT': '/apps/ops/test/spack-stack-1.6.0-nco/envs/nco-intel-19.1.3.304/install/intel/19.1.3.304/pcre2-10.42-utn3zxn', 'COM_WAVE_HISTORY_TMPL': '${ROTDIR}/${RUN}.${YMD}/${HH}/${MEMDIR}/model/wave/history', 'ncview_ROOT': '/apps/ops/test/spack-stack-1.6.0-nco/envs/nco-intel-19.1.3.304/install/intel/19.1.3.304/ncview-2.1.9-rv4j23b', '_ModuleTable062_': 'YWwvbm9zY3J1Yi9lbWMuZ2xvYmFsL1JFVFJPX0dGU3YxNy9naXQvZ2xvYmFsLXdvcmtmbG93L2RldmVsb3BfMjAyNTA2MDIvc29yYy9nZGFzLmNkL21vZHVsZWZpbGVzIiwiL29wdC9jcmF5L3BlL2xtb2QvbW9kdWxlZmlsZXMvY3B1L3g4Ni1yb21lLzEuMCIsIi91c3Ivc2hhcmUvbW9kdWxlcyIsIi91c3Ivc2hhcmUvTW9kdWxlcy8kTU9EVUxFX1ZFUlNJT04vbW9kdWxlZmlsZXMiLCIvdXNyL3NoYXJlL21vZHVsZXMvbW9kdWxlZmlsZXMiLCIvdXNyL3NoYXJlL21vZHVsZWZpbGVzL0xpbnV4IiwiL3Vzci9zaGFyZS9tb2R1bGVmaWxlcy9Db3JlIiwiL3Vzci9zaGFyZS9sbW9kL2xtb2QvbW9kdWxlZmlsZXMvQ29yZSIsIi9vcHQvY3JheS9wZS9sbW9kL21vZHVsZWZpbGVzL2Nv', 'eckit_ROOT': '/apps/ops/test/spack-stack-1.6.0-nco/envs/nco-intel-19.1.3.304/install/intel/19.1.3.304/eckit-1.24.5-isrgc5y', 'LMOD_CUSTOM_CNCM_GNU_8_0_UCX_1_0_X86_ROME_1_0_CRAY_MPICH_8_0_PREFIX': '/apps/prod/lmodules/GCC_cray_mpich/10.2.0/cray-mpich/8.1.4', 'CRAY_CPU_TARGET': 'x86-rome', 'PBS_NODEFILE': '/var/spool/pbs/aux/46051231.dbqs01', 'MPICXX': 'mpic++', 'py_bottleneck_ROOT': '/apps/ops/test/spack-stack-1.6.0-nco/envs/nco-intel-19.1.3.304/install/intel/19.1.3.304/py-bottleneck-1.3.7-oolvw5k', 'MPI_F77': 'mpif77', 'LMOD_CUSTOM_CNCM_CRAYCLANG_10_0_UCX_1_0_X86_ROME_1_0_CRAY_MPICH_8_0_PREFIX': '/apps/prod/lmodules/CCE_cray_mpich/11.0.4/cray-mpich/8.1.4', '__LMOD_REF_COUNT_MODULEPATH': '/apps/ops/test/spack-stack-1.6.0-nco/envs/nco-intel-19.1.3.304/install/modulefiles/cray-mpich/8.1.9/intel/19.1.3.304:1;/apps/ops/prod/libs/modulefiles/mpi/intel/19.1.3.304/cray-mpich/8.1.4:1;/apps/prod/lmodules/INTEL_cray_mpich/19.1.3.304/cray-mpich/8.1.4:1;/opt/cray/pe/lmod/modulefiles/mpi/intel/19.0/ofi/1.0/cray-mpich/8.0:1;/opt/cray/pe/lmod/modulefiles/comnet/intel/19.0/ofi/1.0:1;/opt/cray/pe/lmod/modulefiles/net/ofi/1.0:1;/apps/ops/test/spack-stack-1.6.0-nco/envs/nco-intel-19.1.3.304/install/modulefiles/intel/19.1.3.304:1;/apps/ops/prod/nco/modulefiles/compiler/intel/19.1.3.304:1;/apps/ops/prod/libs/modulefiles/compiler/intel/19.1.3.304:1;/apps/prod/lmodules/intel/19.1.3.304:1;/apps/prod/lmodules/compiler/intel/19.0:1;/apps/ops/test/spack-stack-1.6.0-nco/envs/nco-intel-19.1.3.304/install/modulefiles/Core:1;/lfs/h2/emc/global/noscrub/emc.global/RETRO_GFSv17/git/global-workflow/develop_20250602/sorc/gdas.cd/modulefiles:1;/opt/cray/pe/lmod/modulefiles/cpu/x86-rome/1.0:1;/usr/share/modules:1;/usr/share/Modules/$MODULE_VERSION/modulefiles:1;/usr/share/modules/modulefiles:1;/usr/share/modulefiles/Linux:1;/usr/share/modulefiles/Core:1;/usr/share/lmod/lmod/modulefiles/Core:1;/opt/cray/pe/lmod/modulefiles/core:1;/opt/cray/pe/lmod/modulefiles/craype-targets/default:1;/apps/prod/lmodules/sys_core:1;/apps/ops/prod/nco/modulefiles/core:1;/apps/prod/lmodules/core:1;/opt/cray/modulefiles:1', 'PKGCONFIG_ENABLED': 1, 'GDASAPP_UNIT_TEST_DATA_PATH': '/lfs/h2/emc/da/noscrub/emc.da/GDASApp/unittestdata', 'MORE': '-sl', 'PE_FORTRAN_PKGCONFIG_LIBS': 'mpichf90', '__LMOD_REF_COUNT_LOADEDMODULES': 'craype-x86-rome:1;envvar/1.0:1;PrgEnv-intel/8.3.3:1;intel/19.1.3.304:1;stack-intel/19.1.3.304:1;libfabric/1.20.1:1;craype-network-ofi:1;cray-mpich/8.1.9:1;stack-cray-mpich/8.1.9:1;libxcrypt/4.4.35:1;sqlite/3.43.2:1;util-linux-uuid/2.38.1:1;python/3.10.13:1;stack-python/3.10.13:1;craype/2.7.17:1;cray-pals/1.3.2:1;cmake/3.23.1:1;pigz/2.7:1;zstd/1.5.2:1;tar/1.34:1;gettext/0.19.7:1;pcre2/10.42:1;curl/8.4.0:1;zlib/1.2.13:1;git/2.35.3:1;git-lfs/2.11.0:1;pkg-config/0.29.2:1;hdf5/1.14.0:1;parallel-netcdf/1.12.2:1;netcdf-c/4.9.2:1;nccmp/1.9.0.1:1;netcdf-fortran/4.6.1:1;antlr/2.7.7:1;gsl/2.7.1:1;nco/5.0.6:1;parallelio/2.5.10:1;boost/1.83.0:1;bufr/12.0.1:1;ecbuild/3.7.2:1;openjpeg/2.5.0:1;eigen/3.4.0:1;openblas/0.3.24:1;eckit/1.24.5:1;fftw/3.3.10:1;fckit/0.11.0:1;fms/2023.04:1;esmf/8.5.0:1;qhull/2020.2:1;atlas/0.35.0:1;sp/2.5.0:1;gsl-lite/0.37.0:1;libjpeg/2.1.0:1;libpng/1.6.37:1;libxt/1.1.5:1;libxmu/1.1.4:1;libxpm/3.5.12:1;libxaw/1.0.13:1;udunits/2.2.28:1;ncview/2.1.9:1;netcdf-cxx4/4.3.1:1;prod_util/2.0.14:1;py-setuptools/63.4.3:1;py-jinja2/3.1.2:1;py-netcdf4/1.5.8:1;py-pybind11/2.11.1:1;py-pycodestyle/2.11.0:1;libyaml/0.2.5:1;py-pyyaml/5.4.1:1;py-scipy/1.10.1:1;py-xarray/2023.7.0:1;py-f90nml/1.4.3:1;py-pip/23.1.2:1;py-bottleneck/1.3.7:1;py-numexpr/2.8.4:1;py-six/1.16.0:1;py-python-dateutil/2.8.2:1;py-pytz/2023.3:1;py-pandas/1.5.3:1;py-markupsafe/2.1.3:1;py-numpy/1.24.4:1;py-cftime/1.0.3.4:1;py-packaging/23.1:1;GDAS/wcoss2.intel:1', 'PBS_TASKNUM': 1, '__LMOD_REF_COUNT_CRAY_LD_LIBRARY_PATH': '/opt/cray/pe/mpich/8.1.9/ofi/intel/19.0/lib:1', 'COM_OBS_TMPL': '${ROTDIR}/${RUN}.${YMD}/${HH}/obs', 'SERIAL_CXX': 'CC', '_ModuleTable057_': 'bmNvL2VudnMvbmNvLWludGVsLTE5LjEuMy4zMDQvaW5zdGFsbC9tb2R1bGVmaWxlcy9pbnRlbC8xOS4xLjMuMzA0L3VkdW5pdHMvMi4yLjI4Lmx1YSIsWyJmdWxsTmFtZSJdPSJ1ZHVuaXRzLzIuMi4yOCIsWyJsb2FkT3JkZXIiXT01OCxwcm9wVD17fSxbInJlZl9jb3VudCJdPTEsWyJzdGFja0RlcHRoIl09MSxbInN0YXR1cyJdPSJhY3RpdmUiLFsidXNlck5hbWUiXT0idWR1bml0cy8yLjIuMjgiLH0sWyJ1dGlsLWxpbnV4LXV1aWQiXT17WyJmbiJdPSIvYXBwcy9vcHMvdGVzdC9zcGFjay1zdGFjay0xLjYuMC1uY28vZW52cy9uY28taW50ZWwtMTkuMS4zLjMwNC9pbnN0YWxsL21vZHVsZWZpbGVzL2ludGVsLzE5LjEuMy4zMDQvdXRpbC1saW51eC11dWlkLzIuMzguMS5sdWEi', 'COM_ATMOS_ANALYSIS_TMPL': '${ROTDIR}/${RUN}.${YMD}/${HH}/${MEMDIR}/analysis/atmos', 'COMOUT_ATMOS_ANLMON': '/lfs/h2/emc/ptmp/emc.global/RETRO_GFSv17/comroot/retrotestgfs10/gdas.20241124/18//products/atmos/anlmon', 'FHMIN_ENKF': 3, 'DO_CALC_INCREMENT_ENKF_GFS': False, 'COM_WAVE_WMO_TMPL': '${ROTDIR}/${RUN}.${YMD}/${HH}/${MEMDIR}/products/wave/wmo', 'DATA': '/lfs/h2/emc/stmp/emc.global/RUNDIRS/retrotestgfs10/gdas.2024112418/anlstat.1165235', 'INTEL_MAJOR_VERSION': 19.1, 'IAUFHRS': [3, 6, 9], 'COM_ATMOS_MASTER_TMPL': '${ROTDIR}/${RUN}.${YMD}/${HH}/${MEMDIR}/model/atmos/master', 'OPS_RES': 'C768', 'PWD': '/lfs/h2/emc/stmp/emc.global/RUNDIRS/retrotestgfs10/gdas.2024112418/anlstat.1165235', 'MDATE': '/apps/ops/prod/nco/core/prod_util.v2.0.14/exec/mdate', 'WRITE_NSFLIP': True, '_ModuleTable046_': 'XT17WyJmbiJdPSIvYXBwcy9vcHMvdGVzdC9zcGFjay1zdGFjay0xLjYuMC1uY28vZW52cy9uY28taW50ZWwtMTkuMS4zLjMwNC9pbnN0YWxsL21vZHVsZWZpbGVzL2ludGVsLzE5LjEuMy4zMDQvcHktcHl0aG9uLWRhdGV1dGlsLzIuOC4yLmx1YSIsWyJmdWxsTmFtZSJdPSJweS1weXRob24tZGF0ZXV0aWwvMi44LjIiLFsibG9hZE9yZGVyIl09NzYscHJvcFQ9e30sWyJyZWZfY291bnQiXT0xLFsic3RhY2tEZXB0aCJdPTIsWyJzdGF0dXMiXT0iYWN0aXZlIixbInVzZXJOYW1lIl09InB5LXB5dGhvbi1kYXRldXRpbC8yLjguMiIsfSxbInB5LXB5dHoiXT17WyJmbiJdPSIvYXBwcy9vcHMvdGVzdC9zcGFjay1zdGFjay0xLjYuMC1uY28vZW52cy9uY28taW50ZWwtMTkuMS4zLjMw', 'PE_MPICH_GTL_DIR_nvidia70': '-L/opt/cray/pe/mpich/8.1.9/gtl/lib', 'jobid': 'anlstat.1165235', 'FHMIN_WAV': 0, 'HOME': '/u/emc.global', 'git_ROOT': '/usr', 'MPIEXEC_EXEC': '/opt/cray/pals/1.3.2/bin/mpirun', '_ModuleTable052_': 'dGFjay0xLjYuMC1uY28vZW52cy9uY28taW50ZWwtMTkuMS4zLjMwNC9pbnN0YWxsL21vZHVsZWZpbGVzL2ludGVsLzE5LjEuMy4zMDQvcWh1bGwvMjAyMC4yLmx1YSIsWyJmdWxsTmFtZSJdPSJxaHVsbC8yMDIwLjIiLFsibG9hZE9yZGVyIl09NDgscHJvcFQ9e30sWyJyZWZfY291bnQiXT0xLFsic3RhY2tEZXB0aCJdPTIsWyJzdGF0dXMiXT0iYWN0aXZlIixbInVzZXJOYW1lIl09InFodWxsLzIwMjAuMiIsfSxzcD17WyJmbiJdPSIvYXBwcy9vcHMvdGVzdC9zcGFjay1zdGFjay0xLjYuMC1uY28vZW52cy9uY28taW50ZWwtMTkuMS4zLjMwNC9pbnN0YWxsL21vZHVsZWZpbGVzL2ludGVsLzE5LjEuMy4zMDQvc3AvMi41LjAubHVhIixbImZ1bGxOYW1lIl09InNwLzIuNS4wIixb', 'HOMEDIR': '/lfs/h2/emc/global/noscrub/emc.global', 'REDOUT': '1>', 'LMOD_FAMILY_METACOMPILER_VERSION': '19.1.3.304', 'COM_ICE_HISTORY_TMPL': '${ROTDIR}/${RUN}.${YMD}/${HH}/${MEMDIR}/model/ice/history', '_ModuleTable034_': 'dGVsLzE5LjEuMy4zMDQvcGNyZTIvMTAuNDIubHVhIixbImZ1bGxOYW1lIl09InBjcmUyLzEwLjQyIixbImxvYWRPcmRlciJdPTIyLHByb3BUPXt9LFsic3RhY2tEZXB0aCJdPTEsWyJzdGF0dXMiXT0iYWN0aXZlIixbInVzZXJOYW1lIl09InBjcmUyLzEwLjQyIix9LHBpZ3o9e1siZm4iXT0iL2FwcHMvb3BzL3Rlc3Qvc3BhY2stc3RhY2stMS42LjAtbmNvL2VudnMvbmNvLWludGVsLTE5LjEuMy4zMDQvaW5zdGFsbC9tb2R1bGVmaWxlcy9pbnRlbC8xOS4xLjMuMzA0L3BpZ3ovMi43Lmx1YSIsWyJmdWxsTmFtZSJdPSJwaWd6LzIuNyIsWyJsb2FkT3JkZXIiXT0xOCxwcm9wVD17fSxbInJlZl9jb3VudCJdPTEsWyJzdGFja0RlcHRoIl09MyxbInN0YXR1cyJdPSJhY3RpdmUiLFsi', 'DO_NPOESS': False, 'PELOCAL_PRGENV': True, 'INTERVAL_GFS': 6, 'RUN_ENVIR': 'emc', 'CMAKE_PREFIX_PATH': '/apps/ops/test/spack-stack-1.6.0-nco/envs/nco-intel-19.1.3.304/install/intel/19.1.3.304/py-packaging-23.1-2qpd5mc:/apps/ops/test/spack-stack-1.6.0-nco/envs/nco-intel-19.1.3.304/install/intel/19.1.3.304/py-cftime-1.0.3.4-dka7hny:/apps/ops/test/spack-stack-1.6.0-nco/envs/nco-intel-19.1.3.304/install/intel/19.1.3.304/py-numpy-1.24.4-yosem2k:/apps/ops/test/spack-stack-1.6.0-nco/envs/nco-intel-19.1.3.304/install/intel/19.1.3.304/py-markupsafe-2.1.3-45ywjnp:/apps/ops/test/spack-stack-1.6.0-nco/envs/nco-intel-19.1.3.304/install/intel/19.1.3.304/py-pandas-1.5.3-u3wc7uc:/apps/ops/test/spack-stack-1.6.0-nco/envs/nco-intel-19.1.3.304/install/intel/19.1.3.304/py-pytz-2023.3-yebggst:/apps/ops/test/spack-stack-1.6.0-nco/envs/nco-intel-19.1.3.304/install/intel/19.1.3.304/py-python-dateutil-2.8.2-mes6fwe:/apps/ops/test/spack-stack-1.6.0-nco/envs/nco-intel-19.1.3.304/install/intel/19.1.3.304/py-six-1.16.0-u4sv6sb:/apps/ops/test/spack-stack-1.6.0-nco/envs/nco-intel-19.1.3.304/install/intel/19.1.3.304/py-numexpr-2.8.4-2rtg4mi:/apps/ops/test/spack-stack-1.6.0-nco/envs/nco-intel-19.1.3.304/install/intel/19.1.3.304/py-bottleneck-1.3.7-oolvw5k:/apps/ops/test/spack-stack-1.6.0-nco/envs/nco-intel-19.1.3.304/install/intel/19.1.3.304/py-pip-23.1.2-ohrscnx:/apps/ops/test/spack-stack-1.6.0-nco/envs/nco-intel-19.1.3.304/install/intel/19.1.3.304/py-f90nml-1.4.3-rizmifn:/apps/ops/test/spack-stack-1.6.0-nco/envs/nco-intel-19.1.3.304/install/intel/19.1.3.304/py-xarray-2023.7.0-jj7syqa:/apps/ops/test/spack-stack-1.6.0-nco/envs/nco-intel-19.1.3.304/install/intel/19.1.3.304/py-scipy-1.10.1-236sa7x:/apps/ops/test/spack-stack-1.6.0-nco/envs/nco-intel-19.1.3.304/install/intel/19.1.3.304/py-pyyaml-5.4.1-afvmuaf:/apps/ops/test/spack-stack-1.6.0-nco/envs/nco-intel-19.1.3.304/install/intel/19.1.3.304/libyaml-0.2.5-ygjrdvo:/apps/ops/test/spack-stack-1.6.0-nco/envs/nco-intel-19.1.3.304/install/intel/19.1.3.304/py-pycodestyle-2.11.0-bh2jlm5:/apps/ops/test/spack-stack-1.6.0-nco/envs/nco-intel-19.1.3.304/install/intel/19.1.3.304/py-pybind11-2.11.1-wdb6paz:/apps/ops/test/spack-stack-1.6.0-nco/envs/nco-intel-19.1.3.304/install/intel/19.1.3.304/py-netcdf4-1.5.8-6kubnk6:/apps/ops/test/spack-stack-1.6.0-nco/envs/nco-intel-19.1.3.304/install/intel/19.1.3.304/py-jinja2-3.1.2-vbbttij:/apps/ops/test/spack-stack-1.6.0-nco/envs/nco-intel-19.1.3.304/install/intel/19.1.3.304/py-setuptools-63.4.3-rg7efar:/apps/ops/test/spack-stack-1.6.0-nco/envs/nco-intel-19.1.3.304/install/intel/19.1.3.304/netcdf-cxx4-4.3.1-lp7tiyf:/apps/ops/test/spack-stack-1.6.0-nco/envs/nco-intel-19.1.3.304/install/intel/19.1.3.304/ncview-2.1.9-rv4j23b:/apps/ops/test/spack-stack-1.6.0-nco/envs/nco-intel-19.1.3.304/install/intel/19.1.3.304/udunits-2.2.28-wmjzel4:/apps/ops/test/spack-stack-1.6.0-nco/envs/nco-intel-19.1.3.304/install/intel/19.1.3.304/libxaw-1.0.13-gdstphl:/apps/ops/test/spack-stack-1.6.0-nco/envs/nco-intel-19.1.3.304/install/intel/19.1.3.304/libxpm-3.5.12-dcjsyoi:/apps/ops/test/spack-stack-1.6.0-nco/envs/nco-intel-19.1.3.304/install/intel/19.1.3.304/libxmu-1.1.4-xhe6hjc:/apps/ops/test/spack-stack-1.6.0-nco/envs/nco-intel-19.1.3.304/install/intel/19.1.3.304/libxt-1.1.5-r2mrglu:/apps/ops/test/spack-stack-1.6.0-nco/envs/nco-intel-19.1.3.304/install/intel/19.1.3.304/libpng-1.6.37-3sds4er:/apps/ops/test/spack-stack-1.6.0-nco/envs/nco-intel-19.1.3.304/install/intel/19.1.3.304/libjpeg-turbo-2.1.0-rt44pqr:/apps/ops/test/spack-stack-1.6.0-nco/envs/nco-intel-19.1.3.304/install/intel/19.1.3.304/gsl-lite-0.37.0-7zi7wss:/apps/ops/test/spack-stack-1.6.0-nco/envs/nco-intel-19.1.3.304/install/intel/19.1.3.304/sp-2.5.0-rhcyr64:/apps/ops/test/spack-stack-1.6.0-nco/envs/nco-intel-19.1.3.304/install/intel/19.1.3.304/ecmwf-atlas-0.35.0-42ufhdx:/apps/ops/test/spack-stack-1.6.0-nco/envs/nco-intel-19.1.3.304/install/intel/19.1.3.304/qhull-2020.2-5ycwudw:/apps/ops/test/spack-stack-1.6.0-nco/envs/nco-intel-19.1.3.304/install/intel/19.1.3.304/esmf-8.5.0-7huplmy:/apps/ops/test/spack-stack-1.6.0-nco/envs/nco-intel-19.1.3.304/install/intel/19.1.3.304/fms-2023.04-utbqnz3:/apps/ops/test/spack-stack-1.6.0-nco/envs/nco-intel-19.1.3.304/install/intel/19.1.3.304/fckit-0.11.0-7qg4hhj:/apps/ops/test/spack-stack-1.6.0-nco/envs/nco-intel-19.1.3.304/install/intel/19.1.3.304/fftw-3.3.10-sefnta3:/apps/ops/test/spack-stack-1.6.0-nco/envs/nco-intel-19.1.3.304/install/intel/19.1.3.304/eckit-1.24.5-isrgc5y:/apps/ops/test/spack-stack-1.6.0-nco/envs/nco-intel-19.1.3.304/install/intel/19.1.3.304/openblas-0.3.24-7qwu32e:/apps/ops/test/spack-stack-1.6.0-nco/envs/nco-intel-19.1.3.304/install/intel/19.1.3.304/eigen-3.4.0-7qdffiv:/apps/ops/test/spack-stack-1.6.0-nco/envs/nco-intel-19.1.3.304/install/intel/19.1.3.304/openjpeg-2.5.0-ulqgnem:/apps/ops/test/spack-stack-1.6.0-nco/envs/nco-intel-19.1.3.304/install/intel/19.1.3.304/ecbuild-3.7.2-ovbazu2:/apps/ops/test/spack-stack-1.6.0-nco/envs/nco-intel-19.1.3.304/install/intel/19.1.3.304/bufr-12.0.1-tirva7g:/apps/ops/test/spack-stack-1.6.0-nco/envs/nco-intel-19.1.3.304/install/intel/19.1.3.304/boost-1.83.0-nqtmt7k:/apps/ops/test/spack-stack-1.6.0-nco/envs/nco-intel-19.1.3.304/install/intel/19.1.3.304/parallelio-2.5.10-3rkk43u:/apps/ops/test/spack-stack-1.6.0-nco/envs/nco-intel-19.1.3.304/install/intel/19.1.3.304/nco-5.0.6-6ykwuoz:/apps/ops/test/spack-stack-1.6.0-nco/envs/nco-intel-19.1.3.304/install/intel/19.1.3.304/gsl-2.7.1-kr3c4v5:/apps/ops/test/spack-stack-1.6.0-nco/envs/nco-intel-19.1.3.304/install/intel/19.1.3.304/antlr-2.7.7-hoqq24u:/apps/ops/test/spack-stack-1.6.0-nco/envs/nco-intel-19.1.3.304/install/intel/19.1.3.304/netcdf-fortran-4.6.1-b4geqvx:/apps/ops/test/spack-stack-1.6.0-nco/envs/nco-intel-19.1.3.304/install/intel/19.1.3.304/nccmp-1.9.0.1-dnptqlr:/apps/ops/test/spack-stack-1.6.0-nco/envs/nco-intel-19.1.3.304/install/intel/19.1.3.304/netcdf-c-4.9.2-bcln2jr:/apps/ops/test/spack-stack-1.6.0-nco/envs/nco-intel-19.1.3.304/install/intel/19.1.3.304/parallel-netcdf-1.12.2-77j7vnx:/apps/ops/test/spack-stack-1.6.0-nco/envs/nco-intel-19.1.3.304/install/intel/19.1.3.304/hdf5-1.14.0-yckaywr:/apps/spack/git-lfs/2.11.0/gcc/11.2.0/m6b6nl5kfqngfteqbggydc7kflxere3s:/apps/ops/test/spack-stack-1.6.0-nco/envs/nco-intel-19.1.3.304/install/intel/19.1.3.304/zlib-1.2.13-yoc3h4p:/apps/ops/test/spack-stack-1.6.0-nco/envs/nco-intel-19.1.3.304/install/intel/19.1.3.304/curl-8.4.0-zr7lvkw:/apps/ops/test/spack-stack-1.6.0-nco/envs/nco-intel-19.1.3.304/install/intel/19.1.3.304/pcre2-10.42-utn3zxn:/apps/ops/test/spack-stack-1.6.0-nco/envs/nco-intel-19.1.3.304/install/intel/19.1.3.304/gettext-0.19.7-2fi4wu4:/apps/ops/test/spack-stack-1.6.0-nco/envs/nco-intel-19.1.3.304/install/intel/19.1.3.304/tar-1.34-e7e3lq2:/apps/ops/test/spack-stack-1.6.0-nco/envs/nco-intel-19.1.3.304/install/intel/19.1.3.304/zstd-1.5.2-pe6gdyf:/apps/ops/test/spack-stack-1.6.0-nco/envs/nco-intel-19.1.3.304/install/intel/19.1.3.304/pigz-2.7-p2s5ywz:/apps/ops/test/spack-stack-1.6.0-nco/envs/nco-intel-19.1.3.304/install/intel/19.1.3.304/cmake-3.23.1-chpcsen:/apps/ops/test/spack-stack-1.6.0-nco/envs/nco-intel-19.1.3.304/install/intel/19.1.3.304/python-3.10.13-qzt4y2i:/apps/ops/test/spack-stack-1.6.0-nco/envs/nco-intel-19.1.3.304/install/intel/19.1.3.304/util-linux-uuid-2.38.1-jwatqmi:/apps/ops/test/spack-stack-1.6.0-nco/envs/nco-intel-19.1.3.304/install/intel/19.1.3.304/sqlite-3.43.2-onahail:/apps/ops/test/spack-stack-1.6.0-nco/envs/nco-intel-19.1.3.304/install/intel/19.1.3.304/libxcrypt-4.4.35-soueqga', 'PARTITION_BATCH': '{{ PARTITION_BATCH }}', 'COM_OCEAN_RESTART_TMPL': '${ROTDIR}/${RUN}.${YMD}/${HH}/${MEMDIR}/model/ocean/restart', 'IAU_FHROT': 3, 'HOMEpost': '/lfs/h2/emc/global/noscrub/emc.global/RETRO_GFSv17/git/global-workflow/develop_20250602', 'DO_VMINMON': True, 'HOST': 'nid001057', 'COM_ICE_BMATRIX_TMPL': '${ROTDIR}/${RUN}.${YMD}/${HH}/${MEMDIR}/bmatrix/ice', 'LMOD_VERSION': '8.3.1', 'zstd_ROOT': '/apps/ops/test/spack-stack-1.6.0-nco/envs/nco-intel-19.1.3.304/install/intel/19.1.3.304/zstd-1.5.2-pe6gdyf', 'GIT_SSH': 'ssh -F /u/emc.global/.ssh-mine/config -i /u/sshKeys/emc.global/id_rsa', 'XNLSPATH': '/usr/share/X11/nls', 'CPATH': '/apps/ops/test/spack-stack-1.6.0-nco/envs/nco-intel-19.1.3.304/install/intel/19.1.3.304/libyaml-0.2.5-ygjrdvo/include:/apps/ops/test/spack-stack-1.6.0-nco/envs/nco-intel-19.1.3.304/install/intel/19.1.3.304/py-pybind11-2.11.1-wdb6paz/include:/apps/ops/test/spack-stack-1.6.0-nco/envs/nco-intel-19.1.3.304/install/intel/19.1.3.304/netcdf-cxx4-4.3.1-lp7tiyf/include:/apps/ops/test/spack-stack-1.6.0-nco/envs/nco-intel-19.1.3.304/install/intel/19.1.3.304/udunits-2.2.28-wmjzel4/include:/apps/ops/test/spack-stack-1.6.0-nco/envs/nco-intel-19.1.3.304/install/intel/19.1.3.304/libxaw-1.0.13-gdstphl/include:/apps/ops/test/spack-stack-1.6.0-nco/envs/nco-intel-19.1.3.304/install/intel/19.1.3.304/libxpm-3.5.12-dcjsyoi/include:/apps/ops/test/spack-stack-1.6.0-nco/envs/nco-intel-19.1.3.304/install/intel/19.1.3.304/libxmu-1.1.4-xhe6hjc/include:/apps/ops/test/spack-stack-1.6.0-nco/envs/nco-intel-19.1.3.304/install/intel/19.1.3.304/libxt-1.1.5-r2mrglu/include:/apps/ops/test/spack-stack-1.6.0-nco/envs/nco-intel-19.1.3.304/install/intel/19.1.3.304/libpng-1.6.37-3sds4er/include:/apps/ops/test/spack-stack-1.6.0-nco/envs/nco-intel-19.1.3.304/install/intel/19.1.3.304/libjpeg-turbo-2.1.0-rt44pqr/include:/apps/ops/test/spack-stack-1.6.0-nco/envs/nco-intel-19.1.3.304/install/intel/19.1.3.304/gsl-lite-0.37.0-7zi7wss/include:/apps/ops/test/spack-stack-1.6.0-nco/envs/nco-intel-19.1.3.304/install/intel/19.1.3.304/ecmwf-atlas-0.35.0-42ufhdx/include:/apps/ops/test/spack-stack-1.6.0-nco/envs/nco-intel-19.1.3.304/install/intel/19.1.3.304/qhull-2020.2-5ycwudw/include:/apps/ops/test/spack-stack-1.6.0-nco/envs/nco-intel-19.1.3.304/install/intel/19.1.3.304/esmf-8.5.0-7huplmy/include:/apps/ops/test/spack-stack-1.6.0-nco/envs/nco-intel-19.1.3.304/install/intel/19.1.3.304/fckit-0.11.0-7qg4hhj/include:/apps/ops/test/spack-stack-1.6.0-nco/envs/nco-intel-19.1.3.304/install/intel/19.1.3.304/fftw-3.3.10-sefnta3/include:/apps/ops/test/spack-stack-1.6.0-nco/envs/nco-intel-19.1.3.304/install/intel/19.1.3.304/eckit-1.24.5-isrgc5y/include:/apps/ops/test/spack-stack-1.6.0-nco/envs/nco-intel-19.1.3.304/install/intel/19.1.3.304/openblas-0.3.24-7qwu32e/include:/apps/ops/test/spack-stack-1.6.0-nco/envs/nco-intel-19.1.3.304/install/intel/19.1.3.304/eigen-3.4.0-7qdffiv/include/eigen3:/apps/ops/test/spack-stack-1.6.0-nco/envs/nco-intel-19.1.3.304/install/intel/19.1.3.304/eigen-3.4.0-7qdffiv/include:/apps/ops/test/spack-stack-1.6.0-nco/envs/nco-intel-19.1.3.304/install/intel/19.1.3.304/openjpeg-2.5.0-ulqgnem/include:/apps/ops/test/spack-stack-1.6.0-nco/envs/nco-intel-19.1.3.304/install/intel/19.1.3.304/bufr-12.0.1-tirva7g/include:/apps/ops/test/spack-stack-1.6.0-nco/envs/nco-intel-19.1.3.304/install/intel/19.1.3.304/boost-1.83.0-nqtmt7k/include:/apps/ops/test/spack-stack-1.6.0-nco/envs/nco-intel-19.1.3.304/install/intel/19.1.3.304/parallelio-2.5.10-3rkk43u/include:/apps/ops/test/spack-stack-1.6.0-nco/envs/nco-intel-19.1.3.304/install/intel/19.1.3.304/gsl-2.7.1-kr3c4v5/include:/apps/ops/test/spack-stack-1.6.0-nco/envs/nco-intel-19.1.3.304/install/intel/19.1.3.304/antlr-2.7.7-hoqq24u/include:/apps/ops/test/spack-stack-1.6.0-nco/envs/nco-intel-19.1.3.304/install/intel/19.1.3.304/netcdf-fortran-4.6.1-b4geqvx/include:/apps/ops/test/spack-stack-1.6.0-nco/envs/nco-intel-19.1.3.304/install/intel/19.1.3.304/netcdf-c-4.9.2-bcln2jr/include:/apps/ops/test/spack-stack-1.6.0-nco/envs/nco-intel-19.1.3.304/install/intel/19.1.3.304/parallel-netcdf-1.12.2-77j7vnx/include:/apps/ops/test/spack-stack-1.6.0-nco/envs/nco-intel-19.1.3.304/install/intel/19.1.3.304/hdf5-1.14.0-yckaywr/include:/apps/ops/test/spack-stack-1.6.0-nco/envs/nco-intel-19.1.3.304/install/intel/19.1.3.304/zlib-1.2.13-yoc3h4p/include:/apps/ops/test/spack-stack-1.6.0-nco/envs/nco-intel-19.1.3.304/install/intel/19.1.3.304/curl-8.4.0-zr7lvkw/include:/apps/ops/test/spack-stack-1.6.0-nco/envs/nco-intel-19.1.3.304/install/intel/19.1.3.304/pcre2-10.42-utn3zxn/include:/apps/ops/test/spack-stack-1.6.0-nco/envs/nco-intel-19.1.3.304/install/intel/19.1.3.304/gettext-0.19.7-2fi4wu4/include:/apps/ops/test/spack-stack-1.6.0-nco/envs/nco-intel-19.1.3.304/install/intel/19.1.3.304/zstd-1.5.2-pe6gdyf/include:/apps/ops/test/spack-stack-1.6.0-nco/envs/nco-intel-19.1.3.304/install/intel/19.1.3.304/python-3.10.13-qzt4y2i/include:/apps/ops/test/spack-stack-1.6.0-nco/envs/nco-intel-19.1.3.304/install/intel/19.1.3.304/util-linux-uuid-2.38.1-jwatqmi/include:/apps/ops/test/spack-stack-1.6.0-nco/envs/nco-intel-19.1.3.304/install/intel/19.1.3.304/sqlite-3.43.2-onahail/include:/apps/ops/test/spack-stack-1.6.0-nco/envs/nco-intel-19.1.3.304/install/intel/19.1.3.304/libxcrypt-4.4.35-soueqga/include:/pe/intel/compilers_and_libraries_2020.4.304/linux/ipp/include:/pe/intel/compilers_and_libraries_2020.4.304/linux/mkl/include:/pe/intel/compilers_and_libraries_2020.4.304/linux/pstl/include:/pe/intel/compilers_and_libraries_2020.4.304/linux/pstl/stdlib:/pe/intel/compilers_and_libraries_2020.4.304/linux/tbb/include', 'PE_MPICH_FORTRAN_PKGCONFIG_LIBS': 'mpichf90', 'CDATE': datetime.datetime(2024, 11, 24, 18, 0), 'PBS_MOMPORT': 15003, 'libxcrypt_ROOT': '/apps/ops/test/spack-stack-1.6.0-nco/envs/nco-intel-19.1.3.304/install/intel/19.1.3.304/libxcrypt-4.4.35-soueqga', 'tar_ROOT': '/apps/ops/test/spack-stack-1.6.0-nco/envs/nco-intel-19.1.3.304/install/intel/19.1.3.304/tar-1.34-e7e3lq2', 'COM_ATMOS_GEMPAK_TMPL': '${ROTDIR}/${RUN}.${YMD}/${HH}/${MEMDIR}/products/atmos/gempak/${GRID}', 'DO_ANLSTAT': True, 'sqlite_ROOT': '/apps/ops/test/spack-stack-1.6.0-nco/envs/nco-intel-19.1.3.304/install/intel/19.1.3.304/sqlite-3.43.2-onahail', 'FTSFS': 10, 'ARCDIR': '/lfs/h2/emc/global/noscrub/emc.global/RETRO_GFSv17/archive/retrotestgfs10', 'FHOUT_ENKF': 1, 'pid': 1166202, 'SHELLOPTS': 'braceexpand:errexit:hashall:interactive-comments:nounset:xtrace', 'restart_interval_enkfgdas': 3, 'FCST_SEGMENTS': [0, 384], '__LMOD_REF_COUNT_INFOPATH': '/pe/intel/documentation_2020/en/debugger/gdb-ia/info:1;/apps/docs/info:1', 'CRAY_LMOD_CPU': 'x86-rome/1.0', 'DO_VERFOZN': True, 'F77': 'ftn', 'PE_MPICH_GTL_LIBS_nvidia80': '-lmpi_gtl_cuda', 'lobsdiag_forenkf': True, 'nco_ROOT': '/apps/ops/test/spack-stack-1.6.0-nco/envs/nco-intel-19.1.3.304/install/intel/19.1.3.304/nco-5.0.6-6ykwuoz', 'LMOD_FAMILY_CRAYPE_CPU_VERSION': False, 'GIT_SSH_COMMAND': 'ssh -F /u/emc.global/.ssh-mine/config -i /u/sshKeys/emc.global/id_rsa', 'BASH_ENV': '/usr/share/lmod/lmod/init/bash', 'LOGSCRIPT': '', 'COM_TOP_TMPL': '${ROTDIR}/${RUN}.${YMD}/${HH}', 'COM_OCEAN_NETCDF_TMPL': '${ROTDIR}/${RUN}.${YMD}/${HH}/${MEMDIR}/products/ocean/netcdf', 'XDG_DATA_DIRS': '/usr/share', 'assim_freq': 6, 'FHMAX_FITS': 132, '__LMOD_REF_COUNT_PE_MPICH_FORTRAN_PKGCONFIG_LIBS': 'mpichf90:1', 'DO_JEDISNOWDA': True, 'COMINsyn': '/lfs/h1/ops/prod/com/gfs/v16.3/syndat', 'CLUSTERS_SERVICE': '', 'NCDUMP': '/apps/ops/test/spack-stack-1.6.0-nco/envs/nco-intel-19.1.3.304/install/intel/19.1.3.304/netcdf-c-4.9.2-bcln2jr/bin/ncdump/bin/ncdump', 'FIXam': '/lfs/h2/emc/global/noscrub/emc.global/RETRO_GFSv17/git/global-workflow/develop_20250602/fix/am', 'ROTDIR': '/lfs/h2/emc/ptmp/emc.global/RETRO_GFSv17/comroot/retrotestgfs10', 'PDY': datetime.datetime(2024, 11, 24, 0, 0), 'PBS_ACCOUNT': 'GFS-DEV', 'bufr_ROOT': '/apps/ops/test/spack-stack-1.6.0-nco/envs/nco-intel-19.1.3.304/install/intel/19.1.3.304/bufr-12.0.1-tirva7g', 'DOBNDPNT_WAVE': True, 'INTEL_MINOR_VERSION': 3.304, 'LMOD_CUSTOM_CNCM_INTEL_19_0_OFI_1_0_X86_ROME_1_0_CRAY_MPICH_8_0_PREFIX': '/apps/prod/lmodules/INTEL_cray_mpich/19.1.3.304/cray-mpich/8.1.4:/apps/ops/prod/libs/modulefiles/mpi/intel/19.1.3.304/cray-mpich/8.1.4', 'REPLAY_ICS': False, 'APRUN_PING_PERIOD': 0, 'CRAY_LMOD_NET': 'ofi/1.0', 'DOIAU_ENKF': True, 'FHMAX_GOES': 180, 'QUEUE_DTN': 'dev_transfer', '__LMOD_REF_COUNT_PE_PKGCONFIG_PRODUCTS': 'PE_MPICH:1', 'PE_MPICH_MODULE_NAME': 'cray-mpich', 'NLSPATH': '/pe/intel/compilers_and_libraries_2020.4.304/linux/compiler/lib/intel64/locale/%l_%t/%N:/pe/intel/compilers_and_libraries_2020.4.304/linux/mkl/lib/intel64_lin/locale/%l_%t/%N:/pe/intel/debugger_2020/gdb/intel64/share/locale/%l_%t/%N', 'libxpm_ROOT': '/apps/ops/test/spack-stack-1.6.0-nco/envs/nco-intel-19.1.3.304/install/intel/19.1.3.304/libxpm-3.5.12-dcjsyoi', 'PBS_JOBCOOKIE': '4138997B0A3CD4DE3987A5A30B4DFCAB', 'LMOD_CUSTOM_COMPILER_INTEL_19_0_PREFIX': '/apps/prod/lmodules/intel/19.1.3.304:/apps/ops/prod/libs/modulefiles/compiler/intel/19.1.3.304:/apps/ops/prod/nco/modulefiles/compiler/intel/19.1.3.304', 'curl_ROOT': '/apps/ops/test/spack-stack-1.6.0-nco/envs/nco-intel-19.1.3.304/install/intel/19.1.3.304/curl-8.4.0-zr7lvkw', 'ACCOUNT': 'GFS-DEV', 'PBS_O_SHELL': '/bin/bash', 'ecmwf_atlas_ROOT': '/apps/ops/test/spack-stack-1.6.0-nco/envs/nco-intel-19.1.3.304/install/intel/19.1.3.304/ecmwf-atlas-0.35.0-42ufhdx', 'HOMEobsproc': '/lfs/h2/emc/global/save/emc.global/git/obsproc/v', '__LMOD_REF_COUNT_PE_MPICH_FIXED_PRGENV': 'INTEL:1', 'JEDI_CONFIG_YAML': '/lfs/h2/emc/global/noscrub/emc.global/RETRO_GFSv17/git/global-workflow/develop_20250602/parm/gdas/anlstat_jedi_config.yaml.j2', 'DO_BUFRSND': False, '__LMOD_REF_COUNT_LIBRARY_PATH': '/pe/intel/compilers_and_libraries_2020.4.304/linux/ipp/lib/intel64:1;/pe/intel/compilers_and_libraries_2020.4.304/linux/compiler/lib/intel64_lin:1;/pe/intel/compilers_and_libraries_2020.4.304/linux/mkl/lib/intel64_lin:1;/pe/intel/compilers_and_libraries_2020.4.304/linux/tbb/lib/intel64/gcc4.8:2', 'COMINukmet': '/lfs/h2/emc/global/noscrub/emc.global/data/external_gempak/ukmet', 'tasks_per_node': 20, 'FHOUT_ICE_GFS': 6, 'py_xarray_ROOT': '/apps/ops/test/spack-stack-1.6.0-nco/envs/nco-intel-19.1.3.304/install/intel/19.1.3.304/py-xarray-2023.7.0-jj7syqa', 'COM_CHEM_ANALYSIS_TMPL': '${ROTDIR}/${RUN}.${YMD}/${HH}/${MEMDIR}/analysis/chem', 'PNG_ROOT': '/apps/ops/test/spack-stack-1.6.0-nco/envs/nco-intel-19.1.3.304/install/intel/19.1.3.304/libpng-1.6.37-3sds4er', 'DO_JEDIATMVAR': False, 'DOIBP_WAV': False, 'fftw_ROOT': '/apps/ops/test/spack-stack-1.6.0-nco/envs/nco-intel-19.1.3.304/install/intel/19.1.3.304/fftw-3.3.10-sefnta3', 'py_markupsafe_ROOT': '/apps/ops/test/spack-stack-1.6.0-nco/envs/nco-intel-19.1.3.304/install/intel/19.1.3.304/py-markupsafe-2.1.3-45ywjnp', 'DOHYBVAR': True, 'PROFILEREAD': True, '_ModuleTable043_': 'LjEiLH0sWyJweS1wYW5kYXMiXT17WyJmbiJdPSIvYXBwcy9vcHMvdGVzdC9zcGFjay1zdGFjay0xLjYuMC1uY28vZW52cy9uY28taW50ZWwtMTkuMS4zLjMwNC9pbnN0YWxsL21vZHVsZWZpbGVzL2ludGVsLzE5LjEuMy4zMDQvcHktcGFuZGFzLzEuNS4zLmx1YSIsWyJmdWxsTmFtZSJdPSJweS1wYW5kYXMvMS41LjMiLFsibG9hZE9yZGVyIl09NzgscHJvcFQ9e30sWyJzdGFja0RlcHRoIl09MSxbInN0YXR1cyJdPSJhY3RpdmUiLFsidXNlck5hbWUiXT0icHktcGFuZGFzLzEuNS4zIix9LFsicHktcGlwIl09e1siZm4iXT0iL2FwcHMvb3BzL3Rlc3Qvc3BhY2stc3RhY2stMS42LjAtbmNvL2VudnMvbmNvLWludGVsLTE5LjEuMy4zMDQvaW5zdGFsbC9tb2R1bGVmaWxlcy9pbnRl', 'PDYp5': datetime.datetime(2024, 11, 29, 0, 0), 'TMPDIR': '/var/tmp/pbs.46051231.dbqs01', 'PDYp4': datetime.datetime(2024, 11, 28, 0, 0), 'LIBRARY_PATH': '/pe/intel/compilers_and_libraries_2020.4.304/linux/ipp/lib/intel64:/pe/intel/compilers_and_libraries_2020.4.304/linux/compiler/lib/intel64_lin:/pe/intel/compilers_and_libraries_2020.4.304/linux/mkl/lib/intel64_lin:/pe/intel/compilers_and_libraries_2020.4.304/linux/tbb/lib/intel64/gcc4.8', 'mpmd_opt': ['--cpu-bind verbose', 'core cfp'], 'DO_ATM': True, 'PDYp7': datetime.datetime(2024, 12, 1, 0, 0), 'PDYp6': datetime.datetime(2024, 11, 30, 0, 0), '_ModuleTable021_': 'a0RlcHRoIl09MSxbInN0YXR1cyJdPSJhY3RpdmUiLFsidXNlck5hbWUiXT0ibGlianBlZy8yLjEuMCIsfSxsaWJwbmc9e1siZm4iXT0iL2FwcHMvb3BzL3Rlc3Qvc3BhY2stc3RhY2stMS42LjAtbmNvL2VudnMvbmNvLWludGVsLTE5LjEuMy4zMDQvaW5zdGFsbC9tb2R1bGVmaWxlcy9pbnRlbC8xOS4xLjMuMzA0L2xpYnBuZy8xLjYuMzcubHVhIixbImZ1bGxOYW1lIl09ImxpYnBuZy8xLjYuMzciLFsibG9hZE9yZGVyIl09NTMscHJvcFQ9e30sWyJyZWZfY291bnQiXT0xLFsic3RhY2tEZXB0aCJdPTEsWyJzdGF0dXMiXT0iYWN0aXZlIixbInVzZXJOYW1lIl09ImxpYnBuZy8xLjYuMzciLH0sbGlieGF3PXtbImZuIl09Ii9hcHBzL29wcy90ZXN0L3NwYWNrLXN0YWNrLTEuNi4w', 'py_six_ROOT': '/apps/ops/test/spack-stack-1.6.0-nco/envs/nco-intel-19.1.3.304/install/intel/19.1.3.304/py-six-1.16.0-u4sv6sb', 'FHOUT_ENKF_GFS': 3, 'PDYp1': datetime.datetime(2024, 11, 25, 0, 0), 'DO_VERFRAD': True, 'PDYp3': datetime.datetime(2024, 11, 27, 0, 0), 'PDYp2': datetime.datetime(2024, 11, 26, 0, 0), '__LMOD_REF_COUNT_CMAKE_PREFIX_PATH': '/apps/ops/test/spack-stack-1.6.0-nco/envs/nco-intel-19.1.3.304/install/intel/19.1.3.304/py-packaging-23.1-2qpd5mc:2;/apps/ops/test/spack-stack-1.6.0-nco/envs/nco-intel-19.1.3.304/install/intel/19.1.3.304/py-cftime-1.0.3.4-dka7hny:2;/apps/ops/test/spack-stack-1.6.0-nco/envs/nco-intel-19.1.3.304/install/intel/19.1.3.304/py-numpy-1.24.4-yosem2k:2;/apps/ops/test/spack-stack-1.6.0-nco/envs/nco-intel-19.1.3.304/install/intel/19.1.3.304/py-markupsafe-2.1.3-45ywjnp:2;/apps/ops/test/spack-stack-1.6.0-nco/envs/nco-intel-19.1.3.304/install/intel/19.1.3.304/py-pandas-1.5.3-u3wc7uc:2;/apps/ops/test/spack-stack-1.6.0-nco/envs/nco-intel-19.1.3.304/install/intel/19.1.3.304/py-pytz-2023.3-yebggst:2;/apps/ops/test/spack-stack-1.6.0-nco/envs/nco-intel-19.1.3.304/install/intel/19.1.3.304/py-python-dateutil-2.8.2-mes6fwe:2;/apps/ops/test/spack-stack-1.6.0-nco/envs/nco-intel-19.1.3.304/install/intel/19.1.3.304/py-six-1.16.0-u4sv6sb:2;/apps/ops/test/spack-stack-1.6.0-nco/envs/nco-intel-19.1.3.304/install/intel/19.1.3.304/py-numexpr-2.8.4-2rtg4mi:2;/apps/ops/test/spack-stack-1.6.0-nco/envs/nco-intel-19.1.3.304/install/intel/19.1.3.304/py-bottleneck-1.3.7-oolvw5k:2;/apps/ops/test/spack-stack-1.6.0-nco/envs/nco-intel-19.1.3.304/install/intel/19.1.3.304/py-pip-23.1.2-ohrscnx:2;/apps/ops/test/spack-stack-1.6.0-nco/envs/nco-intel-19.1.3.304/install/intel/19.1.3.304/py-f90nml-1.4.3-rizmifn:2;/apps/ops/test/spack-stack-1.6.0-nco/envs/nco-intel-19.1.3.304/install/intel/19.1.3.304/py-xarray-2023.7.0-jj7syqa:2;/apps/ops/test/spack-stack-1.6.0-nco/envs/nco-intel-19.1.3.304/install/intel/19.1.3.304/py-scipy-1.10.1-236sa7x:2;/apps/ops/test/spack-stack-1.6.0-nco/envs/nco-intel-19.1.3.304/install/intel/19.1.3.304/py-pyyaml-5.4.1-afvmuaf:2;/apps/ops/test/spack-stack-1.6.0-nco/envs/nco-intel-19.1.3.304/install/intel/19.1.3.304/libyaml-0.2.5-ygjrdvo:2;/apps/ops/test/spack-stack-1.6.0-nco/envs/nco-intel-19.1.3.304/install/intel/19.1.3.304/py-pycodestyle-2.11.0-bh2jlm5:2;/apps/ops/test/spack-stack-1.6.0-nco/envs/nco-intel-19.1.3.304/install/intel/19.1.3.304/py-pybind11-2.11.1-wdb6paz:2;/apps/ops/test/spack-stack-1.6.0-nco/envs/nco-intel-19.1.3.304/install/intel/19.1.3.304/py-netcdf4-1.5.8-6kubnk6:2;/apps/ops/test/spack-stack-1.6.0-nco/envs/nco-intel-19.1.3.304/install/intel/19.1.3.304/py-jinja2-3.1.2-vbbttij:2;/apps/ops/test/spack-stack-1.6.0-nco/envs/nco-intel-19.1.3.304/install/intel/19.1.3.304/py-setuptools-63.4.3-rg7efar:2;/apps/ops/test/spack-stack-1.6.0-nco/envs/nco-intel-19.1.3.304/install/intel/19.1.3.304/netcdf-cxx4-4.3.1-lp7tiyf:2;/apps/ops/test/spack-stack-1.6.0-nco/envs/nco-intel-19.1.3.304/install/intel/19.1.3.304/ncview-2.1.9-rv4j23b:2;/apps/ops/test/spack-stack-1.6.0-nco/envs/nco-intel-19.1.3.304/install/intel/19.1.3.304/udunits-2.2.28-wmjzel4:2;/apps/ops/test/spack-stack-1.6.0-nco/envs/nco-intel-19.1.3.304/install/intel/19.1.3.304/libxaw-1.0.13-gdstphl:2;/apps/ops/test/spack-stack-1.6.0-nco/envs/nco-intel-19.1.3.304/install/intel/19.1.3.304/libxpm-3.5.12-dcjsyoi:2;/apps/ops/test/spack-stack-1.6.0-nco/envs/nco-intel-19.1.3.304/install/intel/19.1.3.304/libxmu-1.1.4-xhe6hjc:2;/apps/ops/test/spack-stack-1.6.0-nco/envs/nco-intel-19.1.3.304/install/intel/19.1.3.304/libxt-1.1.5-r2mrglu:2;/apps/ops/test/spack-stack-1.6.0-nco/envs/nco-intel-19.1.3.304/install/intel/19.1.3.304/libpng-1.6.37-3sds4er:2;/apps/ops/test/spack-stack-1.6.0-nco/envs/nco-intel-19.1.3.304/install/intel/19.1.3.304/libjpeg-turbo-2.1.0-rt44pqr:2;/apps/ops/test/spack-stack-1.6.0-nco/envs/nco-intel-19.1.3.304/install/intel/19.1.3.304/gsl-lite-0.37.0-7zi7wss:2;/apps/ops/test/spack-stack-1.6.0-nco/envs/nco-intel-19.1.3.304/install/intel/19.1.3.304/sp-2.5.0-rhcyr64:2;/apps/ops/test/spack-stack-1.6.0-nco/envs/nco-intel-19.1.3.304/install/intel/19.1.3.304/ecmwf-atlas-0.35.0-42ufhdx:2;/apps/ops/test/spack-stack-1.6.0-nco/envs/nco-intel-19.1.3.304/install/intel/19.1.3.304/qhull-2020.2-5ycwudw:2;/apps/ops/test/spack-stack-1.6.0-nco/envs/nco-intel-19.1.3.304/install/intel/19.1.3.304/esmf-8.5.0-7huplmy:2;/apps/ops/test/spack-stack-1.6.0-nco/envs/nco-intel-19.1.3.304/install/intel/19.1.3.304/fms-2023.04-utbqnz3:2;/apps/ops/test/spack-stack-1.6.0-nco/envs/nco-intel-19.1.3.304/install/intel/19.1.3.304/fckit-0.11.0-7qg4hhj:2;/apps/ops/test/spack-stack-1.6.0-nco/envs/nco-intel-19.1.3.304/install/intel/19.1.3.304/fftw-3.3.10-sefnta3:2;/apps/ops/test/spack-stack-1.6.0-nco/envs/nco-intel-19.1.3.304/install/intel/19.1.3.304/eckit-1.24.5-isrgc5y:2;/apps/ops/test/spack-stack-1.6.0-nco/envs/nco-intel-19.1.3.304/install/intel/19.1.3.304/openblas-0.3.24-7qwu32e:2;/apps/ops/test/spack-stack-1.6.0-nco/envs/nco-intel-19.1.3.304/install/intel/19.1.3.304/eigen-3.4.0-7qdffiv:2;/apps/ops/test/spack-stack-1.6.0-nco/envs/nco-intel-19.1.3.304/install/intel/19.1.3.304/openjpeg-2.5.0-ulqgnem:2;/apps/ops/test/spack-stack-1.6.0-nco/envs/nco-intel-19.1.3.304/install/intel/19.1.3.304/ecbuild-3.7.2-ovbazu2:2;/apps/ops/test/spack-stack-1.6.0-nco/envs/nco-intel-19.1.3.304/install/intel/19.1.3.304/bufr-12.0.1-tirva7g:2;/apps/ops/test/spack-stack-1.6.0-nco/envs/nco-intel-19.1.3.304/install/intel/19.1.3.304/boost-1.83.0-nqtmt7k:2;/apps/ops/test/spack-stack-1.6.0-nco/envs/nco-intel-19.1.3.304/install/intel/19.1.3.304/parallelio-2.5.10-3rkk43u:2;/apps/ops/test/spack-stack-1.6.0-nco/envs/nco-intel-19.1.3.304/install/intel/19.1.3.304/nco-5.0.6-6ykwuoz:2;/apps/ops/test/spack-stack-1.6.0-nco/envs/nco-intel-19.1.3.304/install/intel/19.1.3.304/gsl-2.7.1-kr3c4v5:2;/apps/ops/test/spack-stack-1.6.0-nco/envs/nco-intel-19.1.3.304/install/intel/19.1.3.304/antlr-2.7.7-hoqq24u:2;/apps/ops/test/spack-stack-1.6.0-nco/envs/nco-intel-19.1.3.304/install/intel/19.1.3.304/netcdf-fortran-4.6.1-b4geqvx:2;/apps/ops/test/spack-stack-1.6.0-nco/envs/nco-intel-19.1.3.304/install/intel/19.1.3.304/nccmp-1.9.0.1-dnptqlr:2;/apps/ops/test/spack-stack-1.6.0-nco/envs/nco-intel-19.1.3.304/install/intel/19.1.3.304/netcdf-c-4.9.2-bcln2jr:2;/apps/ops/test/spack-stack-1.6.0-nco/envs/nco-intel-19.1.3.304/install/intel/19.1.3.304/parallel-netcdf-1.12.2-77j7vnx:2;/apps/ops/test/spack-stack-1.6.0-nco/envs/nco-intel-19.1.3.304/install/intel/19.1.3.304/hdf5-1.14.0-yckaywr:2;/apps/spack/git-lfs/2.11.0/gcc/11.2.0/m6b6nl5kfqngfteqbggydc7kflxere3s:1;/apps/ops/test/spack-stack-1.6.0-nco/envs/nco-intel-19.1.3.304/install/intel/19.1.3.304/zlib-1.2.13-yoc3h4p:2;/apps/ops/test/spack-stack-1.6.0-nco/envs/nco-intel-19.1.3.304/install/intel/19.1.3.304/curl-8.4.0-zr7lvkw:2;/apps/ops/test/spack-stack-1.6.0-nco/envs/nco-intel-19.1.3.304/install/intel/19.1.3.304/pcre2-10.42-utn3zxn:2;/apps/ops/test/spack-stack-1.6.0-nco/envs/nco-intel-19.1.3.304/install/intel/19.1.3.304/gettext-0.19.7-2fi4wu4:2;/apps/ops/test/spack-stack-1.6.0-nco/envs/nco-intel-19.1.3.304/install/intel/19.1.3.304/tar-1.34-e7e3lq2:2;/apps/ops/test/spack-stack-1.6.0-nco/envs/nco-intel-19.1.3.304/install/intel/19.1.3.304/zstd-1.5.2-pe6gdyf:2;/apps/ops/test/spack-stack-1.6.0-nco/envs/nco-intel-19.1.3.304/install/intel/19.1.3.304/pigz-2.7-p2s5ywz:2;/apps/ops/test/spack-stack-1.6.0-nco/envs/nco-intel-19.1.3.304/install/intel/19.1.3.304/cmake-3.23.1-chpcsen:2;/apps/ops/test/spack-stack-1.6.0-nco/envs/nco-intel-19.1.3.304/install/intel/19.1.3.304/python-3.10.13-qzt4y2i:2;/apps/ops/test/spack-stack-1.6.0-nco/envs/nco-intel-19.1.3.304/install/intel/19.1.3.304/util-linux-uuid-2.38.1-jwatqmi:2;/apps/ops/test/spack-stack-1.6.0-nco/envs/nco-intel-19.1.3.304/install/intel/19.1.3.304/sqlite-3.43.2-onahail:2;/apps/ops/test/spack-stack-1.6.0-nco/envs/nco-intel-19.1.3.304/install/intel/19.1.3.304/libxcrypt-4.4.35-soueqga:2', 'MPIEXEC_NPROC': '-n', 'py_jinja2_ROOT': '/apps/ops/test/spack-stack-1.6.0-nco/envs/nco-intel-19.1.3.304/install/intel/19.1.3.304/py-jinja2-3.1.2-vbbttij', 'LMOD_sys': 'Linux', 'LMOD_FAMILY_METAMPI_VERSION': '8.1.9', 'COM_WAVE_GRID_RES_TMPL': '${ROTDIR}/${RUN}.${YMD}/${HH}/${MEMDIR}/products/wave/gridded/${GRDRESNAME}', 'PE_PKGCONFIG_LIBS': 'mpich', '_ModuleTable010_': 'InN0YWNrRGVwdGgiXT0xLFsic3RhdHVzIl09ImFjdGl2ZSIsWyJ1c2VyTmFtZSJdPSJjdXJsLzguNC4wIix9LGVjYnVpbGQ9e1siZm4iXT0iL2FwcHMvb3BzL3Rlc3Qvc3BhY2stc3RhY2stMS42LjAtbmNvL2VudnMvbmNvLWludGVsLTE5LjEuMy4zMDQvaW5zdGFsbC9tb2R1bGVmaWxlcy9pbnRlbC8xOS4xLjMuMzA0L2VjYnVpbGQvMy43LjIubHVhIixbImZ1bGxOYW1lIl09ImVjYnVpbGQvMy43LjIiLFsibG9hZE9yZGVyIl09MzkscHJvcFQ9e30sWyJzdGFja0RlcHRoIl09MSxbInN0YXR1cyJdPSJhY3RpdmUiLFsidXNlck5hbWUiXT0iZWNidWlsZC8zLjcuMiIsfSxlY2tpdD17WyJmbiJdPSIvYXBwcy9vcHMvdGVzdC9zcGFjay1zdGFjay0xLjYuMC1uY28vZW52cy9uY28t', '_ModuleTable033_': 'cHMvb3BzL3Rlc3Qvc3BhY2stc3RhY2stMS42LjAtbmNvL2VudnMvbmNvLWludGVsLTE5LjEuMy4zMDQvaW5zdGFsbC9tb2R1bGVmaWxlcy9jcmF5LW1waWNoLzguMS45L2ludGVsLzE5LjEuMy4zMDQvcGFyYWxsZWxpby8yLjUuMTAubHVhIixbImZ1bGxOYW1lIl09InBhcmFsbGVsaW8vMi41LjEwIixbImxvYWRPcmRlciJdPTM2LHByb3BUPXt9LFsicmVmX2NvdW50Il09MSxbInN0YWNrRGVwdGgiXT0xLFsic3RhdHVzIl09ImFjdGl2ZSIsWyJ1c2VyTmFtZSJdPSJwYXJhbGxlbGlvLzIuNS4xMCIsfSxwY3JlMj17WyJmbiJdPSIvYXBwcy9vcHMvdGVzdC9zcGFjay1zdGFjay0xLjYuMC1uY28vZW52cy9uY28taW50ZWwtMTkuMS4zLjMwNC9pbnN0YWxsL21vZHVsZWZpbGVzL2lu', 'HPSS_PROJECT': 'emc-global', 'BASE_DATA': '/lfs/h2/emc/global/noscrub/emc.global/data', 'COMLISTROOT': '/lfs/h1/ops/prod/config', 'IAU_DELTHRS': 6, '_ModuleTable060_': 'L21vZHVsZWZpbGVzL2NyYXktbXBpY2gvOC4xLjkvaW50ZWwvMTkuMS4zLjMwNCIsIi9hcHBzL29wcy9wcm9kL2xpYnMvbW9kdWxlZmlsZXMvbXBpL2ludGVsLzE5LjEuMy4zMDQvY3JheS1tcGljaC84LjEuNCIsIi9hcHBzL3Byb2QvbG1vZHVsZXMvSU5URUxfY3JheV9tcGljaC8xOS4xLjMuMzA0L2NyYXktbXBpY2gvOC4xLjQiLCIvb3B0L2NyYXkvcGUvbG1vZC9tb2R1bGVmaWxlcy9tcGkvaW50ZWwvMTkuMC9vZmkvMS4wL2NyYXktbXBpY2gvOC4wIiwiL29wdC9jcmF5L3BlL2xtb2QvbW9kdWxlZmlsZXMvY29tbmV0L2ludGVsLzE5LjAvb2ZpLzEuMCIsIi9vcHQvY3JheS9wZS9sbW9kL21vZHVsZWZpbGVzL25ldC9vZmkvMS4wIiwiL2FwcHMvb3BzL3Rlc3Qvc3BhY2stc3Rh', '_ModuleTable001_': 'X01vZHVsZVRhYmxlXz17WyJNVHZlcnNpb24iXT0zLFsiY19yZWJ1aWxkVGltZSJdPWZhbHNlLFsiY19zaG9ydFRpbWUiXT1mYWxzZSxkZXB0aFQ9e30sZmFtaWx5PXtbIk1ldGFDb21waWxlciJdPSJzdGFjay1pbnRlbCIsWyJNZXRhTVBJIl09InN0YWNrLWNyYXktbXBpY2giLFsiTWV0YVB5dGhvbiJdPSJzdGFjay1weXRob24iLFsiUHJnRW52Il09IlByZ0Vudi1pbnRlbCIsWyJjb21waWxlciJdPSJpbnRlbCIsWyJjcmF5cGUiXT0iY3JheXBlIixbImNyYXlwZV9jcHUiXT0iY3JheXBlLXg4Ni1yb21lIixbImNyYXlwZV9uZXR3b3JrIl09ImNyYXlwZS1uZXR3b3JrLW9maSIsWyJtcGkiXT0iY3JheS1tcGljaCIsfSxtVD17R0RBUz17WyJmbiJdPSIvbGZzL2gyL2VtYy9nbG9i', 'YAML_DIR': '/apps/ops/test/spack-stack-1.6.0-nco/envs/nco-intel-19.1.3.304/install/intel/19.1.3.304/libyaml-0.2.5-ygjrdvo', 'restart_interval_enkfgfs': 3, 'REDERR': '2>', 'py_numpy_ROOT': '/apps/ops/test/spack-stack-1.6.0-nco/envs/nco-intel-19.1.3.304/install/intel/19.1.3.304/py-numpy-1.24.4-yosem2k', 'DO_PREP_SFC': False, 'COM_OCEAN_ANALYSIS_TMPL': '${ROTDIR}/${RUN}.${YMD}/${HH}/${MEMDIR}/analysis/ocean', 'LOADEDMODULES': 'craype-x86-rome:envvar/1.0:PrgEnv-intel/8.3.3:intel/19.1.3.304:stack-intel/19.1.3.304:libfabric/1.20.1:craype-network-ofi:cray-mpich/8.1.9:stack-cray-mpich/8.1.9:libxcrypt/4.4.35:sqlite/3.43.2:util-linux-uuid/2.38.1:python/3.10.13:stack-python/3.10.13:craype/2.7.17:cray-pals/1.3.2:cmake/3.23.1:pigz/2.7:zstd/1.5.2:tar/1.34:gettext/0.19.7:pcre2/10.42:curl/8.4.0:zlib/1.2.13:git/2.35.3:git-lfs/2.11.0:pkg-config/0.29.2:hdf5/1.14.0:parallel-netcdf/1.12.2:netcdf-c/4.9.2:nccmp/1.9.0.1:netcdf-fortran/4.6.1:antlr/2.7.7:gsl/2.7.1:nco/5.0.6:parallelio/2.5.10:boost/1.83.0:bufr/12.0.1:ecbuild/3.7.2:openjpeg/2.5.0:eigen/3.4.0:openblas/0.3.24:eckit/1.24.5:fftw/3.3.10:fckit/0.11.0:fms/2023.04:esmf/8.5.0:qhull/2020.2:atlas/0.35.0:sp/2.5.0:gsl-lite/0.37.0:libjpeg/2.1.0:libpng/1.6.37:libxt/1.1.5:libxmu/1.1.4:libxpm/3.5.12:libxaw/1.0.13:udunits/2.2.28:ncview/2.1.9:netcdf-cxx4/4.3.1:prod_util/2.0.14:py-setuptools/63.4.3:py-jinja2/3.1.2:py-netcdf4/1.5.8:py-pybind11/2.11.1:py-pycodestyle/2.11.0:libyaml/0.2.5:py-pyyaml/5.4.1:py-scipy/1.10.1:py-xarray/2023.7.0:py-f90nml/1.4.3:py-pip/23.1.2:py-bottleneck/1.3.7:py-numexpr/2.8.4:py-six/1.16.0:py-python-dateutil/2.8.2:py-pytz/2023.3:py-pandas/1.5.3:py-markupsafe/2.1.3:py-numpy/1.24.4:py-cftime/1.0.3.4:py-packaging/23.1:GDAS/wcoss2.intel', '_ModuleTable048_': 'ZXIiXT02OCxwcm9wVD17fSxbInN0YWNrRGVwdGgiXT0xLFsic3RhdHVzIl09ImFjdGl2ZSIsWyJ1c2VyTmFtZSJdPSJweS1weXlhbWwvNS40LjEiLH0sWyJweS1zY2lweSJdPXtbImZuIl09Ii9hcHBzL29wcy90ZXN0L3NwYWNrLXN0YWNrLTEuNi4wLW5jby9lbnZzL25jby1pbnRlbC0xOS4xLjMuMzA0L2luc3RhbGwvbW9kdWxlZmlsZXMvaW50ZWwvMTkuMS4zLjMwNC9weS1zY2lweS8xLjEwLjEubHVhIixbImZ1bGxOYW1lIl09InB5LXNjaXB5LzEuMTAuMSIsWyJsb2FkT3JkZXIiXT02OSxwcm9wVD17fSxbInN0YWNrRGVwdGgiXT0xLFsic3RhdHVzIl09ImFjdGl2ZSIsWyJ1c2VyTmFtZSJdPSJweS1zY2lweS8xLjEwLjEiLH0sWyJweS1zZXR1cHRvb2xzIl09e1siZm4iXT0i', 'py_pyyaml_ROOT': '/apps/ops/test/spack-stack-1.6.0-nco/envs/nco-intel-19.1.3.304/install/intel/19.1.3.304/py-pyyaml-5.4.1-afvmuaf', 'FHCYC': 1, 'COM_ATMOS_HISTORY_TMPL': '${ROTDIR}/${RUN}.${YMD}/${HH}/${MEMDIR}/model/atmos/history', 'COM_OCEAN_BMATRIX_TMPL': '${ROTDIR}/${RUN}.${YMD}/${HH}/${MEMDIR}/bmatrix/ocean', 'LMOD_AVAIL_STYLE': 'en_grouped:system', 'ICERES': 25, 'JCB_BASE_YAML': '/lfs/h2/emc/global/noscrub/emc.global/RETRO_GFSv17/git/global-workflow/develop_20250602/parm/gdas/stat/aero/jcb-base.yaml.j2', '_ModuleTable058_': 'LFsiZnVsbE5hbWUiXT0idXRpbC1saW51eC11dWlkLzIuMzguMSIsWyJsb2FkT3JkZXIiXT0xMixwcm9wVD17fSxbInJlZl9jb3VudCJdPTEsWyJzdGFja0RlcHRoIl09MyxbInN0YXR1cyJdPSJhY3RpdmUiLFsidXNlck5hbWUiXT0idXRpbC1saW51eC11dWlkLzIuMzguMSIsfSx6bGliPXtbImZuIl09Ii9hcHBzL29wcy90ZXN0L3NwYWNrLXN0YWNrLTEuNi4wLW5jby9lbnZzL25jby1pbnRlbC0xOS4xLjMuMzA0L2luc3RhbGwvbW9kdWxlZmlsZXMvaW50ZWwvMTkuMS4zLjMwNC96bGliLzEuMi4xMy5sdWEiLFsiZnVsbE5hbWUiXT0iemxpYi8xLjIuMTMiLFsibG9hZE9yZGVyIl09MjQscHJvcFQ9e30sWyJyZWZfY291bnQiXT0zLFsic3RhY2tEZXB0aCJdPTEsWyJzdGF0dXMi', 'CRAYPE_NETWORK_TARGET': 'ofi', 'FC': 'ftn', 'DO_METP': True, 'OFFSET_START_HOUR': 0, 'COM_ATMOS_GOES_TMPL': '${ROTDIR}/${RUN}.${YMD}/${HH}/${MEMDIR}/products/atmos/goes_sim', '__LMOD_REF_COUNT_ACLOCAL_PATH': '/apps/ops/test/spack-stack-1.6.0-nco/envs/nco-intel-19.1.3.304/install/intel/19.1.3.304/gsl-2.7.1-kr3c4v5/share/aclocal:2;/usr/share/aclocal:4;/apps/ops/test/spack-stack-1.6.0-nco/envs/nco-intel-19.1.3.304/install/intel/19.1.3.304/curl-8.4.0-zr7lvkw/share/aclocal:2;/apps/ops/test/spack-stack-1.6.0-nco/envs/nco-intel-19.1.3.304/install/intel/19.1.3.304/gettext-0.19.7-2fi4wu4/share/aclocal:2;/apps/ops/test/spack-stack-1.6.0-nco/envs/nco-intel-19.1.3.304/install/intel/19.1.3.304/cmake-3.23.1-chpcsen/share/aclocal:2', 'FHOUT_AERO': 3, 'SENDDBN': False, '__LMOD_REF_COUNT_MANPATH': '/apps/ops/test/spack-stack-1.6.0-nco/envs/nco-intel-19.1.3.304/install/intel/19.1.3.304/libxaw-1.0.13-gdstphl/share/man:2;/apps/ops/test/spack-stack-1.6.0-nco/envs/nco-intel-19.1.3.304/install/intel/19.1.3.304/libxpm-3.5.12-dcjsyoi/share/man:2;/apps/ops/test/spack-stack-1.6.0-nco/envs/nco-intel-19.1.3.304/install/intel/19.1.3.304/libxt-1.1.5-r2mrglu/share/man:2;/apps/ops/test/spack-stack-1.6.0-nco/envs/nco-intel-19.1.3.304/install/intel/19.1.3.304/libpng-1.6.37-3sds4er/share/man:2;/apps/ops/test/spack-stack-1.6.0-nco/envs/nco-intel-19.1.3.304/install/intel/19.1.3.304/libjpeg-turbo-2.1.0-rt44pqr/share/man:2;/apps/ops/test/spack-stack-1.6.0-nco/envs/nco-intel-19.1.3.304/install/intel/19.1.3.304/qhull-2020.2-5ycwudw/share/man:2;/apps/ops/test/spack-stack-1.6.0-nco/envs/nco-intel-19.1.3.304/install/intel/19.1.3.304/fftw-3.3.10-sefnta3/share/man:2;/apps/ops/test/spack-stack-1.6.0-nco/envs/nco-intel-19.1.3.304/install/intel/19.1.3.304/nco-5.0.6-6ykwuoz/share/man:2;/apps/ops/test/spack-stack-1.6.0-nco/envs/nco-intel-19.1.3.304/install/intel/19.1.3.304/gsl-2.7.1-kr3c4v5/share/man:2;/apps/ops/test/spack-stack-1.6.0-nco/envs/nco-intel-19.1.3.304/install/intel/19.1.3.304/netcdf-fortran-4.6.1-b4geqvx/share/man:2;/apps/ops/test/spack-stack-1.6.0-nco/envs/nco-intel-19.1.3.304/install/intel/19.1.3.304/netcdf-c-4.9.2-bcln2jr/share/man:2;/apps/ops/test/spack-stack-1.6.0-nco/envs/nco-intel-19.1.3.304/install/intel/19.1.3.304/parallel-netcdf-1.12.2-77j7vnx/share/man:2;/usr/share/man:5;/apps/ops/test/spack-stack-1.6.0-nco/envs/nco-intel-19.1.3.304/install/intel/19.1.3.304/zlib-1.2.13-yoc3h4p/share/man:2;/apps/ops/test/spack-stack-1.6.0-nco/envs/nco-intel-19.1.3.304/install/intel/19.1.3.304/curl-8.4.0-zr7lvkw/share/man:2;/apps/ops/test/spack-stack-1.6.0-nco/envs/nco-intel-19.1.3.304/install/intel/19.1.3.304/pcre2-10.42-utn3zxn/share/man:2;/apps/ops/test/spack-stack-1.6.0-nco/envs/nco-intel-19.1.3.304/install/intel/19.1.3.304/gettext-0.19.7-2fi4wu4/share/man:2;/apps/ops/test/spack-stack-1.6.0-nco/envs/nco-intel-19.1.3.304/install/intel/19.1.3.304/tar-1.34-e7e3lq2/share/man:2;/apps/ops/test/spack-stack-1.6.0-nco/envs/nco-intel-19.1.3.304/install/intel/19.1.3.304/zstd-1.5.2-pe6gdyf/share/man:2;/apps/ops/test/spack-stack-1.6.0-nco/envs/nco-intel-19.1.3.304/install/intel/19.1.3.304/pigz-2.7-p2s5ywz/man:2;/opt/cray/pals/1.3.2/man:1;/opt/cray/pe/craype/2.7.17/man:1;/apps/ops/test/spack-stack-1.6.0-nco/envs/nco-intel-19.1.3.304/install/intel/19.1.3.304/python-3.10.13-qzt4y2i/share/man:2;/apps/ops/test/spack-stack-1.6.0-nco/envs/nco-intel-19.1.3.304/install/intel/19.1.3.304/util-linux-uuid-2.38.1-jwatqmi/share/man:2;/apps/ops/test/spack-stack-1.6.0-nco/envs/nco-intel-19.1.3.304/install/intel/19.1.3.304/sqlite-3.43.2-onahail/share/man:2;/apps/ops/test/spack-stack-1.6.0-nco/envs/nco-intel-19.1.3.304/install/intel/19.1.3.304/libxcrypt-4.4.35-soueqga/share/man:2;/opt/cray/pe/mpich/8.1.9/ofi/man:1;/opt/cray/pe/mpich/8.1.9/man/mpich:1;/opt/cray/share/man:1;/pe/intel/man/common:1;/pe/intel/compilers_and_libraries_2020.4.304/linux/mpi/man:1;/pe/intel/documentation_2020/en/debugger/gdb-ia/man:1;/usr/share/lmod/lmod/share/man:1;/opt/c3/man:1;/opt/pbs/share/man:1', '_ModuleTable006_': 'YXBwcy9vcHMvdGVzdC9zcGFjay1zdGFjay0xLjYuMC1uY28vZW52cy9uY28taW50ZWwtMTkuMS4zLjMwNC9pbnN0YWxsL21vZHVsZWZpbGVzL2ludGVsLzE5LjEuMy4zMDQvY21ha2UvMy4yMy4xLmx1YSIsWyJmdWxsTmFtZSJdPSJjbWFrZS8zLjIzLjEiLFsibG9hZE9yZGVyIl09MTcscHJvcFQ9e30sWyJyZWZfY291bnQiXT0xLFsic3RhY2tEZXB0aCJdPTEsWyJzdGF0dXMiXT0iYWN0aXZlIixbInVzZXJOYW1lIl09ImNtYWtlLzMuMjMuMSIsfSxbImNyYXktbXBpY2giXT17WyJmbiJdPSIvb3B0L2NyYXkvcGUvbG1vZC9tb2R1bGVmaWxlcy9jb21uZXQvaW50ZWwvMTkuMC9vZmkvMS4wL2NyYXktbXBpY2gvOC4xLjkubHVhIixbImZ1bGxOYW1lIl09ImNyYXktbXBpY2gvOC4x', '_ModuleTable003_': 'VD17fSxbInN0YWNrRGVwdGgiXT0yLFsic3RhdHVzIl09ImFjdGl2ZSIsWyJ1c2VyTmFtZSJdPSJQcmdFbnYtaW50ZWwvOC4zLjMiLH0sYW50bHI9e1siZm4iXT0iL2FwcHMvb3BzL3Rlc3Qvc3BhY2stc3RhY2stMS42LjAtbmNvL2VudnMvbmNvLWludGVsLTE5LjEuMy4zMDQvaW5zdGFsbC9tb2R1bGVmaWxlcy9pbnRlbC8xOS4xLjMuMzA0L2FudGxyLzIuNy43Lmx1YSIsWyJmdWxsTmFtZSJdPSJhbnRsci8yLjcuNyIsWyJsb2FkT3JkZXIiXT0zMyxwcm9wVD17fSxbInJlZl9jb3VudCJdPTEsWyJzdGFja0RlcHRoIl09MixbInN0YXR1cyJdPSJhY3RpdmUiLFsidXNlck5hbWUiXT0iYW50bHIvMi43LjciLH0sYXRsYXM9e1siZm4iXT0iL2FwcHMvb3BzL3Rlc3Qvc3BhY2stc3Rh', 'HDF5_DIR': '/apps/ops/test/spack-stack-1.6.0-nco/envs/nco-intel-19.1.3.304/install/intel/19.1.3.304/hdf5-1.14.0-yckaywr', 'INTEL_LICENSE_FILE': '/pe/intel/compilers_and_libraries_2020.4.304/linux/licenses:/opt/intel/licenses:/intel/licenses', 'MPICC': 'mpicc', 'machine': 'WCOSS2', 'LMOD_ROOT': '/usr/share/lmod', 'DO_GOES': False, '_ModuleTable040_': 'Mi4xLjMiLH0sWyJweS1uZXRjZGY0Il09e1siZm4iXT0iL2FwcHMvb3BzL3Rlc3Qvc3BhY2stc3RhY2stMS42LjAtbmNvL2VudnMvbmNvLWludGVsLTE5LjEuMy4zMDQvaW5zdGFsbC9tb2R1bGVmaWxlcy9jcmF5LW1waWNoLzguMS45L2ludGVsLzE5LjEuMy4zMDQvcHktbmV0Y2RmNC8xLjUuOC5sdWEiLFsiZnVsbE5hbWUiXT0icHktbmV0Y2RmNC8xLjUuOCIsWyJsb2FkT3JkZXIiXT02NCxwcm9wVD17fSxbInN0YWNrRGVwdGgiXT0xLFsic3RhdHVzIl09ImFjdGl2ZSIsWyJ1c2VyTmFtZSJdPSJweS1uZXRjZGY0LzEuNS44Iix9LFsicHktbnVtZXhwciJdPXtbImZuIl09Ii9hcHBzL29wcy90ZXN0L3NwYWNrLXN0YWNrLTEuNi4wLW5jby9lbnZzL25jby1pbnRlbC0xOS4xLjMu', 'COM_ATMOS_MINMON_TMPL': '${ROTDIR}/${RUN}.${YMD}/${HH}/${MEMDIR}/products/atmos/minmon', 'CLUSTERS': '', '_ModuleTable022_': 'LW5jby9lbnZzL25jby1pbnRlbC0xOS4xLjMuMzA0L2luc3RhbGwvbW9kdWxlZmlsZXMvaW50ZWwvMTkuMS4zLjMwNC9saWJ4YXcvMS4wLjEzLmx1YSIsWyJmdWxsTmFtZSJdPSJsaWJ4YXcvMS4wLjEzIixbImxvYWRPcmRlciJdPTU3LHByb3BUPXt9LFsicmVmX2NvdW50Il09MSxbInN0YWNrRGVwdGgiXT0xLFsic3RhdHVzIl09ImFjdGl2ZSIsWyJ1c2VyTmFtZSJdPSJsaWJ4YXcvMS4wLjEzIix9LGxpYnhjcnlwdD17WyJmbiJdPSIvYXBwcy9vcHMvdGVzdC9zcGFjay1zdGFjay0xLjYuMC1uY28vZW52cy9uY28taW50ZWwtMTkuMS4zLjMwNC9pbnN0YWxsL21vZHVsZWZpbGVzL2ludGVsLzE5LjEuMy4zMDQvbGlieGNyeXB0LzQuNC4zNS5sdWEiLFsiZnVsbE5hbWUiXT0ibGli', '_ModuleTable050_': 'dGVsLzE5LjEuMy4zMDQvcHktc2l4LzEuMTYuMC5sdWEiLFsiZnVsbE5hbWUiXT0icHktc2l4LzEuMTYuMCIsWyJsb2FkT3JkZXIiXT03NSxwcm9wVD17fSxbInJlZl9jb3VudCJdPTEsWyJzdGFja0RlcHRoIl09MyxbInN0YXR1cyJdPSJhY3RpdmUiLFsidXNlck5hbWUiXT0icHktc2l4LzEuMTYuMCIsfSxbInB5LXhhcnJheSJdPXtbImZuIl09Ii9hcHBzL29wcy90ZXN0L3NwYWNrLXN0YWNrLTEuNi4wLW5jby9lbnZzL25jby1pbnRlbC0xOS4xLjMuMzA0L2luc3RhbGwvbW9kdWxlZmlsZXMvaW50ZWwvMTkuMS4zLjMwNC9weS14YXJyYXkvMjAyMy43LjAubHVhIixbImZ1bGxOYW1lIl09InB5LXhhcnJheS8yMDIzLjcuMCIsWyJsb2FkT3JkZXIiXT03MCxwcm9wVD17fSxbInN0', 'FROM_HEADER': '', 'CRAY_MPICH_ROOTDIR': '/opt/cray/pe/mpich/8.1.9', 'openblas_ROOT': '/apps/ops/test/spack-stack-1.6.0-nco/envs/nco-intel-19.1.3.304/install/intel/19.1.3.304/openblas-0.3.24-7qwu32e', '_ModuleTable013_': 'bXBpY2gvOC4xLjkvaW50ZWwvMTkuMS4zLjMwNC9lc21mLzguNS4wLmx1YSIsWyJmdWxsTmFtZSJdPSJlc21mLzguNS4wIixbImxvYWRPcmRlciJdPTQ3LHByb3BUPXt9LFsic3RhY2tEZXB0aCJdPTEsWyJzdGF0dXMiXT0iYWN0aXZlIixbInVzZXJOYW1lIl09ImVzbWYvOC41LjAiLH0sZmNraXQ9e1siZm4iXT0iL2FwcHMvb3BzL3Rlc3Qvc3BhY2stc3RhY2stMS42LjAtbmNvL2VudnMvbmNvLWludGVsLTE5LjEuMy4zMDQvaW5zdGFsbC9tb2R1bGVmaWxlcy9jcmF5LW1waWNoLzguMS45L2ludGVsLzE5LjEuMy4zMDQvZmNraXQvMC4xMS4wLmx1YSIsWyJmdWxsTmFtZSJdPSJmY2tpdC8wLjExLjAiLFsibG9hZE9yZGVyIl09NDUscHJvcFQ9e30sWyJyZWZfY291bnQiXT0xLFsi', 'PBS_O_QUEUE': 'devmax', '_ModuleTable036_': 'LjAuMTQiLFsiZnVsbE5hbWUiXT0icHJvZF91dGlsLzIuMC4xNCIsWyJsb2FkT3JkZXIiXT02MSxwcm9wVD17fSxbInN0YWNrRGVwdGgiXT0xLFsic3RhdHVzIl09ImFjdGl2ZSIsWyJ1c2VyTmFtZSJdPSJwcm9kX3V0aWwvMi4wLjE0Iix9LFsicHktYm90dGxlbmVjayJdPXtbImZuIl09Ii9hcHBzL29wcy90ZXN0L3NwYWNrLXN0YWNrLTEuNi4wLW5jby9lbnZzL25jby1pbnRlbC0xOS4xLjMuMzA0L2luc3RhbGwvbW9kdWxlZmlsZXMvaW50ZWwvMTkuMS4zLjMwNC9weS1ib3R0bGVuZWNrLzEuMy43Lmx1YSIsWyJmdWxsTmFtZSJdPSJweS1ib3R0bGVuZWNrLzEuMy43IixbImxvYWRPcmRlciJdPTczLHByb3BUPXt9LFsicmVmX2NvdW50Il09MSxbInN0YWNrRGVwdGgiXT0yLFsi', 'ILPOST': 1, 'MAIL': '/var/spool/mail/emc.global', 'parallel_netcdf_ROOT': '/apps/ops/test/spack-stack-1.6.0-nco/envs/nco-intel-19.1.3.304/install/intel/19.1.3.304/parallel-netcdf-1.12.2-77j7vnx', 'netcdf_cxx4_ROOT': '/apps/ops/test/spack-stack-1.6.0-nco/envs/nco-intel-19.1.3.304/install/intel/19.1.3.304/netcdf-cxx4-4.3.1-lp7tiyf', 'PE_INTEL_FIXED_PKGCONFIG_PATH': '/opt/cray/pe/mpich/8.1.9/ofi/intel/19.0/lib/pkgconfig', 'NTHREADS_ANLSTAT': 1, 'CXX': 'CC', '_ModuleTable027_': 'Y28vZW52cy9uY28taW50ZWwtMTkuMS4zLjMwNC9pbnN0YWxsL21vZHVsZWZpbGVzL2NyYXktbXBpY2gvOC4xLjkvaW50ZWwvMTkuMS4zLjMwNC9uY28vNS4wLjYubHVhIixbImZ1bGxOYW1lIl09Im5jby81LjAuNiIsWyJsb2FkT3JkZXIiXT0zNSxwcm9wVD17fSxbInN0YWNrRGVwdGgiXT0xLFsic3RhdHVzIl09ImFjdGl2ZSIsWyJ1c2VyTmFtZSJdPSJuY28vNS4wLjYiLH0sbmN2aWV3PXtbImZuIl09Ii9hcHBzL29wcy90ZXN0L3NwYWNrLXN0YWNrLTEuNi4wLW5jby9lbnZzL25jby1pbnRlbC0xOS4xLjMuMzA0L2luc3RhbGwvbW9kdWxlZmlsZXMvY3JheS1tcGljaC84LjEuOS9pbnRlbC8xOS4xLjMuMzA0L25jdmlldy8yLjEuOS5sdWEiLFsiZnVsbE5hbWUiXT0ibmN2aWV3', 'DO_GENESIS': True, 'COM_ATMOS_IMAGERY_TMPL': '${ROTDIR}/${RUN}.${YMD}/${HH}/${MEMDIR}/products/atmos/imagery', 'LMOD_FAMILY_METACOMPILER': 'stack-intel', 'FHMIN_GFS': 0, '_ModuleTable016_': 'b2FkT3JkZXIiXT0yMSxwcm9wVD17fSxbInJlZl9jb3VudCJdPTEsWyJzdGFja0RlcHRoIl09MSxbInN0YXR1cyJdPSJhY3RpdmUiLFsidXNlck5hbWUiXT0iZ2V0dGV4dC8wLjE5LjciLH0sZ2l0PXtbImZuIl09Ii9hcHBzL29wcy90ZXN0L3NwYWNrLXN0YWNrLTEuNi4wLW5jby9lbnZzL25jby1pbnRlbC0xOS4xLjMuMzA0L2luc3RhbGwvbW9kdWxlZmlsZXMvaW50ZWwvMTkuMS4zLjMwNC9naXQvMi4zNS4zLmx1YSIsWyJmdWxsTmFtZSJdPSJnaXQvMi4zNS4zIixbImxvYWRPcmRlciJdPTI1LHByb3BUPXt9LFsic3RhY2tEZXB0aCJdPTEsWyJzdGF0dXMiXT0iYWN0aXZlIixbInVzZXJOYW1lIl09ImdpdC8yLjM1LjMiLH0sWyJnaXQtbGZzIl09e1siZm4iXT0iL2FwcHMvcHJv', 'binary_diag': False, 'ntiles': 6, 'DO_MERGENSST': False, 'LESSKEY': '/etc/lesskey.bin', '__LMOD_REF_COUNT_PE_MPICH_GENCOMPILERS_INTEL': '19.0:1', 'YAML_LIB': '/apps/ops/test/spack-stack-1.6.0-nco/envs/nco-intel-19.1.3.304/install/intel/19.1.3.304/libyaml-0.2.5-ygjrdvo/lib', '_ModuleTable009_': 'Ii9vcHQvY3JheS9wZS9sbW9kL21vZHVsZWZpbGVzL2NyYXlwZS10YXJnZXRzL2RlZmF1bHQvY3JheXBlLXg4Ni1yb21lLmx1YSIsWyJmdWxsTmFtZSJdPSJjcmF5cGUteDg2LXJvbWUiLFsibG9hZE9yZGVyIl09MSxwcm9wVD17fSxbInN0YWNrRGVwdGgiXT0xLFsic3RhdHVzIl09ImFjdGl2ZSIsWyJ1c2VyTmFtZSJdPSJjcmF5cGUteDg2LXJvbWUiLH0sY3VybD17WyJmbiJdPSIvYXBwcy9vcHMvdGVzdC9zcGFjay1zdGFjay0xLjYuMC1uY28vZW52cy9uY28taW50ZWwtMTkuMS4zLjMwNC9pbnN0YWxsL21vZHVsZWZpbGVzL2ludGVsLzE5LjEuMy4zMDQvY3VybC84LjQuMC5sdWEiLFsiZnVsbE5hbWUiXT0iY3VybC84LjQuMCIsWyJsb2FkT3JkZXIiXT0yMyxwcm9wVD17fSxb', 'SHELL': '/bin/bash', 'DUMP_SUFFIX': '', 'CRAY_MPICH_VER': '8.1.9', 'FIXgsi': '/lfs/h2/emc/global/noscrub/emc.global/RETRO_GFSv17/git/global-workflow/develop_20250602/fix/gsi', 'LMOD_ADMIN_FILE': '/apps/prod/lmodules/admin.list', 'OCNRES': 25, 'COMROOT': '/lfs/h2/emc/ptmp/emc.global/RETRO_GFSv17/comroot', 'FIXgdas': '/lfs/h2/emc/global/noscrub/emc.global/RETRO_GFSv17/git/global-workflow/develop_20250602/fix/gdas', 'LMOD_CUSTOM_COMPILER_GNU_8_0_UCX_1_0_PREFIX': '/apps/prod/lmodules/gcc/11.2.0:/apps/prod/lmodules/gcc/10.2.0', 'NMV': '/bin/mv', 'PE_MPICH_FIXED_PRGENV': 'INTEL', 'FIXcice': '/lfs/h2/emc/global/noscrub/emc.global/RETRO_GFSv17/git/global-workflow/develop_20250602/fix/cice', 'LMOD_CUSTOM_COMPILER_CRAYCLANG_10_0_PREFIX': '/apps/prod/lmodules/cce/13.0.0:/apps/prod/lmodules/cce/12.0.3:/apps/prod/lmodules/cce/11.0.4', 'lmod_prefix_path': '/usr/share', 'CLIENT_GLOBUS_UUID': '{{ CLIENT_GLOBUS_UUID }}', 'COMINecmwf': '/lfs/h2/emc/global/noscrub/emc.global/data/external_gempak/ecmwf', 'restart_interval_gdas': 3, 'LMOD_FAMILY_PRGENV': 'PrgEnv-intel', 'SDATE_GFS': datetime.datetime(2024, 11, 15, 12, 0), 'CASE': 'C1152', '_ModuleTable_Sz_': 64, 'APP': 'S2SW', 'DO_COUPLED': True, 'libxaw_ROOT': '/apps/ops/test/spack-stack-1.6.0-nco/envs/nco-intel-19.1.3.304/install/intel/19.1.3.304/libxaw-1.0.13-gdstphl', 'NCLEN': '/lfs/h2/emc/global/noscrub/emc.global/RETRO_GFSv17/git/global-workflow/develop_20250602/ush/getncdimlen', '__LMOD_REF_COUNT_CPATH': '/apps/ops/test/spack-stack-1.6.0-nco/envs/nco-intel-19.1.3.304/install/intel/19.1.3.304/libyaml-0.2.5-ygjrdvo/include:1;/apps/ops/test/spack-stack-1.6.0-nco/envs/nco-intel-19.1.3.304/install/intel/19.1.3.304/py-pybind11-2.11.1-wdb6paz/include:1;/apps/ops/test/spack-stack-1.6.0-nco/envs/nco-intel-19.1.3.304/install/intel/19.1.3.304/netcdf-cxx4-4.3.1-lp7tiyf/include:1;/apps/ops/test/spack-stack-1.6.0-nco/envs/nco-intel-19.1.3.304/install/intel/19.1.3.304/udunits-2.2.28-wmjzel4/include:1;/apps/ops/test/spack-stack-1.6.0-nco/envs/nco-intel-19.1.3.304/install/intel/19.1.3.304/libxaw-1.0.13-gdstphl/include:1;/apps/ops/test/spack-stack-1.6.0-nco/envs/nco-intel-19.1.3.304/install/intel/19.1.3.304/libxpm-3.5.12-dcjsyoi/include:1;/apps/ops/test/spack-stack-1.6.0-nco/envs/nco-intel-19.1.3.304/install/intel/19.1.3.304/libxmu-1.1.4-xhe6hjc/include:1;/apps/ops/test/spack-stack-1.6.0-nco/envs/nco-intel-19.1.3.304/install/intel/19.1.3.304/libxt-1.1.5-r2mrglu/include:1;/apps/ops/test/spack-stack-1.6.0-nco/envs/nco-intel-19.1.3.304/install/intel/19.1.3.304/libpng-1.6.37-3sds4er/include:1;/apps/ops/test/spack-stack-1.6.0-nco/envs/nco-intel-19.1.3.304/install/intel/19.1.3.304/libjpeg-turbo-2.1.0-rt44pqr/include:1;/apps/ops/test/spack-stack-1.6.0-nco/envs/nco-intel-19.1.3.304/install/intel/19.1.3.304/gsl-lite-0.37.0-7zi7wss/include:1;/apps/ops/test/spack-stack-1.6.0-nco/envs/nco-intel-19.1.3.304/install/intel/19.1.3.304/ecmwf-atlas-0.35.0-42ufhdx/include:1;/apps/ops/test/spack-stack-1.6.0-nco/envs/nco-intel-19.1.3.304/install/intel/19.1.3.304/qhull-2020.2-5ycwudw/include:1;/apps/ops/test/spack-stack-1.6.0-nco/envs/nco-intel-19.1.3.304/install/intel/19.1.3.304/esmf-8.5.0-7huplmy/include:1;/apps/ops/test/spack-stack-1.6.0-nco/envs/nco-intel-19.1.3.304/install/intel/19.1.3.304/fckit-0.11.0-7qg4hhj/include:1;/apps/ops/test/spack-stack-1.6.0-nco/envs/nco-intel-19.1.3.304/install/intel/19.1.3.304/fftw-3.3.10-sefnta3/include:1;/apps/ops/test/spack-stack-1.6.0-nco/envs/nco-intel-19.1.3.304/install/intel/19.1.3.304/eckit-1.24.5-isrgc5y/include:1;/apps/ops/test/spack-stack-1.6.0-nco/envs/nco-intel-19.1.3.304/install/intel/19.1.3.304/openblas-0.3.24-7qwu32e/include:1;/apps/ops/test/spack-stack-1.6.0-nco/envs/nco-intel-19.1.3.304/install/intel/19.1.3.304/eigen-3.4.0-7qdffiv/include/eigen3:1;/apps/ops/test/spack-stack-1.6.0-nco/envs/nco-intel-19.1.3.304/install/intel/19.1.3.304/eigen-3.4.0-7qdffiv/include:1;/apps/ops/test/spack-stack-1.6.0-nco/envs/nco-intel-19.1.3.304/install/intel/19.1.3.304/openjpeg-2.5.0-ulqgnem/include:1;/apps/ops/test/spack-stack-1.6.0-nco/envs/nco-intel-19.1.3.304/install/intel/19.1.3.304/bufr-12.0.1-tirva7g/include:1;/apps/ops/test/spack-stack-1.6.0-nco/envs/nco-intel-19.1.3.304/install/intel/19.1.3.304/boost-1.83.0-nqtmt7k/include:1;/apps/ops/test/spack-stack-1.6.0-nco/envs/nco-intel-19.1.3.304/install/intel/19.1.3.304/parallelio-2.5.10-3rkk43u/include:1;/apps/ops/test/spack-stack-1.6.0-nco/envs/nco-intel-19.1.3.304/install/intel/19.1.3.304/gsl-2.7.1-kr3c4v5/include:1;/apps/ops/test/spack-stack-1.6.0-nco/envs/nco-intel-19.1.3.304/install/intel/19.1.3.304/antlr-2.7.7-hoqq24u/include:1;/apps/ops/test/spack-stack-1.6.0-nco/envs/nco-intel-19.1.3.304/install/intel/19.1.3.304/netcdf-fortran-4.6.1-b4geqvx/include:1;/apps/ops/test/spack-stack-1.6.0-nco/envs/nco-intel-19.1.3.304/install/intel/19.1.3.304/netcdf-c-4.9.2-bcln2jr/include:1;/apps/ops/test/spack-stack-1.6.0-nco/envs/nco-intel-19.1.3.304/install/intel/19.1.3.304/parallel-netcdf-1.12.2-77j7vnx/include:1;/apps/ops/test/spack-stack-1.6.0-nco/envs/nco-intel-19.1.3.304/install/intel/19.1.3.304/hdf5-1.14.0-yckaywr/include:1;/apps/ops/test/spack-stack-1.6.0-nco/envs/nco-intel-19.1.3.304/install/intel/19.1.3.304/zlib-1.2.13-yoc3h4p/include:1;/apps/ops/test/spack-stack-1.6.0-nco/envs/nco-intel-19.1.3.304/install/intel/19.1.3.304/curl-8.4.0-zr7lvkw/include:1;/apps/ops/test/spack-stack-1.6.0-nco/envs/nco-intel-19.1.3.304/install/intel/19.1.3.304/pcre2-10.42-utn3zxn/include:1;/apps/ops/test/spack-stack-1.6.0-nco/envs/nco-intel-19.1.3.304/install/intel/19.1.3.304/gettext-0.19.7-2fi4wu4/include:1;/apps/ops/test/spack-stack-1.6.0-nco/envs/nco-intel-19.1.3.304/install/intel/19.1.3.304/zstd-1.5.2-pe6gdyf/include:1;/apps/ops/test/spack-stack-1.6.0-nco/envs/nco-intel-19.1.3.304/install/intel/19.1.3.304/python-3.10.13-qzt4y2i/include:1;/apps/ops/test/spack-stack-1.6.0-nco/envs/nco-intel-19.1.3.304/install/intel/19.1.3.304/util-linux-uuid-2.38.1-jwatqmi/include:1;/apps/ops/test/spack-stack-1.6.0-nco/envs/nco-intel-19.1.3.304/install/intel/19.1.3.304/sqlite-3.43.2-onahail/include:1;/apps/ops/test/spack-stack-1.6.0-nco/envs/nco-intel-19.1.3.304/install/intel/19.1.3.304/libxcrypt-4.4.35-soueqga/include:1;/pe/intel/compilers_and_libraries_2020.4.304/linux/ipp/include:1;/pe/intel/compilers_and_libraries_2020.4.304/linux/mkl/include:1;/pe/intel/compilers_and_libraries_2020.4.304/linux/pstl/include:1;/pe/intel/compilers_and_libraries_2020.4.304/linux/pstl/stdlib:1;/pe/intel/compilers_and_libraries_2020.4.304/linux/tbb/include:2', 'COM_ICE_INPUT_TMPL': '${ROTDIR}/${RUN}.${YMD}/${HH}/${MEMDIR}/model/ice/input', 'DO_TEST_MODE': False, 'XCURSOR_THEME': 'DMZ', 'ecbuild_ROOT': '/apps/ops/test/spack-stack-1.6.0-nco/envs/nco-intel-19.1.3.304/install/intel/19.1.3.304/ecbuild-3.7.2-ovbazu2', 'COM_OCEAN_GRIB_GRID_TMPL': '${ROTDIR}/${RUN}.${YMD}/${HH}/${MEMDIR}/products/ocean/grib2/${GRID}', 'walltime': '00:30:00', 'l4densvar': True, 'pgm': '', '_ModuleTable055_': 'Q29yZS9zdGFjay1pbnRlbC8xOS4xLjMuMzA0Lmx1YSIsWyJmdWxsTmFtZSJdPSJzdGFjay1pbnRlbC8xOS4xLjMuMzA0IixbImxvYWRPcmRlciJdPTUscHJvcFQ9e30sWyJzdGFja0RlcHRoIl09MSxbInN0YXR1cyJdPSJhY3RpdmUiLFsidXNlck5hbWUiXT0ic3RhY2staW50ZWwvMTkuMS4zLjMwNCIsfSxbInN0YWNrLXB5dGhvbiJdPXtbImZuIl09Ii9hcHBzL29wcy90ZXN0L3NwYWNrLXN0YWNrLTEuNi4wLW5jby9lbnZzL25jby1pbnRlbC0xOS4xLjMuMzA0L2luc3RhbGwvbW9kdWxlZmlsZXMvaW50ZWwvMTkuMS4zLjMwNC9zdGFjay1weXRob24vMy4xMC4xMy5sdWEiLFsiZnVsbE5hbWUiXT0ic3RhY2stcHl0aG9uLzMuMTAuMTMiLFsibG9hZE9yZGVyIl09MTQscHJvcFQ9', 'LMOD_FAMILY_COMPILER': 'intel', 'COM_WAVE_GRID_TMPL': '${ROTDIR}/${RUN}.${YMD}/${HH}/${MEMDIR}/products/wave/gridded', '_ModuleTable018_': 'aXZlIixbInVzZXJOYW1lIl09ImdzbC8yLjcuMSIsfSxbImdzbC1saXRlIl09e1siZm4iXT0iL2FwcHMvb3BzL3Rlc3Qvc3BhY2stc3RhY2stMS42LjAtbmNvL2VudnMvbmNvLWludGVsLTE5LjEuMy4zMDQvaW5zdGFsbC9tb2R1bGVmaWxlcy9pbnRlbC8xOS4xLjMuMzA0L2dzbC1saXRlLzAuMzcuMC5sdWEiLFsiZnVsbE5hbWUiXT0iZ3NsLWxpdGUvMC4zNy4wIixbImxvYWRPcmRlciJdPTUxLHByb3BUPXt9LFsic3RhY2tEZXB0aCJdPTEsWyJzdGF0dXMiXT0iYWN0aXZlIixbInVzZXJOYW1lIl09ImdzbC1saXRlLzAuMzcuMCIsfSxoZGY1PXtbImZuIl09Ii9hcHBzL29wcy90ZXN0L3NwYWNrLXN0YWNrLTEuNi4wLW5jby9lbnZzL25jby1pbnRlbC0xOS4xLjMuMzA0L2luc3Rh', 'netcdf_fortran_ROOT': '/apps/ops/test/spack-stack-1.6.0-nco/envs/nco-intel-19.1.3.304/install/intel/19.1.3.304/netcdf-fortran-4.6.1-b4geqvx', 'PDYm6': datetime.datetime(2024, 11, 18, 0, 0), 'PDYm7': datetime.datetime(2024, 11, 17, 0, 0), 'COMIN_ATMOS_ANALYSIS': '/lfs/h2/emc/ptmp/emc.global/RETRO_GFSv17/comroot/retrotestgfs10/gdas.20241124/18//analysis/atmos', 'DO_CA': True, 'PDYm4': datetime.datetime(2024, 11, 20, 0, 0), 'PDYm5': datetime.datetime(2024, 11, 19, 0, 0), 'XLOCALEDIR': '/apps/ops/test/spack-stack-1.6.0-nco/envs/nco-intel-19.1.3.304/install/intel/19.1.3.304/libx11-1.8.4-hhwdypx/share/X11/locale', 'PDYm2': datetime.datetime(2024, 11, 22, 0, 0), 'PDYm3': datetime.datetime(2024, 11, 21, 0, 0), 'PDYm1': datetime.datetime(2024, 11, 23, 0, 0), 'LMOD_FAMILY_METAPYTHON_VERSION': '3.10.13', 'LMOD_CUSTOM_CNCM_CRAYCLANG_10_0_OFI_1_0_X86_ROME_1_0_CRAY_MPICH_8_0_PREFIX': '/apps/prod/lmodules/CCE_cray_mpich/11.0.4/cray-mpich/8.1.4', 'SP_LIB8': '/apps/ops/test/spack-stack-1.6.0-nco/envs/nco-intel-19.1.3.304/install/intel/19.1.3.304/sp-2.5.0-rhcyr64/lib64/libsp_8.a', 'TMOUT': 1800, 'py_f90nml_ROOT': '/apps/ops/test/spack-stack-1.6.0-nco/envs/nco-intel-19.1.3.304/install/intel/19.1.3.304/py-f90nml-1.4.3-rizmifn', 'MAKE_NSSTBUFR': False, 'PYTHON_VERSION': 3.1, 'COM_OCEAN_INPUT_TMPL': '${ROTDIR}/${RUN}.${YMD}/${HH}/${MEMDIR}/model/ocean/input', 'SP_LIB4': '/apps/ops/test/spack-stack-1.6.0-nco/envs/nco-intel-19.1.3.304/install/intel/19.1.3.304/sp-2.5.0-rhcyr64/lib64/libsp_4.a', 'DATAROOT': '/lfs/h2/emc/stmp/emc.global/RUNDIRS/retrotestgfs10/gdas.2024112418', 'APRUN_ANLSTAT': 'mpiexec -l -n 20', 'JEDIEXE': '/lfs/h2/emc/global/noscrub/emc.global/RETRO_GFSv17/git/global-workflow/develop_20250602/sorc/gdas.cd/build/bin/ioda-stats.x', 'DO_OCN': True, '_ModuleTable035_': 'dXNlck5hbWUiXT0icGlnei8yLjciLH0sWyJwa2ctY29uZmlnIl09e1siZm4iXT0iL2FwcHMvb3BzL3Rlc3Qvc3BhY2stc3RhY2stMS42LjAtbmNvL2VudnMvbmNvLWludGVsLTE5LjEuMy4zMDQvaW5zdGFsbC9tb2R1bGVmaWxlcy9pbnRlbC8xOS4xLjMuMzA0L3BrZy1jb25maWcvMC4yOS4yLmx1YSIsWyJmdWxsTmFtZSJdPSJwa2ctY29uZmlnLzAuMjkuMiIsWyJsb2FkT3JkZXIiXT0yNyxwcm9wVD17fSxbInJlZl9jb3VudCJdPTEsWyJzdGFja0RlcHRoIl09MSxbInN0YXR1cyJdPSJhY3RpdmUiLFsidXNlck5hbWUiXT0icGtnLWNvbmZpZy8wLjI5LjIiLH0scHJvZF91dGlsPXtbImZuIl09Ii9hcHBzL29wcy9wcm9kL25jby9tb2R1bGVmaWxlcy9jb3JlL3Byb2RfdXRpbC8y', 'FIXaer': '/lfs/h2/emc/global/noscrub/emc.global/RETRO_GFSv17/git/global-workflow/develop_20250602/fix/aer', 'gsl_lite_ROOT': '/apps/ops/test/spack-stack-1.6.0-nco/envs/nco-intel-19.1.3.304/install/intel/19.1.3.304/gsl-lite-0.37.0-7zi7wss', 'DO_GEMPAK': False, 'PYTHONSTARTUP': '/etc/pythonstart', 'COMIN_OCEAN_ANALYSIS': '/lfs/h2/emc/ptmp/emc.global/RETRO_GFSv17/comroot/retrotestgfs10/gdas.20241124/18//analysis/ocean', 'FHMAX_HF_WAV': 120, 'SHLVL': 4, 'LANGUAGE': 'en_US.UTF-8', 'PALS_PING_PERIOD': 0, 'libyaml_ROOT': '/apps/ops/test/spack-stack-1.6.0-nco/envs/nco-intel-19.1.3.304/install/intel/19.1.3.304/libyaml-0.2.5-ygjrdvo', 'ENKF_SPREAD': True, 'PBS_O_HOST': 'dlogin06', 'ARCHCOM_TO': 'hpss', 'HOMEgfs': '/lfs/h2/emc/global/noscrub/emc.global/RETRO_GFSv17/git/global-workflow/develop_20250602', 'DEBUG_POSTSCRIPT': False, 'G_FILENAME_ENCODING': ['@locale', 'UTF-8', 'ISO-8859-15', 'CP1252'], 'PYTHONPATH': '/apps/ops/test/spack-stack-1.6.0-nco/envs/nco-intel-19.1.3.304/install/intel/19.1.3.304/py-packaging-23.1-2qpd5mc/lib/python3.10/site-packages:/apps/ops/test/spack-stack-1.6.0-nco/envs/nco-intel-19.1.3.304/install/intel/19.1.3.304/py-cftime-1.0.3.4-dka7hny/lib/python3.10/site-packages:/apps/ops/test/spack-stack-1.6.0-nco/envs/nco-intel-19.1.3.304/install/intel/19.1.3.304/py-numpy-1.24.4-yosem2k/lib/python3.10/site-packages:/apps/ops/test/spack-stack-1.6.0-nco/envs/nco-intel-19.1.3.304/install/intel/19.1.3.304/py-markupsafe-2.1.3-45ywjnp/lib/python3.10/site-packages:/apps/ops/test/spack-stack-1.6.0-nco/envs/nco-intel-19.1.3.304/install/intel/19.1.3.304/py-pandas-1.5.3-u3wc7uc/lib/python3.10/site-packages:/apps/ops/test/spack-stack-1.6.0-nco/envs/nco-intel-19.1.3.304/install/intel/19.1.3.304/py-pytz-2023.3-yebggst/lib/python3.10/site-packages:/apps/ops/test/spack-stack-1.6.0-nco/envs/nco-intel-19.1.3.304/install/intel/19.1.3.304/py-python-dateutil-2.8.2-mes6fwe/lib/python3.10/site-packages:/apps/ops/test/spack-stack-1.6.0-nco/envs/nco-intel-19.1.3.304/install/intel/19.1.3.304/py-six-1.16.0-u4sv6sb/lib/python3.10/site-packages:/apps/ops/test/spack-stack-1.6.0-nco/envs/nco-intel-19.1.3.304/install/intel/19.1.3.304/py-numexpr-2.8.4-2rtg4mi/lib/python3.10/site-packages:/apps/ops/test/spack-stack-1.6.0-nco/envs/nco-intel-19.1.3.304/install/intel/19.1.3.304/py-bottleneck-1.3.7-oolvw5k/lib/python3.10/site-packages:/apps/ops/test/spack-stack-1.6.0-nco/envs/nco-intel-19.1.3.304/install/intel/19.1.3.304/py-pip-23.1.2-ohrscnx/lib/python3.10/site-packages:/apps/ops/test/spack-stack-1.6.0-nco/envs/nco-intel-19.1.3.304/install/intel/19.1.3.304/py-f90nml-1.4.3-rizmifn/lib/python3.10/site-packages:/apps/ops/test/spack-stack-1.6.0-nco/envs/nco-intel-19.1.3.304/install/intel/19.1.3.304/py-xarray-2023.7.0-jj7syqa/lib/python3.10/site-packages:/apps/ops/test/spack-stack-1.6.0-nco/envs/nco-intel-19.1.3.304/install/intel/19.1.3.304/py-scipy-1.10.1-236sa7x/lib/python3.10/site-packages:/apps/ops/test/spack-stack-1.6.0-nco/envs/nco-intel-19.1.3.304/install/intel/19.1.3.304/py-pyyaml-5.4.1-afvmuaf/lib/python3.10/site-packages:/apps/ops/test/spack-stack-1.6.0-nco/envs/nco-intel-19.1.3.304/install/intel/19.1.3.304/py-pycodestyle-2.11.0-bh2jlm5/lib/python3.10/site-packages:/apps/ops/test/spack-stack-1.6.0-nco/envs/nco-intel-19.1.3.304/install/intel/19.1.3.304/py-pybind11-2.11.1-wdb6paz/lib/python3.10/site-packages:/apps/ops/test/spack-stack-1.6.0-nco/envs/nco-intel-19.1.3.304/install/intel/19.1.3.304/py-netcdf4-1.5.8-6kubnk6/lib/python3.10/site-packages:/apps/ops/test/spack-stack-1.6.0-nco/envs/nco-intel-19.1.3.304/install/intel/19.1.3.304/py-jinja2-3.1.2-vbbttij/lib/python3.10/site-packages:/apps/ops/test/spack-stack-1.6.0-nco/envs/nco-intel-19.1.3.304/install/intel/19.1.3.304/py-setuptools-63.4.3-rg7efar/lib/python3.10/site-packages:/apps/ops/prod/nco/core/prod_util.v2.0.14/ush:/apps/ops/test/spack-stack-1.6.0-nco/envs/nco-intel-19.1.3.304/install/intel/19.1.3.304/bufr-12.0.1-tirva7g/lib64/python3.10/site-packages:/apps/ops/test/spack-stack-1.6.0-nco/envs/nco-intel-19.1.3.304/install/intel/19.1.3.304/bufr-12.0.1-tirva7g/lib/python3.10/site-packages:/lfs/h2/emc/global/noscrub/emc.global/RETRO_GFSv17/git/global-workflow/develop_20250602/ush:/lfs/h2/emc/global/noscrub/emc.global/RETRO_GFSv17/git/global-workflow/develop_20250602/ush/python::/lfs/h2/emc/global/noscrub/emc.global/RETRO_GFSv17/git/global-workflow/develop_20250602/sorc/gdas.cd/build/lib/python3.10/', 'MPIF77': 'mpif77', 'LMOD_CUSTOM_COMPILER_INTEL_19_0_UCX_1_0_PREFIX': '/apps/prod/lmodules/intel/19.1.3.304:/apps/ops/prod/libs/modulefiles/compiler/intel/19.1.3.304:/apps/ops/prod/nco/modulefiles/compiler/intel/19.1.3.304', 'HPC_OPT': '/apps/ops/prod/libs', 'ACLOCAL_PATH': '/apps/ops/test/spack-stack-1.6.0-nco/envs/nco-intel-19.1.3.304/install/intel/19.1.3.304/gsl-2.7.1-kr3c4v5/share/aclocal:/usr/share/aclocal:/apps/ops/test/spack-stack-1.6.0-nco/envs/nco-intel-19.1.3.304/install/intel/19.1.3.304/curl-8.4.0-zr7lvkw/share/aclocal:/apps/ops/test/spack-stack-1.6.0-nco/envs/nco-intel-19.1.3.304/install/intel/19.1.3.304/gettext-0.19.7-2fi4wu4/share/aclocal:/apps/ops/test/spack-stack-1.6.0-nco/envs/nco-intel-19.1.3.304/install/intel/19.1.3.304/cmake-3.23.1-chpcsen/share/aclocal', 'PBS_O_SYSTEM': 'Linux', 'netcdf_diag': True, 'DO_WAVE': True, 'MANPATH': '/apps/ops/test/spack-stack-1.6.0-nco/envs/nco-intel-19.1.3.304/install/intel/19.1.3.304/libxaw-1.0.13-gdstphl/share/man:/apps/ops/test/spack-stack-1.6.0-nco/envs/nco-intel-19.1.3.304/install/intel/19.1.3.304/libxpm-3.5.12-dcjsyoi/share/man:/apps/ops/test/spack-stack-1.6.0-nco/envs/nco-intel-19.1.3.304/install/intel/19.1.3.304/libxt-1.1.5-r2mrglu/share/man:/apps/ops/test/spack-stack-1.6.0-nco/envs/nco-intel-19.1.3.304/install/intel/19.1.3.304/libpng-1.6.37-3sds4er/share/man:/apps/ops/test/spack-stack-1.6.0-nco/envs/nco-intel-19.1.3.304/install/intel/19.1.3.304/libjpeg-turbo-2.1.0-rt44pqr/share/man:/apps/ops/test/spack-stack-1.6.0-nco/envs/nco-intel-19.1.3.304/install/intel/19.1.3.304/qhull-2020.2-5ycwudw/share/man:/apps/ops/test/spack-stack-1.6.0-nco/envs/nco-intel-19.1.3.304/install/intel/19.1.3.304/fftw-3.3.10-sefnta3/share/man:/apps/ops/test/spack-stack-1.6.0-nco/envs/nco-intel-19.1.3.304/install/intel/19.1.3.304/nco-5.0.6-6ykwuoz/share/man:/apps/ops/test/spack-stack-1.6.0-nco/envs/nco-intel-19.1.3.304/install/intel/19.1.3.304/gsl-2.7.1-kr3c4v5/share/man:/apps/ops/test/spack-stack-1.6.0-nco/envs/nco-intel-19.1.3.304/install/intel/19.1.3.304/netcdf-fortran-4.6.1-b4geqvx/share/man:/apps/ops/test/spack-stack-1.6.0-nco/envs/nco-intel-19.1.3.304/install/intel/19.1.3.304/netcdf-c-4.9.2-bcln2jr/share/man:/apps/ops/test/spack-stack-1.6.0-nco/envs/nco-intel-19.1.3.304/install/intel/19.1.3.304/parallel-netcdf-1.12.2-77j7vnx/share/man:/usr/share/man:/apps/ops/test/spack-stack-1.6.0-nco/envs/nco-intel-19.1.3.304/install/intel/19.1.3.304/zlib-1.2.13-yoc3h4p/share/man:/apps/ops/test/spack-stack-1.6.0-nco/envs/nco-intel-19.1.3.304/install/intel/19.1.3.304/curl-8.4.0-zr7lvkw/share/man:/apps/ops/test/spack-stack-1.6.0-nco/envs/nco-intel-19.1.3.304/install/intel/19.1.3.304/pcre2-10.42-utn3zxn/share/man:/apps/ops/test/spack-stack-1.6.0-nco/envs/nco-intel-19.1.3.304/install/intel/19.1.3.304/gettext-0.19.7-2fi4wu4/share/man:/apps/ops/test/spack-stack-1.6.0-nco/envs/nco-intel-19.1.3.304/install/intel/19.1.3.304/tar-1.34-e7e3lq2/share/man:/apps/ops/test/spack-stack-1.6.0-nco/envs/nco-intel-19.1.3.304/install/intel/19.1.3.304/zstd-1.5.2-pe6gdyf/share/man:/apps/ops/test/spack-stack-1.6.0-nco/envs/nco-intel-19.1.3.304/install/intel/19.1.3.304/pigz-2.7-p2s5ywz/man:/opt/cray/pals/1.3.2/man:/opt/cray/pe/craype/2.7.17/man:/apps/ops/test/spack-stack-1.6.0-nco/envs/nco-intel-19.1.3.304/install/intel/19.1.3.304/python-3.10.13-qzt4y2i/share/man:/apps/ops/test/spack-stack-1.6.0-nco/envs/nco-intel-19.1.3.304/install/intel/19.1.3.304/util-linux-uuid-2.38.1-jwatqmi/share/man:/apps/ops/test/spack-stack-1.6.0-nco/envs/nco-intel-19.1.3.304/install/intel/19.1.3.304/sqlite-3.43.2-onahail/share/man:/apps/ops/test/spack-stack-1.6.0-nco/envs/nco-intel-19.1.3.304/install/intel/19.1.3.304/libxcrypt-4.4.35-soueqga/share/man:/opt/cray/pe/mpich/8.1.9/ofi/man:/opt/cray/pe/mpich/8.1.9/man/mpich:/opt/cray/share/man:/pe/intel/man/common:/pe/intel/compilers_and_libraries_2020.4.304/linux/mpi/man:/pe/intel/documentation_2020/en/debugger/gdb-ia/man:/usr/share/lmod/lmod/share/man:/opt/c3/man:/opt/pbs/share/man::', 'COMIN_AERO_ANALYSIS': '/lfs/h2/emc/ptmp/emc.global/RETRO_GFSv17/comroot/retrotestgfs10/gdas.20241124/18//analysis/chem', '__LMOD_REF_COUNT_CLASSPATH': '/pe/intel/compilers_and_libraries_2020.4.304/linux/mpi/intel64/lib/mpi.jar:1', 'NET': 'gfs', 'INTEL_PATH': '/pe/intel/compilers_and_libraries_2020.4.304', 'LMOD_FAMILY_METAMPI': 'stack-cray-mpich', 'CASE_ENS': 'C384', 'SP_LIBd': '/apps/ops/test/spack-stack-1.6.0-nco/envs/nco-intel-19.1.3.304/install/intel/19.1.3.304/sp-2.5.0-rhcyr64/lib64/libsp_d.a', 'DO_PREP_OBS_AERO': False, '_ModuleTable028_': 'LzIuMS45IixbImxvYWRPcmRlciJdPTU5LHByb3BUPXt9LFsic3RhY2tEZXB0aCJdPTEsWyJzdGF0dXMiXT0iYWN0aXZlIixbInVzZXJOYW1lIl09Im5jdmlldy8yLjEuOSIsfSxbIm5ldGNkZi1jIl09e1siZm4iXT0iL2FwcHMvb3BzL3Rlc3Qvc3BhY2stc3RhY2stMS42LjAtbmNvL2VudnMvbmNvLWludGVsLTE5LjEuMy4zMDQvaW5zdGFsbC9tb2R1bGVmaWxlcy9jcmF5LW1waWNoLzguMS45L2ludGVsLzE5LjEuMy4zMDQvbmV0Y2RmLWMvNC45LjIubHVhIixbImZ1bGxOYW1lIl09Im5ldGNkZi1jLzQuOS4yIixbImxvYWRPcmRlciJdPTMwLHByb3BUPXt9LFsicmVmX2NvdW50Il09OSxbInN0YWNrRGVwdGgiXT0xLFsic3RhdHVzIl09ImFjdGl2ZSIsWyJ1c2VyTmFtZSJdPSJu', 'INTEL_VERSION': '19.1.3.304', 'MPICH_DIR': '/opt/cray/pe/mpich/8.1.9/ofi/intel/19.0', 'OSCAR_HOME': '/opt/oscar', 'STAT_BASE_CONFIG_YAML': '/lfs/h2/emc/global/noscrub/emc.global/RETRO_GFSv17/git/global-workflow/develop_20250602/parm/gdas/stat_base_config.yaml.j2', 'INCVARS_EFOLD': 5, '_ModuleTable038_': 'Ni4wLW5jby9lbnZzL25jby1pbnRlbC0xOS4xLjMuMzA0L2luc3RhbGwvbW9kdWxlZmlsZXMvaW50ZWwvMTkuMS4zLjMwNC9weS1mOTBubWwvMS40LjMubHVhIixbImZ1bGxOYW1lIl09InB5LWY5MG5tbC8xLjQuMyIsWyJsb2FkT3JkZXIiXT03MSxwcm9wVD17fSxbInN0YWNrRGVwdGgiXT0xLFsic3RhdHVzIl09ImFjdGl2ZSIsWyJ1c2VyTmFtZSJdPSJweS1mOTBubWwvMS40LjMiLH0sWyJweS1qaW5qYTIiXT17WyJmbiJdPSIvYXBwcy9vcHMvdGVzdC9zcGFjay1zdGFjay0xLjYuMC1uY28vZW52cy9uY28taW50ZWwtMTkuMS4zLjMwNC9pbnN0YWxsL21vZHVsZWZpbGVzL2ludGVsLzE5LjEuMy4zMDQvcHktamluamEyLzMuMS4yLmx1YSIsWyJmdWxsTmFtZSJdPSJweS1qaW5q', 'PBS_O_LOGNAME': 'emc.global', 'DOHYBVAR_OCN': True, 'COM_ICE_GRIB_GRID_TMPL': '${ROTDIR}/${RUN}.${YMD}/${HH}/${MEMDIR}/products/ice/grib2/${GRID}', 'FHMAX_WAV_GFS': 384, 'pigz_ROOT': '/apps/ops/test/spack-stack-1.6.0-nco/envs/nco-intel-19.1.3.304/install/intel/19.1.3.304/pigz-2.7-p2s5ywz', 'CLUSTERS_DTN': '', 'PBS_NODENUM': 0, 'MODULEPATH': '/apps/ops/test/spack-stack-1.6.0-nco/envs/nco-intel-19.1.3.304/install/modulefiles/cray-mpich/8.1.9/intel/19.1.3.304:/apps/ops/prod/libs/modulefiles/mpi/intel/19.1.3.304/cray-mpich/8.1.4:/apps/prod/lmodules/INTEL_cray_mpich/19.1.3.304/cray-mpich/8.1.4:/opt/cray/pe/lmod/modulefiles/mpi/intel/19.0/ofi/1.0/cray-mpich/8.0:/opt/cray/pe/lmod/modulefiles/comnet/intel/19.0/ofi/1.0:/opt/cray/pe/lmod/modulefiles/net/ofi/1.0:/apps/ops/test/spack-stack-1.6.0-nco/envs/nco-intel-19.1.3.304/install/modulefiles/intel/19.1.3.304:/apps/ops/prod/nco/modulefiles/compiler/intel/19.1.3.304:/apps/ops/prod/libs/modulefiles/compiler/intel/19.1.3.304:/apps/prod/lmodules/intel/19.1.3.304:/apps/prod/lmodules/compiler/intel/19.0:/apps/ops/test/spack-stack-1.6.0-nco/envs/nco-intel-19.1.3.304/install/modulefiles/Core:/lfs/h2/emc/global/noscrub/emc.global/RETRO_GFSv17/git/global-workflow/develop_20250602/sorc/gdas.cd/modulefiles:/opt/cray/pe/lmod/modulefiles/cpu/x86-rome/1.0:/usr/share/modules:/usr/share/Modules/$MODULE_VERSION/modulefiles:/usr/share/modules/modulefiles:/usr/share/modulefiles/Linux:/usr/share/modulefiles/Core:/usr/share/lmod/lmod/modulefiles/Core:/opt/cray/pe/lmod/modulefiles/core:/opt/cray/pe/lmod/modulefiles/craype-targets/default:/apps/prod/lmodules/sys_core:/apps/ops/prod/nco/modulefiles/core:/apps/prod/lmodules/core:/opt/cray/modulefiles', 'PBS_JOBDIR': '/u/emc.global', 'CRAY_MPICH_DIR': '/opt/cray/pe/mpich/8.1.9/ofi/intel/19.0', 'restart_interval_gfs': 12, 'LMOD_TMOD_FIND_FIRST': True, 'COM_ATMOS_INPUT_TMPL': '${ROTDIR}/${RUN}.${YMD}/${HH}/${MEMDIR}/model/atmos/input', 'LMOD_FAMILY_CRAYPE': 'craype', 'LOGNAME': 'emc.global', 'FSYNC': '/apps/ops/prod/nco/core/prod_util.v2.0.14/exec/fsync_file', '__LMOD_REF_COUNT_XLOCALEDIR': '/apps/ops/test/spack-stack-1.6.0-nco/envs/nco-intel-19.1.3.304/install/intel/19.1.3.304/libx11-1.8.4-hhwdypx/share/X11/locale:4', 'COM_MED_RESTART_TMPL': '${ROTDIR}/${RUN}.${YMD}/${HH}/${MEMDIR}/model/med/restart', '__LMOD_REF_COUNT_LMOD_CUSTOM_PATHS': 'CNCM/apps/ops/prod/libs/modulefiles/mpi/intel/19.1.3.304/cray-mpich/8.1.4:1;CNCM/apps/prod/lmodules/INTEL_cray_mpich/19.1.3.304/cray-mpich/8.1.4:1;COMPILER/apps/ops/prod/nco/modulefiles/compiler/intel/19.1.3.304:1;COMPILER/apps/ops/prod/libs/modulefiles/compiler/intel/19.1.3.304:1;COMPILER/apps/prod/lmodules/intel/19.1.3.304:1', 'DO_CALC_INCREMENT': False, 'CRAY_MPICH_VERSION': '8.1.9', 'COM_ATMOS_OZNMON_TMPL': '${ROTDIR}/${RUN}.${YMD}/${HH}/${MEMDIR}/products/atmos/oznmon', 'COM_ATMOS_WMO_TMPL': '${ROTDIR}/${RUN}.${YMD}/${HH}/${MEMDIR}/products/atmos/wmo', 'eigen_ROOT': '/apps/ops/test/spack-stack-1.6.0-nco/envs/nco-intel-19.1.3.304/install/intel/19.1.3.304/eigen-3.4.0-7qdffiv', 'MODULE_VERSION_STACK': '3.2.10', 'MKLROOT': '/pe/intel/compilers_and_libraries_2020.4.304/linux/mkl', 'MODE': 'cycled', 'NOSCRUB': '/lfs/h2/emc/global/noscrub/emc.global', 'err': 0, 'FIXgfs': '/lfs/h2/emc/global/noscrub/emc.global/RETRO_GFSv17/git/global-workflow/develop_20250602/fix', 'MODULEPATH_ROOT': '/usr/share/modulefiles', 'LMOD_PACKAGE_PATH': '/apps/prod/lmodules', 'FHOUT_GOES': 3, '__LMOD_REF_COUNT_PE_INTEL_FIXED_PKGCONFIG_PATH': '/opt/cray/pe/mpich/8.1.9/ofi/intel/19.0/lib/pkgconfig:1', 'USHgfs': '/lfs/h2/emc/global/noscrub/emc.global/RETRO_GFSv17/git/global-workflow/develop_20250602/ush', 'FHOUT_HF_GFS': 1, 'SENDECF': False, 'PE_MPICH_GTL_LIBS_amd_gfx906': '-lmpi_gtl_hsa', 'COM_OCEAN_GRIB_TMPL': '${ROTDIR}/${RUN}.${YMD}/${HH}/${MEMDIR}/products/ocean/grib2', 'COM_OCEAN_ANLMON_TMPL': '${ROTDIR}/${RUN}.${YMD}/${HH}/${MEMDIR}/products/ocean/anlmon', 'py_pytz_ROOT': '/apps/ops/test/spack-stack-1.6.0-nco/envs/nco-intel-19.1.3.304/install/intel/19.1.3.304/py-pytz-2023.3-yebggst', 'PSTLROOT': '/pe/intel/compilers_and_libraries_2020.4.304/linux/pstl', 'SP_INC4': 'include_4', 'gettext_ROOT': '/apps/ops/test/spack-stack-1.6.0-nco/envs/nco-intel-19.1.3.304/install/intel/19.1.3.304/gettext-0.19.7-2fi4wu4', 'PARTITION_DTN': '', '_ModuleTable025_': 'ZXMvaW50ZWwvMTkuMS4zLjMwNC9saWJ4dC8xLjEuNS5sdWEiLFsiZnVsbE5hbWUiXT0ibGlieHQvMS4xLjUiLFsibG9hZE9yZGVyIl09NTQscHJvcFQ9e30sWyJyZWZfY291bnQiXT0yLFsic3RhY2tEZXB0aCJdPTEsWyJzdGF0dXMiXT0iYWN0aXZlIixbInVzZXJOYW1lIl09ImxpYnh0LzEuMS41Iix9LGxpYnlhbWw9e1siZm4iXT0iL2FwcHMvb3BzL3Rlc3Qvc3BhY2stc3RhY2stMS42LjAtbmNvL2VudnMvbmNvLWludGVsLTE5LjEuMy4zMDQvaW5zdGFsbC9tb2R1bGVmaWxlcy9pbnRlbC8xOS4xLjMuMzA0L2xpYnlhbWwvMC4yLjUubHVhIixbImZ1bGxOYW1lIl09ImxpYnlhbWwvMC4yLjUiLFsibG9hZE9yZGVyIl09NjcscHJvcFQ9e30sWyJyZWZfY291bnQiXT0xLFsic3Rh', 'py_setuptools_ROOT': '/apps/ops/test/spack-stack-1.6.0-nco/envs/nco-intel-19.1.3.304/install/intel/19.1.3.304/py-setuptools-63.4.3-rg7efar', 'DO_JEDIATMENS': False, 'SP_INC8': 'include_8', 'KEEPDATA': False, 'XDG_CONFIG_DIRS': '/etc/xdg', 'MAKE_ACFTBUFR': False, '_ModuleTable059_': 'XT0iYWN0aXZlIixbInVzZXJOYW1lIl09InpsaWIvMS4yLjEzIix9LHpzdGQ9e1siZm4iXT0iL2FwcHMvb3BzL3Rlc3Qvc3BhY2stc3RhY2stMS42LjAtbmNvL2VudnMvbmNvLWludGVsLTE5LjEuMy4zMDQvaW5zdGFsbC9tb2R1bGVmaWxlcy9pbnRlbC8xOS4xLjMuMzA0L3pzdGQvMS41LjIubHVhIixbImZ1bGxOYW1lIl09InpzdGQvMS41LjIiLFsibG9hZE9yZGVyIl09MTkscHJvcFQ9e30sWyJyZWZfY291bnQiXT0yLFsic3RhY2tEZXB0aCJdPTMsWyJzdGF0dXMiXT0iYWN0aXZlIixbInVzZXJOYW1lIl09InpzdGQvMS41LjIiLH0sfSxtcGF0aEE9eyIvYXBwcy9vcHMvdGVzdC9zcGFjay1zdGFjay0xLjYuMC1uY28vZW52cy9uY28taW50ZWwtMTkuMS4zLjMwNC9pbnN0YWxs', 'PATH': '/apps/ops/test/spack-stack-1.6.0-nco/envs/nco-intel-19.1.3.304/install/intel/19.1.3.304/py-numpy-1.24.4-yosem2k/bin:/apps/ops/test/spack-stack-1.6.0-nco/envs/nco-intel-19.1.3.304/install/intel/19.1.3.304/py-pip-23.1.2-ohrscnx/bin:/apps/ops/test/spack-stack-1.6.0-nco/envs/nco-intel-19.1.3.304/install/intel/19.1.3.304/py-f90nml-1.4.3-rizmifn/bin:/apps/ops/test/spack-stack-1.6.0-nco/envs/nco-intel-19.1.3.304/install/intel/19.1.3.304/py-pycodestyle-2.11.0-bh2jlm5/bin:/apps/ops/test/spack-stack-1.6.0-nco/envs/nco-intel-19.1.3.304/install/intel/19.1.3.304/py-pybind11-2.11.1-wdb6paz/bin:/apps/ops/test/spack-stack-1.6.0-nco/envs/nco-intel-19.1.3.304/install/intel/19.1.3.304/py-netcdf4-1.5.8-6kubnk6/bin:/apps/ops/prod/nco/core/prod_util.v2.0.14/ush:/apps/ops/test/spack-stack-1.6.0-nco/envs/nco-intel-19.1.3.304/install/intel/19.1.3.304/netcdf-cxx4-4.3.1-lp7tiyf/bin:/apps/ops/test/spack-stack-1.6.0-nco/envs/nco-intel-19.1.3.304/install/intel/19.1.3.304/ncview-2.1.9-rv4j23b/bin:/apps/ops/test/spack-stack-1.6.0-nco/envs/nco-intel-19.1.3.304/install/intel/19.1.3.304/udunits-2.2.28-wmjzel4/bin:/apps/ops/test/spack-stack-1.6.0-nco/envs/nco-intel-19.1.3.304/install/intel/19.1.3.304/libxpm-3.5.12-dcjsyoi/bin:/apps/ops/test/spack-stack-1.6.0-nco/envs/nco-intel-19.1.3.304/install/intel/19.1.3.304/libpng-1.6.37-3sds4er/bin:/apps/ops/test/spack-stack-1.6.0-nco/envs/nco-intel-19.1.3.304/install/intel/19.1.3.304/libjpeg-turbo-2.1.0-rt44pqr/bin:/apps/ops/test/spack-stack-1.6.0-nco/envs/nco-intel-19.1.3.304/install/intel/19.1.3.304/ecmwf-atlas-0.35.0-42ufhdx/bin:/apps/ops/test/spack-stack-1.6.0-nco/envs/nco-intel-19.1.3.304/install/intel/19.1.3.304/qhull-2020.2-5ycwudw/bin:/apps/ops/test/spack-stack-1.6.0-nco/envs/nco-intel-19.1.3.304/install/intel/19.1.3.304/esmf-8.5.0-7huplmy/bin:/apps/ops/test/spack-stack-1.6.0-nco/envs/nco-intel-19.1.3.304/install/intel/19.1.3.304/fckit-0.11.0-7qg4hhj/bin:/apps/ops/test/spack-stack-1.6.0-nco/envs/nco-intel-19.1.3.304/install/intel/19.1.3.304/fftw-3.3.10-sefnta3/bin:/apps/ops/test/spack-stack-1.6.0-nco/envs/nco-intel-19.1.3.304/install/intel/19.1.3.304/eckit-1.24.5-isrgc5y/bin:/apps/ops/test/spack-stack-1.6.0-nco/envs/nco-intel-19.1.3.304/install/intel/19.1.3.304/openblas-0.3.24-7qwu32e/bin:/apps/ops/test/spack-stack-1.6.0-nco/envs/nco-intel-19.1.3.304/install/intel/19.1.3.304/ecbuild-3.7.2-ovbazu2/bin:/apps/ops/test/spack-stack-1.6.0-nco/envs/nco-intel-19.1.3.304/install/intel/19.1.3.304/bufr-12.0.1-tirva7g/bin:/apps/ops/test/spack-stack-1.6.0-nco/envs/nco-intel-19.1.3.304/install/intel/19.1.3.304/nco-5.0.6-6ykwuoz/bin:/apps/ops/test/spack-stack-1.6.0-nco/envs/nco-intel-19.1.3.304/install/intel/19.1.3.304/gsl-2.7.1-kr3c4v5/bin:/apps/ops/test/spack-stack-1.6.0-nco/envs/nco-intel-19.1.3.304/install/intel/19.1.3.304/antlr-2.7.7-hoqq24u/bin:/apps/ops/test/spack-stack-1.6.0-nco/envs/nco-intel-19.1.3.304/install/intel/19.1.3.304/netcdf-fortran-4.6.1-b4geqvx/bin:/apps/ops/test/spack-stack-1.6.0-nco/envs/nco-intel-19.1.3.304/install/intel/19.1.3.304/nccmp-1.9.0.1-dnptqlr/bin:/apps/ops/test/spack-stack-1.6.0-nco/envs/nco-intel-19.1.3.304/install/intel/19.1.3.304/netcdf-c-4.9.2-bcln2jr/bin:/apps/ops/test/spack-stack-1.6.0-nco/envs/nco-intel-19.1.3.304/install/intel/19.1.3.304/parallel-netcdf-1.12.2-77j7vnx/bin:/apps/ops/test/spack-stack-1.6.0-nco/envs/nco-intel-19.1.3.304/install/intel/19.1.3.304/hdf5-1.14.0-yckaywr/bin:/apps/spack/git-lfs/2.11.0/gcc/11.2.0/m6b6nl5kfqngfteqbggydc7kflxere3s/bin:/apps/ops/test/spack-stack-1.6.0-nco/envs/nco-intel-19.1.3.304/install/intel/19.1.3.304/curl-8.4.0-zr7lvkw/bin:/apps/ops/test/spack-stack-1.6.0-nco/envs/nco-intel-19.1.3.304/install/intel/19.1.3.304/pcre2-10.42-utn3zxn/bin:/apps/ops/test/spack-stack-1.6.0-nco/envs/nco-intel-19.1.3.304/install/intel/19.1.3.304/gettext-0.19.7-2fi4wu4/bin:/apps/ops/test/spack-stack-1.6.0-nco/envs/nco-intel-19.1.3.304/install/intel/19.1.3.304/tar-1.34-e7e3lq2/bin:/apps/ops/test/spack-stack-1.6.0-nco/envs/nco-intel-19.1.3.304/install/intel/19.1.3.304/zstd-1.5.2-pe6gdyf/bin:/apps/ops/test/spack-stack-1.6.0-nco/envs/nco-intel-19.1.3.304/install/intel/19.1.3.304/pigz-2.7-p2s5ywz/bin:/apps/ops/test/spack-stack-1.6.0-nco/envs/nco-intel-19.1.3.304/install/intel/19.1.3.304/cmake-3.23.1-chpcsen/bin:/opt/cray/pals/1.3.2/bin:/opt/cray/pe/craype/2.7.17/bin:/apps/ops/test/spack-stack-1.6.0-nco/envs/nco-intel-19.1.3.304/install/intel/19.1.3.304/python-3.10.13-qzt4y2i/bin:/apps/ops/test/spack-stack-1.6.0-nco/envs/nco-intel-19.1.3.304/install/intel/19.1.3.304/util-linux-uuid-2.38.1-jwatqmi/bin:/apps/ops/test/spack-stack-1.6.0-nco/envs/nco-intel-19.1.3.304/install/intel/19.1.3.304/sqlite-3.43.2-onahail/bin:/opt/cray/bin:/pe/intel/compilers_and_libraries_2020.4.304/linux/bin/intel64:/pe/intel/compilers_and_libraries_2020.4.304/linux/bin:/pe/intel/compilers_and_libraries_2020.4.304/linux/mpi/intel64/bin:/pe/intel/debugger_2020/gdb/intel64/bin:/u/emc.global/bin:/usr/local/bin:/usr/bin:/bin:/opt/c3/bin:/opt/pbs/bin:/sbin:.:/opt/cray/pe/bin', 'DO_TRACKER': True, 'PE_MPICH_GTL_LIBS_amd_gfx908': '-lmpi_gtl_hsa', '_ModuleTable014_': 'c3RhY2tEZXB0aCJdPTEsWyJzdGF0dXMiXT0iYWN0aXZlIixbInVzZXJOYW1lIl09ImZja2l0LzAuMTEuMCIsfSxmZnR3PXtbImZuIl09Ii9hcHBzL29wcy90ZXN0L3NwYWNrLXN0YWNrLTEuNi4wLW5jby9lbnZzL25jby1pbnRlbC0xOS4xLjMuMzA0L2luc3RhbGwvbW9kdWxlZmlsZXMvY3JheS1tcGljaC84LjEuOS9pbnRlbC8xOS4xLjMuMzA0L2ZmdHcvMy4zLjEwLmx1YSIsWyJmdWxsTmFtZSJdPSJmZnR3LzMuMy4xMCIsWyJsb2FkT3JkZXIiXT00NCxwcm9wVD17fSxbInN0YWNrRGVwdGgiXT0xLFsic3RhdHVzIl09ImFjdGl2ZSIsWyJ1c2VyTmFtZSJdPSJmZnR3LzMuMy4xMCIsfSxmbXM9e1siZm4iXT0iL2FwcHMvb3BzL3Rlc3Qvc3BhY2stc3RhY2stMS42LjAtbmNvL2Vu', 'TBBROOT': '/pe/intel/compilers_and_libraries_2020.4.304/linux/tbb', '__LMOD_REF_COUNT_PE_PRODUCT_LIST': 'CRAYPE:1;CRAYPE_X86_ROME:1', '_LMFILES_': '/opt/cray/pe/lmod/modulefiles/craype-targets/default/craype-x86-rome.lua:/apps/prod/lmodules/sys_core/envvar/1.0:/opt/cray/pe/lmod/modulefiles/core/PrgEnv-intel/8.3.3.lua:/apps/prod/lmodules/core/intel/19.1.3.304.lua:/apps/ops/test/spack-stack-1.6.0-nco/envs/nco-intel-19.1.3.304/install/modulefiles/Core/stack-intel/19.1.3.304.lua:/opt/cray/modulefiles/libfabric/1.20.1:/opt/cray/pe/lmod/modulefiles/craype-targets/default/craype-network-ofi.lua:/opt/cray/pe/lmod/modulefiles/comnet/intel/19.0/ofi/1.0/cray-mpich/8.1.9.lua:/apps/ops/test/spack-stack-1.6.0-nco/envs/nco-intel-19.1.3.304/install/modulefiles/intel/19.1.3.304/stack-cray-mpich/8.1.9.lua:/apps/ops/test/spack-stack-1.6.0-nco/envs/nco-intel-19.1.3.304/install/modulefiles/intel/19.1.3.304/libxcrypt/4.4.35.lua:/apps/ops/test/spack-stack-1.6.0-nco/envs/nco-intel-19.1.3.304/install/modulefiles/intel/19.1.3.304/sqlite/3.43.2.lua:/apps/ops/test/spack-stack-1.6.0-nco/envs/nco-intel-19.1.3.304/install/modulefiles/intel/19.1.3.304/util-linux-uuid/2.38.1.lua:/apps/ops/test/spack-stack-1.6.0-nco/envs/nco-intel-19.1.3.304/install/modulefiles/intel/19.1.3.304/python/3.10.13.lua:/apps/ops/test/spack-stack-1.6.0-nco/envs/nco-intel-19.1.3.304/install/modulefiles/intel/19.1.3.304/stack-python/3.10.13.lua:/opt/cray/pe/lmod/modulefiles/core/craype/2.7.17.lua:/opt/cray/pe/lmod/modulefiles/core/cray-pals/1.3.2.lua:/apps/ops/test/spack-stack-1.6.0-nco/envs/nco-intel-19.1.3.304/install/modulefiles/intel/19.1.3.304/cmake/3.23.1.lua:/apps/ops/test/spack-stack-1.6.0-nco/envs/nco-intel-19.1.3.304/install/modulefiles/intel/19.1.3.304/pigz/2.7.lua:/apps/ops/test/spack-stack-1.6.0-nco/envs/nco-intel-19.1.3.304/install/modulefiles/intel/19.1.3.304/zstd/1.5.2.lua:/apps/ops/test/spack-stack-1.6.0-nco/envs/nco-intel-19.1.3.304/install/modulefiles/intel/19.1.3.304/tar/1.34.lua:/apps/ops/test/spack-stack-1.6.0-nco/envs/nco-intel-19.1.3.304/install/modulefiles/intel/19.1.3.304/gettext/0.19.7.lua:/apps/ops/test/spack-stack-1.6.0-nco/envs/nco-intel-19.1.3.304/install/modulefiles/intel/19.1.3.304/pcre2/10.42.lua:/apps/ops/test/spack-stack-1.6.0-nco/envs/nco-intel-19.1.3.304/install/modulefiles/intel/19.1.3.304/curl/8.4.0.lua:/apps/ops/test/spack-stack-1.6.0-nco/envs/nco-intel-19.1.3.304/install/modulefiles/intel/19.1.3.304/zlib/1.2.13.lua:/apps/ops/test/spack-stack-1.6.0-nco/envs/nco-intel-19.1.3.304/install/modulefiles/intel/19.1.3.304/git/2.35.3.lua:/apps/prod/lmodules/core/git-lfs/2.11.0:/apps/ops/test/spack-stack-1.6.0-nco/envs/nco-intel-19.1.3.304/install/modulefiles/intel/19.1.3.304/pkg-config/0.29.2.lua:/apps/ops/test/spack-stack-1.6.0-nco/envs/nco-intel-19.1.3.304/install/modulefiles/cray-mpich/8.1.9/intel/19.1.3.304/hdf5/1.14.0.lua:/apps/ops/test/spack-stack-1.6.0-nco/envs/nco-intel-19.1.3.304/install/modulefiles/cray-mpich/8.1.9/intel/19.1.3.304/parallel-netcdf/1.12.2.lua:/apps/ops/test/spack-stack-1.6.0-nco/envs/nco-intel-19.1.3.304/install/modulefiles/cray-mpich/8.1.9/intel/19.1.3.304/netcdf-c/4.9.2.lua:/apps/ops/test/spack-stack-1.6.0-nco/envs/nco-intel-19.1.3.304/install/modulefiles/cray-mpich/8.1.9/intel/19.1.3.304/nccmp/1.9.0.1.lua:/apps/ops/test/spack-stack-1.6.0-nco/envs/nco-intel-19.1.3.304/install/modulefiles/cray-mpich/8.1.9/intel/19.1.3.304/netcdf-fortran/4.6.1.lua:/apps/ops/test/spack-stack-1.6.0-nco/envs/nco-intel-19.1.3.304/install/modulefiles/intel/19.1.3.304/antlr/2.7.7.lua:/apps/ops/test/spack-stack-1.6.0-nco/envs/nco-intel-19.1.3.304/install/modulefiles/intel/19.1.3.304/gsl/2.7.1.lua:/apps/ops/test/spack-stack-1.6.0-nco/envs/nco-intel-19.1.3.304/install/modulefiles/cray-mpich/8.1.9/intel/19.1.3.304/nco/5.0.6.lua:/apps/ops/test/spack-stack-1.6.0-nco/envs/nco-intel-19.1.3.304/install/modulefiles/cray-mpich/8.1.9/intel/19.1.3.304/parallelio/2.5.10.lua:/apps/ops/test/spack-stack-1.6.0-nco/envs/nco-intel-19.1.3.304/install/modulefiles/intel/19.1.3.304/boost/1.83.0.lua:/apps/ops/test/spack-stack-1.6.0-nco/envs/nco-intel-19.1.3.304/install/modulefiles/intel/19.1.3.304/bufr/12.0.1.lua:/apps/ops/test/spack-stack-1.6.0-nco/envs/nco-intel-19.1.3.304/install/modulefiles/intel/19.1.3.304/ecbuild/3.7.2.lua:/apps/ops/test/spack-stack-1.6.0-nco/envs/nco-intel-19.1.3.304/install/modulefiles/intel/19.1.3.304/openjpeg/2.5.0.lua:/apps/ops/test/spack-stack-1.6.0-nco/envs/nco-intel-19.1.3.304/install/modulefiles/intel/19.1.3.304/eigen/3.4.0.lua:/apps/ops/test/spack-stack-1.6.0-nco/envs/nco-intel-19.1.3.304/install/modulefiles/intel/19.1.3.304/openblas/0.3.24.lua:/apps/ops/test/spack-stack-1.6.0-nco/envs/nco-intel-19.1.3.304/install/modulefiles/cray-mpich/8.1.9/intel/19.1.3.304/eckit/1.24.5.lua:/apps/ops/test/spack-stack-1.6.0-nco/envs/nco-intel-19.1.3.304/install/modulefiles/cray-mpich/8.1.9/intel/19.1.3.304/fftw/3.3.10.lua:/apps/ops/test/spack-stack-1.6.0-nco/envs/nco-intel-19.1.3.304/install/modulefiles/cray-mpich/8.1.9/intel/19.1.3.304/fckit/0.11.0.lua:/apps/ops/test/spack-stack-1.6.0-nco/envs/nco-intel-19.1.3.304/install/modulefiles/cray-mpich/8.1.9/intel/19.1.3.304/fms/2023.04.lua:/apps/ops/test/spack-stack-1.6.0-nco/envs/nco-intel-19.1.3.304/install/modulefiles/cray-mpich/8.1.9/intel/19.1.3.304/esmf/8.5.0.lua:/apps/ops/test/spack-stack-1.6.0-nco/envs/nco-intel-19.1.3.304/install/modulefiles/intel/19.1.3.304/qhull/2020.2.lua:/apps/ops/test/spack-stack-1.6.0-nco/envs/nco-intel-19.1.3.304/install/modulefiles/cray-mpich/8.1.9/intel/19.1.3.304/atlas/0.35.0.lua:/apps/ops/test/spack-stack-1.6.0-nco/envs/nco-intel-19.1.3.304/install/modulefiles/intel/19.1.3.304/sp/2.5.0.lua:/apps/ops/test/spack-stack-1.6.0-nco/envs/nco-intel-19.1.3.304/install/modulefiles/intel/19.1.3.304/gsl-lite/0.37.0.lua:/apps/ops/test/spack-stack-1.6.0-nco/envs/nco-intel-19.1.3.304/install/modulefiles/intel/19.1.3.304/libjpeg/2.1.0.lua:/apps/ops/test/spack-stack-1.6.0-nco/envs/nco-intel-19.1.3.304/install/modulefiles/intel/19.1.3.304/libpng/1.6.37.lua:/apps/ops/test/spack-stack-1.6.0-nco/envs/nco-intel-19.1.3.304/install/modulefiles/intel/19.1.3.304/libxt/1.1.5.lua:/apps/ops/test/spack-stack-1.6.0-nco/envs/nco-intel-19.1.3.304/install/modulefiles/intel/19.1.3.304/libxmu/1.1.4.lua:/apps/ops/test/spack-stack-1.6.0-nco/envs/nco-intel-19.1.3.304/install/modulefiles/intel/19.1.3.304/libxpm/3.5.12.lua:/apps/ops/test/spack-stack-1.6.0-nco/envs/nco-intel-19.1.3.304/install/modulefiles/intel/19.1.3.304/libxaw/1.0.13.lua:/apps/ops/test/spack-stack-1.6.0-nco/envs/nco-intel-19.1.3.304/install/modulefiles/intel/19.1.3.304/udunits/2.2.28.lua:/apps/ops/test/spack-stack-1.6.0-nco/envs/nco-intel-19.1.3.304/install/modulefiles/cray-mpich/8.1.9/intel/19.1.3.304/ncview/2.1.9.lua:/apps/ops/test/spack-stack-1.6.0-nco/envs/nco-intel-19.1.3.304/install/modulefiles/cray-mpich/8.1.9/intel/19.1.3.304/netcdf-cxx4/4.3.1.lua:/apps/ops/prod/nco/modulefiles/core/prod_util/2.0.14:/apps/ops/test/spack-stack-1.6.0-nco/envs/nco-intel-19.1.3.304/install/modulefiles/intel/19.1.3.304/py-setuptools/63.4.3.lua:/apps/ops/test/spack-stack-1.6.0-nco/envs/nco-intel-19.1.3.304/install/modulefiles/intel/19.1.3.304/py-jinja2/3.1.2.lua:/apps/ops/test/spack-stack-1.6.0-nco/envs/nco-intel-19.1.3.304/install/modulefiles/cray-mpich/8.1.9/intel/19.1.3.304/py-netcdf4/1.5.8.lua:/apps/ops/test/spack-stack-1.6.0-nco/envs/nco-intel-19.1.3.304/install/modulefiles/intel/19.1.3.304/py-pybind11/2.11.1.lua:/apps/ops/test/spack-stack-1.6.0-nco/envs/nco-intel-19.1.3.304/install/modulefiles/intel/19.1.3.304/py-pycodestyle/2.11.0.lua:/apps/ops/test/spack-stack-1.6.0-nco/envs/nco-intel-19.1.3.304/install/modulefiles/intel/19.1.3.304/libyaml/0.2.5.lua:/apps/ops/test/spack-stack-1.6.0-nco/envs/nco-intel-19.1.3.304/install/modulefiles/intel/19.1.3.304/py-pyyaml/5.4.1.lua:/apps/ops/test/spack-stack-1.6.0-nco/envs/nco-intel-19.1.3.304/install/modulefiles/intel/19.1.3.304/py-scipy/1.10.1.lua:/apps/ops/test/spack-stack-1.6.0-nco/envs/nco-intel-19.1.3.304/install/modulefiles/intel/19.1.3.304/py-xarray/2023.7.0.lua:/apps/ops/test/spack-stack-1.6.0-nco/envs/nco-intel-19.1.3.304/install/modulefiles/intel/19.1.3.304/py-f90nml/1.4.3.lua:/apps/ops/test/spack-stack-1.6.0-nco/envs/nco-intel-19.1.3.304/install/modulefiles/intel/19.1.3.304/py-pip/23.1.2.lua:/apps/ops/test/spack-stack-1.6.0-nco/envs/nco-intel-19.1.3.304/install/modulefiles/intel/19.1.3.304/py-bottleneck/1.3.7.lua:/apps/ops/test/spack-stack-1.6.0-nco/envs/nco-intel-19.1.3.304/install/modulefiles/intel/19.1.3.304/py-numexpr/2.8.4.lua:/apps/ops/test/spack-stack-1.6.0-nco/envs/nco-intel-19.1.3.304/install/modulefiles/intel/19.1.3.304/py-six/1.16.0.lua:/apps/ops/test/spack-stack-1.6.0-nco/envs/nco-intel-19.1.3.304/install/modulefiles/intel/19.1.3.304/py-python-dateutil/2.8.2.lua:/apps/ops/test/spack-stack-1.6.0-nco/envs/nco-intel-19.1.3.304/install/modulefiles/intel/19.1.3.304/py-pytz/2023.3.lua:/apps/ops/test/spack-stack-1.6.0-nco/envs/nco-intel-19.1.3.304/install/modulefiles/intel/19.1.3.304/py-pandas/1.5.3.lua:/apps/ops/test/spack-stack-1.6.0-nco/envs/nco-intel-19.1.3.304/install/modulefiles/intel/19.1.3.304/py-markupsafe/2.1.3.lua:/apps/ops/test/spack-stack-1.6.0-nco/envs/nco-intel-19.1.3.304/install/modulefiles/intel/19.1.3.304/py-numpy/1.24.4.lua:/apps/ops/test/spack-stack-1.6.0-nco/envs/nco-intel-19.1.3.304/install/modulefiles/intel/19.1.3.304/py-cftime/1.0.3.4.lua:/apps/ops/test/spack-stack-1.6.0-nco/envs/nco-intel-19.1.3.304/install/modulefiles/intel/19.1.3.304/py-packaging/23.1.lua:/lfs/h2/emc/global/noscrub/emc.global/RETRO_GFSv17/git/global-workflow/develop_20250602/sorc/gdas.cd/modulefiles/GDAS/wcoss2.intel.lua', 'COMDATEROOT': '/lfs/h1/ops/prod/com', 'EXECgfs': '/lfs/h2/emc/global/noscrub/emc.global/RETRO_GFSv17/git/global-workflow/develop_20250602/exec', 'cycle': 't18z', 'LEVS': 128, 'pgmerr': 'errfile', 'PS4': '+ $(basename ${BASH_SOURCE[0]:-${FUNCNAME[0]:-"Unknown"}})[${LINENO}]', 'py_scipy_ROOT': '/apps/ops/test/spack-stack-1.6.0-nco/envs/nco-intel-19.1.3.304/install/intel/19.1.3.304/py-scipy-1.10.1-236sa7x', 'BASE_GIT': '/lfs/h2/emc/global/save/emc.global/git', 'PBS_QUEUE': 'devmax', 'MODULESHOME': '/usr/share/lmod/lmod', 'COM_CHEM_ANLMON_TMPL': '${ROTDIR}/${RUN}.${YMD}/${HH}/${MEMDIR}/products/chem/anlmon', 'LMOD_SETTARG_FULL_SUPPORT': False, 'PKG_CONFIG_PATH': '/apps/ops/test/spack-stack-1.6.0-nco/envs/nco-intel-19.1.3.304/install/intel/19.1.3.304/libyaml-0.2.5-ygjrdvo/lib/pkgconfig:/apps/ops/test/spack-stack-1.6.0-nco/envs/nco-intel-19.1.3.304/install/intel/19.1.3.304/py-pybind11-2.11.1-wdb6paz/share/pkgconfig:/apps/ops/test/spack-stack-1.6.0-nco/envs/nco-intel-19.1.3.304/install/intel/19.1.3.304/netcdf-cxx4-4.3.1-lp7tiyf/lib/pkgconfig:/apps/ops/test/spack-stack-1.6.0-nco/envs/nco-intel-19.1.3.304/install/intel/19.1.3.304/libxaw-1.0.13-gdstphl/lib/pkgconfig:/apps/ops/test/spack-stack-1.6.0-nco/envs/nco-intel-19.1.3.304/install/intel/19.1.3.304/libxpm-3.5.12-dcjsyoi/lib/pkgconfig:/apps/ops/test/spack-stack-1.6.0-nco/envs/nco-intel-19.1.3.304/install/intel/19.1.3.304/libxmu-1.1.4-xhe6hjc/lib/pkgconfig:/apps/ops/test/spack-stack-1.6.0-nco/envs/nco-intel-19.1.3.304/install/intel/19.1.3.304/libxt-1.1.5-r2mrglu/lib/pkgconfig:/apps/ops/test/spack-stack-1.6.0-nco/envs/nco-intel-19.1.3.304/install/intel/19.1.3.304/libpng-1.6.37-3sds4er/lib64/pkgconfig:/apps/ops/test/spack-stack-1.6.0-nco/envs/nco-intel-19.1.3.304/install/intel/19.1.3.304/libjpeg-turbo-2.1.0-rt44pqr/lib64/pkgconfig:/apps/ops/test/spack-stack-1.6.0-nco/envs/nco-intel-19.1.3.304/install/intel/19.1.3.304/ecmwf-atlas-0.35.0-42ufhdx/lib64/pkgconfig:/apps/ops/test/spack-stack-1.6.0-nco/envs/nco-intel-19.1.3.304/install/intel/19.1.3.304/qhull-2020.2-5ycwudw/lib/pkgconfig:/apps/ops/test/spack-stack-1.6.0-nco/envs/nco-intel-19.1.3.304/install/intel/19.1.3.304/fftw-3.3.10-sefnta3/lib/pkgconfig:/apps/ops/test/spack-stack-1.6.0-nco/envs/nco-intel-19.1.3.304/install/intel/19.1.3.304/eckit-1.24.5-isrgc5y/lib64/pkgconfig:/apps/ops/test/spack-stack-1.6.0-nco/envs/nco-intel-19.1.3.304/install/intel/19.1.3.304/openblas-0.3.24-7qwu32e/lib/pkgconfig:/apps/ops/test/spack-stack-1.6.0-nco/envs/nco-intel-19.1.3.304/install/intel/19.1.3.304/eigen-3.4.0-7qdffiv/share/pkgconfig:/apps/ops/test/spack-stack-1.6.0-nco/envs/nco-intel-19.1.3.304/install/intel/19.1.3.304/openjpeg-2.5.0-ulqgnem/lib/pkgconfig:/apps/ops/test/spack-stack-1.6.0-nco/envs/nco-intel-19.1.3.304/install/intel/19.1.3.304/gsl-2.7.1-kr3c4v5/lib/pkgconfig:/apps/ops/test/spack-stack-1.6.0-nco/envs/nco-intel-19.1.3.304/install/intel/19.1.3.304/netcdf-fortran-4.6.1-b4geqvx/lib/pkgconfig:/apps/ops/test/spack-stack-1.6.0-nco/envs/nco-intel-19.1.3.304/install/intel/19.1.3.304/netcdf-c-4.9.2-bcln2jr/lib/pkgconfig:/apps/ops/test/spack-stack-1.6.0-nco/envs/nco-intel-19.1.3.304/install/intel/19.1.3.304/parallel-netcdf-1.12.2-77j7vnx/lib/pkgconfig:/apps/ops/test/spack-stack-1.6.0-nco/envs/nco-intel-19.1.3.304/install/intel/19.1.3.304/hdf5-1.14.0-yckaywr/lib/pkgconfig:/usr/share/pkgconfig:/usr/lib64/pkgconfig:/usr/lib/pkgconfig:/apps/ops/test/spack-stack-1.6.0-nco/envs/nco-intel-19.1.3.304/install/intel/19.1.3.304/zlib-1.2.13-yoc3h4p/lib/pkgconfig:/apps/ops/test/spack-stack-1.6.0-nco/envs/nco-intel-19.1.3.304/install/intel/19.1.3.304/curl-8.4.0-zr7lvkw/lib/pkgconfig:/apps/ops/test/spack-stack-1.6.0-nco/envs/nco-intel-19.1.3.304/install/intel/19.1.3.304/pcre2-10.42-utn3zxn/lib/pkgconfig:/apps/ops/test/spack-stack-1.6.0-nco/envs/nco-intel-19.1.3.304/install/intel/19.1.3.304/zstd-1.5.2-pe6gdyf/lib/pkgconfig:/opt/cray/pe/craype/2.7.17/pkg-config:/apps/ops/test/spack-stack-1.6.0-nco/envs/nco-intel-19.1.3.304/install/intel/19.1.3.304/python-3.10.13-qzt4y2i/lib/pkgconfig:/apps/ops/test/spack-stack-1.6.0-nco/envs/nco-intel-19.1.3.304/install/intel/19.1.3.304/util-linux-uuid-2.38.1-jwatqmi/lib/pkgconfig:/apps/ops/test/spack-stack-1.6.0-nco/envs/nco-intel-19.1.3.304/install/intel/19.1.3.304/sqlite-3.43.2-onahail/lib/pkgconfig:/apps/ops/test/spack-stack-1.6.0-nco/envs/nco-intel-19.1.3.304/install/intel/19.1.3.304/libxcrypt-4.4.35-soueqga/lib/pkgconfig:/opt/cray/lib64/pkgconfig:/pe/intel/compilers_and_libraries_2020.4.304/linux/mkl/bin/pkgconfig', 'INFOPATH': '/pe/intel/documentation_2020/en/debugger/gdb-ia/info::/apps/docs/info', 'G_BROKEN_FILENAMES': 1, 'py_pip_ROOT': '/apps/ops/test/spack-stack-1.6.0-nco/envs/nco-intel-19.1.3.304/install/intel/19.1.3.304/py-pip-23.1.2-ohrscnx', 'FHOUT_OCN': 3, 'COM_ATMOS_GENESIS_TMPL': '${ROTDIR}/${RUN}.${YMD}/${HH}/${MEMDIR}/products/atmos/cyclone/genesis_vital', 'I_MPI_ROOT': '/pe/intel/compilers_and_libraries_2020.4.304/linux/mpi', '_ModuleTable011_': 'aW50ZWwtMTkuMS4zLjMwNC9pbnN0YWxsL21vZHVsZWZpbGVzL2NyYXktbXBpY2gvOC4xLjkvaW50ZWwvMTkuMS4zLjMwNC9lY2tpdC8xLjI0LjUubHVhIixbImZ1bGxOYW1lIl09ImVja2l0LzEuMjQuNSIsWyJsb2FkT3JkZXIiXT00Myxwcm9wVD17fSxbInJlZl9jb3VudCJdPTIsWyJzdGFja0RlcHRoIl09MSxbInN0YXR1cyJdPSJhY3RpdmUiLFsidXNlck5hbWUiXT0iZWNraXQvMS4yNC41Iix9LGVpZ2VuPXtbImZuIl09Ii9hcHBzL29wcy90ZXN0L3NwYWNrLXN0YWNrLTEuNi4wLW5jby9lbnZzL25jby1pbnRlbC0xOS4xLjMuMzA0L2luc3RhbGwvbW9kdWxlZmlsZXMvaW50ZWwvMTkuMS4zLjMwNC9laWdlbi8zLjQuMC5sdWEiLFsiZnVsbE5hbWUiXT0iZWlnZW4vMy40LjAi', 'IAUFHRS_ENKF': [3, 6, 9], '_ModuleTable030_': 'Y28taW50ZWwtMTkuMS4zLjMwNC9pbnN0YWxsL21vZHVsZWZpbGVzL2NyYXktbXBpY2gvOC4xLjkvaW50ZWwvMTkuMS4zLjMwNC9uZXRjZGYtZm9ydHJhbi80LjYuMS5sdWEiLFsiZnVsbE5hbWUiXT0ibmV0Y2RmLWZvcnRyYW4vNC42LjEiLFsibG9hZE9yZGVyIl09MzIscHJvcFQ9e30sWyJyZWZfY291bnQiXT0zLFsic3RhY2tEZXB0aCJdPTEsWyJzdGF0dXMiXT0iYWN0aXZlIixbInVzZXJOYW1lIl09Im5ldGNkZi1mb3J0cmFuLzQuNi4xIix9LG9wZW5ibGFzPXtbImZuIl09Ii9hcHBzL29wcy90ZXN0L3NwYWNrLXN0YWNrLTEuNi4wLW5jby9lbnZzL25jby1pbnRlbC0xOS4xLjMuMzA0L2luc3RhbGwvbW9kdWxlZmlsZXMvaW50ZWwvMTkuMS4zLjMwNC9vcGVuYmxhcy8wLjMu', 'SP_INCd': 'include_d', 'HISTSIZE': 10000, 'CRAYPE_DIR': '/opt/cray/pe/craype/2.7.17', '_ModuleTable063_': 'cmUiLCIvb3B0L2NyYXkvcGUvbG1vZC9tb2R1bGVmaWxlcy9jcmF5cGUtdGFyZ2V0cy9kZWZhdWx0IiwiL2FwcHMvcHJvZC9sbW9kdWxlcy9zeXNfY29yZSIsIi9hcHBzL29wcy9wcm9kL25jby9tb2R1bGVmaWxlcy9jb3JlIiwiL2FwcHMvcHJvZC9sbW9kdWxlcy9jb3JlIiwiL29wdC9jcmF5L21vZHVsZWZpbGVzIix9LFsic3lzdGVtQmFzZU1QQVRIIl09Ii91c3Ivc2hhcmUvbW9kdWxlczovdXNyL3NoYXJlL01vZHVsZXMvJE1PRFVMRV9WRVJTSU9OL21vZHVsZWZpbGVzOi91c3Ivc2hhcmUvbW9kdWxlcy9tb2R1bGVmaWxlczovdXNyL3NoYXJlL21vZHVsZWZpbGVzL0xpbnV4Oi91c3Ivc2hhcmUvbW9kdWxlZmlsZXMvQ29yZTovdXNyL3NoYXJlL2xtb2QvbG1vZC9tb2R1bGVm', 'BUFR_INC4': '/apps/ops/test/spack-stack-1.6.0-nco/envs/nco-intel-19.1.3.304/install/intel/19.1.3.304/bufr-12.0.1-tirva7g/include/bufr_4', 'INCREMENTS_TO_ZERO': ["'liq_wat_inc'", "'icmr_inc'", "'rwmr_inc'", "'snmr_inc'", "'grle_inc'"], 'LMOD_PKG': '/usr/share/lmod/lmod', '__LMOD_REF_COUNT_PE_MPICH_PKGCONFIG_LIBS': 'mpich:1', 'IAU_OFFSET': 6, 'DO_GENESIS_FSU': False, 'antlr_ROOT': '/apps/ops/test/spack-stack-1.6.0-nco/envs/nco-intel-19.1.3.304/install/intel/19.1.3.304/antlr-2.7.7-hoqq24u', 'GDASAPP_TESTDATA': '/lfs/h2/emc/da/noscrub/emc.da/GDASApp/testdata', 'fms_ROOT': '/apps/ops/test/spack-stack-1.6.0-nco/envs/nco-intel-19.1.3.304/install/intel/19.1.3.304/fms-2023.04-utbqnz3', '_ModuleTable045_': 'YWNrRGVwdGgiXT0xLFsic3RhdHVzIl09ImFjdGl2ZSIsWyJ1c2VyTmFtZSJdPSJweS1weWJpbmQxMS8yLjExLjEiLH0sWyJweS1weWNvZGVzdHlsZSJdPXtbImZuIl09Ii9hcHBzL29wcy90ZXN0L3NwYWNrLXN0YWNrLTEuNi4wLW5jby9lbnZzL25jby1pbnRlbC0xOS4xLjMuMzA0L2luc3RhbGwvbW9kdWxlZmlsZXMvaW50ZWwvMTkuMS4zLjMwNC9weS1weWNvZGVzdHlsZS8yLjExLjAubHVhIixbImZ1bGxOYW1lIl09InB5LXB5Y29kZXN0eWxlLzIuMTEuMCIsWyJsb2FkT3JkZXIiXT02Nixwcm9wVD17fSxbInN0YWNrRGVwdGgiXT0xLFsic3RhdHVzIl09ImFjdGl2ZSIsWyJ1c2VyTmFtZSJdPSJweS1weWNvZGVzdHlsZS8yLjExLjAiLH0sWyJweS1weXRob24tZGF0ZXV0aWwi', 'FHMAX_HF_GFS': 120, 'COM_WAVE_STATION_TMPL': '${ROTDIR}/${RUN}.${YMD}/${HH}/${MEMDIR}/products/wave/station', 'py_cftime_ROOT': '/apps/ops/test/spack-stack-1.6.0-nco/envs/nco-intel-19.1.3.304/install/intel/19.1.3.304/py-cftime-1.0.3.4-dka7hny', 'COMIN_OBS': '/lfs/h2/emc/ptmp/emc.global/RETRO_GFSv17/comroot/retrotestgfs10/gdas.20241124/18/obs', 'py_pybind11_ROOT': '/apps/ops/test/spack-stack-1.6.0-nco/envs/nco-intel-19.1.3.304/install/intel/19.1.3.304/py-pybind11-2.11.1-wdb6paz', 'COM_CONF_TMPL': '${ROTDIR}/${RUN}.${YMD}/${HH}/${MEMDIR}/conf', 'CPU': 'x86_64', '__LMOD_REF_COUNT_PE_PKGCONFIG_LIBS': 'mpich:1', '_ModuleTable053_': 'ImxvYWRPcmRlciJdPTUwLHByb3BUPXt9LFsic3RhY2tEZXB0aCJdPTEsWyJzdGF0dXMiXT0iYWN0aXZlIixbInVzZXJOYW1lIl09InNwLzIuNS4wIix9LHNxbGl0ZT17WyJmbiJdPSIvYXBwcy9vcHMvdGVzdC9zcGFjay1zdGFjay0xLjYuMC1uY28vZW52cy9uY28taW50ZWwtMTkuMS4zLjMwNC9pbnN0YWxsL21vZHVsZWZpbGVzL2ludGVsLzE5LjEuMy4zMDQvc3FsaXRlLzMuNDMuMi5sdWEiLFsiZnVsbE5hbWUiXT0ic3FsaXRlLzMuNDMuMiIsWyJsb2FkT3JkZXIiXT0xMSxwcm9wVD17fSxbInJlZl9jb3VudCJdPTEsWyJzdGFja0RlcHRoIl09MyxbInN0YXR1cyJdPSJhY3RpdmUiLFsidXNlck5hbWUiXT0ic3FsaXRlLzMuNDMuMiIsfSxbInN0YWNrLWNyYXktbXBpY2giXT17', 'BUFR_LIB4': '/apps/ops/test/spack-stack-1.6.0-nco/envs/nco-intel-19.1.3.304/install/intel/19.1.3.304/bufr-12.0.1-tirva7g/lib64/libbufr_4.so', 'CRAYPE_VERSION': '2.7.17', 'COM_ATMOS_TRACK_TMPL': '${ROTDIR}/${RUN}.${YMD}/${HH}/${MEMDIR}/products/atmos/cyclone/tracks', 'PTMP': '/lfs/h2/emc/ptmp/emc.global', 'FHOUT_HF_WAV': 1, 'DONST': True, 'LMOD_CMD': '/usr/share/lmod/lmod/libexec/lmod', '_ModuleTable005_': 'LzEuODMuMCIsWyJsb2FkT3JkZXIiXT0zNyxwcm9wVD17fSxbInJlZl9jb3VudCJdPTEsWyJzdGFja0RlcHRoIl09MSxbInN0YXR1cyJdPSJhY3RpdmUiLFsidXNlck5hbWUiXT0iYm9vc3QvMS44My4wIix9LGJ1ZnI9e1siZm4iXT0iL2FwcHMvb3BzL3Rlc3Qvc3BhY2stc3RhY2stMS42LjAtbmNvL2VudnMvbmNvLWludGVsLTE5LjEuMy4zMDQvaW5zdGFsbC9tb2R1bGVmaWxlcy9pbnRlbC8xOS4xLjMuMzA0L2J1ZnIvMTIuMC4xLmx1YSIsWyJmdWxsTmFtZSJdPSJidWZyLzEyLjAuMSIsWyJsb2FkT3JkZXIiXT0zOCxwcm9wVD17fSxbInN0YWNrRGVwdGgiXT0xLFsic3RhdHVzIl09ImFjdGl2ZSIsWyJ1c2VyTmFtZSJdPSJidWZyLzEyLjAuMSIsfSxjbWFrZT17WyJmbiJdPSIv', 'CI_PTMP': '/lfs/h2/emc/ptmp/emc.global', 'STMP': '/lfs/h2/emc/stmp/emc.global', 'CRAY_MPICH_PREFIX': '/opt/cray/pe/mpich/8.1.9/ofi/intel/19.0', 'python_ROOT': '/apps/ops/test/spack-stack-1.6.0-nco/envs/nco-intel-19.1.3.304/install/intel/19.1.3.304/python-3.10.13-qzt4y2i', 'CHGRP_RSTPROD': True, 'DBNROOT': '/apps/ops/prod/nco/core/prod_util.v2.0.14/fakedbn', 'CVS_RSH': 'ssh', '_ModuleTable042_': 'bG9hZE9yZGVyIl09ODAscHJvcFQ9e30sWyJyZWZfY291bnQiXT0xLFsic3RhY2tEZXB0aCJdPTIsWyJzdGF0dXMiXT0iYWN0aXZlIixbInVzZXJOYW1lIl09InB5LW51bXB5LzEuMjQuNCIsfSxbInB5LXBhY2thZ2luZyJdPXtbImZuIl09Ii9hcHBzL29wcy90ZXN0L3NwYWNrLXN0YWNrLTEuNi4wLW5jby9lbnZzL25jby1pbnRlbC0xOS4xLjMuMzA0L2luc3RhbGwvbW9kdWxlZmlsZXMvaW50ZWwvMTkuMS4zLjMwNC9weS1wYWNrYWdpbmcvMjMuMS5sdWEiLFsiZnVsbE5hbWUiXT0icHktcGFja2FnaW5nLzIzLjEiLFsibG9hZE9yZGVyIl09ODIscHJvcFQ9e30sWyJzdGFja0RlcHRoIl09MSxbInN0YXR1cyJdPSJhY3RpdmUiLFsidXNlck5hbWUiXT0icHktcGFja2FnaW5nLzIz', 'PBS_O_MAIL': '/var/spool/mail/emc.global', 'OMP_NUM_THREADS': 1, 'LESSOPEN': 'lessopen.sh %s', '_ModuleTable020_': 'MzA0Iix9LGxpYmZhYnJpYz17WyJmbiJdPSIvb3B0L2NyYXkvbW9kdWxlZmlsZXMvbGliZmFicmljLzEuMjAuMSIsWyJmdWxsTmFtZSJdPSJsaWJmYWJyaWMvMS4yMC4xIixbImxvYWRPcmRlciJdPTYscHJvcFQ9e30sWyJzdGFja0RlcHRoIl09MyxbInN0YXR1cyJdPSJhY3RpdmUiLFsidXNlck5hbWUiXT0ibGliZmFicmljIix9LGxpYmpwZWc9e1siZm4iXT0iL2FwcHMvb3BzL3Rlc3Qvc3BhY2stc3RhY2stMS42LjAtbmNvL2VudnMvbmNvLWludGVsLTE5LjEuMy4zMDQvaW5zdGFsbC9tb2R1bGVmaWxlcy9pbnRlbC8xOS4xLjMuMzA0L2xpYmpwZWcvMi4xLjAubHVhIixbImZ1bGxOYW1lIl09ImxpYmpwZWcvMi4xLjAiLFsibG9hZE9yZGVyIl09NTIscHJvcFQ9e30sWyJzdGFj', 'COM_OCEAN_HISTORY_TMPL': '${ROTDIR}/${RUN}.${YMD}/${HH}/${MEMDIR}/model/ocean/history', 'EXP_WARM_START': True, 'FHMAX_WAV': 9, 'LMOD_DIR': '/usr/share/lmod/lmod/libexec', 'libxt_ROOT': '/apps/ops/test/spack-stack-1.6.0-nco/envs/nco-intel-19.1.3.304/install/intel/19.1.3.304/libxt-1.1.5-r2mrglu', 'LC_TIME': 'C.UTF-8', 'SCRgfs': '/lfs/h2/emc/global/noscrub/emc.global/RETRO_GFSv17/git/global-workflow/develop_20250602/scripts', 'LMOD_FAMILY_MPI': 'cray-mpich', 'BASH_FUNC_postamble%%': '() {  set +x;\n script="${1}";\n start_time="${2}";\n rc="${3}";\n if [[ -v \'POSTAMBLE_CMD\' ]]; then\n ${POSTAMBLE_CMD};\n fi;\n end_time=$(date +%s);\n end_time_human=$(date -d@"${end_time}" -u +%H:%M:%S);\n elapsed_sec=$((end_time - start_time));\n elapsed=$(date -d@"${elapsed_sec}" -u +%H:%M:%S);\n echo "End ${script} at ${end_time_human} with error code ${rc:-0} (time elapsed: ${elapsed})";\n exit "${rc}"\n}', 'BASH_FUNC_set_strict%%': '() {  if [[ ${STRICT:-"YES"} == "YES" ]]; then\n set -eu;\n fi\n}', 'BASH_FUNC_module%%': '() {  eval $($LMOD_CMD bash "$@") && eval $(${LMOD_SETTARG_CMD:-:} -s sh)\n}', 'BASH_FUNC_set_trace%%': '() {  if [[ ${TRACE:-"YES"} == "YES" ]]; then\n set -x;\n fi\n}', 'BASH_FUNC_declare_from_tmpl%%': '() {  if [[ ${DEBUG_WORKFLOW:-"NO"} == "NO" ]]; then\n set +x;\n fi;\n local opts="-g";\n local OPTIND=1;\n while getopts "rx" option; do\n opts="${opts}${option}";\n done;\n shift $((OPTIND-1));\n for input in "$@";\n do\n IFS=\':\' read -ra args <<< "${input}";\n local com_var="${args[0]}";\n local template;\n local value;\n if (( ${#args[@]} > 1 )); then\n template="${args[1]}";\n else\n template="${com_var}_TMPL";\n fi;\n if [[ ! -v "${template}" ]]; then\n echo "FATAL ERROR in declare_from_tmpl: Requested template ${template} not defined!";\n exit 2;\n fi;\n value=$(echo "${!template}" | envsubst);\n declare ${opts} "${com_var}"="${value}";\n echo "declare_from_tmpl :: ${com_var}=${value}";\n done;\n set_trace\n}', 'BASH_FUNC_wait_for_file%%': '() {  set +x;\n local file_name=${1:?"wait_for_file() requires a file name"};\n local sleep_interval=${2:-60};\n local max_tries=${3:-100};\n for ((iter=0; iter<max_tries; iter++ ))\n do\n if [[ -r ${file_name} ]]; then\n set_trace;\n return 0;\n fi;\n sleep "${sleep_interval}";\n done;\n set_trace;\n return 1\n}', 'BASH_FUNC_err_exit%%': ['() {  set +eux;\n msg1=${*:-Job ${jobid} failed};\n if [[ -n "${pgm}" ]]; then\n msg1+="', 'ERROR IN ${pgm}";\n fi;\n if [[ -n "${err}" ]]; then\n msg1+=" RETURN CODE ${err}";\n fi;\n msg2="\n    -------------------------------------------------------------\n    -- FATAL ERROR: ${msg1}\n    -- ABNORMAL EXIT at $(date) on ${HOSTNAME}\n    -------------------------------------------------------------\n    ";\n echo "${msg2}" 1>&2;\n module list;\n echo "" 1>&2;\n echo "${msg1}" 1>&2;\n if [[ -n "${DATA}" ]]; then\n echo "${DATA}" 1>&2;\n ls -ltr "${DATA}" 1>&2;\n else\n echo "WARNING: DATA variable not defined" 1>&2;\n fi;\n if [[ -n "${pgmout}" ]]; then\n if [[ -s errfile ]]; then\n echo "----- contents of errfile -----" >> "${pgmout}";\n cat errfile >> "${pgmout}";\n fi;\n cat "${pgmout}" 1>&2;\n else\n if [[ -s errfile ]]; then\n cat errfile 1>&2;\n fi;\n fi;\n if [[ "${SENDECF}" = "YES" ]]; then\n timeout 30 ecflow_client --msg "${ECF_NAME}: ${msg1}";\n timeout 30 ssh "${ECF_HOST}" "echo \\"${msg}2\\" >> ${ECF_JOBOUT:?}";\n fi;\n if [[ "${SENDECF}" = "YES" ]]; then\n ecflow_client --kill="${ECF_NAME:?}";\n fi;\n if [[ -n "${PBS_JOBID}" ]]; then\n qdel "${PBS_JOBID}";\n else\n if [[ -n "${SLURM_JOB_ID}" ]]; then\n scancel "${SLURM_JOB_ID}";\n fi;\n fi\n}'], 'BASH_FUNC_ml%%': '() {  eval $($LMOD_DIR/ml_cmd "$@")\n}', '_': '/lfs/h2/emc/global/noscrub/emc.global/RETRO_GFSv17/git/global-workflow/develop_20250602/scripts/exglobal_analysis_stats.py', 'current_cycle': datetime.datetime(2024, 11, 24, 18, 0), 'previous_cycle': datetime.datetime(2024, 11, 24, 12, 0), 'STAT_WINDOW_BEGIN': datetime.datetime(2024, 11, 24, 15, 0), 'STAT_WINDOW_LENGTH': 'PT6H', 'OPREFIX': 'gdas.t18z.', 'APREFIX': 'gdas.t18z.', 'GPREFIX': 'gdas.t12z.', 'STAT_ANALYSES': ['snow']}, ['aero', 'atmos', 'snow'] )[0m
[38;21m2025-06-16 18:21:15,164 - INFO     - jedi        : BEGIN: Jedi.__init__[0m
[38;5;39m2025-06-16 18:21:15,164 - DEBUG    - jedi        : ( <pygfs.jedi.jedi.Jedi object at 0x14fbbe83b070>, {'rundir': '/lfs/h2/emc/stmp/emc.global/RUNDIRS/retrotestgfs10/gdas.2024112418/anlstat.1165235', 'exe_src': '/lfs/h2/emc/global/noscrub/emc.global/RETRO_GFSv17/git/global-workflow/develop_20250602/sorc/gdas.cd/build/bin/ioda-stats.x', 'mpi_cmd': 'mpiexec -l -n 20', 'jcb_base_yaml': '/lfs/h2/emc/global/noscrub/emc.global/RETRO_GFSv17/git/global-workflow/develop_20250602/parm/gdas/stat/aero/jcb-base.yaml.j2', 'jcb_algo_yaml': '/lfs/h2/emc/global/noscrub/emc.global/RETRO_GFSv17/git/global-workflow/develop_20250602/parm/gdas/jcb-algorithms/anlstat.yaml.j2', 'jcb_algo': 'anlstat', 'yaml_name': 'aero', 'jedi_args': None} )[0m
[38;21m2025-06-16 18:21:15,164 - INFO     - jedi        :   END: Jedi.__init__[0m
[38;5;39m2025-06-16 18:21:15,164 - DEBUG    - jedi        :  returning: None[0m
[38;21m2025-06-16 18:21:15,164 - INFO     - jedi        : BEGIN: Jedi.__init__[0m
[38;5;39m2025-06-16 18:21:15,164 - DEBUG    - jedi        : ( <pygfs.jedi.jedi.Jedi object at 0x14fbbe838340>, {'rundir': '/lfs/h2/emc/stmp/emc.global/RUNDIRS/retrotestgfs10/gdas.2024112418/anlstat.1165235', 'exe_src': '/lfs/h2/emc/global/noscrub/emc.global/RETRO_GFSv17/git/global-workflow/develop_20250602/sorc/gdas.cd/build/bin/ioda-stats.x', 'mpi_cmd': 'mpiexec -l -n 20', 'jcb_base_yaml': '/lfs/h2/emc/global/noscrub/emc.global/RETRO_GFSv17/git/global-workflow/develop_20250602/parm/gdas/stat/atmos/jcb-base.yaml.j2', 'jcb_algo_yaml': '/lfs/h2/emc/global/noscrub/emc.global/RETRO_GFSv17/git/global-workflow/develop_20250602/parm/gdas/jcb-algorithms/anlstat.yaml.j2', 'jcb_algo': 'anlstat', 'yaml_name': 'atmos', 'jedi_args': None} )[0m
[38;21m2025-06-16 18:21:15,164 - INFO     - jedi        :   END: Jedi.__init__[0m
[38;5;39m2025-06-16 18:21:15,164 - DEBUG    - jedi        :  returning: None[0m
[38;21m2025-06-16 18:21:15,165 - INFO     - jedi        : BEGIN: Jedi.__init__[0m
[38;5;39m2025-06-16 18:21:15,165 - DEBUG    - jedi        : ( <pygfs.jedi.jedi.Jedi object at 0x14fbbe8381c0>, {'rundir': '/lfs/h2/emc/stmp/emc.global/RUNDIRS/retrotestgfs10/gdas.2024112418/anlstat.1165235', 'exe_src': '/lfs/h2/emc/global/noscrub/emc.global/RETRO_GFSv17/git/global-workflow/develop_20250602/sorc/gdas.cd/build/bin/ioda-stats.x', 'mpi_cmd': 'mpiexec -l -n 20', 'jcb_base_yaml': '/lfs/h2/emc/global/noscrub/emc.global/RETRO_GFSv17/git/global-workflow/develop_20250602/parm/gdas/stat/snow/jcb-base.yaml.j2', 'jcb_algo_yaml': '/lfs/h2/emc/global/noscrub/emc.global/RETRO_GFSv17/git/global-workflow/develop_20250602/parm/gdas/jcb-algorithms/anlstat.yaml.j2', 'jcb_algo': 'anlstat', 'yaml_name': 'snow', 'jedi_args': None} )[0m
[38;21m2025-06-16 18:21:15,165 - INFO     - jedi        :   END: Jedi.__init__[0m
[38;5;39m2025-06-16 18:21:15,165 - DEBUG    - jedi        :  returning: None[0m
[38;21m2025-06-16 18:21:15,165 - INFO     - jedi        :   END: pygfs.jedi.jedi.get_jedi_dict[0m
[38;5;39m2025-06-16 18:21:15,165 - DEBUG    - jedi        :  returning: {'aero': <pygfs.jedi.jedi.Jedi object at 0x14fbbe83b070>, 'atmos': <pygfs.jedi.jedi.Jedi object at 0x14fbbe838340>, 'snow': <pygfs.jedi.jedi.Jedi object at 0x14fbbe8381c0>}[0m
[38;21m2025-06-16 18:21:15,165 - INFO     - analysis_stats: Copying files to /lfs/h2/emc/stmp/emc.global/RUNDIRS/retrotestgfs10/gdas.2024112418/anlstat.1165235/stats[0m
[38;21m2025-06-16 18:21:15,322 - INFO     - analysis_stats: Working on analysis type: snow[0m
[38;21m2025-06-16 18:21:15,322 - INFO     - analysis_stats: Copying /lfs/h2/emc/ptmp/emc.global/RETRO_GFSv17/comroot/retrotestgfs10/gdas.20241124/18//analysis/snow/gdas.t18z.snowstat.tgz to /lfs/h2/emc/stmp/emc.global/RUNDIRS/retrotestgfs10/gdas.2024112418/anlstat.1165235/snow/snowstat.tgz ...[0m
[38;21m2025-06-16 18:21:15,323 - INFO     - file_utils  : Created /lfs/h2/emc/stmp/emc.global/RUNDIRS/retrotestgfs10/gdas.2024112418/anlstat.1165235/snow[0m
[38;21m2025-06-16 18:21:15,365 - INFO     - file_utils  : Copied /lfs/h2/emc/ptmp/emc.global/RETRO_GFSv17/comroot/retrotestgfs10/gdas.20241124/18//analysis/snow/gdas.t18z.snowstat.tgz to /lfs/h2/emc/stmp/emc.global/RUNDIRS/retrotestgfs10/gdas.2024112418/anlstat.1165235/snow/snowstat.tgz[0m
[38;21m2025-06-16 18:21:15,365 - INFO     - analysis_stats: Open tarred diagnostic files in /lfs/h2/emc/stmp/emc.global/RUNDIRS/retrotestgfs10/gdas.2024112418/anlstat.1165235/snow/snowstat.tgz[0m
[38;5;226m2025-06-16 18:21:15,649 - WARNING  - analysis_stats: WARNING. /lfs/h2/emc/stmp/emc.global/RUNDIRS/retrotestgfs10/gdas.2024112418/anlstat.1165235/snow/diag_ims_snow_2024112418.nc.gz does not exist to extract.[0m
[38;5;226m2025-06-16 18:21:15,649 - WARNING  - analysis_stats: Moving to next analysis ...[0m
[38;21m2025-06-16 18:21:15,649 - INFO     - analysis_stats: Now processing /lfs/h2/emc/stmp/emc.global/RUNDIRS/retrotestgfs10/gdas.2024112418/anlstat.1165235/snow/diag_sfcsno_2024112418.nc.gz[0m
[38;21m2025-06-16 18:21:15,655 - INFO     - analysis_stats: Now processing /lfs/h2/emc/stmp/emc.global/RUNDIRS/retrotestgfs10/gdas.2024112418/anlstat.1165235/snow/diag_snocvr_2024112418.nc.gz[0m
[38;21m2025-06-16 18:21:15,665 - INFO     - analysis_stats: Initializing JEDI ioda-stats extraction application[0m
[38;21m2025-06-16 18:21:15,666 - INFO     - jedi        : BEGIN: pygfs.jedi.jedi.initialize[0m
[38;5;39m2025-06-16 18:21:15,666 - DEBUG    - jedi        : ( <pygfs.jedi.jedi.Jedi object at 0x14fbbe8381c0>, {'envir': 'prod', 'FRAC_GRID': True, 'LMOD_FAMILY_METAPYTHON': 'stack-python', 'waveGRD': 'uglo_15km', '_ModuleTable051_': 'YWNrRGVwdGgiXT0xLFsic3RhdHVzIl09ImFjdGl2ZSIsWyJ1c2VyTmFtZSJdPSJweS14YXJyYXkvMjAyMy43LjAiLH0scHl0aG9uPXtbImZuIl09Ii9hcHBzL29wcy90ZXN0L3NwYWNrLXN0YWNrLTEuNi4wLW5jby9lbnZzL25jby1pbnRlbC0xOS4xLjMuMzA0L2luc3RhbGwvbW9kdWxlZmlsZXMvaW50ZWwvMTkuMS4zLjMwNC9weXRob24vMy4xMC4xMy5sdWEiLFsiZnVsbE5hbWUiXT0icHl0aG9uLzMuMTAuMTMiLFsibG9hZE9yZGVyIl09MTMscHJvcFQ9e30sWyJyZWZfY291bnQiXT0yNCxbInN0YWNrRGVwdGgiXT0yLFsic3RhdHVzIl09ImFjdGl2ZSIsWyJ1c2VyTmFtZSJdPSJweXRob24vMy4xMC4xMyIsfSxxaHVsbD17WyJmbiJdPSIvYXBwcy9vcHMvdGVzdC9zcGFjay1z', 'py_pycodestyle_ROOT': '/apps/ops/test/spack-stack-1.6.0-nco/envs/nco-intel-19.1.3.304/install/intel/19.1.3.304/py-pycodestyle-2.11.0-bh2jlm5', 'COMOUT_AERO_ANLMON': '/lfs/h2/emc/ptmp/emc.global/RETRO_GFSv17/comroot/retrotestgfs10/gdas.20241124/18//products/chem/anlmon', 'CRAY_LMOD_MPI': 'cray-mpich/8.0', 'INCVARS_ZERO_STRAT': ["'sphum_inc'", "'liq_wat_inc'", "'icmr_inc'", "'rwmr_inc'", "'snmr_inc'", "'grle_inc'"], 'LMOD_FAMILY_CRAYPE_NETWORK_VERSION': False, '_ModuleTable037_': 'c3RhdHVzIl09ImFjdGl2ZSIsWyJ1c2VyTmFtZSJdPSJweS1ib3R0bGVuZWNrLzEuMy43Iix9LFsicHktY2Z0aW1lIl09e1siZm4iXT0iL2FwcHMvb3BzL3Rlc3Qvc3BhY2stc3RhY2stMS42LjAtbmNvL2VudnMvbmNvLWludGVsLTE5LjEuMy4zMDQvaW5zdGFsbC9tb2R1bGVmaWxlcy9pbnRlbC8xOS4xLjMuMzA0L3B5LWNmdGltZS8xLjAuMy40Lmx1YSIsWyJmdWxsTmFtZSJdPSJweS1jZnRpbWUvMS4wLjMuNCIsWyJsb2FkT3JkZXIiXT04MSxwcm9wVD17fSxbInN0YWNrRGVwdGgiXT0xLFsic3RhdHVzIl09ImFjdGl2ZSIsWyJ1c2VyTmFtZSJdPSJweS1jZnRpbWUvMS4wLjMuNCIsfSxbInB5LWY5MG5tbCJdPXtbImZuIl09Ii9hcHBzL29wcy90ZXN0L3NwYWNrLXN0YWNrLTEu', 'COMOUT_CONF': '/lfs/h2/emc/ptmp/emc.global/RETRO_GFSv17/comroot/retrotestgfs10/gdas.20241124/18//conf', 'COM_SNOW_ANALYSIS_TMPL': '${ROTDIR}/${RUN}.${YMD}/${HH}/${MEMDIR}/analysis/snow', 'PBS_ENVIRONMENT': 'PBS_BATCH', '_ModuleTable064_': 'aWxlcy9Db3JlOi9vcHQvY3JheS9wZS9sbW9kL21vZHVsZWZpbGVzL2NvcmU6L29wdC9jcmF5L3BlL2xtb2QvbW9kdWxlZmlsZXMvY3JheXBlLXRhcmdldHMvZGVmYXVsdDovYXBwcy9wcm9kL2xtb2R1bGVzL3N5c19jb3JlOi9hcHBzL29wcy9wcm9kL25jby9tb2R1bGVmaWxlcy9jb3JlOi9hcHBzL3Byb2QvbG1vZHVsZXMvY29yZTovb3B0L2NyYXkvbW9kdWxlZmlsZXMiLH0=', 'LD_LIBRARY_PATH': '/apps/ops/test/spack-stack-1.6.0-nco/envs/nco-intel-19.1.3.304/install/intel/19.1.3.304/py-packaging-23.1-2qpd5mc/lib:/apps/ops/test/spack-stack-1.6.0-nco/envs/nco-intel-19.1.3.304/install/intel/19.1.3.304/py-cftime-1.0.3.4-dka7hny/lib:/apps/ops/test/spack-stack-1.6.0-nco/envs/nco-intel-19.1.3.304/install/intel/19.1.3.304/py-numpy-1.24.4-yosem2k/lib:/apps/ops/test/spack-stack-1.6.0-nco/envs/nco-intel-19.1.3.304/install/intel/19.1.3.304/py-markupsafe-2.1.3-45ywjnp/lib:/apps/ops/test/spack-stack-1.6.0-nco/envs/nco-intel-19.1.3.304/install/intel/19.1.3.304/py-pandas-1.5.3-u3wc7uc/lib:/apps/ops/test/spack-stack-1.6.0-nco/envs/nco-intel-19.1.3.304/install/intel/19.1.3.304/py-pytz-2023.3-yebggst/lib:/apps/ops/test/spack-stack-1.6.0-nco/envs/nco-intel-19.1.3.304/install/intel/19.1.3.304/py-python-dateutil-2.8.2-mes6fwe/lib:/apps/ops/test/spack-stack-1.6.0-nco/envs/nco-intel-19.1.3.304/install/intel/19.1.3.304/py-six-1.16.0-u4sv6sb/lib:/apps/ops/test/spack-stack-1.6.0-nco/envs/nco-intel-19.1.3.304/install/intel/19.1.3.304/py-numexpr-2.8.4-2rtg4mi/lib:/apps/ops/test/spack-stack-1.6.0-nco/envs/nco-intel-19.1.3.304/install/intel/19.1.3.304/py-bottleneck-1.3.7-oolvw5k/lib:/apps/ops/test/spack-stack-1.6.0-nco/envs/nco-intel-19.1.3.304/install/intel/19.1.3.304/py-pip-23.1.2-ohrscnx/lib:/apps/ops/test/spack-stack-1.6.0-nco/envs/nco-intel-19.1.3.304/install/intel/19.1.3.304/py-f90nml-1.4.3-rizmifn/lib:/apps/ops/test/spack-stack-1.6.0-nco/envs/nco-intel-19.1.3.304/install/intel/19.1.3.304/py-xarray-2023.7.0-jj7syqa/lib:/apps/ops/test/spack-stack-1.6.0-nco/envs/nco-intel-19.1.3.304/install/intel/19.1.3.304/py-scipy-1.10.1-236sa7x/lib:/apps/ops/test/spack-stack-1.6.0-nco/envs/nco-intel-19.1.3.304/install/intel/19.1.3.304/py-pyyaml-5.4.1-afvmuaf/lib:/apps/ops/test/spack-stack-1.6.0-nco/envs/nco-intel-19.1.3.304/install/intel/19.1.3.304/libyaml-0.2.5-ygjrdvo/lib:/apps/ops/test/spack-stack-1.6.0-nco/envs/nco-intel-19.1.3.304/install/intel/19.1.3.304/py-pycodestyle-2.11.0-bh2jlm5/lib:/apps/ops/test/spack-stack-1.6.0-nco/envs/nco-intel-19.1.3.304/install/intel/19.1.3.304/py-pybind11-2.11.1-wdb6paz/lib:/apps/ops/test/spack-stack-1.6.0-nco/envs/nco-intel-19.1.3.304/install/intel/19.1.3.304/py-netcdf4-1.5.8-6kubnk6/lib:/apps/ops/test/spack-stack-1.6.0-nco/envs/nco-intel-19.1.3.304/install/intel/19.1.3.304/py-jinja2-3.1.2-vbbttij/lib:/apps/ops/test/spack-stack-1.6.0-nco/envs/nco-intel-19.1.3.304/install/intel/19.1.3.304/py-setuptools-63.4.3-rg7efar/lib:/apps/ops/test/spack-stack-1.6.0-nco/envs/nco-intel-19.1.3.304/install/intel/19.1.3.304/netcdf-cxx4-4.3.1-lp7tiyf/lib:/apps/ops/test/spack-stack-1.6.0-nco/envs/nco-intel-19.1.3.304/install/intel/19.1.3.304/udunits-2.2.28-wmjzel4/lib:/apps/ops/test/spack-stack-1.6.0-nco/envs/nco-intel-19.1.3.304/install/intel/19.1.3.304/libxaw-1.0.13-gdstphl/lib:/apps/ops/test/spack-stack-1.6.0-nco/envs/nco-intel-19.1.3.304/install/intel/19.1.3.304/libxpm-3.5.12-dcjsyoi/lib:/apps/ops/test/spack-stack-1.6.0-nco/envs/nco-intel-19.1.3.304/install/intel/19.1.3.304/libxmu-1.1.4-xhe6hjc/lib:/apps/ops/test/spack-stack-1.6.0-nco/envs/nco-intel-19.1.3.304/install/intel/19.1.3.304/libxt-1.1.5-r2mrglu/lib:/apps/ops/test/spack-stack-1.6.0-nco/envs/nco-intel-19.1.3.304/install/intel/19.1.3.304/libpng-1.6.37-3sds4er/lib64:/apps/ops/test/spack-stack-1.6.0-nco/envs/nco-intel-19.1.3.304/install/intel/19.1.3.304/libpng-1.6.37-3sds4er/lib:/apps/ops/test/spack-stack-1.6.0-nco/envs/nco-intel-19.1.3.304/install/intel/19.1.3.304/libjpeg-turbo-2.1.0-rt44pqr/lib64:/apps/ops/test/spack-stack-1.6.0-nco/envs/nco-intel-19.1.3.304/install/intel/19.1.3.304/gsl-lite-0.37.0-7zi7wss/lib64:/apps/ops/test/spack-stack-1.6.0-nco/envs/nco-intel-19.1.3.304/install/intel/19.1.3.304/sp-2.5.0-rhcyr64/lib64:/apps/ops/test/spack-stack-1.6.0-nco/envs/nco-intel-19.1.3.304/install/intel/19.1.3.304/ecmwf-atlas-0.35.0-42ufhdx/lib64:/apps/ops/test/spack-stack-1.6.0-nco/envs/nco-intel-19.1.3.304/install/intel/19.1.3.304/qhull-2020.2-5ycwudw/lib:/apps/ops/test/spack-stack-1.6.0-nco/envs/nco-intel-19.1.3.304/install/intel/19.1.3.304/esmf-8.5.0-7huplmy/lib:/apps/ops/test/spack-stack-1.6.0-nco/envs/nco-intel-19.1.3.304/install/intel/19.1.3.304/fms-2023.04-utbqnz3/lib:/apps/ops/test/spack-stack-1.6.0-nco/envs/nco-intel-19.1.3.304/install/intel/19.1.3.304/fckit-0.11.0-7qg4hhj/lib64:/apps/ops/test/spack-stack-1.6.0-nco/envs/nco-intel-19.1.3.304/install/intel/19.1.3.304/fftw-3.3.10-sefnta3/lib:/apps/ops/test/spack-stack-1.6.0-nco/envs/nco-intel-19.1.3.304/install/intel/19.1.3.304/eckit-1.24.5-isrgc5y/lib64:/apps/ops/test/spack-stack-1.6.0-nco/envs/nco-intel-19.1.3.304/install/intel/19.1.3.304/openblas-0.3.24-7qwu32e/lib:/apps/ops/test/spack-stack-1.6.0-nco/envs/nco-intel-19.1.3.304/install/intel/19.1.3.304/openjpeg-2.5.0-ulqgnem/lib:/apps/ops/test/spack-stack-1.6.0-nco/envs/nco-intel-19.1.3.304/install/intel/19.1.3.304/ecbuild-3.7.2-ovbazu2/lib64:/apps/ops/test/spack-stack-1.6.0-nco/envs/nco-intel-19.1.3.304/install/intel/19.1.3.304/bufr-12.0.1-tirva7g/lib64:/apps/ops/test/spack-stack-1.6.0-nco/envs/nco-intel-19.1.3.304/install/intel/19.1.3.304/bufr-12.0.1-tirva7g/lib:/apps/ops/test/spack-stack-1.6.0-nco/envs/nco-intel-19.1.3.304/install/intel/19.1.3.304/boost-1.83.0-nqtmt7k/lib:/apps/ops/test/spack-stack-1.6.0-nco/envs/nco-intel-19.1.3.304/install/intel/19.1.3.304/parallelio-2.5.10-3rkk43u/lib:/apps/ops/test/spack-stack-1.6.0-nco/envs/nco-intel-19.1.3.304/install/intel/19.1.3.304/nco-5.0.6-6ykwuoz/lib:/apps/ops/test/spack-stack-1.6.0-nco/envs/nco-intel-19.1.3.304/install/intel/19.1.3.304/gsl-2.7.1-kr3c4v5/lib:/apps/ops/test/spack-stack-1.6.0-nco/envs/nco-intel-19.1.3.304/install/intel/19.1.3.304/antlr-2.7.7-hoqq24u/lib:/apps/ops/test/spack-stack-1.6.0-nco/envs/nco-intel-19.1.3.304/install/intel/19.1.3.304/netcdf-fortran-4.6.1-b4geqvx/lib:/apps/ops/test/spack-stack-1.6.0-nco/envs/nco-intel-19.1.3.304/install/intel/19.1.3.304/netcdf-c-4.9.2-bcln2jr/lib:/apps/ops/test/spack-stack-1.6.0-nco/envs/nco-intel-19.1.3.304/install/intel/19.1.3.304/parallel-netcdf-1.12.2-77j7vnx/lib:/apps/ops/test/spack-stack-1.6.0-nco/envs/nco-intel-19.1.3.304/install/intel/19.1.3.304/zlib-1.2.13-yoc3h4p/lib:/apps/ops/test/spack-stack-1.6.0-nco/envs/nco-intel-19.1.3.304/install/intel/19.1.3.304/curl-8.4.0-zr7lvkw/lib:/apps/ops/test/spack-stack-1.6.0-nco/envs/nco-intel-19.1.3.304/install/intel/19.1.3.304/pcre2-10.42-utn3zxn/lib:/apps/ops/test/spack-stack-1.6.0-nco/envs/nco-intel-19.1.3.304/install/intel/19.1.3.304/gettext-0.19.7-2fi4wu4/lib:/apps/ops/test/spack-stack-1.6.0-nco/envs/nco-intel-19.1.3.304/install/intel/19.1.3.304/zstd-1.5.2-pe6gdyf/lib:/apps/ops/test/spack-stack-1.6.0-nco/envs/nco-intel-19.1.3.304/install/intel/19.1.3.304/python-3.10.13-qzt4y2i/lib:/apps/ops/test/spack-stack-1.6.0-nco/envs/nco-intel-19.1.3.304/install/intel/19.1.3.304/util-linux-uuid-2.38.1-jwatqmi/lib:/apps/ops/test/spack-stack-1.6.0-nco/envs/nco-intel-19.1.3.304/install/intel/19.1.3.304/sqlite-3.43.2-onahail/lib:/apps/ops/test/spack-stack-1.6.0-nco/envs/nco-intel-19.1.3.304/install/intel/19.1.3.304/libxcrypt-4.4.35-soueqga/lib:/opt/cray/lib64:/pe/intel/compilers_and_libraries_2020.4.304/linux/compiler/lib/intel64_lin:/pe/intel/compilers_and_libraries_2020.4.304/linux/mpi/intel64/lib/release:/pe/intel/compilers_and_libraries_2020.4.304/linux/mpi/intel64/lib:/pe/intel/compilers_and_libraries_2020.4.304/linux/ipp/lib/intel64:/pe/intel/compilers_and_libraries_2020.4.304/linux/mkl/lib/intel64_lin:/pe/intel/compilers_and_libraries_2020.4.304/linux/tbb/lib/intel64/gcc4.8:/pe/intel/debugger_2020/python/intel64/lib:/pe/intel/debugger_2020/libipt/intel64/lib:/lfs/h2/emc/global/noscrub/emc.global/RETRO_GFSv17/git/global-workflow/develop_20250602/sorc/gdas.cd/build/lib:/opt/cray/pe/mpich/8.1.19/ofi/intel/19.0/lib:/apps/ops/test/spack-stack-1.6.0-nco/envs/nco-intel-19.1.3.304/install/intel/19.1.3.304/hdf5-1.14.0-yckaywr/lib', 'sp_ROOT': '/apps/ops/test/spack-stack-1.6.0-nco/envs/nco-intel-19.1.3.304/install/intel/19.1.3.304/sp-2.5.0-rhcyr64', 'HOSTTYPE': 'x86_64', 'zlib_ROOT': '/apps/ops/test/spack-stack-1.6.0-nco/envs/nco-intel-19.1.3.304/install/intel/19.1.3.304/zlib-1.2.13-yoc3h4p', 'LMOD_CUSTOM_PATHS': 'CNCM/apps/ops/prod/libs/modulefiles/mpi/intel/19.1.3.304/cray-mpich/8.1.4:CNCM/apps/prod/lmodules/INTEL_cray_mpich/19.1.3.304/cray-mpich/8.1.4:COMPILER/apps/ops/prod/nco/modulefiles/compiler/intel/19.1.3.304:COMPILER/apps/ops/prod/libs/modulefiles/compiler/intel/19.1.3.304:COMPILER/apps/prod/lmodules/intel/19.1.3.304', 'SENDDBN_NTC': False, 'COM_ATMOS_RADMON_TMPL': '${ROTDIR}/${RUN}.${YMD}/${HH}/${MEMDIR}/products/atmos/radmon', '__LMOD_REF_COUNT_HDF5_PLUGIN_PATH': '/apps/ops/test/spack-stack-1.6.0-nco/envs/nco-intel-19.1.3.304/install/intel/19.1.3.304/netcdf-c-4.9.2-bcln2jr/plugins:1', 'threads_per_task': 1, 'COM_ICE_GRIB_TMPL': '${ROTDIR}/${RUN}.${YMD}/${HH}/${MEMDIR}/products/ice/grib2', 'PBS_O_LANG': 'en_US.UTF-8', 'COMINnam': '/lfs/h2/emc/global/noscrub/emc.global/data/external_gempak/nam', '_ModuleTable017_': 'ZC9sbW9kdWxlcy9jb3JlL2dpdC1sZnMvMi4xMS4wIixbImZ1bGxOYW1lIl09ImdpdC1sZnMvMi4xMS4wIixbImxvYWRPcmRlciJdPTI2LHByb3BUPXt9LFsic3RhY2tEZXB0aCJdPTEsWyJzdGF0dXMiXT0iYWN0aXZlIixbInVzZXJOYW1lIl09ImdpdC1sZnMvMi4xMS4wIix9LGdzbD17WyJmbiJdPSIvYXBwcy9vcHMvdGVzdC9zcGFjay1zdGFjay0xLjYuMC1uY28vZW52cy9uY28taW50ZWwtMTkuMS4zLjMwNC9pbnN0YWxsL21vZHVsZWZpbGVzL2ludGVsLzE5LjEuMy4zMDQvZ3NsLzIuNy4xLmx1YSIsWyJmdWxsTmFtZSJdPSJnc2wvMi43LjEiLFsibG9hZE9yZGVyIl09MzQscHJvcFQ9e30sWyJyZWZfY291bnQiXT0xLFsic3RhY2tEZXB0aCJdPTIsWyJzdGF0dXMiXT0iYWN0', '_ModuleTable032_': 'dXNlck5hbWUiXT0ib3BlbmpwZWcvMi41LjAiLH0sWyJwYXJhbGxlbC1uZXRjZGYiXT17WyJmbiJdPSIvYXBwcy9vcHMvdGVzdC9zcGFjay1zdGFjay0xLjYuMC1uY28vZW52cy9uY28taW50ZWwtMTkuMS4zLjMwNC9pbnN0YWxsL21vZHVsZWZpbGVzL2NyYXktbXBpY2gvOC4xLjkvaW50ZWwvMTkuMS4zLjMwNC9wYXJhbGxlbC1uZXRjZGYvMS4xMi4yLmx1YSIsWyJmdWxsTmFtZSJdPSJwYXJhbGxlbC1uZXRjZGYvMS4xMi4yIixbImxvYWRPcmRlciJdPTI5LHByb3BUPXt9LFsicmVmX2NvdW50Il09MSxbInN0YWNrRGVwdGgiXT0xLFsic3RhdHVzIl09ImFjdGl2ZSIsWyJ1c2VyTmFtZSJdPSJwYXJhbGxlbC1uZXRjZGYvMS4xMi4yIix9LHBhcmFsbGVsaW89e1siZm4iXT0iL2Fw', 'WRITE_DOPOST': True, 'PIO_VERSION_MAJOR': 2, '__LMOD_REF_COUNT_PATH': '/apps/ops/test/spack-stack-1.6.0-nco/envs/nco-intel-19.1.3.304/install/intel/19.1.3.304/py-numpy-1.24.4-yosem2k/bin:2;/apps/ops/test/spack-stack-1.6.0-nco/envs/nco-intel-19.1.3.304/install/intel/19.1.3.304/py-pip-23.1.2-ohrscnx/bin:2;/apps/ops/test/spack-stack-1.6.0-nco/envs/nco-intel-19.1.3.304/install/intel/19.1.3.304/py-f90nml-1.4.3-rizmifn/bin:2;/apps/ops/test/spack-stack-1.6.0-nco/envs/nco-intel-19.1.3.304/install/intel/19.1.3.304/py-pycodestyle-2.11.0-bh2jlm5/bin:2;/apps/ops/test/spack-stack-1.6.0-nco/envs/nco-intel-19.1.3.304/install/intel/19.1.3.304/py-pybind11-2.11.1-wdb6paz/bin:2;/apps/ops/test/spack-stack-1.6.0-nco/envs/nco-intel-19.1.3.304/install/intel/19.1.3.304/py-netcdf4-1.5.8-6kubnk6/bin:2;/apps/ops/prod/nco/core/prod_util.v2.0.14/ush:1;/apps/ops/test/spack-stack-1.6.0-nco/envs/nco-intel-19.1.3.304/install/intel/19.1.3.304/netcdf-cxx4-4.3.1-lp7tiyf/bin:2;/apps/ops/test/spack-stack-1.6.0-nco/envs/nco-intel-19.1.3.304/install/intel/19.1.3.304/ncview-2.1.9-rv4j23b/bin:2;/apps/ops/test/spack-stack-1.6.0-nco/envs/nco-intel-19.1.3.304/install/intel/19.1.3.304/udunits-2.2.28-wmjzel4/bin:2;/apps/ops/test/spack-stack-1.6.0-nco/envs/nco-intel-19.1.3.304/install/intel/19.1.3.304/libxpm-3.5.12-dcjsyoi/bin:2;/apps/ops/test/spack-stack-1.6.0-nco/envs/nco-intel-19.1.3.304/install/intel/19.1.3.304/libpng-1.6.37-3sds4er/bin:2;/apps/ops/test/spack-stack-1.6.0-nco/envs/nco-intel-19.1.3.304/install/intel/19.1.3.304/libjpeg-turbo-2.1.0-rt44pqr/bin:2;/apps/ops/test/spack-stack-1.6.0-nco/envs/nco-intel-19.1.3.304/install/intel/19.1.3.304/ecmwf-atlas-0.35.0-42ufhdx/bin:2;/apps/ops/test/spack-stack-1.6.0-nco/envs/nco-intel-19.1.3.304/install/intel/19.1.3.304/qhull-2020.2-5ycwudw/bin:2;/apps/ops/test/spack-stack-1.6.0-nco/envs/nco-intel-19.1.3.304/install/intel/19.1.3.304/esmf-8.5.0-7huplmy/bin:2;/apps/ops/test/spack-stack-1.6.0-nco/envs/nco-intel-19.1.3.304/install/intel/19.1.3.304/fckit-0.11.0-7qg4hhj/bin:2;/apps/ops/test/spack-stack-1.6.0-nco/envs/nco-intel-19.1.3.304/install/intel/19.1.3.304/fftw-3.3.10-sefnta3/bin:2;/apps/ops/test/spack-stack-1.6.0-nco/envs/nco-intel-19.1.3.304/install/intel/19.1.3.304/eckit-1.24.5-isrgc5y/bin:2;/apps/ops/test/spack-stack-1.6.0-nco/envs/nco-intel-19.1.3.304/install/intel/19.1.3.304/openblas-0.3.24-7qwu32e/bin:2;/apps/ops/test/spack-stack-1.6.0-nco/envs/nco-intel-19.1.3.304/install/intel/19.1.3.304/ecbuild-3.7.2-ovbazu2/bin:2;/apps/ops/test/spack-stack-1.6.0-nco/envs/nco-intel-19.1.3.304/install/intel/19.1.3.304/bufr-12.0.1-tirva7g/bin:2;/apps/ops/test/spack-stack-1.6.0-nco/envs/nco-intel-19.1.3.304/install/intel/19.1.3.304/nco-5.0.6-6ykwuoz/bin:2;/apps/ops/test/spack-stack-1.6.0-nco/envs/nco-intel-19.1.3.304/install/intel/19.1.3.304/gsl-2.7.1-kr3c4v5/bin:2;/apps/ops/test/spack-stack-1.6.0-nco/envs/nco-intel-19.1.3.304/install/intel/19.1.3.304/antlr-2.7.7-hoqq24u/bin:2;/apps/ops/test/spack-stack-1.6.0-nco/envs/nco-intel-19.1.3.304/install/intel/19.1.3.304/netcdf-fortran-4.6.1-b4geqvx/bin:2;/apps/ops/test/spack-stack-1.6.0-nco/envs/nco-intel-19.1.3.304/install/intel/19.1.3.304/nccmp-1.9.0.1-dnptqlr/bin:2;/apps/ops/test/spack-stack-1.6.0-nco/envs/nco-intel-19.1.3.304/install/intel/19.1.3.304/netcdf-c-4.9.2-bcln2jr/bin:2;/apps/ops/test/spack-stack-1.6.0-nco/envs/nco-intel-19.1.3.304/install/intel/19.1.3.304/parallel-netcdf-1.12.2-77j7vnx/bin:2;/apps/ops/test/spack-stack-1.6.0-nco/envs/nco-intel-19.1.3.304/install/intel/19.1.3.304/hdf5-1.14.0-yckaywr/bin:2;/apps/spack/git-lfs/2.11.0/gcc/11.2.0/m6b6nl5kfqngfteqbggydc7kflxere3s/bin:1;/apps/ops/test/spack-stack-1.6.0-nco/envs/nco-intel-19.1.3.304/install/intel/19.1.3.304/curl-8.4.0-zr7lvkw/bin:2;/apps/ops/test/spack-stack-1.6.0-nco/envs/nco-intel-19.1.3.304/install/intel/19.1.3.304/pcre2-10.42-utn3zxn/bin:2;/apps/ops/test/spack-stack-1.6.0-nco/envs/nco-intel-19.1.3.304/install/intel/19.1.3.304/gettext-0.19.7-2fi4wu4/bin:2;/apps/ops/test/spack-stack-1.6.0-nco/envs/nco-intel-19.1.3.304/install/intel/19.1.3.304/tar-1.34-e7e3lq2/bin:2;/apps/ops/test/spack-stack-1.6.0-nco/envs/nco-intel-19.1.3.304/install/intel/19.1.3.304/zstd-1.5.2-pe6gdyf/bin:2;/apps/ops/test/spack-stack-1.6.0-nco/envs/nco-intel-19.1.3.304/install/intel/19.1.3.304/pigz-2.7-p2s5ywz/bin:2;/apps/ops/test/spack-stack-1.6.0-nco/envs/nco-intel-19.1.3.304/install/intel/19.1.3.304/cmake-3.23.1-chpcsen/bin:2;/opt/cray/pals/1.3.2/bin:1;/opt/cray/pe/craype/2.7.17/bin:1;/apps/ops/test/spack-stack-1.6.0-nco/envs/nco-intel-19.1.3.304/install/intel/19.1.3.304/python-3.10.13-qzt4y2i/bin:2;/apps/ops/test/spack-stack-1.6.0-nco/envs/nco-intel-19.1.3.304/install/intel/19.1.3.304/util-linux-uuid-2.38.1-jwatqmi/bin:2;/apps/ops/test/spack-stack-1.6.0-nco/envs/nco-intel-19.1.3.304/install/intel/19.1.3.304/sqlite-3.43.2-onahail/bin:2;/opt/cray/bin:1;/pe/intel/compilers_and_libraries_2020.4.304/linux/bin/intel64:1;/pe/intel/compilers_and_libraries_2020.4.304/linux/bin:1;/pe/intel/compilers_and_libraries_2020.4.304/linux/mpi/intel64/bin:1;/pe/intel/debugger_2020/gdb/intel64/bin:1;/u/emc.global/bin:2;/usr/local/bin:1;/usr/bin:1;/bin:2;/opt/c3/bin:1;/opt/pbs/bin:1;/sbin:1;.:1;/opt/cray/pe/bin:1', '_ModuleTable061_': 'Y2stMS42LjAtbmNvL2VudnMvbmNvLWludGVsLTE5LjEuMy4zMDQvaW5zdGFsbC9tb2R1bGVmaWxlcy9pbnRlbC8xOS4xLjMuMzA0IiwiL2FwcHMvb3BzL3Byb2QvbmNvL21vZHVsZWZpbGVzL2NvbXBpbGVyL2ludGVsLzE5LjEuMy4zMDQiLCIvYXBwcy9vcHMvcHJvZC9saWJzL21vZHVsZWZpbGVzL2NvbXBpbGVyL2ludGVsLzE5LjEuMy4zMDQiLCIvYXBwcy9wcm9kL2xtb2R1bGVzL2ludGVsLzE5LjEuMy4zMDQiLCIvYXBwcy9wcm9kL2xtb2R1bGVzL2NvbXBpbGVyL2ludGVsLzE5LjAiLCIvYXBwcy9vcHMvdGVzdC9zcGFjay1zdGFjay0xLjYuMC1uY28vZW52cy9uY28taW50ZWwtMTkuMS4zLjMwNC9pbnN0YWxsL21vZHVsZWZpbGVzL0NvcmUiLCIvbGZzL2gyL2VtYy9nbG9i', '_ModuleTable002_': 'YWwvbm9zY3J1Yi9lbWMuZ2xvYmFsL1JFVFJPX0dGU3YxNy9naXQvZ2xvYmFsLXdvcmtmbG93L2RldmVsb3BfMjAyNTA2MDIvc29yYy9nZGFzLmNkL21vZHVsZWZpbGVzL0dEQVMvd2Nvc3MyLmludGVsLmx1YSIsWyJmdWxsTmFtZSJdPSJHREFTL3djb3NzMi5pbnRlbCIsWyJsb2FkT3JkZXIiXT04Myxwcm9wVD17fSxbInN0YWNrRGVwdGgiXT0wLFsic3RhdHVzIl09ImFjdGl2ZSIsWyJ1c2VyTmFtZSJdPSJHREFTL3djb3NzMiIsfSxbIlByZ0Vudi1pbnRlbCJdPXtbImZuIl09Ii9vcHQvY3JheS9wZS9sbW9kL21vZHVsZWZpbGVzL2NvcmUvUHJnRW52LWludGVsLzguMy4zLmx1YSIsWyJmdWxsTmFtZSJdPSJQcmdFbnYtaW50ZWwvOC4zLjMiLFsibG9hZE9yZGVyIl09Myxwcm9w', 'esmf_ROOT': '/apps/ops/test/spack-stack-1.6.0-nco/envs/nco-intel-19.1.3.304/install/intel/19.1.3.304/esmf-8.5.0-7huplmy', 'JCB_ALGO_YAML': '/lfs/h2/emc/global/noscrub/emc.global/RETRO_GFSv17/git/global-workflow/develop_20250602/parm/gdas/jcb-algorithms/anlstat.yaml.j2', 'libpng_ROOT': '/apps/ops/test/spack-stack-1.6.0-nco/envs/nco-intel-19.1.3.304/install/intel/19.1.3.304/libpng-1.6.37-3sds4er', 'BOOST_ROOT': '/apps/ops/test/spack-stack-1.6.0-nco/envs/nco-intel-19.1.3.304/install/intel/19.1.3.304/boost-1.83.0-nqtmt7k', 'RUN': 'gdas', '_ModuleTable047_': 'NC9pbnN0YWxsL21vZHVsZWZpbGVzL2ludGVsLzE5LjEuMy4zMDQvcHktcHl0ei8yMDIzLjMubHVhIixbImZ1bGxOYW1lIl09InB5LXB5dHovMjAyMy4zIixbImxvYWRPcmRlciJdPTc3LHByb3BUPXt9LFsicmVmX2NvdW50Il09MSxbInN0YWNrRGVwdGgiXT0yLFsic3RhdHVzIl09ImFjdGl2ZSIsWyJ1c2VyTmFtZSJdPSJweS1weXR6LzIwMjMuMyIsfSxbInB5LXB5eWFtbCJdPXtbImZuIl09Ii9hcHBzL29wcy90ZXN0L3NwYWNrLXN0YWNrLTEuNi4wLW5jby9lbnZzL25jby1pbnRlbC0xOS4xLjMuMzA0L2luc3RhbGwvbW9kdWxlZmlsZXMvaW50ZWwvMTkuMS4zLjMwNC9weS1weXlhbWwvNS40LjEubHVhIixbImZ1bGxOYW1lIl09InB5LXB5eWFtbC81LjQuMSIsWyJsb2FkT3Jk', 'FHMAX_ENKF': 9, 'LESSCLOSE': 'lessclose.sh %s %s', 'CRAY_LD_LIBRARY_PATH': '/opt/cray/pe/mpich/8.1.9/ofi/intel/19.0/lib', '__LMOD_REF_COUNT_DYLD_LIBRARY_PATH': '/apps/ops/test/spack-stack-1.6.0-nco/envs/nco-intel-19.1.3.304/install/intel/19.1.3.304/py-packaging-23.1-2qpd5mc/lib:1;/apps/ops/test/spack-stack-1.6.0-nco/envs/nco-intel-19.1.3.304/install/intel/19.1.3.304/py-cftime-1.0.3.4-dka7hny/lib:1;/apps/ops/test/spack-stack-1.6.0-nco/envs/nco-intel-19.1.3.304/install/intel/19.1.3.304/py-numpy-1.24.4-yosem2k/lib:1;/apps/ops/test/spack-stack-1.6.0-nco/envs/nco-intel-19.1.3.304/install/intel/19.1.3.304/py-markupsafe-2.1.3-45ywjnp/lib:1;/apps/ops/test/spack-stack-1.6.0-nco/envs/nco-intel-19.1.3.304/install/intel/19.1.3.304/py-pandas-1.5.3-u3wc7uc/lib:1;/apps/ops/test/spack-stack-1.6.0-nco/envs/nco-intel-19.1.3.304/install/intel/19.1.3.304/py-pytz-2023.3-yebggst/lib:1;/apps/ops/test/spack-stack-1.6.0-nco/envs/nco-intel-19.1.3.304/install/intel/19.1.3.304/py-python-dateutil-2.8.2-mes6fwe/lib:1;/apps/ops/test/spack-stack-1.6.0-nco/envs/nco-intel-19.1.3.304/install/intel/19.1.3.304/py-six-1.16.0-u4sv6sb/lib:1;/apps/ops/test/spack-stack-1.6.0-nco/envs/nco-intel-19.1.3.304/install/intel/19.1.3.304/py-numexpr-2.8.4-2rtg4mi/lib:1;/apps/ops/test/spack-stack-1.6.0-nco/envs/nco-intel-19.1.3.304/install/intel/19.1.3.304/py-bottleneck-1.3.7-oolvw5k/lib:1;/apps/ops/test/spack-stack-1.6.0-nco/envs/nco-intel-19.1.3.304/install/intel/19.1.3.304/py-pip-23.1.2-ohrscnx/lib:1;/apps/ops/test/spack-stack-1.6.0-nco/envs/nco-intel-19.1.3.304/install/intel/19.1.3.304/py-f90nml-1.4.3-rizmifn/lib:1;/apps/ops/test/spack-stack-1.6.0-nco/envs/nco-intel-19.1.3.304/install/intel/19.1.3.304/py-xarray-2023.7.0-jj7syqa/lib:1;/apps/ops/test/spack-stack-1.6.0-nco/envs/nco-intel-19.1.3.304/install/intel/19.1.3.304/py-scipy-1.10.1-236sa7x/lib:1;/apps/ops/test/spack-stack-1.6.0-nco/envs/nco-intel-19.1.3.304/install/intel/19.1.3.304/py-pyyaml-5.4.1-afvmuaf/lib:1;/apps/ops/test/spack-stack-1.6.0-nco/envs/nco-intel-19.1.3.304/install/intel/19.1.3.304/libyaml-0.2.5-ygjrdvo/lib:1;/apps/ops/test/spack-stack-1.6.0-nco/envs/nco-intel-19.1.3.304/install/intel/19.1.3.304/py-pycodestyle-2.11.0-bh2jlm5/lib:1;/apps/ops/test/spack-stack-1.6.0-nco/envs/nco-intel-19.1.3.304/install/intel/19.1.3.304/py-pybind11-2.11.1-wdb6paz/lib:1;/apps/ops/test/spack-stack-1.6.0-nco/envs/nco-intel-19.1.3.304/install/intel/19.1.3.304/py-netcdf4-1.5.8-6kubnk6/lib:1;/apps/ops/test/spack-stack-1.6.0-nco/envs/nco-intel-19.1.3.304/install/intel/19.1.3.304/py-jinja2-3.1.2-vbbttij/lib:1;/apps/ops/test/spack-stack-1.6.0-nco/envs/nco-intel-19.1.3.304/install/intel/19.1.3.304/py-setuptools-63.4.3-rg7efar/lib:1;/apps/ops/test/spack-stack-1.6.0-nco/envs/nco-intel-19.1.3.304/install/intel/19.1.3.304/netcdf-cxx4-4.3.1-lp7tiyf/lib:1;/apps/ops/test/spack-stack-1.6.0-nco/envs/nco-intel-19.1.3.304/install/intel/19.1.3.304/udunits-2.2.28-wmjzel4/lib:1;/apps/ops/test/spack-stack-1.6.0-nco/envs/nco-intel-19.1.3.304/install/intel/19.1.3.304/libxaw-1.0.13-gdstphl/lib:1;/apps/ops/test/spack-stack-1.6.0-nco/envs/nco-intel-19.1.3.304/install/intel/19.1.3.304/libxpm-3.5.12-dcjsyoi/lib:1;/apps/ops/test/spack-stack-1.6.0-nco/envs/nco-intel-19.1.3.304/install/intel/19.1.3.304/libxmu-1.1.4-xhe6hjc/lib:1;/apps/ops/test/spack-stack-1.6.0-nco/envs/nco-intel-19.1.3.304/install/intel/19.1.3.304/libxt-1.1.5-r2mrglu/lib:1;/apps/ops/test/spack-stack-1.6.0-nco/envs/nco-intel-19.1.3.304/install/intel/19.1.3.304/libpng-1.6.37-3sds4er/lib64:1;/apps/ops/test/spack-stack-1.6.0-nco/envs/nco-intel-19.1.3.304/install/intel/19.1.3.304/libpng-1.6.37-3sds4er/lib:1;/apps/ops/test/spack-stack-1.6.0-nco/envs/nco-intel-19.1.3.304/install/intel/19.1.3.304/libjpeg-turbo-2.1.0-rt44pqr/lib64:1;/apps/ops/test/spack-stack-1.6.0-nco/envs/nco-intel-19.1.3.304/install/intel/19.1.3.304/gsl-lite-0.37.0-7zi7wss/lib64:1;/apps/ops/test/spack-stack-1.6.0-nco/envs/nco-intel-19.1.3.304/install/intel/19.1.3.304/sp-2.5.0-rhcyr64/lib64:1;/apps/ops/test/spack-stack-1.6.0-nco/envs/nco-intel-19.1.3.304/install/intel/19.1.3.304/ecmwf-atlas-0.35.0-42ufhdx/lib64:1;/apps/ops/test/spack-stack-1.6.0-nco/envs/nco-intel-19.1.3.304/install/intel/19.1.3.304/qhull-2020.2-5ycwudw/lib:1;/apps/ops/test/spack-stack-1.6.0-nco/envs/nco-intel-19.1.3.304/install/intel/19.1.3.304/esmf-8.5.0-7huplmy/lib:1;/apps/ops/test/spack-stack-1.6.0-nco/envs/nco-intel-19.1.3.304/install/intel/19.1.3.304/fms-2023.04-utbqnz3/lib:1;/apps/ops/test/spack-stack-1.6.0-nco/envs/nco-intel-19.1.3.304/install/intel/19.1.3.304/fckit-0.11.0-7qg4hhj/lib64:1;/apps/ops/test/spack-stack-1.6.0-nco/envs/nco-intel-19.1.3.304/install/intel/19.1.3.304/fftw-3.3.10-sefnta3/lib:1;/apps/ops/test/spack-stack-1.6.0-nco/envs/nco-intel-19.1.3.304/install/intel/19.1.3.304/eckit-1.24.5-isrgc5y/lib64:1;/apps/ops/test/spack-stack-1.6.0-nco/envs/nco-intel-19.1.3.304/install/intel/19.1.3.304/openblas-0.3.24-7qwu32e/lib:1;/apps/ops/test/spack-stack-1.6.0-nco/envs/nco-intel-19.1.3.304/install/intel/19.1.3.304/openjpeg-2.5.0-ulqgnem/lib:1;/apps/ops/test/spack-stack-1.6.0-nco/envs/nco-intel-19.1.3.304/install/intel/19.1.3.304/ecbuild-3.7.2-ovbazu2/lib64:1;/apps/ops/test/spack-stack-1.6.0-nco/envs/nco-intel-19.1.3.304/install/intel/19.1.3.304/bufr-12.0.1-tirva7g/lib64:1;/apps/ops/test/spack-stack-1.6.0-nco/envs/nco-intel-19.1.3.304/install/intel/19.1.3.304/bufr-12.0.1-tirva7g/lib:1;/apps/ops/test/spack-stack-1.6.0-nco/envs/nco-intel-19.1.3.304/install/intel/19.1.3.304/boost-1.83.0-nqtmt7k/lib:1;/apps/ops/test/spack-stack-1.6.0-nco/envs/nco-intel-19.1.3.304/install/intel/19.1.3.304/parallelio-2.5.10-3rkk43u/lib:1;/apps/ops/test/spack-stack-1.6.0-nco/envs/nco-intel-19.1.3.304/install/intel/19.1.3.304/nco-5.0.6-6ykwuoz/lib:1;/apps/ops/test/spack-stack-1.6.0-nco/envs/nco-intel-19.1.3.304/install/intel/19.1.3.304/gsl-2.7.1-kr3c4v5/lib:1;/apps/ops/test/spack-stack-1.6.0-nco/envs/nco-intel-19.1.3.304/install/intel/19.1.3.304/antlr-2.7.7-hoqq24u/lib:1;/apps/ops/test/spack-stack-1.6.0-nco/envs/nco-intel-19.1.3.304/install/intel/19.1.3.304/netcdf-fortran-4.6.1-b4geqvx/lib:1;/apps/ops/test/spack-stack-1.6.0-nco/envs/nco-intel-19.1.3.304/install/intel/19.1.3.304/netcdf-c-4.9.2-bcln2jr/lib:1;/apps/ops/test/spack-stack-1.6.0-nco/envs/nco-intel-19.1.3.304/install/intel/19.1.3.304/parallel-netcdf-1.12.2-77j7vnx/lib:1;/apps/ops/test/spack-stack-1.6.0-nco/envs/nco-intel-19.1.3.304/install/intel/19.1.3.304/hdf5-1.14.0-yckaywr/lib:1;/apps/ops/test/spack-stack-1.6.0-nco/envs/nco-intel-19.1.3.304/install/intel/19.1.3.304/zlib-1.2.13-yoc3h4p/lib:1;/apps/ops/test/spack-stack-1.6.0-nco/envs/nco-intel-19.1.3.304/install/intel/19.1.3.304/curl-8.4.0-zr7lvkw/lib:1;/apps/ops/test/spack-stack-1.6.0-nco/envs/nco-intel-19.1.3.304/install/intel/19.1.3.304/pcre2-10.42-utn3zxn/lib:1;/apps/ops/test/spack-stack-1.6.0-nco/envs/nco-intel-19.1.3.304/install/intel/19.1.3.304/gettext-0.19.7-2fi4wu4/lib:1;/apps/ops/test/spack-stack-1.6.0-nco/envs/nco-intel-19.1.3.304/install/intel/19.1.3.304/zstd-1.5.2-pe6gdyf/lib:1;/apps/ops/test/spack-stack-1.6.0-nco/envs/nco-intel-19.1.3.304/install/intel/19.1.3.304/python-3.10.13-qzt4y2i/lib:1;/apps/ops/test/spack-stack-1.6.0-nco/envs/nco-intel-19.1.3.304/install/intel/19.1.3.304/util-linux-uuid-2.38.1-jwatqmi/lib:1;/apps/ops/test/spack-stack-1.6.0-nco/envs/nco-intel-19.1.3.304/install/intel/19.1.3.304/sqlite-3.43.2-onahail/lib:1;/apps/ops/test/spack-stack-1.6.0-nco/envs/nco-intel-19.1.3.304/install/intel/19.1.3.304/libxcrypt-4.4.35-soueqga/lib:1', 'CRTM_FIX': '/lfs/h2/emc/da/noscrub/emc.da/GDASApp/fix/crtm/2.4.0', 'COM_RTOFS_TMPL': '${DMPDIR}', 'XKEYSYMDB': '/usr/X11R6/lib/X11/XKeysymDB', 'PE_ENV': 'INTEL', 'COM_ATMOS_GRIB_GRID_TMPL': '${ROTDIR}/${RUN}.${YMD}/${HH}/${MEMDIR}/products/atmos/grib2/${GRID}', '__LMOD_REF_COUNT_PE_FORTRAN_PKGCONFIG_LIBS': 'mpichf90:1', 'LMOD_FAMILY_CRAYPE_CPU': 'craype-x86-rome', 'openjpeg_ROOT': '/apps/ops/test/spack-stack-1.6.0-nco/envs/nco-intel-19.1.3.304/install/intel/19.1.3.304/openjpeg-2.5.0-ulqgnem', 'NUM_SND_COLLECTIVES': 9, 'CRAY_LMOD_COMPILER': 'intel/19.0', 'atlas_ROOT': '/apps/ops/test/spack-stack-1.6.0-nco/envs/nco-intel-19.1.3.304/install/intel/19.1.3.304/ecmwf-atlas-0.35.0-42ufhdx', 'PSLOT': 'retrotestgfs10', 'LMOD_MODULERCFILE': '/apps/prod/lmodules/.modulerc.lua', 'QUEUE': 'devmax', 'DOIAU': True, 'PACKAGEROOT': '/lfs/h1/ops/prod/packages', 'PE_PRODUCT_LIST': 'CRAYPE:CRAYPE_X86_ROME', 'LMOD_IGNORE_CACHE': True, 'NDATE': '/apps/ops/prod/nco/core/prod_util.v2.0.14/exec/ndate', 'COM_ICE_RESTART_TMPL': '${ROTDIR}/${RUN}.${YMD}/${HH}/${MEMDIR}/model/ice/restart', 'LMOD_FAMILY_MPI_VERSION': '8.1.9', 'COM_ICE_ANLMON_TMPL': '${ROTDIR}/${RUN}.${YMD}/${HH}/${MEMDIR}/products/ice/anlmon', 'FHOUT_ICE': 3, 'PE_PERFTOOLS_MPICH_LIBDIR': '/opt/cray/pe/mpich/8.1.9/ofi/intel/19.0/lib', 'libxmu_ROOT': '/apps/ops/test/spack-stack-1.6.0-nco/envs/nco-intel-19.1.3.304/install/intel/19.1.3.304/libxmu-1.1.4-xhe6hjc', 'COM_SNOW_ANLMON_TMPL': '${ROTDIR}/${RUN}.${YMD}/${HH}/${MEMDIR}/products/snow/anlmon', 'py_netcdf4_ROOT': '/apps/ops/test/spack-stack-1.6.0-nco/envs/nco-intel-19.1.3.304/install/intel/19.1.3.304/py-netcdf4-1.5.8-6kubnk6', 'PE_MPICH_GTL_DIR_amd_gfx906': '-L/opt/cray/pe/mpich/8.1.9/gtl/lib', 'EUPD_CYC': 'both', 'LANG': 'en_US.UTF-8', 'FETCHDIR': '{{ FETCHDIR }}', '_ModuleTable056_': 'e30sWyJzdGFja0RlcHRoIl09MSxbInN0YXR1cyJdPSJhY3RpdmUiLFsidXNlck5hbWUiXT0ic3RhY2stcHl0aG9uLzMuMTAuMTMiLH0sdGFyPXtbImZuIl09Ii9hcHBzL29wcy90ZXN0L3NwYWNrLXN0YWNrLTEuNi4wLW5jby9lbnZzL25jby1pbnRlbC0xOS4xLjMuMzA0L2luc3RhbGwvbW9kdWxlZmlsZXMvaW50ZWwvMTkuMS4zLjMwNC90YXIvMS4zNC5sdWEiLFsiZnVsbE5hbWUiXT0idGFyLzEuMzQiLFsibG9hZE9yZGVyIl09MjAscHJvcFQ9e30sWyJyZWZfY291bnQiXT0xLFsic3RhY2tEZXB0aCJdPTIsWyJzdGF0dXMiXT0iYWN0aXZlIixbInVzZXJOYW1lIl09InRhci8xLjM0Iix9LHVkdW5pdHM9e1siZm4iXT0iL2FwcHMvb3BzL3Rlc3Qvc3BhY2stc3RhY2stMS42LjAt', 'TZ': 'Etc/UTC', 'netcdf_c_ROOT': '/apps/ops/test/spack-stack-1.6.0-nco/envs/nco-intel-19.1.3.304/install/intel/19.1.3.304/netcdf-c-4.9.2-bcln2jr', '_ModuleTable019_': 'bGwvbW9kdWxlZmlsZXMvY3JheS1tcGljaC84LjEuOS9pbnRlbC8xOS4xLjMuMzA0L2hkZjUvMS4xNC4wLmx1YSIsWyJmdWxsTmFtZSJdPSJoZGY1LzEuMTQuMCIsWyJsb2FkT3JkZXIiXT0yOCxwcm9wVD17fSxbInJlZl9jb3VudCJdPTIsWyJzdGFja0RlcHRoIl09MSxbInN0YXR1cyJdPSJhY3RpdmUiLFsidXNlck5hbWUiXT0iaGRmNS8xLjE0LjAiLH0saW50ZWw9e1siZm4iXT0iL2FwcHMvcHJvZC9sbW9kdWxlcy9jb3JlL2ludGVsLzE5LjEuMy4zMDQubHVhIixbImZ1bGxOYW1lIl09ImludGVsLzE5LjEuMy4zMDQiLFsibG9hZE9yZGVyIl09NCxwcm9wVD17fSxbInN0YWNrRGVwdGgiXT0yLFsic3RhdHVzIl09ImFjdGl2ZSIsWyJ1c2VyTmFtZSJdPSJpbnRlbC8xOS4xLjMu', 'PE_MPICH_GTL_DIR_amd_gfx908': '-L/opt/cray/pe/mpich/8.1.9/gtl/lib', 'COMLOGSROOT': '/lfs/h1/ops/prod/com', 'imp_physics': 8, 'QUEUE_SERVICE': 'dev_transfer', 'WINDOWMANAGER': 'xterm', 'COM_ICE_NETCDF_TMPL': '${ROTDIR}/${RUN}.${YMD}/${HH}/${MEMDIR}/products/ice/netcdf', '_ModuleTable008_': 'bWUiXT0iY3JheXBlLzIuNy4xNyIsWyJsb2FkT3JkZXIiXT0xNSxwcm9wVD17fSxbInN0YWNrRGVwdGgiXT0xLFsic3RhdHVzIl09ImFjdGl2ZSIsWyJ1c2VyTmFtZSJdPSJjcmF5cGUvMi43LjE3Iix9LFsiY3JheXBlLW5ldHdvcmstb2ZpIl09e1siZm4iXT0iL29wdC9jcmF5L3BlL2xtb2QvbW9kdWxlZmlsZXMvY3JheXBlLXRhcmdldHMvZGVmYXVsdC9jcmF5cGUtbmV0d29yay1vZmkubHVhIixbImZ1bGxOYW1lIl09ImNyYXlwZS1uZXR3b3JrLW9maSIsWyJsb2FkT3JkZXIiXT03LHByb3BUPXt9LFsic3RhY2tEZXB0aCJdPTIsWyJzdGF0dXMiXT0iYWN0aXZlIixbInVzZXJOYW1lIl09ImNyYXlwZS1uZXR3b3JrLW9maSIsfSxbImNyYXlwZS14ODYtcm9tZSJdPXtbImZuIl09', 'COMOUT_SNOW_ANLMON': '/lfs/h2/emc/ptmp/emc.global/RETRO_GFSv17/comroot/retrotestgfs10/gdas.20241124/18//products/snow/anlmon', 'LESS': '-M -I -R', 'PE_MPICH_GTL_LIBS_nvidia70': '-lmpi_gtl_cuda', '__LMOD_REF_COUNT_INTEL_LICENSE_FILE': '/pe/intel/compilers_and_libraries_2020.4.304/linux/licenses:1;/opt/intel/licenses:1;/intel/licenses:1', 'SMOOTH_ENKF': False, 'HISTTIMEFORMAT': '%F %T ', 'LMOD_FAMILY_COMPILER_VERSION': '19.1.3.304', 'IAU_DELTHRS_ENKF': 6, 'COM_ATMOS_GRIB_TMPL': '${ROTDIR}/${RUN}.${YMD}/${HH}/${MEMDIR}/products/atmos/grib2', 'gsl_ROOT': '/apps/ops/test/spack-stack-1.6.0-nco/envs/nco-intel-19.1.3.304/install/intel/19.1.3.304/gsl-2.7.1-kr3c4v5', 'cyc': 18, 'HOSTNAME': 'nid001057', 'COM_ICE_LETKF_TMPL': '${ROTDIR}/${RUN}.${YMD}/${HH}/${MEMDIR}/analysis/ice/letkf', 'IPPROOT': '/pe/intel/compilers_and_libraries_2020.4.304/linux/ipp', 'LMOD_SYSTEM_DEFAULT_MODULES': 'envvar/1.0', 'OLDPWD': '/u/emc.global', 'fckit_ROOT': '/apps/ops/test/spack-stack-1.6.0-nco/envs/nco-intel-19.1.3.304/install/intel/19.1.3.304/fckit-0.11.0-7qg4hhj', 'util_linux_uuid_ROOT': '/apps/ops/test/spack-stack-1.6.0-nco/envs/nco-intel-19.1.3.304/install/intel/19.1.3.304/util-linux-uuid-2.38.1-jwatqmi', 'COM_WAVE_RESTART_TMPL': '${ROTDIR}/${RUN}.${YMD}/${HH}/${MEMDIR}/model/wave/restart', 'COM_ATMOS_RESTART_TMPL': '${ROTDIR}/${RUN}.${YMD}/${HH}/${MEMDIR}/model/atmos/restart', 'PBS_O_HOME': '/u/emc.global', 'SENDSDM': False, 'COM_ATMOS_BUFR_TMPL': '${ROTDIR}/${RUN}.${YMD}/${HH}/${MEMDIR}/products/atmos/bufr', 'py_pandas_ROOT': '/apps/ops/test/spack-stack-1.6.0-nco/envs/nco-intel-19.1.3.304/install/intel/19.1.3.304/py-pandas-1.5.3-u3wc7uc', 'NMEM_ENS_GFS_OFFSET': 20, '__LMOD_REF_COUNT__LMFILES_': '/opt/cray/pe/lmod/modulefiles/craype-targets/default/craype-x86-rome.lua:1;/apps/prod/lmodules/sys_core/envvar/1.0:1;/opt/cray/pe/lmod/modulefiles/core/PrgEnv-intel/8.3.3.lua:1;/apps/prod/lmodules/core/intel/19.1.3.304.lua:1;/apps/ops/test/spack-stack-1.6.0-nco/envs/nco-intel-19.1.3.304/install/modulefiles/Core/stack-intel/19.1.3.304.lua:1;/opt/cray/modulefiles/libfabric/1.20.1:1;/opt/cray/pe/lmod/modulefiles/craype-targets/default/craype-network-ofi.lua:1;/opt/cray/pe/lmod/modulefiles/comnet/intel/19.0/ofi/1.0/cray-mpich/8.1.9.lua:1;/apps/ops/test/spack-stack-1.6.0-nco/envs/nco-intel-19.1.3.304/install/modulefiles/intel/19.1.3.304/stack-cray-mpich/8.1.9.lua:1;/apps/ops/test/spack-stack-1.6.0-nco/envs/nco-intel-19.1.3.304/install/modulefiles/intel/19.1.3.304/libxcrypt/4.4.35.lua:1;/apps/ops/test/spack-stack-1.6.0-nco/envs/nco-intel-19.1.3.304/install/modulefiles/intel/19.1.3.304/sqlite/3.43.2.lua:1;/apps/ops/test/spack-stack-1.6.0-nco/envs/nco-intel-19.1.3.304/install/modulefiles/intel/19.1.3.304/util-linux-uuid/2.38.1.lua:1;/apps/ops/test/spack-stack-1.6.0-nco/envs/nco-intel-19.1.3.304/install/modulefiles/intel/19.1.3.304/python/3.10.13.lua:1;/apps/ops/test/spack-stack-1.6.0-nco/envs/nco-intel-19.1.3.304/install/modulefiles/intel/19.1.3.304/stack-python/3.10.13.lua:1;/opt/cray/pe/lmod/modulefiles/core/craype/2.7.17.lua:1;/opt/cray/pe/lmod/modulefiles/core/cray-pals/1.3.2.lua:1;/apps/ops/test/spack-stack-1.6.0-nco/envs/nco-intel-19.1.3.304/install/modulefiles/intel/19.1.3.304/cmake/3.23.1.lua:1;/apps/ops/test/spack-stack-1.6.0-nco/envs/nco-intel-19.1.3.304/install/modulefiles/intel/19.1.3.304/pigz/2.7.lua:1;/apps/ops/test/spack-stack-1.6.0-nco/envs/nco-intel-19.1.3.304/install/modulefiles/intel/19.1.3.304/zstd/1.5.2.lua:1;/apps/ops/test/spack-stack-1.6.0-nco/envs/nco-intel-19.1.3.304/install/modulefiles/intel/19.1.3.304/tar/1.34.lua:1;/apps/ops/test/spack-stack-1.6.0-nco/envs/nco-intel-19.1.3.304/install/modulefiles/intel/19.1.3.304/gettext/0.19.7.lua:1;/apps/ops/test/spack-stack-1.6.0-nco/envs/nco-intel-19.1.3.304/install/modulefiles/intel/19.1.3.304/pcre2/10.42.lua:1;/apps/ops/test/spack-stack-1.6.0-nco/envs/nco-intel-19.1.3.304/install/modulefiles/intel/19.1.3.304/curl/8.4.0.lua:1;/apps/ops/test/spack-stack-1.6.0-nco/envs/nco-intel-19.1.3.304/install/modulefiles/intel/19.1.3.304/zlib/1.2.13.lua:1;/apps/ops/test/spack-stack-1.6.0-nco/envs/nco-intel-19.1.3.304/install/modulefiles/intel/19.1.3.304/git/2.35.3.lua:1;/apps/prod/lmodules/core/git-lfs/2.11.0:1;/apps/ops/test/spack-stack-1.6.0-nco/envs/nco-intel-19.1.3.304/install/modulefiles/intel/19.1.3.304/pkg-config/0.29.2.lua:1;/apps/ops/test/spack-stack-1.6.0-nco/envs/nco-intel-19.1.3.304/install/modulefiles/cray-mpich/8.1.9/intel/19.1.3.304/hdf5/1.14.0.lua:1;/apps/ops/test/spack-stack-1.6.0-nco/envs/nco-intel-19.1.3.304/install/modulefiles/cray-mpich/8.1.9/intel/19.1.3.304/parallel-netcdf/1.12.2.lua:1;/apps/ops/test/spack-stack-1.6.0-nco/envs/nco-intel-19.1.3.304/install/modulefiles/cray-mpich/8.1.9/intel/19.1.3.304/netcdf-c/4.9.2.lua:1;/apps/ops/test/spack-stack-1.6.0-nco/envs/nco-intel-19.1.3.304/install/modulefiles/cray-mpich/8.1.9/intel/19.1.3.304/nccmp/1.9.0.1.lua:1;/apps/ops/test/spack-stack-1.6.0-nco/envs/nco-intel-19.1.3.304/install/modulefiles/cray-mpich/8.1.9/intel/19.1.3.304/netcdf-fortran/4.6.1.lua:1;/apps/ops/test/spack-stack-1.6.0-nco/envs/nco-intel-19.1.3.304/install/modulefiles/intel/19.1.3.304/antlr/2.7.7.lua:1;/apps/ops/test/spack-stack-1.6.0-nco/envs/nco-intel-19.1.3.304/install/modulefiles/intel/19.1.3.304/gsl/2.7.1.lua:1;/apps/ops/test/spack-stack-1.6.0-nco/envs/nco-intel-19.1.3.304/install/modulefiles/cray-mpich/8.1.9/intel/19.1.3.304/nco/5.0.6.lua:1;/apps/ops/test/spack-stack-1.6.0-nco/envs/nco-intel-19.1.3.304/install/modulefiles/cray-mpich/8.1.9/intel/19.1.3.304/parallelio/2.5.10.lua:1;/apps/ops/test/spack-stack-1.6.0-nco/envs/nco-intel-19.1.3.304/install/modulefiles/intel/19.1.3.304/boost/1.83.0.lua:1;/apps/ops/test/spack-stack-1.6.0-nco/envs/nco-intel-19.1.3.304/install/modulefiles/intel/19.1.3.304/bufr/12.0.1.lua:1;/apps/ops/test/spack-stack-1.6.0-nco/envs/nco-intel-19.1.3.304/install/modulefiles/intel/19.1.3.304/ecbuild/3.7.2.lua:1;/apps/ops/test/spack-stack-1.6.0-nco/envs/nco-intel-19.1.3.304/install/modulefiles/intel/19.1.3.304/openjpeg/2.5.0.lua:1;/apps/ops/test/spack-stack-1.6.0-nco/envs/nco-intel-19.1.3.304/install/modulefiles/intel/19.1.3.304/eigen/3.4.0.lua:1;/apps/ops/test/spack-stack-1.6.0-nco/envs/nco-intel-19.1.3.304/install/modulefiles/intel/19.1.3.304/openblas/0.3.24.lua:1;/apps/ops/test/spack-stack-1.6.0-nco/envs/nco-intel-19.1.3.304/install/modulefiles/cray-mpich/8.1.9/intel/19.1.3.304/eckit/1.24.5.lua:1;/apps/ops/test/spack-stack-1.6.0-nco/envs/nco-intel-19.1.3.304/install/modulefiles/cray-mpich/8.1.9/intel/19.1.3.304/fftw/3.3.10.lua:1;/apps/ops/test/spack-stack-1.6.0-nco/envs/nco-intel-19.1.3.304/install/modulefiles/cray-mpich/8.1.9/intel/19.1.3.304/fckit/0.11.0.lua:1;/apps/ops/test/spack-stack-1.6.0-nco/envs/nco-intel-19.1.3.304/install/modulefiles/cray-mpich/8.1.9/intel/19.1.3.304/fms/2023.04.lua:1;/apps/ops/test/spack-stack-1.6.0-nco/envs/nco-intel-19.1.3.304/install/modulefiles/cray-mpich/8.1.9/intel/19.1.3.304/esmf/8.5.0.lua:1;/apps/ops/test/spack-stack-1.6.0-nco/envs/nco-intel-19.1.3.304/install/modulefiles/intel/19.1.3.304/qhull/2020.2.lua:1;/apps/ops/test/spack-stack-1.6.0-nco/envs/nco-intel-19.1.3.304/install/modulefiles/cray-mpich/8.1.9/intel/19.1.3.304/atlas/0.35.0.lua:1;/apps/ops/test/spack-stack-1.6.0-nco/envs/nco-intel-19.1.3.304/install/modulefiles/intel/19.1.3.304/sp/2.5.0.lua:1;/apps/ops/test/spack-stack-1.6.0-nco/envs/nco-intel-19.1.3.304/install/modulefiles/intel/19.1.3.304/gsl-lite/0.37.0.lua:1;/apps/ops/test/spack-stack-1.6.0-nco/envs/nco-intel-19.1.3.304/install/modulefiles/intel/19.1.3.304/libjpeg/2.1.0.lua:1;/apps/ops/test/spack-stack-1.6.0-nco/envs/nco-intel-19.1.3.304/install/modulefiles/intel/19.1.3.304/libpng/1.6.37.lua:1;/apps/ops/test/spack-stack-1.6.0-nco/envs/nco-intel-19.1.3.304/install/modulefiles/intel/19.1.3.304/libxt/1.1.5.lua:1;/apps/ops/test/spack-stack-1.6.0-nco/envs/nco-intel-19.1.3.304/install/modulefiles/intel/19.1.3.304/libxmu/1.1.4.lua:1;/apps/ops/test/spack-stack-1.6.0-nco/envs/nco-intel-19.1.3.304/install/modulefiles/intel/19.1.3.304/libxpm/3.5.12.lua:1;/apps/ops/test/spack-stack-1.6.0-nco/envs/nco-intel-19.1.3.304/install/modulefiles/intel/19.1.3.304/libxaw/1.0.13.lua:1;/apps/ops/test/spack-stack-1.6.0-nco/envs/nco-intel-19.1.3.304/install/modulefiles/intel/19.1.3.304/udunits/2.2.28.lua:1;/apps/ops/test/spack-stack-1.6.0-nco/envs/nco-intel-19.1.3.304/install/modulefiles/cray-mpich/8.1.9/intel/19.1.3.304/ncview/2.1.9.lua:1;/apps/ops/test/spack-stack-1.6.0-nco/envs/nco-intel-19.1.3.304/install/modulefiles/cray-mpich/8.1.9/intel/19.1.3.304/netcdf-cxx4/4.3.1.lua:1;/apps/ops/prod/nco/modulefiles/core/prod_util/2.0.14:1;/apps/ops/test/spack-stack-1.6.0-nco/envs/nco-intel-19.1.3.304/install/modulefiles/intel/19.1.3.304/py-setuptools/63.4.3.lua:1;/apps/ops/test/spack-stack-1.6.0-nco/envs/nco-intel-19.1.3.304/install/modulefiles/intel/19.1.3.304/py-jinja2/3.1.2.lua:1;/apps/ops/test/spack-stack-1.6.0-nco/envs/nco-intel-19.1.3.304/install/modulefiles/cray-mpich/8.1.9/intel/19.1.3.304/py-netcdf4/1.5.8.lua:1;/apps/ops/test/spack-stack-1.6.0-nco/envs/nco-intel-19.1.3.304/install/modulefiles/intel/19.1.3.304/py-pybind11/2.11.1.lua:1;/apps/ops/test/spack-stack-1.6.0-nco/envs/nco-intel-19.1.3.304/install/modulefiles/intel/19.1.3.304/py-pycodestyle/2.11.0.lua:1;/apps/ops/test/spack-stack-1.6.0-nco/envs/nco-intel-19.1.3.304/install/modulefiles/intel/19.1.3.304/libyaml/0.2.5.lua:1;/apps/ops/test/spack-stack-1.6.0-nco/envs/nco-intel-19.1.3.304/install/modulefiles/intel/19.1.3.304/py-pyyaml/5.4.1.lua:1;/apps/ops/test/spack-stack-1.6.0-nco/envs/nco-intel-19.1.3.304/install/modulefiles/intel/19.1.3.304/py-scipy/1.10.1.lua:1;/apps/ops/test/spack-stack-1.6.0-nco/envs/nco-intel-19.1.3.304/install/modulefiles/intel/19.1.3.304/py-xarray/2023.7.0.lua:1;/apps/ops/test/spack-stack-1.6.0-nco/envs/nco-intel-19.1.3.304/install/modulefiles/intel/19.1.3.304/py-f90nml/1.4.3.lua:1;/apps/ops/test/spack-stack-1.6.0-nco/envs/nco-intel-19.1.3.304/install/modulefiles/intel/19.1.3.304/py-pip/23.1.2.lua:1;/apps/ops/test/spack-stack-1.6.0-nco/envs/nco-intel-19.1.3.304/install/modulefiles/intel/19.1.3.304/py-bottleneck/1.3.7.lua:1;/apps/ops/test/spack-stack-1.6.0-nco/envs/nco-intel-19.1.3.304/install/modulefiles/intel/19.1.3.304/py-numexpr/2.8.4.lua:1;/apps/ops/test/spack-stack-1.6.0-nco/envs/nco-intel-19.1.3.304/install/modulefiles/intel/19.1.3.304/py-six/1.16.0.lua:1;/apps/ops/test/spack-stack-1.6.0-nco/envs/nco-intel-19.1.3.304/install/modulefiles/intel/19.1.3.304/py-python-dateutil/2.8.2.lua:1;/apps/ops/test/spack-stack-1.6.0-nco/envs/nco-intel-19.1.3.304/install/modulefiles/intel/19.1.3.304/py-pytz/2023.3.lua:1;/apps/ops/test/spack-stack-1.6.0-nco/envs/nco-intel-19.1.3.304/install/modulefiles/intel/19.1.3.304/py-pandas/1.5.3.lua:1;/apps/ops/test/spack-stack-1.6.0-nco/envs/nco-intel-19.1.3.304/install/modulefiles/intel/19.1.3.304/py-markupsafe/2.1.3.lua:1;/apps/ops/test/spack-stack-1.6.0-nco/envs/nco-intel-19.1.3.304/install/modulefiles/intel/19.1.3.304/py-numpy/1.24.4.lua:1;/apps/ops/test/spack-stack-1.6.0-nco/envs/nco-intel-19.1.3.304/install/modulefiles/intel/19.1.3.304/py-cftime/1.0.3.4.lua:1;/apps/ops/test/spack-stack-1.6.0-nco/envs/nco-intel-19.1.3.304/install/modulefiles/intel/19.1.3.304/py-packaging/23.1.lua:1;/lfs/h2/emc/global/noscrub/emc.global/RETRO_GFSv17/git/global-workflow/develop_20250602/sorc/gdas.cd/modulefiles/GDAS/wcoss2.intel.lua:1', 'CONFIG_SITE': '', 'CSHEDIT': 'emacs', 'cmake_ROOT': '/apps/ops/test/spack-stack-1.6.0-nco/envs/nco-intel-19.1.3.304/install/intel/19.1.3.304/cmake-3.23.1-chpcsen', 'DO_ARCHCOM': True, 'DO_FIT2OBS': True, 'DO_ICE': True, 'CHGRP_CMD': 'chgrp rstprod', 'DO_NEST': False, 'LMOD_CUSTOM_CNCM_INTEL_19_0_UCX_1_0_X86_ROME_1_0_CRAY_MPICH_8_0_PREFIX': '/apps/prod/lmodules/INTEL_cray_mpich/19.1.3.304/cray-mpich/8.1.4:/apps/ops/prod/libs/modulefiles/mpi/intel/19.1.3.304/cray-mpich/8.1.4', 'PBS_JOBID': datetime.datetime(4605, 12, 31, 0, 0), 'LMOD_CUSTOM_COMPILER_GNU_8_0_PREFIX': '/apps/prod/lmodules/gcc/11.2.0:/apps/prod/lmodules/gcc/10.2.0', 'ENVIRONMENT': 'BATCH', 'DO_AERO_FCST': False, 'GPG_TTY': 'not a tty', 'LESS_ADVANCED_PREPROCESSOR': False, 'DOLETKF_OCN': False, 'PARMgfs': '/lfs/h2/emc/global/noscrub/emc.global/RETRO_GFSv17/git/global-workflow/develop_20250602/parm', 'COM_WAVE_PREP_TMPL': '${ROTDIR}/${RUN}.${YMD}/${HH}/${MEMDIR}/model/wave/prep', 'py_numexpr_ROOT': '/apps/ops/test/spack-stack-1.6.0-nco/envs/nco-intel-19.1.3.304/install/intel/19.1.3.304/py-numexpr-2.8.4-2rtg4mi', 'SERIAL_FC': 'ftn', 'GSL_ROOT_DIR': '/apps/ops/test/spack-stack-1.6.0-nco/envs/nco-intel-19.1.3.304/install/intel/19.1.3.304/gsl-2.7.1-kr3c4v5', 'DO_FETCH_HPSS': False, 'BASE_ENV': '/lfs/h2/emc/global/noscrub/emc.global/RETRO_GFSv17/git/global-workflow/develop_20250602/env', 'NLN': '/bin/ln -sf', 'nst_anl': True, 'COLORTERM': 1, 'job': 'anlstat', 'RESERVATION': '', 'hdf5_ROOT': '/apps/ops/test/spack-stack-1.6.0-nco/envs/nco-intel-19.1.3.304/install/intel/19.1.3.304/hdf5-1.14.0-yckaywr', 'BUFR_ROOT': '/apps/ops/test/spack-stack-1.6.0-nco/envs/nco-intel-19.1.3.304/install/intel/19.1.3.304/bufr-12.0.1-tirva7g', '_ModuleTable039_': 'YTIvMy4xLjIiLFsibG9hZE9yZGVyIl09NjMscHJvcFQ9e30sWyJzdGFja0RlcHRoIl09MSxbInN0YXR1cyJdPSJhY3RpdmUiLFsidXNlck5hbWUiXT0icHktamluamEyLzMuMS4yIix9LFsicHktbWFya3Vwc2FmZSJdPXtbImZuIl09Ii9hcHBzL29wcy90ZXN0L3NwYWNrLXN0YWNrLTEuNi4wLW5jby9lbnZzL25jby1pbnRlbC0xOS4xLjMuMzA0L2luc3RhbGwvbW9kdWxlZmlsZXMvaW50ZWwvMTkuMS4zLjMwNC9weS1tYXJrdXBzYWZlLzIuMS4zLmx1YSIsWyJmdWxsTmFtZSJdPSJweS1tYXJrdXBzYWZlLzIuMS4zIixbImxvYWRPcmRlciJdPTc5LHByb3BUPXt9LFsic3RhY2tEZXB0aCJdPTEsWyJzdGF0dXMiXT0iYWN0aXZlIixbInVzZXJOYW1lIl09InB5LW1hcmt1cHNhZmUv', 'PBS_JOBNAME': 'retrotestgfs10_gdas_anlstat_18', 'COM_CHEM_HISTORY_TMPL': '${ROTDIR}/${RUN}.${YMD}/${HH}/${MEMDIR}/model/chem/history', 'COM_OBSPROC_TMPL': '${DMPDIR}/${RUN}${DUMP_SUFFIX}.${YMD}/${HH}/atmos', 'NCPUS': 1, '_ModuleTable007_': 'LjkiLFsibG9hZE9yZGVyIl09OCxwcm9wVD17fSxbInN0YWNrRGVwdGgiXT0yLFsic3RhdHVzIl09ImFjdGl2ZSIsWyJ1c2VyTmFtZSJdPSJjcmF5LW1waWNoLzguMS45Iix9LFsiY3JheS1wYWxzIl09e1siZm4iXT0iL29wdC9jcmF5L3BlL2xtb2QvbW9kdWxlZmlsZXMvY29yZS9jcmF5LXBhbHMvMS4zLjIubHVhIixbImZ1bGxOYW1lIl09ImNyYXktcGFscy8xLjMuMiIsWyJsb2FkT3JkZXIiXT0xNixwcm9wVD17fSxbInN0YWNrRGVwdGgiXT0xLFsic3RhdHVzIl09ImFjdGl2ZSIsWyJ1c2VyTmFtZSJdPSJjcmF5LXBhbHMvMS4zLjIiLH0sY3JheXBlPXtbImZuIl09Ii9vcHQvY3JheS9wZS9sbW9kL21vZHVsZWZpbGVzL2NvcmUvY3JheXBlLzIuNy4xNy5sdWEiLFsiZnVsbE5h', 'ntasks': 20, 'boost_ROOT': '/apps/ops/test/spack-stack-1.6.0-nco/envs/nco-intel-19.1.3.304/install/intel/19.1.3.304/boost-1.83.0-nqtmt7k', 'nccmp_ROOT': '/apps/ops/test/spack-stack-1.6.0-nco/envs/nco-intel-19.1.3.304/install/intel/19.1.3.304/nccmp-1.9.0.1-dnptqlr', 'max_tasks_per_node': 128, 'OUTPUT_GRID': 'gaussian_grid', 'EXPDIR': '/lfs/h2/emc/global/noscrub/emc.global/RETRO_GFSv17/expdir/retrotestgfs10', 'COM_OBS_JEDI': '${ROTDIR}/${RUN}.${YMD}/${HH}/${MEMDIR}/obs_jedi', '__LMOD_REF_COUNT_NLSPATH': '/pe/intel/compilers_and_libraries_2020.4.304/linux/compiler/lib/intel64/locale/%l_%t/%N:1;/pe/intel/compilers_and_libraries_2020.4.304/linux/mkl/lib/intel64_lin/locale/%l_%t/%N:1;/pe/intel/debugger_2020/gdb/intel64/share/locale/%l_%t/%N:1', 'FHMIN': 0, '_ModuleTable026_': 'Y2tEZXB0aCJdPTIsWyJzdGF0dXMiXT0iYWN0aXZlIixbInVzZXJOYW1lIl09ImxpYnlhbWwvMC4yLjUiLH0sbmNjbXA9e1siZm4iXT0iL2FwcHMvb3BzL3Rlc3Qvc3BhY2stc3RhY2stMS42LjAtbmNvL2VudnMvbmNvLWludGVsLTE5LjEuMy4zMDQvaW5zdGFsbC9tb2R1bGVmaWxlcy9jcmF5LW1waWNoLzguMS45L2ludGVsLzE5LjEuMy4zMDQvbmNjbXAvMS45LjAuMS5sdWEiLFsiZnVsbE5hbWUiXT0ibmNjbXAvMS45LjAuMSIsWyJsb2FkT3JkZXIiXT0zMSxwcm9wVD17fSxbInN0YWNrRGVwdGgiXT0xLFsic3RhdHVzIl09ImFjdGl2ZSIsWyJ1c2VyTmFtZSJdPSJuY2NtcC8xLjkuMC4xIix9LG5jbz17WyJmbiJdPSIvYXBwcy9vcHMvdGVzdC9zcGFjay1zdGFjay0xLjYuMC1u', 'py_packaging_ROOT': '/apps/ops/test/spack-stack-1.6.0-nco/envs/nco-intel-19.1.3.304/install/intel/19.1.3.304/py-packaging-23.1-2qpd5mc', 'LMOD_FAMILY_CRAYPE_NETWORK': 'craype-network-ofi', 'VERBOSE': True, 'LMOD_FAMILY_CRAYPE_VERSION': '2.7.17', 'NHOUR': '/apps/ops/prod/nco/core/prod_util.v2.0.14/exec/nhour', 'FHMAX_GFS': 384, 'DO_STARTMEM_FROM_JEDIICE': True, 'memory': '90GB', 'DYLD_LIBRARY_PATH': '/apps/ops/test/spack-stack-1.6.0-nco/envs/nco-intel-19.1.3.304/install/intel/19.1.3.304/py-packaging-23.1-2qpd5mc/lib:/apps/ops/test/spack-stack-1.6.0-nco/envs/nco-intel-19.1.3.304/install/intel/19.1.3.304/py-cftime-1.0.3.4-dka7hny/lib:/apps/ops/test/spack-stack-1.6.0-nco/envs/nco-intel-19.1.3.304/install/intel/19.1.3.304/py-numpy-1.24.4-yosem2k/lib:/apps/ops/test/spack-stack-1.6.0-nco/envs/nco-intel-19.1.3.304/install/intel/19.1.3.304/py-markupsafe-2.1.3-45ywjnp/lib:/apps/ops/test/spack-stack-1.6.0-nco/envs/nco-intel-19.1.3.304/install/intel/19.1.3.304/py-pandas-1.5.3-u3wc7uc/lib:/apps/ops/test/spack-stack-1.6.0-nco/envs/nco-intel-19.1.3.304/install/intel/19.1.3.304/py-pytz-2023.3-yebggst/lib:/apps/ops/test/spack-stack-1.6.0-nco/envs/nco-intel-19.1.3.304/install/intel/19.1.3.304/py-python-dateutil-2.8.2-mes6fwe/lib:/apps/ops/test/spack-stack-1.6.0-nco/envs/nco-intel-19.1.3.304/install/intel/19.1.3.304/py-six-1.16.0-u4sv6sb/lib:/apps/ops/test/spack-stack-1.6.0-nco/envs/nco-intel-19.1.3.304/install/intel/19.1.3.304/py-numexpr-2.8.4-2rtg4mi/lib:/apps/ops/test/spack-stack-1.6.0-nco/envs/nco-intel-19.1.3.304/install/intel/19.1.3.304/py-bottleneck-1.3.7-oolvw5k/lib:/apps/ops/test/spack-stack-1.6.0-nco/envs/nco-intel-19.1.3.304/install/intel/19.1.3.304/py-pip-23.1.2-ohrscnx/lib:/apps/ops/test/spack-stack-1.6.0-nco/envs/nco-intel-19.1.3.304/install/intel/19.1.3.304/py-f90nml-1.4.3-rizmifn/lib:/apps/ops/test/spack-stack-1.6.0-nco/envs/nco-intel-19.1.3.304/install/intel/19.1.3.304/py-xarray-2023.7.0-jj7syqa/lib:/apps/ops/test/spack-stack-1.6.0-nco/envs/nco-intel-19.1.3.304/install/intel/19.1.3.304/py-scipy-1.10.1-236sa7x/lib:/apps/ops/test/spack-stack-1.6.0-nco/envs/nco-intel-19.1.3.304/install/intel/19.1.3.304/py-pyyaml-5.4.1-afvmuaf/lib:/apps/ops/test/spack-stack-1.6.0-nco/envs/nco-intel-19.1.3.304/install/intel/19.1.3.304/libyaml-0.2.5-ygjrdvo/lib:/apps/ops/test/spack-stack-1.6.0-nco/envs/nco-intel-19.1.3.304/install/intel/19.1.3.304/py-pycodestyle-2.11.0-bh2jlm5/lib:/apps/ops/test/spack-stack-1.6.0-nco/envs/nco-intel-19.1.3.304/install/intel/19.1.3.304/py-pybind11-2.11.1-wdb6paz/lib:/apps/ops/test/spack-stack-1.6.0-nco/envs/nco-intel-19.1.3.304/install/intel/19.1.3.304/py-netcdf4-1.5.8-6kubnk6/lib:/apps/ops/test/spack-stack-1.6.0-nco/envs/nco-intel-19.1.3.304/install/intel/19.1.3.304/py-jinja2-3.1.2-vbbttij/lib:/apps/ops/test/spack-stack-1.6.0-nco/envs/nco-intel-19.1.3.304/install/intel/19.1.3.304/py-setuptools-63.4.3-rg7efar/lib:/apps/ops/test/spack-stack-1.6.0-nco/envs/nco-intel-19.1.3.304/install/intel/19.1.3.304/netcdf-cxx4-4.3.1-lp7tiyf/lib:/apps/ops/test/spack-stack-1.6.0-nco/envs/nco-intel-19.1.3.304/install/intel/19.1.3.304/udunits-2.2.28-wmjzel4/lib:/apps/ops/test/spack-stack-1.6.0-nco/envs/nco-intel-19.1.3.304/install/intel/19.1.3.304/libxaw-1.0.13-gdstphl/lib:/apps/ops/test/spack-stack-1.6.0-nco/envs/nco-intel-19.1.3.304/install/intel/19.1.3.304/libxpm-3.5.12-dcjsyoi/lib:/apps/ops/test/spack-stack-1.6.0-nco/envs/nco-intel-19.1.3.304/install/intel/19.1.3.304/libxmu-1.1.4-xhe6hjc/lib:/apps/ops/test/spack-stack-1.6.0-nco/envs/nco-intel-19.1.3.304/install/intel/19.1.3.304/libxt-1.1.5-r2mrglu/lib:/apps/ops/test/spack-stack-1.6.0-nco/envs/nco-intel-19.1.3.304/install/intel/19.1.3.304/libpng-1.6.37-3sds4er/lib64:/apps/ops/test/spack-stack-1.6.0-nco/envs/nco-intel-19.1.3.304/install/intel/19.1.3.304/libpng-1.6.37-3sds4er/lib:/apps/ops/test/spack-stack-1.6.0-nco/envs/nco-intel-19.1.3.304/install/intel/19.1.3.304/libjpeg-turbo-2.1.0-rt44pqr/lib64:/apps/ops/test/spack-stack-1.6.0-nco/envs/nco-intel-19.1.3.304/install/intel/19.1.3.304/gsl-lite-0.37.0-7zi7wss/lib64:/apps/ops/test/spack-stack-1.6.0-nco/envs/nco-intel-19.1.3.304/install/intel/19.1.3.304/sp-2.5.0-rhcyr64/lib64:/apps/ops/test/spack-stack-1.6.0-nco/envs/nco-intel-19.1.3.304/install/intel/19.1.3.304/ecmwf-atlas-0.35.0-42ufhdx/lib64:/apps/ops/test/spack-stack-1.6.0-nco/envs/nco-intel-19.1.3.304/install/intel/19.1.3.304/qhull-2020.2-5ycwudw/lib:/apps/ops/test/spack-stack-1.6.0-nco/envs/nco-intel-19.1.3.304/install/intel/19.1.3.304/esmf-8.5.0-7huplmy/lib:/apps/ops/test/spack-stack-1.6.0-nco/envs/nco-intel-19.1.3.304/install/intel/19.1.3.304/fms-2023.04-utbqnz3/lib:/apps/ops/test/spack-stack-1.6.0-nco/envs/nco-intel-19.1.3.304/install/intel/19.1.3.304/fckit-0.11.0-7qg4hhj/lib64:/apps/ops/test/spack-stack-1.6.0-nco/envs/nco-intel-19.1.3.304/install/intel/19.1.3.304/fftw-3.3.10-sefnta3/lib:/apps/ops/test/spack-stack-1.6.0-nco/envs/nco-intel-19.1.3.304/install/intel/19.1.3.304/eckit-1.24.5-isrgc5y/lib64:/apps/ops/test/spack-stack-1.6.0-nco/envs/nco-intel-19.1.3.304/install/intel/19.1.3.304/openblas-0.3.24-7qwu32e/lib:/apps/ops/test/spack-stack-1.6.0-nco/envs/nco-intel-19.1.3.304/install/intel/19.1.3.304/openjpeg-2.5.0-ulqgnem/lib:/apps/ops/test/spack-stack-1.6.0-nco/envs/nco-intel-19.1.3.304/install/intel/19.1.3.304/ecbuild-3.7.2-ovbazu2/lib64:/apps/ops/test/spack-stack-1.6.0-nco/envs/nco-intel-19.1.3.304/install/intel/19.1.3.304/bufr-12.0.1-tirva7g/lib64:/apps/ops/test/spack-stack-1.6.0-nco/envs/nco-intel-19.1.3.304/install/intel/19.1.3.304/bufr-12.0.1-tirva7g/lib:/apps/ops/test/spack-stack-1.6.0-nco/envs/nco-intel-19.1.3.304/install/intel/19.1.3.304/boost-1.83.0-nqtmt7k/lib:/apps/ops/test/spack-stack-1.6.0-nco/envs/nco-intel-19.1.3.304/install/intel/19.1.3.304/parallelio-2.5.10-3rkk43u/lib:/apps/ops/test/spack-stack-1.6.0-nco/envs/nco-intel-19.1.3.304/install/intel/19.1.3.304/nco-5.0.6-6ykwuoz/lib:/apps/ops/test/spack-stack-1.6.0-nco/envs/nco-intel-19.1.3.304/install/intel/19.1.3.304/gsl-2.7.1-kr3c4v5/lib:/apps/ops/test/spack-stack-1.6.0-nco/envs/nco-intel-19.1.3.304/install/intel/19.1.3.304/antlr-2.7.7-hoqq24u/lib:/apps/ops/test/spack-stack-1.6.0-nco/envs/nco-intel-19.1.3.304/install/intel/19.1.3.304/netcdf-fortran-4.6.1-b4geqvx/lib:/apps/ops/test/spack-stack-1.6.0-nco/envs/nco-intel-19.1.3.304/install/intel/19.1.3.304/netcdf-c-4.9.2-bcln2jr/lib:/apps/ops/test/spack-stack-1.6.0-nco/envs/nco-intel-19.1.3.304/install/intel/19.1.3.304/parallel-netcdf-1.12.2-77j7vnx/lib:/apps/ops/test/spack-stack-1.6.0-nco/envs/nco-intel-19.1.3.304/install/intel/19.1.3.304/hdf5-1.14.0-yckaywr/lib:/apps/ops/test/spack-stack-1.6.0-nco/envs/nco-intel-19.1.3.304/install/intel/19.1.3.304/zlib-1.2.13-yoc3h4p/lib:/apps/ops/test/spack-stack-1.6.0-nco/envs/nco-intel-19.1.3.304/install/intel/19.1.3.304/curl-8.4.0-zr7lvkw/lib:/apps/ops/test/spack-stack-1.6.0-nco/envs/nco-intel-19.1.3.304/install/intel/19.1.3.304/pcre2-10.42-utn3zxn/lib:/apps/ops/test/spack-stack-1.6.0-nco/envs/nco-intel-19.1.3.304/install/intel/19.1.3.304/gettext-0.19.7-2fi4wu4/lib:/apps/ops/test/spack-stack-1.6.0-nco/envs/nco-intel-19.1.3.304/install/intel/19.1.3.304/zstd-1.5.2-pe6gdyf/lib:/apps/ops/test/spack-stack-1.6.0-nco/envs/nco-intel-19.1.3.304/install/intel/19.1.3.304/python-3.10.13-qzt4y2i/lib:/apps/ops/test/spack-stack-1.6.0-nco/envs/nco-intel-19.1.3.304/install/intel/19.1.3.304/util-linux-uuid-2.38.1-jwatqmi/lib:/apps/ops/test/spack-stack-1.6.0-nco/envs/nco-intel-19.1.3.304/install/intel/19.1.3.304/sqlite-3.43.2-onahail/lib:/apps/ops/test/spack-stack-1.6.0-nco/envs/nco-intel-19.1.3.304/install/intel/19.1.3.304/libxcrypt-4.4.35-soueqga/lib', 'MACHTYPE': 'x86_64-suse-linux', 'FIXreg2grb2': '/lfs/h2/emc/global/noscrub/emc.global/RETRO_GFSv17/git/global-workflow/develop_20250602/fix/reg2grb2', 'COM_WAVE_GEMPAK_TMPL': '${ROTDIR}/${RUN}.${YMD}/${HH}/${MEMDIR}/products/wave/gempak', '__LMOD_REF_COUNT_LD_LIBRARY_PATH': '/apps/ops/test/spack-stack-1.6.0-nco/envs/nco-intel-19.1.3.304/install/intel/19.1.3.304/py-packaging-23.1-2qpd5mc/lib:1;/apps/ops/test/spack-stack-1.6.0-nco/envs/nco-intel-19.1.3.304/install/intel/19.1.3.304/py-cftime-1.0.3.4-dka7hny/lib:1;/apps/ops/test/spack-stack-1.6.0-nco/envs/nco-intel-19.1.3.304/install/intel/19.1.3.304/py-numpy-1.24.4-yosem2k/lib:1;/apps/ops/test/spack-stack-1.6.0-nco/envs/nco-intel-19.1.3.304/install/intel/19.1.3.304/py-markupsafe-2.1.3-45ywjnp/lib:1;/apps/ops/test/spack-stack-1.6.0-nco/envs/nco-intel-19.1.3.304/install/intel/19.1.3.304/py-pandas-1.5.3-u3wc7uc/lib:1;/apps/ops/test/spack-stack-1.6.0-nco/envs/nco-intel-19.1.3.304/install/intel/19.1.3.304/py-pytz-2023.3-yebggst/lib:1;/apps/ops/test/spack-stack-1.6.0-nco/envs/nco-intel-19.1.3.304/install/intel/19.1.3.304/py-python-dateutil-2.8.2-mes6fwe/lib:1;/apps/ops/test/spack-stack-1.6.0-nco/envs/nco-intel-19.1.3.304/install/intel/19.1.3.304/py-six-1.16.0-u4sv6sb/lib:1;/apps/ops/test/spack-stack-1.6.0-nco/envs/nco-intel-19.1.3.304/install/intel/19.1.3.304/py-numexpr-2.8.4-2rtg4mi/lib:1;/apps/ops/test/spack-stack-1.6.0-nco/envs/nco-intel-19.1.3.304/install/intel/19.1.3.304/py-bottleneck-1.3.7-oolvw5k/lib:1;/apps/ops/test/spack-stack-1.6.0-nco/envs/nco-intel-19.1.3.304/install/intel/19.1.3.304/py-pip-23.1.2-ohrscnx/lib:1;/apps/ops/test/spack-stack-1.6.0-nco/envs/nco-intel-19.1.3.304/install/intel/19.1.3.304/py-f90nml-1.4.3-rizmifn/lib:1;/apps/ops/test/spack-stack-1.6.0-nco/envs/nco-intel-19.1.3.304/install/intel/19.1.3.304/py-xarray-2023.7.0-jj7syqa/lib:1;/apps/ops/test/spack-stack-1.6.0-nco/envs/nco-intel-19.1.3.304/install/intel/19.1.3.304/py-scipy-1.10.1-236sa7x/lib:1;/apps/ops/test/spack-stack-1.6.0-nco/envs/nco-intel-19.1.3.304/install/intel/19.1.3.304/py-pyyaml-5.4.1-afvmuaf/lib:1;/apps/ops/test/spack-stack-1.6.0-nco/envs/nco-intel-19.1.3.304/install/intel/19.1.3.304/libyaml-0.2.5-ygjrdvo/lib:1;/apps/ops/test/spack-stack-1.6.0-nco/envs/nco-intel-19.1.3.304/install/intel/19.1.3.304/py-pycodestyle-2.11.0-bh2jlm5/lib:1;/apps/ops/test/spack-stack-1.6.0-nco/envs/nco-intel-19.1.3.304/install/intel/19.1.3.304/py-pybind11-2.11.1-wdb6paz/lib:1;/apps/ops/test/spack-stack-1.6.0-nco/envs/nco-intel-19.1.3.304/install/intel/19.1.3.304/py-netcdf4-1.5.8-6kubnk6/lib:1;/apps/ops/test/spack-stack-1.6.0-nco/envs/nco-intel-19.1.3.304/install/intel/19.1.3.304/py-jinja2-3.1.2-vbbttij/lib:1;/apps/ops/test/spack-stack-1.6.0-nco/envs/nco-intel-19.1.3.304/install/intel/19.1.3.304/py-setuptools-63.4.3-rg7efar/lib:1;/apps/ops/test/spack-stack-1.6.0-nco/envs/nco-intel-19.1.3.304/install/intel/19.1.3.304/netcdf-cxx4-4.3.1-lp7tiyf/lib:1;/apps/ops/test/spack-stack-1.6.0-nco/envs/nco-intel-19.1.3.304/install/intel/19.1.3.304/udunits-2.2.28-wmjzel4/lib:1;/apps/ops/test/spack-stack-1.6.0-nco/envs/nco-intel-19.1.3.304/install/intel/19.1.3.304/libxaw-1.0.13-gdstphl/lib:1;/apps/ops/test/spack-stack-1.6.0-nco/envs/nco-intel-19.1.3.304/install/intel/19.1.3.304/libxpm-3.5.12-dcjsyoi/lib:1;/apps/ops/test/spack-stack-1.6.0-nco/envs/nco-intel-19.1.3.304/install/intel/19.1.3.304/libxmu-1.1.4-xhe6hjc/lib:1;/apps/ops/test/spack-stack-1.6.0-nco/envs/nco-intel-19.1.3.304/install/intel/19.1.3.304/libxt-1.1.5-r2mrglu/lib:1;/apps/ops/test/spack-stack-1.6.0-nco/envs/nco-intel-19.1.3.304/install/intel/19.1.3.304/libpng-1.6.37-3sds4er/lib64:1;/apps/ops/test/spack-stack-1.6.0-nco/envs/nco-intel-19.1.3.304/install/intel/19.1.3.304/libpng-1.6.37-3sds4er/lib:1;/apps/ops/test/spack-stack-1.6.0-nco/envs/nco-intel-19.1.3.304/install/intel/19.1.3.304/libjpeg-turbo-2.1.0-rt44pqr/lib64:1;/apps/ops/test/spack-stack-1.6.0-nco/envs/nco-intel-19.1.3.304/install/intel/19.1.3.304/gsl-lite-0.37.0-7zi7wss/lib64:1;/apps/ops/test/spack-stack-1.6.0-nco/envs/nco-intel-19.1.3.304/install/intel/19.1.3.304/sp-2.5.0-rhcyr64/lib64:1;/apps/ops/test/spack-stack-1.6.0-nco/envs/nco-intel-19.1.3.304/install/intel/19.1.3.304/ecmwf-atlas-0.35.0-42ufhdx/lib64:1;/apps/ops/test/spack-stack-1.6.0-nco/envs/nco-intel-19.1.3.304/install/intel/19.1.3.304/qhull-2020.2-5ycwudw/lib:1;/apps/ops/test/spack-stack-1.6.0-nco/envs/nco-intel-19.1.3.304/install/intel/19.1.3.304/esmf-8.5.0-7huplmy/lib:1;/apps/ops/test/spack-stack-1.6.0-nco/envs/nco-intel-19.1.3.304/install/intel/19.1.3.304/fms-2023.04-utbqnz3/lib:1;/apps/ops/test/spack-stack-1.6.0-nco/envs/nco-intel-19.1.3.304/install/intel/19.1.3.304/fckit-0.11.0-7qg4hhj/lib64:1;/apps/ops/test/spack-stack-1.6.0-nco/envs/nco-intel-19.1.3.304/install/intel/19.1.3.304/fftw-3.3.10-sefnta3/lib:1;/apps/ops/test/spack-stack-1.6.0-nco/envs/nco-intel-19.1.3.304/install/intel/19.1.3.304/eckit-1.24.5-isrgc5y/lib64:1;/apps/ops/test/spack-stack-1.6.0-nco/envs/nco-intel-19.1.3.304/install/intel/19.1.3.304/openblas-0.3.24-7qwu32e/lib:1;/apps/ops/test/spack-stack-1.6.0-nco/envs/nco-intel-19.1.3.304/install/intel/19.1.3.304/openjpeg-2.5.0-ulqgnem/lib:1;/apps/ops/test/spack-stack-1.6.0-nco/envs/nco-intel-19.1.3.304/install/intel/19.1.3.304/ecbuild-3.7.2-ovbazu2/lib64:1;/apps/ops/test/spack-stack-1.6.0-nco/envs/nco-intel-19.1.3.304/install/intel/19.1.3.304/bufr-12.0.1-tirva7g/lib64:1;/apps/ops/test/spack-stack-1.6.0-nco/envs/nco-intel-19.1.3.304/install/intel/19.1.3.304/bufr-12.0.1-tirva7g/lib:1;/apps/ops/test/spack-stack-1.6.0-nco/envs/nco-intel-19.1.3.304/install/intel/19.1.3.304/boost-1.83.0-nqtmt7k/lib:1;/apps/ops/test/spack-stack-1.6.0-nco/envs/nco-intel-19.1.3.304/install/intel/19.1.3.304/parallelio-2.5.10-3rkk43u/lib:1;/apps/ops/test/spack-stack-1.6.0-nco/envs/nco-intel-19.1.3.304/install/intel/19.1.3.304/nco-5.0.6-6ykwuoz/lib:1;/apps/ops/test/spack-stack-1.6.0-nco/envs/nco-intel-19.1.3.304/install/intel/19.1.3.304/gsl-2.7.1-kr3c4v5/lib:1;/apps/ops/test/spack-stack-1.6.0-nco/envs/nco-intel-19.1.3.304/install/intel/19.1.3.304/antlr-2.7.7-hoqq24u/lib:1;/apps/ops/test/spack-stack-1.6.0-nco/envs/nco-intel-19.1.3.304/install/intel/19.1.3.304/netcdf-fortran-4.6.1-b4geqvx/lib:1;/apps/ops/test/spack-stack-1.6.0-nco/envs/nco-intel-19.1.3.304/install/intel/19.1.3.304/netcdf-c-4.9.2-bcln2jr/lib:1;/apps/ops/test/spack-stack-1.6.0-nco/envs/nco-intel-19.1.3.304/install/intel/19.1.3.304/parallel-netcdf-1.12.2-77j7vnx/lib:1;/apps/ops/test/spack-stack-1.6.0-nco/envs/nco-intel-19.1.3.304/install/intel/19.1.3.304/zlib-1.2.13-yoc3h4p/lib:1;/apps/ops/test/spack-stack-1.6.0-nco/envs/nco-intel-19.1.3.304/install/intel/19.1.3.304/curl-8.4.0-zr7lvkw/lib:1;/apps/ops/test/spack-stack-1.6.0-nco/envs/nco-intel-19.1.3.304/install/intel/19.1.3.304/pcre2-10.42-utn3zxn/lib:1;/apps/ops/test/spack-stack-1.6.0-nco/envs/nco-intel-19.1.3.304/install/intel/19.1.3.304/gettext-0.19.7-2fi4wu4/lib:1;/apps/ops/test/spack-stack-1.6.0-nco/envs/nco-intel-19.1.3.304/install/intel/19.1.3.304/zstd-1.5.2-pe6gdyf/lib:1;/apps/ops/test/spack-stack-1.6.0-nco/envs/nco-intel-19.1.3.304/install/intel/19.1.3.304/python-3.10.13-qzt4y2i/lib:1;/apps/ops/test/spack-stack-1.6.0-nco/envs/nco-intel-19.1.3.304/install/intel/19.1.3.304/util-linux-uuid-2.38.1-jwatqmi/lib:1;/apps/ops/test/spack-stack-1.6.0-nco/envs/nco-intel-19.1.3.304/install/intel/19.1.3.304/sqlite-3.43.2-onahail/lib:1;/apps/ops/test/spack-stack-1.6.0-nco/envs/nco-intel-19.1.3.304/install/intel/19.1.3.304/libxcrypt-4.4.35-soueqga/lib:1;/opt/cray/lib64:1;/pe/intel/compilers_and_libraries_2020.4.304/linux/compiler/lib/intel64_lin:1;/pe/intel/compilers_and_libraries_2020.4.304/linux/mpi/intel64/lib/release:1;/pe/intel/compilers_and_libraries_2020.4.304/linux/mpi/intel64/lib:1;/pe/intel/compilers_and_libraries_2020.4.304/linux/ipp/lib/intel64:1;/pe/intel/compilers_and_libraries_2020.4.304/linux/mkl/lib/intel64_lin:1;/pe/intel/compilers_and_libraries_2020.4.304/linux/tbb/lib/intel64/gcc4.8:1;/pe/intel/debugger_2020/python/intel64/lib:1;/pe/intel/debugger_2020/libipt/intel64/lib:1;/lfs/h2/emc/global/noscrub/emc.global/RETRO_GFSv17/git/global-workflow/develop_20250602/sorc/gdas.cd/build/lib:1;/opt/cray/pe/mpich/8.1.19/ofi/intel/19.0/lib:1;/apps/ops/test/spack-stack-1.6.0-nco/envs/nco-intel-19.1.3.304/install/intel/19.1.3.304/hdf5-1.14.0-yckaywr/lib:2', 'COM_OCEAN_LETKF_TMPL': '${ROTDIR}/${RUN}.${YMD}/${HH}/${MEMDIR}/analysis/ocean/letkf', 'EDATE': datetime.datetime(2025, 1, 16, 0, 0), '_ModuleTable049_': 'L2FwcHMvb3BzL3Rlc3Qvc3BhY2stc3RhY2stMS42LjAtbmNvL2VudnMvbmNvLWludGVsLTE5LjEuMy4zMDQvaW5zdGFsbC9tb2R1bGVmaWxlcy9pbnRlbC8xOS4xLjMuMzA0L3B5LXNldHVwdG9vbHMvNjMuNC4zLmx1YSIsWyJmdWxsTmFtZSJdPSJweS1zZXR1cHRvb2xzLzYzLjQuMyIsWyJsb2FkT3JkZXIiXT02Mixwcm9wVD17fSxbInJlZl9jb3VudCJdPTIsWyJzdGFja0RlcHRoIl09MSxbInN0YXR1cyJdPSJhY3RpdmUiLFsidXNlck5hbWUiXT0icHktc2V0dXB0b29scy82My40LjMiLH0sWyJweS1zaXgiXT17WyJmbiJdPSIvYXBwcy9vcHMvdGVzdC9zcGFjay1zdGFjay0xLjYuMC1uY28vZW52cy9uY28taW50ZWwtMTkuMS4zLjMwNC9pbnN0YWxsL21vZHVsZWZpbGVzL2lu', '__LMOD_REF_COUNT_PKG_CONFIG_PATH': '/apps/ops/test/spack-stack-1.6.0-nco/envs/nco-intel-19.1.3.304/install/intel/19.1.3.304/libyaml-0.2.5-ygjrdvo/lib/pkgconfig:2;/apps/ops/test/spack-stack-1.6.0-nco/envs/nco-intel-19.1.3.304/install/intel/19.1.3.304/py-pybind11-2.11.1-wdb6paz/share/pkgconfig:1;/apps/ops/test/spack-stack-1.6.0-nco/envs/nco-intel-19.1.3.304/install/intel/19.1.3.304/netcdf-cxx4-4.3.1-lp7tiyf/lib/pkgconfig:2;/apps/ops/test/spack-stack-1.6.0-nco/envs/nco-intel-19.1.3.304/install/intel/19.1.3.304/libxaw-1.0.13-gdstphl/lib/pkgconfig:2;/apps/ops/test/spack-stack-1.6.0-nco/envs/nco-intel-19.1.3.304/install/intel/19.1.3.304/libxpm-3.5.12-dcjsyoi/lib/pkgconfig:2;/apps/ops/test/spack-stack-1.6.0-nco/envs/nco-intel-19.1.3.304/install/intel/19.1.3.304/libxmu-1.1.4-xhe6hjc/lib/pkgconfig:2;/apps/ops/test/spack-stack-1.6.0-nco/envs/nco-intel-19.1.3.304/install/intel/19.1.3.304/libxt-1.1.5-r2mrglu/lib/pkgconfig:2;/apps/ops/test/spack-stack-1.6.0-nco/envs/nco-intel-19.1.3.304/install/intel/19.1.3.304/libpng-1.6.37-3sds4er/lib64/pkgconfig:2;/apps/ops/test/spack-stack-1.6.0-nco/envs/nco-intel-19.1.3.304/install/intel/19.1.3.304/libjpeg-turbo-2.1.0-rt44pqr/lib64/pkgconfig:2;/apps/ops/test/spack-stack-1.6.0-nco/envs/nco-intel-19.1.3.304/install/intel/19.1.3.304/ecmwf-atlas-0.35.0-42ufhdx/lib64/pkgconfig:2;/apps/ops/test/spack-stack-1.6.0-nco/envs/nco-intel-19.1.3.304/install/intel/19.1.3.304/qhull-2020.2-5ycwudw/lib/pkgconfig:2;/apps/ops/test/spack-stack-1.6.0-nco/envs/nco-intel-19.1.3.304/install/intel/19.1.3.304/fftw-3.3.10-sefnta3/lib/pkgconfig:2;/apps/ops/test/spack-stack-1.6.0-nco/envs/nco-intel-19.1.3.304/install/intel/19.1.3.304/eckit-1.24.5-isrgc5y/lib64/pkgconfig:2;/apps/ops/test/spack-stack-1.6.0-nco/envs/nco-intel-19.1.3.304/install/intel/19.1.3.304/openblas-0.3.24-7qwu32e/lib/pkgconfig:2;/apps/ops/test/spack-stack-1.6.0-nco/envs/nco-intel-19.1.3.304/install/intel/19.1.3.304/eigen-3.4.0-7qdffiv/share/pkgconfig:1;/apps/ops/test/spack-stack-1.6.0-nco/envs/nco-intel-19.1.3.304/install/intel/19.1.3.304/openjpeg-2.5.0-ulqgnem/lib/pkgconfig:2;/apps/ops/test/spack-stack-1.6.0-nco/envs/nco-intel-19.1.3.304/install/intel/19.1.3.304/gsl-2.7.1-kr3c4v5/lib/pkgconfig:2;/apps/ops/test/spack-stack-1.6.0-nco/envs/nco-intel-19.1.3.304/install/intel/19.1.3.304/netcdf-fortran-4.6.1-b4geqvx/lib/pkgconfig:2;/apps/ops/test/spack-stack-1.6.0-nco/envs/nco-intel-19.1.3.304/install/intel/19.1.3.304/netcdf-c-4.9.2-bcln2jr/lib/pkgconfig:2;/apps/ops/test/spack-stack-1.6.0-nco/envs/nco-intel-19.1.3.304/install/intel/19.1.3.304/parallel-netcdf-1.12.2-77j7vnx/lib/pkgconfig:2;/apps/ops/test/spack-stack-1.6.0-nco/envs/nco-intel-19.1.3.304/install/intel/19.1.3.304/hdf5-1.14.0-yckaywr/lib/pkgconfig:2;/usr/share/pkgconfig:2;/usr/lib64/pkgconfig:4;/usr/lib/pkgconfig:4;/apps/ops/test/spack-stack-1.6.0-nco/envs/nco-intel-19.1.3.304/install/intel/19.1.3.304/zlib-1.2.13-yoc3h4p/lib/pkgconfig:2;/apps/ops/test/spack-stack-1.6.0-nco/envs/nco-intel-19.1.3.304/install/intel/19.1.3.304/curl-8.4.0-zr7lvkw/lib/pkgconfig:2;/apps/ops/test/spack-stack-1.6.0-nco/envs/nco-intel-19.1.3.304/install/intel/19.1.3.304/pcre2-10.42-utn3zxn/lib/pkgconfig:2;/apps/ops/test/spack-stack-1.6.0-nco/envs/nco-intel-19.1.3.304/install/intel/19.1.3.304/zstd-1.5.2-pe6gdyf/lib/pkgconfig:2;/opt/cray/pe/craype/2.7.17/pkg-config:1;/apps/ops/test/spack-stack-1.6.0-nco/envs/nco-intel-19.1.3.304/install/intel/19.1.3.304/python-3.10.13-qzt4y2i/lib/pkgconfig:2;/apps/ops/test/spack-stack-1.6.0-nco/envs/nco-intel-19.1.3.304/install/intel/19.1.3.304/util-linux-uuid-2.38.1-jwatqmi/lib/pkgconfig:2;/apps/ops/test/spack-stack-1.6.0-nco/envs/nco-intel-19.1.3.304/install/intel/19.1.3.304/sqlite-3.43.2-onahail/lib/pkgconfig:2;/apps/ops/test/spack-stack-1.6.0-nco/envs/nco-intel-19.1.3.304/install/intel/19.1.3.304/libxcrypt-4.4.35-soueqga/lib/pkgconfig:2;/opt/cray/lib64/pkgconfig:1;/pe/intel/compilers_and_libraries_2020.4.304/linux/mkl/bin/pkgconfig:1', 'ATARDIR': '/5year/NCEPDEV/emc-global/emc.glopara/WCOSS2/GFSv17/retrotestgfs10', 'DO_JEDIOCNVAR': True, 'PBS_O_PATH': '/apps/ops/test/nco/core/rocoto.v1.3.5/bin:/apps/spack/python/3.8.6/intel/19.1.3.304/pjn2nzkjvqgmjw4hmyz43v5x4jbxjzpk/bin:/opt/cray/pals/1.3.2/bin:/pe/intel/compilers_and_libraries_2020.4.304/linux/bin/intel64:/pe/intel/compilers_and_libraries_2020.4.304/linux/bin:/pe/intel/compilers_and_libraries_2020.4.304/linux/mpi/intel64/bin:/pe/intel/debugger_2020/gdb/intel64/bin:/opt/cray/pe/craype/2.7.17/bin:/opt/cray/bin:/u/emc.global/bin:/usr/local/bin:/usr/bin:/bin:/opt/c3/bin:/opt/pbs/bin:/sbin:.:/opt/cray/pe/bin:/apps/prod/python-modules/3.8.6/intel/19.1.3.304/bin:/apps/prod/python-modules/3.8.6/intel/19.1.3.304/lib/python3.8/site-packages/bin', 'LMOD_CUSTOM_CNCM_CRAYCLANG_10_0_UCX_1_0_PREFIX': '/apps/prod/lmodules/cce/13.0.0:/apps/prod/lmodules/cce/12.0.3:/apps/prod/lmodules/cce/11.0.4', 'DO_GSISOILDA': True, 'MPI_CXX': 'mpic++', 'UTILROOT': '/apps/ops/prod/nco/core/prod_util.v2.0.14', '_ModuleTable024_': 'aWJ4bXUvMS4xLjQiLH0sbGlieHBtPXtbImZuIl09Ii9hcHBzL29wcy90ZXN0L3NwYWNrLXN0YWNrLTEuNi4wLW5jby9lbnZzL25jby1pbnRlbC0xOS4xLjMuMzA0L2luc3RhbGwvbW9kdWxlZmlsZXMvaW50ZWwvMTkuMS4zLjMwNC9saWJ4cG0vMy41LjEyLmx1YSIsWyJmdWxsTmFtZSJdPSJsaWJ4cG0vMy41LjEyIixbImxvYWRPcmRlciJdPTU2LHByb3BUPXt9LFsicmVmX2NvdW50Il09MSxbInN0YWNrRGVwdGgiXT0xLFsic3RhdHVzIl09ImFjdGl2ZSIsWyJ1c2VyTmFtZSJdPSJsaWJ4cG0vMy41LjEyIix9LGxpYnh0PXtbImZuIl09Ii9hcHBzL29wcy90ZXN0L3NwYWNrLXN0YWNrLTEuNi4wLW5jby9lbnZzL25jby1pbnRlbC0xOS4xLjMuMzA0L2luc3RhbGwvbW9kdWxlZmls', 'PE_PKGCONFIG_PRODUCTS': 'PE_MPICH', '_ModuleTable015_': 'dnMvbmNvLWludGVsLTE5LjEuMy4zMDQvaW5zdGFsbC9tb2R1bGVmaWxlcy9jcmF5LW1waWNoLzguMS45L2ludGVsLzE5LjEuMy4zMDQvZm1zLzIwMjMuMDQubHVhIixbImZ1bGxOYW1lIl09ImZtcy8yMDIzLjA0IixbImxvYWRPcmRlciJdPTQ2LHByb3BUPXt9LFsic3RhY2tEZXB0aCJdPTEsWyJzdGF0dXMiXT0iYWN0aXZlIixbInVzZXJOYW1lIl09ImZtcy8yMDIzLjA0Iix9LGdldHRleHQ9e1siZm4iXT0iL2FwcHMvb3BzL3Rlc3Qvc3BhY2stc3RhY2stMS42LjAtbmNvL2VudnMvbmNvLWludGVsLTE5LjEuMy4zMDQvaW5zdGFsbC9tb2R1bGVmaWxlcy9pbnRlbC8xOS4xLjMuMzA0L2dldHRleHQvMC4xOS43Lmx1YSIsWyJmdWxsTmFtZSJdPSJnZXR0ZXh0LzAuMTkuNyIsWyJs', 'pkg_config_ROOT': '/usr', 'CRAY_MPICH_BASEDIR': '/opt/cray/pe/mpich/8.1.9/ofi', 'parallelio_ROOT': '/apps/ops/test/spack-stack-1.6.0-nco/envs/nco-intel-19.1.3.304/install/intel/19.1.3.304/parallelio-2.5.10-3rkk43u', 'PE_MPICH_GTL_DIR_nvidia80': '-L/opt/cray/pe/mpich/8.1.9/gtl/lib', '_ModuleTable004_': 'Y2stMS42LjAtbmNvL2VudnMvbmNvLWludGVsLTE5LjEuMy4zMDQvaW5zdGFsbC9tb2R1bGVmaWxlcy9jcmF5LW1waWNoLzguMS45L2ludGVsLzE5LjEuMy4zMDQvYXRsYXMvMC4zNS4wLmx1YSIsWyJmdWxsTmFtZSJdPSJhdGxhcy8wLjM1LjAiLFsibG9hZE9yZGVyIl09NDkscHJvcFQ9e30sWyJzdGFja0RlcHRoIl09MSxbInN0YXR1cyJdPSJhY3RpdmUiLFsidXNlck5hbWUiXT0iYXRsYXMvMC4zNS4wIix9LGJvb3N0PXtbImZuIl09Ii9hcHBzL29wcy90ZXN0L3NwYWNrLXN0YWNrLTEuNi4wLW5jby9lbnZzL25jby1pbnRlbC0xOS4xLjMuMzA0L2luc3RhbGwvbW9kdWxlZmlsZXMvaW50ZWwvMTkuMS4zLjMwNC9ib29zdC8xLjgzLjAubHVhIixbImZ1bGxOYW1lIl09ImJvb3N0', 'FIXorog': '/lfs/h2/emc/global/noscrub/emc.global/RETRO_GFSv17/git/global-workflow/develop_20250602/fix/orog', 'libjpeg_turbo_ROOT': '/apps/ops/test/spack-stack-1.6.0-nco/envs/nco-intel-19.1.3.304/install/intel/19.1.3.304/libjpeg-turbo-2.1.0-rt44pqr', 'FNTSFA': '        ', 'MINICOM': '-c on', '_ModuleTable029_': 'ZXRjZGYtYy80LjkuMiIsfSxbIm5ldGNkZi1jeHg0Il09e1siZm4iXT0iL2FwcHMvb3BzL3Rlc3Qvc3BhY2stc3RhY2stMS42LjAtbmNvL2VudnMvbmNvLWludGVsLTE5LjEuMy4zMDQvaW5zdGFsbC9tb2R1bGVmaWxlcy9jcmF5LW1waWNoLzguMS45L2ludGVsLzE5LjEuMy4zMDQvbmV0Y2RmLWN4eDQvNC4zLjEubHVhIixbImZ1bGxOYW1lIl09Im5ldGNkZi1jeHg0LzQuMy4xIixbImxvYWRPcmRlciJdPTYwLHByb3BUPXt9LFsic3RhY2tEZXB0aCJdPTEsWyJzdGF0dXMiXT0iYWN0aXZlIixbInVzZXJOYW1lIl09Im5ldGNkZi1jeHg0LzQuMy4xIix9LFsibmV0Y2RmLWZvcnRyYW4iXT17WyJmbiJdPSIvYXBwcy9vcHMvdGVzdC9zcGFjay1zdGFjay0xLjYuMC1uY28vZW52cy9u', 'pgmout': 'OUTPUT.1166202', '__LMOD_REF_COUNT_PYTHONPATH': '/apps/ops/test/spack-stack-1.6.0-nco/envs/nco-intel-19.1.3.304/install/intel/19.1.3.304/py-packaging-23.1-2qpd5mc/lib/python3.10/site-packages:1;/apps/ops/test/spack-stack-1.6.0-nco/envs/nco-intel-19.1.3.304/install/intel/19.1.3.304/py-cftime-1.0.3.4-dka7hny/lib/python3.10/site-packages:1;/apps/ops/test/spack-stack-1.6.0-nco/envs/nco-intel-19.1.3.304/install/intel/19.1.3.304/py-numpy-1.24.4-yosem2k/lib/python3.10/site-packages:1;/apps/ops/test/spack-stack-1.6.0-nco/envs/nco-intel-19.1.3.304/install/intel/19.1.3.304/py-markupsafe-2.1.3-45ywjnp/lib/python3.10/site-packages:1;/apps/ops/test/spack-stack-1.6.0-nco/envs/nco-intel-19.1.3.304/install/intel/19.1.3.304/py-pandas-1.5.3-u3wc7uc/lib/python3.10/site-packages:1;/apps/ops/test/spack-stack-1.6.0-nco/envs/nco-intel-19.1.3.304/install/intel/19.1.3.304/py-pytz-2023.3-yebggst/lib/python3.10/site-packages:1;/apps/ops/test/spack-stack-1.6.0-nco/envs/nco-intel-19.1.3.304/install/intel/19.1.3.304/py-python-dateutil-2.8.2-mes6fwe/lib/python3.10/site-packages:1;/apps/ops/test/spack-stack-1.6.0-nco/envs/nco-intel-19.1.3.304/install/intel/19.1.3.304/py-six-1.16.0-u4sv6sb/lib/python3.10/site-packages:1;/apps/ops/test/spack-stack-1.6.0-nco/envs/nco-intel-19.1.3.304/install/intel/19.1.3.304/py-numexpr-2.8.4-2rtg4mi/lib/python3.10/site-packages:1;/apps/ops/test/spack-stack-1.6.0-nco/envs/nco-intel-19.1.3.304/install/intel/19.1.3.304/py-bottleneck-1.3.7-oolvw5k/lib/python3.10/site-packages:1;/apps/ops/test/spack-stack-1.6.0-nco/envs/nco-intel-19.1.3.304/install/intel/19.1.3.304/py-pip-23.1.2-ohrscnx/lib/python3.10/site-packages:1;/apps/ops/test/spack-stack-1.6.0-nco/envs/nco-intel-19.1.3.304/install/intel/19.1.3.304/py-f90nml-1.4.3-rizmifn/lib/python3.10/site-packages:1;/apps/ops/test/spack-stack-1.6.0-nco/envs/nco-intel-19.1.3.304/install/intel/19.1.3.304/py-xarray-2023.7.0-jj7syqa/lib/python3.10/site-packages:1;/apps/ops/test/spack-stack-1.6.0-nco/envs/nco-intel-19.1.3.304/install/intel/19.1.3.304/py-scipy-1.10.1-236sa7x/lib/python3.10/site-packages:1;/apps/ops/test/spack-stack-1.6.0-nco/envs/nco-intel-19.1.3.304/install/intel/19.1.3.304/py-pyyaml-5.4.1-afvmuaf/lib/python3.10/site-packages:1;/apps/ops/test/spack-stack-1.6.0-nco/envs/nco-intel-19.1.3.304/install/intel/19.1.3.304/py-pycodestyle-2.11.0-bh2jlm5/lib/python3.10/site-packages:1;/apps/ops/test/spack-stack-1.6.0-nco/envs/nco-intel-19.1.3.304/install/intel/19.1.3.304/py-pybind11-2.11.1-wdb6paz/lib/python3.10/site-packages:1;/apps/ops/test/spack-stack-1.6.0-nco/envs/nco-intel-19.1.3.304/install/intel/19.1.3.304/py-netcdf4-1.5.8-6kubnk6/lib/python3.10/site-packages:1;/apps/ops/test/spack-stack-1.6.0-nco/envs/nco-intel-19.1.3.304/install/intel/19.1.3.304/py-jinja2-3.1.2-vbbttij/lib/python3.10/site-packages:1;/apps/ops/test/spack-stack-1.6.0-nco/envs/nco-intel-19.1.3.304/install/intel/19.1.3.304/py-setuptools-63.4.3-rg7efar/lib/python3.10/site-packages:1;/apps/ops/prod/nco/core/prod_util.v2.0.14/ush:1;/apps/ops/test/spack-stack-1.6.0-nco/envs/nco-intel-19.1.3.304/install/intel/19.1.3.304/bufr-12.0.1-tirva7g/lib64/python3.10/site-packages:1;/apps/ops/test/spack-stack-1.6.0-nco/envs/nco-intel-19.1.3.304/install/intel/19.1.3.304/bufr-12.0.1-tirva7g/lib/python3.10/site-packages:1', 'FHOUT_WAV': 3, 'FHOUT': 1, 'DO_AWIPS': False, 'PARTITION_SERVICE': '', 'PE_MPICH_PKGCONFIG_VARIABLES': 'PE_MPICH_GTL_DIR_@accelerator@:PE_MPICH_GTL_LIBS_@accelerator@', 'ESMFMKFILE': '/apps/ops/test/spack-stack-1.6.0-nco/envs/nco-intel-19.1.3.304/install/intel/19.1.3.304/esmf-8.5.0-7huplmy/lib/esmf.mk', 'PE_MPICH_PKGCONFIG_LIBS': 'mpich', 'FHOUT_OCN_GFS': 6, 'INTEL_PYTHONHOME': '/pe/intel/debugger_2020/python/intel64/', 'QUILTING': True, 'QT_SYSTEM_DIR': '/usr/share/desktop-data', 'OSTYPE': 'linux', 'HDF5_PLUGIN_PATH': '/apps/ops/test/spack-stack-1.6.0-nco/envs/nco-intel-19.1.3.304/install/intel/19.1.3.304/netcdf-c-4.9.2-bcln2jr/plugins', 'launcher': 'mpiexec -l', 'FHOUT_GFS': 3, 'NETCDF': '/apps/ops/test/spack-stack-1.6.0-nco/envs/nco-intel-19.1.3.304/install/intel/19.1.3.304/netcdf-c-4.9.2-bcln2jr/bin/ncdump', 'qhull_ROOT': '/apps/ops/test/spack-stack-1.6.0-nco/envs/nco-intel-19.1.3.304/install/intel/19.1.3.304/qhull-2020.2-5ycwudw', 'FIXlut': '/lfs/h2/emc/global/noscrub/emc.global/RETRO_GFSv17/git/global-workflow/develop_20250602/fix/lut', 'CLASSPATH': '/pe/intel/compilers_and_libraries_2020.4.304/linux/mpi/intel64/lib/mpi.jar', 'PIO_TYPENAME_VALID_VALUES': ['netcdf', 'netcdf4p', 'netcdf4c', 'pnetcdf'], 'udunits_ROOT': '/apps/ops/test/spack-stack-1.6.0-nco/envs/nco-intel-19.1.3.304/install/intel/19.1.3.304/udunits-2.2.28-wmjzel4', 'NMEM_ENS': 80, 'CC': 'cc', 'MPIF90': 'mpif90', 'COM_ICE_ANALYSIS_TMPL': '${ROTDIR}/${RUN}.${YMD}/${HH}/${MEMDIR}/analysis/ice', 'COMOUT_OCEAN_ANLMON': '/lfs/h2/emc/ptmp/emc.global/RETRO_GFSv17/comroot/retrotestgfs10/gdas.20241124/18//products/ocean/anlmon', '_ModuleTable044_': 'bC8xOS4xLjMuMzA0L3B5LXBpcC8yMy4xLjIubHVhIixbImZ1bGxOYW1lIl09InB5LXBpcC8yMy4xLjIiLFsibG9hZE9yZGVyIl09NzIscHJvcFQ9e30sWyJzdGFja0RlcHRoIl09MSxbInN0YXR1cyJdPSJhY3RpdmUiLFsidXNlck5hbWUiXT0icHktcGlwLzIzLjEuMiIsfSxbInB5LXB5YmluZDExIl09e1siZm4iXT0iL2FwcHMvb3BzL3Rlc3Qvc3BhY2stc3RhY2stMS42LjAtbmNvL2VudnMvbmNvLWludGVsLTE5LjEuMy4zMDQvaW5zdGFsbC9tb2R1bGVmaWxlcy9pbnRlbC8xOS4xLjMuMzA0L3B5LXB5YmluZDExLzIuMTEuMS5sdWEiLFsiZnVsbE5hbWUiXT0icHktcHliaW5kMTEvMi4xMS4xIixbImxvYWRPcmRlciJdPTY1LHByb3BUPXt9LFsicmVmX2NvdW50Il09MSxbInN0', 'DO_AERO_ANL': False, 'lwrite4danl': True, 'FIXugwd': '/lfs/h2/emc/global/noscrub/emc.global/RETRO_GFSv17/git/global-workflow/develop_20250602/fix/ugwd', 'FIXcpl': '/lfs/h2/emc/global/noscrub/emc.global/RETRO_GFSv17/git/global-workflow/develop_20250602/fix/cpl', 'MPI_F90': 'mpif90', 'SDATE': datetime.datetime(2024, 11, 15, 6, 0), '_ModuleTable054_': 'WyJmbiJdPSIvYXBwcy9vcHMvdGVzdC9zcGFjay1zdGFjay0xLjYuMC1uY28vZW52cy9uY28taW50ZWwtMTkuMS4zLjMwNC9pbnN0YWxsL21vZHVsZWZpbGVzL2ludGVsLzE5LjEuMy4zMDQvc3RhY2stY3JheS1tcGljaC84LjEuOS5sdWEiLFsiZnVsbE5hbWUiXT0ic3RhY2stY3JheS1tcGljaC84LjEuOSIsWyJsb2FkT3JkZXIiXT05LHByb3BUPXt9LFsic3RhY2tEZXB0aCJdPTEsWyJzdGF0dXMiXT0iYWN0aXZlIixbInVzZXJOYW1lIl09InN0YWNrLWNyYXktbXBpY2gvOC4xLjkiLH0sWyJzdGFjay1pbnRlbCJdPXtbImZuIl09Ii9hcHBzL29wcy90ZXN0L3NwYWNrLXN0YWNrLTEuNi4wLW5jby9lbnZzL25jby1pbnRlbC0xOS4xLjMuMzA0L2luc3RhbGwvbW9kdWxlZmlsZXMv', 'PBS_O_WORKDIR': '/u/emc.global', 'USER': 'emc.global', 'SERIAL_F77': 'ftn', 'FHMAX_ENKF_GFS': 12, 'SERIAL_CC': 'cc', 'MODULES_SET_SHELL_STARTUP': 0, 'DMPDIR': '/lfs/h2/emc/dump/noscrub/dump', 'COMIN_SNOW_ANALYSIS': '/lfs/h2/emc/ptmp/emc.global/RETRO_GFSv17/comroot/retrotestgfs10/gdas.20241124/18//analysis/snow', 'PAGER': 'less', 'FIXmom': '/lfs/h2/emc/global/noscrub/emc.global/RETRO_GFSv17/git/global-workflow/develop_20250602/fix/mom6', 'py_python_dateutil_ROOT': '/apps/ops/test/spack-stack-1.6.0-nco/envs/nco-intel-19.1.3.304/install/intel/19.1.3.304/py-python-dateutil-2.8.2-mes6fwe', 'MODULE_VERSION': '3.2.10', 'PE_MPICH_GENCOMPILERS_INTEL': 19.0, 'DO_FETCH_LOCAL': False, 'LMOD_CUSTOM_CNCM_GNU_8_0_OFI_1_0_X86_ROME_1_0_CRAY_MPICH_8_0_PREFIX': '/apps/prod/lmodules/GCC_cray_mpich/10.2.0/cray-mpich/8.1.4', '_ModuleTable041_': 'MzA0L2luc3RhbGwvbW9kdWxlZmlsZXMvaW50ZWwvMTkuMS4zLjMwNC9weS1udW1leHByLzIuOC40Lmx1YSIsWyJmdWxsTmFtZSJdPSJweS1udW1leHByLzIuOC40IixbImxvYWRPcmRlciJdPTc0LHByb3BUPXt9LFsicmVmX2NvdW50Il09MSxbInN0YWNrRGVwdGgiXT0yLFsic3RhdHVzIl09ImFjdGl2ZSIsWyJ1c2VyTmFtZSJdPSJweS1udW1leHByLzIuOC40Iix9LFsicHktbnVtcHkiXT17WyJmbiJdPSIvYXBwcy9vcHMvdGVzdC9zcGFjay1zdGFjay0xLjYuMC1uY28vZW52cy9uY28taW50ZWwtMTkuMS4zLjMwNC9pbnN0YWxsL21vZHVsZWZpbGVzL2ludGVsLzE5LjEuMy4zMDQvcHktbnVtcHkvMS4yNC40Lmx1YSIsWyJmdWxsTmFtZSJdPSJweS1udW1weS8xLjI0LjQiLFsi', 'COM_ATMOS_ANLMON_TMPL': '${ROTDIR}/${RUN}.${YMD}/${HH}/${MEMDIR}/products/atmos/anlmon', 'NMEM_ENS_GFS': 30, 'LMOD_FAMILY_PRGENV_VERSION': '8.3.3', 'MPI_CC': 'mpicc', '_ModuleTable023_': 'eGNyeXB0LzQuNC4zNSIsWyJsb2FkT3JkZXIiXT0xMCxwcm9wVD17fSxbInJlZl9jb3VudCJdPTEsWyJzdGFja0RlcHRoIl09MyxbInN0YXR1cyJdPSJhY3RpdmUiLFsidXNlck5hbWUiXT0ibGlieGNyeXB0LzQuNC4zNSIsfSxsaWJ4bXU9e1siZm4iXT0iL2FwcHMvb3BzL3Rlc3Qvc3BhY2stc3RhY2stMS42LjAtbmNvL2VudnMvbmNvLWludGVsLTE5LjEuMy4zMDQvaW5zdGFsbC9tb2R1bGVmaWxlcy9pbnRlbC8xOS4xLjMuMzA0L2xpYnhtdS8xLjEuNC5sdWEiLFsiZnVsbE5hbWUiXT0ibGlieG11LzEuMS40IixbImxvYWRPcmRlciJdPTU1LHByb3BUPXt9LFsicmVmX2NvdW50Il09MSxbInN0YWNrRGVwdGgiXT0xLFsic3RhdHVzIl09ImFjdGl2ZSIsWyJ1c2VyTmFtZSJdPSJs', 'YAML_INC': '/apps/ops/test/spack-stack-1.6.0-nco/envs/nco-intel-19.1.3.304/install/intel/19.1.3.304/libyaml-0.2.5-ygjrdvo/include', '_ModuleTable012_': 'LFsibG9hZE9yZGVyIl09NDEscHJvcFQ9e30sWyJyZWZfY291bnQiXT0yLFsic3RhY2tEZXB0aCJdPTEsWyJzdGF0dXMiXT0iYWN0aXZlIixbInVzZXJOYW1lIl09ImVpZ2VuLzMuNC4wIix9LGVudnZhcj17WyJmbiJdPSIvYXBwcy9wcm9kL2xtb2R1bGVzL3N5c19jb3JlL2VudnZhci8xLjAiLFsiZnVsbE5hbWUiXT0iZW52dmFyLzEuMCIsWyJsb2FkT3JkZXIiXT0yLHByb3BUPXt9LFsic3RhY2tEZXB0aCJdPTAsWyJzdGF0dXMiXT0iYWN0aXZlIixbInVzZXJOYW1lIl09ImVudnZhci8xLjAiLH0sZXNtZj17WyJmbiJdPSIvYXBwcy9vcHMvdGVzdC9zcGFjay1zdGFjay0xLjYuMC1uY28vZW52cy9uY28taW50ZWwtMTkuMS4zLjMwNC9pbnN0YWxsL21vZHVsZWZpbGVzL2NyYXkt', 'COM_CHEM_BMAT_TMPL': '${ROTDIR}/${RUN}.${YMD}/${HH}/${MEMDIR}/analysis/chem/bmatrix', '_ModuleTable031_': 'MjQubHVhIixbImZ1bGxOYW1lIl09Im9wZW5ibGFzLzAuMy4yNCIsWyJsb2FkT3JkZXIiXT00Mixwcm9wVD17fSxbInJlZl9jb3VudCJdPTIsWyJzdGFja0RlcHRoIl09MSxbInN0YXR1cyJdPSJhY3RpdmUiLFsidXNlck5hbWUiXT0ib3BlbmJsYXMvMC4zLjI0Iix9LG9wZW5qcGVnPXtbImZuIl09Ii9hcHBzL29wcy90ZXN0L3NwYWNrLXN0YWNrLTEuNi4wLW5jby9lbnZzL25jby1pbnRlbC0xOS4xLjMuMzA0L2luc3RhbGwvbW9kdWxlZmlsZXMvaW50ZWwvMTkuMS4zLjMwNC9vcGVuanBlZy8yLjUuMC5sdWEiLFsiZnVsbE5hbWUiXT0ib3BlbmpwZWcvMi41LjAiLFsibG9hZE9yZGVyIl09NDAscHJvcFQ9e30sWyJzdGFja0RlcHRoIl09MSxbInN0YXR1cyJdPSJhY3RpdmUiLFsi', 'FHMAX': 9, 'pcre2_ROOT': '/apps/ops/test/spack-stack-1.6.0-nco/envs/nco-intel-19.1.3.304/install/intel/19.1.3.304/pcre2-10.42-utn3zxn', 'COM_WAVE_HISTORY_TMPL': '${ROTDIR}/${RUN}.${YMD}/${HH}/${MEMDIR}/model/wave/history', 'ncview_ROOT': '/apps/ops/test/spack-stack-1.6.0-nco/envs/nco-intel-19.1.3.304/install/intel/19.1.3.304/ncview-2.1.9-rv4j23b', '_ModuleTable062_': 'YWwvbm9zY3J1Yi9lbWMuZ2xvYmFsL1JFVFJPX0dGU3YxNy9naXQvZ2xvYmFsLXdvcmtmbG93L2RldmVsb3BfMjAyNTA2MDIvc29yYy9nZGFzLmNkL21vZHVsZWZpbGVzIiwiL29wdC9jcmF5L3BlL2xtb2QvbW9kdWxlZmlsZXMvY3B1L3g4Ni1yb21lLzEuMCIsIi91c3Ivc2hhcmUvbW9kdWxlcyIsIi91c3Ivc2hhcmUvTW9kdWxlcy8kTU9EVUxFX1ZFUlNJT04vbW9kdWxlZmlsZXMiLCIvdXNyL3NoYXJlL21vZHVsZXMvbW9kdWxlZmlsZXMiLCIvdXNyL3NoYXJlL21vZHVsZWZpbGVzL0xpbnV4IiwiL3Vzci9zaGFyZS9tb2R1bGVmaWxlcy9Db3JlIiwiL3Vzci9zaGFyZS9sbW9kL2xtb2QvbW9kdWxlZmlsZXMvQ29yZSIsIi9vcHQvY3JheS9wZS9sbW9kL21vZHVsZWZpbGVzL2Nv', 'eckit_ROOT': '/apps/ops/test/spack-stack-1.6.0-nco/envs/nco-intel-19.1.3.304/install/intel/19.1.3.304/eckit-1.24.5-isrgc5y', 'LMOD_CUSTOM_CNCM_GNU_8_0_UCX_1_0_X86_ROME_1_0_CRAY_MPICH_8_0_PREFIX': '/apps/prod/lmodules/GCC_cray_mpich/10.2.0/cray-mpich/8.1.4', 'CRAY_CPU_TARGET': 'x86-rome', 'PBS_NODEFILE': '/var/spool/pbs/aux/46051231.dbqs01', 'MPICXX': 'mpic++', 'py_bottleneck_ROOT': '/apps/ops/test/spack-stack-1.6.0-nco/envs/nco-intel-19.1.3.304/install/intel/19.1.3.304/py-bottleneck-1.3.7-oolvw5k', 'MPI_F77': 'mpif77', 'LMOD_CUSTOM_CNCM_CRAYCLANG_10_0_UCX_1_0_X86_ROME_1_0_CRAY_MPICH_8_0_PREFIX': '/apps/prod/lmodules/CCE_cray_mpich/11.0.4/cray-mpich/8.1.4', '__LMOD_REF_COUNT_MODULEPATH': '/apps/ops/test/spack-stack-1.6.0-nco/envs/nco-intel-19.1.3.304/install/modulefiles/cray-mpich/8.1.9/intel/19.1.3.304:1;/apps/ops/prod/libs/modulefiles/mpi/intel/19.1.3.304/cray-mpich/8.1.4:1;/apps/prod/lmodules/INTEL_cray_mpich/19.1.3.304/cray-mpich/8.1.4:1;/opt/cray/pe/lmod/modulefiles/mpi/intel/19.0/ofi/1.0/cray-mpich/8.0:1;/opt/cray/pe/lmod/modulefiles/comnet/intel/19.0/ofi/1.0:1;/opt/cray/pe/lmod/modulefiles/net/ofi/1.0:1;/apps/ops/test/spack-stack-1.6.0-nco/envs/nco-intel-19.1.3.304/install/modulefiles/intel/19.1.3.304:1;/apps/ops/prod/nco/modulefiles/compiler/intel/19.1.3.304:1;/apps/ops/prod/libs/modulefiles/compiler/intel/19.1.3.304:1;/apps/prod/lmodules/intel/19.1.3.304:1;/apps/prod/lmodules/compiler/intel/19.0:1;/apps/ops/test/spack-stack-1.6.0-nco/envs/nco-intel-19.1.3.304/install/modulefiles/Core:1;/lfs/h2/emc/global/noscrub/emc.global/RETRO_GFSv17/git/global-workflow/develop_20250602/sorc/gdas.cd/modulefiles:1;/opt/cray/pe/lmod/modulefiles/cpu/x86-rome/1.0:1;/usr/share/modules:1;/usr/share/Modules/$MODULE_VERSION/modulefiles:1;/usr/share/modules/modulefiles:1;/usr/share/modulefiles/Linux:1;/usr/share/modulefiles/Core:1;/usr/share/lmod/lmod/modulefiles/Core:1;/opt/cray/pe/lmod/modulefiles/core:1;/opt/cray/pe/lmod/modulefiles/craype-targets/default:1;/apps/prod/lmodules/sys_core:1;/apps/ops/prod/nco/modulefiles/core:1;/apps/prod/lmodules/core:1;/opt/cray/modulefiles:1', 'PKGCONFIG_ENABLED': 1, 'GDASAPP_UNIT_TEST_DATA_PATH': '/lfs/h2/emc/da/noscrub/emc.da/GDASApp/unittestdata', 'MORE': '-sl', 'PE_FORTRAN_PKGCONFIG_LIBS': 'mpichf90', '__LMOD_REF_COUNT_LOADEDMODULES': 'craype-x86-rome:1;envvar/1.0:1;PrgEnv-intel/8.3.3:1;intel/19.1.3.304:1;stack-intel/19.1.3.304:1;libfabric/1.20.1:1;craype-network-ofi:1;cray-mpich/8.1.9:1;stack-cray-mpich/8.1.9:1;libxcrypt/4.4.35:1;sqlite/3.43.2:1;util-linux-uuid/2.38.1:1;python/3.10.13:1;stack-python/3.10.13:1;craype/2.7.17:1;cray-pals/1.3.2:1;cmake/3.23.1:1;pigz/2.7:1;zstd/1.5.2:1;tar/1.34:1;gettext/0.19.7:1;pcre2/10.42:1;curl/8.4.0:1;zlib/1.2.13:1;git/2.35.3:1;git-lfs/2.11.0:1;pkg-config/0.29.2:1;hdf5/1.14.0:1;parallel-netcdf/1.12.2:1;netcdf-c/4.9.2:1;nccmp/1.9.0.1:1;netcdf-fortran/4.6.1:1;antlr/2.7.7:1;gsl/2.7.1:1;nco/5.0.6:1;parallelio/2.5.10:1;boost/1.83.0:1;bufr/12.0.1:1;ecbuild/3.7.2:1;openjpeg/2.5.0:1;eigen/3.4.0:1;openblas/0.3.24:1;eckit/1.24.5:1;fftw/3.3.10:1;fckit/0.11.0:1;fms/2023.04:1;esmf/8.5.0:1;qhull/2020.2:1;atlas/0.35.0:1;sp/2.5.0:1;gsl-lite/0.37.0:1;libjpeg/2.1.0:1;libpng/1.6.37:1;libxt/1.1.5:1;libxmu/1.1.4:1;libxpm/3.5.12:1;libxaw/1.0.13:1;udunits/2.2.28:1;ncview/2.1.9:1;netcdf-cxx4/4.3.1:1;prod_util/2.0.14:1;py-setuptools/63.4.3:1;py-jinja2/3.1.2:1;py-netcdf4/1.5.8:1;py-pybind11/2.11.1:1;py-pycodestyle/2.11.0:1;libyaml/0.2.5:1;py-pyyaml/5.4.1:1;py-scipy/1.10.1:1;py-xarray/2023.7.0:1;py-f90nml/1.4.3:1;py-pip/23.1.2:1;py-bottleneck/1.3.7:1;py-numexpr/2.8.4:1;py-six/1.16.0:1;py-python-dateutil/2.8.2:1;py-pytz/2023.3:1;py-pandas/1.5.3:1;py-markupsafe/2.1.3:1;py-numpy/1.24.4:1;py-cftime/1.0.3.4:1;py-packaging/23.1:1;GDAS/wcoss2.intel:1', 'PBS_TASKNUM': 1, '__LMOD_REF_COUNT_CRAY_LD_LIBRARY_PATH': '/opt/cray/pe/mpich/8.1.9/ofi/intel/19.0/lib:1', 'COM_OBS_TMPL': '${ROTDIR}/${RUN}.${YMD}/${HH}/obs', 'SERIAL_CXX': 'CC', '_ModuleTable057_': 'bmNvL2VudnMvbmNvLWludGVsLTE5LjEuMy4zMDQvaW5zdGFsbC9tb2R1bGVmaWxlcy9pbnRlbC8xOS4xLjMuMzA0L3VkdW5pdHMvMi4yLjI4Lmx1YSIsWyJmdWxsTmFtZSJdPSJ1ZHVuaXRzLzIuMi4yOCIsWyJsb2FkT3JkZXIiXT01OCxwcm9wVD17fSxbInJlZl9jb3VudCJdPTEsWyJzdGFja0RlcHRoIl09MSxbInN0YXR1cyJdPSJhY3RpdmUiLFsidXNlck5hbWUiXT0idWR1bml0cy8yLjIuMjgiLH0sWyJ1dGlsLWxpbnV4LXV1aWQiXT17WyJmbiJdPSIvYXBwcy9vcHMvdGVzdC9zcGFjay1zdGFjay0xLjYuMC1uY28vZW52cy9uY28taW50ZWwtMTkuMS4zLjMwNC9pbnN0YWxsL21vZHVsZWZpbGVzL2ludGVsLzE5LjEuMy4zMDQvdXRpbC1saW51eC11dWlkLzIuMzguMS5sdWEi', 'COM_ATMOS_ANALYSIS_TMPL': '${ROTDIR}/${RUN}.${YMD}/${HH}/${MEMDIR}/analysis/atmos', 'COMOUT_ATMOS_ANLMON': '/lfs/h2/emc/ptmp/emc.global/RETRO_GFSv17/comroot/retrotestgfs10/gdas.20241124/18//products/atmos/anlmon', 'FHMIN_ENKF': 3, 'DO_CALC_INCREMENT_ENKF_GFS': False, 'COM_WAVE_WMO_TMPL': '${ROTDIR}/${RUN}.${YMD}/${HH}/${MEMDIR}/products/wave/wmo', 'DATA': '/lfs/h2/emc/stmp/emc.global/RUNDIRS/retrotestgfs10/gdas.2024112418/anlstat.1165235', 'INTEL_MAJOR_VERSION': 19.1, 'IAUFHRS': [3, 6, 9], 'COM_ATMOS_MASTER_TMPL': '${ROTDIR}/${RUN}.${YMD}/${HH}/${MEMDIR}/model/atmos/master', 'OPS_RES': 'C768', 'PWD': '/lfs/h2/emc/stmp/emc.global/RUNDIRS/retrotestgfs10/gdas.2024112418/anlstat.1165235', 'MDATE': '/apps/ops/prod/nco/core/prod_util.v2.0.14/exec/mdate', 'WRITE_NSFLIP': True, '_ModuleTable046_': 'XT17WyJmbiJdPSIvYXBwcy9vcHMvdGVzdC9zcGFjay1zdGFjay0xLjYuMC1uY28vZW52cy9uY28taW50ZWwtMTkuMS4zLjMwNC9pbnN0YWxsL21vZHVsZWZpbGVzL2ludGVsLzE5LjEuMy4zMDQvcHktcHl0aG9uLWRhdGV1dGlsLzIuOC4yLmx1YSIsWyJmdWxsTmFtZSJdPSJweS1weXRob24tZGF0ZXV0aWwvMi44LjIiLFsibG9hZE9yZGVyIl09NzYscHJvcFQ9e30sWyJyZWZfY291bnQiXT0xLFsic3RhY2tEZXB0aCJdPTIsWyJzdGF0dXMiXT0iYWN0aXZlIixbInVzZXJOYW1lIl09InB5LXB5dGhvbi1kYXRldXRpbC8yLjguMiIsfSxbInB5LXB5dHoiXT17WyJmbiJdPSIvYXBwcy9vcHMvdGVzdC9zcGFjay1zdGFjay0xLjYuMC1uY28vZW52cy9uY28taW50ZWwtMTkuMS4zLjMw', 'PE_MPICH_GTL_DIR_nvidia70': '-L/opt/cray/pe/mpich/8.1.9/gtl/lib', 'jobid': 'anlstat.1165235', 'FHMIN_WAV': 0, 'HOME': '/u/emc.global', 'git_ROOT': '/usr', 'MPIEXEC_EXEC': '/opt/cray/pals/1.3.2/bin/mpirun', '_ModuleTable052_': 'dGFjay0xLjYuMC1uY28vZW52cy9uY28taW50ZWwtMTkuMS4zLjMwNC9pbnN0YWxsL21vZHVsZWZpbGVzL2ludGVsLzE5LjEuMy4zMDQvcWh1bGwvMjAyMC4yLmx1YSIsWyJmdWxsTmFtZSJdPSJxaHVsbC8yMDIwLjIiLFsibG9hZE9yZGVyIl09NDgscHJvcFQ9e30sWyJyZWZfY291bnQiXT0xLFsic3RhY2tEZXB0aCJdPTIsWyJzdGF0dXMiXT0iYWN0aXZlIixbInVzZXJOYW1lIl09InFodWxsLzIwMjAuMiIsfSxzcD17WyJmbiJdPSIvYXBwcy9vcHMvdGVzdC9zcGFjay1zdGFjay0xLjYuMC1uY28vZW52cy9uY28taW50ZWwtMTkuMS4zLjMwNC9pbnN0YWxsL21vZHVsZWZpbGVzL2ludGVsLzE5LjEuMy4zMDQvc3AvMi41LjAubHVhIixbImZ1bGxOYW1lIl09InNwLzIuNS4wIixb', 'HOMEDIR': '/lfs/h2/emc/global/noscrub/emc.global', 'REDOUT': '1>', 'LMOD_FAMILY_METACOMPILER_VERSION': '19.1.3.304', 'COM_ICE_HISTORY_TMPL': '${ROTDIR}/${RUN}.${YMD}/${HH}/${MEMDIR}/model/ice/history', '_ModuleTable034_': 'dGVsLzE5LjEuMy4zMDQvcGNyZTIvMTAuNDIubHVhIixbImZ1bGxOYW1lIl09InBjcmUyLzEwLjQyIixbImxvYWRPcmRlciJdPTIyLHByb3BUPXt9LFsic3RhY2tEZXB0aCJdPTEsWyJzdGF0dXMiXT0iYWN0aXZlIixbInVzZXJOYW1lIl09InBjcmUyLzEwLjQyIix9LHBpZ3o9e1siZm4iXT0iL2FwcHMvb3BzL3Rlc3Qvc3BhY2stc3RhY2stMS42LjAtbmNvL2VudnMvbmNvLWludGVsLTE5LjEuMy4zMDQvaW5zdGFsbC9tb2R1bGVmaWxlcy9pbnRlbC8xOS4xLjMuMzA0L3BpZ3ovMi43Lmx1YSIsWyJmdWxsTmFtZSJdPSJwaWd6LzIuNyIsWyJsb2FkT3JkZXIiXT0xOCxwcm9wVD17fSxbInJlZl9jb3VudCJdPTEsWyJzdGFja0RlcHRoIl09MyxbInN0YXR1cyJdPSJhY3RpdmUiLFsi', 'DO_NPOESS': False, 'PELOCAL_PRGENV': True, 'INTERVAL_GFS': 6, 'RUN_ENVIR': 'emc', 'CMAKE_PREFIX_PATH': '/apps/ops/test/spack-stack-1.6.0-nco/envs/nco-intel-19.1.3.304/install/intel/19.1.3.304/py-packaging-23.1-2qpd5mc:/apps/ops/test/spack-stack-1.6.0-nco/envs/nco-intel-19.1.3.304/install/intel/19.1.3.304/py-cftime-1.0.3.4-dka7hny:/apps/ops/test/spack-stack-1.6.0-nco/envs/nco-intel-19.1.3.304/install/intel/19.1.3.304/py-numpy-1.24.4-yosem2k:/apps/ops/test/spack-stack-1.6.0-nco/envs/nco-intel-19.1.3.304/install/intel/19.1.3.304/py-markupsafe-2.1.3-45ywjnp:/apps/ops/test/spack-stack-1.6.0-nco/envs/nco-intel-19.1.3.304/install/intel/19.1.3.304/py-pandas-1.5.3-u3wc7uc:/apps/ops/test/spack-stack-1.6.0-nco/envs/nco-intel-19.1.3.304/install/intel/19.1.3.304/py-pytz-2023.3-yebggst:/apps/ops/test/spack-stack-1.6.0-nco/envs/nco-intel-19.1.3.304/install/intel/19.1.3.304/py-python-dateutil-2.8.2-mes6fwe:/apps/ops/test/spack-stack-1.6.0-nco/envs/nco-intel-19.1.3.304/install/intel/19.1.3.304/py-six-1.16.0-u4sv6sb:/apps/ops/test/spack-stack-1.6.0-nco/envs/nco-intel-19.1.3.304/install/intel/19.1.3.304/py-numexpr-2.8.4-2rtg4mi:/apps/ops/test/spack-stack-1.6.0-nco/envs/nco-intel-19.1.3.304/install/intel/19.1.3.304/py-bottleneck-1.3.7-oolvw5k:/apps/ops/test/spack-stack-1.6.0-nco/envs/nco-intel-19.1.3.304/install/intel/19.1.3.304/py-pip-23.1.2-ohrscnx:/apps/ops/test/spack-stack-1.6.0-nco/envs/nco-intel-19.1.3.304/install/intel/19.1.3.304/py-f90nml-1.4.3-rizmifn:/apps/ops/test/spack-stack-1.6.0-nco/envs/nco-intel-19.1.3.304/install/intel/19.1.3.304/py-xarray-2023.7.0-jj7syqa:/apps/ops/test/spack-stack-1.6.0-nco/envs/nco-intel-19.1.3.304/install/intel/19.1.3.304/py-scipy-1.10.1-236sa7x:/apps/ops/test/spack-stack-1.6.0-nco/envs/nco-intel-19.1.3.304/install/intel/19.1.3.304/py-pyyaml-5.4.1-afvmuaf:/apps/ops/test/spack-stack-1.6.0-nco/envs/nco-intel-19.1.3.304/install/intel/19.1.3.304/libyaml-0.2.5-ygjrdvo:/apps/ops/test/spack-stack-1.6.0-nco/envs/nco-intel-19.1.3.304/install/intel/19.1.3.304/py-pycodestyle-2.11.0-bh2jlm5:/apps/ops/test/spack-stack-1.6.0-nco/envs/nco-intel-19.1.3.304/install/intel/19.1.3.304/py-pybind11-2.11.1-wdb6paz:/apps/ops/test/spack-stack-1.6.0-nco/envs/nco-intel-19.1.3.304/install/intel/19.1.3.304/py-netcdf4-1.5.8-6kubnk6:/apps/ops/test/spack-stack-1.6.0-nco/envs/nco-intel-19.1.3.304/install/intel/19.1.3.304/py-jinja2-3.1.2-vbbttij:/apps/ops/test/spack-stack-1.6.0-nco/envs/nco-intel-19.1.3.304/install/intel/19.1.3.304/py-setuptools-63.4.3-rg7efar:/apps/ops/test/spack-stack-1.6.0-nco/envs/nco-intel-19.1.3.304/install/intel/19.1.3.304/netcdf-cxx4-4.3.1-lp7tiyf:/apps/ops/test/spack-stack-1.6.0-nco/envs/nco-intel-19.1.3.304/install/intel/19.1.3.304/ncview-2.1.9-rv4j23b:/apps/ops/test/spack-stack-1.6.0-nco/envs/nco-intel-19.1.3.304/install/intel/19.1.3.304/udunits-2.2.28-wmjzel4:/apps/ops/test/spack-stack-1.6.0-nco/envs/nco-intel-19.1.3.304/install/intel/19.1.3.304/libxaw-1.0.13-gdstphl:/apps/ops/test/spack-stack-1.6.0-nco/envs/nco-intel-19.1.3.304/install/intel/19.1.3.304/libxpm-3.5.12-dcjsyoi:/apps/ops/test/spack-stack-1.6.0-nco/envs/nco-intel-19.1.3.304/install/intel/19.1.3.304/libxmu-1.1.4-xhe6hjc:/apps/ops/test/spack-stack-1.6.0-nco/envs/nco-intel-19.1.3.304/install/intel/19.1.3.304/libxt-1.1.5-r2mrglu:/apps/ops/test/spack-stack-1.6.0-nco/envs/nco-intel-19.1.3.304/install/intel/19.1.3.304/libpng-1.6.37-3sds4er:/apps/ops/test/spack-stack-1.6.0-nco/envs/nco-intel-19.1.3.304/install/intel/19.1.3.304/libjpeg-turbo-2.1.0-rt44pqr:/apps/ops/test/spack-stack-1.6.0-nco/envs/nco-intel-19.1.3.304/install/intel/19.1.3.304/gsl-lite-0.37.0-7zi7wss:/apps/ops/test/spack-stack-1.6.0-nco/envs/nco-intel-19.1.3.304/install/intel/19.1.3.304/sp-2.5.0-rhcyr64:/apps/ops/test/spack-stack-1.6.0-nco/envs/nco-intel-19.1.3.304/install/intel/19.1.3.304/ecmwf-atlas-0.35.0-42ufhdx:/apps/ops/test/spack-stack-1.6.0-nco/envs/nco-intel-19.1.3.304/install/intel/19.1.3.304/qhull-2020.2-5ycwudw:/apps/ops/test/spack-stack-1.6.0-nco/envs/nco-intel-19.1.3.304/install/intel/19.1.3.304/esmf-8.5.0-7huplmy:/apps/ops/test/spack-stack-1.6.0-nco/envs/nco-intel-19.1.3.304/install/intel/19.1.3.304/fms-2023.04-utbqnz3:/apps/ops/test/spack-stack-1.6.0-nco/envs/nco-intel-19.1.3.304/install/intel/19.1.3.304/fckit-0.11.0-7qg4hhj:/apps/ops/test/spack-stack-1.6.0-nco/envs/nco-intel-19.1.3.304/install/intel/19.1.3.304/fftw-3.3.10-sefnta3:/apps/ops/test/spack-stack-1.6.0-nco/envs/nco-intel-19.1.3.304/install/intel/19.1.3.304/eckit-1.24.5-isrgc5y:/apps/ops/test/spack-stack-1.6.0-nco/envs/nco-intel-19.1.3.304/install/intel/19.1.3.304/openblas-0.3.24-7qwu32e:/apps/ops/test/spack-stack-1.6.0-nco/envs/nco-intel-19.1.3.304/install/intel/19.1.3.304/eigen-3.4.0-7qdffiv:/apps/ops/test/spack-stack-1.6.0-nco/envs/nco-intel-19.1.3.304/install/intel/19.1.3.304/openjpeg-2.5.0-ulqgnem:/apps/ops/test/spack-stack-1.6.0-nco/envs/nco-intel-19.1.3.304/install/intel/19.1.3.304/ecbuild-3.7.2-ovbazu2:/apps/ops/test/spack-stack-1.6.0-nco/envs/nco-intel-19.1.3.304/install/intel/19.1.3.304/bufr-12.0.1-tirva7g:/apps/ops/test/spack-stack-1.6.0-nco/envs/nco-intel-19.1.3.304/install/intel/19.1.3.304/boost-1.83.0-nqtmt7k:/apps/ops/test/spack-stack-1.6.0-nco/envs/nco-intel-19.1.3.304/install/intel/19.1.3.304/parallelio-2.5.10-3rkk43u:/apps/ops/test/spack-stack-1.6.0-nco/envs/nco-intel-19.1.3.304/install/intel/19.1.3.304/nco-5.0.6-6ykwuoz:/apps/ops/test/spack-stack-1.6.0-nco/envs/nco-intel-19.1.3.304/install/intel/19.1.3.304/gsl-2.7.1-kr3c4v5:/apps/ops/test/spack-stack-1.6.0-nco/envs/nco-intel-19.1.3.304/install/intel/19.1.3.304/antlr-2.7.7-hoqq24u:/apps/ops/test/spack-stack-1.6.0-nco/envs/nco-intel-19.1.3.304/install/intel/19.1.3.304/netcdf-fortran-4.6.1-b4geqvx:/apps/ops/test/spack-stack-1.6.0-nco/envs/nco-intel-19.1.3.304/install/intel/19.1.3.304/nccmp-1.9.0.1-dnptqlr:/apps/ops/test/spack-stack-1.6.0-nco/envs/nco-intel-19.1.3.304/install/intel/19.1.3.304/netcdf-c-4.9.2-bcln2jr:/apps/ops/test/spack-stack-1.6.0-nco/envs/nco-intel-19.1.3.304/install/intel/19.1.3.304/parallel-netcdf-1.12.2-77j7vnx:/apps/ops/test/spack-stack-1.6.0-nco/envs/nco-intel-19.1.3.304/install/intel/19.1.3.304/hdf5-1.14.0-yckaywr:/apps/spack/git-lfs/2.11.0/gcc/11.2.0/m6b6nl5kfqngfteqbggydc7kflxere3s:/apps/ops/test/spack-stack-1.6.0-nco/envs/nco-intel-19.1.3.304/install/intel/19.1.3.304/zlib-1.2.13-yoc3h4p:/apps/ops/test/spack-stack-1.6.0-nco/envs/nco-intel-19.1.3.304/install/intel/19.1.3.304/curl-8.4.0-zr7lvkw:/apps/ops/test/spack-stack-1.6.0-nco/envs/nco-intel-19.1.3.304/install/intel/19.1.3.304/pcre2-10.42-utn3zxn:/apps/ops/test/spack-stack-1.6.0-nco/envs/nco-intel-19.1.3.304/install/intel/19.1.3.304/gettext-0.19.7-2fi4wu4:/apps/ops/test/spack-stack-1.6.0-nco/envs/nco-intel-19.1.3.304/install/intel/19.1.3.304/tar-1.34-e7e3lq2:/apps/ops/test/spack-stack-1.6.0-nco/envs/nco-intel-19.1.3.304/install/intel/19.1.3.304/zstd-1.5.2-pe6gdyf:/apps/ops/test/spack-stack-1.6.0-nco/envs/nco-intel-19.1.3.304/install/intel/19.1.3.304/pigz-2.7-p2s5ywz:/apps/ops/test/spack-stack-1.6.0-nco/envs/nco-intel-19.1.3.304/install/intel/19.1.3.304/cmake-3.23.1-chpcsen:/apps/ops/test/spack-stack-1.6.0-nco/envs/nco-intel-19.1.3.304/install/intel/19.1.3.304/python-3.10.13-qzt4y2i:/apps/ops/test/spack-stack-1.6.0-nco/envs/nco-intel-19.1.3.304/install/intel/19.1.3.304/util-linux-uuid-2.38.1-jwatqmi:/apps/ops/test/spack-stack-1.6.0-nco/envs/nco-intel-19.1.3.304/install/intel/19.1.3.304/sqlite-3.43.2-onahail:/apps/ops/test/spack-stack-1.6.0-nco/envs/nco-intel-19.1.3.304/install/intel/19.1.3.304/libxcrypt-4.4.35-soueqga', 'PARTITION_BATCH': '{{ PARTITION_BATCH }}', 'COM_OCEAN_RESTART_TMPL': '${ROTDIR}/${RUN}.${YMD}/${HH}/${MEMDIR}/model/ocean/restart', 'IAU_FHROT': 3, 'HOMEpost': '/lfs/h2/emc/global/noscrub/emc.global/RETRO_GFSv17/git/global-workflow/develop_20250602', 'DO_VMINMON': True, 'HOST': 'nid001057', 'COM_ICE_BMATRIX_TMPL': '${ROTDIR}/${RUN}.${YMD}/${HH}/${MEMDIR}/bmatrix/ice', 'LMOD_VERSION': '8.3.1', 'zstd_ROOT': '/apps/ops/test/spack-stack-1.6.0-nco/envs/nco-intel-19.1.3.304/install/intel/19.1.3.304/zstd-1.5.2-pe6gdyf', 'GIT_SSH': 'ssh -F /u/emc.global/.ssh-mine/config -i /u/sshKeys/emc.global/id_rsa', 'XNLSPATH': '/usr/share/X11/nls', 'CPATH': '/apps/ops/test/spack-stack-1.6.0-nco/envs/nco-intel-19.1.3.304/install/intel/19.1.3.304/libyaml-0.2.5-ygjrdvo/include:/apps/ops/test/spack-stack-1.6.0-nco/envs/nco-intel-19.1.3.304/install/intel/19.1.3.304/py-pybind11-2.11.1-wdb6paz/include:/apps/ops/test/spack-stack-1.6.0-nco/envs/nco-intel-19.1.3.304/install/intel/19.1.3.304/netcdf-cxx4-4.3.1-lp7tiyf/include:/apps/ops/test/spack-stack-1.6.0-nco/envs/nco-intel-19.1.3.304/install/intel/19.1.3.304/udunits-2.2.28-wmjzel4/include:/apps/ops/test/spack-stack-1.6.0-nco/envs/nco-intel-19.1.3.304/install/intel/19.1.3.304/libxaw-1.0.13-gdstphl/include:/apps/ops/test/spack-stack-1.6.0-nco/envs/nco-intel-19.1.3.304/install/intel/19.1.3.304/libxpm-3.5.12-dcjsyoi/include:/apps/ops/test/spack-stack-1.6.0-nco/envs/nco-intel-19.1.3.304/install/intel/19.1.3.304/libxmu-1.1.4-xhe6hjc/include:/apps/ops/test/spack-stack-1.6.0-nco/envs/nco-intel-19.1.3.304/install/intel/19.1.3.304/libxt-1.1.5-r2mrglu/include:/apps/ops/test/spack-stack-1.6.0-nco/envs/nco-intel-19.1.3.304/install/intel/19.1.3.304/libpng-1.6.37-3sds4er/include:/apps/ops/test/spack-stack-1.6.0-nco/envs/nco-intel-19.1.3.304/install/intel/19.1.3.304/libjpeg-turbo-2.1.0-rt44pqr/include:/apps/ops/test/spack-stack-1.6.0-nco/envs/nco-intel-19.1.3.304/install/intel/19.1.3.304/gsl-lite-0.37.0-7zi7wss/include:/apps/ops/test/spack-stack-1.6.0-nco/envs/nco-intel-19.1.3.304/install/intel/19.1.3.304/ecmwf-atlas-0.35.0-42ufhdx/include:/apps/ops/test/spack-stack-1.6.0-nco/envs/nco-intel-19.1.3.304/install/intel/19.1.3.304/qhull-2020.2-5ycwudw/include:/apps/ops/test/spack-stack-1.6.0-nco/envs/nco-intel-19.1.3.304/install/intel/19.1.3.304/esmf-8.5.0-7huplmy/include:/apps/ops/test/spack-stack-1.6.0-nco/envs/nco-intel-19.1.3.304/install/intel/19.1.3.304/fckit-0.11.0-7qg4hhj/include:/apps/ops/test/spack-stack-1.6.0-nco/envs/nco-intel-19.1.3.304/install/intel/19.1.3.304/fftw-3.3.10-sefnta3/include:/apps/ops/test/spack-stack-1.6.0-nco/envs/nco-intel-19.1.3.304/install/intel/19.1.3.304/eckit-1.24.5-isrgc5y/include:/apps/ops/test/spack-stack-1.6.0-nco/envs/nco-intel-19.1.3.304/install/intel/19.1.3.304/openblas-0.3.24-7qwu32e/include:/apps/ops/test/spack-stack-1.6.0-nco/envs/nco-intel-19.1.3.304/install/intel/19.1.3.304/eigen-3.4.0-7qdffiv/include/eigen3:/apps/ops/test/spack-stack-1.6.0-nco/envs/nco-intel-19.1.3.304/install/intel/19.1.3.304/eigen-3.4.0-7qdffiv/include:/apps/ops/test/spack-stack-1.6.0-nco/envs/nco-intel-19.1.3.304/install/intel/19.1.3.304/openjpeg-2.5.0-ulqgnem/include:/apps/ops/test/spack-stack-1.6.0-nco/envs/nco-intel-19.1.3.304/install/intel/19.1.3.304/bufr-12.0.1-tirva7g/include:/apps/ops/test/spack-stack-1.6.0-nco/envs/nco-intel-19.1.3.304/install/intel/19.1.3.304/boost-1.83.0-nqtmt7k/include:/apps/ops/test/spack-stack-1.6.0-nco/envs/nco-intel-19.1.3.304/install/intel/19.1.3.304/parallelio-2.5.10-3rkk43u/include:/apps/ops/test/spack-stack-1.6.0-nco/envs/nco-intel-19.1.3.304/install/intel/19.1.3.304/gsl-2.7.1-kr3c4v5/include:/apps/ops/test/spack-stack-1.6.0-nco/envs/nco-intel-19.1.3.304/install/intel/19.1.3.304/antlr-2.7.7-hoqq24u/include:/apps/ops/test/spack-stack-1.6.0-nco/envs/nco-intel-19.1.3.304/install/intel/19.1.3.304/netcdf-fortran-4.6.1-b4geqvx/include:/apps/ops/test/spack-stack-1.6.0-nco/envs/nco-intel-19.1.3.304/install/intel/19.1.3.304/netcdf-c-4.9.2-bcln2jr/include:/apps/ops/test/spack-stack-1.6.0-nco/envs/nco-intel-19.1.3.304/install/intel/19.1.3.304/parallel-netcdf-1.12.2-77j7vnx/include:/apps/ops/test/spack-stack-1.6.0-nco/envs/nco-intel-19.1.3.304/install/intel/19.1.3.304/hdf5-1.14.0-yckaywr/include:/apps/ops/test/spack-stack-1.6.0-nco/envs/nco-intel-19.1.3.304/install/intel/19.1.3.304/zlib-1.2.13-yoc3h4p/include:/apps/ops/test/spack-stack-1.6.0-nco/envs/nco-intel-19.1.3.304/install/intel/19.1.3.304/curl-8.4.0-zr7lvkw/include:/apps/ops/test/spack-stack-1.6.0-nco/envs/nco-intel-19.1.3.304/install/intel/19.1.3.304/pcre2-10.42-utn3zxn/include:/apps/ops/test/spack-stack-1.6.0-nco/envs/nco-intel-19.1.3.304/install/intel/19.1.3.304/gettext-0.19.7-2fi4wu4/include:/apps/ops/test/spack-stack-1.6.0-nco/envs/nco-intel-19.1.3.304/install/intel/19.1.3.304/zstd-1.5.2-pe6gdyf/include:/apps/ops/test/spack-stack-1.6.0-nco/envs/nco-intel-19.1.3.304/install/intel/19.1.3.304/python-3.10.13-qzt4y2i/include:/apps/ops/test/spack-stack-1.6.0-nco/envs/nco-intel-19.1.3.304/install/intel/19.1.3.304/util-linux-uuid-2.38.1-jwatqmi/include:/apps/ops/test/spack-stack-1.6.0-nco/envs/nco-intel-19.1.3.304/install/intel/19.1.3.304/sqlite-3.43.2-onahail/include:/apps/ops/test/spack-stack-1.6.0-nco/envs/nco-intel-19.1.3.304/install/intel/19.1.3.304/libxcrypt-4.4.35-soueqga/include:/pe/intel/compilers_and_libraries_2020.4.304/linux/ipp/include:/pe/intel/compilers_and_libraries_2020.4.304/linux/mkl/include:/pe/intel/compilers_and_libraries_2020.4.304/linux/pstl/include:/pe/intel/compilers_and_libraries_2020.4.304/linux/pstl/stdlib:/pe/intel/compilers_and_libraries_2020.4.304/linux/tbb/include', 'PE_MPICH_FORTRAN_PKGCONFIG_LIBS': 'mpichf90', 'CDATE': datetime.datetime(2024, 11, 24, 18, 0), 'PBS_MOMPORT': 15003, 'libxcrypt_ROOT': '/apps/ops/test/spack-stack-1.6.0-nco/envs/nco-intel-19.1.3.304/install/intel/19.1.3.304/libxcrypt-4.4.35-soueqga', 'tar_ROOT': '/apps/ops/test/spack-stack-1.6.0-nco/envs/nco-intel-19.1.3.304/install/intel/19.1.3.304/tar-1.34-e7e3lq2', 'COM_ATMOS_GEMPAK_TMPL': '${ROTDIR}/${RUN}.${YMD}/${HH}/${MEMDIR}/products/atmos/gempak/${GRID}', 'DO_ANLSTAT': True, 'sqlite_ROOT': '/apps/ops/test/spack-stack-1.6.0-nco/envs/nco-intel-19.1.3.304/install/intel/19.1.3.304/sqlite-3.43.2-onahail', 'FTSFS': 10, 'ARCDIR': '/lfs/h2/emc/global/noscrub/emc.global/RETRO_GFSv17/archive/retrotestgfs10', 'FHOUT_ENKF': 1, 'pid': 1166202, 'SHELLOPTS': 'braceexpand:errexit:hashall:interactive-comments:nounset:xtrace', 'restart_interval_enkfgdas': 3, 'FCST_SEGMENTS': [0, 384], '__LMOD_REF_COUNT_INFOPATH': '/pe/intel/documentation_2020/en/debugger/gdb-ia/info:1;/apps/docs/info:1', 'CRAY_LMOD_CPU': 'x86-rome/1.0', 'DO_VERFOZN': True, 'F77': 'ftn', 'PE_MPICH_GTL_LIBS_nvidia80': '-lmpi_gtl_cuda', 'lobsdiag_forenkf': True, 'nco_ROOT': '/apps/ops/test/spack-stack-1.6.0-nco/envs/nco-intel-19.1.3.304/install/intel/19.1.3.304/nco-5.0.6-6ykwuoz', 'LMOD_FAMILY_CRAYPE_CPU_VERSION': False, 'GIT_SSH_COMMAND': 'ssh -F /u/emc.global/.ssh-mine/config -i /u/sshKeys/emc.global/id_rsa', 'BASH_ENV': '/usr/share/lmod/lmod/init/bash', 'LOGSCRIPT': '', 'COM_TOP_TMPL': '${ROTDIR}/${RUN}.${YMD}/${HH}', 'COM_OCEAN_NETCDF_TMPL': '${ROTDIR}/${RUN}.${YMD}/${HH}/${MEMDIR}/products/ocean/netcdf', 'XDG_DATA_DIRS': '/usr/share', 'assim_freq': 6, 'FHMAX_FITS': 132, '__LMOD_REF_COUNT_PE_MPICH_FORTRAN_PKGCONFIG_LIBS': 'mpichf90:1', 'DO_JEDISNOWDA': True, 'COMINsyn': '/lfs/h1/ops/prod/com/gfs/v16.3/syndat', 'CLUSTERS_SERVICE': '', 'NCDUMP': '/apps/ops/test/spack-stack-1.6.0-nco/envs/nco-intel-19.1.3.304/install/intel/19.1.3.304/netcdf-c-4.9.2-bcln2jr/bin/ncdump/bin/ncdump', 'FIXam': '/lfs/h2/emc/global/noscrub/emc.global/RETRO_GFSv17/git/global-workflow/develop_20250602/fix/am', 'ROTDIR': '/lfs/h2/emc/ptmp/emc.global/RETRO_GFSv17/comroot/retrotestgfs10', 'PDY': datetime.datetime(2024, 11, 24, 0, 0), 'PBS_ACCOUNT': 'GFS-DEV', 'bufr_ROOT': '/apps/ops/test/spack-stack-1.6.0-nco/envs/nco-intel-19.1.3.304/install/intel/19.1.3.304/bufr-12.0.1-tirva7g', 'DOBNDPNT_WAVE': True, 'INTEL_MINOR_VERSION': 3.304, 'LMOD_CUSTOM_CNCM_INTEL_19_0_OFI_1_0_X86_ROME_1_0_CRAY_MPICH_8_0_PREFIX': '/apps/prod/lmodules/INTEL_cray_mpich/19.1.3.304/cray-mpich/8.1.4:/apps/ops/prod/libs/modulefiles/mpi/intel/19.1.3.304/cray-mpich/8.1.4', 'REPLAY_ICS': False, 'APRUN_PING_PERIOD': 0, 'CRAY_LMOD_NET': 'ofi/1.0', 'DOIAU_ENKF': True, 'FHMAX_GOES': 180, 'QUEUE_DTN': 'dev_transfer', '__LMOD_REF_COUNT_PE_PKGCONFIG_PRODUCTS': 'PE_MPICH:1', 'PE_MPICH_MODULE_NAME': 'cray-mpich', 'NLSPATH': '/pe/intel/compilers_and_libraries_2020.4.304/linux/compiler/lib/intel64/locale/%l_%t/%N:/pe/intel/compilers_and_libraries_2020.4.304/linux/mkl/lib/intel64_lin/locale/%l_%t/%N:/pe/intel/debugger_2020/gdb/intel64/share/locale/%l_%t/%N', 'libxpm_ROOT': '/apps/ops/test/spack-stack-1.6.0-nco/envs/nco-intel-19.1.3.304/install/intel/19.1.3.304/libxpm-3.5.12-dcjsyoi', 'PBS_JOBCOOKIE': '4138997B0A3CD4DE3987A5A30B4DFCAB', 'LMOD_CUSTOM_COMPILER_INTEL_19_0_PREFIX': '/apps/prod/lmodules/intel/19.1.3.304:/apps/ops/prod/libs/modulefiles/compiler/intel/19.1.3.304:/apps/ops/prod/nco/modulefiles/compiler/intel/19.1.3.304', 'curl_ROOT': '/apps/ops/test/spack-stack-1.6.0-nco/envs/nco-intel-19.1.3.304/install/intel/19.1.3.304/curl-8.4.0-zr7lvkw', 'ACCOUNT': 'GFS-DEV', 'PBS_O_SHELL': '/bin/bash', 'ecmwf_atlas_ROOT': '/apps/ops/test/spack-stack-1.6.0-nco/envs/nco-intel-19.1.3.304/install/intel/19.1.3.304/ecmwf-atlas-0.35.0-42ufhdx', 'HOMEobsproc': '/lfs/h2/emc/global/save/emc.global/git/obsproc/v', '__LMOD_REF_COUNT_PE_MPICH_FIXED_PRGENV': 'INTEL:1', 'JEDI_CONFIG_YAML': '/lfs/h2/emc/global/noscrub/emc.global/RETRO_GFSv17/git/global-workflow/develop_20250602/parm/gdas/anlstat_jedi_config.yaml.j2', 'DO_BUFRSND': False, '__LMOD_REF_COUNT_LIBRARY_PATH': '/pe/intel/compilers_and_libraries_2020.4.304/linux/ipp/lib/intel64:1;/pe/intel/compilers_and_libraries_2020.4.304/linux/compiler/lib/intel64_lin:1;/pe/intel/compilers_and_libraries_2020.4.304/linux/mkl/lib/intel64_lin:1;/pe/intel/compilers_and_libraries_2020.4.304/linux/tbb/lib/intel64/gcc4.8:2', 'COMINukmet': '/lfs/h2/emc/global/noscrub/emc.global/data/external_gempak/ukmet', 'tasks_per_node': 20, 'FHOUT_ICE_GFS': 6, 'py_xarray_ROOT': '/apps/ops/test/spack-stack-1.6.0-nco/envs/nco-intel-19.1.3.304/install/intel/19.1.3.304/py-xarray-2023.7.0-jj7syqa', 'COM_CHEM_ANALYSIS_TMPL': '${ROTDIR}/${RUN}.${YMD}/${HH}/${MEMDIR}/analysis/chem', 'PNG_ROOT': '/apps/ops/test/spack-stack-1.6.0-nco/envs/nco-intel-19.1.3.304/install/intel/19.1.3.304/libpng-1.6.37-3sds4er', 'DO_JEDIATMVAR': False, 'DOIBP_WAV': False, 'fftw_ROOT': '/apps/ops/test/spack-stack-1.6.0-nco/envs/nco-intel-19.1.3.304/install/intel/19.1.3.304/fftw-3.3.10-sefnta3', 'py_markupsafe_ROOT': '/apps/ops/test/spack-stack-1.6.0-nco/envs/nco-intel-19.1.3.304/install/intel/19.1.3.304/py-markupsafe-2.1.3-45ywjnp', 'DOHYBVAR': True, 'PROFILEREAD': True, '_ModuleTable043_': 'LjEiLH0sWyJweS1wYW5kYXMiXT17WyJmbiJdPSIvYXBwcy9vcHMvdGVzdC9zcGFjay1zdGFjay0xLjYuMC1uY28vZW52cy9uY28taW50ZWwtMTkuMS4zLjMwNC9pbnN0YWxsL21vZHVsZWZpbGVzL2ludGVsLzE5LjEuMy4zMDQvcHktcGFuZGFzLzEuNS4zLmx1YSIsWyJmdWxsTmFtZSJdPSJweS1wYW5kYXMvMS41LjMiLFsibG9hZE9yZGVyIl09NzgscHJvcFQ9e30sWyJzdGFja0RlcHRoIl09MSxbInN0YXR1cyJdPSJhY3RpdmUiLFsidXNlck5hbWUiXT0icHktcGFuZGFzLzEuNS4zIix9LFsicHktcGlwIl09e1siZm4iXT0iL2FwcHMvb3BzL3Rlc3Qvc3BhY2stc3RhY2stMS42LjAtbmNvL2VudnMvbmNvLWludGVsLTE5LjEuMy4zMDQvaW5zdGFsbC9tb2R1bGVmaWxlcy9pbnRl', 'PDYp5': datetime.datetime(2024, 11, 29, 0, 0), 'TMPDIR': '/var/tmp/pbs.46051231.dbqs01', 'PDYp4': datetime.datetime(2024, 11, 28, 0, 0), 'LIBRARY_PATH': '/pe/intel/compilers_and_libraries_2020.4.304/linux/ipp/lib/intel64:/pe/intel/compilers_and_libraries_2020.4.304/linux/compiler/lib/intel64_lin:/pe/intel/compilers_and_libraries_2020.4.304/linux/mkl/lib/intel64_lin:/pe/intel/compilers_and_libraries_2020.4.304/linux/tbb/lib/intel64/gcc4.8', 'mpmd_opt': ['--cpu-bind verbose', 'core cfp'], 'DO_ATM': True, 'PDYp7': datetime.datetime(2024, 12, 1, 0, 0), 'PDYp6': datetime.datetime(2024, 11, 30, 0, 0), '_ModuleTable021_': 'a0RlcHRoIl09MSxbInN0YXR1cyJdPSJhY3RpdmUiLFsidXNlck5hbWUiXT0ibGlianBlZy8yLjEuMCIsfSxsaWJwbmc9e1siZm4iXT0iL2FwcHMvb3BzL3Rlc3Qvc3BhY2stc3RhY2stMS42LjAtbmNvL2VudnMvbmNvLWludGVsLTE5LjEuMy4zMDQvaW5zdGFsbC9tb2R1bGVmaWxlcy9pbnRlbC8xOS4xLjMuMzA0L2xpYnBuZy8xLjYuMzcubHVhIixbImZ1bGxOYW1lIl09ImxpYnBuZy8xLjYuMzciLFsibG9hZE9yZGVyIl09NTMscHJvcFQ9e30sWyJyZWZfY291bnQiXT0xLFsic3RhY2tEZXB0aCJdPTEsWyJzdGF0dXMiXT0iYWN0aXZlIixbInVzZXJOYW1lIl09ImxpYnBuZy8xLjYuMzciLH0sbGlieGF3PXtbImZuIl09Ii9hcHBzL29wcy90ZXN0L3NwYWNrLXN0YWNrLTEuNi4w', 'py_six_ROOT': '/apps/ops/test/spack-stack-1.6.0-nco/envs/nco-intel-19.1.3.304/install/intel/19.1.3.304/py-six-1.16.0-u4sv6sb', 'FHOUT_ENKF_GFS': 3, 'PDYp1': datetime.datetime(2024, 11, 25, 0, 0), 'DO_VERFRAD': True, 'PDYp3': datetime.datetime(2024, 11, 27, 0, 0), 'PDYp2': datetime.datetime(2024, 11, 26, 0, 0), '__LMOD_REF_COUNT_CMAKE_PREFIX_PATH': '/apps/ops/test/spack-stack-1.6.0-nco/envs/nco-intel-19.1.3.304/install/intel/19.1.3.304/py-packaging-23.1-2qpd5mc:2;/apps/ops/test/spack-stack-1.6.0-nco/envs/nco-intel-19.1.3.304/install/intel/19.1.3.304/py-cftime-1.0.3.4-dka7hny:2;/apps/ops/test/spack-stack-1.6.0-nco/envs/nco-intel-19.1.3.304/install/intel/19.1.3.304/py-numpy-1.24.4-yosem2k:2;/apps/ops/test/spack-stack-1.6.0-nco/envs/nco-intel-19.1.3.304/install/intel/19.1.3.304/py-markupsafe-2.1.3-45ywjnp:2;/apps/ops/test/spack-stack-1.6.0-nco/envs/nco-intel-19.1.3.304/install/intel/19.1.3.304/py-pandas-1.5.3-u3wc7uc:2;/apps/ops/test/spack-stack-1.6.0-nco/envs/nco-intel-19.1.3.304/install/intel/19.1.3.304/py-pytz-2023.3-yebggst:2;/apps/ops/test/spack-stack-1.6.0-nco/envs/nco-intel-19.1.3.304/install/intel/19.1.3.304/py-python-dateutil-2.8.2-mes6fwe:2;/apps/ops/test/spack-stack-1.6.0-nco/envs/nco-intel-19.1.3.304/install/intel/19.1.3.304/py-six-1.16.0-u4sv6sb:2;/apps/ops/test/spack-stack-1.6.0-nco/envs/nco-intel-19.1.3.304/install/intel/19.1.3.304/py-numexpr-2.8.4-2rtg4mi:2;/apps/ops/test/spack-stack-1.6.0-nco/envs/nco-intel-19.1.3.304/install/intel/19.1.3.304/py-bottleneck-1.3.7-oolvw5k:2;/apps/ops/test/spack-stack-1.6.0-nco/envs/nco-intel-19.1.3.304/install/intel/19.1.3.304/py-pip-23.1.2-ohrscnx:2;/apps/ops/test/spack-stack-1.6.0-nco/envs/nco-intel-19.1.3.304/install/intel/19.1.3.304/py-f90nml-1.4.3-rizmifn:2;/apps/ops/test/spack-stack-1.6.0-nco/envs/nco-intel-19.1.3.304/install/intel/19.1.3.304/py-xarray-2023.7.0-jj7syqa:2;/apps/ops/test/spack-stack-1.6.0-nco/envs/nco-intel-19.1.3.304/install/intel/19.1.3.304/py-scipy-1.10.1-236sa7x:2;/apps/ops/test/spack-stack-1.6.0-nco/envs/nco-intel-19.1.3.304/install/intel/19.1.3.304/py-pyyaml-5.4.1-afvmuaf:2;/apps/ops/test/spack-stack-1.6.0-nco/envs/nco-intel-19.1.3.304/install/intel/19.1.3.304/libyaml-0.2.5-ygjrdvo:2;/apps/ops/test/spack-stack-1.6.0-nco/envs/nco-intel-19.1.3.304/install/intel/19.1.3.304/py-pycodestyle-2.11.0-bh2jlm5:2;/apps/ops/test/spack-stack-1.6.0-nco/envs/nco-intel-19.1.3.304/install/intel/19.1.3.304/py-pybind11-2.11.1-wdb6paz:2;/apps/ops/test/spack-stack-1.6.0-nco/envs/nco-intel-19.1.3.304/install/intel/19.1.3.304/py-netcdf4-1.5.8-6kubnk6:2;/apps/ops/test/spack-stack-1.6.0-nco/envs/nco-intel-19.1.3.304/install/intel/19.1.3.304/py-jinja2-3.1.2-vbbttij:2;/apps/ops/test/spack-stack-1.6.0-nco/envs/nco-intel-19.1.3.304/install/intel/19.1.3.304/py-setuptools-63.4.3-rg7efar:2;/apps/ops/test/spack-stack-1.6.0-nco/envs/nco-intel-19.1.3.304/install/intel/19.1.3.304/netcdf-cxx4-4.3.1-lp7tiyf:2;/apps/ops/test/spack-stack-1.6.0-nco/envs/nco-intel-19.1.3.304/install/intel/19.1.3.304/ncview-2.1.9-rv4j23b:2;/apps/ops/test/spack-stack-1.6.0-nco/envs/nco-intel-19.1.3.304/install/intel/19.1.3.304/udunits-2.2.28-wmjzel4:2;/apps/ops/test/spack-stack-1.6.0-nco/envs/nco-intel-19.1.3.304/install/intel/19.1.3.304/libxaw-1.0.13-gdstphl:2;/apps/ops/test/spack-stack-1.6.0-nco/envs/nco-intel-19.1.3.304/install/intel/19.1.3.304/libxpm-3.5.12-dcjsyoi:2;/apps/ops/test/spack-stack-1.6.0-nco/envs/nco-intel-19.1.3.304/install/intel/19.1.3.304/libxmu-1.1.4-xhe6hjc:2;/apps/ops/test/spack-stack-1.6.0-nco/envs/nco-intel-19.1.3.304/install/intel/19.1.3.304/libxt-1.1.5-r2mrglu:2;/apps/ops/test/spack-stack-1.6.0-nco/envs/nco-intel-19.1.3.304/install/intel/19.1.3.304/libpng-1.6.37-3sds4er:2;/apps/ops/test/spack-stack-1.6.0-nco/envs/nco-intel-19.1.3.304/install/intel/19.1.3.304/libjpeg-turbo-2.1.0-rt44pqr:2;/apps/ops/test/spack-stack-1.6.0-nco/envs/nco-intel-19.1.3.304/install/intel/19.1.3.304/gsl-lite-0.37.0-7zi7wss:2;/apps/ops/test/spack-stack-1.6.0-nco/envs/nco-intel-19.1.3.304/install/intel/19.1.3.304/sp-2.5.0-rhcyr64:2;/apps/ops/test/spack-stack-1.6.0-nco/envs/nco-intel-19.1.3.304/install/intel/19.1.3.304/ecmwf-atlas-0.35.0-42ufhdx:2;/apps/ops/test/spack-stack-1.6.0-nco/envs/nco-intel-19.1.3.304/install/intel/19.1.3.304/qhull-2020.2-5ycwudw:2;/apps/ops/test/spack-stack-1.6.0-nco/envs/nco-intel-19.1.3.304/install/intel/19.1.3.304/esmf-8.5.0-7huplmy:2;/apps/ops/test/spack-stack-1.6.0-nco/envs/nco-intel-19.1.3.304/install/intel/19.1.3.304/fms-2023.04-utbqnz3:2;/apps/ops/test/spack-stack-1.6.0-nco/envs/nco-intel-19.1.3.304/install/intel/19.1.3.304/fckit-0.11.0-7qg4hhj:2;/apps/ops/test/spack-stack-1.6.0-nco/envs/nco-intel-19.1.3.304/install/intel/19.1.3.304/fftw-3.3.10-sefnta3:2;/apps/ops/test/spack-stack-1.6.0-nco/envs/nco-intel-19.1.3.304/install/intel/19.1.3.304/eckit-1.24.5-isrgc5y:2;/apps/ops/test/spack-stack-1.6.0-nco/envs/nco-intel-19.1.3.304/install/intel/19.1.3.304/openblas-0.3.24-7qwu32e:2;/apps/ops/test/spack-stack-1.6.0-nco/envs/nco-intel-19.1.3.304/install/intel/19.1.3.304/eigen-3.4.0-7qdffiv:2;/apps/ops/test/spack-stack-1.6.0-nco/envs/nco-intel-19.1.3.304/install/intel/19.1.3.304/openjpeg-2.5.0-ulqgnem:2;/apps/ops/test/spack-stack-1.6.0-nco/envs/nco-intel-19.1.3.304/install/intel/19.1.3.304/ecbuild-3.7.2-ovbazu2:2;/apps/ops/test/spack-stack-1.6.0-nco/envs/nco-intel-19.1.3.304/install/intel/19.1.3.304/bufr-12.0.1-tirva7g:2;/apps/ops/test/spack-stack-1.6.0-nco/envs/nco-intel-19.1.3.304/install/intel/19.1.3.304/boost-1.83.0-nqtmt7k:2;/apps/ops/test/spack-stack-1.6.0-nco/envs/nco-intel-19.1.3.304/install/intel/19.1.3.304/parallelio-2.5.10-3rkk43u:2;/apps/ops/test/spack-stack-1.6.0-nco/envs/nco-intel-19.1.3.304/install/intel/19.1.3.304/nco-5.0.6-6ykwuoz:2;/apps/ops/test/spack-stack-1.6.0-nco/envs/nco-intel-19.1.3.304/install/intel/19.1.3.304/gsl-2.7.1-kr3c4v5:2;/apps/ops/test/spack-stack-1.6.0-nco/envs/nco-intel-19.1.3.304/install/intel/19.1.3.304/antlr-2.7.7-hoqq24u:2;/apps/ops/test/spack-stack-1.6.0-nco/envs/nco-intel-19.1.3.304/install/intel/19.1.3.304/netcdf-fortran-4.6.1-b4geqvx:2;/apps/ops/test/spack-stack-1.6.0-nco/envs/nco-intel-19.1.3.304/install/intel/19.1.3.304/nccmp-1.9.0.1-dnptqlr:2;/apps/ops/test/spack-stack-1.6.0-nco/envs/nco-intel-19.1.3.304/install/intel/19.1.3.304/netcdf-c-4.9.2-bcln2jr:2;/apps/ops/test/spack-stack-1.6.0-nco/envs/nco-intel-19.1.3.304/install/intel/19.1.3.304/parallel-netcdf-1.12.2-77j7vnx:2;/apps/ops/test/spack-stack-1.6.0-nco/envs/nco-intel-19.1.3.304/install/intel/19.1.3.304/hdf5-1.14.0-yckaywr:2;/apps/spack/git-lfs/2.11.0/gcc/11.2.0/m6b6nl5kfqngfteqbggydc7kflxere3s:1;/apps/ops/test/spack-stack-1.6.0-nco/envs/nco-intel-19.1.3.304/install/intel/19.1.3.304/zlib-1.2.13-yoc3h4p:2;/apps/ops/test/spack-stack-1.6.0-nco/envs/nco-intel-19.1.3.304/install/intel/19.1.3.304/curl-8.4.0-zr7lvkw:2;/apps/ops/test/spack-stack-1.6.0-nco/envs/nco-intel-19.1.3.304/install/intel/19.1.3.304/pcre2-10.42-utn3zxn:2;/apps/ops/test/spack-stack-1.6.0-nco/envs/nco-intel-19.1.3.304/install/intel/19.1.3.304/gettext-0.19.7-2fi4wu4:2;/apps/ops/test/spack-stack-1.6.0-nco/envs/nco-intel-19.1.3.304/install/intel/19.1.3.304/tar-1.34-e7e3lq2:2;/apps/ops/test/spack-stack-1.6.0-nco/envs/nco-intel-19.1.3.304/install/intel/19.1.3.304/zstd-1.5.2-pe6gdyf:2;/apps/ops/test/spack-stack-1.6.0-nco/envs/nco-intel-19.1.3.304/install/intel/19.1.3.304/pigz-2.7-p2s5ywz:2;/apps/ops/test/spack-stack-1.6.0-nco/envs/nco-intel-19.1.3.304/install/intel/19.1.3.304/cmake-3.23.1-chpcsen:2;/apps/ops/test/spack-stack-1.6.0-nco/envs/nco-intel-19.1.3.304/install/intel/19.1.3.304/python-3.10.13-qzt4y2i:2;/apps/ops/test/spack-stack-1.6.0-nco/envs/nco-intel-19.1.3.304/install/intel/19.1.3.304/util-linux-uuid-2.38.1-jwatqmi:2;/apps/ops/test/spack-stack-1.6.0-nco/envs/nco-intel-19.1.3.304/install/intel/19.1.3.304/sqlite-3.43.2-onahail:2;/apps/ops/test/spack-stack-1.6.0-nco/envs/nco-intel-19.1.3.304/install/intel/19.1.3.304/libxcrypt-4.4.35-soueqga:2', 'MPIEXEC_NPROC': '-n', 'py_jinja2_ROOT': '/apps/ops/test/spack-stack-1.6.0-nco/envs/nco-intel-19.1.3.304/install/intel/19.1.3.304/py-jinja2-3.1.2-vbbttij', 'LMOD_sys': 'Linux', 'LMOD_FAMILY_METAMPI_VERSION': '8.1.9', 'COM_WAVE_GRID_RES_TMPL': '${ROTDIR}/${RUN}.${YMD}/${HH}/${MEMDIR}/products/wave/gridded/${GRDRESNAME}', 'PE_PKGCONFIG_LIBS': 'mpich', '_ModuleTable010_': 'InN0YWNrRGVwdGgiXT0xLFsic3RhdHVzIl09ImFjdGl2ZSIsWyJ1c2VyTmFtZSJdPSJjdXJsLzguNC4wIix9LGVjYnVpbGQ9e1siZm4iXT0iL2FwcHMvb3BzL3Rlc3Qvc3BhY2stc3RhY2stMS42LjAtbmNvL2VudnMvbmNvLWludGVsLTE5LjEuMy4zMDQvaW5zdGFsbC9tb2R1bGVmaWxlcy9pbnRlbC8xOS4xLjMuMzA0L2VjYnVpbGQvMy43LjIubHVhIixbImZ1bGxOYW1lIl09ImVjYnVpbGQvMy43LjIiLFsibG9hZE9yZGVyIl09MzkscHJvcFQ9e30sWyJzdGFja0RlcHRoIl09MSxbInN0YXR1cyJdPSJhY3RpdmUiLFsidXNlck5hbWUiXT0iZWNidWlsZC8zLjcuMiIsfSxlY2tpdD17WyJmbiJdPSIvYXBwcy9vcHMvdGVzdC9zcGFjay1zdGFjay0xLjYuMC1uY28vZW52cy9uY28t', '_ModuleTable033_': 'cHMvb3BzL3Rlc3Qvc3BhY2stc3RhY2stMS42LjAtbmNvL2VudnMvbmNvLWludGVsLTE5LjEuMy4zMDQvaW5zdGFsbC9tb2R1bGVmaWxlcy9jcmF5LW1waWNoLzguMS45L2ludGVsLzE5LjEuMy4zMDQvcGFyYWxsZWxpby8yLjUuMTAubHVhIixbImZ1bGxOYW1lIl09InBhcmFsbGVsaW8vMi41LjEwIixbImxvYWRPcmRlciJdPTM2LHByb3BUPXt9LFsicmVmX2NvdW50Il09MSxbInN0YWNrRGVwdGgiXT0xLFsic3RhdHVzIl09ImFjdGl2ZSIsWyJ1c2VyTmFtZSJdPSJwYXJhbGxlbGlvLzIuNS4xMCIsfSxwY3JlMj17WyJmbiJdPSIvYXBwcy9vcHMvdGVzdC9zcGFjay1zdGFjay0xLjYuMC1uY28vZW52cy9uY28taW50ZWwtMTkuMS4zLjMwNC9pbnN0YWxsL21vZHVsZWZpbGVzL2lu', 'HPSS_PROJECT': 'emc-global', 'BASE_DATA': '/lfs/h2/emc/global/noscrub/emc.global/data', 'COMLISTROOT': '/lfs/h1/ops/prod/config', 'IAU_DELTHRS': 6, '_ModuleTable060_': 'L21vZHVsZWZpbGVzL2NyYXktbXBpY2gvOC4xLjkvaW50ZWwvMTkuMS4zLjMwNCIsIi9hcHBzL29wcy9wcm9kL2xpYnMvbW9kdWxlZmlsZXMvbXBpL2ludGVsLzE5LjEuMy4zMDQvY3JheS1tcGljaC84LjEuNCIsIi9hcHBzL3Byb2QvbG1vZHVsZXMvSU5URUxfY3JheV9tcGljaC8xOS4xLjMuMzA0L2NyYXktbXBpY2gvOC4xLjQiLCIvb3B0L2NyYXkvcGUvbG1vZC9tb2R1bGVmaWxlcy9tcGkvaW50ZWwvMTkuMC9vZmkvMS4wL2NyYXktbXBpY2gvOC4wIiwiL29wdC9jcmF5L3BlL2xtb2QvbW9kdWxlZmlsZXMvY29tbmV0L2ludGVsLzE5LjAvb2ZpLzEuMCIsIi9vcHQvY3JheS9wZS9sbW9kL21vZHVsZWZpbGVzL25ldC9vZmkvMS4wIiwiL2FwcHMvb3BzL3Rlc3Qvc3BhY2stc3Rh', '_ModuleTable001_': 'X01vZHVsZVRhYmxlXz17WyJNVHZlcnNpb24iXT0zLFsiY19yZWJ1aWxkVGltZSJdPWZhbHNlLFsiY19zaG9ydFRpbWUiXT1mYWxzZSxkZXB0aFQ9e30sZmFtaWx5PXtbIk1ldGFDb21waWxlciJdPSJzdGFjay1pbnRlbCIsWyJNZXRhTVBJIl09InN0YWNrLWNyYXktbXBpY2giLFsiTWV0YVB5dGhvbiJdPSJzdGFjay1weXRob24iLFsiUHJnRW52Il09IlByZ0Vudi1pbnRlbCIsWyJjb21waWxlciJdPSJpbnRlbCIsWyJjcmF5cGUiXT0iY3JheXBlIixbImNyYXlwZV9jcHUiXT0iY3JheXBlLXg4Ni1yb21lIixbImNyYXlwZV9uZXR3b3JrIl09ImNyYXlwZS1uZXR3b3JrLW9maSIsWyJtcGkiXT0iY3JheS1tcGljaCIsfSxtVD17R0RBUz17WyJmbiJdPSIvbGZzL2gyL2VtYy9nbG9i', 'YAML_DIR': '/apps/ops/test/spack-stack-1.6.0-nco/envs/nco-intel-19.1.3.304/install/intel/19.1.3.304/libyaml-0.2.5-ygjrdvo', 'restart_interval_enkfgfs': 3, 'REDERR': '2>', 'py_numpy_ROOT': '/apps/ops/test/spack-stack-1.6.0-nco/envs/nco-intel-19.1.3.304/install/intel/19.1.3.304/py-numpy-1.24.4-yosem2k', 'DO_PREP_SFC': False, 'COM_OCEAN_ANALYSIS_TMPL': '${ROTDIR}/${RUN}.${YMD}/${HH}/${MEMDIR}/analysis/ocean', 'LOADEDMODULES': 'craype-x86-rome:envvar/1.0:PrgEnv-intel/8.3.3:intel/19.1.3.304:stack-intel/19.1.3.304:libfabric/1.20.1:craype-network-ofi:cray-mpich/8.1.9:stack-cray-mpich/8.1.9:libxcrypt/4.4.35:sqlite/3.43.2:util-linux-uuid/2.38.1:python/3.10.13:stack-python/3.10.13:craype/2.7.17:cray-pals/1.3.2:cmake/3.23.1:pigz/2.7:zstd/1.5.2:tar/1.34:gettext/0.19.7:pcre2/10.42:curl/8.4.0:zlib/1.2.13:git/2.35.3:git-lfs/2.11.0:pkg-config/0.29.2:hdf5/1.14.0:parallel-netcdf/1.12.2:netcdf-c/4.9.2:nccmp/1.9.0.1:netcdf-fortran/4.6.1:antlr/2.7.7:gsl/2.7.1:nco/5.0.6:parallelio/2.5.10:boost/1.83.0:bufr/12.0.1:ecbuild/3.7.2:openjpeg/2.5.0:eigen/3.4.0:openblas/0.3.24:eckit/1.24.5:fftw/3.3.10:fckit/0.11.0:fms/2023.04:esmf/8.5.0:qhull/2020.2:atlas/0.35.0:sp/2.5.0:gsl-lite/0.37.0:libjpeg/2.1.0:libpng/1.6.37:libxt/1.1.5:libxmu/1.1.4:libxpm/3.5.12:libxaw/1.0.13:udunits/2.2.28:ncview/2.1.9:netcdf-cxx4/4.3.1:prod_util/2.0.14:py-setuptools/63.4.3:py-jinja2/3.1.2:py-netcdf4/1.5.8:py-pybind11/2.11.1:py-pycodestyle/2.11.0:libyaml/0.2.5:py-pyyaml/5.4.1:py-scipy/1.10.1:py-xarray/2023.7.0:py-f90nml/1.4.3:py-pip/23.1.2:py-bottleneck/1.3.7:py-numexpr/2.8.4:py-six/1.16.0:py-python-dateutil/2.8.2:py-pytz/2023.3:py-pandas/1.5.3:py-markupsafe/2.1.3:py-numpy/1.24.4:py-cftime/1.0.3.4:py-packaging/23.1:GDAS/wcoss2.intel', '_ModuleTable048_': 'ZXIiXT02OCxwcm9wVD17fSxbInN0YWNrRGVwdGgiXT0xLFsic3RhdHVzIl09ImFjdGl2ZSIsWyJ1c2VyTmFtZSJdPSJweS1weXlhbWwvNS40LjEiLH0sWyJweS1zY2lweSJdPXtbImZuIl09Ii9hcHBzL29wcy90ZXN0L3NwYWNrLXN0YWNrLTEuNi4wLW5jby9lbnZzL25jby1pbnRlbC0xOS4xLjMuMzA0L2luc3RhbGwvbW9kdWxlZmlsZXMvaW50ZWwvMTkuMS4zLjMwNC9weS1zY2lweS8xLjEwLjEubHVhIixbImZ1bGxOYW1lIl09InB5LXNjaXB5LzEuMTAuMSIsWyJsb2FkT3JkZXIiXT02OSxwcm9wVD17fSxbInN0YWNrRGVwdGgiXT0xLFsic3RhdHVzIl09ImFjdGl2ZSIsWyJ1c2VyTmFtZSJdPSJweS1zY2lweS8xLjEwLjEiLH0sWyJweS1zZXR1cHRvb2xzIl09e1siZm4iXT0i', 'py_pyyaml_ROOT': '/apps/ops/test/spack-stack-1.6.0-nco/envs/nco-intel-19.1.3.304/install/intel/19.1.3.304/py-pyyaml-5.4.1-afvmuaf', 'FHCYC': 1, 'COM_ATMOS_HISTORY_TMPL': '${ROTDIR}/${RUN}.${YMD}/${HH}/${MEMDIR}/model/atmos/history', 'COM_OCEAN_BMATRIX_TMPL': '${ROTDIR}/${RUN}.${YMD}/${HH}/${MEMDIR}/bmatrix/ocean', 'LMOD_AVAIL_STYLE': 'en_grouped:system', 'ICERES': 25, 'JCB_BASE_YAML': '/lfs/h2/emc/global/noscrub/emc.global/RETRO_GFSv17/git/global-workflow/develop_20250602/parm/gdas/stat/aero/jcb-base.yaml.j2', '_ModuleTable058_': 'LFsiZnVsbE5hbWUiXT0idXRpbC1saW51eC11dWlkLzIuMzguMSIsWyJsb2FkT3JkZXIiXT0xMixwcm9wVD17fSxbInJlZl9jb3VudCJdPTEsWyJzdGFja0RlcHRoIl09MyxbInN0YXR1cyJdPSJhY3RpdmUiLFsidXNlck5hbWUiXT0idXRpbC1saW51eC11dWlkLzIuMzguMSIsfSx6bGliPXtbImZuIl09Ii9hcHBzL29wcy90ZXN0L3NwYWNrLXN0YWNrLTEuNi4wLW5jby9lbnZzL25jby1pbnRlbC0xOS4xLjMuMzA0L2luc3RhbGwvbW9kdWxlZmlsZXMvaW50ZWwvMTkuMS4zLjMwNC96bGliLzEuMi4xMy5sdWEiLFsiZnVsbE5hbWUiXT0iemxpYi8xLjIuMTMiLFsibG9hZE9yZGVyIl09MjQscHJvcFQ9e30sWyJyZWZfY291bnQiXT0zLFsic3RhY2tEZXB0aCJdPTEsWyJzdGF0dXMi', 'CRAYPE_NETWORK_TARGET': 'ofi', 'FC': 'ftn', 'DO_METP': True, 'OFFSET_START_HOUR': 0, 'COM_ATMOS_GOES_TMPL': '${ROTDIR}/${RUN}.${YMD}/${HH}/${MEMDIR}/products/atmos/goes_sim', '__LMOD_REF_COUNT_ACLOCAL_PATH': '/apps/ops/test/spack-stack-1.6.0-nco/envs/nco-intel-19.1.3.304/install/intel/19.1.3.304/gsl-2.7.1-kr3c4v5/share/aclocal:2;/usr/share/aclocal:4;/apps/ops/test/spack-stack-1.6.0-nco/envs/nco-intel-19.1.3.304/install/intel/19.1.3.304/curl-8.4.0-zr7lvkw/share/aclocal:2;/apps/ops/test/spack-stack-1.6.0-nco/envs/nco-intel-19.1.3.304/install/intel/19.1.3.304/gettext-0.19.7-2fi4wu4/share/aclocal:2;/apps/ops/test/spack-stack-1.6.0-nco/envs/nco-intel-19.1.3.304/install/intel/19.1.3.304/cmake-3.23.1-chpcsen/share/aclocal:2', 'FHOUT_AERO': 3, 'SENDDBN': False, '__LMOD_REF_COUNT_MANPATH': '/apps/ops/test/spack-stack-1.6.0-nco/envs/nco-intel-19.1.3.304/install/intel/19.1.3.304/libxaw-1.0.13-gdstphl/share/man:2;/apps/ops/test/spack-stack-1.6.0-nco/envs/nco-intel-19.1.3.304/install/intel/19.1.3.304/libxpm-3.5.12-dcjsyoi/share/man:2;/apps/ops/test/spack-stack-1.6.0-nco/envs/nco-intel-19.1.3.304/install/intel/19.1.3.304/libxt-1.1.5-r2mrglu/share/man:2;/apps/ops/test/spack-stack-1.6.0-nco/envs/nco-intel-19.1.3.304/install/intel/19.1.3.304/libpng-1.6.37-3sds4er/share/man:2;/apps/ops/test/spack-stack-1.6.0-nco/envs/nco-intel-19.1.3.304/install/intel/19.1.3.304/libjpeg-turbo-2.1.0-rt44pqr/share/man:2;/apps/ops/test/spack-stack-1.6.0-nco/envs/nco-intel-19.1.3.304/install/intel/19.1.3.304/qhull-2020.2-5ycwudw/share/man:2;/apps/ops/test/spack-stack-1.6.0-nco/envs/nco-intel-19.1.3.304/install/intel/19.1.3.304/fftw-3.3.10-sefnta3/share/man:2;/apps/ops/test/spack-stack-1.6.0-nco/envs/nco-intel-19.1.3.304/install/intel/19.1.3.304/nco-5.0.6-6ykwuoz/share/man:2;/apps/ops/test/spack-stack-1.6.0-nco/envs/nco-intel-19.1.3.304/install/intel/19.1.3.304/gsl-2.7.1-kr3c4v5/share/man:2;/apps/ops/test/spack-stack-1.6.0-nco/envs/nco-intel-19.1.3.304/install/intel/19.1.3.304/netcdf-fortran-4.6.1-b4geqvx/share/man:2;/apps/ops/test/spack-stack-1.6.0-nco/envs/nco-intel-19.1.3.304/install/intel/19.1.3.304/netcdf-c-4.9.2-bcln2jr/share/man:2;/apps/ops/test/spack-stack-1.6.0-nco/envs/nco-intel-19.1.3.304/install/intel/19.1.3.304/parallel-netcdf-1.12.2-77j7vnx/share/man:2;/usr/share/man:5;/apps/ops/test/spack-stack-1.6.0-nco/envs/nco-intel-19.1.3.304/install/intel/19.1.3.304/zlib-1.2.13-yoc3h4p/share/man:2;/apps/ops/test/spack-stack-1.6.0-nco/envs/nco-intel-19.1.3.304/install/intel/19.1.3.304/curl-8.4.0-zr7lvkw/share/man:2;/apps/ops/test/spack-stack-1.6.0-nco/envs/nco-intel-19.1.3.304/install/intel/19.1.3.304/pcre2-10.42-utn3zxn/share/man:2;/apps/ops/test/spack-stack-1.6.0-nco/envs/nco-intel-19.1.3.304/install/intel/19.1.3.304/gettext-0.19.7-2fi4wu4/share/man:2;/apps/ops/test/spack-stack-1.6.0-nco/envs/nco-intel-19.1.3.304/install/intel/19.1.3.304/tar-1.34-e7e3lq2/share/man:2;/apps/ops/test/spack-stack-1.6.0-nco/envs/nco-intel-19.1.3.304/install/intel/19.1.3.304/zstd-1.5.2-pe6gdyf/share/man:2;/apps/ops/test/spack-stack-1.6.0-nco/envs/nco-intel-19.1.3.304/install/intel/19.1.3.304/pigz-2.7-p2s5ywz/man:2;/opt/cray/pals/1.3.2/man:1;/opt/cray/pe/craype/2.7.17/man:1;/apps/ops/test/spack-stack-1.6.0-nco/envs/nco-intel-19.1.3.304/install/intel/19.1.3.304/python-3.10.13-qzt4y2i/share/man:2;/apps/ops/test/spack-stack-1.6.0-nco/envs/nco-intel-19.1.3.304/install/intel/19.1.3.304/util-linux-uuid-2.38.1-jwatqmi/share/man:2;/apps/ops/test/spack-stack-1.6.0-nco/envs/nco-intel-19.1.3.304/install/intel/19.1.3.304/sqlite-3.43.2-onahail/share/man:2;/apps/ops/test/spack-stack-1.6.0-nco/envs/nco-intel-19.1.3.304/install/intel/19.1.3.304/libxcrypt-4.4.35-soueqga/share/man:2;/opt/cray/pe/mpich/8.1.9/ofi/man:1;/opt/cray/pe/mpich/8.1.9/man/mpich:1;/opt/cray/share/man:1;/pe/intel/man/common:1;/pe/intel/compilers_and_libraries_2020.4.304/linux/mpi/man:1;/pe/intel/documentation_2020/en/debugger/gdb-ia/man:1;/usr/share/lmod/lmod/share/man:1;/opt/c3/man:1;/opt/pbs/share/man:1', '_ModuleTable006_': 'YXBwcy9vcHMvdGVzdC9zcGFjay1zdGFjay0xLjYuMC1uY28vZW52cy9uY28taW50ZWwtMTkuMS4zLjMwNC9pbnN0YWxsL21vZHVsZWZpbGVzL2ludGVsLzE5LjEuMy4zMDQvY21ha2UvMy4yMy4xLmx1YSIsWyJmdWxsTmFtZSJdPSJjbWFrZS8zLjIzLjEiLFsibG9hZE9yZGVyIl09MTcscHJvcFQ9e30sWyJyZWZfY291bnQiXT0xLFsic3RhY2tEZXB0aCJdPTEsWyJzdGF0dXMiXT0iYWN0aXZlIixbInVzZXJOYW1lIl09ImNtYWtlLzMuMjMuMSIsfSxbImNyYXktbXBpY2giXT17WyJmbiJdPSIvb3B0L2NyYXkvcGUvbG1vZC9tb2R1bGVmaWxlcy9jb21uZXQvaW50ZWwvMTkuMC9vZmkvMS4wL2NyYXktbXBpY2gvOC4xLjkubHVhIixbImZ1bGxOYW1lIl09ImNyYXktbXBpY2gvOC4x', '_ModuleTable003_': 'VD17fSxbInN0YWNrRGVwdGgiXT0yLFsic3RhdHVzIl09ImFjdGl2ZSIsWyJ1c2VyTmFtZSJdPSJQcmdFbnYtaW50ZWwvOC4zLjMiLH0sYW50bHI9e1siZm4iXT0iL2FwcHMvb3BzL3Rlc3Qvc3BhY2stc3RhY2stMS42LjAtbmNvL2VudnMvbmNvLWludGVsLTE5LjEuMy4zMDQvaW5zdGFsbC9tb2R1bGVmaWxlcy9pbnRlbC8xOS4xLjMuMzA0L2FudGxyLzIuNy43Lmx1YSIsWyJmdWxsTmFtZSJdPSJhbnRsci8yLjcuNyIsWyJsb2FkT3JkZXIiXT0zMyxwcm9wVD17fSxbInJlZl9jb3VudCJdPTEsWyJzdGFja0RlcHRoIl09MixbInN0YXR1cyJdPSJhY3RpdmUiLFsidXNlck5hbWUiXT0iYW50bHIvMi43LjciLH0sYXRsYXM9e1siZm4iXT0iL2FwcHMvb3BzL3Rlc3Qvc3BhY2stc3Rh', 'HDF5_DIR': '/apps/ops/test/spack-stack-1.6.0-nco/envs/nco-intel-19.1.3.304/install/intel/19.1.3.304/hdf5-1.14.0-yckaywr', 'INTEL_LICENSE_FILE': '/pe/intel/compilers_and_libraries_2020.4.304/linux/licenses:/opt/intel/licenses:/intel/licenses', 'MPICC': 'mpicc', 'machine': 'WCOSS2', 'LMOD_ROOT': '/usr/share/lmod', 'DO_GOES': False, '_ModuleTable040_': 'Mi4xLjMiLH0sWyJweS1uZXRjZGY0Il09e1siZm4iXT0iL2FwcHMvb3BzL3Rlc3Qvc3BhY2stc3RhY2stMS42LjAtbmNvL2VudnMvbmNvLWludGVsLTE5LjEuMy4zMDQvaW5zdGFsbC9tb2R1bGVmaWxlcy9jcmF5LW1waWNoLzguMS45L2ludGVsLzE5LjEuMy4zMDQvcHktbmV0Y2RmNC8xLjUuOC5sdWEiLFsiZnVsbE5hbWUiXT0icHktbmV0Y2RmNC8xLjUuOCIsWyJsb2FkT3JkZXIiXT02NCxwcm9wVD17fSxbInN0YWNrRGVwdGgiXT0xLFsic3RhdHVzIl09ImFjdGl2ZSIsWyJ1c2VyTmFtZSJdPSJweS1uZXRjZGY0LzEuNS44Iix9LFsicHktbnVtZXhwciJdPXtbImZuIl09Ii9hcHBzL29wcy90ZXN0L3NwYWNrLXN0YWNrLTEuNi4wLW5jby9lbnZzL25jby1pbnRlbC0xOS4xLjMu', 'COM_ATMOS_MINMON_TMPL': '${ROTDIR}/${RUN}.${YMD}/${HH}/${MEMDIR}/products/atmos/minmon', 'CLUSTERS': '', '_ModuleTable022_': 'LW5jby9lbnZzL25jby1pbnRlbC0xOS4xLjMuMzA0L2luc3RhbGwvbW9kdWxlZmlsZXMvaW50ZWwvMTkuMS4zLjMwNC9saWJ4YXcvMS4wLjEzLmx1YSIsWyJmdWxsTmFtZSJdPSJsaWJ4YXcvMS4wLjEzIixbImxvYWRPcmRlciJdPTU3LHByb3BUPXt9LFsicmVmX2NvdW50Il09MSxbInN0YWNrRGVwdGgiXT0xLFsic3RhdHVzIl09ImFjdGl2ZSIsWyJ1c2VyTmFtZSJdPSJsaWJ4YXcvMS4wLjEzIix9LGxpYnhjcnlwdD17WyJmbiJdPSIvYXBwcy9vcHMvdGVzdC9zcGFjay1zdGFjay0xLjYuMC1uY28vZW52cy9uY28taW50ZWwtMTkuMS4zLjMwNC9pbnN0YWxsL21vZHVsZWZpbGVzL2ludGVsLzE5LjEuMy4zMDQvbGlieGNyeXB0LzQuNC4zNS5sdWEiLFsiZnVsbE5hbWUiXT0ibGli', '_ModuleTable050_': 'dGVsLzE5LjEuMy4zMDQvcHktc2l4LzEuMTYuMC5sdWEiLFsiZnVsbE5hbWUiXT0icHktc2l4LzEuMTYuMCIsWyJsb2FkT3JkZXIiXT03NSxwcm9wVD17fSxbInJlZl9jb3VudCJdPTEsWyJzdGFja0RlcHRoIl09MyxbInN0YXR1cyJdPSJhY3RpdmUiLFsidXNlck5hbWUiXT0icHktc2l4LzEuMTYuMCIsfSxbInB5LXhhcnJheSJdPXtbImZuIl09Ii9hcHBzL29wcy90ZXN0L3NwYWNrLXN0YWNrLTEuNi4wLW5jby9lbnZzL25jby1pbnRlbC0xOS4xLjMuMzA0L2luc3RhbGwvbW9kdWxlZmlsZXMvaW50ZWwvMTkuMS4zLjMwNC9weS14YXJyYXkvMjAyMy43LjAubHVhIixbImZ1bGxOYW1lIl09InB5LXhhcnJheS8yMDIzLjcuMCIsWyJsb2FkT3JkZXIiXT03MCxwcm9wVD17fSxbInN0', 'FROM_HEADER': '', 'CRAY_MPICH_ROOTDIR': '/opt/cray/pe/mpich/8.1.9', 'openblas_ROOT': '/apps/ops/test/spack-stack-1.6.0-nco/envs/nco-intel-19.1.3.304/install/intel/19.1.3.304/openblas-0.3.24-7qwu32e', '_ModuleTable013_': 'bXBpY2gvOC4xLjkvaW50ZWwvMTkuMS4zLjMwNC9lc21mLzguNS4wLmx1YSIsWyJmdWxsTmFtZSJdPSJlc21mLzguNS4wIixbImxvYWRPcmRlciJdPTQ3LHByb3BUPXt9LFsic3RhY2tEZXB0aCJdPTEsWyJzdGF0dXMiXT0iYWN0aXZlIixbInVzZXJOYW1lIl09ImVzbWYvOC41LjAiLH0sZmNraXQ9e1siZm4iXT0iL2FwcHMvb3BzL3Rlc3Qvc3BhY2stc3RhY2stMS42LjAtbmNvL2VudnMvbmNvLWludGVsLTE5LjEuMy4zMDQvaW5zdGFsbC9tb2R1bGVmaWxlcy9jcmF5LW1waWNoLzguMS45L2ludGVsLzE5LjEuMy4zMDQvZmNraXQvMC4xMS4wLmx1YSIsWyJmdWxsTmFtZSJdPSJmY2tpdC8wLjExLjAiLFsibG9hZE9yZGVyIl09NDUscHJvcFQ9e30sWyJyZWZfY291bnQiXT0xLFsi', 'PBS_O_QUEUE': 'devmax', '_ModuleTable036_': 'LjAuMTQiLFsiZnVsbE5hbWUiXT0icHJvZF91dGlsLzIuMC4xNCIsWyJsb2FkT3JkZXIiXT02MSxwcm9wVD17fSxbInN0YWNrRGVwdGgiXT0xLFsic3RhdHVzIl09ImFjdGl2ZSIsWyJ1c2VyTmFtZSJdPSJwcm9kX3V0aWwvMi4wLjE0Iix9LFsicHktYm90dGxlbmVjayJdPXtbImZuIl09Ii9hcHBzL29wcy90ZXN0L3NwYWNrLXN0YWNrLTEuNi4wLW5jby9lbnZzL25jby1pbnRlbC0xOS4xLjMuMzA0L2luc3RhbGwvbW9kdWxlZmlsZXMvaW50ZWwvMTkuMS4zLjMwNC9weS1ib3R0bGVuZWNrLzEuMy43Lmx1YSIsWyJmdWxsTmFtZSJdPSJweS1ib3R0bGVuZWNrLzEuMy43IixbImxvYWRPcmRlciJdPTczLHByb3BUPXt9LFsicmVmX2NvdW50Il09MSxbInN0YWNrRGVwdGgiXT0yLFsi', 'ILPOST': 1, 'MAIL': '/var/spool/mail/emc.global', 'parallel_netcdf_ROOT': '/apps/ops/test/spack-stack-1.6.0-nco/envs/nco-intel-19.1.3.304/install/intel/19.1.3.304/parallel-netcdf-1.12.2-77j7vnx', 'netcdf_cxx4_ROOT': '/apps/ops/test/spack-stack-1.6.0-nco/envs/nco-intel-19.1.3.304/install/intel/19.1.3.304/netcdf-cxx4-4.3.1-lp7tiyf', 'PE_INTEL_FIXED_PKGCONFIG_PATH': '/opt/cray/pe/mpich/8.1.9/ofi/intel/19.0/lib/pkgconfig', 'NTHREADS_ANLSTAT': 1, 'CXX': 'CC', '_ModuleTable027_': 'Y28vZW52cy9uY28taW50ZWwtMTkuMS4zLjMwNC9pbnN0YWxsL21vZHVsZWZpbGVzL2NyYXktbXBpY2gvOC4xLjkvaW50ZWwvMTkuMS4zLjMwNC9uY28vNS4wLjYubHVhIixbImZ1bGxOYW1lIl09Im5jby81LjAuNiIsWyJsb2FkT3JkZXIiXT0zNSxwcm9wVD17fSxbInN0YWNrRGVwdGgiXT0xLFsic3RhdHVzIl09ImFjdGl2ZSIsWyJ1c2VyTmFtZSJdPSJuY28vNS4wLjYiLH0sbmN2aWV3PXtbImZuIl09Ii9hcHBzL29wcy90ZXN0L3NwYWNrLXN0YWNrLTEuNi4wLW5jby9lbnZzL25jby1pbnRlbC0xOS4xLjMuMzA0L2luc3RhbGwvbW9kdWxlZmlsZXMvY3JheS1tcGljaC84LjEuOS9pbnRlbC8xOS4xLjMuMzA0L25jdmlldy8yLjEuOS5sdWEiLFsiZnVsbE5hbWUiXT0ibmN2aWV3', 'DO_GENESIS': True, 'COM_ATMOS_IMAGERY_TMPL': '${ROTDIR}/${RUN}.${YMD}/${HH}/${MEMDIR}/products/atmos/imagery', 'LMOD_FAMILY_METACOMPILER': 'stack-intel', 'FHMIN_GFS': 0, '_ModuleTable016_': 'b2FkT3JkZXIiXT0yMSxwcm9wVD17fSxbInJlZl9jb3VudCJdPTEsWyJzdGFja0RlcHRoIl09MSxbInN0YXR1cyJdPSJhY3RpdmUiLFsidXNlck5hbWUiXT0iZ2V0dGV4dC8wLjE5LjciLH0sZ2l0PXtbImZuIl09Ii9hcHBzL29wcy90ZXN0L3NwYWNrLXN0YWNrLTEuNi4wLW5jby9lbnZzL25jby1pbnRlbC0xOS4xLjMuMzA0L2luc3RhbGwvbW9kdWxlZmlsZXMvaW50ZWwvMTkuMS4zLjMwNC9naXQvMi4zNS4zLmx1YSIsWyJmdWxsTmFtZSJdPSJnaXQvMi4zNS4zIixbImxvYWRPcmRlciJdPTI1LHByb3BUPXt9LFsic3RhY2tEZXB0aCJdPTEsWyJzdGF0dXMiXT0iYWN0aXZlIixbInVzZXJOYW1lIl09ImdpdC8yLjM1LjMiLH0sWyJnaXQtbGZzIl09e1siZm4iXT0iL2FwcHMvcHJv', 'binary_diag': False, 'ntiles': 6, 'DO_MERGENSST': False, 'LESSKEY': '/etc/lesskey.bin', '__LMOD_REF_COUNT_PE_MPICH_GENCOMPILERS_INTEL': '19.0:1', 'YAML_LIB': '/apps/ops/test/spack-stack-1.6.0-nco/envs/nco-intel-19.1.3.304/install/intel/19.1.3.304/libyaml-0.2.5-ygjrdvo/lib', '_ModuleTable009_': 'Ii9vcHQvY3JheS9wZS9sbW9kL21vZHVsZWZpbGVzL2NyYXlwZS10YXJnZXRzL2RlZmF1bHQvY3JheXBlLXg4Ni1yb21lLmx1YSIsWyJmdWxsTmFtZSJdPSJjcmF5cGUteDg2LXJvbWUiLFsibG9hZE9yZGVyIl09MSxwcm9wVD17fSxbInN0YWNrRGVwdGgiXT0xLFsic3RhdHVzIl09ImFjdGl2ZSIsWyJ1c2VyTmFtZSJdPSJjcmF5cGUteDg2LXJvbWUiLH0sY3VybD17WyJmbiJdPSIvYXBwcy9vcHMvdGVzdC9zcGFjay1zdGFjay0xLjYuMC1uY28vZW52cy9uY28taW50ZWwtMTkuMS4zLjMwNC9pbnN0YWxsL21vZHVsZWZpbGVzL2ludGVsLzE5LjEuMy4zMDQvY3VybC84LjQuMC5sdWEiLFsiZnVsbE5hbWUiXT0iY3VybC84LjQuMCIsWyJsb2FkT3JkZXIiXT0yMyxwcm9wVD17fSxb', 'SHELL': '/bin/bash', 'DUMP_SUFFIX': '', 'CRAY_MPICH_VER': '8.1.9', 'FIXgsi': '/lfs/h2/emc/global/noscrub/emc.global/RETRO_GFSv17/git/global-workflow/develop_20250602/fix/gsi', 'LMOD_ADMIN_FILE': '/apps/prod/lmodules/admin.list', 'OCNRES': 25, 'COMROOT': '/lfs/h2/emc/ptmp/emc.global/RETRO_GFSv17/comroot', 'FIXgdas': '/lfs/h2/emc/global/noscrub/emc.global/RETRO_GFSv17/git/global-workflow/develop_20250602/fix/gdas', 'LMOD_CUSTOM_COMPILER_GNU_8_0_UCX_1_0_PREFIX': '/apps/prod/lmodules/gcc/11.2.0:/apps/prod/lmodules/gcc/10.2.0', 'NMV': '/bin/mv', 'PE_MPICH_FIXED_PRGENV': 'INTEL', 'FIXcice': '/lfs/h2/emc/global/noscrub/emc.global/RETRO_GFSv17/git/global-workflow/develop_20250602/fix/cice', 'LMOD_CUSTOM_COMPILER_CRAYCLANG_10_0_PREFIX': '/apps/prod/lmodules/cce/13.0.0:/apps/prod/lmodules/cce/12.0.3:/apps/prod/lmodules/cce/11.0.4', 'lmod_prefix_path': '/usr/share', 'CLIENT_GLOBUS_UUID': '{{ CLIENT_GLOBUS_UUID }}', 'COMINecmwf': '/lfs/h2/emc/global/noscrub/emc.global/data/external_gempak/ecmwf', 'restart_interval_gdas': 3, 'LMOD_FAMILY_PRGENV': 'PrgEnv-intel', 'SDATE_GFS': datetime.datetime(2024, 11, 15, 12, 0), 'CASE': 'C1152', '_ModuleTable_Sz_': 64, 'APP': 'S2SW', 'DO_COUPLED': True, 'libxaw_ROOT': '/apps/ops/test/spack-stack-1.6.0-nco/envs/nco-intel-19.1.3.304/install/intel/19.1.3.304/libxaw-1.0.13-gdstphl', 'NCLEN': '/lfs/h2/emc/global/noscrub/emc.global/RETRO_GFSv17/git/global-workflow/develop_20250602/ush/getncdimlen', '__LMOD_REF_COUNT_CPATH': '/apps/ops/test/spack-stack-1.6.0-nco/envs/nco-intel-19.1.3.304/install/intel/19.1.3.304/libyaml-0.2.5-ygjrdvo/include:1;/apps/ops/test/spack-stack-1.6.0-nco/envs/nco-intel-19.1.3.304/install/intel/19.1.3.304/py-pybind11-2.11.1-wdb6paz/include:1;/apps/ops/test/spack-stack-1.6.0-nco/envs/nco-intel-19.1.3.304/install/intel/19.1.3.304/netcdf-cxx4-4.3.1-lp7tiyf/include:1;/apps/ops/test/spack-stack-1.6.0-nco/envs/nco-intel-19.1.3.304/install/intel/19.1.3.304/udunits-2.2.28-wmjzel4/include:1;/apps/ops/test/spack-stack-1.6.0-nco/envs/nco-intel-19.1.3.304/install/intel/19.1.3.304/libxaw-1.0.13-gdstphl/include:1;/apps/ops/test/spack-stack-1.6.0-nco/envs/nco-intel-19.1.3.304/install/intel/19.1.3.304/libxpm-3.5.12-dcjsyoi/include:1;/apps/ops/test/spack-stack-1.6.0-nco/envs/nco-intel-19.1.3.304/install/intel/19.1.3.304/libxmu-1.1.4-xhe6hjc/include:1;/apps/ops/test/spack-stack-1.6.0-nco/envs/nco-intel-19.1.3.304/install/intel/19.1.3.304/libxt-1.1.5-r2mrglu/include:1;/apps/ops/test/spack-stack-1.6.0-nco/envs/nco-intel-19.1.3.304/install/intel/19.1.3.304/libpng-1.6.37-3sds4er/include:1;/apps/ops/test/spack-stack-1.6.0-nco/envs/nco-intel-19.1.3.304/install/intel/19.1.3.304/libjpeg-turbo-2.1.0-rt44pqr/include:1;/apps/ops/test/spack-stack-1.6.0-nco/envs/nco-intel-19.1.3.304/install/intel/19.1.3.304/gsl-lite-0.37.0-7zi7wss/include:1;/apps/ops/test/spack-stack-1.6.0-nco/envs/nco-intel-19.1.3.304/install/intel/19.1.3.304/ecmwf-atlas-0.35.0-42ufhdx/include:1;/apps/ops/test/spack-stack-1.6.0-nco/envs/nco-intel-19.1.3.304/install/intel/19.1.3.304/qhull-2020.2-5ycwudw/include:1;/apps/ops/test/spack-stack-1.6.0-nco/envs/nco-intel-19.1.3.304/install/intel/19.1.3.304/esmf-8.5.0-7huplmy/include:1;/apps/ops/test/spack-stack-1.6.0-nco/envs/nco-intel-19.1.3.304/install/intel/19.1.3.304/fckit-0.11.0-7qg4hhj/include:1;/apps/ops/test/spack-stack-1.6.0-nco/envs/nco-intel-19.1.3.304/install/intel/19.1.3.304/fftw-3.3.10-sefnta3/include:1;/apps/ops/test/spack-stack-1.6.0-nco/envs/nco-intel-19.1.3.304/install/intel/19.1.3.304/eckit-1.24.5-isrgc5y/include:1;/apps/ops/test/spack-stack-1.6.0-nco/envs/nco-intel-19.1.3.304/install/intel/19.1.3.304/openblas-0.3.24-7qwu32e/include:1;/apps/ops/test/spack-stack-1.6.0-nco/envs/nco-intel-19.1.3.304/install/intel/19.1.3.304/eigen-3.4.0-7qdffiv/include/eigen3:1;/apps/ops/test/spack-stack-1.6.0-nco/envs/nco-intel-19.1.3.304/install/intel/19.1.3.304/eigen-3.4.0-7qdffiv/include:1;/apps/ops/test/spack-stack-1.6.0-nco/envs/nco-intel-19.1.3.304/install/intel/19.1.3.304/openjpeg-2.5.0-ulqgnem/include:1;/apps/ops/test/spack-stack-1.6.0-nco/envs/nco-intel-19.1.3.304/install/intel/19.1.3.304/bufr-12.0.1-tirva7g/include:1;/apps/ops/test/spack-stack-1.6.0-nco/envs/nco-intel-19.1.3.304/install/intel/19.1.3.304/boost-1.83.0-nqtmt7k/include:1;/apps/ops/test/spack-stack-1.6.0-nco/envs/nco-intel-19.1.3.304/install/intel/19.1.3.304/parallelio-2.5.10-3rkk43u/include:1;/apps/ops/test/spack-stack-1.6.0-nco/envs/nco-intel-19.1.3.304/install/intel/19.1.3.304/gsl-2.7.1-kr3c4v5/include:1;/apps/ops/test/spack-stack-1.6.0-nco/envs/nco-intel-19.1.3.304/install/intel/19.1.3.304/antlr-2.7.7-hoqq24u/include:1;/apps/ops/test/spack-stack-1.6.0-nco/envs/nco-intel-19.1.3.304/install/intel/19.1.3.304/netcdf-fortran-4.6.1-b4geqvx/include:1;/apps/ops/test/spack-stack-1.6.0-nco/envs/nco-intel-19.1.3.304/install/intel/19.1.3.304/netcdf-c-4.9.2-bcln2jr/include:1;/apps/ops/test/spack-stack-1.6.0-nco/envs/nco-intel-19.1.3.304/install/intel/19.1.3.304/parallel-netcdf-1.12.2-77j7vnx/include:1;/apps/ops/test/spack-stack-1.6.0-nco/envs/nco-intel-19.1.3.304/install/intel/19.1.3.304/hdf5-1.14.0-yckaywr/include:1;/apps/ops/test/spack-stack-1.6.0-nco/envs/nco-intel-19.1.3.304/install/intel/19.1.3.304/zlib-1.2.13-yoc3h4p/include:1;/apps/ops/test/spack-stack-1.6.0-nco/envs/nco-intel-19.1.3.304/install/intel/19.1.3.304/curl-8.4.0-zr7lvkw/include:1;/apps/ops/test/spack-stack-1.6.0-nco/envs/nco-intel-19.1.3.304/install/intel/19.1.3.304/pcre2-10.42-utn3zxn/include:1;/apps/ops/test/spack-stack-1.6.0-nco/envs/nco-intel-19.1.3.304/install/intel/19.1.3.304/gettext-0.19.7-2fi4wu4/include:1;/apps/ops/test/spack-stack-1.6.0-nco/envs/nco-intel-19.1.3.304/install/intel/19.1.3.304/zstd-1.5.2-pe6gdyf/include:1;/apps/ops/test/spack-stack-1.6.0-nco/envs/nco-intel-19.1.3.304/install/intel/19.1.3.304/python-3.10.13-qzt4y2i/include:1;/apps/ops/test/spack-stack-1.6.0-nco/envs/nco-intel-19.1.3.304/install/intel/19.1.3.304/util-linux-uuid-2.38.1-jwatqmi/include:1;/apps/ops/test/spack-stack-1.6.0-nco/envs/nco-intel-19.1.3.304/install/intel/19.1.3.304/sqlite-3.43.2-onahail/include:1;/apps/ops/test/spack-stack-1.6.0-nco/envs/nco-intel-19.1.3.304/install/intel/19.1.3.304/libxcrypt-4.4.35-soueqga/include:1;/pe/intel/compilers_and_libraries_2020.4.304/linux/ipp/include:1;/pe/intel/compilers_and_libraries_2020.4.304/linux/mkl/include:1;/pe/intel/compilers_and_libraries_2020.4.304/linux/pstl/include:1;/pe/intel/compilers_and_libraries_2020.4.304/linux/pstl/stdlib:1;/pe/intel/compilers_and_libraries_2020.4.304/linux/tbb/include:2', 'COM_ICE_INPUT_TMPL': '${ROTDIR}/${RUN}.${YMD}/${HH}/${MEMDIR}/model/ice/input', 'DO_TEST_MODE': False, 'XCURSOR_THEME': 'DMZ', 'ecbuild_ROOT': '/apps/ops/test/spack-stack-1.6.0-nco/envs/nco-intel-19.1.3.304/install/intel/19.1.3.304/ecbuild-3.7.2-ovbazu2', 'COM_OCEAN_GRIB_GRID_TMPL': '${ROTDIR}/${RUN}.${YMD}/${HH}/${MEMDIR}/products/ocean/grib2/${GRID}', 'walltime': '00:30:00', 'l4densvar': True, 'pgm': '', '_ModuleTable055_': 'Q29yZS9zdGFjay1pbnRlbC8xOS4xLjMuMzA0Lmx1YSIsWyJmdWxsTmFtZSJdPSJzdGFjay1pbnRlbC8xOS4xLjMuMzA0IixbImxvYWRPcmRlciJdPTUscHJvcFQ9e30sWyJzdGFja0RlcHRoIl09MSxbInN0YXR1cyJdPSJhY3RpdmUiLFsidXNlck5hbWUiXT0ic3RhY2staW50ZWwvMTkuMS4zLjMwNCIsfSxbInN0YWNrLXB5dGhvbiJdPXtbImZuIl09Ii9hcHBzL29wcy90ZXN0L3NwYWNrLXN0YWNrLTEuNi4wLW5jby9lbnZzL25jby1pbnRlbC0xOS4xLjMuMzA0L2luc3RhbGwvbW9kdWxlZmlsZXMvaW50ZWwvMTkuMS4zLjMwNC9zdGFjay1weXRob24vMy4xMC4xMy5sdWEiLFsiZnVsbE5hbWUiXT0ic3RhY2stcHl0aG9uLzMuMTAuMTMiLFsibG9hZE9yZGVyIl09MTQscHJvcFQ9', 'LMOD_FAMILY_COMPILER': 'intel', 'COM_WAVE_GRID_TMPL': '${ROTDIR}/${RUN}.${YMD}/${HH}/${MEMDIR}/products/wave/gridded', '_ModuleTable018_': 'aXZlIixbInVzZXJOYW1lIl09ImdzbC8yLjcuMSIsfSxbImdzbC1saXRlIl09e1siZm4iXT0iL2FwcHMvb3BzL3Rlc3Qvc3BhY2stc3RhY2stMS42LjAtbmNvL2VudnMvbmNvLWludGVsLTE5LjEuMy4zMDQvaW5zdGFsbC9tb2R1bGVmaWxlcy9pbnRlbC8xOS4xLjMuMzA0L2dzbC1saXRlLzAuMzcuMC5sdWEiLFsiZnVsbE5hbWUiXT0iZ3NsLWxpdGUvMC4zNy4wIixbImxvYWRPcmRlciJdPTUxLHByb3BUPXt9LFsic3RhY2tEZXB0aCJdPTEsWyJzdGF0dXMiXT0iYWN0aXZlIixbInVzZXJOYW1lIl09ImdzbC1saXRlLzAuMzcuMCIsfSxoZGY1PXtbImZuIl09Ii9hcHBzL29wcy90ZXN0L3NwYWNrLXN0YWNrLTEuNi4wLW5jby9lbnZzL25jby1pbnRlbC0xOS4xLjMuMzA0L2luc3Rh', 'netcdf_fortran_ROOT': '/apps/ops/test/spack-stack-1.6.0-nco/envs/nco-intel-19.1.3.304/install/intel/19.1.3.304/netcdf-fortran-4.6.1-b4geqvx', 'PDYm6': datetime.datetime(2024, 11, 18, 0, 0), 'PDYm7': datetime.datetime(2024, 11, 17, 0, 0), 'COMIN_ATMOS_ANALYSIS': '/lfs/h2/emc/ptmp/emc.global/RETRO_GFSv17/comroot/retrotestgfs10/gdas.20241124/18//analysis/atmos', 'DO_CA': True, 'PDYm4': datetime.datetime(2024, 11, 20, 0, 0), 'PDYm5': datetime.datetime(2024, 11, 19, 0, 0), 'XLOCALEDIR': '/apps/ops/test/spack-stack-1.6.0-nco/envs/nco-intel-19.1.3.304/install/intel/19.1.3.304/libx11-1.8.4-hhwdypx/share/X11/locale', 'PDYm2': datetime.datetime(2024, 11, 22, 0, 0), 'PDYm3': datetime.datetime(2024, 11, 21, 0, 0), 'PDYm1': datetime.datetime(2024, 11, 23, 0, 0), 'LMOD_FAMILY_METAPYTHON_VERSION': '3.10.13', 'LMOD_CUSTOM_CNCM_CRAYCLANG_10_0_OFI_1_0_X86_ROME_1_0_CRAY_MPICH_8_0_PREFIX': '/apps/prod/lmodules/CCE_cray_mpich/11.0.4/cray-mpich/8.1.4', 'SP_LIB8': '/apps/ops/test/spack-stack-1.6.0-nco/envs/nco-intel-19.1.3.304/install/intel/19.1.3.304/sp-2.5.0-rhcyr64/lib64/libsp_8.a', 'TMOUT': 1800, 'py_f90nml_ROOT': '/apps/ops/test/spack-stack-1.6.0-nco/envs/nco-intel-19.1.3.304/install/intel/19.1.3.304/py-f90nml-1.4.3-rizmifn', 'MAKE_NSSTBUFR': False, 'PYTHON_VERSION': 3.1, 'COM_OCEAN_INPUT_TMPL': '${ROTDIR}/${RUN}.${YMD}/${HH}/${MEMDIR}/model/ocean/input', 'SP_LIB4': '/apps/ops/test/spack-stack-1.6.0-nco/envs/nco-intel-19.1.3.304/install/intel/19.1.3.304/sp-2.5.0-rhcyr64/lib64/libsp_4.a', 'DATAROOT': '/lfs/h2/emc/stmp/emc.global/RUNDIRS/retrotestgfs10/gdas.2024112418', 'APRUN_ANLSTAT': 'mpiexec -l -n 20', 'JEDIEXE': '/lfs/h2/emc/global/noscrub/emc.global/RETRO_GFSv17/git/global-workflow/develop_20250602/sorc/gdas.cd/build/bin/ioda-stats.x', 'DO_OCN': True, '_ModuleTable035_': 'dXNlck5hbWUiXT0icGlnei8yLjciLH0sWyJwa2ctY29uZmlnIl09e1siZm4iXT0iL2FwcHMvb3BzL3Rlc3Qvc3BhY2stc3RhY2stMS42LjAtbmNvL2VudnMvbmNvLWludGVsLTE5LjEuMy4zMDQvaW5zdGFsbC9tb2R1bGVmaWxlcy9pbnRlbC8xOS4xLjMuMzA0L3BrZy1jb25maWcvMC4yOS4yLmx1YSIsWyJmdWxsTmFtZSJdPSJwa2ctY29uZmlnLzAuMjkuMiIsWyJsb2FkT3JkZXIiXT0yNyxwcm9wVD17fSxbInJlZl9jb3VudCJdPTEsWyJzdGFja0RlcHRoIl09MSxbInN0YXR1cyJdPSJhY3RpdmUiLFsidXNlck5hbWUiXT0icGtnLWNvbmZpZy8wLjI5LjIiLH0scHJvZF91dGlsPXtbImZuIl09Ii9hcHBzL29wcy9wcm9kL25jby9tb2R1bGVmaWxlcy9jb3JlL3Byb2RfdXRpbC8y', 'FIXaer': '/lfs/h2/emc/global/noscrub/emc.global/RETRO_GFSv17/git/global-workflow/develop_20250602/fix/aer', 'gsl_lite_ROOT': '/apps/ops/test/spack-stack-1.6.0-nco/envs/nco-intel-19.1.3.304/install/intel/19.1.3.304/gsl-lite-0.37.0-7zi7wss', 'DO_GEMPAK': False, 'PYTHONSTARTUP': '/etc/pythonstart', 'COMIN_OCEAN_ANALYSIS': '/lfs/h2/emc/ptmp/emc.global/RETRO_GFSv17/comroot/retrotestgfs10/gdas.20241124/18//analysis/ocean', 'FHMAX_HF_WAV': 120, 'SHLVL': 4, 'LANGUAGE': 'en_US.UTF-8', 'PALS_PING_PERIOD': 0, 'libyaml_ROOT': '/apps/ops/test/spack-stack-1.6.0-nco/envs/nco-intel-19.1.3.304/install/intel/19.1.3.304/libyaml-0.2.5-ygjrdvo', 'ENKF_SPREAD': True, 'PBS_O_HOST': 'dlogin06', 'ARCHCOM_TO': 'hpss', 'HOMEgfs': '/lfs/h2/emc/global/noscrub/emc.global/RETRO_GFSv17/git/global-workflow/develop_20250602', 'DEBUG_POSTSCRIPT': False, 'G_FILENAME_ENCODING': ['@locale', 'UTF-8', 'ISO-8859-15', 'CP1252'], 'PYTHONPATH': '/apps/ops/test/spack-stack-1.6.0-nco/envs/nco-intel-19.1.3.304/install/intel/19.1.3.304/py-packaging-23.1-2qpd5mc/lib/python3.10/site-packages:/apps/ops/test/spack-stack-1.6.0-nco/envs/nco-intel-19.1.3.304/install/intel/19.1.3.304/py-cftime-1.0.3.4-dka7hny/lib/python3.10/site-packages:/apps/ops/test/spack-stack-1.6.0-nco/envs/nco-intel-19.1.3.304/install/intel/19.1.3.304/py-numpy-1.24.4-yosem2k/lib/python3.10/site-packages:/apps/ops/test/spack-stack-1.6.0-nco/envs/nco-intel-19.1.3.304/install/intel/19.1.3.304/py-markupsafe-2.1.3-45ywjnp/lib/python3.10/site-packages:/apps/ops/test/spack-stack-1.6.0-nco/envs/nco-intel-19.1.3.304/install/intel/19.1.3.304/py-pandas-1.5.3-u3wc7uc/lib/python3.10/site-packages:/apps/ops/test/spack-stack-1.6.0-nco/envs/nco-intel-19.1.3.304/install/intel/19.1.3.304/py-pytz-2023.3-yebggst/lib/python3.10/site-packages:/apps/ops/test/spack-stack-1.6.0-nco/envs/nco-intel-19.1.3.304/install/intel/19.1.3.304/py-python-dateutil-2.8.2-mes6fwe/lib/python3.10/site-packages:/apps/ops/test/spack-stack-1.6.0-nco/envs/nco-intel-19.1.3.304/install/intel/19.1.3.304/py-six-1.16.0-u4sv6sb/lib/python3.10/site-packages:/apps/ops/test/spack-stack-1.6.0-nco/envs/nco-intel-19.1.3.304/install/intel/19.1.3.304/py-numexpr-2.8.4-2rtg4mi/lib/python3.10/site-packages:/apps/ops/test/spack-stack-1.6.0-nco/envs/nco-intel-19.1.3.304/install/intel/19.1.3.304/py-bottleneck-1.3.7-oolvw5k/lib/python3.10/site-packages:/apps/ops/test/spack-stack-1.6.0-nco/envs/nco-intel-19.1.3.304/install/intel/19.1.3.304/py-pip-23.1.2-ohrscnx/lib/python3.10/site-packages:/apps/ops/test/spack-stack-1.6.0-nco/envs/nco-intel-19.1.3.304/install/intel/19.1.3.304/py-f90nml-1.4.3-rizmifn/lib/python3.10/site-packages:/apps/ops/test/spack-stack-1.6.0-nco/envs/nco-intel-19.1.3.304/install/intel/19.1.3.304/py-xarray-2023.7.0-jj7syqa/lib/python3.10/site-packages:/apps/ops/test/spack-stack-1.6.0-nco/envs/nco-intel-19.1.3.304/install/intel/19.1.3.304/py-scipy-1.10.1-236sa7x/lib/python3.10/site-packages:/apps/ops/test/spack-stack-1.6.0-nco/envs/nco-intel-19.1.3.304/install/intel/19.1.3.304/py-pyyaml-5.4.1-afvmuaf/lib/python3.10/site-packages:/apps/ops/test/spack-stack-1.6.0-nco/envs/nco-intel-19.1.3.304/install/intel/19.1.3.304/py-pycodestyle-2.11.0-bh2jlm5/lib/python3.10/site-packages:/apps/ops/test/spack-stack-1.6.0-nco/envs/nco-intel-19.1.3.304/install/intel/19.1.3.304/py-pybind11-2.11.1-wdb6paz/lib/python3.10/site-packages:/apps/ops/test/spack-stack-1.6.0-nco/envs/nco-intel-19.1.3.304/install/intel/19.1.3.304/py-netcdf4-1.5.8-6kubnk6/lib/python3.10/site-packages:/apps/ops/test/spack-stack-1.6.0-nco/envs/nco-intel-19.1.3.304/install/intel/19.1.3.304/py-jinja2-3.1.2-vbbttij/lib/python3.10/site-packages:/apps/ops/test/spack-stack-1.6.0-nco/envs/nco-intel-19.1.3.304/install/intel/19.1.3.304/py-setuptools-63.4.3-rg7efar/lib/python3.10/site-packages:/apps/ops/prod/nco/core/prod_util.v2.0.14/ush:/apps/ops/test/spack-stack-1.6.0-nco/envs/nco-intel-19.1.3.304/install/intel/19.1.3.304/bufr-12.0.1-tirva7g/lib64/python3.10/site-packages:/apps/ops/test/spack-stack-1.6.0-nco/envs/nco-intel-19.1.3.304/install/intel/19.1.3.304/bufr-12.0.1-tirva7g/lib/python3.10/site-packages:/lfs/h2/emc/global/noscrub/emc.global/RETRO_GFSv17/git/global-workflow/develop_20250602/ush:/lfs/h2/emc/global/noscrub/emc.global/RETRO_GFSv17/git/global-workflow/develop_20250602/ush/python::/lfs/h2/emc/global/noscrub/emc.global/RETRO_GFSv17/git/global-workflow/develop_20250602/sorc/gdas.cd/build/lib/python3.10/', 'MPIF77': 'mpif77', 'LMOD_CUSTOM_COMPILER_INTEL_19_0_UCX_1_0_PREFIX': '/apps/prod/lmodules/intel/19.1.3.304:/apps/ops/prod/libs/modulefiles/compiler/intel/19.1.3.304:/apps/ops/prod/nco/modulefiles/compiler/intel/19.1.3.304', 'HPC_OPT': '/apps/ops/prod/libs', 'ACLOCAL_PATH': '/apps/ops/test/spack-stack-1.6.0-nco/envs/nco-intel-19.1.3.304/install/intel/19.1.3.304/gsl-2.7.1-kr3c4v5/share/aclocal:/usr/share/aclocal:/apps/ops/test/spack-stack-1.6.0-nco/envs/nco-intel-19.1.3.304/install/intel/19.1.3.304/curl-8.4.0-zr7lvkw/share/aclocal:/apps/ops/test/spack-stack-1.6.0-nco/envs/nco-intel-19.1.3.304/install/intel/19.1.3.304/gettext-0.19.7-2fi4wu4/share/aclocal:/apps/ops/test/spack-stack-1.6.0-nco/envs/nco-intel-19.1.3.304/install/intel/19.1.3.304/cmake-3.23.1-chpcsen/share/aclocal', 'PBS_O_SYSTEM': 'Linux', 'netcdf_diag': True, 'DO_WAVE': True, 'MANPATH': '/apps/ops/test/spack-stack-1.6.0-nco/envs/nco-intel-19.1.3.304/install/intel/19.1.3.304/libxaw-1.0.13-gdstphl/share/man:/apps/ops/test/spack-stack-1.6.0-nco/envs/nco-intel-19.1.3.304/install/intel/19.1.3.304/libxpm-3.5.12-dcjsyoi/share/man:/apps/ops/test/spack-stack-1.6.0-nco/envs/nco-intel-19.1.3.304/install/intel/19.1.3.304/libxt-1.1.5-r2mrglu/share/man:/apps/ops/test/spack-stack-1.6.0-nco/envs/nco-intel-19.1.3.304/install/intel/19.1.3.304/libpng-1.6.37-3sds4er/share/man:/apps/ops/test/spack-stack-1.6.0-nco/envs/nco-intel-19.1.3.304/install/intel/19.1.3.304/libjpeg-turbo-2.1.0-rt44pqr/share/man:/apps/ops/test/spack-stack-1.6.0-nco/envs/nco-intel-19.1.3.304/install/intel/19.1.3.304/qhull-2020.2-5ycwudw/share/man:/apps/ops/test/spack-stack-1.6.0-nco/envs/nco-intel-19.1.3.304/install/intel/19.1.3.304/fftw-3.3.10-sefnta3/share/man:/apps/ops/test/spack-stack-1.6.0-nco/envs/nco-intel-19.1.3.304/install/intel/19.1.3.304/nco-5.0.6-6ykwuoz/share/man:/apps/ops/test/spack-stack-1.6.0-nco/envs/nco-intel-19.1.3.304/install/intel/19.1.3.304/gsl-2.7.1-kr3c4v5/share/man:/apps/ops/test/spack-stack-1.6.0-nco/envs/nco-intel-19.1.3.304/install/intel/19.1.3.304/netcdf-fortran-4.6.1-b4geqvx/share/man:/apps/ops/test/spack-stack-1.6.0-nco/envs/nco-intel-19.1.3.304/install/intel/19.1.3.304/netcdf-c-4.9.2-bcln2jr/share/man:/apps/ops/test/spack-stack-1.6.0-nco/envs/nco-intel-19.1.3.304/install/intel/19.1.3.304/parallel-netcdf-1.12.2-77j7vnx/share/man:/usr/share/man:/apps/ops/test/spack-stack-1.6.0-nco/envs/nco-intel-19.1.3.304/install/intel/19.1.3.304/zlib-1.2.13-yoc3h4p/share/man:/apps/ops/test/spack-stack-1.6.0-nco/envs/nco-intel-19.1.3.304/install/intel/19.1.3.304/curl-8.4.0-zr7lvkw/share/man:/apps/ops/test/spack-stack-1.6.0-nco/envs/nco-intel-19.1.3.304/install/intel/19.1.3.304/pcre2-10.42-utn3zxn/share/man:/apps/ops/test/spack-stack-1.6.0-nco/envs/nco-intel-19.1.3.304/install/intel/19.1.3.304/gettext-0.19.7-2fi4wu4/share/man:/apps/ops/test/spack-stack-1.6.0-nco/envs/nco-intel-19.1.3.304/install/intel/19.1.3.304/tar-1.34-e7e3lq2/share/man:/apps/ops/test/spack-stack-1.6.0-nco/envs/nco-intel-19.1.3.304/install/intel/19.1.3.304/zstd-1.5.2-pe6gdyf/share/man:/apps/ops/test/spack-stack-1.6.0-nco/envs/nco-intel-19.1.3.304/install/intel/19.1.3.304/pigz-2.7-p2s5ywz/man:/opt/cray/pals/1.3.2/man:/opt/cray/pe/craype/2.7.17/man:/apps/ops/test/spack-stack-1.6.0-nco/envs/nco-intel-19.1.3.304/install/intel/19.1.3.304/python-3.10.13-qzt4y2i/share/man:/apps/ops/test/spack-stack-1.6.0-nco/envs/nco-intel-19.1.3.304/install/intel/19.1.3.304/util-linux-uuid-2.38.1-jwatqmi/share/man:/apps/ops/test/spack-stack-1.6.0-nco/envs/nco-intel-19.1.3.304/install/intel/19.1.3.304/sqlite-3.43.2-onahail/share/man:/apps/ops/test/spack-stack-1.6.0-nco/envs/nco-intel-19.1.3.304/install/intel/19.1.3.304/libxcrypt-4.4.35-soueqga/share/man:/opt/cray/pe/mpich/8.1.9/ofi/man:/opt/cray/pe/mpich/8.1.9/man/mpich:/opt/cray/share/man:/pe/intel/man/common:/pe/intel/compilers_and_libraries_2020.4.304/linux/mpi/man:/pe/intel/documentation_2020/en/debugger/gdb-ia/man:/usr/share/lmod/lmod/share/man:/opt/c3/man:/opt/pbs/share/man::', 'COMIN_AERO_ANALYSIS': '/lfs/h2/emc/ptmp/emc.global/RETRO_GFSv17/comroot/retrotestgfs10/gdas.20241124/18//analysis/chem', '__LMOD_REF_COUNT_CLASSPATH': '/pe/intel/compilers_and_libraries_2020.4.304/linux/mpi/intel64/lib/mpi.jar:1', 'NET': 'gfs', 'INTEL_PATH': '/pe/intel/compilers_and_libraries_2020.4.304', 'LMOD_FAMILY_METAMPI': 'stack-cray-mpich', 'CASE_ENS': 'C384', 'SP_LIBd': '/apps/ops/test/spack-stack-1.6.0-nco/envs/nco-intel-19.1.3.304/install/intel/19.1.3.304/sp-2.5.0-rhcyr64/lib64/libsp_d.a', 'DO_PREP_OBS_AERO': False, '_ModuleTable028_': 'LzIuMS45IixbImxvYWRPcmRlciJdPTU5LHByb3BUPXt9LFsic3RhY2tEZXB0aCJdPTEsWyJzdGF0dXMiXT0iYWN0aXZlIixbInVzZXJOYW1lIl09Im5jdmlldy8yLjEuOSIsfSxbIm5ldGNkZi1jIl09e1siZm4iXT0iL2FwcHMvb3BzL3Rlc3Qvc3BhY2stc3RhY2stMS42LjAtbmNvL2VudnMvbmNvLWludGVsLTE5LjEuMy4zMDQvaW5zdGFsbC9tb2R1bGVmaWxlcy9jcmF5LW1waWNoLzguMS45L2ludGVsLzE5LjEuMy4zMDQvbmV0Y2RmLWMvNC45LjIubHVhIixbImZ1bGxOYW1lIl09Im5ldGNkZi1jLzQuOS4yIixbImxvYWRPcmRlciJdPTMwLHByb3BUPXt9LFsicmVmX2NvdW50Il09OSxbInN0YWNrRGVwdGgiXT0xLFsic3RhdHVzIl09ImFjdGl2ZSIsWyJ1c2VyTmFtZSJdPSJu', 'INTEL_VERSION': '19.1.3.304', 'MPICH_DIR': '/opt/cray/pe/mpich/8.1.9/ofi/intel/19.0', 'OSCAR_HOME': '/opt/oscar', 'STAT_BASE_CONFIG_YAML': '/lfs/h2/emc/global/noscrub/emc.global/RETRO_GFSv17/git/global-workflow/develop_20250602/parm/gdas/stat_base_config.yaml.j2', 'INCVARS_EFOLD': 5, '_ModuleTable038_': 'Ni4wLW5jby9lbnZzL25jby1pbnRlbC0xOS4xLjMuMzA0L2luc3RhbGwvbW9kdWxlZmlsZXMvaW50ZWwvMTkuMS4zLjMwNC9weS1mOTBubWwvMS40LjMubHVhIixbImZ1bGxOYW1lIl09InB5LWY5MG5tbC8xLjQuMyIsWyJsb2FkT3JkZXIiXT03MSxwcm9wVD17fSxbInN0YWNrRGVwdGgiXT0xLFsic3RhdHVzIl09ImFjdGl2ZSIsWyJ1c2VyTmFtZSJdPSJweS1mOTBubWwvMS40LjMiLH0sWyJweS1qaW5qYTIiXT17WyJmbiJdPSIvYXBwcy9vcHMvdGVzdC9zcGFjay1zdGFjay0xLjYuMC1uY28vZW52cy9uY28taW50ZWwtMTkuMS4zLjMwNC9pbnN0YWxsL21vZHVsZWZpbGVzL2ludGVsLzE5LjEuMy4zMDQvcHktamluamEyLzMuMS4yLmx1YSIsWyJmdWxsTmFtZSJdPSJweS1qaW5q', 'PBS_O_LOGNAME': 'emc.global', 'DOHYBVAR_OCN': True, 'COM_ICE_GRIB_GRID_TMPL': '${ROTDIR}/${RUN}.${YMD}/${HH}/${MEMDIR}/products/ice/grib2/${GRID}', 'FHMAX_WAV_GFS': 384, 'pigz_ROOT': '/apps/ops/test/spack-stack-1.6.0-nco/envs/nco-intel-19.1.3.304/install/intel/19.1.3.304/pigz-2.7-p2s5ywz', 'CLUSTERS_DTN': '', 'PBS_NODENUM': 0, 'MODULEPATH': '/apps/ops/test/spack-stack-1.6.0-nco/envs/nco-intel-19.1.3.304/install/modulefiles/cray-mpich/8.1.9/intel/19.1.3.304:/apps/ops/prod/libs/modulefiles/mpi/intel/19.1.3.304/cray-mpich/8.1.4:/apps/prod/lmodules/INTEL_cray_mpich/19.1.3.304/cray-mpich/8.1.4:/opt/cray/pe/lmod/modulefiles/mpi/intel/19.0/ofi/1.0/cray-mpich/8.0:/opt/cray/pe/lmod/modulefiles/comnet/intel/19.0/ofi/1.0:/opt/cray/pe/lmod/modulefiles/net/ofi/1.0:/apps/ops/test/spack-stack-1.6.0-nco/envs/nco-intel-19.1.3.304/install/modulefiles/intel/19.1.3.304:/apps/ops/prod/nco/modulefiles/compiler/intel/19.1.3.304:/apps/ops/prod/libs/modulefiles/compiler/intel/19.1.3.304:/apps/prod/lmodules/intel/19.1.3.304:/apps/prod/lmodules/compiler/intel/19.0:/apps/ops/test/spack-stack-1.6.0-nco/envs/nco-intel-19.1.3.304/install/modulefiles/Core:/lfs/h2/emc/global/noscrub/emc.global/RETRO_GFSv17/git/global-workflow/develop_20250602/sorc/gdas.cd/modulefiles:/opt/cray/pe/lmod/modulefiles/cpu/x86-rome/1.0:/usr/share/modules:/usr/share/Modules/$MODULE_VERSION/modulefiles:/usr/share/modules/modulefiles:/usr/share/modulefiles/Linux:/usr/share/modulefiles/Core:/usr/share/lmod/lmod/modulefiles/Core:/opt/cray/pe/lmod/modulefiles/core:/opt/cray/pe/lmod/modulefiles/craype-targets/default:/apps/prod/lmodules/sys_core:/apps/ops/prod/nco/modulefiles/core:/apps/prod/lmodules/core:/opt/cray/modulefiles', 'PBS_JOBDIR': '/u/emc.global', 'CRAY_MPICH_DIR': '/opt/cray/pe/mpich/8.1.9/ofi/intel/19.0', 'restart_interval_gfs': 12, 'LMOD_TMOD_FIND_FIRST': True, 'COM_ATMOS_INPUT_TMPL': '${ROTDIR}/${RUN}.${YMD}/${HH}/${MEMDIR}/model/atmos/input', 'LMOD_FAMILY_CRAYPE': 'craype', 'LOGNAME': 'emc.global', 'FSYNC': '/apps/ops/prod/nco/core/prod_util.v2.0.14/exec/fsync_file', '__LMOD_REF_COUNT_XLOCALEDIR': '/apps/ops/test/spack-stack-1.6.0-nco/envs/nco-intel-19.1.3.304/install/intel/19.1.3.304/libx11-1.8.4-hhwdypx/share/X11/locale:4', 'COM_MED_RESTART_TMPL': '${ROTDIR}/${RUN}.${YMD}/${HH}/${MEMDIR}/model/med/restart', '__LMOD_REF_COUNT_LMOD_CUSTOM_PATHS': 'CNCM/apps/ops/prod/libs/modulefiles/mpi/intel/19.1.3.304/cray-mpich/8.1.4:1;CNCM/apps/prod/lmodules/INTEL_cray_mpich/19.1.3.304/cray-mpich/8.1.4:1;COMPILER/apps/ops/prod/nco/modulefiles/compiler/intel/19.1.3.304:1;COMPILER/apps/ops/prod/libs/modulefiles/compiler/intel/19.1.3.304:1;COMPILER/apps/prod/lmodules/intel/19.1.3.304:1', 'DO_CALC_INCREMENT': False, 'CRAY_MPICH_VERSION': '8.1.9', 'COM_ATMOS_OZNMON_TMPL': '${ROTDIR}/${RUN}.${YMD}/${HH}/${MEMDIR}/products/atmos/oznmon', 'COM_ATMOS_WMO_TMPL': '${ROTDIR}/${RUN}.${YMD}/${HH}/${MEMDIR}/products/atmos/wmo', 'eigen_ROOT': '/apps/ops/test/spack-stack-1.6.0-nco/envs/nco-intel-19.1.3.304/install/intel/19.1.3.304/eigen-3.4.0-7qdffiv', 'MODULE_VERSION_STACK': '3.2.10', 'MKLROOT': '/pe/intel/compilers_and_libraries_2020.4.304/linux/mkl', 'MODE': 'cycled', 'NOSCRUB': '/lfs/h2/emc/global/noscrub/emc.global', 'err': 0, 'FIXgfs': '/lfs/h2/emc/global/noscrub/emc.global/RETRO_GFSv17/git/global-workflow/develop_20250602/fix', 'MODULEPATH_ROOT': '/usr/share/modulefiles', 'LMOD_PACKAGE_PATH': '/apps/prod/lmodules', 'FHOUT_GOES': 3, '__LMOD_REF_COUNT_PE_INTEL_FIXED_PKGCONFIG_PATH': '/opt/cray/pe/mpich/8.1.9/ofi/intel/19.0/lib/pkgconfig:1', 'USHgfs': '/lfs/h2/emc/global/noscrub/emc.global/RETRO_GFSv17/git/global-workflow/develop_20250602/ush', 'FHOUT_HF_GFS': 1, 'SENDECF': False, 'PE_MPICH_GTL_LIBS_amd_gfx906': '-lmpi_gtl_hsa', 'COM_OCEAN_GRIB_TMPL': '${ROTDIR}/${RUN}.${YMD}/${HH}/${MEMDIR}/products/ocean/grib2', 'COM_OCEAN_ANLMON_TMPL': '${ROTDIR}/${RUN}.${YMD}/${HH}/${MEMDIR}/products/ocean/anlmon', 'py_pytz_ROOT': '/apps/ops/test/spack-stack-1.6.0-nco/envs/nco-intel-19.1.3.304/install/intel/19.1.3.304/py-pytz-2023.3-yebggst', 'PSTLROOT': '/pe/intel/compilers_and_libraries_2020.4.304/linux/pstl', 'SP_INC4': 'include_4', 'gettext_ROOT': '/apps/ops/test/spack-stack-1.6.0-nco/envs/nco-intel-19.1.3.304/install/intel/19.1.3.304/gettext-0.19.7-2fi4wu4', 'PARTITION_DTN': '', '_ModuleTable025_': 'ZXMvaW50ZWwvMTkuMS4zLjMwNC9saWJ4dC8xLjEuNS5sdWEiLFsiZnVsbE5hbWUiXT0ibGlieHQvMS4xLjUiLFsibG9hZE9yZGVyIl09NTQscHJvcFQ9e30sWyJyZWZfY291bnQiXT0yLFsic3RhY2tEZXB0aCJdPTEsWyJzdGF0dXMiXT0iYWN0aXZlIixbInVzZXJOYW1lIl09ImxpYnh0LzEuMS41Iix9LGxpYnlhbWw9e1siZm4iXT0iL2FwcHMvb3BzL3Rlc3Qvc3BhY2stc3RhY2stMS42LjAtbmNvL2VudnMvbmNvLWludGVsLTE5LjEuMy4zMDQvaW5zdGFsbC9tb2R1bGVmaWxlcy9pbnRlbC8xOS4xLjMuMzA0L2xpYnlhbWwvMC4yLjUubHVhIixbImZ1bGxOYW1lIl09ImxpYnlhbWwvMC4yLjUiLFsibG9hZE9yZGVyIl09NjcscHJvcFQ9e30sWyJyZWZfY291bnQiXT0xLFsic3Rh', 'py_setuptools_ROOT': '/apps/ops/test/spack-stack-1.6.0-nco/envs/nco-intel-19.1.3.304/install/intel/19.1.3.304/py-setuptools-63.4.3-rg7efar', 'DO_JEDIATMENS': False, 'SP_INC8': 'include_8', 'KEEPDATA': False, 'XDG_CONFIG_DIRS': '/etc/xdg', 'MAKE_ACFTBUFR': False, '_ModuleTable059_': 'XT0iYWN0aXZlIixbInVzZXJOYW1lIl09InpsaWIvMS4yLjEzIix9LHpzdGQ9e1siZm4iXT0iL2FwcHMvb3BzL3Rlc3Qvc3BhY2stc3RhY2stMS42LjAtbmNvL2VudnMvbmNvLWludGVsLTE5LjEuMy4zMDQvaW5zdGFsbC9tb2R1bGVmaWxlcy9pbnRlbC8xOS4xLjMuMzA0L3pzdGQvMS41LjIubHVhIixbImZ1bGxOYW1lIl09InpzdGQvMS41LjIiLFsibG9hZE9yZGVyIl09MTkscHJvcFQ9e30sWyJyZWZfY291bnQiXT0yLFsic3RhY2tEZXB0aCJdPTMsWyJzdGF0dXMiXT0iYWN0aXZlIixbInVzZXJOYW1lIl09InpzdGQvMS41LjIiLH0sfSxtcGF0aEE9eyIvYXBwcy9vcHMvdGVzdC9zcGFjay1zdGFjay0xLjYuMC1uY28vZW52cy9uY28taW50ZWwtMTkuMS4zLjMwNC9pbnN0YWxs', 'PATH': '/apps/ops/test/spack-stack-1.6.0-nco/envs/nco-intel-19.1.3.304/install/intel/19.1.3.304/py-numpy-1.24.4-yosem2k/bin:/apps/ops/test/spack-stack-1.6.0-nco/envs/nco-intel-19.1.3.304/install/intel/19.1.3.304/py-pip-23.1.2-ohrscnx/bin:/apps/ops/test/spack-stack-1.6.0-nco/envs/nco-intel-19.1.3.304/install/intel/19.1.3.304/py-f90nml-1.4.3-rizmifn/bin:/apps/ops/test/spack-stack-1.6.0-nco/envs/nco-intel-19.1.3.304/install/intel/19.1.3.304/py-pycodestyle-2.11.0-bh2jlm5/bin:/apps/ops/test/spack-stack-1.6.0-nco/envs/nco-intel-19.1.3.304/install/intel/19.1.3.304/py-pybind11-2.11.1-wdb6paz/bin:/apps/ops/test/spack-stack-1.6.0-nco/envs/nco-intel-19.1.3.304/install/intel/19.1.3.304/py-netcdf4-1.5.8-6kubnk6/bin:/apps/ops/prod/nco/core/prod_util.v2.0.14/ush:/apps/ops/test/spack-stack-1.6.0-nco/envs/nco-intel-19.1.3.304/install/intel/19.1.3.304/netcdf-cxx4-4.3.1-lp7tiyf/bin:/apps/ops/test/spack-stack-1.6.0-nco/envs/nco-intel-19.1.3.304/install/intel/19.1.3.304/ncview-2.1.9-rv4j23b/bin:/apps/ops/test/spack-stack-1.6.0-nco/envs/nco-intel-19.1.3.304/install/intel/19.1.3.304/udunits-2.2.28-wmjzel4/bin:/apps/ops/test/spack-stack-1.6.0-nco/envs/nco-intel-19.1.3.304/install/intel/19.1.3.304/libxpm-3.5.12-dcjsyoi/bin:/apps/ops/test/spack-stack-1.6.0-nco/envs/nco-intel-19.1.3.304/install/intel/19.1.3.304/libpng-1.6.37-3sds4er/bin:/apps/ops/test/spack-stack-1.6.0-nco/envs/nco-intel-19.1.3.304/install/intel/19.1.3.304/libjpeg-turbo-2.1.0-rt44pqr/bin:/apps/ops/test/spack-stack-1.6.0-nco/envs/nco-intel-19.1.3.304/install/intel/19.1.3.304/ecmwf-atlas-0.35.0-42ufhdx/bin:/apps/ops/test/spack-stack-1.6.0-nco/envs/nco-intel-19.1.3.304/install/intel/19.1.3.304/qhull-2020.2-5ycwudw/bin:/apps/ops/test/spack-stack-1.6.0-nco/envs/nco-intel-19.1.3.304/install/intel/19.1.3.304/esmf-8.5.0-7huplmy/bin:/apps/ops/test/spack-stack-1.6.0-nco/envs/nco-intel-19.1.3.304/install/intel/19.1.3.304/fckit-0.11.0-7qg4hhj/bin:/apps/ops/test/spack-stack-1.6.0-nco/envs/nco-intel-19.1.3.304/install/intel/19.1.3.304/fftw-3.3.10-sefnta3/bin:/apps/ops/test/spack-stack-1.6.0-nco/envs/nco-intel-19.1.3.304/install/intel/19.1.3.304/eckit-1.24.5-isrgc5y/bin:/apps/ops/test/spack-stack-1.6.0-nco/envs/nco-intel-19.1.3.304/install/intel/19.1.3.304/openblas-0.3.24-7qwu32e/bin:/apps/ops/test/spack-stack-1.6.0-nco/envs/nco-intel-19.1.3.304/install/intel/19.1.3.304/ecbuild-3.7.2-ovbazu2/bin:/apps/ops/test/spack-stack-1.6.0-nco/envs/nco-intel-19.1.3.304/install/intel/19.1.3.304/bufr-12.0.1-tirva7g/bin:/apps/ops/test/spack-stack-1.6.0-nco/envs/nco-intel-19.1.3.304/install/intel/19.1.3.304/nco-5.0.6-6ykwuoz/bin:/apps/ops/test/spack-stack-1.6.0-nco/envs/nco-intel-19.1.3.304/install/intel/19.1.3.304/gsl-2.7.1-kr3c4v5/bin:/apps/ops/test/spack-stack-1.6.0-nco/envs/nco-intel-19.1.3.304/install/intel/19.1.3.304/antlr-2.7.7-hoqq24u/bin:/apps/ops/test/spack-stack-1.6.0-nco/envs/nco-intel-19.1.3.304/install/intel/19.1.3.304/netcdf-fortran-4.6.1-b4geqvx/bin:/apps/ops/test/spack-stack-1.6.0-nco/envs/nco-intel-19.1.3.304/install/intel/19.1.3.304/nccmp-1.9.0.1-dnptqlr/bin:/apps/ops/test/spack-stack-1.6.0-nco/envs/nco-intel-19.1.3.304/install/intel/19.1.3.304/netcdf-c-4.9.2-bcln2jr/bin:/apps/ops/test/spack-stack-1.6.0-nco/envs/nco-intel-19.1.3.304/install/intel/19.1.3.304/parallel-netcdf-1.12.2-77j7vnx/bin:/apps/ops/test/spack-stack-1.6.0-nco/envs/nco-intel-19.1.3.304/install/intel/19.1.3.304/hdf5-1.14.0-yckaywr/bin:/apps/spack/git-lfs/2.11.0/gcc/11.2.0/m6b6nl5kfqngfteqbggydc7kflxere3s/bin:/apps/ops/test/spack-stack-1.6.0-nco/envs/nco-intel-19.1.3.304/install/intel/19.1.3.304/curl-8.4.0-zr7lvkw/bin:/apps/ops/test/spack-stack-1.6.0-nco/envs/nco-intel-19.1.3.304/install/intel/19.1.3.304/pcre2-10.42-utn3zxn/bin:/apps/ops/test/spack-stack-1.6.0-nco/envs/nco-intel-19.1.3.304/install/intel/19.1.3.304/gettext-0.19.7-2fi4wu4/bin:/apps/ops/test/spack-stack-1.6.0-nco/envs/nco-intel-19.1.3.304/install/intel/19.1.3.304/tar-1.34-e7e3lq2/bin:/apps/ops/test/spack-stack-1.6.0-nco/envs/nco-intel-19.1.3.304/install/intel/19.1.3.304/zstd-1.5.2-pe6gdyf/bin:/apps/ops/test/spack-stack-1.6.0-nco/envs/nco-intel-19.1.3.304/install/intel/19.1.3.304/pigz-2.7-p2s5ywz/bin:/apps/ops/test/spack-stack-1.6.0-nco/envs/nco-intel-19.1.3.304/install/intel/19.1.3.304/cmake-3.23.1-chpcsen/bin:/opt/cray/pals/1.3.2/bin:/opt/cray/pe/craype/2.7.17/bin:/apps/ops/test/spack-stack-1.6.0-nco/envs/nco-intel-19.1.3.304/install/intel/19.1.3.304/python-3.10.13-qzt4y2i/bin:/apps/ops/test/spack-stack-1.6.0-nco/envs/nco-intel-19.1.3.304/install/intel/19.1.3.304/util-linux-uuid-2.38.1-jwatqmi/bin:/apps/ops/test/spack-stack-1.6.0-nco/envs/nco-intel-19.1.3.304/install/intel/19.1.3.304/sqlite-3.43.2-onahail/bin:/opt/cray/bin:/pe/intel/compilers_and_libraries_2020.4.304/linux/bin/intel64:/pe/intel/compilers_and_libraries_2020.4.304/linux/bin:/pe/intel/compilers_and_libraries_2020.4.304/linux/mpi/intel64/bin:/pe/intel/debugger_2020/gdb/intel64/bin:/u/emc.global/bin:/usr/local/bin:/usr/bin:/bin:/opt/c3/bin:/opt/pbs/bin:/sbin:.:/opt/cray/pe/bin', 'DO_TRACKER': True, 'PE_MPICH_GTL_LIBS_amd_gfx908': '-lmpi_gtl_hsa', '_ModuleTable014_': 'c3RhY2tEZXB0aCJdPTEsWyJzdGF0dXMiXT0iYWN0aXZlIixbInVzZXJOYW1lIl09ImZja2l0LzAuMTEuMCIsfSxmZnR3PXtbImZuIl09Ii9hcHBzL29wcy90ZXN0L3NwYWNrLXN0YWNrLTEuNi4wLW5jby9lbnZzL25jby1pbnRlbC0xOS4xLjMuMzA0L2luc3RhbGwvbW9kdWxlZmlsZXMvY3JheS1tcGljaC84LjEuOS9pbnRlbC8xOS4xLjMuMzA0L2ZmdHcvMy4zLjEwLmx1YSIsWyJmdWxsTmFtZSJdPSJmZnR3LzMuMy4xMCIsWyJsb2FkT3JkZXIiXT00NCxwcm9wVD17fSxbInN0YWNrRGVwdGgiXT0xLFsic3RhdHVzIl09ImFjdGl2ZSIsWyJ1c2VyTmFtZSJdPSJmZnR3LzMuMy4xMCIsfSxmbXM9e1siZm4iXT0iL2FwcHMvb3BzL3Rlc3Qvc3BhY2stc3RhY2stMS42LjAtbmNvL2Vu', 'TBBROOT': '/pe/intel/compilers_and_libraries_2020.4.304/linux/tbb', '__LMOD_REF_COUNT_PE_PRODUCT_LIST': 'CRAYPE:1;CRAYPE_X86_ROME:1', '_LMFILES_': '/opt/cray/pe/lmod/modulefiles/craype-targets/default/craype-x86-rome.lua:/apps/prod/lmodules/sys_core/envvar/1.0:/opt/cray/pe/lmod/modulefiles/core/PrgEnv-intel/8.3.3.lua:/apps/prod/lmodules/core/intel/19.1.3.304.lua:/apps/ops/test/spack-stack-1.6.0-nco/envs/nco-intel-19.1.3.304/install/modulefiles/Core/stack-intel/19.1.3.304.lua:/opt/cray/modulefiles/libfabric/1.20.1:/opt/cray/pe/lmod/modulefiles/craype-targets/default/craype-network-ofi.lua:/opt/cray/pe/lmod/modulefiles/comnet/intel/19.0/ofi/1.0/cray-mpich/8.1.9.lua:/apps/ops/test/spack-stack-1.6.0-nco/envs/nco-intel-19.1.3.304/install/modulefiles/intel/19.1.3.304/stack-cray-mpich/8.1.9.lua:/apps/ops/test/spack-stack-1.6.0-nco/envs/nco-intel-19.1.3.304/install/modulefiles/intel/19.1.3.304/libxcrypt/4.4.35.lua:/apps/ops/test/spack-stack-1.6.0-nco/envs/nco-intel-19.1.3.304/install/modulefiles/intel/19.1.3.304/sqlite/3.43.2.lua:/apps/ops/test/spack-stack-1.6.0-nco/envs/nco-intel-19.1.3.304/install/modulefiles/intel/19.1.3.304/util-linux-uuid/2.38.1.lua:/apps/ops/test/spack-stack-1.6.0-nco/envs/nco-intel-19.1.3.304/install/modulefiles/intel/19.1.3.304/python/3.10.13.lua:/apps/ops/test/spack-stack-1.6.0-nco/envs/nco-intel-19.1.3.304/install/modulefiles/intel/19.1.3.304/stack-python/3.10.13.lua:/opt/cray/pe/lmod/modulefiles/core/craype/2.7.17.lua:/opt/cray/pe/lmod/modulefiles/core/cray-pals/1.3.2.lua:/apps/ops/test/spack-stack-1.6.0-nco/envs/nco-intel-19.1.3.304/install/modulefiles/intel/19.1.3.304/cmake/3.23.1.lua:/apps/ops/test/spack-stack-1.6.0-nco/envs/nco-intel-19.1.3.304/install/modulefiles/intel/19.1.3.304/pigz/2.7.lua:/apps/ops/test/spack-stack-1.6.0-nco/envs/nco-intel-19.1.3.304/install/modulefiles/intel/19.1.3.304/zstd/1.5.2.lua:/apps/ops/test/spack-stack-1.6.0-nco/envs/nco-intel-19.1.3.304/install/modulefiles/intel/19.1.3.304/tar/1.34.lua:/apps/ops/test/spack-stack-1.6.0-nco/envs/nco-intel-19.1.3.304/install/modulefiles/intel/19.1.3.304/gettext/0.19.7.lua:/apps/ops/test/spack-stack-1.6.0-nco/envs/nco-intel-19.1.3.304/install/modulefiles/intel/19.1.3.304/pcre2/10.42.lua:/apps/ops/test/spack-stack-1.6.0-nco/envs/nco-intel-19.1.3.304/install/modulefiles/intel/19.1.3.304/curl/8.4.0.lua:/apps/ops/test/spack-stack-1.6.0-nco/envs/nco-intel-19.1.3.304/install/modulefiles/intel/19.1.3.304/zlib/1.2.13.lua:/apps/ops/test/spack-stack-1.6.0-nco/envs/nco-intel-19.1.3.304/install/modulefiles/intel/19.1.3.304/git/2.35.3.lua:/apps/prod/lmodules/core/git-lfs/2.11.0:/apps/ops/test/spack-stack-1.6.0-nco/envs/nco-intel-19.1.3.304/install/modulefiles/intel/19.1.3.304/pkg-config/0.29.2.lua:/apps/ops/test/spack-stack-1.6.0-nco/envs/nco-intel-19.1.3.304/install/modulefiles/cray-mpich/8.1.9/intel/19.1.3.304/hdf5/1.14.0.lua:/apps/ops/test/spack-stack-1.6.0-nco/envs/nco-intel-19.1.3.304/install/modulefiles/cray-mpich/8.1.9/intel/19.1.3.304/parallel-netcdf/1.12.2.lua:/apps/ops/test/spack-stack-1.6.0-nco/envs/nco-intel-19.1.3.304/install/modulefiles/cray-mpich/8.1.9/intel/19.1.3.304/netcdf-c/4.9.2.lua:/apps/ops/test/spack-stack-1.6.0-nco/envs/nco-intel-19.1.3.304/install/modulefiles/cray-mpich/8.1.9/intel/19.1.3.304/nccmp/1.9.0.1.lua:/apps/ops/test/spack-stack-1.6.0-nco/envs/nco-intel-19.1.3.304/install/modulefiles/cray-mpich/8.1.9/intel/19.1.3.304/netcdf-fortran/4.6.1.lua:/apps/ops/test/spack-stack-1.6.0-nco/envs/nco-intel-19.1.3.304/install/modulefiles/intel/19.1.3.304/antlr/2.7.7.lua:/apps/ops/test/spack-stack-1.6.0-nco/envs/nco-intel-19.1.3.304/install/modulefiles/intel/19.1.3.304/gsl/2.7.1.lua:/apps/ops/test/spack-stack-1.6.0-nco/envs/nco-intel-19.1.3.304/install/modulefiles/cray-mpich/8.1.9/intel/19.1.3.304/nco/5.0.6.lua:/apps/ops/test/spack-stack-1.6.0-nco/envs/nco-intel-19.1.3.304/install/modulefiles/cray-mpich/8.1.9/intel/19.1.3.304/parallelio/2.5.10.lua:/apps/ops/test/spack-stack-1.6.0-nco/envs/nco-intel-19.1.3.304/install/modulefiles/intel/19.1.3.304/boost/1.83.0.lua:/apps/ops/test/spack-stack-1.6.0-nco/envs/nco-intel-19.1.3.304/install/modulefiles/intel/19.1.3.304/bufr/12.0.1.lua:/apps/ops/test/spack-stack-1.6.0-nco/envs/nco-intel-19.1.3.304/install/modulefiles/intel/19.1.3.304/ecbuild/3.7.2.lua:/apps/ops/test/spack-stack-1.6.0-nco/envs/nco-intel-19.1.3.304/install/modulefiles/intel/19.1.3.304/openjpeg/2.5.0.lua:/apps/ops/test/spack-stack-1.6.0-nco/envs/nco-intel-19.1.3.304/install/modulefiles/intel/19.1.3.304/eigen/3.4.0.lua:/apps/ops/test/spack-stack-1.6.0-nco/envs/nco-intel-19.1.3.304/install/modulefiles/intel/19.1.3.304/openblas/0.3.24.lua:/apps/ops/test/spack-stack-1.6.0-nco/envs/nco-intel-19.1.3.304/install/modulefiles/cray-mpich/8.1.9/intel/19.1.3.304/eckit/1.24.5.lua:/apps/ops/test/spack-stack-1.6.0-nco/envs/nco-intel-19.1.3.304/install/modulefiles/cray-mpich/8.1.9/intel/19.1.3.304/fftw/3.3.10.lua:/apps/ops/test/spack-stack-1.6.0-nco/envs/nco-intel-19.1.3.304/install/modulefiles/cray-mpich/8.1.9/intel/19.1.3.304/fckit/0.11.0.lua:/apps/ops/test/spack-stack-1.6.0-nco/envs/nco-intel-19.1.3.304/install/modulefiles/cray-mpich/8.1.9/intel/19.1.3.304/fms/2023.04.lua:/apps/ops/test/spack-stack-1.6.0-nco/envs/nco-intel-19.1.3.304/install/modulefiles/cray-mpich/8.1.9/intel/19.1.3.304/esmf/8.5.0.lua:/apps/ops/test/spack-stack-1.6.0-nco/envs/nco-intel-19.1.3.304/install/modulefiles/intel/19.1.3.304/qhull/2020.2.lua:/apps/ops/test/spack-stack-1.6.0-nco/envs/nco-intel-19.1.3.304/install/modulefiles/cray-mpich/8.1.9/intel/19.1.3.304/atlas/0.35.0.lua:/apps/ops/test/spack-stack-1.6.0-nco/envs/nco-intel-19.1.3.304/install/modulefiles/intel/19.1.3.304/sp/2.5.0.lua:/apps/ops/test/spack-stack-1.6.0-nco/envs/nco-intel-19.1.3.304/install/modulefiles/intel/19.1.3.304/gsl-lite/0.37.0.lua:/apps/ops/test/spack-stack-1.6.0-nco/envs/nco-intel-19.1.3.304/install/modulefiles/intel/19.1.3.304/libjpeg/2.1.0.lua:/apps/ops/test/spack-stack-1.6.0-nco/envs/nco-intel-19.1.3.304/install/modulefiles/intel/19.1.3.304/libpng/1.6.37.lua:/apps/ops/test/spack-stack-1.6.0-nco/envs/nco-intel-19.1.3.304/install/modulefiles/intel/19.1.3.304/libxt/1.1.5.lua:/apps/ops/test/spack-stack-1.6.0-nco/envs/nco-intel-19.1.3.304/install/modulefiles/intel/19.1.3.304/libxmu/1.1.4.lua:/apps/ops/test/spack-stack-1.6.0-nco/envs/nco-intel-19.1.3.304/install/modulefiles/intel/19.1.3.304/libxpm/3.5.12.lua:/apps/ops/test/spack-stack-1.6.0-nco/envs/nco-intel-19.1.3.304/install/modulefiles/intel/19.1.3.304/libxaw/1.0.13.lua:/apps/ops/test/spack-stack-1.6.0-nco/envs/nco-intel-19.1.3.304/install/modulefiles/intel/19.1.3.304/udunits/2.2.28.lua:/apps/ops/test/spack-stack-1.6.0-nco/envs/nco-intel-19.1.3.304/install/modulefiles/cray-mpich/8.1.9/intel/19.1.3.304/ncview/2.1.9.lua:/apps/ops/test/spack-stack-1.6.0-nco/envs/nco-intel-19.1.3.304/install/modulefiles/cray-mpich/8.1.9/intel/19.1.3.304/netcdf-cxx4/4.3.1.lua:/apps/ops/prod/nco/modulefiles/core/prod_util/2.0.14:/apps/ops/test/spack-stack-1.6.0-nco/envs/nco-intel-19.1.3.304/install/modulefiles/intel/19.1.3.304/py-setuptools/63.4.3.lua:/apps/ops/test/spack-stack-1.6.0-nco/envs/nco-intel-19.1.3.304/install/modulefiles/intel/19.1.3.304/py-jinja2/3.1.2.lua:/apps/ops/test/spack-stack-1.6.0-nco/envs/nco-intel-19.1.3.304/install/modulefiles/cray-mpich/8.1.9/intel/19.1.3.304/py-netcdf4/1.5.8.lua:/apps/ops/test/spack-stack-1.6.0-nco/envs/nco-intel-19.1.3.304/install/modulefiles/intel/19.1.3.304/py-pybind11/2.11.1.lua:/apps/ops/test/spack-stack-1.6.0-nco/envs/nco-intel-19.1.3.304/install/modulefiles/intel/19.1.3.304/py-pycodestyle/2.11.0.lua:/apps/ops/test/spack-stack-1.6.0-nco/envs/nco-intel-19.1.3.304/install/modulefiles/intel/19.1.3.304/libyaml/0.2.5.lua:/apps/ops/test/spack-stack-1.6.0-nco/envs/nco-intel-19.1.3.304/install/modulefiles/intel/19.1.3.304/py-pyyaml/5.4.1.lua:/apps/ops/test/spack-stack-1.6.0-nco/envs/nco-intel-19.1.3.304/install/modulefiles/intel/19.1.3.304/py-scipy/1.10.1.lua:/apps/ops/test/spack-stack-1.6.0-nco/envs/nco-intel-19.1.3.304/install/modulefiles/intel/19.1.3.304/py-xarray/2023.7.0.lua:/apps/ops/test/spack-stack-1.6.0-nco/envs/nco-intel-19.1.3.304/install/modulefiles/intel/19.1.3.304/py-f90nml/1.4.3.lua:/apps/ops/test/spack-stack-1.6.0-nco/envs/nco-intel-19.1.3.304/install/modulefiles/intel/19.1.3.304/py-pip/23.1.2.lua:/apps/ops/test/spack-stack-1.6.0-nco/envs/nco-intel-19.1.3.304/install/modulefiles/intel/19.1.3.304/py-bottleneck/1.3.7.lua:/apps/ops/test/spack-stack-1.6.0-nco/envs/nco-intel-19.1.3.304/install/modulefiles/intel/19.1.3.304/py-numexpr/2.8.4.lua:/apps/ops/test/spack-stack-1.6.0-nco/envs/nco-intel-19.1.3.304/install/modulefiles/intel/19.1.3.304/py-six/1.16.0.lua:/apps/ops/test/spack-stack-1.6.0-nco/envs/nco-intel-19.1.3.304/install/modulefiles/intel/19.1.3.304/py-python-dateutil/2.8.2.lua:/apps/ops/test/spack-stack-1.6.0-nco/envs/nco-intel-19.1.3.304/install/modulefiles/intel/19.1.3.304/py-pytz/2023.3.lua:/apps/ops/test/spack-stack-1.6.0-nco/envs/nco-intel-19.1.3.304/install/modulefiles/intel/19.1.3.304/py-pandas/1.5.3.lua:/apps/ops/test/spack-stack-1.6.0-nco/envs/nco-intel-19.1.3.304/install/modulefiles/intel/19.1.3.304/py-markupsafe/2.1.3.lua:/apps/ops/test/spack-stack-1.6.0-nco/envs/nco-intel-19.1.3.304/install/modulefiles/intel/19.1.3.304/py-numpy/1.24.4.lua:/apps/ops/test/spack-stack-1.6.0-nco/envs/nco-intel-19.1.3.304/install/modulefiles/intel/19.1.3.304/py-cftime/1.0.3.4.lua:/apps/ops/test/spack-stack-1.6.0-nco/envs/nco-intel-19.1.3.304/install/modulefiles/intel/19.1.3.304/py-packaging/23.1.lua:/lfs/h2/emc/global/noscrub/emc.global/RETRO_GFSv17/git/global-workflow/develop_20250602/sorc/gdas.cd/modulefiles/GDAS/wcoss2.intel.lua', 'COMDATEROOT': '/lfs/h1/ops/prod/com', 'EXECgfs': '/lfs/h2/emc/global/noscrub/emc.global/RETRO_GFSv17/git/global-workflow/develop_20250602/exec', 'cycle': 't18z', 'LEVS': 128, 'pgmerr': 'errfile', 'PS4': '+ $(basename ${BASH_SOURCE[0]:-${FUNCNAME[0]:-"Unknown"}})[${LINENO}]', 'py_scipy_ROOT': '/apps/ops/test/spack-stack-1.6.0-nco/envs/nco-intel-19.1.3.304/install/intel/19.1.3.304/py-scipy-1.10.1-236sa7x', 'BASE_GIT': '/lfs/h2/emc/global/save/emc.global/git', 'PBS_QUEUE': 'devmax', 'MODULESHOME': '/usr/share/lmod/lmod', 'COM_CHEM_ANLMON_TMPL': '${ROTDIR}/${RUN}.${YMD}/${HH}/${MEMDIR}/products/chem/anlmon', 'LMOD_SETTARG_FULL_SUPPORT': False, 'PKG_CONFIG_PATH': '/apps/ops/test/spack-stack-1.6.0-nco/envs/nco-intel-19.1.3.304/install/intel/19.1.3.304/libyaml-0.2.5-ygjrdvo/lib/pkgconfig:/apps/ops/test/spack-stack-1.6.0-nco/envs/nco-intel-19.1.3.304/install/intel/19.1.3.304/py-pybind11-2.11.1-wdb6paz/share/pkgconfig:/apps/ops/test/spack-stack-1.6.0-nco/envs/nco-intel-19.1.3.304/install/intel/19.1.3.304/netcdf-cxx4-4.3.1-lp7tiyf/lib/pkgconfig:/apps/ops/test/spack-stack-1.6.0-nco/envs/nco-intel-19.1.3.304/install/intel/19.1.3.304/libxaw-1.0.13-gdstphl/lib/pkgconfig:/apps/ops/test/spack-stack-1.6.0-nco/envs/nco-intel-19.1.3.304/install/intel/19.1.3.304/libxpm-3.5.12-dcjsyoi/lib/pkgconfig:/apps/ops/test/spack-stack-1.6.0-nco/envs/nco-intel-19.1.3.304/install/intel/19.1.3.304/libxmu-1.1.4-xhe6hjc/lib/pkgconfig:/apps/ops/test/spack-stack-1.6.0-nco/envs/nco-intel-19.1.3.304/install/intel/19.1.3.304/libxt-1.1.5-r2mrglu/lib/pkgconfig:/apps/ops/test/spack-stack-1.6.0-nco/envs/nco-intel-19.1.3.304/install/intel/19.1.3.304/libpng-1.6.37-3sds4er/lib64/pkgconfig:/apps/ops/test/spack-stack-1.6.0-nco/envs/nco-intel-19.1.3.304/install/intel/19.1.3.304/libjpeg-turbo-2.1.0-rt44pqr/lib64/pkgconfig:/apps/ops/test/spack-stack-1.6.0-nco/envs/nco-intel-19.1.3.304/install/intel/19.1.3.304/ecmwf-atlas-0.35.0-42ufhdx/lib64/pkgconfig:/apps/ops/test/spack-stack-1.6.0-nco/envs/nco-intel-19.1.3.304/install/intel/19.1.3.304/qhull-2020.2-5ycwudw/lib/pkgconfig:/apps/ops/test/spack-stack-1.6.0-nco/envs/nco-intel-19.1.3.304/install/intel/19.1.3.304/fftw-3.3.10-sefnta3/lib/pkgconfig:/apps/ops/test/spack-stack-1.6.0-nco/envs/nco-intel-19.1.3.304/install/intel/19.1.3.304/eckit-1.24.5-isrgc5y/lib64/pkgconfig:/apps/ops/test/spack-stack-1.6.0-nco/envs/nco-intel-19.1.3.304/install/intel/19.1.3.304/openblas-0.3.24-7qwu32e/lib/pkgconfig:/apps/ops/test/spack-stack-1.6.0-nco/envs/nco-intel-19.1.3.304/install/intel/19.1.3.304/eigen-3.4.0-7qdffiv/share/pkgconfig:/apps/ops/test/spack-stack-1.6.0-nco/envs/nco-intel-19.1.3.304/install/intel/19.1.3.304/openjpeg-2.5.0-ulqgnem/lib/pkgconfig:/apps/ops/test/spack-stack-1.6.0-nco/envs/nco-intel-19.1.3.304/install/intel/19.1.3.304/gsl-2.7.1-kr3c4v5/lib/pkgconfig:/apps/ops/test/spack-stack-1.6.0-nco/envs/nco-intel-19.1.3.304/install/intel/19.1.3.304/netcdf-fortran-4.6.1-b4geqvx/lib/pkgconfig:/apps/ops/test/spack-stack-1.6.0-nco/envs/nco-intel-19.1.3.304/install/intel/19.1.3.304/netcdf-c-4.9.2-bcln2jr/lib/pkgconfig:/apps/ops/test/spack-stack-1.6.0-nco/envs/nco-intel-19.1.3.304/install/intel/19.1.3.304/parallel-netcdf-1.12.2-77j7vnx/lib/pkgconfig:/apps/ops/test/spack-stack-1.6.0-nco/envs/nco-intel-19.1.3.304/install/intel/19.1.3.304/hdf5-1.14.0-yckaywr/lib/pkgconfig:/usr/share/pkgconfig:/usr/lib64/pkgconfig:/usr/lib/pkgconfig:/apps/ops/test/spack-stack-1.6.0-nco/envs/nco-intel-19.1.3.304/install/intel/19.1.3.304/zlib-1.2.13-yoc3h4p/lib/pkgconfig:/apps/ops/test/spack-stack-1.6.0-nco/envs/nco-intel-19.1.3.304/install/intel/19.1.3.304/curl-8.4.0-zr7lvkw/lib/pkgconfig:/apps/ops/test/spack-stack-1.6.0-nco/envs/nco-intel-19.1.3.304/install/intel/19.1.3.304/pcre2-10.42-utn3zxn/lib/pkgconfig:/apps/ops/test/spack-stack-1.6.0-nco/envs/nco-intel-19.1.3.304/install/intel/19.1.3.304/zstd-1.5.2-pe6gdyf/lib/pkgconfig:/opt/cray/pe/craype/2.7.17/pkg-config:/apps/ops/test/spack-stack-1.6.0-nco/envs/nco-intel-19.1.3.304/install/intel/19.1.3.304/python-3.10.13-qzt4y2i/lib/pkgconfig:/apps/ops/test/spack-stack-1.6.0-nco/envs/nco-intel-19.1.3.304/install/intel/19.1.3.304/util-linux-uuid-2.38.1-jwatqmi/lib/pkgconfig:/apps/ops/test/spack-stack-1.6.0-nco/envs/nco-intel-19.1.3.304/install/intel/19.1.3.304/sqlite-3.43.2-onahail/lib/pkgconfig:/apps/ops/test/spack-stack-1.6.0-nco/envs/nco-intel-19.1.3.304/install/intel/19.1.3.304/libxcrypt-4.4.35-soueqga/lib/pkgconfig:/opt/cray/lib64/pkgconfig:/pe/intel/compilers_and_libraries_2020.4.304/linux/mkl/bin/pkgconfig', 'INFOPATH': '/pe/intel/documentation_2020/en/debugger/gdb-ia/info::/apps/docs/info', 'G_BROKEN_FILENAMES': 1, 'py_pip_ROOT': '/apps/ops/test/spack-stack-1.6.0-nco/envs/nco-intel-19.1.3.304/install/intel/19.1.3.304/py-pip-23.1.2-ohrscnx', 'FHOUT_OCN': 3, 'COM_ATMOS_GENESIS_TMPL': '${ROTDIR}/${RUN}.${YMD}/${HH}/${MEMDIR}/products/atmos/cyclone/genesis_vital', 'I_MPI_ROOT': '/pe/intel/compilers_and_libraries_2020.4.304/linux/mpi', '_ModuleTable011_': 'aW50ZWwtMTkuMS4zLjMwNC9pbnN0YWxsL21vZHVsZWZpbGVzL2NyYXktbXBpY2gvOC4xLjkvaW50ZWwvMTkuMS4zLjMwNC9lY2tpdC8xLjI0LjUubHVhIixbImZ1bGxOYW1lIl09ImVja2l0LzEuMjQuNSIsWyJsb2FkT3JkZXIiXT00Myxwcm9wVD17fSxbInJlZl9jb3VudCJdPTIsWyJzdGFja0RlcHRoIl09MSxbInN0YXR1cyJdPSJhY3RpdmUiLFsidXNlck5hbWUiXT0iZWNraXQvMS4yNC41Iix9LGVpZ2VuPXtbImZuIl09Ii9hcHBzL29wcy90ZXN0L3NwYWNrLXN0YWNrLTEuNi4wLW5jby9lbnZzL25jby1pbnRlbC0xOS4xLjMuMzA0L2luc3RhbGwvbW9kdWxlZmlsZXMvaW50ZWwvMTkuMS4zLjMwNC9laWdlbi8zLjQuMC5sdWEiLFsiZnVsbE5hbWUiXT0iZWlnZW4vMy40LjAi', 'IAUFHRS_ENKF': [3, 6, 9], '_ModuleTable030_': 'Y28taW50ZWwtMTkuMS4zLjMwNC9pbnN0YWxsL21vZHVsZWZpbGVzL2NyYXktbXBpY2gvOC4xLjkvaW50ZWwvMTkuMS4zLjMwNC9uZXRjZGYtZm9ydHJhbi80LjYuMS5sdWEiLFsiZnVsbE5hbWUiXT0ibmV0Y2RmLWZvcnRyYW4vNC42LjEiLFsibG9hZE9yZGVyIl09MzIscHJvcFQ9e30sWyJyZWZfY291bnQiXT0zLFsic3RhY2tEZXB0aCJdPTEsWyJzdGF0dXMiXT0iYWN0aXZlIixbInVzZXJOYW1lIl09Im5ldGNkZi1mb3J0cmFuLzQuNi4xIix9LG9wZW5ibGFzPXtbImZuIl09Ii9hcHBzL29wcy90ZXN0L3NwYWNrLXN0YWNrLTEuNi4wLW5jby9lbnZzL25jby1pbnRlbC0xOS4xLjMuMzA0L2luc3RhbGwvbW9kdWxlZmlsZXMvaW50ZWwvMTkuMS4zLjMwNC9vcGVuYmxhcy8wLjMu', 'SP_INCd': 'include_d', 'HISTSIZE': 10000, 'CRAYPE_DIR': '/opt/cray/pe/craype/2.7.17', '_ModuleTable063_': 'cmUiLCIvb3B0L2NyYXkvcGUvbG1vZC9tb2R1bGVmaWxlcy9jcmF5cGUtdGFyZ2V0cy9kZWZhdWx0IiwiL2FwcHMvcHJvZC9sbW9kdWxlcy9zeXNfY29yZSIsIi9hcHBzL29wcy9wcm9kL25jby9tb2R1bGVmaWxlcy9jb3JlIiwiL2FwcHMvcHJvZC9sbW9kdWxlcy9jb3JlIiwiL29wdC9jcmF5L21vZHVsZWZpbGVzIix9LFsic3lzdGVtQmFzZU1QQVRIIl09Ii91c3Ivc2hhcmUvbW9kdWxlczovdXNyL3NoYXJlL01vZHVsZXMvJE1PRFVMRV9WRVJTSU9OL21vZHVsZWZpbGVzOi91c3Ivc2hhcmUvbW9kdWxlcy9tb2R1bGVmaWxlczovdXNyL3NoYXJlL21vZHVsZWZpbGVzL0xpbnV4Oi91c3Ivc2hhcmUvbW9kdWxlZmlsZXMvQ29yZTovdXNyL3NoYXJlL2xtb2QvbG1vZC9tb2R1bGVm', 'BUFR_INC4': '/apps/ops/test/spack-stack-1.6.0-nco/envs/nco-intel-19.1.3.304/install/intel/19.1.3.304/bufr-12.0.1-tirva7g/include/bufr_4', 'INCREMENTS_TO_ZERO': ["'liq_wat_inc'", "'icmr_inc'", "'rwmr_inc'", "'snmr_inc'", "'grle_inc'"], 'LMOD_PKG': '/usr/share/lmod/lmod', '__LMOD_REF_COUNT_PE_MPICH_PKGCONFIG_LIBS': 'mpich:1', 'IAU_OFFSET': 6, 'DO_GENESIS_FSU': False, 'antlr_ROOT': '/apps/ops/test/spack-stack-1.6.0-nco/envs/nco-intel-19.1.3.304/install/intel/19.1.3.304/antlr-2.7.7-hoqq24u', 'GDASAPP_TESTDATA': '/lfs/h2/emc/da/noscrub/emc.da/GDASApp/testdata', 'fms_ROOT': '/apps/ops/test/spack-stack-1.6.0-nco/envs/nco-intel-19.1.3.304/install/intel/19.1.3.304/fms-2023.04-utbqnz3', '_ModuleTable045_': 'YWNrRGVwdGgiXT0xLFsic3RhdHVzIl09ImFjdGl2ZSIsWyJ1c2VyTmFtZSJdPSJweS1weWJpbmQxMS8yLjExLjEiLH0sWyJweS1weWNvZGVzdHlsZSJdPXtbImZuIl09Ii9hcHBzL29wcy90ZXN0L3NwYWNrLXN0YWNrLTEuNi4wLW5jby9lbnZzL25jby1pbnRlbC0xOS4xLjMuMzA0L2luc3RhbGwvbW9kdWxlZmlsZXMvaW50ZWwvMTkuMS4zLjMwNC9weS1weWNvZGVzdHlsZS8yLjExLjAubHVhIixbImZ1bGxOYW1lIl09InB5LXB5Y29kZXN0eWxlLzIuMTEuMCIsWyJsb2FkT3JkZXIiXT02Nixwcm9wVD17fSxbInN0YWNrRGVwdGgiXT0xLFsic3RhdHVzIl09ImFjdGl2ZSIsWyJ1c2VyTmFtZSJdPSJweS1weWNvZGVzdHlsZS8yLjExLjAiLH0sWyJweS1weXRob24tZGF0ZXV0aWwi', 'FHMAX_HF_GFS': 120, 'COM_WAVE_STATION_TMPL': '${ROTDIR}/${RUN}.${YMD}/${HH}/${MEMDIR}/products/wave/station', 'py_cftime_ROOT': '/apps/ops/test/spack-stack-1.6.0-nco/envs/nco-intel-19.1.3.304/install/intel/19.1.3.304/py-cftime-1.0.3.4-dka7hny', 'COMIN_OBS': '/lfs/h2/emc/ptmp/emc.global/RETRO_GFSv17/comroot/retrotestgfs10/gdas.20241124/18/obs', 'py_pybind11_ROOT': '/apps/ops/test/spack-stack-1.6.0-nco/envs/nco-intel-19.1.3.304/install/intel/19.1.3.304/py-pybind11-2.11.1-wdb6paz', 'COM_CONF_TMPL': '${ROTDIR}/${RUN}.${YMD}/${HH}/${MEMDIR}/conf', 'CPU': 'x86_64', '__LMOD_REF_COUNT_PE_PKGCONFIG_LIBS': 'mpich:1', '_ModuleTable053_': 'ImxvYWRPcmRlciJdPTUwLHByb3BUPXt9LFsic3RhY2tEZXB0aCJdPTEsWyJzdGF0dXMiXT0iYWN0aXZlIixbInVzZXJOYW1lIl09InNwLzIuNS4wIix9LHNxbGl0ZT17WyJmbiJdPSIvYXBwcy9vcHMvdGVzdC9zcGFjay1zdGFjay0xLjYuMC1uY28vZW52cy9uY28taW50ZWwtMTkuMS4zLjMwNC9pbnN0YWxsL21vZHVsZWZpbGVzL2ludGVsLzE5LjEuMy4zMDQvc3FsaXRlLzMuNDMuMi5sdWEiLFsiZnVsbE5hbWUiXT0ic3FsaXRlLzMuNDMuMiIsWyJsb2FkT3JkZXIiXT0xMSxwcm9wVD17fSxbInJlZl9jb3VudCJdPTEsWyJzdGFja0RlcHRoIl09MyxbInN0YXR1cyJdPSJhY3RpdmUiLFsidXNlck5hbWUiXT0ic3FsaXRlLzMuNDMuMiIsfSxbInN0YWNrLWNyYXktbXBpY2giXT17', 'BUFR_LIB4': '/apps/ops/test/spack-stack-1.6.0-nco/envs/nco-intel-19.1.3.304/install/intel/19.1.3.304/bufr-12.0.1-tirva7g/lib64/libbufr_4.so', 'CRAYPE_VERSION': '2.7.17', 'COM_ATMOS_TRACK_TMPL': '${ROTDIR}/${RUN}.${YMD}/${HH}/${MEMDIR}/products/atmos/cyclone/tracks', 'PTMP': '/lfs/h2/emc/ptmp/emc.global', 'FHOUT_HF_WAV': 1, 'DONST': True, 'LMOD_CMD': '/usr/share/lmod/lmod/libexec/lmod', '_ModuleTable005_': 'LzEuODMuMCIsWyJsb2FkT3JkZXIiXT0zNyxwcm9wVD17fSxbInJlZl9jb3VudCJdPTEsWyJzdGFja0RlcHRoIl09MSxbInN0YXR1cyJdPSJhY3RpdmUiLFsidXNlck5hbWUiXT0iYm9vc3QvMS44My4wIix9LGJ1ZnI9e1siZm4iXT0iL2FwcHMvb3BzL3Rlc3Qvc3BhY2stc3RhY2stMS42LjAtbmNvL2VudnMvbmNvLWludGVsLTE5LjEuMy4zMDQvaW5zdGFsbC9tb2R1bGVmaWxlcy9pbnRlbC8xOS4xLjMuMzA0L2J1ZnIvMTIuMC4xLmx1YSIsWyJmdWxsTmFtZSJdPSJidWZyLzEyLjAuMSIsWyJsb2FkT3JkZXIiXT0zOCxwcm9wVD17fSxbInN0YWNrRGVwdGgiXT0xLFsic3RhdHVzIl09ImFjdGl2ZSIsWyJ1c2VyTmFtZSJdPSJidWZyLzEyLjAuMSIsfSxjbWFrZT17WyJmbiJdPSIv', 'CI_PTMP': '/lfs/h2/emc/ptmp/emc.global', 'STMP': '/lfs/h2/emc/stmp/emc.global', 'CRAY_MPICH_PREFIX': '/opt/cray/pe/mpich/8.1.9/ofi/intel/19.0', 'python_ROOT': '/apps/ops/test/spack-stack-1.6.0-nco/envs/nco-intel-19.1.3.304/install/intel/19.1.3.304/python-3.10.13-qzt4y2i', 'CHGRP_RSTPROD': True, 'DBNROOT': '/apps/ops/prod/nco/core/prod_util.v2.0.14/fakedbn', 'CVS_RSH': 'ssh', '_ModuleTable042_': 'bG9hZE9yZGVyIl09ODAscHJvcFQ9e30sWyJyZWZfY291bnQiXT0xLFsic3RhY2tEZXB0aCJdPTIsWyJzdGF0dXMiXT0iYWN0aXZlIixbInVzZXJOYW1lIl09InB5LW51bXB5LzEuMjQuNCIsfSxbInB5LXBhY2thZ2luZyJdPXtbImZuIl09Ii9hcHBzL29wcy90ZXN0L3NwYWNrLXN0YWNrLTEuNi4wLW5jby9lbnZzL25jby1pbnRlbC0xOS4xLjMuMzA0L2luc3RhbGwvbW9kdWxlZmlsZXMvaW50ZWwvMTkuMS4zLjMwNC9weS1wYWNrYWdpbmcvMjMuMS5sdWEiLFsiZnVsbE5hbWUiXT0icHktcGFja2FnaW5nLzIzLjEiLFsibG9hZE9yZGVyIl09ODIscHJvcFQ9e30sWyJzdGFja0RlcHRoIl09MSxbInN0YXR1cyJdPSJhY3RpdmUiLFsidXNlck5hbWUiXT0icHktcGFja2FnaW5nLzIz', 'PBS_O_MAIL': '/var/spool/mail/emc.global', 'OMP_NUM_THREADS': 1, 'LESSOPEN': 'lessopen.sh %s', '_ModuleTable020_': 'MzA0Iix9LGxpYmZhYnJpYz17WyJmbiJdPSIvb3B0L2NyYXkvbW9kdWxlZmlsZXMvbGliZmFicmljLzEuMjAuMSIsWyJmdWxsTmFtZSJdPSJsaWJmYWJyaWMvMS4yMC4xIixbImxvYWRPcmRlciJdPTYscHJvcFQ9e30sWyJzdGFja0RlcHRoIl09MyxbInN0YXR1cyJdPSJhY3RpdmUiLFsidXNlck5hbWUiXT0ibGliZmFicmljIix9LGxpYmpwZWc9e1siZm4iXT0iL2FwcHMvb3BzL3Rlc3Qvc3BhY2stc3RhY2stMS42LjAtbmNvL2VudnMvbmNvLWludGVsLTE5LjEuMy4zMDQvaW5zdGFsbC9tb2R1bGVmaWxlcy9pbnRlbC8xOS4xLjMuMzA0L2xpYmpwZWcvMi4xLjAubHVhIixbImZ1bGxOYW1lIl09ImxpYmpwZWcvMi4xLjAiLFsibG9hZE9yZGVyIl09NTIscHJvcFQ9e30sWyJzdGFj', 'COM_OCEAN_HISTORY_TMPL': '${ROTDIR}/${RUN}.${YMD}/${HH}/${MEMDIR}/model/ocean/history', 'EXP_WARM_START': True, 'FHMAX_WAV': 9, 'LMOD_DIR': '/usr/share/lmod/lmod/libexec', 'libxt_ROOT': '/apps/ops/test/spack-stack-1.6.0-nco/envs/nco-intel-19.1.3.304/install/intel/19.1.3.304/libxt-1.1.5-r2mrglu', 'LC_TIME': 'C.UTF-8', 'SCRgfs': '/lfs/h2/emc/global/noscrub/emc.global/RETRO_GFSv17/git/global-workflow/develop_20250602/scripts', 'LMOD_FAMILY_MPI': 'cray-mpich', 'BASH_FUNC_postamble%%': '() {  set +x;\n script="${1}";\n start_time="${2}";\n rc="${3}";\n if [[ -v \'POSTAMBLE_CMD\' ]]; then\n ${POSTAMBLE_CMD};\n fi;\n end_time=$(date +%s);\n end_time_human=$(date -d@"${end_time}" -u +%H:%M:%S);\n elapsed_sec=$((end_time - start_time));\n elapsed=$(date -d@"${elapsed_sec}" -u +%H:%M:%S);\n echo "End ${script} at ${end_time_human} with error code ${rc:-0} (time elapsed: ${elapsed})";\n exit "${rc}"\n}', 'BASH_FUNC_set_strict%%': '() {  if [[ ${STRICT:-"YES"} == "YES" ]]; then\n set -eu;\n fi\n}', 'BASH_FUNC_module%%': '() {  eval $($LMOD_CMD bash "$@") && eval $(${LMOD_SETTARG_CMD:-:} -s sh)\n}', 'BASH_FUNC_set_trace%%': '() {  if [[ ${TRACE:-"YES"} == "YES" ]]; then\n set -x;\n fi\n}', 'BASH_FUNC_declare_from_tmpl%%': '() {  if [[ ${DEBUG_WORKFLOW:-"NO"} == "NO" ]]; then\n set +x;\n fi;\n local opts="-g";\n local OPTIND=1;\n while getopts "rx" option; do\n opts="${opts}${option}";\n done;\n shift $((OPTIND-1));\n for input in "$@";\n do\n IFS=\':\' read -ra args <<< "${input}";\n local com_var="${args[0]}";\n local template;\n local value;\n if (( ${#args[@]} > 1 )); then\n template="${args[1]}";\n else\n template="${com_var}_TMPL";\n fi;\n if [[ ! -v "${template}" ]]; then\n echo "FATAL ERROR in declare_from_tmpl: Requested template ${template} not defined!";\n exit 2;\n fi;\n value=$(echo "${!template}" | envsubst);\n declare ${opts} "${com_var}"="${value}";\n echo "declare_from_tmpl :: ${com_var}=${value}";\n done;\n set_trace\n}', 'BASH_FUNC_wait_for_file%%': '() {  set +x;\n local file_name=${1:?"wait_for_file() requires a file name"};\n local sleep_interval=${2:-60};\n local max_tries=${3:-100};\n for ((iter=0; iter<max_tries; iter++ ))\n do\n if [[ -r ${file_name} ]]; then\n set_trace;\n return 0;\n fi;\n sleep "${sleep_interval}";\n done;\n set_trace;\n return 1\n}', 'BASH_FUNC_err_exit%%': ['() {  set +eux;\n msg1=${*:-Job ${jobid} failed};\n if [[ -n "${pgm}" ]]; then\n msg1+="', 'ERROR IN ${pgm}";\n fi;\n if [[ -n "${err}" ]]; then\n msg1+=" RETURN CODE ${err}";\n fi;\n msg2="\n    -------------------------------------------------------------\n    -- FATAL ERROR: ${msg1}\n    -- ABNORMAL EXIT at $(date) on ${HOSTNAME}\n    -------------------------------------------------------------\n    ";\n echo "${msg2}" 1>&2;\n module list;\n echo "" 1>&2;\n echo "${msg1}" 1>&2;\n if [[ -n "${DATA}" ]]; then\n echo "${DATA}" 1>&2;\n ls -ltr "${DATA}" 1>&2;\n else\n echo "WARNING: DATA variable not defined" 1>&2;\n fi;\n if [[ -n "${pgmout}" ]]; then\n if [[ -s errfile ]]; then\n echo "----- contents of errfile -----" >> "${pgmout}";\n cat errfile >> "${pgmout}";\n fi;\n cat "${pgmout}" 1>&2;\n else\n if [[ -s errfile ]]; then\n cat errfile 1>&2;\n fi;\n fi;\n if [[ "${SENDECF}" = "YES" ]]; then\n timeout 30 ecflow_client --msg "${ECF_NAME}: ${msg1}";\n timeout 30 ssh "${ECF_HOST}" "echo \\"${msg}2\\" >> ${ECF_JOBOUT:?}";\n fi;\n if [[ "${SENDECF}" = "YES" ]]; then\n ecflow_client --kill="${ECF_NAME:?}";\n fi;\n if [[ -n "${PBS_JOBID}" ]]; then\n qdel "${PBS_JOBID}";\n else\n if [[ -n "${SLURM_JOB_ID}" ]]; then\n scancel "${SLURM_JOB_ID}";\n fi;\n fi\n}'], 'BASH_FUNC_ml%%': '() {  eval $($LMOD_DIR/ml_cmd "$@")\n}', '_': '/lfs/h2/emc/global/noscrub/emc.global/RETRO_GFSv17/git/global-workflow/develop_20250602/scripts/exglobal_analysis_stats.py', 'current_cycle': datetime.datetime(2024, 11, 24, 18, 0), 'previous_cycle': datetime.datetime(2024, 11, 24, 12, 0), 'STAT_WINDOW_BEGIN': datetime.datetime(2024, 11, 24, 15, 0), 'STAT_WINDOW_LENGTH': 'PT6H', 'OPREFIX': 'gdas.t18z.', 'APREFIX': 'gdas.t18z.', 'GPREFIX': 'gdas.t12z.', 'STAT_ANALYSES': ['snow'], 'OBSSPACES_LIST': ['sfcsno', 'snocvr']} )[0m
[38;21m2025-06-16 18:21:15,666 - INFO     - jedi        : Generating JEDI YAML config: /lfs/h2/emc/stmp/emc.global/RUNDIRS/retrotestgfs10/gdas.2024112418/anlstat.1165235/snow.yaml[0m
[38;21m2025-06-16 18:21:15,667 - INFO     - jedi        : BEGIN: pygfs.jedi.jedi.render_jcb[0m
[38;5;39m2025-06-16 18:21:15,667 - DEBUG    - jedi        : ( <pygfs.jedi.jedi.Jedi object at 0x14fbbe8381c0>, {'envir': 'prod', 'FRAC_GRID': True, 'LMOD_FAMILY_METAPYTHON': 'stack-python', 'waveGRD': 'uglo_15km', '_ModuleTable051_': 'YWNrRGVwdGgiXT0xLFsic3RhdHVzIl09ImFjdGl2ZSIsWyJ1c2VyTmFtZSJdPSJweS14YXJyYXkvMjAyMy43LjAiLH0scHl0aG9uPXtbImZuIl09Ii9hcHBzL29wcy90ZXN0L3NwYWNrLXN0YWNrLTEuNi4wLW5jby9lbnZzL25jby1pbnRlbC0xOS4xLjMuMzA0L2luc3RhbGwvbW9kdWxlZmlsZXMvaW50ZWwvMTkuMS4zLjMwNC9weXRob24vMy4xMC4xMy5sdWEiLFsiZnVsbE5hbWUiXT0icHl0aG9uLzMuMTAuMTMiLFsibG9hZE9yZGVyIl09MTMscHJvcFQ9e30sWyJyZWZfY291bnQiXT0yNCxbInN0YWNrRGVwdGgiXT0yLFsic3RhdHVzIl09ImFjdGl2ZSIsWyJ1c2VyTmFtZSJdPSJweXRob24vMy4xMC4xMyIsfSxxaHVsbD17WyJmbiJdPSIvYXBwcy9vcHMvdGVzdC9zcGFjay1z', 'py_pycodestyle_ROOT': '/apps/ops/test/spack-stack-1.6.0-nco/envs/nco-intel-19.1.3.304/install/intel/19.1.3.304/py-pycodestyle-2.11.0-bh2jlm5', 'COMOUT_AERO_ANLMON': '/lfs/h2/emc/ptmp/emc.global/RETRO_GFSv17/comroot/retrotestgfs10/gdas.20241124/18//products/chem/anlmon', 'CRAY_LMOD_MPI': 'cray-mpich/8.0', 'INCVARS_ZERO_STRAT': ["'sphum_inc'", "'liq_wat_inc'", "'icmr_inc'", "'rwmr_inc'", "'snmr_inc'", "'grle_inc'"], 'LMOD_FAMILY_CRAYPE_NETWORK_VERSION': False, '_ModuleTable037_': 'c3RhdHVzIl09ImFjdGl2ZSIsWyJ1c2VyTmFtZSJdPSJweS1ib3R0bGVuZWNrLzEuMy43Iix9LFsicHktY2Z0aW1lIl09e1siZm4iXT0iL2FwcHMvb3BzL3Rlc3Qvc3BhY2stc3RhY2stMS42LjAtbmNvL2VudnMvbmNvLWludGVsLTE5LjEuMy4zMDQvaW5zdGFsbC9tb2R1bGVmaWxlcy9pbnRlbC8xOS4xLjMuMzA0L3B5LWNmdGltZS8xLjAuMy40Lmx1YSIsWyJmdWxsTmFtZSJdPSJweS1jZnRpbWUvMS4wLjMuNCIsWyJsb2FkT3JkZXIiXT04MSxwcm9wVD17fSxbInN0YWNrRGVwdGgiXT0xLFsic3RhdHVzIl09ImFjdGl2ZSIsWyJ1c2VyTmFtZSJdPSJweS1jZnRpbWUvMS4wLjMuNCIsfSxbInB5LWY5MG5tbCJdPXtbImZuIl09Ii9hcHBzL29wcy90ZXN0L3NwYWNrLXN0YWNrLTEu', 'COMOUT_CONF': '/lfs/h2/emc/ptmp/emc.global/RETRO_GFSv17/comroot/retrotestgfs10/gdas.20241124/18//conf', 'COM_SNOW_ANALYSIS_TMPL': '${ROTDIR}/${RUN}.${YMD}/${HH}/${MEMDIR}/analysis/snow', 'PBS_ENVIRONMENT': 'PBS_BATCH', '_ModuleTable064_': 'aWxlcy9Db3JlOi9vcHQvY3JheS9wZS9sbW9kL21vZHVsZWZpbGVzL2NvcmU6L29wdC9jcmF5L3BlL2xtb2QvbW9kdWxlZmlsZXMvY3JheXBlLXRhcmdldHMvZGVmYXVsdDovYXBwcy9wcm9kL2xtb2R1bGVzL3N5c19jb3JlOi9hcHBzL29wcy9wcm9kL25jby9tb2R1bGVmaWxlcy9jb3JlOi9hcHBzL3Byb2QvbG1vZHVsZXMvY29yZTovb3B0L2NyYXkvbW9kdWxlZmlsZXMiLH0=', 'LD_LIBRARY_PATH': '/apps/ops/test/spack-stack-1.6.0-nco/envs/nco-intel-19.1.3.304/install/intel/19.1.3.304/py-packaging-23.1-2qpd5mc/lib:/apps/ops/test/spack-stack-1.6.0-nco/envs/nco-intel-19.1.3.304/install/intel/19.1.3.304/py-cftime-1.0.3.4-dka7hny/lib:/apps/ops/test/spack-stack-1.6.0-nco/envs/nco-intel-19.1.3.304/install/intel/19.1.3.304/py-numpy-1.24.4-yosem2k/lib:/apps/ops/test/spack-stack-1.6.0-nco/envs/nco-intel-19.1.3.304/install/intel/19.1.3.304/py-markupsafe-2.1.3-45ywjnp/lib:/apps/ops/test/spack-stack-1.6.0-nco/envs/nco-intel-19.1.3.304/install/intel/19.1.3.304/py-pandas-1.5.3-u3wc7uc/lib:/apps/ops/test/spack-stack-1.6.0-nco/envs/nco-intel-19.1.3.304/install/intel/19.1.3.304/py-pytz-2023.3-yebggst/lib:/apps/ops/test/spack-stack-1.6.0-nco/envs/nco-intel-19.1.3.304/install/intel/19.1.3.304/py-python-dateutil-2.8.2-mes6fwe/lib:/apps/ops/test/spack-stack-1.6.0-nco/envs/nco-intel-19.1.3.304/install/intel/19.1.3.304/py-six-1.16.0-u4sv6sb/lib:/apps/ops/test/spack-stack-1.6.0-nco/envs/nco-intel-19.1.3.304/install/intel/19.1.3.304/py-numexpr-2.8.4-2rtg4mi/lib:/apps/ops/test/spack-stack-1.6.0-nco/envs/nco-intel-19.1.3.304/install/intel/19.1.3.304/py-bottleneck-1.3.7-oolvw5k/lib:/apps/ops/test/spack-stack-1.6.0-nco/envs/nco-intel-19.1.3.304/install/intel/19.1.3.304/py-pip-23.1.2-ohrscnx/lib:/apps/ops/test/spack-stack-1.6.0-nco/envs/nco-intel-19.1.3.304/install/intel/19.1.3.304/py-f90nml-1.4.3-rizmifn/lib:/apps/ops/test/spack-stack-1.6.0-nco/envs/nco-intel-19.1.3.304/install/intel/19.1.3.304/py-xarray-2023.7.0-jj7syqa/lib:/apps/ops/test/spack-stack-1.6.0-nco/envs/nco-intel-19.1.3.304/install/intel/19.1.3.304/py-scipy-1.10.1-236sa7x/lib:/apps/ops/test/spack-stack-1.6.0-nco/envs/nco-intel-19.1.3.304/install/intel/19.1.3.304/py-pyyaml-5.4.1-afvmuaf/lib:/apps/ops/test/spack-stack-1.6.0-nco/envs/nco-intel-19.1.3.304/install/intel/19.1.3.304/libyaml-0.2.5-ygjrdvo/lib:/apps/ops/test/spack-stack-1.6.0-nco/envs/nco-intel-19.1.3.304/install/intel/19.1.3.304/py-pycodestyle-2.11.0-bh2jlm5/lib:/apps/ops/test/spack-stack-1.6.0-nco/envs/nco-intel-19.1.3.304/install/intel/19.1.3.304/py-pybind11-2.11.1-wdb6paz/lib:/apps/ops/test/spack-stack-1.6.0-nco/envs/nco-intel-19.1.3.304/install/intel/19.1.3.304/py-netcdf4-1.5.8-6kubnk6/lib:/apps/ops/test/spack-stack-1.6.0-nco/envs/nco-intel-19.1.3.304/install/intel/19.1.3.304/py-jinja2-3.1.2-vbbttij/lib:/apps/ops/test/spack-stack-1.6.0-nco/envs/nco-intel-19.1.3.304/install/intel/19.1.3.304/py-setuptools-63.4.3-rg7efar/lib:/apps/ops/test/spack-stack-1.6.0-nco/envs/nco-intel-19.1.3.304/install/intel/19.1.3.304/netcdf-cxx4-4.3.1-lp7tiyf/lib:/apps/ops/test/spack-stack-1.6.0-nco/envs/nco-intel-19.1.3.304/install/intel/19.1.3.304/udunits-2.2.28-wmjzel4/lib:/apps/ops/test/spack-stack-1.6.0-nco/envs/nco-intel-19.1.3.304/install/intel/19.1.3.304/libxaw-1.0.13-gdstphl/lib:/apps/ops/test/spack-stack-1.6.0-nco/envs/nco-intel-19.1.3.304/install/intel/19.1.3.304/libxpm-3.5.12-dcjsyoi/lib:/apps/ops/test/spack-stack-1.6.0-nco/envs/nco-intel-19.1.3.304/install/intel/19.1.3.304/libxmu-1.1.4-xhe6hjc/lib:/apps/ops/test/spack-stack-1.6.0-nco/envs/nco-intel-19.1.3.304/install/intel/19.1.3.304/libxt-1.1.5-r2mrglu/lib:/apps/ops/test/spack-stack-1.6.0-nco/envs/nco-intel-19.1.3.304/install/intel/19.1.3.304/libpng-1.6.37-3sds4er/lib64:/apps/ops/test/spack-stack-1.6.0-nco/envs/nco-intel-19.1.3.304/install/intel/19.1.3.304/libpng-1.6.37-3sds4er/lib:/apps/ops/test/spack-stack-1.6.0-nco/envs/nco-intel-19.1.3.304/install/intel/19.1.3.304/libjpeg-turbo-2.1.0-rt44pqr/lib64:/apps/ops/test/spack-stack-1.6.0-nco/envs/nco-intel-19.1.3.304/install/intel/19.1.3.304/gsl-lite-0.37.0-7zi7wss/lib64:/apps/ops/test/spack-stack-1.6.0-nco/envs/nco-intel-19.1.3.304/install/intel/19.1.3.304/sp-2.5.0-rhcyr64/lib64:/apps/ops/test/spack-stack-1.6.0-nco/envs/nco-intel-19.1.3.304/install/intel/19.1.3.304/ecmwf-atlas-0.35.0-42ufhdx/lib64:/apps/ops/test/spack-stack-1.6.0-nco/envs/nco-intel-19.1.3.304/install/intel/19.1.3.304/qhull-2020.2-5ycwudw/lib:/apps/ops/test/spack-stack-1.6.0-nco/envs/nco-intel-19.1.3.304/install/intel/19.1.3.304/esmf-8.5.0-7huplmy/lib:/apps/ops/test/spack-stack-1.6.0-nco/envs/nco-intel-19.1.3.304/install/intel/19.1.3.304/fms-2023.04-utbqnz3/lib:/apps/ops/test/spack-stack-1.6.0-nco/envs/nco-intel-19.1.3.304/install/intel/19.1.3.304/fckit-0.11.0-7qg4hhj/lib64:/apps/ops/test/spack-stack-1.6.0-nco/envs/nco-intel-19.1.3.304/install/intel/19.1.3.304/fftw-3.3.10-sefnta3/lib:/apps/ops/test/spack-stack-1.6.0-nco/envs/nco-intel-19.1.3.304/install/intel/19.1.3.304/eckit-1.24.5-isrgc5y/lib64:/apps/ops/test/spack-stack-1.6.0-nco/envs/nco-intel-19.1.3.304/install/intel/19.1.3.304/openblas-0.3.24-7qwu32e/lib:/apps/ops/test/spack-stack-1.6.0-nco/envs/nco-intel-19.1.3.304/install/intel/19.1.3.304/openjpeg-2.5.0-ulqgnem/lib:/apps/ops/test/spack-stack-1.6.0-nco/envs/nco-intel-19.1.3.304/install/intel/19.1.3.304/ecbuild-3.7.2-ovbazu2/lib64:/apps/ops/test/spack-stack-1.6.0-nco/envs/nco-intel-19.1.3.304/install/intel/19.1.3.304/bufr-12.0.1-tirva7g/lib64:/apps/ops/test/spack-stack-1.6.0-nco/envs/nco-intel-19.1.3.304/install/intel/19.1.3.304/bufr-12.0.1-tirva7g/lib:/apps/ops/test/spack-stack-1.6.0-nco/envs/nco-intel-19.1.3.304/install/intel/19.1.3.304/boost-1.83.0-nqtmt7k/lib:/apps/ops/test/spack-stack-1.6.0-nco/envs/nco-intel-19.1.3.304/install/intel/19.1.3.304/parallelio-2.5.10-3rkk43u/lib:/apps/ops/test/spack-stack-1.6.0-nco/envs/nco-intel-19.1.3.304/install/intel/19.1.3.304/nco-5.0.6-6ykwuoz/lib:/apps/ops/test/spack-stack-1.6.0-nco/envs/nco-intel-19.1.3.304/install/intel/19.1.3.304/gsl-2.7.1-kr3c4v5/lib:/apps/ops/test/spack-stack-1.6.0-nco/envs/nco-intel-19.1.3.304/install/intel/19.1.3.304/antlr-2.7.7-hoqq24u/lib:/apps/ops/test/spack-stack-1.6.0-nco/envs/nco-intel-19.1.3.304/install/intel/19.1.3.304/netcdf-fortran-4.6.1-b4geqvx/lib:/apps/ops/test/spack-stack-1.6.0-nco/envs/nco-intel-19.1.3.304/install/intel/19.1.3.304/netcdf-c-4.9.2-bcln2jr/lib:/apps/ops/test/spack-stack-1.6.0-nco/envs/nco-intel-19.1.3.304/install/intel/19.1.3.304/parallel-netcdf-1.12.2-77j7vnx/lib:/apps/ops/test/spack-stack-1.6.0-nco/envs/nco-intel-19.1.3.304/install/intel/19.1.3.304/zlib-1.2.13-yoc3h4p/lib:/apps/ops/test/spack-stack-1.6.0-nco/envs/nco-intel-19.1.3.304/install/intel/19.1.3.304/curl-8.4.0-zr7lvkw/lib:/apps/ops/test/spack-stack-1.6.0-nco/envs/nco-intel-19.1.3.304/install/intel/19.1.3.304/pcre2-10.42-utn3zxn/lib:/apps/ops/test/spack-stack-1.6.0-nco/envs/nco-intel-19.1.3.304/install/intel/19.1.3.304/gettext-0.19.7-2fi4wu4/lib:/apps/ops/test/spack-stack-1.6.0-nco/envs/nco-intel-19.1.3.304/install/intel/19.1.3.304/zstd-1.5.2-pe6gdyf/lib:/apps/ops/test/spack-stack-1.6.0-nco/envs/nco-intel-19.1.3.304/install/intel/19.1.3.304/python-3.10.13-qzt4y2i/lib:/apps/ops/test/spack-stack-1.6.0-nco/envs/nco-intel-19.1.3.304/install/intel/19.1.3.304/util-linux-uuid-2.38.1-jwatqmi/lib:/apps/ops/test/spack-stack-1.6.0-nco/envs/nco-intel-19.1.3.304/install/intel/19.1.3.304/sqlite-3.43.2-onahail/lib:/apps/ops/test/spack-stack-1.6.0-nco/envs/nco-intel-19.1.3.304/install/intel/19.1.3.304/libxcrypt-4.4.35-soueqga/lib:/opt/cray/lib64:/pe/intel/compilers_and_libraries_2020.4.304/linux/compiler/lib/intel64_lin:/pe/intel/compilers_and_libraries_2020.4.304/linux/mpi/intel64/lib/release:/pe/intel/compilers_and_libraries_2020.4.304/linux/mpi/intel64/lib:/pe/intel/compilers_and_libraries_2020.4.304/linux/ipp/lib/intel64:/pe/intel/compilers_and_libraries_2020.4.304/linux/mkl/lib/intel64_lin:/pe/intel/compilers_and_libraries_2020.4.304/linux/tbb/lib/intel64/gcc4.8:/pe/intel/debugger_2020/python/intel64/lib:/pe/intel/debugger_2020/libipt/intel64/lib:/lfs/h2/emc/global/noscrub/emc.global/RETRO_GFSv17/git/global-workflow/develop_20250602/sorc/gdas.cd/build/lib:/opt/cray/pe/mpich/8.1.19/ofi/intel/19.0/lib:/apps/ops/test/spack-stack-1.6.0-nco/envs/nco-intel-19.1.3.304/install/intel/19.1.3.304/hdf5-1.14.0-yckaywr/lib', 'sp_ROOT': '/apps/ops/test/spack-stack-1.6.0-nco/envs/nco-intel-19.1.3.304/install/intel/19.1.3.304/sp-2.5.0-rhcyr64', 'HOSTTYPE': 'x86_64', 'zlib_ROOT': '/apps/ops/test/spack-stack-1.6.0-nco/envs/nco-intel-19.1.3.304/install/intel/19.1.3.304/zlib-1.2.13-yoc3h4p', 'LMOD_CUSTOM_PATHS': 'CNCM/apps/ops/prod/libs/modulefiles/mpi/intel/19.1.3.304/cray-mpich/8.1.4:CNCM/apps/prod/lmodules/INTEL_cray_mpich/19.1.3.304/cray-mpich/8.1.4:COMPILER/apps/ops/prod/nco/modulefiles/compiler/intel/19.1.3.304:COMPILER/apps/ops/prod/libs/modulefiles/compiler/intel/19.1.3.304:COMPILER/apps/prod/lmodules/intel/19.1.3.304', 'SENDDBN_NTC': False, 'COM_ATMOS_RADMON_TMPL': '${ROTDIR}/${RUN}.${YMD}/${HH}/${MEMDIR}/products/atmos/radmon', '__LMOD_REF_COUNT_HDF5_PLUGIN_PATH': '/apps/ops/test/spack-stack-1.6.0-nco/envs/nco-intel-19.1.3.304/install/intel/19.1.3.304/netcdf-c-4.9.2-bcln2jr/plugins:1', 'threads_per_task': 1, 'COM_ICE_GRIB_TMPL': '${ROTDIR}/${RUN}.${YMD}/${HH}/${MEMDIR}/products/ice/grib2', 'PBS_O_LANG': 'en_US.UTF-8', 'COMINnam': '/lfs/h2/emc/global/noscrub/emc.global/data/external_gempak/nam', '_ModuleTable017_': 'ZC9sbW9kdWxlcy9jb3JlL2dpdC1sZnMvMi4xMS4wIixbImZ1bGxOYW1lIl09ImdpdC1sZnMvMi4xMS4wIixbImxvYWRPcmRlciJdPTI2LHByb3BUPXt9LFsic3RhY2tEZXB0aCJdPTEsWyJzdGF0dXMiXT0iYWN0aXZlIixbInVzZXJOYW1lIl09ImdpdC1sZnMvMi4xMS4wIix9LGdzbD17WyJmbiJdPSIvYXBwcy9vcHMvdGVzdC9zcGFjay1zdGFjay0xLjYuMC1uY28vZW52cy9uY28taW50ZWwtMTkuMS4zLjMwNC9pbnN0YWxsL21vZHVsZWZpbGVzL2ludGVsLzE5LjEuMy4zMDQvZ3NsLzIuNy4xLmx1YSIsWyJmdWxsTmFtZSJdPSJnc2wvMi43LjEiLFsibG9hZE9yZGVyIl09MzQscHJvcFQ9e30sWyJyZWZfY291bnQiXT0xLFsic3RhY2tEZXB0aCJdPTIsWyJzdGF0dXMiXT0iYWN0', '_ModuleTable032_': 'dXNlck5hbWUiXT0ib3BlbmpwZWcvMi41LjAiLH0sWyJwYXJhbGxlbC1uZXRjZGYiXT17WyJmbiJdPSIvYXBwcy9vcHMvdGVzdC9zcGFjay1zdGFjay0xLjYuMC1uY28vZW52cy9uY28taW50ZWwtMTkuMS4zLjMwNC9pbnN0YWxsL21vZHVsZWZpbGVzL2NyYXktbXBpY2gvOC4xLjkvaW50ZWwvMTkuMS4zLjMwNC9wYXJhbGxlbC1uZXRjZGYvMS4xMi4yLmx1YSIsWyJmdWxsTmFtZSJdPSJwYXJhbGxlbC1uZXRjZGYvMS4xMi4yIixbImxvYWRPcmRlciJdPTI5LHByb3BUPXt9LFsicmVmX2NvdW50Il09MSxbInN0YWNrRGVwdGgiXT0xLFsic3RhdHVzIl09ImFjdGl2ZSIsWyJ1c2VyTmFtZSJdPSJwYXJhbGxlbC1uZXRjZGYvMS4xMi4yIix9LHBhcmFsbGVsaW89e1siZm4iXT0iL2Fw', 'WRITE_DOPOST': True, 'PIO_VERSION_MAJOR': 2, '__LMOD_REF_COUNT_PATH': '/apps/ops/test/spack-stack-1.6.0-nco/envs/nco-intel-19.1.3.304/install/intel/19.1.3.304/py-numpy-1.24.4-yosem2k/bin:2;/apps/ops/test/spack-stack-1.6.0-nco/envs/nco-intel-19.1.3.304/install/intel/19.1.3.304/py-pip-23.1.2-ohrscnx/bin:2;/apps/ops/test/spack-stack-1.6.0-nco/envs/nco-intel-19.1.3.304/install/intel/19.1.3.304/py-f90nml-1.4.3-rizmifn/bin:2;/apps/ops/test/spack-stack-1.6.0-nco/envs/nco-intel-19.1.3.304/install/intel/19.1.3.304/py-pycodestyle-2.11.0-bh2jlm5/bin:2;/apps/ops/test/spack-stack-1.6.0-nco/envs/nco-intel-19.1.3.304/install/intel/19.1.3.304/py-pybind11-2.11.1-wdb6paz/bin:2;/apps/ops/test/spack-stack-1.6.0-nco/envs/nco-intel-19.1.3.304/install/intel/19.1.3.304/py-netcdf4-1.5.8-6kubnk6/bin:2;/apps/ops/prod/nco/core/prod_util.v2.0.14/ush:1;/apps/ops/test/spack-stack-1.6.0-nco/envs/nco-intel-19.1.3.304/install/intel/19.1.3.304/netcdf-cxx4-4.3.1-lp7tiyf/bin:2;/apps/ops/test/spack-stack-1.6.0-nco/envs/nco-intel-19.1.3.304/install/intel/19.1.3.304/ncview-2.1.9-rv4j23b/bin:2;/apps/ops/test/spack-stack-1.6.0-nco/envs/nco-intel-19.1.3.304/install/intel/19.1.3.304/udunits-2.2.28-wmjzel4/bin:2;/apps/ops/test/spack-stack-1.6.0-nco/envs/nco-intel-19.1.3.304/install/intel/19.1.3.304/libxpm-3.5.12-dcjsyoi/bin:2;/apps/ops/test/spack-stack-1.6.0-nco/envs/nco-intel-19.1.3.304/install/intel/19.1.3.304/libpng-1.6.37-3sds4er/bin:2;/apps/ops/test/spack-stack-1.6.0-nco/envs/nco-intel-19.1.3.304/install/intel/19.1.3.304/libjpeg-turbo-2.1.0-rt44pqr/bin:2;/apps/ops/test/spack-stack-1.6.0-nco/envs/nco-intel-19.1.3.304/install/intel/19.1.3.304/ecmwf-atlas-0.35.0-42ufhdx/bin:2;/apps/ops/test/spack-stack-1.6.0-nco/envs/nco-intel-19.1.3.304/install/intel/19.1.3.304/qhull-2020.2-5ycwudw/bin:2;/apps/ops/test/spack-stack-1.6.0-nco/envs/nco-intel-19.1.3.304/install/intel/19.1.3.304/esmf-8.5.0-7huplmy/bin:2;/apps/ops/test/spack-stack-1.6.0-nco/envs/nco-intel-19.1.3.304/install/intel/19.1.3.304/fckit-0.11.0-7qg4hhj/bin:2;/apps/ops/test/spack-stack-1.6.0-nco/envs/nco-intel-19.1.3.304/install/intel/19.1.3.304/fftw-3.3.10-sefnta3/bin:2;/apps/ops/test/spack-stack-1.6.0-nco/envs/nco-intel-19.1.3.304/install/intel/19.1.3.304/eckit-1.24.5-isrgc5y/bin:2;/apps/ops/test/spack-stack-1.6.0-nco/envs/nco-intel-19.1.3.304/install/intel/19.1.3.304/openblas-0.3.24-7qwu32e/bin:2;/apps/ops/test/spack-stack-1.6.0-nco/envs/nco-intel-19.1.3.304/install/intel/19.1.3.304/ecbuild-3.7.2-ovbazu2/bin:2;/apps/ops/test/spack-stack-1.6.0-nco/envs/nco-intel-19.1.3.304/install/intel/19.1.3.304/bufr-12.0.1-tirva7g/bin:2;/apps/ops/test/spack-stack-1.6.0-nco/envs/nco-intel-19.1.3.304/install/intel/19.1.3.304/nco-5.0.6-6ykwuoz/bin:2;/apps/ops/test/spack-stack-1.6.0-nco/envs/nco-intel-19.1.3.304/install/intel/19.1.3.304/gsl-2.7.1-kr3c4v5/bin:2;/apps/ops/test/spack-stack-1.6.0-nco/envs/nco-intel-19.1.3.304/install/intel/19.1.3.304/antlr-2.7.7-hoqq24u/bin:2;/apps/ops/test/spack-stack-1.6.0-nco/envs/nco-intel-19.1.3.304/install/intel/19.1.3.304/netcdf-fortran-4.6.1-b4geqvx/bin:2;/apps/ops/test/spack-stack-1.6.0-nco/envs/nco-intel-19.1.3.304/install/intel/19.1.3.304/nccmp-1.9.0.1-dnptqlr/bin:2;/apps/ops/test/spack-stack-1.6.0-nco/envs/nco-intel-19.1.3.304/install/intel/19.1.3.304/netcdf-c-4.9.2-bcln2jr/bin:2;/apps/ops/test/spack-stack-1.6.0-nco/envs/nco-intel-19.1.3.304/install/intel/19.1.3.304/parallel-netcdf-1.12.2-77j7vnx/bin:2;/apps/ops/test/spack-stack-1.6.0-nco/envs/nco-intel-19.1.3.304/install/intel/19.1.3.304/hdf5-1.14.0-yckaywr/bin:2;/apps/spack/git-lfs/2.11.0/gcc/11.2.0/m6b6nl5kfqngfteqbggydc7kflxere3s/bin:1;/apps/ops/test/spack-stack-1.6.0-nco/envs/nco-intel-19.1.3.304/install/intel/19.1.3.304/curl-8.4.0-zr7lvkw/bin:2;/apps/ops/test/spack-stack-1.6.0-nco/envs/nco-intel-19.1.3.304/install/intel/19.1.3.304/pcre2-10.42-utn3zxn/bin:2;/apps/ops/test/spack-stack-1.6.0-nco/envs/nco-intel-19.1.3.304/install/intel/19.1.3.304/gettext-0.19.7-2fi4wu4/bin:2;/apps/ops/test/spack-stack-1.6.0-nco/envs/nco-intel-19.1.3.304/install/intel/19.1.3.304/tar-1.34-e7e3lq2/bin:2;/apps/ops/test/spack-stack-1.6.0-nco/envs/nco-intel-19.1.3.304/install/intel/19.1.3.304/zstd-1.5.2-pe6gdyf/bin:2;/apps/ops/test/spack-stack-1.6.0-nco/envs/nco-intel-19.1.3.304/install/intel/19.1.3.304/pigz-2.7-p2s5ywz/bin:2;/apps/ops/test/spack-stack-1.6.0-nco/envs/nco-intel-19.1.3.304/install/intel/19.1.3.304/cmake-3.23.1-chpcsen/bin:2;/opt/cray/pals/1.3.2/bin:1;/opt/cray/pe/craype/2.7.17/bin:1;/apps/ops/test/spack-stack-1.6.0-nco/envs/nco-intel-19.1.3.304/install/intel/19.1.3.304/python-3.10.13-qzt4y2i/bin:2;/apps/ops/test/spack-stack-1.6.0-nco/envs/nco-intel-19.1.3.304/install/intel/19.1.3.304/util-linux-uuid-2.38.1-jwatqmi/bin:2;/apps/ops/test/spack-stack-1.6.0-nco/envs/nco-intel-19.1.3.304/install/intel/19.1.3.304/sqlite-3.43.2-onahail/bin:2;/opt/cray/bin:1;/pe/intel/compilers_and_libraries_2020.4.304/linux/bin/intel64:1;/pe/intel/compilers_and_libraries_2020.4.304/linux/bin:1;/pe/intel/compilers_and_libraries_2020.4.304/linux/mpi/intel64/bin:1;/pe/intel/debugger_2020/gdb/intel64/bin:1;/u/emc.global/bin:2;/usr/local/bin:1;/usr/bin:1;/bin:2;/opt/c3/bin:1;/opt/pbs/bin:1;/sbin:1;.:1;/opt/cray/pe/bin:1', '_ModuleTable061_': 'Y2stMS42LjAtbmNvL2VudnMvbmNvLWludGVsLTE5LjEuMy4zMDQvaW5zdGFsbC9tb2R1bGVmaWxlcy9pbnRlbC8xOS4xLjMuMzA0IiwiL2FwcHMvb3BzL3Byb2QvbmNvL21vZHVsZWZpbGVzL2NvbXBpbGVyL2ludGVsLzE5LjEuMy4zMDQiLCIvYXBwcy9vcHMvcHJvZC9saWJzL21vZHVsZWZpbGVzL2NvbXBpbGVyL2ludGVsLzE5LjEuMy4zMDQiLCIvYXBwcy9wcm9kL2xtb2R1bGVzL2ludGVsLzE5LjEuMy4zMDQiLCIvYXBwcy9wcm9kL2xtb2R1bGVzL2NvbXBpbGVyL2ludGVsLzE5LjAiLCIvYXBwcy9vcHMvdGVzdC9zcGFjay1zdGFjay0xLjYuMC1uY28vZW52cy9uY28taW50ZWwtMTkuMS4zLjMwNC9pbnN0YWxsL21vZHVsZWZpbGVzL0NvcmUiLCIvbGZzL2gyL2VtYy9nbG9i', '_ModuleTable002_': 'YWwvbm9zY3J1Yi9lbWMuZ2xvYmFsL1JFVFJPX0dGU3YxNy9naXQvZ2xvYmFsLXdvcmtmbG93L2RldmVsb3BfMjAyNTA2MDIvc29yYy9nZGFzLmNkL21vZHVsZWZpbGVzL0dEQVMvd2Nvc3MyLmludGVsLmx1YSIsWyJmdWxsTmFtZSJdPSJHREFTL3djb3NzMi5pbnRlbCIsWyJsb2FkT3JkZXIiXT04Myxwcm9wVD17fSxbInN0YWNrRGVwdGgiXT0wLFsic3RhdHVzIl09ImFjdGl2ZSIsWyJ1c2VyTmFtZSJdPSJHREFTL3djb3NzMiIsfSxbIlByZ0Vudi1pbnRlbCJdPXtbImZuIl09Ii9vcHQvY3JheS9wZS9sbW9kL21vZHVsZWZpbGVzL2NvcmUvUHJnRW52LWludGVsLzguMy4zLmx1YSIsWyJmdWxsTmFtZSJdPSJQcmdFbnYtaW50ZWwvOC4zLjMiLFsibG9hZE9yZGVyIl09Myxwcm9w', 'esmf_ROOT': '/apps/ops/test/spack-stack-1.6.0-nco/envs/nco-intel-19.1.3.304/install/intel/19.1.3.304/esmf-8.5.0-7huplmy', 'JCB_ALGO_YAML': '/lfs/h2/emc/global/noscrub/emc.global/RETRO_GFSv17/git/global-workflow/develop_20250602/parm/gdas/jcb-algorithms/anlstat.yaml.j2', 'libpng_ROOT': '/apps/ops/test/spack-stack-1.6.0-nco/envs/nco-intel-19.1.3.304/install/intel/19.1.3.304/libpng-1.6.37-3sds4er', 'BOOST_ROOT': '/apps/ops/test/spack-stack-1.6.0-nco/envs/nco-intel-19.1.3.304/install/intel/19.1.3.304/boost-1.83.0-nqtmt7k', 'RUN': 'gdas', '_ModuleTable047_': 'NC9pbnN0YWxsL21vZHVsZWZpbGVzL2ludGVsLzE5LjEuMy4zMDQvcHktcHl0ei8yMDIzLjMubHVhIixbImZ1bGxOYW1lIl09InB5LXB5dHovMjAyMy4zIixbImxvYWRPcmRlciJdPTc3LHByb3BUPXt9LFsicmVmX2NvdW50Il09MSxbInN0YWNrRGVwdGgiXT0yLFsic3RhdHVzIl09ImFjdGl2ZSIsWyJ1c2VyTmFtZSJdPSJweS1weXR6LzIwMjMuMyIsfSxbInB5LXB5eWFtbCJdPXtbImZuIl09Ii9hcHBzL29wcy90ZXN0L3NwYWNrLXN0YWNrLTEuNi4wLW5jby9lbnZzL25jby1pbnRlbC0xOS4xLjMuMzA0L2luc3RhbGwvbW9kdWxlZmlsZXMvaW50ZWwvMTkuMS4zLjMwNC9weS1weXlhbWwvNS40LjEubHVhIixbImZ1bGxOYW1lIl09InB5LXB5eWFtbC81LjQuMSIsWyJsb2FkT3Jk', 'FHMAX_ENKF': 9, 'LESSCLOSE': 'lessclose.sh %s %s', 'CRAY_LD_LIBRARY_PATH': '/opt/cray/pe/mpich/8.1.9/ofi/intel/19.0/lib', '__LMOD_REF_COUNT_DYLD_LIBRARY_PATH': '/apps/ops/test/spack-stack-1.6.0-nco/envs/nco-intel-19.1.3.304/install/intel/19.1.3.304/py-packaging-23.1-2qpd5mc/lib:1;/apps/ops/test/spack-stack-1.6.0-nco/envs/nco-intel-19.1.3.304/install/intel/19.1.3.304/py-cftime-1.0.3.4-dka7hny/lib:1;/apps/ops/test/spack-stack-1.6.0-nco/envs/nco-intel-19.1.3.304/install/intel/19.1.3.304/py-numpy-1.24.4-yosem2k/lib:1;/apps/ops/test/spack-stack-1.6.0-nco/envs/nco-intel-19.1.3.304/install/intel/19.1.3.304/py-markupsafe-2.1.3-45ywjnp/lib:1;/apps/ops/test/spack-stack-1.6.0-nco/envs/nco-intel-19.1.3.304/install/intel/19.1.3.304/py-pandas-1.5.3-u3wc7uc/lib:1;/apps/ops/test/spack-stack-1.6.0-nco/envs/nco-intel-19.1.3.304/install/intel/19.1.3.304/py-pytz-2023.3-yebggst/lib:1;/apps/ops/test/spack-stack-1.6.0-nco/envs/nco-intel-19.1.3.304/install/intel/19.1.3.304/py-python-dateutil-2.8.2-mes6fwe/lib:1;/apps/ops/test/spack-stack-1.6.0-nco/envs/nco-intel-19.1.3.304/install/intel/19.1.3.304/py-six-1.16.0-u4sv6sb/lib:1;/apps/ops/test/spack-stack-1.6.0-nco/envs/nco-intel-19.1.3.304/install/intel/19.1.3.304/py-numexpr-2.8.4-2rtg4mi/lib:1;/apps/ops/test/spack-stack-1.6.0-nco/envs/nco-intel-19.1.3.304/install/intel/19.1.3.304/py-bottleneck-1.3.7-oolvw5k/lib:1;/apps/ops/test/spack-stack-1.6.0-nco/envs/nco-intel-19.1.3.304/install/intel/19.1.3.304/py-pip-23.1.2-ohrscnx/lib:1;/apps/ops/test/spack-stack-1.6.0-nco/envs/nco-intel-19.1.3.304/install/intel/19.1.3.304/py-f90nml-1.4.3-rizmifn/lib:1;/apps/ops/test/spack-stack-1.6.0-nco/envs/nco-intel-19.1.3.304/install/intel/19.1.3.304/py-xarray-2023.7.0-jj7syqa/lib:1;/apps/ops/test/spack-stack-1.6.0-nco/envs/nco-intel-19.1.3.304/install/intel/19.1.3.304/py-scipy-1.10.1-236sa7x/lib:1;/apps/ops/test/spack-stack-1.6.0-nco/envs/nco-intel-19.1.3.304/install/intel/19.1.3.304/py-pyyaml-5.4.1-afvmuaf/lib:1;/apps/ops/test/spack-stack-1.6.0-nco/envs/nco-intel-19.1.3.304/install/intel/19.1.3.304/libyaml-0.2.5-ygjrdvo/lib:1;/apps/ops/test/spack-stack-1.6.0-nco/envs/nco-intel-19.1.3.304/install/intel/19.1.3.304/py-pycodestyle-2.11.0-bh2jlm5/lib:1;/apps/ops/test/spack-stack-1.6.0-nco/envs/nco-intel-19.1.3.304/install/intel/19.1.3.304/py-pybind11-2.11.1-wdb6paz/lib:1;/apps/ops/test/spack-stack-1.6.0-nco/envs/nco-intel-19.1.3.304/install/intel/19.1.3.304/py-netcdf4-1.5.8-6kubnk6/lib:1;/apps/ops/test/spack-stack-1.6.0-nco/envs/nco-intel-19.1.3.304/install/intel/19.1.3.304/py-jinja2-3.1.2-vbbttij/lib:1;/apps/ops/test/spack-stack-1.6.0-nco/envs/nco-intel-19.1.3.304/install/intel/19.1.3.304/py-setuptools-63.4.3-rg7efar/lib:1;/apps/ops/test/spack-stack-1.6.0-nco/envs/nco-intel-19.1.3.304/install/intel/19.1.3.304/netcdf-cxx4-4.3.1-lp7tiyf/lib:1;/apps/ops/test/spack-stack-1.6.0-nco/envs/nco-intel-19.1.3.304/install/intel/19.1.3.304/udunits-2.2.28-wmjzel4/lib:1;/apps/ops/test/spack-stack-1.6.0-nco/envs/nco-intel-19.1.3.304/install/intel/19.1.3.304/libxaw-1.0.13-gdstphl/lib:1;/apps/ops/test/spack-stack-1.6.0-nco/envs/nco-intel-19.1.3.304/install/intel/19.1.3.304/libxpm-3.5.12-dcjsyoi/lib:1;/apps/ops/test/spack-stack-1.6.0-nco/envs/nco-intel-19.1.3.304/install/intel/19.1.3.304/libxmu-1.1.4-xhe6hjc/lib:1;/apps/ops/test/spack-stack-1.6.0-nco/envs/nco-intel-19.1.3.304/install/intel/19.1.3.304/libxt-1.1.5-r2mrglu/lib:1;/apps/ops/test/spack-stack-1.6.0-nco/envs/nco-intel-19.1.3.304/install/intel/19.1.3.304/libpng-1.6.37-3sds4er/lib64:1;/apps/ops/test/spack-stack-1.6.0-nco/envs/nco-intel-19.1.3.304/install/intel/19.1.3.304/libpng-1.6.37-3sds4er/lib:1;/apps/ops/test/spack-stack-1.6.0-nco/envs/nco-intel-19.1.3.304/install/intel/19.1.3.304/libjpeg-turbo-2.1.0-rt44pqr/lib64:1;/apps/ops/test/spack-stack-1.6.0-nco/envs/nco-intel-19.1.3.304/install/intel/19.1.3.304/gsl-lite-0.37.0-7zi7wss/lib64:1;/apps/ops/test/spack-stack-1.6.0-nco/envs/nco-intel-19.1.3.304/install/intel/19.1.3.304/sp-2.5.0-rhcyr64/lib64:1;/apps/ops/test/spack-stack-1.6.0-nco/envs/nco-intel-19.1.3.304/install/intel/19.1.3.304/ecmwf-atlas-0.35.0-42ufhdx/lib64:1;/apps/ops/test/spack-stack-1.6.0-nco/envs/nco-intel-19.1.3.304/install/intel/19.1.3.304/qhull-2020.2-5ycwudw/lib:1;/apps/ops/test/spack-stack-1.6.0-nco/envs/nco-intel-19.1.3.304/install/intel/19.1.3.304/esmf-8.5.0-7huplmy/lib:1;/apps/ops/test/spack-stack-1.6.0-nco/envs/nco-intel-19.1.3.304/install/intel/19.1.3.304/fms-2023.04-utbqnz3/lib:1;/apps/ops/test/spack-stack-1.6.0-nco/envs/nco-intel-19.1.3.304/install/intel/19.1.3.304/fckit-0.11.0-7qg4hhj/lib64:1;/apps/ops/test/spack-stack-1.6.0-nco/envs/nco-intel-19.1.3.304/install/intel/19.1.3.304/fftw-3.3.10-sefnta3/lib:1;/apps/ops/test/spack-stack-1.6.0-nco/envs/nco-intel-19.1.3.304/install/intel/19.1.3.304/eckit-1.24.5-isrgc5y/lib64:1;/apps/ops/test/spack-stack-1.6.0-nco/envs/nco-intel-19.1.3.304/install/intel/19.1.3.304/openblas-0.3.24-7qwu32e/lib:1;/apps/ops/test/spack-stack-1.6.0-nco/envs/nco-intel-19.1.3.304/install/intel/19.1.3.304/openjpeg-2.5.0-ulqgnem/lib:1;/apps/ops/test/spack-stack-1.6.0-nco/envs/nco-intel-19.1.3.304/install/intel/19.1.3.304/ecbuild-3.7.2-ovbazu2/lib64:1;/apps/ops/test/spack-stack-1.6.0-nco/envs/nco-intel-19.1.3.304/install/intel/19.1.3.304/bufr-12.0.1-tirva7g/lib64:1;/apps/ops/test/spack-stack-1.6.0-nco/envs/nco-intel-19.1.3.304/install/intel/19.1.3.304/bufr-12.0.1-tirva7g/lib:1;/apps/ops/test/spack-stack-1.6.0-nco/envs/nco-intel-19.1.3.304/install/intel/19.1.3.304/boost-1.83.0-nqtmt7k/lib:1;/apps/ops/test/spack-stack-1.6.0-nco/envs/nco-intel-19.1.3.304/install/intel/19.1.3.304/parallelio-2.5.10-3rkk43u/lib:1;/apps/ops/test/spack-stack-1.6.0-nco/envs/nco-intel-19.1.3.304/install/intel/19.1.3.304/nco-5.0.6-6ykwuoz/lib:1;/apps/ops/test/spack-stack-1.6.0-nco/envs/nco-intel-19.1.3.304/install/intel/19.1.3.304/gsl-2.7.1-kr3c4v5/lib:1;/apps/ops/test/spack-stack-1.6.0-nco/envs/nco-intel-19.1.3.304/install/intel/19.1.3.304/antlr-2.7.7-hoqq24u/lib:1;/apps/ops/test/spack-stack-1.6.0-nco/envs/nco-intel-19.1.3.304/install/intel/19.1.3.304/netcdf-fortran-4.6.1-b4geqvx/lib:1;/apps/ops/test/spack-stack-1.6.0-nco/envs/nco-intel-19.1.3.304/install/intel/19.1.3.304/netcdf-c-4.9.2-bcln2jr/lib:1;/apps/ops/test/spack-stack-1.6.0-nco/envs/nco-intel-19.1.3.304/install/intel/19.1.3.304/parallel-netcdf-1.12.2-77j7vnx/lib:1;/apps/ops/test/spack-stack-1.6.0-nco/envs/nco-intel-19.1.3.304/install/intel/19.1.3.304/hdf5-1.14.0-yckaywr/lib:1;/apps/ops/test/spack-stack-1.6.0-nco/envs/nco-intel-19.1.3.304/install/intel/19.1.3.304/zlib-1.2.13-yoc3h4p/lib:1;/apps/ops/test/spack-stack-1.6.0-nco/envs/nco-intel-19.1.3.304/install/intel/19.1.3.304/curl-8.4.0-zr7lvkw/lib:1;/apps/ops/test/spack-stack-1.6.0-nco/envs/nco-intel-19.1.3.304/install/intel/19.1.3.304/pcre2-10.42-utn3zxn/lib:1;/apps/ops/test/spack-stack-1.6.0-nco/envs/nco-intel-19.1.3.304/install/intel/19.1.3.304/gettext-0.19.7-2fi4wu4/lib:1;/apps/ops/test/spack-stack-1.6.0-nco/envs/nco-intel-19.1.3.304/install/intel/19.1.3.304/zstd-1.5.2-pe6gdyf/lib:1;/apps/ops/test/spack-stack-1.6.0-nco/envs/nco-intel-19.1.3.304/install/intel/19.1.3.304/python-3.10.13-qzt4y2i/lib:1;/apps/ops/test/spack-stack-1.6.0-nco/envs/nco-intel-19.1.3.304/install/intel/19.1.3.304/util-linux-uuid-2.38.1-jwatqmi/lib:1;/apps/ops/test/spack-stack-1.6.0-nco/envs/nco-intel-19.1.3.304/install/intel/19.1.3.304/sqlite-3.43.2-onahail/lib:1;/apps/ops/test/spack-stack-1.6.0-nco/envs/nco-intel-19.1.3.304/install/intel/19.1.3.304/libxcrypt-4.4.35-soueqga/lib:1', 'CRTM_FIX': '/lfs/h2/emc/da/noscrub/emc.da/GDASApp/fix/crtm/2.4.0', 'COM_RTOFS_TMPL': '${DMPDIR}', 'XKEYSYMDB': '/usr/X11R6/lib/X11/XKeysymDB', 'PE_ENV': 'INTEL', 'COM_ATMOS_GRIB_GRID_TMPL': '${ROTDIR}/${RUN}.${YMD}/${HH}/${MEMDIR}/products/atmos/grib2/${GRID}', '__LMOD_REF_COUNT_PE_FORTRAN_PKGCONFIG_LIBS': 'mpichf90:1', 'LMOD_FAMILY_CRAYPE_CPU': 'craype-x86-rome', 'openjpeg_ROOT': '/apps/ops/test/spack-stack-1.6.0-nco/envs/nco-intel-19.1.3.304/install/intel/19.1.3.304/openjpeg-2.5.0-ulqgnem', 'NUM_SND_COLLECTIVES': 9, 'CRAY_LMOD_COMPILER': 'intel/19.0', 'atlas_ROOT': '/apps/ops/test/spack-stack-1.6.0-nco/envs/nco-intel-19.1.3.304/install/intel/19.1.3.304/ecmwf-atlas-0.35.0-42ufhdx', 'PSLOT': 'retrotestgfs10', 'LMOD_MODULERCFILE': '/apps/prod/lmodules/.modulerc.lua', 'QUEUE': 'devmax', 'DOIAU': True, 'PACKAGEROOT': '/lfs/h1/ops/prod/packages', 'PE_PRODUCT_LIST': 'CRAYPE:CRAYPE_X86_ROME', 'LMOD_IGNORE_CACHE': True, 'NDATE': '/apps/ops/prod/nco/core/prod_util.v2.0.14/exec/ndate', 'COM_ICE_RESTART_TMPL': '${ROTDIR}/${RUN}.${YMD}/${HH}/${MEMDIR}/model/ice/restart', 'LMOD_FAMILY_MPI_VERSION': '8.1.9', 'COM_ICE_ANLMON_TMPL': '${ROTDIR}/${RUN}.${YMD}/${HH}/${MEMDIR}/products/ice/anlmon', 'FHOUT_ICE': 3, 'PE_PERFTOOLS_MPICH_LIBDIR': '/opt/cray/pe/mpich/8.1.9/ofi/intel/19.0/lib', 'libxmu_ROOT': '/apps/ops/test/spack-stack-1.6.0-nco/envs/nco-intel-19.1.3.304/install/intel/19.1.3.304/libxmu-1.1.4-xhe6hjc', 'COM_SNOW_ANLMON_TMPL': '${ROTDIR}/${RUN}.${YMD}/${HH}/${MEMDIR}/products/snow/anlmon', 'py_netcdf4_ROOT': '/apps/ops/test/spack-stack-1.6.0-nco/envs/nco-intel-19.1.3.304/install/intel/19.1.3.304/py-netcdf4-1.5.8-6kubnk6', 'PE_MPICH_GTL_DIR_amd_gfx906': '-L/opt/cray/pe/mpich/8.1.9/gtl/lib', 'EUPD_CYC': 'both', 'LANG': 'en_US.UTF-8', 'FETCHDIR': '{{ FETCHDIR }}', '_ModuleTable056_': 'e30sWyJzdGFja0RlcHRoIl09MSxbInN0YXR1cyJdPSJhY3RpdmUiLFsidXNlck5hbWUiXT0ic3RhY2stcHl0aG9uLzMuMTAuMTMiLH0sdGFyPXtbImZuIl09Ii9hcHBzL29wcy90ZXN0L3NwYWNrLXN0YWNrLTEuNi4wLW5jby9lbnZzL25jby1pbnRlbC0xOS4xLjMuMzA0L2luc3RhbGwvbW9kdWxlZmlsZXMvaW50ZWwvMTkuMS4zLjMwNC90YXIvMS4zNC5sdWEiLFsiZnVsbE5hbWUiXT0idGFyLzEuMzQiLFsibG9hZE9yZGVyIl09MjAscHJvcFQ9e30sWyJyZWZfY291bnQiXT0xLFsic3RhY2tEZXB0aCJdPTIsWyJzdGF0dXMiXT0iYWN0aXZlIixbInVzZXJOYW1lIl09InRhci8xLjM0Iix9LHVkdW5pdHM9e1siZm4iXT0iL2FwcHMvb3BzL3Rlc3Qvc3BhY2stc3RhY2stMS42LjAt', 'TZ': 'Etc/UTC', 'netcdf_c_ROOT': '/apps/ops/test/spack-stack-1.6.0-nco/envs/nco-intel-19.1.3.304/install/intel/19.1.3.304/netcdf-c-4.9.2-bcln2jr', '_ModuleTable019_': 'bGwvbW9kdWxlZmlsZXMvY3JheS1tcGljaC84LjEuOS9pbnRlbC8xOS4xLjMuMzA0L2hkZjUvMS4xNC4wLmx1YSIsWyJmdWxsTmFtZSJdPSJoZGY1LzEuMTQuMCIsWyJsb2FkT3JkZXIiXT0yOCxwcm9wVD17fSxbInJlZl9jb3VudCJdPTIsWyJzdGFja0RlcHRoIl09MSxbInN0YXR1cyJdPSJhY3RpdmUiLFsidXNlck5hbWUiXT0iaGRmNS8xLjE0LjAiLH0saW50ZWw9e1siZm4iXT0iL2FwcHMvcHJvZC9sbW9kdWxlcy9jb3JlL2ludGVsLzE5LjEuMy4zMDQubHVhIixbImZ1bGxOYW1lIl09ImludGVsLzE5LjEuMy4zMDQiLFsibG9hZE9yZGVyIl09NCxwcm9wVD17fSxbInN0YWNrRGVwdGgiXT0yLFsic3RhdHVzIl09ImFjdGl2ZSIsWyJ1c2VyTmFtZSJdPSJpbnRlbC8xOS4xLjMu', 'PE_MPICH_GTL_DIR_amd_gfx908': '-L/opt/cray/pe/mpich/8.1.9/gtl/lib', 'COMLOGSROOT': '/lfs/h1/ops/prod/com', 'imp_physics': 8, 'QUEUE_SERVICE': 'dev_transfer', 'WINDOWMANAGER': 'xterm', 'COM_ICE_NETCDF_TMPL': '${ROTDIR}/${RUN}.${YMD}/${HH}/${MEMDIR}/products/ice/netcdf', '_ModuleTable008_': 'bWUiXT0iY3JheXBlLzIuNy4xNyIsWyJsb2FkT3JkZXIiXT0xNSxwcm9wVD17fSxbInN0YWNrRGVwdGgiXT0xLFsic3RhdHVzIl09ImFjdGl2ZSIsWyJ1c2VyTmFtZSJdPSJjcmF5cGUvMi43LjE3Iix9LFsiY3JheXBlLW5ldHdvcmstb2ZpIl09e1siZm4iXT0iL29wdC9jcmF5L3BlL2xtb2QvbW9kdWxlZmlsZXMvY3JheXBlLXRhcmdldHMvZGVmYXVsdC9jcmF5cGUtbmV0d29yay1vZmkubHVhIixbImZ1bGxOYW1lIl09ImNyYXlwZS1uZXR3b3JrLW9maSIsWyJsb2FkT3JkZXIiXT03LHByb3BUPXt9LFsic3RhY2tEZXB0aCJdPTIsWyJzdGF0dXMiXT0iYWN0aXZlIixbInVzZXJOYW1lIl09ImNyYXlwZS1uZXR3b3JrLW9maSIsfSxbImNyYXlwZS14ODYtcm9tZSJdPXtbImZuIl09', 'COMOUT_SNOW_ANLMON': '/lfs/h2/emc/ptmp/emc.global/RETRO_GFSv17/comroot/retrotestgfs10/gdas.20241124/18//products/snow/anlmon', 'LESS': '-M -I -R', 'PE_MPICH_GTL_LIBS_nvidia70': '-lmpi_gtl_cuda', '__LMOD_REF_COUNT_INTEL_LICENSE_FILE': '/pe/intel/compilers_and_libraries_2020.4.304/linux/licenses:1;/opt/intel/licenses:1;/intel/licenses:1', 'SMOOTH_ENKF': False, 'HISTTIMEFORMAT': '%F %T ', 'LMOD_FAMILY_COMPILER_VERSION': '19.1.3.304', 'IAU_DELTHRS_ENKF': 6, 'COM_ATMOS_GRIB_TMPL': '${ROTDIR}/${RUN}.${YMD}/${HH}/${MEMDIR}/products/atmos/grib2', 'gsl_ROOT': '/apps/ops/test/spack-stack-1.6.0-nco/envs/nco-intel-19.1.3.304/install/intel/19.1.3.304/gsl-2.7.1-kr3c4v5', 'cyc': 18, 'HOSTNAME': 'nid001057', 'COM_ICE_LETKF_TMPL': '${ROTDIR}/${RUN}.${YMD}/${HH}/${MEMDIR}/analysis/ice/letkf', 'IPPROOT': '/pe/intel/compilers_and_libraries_2020.4.304/linux/ipp', 'LMOD_SYSTEM_DEFAULT_MODULES': 'envvar/1.0', 'OLDPWD': '/u/emc.global', 'fckit_ROOT': '/apps/ops/test/spack-stack-1.6.0-nco/envs/nco-intel-19.1.3.304/install/intel/19.1.3.304/fckit-0.11.0-7qg4hhj', 'util_linux_uuid_ROOT': '/apps/ops/test/spack-stack-1.6.0-nco/envs/nco-intel-19.1.3.304/install/intel/19.1.3.304/util-linux-uuid-2.38.1-jwatqmi', 'COM_WAVE_RESTART_TMPL': '${ROTDIR}/${RUN}.${YMD}/${HH}/${MEMDIR}/model/wave/restart', 'COM_ATMOS_RESTART_TMPL': '${ROTDIR}/${RUN}.${YMD}/${HH}/${MEMDIR}/model/atmos/restart', 'PBS_O_HOME': '/u/emc.global', 'SENDSDM': False, 'COM_ATMOS_BUFR_TMPL': '${ROTDIR}/${RUN}.${YMD}/${HH}/${MEMDIR}/products/atmos/bufr', 'py_pandas_ROOT': '/apps/ops/test/spack-stack-1.6.0-nco/envs/nco-intel-19.1.3.304/install/intel/19.1.3.304/py-pandas-1.5.3-u3wc7uc', 'NMEM_ENS_GFS_OFFSET': 20, '__LMOD_REF_COUNT__LMFILES_': '/opt/cray/pe/lmod/modulefiles/craype-targets/default/craype-x86-rome.lua:1;/apps/prod/lmodules/sys_core/envvar/1.0:1;/opt/cray/pe/lmod/modulefiles/core/PrgEnv-intel/8.3.3.lua:1;/apps/prod/lmodules/core/intel/19.1.3.304.lua:1;/apps/ops/test/spack-stack-1.6.0-nco/envs/nco-intel-19.1.3.304/install/modulefiles/Core/stack-intel/19.1.3.304.lua:1;/opt/cray/modulefiles/libfabric/1.20.1:1;/opt/cray/pe/lmod/modulefiles/craype-targets/default/craype-network-ofi.lua:1;/opt/cray/pe/lmod/modulefiles/comnet/intel/19.0/ofi/1.0/cray-mpich/8.1.9.lua:1;/apps/ops/test/spack-stack-1.6.0-nco/envs/nco-intel-19.1.3.304/install/modulefiles/intel/19.1.3.304/stack-cray-mpich/8.1.9.lua:1;/apps/ops/test/spack-stack-1.6.0-nco/envs/nco-intel-19.1.3.304/install/modulefiles/intel/19.1.3.304/libxcrypt/4.4.35.lua:1;/apps/ops/test/spack-stack-1.6.0-nco/envs/nco-intel-19.1.3.304/install/modulefiles/intel/19.1.3.304/sqlite/3.43.2.lua:1;/apps/ops/test/spack-stack-1.6.0-nco/envs/nco-intel-19.1.3.304/install/modulefiles/intel/19.1.3.304/util-linux-uuid/2.38.1.lua:1;/apps/ops/test/spack-stack-1.6.0-nco/envs/nco-intel-19.1.3.304/install/modulefiles/intel/19.1.3.304/python/3.10.13.lua:1;/apps/ops/test/spack-stack-1.6.0-nco/envs/nco-intel-19.1.3.304/install/modulefiles/intel/19.1.3.304/stack-python/3.10.13.lua:1;/opt/cray/pe/lmod/modulefiles/core/craype/2.7.17.lua:1;/opt/cray/pe/lmod/modulefiles/core/cray-pals/1.3.2.lua:1;/apps/ops/test/spack-stack-1.6.0-nco/envs/nco-intel-19.1.3.304/install/modulefiles/intel/19.1.3.304/cmake/3.23.1.lua:1;/apps/ops/test/spack-stack-1.6.0-nco/envs/nco-intel-19.1.3.304/install/modulefiles/intel/19.1.3.304/pigz/2.7.lua:1;/apps/ops/test/spack-stack-1.6.0-nco/envs/nco-intel-19.1.3.304/install/modulefiles/intel/19.1.3.304/zstd/1.5.2.lua:1;/apps/ops/test/spack-stack-1.6.0-nco/envs/nco-intel-19.1.3.304/install/modulefiles/intel/19.1.3.304/tar/1.34.lua:1;/apps/ops/test/spack-stack-1.6.0-nco/envs/nco-intel-19.1.3.304/install/modulefiles/intel/19.1.3.304/gettext/0.19.7.lua:1;/apps/ops/test/spack-stack-1.6.0-nco/envs/nco-intel-19.1.3.304/install/modulefiles/intel/19.1.3.304/pcre2/10.42.lua:1;/apps/ops/test/spack-stack-1.6.0-nco/envs/nco-intel-19.1.3.304/install/modulefiles/intel/19.1.3.304/curl/8.4.0.lua:1;/apps/ops/test/spack-stack-1.6.0-nco/envs/nco-intel-19.1.3.304/install/modulefiles/intel/19.1.3.304/zlib/1.2.13.lua:1;/apps/ops/test/spack-stack-1.6.0-nco/envs/nco-intel-19.1.3.304/install/modulefiles/intel/19.1.3.304/git/2.35.3.lua:1;/apps/prod/lmodules/core/git-lfs/2.11.0:1;/apps/ops/test/spack-stack-1.6.0-nco/envs/nco-intel-19.1.3.304/install/modulefiles/intel/19.1.3.304/pkg-config/0.29.2.lua:1;/apps/ops/test/spack-stack-1.6.0-nco/envs/nco-intel-19.1.3.304/install/modulefiles/cray-mpich/8.1.9/intel/19.1.3.304/hdf5/1.14.0.lua:1;/apps/ops/test/spack-stack-1.6.0-nco/envs/nco-intel-19.1.3.304/install/modulefiles/cray-mpich/8.1.9/intel/19.1.3.304/parallel-netcdf/1.12.2.lua:1;/apps/ops/test/spack-stack-1.6.0-nco/envs/nco-intel-19.1.3.304/install/modulefiles/cray-mpich/8.1.9/intel/19.1.3.304/netcdf-c/4.9.2.lua:1;/apps/ops/test/spack-stack-1.6.0-nco/envs/nco-intel-19.1.3.304/install/modulefiles/cray-mpich/8.1.9/intel/19.1.3.304/nccmp/1.9.0.1.lua:1;/apps/ops/test/spack-stack-1.6.0-nco/envs/nco-intel-19.1.3.304/install/modulefiles/cray-mpich/8.1.9/intel/19.1.3.304/netcdf-fortran/4.6.1.lua:1;/apps/ops/test/spack-stack-1.6.0-nco/envs/nco-intel-19.1.3.304/install/modulefiles/intel/19.1.3.304/antlr/2.7.7.lua:1;/apps/ops/test/spack-stack-1.6.0-nco/envs/nco-intel-19.1.3.304/install/modulefiles/intel/19.1.3.304/gsl/2.7.1.lua:1;/apps/ops/test/spack-stack-1.6.0-nco/envs/nco-intel-19.1.3.304/install/modulefiles/cray-mpich/8.1.9/intel/19.1.3.304/nco/5.0.6.lua:1;/apps/ops/test/spack-stack-1.6.0-nco/envs/nco-intel-19.1.3.304/install/modulefiles/cray-mpich/8.1.9/intel/19.1.3.304/parallelio/2.5.10.lua:1;/apps/ops/test/spack-stack-1.6.0-nco/envs/nco-intel-19.1.3.304/install/modulefiles/intel/19.1.3.304/boost/1.83.0.lua:1;/apps/ops/test/spack-stack-1.6.0-nco/envs/nco-intel-19.1.3.304/install/modulefiles/intel/19.1.3.304/bufr/12.0.1.lua:1;/apps/ops/test/spack-stack-1.6.0-nco/envs/nco-intel-19.1.3.304/install/modulefiles/intel/19.1.3.304/ecbuild/3.7.2.lua:1;/apps/ops/test/spack-stack-1.6.0-nco/envs/nco-intel-19.1.3.304/install/modulefiles/intel/19.1.3.304/openjpeg/2.5.0.lua:1;/apps/ops/test/spack-stack-1.6.0-nco/envs/nco-intel-19.1.3.304/install/modulefiles/intel/19.1.3.304/eigen/3.4.0.lua:1;/apps/ops/test/spack-stack-1.6.0-nco/envs/nco-intel-19.1.3.304/install/modulefiles/intel/19.1.3.304/openblas/0.3.24.lua:1;/apps/ops/test/spack-stack-1.6.0-nco/envs/nco-intel-19.1.3.304/install/modulefiles/cray-mpich/8.1.9/intel/19.1.3.304/eckit/1.24.5.lua:1;/apps/ops/test/spack-stack-1.6.0-nco/envs/nco-intel-19.1.3.304/install/modulefiles/cray-mpich/8.1.9/intel/19.1.3.304/fftw/3.3.10.lua:1;/apps/ops/test/spack-stack-1.6.0-nco/envs/nco-intel-19.1.3.304/install/modulefiles/cray-mpich/8.1.9/intel/19.1.3.304/fckit/0.11.0.lua:1;/apps/ops/test/spack-stack-1.6.0-nco/envs/nco-intel-19.1.3.304/install/modulefiles/cray-mpich/8.1.9/intel/19.1.3.304/fms/2023.04.lua:1;/apps/ops/test/spack-stack-1.6.0-nco/envs/nco-intel-19.1.3.304/install/modulefiles/cray-mpich/8.1.9/intel/19.1.3.304/esmf/8.5.0.lua:1;/apps/ops/test/spack-stack-1.6.0-nco/envs/nco-intel-19.1.3.304/install/modulefiles/intel/19.1.3.304/qhull/2020.2.lua:1;/apps/ops/test/spack-stack-1.6.0-nco/envs/nco-intel-19.1.3.304/install/modulefiles/cray-mpich/8.1.9/intel/19.1.3.304/atlas/0.35.0.lua:1;/apps/ops/test/spack-stack-1.6.0-nco/envs/nco-intel-19.1.3.304/install/modulefiles/intel/19.1.3.304/sp/2.5.0.lua:1;/apps/ops/test/spack-stack-1.6.0-nco/envs/nco-intel-19.1.3.304/install/modulefiles/intel/19.1.3.304/gsl-lite/0.37.0.lua:1;/apps/ops/test/spack-stack-1.6.0-nco/envs/nco-intel-19.1.3.304/install/modulefiles/intel/19.1.3.304/libjpeg/2.1.0.lua:1;/apps/ops/test/spack-stack-1.6.0-nco/envs/nco-intel-19.1.3.304/install/modulefiles/intel/19.1.3.304/libpng/1.6.37.lua:1;/apps/ops/test/spack-stack-1.6.0-nco/envs/nco-intel-19.1.3.304/install/modulefiles/intel/19.1.3.304/libxt/1.1.5.lua:1;/apps/ops/test/spack-stack-1.6.0-nco/envs/nco-intel-19.1.3.304/install/modulefiles/intel/19.1.3.304/libxmu/1.1.4.lua:1;/apps/ops/test/spack-stack-1.6.0-nco/envs/nco-intel-19.1.3.304/install/modulefiles/intel/19.1.3.304/libxpm/3.5.12.lua:1;/apps/ops/test/spack-stack-1.6.0-nco/envs/nco-intel-19.1.3.304/install/modulefiles/intel/19.1.3.304/libxaw/1.0.13.lua:1;/apps/ops/test/spack-stack-1.6.0-nco/envs/nco-intel-19.1.3.304/install/modulefiles/intel/19.1.3.304/udunits/2.2.28.lua:1;/apps/ops/test/spack-stack-1.6.0-nco/envs/nco-intel-19.1.3.304/install/modulefiles/cray-mpich/8.1.9/intel/19.1.3.304/ncview/2.1.9.lua:1;/apps/ops/test/spack-stack-1.6.0-nco/envs/nco-intel-19.1.3.304/install/modulefiles/cray-mpich/8.1.9/intel/19.1.3.304/netcdf-cxx4/4.3.1.lua:1;/apps/ops/prod/nco/modulefiles/core/prod_util/2.0.14:1;/apps/ops/test/spack-stack-1.6.0-nco/envs/nco-intel-19.1.3.304/install/modulefiles/intel/19.1.3.304/py-setuptools/63.4.3.lua:1;/apps/ops/test/spack-stack-1.6.0-nco/envs/nco-intel-19.1.3.304/install/modulefiles/intel/19.1.3.304/py-jinja2/3.1.2.lua:1;/apps/ops/test/spack-stack-1.6.0-nco/envs/nco-intel-19.1.3.304/install/modulefiles/cray-mpich/8.1.9/intel/19.1.3.304/py-netcdf4/1.5.8.lua:1;/apps/ops/test/spack-stack-1.6.0-nco/envs/nco-intel-19.1.3.304/install/modulefiles/intel/19.1.3.304/py-pybind11/2.11.1.lua:1;/apps/ops/test/spack-stack-1.6.0-nco/envs/nco-intel-19.1.3.304/install/modulefiles/intel/19.1.3.304/py-pycodestyle/2.11.0.lua:1;/apps/ops/test/spack-stack-1.6.0-nco/envs/nco-intel-19.1.3.304/install/modulefiles/intel/19.1.3.304/libyaml/0.2.5.lua:1;/apps/ops/test/spack-stack-1.6.0-nco/envs/nco-intel-19.1.3.304/install/modulefiles/intel/19.1.3.304/py-pyyaml/5.4.1.lua:1;/apps/ops/test/spack-stack-1.6.0-nco/envs/nco-intel-19.1.3.304/install/modulefiles/intel/19.1.3.304/py-scipy/1.10.1.lua:1;/apps/ops/test/spack-stack-1.6.0-nco/envs/nco-intel-19.1.3.304/install/modulefiles/intel/19.1.3.304/py-xarray/2023.7.0.lua:1;/apps/ops/test/spack-stack-1.6.0-nco/envs/nco-intel-19.1.3.304/install/modulefiles/intel/19.1.3.304/py-f90nml/1.4.3.lua:1;/apps/ops/test/spack-stack-1.6.0-nco/envs/nco-intel-19.1.3.304/install/modulefiles/intel/19.1.3.304/py-pip/23.1.2.lua:1;/apps/ops/test/spack-stack-1.6.0-nco/envs/nco-intel-19.1.3.304/install/modulefiles/intel/19.1.3.304/py-bottleneck/1.3.7.lua:1;/apps/ops/test/spack-stack-1.6.0-nco/envs/nco-intel-19.1.3.304/install/modulefiles/intel/19.1.3.304/py-numexpr/2.8.4.lua:1;/apps/ops/test/spack-stack-1.6.0-nco/envs/nco-intel-19.1.3.304/install/modulefiles/intel/19.1.3.304/py-six/1.16.0.lua:1;/apps/ops/test/spack-stack-1.6.0-nco/envs/nco-intel-19.1.3.304/install/modulefiles/intel/19.1.3.304/py-python-dateutil/2.8.2.lua:1;/apps/ops/test/spack-stack-1.6.0-nco/envs/nco-intel-19.1.3.304/install/modulefiles/intel/19.1.3.304/py-pytz/2023.3.lua:1;/apps/ops/test/spack-stack-1.6.0-nco/envs/nco-intel-19.1.3.304/install/modulefiles/intel/19.1.3.304/py-pandas/1.5.3.lua:1;/apps/ops/test/spack-stack-1.6.0-nco/envs/nco-intel-19.1.3.304/install/modulefiles/intel/19.1.3.304/py-markupsafe/2.1.3.lua:1;/apps/ops/test/spack-stack-1.6.0-nco/envs/nco-intel-19.1.3.304/install/modulefiles/intel/19.1.3.304/py-numpy/1.24.4.lua:1;/apps/ops/test/spack-stack-1.6.0-nco/envs/nco-intel-19.1.3.304/install/modulefiles/intel/19.1.3.304/py-cftime/1.0.3.4.lua:1;/apps/ops/test/spack-stack-1.6.0-nco/envs/nco-intel-19.1.3.304/install/modulefiles/intel/19.1.3.304/py-packaging/23.1.lua:1;/lfs/h2/emc/global/noscrub/emc.global/RETRO_GFSv17/git/global-workflow/develop_20250602/sorc/gdas.cd/modulefiles/GDAS/wcoss2.intel.lua:1', 'CONFIG_SITE': '', 'CSHEDIT': 'emacs', 'cmake_ROOT': '/apps/ops/test/spack-stack-1.6.0-nco/envs/nco-intel-19.1.3.304/install/intel/19.1.3.304/cmake-3.23.1-chpcsen', 'DO_ARCHCOM': True, 'DO_FIT2OBS': True, 'DO_ICE': True, 'CHGRP_CMD': 'chgrp rstprod', 'DO_NEST': False, 'LMOD_CUSTOM_CNCM_INTEL_19_0_UCX_1_0_X86_ROME_1_0_CRAY_MPICH_8_0_PREFIX': '/apps/prod/lmodules/INTEL_cray_mpich/19.1.3.304/cray-mpich/8.1.4:/apps/ops/prod/libs/modulefiles/mpi/intel/19.1.3.304/cray-mpich/8.1.4', 'PBS_JOBID': datetime.datetime(4605, 12, 31, 0, 0), 'LMOD_CUSTOM_COMPILER_GNU_8_0_PREFIX': '/apps/prod/lmodules/gcc/11.2.0:/apps/prod/lmodules/gcc/10.2.0', 'ENVIRONMENT': 'BATCH', 'DO_AERO_FCST': False, 'GPG_TTY': 'not a tty', 'LESS_ADVANCED_PREPROCESSOR': False, 'DOLETKF_OCN': False, 'PARMgfs': '/lfs/h2/emc/global/noscrub/emc.global/RETRO_GFSv17/git/global-workflow/develop_20250602/parm', 'COM_WAVE_PREP_TMPL': '${ROTDIR}/${RUN}.${YMD}/${HH}/${MEMDIR}/model/wave/prep', 'py_numexpr_ROOT': '/apps/ops/test/spack-stack-1.6.0-nco/envs/nco-intel-19.1.3.304/install/intel/19.1.3.304/py-numexpr-2.8.4-2rtg4mi', 'SERIAL_FC': 'ftn', 'GSL_ROOT_DIR': '/apps/ops/test/spack-stack-1.6.0-nco/envs/nco-intel-19.1.3.304/install/intel/19.1.3.304/gsl-2.7.1-kr3c4v5', 'DO_FETCH_HPSS': False, 'BASE_ENV': '/lfs/h2/emc/global/noscrub/emc.global/RETRO_GFSv17/git/global-workflow/develop_20250602/env', 'NLN': '/bin/ln -sf', 'nst_anl': True, 'COLORTERM': 1, 'job': 'anlstat', 'RESERVATION': '', 'hdf5_ROOT': '/apps/ops/test/spack-stack-1.6.0-nco/envs/nco-intel-19.1.3.304/install/intel/19.1.3.304/hdf5-1.14.0-yckaywr', 'BUFR_ROOT': '/apps/ops/test/spack-stack-1.6.0-nco/envs/nco-intel-19.1.3.304/install/intel/19.1.3.304/bufr-12.0.1-tirva7g', '_ModuleTable039_': 'YTIvMy4xLjIiLFsibG9hZE9yZGVyIl09NjMscHJvcFQ9e30sWyJzdGFja0RlcHRoIl09MSxbInN0YXR1cyJdPSJhY3RpdmUiLFsidXNlck5hbWUiXT0icHktamluamEyLzMuMS4yIix9LFsicHktbWFya3Vwc2FmZSJdPXtbImZuIl09Ii9hcHBzL29wcy90ZXN0L3NwYWNrLXN0YWNrLTEuNi4wLW5jby9lbnZzL25jby1pbnRlbC0xOS4xLjMuMzA0L2luc3RhbGwvbW9kdWxlZmlsZXMvaW50ZWwvMTkuMS4zLjMwNC9weS1tYXJrdXBzYWZlLzIuMS4zLmx1YSIsWyJmdWxsTmFtZSJdPSJweS1tYXJrdXBzYWZlLzIuMS4zIixbImxvYWRPcmRlciJdPTc5LHByb3BUPXt9LFsic3RhY2tEZXB0aCJdPTEsWyJzdGF0dXMiXT0iYWN0aXZlIixbInVzZXJOYW1lIl09InB5LW1hcmt1cHNhZmUv', 'PBS_JOBNAME': 'retrotestgfs10_gdas_anlstat_18', 'COM_CHEM_HISTORY_TMPL': '${ROTDIR}/${RUN}.${YMD}/${HH}/${MEMDIR}/model/chem/history', 'COM_OBSPROC_TMPL': '${DMPDIR}/${RUN}${DUMP_SUFFIX}.${YMD}/${HH}/atmos', 'NCPUS': 1, '_ModuleTable007_': 'LjkiLFsibG9hZE9yZGVyIl09OCxwcm9wVD17fSxbInN0YWNrRGVwdGgiXT0yLFsic3RhdHVzIl09ImFjdGl2ZSIsWyJ1c2VyTmFtZSJdPSJjcmF5LW1waWNoLzguMS45Iix9LFsiY3JheS1wYWxzIl09e1siZm4iXT0iL29wdC9jcmF5L3BlL2xtb2QvbW9kdWxlZmlsZXMvY29yZS9jcmF5LXBhbHMvMS4zLjIubHVhIixbImZ1bGxOYW1lIl09ImNyYXktcGFscy8xLjMuMiIsWyJsb2FkT3JkZXIiXT0xNixwcm9wVD17fSxbInN0YWNrRGVwdGgiXT0xLFsic3RhdHVzIl09ImFjdGl2ZSIsWyJ1c2VyTmFtZSJdPSJjcmF5LXBhbHMvMS4zLjIiLH0sY3JheXBlPXtbImZuIl09Ii9vcHQvY3JheS9wZS9sbW9kL21vZHVsZWZpbGVzL2NvcmUvY3JheXBlLzIuNy4xNy5sdWEiLFsiZnVsbE5h', 'ntasks': 20, 'boost_ROOT': '/apps/ops/test/spack-stack-1.6.0-nco/envs/nco-intel-19.1.3.304/install/intel/19.1.3.304/boost-1.83.0-nqtmt7k', 'nccmp_ROOT': '/apps/ops/test/spack-stack-1.6.0-nco/envs/nco-intel-19.1.3.304/install/intel/19.1.3.304/nccmp-1.9.0.1-dnptqlr', 'max_tasks_per_node': 128, 'OUTPUT_GRID': 'gaussian_grid', 'EXPDIR': '/lfs/h2/emc/global/noscrub/emc.global/RETRO_GFSv17/expdir/retrotestgfs10', 'COM_OBS_JEDI': '${ROTDIR}/${RUN}.${YMD}/${HH}/${MEMDIR}/obs_jedi', '__LMOD_REF_COUNT_NLSPATH': '/pe/intel/compilers_and_libraries_2020.4.304/linux/compiler/lib/intel64/locale/%l_%t/%N:1;/pe/intel/compilers_and_libraries_2020.4.304/linux/mkl/lib/intel64_lin/locale/%l_%t/%N:1;/pe/intel/debugger_2020/gdb/intel64/share/locale/%l_%t/%N:1', 'FHMIN': 0, '_ModuleTable026_': 'Y2tEZXB0aCJdPTIsWyJzdGF0dXMiXT0iYWN0aXZlIixbInVzZXJOYW1lIl09ImxpYnlhbWwvMC4yLjUiLH0sbmNjbXA9e1siZm4iXT0iL2FwcHMvb3BzL3Rlc3Qvc3BhY2stc3RhY2stMS42LjAtbmNvL2VudnMvbmNvLWludGVsLTE5LjEuMy4zMDQvaW5zdGFsbC9tb2R1bGVmaWxlcy9jcmF5LW1waWNoLzguMS45L2ludGVsLzE5LjEuMy4zMDQvbmNjbXAvMS45LjAuMS5sdWEiLFsiZnVsbE5hbWUiXT0ibmNjbXAvMS45LjAuMSIsWyJsb2FkT3JkZXIiXT0zMSxwcm9wVD17fSxbInN0YWNrRGVwdGgiXT0xLFsic3RhdHVzIl09ImFjdGl2ZSIsWyJ1c2VyTmFtZSJdPSJuY2NtcC8xLjkuMC4xIix9LG5jbz17WyJmbiJdPSIvYXBwcy9vcHMvdGVzdC9zcGFjay1zdGFjay0xLjYuMC1u', 'py_packaging_ROOT': '/apps/ops/test/spack-stack-1.6.0-nco/envs/nco-intel-19.1.3.304/install/intel/19.1.3.304/py-packaging-23.1-2qpd5mc', 'LMOD_FAMILY_CRAYPE_NETWORK': 'craype-network-ofi', 'VERBOSE': True, 'LMOD_FAMILY_CRAYPE_VERSION': '2.7.17', 'NHOUR': '/apps/ops/prod/nco/core/prod_util.v2.0.14/exec/nhour', 'FHMAX_GFS': 384, 'DO_STARTMEM_FROM_JEDIICE': True, 'memory': '90GB', 'DYLD_LIBRARY_PATH': '/apps/ops/test/spack-stack-1.6.0-nco/envs/nco-intel-19.1.3.304/install/intel/19.1.3.304/py-packaging-23.1-2qpd5mc/lib:/apps/ops/test/spack-stack-1.6.0-nco/envs/nco-intel-19.1.3.304/install/intel/19.1.3.304/py-cftime-1.0.3.4-dka7hny/lib:/apps/ops/test/spack-stack-1.6.0-nco/envs/nco-intel-19.1.3.304/install/intel/19.1.3.304/py-numpy-1.24.4-yosem2k/lib:/apps/ops/test/spack-stack-1.6.0-nco/envs/nco-intel-19.1.3.304/install/intel/19.1.3.304/py-markupsafe-2.1.3-45ywjnp/lib:/apps/ops/test/spack-stack-1.6.0-nco/envs/nco-intel-19.1.3.304/install/intel/19.1.3.304/py-pandas-1.5.3-u3wc7uc/lib:/apps/ops/test/spack-stack-1.6.0-nco/envs/nco-intel-19.1.3.304/install/intel/19.1.3.304/py-pytz-2023.3-yebggst/lib:/apps/ops/test/spack-stack-1.6.0-nco/envs/nco-intel-19.1.3.304/install/intel/19.1.3.304/py-python-dateutil-2.8.2-mes6fwe/lib:/apps/ops/test/spack-stack-1.6.0-nco/envs/nco-intel-19.1.3.304/install/intel/19.1.3.304/py-six-1.16.0-u4sv6sb/lib:/apps/ops/test/spack-stack-1.6.0-nco/envs/nco-intel-19.1.3.304/install/intel/19.1.3.304/py-numexpr-2.8.4-2rtg4mi/lib:/apps/ops/test/spack-stack-1.6.0-nco/envs/nco-intel-19.1.3.304/install/intel/19.1.3.304/py-bottleneck-1.3.7-oolvw5k/lib:/apps/ops/test/spack-stack-1.6.0-nco/envs/nco-intel-19.1.3.304/install/intel/19.1.3.304/py-pip-23.1.2-ohrscnx/lib:/apps/ops/test/spack-stack-1.6.0-nco/envs/nco-intel-19.1.3.304/install/intel/19.1.3.304/py-f90nml-1.4.3-rizmifn/lib:/apps/ops/test/spack-stack-1.6.0-nco/envs/nco-intel-19.1.3.304/install/intel/19.1.3.304/py-xarray-2023.7.0-jj7syqa/lib:/apps/ops/test/spack-stack-1.6.0-nco/envs/nco-intel-19.1.3.304/install/intel/19.1.3.304/py-scipy-1.10.1-236sa7x/lib:/apps/ops/test/spack-stack-1.6.0-nco/envs/nco-intel-19.1.3.304/install/intel/19.1.3.304/py-pyyaml-5.4.1-afvmuaf/lib:/apps/ops/test/spack-stack-1.6.0-nco/envs/nco-intel-19.1.3.304/install/intel/19.1.3.304/libyaml-0.2.5-ygjrdvo/lib:/apps/ops/test/spack-stack-1.6.0-nco/envs/nco-intel-19.1.3.304/install/intel/19.1.3.304/py-pycodestyle-2.11.0-bh2jlm5/lib:/apps/ops/test/spack-stack-1.6.0-nco/envs/nco-intel-19.1.3.304/install/intel/19.1.3.304/py-pybind11-2.11.1-wdb6paz/lib:/apps/ops/test/spack-stack-1.6.0-nco/envs/nco-intel-19.1.3.304/install/intel/19.1.3.304/py-netcdf4-1.5.8-6kubnk6/lib:/apps/ops/test/spack-stack-1.6.0-nco/envs/nco-intel-19.1.3.304/install/intel/19.1.3.304/py-jinja2-3.1.2-vbbttij/lib:/apps/ops/test/spack-stack-1.6.0-nco/envs/nco-intel-19.1.3.304/install/intel/19.1.3.304/py-setuptools-63.4.3-rg7efar/lib:/apps/ops/test/spack-stack-1.6.0-nco/envs/nco-intel-19.1.3.304/install/intel/19.1.3.304/netcdf-cxx4-4.3.1-lp7tiyf/lib:/apps/ops/test/spack-stack-1.6.0-nco/envs/nco-intel-19.1.3.304/install/intel/19.1.3.304/udunits-2.2.28-wmjzel4/lib:/apps/ops/test/spack-stack-1.6.0-nco/envs/nco-intel-19.1.3.304/install/intel/19.1.3.304/libxaw-1.0.13-gdstphl/lib:/apps/ops/test/spack-stack-1.6.0-nco/envs/nco-intel-19.1.3.304/install/intel/19.1.3.304/libxpm-3.5.12-dcjsyoi/lib:/apps/ops/test/spack-stack-1.6.0-nco/envs/nco-intel-19.1.3.304/install/intel/19.1.3.304/libxmu-1.1.4-xhe6hjc/lib:/apps/ops/test/spack-stack-1.6.0-nco/envs/nco-intel-19.1.3.304/install/intel/19.1.3.304/libxt-1.1.5-r2mrglu/lib:/apps/ops/test/spack-stack-1.6.0-nco/envs/nco-intel-19.1.3.304/install/intel/19.1.3.304/libpng-1.6.37-3sds4er/lib64:/apps/ops/test/spack-stack-1.6.0-nco/envs/nco-intel-19.1.3.304/install/intel/19.1.3.304/libpng-1.6.37-3sds4er/lib:/apps/ops/test/spack-stack-1.6.0-nco/envs/nco-intel-19.1.3.304/install/intel/19.1.3.304/libjpeg-turbo-2.1.0-rt44pqr/lib64:/apps/ops/test/spack-stack-1.6.0-nco/envs/nco-intel-19.1.3.304/install/intel/19.1.3.304/gsl-lite-0.37.0-7zi7wss/lib64:/apps/ops/test/spack-stack-1.6.0-nco/envs/nco-intel-19.1.3.304/install/intel/19.1.3.304/sp-2.5.0-rhcyr64/lib64:/apps/ops/test/spack-stack-1.6.0-nco/envs/nco-intel-19.1.3.304/install/intel/19.1.3.304/ecmwf-atlas-0.35.0-42ufhdx/lib64:/apps/ops/test/spack-stack-1.6.0-nco/envs/nco-intel-19.1.3.304/install/intel/19.1.3.304/qhull-2020.2-5ycwudw/lib:/apps/ops/test/spack-stack-1.6.0-nco/envs/nco-intel-19.1.3.304/install/intel/19.1.3.304/esmf-8.5.0-7huplmy/lib:/apps/ops/test/spack-stack-1.6.0-nco/envs/nco-intel-19.1.3.304/install/intel/19.1.3.304/fms-2023.04-utbqnz3/lib:/apps/ops/test/spack-stack-1.6.0-nco/envs/nco-intel-19.1.3.304/install/intel/19.1.3.304/fckit-0.11.0-7qg4hhj/lib64:/apps/ops/test/spack-stack-1.6.0-nco/envs/nco-intel-19.1.3.304/install/intel/19.1.3.304/fftw-3.3.10-sefnta3/lib:/apps/ops/test/spack-stack-1.6.0-nco/envs/nco-intel-19.1.3.304/install/intel/19.1.3.304/eckit-1.24.5-isrgc5y/lib64:/apps/ops/test/spack-stack-1.6.0-nco/envs/nco-intel-19.1.3.304/install/intel/19.1.3.304/openblas-0.3.24-7qwu32e/lib:/apps/ops/test/spack-stack-1.6.0-nco/envs/nco-intel-19.1.3.304/install/intel/19.1.3.304/openjpeg-2.5.0-ulqgnem/lib:/apps/ops/test/spack-stack-1.6.0-nco/envs/nco-intel-19.1.3.304/install/intel/19.1.3.304/ecbuild-3.7.2-ovbazu2/lib64:/apps/ops/test/spack-stack-1.6.0-nco/envs/nco-intel-19.1.3.304/install/intel/19.1.3.304/bufr-12.0.1-tirva7g/lib64:/apps/ops/test/spack-stack-1.6.0-nco/envs/nco-intel-19.1.3.304/install/intel/19.1.3.304/bufr-12.0.1-tirva7g/lib:/apps/ops/test/spack-stack-1.6.0-nco/envs/nco-intel-19.1.3.304/install/intel/19.1.3.304/boost-1.83.0-nqtmt7k/lib:/apps/ops/test/spack-stack-1.6.0-nco/envs/nco-intel-19.1.3.304/install/intel/19.1.3.304/parallelio-2.5.10-3rkk43u/lib:/apps/ops/test/spack-stack-1.6.0-nco/envs/nco-intel-19.1.3.304/install/intel/19.1.3.304/nco-5.0.6-6ykwuoz/lib:/apps/ops/test/spack-stack-1.6.0-nco/envs/nco-intel-19.1.3.304/install/intel/19.1.3.304/gsl-2.7.1-kr3c4v5/lib:/apps/ops/test/spack-stack-1.6.0-nco/envs/nco-intel-19.1.3.304/install/intel/19.1.3.304/antlr-2.7.7-hoqq24u/lib:/apps/ops/test/spack-stack-1.6.0-nco/envs/nco-intel-19.1.3.304/install/intel/19.1.3.304/netcdf-fortran-4.6.1-b4geqvx/lib:/apps/ops/test/spack-stack-1.6.0-nco/envs/nco-intel-19.1.3.304/install/intel/19.1.3.304/netcdf-c-4.9.2-bcln2jr/lib:/apps/ops/test/spack-stack-1.6.0-nco/envs/nco-intel-19.1.3.304/install/intel/19.1.3.304/parallel-netcdf-1.12.2-77j7vnx/lib:/apps/ops/test/spack-stack-1.6.0-nco/envs/nco-intel-19.1.3.304/install/intel/19.1.3.304/hdf5-1.14.0-yckaywr/lib:/apps/ops/test/spack-stack-1.6.0-nco/envs/nco-intel-19.1.3.304/install/intel/19.1.3.304/zlib-1.2.13-yoc3h4p/lib:/apps/ops/test/spack-stack-1.6.0-nco/envs/nco-intel-19.1.3.304/install/intel/19.1.3.304/curl-8.4.0-zr7lvkw/lib:/apps/ops/test/spack-stack-1.6.0-nco/envs/nco-intel-19.1.3.304/install/intel/19.1.3.304/pcre2-10.42-utn3zxn/lib:/apps/ops/test/spack-stack-1.6.0-nco/envs/nco-intel-19.1.3.304/install/intel/19.1.3.304/gettext-0.19.7-2fi4wu4/lib:/apps/ops/test/spack-stack-1.6.0-nco/envs/nco-intel-19.1.3.304/install/intel/19.1.3.304/zstd-1.5.2-pe6gdyf/lib:/apps/ops/test/spack-stack-1.6.0-nco/envs/nco-intel-19.1.3.304/install/intel/19.1.3.304/python-3.10.13-qzt4y2i/lib:/apps/ops/test/spack-stack-1.6.0-nco/envs/nco-intel-19.1.3.304/install/intel/19.1.3.304/util-linux-uuid-2.38.1-jwatqmi/lib:/apps/ops/test/spack-stack-1.6.0-nco/envs/nco-intel-19.1.3.304/install/intel/19.1.3.304/sqlite-3.43.2-onahail/lib:/apps/ops/test/spack-stack-1.6.0-nco/envs/nco-intel-19.1.3.304/install/intel/19.1.3.304/libxcrypt-4.4.35-soueqga/lib', 'MACHTYPE': 'x86_64-suse-linux', 'FIXreg2grb2': '/lfs/h2/emc/global/noscrub/emc.global/RETRO_GFSv17/git/global-workflow/develop_20250602/fix/reg2grb2', 'COM_WAVE_GEMPAK_TMPL': '${ROTDIR}/${RUN}.${YMD}/${HH}/${MEMDIR}/products/wave/gempak', '__LMOD_REF_COUNT_LD_LIBRARY_PATH': '/apps/ops/test/spack-stack-1.6.0-nco/envs/nco-intel-19.1.3.304/install/intel/19.1.3.304/py-packaging-23.1-2qpd5mc/lib:1;/apps/ops/test/spack-stack-1.6.0-nco/envs/nco-intel-19.1.3.304/install/intel/19.1.3.304/py-cftime-1.0.3.4-dka7hny/lib:1;/apps/ops/test/spack-stack-1.6.0-nco/envs/nco-intel-19.1.3.304/install/intel/19.1.3.304/py-numpy-1.24.4-yosem2k/lib:1;/apps/ops/test/spack-stack-1.6.0-nco/envs/nco-intel-19.1.3.304/install/intel/19.1.3.304/py-markupsafe-2.1.3-45ywjnp/lib:1;/apps/ops/test/spack-stack-1.6.0-nco/envs/nco-intel-19.1.3.304/install/intel/19.1.3.304/py-pandas-1.5.3-u3wc7uc/lib:1;/apps/ops/test/spack-stack-1.6.0-nco/envs/nco-intel-19.1.3.304/install/intel/19.1.3.304/py-pytz-2023.3-yebggst/lib:1;/apps/ops/test/spack-stack-1.6.0-nco/envs/nco-intel-19.1.3.304/install/intel/19.1.3.304/py-python-dateutil-2.8.2-mes6fwe/lib:1;/apps/ops/test/spack-stack-1.6.0-nco/envs/nco-intel-19.1.3.304/install/intel/19.1.3.304/py-six-1.16.0-u4sv6sb/lib:1;/apps/ops/test/spack-stack-1.6.0-nco/envs/nco-intel-19.1.3.304/install/intel/19.1.3.304/py-numexpr-2.8.4-2rtg4mi/lib:1;/apps/ops/test/spack-stack-1.6.0-nco/envs/nco-intel-19.1.3.304/install/intel/19.1.3.304/py-bottleneck-1.3.7-oolvw5k/lib:1;/apps/ops/test/spack-stack-1.6.0-nco/envs/nco-intel-19.1.3.304/install/intel/19.1.3.304/py-pip-23.1.2-ohrscnx/lib:1;/apps/ops/test/spack-stack-1.6.0-nco/envs/nco-intel-19.1.3.304/install/intel/19.1.3.304/py-f90nml-1.4.3-rizmifn/lib:1;/apps/ops/test/spack-stack-1.6.0-nco/envs/nco-intel-19.1.3.304/install/intel/19.1.3.304/py-xarray-2023.7.0-jj7syqa/lib:1;/apps/ops/test/spack-stack-1.6.0-nco/envs/nco-intel-19.1.3.304/install/intel/19.1.3.304/py-scipy-1.10.1-236sa7x/lib:1;/apps/ops/test/spack-stack-1.6.0-nco/envs/nco-intel-19.1.3.304/install/intel/19.1.3.304/py-pyyaml-5.4.1-afvmuaf/lib:1;/apps/ops/test/spack-stack-1.6.0-nco/envs/nco-intel-19.1.3.304/install/intel/19.1.3.304/libyaml-0.2.5-ygjrdvo/lib:1;/apps/ops/test/spack-stack-1.6.0-nco/envs/nco-intel-19.1.3.304/install/intel/19.1.3.304/py-pycodestyle-2.11.0-bh2jlm5/lib:1;/apps/ops/test/spack-stack-1.6.0-nco/envs/nco-intel-19.1.3.304/install/intel/19.1.3.304/py-pybind11-2.11.1-wdb6paz/lib:1;/apps/ops/test/spack-stack-1.6.0-nco/envs/nco-intel-19.1.3.304/install/intel/19.1.3.304/py-netcdf4-1.5.8-6kubnk6/lib:1;/apps/ops/test/spack-stack-1.6.0-nco/envs/nco-intel-19.1.3.304/install/intel/19.1.3.304/py-jinja2-3.1.2-vbbttij/lib:1;/apps/ops/test/spack-stack-1.6.0-nco/envs/nco-intel-19.1.3.304/install/intel/19.1.3.304/py-setuptools-63.4.3-rg7efar/lib:1;/apps/ops/test/spack-stack-1.6.0-nco/envs/nco-intel-19.1.3.304/install/intel/19.1.3.304/netcdf-cxx4-4.3.1-lp7tiyf/lib:1;/apps/ops/test/spack-stack-1.6.0-nco/envs/nco-intel-19.1.3.304/install/intel/19.1.3.304/udunits-2.2.28-wmjzel4/lib:1;/apps/ops/test/spack-stack-1.6.0-nco/envs/nco-intel-19.1.3.304/install/intel/19.1.3.304/libxaw-1.0.13-gdstphl/lib:1;/apps/ops/test/spack-stack-1.6.0-nco/envs/nco-intel-19.1.3.304/install/intel/19.1.3.304/libxpm-3.5.12-dcjsyoi/lib:1;/apps/ops/test/spack-stack-1.6.0-nco/envs/nco-intel-19.1.3.304/install/intel/19.1.3.304/libxmu-1.1.4-xhe6hjc/lib:1;/apps/ops/test/spack-stack-1.6.0-nco/envs/nco-intel-19.1.3.304/install/intel/19.1.3.304/libxt-1.1.5-r2mrglu/lib:1;/apps/ops/test/spack-stack-1.6.0-nco/envs/nco-intel-19.1.3.304/install/intel/19.1.3.304/libpng-1.6.37-3sds4er/lib64:1;/apps/ops/test/spack-stack-1.6.0-nco/envs/nco-intel-19.1.3.304/install/intel/19.1.3.304/libpng-1.6.37-3sds4er/lib:1;/apps/ops/test/spack-stack-1.6.0-nco/envs/nco-intel-19.1.3.304/install/intel/19.1.3.304/libjpeg-turbo-2.1.0-rt44pqr/lib64:1;/apps/ops/test/spack-stack-1.6.0-nco/envs/nco-intel-19.1.3.304/install/intel/19.1.3.304/gsl-lite-0.37.0-7zi7wss/lib64:1;/apps/ops/test/spack-stack-1.6.0-nco/envs/nco-intel-19.1.3.304/install/intel/19.1.3.304/sp-2.5.0-rhcyr64/lib64:1;/apps/ops/test/spack-stack-1.6.0-nco/envs/nco-intel-19.1.3.304/install/intel/19.1.3.304/ecmwf-atlas-0.35.0-42ufhdx/lib64:1;/apps/ops/test/spack-stack-1.6.0-nco/envs/nco-intel-19.1.3.304/install/intel/19.1.3.304/qhull-2020.2-5ycwudw/lib:1;/apps/ops/test/spack-stack-1.6.0-nco/envs/nco-intel-19.1.3.304/install/intel/19.1.3.304/esmf-8.5.0-7huplmy/lib:1;/apps/ops/test/spack-stack-1.6.0-nco/envs/nco-intel-19.1.3.304/install/intel/19.1.3.304/fms-2023.04-utbqnz3/lib:1;/apps/ops/test/spack-stack-1.6.0-nco/envs/nco-intel-19.1.3.304/install/intel/19.1.3.304/fckit-0.11.0-7qg4hhj/lib64:1;/apps/ops/test/spack-stack-1.6.0-nco/envs/nco-intel-19.1.3.304/install/intel/19.1.3.304/fftw-3.3.10-sefnta3/lib:1;/apps/ops/test/spack-stack-1.6.0-nco/envs/nco-intel-19.1.3.304/install/intel/19.1.3.304/eckit-1.24.5-isrgc5y/lib64:1;/apps/ops/test/spack-stack-1.6.0-nco/envs/nco-intel-19.1.3.304/install/intel/19.1.3.304/openblas-0.3.24-7qwu32e/lib:1;/apps/ops/test/spack-stack-1.6.0-nco/envs/nco-intel-19.1.3.304/install/intel/19.1.3.304/openjpeg-2.5.0-ulqgnem/lib:1;/apps/ops/test/spack-stack-1.6.0-nco/envs/nco-intel-19.1.3.304/install/intel/19.1.3.304/ecbuild-3.7.2-ovbazu2/lib64:1;/apps/ops/test/spack-stack-1.6.0-nco/envs/nco-intel-19.1.3.304/install/intel/19.1.3.304/bufr-12.0.1-tirva7g/lib64:1;/apps/ops/test/spack-stack-1.6.0-nco/envs/nco-intel-19.1.3.304/install/intel/19.1.3.304/bufr-12.0.1-tirva7g/lib:1;/apps/ops/test/spack-stack-1.6.0-nco/envs/nco-intel-19.1.3.304/install/intel/19.1.3.304/boost-1.83.0-nqtmt7k/lib:1;/apps/ops/test/spack-stack-1.6.0-nco/envs/nco-intel-19.1.3.304/install/intel/19.1.3.304/parallelio-2.5.10-3rkk43u/lib:1;/apps/ops/test/spack-stack-1.6.0-nco/envs/nco-intel-19.1.3.304/install/intel/19.1.3.304/nco-5.0.6-6ykwuoz/lib:1;/apps/ops/test/spack-stack-1.6.0-nco/envs/nco-intel-19.1.3.304/install/intel/19.1.3.304/gsl-2.7.1-kr3c4v5/lib:1;/apps/ops/test/spack-stack-1.6.0-nco/envs/nco-intel-19.1.3.304/install/intel/19.1.3.304/antlr-2.7.7-hoqq24u/lib:1;/apps/ops/test/spack-stack-1.6.0-nco/envs/nco-intel-19.1.3.304/install/intel/19.1.3.304/netcdf-fortran-4.6.1-b4geqvx/lib:1;/apps/ops/test/spack-stack-1.6.0-nco/envs/nco-intel-19.1.3.304/install/intel/19.1.3.304/netcdf-c-4.9.2-bcln2jr/lib:1;/apps/ops/test/spack-stack-1.6.0-nco/envs/nco-intel-19.1.3.304/install/intel/19.1.3.304/parallel-netcdf-1.12.2-77j7vnx/lib:1;/apps/ops/test/spack-stack-1.6.0-nco/envs/nco-intel-19.1.3.304/install/intel/19.1.3.304/zlib-1.2.13-yoc3h4p/lib:1;/apps/ops/test/spack-stack-1.6.0-nco/envs/nco-intel-19.1.3.304/install/intel/19.1.3.304/curl-8.4.0-zr7lvkw/lib:1;/apps/ops/test/spack-stack-1.6.0-nco/envs/nco-intel-19.1.3.304/install/intel/19.1.3.304/pcre2-10.42-utn3zxn/lib:1;/apps/ops/test/spack-stack-1.6.0-nco/envs/nco-intel-19.1.3.304/install/intel/19.1.3.304/gettext-0.19.7-2fi4wu4/lib:1;/apps/ops/test/spack-stack-1.6.0-nco/envs/nco-intel-19.1.3.304/install/intel/19.1.3.304/zstd-1.5.2-pe6gdyf/lib:1;/apps/ops/test/spack-stack-1.6.0-nco/envs/nco-intel-19.1.3.304/install/intel/19.1.3.304/python-3.10.13-qzt4y2i/lib:1;/apps/ops/test/spack-stack-1.6.0-nco/envs/nco-intel-19.1.3.304/install/intel/19.1.3.304/util-linux-uuid-2.38.1-jwatqmi/lib:1;/apps/ops/test/spack-stack-1.6.0-nco/envs/nco-intel-19.1.3.304/install/intel/19.1.3.304/sqlite-3.43.2-onahail/lib:1;/apps/ops/test/spack-stack-1.6.0-nco/envs/nco-intel-19.1.3.304/install/intel/19.1.3.304/libxcrypt-4.4.35-soueqga/lib:1;/opt/cray/lib64:1;/pe/intel/compilers_and_libraries_2020.4.304/linux/compiler/lib/intel64_lin:1;/pe/intel/compilers_and_libraries_2020.4.304/linux/mpi/intel64/lib/release:1;/pe/intel/compilers_and_libraries_2020.4.304/linux/mpi/intel64/lib:1;/pe/intel/compilers_and_libraries_2020.4.304/linux/ipp/lib/intel64:1;/pe/intel/compilers_and_libraries_2020.4.304/linux/mkl/lib/intel64_lin:1;/pe/intel/compilers_and_libraries_2020.4.304/linux/tbb/lib/intel64/gcc4.8:1;/pe/intel/debugger_2020/python/intel64/lib:1;/pe/intel/debugger_2020/libipt/intel64/lib:1;/lfs/h2/emc/global/noscrub/emc.global/RETRO_GFSv17/git/global-workflow/develop_20250602/sorc/gdas.cd/build/lib:1;/opt/cray/pe/mpich/8.1.19/ofi/intel/19.0/lib:1;/apps/ops/test/spack-stack-1.6.0-nco/envs/nco-intel-19.1.3.304/install/intel/19.1.3.304/hdf5-1.14.0-yckaywr/lib:2', 'COM_OCEAN_LETKF_TMPL': '${ROTDIR}/${RUN}.${YMD}/${HH}/${MEMDIR}/analysis/ocean/letkf', 'EDATE': datetime.datetime(2025, 1, 16, 0, 0), '_ModuleTable049_': 'L2FwcHMvb3BzL3Rlc3Qvc3BhY2stc3RhY2stMS42LjAtbmNvL2VudnMvbmNvLWludGVsLTE5LjEuMy4zMDQvaW5zdGFsbC9tb2R1bGVmaWxlcy9pbnRlbC8xOS4xLjMuMzA0L3B5LXNldHVwdG9vbHMvNjMuNC4zLmx1YSIsWyJmdWxsTmFtZSJdPSJweS1zZXR1cHRvb2xzLzYzLjQuMyIsWyJsb2FkT3JkZXIiXT02Mixwcm9wVD17fSxbInJlZl9jb3VudCJdPTIsWyJzdGFja0RlcHRoIl09MSxbInN0YXR1cyJdPSJhY3RpdmUiLFsidXNlck5hbWUiXT0icHktc2V0dXB0b29scy82My40LjMiLH0sWyJweS1zaXgiXT17WyJmbiJdPSIvYXBwcy9vcHMvdGVzdC9zcGFjay1zdGFjay0xLjYuMC1uY28vZW52cy9uY28taW50ZWwtMTkuMS4zLjMwNC9pbnN0YWxsL21vZHVsZWZpbGVzL2lu', '__LMOD_REF_COUNT_PKG_CONFIG_PATH': '/apps/ops/test/spack-stack-1.6.0-nco/envs/nco-intel-19.1.3.304/install/intel/19.1.3.304/libyaml-0.2.5-ygjrdvo/lib/pkgconfig:2;/apps/ops/test/spack-stack-1.6.0-nco/envs/nco-intel-19.1.3.304/install/intel/19.1.3.304/py-pybind11-2.11.1-wdb6paz/share/pkgconfig:1;/apps/ops/test/spack-stack-1.6.0-nco/envs/nco-intel-19.1.3.304/install/intel/19.1.3.304/netcdf-cxx4-4.3.1-lp7tiyf/lib/pkgconfig:2;/apps/ops/test/spack-stack-1.6.0-nco/envs/nco-intel-19.1.3.304/install/intel/19.1.3.304/libxaw-1.0.13-gdstphl/lib/pkgconfig:2;/apps/ops/test/spack-stack-1.6.0-nco/envs/nco-intel-19.1.3.304/install/intel/19.1.3.304/libxpm-3.5.12-dcjsyoi/lib/pkgconfig:2;/apps/ops/test/spack-stack-1.6.0-nco/envs/nco-intel-19.1.3.304/install/intel/19.1.3.304/libxmu-1.1.4-xhe6hjc/lib/pkgconfig:2;/apps/ops/test/spack-stack-1.6.0-nco/envs/nco-intel-19.1.3.304/install/intel/19.1.3.304/libxt-1.1.5-r2mrglu/lib/pkgconfig:2;/apps/ops/test/spack-stack-1.6.0-nco/envs/nco-intel-19.1.3.304/install/intel/19.1.3.304/libpng-1.6.37-3sds4er/lib64/pkgconfig:2;/apps/ops/test/spack-stack-1.6.0-nco/envs/nco-intel-19.1.3.304/install/intel/19.1.3.304/libjpeg-turbo-2.1.0-rt44pqr/lib64/pkgconfig:2;/apps/ops/test/spack-stack-1.6.0-nco/envs/nco-intel-19.1.3.304/install/intel/19.1.3.304/ecmwf-atlas-0.35.0-42ufhdx/lib64/pkgconfig:2;/apps/ops/test/spack-stack-1.6.0-nco/envs/nco-intel-19.1.3.304/install/intel/19.1.3.304/qhull-2020.2-5ycwudw/lib/pkgconfig:2;/apps/ops/test/spack-stack-1.6.0-nco/envs/nco-intel-19.1.3.304/install/intel/19.1.3.304/fftw-3.3.10-sefnta3/lib/pkgconfig:2;/apps/ops/test/spack-stack-1.6.0-nco/envs/nco-intel-19.1.3.304/install/intel/19.1.3.304/eckit-1.24.5-isrgc5y/lib64/pkgconfig:2;/apps/ops/test/spack-stack-1.6.0-nco/envs/nco-intel-19.1.3.304/install/intel/19.1.3.304/openblas-0.3.24-7qwu32e/lib/pkgconfig:2;/apps/ops/test/spack-stack-1.6.0-nco/envs/nco-intel-19.1.3.304/install/intel/19.1.3.304/eigen-3.4.0-7qdffiv/share/pkgconfig:1;/apps/ops/test/spack-stack-1.6.0-nco/envs/nco-intel-19.1.3.304/install/intel/19.1.3.304/openjpeg-2.5.0-ulqgnem/lib/pkgconfig:2;/apps/ops/test/spack-stack-1.6.0-nco/envs/nco-intel-19.1.3.304/install/intel/19.1.3.304/gsl-2.7.1-kr3c4v5/lib/pkgconfig:2;/apps/ops/test/spack-stack-1.6.0-nco/envs/nco-intel-19.1.3.304/install/intel/19.1.3.304/netcdf-fortran-4.6.1-b4geqvx/lib/pkgconfig:2;/apps/ops/test/spack-stack-1.6.0-nco/envs/nco-intel-19.1.3.304/install/intel/19.1.3.304/netcdf-c-4.9.2-bcln2jr/lib/pkgconfig:2;/apps/ops/test/spack-stack-1.6.0-nco/envs/nco-intel-19.1.3.304/install/intel/19.1.3.304/parallel-netcdf-1.12.2-77j7vnx/lib/pkgconfig:2;/apps/ops/test/spack-stack-1.6.0-nco/envs/nco-intel-19.1.3.304/install/intel/19.1.3.304/hdf5-1.14.0-yckaywr/lib/pkgconfig:2;/usr/share/pkgconfig:2;/usr/lib64/pkgconfig:4;/usr/lib/pkgconfig:4;/apps/ops/test/spack-stack-1.6.0-nco/envs/nco-intel-19.1.3.304/install/intel/19.1.3.304/zlib-1.2.13-yoc3h4p/lib/pkgconfig:2;/apps/ops/test/spack-stack-1.6.0-nco/envs/nco-intel-19.1.3.304/install/intel/19.1.3.304/curl-8.4.0-zr7lvkw/lib/pkgconfig:2;/apps/ops/test/spack-stack-1.6.0-nco/envs/nco-intel-19.1.3.304/install/intel/19.1.3.304/pcre2-10.42-utn3zxn/lib/pkgconfig:2;/apps/ops/test/spack-stack-1.6.0-nco/envs/nco-intel-19.1.3.304/install/intel/19.1.3.304/zstd-1.5.2-pe6gdyf/lib/pkgconfig:2;/opt/cray/pe/craype/2.7.17/pkg-config:1;/apps/ops/test/spack-stack-1.6.0-nco/envs/nco-intel-19.1.3.304/install/intel/19.1.3.304/python-3.10.13-qzt4y2i/lib/pkgconfig:2;/apps/ops/test/spack-stack-1.6.0-nco/envs/nco-intel-19.1.3.304/install/intel/19.1.3.304/util-linux-uuid-2.38.1-jwatqmi/lib/pkgconfig:2;/apps/ops/test/spack-stack-1.6.0-nco/envs/nco-intel-19.1.3.304/install/intel/19.1.3.304/sqlite-3.43.2-onahail/lib/pkgconfig:2;/apps/ops/test/spack-stack-1.6.0-nco/envs/nco-intel-19.1.3.304/install/intel/19.1.3.304/libxcrypt-4.4.35-soueqga/lib/pkgconfig:2;/opt/cray/lib64/pkgconfig:1;/pe/intel/compilers_and_libraries_2020.4.304/linux/mkl/bin/pkgconfig:1', 'ATARDIR': '/5year/NCEPDEV/emc-global/emc.glopara/WCOSS2/GFSv17/retrotestgfs10', 'DO_JEDIOCNVAR': True, 'PBS_O_PATH': '/apps/ops/test/nco/core/rocoto.v1.3.5/bin:/apps/spack/python/3.8.6/intel/19.1.3.304/pjn2nzkjvqgmjw4hmyz43v5x4jbxjzpk/bin:/opt/cray/pals/1.3.2/bin:/pe/intel/compilers_and_libraries_2020.4.304/linux/bin/intel64:/pe/intel/compilers_and_libraries_2020.4.304/linux/bin:/pe/intel/compilers_and_libraries_2020.4.304/linux/mpi/intel64/bin:/pe/intel/debugger_2020/gdb/intel64/bin:/opt/cray/pe/craype/2.7.17/bin:/opt/cray/bin:/u/emc.global/bin:/usr/local/bin:/usr/bin:/bin:/opt/c3/bin:/opt/pbs/bin:/sbin:.:/opt/cray/pe/bin:/apps/prod/python-modules/3.8.6/intel/19.1.3.304/bin:/apps/prod/python-modules/3.8.6/intel/19.1.3.304/lib/python3.8/site-packages/bin', 'LMOD_CUSTOM_CNCM_CRAYCLANG_10_0_UCX_1_0_PREFIX': '/apps/prod/lmodules/cce/13.0.0:/apps/prod/lmodules/cce/12.0.3:/apps/prod/lmodules/cce/11.0.4', 'DO_GSISOILDA': True, 'MPI_CXX': 'mpic++', 'UTILROOT': '/apps/ops/prod/nco/core/prod_util.v2.0.14', '_ModuleTable024_': 'aWJ4bXUvMS4xLjQiLH0sbGlieHBtPXtbImZuIl09Ii9hcHBzL29wcy90ZXN0L3NwYWNrLXN0YWNrLTEuNi4wLW5jby9lbnZzL25jby1pbnRlbC0xOS4xLjMuMzA0L2luc3RhbGwvbW9kdWxlZmlsZXMvaW50ZWwvMTkuMS4zLjMwNC9saWJ4cG0vMy41LjEyLmx1YSIsWyJmdWxsTmFtZSJdPSJsaWJ4cG0vMy41LjEyIixbImxvYWRPcmRlciJdPTU2LHByb3BUPXt9LFsicmVmX2NvdW50Il09MSxbInN0YWNrRGVwdGgiXT0xLFsic3RhdHVzIl09ImFjdGl2ZSIsWyJ1c2VyTmFtZSJdPSJsaWJ4cG0vMy41LjEyIix9LGxpYnh0PXtbImZuIl09Ii9hcHBzL29wcy90ZXN0L3NwYWNrLXN0YWNrLTEuNi4wLW5jby9lbnZzL25jby1pbnRlbC0xOS4xLjMuMzA0L2luc3RhbGwvbW9kdWxlZmls', 'PE_PKGCONFIG_PRODUCTS': 'PE_MPICH', '_ModuleTable015_': 'dnMvbmNvLWludGVsLTE5LjEuMy4zMDQvaW5zdGFsbC9tb2R1bGVmaWxlcy9jcmF5LW1waWNoLzguMS45L2ludGVsLzE5LjEuMy4zMDQvZm1zLzIwMjMuMDQubHVhIixbImZ1bGxOYW1lIl09ImZtcy8yMDIzLjA0IixbImxvYWRPcmRlciJdPTQ2LHByb3BUPXt9LFsic3RhY2tEZXB0aCJdPTEsWyJzdGF0dXMiXT0iYWN0aXZlIixbInVzZXJOYW1lIl09ImZtcy8yMDIzLjA0Iix9LGdldHRleHQ9e1siZm4iXT0iL2FwcHMvb3BzL3Rlc3Qvc3BhY2stc3RhY2stMS42LjAtbmNvL2VudnMvbmNvLWludGVsLTE5LjEuMy4zMDQvaW5zdGFsbC9tb2R1bGVmaWxlcy9pbnRlbC8xOS4xLjMuMzA0L2dldHRleHQvMC4xOS43Lmx1YSIsWyJmdWxsTmFtZSJdPSJnZXR0ZXh0LzAuMTkuNyIsWyJs', 'pkg_config_ROOT': '/usr', 'CRAY_MPICH_BASEDIR': '/opt/cray/pe/mpich/8.1.9/ofi', 'parallelio_ROOT': '/apps/ops/test/spack-stack-1.6.0-nco/envs/nco-intel-19.1.3.304/install/intel/19.1.3.304/parallelio-2.5.10-3rkk43u', 'PE_MPICH_GTL_DIR_nvidia80': '-L/opt/cray/pe/mpich/8.1.9/gtl/lib', '_ModuleTable004_': 'Y2stMS42LjAtbmNvL2VudnMvbmNvLWludGVsLTE5LjEuMy4zMDQvaW5zdGFsbC9tb2R1bGVmaWxlcy9jcmF5LW1waWNoLzguMS45L2ludGVsLzE5LjEuMy4zMDQvYXRsYXMvMC4zNS4wLmx1YSIsWyJmdWxsTmFtZSJdPSJhdGxhcy8wLjM1LjAiLFsibG9hZE9yZGVyIl09NDkscHJvcFQ9e30sWyJzdGFja0RlcHRoIl09MSxbInN0YXR1cyJdPSJhY3RpdmUiLFsidXNlck5hbWUiXT0iYXRsYXMvMC4zNS4wIix9LGJvb3N0PXtbImZuIl09Ii9hcHBzL29wcy90ZXN0L3NwYWNrLXN0YWNrLTEuNi4wLW5jby9lbnZzL25jby1pbnRlbC0xOS4xLjMuMzA0L2luc3RhbGwvbW9kdWxlZmlsZXMvaW50ZWwvMTkuMS4zLjMwNC9ib29zdC8xLjgzLjAubHVhIixbImZ1bGxOYW1lIl09ImJvb3N0', 'FIXorog': '/lfs/h2/emc/global/noscrub/emc.global/RETRO_GFSv17/git/global-workflow/develop_20250602/fix/orog', 'libjpeg_turbo_ROOT': '/apps/ops/test/spack-stack-1.6.0-nco/envs/nco-intel-19.1.3.304/install/intel/19.1.3.304/libjpeg-turbo-2.1.0-rt44pqr', 'FNTSFA': '        ', 'MINICOM': '-c on', '_ModuleTable029_': 'ZXRjZGYtYy80LjkuMiIsfSxbIm5ldGNkZi1jeHg0Il09e1siZm4iXT0iL2FwcHMvb3BzL3Rlc3Qvc3BhY2stc3RhY2stMS42LjAtbmNvL2VudnMvbmNvLWludGVsLTE5LjEuMy4zMDQvaW5zdGFsbC9tb2R1bGVmaWxlcy9jcmF5LW1waWNoLzguMS45L2ludGVsLzE5LjEuMy4zMDQvbmV0Y2RmLWN4eDQvNC4zLjEubHVhIixbImZ1bGxOYW1lIl09Im5ldGNkZi1jeHg0LzQuMy4xIixbImxvYWRPcmRlciJdPTYwLHByb3BUPXt9LFsic3RhY2tEZXB0aCJdPTEsWyJzdGF0dXMiXT0iYWN0aXZlIixbInVzZXJOYW1lIl09Im5ldGNkZi1jeHg0LzQuMy4xIix9LFsibmV0Y2RmLWZvcnRyYW4iXT17WyJmbiJdPSIvYXBwcy9vcHMvdGVzdC9zcGFjay1zdGFjay0xLjYuMC1uY28vZW52cy9u', 'pgmout': 'OUTPUT.1166202', '__LMOD_REF_COUNT_PYTHONPATH': '/apps/ops/test/spack-stack-1.6.0-nco/envs/nco-intel-19.1.3.304/install/intel/19.1.3.304/py-packaging-23.1-2qpd5mc/lib/python3.10/site-packages:1;/apps/ops/test/spack-stack-1.6.0-nco/envs/nco-intel-19.1.3.304/install/intel/19.1.3.304/py-cftime-1.0.3.4-dka7hny/lib/python3.10/site-packages:1;/apps/ops/test/spack-stack-1.6.0-nco/envs/nco-intel-19.1.3.304/install/intel/19.1.3.304/py-numpy-1.24.4-yosem2k/lib/python3.10/site-packages:1;/apps/ops/test/spack-stack-1.6.0-nco/envs/nco-intel-19.1.3.304/install/intel/19.1.3.304/py-markupsafe-2.1.3-45ywjnp/lib/python3.10/site-packages:1;/apps/ops/test/spack-stack-1.6.0-nco/envs/nco-intel-19.1.3.304/install/intel/19.1.3.304/py-pandas-1.5.3-u3wc7uc/lib/python3.10/site-packages:1;/apps/ops/test/spack-stack-1.6.0-nco/envs/nco-intel-19.1.3.304/install/intel/19.1.3.304/py-pytz-2023.3-yebggst/lib/python3.10/site-packages:1;/apps/ops/test/spack-stack-1.6.0-nco/envs/nco-intel-19.1.3.304/install/intel/19.1.3.304/py-python-dateutil-2.8.2-mes6fwe/lib/python3.10/site-packages:1;/apps/ops/test/spack-stack-1.6.0-nco/envs/nco-intel-19.1.3.304/install/intel/19.1.3.304/py-six-1.16.0-u4sv6sb/lib/python3.10/site-packages:1;/apps/ops/test/spack-stack-1.6.0-nco/envs/nco-intel-19.1.3.304/install/intel/19.1.3.304/py-numexpr-2.8.4-2rtg4mi/lib/python3.10/site-packages:1;/apps/ops/test/spack-stack-1.6.0-nco/envs/nco-intel-19.1.3.304/install/intel/19.1.3.304/py-bottleneck-1.3.7-oolvw5k/lib/python3.10/site-packages:1;/apps/ops/test/spack-stack-1.6.0-nco/envs/nco-intel-19.1.3.304/install/intel/19.1.3.304/py-pip-23.1.2-ohrscnx/lib/python3.10/site-packages:1;/apps/ops/test/spack-stack-1.6.0-nco/envs/nco-intel-19.1.3.304/install/intel/19.1.3.304/py-f90nml-1.4.3-rizmifn/lib/python3.10/site-packages:1;/apps/ops/test/spack-stack-1.6.0-nco/envs/nco-intel-19.1.3.304/install/intel/19.1.3.304/py-xarray-2023.7.0-jj7syqa/lib/python3.10/site-packages:1;/apps/ops/test/spack-stack-1.6.0-nco/envs/nco-intel-19.1.3.304/install/intel/19.1.3.304/py-scipy-1.10.1-236sa7x/lib/python3.10/site-packages:1;/apps/ops/test/spack-stack-1.6.0-nco/envs/nco-intel-19.1.3.304/install/intel/19.1.3.304/py-pyyaml-5.4.1-afvmuaf/lib/python3.10/site-packages:1;/apps/ops/test/spack-stack-1.6.0-nco/envs/nco-intel-19.1.3.304/install/intel/19.1.3.304/py-pycodestyle-2.11.0-bh2jlm5/lib/python3.10/site-packages:1;/apps/ops/test/spack-stack-1.6.0-nco/envs/nco-intel-19.1.3.304/install/intel/19.1.3.304/py-pybind11-2.11.1-wdb6paz/lib/python3.10/site-packages:1;/apps/ops/test/spack-stack-1.6.0-nco/envs/nco-intel-19.1.3.304/install/intel/19.1.3.304/py-netcdf4-1.5.8-6kubnk6/lib/python3.10/site-packages:1;/apps/ops/test/spack-stack-1.6.0-nco/envs/nco-intel-19.1.3.304/install/intel/19.1.3.304/py-jinja2-3.1.2-vbbttij/lib/python3.10/site-packages:1;/apps/ops/test/spack-stack-1.6.0-nco/envs/nco-intel-19.1.3.304/install/intel/19.1.3.304/py-setuptools-63.4.3-rg7efar/lib/python3.10/site-packages:1;/apps/ops/prod/nco/core/prod_util.v2.0.14/ush:1;/apps/ops/test/spack-stack-1.6.0-nco/envs/nco-intel-19.1.3.304/install/intel/19.1.3.304/bufr-12.0.1-tirva7g/lib64/python3.10/site-packages:1;/apps/ops/test/spack-stack-1.6.0-nco/envs/nco-intel-19.1.3.304/install/intel/19.1.3.304/bufr-12.0.1-tirva7g/lib/python3.10/site-packages:1', 'FHOUT_WAV': 3, 'FHOUT': 1, 'DO_AWIPS': False, 'PARTITION_SERVICE': '', 'PE_MPICH_PKGCONFIG_VARIABLES': 'PE_MPICH_GTL_DIR_@accelerator@:PE_MPICH_GTL_LIBS_@accelerator@', 'ESMFMKFILE': '/apps/ops/test/spack-stack-1.6.0-nco/envs/nco-intel-19.1.3.304/install/intel/19.1.3.304/esmf-8.5.0-7huplmy/lib/esmf.mk', 'PE_MPICH_PKGCONFIG_LIBS': 'mpich', 'FHOUT_OCN_GFS': 6, 'INTEL_PYTHONHOME': '/pe/intel/debugger_2020/python/intel64/', 'QUILTING': True, 'QT_SYSTEM_DIR': '/usr/share/desktop-data', 'OSTYPE': 'linux', 'HDF5_PLUGIN_PATH': '/apps/ops/test/spack-stack-1.6.0-nco/envs/nco-intel-19.1.3.304/install/intel/19.1.3.304/netcdf-c-4.9.2-bcln2jr/plugins', 'launcher': 'mpiexec -l', 'FHOUT_GFS': 3, 'NETCDF': '/apps/ops/test/spack-stack-1.6.0-nco/envs/nco-intel-19.1.3.304/install/intel/19.1.3.304/netcdf-c-4.9.2-bcln2jr/bin/ncdump', 'qhull_ROOT': '/apps/ops/test/spack-stack-1.6.0-nco/envs/nco-intel-19.1.3.304/install/intel/19.1.3.304/qhull-2020.2-5ycwudw', 'FIXlut': '/lfs/h2/emc/global/noscrub/emc.global/RETRO_GFSv17/git/global-workflow/develop_20250602/fix/lut', 'CLASSPATH': '/pe/intel/compilers_and_libraries_2020.4.304/linux/mpi/intel64/lib/mpi.jar', 'PIO_TYPENAME_VALID_VALUES': ['netcdf', 'netcdf4p', 'netcdf4c', 'pnetcdf'], 'udunits_ROOT': '/apps/ops/test/spack-stack-1.6.0-nco/envs/nco-intel-19.1.3.304/install/intel/19.1.3.304/udunits-2.2.28-wmjzel4', 'NMEM_ENS': 80, 'CC': 'cc', 'MPIF90': 'mpif90', 'COM_ICE_ANALYSIS_TMPL': '${ROTDIR}/${RUN}.${YMD}/${HH}/${MEMDIR}/analysis/ice', 'COMOUT_OCEAN_ANLMON': '/lfs/h2/emc/ptmp/emc.global/RETRO_GFSv17/comroot/retrotestgfs10/gdas.20241124/18//products/ocean/anlmon', '_ModuleTable044_': 'bC8xOS4xLjMuMzA0L3B5LXBpcC8yMy4xLjIubHVhIixbImZ1bGxOYW1lIl09InB5LXBpcC8yMy4xLjIiLFsibG9hZE9yZGVyIl09NzIscHJvcFQ9e30sWyJzdGFja0RlcHRoIl09MSxbInN0YXR1cyJdPSJhY3RpdmUiLFsidXNlck5hbWUiXT0icHktcGlwLzIzLjEuMiIsfSxbInB5LXB5YmluZDExIl09e1siZm4iXT0iL2FwcHMvb3BzL3Rlc3Qvc3BhY2stc3RhY2stMS42LjAtbmNvL2VudnMvbmNvLWludGVsLTE5LjEuMy4zMDQvaW5zdGFsbC9tb2R1bGVmaWxlcy9pbnRlbC8xOS4xLjMuMzA0L3B5LXB5YmluZDExLzIuMTEuMS5sdWEiLFsiZnVsbE5hbWUiXT0icHktcHliaW5kMTEvMi4xMS4xIixbImxvYWRPcmRlciJdPTY1LHByb3BUPXt9LFsicmVmX2NvdW50Il09MSxbInN0', 'DO_AERO_ANL': False, 'lwrite4danl': True, 'FIXugwd': '/lfs/h2/emc/global/noscrub/emc.global/RETRO_GFSv17/git/global-workflow/develop_20250602/fix/ugwd', 'FIXcpl': '/lfs/h2/emc/global/noscrub/emc.global/RETRO_GFSv17/git/global-workflow/develop_20250602/fix/cpl', 'MPI_F90': 'mpif90', 'SDATE': datetime.datetime(2024, 11, 15, 6, 0), '_ModuleTable054_': 'WyJmbiJdPSIvYXBwcy9vcHMvdGVzdC9zcGFjay1zdGFjay0xLjYuMC1uY28vZW52cy9uY28taW50ZWwtMTkuMS4zLjMwNC9pbnN0YWxsL21vZHVsZWZpbGVzL2ludGVsLzE5LjEuMy4zMDQvc3RhY2stY3JheS1tcGljaC84LjEuOS5sdWEiLFsiZnVsbE5hbWUiXT0ic3RhY2stY3JheS1tcGljaC84LjEuOSIsWyJsb2FkT3JkZXIiXT05LHByb3BUPXt9LFsic3RhY2tEZXB0aCJdPTEsWyJzdGF0dXMiXT0iYWN0aXZlIixbInVzZXJOYW1lIl09InN0YWNrLWNyYXktbXBpY2gvOC4xLjkiLH0sWyJzdGFjay1pbnRlbCJdPXtbImZuIl09Ii9hcHBzL29wcy90ZXN0L3NwYWNrLXN0YWNrLTEuNi4wLW5jby9lbnZzL25jby1pbnRlbC0xOS4xLjMuMzA0L2luc3RhbGwvbW9kdWxlZmlsZXMv', 'PBS_O_WORKDIR': '/u/emc.global', 'USER': 'emc.global', 'SERIAL_F77': 'ftn', 'FHMAX_ENKF_GFS': 12, 'SERIAL_CC': 'cc', 'MODULES_SET_SHELL_STARTUP': 0, 'DMPDIR': '/lfs/h2/emc/dump/noscrub/dump', 'COMIN_SNOW_ANALYSIS': '/lfs/h2/emc/ptmp/emc.global/RETRO_GFSv17/comroot/retrotestgfs10/gdas.20241124/18//analysis/snow', 'PAGER': 'less', 'FIXmom': '/lfs/h2/emc/global/noscrub/emc.global/RETRO_GFSv17/git/global-workflow/develop_20250602/fix/mom6', 'py_python_dateutil_ROOT': '/apps/ops/test/spack-stack-1.6.0-nco/envs/nco-intel-19.1.3.304/install/intel/19.1.3.304/py-python-dateutil-2.8.2-mes6fwe', 'MODULE_VERSION': '3.2.10', 'PE_MPICH_GENCOMPILERS_INTEL': 19.0, 'DO_FETCH_LOCAL': False, 'LMOD_CUSTOM_CNCM_GNU_8_0_OFI_1_0_X86_ROME_1_0_CRAY_MPICH_8_0_PREFIX': '/apps/prod/lmodules/GCC_cray_mpich/10.2.0/cray-mpich/8.1.4', '_ModuleTable041_': 'MzA0L2luc3RhbGwvbW9kdWxlZmlsZXMvaW50ZWwvMTkuMS4zLjMwNC9weS1udW1leHByLzIuOC40Lmx1YSIsWyJmdWxsTmFtZSJdPSJweS1udW1leHByLzIuOC40IixbImxvYWRPcmRlciJdPTc0LHByb3BUPXt9LFsicmVmX2NvdW50Il09MSxbInN0YWNrRGVwdGgiXT0yLFsic3RhdHVzIl09ImFjdGl2ZSIsWyJ1c2VyTmFtZSJdPSJweS1udW1leHByLzIuOC40Iix9LFsicHktbnVtcHkiXT17WyJmbiJdPSIvYXBwcy9vcHMvdGVzdC9zcGFjay1zdGFjay0xLjYuMC1uY28vZW52cy9uY28taW50ZWwtMTkuMS4zLjMwNC9pbnN0YWxsL21vZHVsZWZpbGVzL2ludGVsLzE5LjEuMy4zMDQvcHktbnVtcHkvMS4yNC40Lmx1YSIsWyJmdWxsTmFtZSJdPSJweS1udW1weS8xLjI0LjQiLFsi', 'COM_ATMOS_ANLMON_TMPL': '${ROTDIR}/${RUN}.${YMD}/${HH}/${MEMDIR}/products/atmos/anlmon', 'NMEM_ENS_GFS': 30, 'LMOD_FAMILY_PRGENV_VERSION': '8.3.3', 'MPI_CC': 'mpicc', '_ModuleTable023_': 'eGNyeXB0LzQuNC4zNSIsWyJsb2FkT3JkZXIiXT0xMCxwcm9wVD17fSxbInJlZl9jb3VudCJdPTEsWyJzdGFja0RlcHRoIl09MyxbInN0YXR1cyJdPSJhY3RpdmUiLFsidXNlck5hbWUiXT0ibGlieGNyeXB0LzQuNC4zNSIsfSxsaWJ4bXU9e1siZm4iXT0iL2FwcHMvb3BzL3Rlc3Qvc3BhY2stc3RhY2stMS42LjAtbmNvL2VudnMvbmNvLWludGVsLTE5LjEuMy4zMDQvaW5zdGFsbC9tb2R1bGVmaWxlcy9pbnRlbC8xOS4xLjMuMzA0L2xpYnhtdS8xLjEuNC5sdWEiLFsiZnVsbE5hbWUiXT0ibGlieG11LzEuMS40IixbImxvYWRPcmRlciJdPTU1LHByb3BUPXt9LFsicmVmX2NvdW50Il09MSxbInN0YWNrRGVwdGgiXT0xLFsic3RhdHVzIl09ImFjdGl2ZSIsWyJ1c2VyTmFtZSJdPSJs', 'YAML_INC': '/apps/ops/test/spack-stack-1.6.0-nco/envs/nco-intel-19.1.3.304/install/intel/19.1.3.304/libyaml-0.2.5-ygjrdvo/include', '_ModuleTable012_': 'LFsibG9hZE9yZGVyIl09NDEscHJvcFQ9e30sWyJyZWZfY291bnQiXT0yLFsic3RhY2tEZXB0aCJdPTEsWyJzdGF0dXMiXT0iYWN0aXZlIixbInVzZXJOYW1lIl09ImVpZ2VuLzMuNC4wIix9LGVudnZhcj17WyJmbiJdPSIvYXBwcy9wcm9kL2xtb2R1bGVzL3N5c19jb3JlL2VudnZhci8xLjAiLFsiZnVsbE5hbWUiXT0iZW52dmFyLzEuMCIsWyJsb2FkT3JkZXIiXT0yLHByb3BUPXt9LFsic3RhY2tEZXB0aCJdPTAsWyJzdGF0dXMiXT0iYWN0aXZlIixbInVzZXJOYW1lIl09ImVudnZhci8xLjAiLH0sZXNtZj17WyJmbiJdPSIvYXBwcy9vcHMvdGVzdC9zcGFjay1zdGFjay0xLjYuMC1uY28vZW52cy9uY28taW50ZWwtMTkuMS4zLjMwNC9pbnN0YWxsL21vZHVsZWZpbGVzL2NyYXkt', 'COM_CHEM_BMAT_TMPL': '${ROTDIR}/${RUN}.${YMD}/${HH}/${MEMDIR}/analysis/chem/bmatrix', '_ModuleTable031_': 'MjQubHVhIixbImZ1bGxOYW1lIl09Im9wZW5ibGFzLzAuMy4yNCIsWyJsb2FkT3JkZXIiXT00Mixwcm9wVD17fSxbInJlZl9jb3VudCJdPTIsWyJzdGFja0RlcHRoIl09MSxbInN0YXR1cyJdPSJhY3RpdmUiLFsidXNlck5hbWUiXT0ib3BlbmJsYXMvMC4zLjI0Iix9LG9wZW5qcGVnPXtbImZuIl09Ii9hcHBzL29wcy90ZXN0L3NwYWNrLXN0YWNrLTEuNi4wLW5jby9lbnZzL25jby1pbnRlbC0xOS4xLjMuMzA0L2luc3RhbGwvbW9kdWxlZmlsZXMvaW50ZWwvMTkuMS4zLjMwNC9vcGVuanBlZy8yLjUuMC5sdWEiLFsiZnVsbE5hbWUiXT0ib3BlbmpwZWcvMi41LjAiLFsibG9hZE9yZGVyIl09NDAscHJvcFQ9e30sWyJzdGFja0RlcHRoIl09MSxbInN0YXR1cyJdPSJhY3RpdmUiLFsi', 'FHMAX': 9, 'pcre2_ROOT': '/apps/ops/test/spack-stack-1.6.0-nco/envs/nco-intel-19.1.3.304/install/intel/19.1.3.304/pcre2-10.42-utn3zxn', 'COM_WAVE_HISTORY_TMPL': '${ROTDIR}/${RUN}.${YMD}/${HH}/${MEMDIR}/model/wave/history', 'ncview_ROOT': '/apps/ops/test/spack-stack-1.6.0-nco/envs/nco-intel-19.1.3.304/install/intel/19.1.3.304/ncview-2.1.9-rv4j23b', '_ModuleTable062_': 'YWwvbm9zY3J1Yi9lbWMuZ2xvYmFsL1JFVFJPX0dGU3YxNy9naXQvZ2xvYmFsLXdvcmtmbG93L2RldmVsb3BfMjAyNTA2MDIvc29yYy9nZGFzLmNkL21vZHVsZWZpbGVzIiwiL29wdC9jcmF5L3BlL2xtb2QvbW9kdWxlZmlsZXMvY3B1L3g4Ni1yb21lLzEuMCIsIi91c3Ivc2hhcmUvbW9kdWxlcyIsIi91c3Ivc2hhcmUvTW9kdWxlcy8kTU9EVUxFX1ZFUlNJT04vbW9kdWxlZmlsZXMiLCIvdXNyL3NoYXJlL21vZHVsZXMvbW9kdWxlZmlsZXMiLCIvdXNyL3NoYXJlL21vZHVsZWZpbGVzL0xpbnV4IiwiL3Vzci9zaGFyZS9tb2R1bGVmaWxlcy9Db3JlIiwiL3Vzci9zaGFyZS9sbW9kL2xtb2QvbW9kdWxlZmlsZXMvQ29yZSIsIi9vcHQvY3JheS9wZS9sbW9kL21vZHVsZWZpbGVzL2Nv', 'eckit_ROOT': '/apps/ops/test/spack-stack-1.6.0-nco/envs/nco-intel-19.1.3.304/install/intel/19.1.3.304/eckit-1.24.5-isrgc5y', 'LMOD_CUSTOM_CNCM_GNU_8_0_UCX_1_0_X86_ROME_1_0_CRAY_MPICH_8_0_PREFIX': '/apps/prod/lmodules/GCC_cray_mpich/10.2.0/cray-mpich/8.1.4', 'CRAY_CPU_TARGET': 'x86-rome', 'PBS_NODEFILE': '/var/spool/pbs/aux/46051231.dbqs01', 'MPICXX': 'mpic++', 'py_bottleneck_ROOT': '/apps/ops/test/spack-stack-1.6.0-nco/envs/nco-intel-19.1.3.304/install/intel/19.1.3.304/py-bottleneck-1.3.7-oolvw5k', 'MPI_F77': 'mpif77', 'LMOD_CUSTOM_CNCM_CRAYCLANG_10_0_UCX_1_0_X86_ROME_1_0_CRAY_MPICH_8_0_PREFIX': '/apps/prod/lmodules/CCE_cray_mpich/11.0.4/cray-mpich/8.1.4', '__LMOD_REF_COUNT_MODULEPATH': '/apps/ops/test/spack-stack-1.6.0-nco/envs/nco-intel-19.1.3.304/install/modulefiles/cray-mpich/8.1.9/intel/19.1.3.304:1;/apps/ops/prod/libs/modulefiles/mpi/intel/19.1.3.304/cray-mpich/8.1.4:1;/apps/prod/lmodules/INTEL_cray_mpich/19.1.3.304/cray-mpich/8.1.4:1;/opt/cray/pe/lmod/modulefiles/mpi/intel/19.0/ofi/1.0/cray-mpich/8.0:1;/opt/cray/pe/lmod/modulefiles/comnet/intel/19.0/ofi/1.0:1;/opt/cray/pe/lmod/modulefiles/net/ofi/1.0:1;/apps/ops/test/spack-stack-1.6.0-nco/envs/nco-intel-19.1.3.304/install/modulefiles/intel/19.1.3.304:1;/apps/ops/prod/nco/modulefiles/compiler/intel/19.1.3.304:1;/apps/ops/prod/libs/modulefiles/compiler/intel/19.1.3.304:1;/apps/prod/lmodules/intel/19.1.3.304:1;/apps/prod/lmodules/compiler/intel/19.0:1;/apps/ops/test/spack-stack-1.6.0-nco/envs/nco-intel-19.1.3.304/install/modulefiles/Core:1;/lfs/h2/emc/global/noscrub/emc.global/RETRO_GFSv17/git/global-workflow/develop_20250602/sorc/gdas.cd/modulefiles:1;/opt/cray/pe/lmod/modulefiles/cpu/x86-rome/1.0:1;/usr/share/modules:1;/usr/share/Modules/$MODULE_VERSION/modulefiles:1;/usr/share/modules/modulefiles:1;/usr/share/modulefiles/Linux:1;/usr/share/modulefiles/Core:1;/usr/share/lmod/lmod/modulefiles/Core:1;/opt/cray/pe/lmod/modulefiles/core:1;/opt/cray/pe/lmod/modulefiles/craype-targets/default:1;/apps/prod/lmodules/sys_core:1;/apps/ops/prod/nco/modulefiles/core:1;/apps/prod/lmodules/core:1;/opt/cray/modulefiles:1', 'PKGCONFIG_ENABLED': 1, 'GDASAPP_UNIT_TEST_DATA_PATH': '/lfs/h2/emc/da/noscrub/emc.da/GDASApp/unittestdata', 'MORE': '-sl', 'PE_FORTRAN_PKGCONFIG_LIBS': 'mpichf90', '__LMOD_REF_COUNT_LOADEDMODULES': 'craype-x86-rome:1;envvar/1.0:1;PrgEnv-intel/8.3.3:1;intel/19.1.3.304:1;stack-intel/19.1.3.304:1;libfabric/1.20.1:1;craype-network-ofi:1;cray-mpich/8.1.9:1;stack-cray-mpich/8.1.9:1;libxcrypt/4.4.35:1;sqlite/3.43.2:1;util-linux-uuid/2.38.1:1;python/3.10.13:1;stack-python/3.10.13:1;craype/2.7.17:1;cray-pals/1.3.2:1;cmake/3.23.1:1;pigz/2.7:1;zstd/1.5.2:1;tar/1.34:1;gettext/0.19.7:1;pcre2/10.42:1;curl/8.4.0:1;zlib/1.2.13:1;git/2.35.3:1;git-lfs/2.11.0:1;pkg-config/0.29.2:1;hdf5/1.14.0:1;parallel-netcdf/1.12.2:1;netcdf-c/4.9.2:1;nccmp/1.9.0.1:1;netcdf-fortran/4.6.1:1;antlr/2.7.7:1;gsl/2.7.1:1;nco/5.0.6:1;parallelio/2.5.10:1;boost/1.83.0:1;bufr/12.0.1:1;ecbuild/3.7.2:1;openjpeg/2.5.0:1;eigen/3.4.0:1;openblas/0.3.24:1;eckit/1.24.5:1;fftw/3.3.10:1;fckit/0.11.0:1;fms/2023.04:1;esmf/8.5.0:1;qhull/2020.2:1;atlas/0.35.0:1;sp/2.5.0:1;gsl-lite/0.37.0:1;libjpeg/2.1.0:1;libpng/1.6.37:1;libxt/1.1.5:1;libxmu/1.1.4:1;libxpm/3.5.12:1;libxaw/1.0.13:1;udunits/2.2.28:1;ncview/2.1.9:1;netcdf-cxx4/4.3.1:1;prod_util/2.0.14:1;py-setuptools/63.4.3:1;py-jinja2/3.1.2:1;py-netcdf4/1.5.8:1;py-pybind11/2.11.1:1;py-pycodestyle/2.11.0:1;libyaml/0.2.5:1;py-pyyaml/5.4.1:1;py-scipy/1.10.1:1;py-xarray/2023.7.0:1;py-f90nml/1.4.3:1;py-pip/23.1.2:1;py-bottleneck/1.3.7:1;py-numexpr/2.8.4:1;py-six/1.16.0:1;py-python-dateutil/2.8.2:1;py-pytz/2023.3:1;py-pandas/1.5.3:1;py-markupsafe/2.1.3:1;py-numpy/1.24.4:1;py-cftime/1.0.3.4:1;py-packaging/23.1:1;GDAS/wcoss2.intel:1', 'PBS_TASKNUM': 1, '__LMOD_REF_COUNT_CRAY_LD_LIBRARY_PATH': '/opt/cray/pe/mpich/8.1.9/ofi/intel/19.0/lib:1', 'COM_OBS_TMPL': '${ROTDIR}/${RUN}.${YMD}/${HH}/obs', 'SERIAL_CXX': 'CC', '_ModuleTable057_': 'bmNvL2VudnMvbmNvLWludGVsLTE5LjEuMy4zMDQvaW5zdGFsbC9tb2R1bGVmaWxlcy9pbnRlbC8xOS4xLjMuMzA0L3VkdW5pdHMvMi4yLjI4Lmx1YSIsWyJmdWxsTmFtZSJdPSJ1ZHVuaXRzLzIuMi4yOCIsWyJsb2FkT3JkZXIiXT01OCxwcm9wVD17fSxbInJlZl9jb3VudCJdPTEsWyJzdGFja0RlcHRoIl09MSxbInN0YXR1cyJdPSJhY3RpdmUiLFsidXNlck5hbWUiXT0idWR1bml0cy8yLjIuMjgiLH0sWyJ1dGlsLWxpbnV4LXV1aWQiXT17WyJmbiJdPSIvYXBwcy9vcHMvdGVzdC9zcGFjay1zdGFjay0xLjYuMC1uY28vZW52cy9uY28taW50ZWwtMTkuMS4zLjMwNC9pbnN0YWxsL21vZHVsZWZpbGVzL2ludGVsLzE5LjEuMy4zMDQvdXRpbC1saW51eC11dWlkLzIuMzguMS5sdWEi', 'COM_ATMOS_ANALYSIS_TMPL': '${ROTDIR}/${RUN}.${YMD}/${HH}/${MEMDIR}/analysis/atmos', 'COMOUT_ATMOS_ANLMON': '/lfs/h2/emc/ptmp/emc.global/RETRO_GFSv17/comroot/retrotestgfs10/gdas.20241124/18//products/atmos/anlmon', 'FHMIN_ENKF': 3, 'DO_CALC_INCREMENT_ENKF_GFS': False, 'COM_WAVE_WMO_TMPL': '${ROTDIR}/${RUN}.${YMD}/${HH}/${MEMDIR}/products/wave/wmo', 'DATA': '/lfs/h2/emc/stmp/emc.global/RUNDIRS/retrotestgfs10/gdas.2024112418/anlstat.1165235', 'INTEL_MAJOR_VERSION': 19.1, 'IAUFHRS': [3, 6, 9], 'COM_ATMOS_MASTER_TMPL': '${ROTDIR}/${RUN}.${YMD}/${HH}/${MEMDIR}/model/atmos/master', 'OPS_RES': 'C768', 'PWD': '/lfs/h2/emc/stmp/emc.global/RUNDIRS/retrotestgfs10/gdas.2024112418/anlstat.1165235', 'MDATE': '/apps/ops/prod/nco/core/prod_util.v2.0.14/exec/mdate', 'WRITE_NSFLIP': True, '_ModuleTable046_': 'XT17WyJmbiJdPSIvYXBwcy9vcHMvdGVzdC9zcGFjay1zdGFjay0xLjYuMC1uY28vZW52cy9uY28taW50ZWwtMTkuMS4zLjMwNC9pbnN0YWxsL21vZHVsZWZpbGVzL2ludGVsLzE5LjEuMy4zMDQvcHktcHl0aG9uLWRhdGV1dGlsLzIuOC4yLmx1YSIsWyJmdWxsTmFtZSJdPSJweS1weXRob24tZGF0ZXV0aWwvMi44LjIiLFsibG9hZE9yZGVyIl09NzYscHJvcFQ9e30sWyJyZWZfY291bnQiXT0xLFsic3RhY2tEZXB0aCJdPTIsWyJzdGF0dXMiXT0iYWN0aXZlIixbInVzZXJOYW1lIl09InB5LXB5dGhvbi1kYXRldXRpbC8yLjguMiIsfSxbInB5LXB5dHoiXT17WyJmbiJdPSIvYXBwcy9vcHMvdGVzdC9zcGFjay1zdGFjay0xLjYuMC1uY28vZW52cy9uY28taW50ZWwtMTkuMS4zLjMw', 'PE_MPICH_GTL_DIR_nvidia70': '-L/opt/cray/pe/mpich/8.1.9/gtl/lib', 'jobid': 'anlstat.1165235', 'FHMIN_WAV': 0, 'HOME': '/u/emc.global', 'git_ROOT': '/usr', 'MPIEXEC_EXEC': '/opt/cray/pals/1.3.2/bin/mpirun', '_ModuleTable052_': 'dGFjay0xLjYuMC1uY28vZW52cy9uY28taW50ZWwtMTkuMS4zLjMwNC9pbnN0YWxsL21vZHVsZWZpbGVzL2ludGVsLzE5LjEuMy4zMDQvcWh1bGwvMjAyMC4yLmx1YSIsWyJmdWxsTmFtZSJdPSJxaHVsbC8yMDIwLjIiLFsibG9hZE9yZGVyIl09NDgscHJvcFQ9e30sWyJyZWZfY291bnQiXT0xLFsic3RhY2tEZXB0aCJdPTIsWyJzdGF0dXMiXT0iYWN0aXZlIixbInVzZXJOYW1lIl09InFodWxsLzIwMjAuMiIsfSxzcD17WyJmbiJdPSIvYXBwcy9vcHMvdGVzdC9zcGFjay1zdGFjay0xLjYuMC1uY28vZW52cy9uY28taW50ZWwtMTkuMS4zLjMwNC9pbnN0YWxsL21vZHVsZWZpbGVzL2ludGVsLzE5LjEuMy4zMDQvc3AvMi41LjAubHVhIixbImZ1bGxOYW1lIl09InNwLzIuNS4wIixb', 'HOMEDIR': '/lfs/h2/emc/global/noscrub/emc.global', 'REDOUT': '1>', 'LMOD_FAMILY_METACOMPILER_VERSION': '19.1.3.304', 'COM_ICE_HISTORY_TMPL': '${ROTDIR}/${RUN}.${YMD}/${HH}/${MEMDIR}/model/ice/history', '_ModuleTable034_': 'dGVsLzE5LjEuMy4zMDQvcGNyZTIvMTAuNDIubHVhIixbImZ1bGxOYW1lIl09InBjcmUyLzEwLjQyIixbImxvYWRPcmRlciJdPTIyLHByb3BUPXt9LFsic3RhY2tEZXB0aCJdPTEsWyJzdGF0dXMiXT0iYWN0aXZlIixbInVzZXJOYW1lIl09InBjcmUyLzEwLjQyIix9LHBpZ3o9e1siZm4iXT0iL2FwcHMvb3BzL3Rlc3Qvc3BhY2stc3RhY2stMS42LjAtbmNvL2VudnMvbmNvLWludGVsLTE5LjEuMy4zMDQvaW5zdGFsbC9tb2R1bGVmaWxlcy9pbnRlbC8xOS4xLjMuMzA0L3BpZ3ovMi43Lmx1YSIsWyJmdWxsTmFtZSJdPSJwaWd6LzIuNyIsWyJsb2FkT3JkZXIiXT0xOCxwcm9wVD17fSxbInJlZl9jb3VudCJdPTEsWyJzdGFja0RlcHRoIl09MyxbInN0YXR1cyJdPSJhY3RpdmUiLFsi', 'DO_NPOESS': False, 'PELOCAL_PRGENV': True, 'INTERVAL_GFS': 6, 'RUN_ENVIR': 'emc', 'CMAKE_PREFIX_PATH': '/apps/ops/test/spack-stack-1.6.0-nco/envs/nco-intel-19.1.3.304/install/intel/19.1.3.304/py-packaging-23.1-2qpd5mc:/apps/ops/test/spack-stack-1.6.0-nco/envs/nco-intel-19.1.3.304/install/intel/19.1.3.304/py-cftime-1.0.3.4-dka7hny:/apps/ops/test/spack-stack-1.6.0-nco/envs/nco-intel-19.1.3.304/install/intel/19.1.3.304/py-numpy-1.24.4-yosem2k:/apps/ops/test/spack-stack-1.6.0-nco/envs/nco-intel-19.1.3.304/install/intel/19.1.3.304/py-markupsafe-2.1.3-45ywjnp:/apps/ops/test/spack-stack-1.6.0-nco/envs/nco-intel-19.1.3.304/install/intel/19.1.3.304/py-pandas-1.5.3-u3wc7uc:/apps/ops/test/spack-stack-1.6.0-nco/envs/nco-intel-19.1.3.304/install/intel/19.1.3.304/py-pytz-2023.3-yebggst:/apps/ops/test/spack-stack-1.6.0-nco/envs/nco-intel-19.1.3.304/install/intel/19.1.3.304/py-python-dateutil-2.8.2-mes6fwe:/apps/ops/test/spack-stack-1.6.0-nco/envs/nco-intel-19.1.3.304/install/intel/19.1.3.304/py-six-1.16.0-u4sv6sb:/apps/ops/test/spack-stack-1.6.0-nco/envs/nco-intel-19.1.3.304/install/intel/19.1.3.304/py-numexpr-2.8.4-2rtg4mi:/apps/ops/test/spack-stack-1.6.0-nco/envs/nco-intel-19.1.3.304/install/intel/19.1.3.304/py-bottleneck-1.3.7-oolvw5k:/apps/ops/test/spack-stack-1.6.0-nco/envs/nco-intel-19.1.3.304/install/intel/19.1.3.304/py-pip-23.1.2-ohrscnx:/apps/ops/test/spack-stack-1.6.0-nco/envs/nco-intel-19.1.3.304/install/intel/19.1.3.304/py-f90nml-1.4.3-rizmifn:/apps/ops/test/spack-stack-1.6.0-nco/envs/nco-intel-19.1.3.304/install/intel/19.1.3.304/py-xarray-2023.7.0-jj7syqa:/apps/ops/test/spack-stack-1.6.0-nco/envs/nco-intel-19.1.3.304/install/intel/19.1.3.304/py-scipy-1.10.1-236sa7x:/apps/ops/test/spack-stack-1.6.0-nco/envs/nco-intel-19.1.3.304/install/intel/19.1.3.304/py-pyyaml-5.4.1-afvmuaf:/apps/ops/test/spack-stack-1.6.0-nco/envs/nco-intel-19.1.3.304/install/intel/19.1.3.304/libyaml-0.2.5-ygjrdvo:/apps/ops/test/spack-stack-1.6.0-nco/envs/nco-intel-19.1.3.304/install/intel/19.1.3.304/py-pycodestyle-2.11.0-bh2jlm5:/apps/ops/test/spack-stack-1.6.0-nco/envs/nco-intel-19.1.3.304/install/intel/19.1.3.304/py-pybind11-2.11.1-wdb6paz:/apps/ops/test/spack-stack-1.6.0-nco/envs/nco-intel-19.1.3.304/install/intel/19.1.3.304/py-netcdf4-1.5.8-6kubnk6:/apps/ops/test/spack-stack-1.6.0-nco/envs/nco-intel-19.1.3.304/install/intel/19.1.3.304/py-jinja2-3.1.2-vbbttij:/apps/ops/test/spack-stack-1.6.0-nco/envs/nco-intel-19.1.3.304/install/intel/19.1.3.304/py-setuptools-63.4.3-rg7efar:/apps/ops/test/spack-stack-1.6.0-nco/envs/nco-intel-19.1.3.304/install/intel/19.1.3.304/netcdf-cxx4-4.3.1-lp7tiyf:/apps/ops/test/spack-stack-1.6.0-nco/envs/nco-intel-19.1.3.304/install/intel/19.1.3.304/ncview-2.1.9-rv4j23b:/apps/ops/test/spack-stack-1.6.0-nco/envs/nco-intel-19.1.3.304/install/intel/19.1.3.304/udunits-2.2.28-wmjzel4:/apps/ops/test/spack-stack-1.6.0-nco/envs/nco-intel-19.1.3.304/install/intel/19.1.3.304/libxaw-1.0.13-gdstphl:/apps/ops/test/spack-stack-1.6.0-nco/envs/nco-intel-19.1.3.304/install/intel/19.1.3.304/libxpm-3.5.12-dcjsyoi:/apps/ops/test/spack-stack-1.6.0-nco/envs/nco-intel-19.1.3.304/install/intel/19.1.3.304/libxmu-1.1.4-xhe6hjc:/apps/ops/test/spack-stack-1.6.0-nco/envs/nco-intel-19.1.3.304/install/intel/19.1.3.304/libxt-1.1.5-r2mrglu:/apps/ops/test/spack-stack-1.6.0-nco/envs/nco-intel-19.1.3.304/install/intel/19.1.3.304/libpng-1.6.37-3sds4er:/apps/ops/test/spack-stack-1.6.0-nco/envs/nco-intel-19.1.3.304/install/intel/19.1.3.304/libjpeg-turbo-2.1.0-rt44pqr:/apps/ops/test/spack-stack-1.6.0-nco/envs/nco-intel-19.1.3.304/install/intel/19.1.3.304/gsl-lite-0.37.0-7zi7wss:/apps/ops/test/spack-stack-1.6.0-nco/envs/nco-intel-19.1.3.304/install/intel/19.1.3.304/sp-2.5.0-rhcyr64:/apps/ops/test/spack-stack-1.6.0-nco/envs/nco-intel-19.1.3.304/install/intel/19.1.3.304/ecmwf-atlas-0.35.0-42ufhdx:/apps/ops/test/spack-stack-1.6.0-nco/envs/nco-intel-19.1.3.304/install/intel/19.1.3.304/qhull-2020.2-5ycwudw:/apps/ops/test/spack-stack-1.6.0-nco/envs/nco-intel-19.1.3.304/install/intel/19.1.3.304/esmf-8.5.0-7huplmy:/apps/ops/test/spack-stack-1.6.0-nco/envs/nco-intel-19.1.3.304/install/intel/19.1.3.304/fms-2023.04-utbqnz3:/apps/ops/test/spack-stack-1.6.0-nco/envs/nco-intel-19.1.3.304/install/intel/19.1.3.304/fckit-0.11.0-7qg4hhj:/apps/ops/test/spack-stack-1.6.0-nco/envs/nco-intel-19.1.3.304/install/intel/19.1.3.304/fftw-3.3.10-sefnta3:/apps/ops/test/spack-stack-1.6.0-nco/envs/nco-intel-19.1.3.304/install/intel/19.1.3.304/eckit-1.24.5-isrgc5y:/apps/ops/test/spack-stack-1.6.0-nco/envs/nco-intel-19.1.3.304/install/intel/19.1.3.304/openblas-0.3.24-7qwu32e:/apps/ops/test/spack-stack-1.6.0-nco/envs/nco-intel-19.1.3.304/install/intel/19.1.3.304/eigen-3.4.0-7qdffiv:/apps/ops/test/spack-stack-1.6.0-nco/envs/nco-intel-19.1.3.304/install/intel/19.1.3.304/openjpeg-2.5.0-ulqgnem:/apps/ops/test/spack-stack-1.6.0-nco/envs/nco-intel-19.1.3.304/install/intel/19.1.3.304/ecbuild-3.7.2-ovbazu2:/apps/ops/test/spack-stack-1.6.0-nco/envs/nco-intel-19.1.3.304/install/intel/19.1.3.304/bufr-12.0.1-tirva7g:/apps/ops/test/spack-stack-1.6.0-nco/envs/nco-intel-19.1.3.304/install/intel/19.1.3.304/boost-1.83.0-nqtmt7k:/apps/ops/test/spack-stack-1.6.0-nco/envs/nco-intel-19.1.3.304/install/intel/19.1.3.304/parallelio-2.5.10-3rkk43u:/apps/ops/test/spack-stack-1.6.0-nco/envs/nco-intel-19.1.3.304/install/intel/19.1.3.304/nco-5.0.6-6ykwuoz:/apps/ops/test/spack-stack-1.6.0-nco/envs/nco-intel-19.1.3.304/install/intel/19.1.3.304/gsl-2.7.1-kr3c4v5:/apps/ops/test/spack-stack-1.6.0-nco/envs/nco-intel-19.1.3.304/install/intel/19.1.3.304/antlr-2.7.7-hoqq24u:/apps/ops/test/spack-stack-1.6.0-nco/envs/nco-intel-19.1.3.304/install/intel/19.1.3.304/netcdf-fortran-4.6.1-b4geqvx:/apps/ops/test/spack-stack-1.6.0-nco/envs/nco-intel-19.1.3.304/install/intel/19.1.3.304/nccmp-1.9.0.1-dnptqlr:/apps/ops/test/spack-stack-1.6.0-nco/envs/nco-intel-19.1.3.304/install/intel/19.1.3.304/netcdf-c-4.9.2-bcln2jr:/apps/ops/test/spack-stack-1.6.0-nco/envs/nco-intel-19.1.3.304/install/intel/19.1.3.304/parallel-netcdf-1.12.2-77j7vnx:/apps/ops/test/spack-stack-1.6.0-nco/envs/nco-intel-19.1.3.304/install/intel/19.1.3.304/hdf5-1.14.0-yckaywr:/apps/spack/git-lfs/2.11.0/gcc/11.2.0/m6b6nl5kfqngfteqbggydc7kflxere3s:/apps/ops/test/spack-stack-1.6.0-nco/envs/nco-intel-19.1.3.304/install/intel/19.1.3.304/zlib-1.2.13-yoc3h4p:/apps/ops/test/spack-stack-1.6.0-nco/envs/nco-intel-19.1.3.304/install/intel/19.1.3.304/curl-8.4.0-zr7lvkw:/apps/ops/test/spack-stack-1.6.0-nco/envs/nco-intel-19.1.3.304/install/intel/19.1.3.304/pcre2-10.42-utn3zxn:/apps/ops/test/spack-stack-1.6.0-nco/envs/nco-intel-19.1.3.304/install/intel/19.1.3.304/gettext-0.19.7-2fi4wu4:/apps/ops/test/spack-stack-1.6.0-nco/envs/nco-intel-19.1.3.304/install/intel/19.1.3.304/tar-1.34-e7e3lq2:/apps/ops/test/spack-stack-1.6.0-nco/envs/nco-intel-19.1.3.304/install/intel/19.1.3.304/zstd-1.5.2-pe6gdyf:/apps/ops/test/spack-stack-1.6.0-nco/envs/nco-intel-19.1.3.304/install/intel/19.1.3.304/pigz-2.7-p2s5ywz:/apps/ops/test/spack-stack-1.6.0-nco/envs/nco-intel-19.1.3.304/install/intel/19.1.3.304/cmake-3.23.1-chpcsen:/apps/ops/test/spack-stack-1.6.0-nco/envs/nco-intel-19.1.3.304/install/intel/19.1.3.304/python-3.10.13-qzt4y2i:/apps/ops/test/spack-stack-1.6.0-nco/envs/nco-intel-19.1.3.304/install/intel/19.1.3.304/util-linux-uuid-2.38.1-jwatqmi:/apps/ops/test/spack-stack-1.6.0-nco/envs/nco-intel-19.1.3.304/install/intel/19.1.3.304/sqlite-3.43.2-onahail:/apps/ops/test/spack-stack-1.6.0-nco/envs/nco-intel-19.1.3.304/install/intel/19.1.3.304/libxcrypt-4.4.35-soueqga', 'PARTITION_BATCH': '{{ PARTITION_BATCH }}', 'COM_OCEAN_RESTART_TMPL': '${ROTDIR}/${RUN}.${YMD}/${HH}/${MEMDIR}/model/ocean/restart', 'IAU_FHROT': 3, 'HOMEpost': '/lfs/h2/emc/global/noscrub/emc.global/RETRO_GFSv17/git/global-workflow/develop_20250602', 'DO_VMINMON': True, 'HOST': 'nid001057', 'COM_ICE_BMATRIX_TMPL': '${ROTDIR}/${RUN}.${YMD}/${HH}/${MEMDIR}/bmatrix/ice', 'LMOD_VERSION': '8.3.1', 'zstd_ROOT': '/apps/ops/test/spack-stack-1.6.0-nco/envs/nco-intel-19.1.3.304/install/intel/19.1.3.304/zstd-1.5.2-pe6gdyf', 'GIT_SSH': 'ssh -F /u/emc.global/.ssh-mine/config -i /u/sshKeys/emc.global/id_rsa', 'XNLSPATH': '/usr/share/X11/nls', 'CPATH': '/apps/ops/test/spack-stack-1.6.0-nco/envs/nco-intel-19.1.3.304/install/intel/19.1.3.304/libyaml-0.2.5-ygjrdvo/include:/apps/ops/test/spack-stack-1.6.0-nco/envs/nco-intel-19.1.3.304/install/intel/19.1.3.304/py-pybind11-2.11.1-wdb6paz/include:/apps/ops/test/spack-stack-1.6.0-nco/envs/nco-intel-19.1.3.304/install/intel/19.1.3.304/netcdf-cxx4-4.3.1-lp7tiyf/include:/apps/ops/test/spack-stack-1.6.0-nco/envs/nco-intel-19.1.3.304/install/intel/19.1.3.304/udunits-2.2.28-wmjzel4/include:/apps/ops/test/spack-stack-1.6.0-nco/envs/nco-intel-19.1.3.304/install/intel/19.1.3.304/libxaw-1.0.13-gdstphl/include:/apps/ops/test/spack-stack-1.6.0-nco/envs/nco-intel-19.1.3.304/install/intel/19.1.3.304/libxpm-3.5.12-dcjsyoi/include:/apps/ops/test/spack-stack-1.6.0-nco/envs/nco-intel-19.1.3.304/install/intel/19.1.3.304/libxmu-1.1.4-xhe6hjc/include:/apps/ops/test/spack-stack-1.6.0-nco/envs/nco-intel-19.1.3.304/install/intel/19.1.3.304/libxt-1.1.5-r2mrglu/include:/apps/ops/test/spack-stack-1.6.0-nco/envs/nco-intel-19.1.3.304/install/intel/19.1.3.304/libpng-1.6.37-3sds4er/include:/apps/ops/test/spack-stack-1.6.0-nco/envs/nco-intel-19.1.3.304/install/intel/19.1.3.304/libjpeg-turbo-2.1.0-rt44pqr/include:/apps/ops/test/spack-stack-1.6.0-nco/envs/nco-intel-19.1.3.304/install/intel/19.1.3.304/gsl-lite-0.37.0-7zi7wss/include:/apps/ops/test/spack-stack-1.6.0-nco/envs/nco-intel-19.1.3.304/install/intel/19.1.3.304/ecmwf-atlas-0.35.0-42ufhdx/include:/apps/ops/test/spack-stack-1.6.0-nco/envs/nco-intel-19.1.3.304/install/intel/19.1.3.304/qhull-2020.2-5ycwudw/include:/apps/ops/test/spack-stack-1.6.0-nco/envs/nco-intel-19.1.3.304/install/intel/19.1.3.304/esmf-8.5.0-7huplmy/include:/apps/ops/test/spack-stack-1.6.0-nco/envs/nco-intel-19.1.3.304/install/intel/19.1.3.304/fckit-0.11.0-7qg4hhj/include:/apps/ops/test/spack-stack-1.6.0-nco/envs/nco-intel-19.1.3.304/install/intel/19.1.3.304/fftw-3.3.10-sefnta3/include:/apps/ops/test/spack-stack-1.6.0-nco/envs/nco-intel-19.1.3.304/install/intel/19.1.3.304/eckit-1.24.5-isrgc5y/include:/apps/ops/test/spack-stack-1.6.0-nco/envs/nco-intel-19.1.3.304/install/intel/19.1.3.304/openblas-0.3.24-7qwu32e/include:/apps/ops/test/spack-stack-1.6.0-nco/envs/nco-intel-19.1.3.304/install/intel/19.1.3.304/eigen-3.4.0-7qdffiv/include/eigen3:/apps/ops/test/spack-stack-1.6.0-nco/envs/nco-intel-19.1.3.304/install/intel/19.1.3.304/eigen-3.4.0-7qdffiv/include:/apps/ops/test/spack-stack-1.6.0-nco/envs/nco-intel-19.1.3.304/install/intel/19.1.3.304/openjpeg-2.5.0-ulqgnem/include:/apps/ops/test/spack-stack-1.6.0-nco/envs/nco-intel-19.1.3.304/install/intel/19.1.3.304/bufr-12.0.1-tirva7g/include:/apps/ops/test/spack-stack-1.6.0-nco/envs/nco-intel-19.1.3.304/install/intel/19.1.3.304/boost-1.83.0-nqtmt7k/include:/apps/ops/test/spack-stack-1.6.0-nco/envs/nco-intel-19.1.3.304/install/intel/19.1.3.304/parallelio-2.5.10-3rkk43u/include:/apps/ops/test/spack-stack-1.6.0-nco/envs/nco-intel-19.1.3.304/install/intel/19.1.3.304/gsl-2.7.1-kr3c4v5/include:/apps/ops/test/spack-stack-1.6.0-nco/envs/nco-intel-19.1.3.304/install/intel/19.1.3.304/antlr-2.7.7-hoqq24u/include:/apps/ops/test/spack-stack-1.6.0-nco/envs/nco-intel-19.1.3.304/install/intel/19.1.3.304/netcdf-fortran-4.6.1-b4geqvx/include:/apps/ops/test/spack-stack-1.6.0-nco/envs/nco-intel-19.1.3.304/install/intel/19.1.3.304/netcdf-c-4.9.2-bcln2jr/include:/apps/ops/test/spack-stack-1.6.0-nco/envs/nco-intel-19.1.3.304/install/intel/19.1.3.304/parallel-netcdf-1.12.2-77j7vnx/include:/apps/ops/test/spack-stack-1.6.0-nco/envs/nco-intel-19.1.3.304/install/intel/19.1.3.304/hdf5-1.14.0-yckaywr/include:/apps/ops/test/spack-stack-1.6.0-nco/envs/nco-intel-19.1.3.304/install/intel/19.1.3.304/zlib-1.2.13-yoc3h4p/include:/apps/ops/test/spack-stack-1.6.0-nco/envs/nco-intel-19.1.3.304/install/intel/19.1.3.304/curl-8.4.0-zr7lvkw/include:/apps/ops/test/spack-stack-1.6.0-nco/envs/nco-intel-19.1.3.304/install/intel/19.1.3.304/pcre2-10.42-utn3zxn/include:/apps/ops/test/spack-stack-1.6.0-nco/envs/nco-intel-19.1.3.304/install/intel/19.1.3.304/gettext-0.19.7-2fi4wu4/include:/apps/ops/test/spack-stack-1.6.0-nco/envs/nco-intel-19.1.3.304/install/intel/19.1.3.304/zstd-1.5.2-pe6gdyf/include:/apps/ops/test/spack-stack-1.6.0-nco/envs/nco-intel-19.1.3.304/install/intel/19.1.3.304/python-3.10.13-qzt4y2i/include:/apps/ops/test/spack-stack-1.6.0-nco/envs/nco-intel-19.1.3.304/install/intel/19.1.3.304/util-linux-uuid-2.38.1-jwatqmi/include:/apps/ops/test/spack-stack-1.6.0-nco/envs/nco-intel-19.1.3.304/install/intel/19.1.3.304/sqlite-3.43.2-onahail/include:/apps/ops/test/spack-stack-1.6.0-nco/envs/nco-intel-19.1.3.304/install/intel/19.1.3.304/libxcrypt-4.4.35-soueqga/include:/pe/intel/compilers_and_libraries_2020.4.304/linux/ipp/include:/pe/intel/compilers_and_libraries_2020.4.304/linux/mkl/include:/pe/intel/compilers_and_libraries_2020.4.304/linux/pstl/include:/pe/intel/compilers_and_libraries_2020.4.304/linux/pstl/stdlib:/pe/intel/compilers_and_libraries_2020.4.304/linux/tbb/include', 'PE_MPICH_FORTRAN_PKGCONFIG_LIBS': 'mpichf90', 'CDATE': datetime.datetime(2024, 11, 24, 18, 0), 'PBS_MOMPORT': 15003, 'libxcrypt_ROOT': '/apps/ops/test/spack-stack-1.6.0-nco/envs/nco-intel-19.1.3.304/install/intel/19.1.3.304/libxcrypt-4.4.35-soueqga', 'tar_ROOT': '/apps/ops/test/spack-stack-1.6.0-nco/envs/nco-intel-19.1.3.304/install/intel/19.1.3.304/tar-1.34-e7e3lq2', 'COM_ATMOS_GEMPAK_TMPL': '${ROTDIR}/${RUN}.${YMD}/${HH}/${MEMDIR}/products/atmos/gempak/${GRID}', 'DO_ANLSTAT': True, 'sqlite_ROOT': '/apps/ops/test/spack-stack-1.6.0-nco/envs/nco-intel-19.1.3.304/install/intel/19.1.3.304/sqlite-3.43.2-onahail', 'FTSFS': 10, 'ARCDIR': '/lfs/h2/emc/global/noscrub/emc.global/RETRO_GFSv17/archive/retrotestgfs10', 'FHOUT_ENKF': 1, 'pid': 1166202, 'SHELLOPTS': 'braceexpand:errexit:hashall:interactive-comments:nounset:xtrace', 'restart_interval_enkfgdas': 3, 'FCST_SEGMENTS': [0, 384], '__LMOD_REF_COUNT_INFOPATH': '/pe/intel/documentation_2020/en/debugger/gdb-ia/info:1;/apps/docs/info:1', 'CRAY_LMOD_CPU': 'x86-rome/1.0', 'DO_VERFOZN': True, 'F77': 'ftn', 'PE_MPICH_GTL_LIBS_nvidia80': '-lmpi_gtl_cuda', 'lobsdiag_forenkf': True, 'nco_ROOT': '/apps/ops/test/spack-stack-1.6.0-nco/envs/nco-intel-19.1.3.304/install/intel/19.1.3.304/nco-5.0.6-6ykwuoz', 'LMOD_FAMILY_CRAYPE_CPU_VERSION': False, 'GIT_SSH_COMMAND': 'ssh -F /u/emc.global/.ssh-mine/config -i /u/sshKeys/emc.global/id_rsa', 'BASH_ENV': '/usr/share/lmod/lmod/init/bash', 'LOGSCRIPT': '', 'COM_TOP_TMPL': '${ROTDIR}/${RUN}.${YMD}/${HH}', 'COM_OCEAN_NETCDF_TMPL': '${ROTDIR}/${RUN}.${YMD}/${HH}/${MEMDIR}/products/ocean/netcdf', 'XDG_DATA_DIRS': '/usr/share', 'assim_freq': 6, 'FHMAX_FITS': 132, '__LMOD_REF_COUNT_PE_MPICH_FORTRAN_PKGCONFIG_LIBS': 'mpichf90:1', 'DO_JEDISNOWDA': True, 'COMINsyn': '/lfs/h1/ops/prod/com/gfs/v16.3/syndat', 'CLUSTERS_SERVICE': '', 'NCDUMP': '/apps/ops/test/spack-stack-1.6.0-nco/envs/nco-intel-19.1.3.304/install/intel/19.1.3.304/netcdf-c-4.9.2-bcln2jr/bin/ncdump/bin/ncdump', 'FIXam': '/lfs/h2/emc/global/noscrub/emc.global/RETRO_GFSv17/git/global-workflow/develop_20250602/fix/am', 'ROTDIR': '/lfs/h2/emc/ptmp/emc.global/RETRO_GFSv17/comroot/retrotestgfs10', 'PDY': datetime.datetime(2024, 11, 24, 0, 0), 'PBS_ACCOUNT': 'GFS-DEV', 'bufr_ROOT': '/apps/ops/test/spack-stack-1.6.0-nco/envs/nco-intel-19.1.3.304/install/intel/19.1.3.304/bufr-12.0.1-tirva7g', 'DOBNDPNT_WAVE': True, 'INTEL_MINOR_VERSION': 3.304, 'LMOD_CUSTOM_CNCM_INTEL_19_0_OFI_1_0_X86_ROME_1_0_CRAY_MPICH_8_0_PREFIX': '/apps/prod/lmodules/INTEL_cray_mpich/19.1.3.304/cray-mpich/8.1.4:/apps/ops/prod/libs/modulefiles/mpi/intel/19.1.3.304/cray-mpich/8.1.4', 'REPLAY_ICS': False, 'APRUN_PING_PERIOD': 0, 'CRAY_LMOD_NET': 'ofi/1.0', 'DOIAU_ENKF': True, 'FHMAX_GOES': 180, 'QUEUE_DTN': 'dev_transfer', '__LMOD_REF_COUNT_PE_PKGCONFIG_PRODUCTS': 'PE_MPICH:1', 'PE_MPICH_MODULE_NAME': 'cray-mpich', 'NLSPATH': '/pe/intel/compilers_and_libraries_2020.4.304/linux/compiler/lib/intel64/locale/%l_%t/%N:/pe/intel/compilers_and_libraries_2020.4.304/linux/mkl/lib/intel64_lin/locale/%l_%t/%N:/pe/intel/debugger_2020/gdb/intel64/share/locale/%l_%t/%N', 'libxpm_ROOT': '/apps/ops/test/spack-stack-1.6.0-nco/envs/nco-intel-19.1.3.304/install/intel/19.1.3.304/libxpm-3.5.12-dcjsyoi', 'PBS_JOBCOOKIE': '4138997B0A3CD4DE3987A5A30B4DFCAB', 'LMOD_CUSTOM_COMPILER_INTEL_19_0_PREFIX': '/apps/prod/lmodules/intel/19.1.3.304:/apps/ops/prod/libs/modulefiles/compiler/intel/19.1.3.304:/apps/ops/prod/nco/modulefiles/compiler/intel/19.1.3.304', 'curl_ROOT': '/apps/ops/test/spack-stack-1.6.0-nco/envs/nco-intel-19.1.3.304/install/intel/19.1.3.304/curl-8.4.0-zr7lvkw', 'ACCOUNT': 'GFS-DEV', 'PBS_O_SHELL': '/bin/bash', 'ecmwf_atlas_ROOT': '/apps/ops/test/spack-stack-1.6.0-nco/envs/nco-intel-19.1.3.304/install/intel/19.1.3.304/ecmwf-atlas-0.35.0-42ufhdx', 'HOMEobsproc': '/lfs/h2/emc/global/save/emc.global/git/obsproc/v', '__LMOD_REF_COUNT_PE_MPICH_FIXED_PRGENV': 'INTEL:1', 'JEDI_CONFIG_YAML': '/lfs/h2/emc/global/noscrub/emc.global/RETRO_GFSv17/git/global-workflow/develop_20250602/parm/gdas/anlstat_jedi_config.yaml.j2', 'DO_BUFRSND': False, '__LMOD_REF_COUNT_LIBRARY_PATH': '/pe/intel/compilers_and_libraries_2020.4.304/linux/ipp/lib/intel64:1;/pe/intel/compilers_and_libraries_2020.4.304/linux/compiler/lib/intel64_lin:1;/pe/intel/compilers_and_libraries_2020.4.304/linux/mkl/lib/intel64_lin:1;/pe/intel/compilers_and_libraries_2020.4.304/linux/tbb/lib/intel64/gcc4.8:2', 'COMINukmet': '/lfs/h2/emc/global/noscrub/emc.global/data/external_gempak/ukmet', 'tasks_per_node': 20, 'FHOUT_ICE_GFS': 6, 'py_xarray_ROOT': '/apps/ops/test/spack-stack-1.6.0-nco/envs/nco-intel-19.1.3.304/install/intel/19.1.3.304/py-xarray-2023.7.0-jj7syqa', 'COM_CHEM_ANALYSIS_TMPL': '${ROTDIR}/${RUN}.${YMD}/${HH}/${MEMDIR}/analysis/chem', 'PNG_ROOT': '/apps/ops/test/spack-stack-1.6.0-nco/envs/nco-intel-19.1.3.304/install/intel/19.1.3.304/libpng-1.6.37-3sds4er', 'DO_JEDIATMVAR': False, 'DOIBP_WAV': False, 'fftw_ROOT': '/apps/ops/test/spack-stack-1.6.0-nco/envs/nco-intel-19.1.3.304/install/intel/19.1.3.304/fftw-3.3.10-sefnta3', 'py_markupsafe_ROOT': '/apps/ops/test/spack-stack-1.6.0-nco/envs/nco-intel-19.1.3.304/install/intel/19.1.3.304/py-markupsafe-2.1.3-45ywjnp', 'DOHYBVAR': True, 'PROFILEREAD': True, '_ModuleTable043_': 'LjEiLH0sWyJweS1wYW5kYXMiXT17WyJmbiJdPSIvYXBwcy9vcHMvdGVzdC9zcGFjay1zdGFjay0xLjYuMC1uY28vZW52cy9uY28taW50ZWwtMTkuMS4zLjMwNC9pbnN0YWxsL21vZHVsZWZpbGVzL2ludGVsLzE5LjEuMy4zMDQvcHktcGFuZGFzLzEuNS4zLmx1YSIsWyJmdWxsTmFtZSJdPSJweS1wYW5kYXMvMS41LjMiLFsibG9hZE9yZGVyIl09NzgscHJvcFQ9e30sWyJzdGFja0RlcHRoIl09MSxbInN0YXR1cyJdPSJhY3RpdmUiLFsidXNlck5hbWUiXT0icHktcGFuZGFzLzEuNS4zIix9LFsicHktcGlwIl09e1siZm4iXT0iL2FwcHMvb3BzL3Rlc3Qvc3BhY2stc3RhY2stMS42LjAtbmNvL2VudnMvbmNvLWludGVsLTE5LjEuMy4zMDQvaW5zdGFsbC9tb2R1bGVmaWxlcy9pbnRl', 'PDYp5': datetime.datetime(2024, 11, 29, 0, 0), 'TMPDIR': '/var/tmp/pbs.46051231.dbqs01', 'PDYp4': datetime.datetime(2024, 11, 28, 0, 0), 'LIBRARY_PATH': '/pe/intel/compilers_and_libraries_2020.4.304/linux/ipp/lib/intel64:/pe/intel/compilers_and_libraries_2020.4.304/linux/compiler/lib/intel64_lin:/pe/intel/compilers_and_libraries_2020.4.304/linux/mkl/lib/intel64_lin:/pe/intel/compilers_and_libraries_2020.4.304/linux/tbb/lib/intel64/gcc4.8', 'mpmd_opt': ['--cpu-bind verbose', 'core cfp'], 'DO_ATM': True, 'PDYp7': datetime.datetime(2024, 12, 1, 0, 0), 'PDYp6': datetime.datetime(2024, 11, 30, 0, 0), '_ModuleTable021_': 'a0RlcHRoIl09MSxbInN0YXR1cyJdPSJhY3RpdmUiLFsidXNlck5hbWUiXT0ibGlianBlZy8yLjEuMCIsfSxsaWJwbmc9e1siZm4iXT0iL2FwcHMvb3BzL3Rlc3Qvc3BhY2stc3RhY2stMS42LjAtbmNvL2VudnMvbmNvLWludGVsLTE5LjEuMy4zMDQvaW5zdGFsbC9tb2R1bGVmaWxlcy9pbnRlbC8xOS4xLjMuMzA0L2xpYnBuZy8xLjYuMzcubHVhIixbImZ1bGxOYW1lIl09ImxpYnBuZy8xLjYuMzciLFsibG9hZE9yZGVyIl09NTMscHJvcFQ9e30sWyJyZWZfY291bnQiXT0xLFsic3RhY2tEZXB0aCJdPTEsWyJzdGF0dXMiXT0iYWN0aXZlIixbInVzZXJOYW1lIl09ImxpYnBuZy8xLjYuMzciLH0sbGlieGF3PXtbImZuIl09Ii9hcHBzL29wcy90ZXN0L3NwYWNrLXN0YWNrLTEuNi4w', 'py_six_ROOT': '/apps/ops/test/spack-stack-1.6.0-nco/envs/nco-intel-19.1.3.304/install/intel/19.1.3.304/py-six-1.16.0-u4sv6sb', 'FHOUT_ENKF_GFS': 3, 'PDYp1': datetime.datetime(2024, 11, 25, 0, 0), 'DO_VERFRAD': True, 'PDYp3': datetime.datetime(2024, 11, 27, 0, 0), 'PDYp2': datetime.datetime(2024, 11, 26, 0, 0), '__LMOD_REF_COUNT_CMAKE_PREFIX_PATH': '/apps/ops/test/spack-stack-1.6.0-nco/envs/nco-intel-19.1.3.304/install/intel/19.1.3.304/py-packaging-23.1-2qpd5mc:2;/apps/ops/test/spack-stack-1.6.0-nco/envs/nco-intel-19.1.3.304/install/intel/19.1.3.304/py-cftime-1.0.3.4-dka7hny:2;/apps/ops/test/spack-stack-1.6.0-nco/envs/nco-intel-19.1.3.304/install/intel/19.1.3.304/py-numpy-1.24.4-yosem2k:2;/apps/ops/test/spack-stack-1.6.0-nco/envs/nco-intel-19.1.3.304/install/intel/19.1.3.304/py-markupsafe-2.1.3-45ywjnp:2;/apps/ops/test/spack-stack-1.6.0-nco/envs/nco-intel-19.1.3.304/install/intel/19.1.3.304/py-pandas-1.5.3-u3wc7uc:2;/apps/ops/test/spack-stack-1.6.0-nco/envs/nco-intel-19.1.3.304/install/intel/19.1.3.304/py-pytz-2023.3-yebggst:2;/apps/ops/test/spack-stack-1.6.0-nco/envs/nco-intel-19.1.3.304/install/intel/19.1.3.304/py-python-dateutil-2.8.2-mes6fwe:2;/apps/ops/test/spack-stack-1.6.0-nco/envs/nco-intel-19.1.3.304/install/intel/19.1.3.304/py-six-1.16.0-u4sv6sb:2;/apps/ops/test/spack-stack-1.6.0-nco/envs/nco-intel-19.1.3.304/install/intel/19.1.3.304/py-numexpr-2.8.4-2rtg4mi:2;/apps/ops/test/spack-stack-1.6.0-nco/envs/nco-intel-19.1.3.304/install/intel/19.1.3.304/py-bottleneck-1.3.7-oolvw5k:2;/apps/ops/test/spack-stack-1.6.0-nco/envs/nco-intel-19.1.3.304/install/intel/19.1.3.304/py-pip-23.1.2-ohrscnx:2;/apps/ops/test/spack-stack-1.6.0-nco/envs/nco-intel-19.1.3.304/install/intel/19.1.3.304/py-f90nml-1.4.3-rizmifn:2;/apps/ops/test/spack-stack-1.6.0-nco/envs/nco-intel-19.1.3.304/install/intel/19.1.3.304/py-xarray-2023.7.0-jj7syqa:2;/apps/ops/test/spack-stack-1.6.0-nco/envs/nco-intel-19.1.3.304/install/intel/19.1.3.304/py-scipy-1.10.1-236sa7x:2;/apps/ops/test/spack-stack-1.6.0-nco/envs/nco-intel-19.1.3.304/install/intel/19.1.3.304/py-pyyaml-5.4.1-afvmuaf:2;/apps/ops/test/spack-stack-1.6.0-nco/envs/nco-intel-19.1.3.304/install/intel/19.1.3.304/libyaml-0.2.5-ygjrdvo:2;/apps/ops/test/spack-stack-1.6.0-nco/envs/nco-intel-19.1.3.304/install/intel/19.1.3.304/py-pycodestyle-2.11.0-bh2jlm5:2;/apps/ops/test/spack-stack-1.6.0-nco/envs/nco-intel-19.1.3.304/install/intel/19.1.3.304/py-pybind11-2.11.1-wdb6paz:2;/apps/ops/test/spack-stack-1.6.0-nco/envs/nco-intel-19.1.3.304/install/intel/19.1.3.304/py-netcdf4-1.5.8-6kubnk6:2;/apps/ops/test/spack-stack-1.6.0-nco/envs/nco-intel-19.1.3.304/install/intel/19.1.3.304/py-jinja2-3.1.2-vbbttij:2;/apps/ops/test/spack-stack-1.6.0-nco/envs/nco-intel-19.1.3.304/install/intel/19.1.3.304/py-setuptools-63.4.3-rg7efar:2;/apps/ops/test/spack-stack-1.6.0-nco/envs/nco-intel-19.1.3.304/install/intel/19.1.3.304/netcdf-cxx4-4.3.1-lp7tiyf:2;/apps/ops/test/spack-stack-1.6.0-nco/envs/nco-intel-19.1.3.304/install/intel/19.1.3.304/ncview-2.1.9-rv4j23b:2;/apps/ops/test/spack-stack-1.6.0-nco/envs/nco-intel-19.1.3.304/install/intel/19.1.3.304/udunits-2.2.28-wmjzel4:2;/apps/ops/test/spack-stack-1.6.0-nco/envs/nco-intel-19.1.3.304/install/intel/19.1.3.304/libxaw-1.0.13-gdstphl:2;/apps/ops/test/spack-stack-1.6.0-nco/envs/nco-intel-19.1.3.304/install/intel/19.1.3.304/libxpm-3.5.12-dcjsyoi:2;/apps/ops/test/spack-stack-1.6.0-nco/envs/nco-intel-19.1.3.304/install/intel/19.1.3.304/libxmu-1.1.4-xhe6hjc:2;/apps/ops/test/spack-stack-1.6.0-nco/envs/nco-intel-19.1.3.304/install/intel/19.1.3.304/libxt-1.1.5-r2mrglu:2;/apps/ops/test/spack-stack-1.6.0-nco/envs/nco-intel-19.1.3.304/install/intel/19.1.3.304/libpng-1.6.37-3sds4er:2;/apps/ops/test/spack-stack-1.6.0-nco/envs/nco-intel-19.1.3.304/install/intel/19.1.3.304/libjpeg-turbo-2.1.0-rt44pqr:2;/apps/ops/test/spack-stack-1.6.0-nco/envs/nco-intel-19.1.3.304/install/intel/19.1.3.304/gsl-lite-0.37.0-7zi7wss:2;/apps/ops/test/spack-stack-1.6.0-nco/envs/nco-intel-19.1.3.304/install/intel/19.1.3.304/sp-2.5.0-rhcyr64:2;/apps/ops/test/spack-stack-1.6.0-nco/envs/nco-intel-19.1.3.304/install/intel/19.1.3.304/ecmwf-atlas-0.35.0-42ufhdx:2;/apps/ops/test/spack-stack-1.6.0-nco/envs/nco-intel-19.1.3.304/install/intel/19.1.3.304/qhull-2020.2-5ycwudw:2;/apps/ops/test/spack-stack-1.6.0-nco/envs/nco-intel-19.1.3.304/install/intel/19.1.3.304/esmf-8.5.0-7huplmy:2;/apps/ops/test/spack-stack-1.6.0-nco/envs/nco-intel-19.1.3.304/install/intel/19.1.3.304/fms-2023.04-utbqnz3:2;/apps/ops/test/spack-stack-1.6.0-nco/envs/nco-intel-19.1.3.304/install/intel/19.1.3.304/fckit-0.11.0-7qg4hhj:2;/apps/ops/test/spack-stack-1.6.0-nco/envs/nco-intel-19.1.3.304/install/intel/19.1.3.304/fftw-3.3.10-sefnta3:2;/apps/ops/test/spack-stack-1.6.0-nco/envs/nco-intel-19.1.3.304/install/intel/19.1.3.304/eckit-1.24.5-isrgc5y:2;/apps/ops/test/spack-stack-1.6.0-nco/envs/nco-intel-19.1.3.304/install/intel/19.1.3.304/openblas-0.3.24-7qwu32e:2;/apps/ops/test/spack-stack-1.6.0-nco/envs/nco-intel-19.1.3.304/install/intel/19.1.3.304/eigen-3.4.0-7qdffiv:2;/apps/ops/test/spack-stack-1.6.0-nco/envs/nco-intel-19.1.3.304/install/intel/19.1.3.304/openjpeg-2.5.0-ulqgnem:2;/apps/ops/test/spack-stack-1.6.0-nco/envs/nco-intel-19.1.3.304/install/intel/19.1.3.304/ecbuild-3.7.2-ovbazu2:2;/apps/ops/test/spack-stack-1.6.0-nco/envs/nco-intel-19.1.3.304/install/intel/19.1.3.304/bufr-12.0.1-tirva7g:2;/apps/ops/test/spack-stack-1.6.0-nco/envs/nco-intel-19.1.3.304/install/intel/19.1.3.304/boost-1.83.0-nqtmt7k:2;/apps/ops/test/spack-stack-1.6.0-nco/envs/nco-intel-19.1.3.304/install/intel/19.1.3.304/parallelio-2.5.10-3rkk43u:2;/apps/ops/test/spack-stack-1.6.0-nco/envs/nco-intel-19.1.3.304/install/intel/19.1.3.304/nco-5.0.6-6ykwuoz:2;/apps/ops/test/spack-stack-1.6.0-nco/envs/nco-intel-19.1.3.304/install/intel/19.1.3.304/gsl-2.7.1-kr3c4v5:2;/apps/ops/test/spack-stack-1.6.0-nco/envs/nco-intel-19.1.3.304/install/intel/19.1.3.304/antlr-2.7.7-hoqq24u:2;/apps/ops/test/spack-stack-1.6.0-nco/envs/nco-intel-19.1.3.304/install/intel/19.1.3.304/netcdf-fortran-4.6.1-b4geqvx:2;/apps/ops/test/spack-stack-1.6.0-nco/envs/nco-intel-19.1.3.304/install/intel/19.1.3.304/nccmp-1.9.0.1-dnptqlr:2;/apps/ops/test/spack-stack-1.6.0-nco/envs/nco-intel-19.1.3.304/install/intel/19.1.3.304/netcdf-c-4.9.2-bcln2jr:2;/apps/ops/test/spack-stack-1.6.0-nco/envs/nco-intel-19.1.3.304/install/intel/19.1.3.304/parallel-netcdf-1.12.2-77j7vnx:2;/apps/ops/test/spack-stack-1.6.0-nco/envs/nco-intel-19.1.3.304/install/intel/19.1.3.304/hdf5-1.14.0-yckaywr:2;/apps/spack/git-lfs/2.11.0/gcc/11.2.0/m6b6nl5kfqngfteqbggydc7kflxere3s:1;/apps/ops/test/spack-stack-1.6.0-nco/envs/nco-intel-19.1.3.304/install/intel/19.1.3.304/zlib-1.2.13-yoc3h4p:2;/apps/ops/test/spack-stack-1.6.0-nco/envs/nco-intel-19.1.3.304/install/intel/19.1.3.304/curl-8.4.0-zr7lvkw:2;/apps/ops/test/spack-stack-1.6.0-nco/envs/nco-intel-19.1.3.304/install/intel/19.1.3.304/pcre2-10.42-utn3zxn:2;/apps/ops/test/spack-stack-1.6.0-nco/envs/nco-intel-19.1.3.304/install/intel/19.1.3.304/gettext-0.19.7-2fi4wu4:2;/apps/ops/test/spack-stack-1.6.0-nco/envs/nco-intel-19.1.3.304/install/intel/19.1.3.304/tar-1.34-e7e3lq2:2;/apps/ops/test/spack-stack-1.6.0-nco/envs/nco-intel-19.1.3.304/install/intel/19.1.3.304/zstd-1.5.2-pe6gdyf:2;/apps/ops/test/spack-stack-1.6.0-nco/envs/nco-intel-19.1.3.304/install/intel/19.1.3.304/pigz-2.7-p2s5ywz:2;/apps/ops/test/spack-stack-1.6.0-nco/envs/nco-intel-19.1.3.304/install/intel/19.1.3.304/cmake-3.23.1-chpcsen:2;/apps/ops/test/spack-stack-1.6.0-nco/envs/nco-intel-19.1.3.304/install/intel/19.1.3.304/python-3.10.13-qzt4y2i:2;/apps/ops/test/spack-stack-1.6.0-nco/envs/nco-intel-19.1.3.304/install/intel/19.1.3.304/util-linux-uuid-2.38.1-jwatqmi:2;/apps/ops/test/spack-stack-1.6.0-nco/envs/nco-intel-19.1.3.304/install/intel/19.1.3.304/sqlite-3.43.2-onahail:2;/apps/ops/test/spack-stack-1.6.0-nco/envs/nco-intel-19.1.3.304/install/intel/19.1.3.304/libxcrypt-4.4.35-soueqga:2', 'MPIEXEC_NPROC': '-n', 'py_jinja2_ROOT': '/apps/ops/test/spack-stack-1.6.0-nco/envs/nco-intel-19.1.3.304/install/intel/19.1.3.304/py-jinja2-3.1.2-vbbttij', 'LMOD_sys': 'Linux', 'LMOD_FAMILY_METAMPI_VERSION': '8.1.9', 'COM_WAVE_GRID_RES_TMPL': '${ROTDIR}/${RUN}.${YMD}/${HH}/${MEMDIR}/products/wave/gridded/${GRDRESNAME}', 'PE_PKGCONFIG_LIBS': 'mpich', '_ModuleTable010_': 'InN0YWNrRGVwdGgiXT0xLFsic3RhdHVzIl09ImFjdGl2ZSIsWyJ1c2VyTmFtZSJdPSJjdXJsLzguNC4wIix9LGVjYnVpbGQ9e1siZm4iXT0iL2FwcHMvb3BzL3Rlc3Qvc3BhY2stc3RhY2stMS42LjAtbmNvL2VudnMvbmNvLWludGVsLTE5LjEuMy4zMDQvaW5zdGFsbC9tb2R1bGVmaWxlcy9pbnRlbC8xOS4xLjMuMzA0L2VjYnVpbGQvMy43LjIubHVhIixbImZ1bGxOYW1lIl09ImVjYnVpbGQvMy43LjIiLFsibG9hZE9yZGVyIl09MzkscHJvcFQ9e30sWyJzdGFja0RlcHRoIl09MSxbInN0YXR1cyJdPSJhY3RpdmUiLFsidXNlck5hbWUiXT0iZWNidWlsZC8zLjcuMiIsfSxlY2tpdD17WyJmbiJdPSIvYXBwcy9vcHMvdGVzdC9zcGFjay1zdGFjay0xLjYuMC1uY28vZW52cy9uY28t', '_ModuleTable033_': 'cHMvb3BzL3Rlc3Qvc3BhY2stc3RhY2stMS42LjAtbmNvL2VudnMvbmNvLWludGVsLTE5LjEuMy4zMDQvaW5zdGFsbC9tb2R1bGVmaWxlcy9jcmF5LW1waWNoLzguMS45L2ludGVsLzE5LjEuMy4zMDQvcGFyYWxsZWxpby8yLjUuMTAubHVhIixbImZ1bGxOYW1lIl09InBhcmFsbGVsaW8vMi41LjEwIixbImxvYWRPcmRlciJdPTM2LHByb3BUPXt9LFsicmVmX2NvdW50Il09MSxbInN0YWNrRGVwdGgiXT0xLFsic3RhdHVzIl09ImFjdGl2ZSIsWyJ1c2VyTmFtZSJdPSJwYXJhbGxlbGlvLzIuNS4xMCIsfSxwY3JlMj17WyJmbiJdPSIvYXBwcy9vcHMvdGVzdC9zcGFjay1zdGFjay0xLjYuMC1uY28vZW52cy9uY28taW50ZWwtMTkuMS4zLjMwNC9pbnN0YWxsL21vZHVsZWZpbGVzL2lu', 'HPSS_PROJECT': 'emc-global', 'BASE_DATA': '/lfs/h2/emc/global/noscrub/emc.global/data', 'COMLISTROOT': '/lfs/h1/ops/prod/config', 'IAU_DELTHRS': 6, '_ModuleTable060_': 'L21vZHVsZWZpbGVzL2NyYXktbXBpY2gvOC4xLjkvaW50ZWwvMTkuMS4zLjMwNCIsIi9hcHBzL29wcy9wcm9kL2xpYnMvbW9kdWxlZmlsZXMvbXBpL2ludGVsLzE5LjEuMy4zMDQvY3JheS1tcGljaC84LjEuNCIsIi9hcHBzL3Byb2QvbG1vZHVsZXMvSU5URUxfY3JheV9tcGljaC8xOS4xLjMuMzA0L2NyYXktbXBpY2gvOC4xLjQiLCIvb3B0L2NyYXkvcGUvbG1vZC9tb2R1bGVmaWxlcy9tcGkvaW50ZWwvMTkuMC9vZmkvMS4wL2NyYXktbXBpY2gvOC4wIiwiL29wdC9jcmF5L3BlL2xtb2QvbW9kdWxlZmlsZXMvY29tbmV0L2ludGVsLzE5LjAvb2ZpLzEuMCIsIi9vcHQvY3JheS9wZS9sbW9kL21vZHVsZWZpbGVzL25ldC9vZmkvMS4wIiwiL2FwcHMvb3BzL3Rlc3Qvc3BhY2stc3Rh', '_ModuleTable001_': 'X01vZHVsZVRhYmxlXz17WyJNVHZlcnNpb24iXT0zLFsiY19yZWJ1aWxkVGltZSJdPWZhbHNlLFsiY19zaG9ydFRpbWUiXT1mYWxzZSxkZXB0aFQ9e30sZmFtaWx5PXtbIk1ldGFDb21waWxlciJdPSJzdGFjay1pbnRlbCIsWyJNZXRhTVBJIl09InN0YWNrLWNyYXktbXBpY2giLFsiTWV0YVB5dGhvbiJdPSJzdGFjay1weXRob24iLFsiUHJnRW52Il09IlByZ0Vudi1pbnRlbCIsWyJjb21waWxlciJdPSJpbnRlbCIsWyJjcmF5cGUiXT0iY3JheXBlIixbImNyYXlwZV9jcHUiXT0iY3JheXBlLXg4Ni1yb21lIixbImNyYXlwZV9uZXR3b3JrIl09ImNyYXlwZS1uZXR3b3JrLW9maSIsWyJtcGkiXT0iY3JheS1tcGljaCIsfSxtVD17R0RBUz17WyJmbiJdPSIvbGZzL2gyL2VtYy9nbG9i', 'YAML_DIR': '/apps/ops/test/spack-stack-1.6.0-nco/envs/nco-intel-19.1.3.304/install/intel/19.1.3.304/libyaml-0.2.5-ygjrdvo', 'restart_interval_enkfgfs': 3, 'REDERR': '2>', 'py_numpy_ROOT': '/apps/ops/test/spack-stack-1.6.0-nco/envs/nco-intel-19.1.3.304/install/intel/19.1.3.304/py-numpy-1.24.4-yosem2k', 'DO_PREP_SFC': False, 'COM_OCEAN_ANALYSIS_TMPL': '${ROTDIR}/${RUN}.${YMD}/${HH}/${MEMDIR}/analysis/ocean', 'LOADEDMODULES': 'craype-x86-rome:envvar/1.0:PrgEnv-intel/8.3.3:intel/19.1.3.304:stack-intel/19.1.3.304:libfabric/1.20.1:craype-network-ofi:cray-mpich/8.1.9:stack-cray-mpich/8.1.9:libxcrypt/4.4.35:sqlite/3.43.2:util-linux-uuid/2.38.1:python/3.10.13:stack-python/3.10.13:craype/2.7.17:cray-pals/1.3.2:cmake/3.23.1:pigz/2.7:zstd/1.5.2:tar/1.34:gettext/0.19.7:pcre2/10.42:curl/8.4.0:zlib/1.2.13:git/2.35.3:git-lfs/2.11.0:pkg-config/0.29.2:hdf5/1.14.0:parallel-netcdf/1.12.2:netcdf-c/4.9.2:nccmp/1.9.0.1:netcdf-fortran/4.6.1:antlr/2.7.7:gsl/2.7.1:nco/5.0.6:parallelio/2.5.10:boost/1.83.0:bufr/12.0.1:ecbuild/3.7.2:openjpeg/2.5.0:eigen/3.4.0:openblas/0.3.24:eckit/1.24.5:fftw/3.3.10:fckit/0.11.0:fms/2023.04:esmf/8.5.0:qhull/2020.2:atlas/0.35.0:sp/2.5.0:gsl-lite/0.37.0:libjpeg/2.1.0:libpng/1.6.37:libxt/1.1.5:libxmu/1.1.4:libxpm/3.5.12:libxaw/1.0.13:udunits/2.2.28:ncview/2.1.9:netcdf-cxx4/4.3.1:prod_util/2.0.14:py-setuptools/63.4.3:py-jinja2/3.1.2:py-netcdf4/1.5.8:py-pybind11/2.11.1:py-pycodestyle/2.11.0:libyaml/0.2.5:py-pyyaml/5.4.1:py-scipy/1.10.1:py-xarray/2023.7.0:py-f90nml/1.4.3:py-pip/23.1.2:py-bottleneck/1.3.7:py-numexpr/2.8.4:py-six/1.16.0:py-python-dateutil/2.8.2:py-pytz/2023.3:py-pandas/1.5.3:py-markupsafe/2.1.3:py-numpy/1.24.4:py-cftime/1.0.3.4:py-packaging/23.1:GDAS/wcoss2.intel', '_ModuleTable048_': 'ZXIiXT02OCxwcm9wVD17fSxbInN0YWNrRGVwdGgiXT0xLFsic3RhdHVzIl09ImFjdGl2ZSIsWyJ1c2VyTmFtZSJdPSJweS1weXlhbWwvNS40LjEiLH0sWyJweS1zY2lweSJdPXtbImZuIl09Ii9hcHBzL29wcy90ZXN0L3NwYWNrLXN0YWNrLTEuNi4wLW5jby9lbnZzL25jby1pbnRlbC0xOS4xLjMuMzA0L2luc3RhbGwvbW9kdWxlZmlsZXMvaW50ZWwvMTkuMS4zLjMwNC9weS1zY2lweS8xLjEwLjEubHVhIixbImZ1bGxOYW1lIl09InB5LXNjaXB5LzEuMTAuMSIsWyJsb2FkT3JkZXIiXT02OSxwcm9wVD17fSxbInN0YWNrRGVwdGgiXT0xLFsic3RhdHVzIl09ImFjdGl2ZSIsWyJ1c2VyTmFtZSJdPSJweS1zY2lweS8xLjEwLjEiLH0sWyJweS1zZXR1cHRvb2xzIl09e1siZm4iXT0i', 'py_pyyaml_ROOT': '/apps/ops/test/spack-stack-1.6.0-nco/envs/nco-intel-19.1.3.304/install/intel/19.1.3.304/py-pyyaml-5.4.1-afvmuaf', 'FHCYC': 1, 'COM_ATMOS_HISTORY_TMPL': '${ROTDIR}/${RUN}.${YMD}/${HH}/${MEMDIR}/model/atmos/history', 'COM_OCEAN_BMATRIX_TMPL': '${ROTDIR}/${RUN}.${YMD}/${HH}/${MEMDIR}/bmatrix/ocean', 'LMOD_AVAIL_STYLE': 'en_grouped:system', 'ICERES': 25, 'JCB_BASE_YAML': '/lfs/h2/emc/global/noscrub/emc.global/RETRO_GFSv17/git/global-workflow/develop_20250602/parm/gdas/stat/aero/jcb-base.yaml.j2', '_ModuleTable058_': 'LFsiZnVsbE5hbWUiXT0idXRpbC1saW51eC11dWlkLzIuMzguMSIsWyJsb2FkT3JkZXIiXT0xMixwcm9wVD17fSxbInJlZl9jb3VudCJdPTEsWyJzdGFja0RlcHRoIl09MyxbInN0YXR1cyJdPSJhY3RpdmUiLFsidXNlck5hbWUiXT0idXRpbC1saW51eC11dWlkLzIuMzguMSIsfSx6bGliPXtbImZuIl09Ii9hcHBzL29wcy90ZXN0L3NwYWNrLXN0YWNrLTEuNi4wLW5jby9lbnZzL25jby1pbnRlbC0xOS4xLjMuMzA0L2luc3RhbGwvbW9kdWxlZmlsZXMvaW50ZWwvMTkuMS4zLjMwNC96bGliLzEuMi4xMy5sdWEiLFsiZnVsbE5hbWUiXT0iemxpYi8xLjIuMTMiLFsibG9hZE9yZGVyIl09MjQscHJvcFQ9e30sWyJyZWZfY291bnQiXT0zLFsic3RhY2tEZXB0aCJdPTEsWyJzdGF0dXMi', 'CRAYPE_NETWORK_TARGET': 'ofi', 'FC': 'ftn', 'DO_METP': True, 'OFFSET_START_HOUR': 0, 'COM_ATMOS_GOES_TMPL': '${ROTDIR}/${RUN}.${YMD}/${HH}/${MEMDIR}/products/atmos/goes_sim', '__LMOD_REF_COUNT_ACLOCAL_PATH': '/apps/ops/test/spack-stack-1.6.0-nco/envs/nco-intel-19.1.3.304/install/intel/19.1.3.304/gsl-2.7.1-kr3c4v5/share/aclocal:2;/usr/share/aclocal:4;/apps/ops/test/spack-stack-1.6.0-nco/envs/nco-intel-19.1.3.304/install/intel/19.1.3.304/curl-8.4.0-zr7lvkw/share/aclocal:2;/apps/ops/test/spack-stack-1.6.0-nco/envs/nco-intel-19.1.3.304/install/intel/19.1.3.304/gettext-0.19.7-2fi4wu4/share/aclocal:2;/apps/ops/test/spack-stack-1.6.0-nco/envs/nco-intel-19.1.3.304/install/intel/19.1.3.304/cmake-3.23.1-chpcsen/share/aclocal:2', 'FHOUT_AERO': 3, 'SENDDBN': False, '__LMOD_REF_COUNT_MANPATH': '/apps/ops/test/spack-stack-1.6.0-nco/envs/nco-intel-19.1.3.304/install/intel/19.1.3.304/libxaw-1.0.13-gdstphl/share/man:2;/apps/ops/test/spack-stack-1.6.0-nco/envs/nco-intel-19.1.3.304/install/intel/19.1.3.304/libxpm-3.5.12-dcjsyoi/share/man:2;/apps/ops/test/spack-stack-1.6.0-nco/envs/nco-intel-19.1.3.304/install/intel/19.1.3.304/libxt-1.1.5-r2mrglu/share/man:2;/apps/ops/test/spack-stack-1.6.0-nco/envs/nco-intel-19.1.3.304/install/intel/19.1.3.304/libpng-1.6.37-3sds4er/share/man:2;/apps/ops/test/spack-stack-1.6.0-nco/envs/nco-intel-19.1.3.304/install/intel/19.1.3.304/libjpeg-turbo-2.1.0-rt44pqr/share/man:2;/apps/ops/test/spack-stack-1.6.0-nco/envs/nco-intel-19.1.3.304/install/intel/19.1.3.304/qhull-2020.2-5ycwudw/share/man:2;/apps/ops/test/spack-stack-1.6.0-nco/envs/nco-intel-19.1.3.304/install/intel/19.1.3.304/fftw-3.3.10-sefnta3/share/man:2;/apps/ops/test/spack-stack-1.6.0-nco/envs/nco-intel-19.1.3.304/install/intel/19.1.3.304/nco-5.0.6-6ykwuoz/share/man:2;/apps/ops/test/spack-stack-1.6.0-nco/envs/nco-intel-19.1.3.304/install/intel/19.1.3.304/gsl-2.7.1-kr3c4v5/share/man:2;/apps/ops/test/spack-stack-1.6.0-nco/envs/nco-intel-19.1.3.304/install/intel/19.1.3.304/netcdf-fortran-4.6.1-b4geqvx/share/man:2;/apps/ops/test/spack-stack-1.6.0-nco/envs/nco-intel-19.1.3.304/install/intel/19.1.3.304/netcdf-c-4.9.2-bcln2jr/share/man:2;/apps/ops/test/spack-stack-1.6.0-nco/envs/nco-intel-19.1.3.304/install/intel/19.1.3.304/parallel-netcdf-1.12.2-77j7vnx/share/man:2;/usr/share/man:5;/apps/ops/test/spack-stack-1.6.0-nco/envs/nco-intel-19.1.3.304/install/intel/19.1.3.304/zlib-1.2.13-yoc3h4p/share/man:2;/apps/ops/test/spack-stack-1.6.0-nco/envs/nco-intel-19.1.3.304/install/intel/19.1.3.304/curl-8.4.0-zr7lvkw/share/man:2;/apps/ops/test/spack-stack-1.6.0-nco/envs/nco-intel-19.1.3.304/install/intel/19.1.3.304/pcre2-10.42-utn3zxn/share/man:2;/apps/ops/test/spack-stack-1.6.0-nco/envs/nco-intel-19.1.3.304/install/intel/19.1.3.304/gettext-0.19.7-2fi4wu4/share/man:2;/apps/ops/test/spack-stack-1.6.0-nco/envs/nco-intel-19.1.3.304/install/intel/19.1.3.304/tar-1.34-e7e3lq2/share/man:2;/apps/ops/test/spack-stack-1.6.0-nco/envs/nco-intel-19.1.3.304/install/intel/19.1.3.304/zstd-1.5.2-pe6gdyf/share/man:2;/apps/ops/test/spack-stack-1.6.0-nco/envs/nco-intel-19.1.3.304/install/intel/19.1.3.304/pigz-2.7-p2s5ywz/man:2;/opt/cray/pals/1.3.2/man:1;/opt/cray/pe/craype/2.7.17/man:1;/apps/ops/test/spack-stack-1.6.0-nco/envs/nco-intel-19.1.3.304/install/intel/19.1.3.304/python-3.10.13-qzt4y2i/share/man:2;/apps/ops/test/spack-stack-1.6.0-nco/envs/nco-intel-19.1.3.304/install/intel/19.1.3.304/util-linux-uuid-2.38.1-jwatqmi/share/man:2;/apps/ops/test/spack-stack-1.6.0-nco/envs/nco-intel-19.1.3.304/install/intel/19.1.3.304/sqlite-3.43.2-onahail/share/man:2;/apps/ops/test/spack-stack-1.6.0-nco/envs/nco-intel-19.1.3.304/install/intel/19.1.3.304/libxcrypt-4.4.35-soueqga/share/man:2;/opt/cray/pe/mpich/8.1.9/ofi/man:1;/opt/cray/pe/mpich/8.1.9/man/mpich:1;/opt/cray/share/man:1;/pe/intel/man/common:1;/pe/intel/compilers_and_libraries_2020.4.304/linux/mpi/man:1;/pe/intel/documentation_2020/en/debugger/gdb-ia/man:1;/usr/share/lmod/lmod/share/man:1;/opt/c3/man:1;/opt/pbs/share/man:1', '_ModuleTable006_': 'YXBwcy9vcHMvdGVzdC9zcGFjay1zdGFjay0xLjYuMC1uY28vZW52cy9uY28taW50ZWwtMTkuMS4zLjMwNC9pbnN0YWxsL21vZHVsZWZpbGVzL2ludGVsLzE5LjEuMy4zMDQvY21ha2UvMy4yMy4xLmx1YSIsWyJmdWxsTmFtZSJdPSJjbWFrZS8zLjIzLjEiLFsibG9hZE9yZGVyIl09MTcscHJvcFQ9e30sWyJyZWZfY291bnQiXT0xLFsic3RhY2tEZXB0aCJdPTEsWyJzdGF0dXMiXT0iYWN0aXZlIixbInVzZXJOYW1lIl09ImNtYWtlLzMuMjMuMSIsfSxbImNyYXktbXBpY2giXT17WyJmbiJdPSIvb3B0L2NyYXkvcGUvbG1vZC9tb2R1bGVmaWxlcy9jb21uZXQvaW50ZWwvMTkuMC9vZmkvMS4wL2NyYXktbXBpY2gvOC4xLjkubHVhIixbImZ1bGxOYW1lIl09ImNyYXktbXBpY2gvOC4x', '_ModuleTable003_': 'VD17fSxbInN0YWNrRGVwdGgiXT0yLFsic3RhdHVzIl09ImFjdGl2ZSIsWyJ1c2VyTmFtZSJdPSJQcmdFbnYtaW50ZWwvOC4zLjMiLH0sYW50bHI9e1siZm4iXT0iL2FwcHMvb3BzL3Rlc3Qvc3BhY2stc3RhY2stMS42LjAtbmNvL2VudnMvbmNvLWludGVsLTE5LjEuMy4zMDQvaW5zdGFsbC9tb2R1bGVmaWxlcy9pbnRlbC8xOS4xLjMuMzA0L2FudGxyLzIuNy43Lmx1YSIsWyJmdWxsTmFtZSJdPSJhbnRsci8yLjcuNyIsWyJsb2FkT3JkZXIiXT0zMyxwcm9wVD17fSxbInJlZl9jb3VudCJdPTEsWyJzdGFja0RlcHRoIl09MixbInN0YXR1cyJdPSJhY3RpdmUiLFsidXNlck5hbWUiXT0iYW50bHIvMi43LjciLH0sYXRsYXM9e1siZm4iXT0iL2FwcHMvb3BzL3Rlc3Qvc3BhY2stc3Rh', 'HDF5_DIR': '/apps/ops/test/spack-stack-1.6.0-nco/envs/nco-intel-19.1.3.304/install/intel/19.1.3.304/hdf5-1.14.0-yckaywr', 'INTEL_LICENSE_FILE': '/pe/intel/compilers_and_libraries_2020.4.304/linux/licenses:/opt/intel/licenses:/intel/licenses', 'MPICC': 'mpicc', 'machine': 'WCOSS2', 'LMOD_ROOT': '/usr/share/lmod', 'DO_GOES': False, '_ModuleTable040_': 'Mi4xLjMiLH0sWyJweS1uZXRjZGY0Il09e1siZm4iXT0iL2FwcHMvb3BzL3Rlc3Qvc3BhY2stc3RhY2stMS42LjAtbmNvL2VudnMvbmNvLWludGVsLTE5LjEuMy4zMDQvaW5zdGFsbC9tb2R1bGVmaWxlcy9jcmF5LW1waWNoLzguMS45L2ludGVsLzE5LjEuMy4zMDQvcHktbmV0Y2RmNC8xLjUuOC5sdWEiLFsiZnVsbE5hbWUiXT0icHktbmV0Y2RmNC8xLjUuOCIsWyJsb2FkT3JkZXIiXT02NCxwcm9wVD17fSxbInN0YWNrRGVwdGgiXT0xLFsic3RhdHVzIl09ImFjdGl2ZSIsWyJ1c2VyTmFtZSJdPSJweS1uZXRjZGY0LzEuNS44Iix9LFsicHktbnVtZXhwciJdPXtbImZuIl09Ii9hcHBzL29wcy90ZXN0L3NwYWNrLXN0YWNrLTEuNi4wLW5jby9lbnZzL25jby1pbnRlbC0xOS4xLjMu', 'COM_ATMOS_MINMON_TMPL': '${ROTDIR}/${RUN}.${YMD}/${HH}/${MEMDIR}/products/atmos/minmon', 'CLUSTERS': '', '_ModuleTable022_': 'LW5jby9lbnZzL25jby1pbnRlbC0xOS4xLjMuMzA0L2luc3RhbGwvbW9kdWxlZmlsZXMvaW50ZWwvMTkuMS4zLjMwNC9saWJ4YXcvMS4wLjEzLmx1YSIsWyJmdWxsTmFtZSJdPSJsaWJ4YXcvMS4wLjEzIixbImxvYWRPcmRlciJdPTU3LHByb3BUPXt9LFsicmVmX2NvdW50Il09MSxbInN0YWNrRGVwdGgiXT0xLFsic3RhdHVzIl09ImFjdGl2ZSIsWyJ1c2VyTmFtZSJdPSJsaWJ4YXcvMS4wLjEzIix9LGxpYnhjcnlwdD17WyJmbiJdPSIvYXBwcy9vcHMvdGVzdC9zcGFjay1zdGFjay0xLjYuMC1uY28vZW52cy9uY28taW50ZWwtMTkuMS4zLjMwNC9pbnN0YWxsL21vZHVsZWZpbGVzL2ludGVsLzE5LjEuMy4zMDQvbGlieGNyeXB0LzQuNC4zNS5sdWEiLFsiZnVsbE5hbWUiXT0ibGli', '_ModuleTable050_': 'dGVsLzE5LjEuMy4zMDQvcHktc2l4LzEuMTYuMC5sdWEiLFsiZnVsbE5hbWUiXT0icHktc2l4LzEuMTYuMCIsWyJsb2FkT3JkZXIiXT03NSxwcm9wVD17fSxbInJlZl9jb3VudCJdPTEsWyJzdGFja0RlcHRoIl09MyxbInN0YXR1cyJdPSJhY3RpdmUiLFsidXNlck5hbWUiXT0icHktc2l4LzEuMTYuMCIsfSxbInB5LXhhcnJheSJdPXtbImZuIl09Ii9hcHBzL29wcy90ZXN0L3NwYWNrLXN0YWNrLTEuNi4wLW5jby9lbnZzL25jby1pbnRlbC0xOS4xLjMuMzA0L2luc3RhbGwvbW9kdWxlZmlsZXMvaW50ZWwvMTkuMS4zLjMwNC9weS14YXJyYXkvMjAyMy43LjAubHVhIixbImZ1bGxOYW1lIl09InB5LXhhcnJheS8yMDIzLjcuMCIsWyJsb2FkT3JkZXIiXT03MCxwcm9wVD17fSxbInN0', 'FROM_HEADER': '', 'CRAY_MPICH_ROOTDIR': '/opt/cray/pe/mpich/8.1.9', 'openblas_ROOT': '/apps/ops/test/spack-stack-1.6.0-nco/envs/nco-intel-19.1.3.304/install/intel/19.1.3.304/openblas-0.3.24-7qwu32e', '_ModuleTable013_': 'bXBpY2gvOC4xLjkvaW50ZWwvMTkuMS4zLjMwNC9lc21mLzguNS4wLmx1YSIsWyJmdWxsTmFtZSJdPSJlc21mLzguNS4wIixbImxvYWRPcmRlciJdPTQ3LHByb3BUPXt9LFsic3RhY2tEZXB0aCJdPTEsWyJzdGF0dXMiXT0iYWN0aXZlIixbInVzZXJOYW1lIl09ImVzbWYvOC41LjAiLH0sZmNraXQ9e1siZm4iXT0iL2FwcHMvb3BzL3Rlc3Qvc3BhY2stc3RhY2stMS42LjAtbmNvL2VudnMvbmNvLWludGVsLTE5LjEuMy4zMDQvaW5zdGFsbC9tb2R1bGVmaWxlcy9jcmF5LW1waWNoLzguMS45L2ludGVsLzE5LjEuMy4zMDQvZmNraXQvMC4xMS4wLmx1YSIsWyJmdWxsTmFtZSJdPSJmY2tpdC8wLjExLjAiLFsibG9hZE9yZGVyIl09NDUscHJvcFQ9e30sWyJyZWZfY291bnQiXT0xLFsi', 'PBS_O_QUEUE': 'devmax', '_ModuleTable036_': 'LjAuMTQiLFsiZnVsbE5hbWUiXT0icHJvZF91dGlsLzIuMC4xNCIsWyJsb2FkT3JkZXIiXT02MSxwcm9wVD17fSxbInN0YWNrRGVwdGgiXT0xLFsic3RhdHVzIl09ImFjdGl2ZSIsWyJ1c2VyTmFtZSJdPSJwcm9kX3V0aWwvMi4wLjE0Iix9LFsicHktYm90dGxlbmVjayJdPXtbImZuIl09Ii9hcHBzL29wcy90ZXN0L3NwYWNrLXN0YWNrLTEuNi4wLW5jby9lbnZzL25jby1pbnRlbC0xOS4xLjMuMzA0L2luc3RhbGwvbW9kdWxlZmlsZXMvaW50ZWwvMTkuMS4zLjMwNC9weS1ib3R0bGVuZWNrLzEuMy43Lmx1YSIsWyJmdWxsTmFtZSJdPSJweS1ib3R0bGVuZWNrLzEuMy43IixbImxvYWRPcmRlciJdPTczLHByb3BUPXt9LFsicmVmX2NvdW50Il09MSxbInN0YWNrRGVwdGgiXT0yLFsi', 'ILPOST': 1, 'MAIL': '/var/spool/mail/emc.global', 'parallel_netcdf_ROOT': '/apps/ops/test/spack-stack-1.6.0-nco/envs/nco-intel-19.1.3.304/install/intel/19.1.3.304/parallel-netcdf-1.12.2-77j7vnx', 'netcdf_cxx4_ROOT': '/apps/ops/test/spack-stack-1.6.0-nco/envs/nco-intel-19.1.3.304/install/intel/19.1.3.304/netcdf-cxx4-4.3.1-lp7tiyf', 'PE_INTEL_FIXED_PKGCONFIG_PATH': '/opt/cray/pe/mpich/8.1.9/ofi/intel/19.0/lib/pkgconfig', 'NTHREADS_ANLSTAT': 1, 'CXX': 'CC', '_ModuleTable027_': 'Y28vZW52cy9uY28taW50ZWwtMTkuMS4zLjMwNC9pbnN0YWxsL21vZHVsZWZpbGVzL2NyYXktbXBpY2gvOC4xLjkvaW50ZWwvMTkuMS4zLjMwNC9uY28vNS4wLjYubHVhIixbImZ1bGxOYW1lIl09Im5jby81LjAuNiIsWyJsb2FkT3JkZXIiXT0zNSxwcm9wVD17fSxbInN0YWNrRGVwdGgiXT0xLFsic3RhdHVzIl09ImFjdGl2ZSIsWyJ1c2VyTmFtZSJdPSJuY28vNS4wLjYiLH0sbmN2aWV3PXtbImZuIl09Ii9hcHBzL29wcy90ZXN0L3NwYWNrLXN0YWNrLTEuNi4wLW5jby9lbnZzL25jby1pbnRlbC0xOS4xLjMuMzA0L2luc3RhbGwvbW9kdWxlZmlsZXMvY3JheS1tcGljaC84LjEuOS9pbnRlbC8xOS4xLjMuMzA0L25jdmlldy8yLjEuOS5sdWEiLFsiZnVsbE5hbWUiXT0ibmN2aWV3', 'DO_GENESIS': True, 'COM_ATMOS_IMAGERY_TMPL': '${ROTDIR}/${RUN}.${YMD}/${HH}/${MEMDIR}/products/atmos/imagery', 'LMOD_FAMILY_METACOMPILER': 'stack-intel', 'FHMIN_GFS': 0, '_ModuleTable016_': 'b2FkT3JkZXIiXT0yMSxwcm9wVD17fSxbInJlZl9jb3VudCJdPTEsWyJzdGFja0RlcHRoIl09MSxbInN0YXR1cyJdPSJhY3RpdmUiLFsidXNlck5hbWUiXT0iZ2V0dGV4dC8wLjE5LjciLH0sZ2l0PXtbImZuIl09Ii9hcHBzL29wcy90ZXN0L3NwYWNrLXN0YWNrLTEuNi4wLW5jby9lbnZzL25jby1pbnRlbC0xOS4xLjMuMzA0L2luc3RhbGwvbW9kdWxlZmlsZXMvaW50ZWwvMTkuMS4zLjMwNC9naXQvMi4zNS4zLmx1YSIsWyJmdWxsTmFtZSJdPSJnaXQvMi4zNS4zIixbImxvYWRPcmRlciJdPTI1LHByb3BUPXt9LFsic3RhY2tEZXB0aCJdPTEsWyJzdGF0dXMiXT0iYWN0aXZlIixbInVzZXJOYW1lIl09ImdpdC8yLjM1LjMiLH0sWyJnaXQtbGZzIl09e1siZm4iXT0iL2FwcHMvcHJv', 'binary_diag': False, 'ntiles': 6, 'DO_MERGENSST': False, 'LESSKEY': '/etc/lesskey.bin', '__LMOD_REF_COUNT_PE_MPICH_GENCOMPILERS_INTEL': '19.0:1', 'YAML_LIB': '/apps/ops/test/spack-stack-1.6.0-nco/envs/nco-intel-19.1.3.304/install/intel/19.1.3.304/libyaml-0.2.5-ygjrdvo/lib', '_ModuleTable009_': 'Ii9vcHQvY3JheS9wZS9sbW9kL21vZHVsZWZpbGVzL2NyYXlwZS10YXJnZXRzL2RlZmF1bHQvY3JheXBlLXg4Ni1yb21lLmx1YSIsWyJmdWxsTmFtZSJdPSJjcmF5cGUteDg2LXJvbWUiLFsibG9hZE9yZGVyIl09MSxwcm9wVD17fSxbInN0YWNrRGVwdGgiXT0xLFsic3RhdHVzIl09ImFjdGl2ZSIsWyJ1c2VyTmFtZSJdPSJjcmF5cGUteDg2LXJvbWUiLH0sY3VybD17WyJmbiJdPSIvYXBwcy9vcHMvdGVzdC9zcGFjay1zdGFjay0xLjYuMC1uY28vZW52cy9uY28taW50ZWwtMTkuMS4zLjMwNC9pbnN0YWxsL21vZHVsZWZpbGVzL2ludGVsLzE5LjEuMy4zMDQvY3VybC84LjQuMC5sdWEiLFsiZnVsbE5hbWUiXT0iY3VybC84LjQuMCIsWyJsb2FkT3JkZXIiXT0yMyxwcm9wVD17fSxb', 'SHELL': '/bin/bash', 'DUMP_SUFFIX': '', 'CRAY_MPICH_VER': '8.1.9', 'FIXgsi': '/lfs/h2/emc/global/noscrub/emc.global/RETRO_GFSv17/git/global-workflow/develop_20250602/fix/gsi', 'LMOD_ADMIN_FILE': '/apps/prod/lmodules/admin.list', 'OCNRES': 25, 'COMROOT': '/lfs/h2/emc/ptmp/emc.global/RETRO_GFSv17/comroot', 'FIXgdas': '/lfs/h2/emc/global/noscrub/emc.global/RETRO_GFSv17/git/global-workflow/develop_20250602/fix/gdas', 'LMOD_CUSTOM_COMPILER_GNU_8_0_UCX_1_0_PREFIX': '/apps/prod/lmodules/gcc/11.2.0:/apps/prod/lmodules/gcc/10.2.0', 'NMV': '/bin/mv', 'PE_MPICH_FIXED_PRGENV': 'INTEL', 'FIXcice': '/lfs/h2/emc/global/noscrub/emc.global/RETRO_GFSv17/git/global-workflow/develop_20250602/fix/cice', 'LMOD_CUSTOM_COMPILER_CRAYCLANG_10_0_PREFIX': '/apps/prod/lmodules/cce/13.0.0:/apps/prod/lmodules/cce/12.0.3:/apps/prod/lmodules/cce/11.0.4', 'lmod_prefix_path': '/usr/share', 'CLIENT_GLOBUS_UUID': '{{ CLIENT_GLOBUS_UUID }}', 'COMINecmwf': '/lfs/h2/emc/global/noscrub/emc.global/data/external_gempak/ecmwf', 'restart_interval_gdas': 3, 'LMOD_FAMILY_PRGENV': 'PrgEnv-intel', 'SDATE_GFS': datetime.datetime(2024, 11, 15, 12, 0), 'CASE': 'C1152', '_ModuleTable_Sz_': 64, 'APP': 'S2SW', 'DO_COUPLED': True, 'libxaw_ROOT': '/apps/ops/test/spack-stack-1.6.0-nco/envs/nco-intel-19.1.3.304/install/intel/19.1.3.304/libxaw-1.0.13-gdstphl', 'NCLEN': '/lfs/h2/emc/global/noscrub/emc.global/RETRO_GFSv17/git/global-workflow/develop_20250602/ush/getncdimlen', '__LMOD_REF_COUNT_CPATH': '/apps/ops/test/spack-stack-1.6.0-nco/envs/nco-intel-19.1.3.304/install/intel/19.1.3.304/libyaml-0.2.5-ygjrdvo/include:1;/apps/ops/test/spack-stack-1.6.0-nco/envs/nco-intel-19.1.3.304/install/intel/19.1.3.304/py-pybind11-2.11.1-wdb6paz/include:1;/apps/ops/test/spack-stack-1.6.0-nco/envs/nco-intel-19.1.3.304/install/intel/19.1.3.304/netcdf-cxx4-4.3.1-lp7tiyf/include:1;/apps/ops/test/spack-stack-1.6.0-nco/envs/nco-intel-19.1.3.304/install/intel/19.1.3.304/udunits-2.2.28-wmjzel4/include:1;/apps/ops/test/spack-stack-1.6.0-nco/envs/nco-intel-19.1.3.304/install/intel/19.1.3.304/libxaw-1.0.13-gdstphl/include:1;/apps/ops/test/spack-stack-1.6.0-nco/envs/nco-intel-19.1.3.304/install/intel/19.1.3.304/libxpm-3.5.12-dcjsyoi/include:1;/apps/ops/test/spack-stack-1.6.0-nco/envs/nco-intel-19.1.3.304/install/intel/19.1.3.304/libxmu-1.1.4-xhe6hjc/include:1;/apps/ops/test/spack-stack-1.6.0-nco/envs/nco-intel-19.1.3.304/install/intel/19.1.3.304/libxt-1.1.5-r2mrglu/include:1;/apps/ops/test/spack-stack-1.6.0-nco/envs/nco-intel-19.1.3.304/install/intel/19.1.3.304/libpng-1.6.37-3sds4er/include:1;/apps/ops/test/spack-stack-1.6.0-nco/envs/nco-intel-19.1.3.304/install/intel/19.1.3.304/libjpeg-turbo-2.1.0-rt44pqr/include:1;/apps/ops/test/spack-stack-1.6.0-nco/envs/nco-intel-19.1.3.304/install/intel/19.1.3.304/gsl-lite-0.37.0-7zi7wss/include:1;/apps/ops/test/spack-stack-1.6.0-nco/envs/nco-intel-19.1.3.304/install/intel/19.1.3.304/ecmwf-atlas-0.35.0-42ufhdx/include:1;/apps/ops/test/spack-stack-1.6.0-nco/envs/nco-intel-19.1.3.304/install/intel/19.1.3.304/qhull-2020.2-5ycwudw/include:1;/apps/ops/test/spack-stack-1.6.0-nco/envs/nco-intel-19.1.3.304/install/intel/19.1.3.304/esmf-8.5.0-7huplmy/include:1;/apps/ops/test/spack-stack-1.6.0-nco/envs/nco-intel-19.1.3.304/install/intel/19.1.3.304/fckit-0.11.0-7qg4hhj/include:1;/apps/ops/test/spack-stack-1.6.0-nco/envs/nco-intel-19.1.3.304/install/intel/19.1.3.304/fftw-3.3.10-sefnta3/include:1;/apps/ops/test/spack-stack-1.6.0-nco/envs/nco-intel-19.1.3.304/install/intel/19.1.3.304/eckit-1.24.5-isrgc5y/include:1;/apps/ops/test/spack-stack-1.6.0-nco/envs/nco-intel-19.1.3.304/install/intel/19.1.3.304/openblas-0.3.24-7qwu32e/include:1;/apps/ops/test/spack-stack-1.6.0-nco/envs/nco-intel-19.1.3.304/install/intel/19.1.3.304/eigen-3.4.0-7qdffiv/include/eigen3:1;/apps/ops/test/spack-stack-1.6.0-nco/envs/nco-intel-19.1.3.304/install/intel/19.1.3.304/eigen-3.4.0-7qdffiv/include:1;/apps/ops/test/spack-stack-1.6.0-nco/envs/nco-intel-19.1.3.304/install/intel/19.1.3.304/openjpeg-2.5.0-ulqgnem/include:1;/apps/ops/test/spack-stack-1.6.0-nco/envs/nco-intel-19.1.3.304/install/intel/19.1.3.304/bufr-12.0.1-tirva7g/include:1;/apps/ops/test/spack-stack-1.6.0-nco/envs/nco-intel-19.1.3.304/install/intel/19.1.3.304/boost-1.83.0-nqtmt7k/include:1;/apps/ops/test/spack-stack-1.6.0-nco/envs/nco-intel-19.1.3.304/install/intel/19.1.3.304/parallelio-2.5.10-3rkk43u/include:1;/apps/ops/test/spack-stack-1.6.0-nco/envs/nco-intel-19.1.3.304/install/intel/19.1.3.304/gsl-2.7.1-kr3c4v5/include:1;/apps/ops/test/spack-stack-1.6.0-nco/envs/nco-intel-19.1.3.304/install/intel/19.1.3.304/antlr-2.7.7-hoqq24u/include:1;/apps/ops/test/spack-stack-1.6.0-nco/envs/nco-intel-19.1.3.304/install/intel/19.1.3.304/netcdf-fortran-4.6.1-b4geqvx/include:1;/apps/ops/test/spack-stack-1.6.0-nco/envs/nco-intel-19.1.3.304/install/intel/19.1.3.304/netcdf-c-4.9.2-bcln2jr/include:1;/apps/ops/test/spack-stack-1.6.0-nco/envs/nco-intel-19.1.3.304/install/intel/19.1.3.304/parallel-netcdf-1.12.2-77j7vnx/include:1;/apps/ops/test/spack-stack-1.6.0-nco/envs/nco-intel-19.1.3.304/install/intel/19.1.3.304/hdf5-1.14.0-yckaywr/include:1;/apps/ops/test/spack-stack-1.6.0-nco/envs/nco-intel-19.1.3.304/install/intel/19.1.3.304/zlib-1.2.13-yoc3h4p/include:1;/apps/ops/test/spack-stack-1.6.0-nco/envs/nco-intel-19.1.3.304/install/intel/19.1.3.304/curl-8.4.0-zr7lvkw/include:1;/apps/ops/test/spack-stack-1.6.0-nco/envs/nco-intel-19.1.3.304/install/intel/19.1.3.304/pcre2-10.42-utn3zxn/include:1;/apps/ops/test/spack-stack-1.6.0-nco/envs/nco-intel-19.1.3.304/install/intel/19.1.3.304/gettext-0.19.7-2fi4wu4/include:1;/apps/ops/test/spack-stack-1.6.0-nco/envs/nco-intel-19.1.3.304/install/intel/19.1.3.304/zstd-1.5.2-pe6gdyf/include:1;/apps/ops/test/spack-stack-1.6.0-nco/envs/nco-intel-19.1.3.304/install/intel/19.1.3.304/python-3.10.13-qzt4y2i/include:1;/apps/ops/test/spack-stack-1.6.0-nco/envs/nco-intel-19.1.3.304/install/intel/19.1.3.304/util-linux-uuid-2.38.1-jwatqmi/include:1;/apps/ops/test/spack-stack-1.6.0-nco/envs/nco-intel-19.1.3.304/install/intel/19.1.3.304/sqlite-3.43.2-onahail/include:1;/apps/ops/test/spack-stack-1.6.0-nco/envs/nco-intel-19.1.3.304/install/intel/19.1.3.304/libxcrypt-4.4.35-soueqga/include:1;/pe/intel/compilers_and_libraries_2020.4.304/linux/ipp/include:1;/pe/intel/compilers_and_libraries_2020.4.304/linux/mkl/include:1;/pe/intel/compilers_and_libraries_2020.4.304/linux/pstl/include:1;/pe/intel/compilers_and_libraries_2020.4.304/linux/pstl/stdlib:1;/pe/intel/compilers_and_libraries_2020.4.304/linux/tbb/include:2', 'COM_ICE_INPUT_TMPL': '${ROTDIR}/${RUN}.${YMD}/${HH}/${MEMDIR}/model/ice/input', 'DO_TEST_MODE': False, 'XCURSOR_THEME': 'DMZ', 'ecbuild_ROOT': '/apps/ops/test/spack-stack-1.6.0-nco/envs/nco-intel-19.1.3.304/install/intel/19.1.3.304/ecbuild-3.7.2-ovbazu2', 'COM_OCEAN_GRIB_GRID_TMPL': '${ROTDIR}/${RUN}.${YMD}/${HH}/${MEMDIR}/products/ocean/grib2/${GRID}', 'walltime': '00:30:00', 'l4densvar': True, 'pgm': '', '_ModuleTable055_': 'Q29yZS9zdGFjay1pbnRlbC8xOS4xLjMuMzA0Lmx1YSIsWyJmdWxsTmFtZSJdPSJzdGFjay1pbnRlbC8xOS4xLjMuMzA0IixbImxvYWRPcmRlciJdPTUscHJvcFQ9e30sWyJzdGFja0RlcHRoIl09MSxbInN0YXR1cyJdPSJhY3RpdmUiLFsidXNlck5hbWUiXT0ic3RhY2staW50ZWwvMTkuMS4zLjMwNCIsfSxbInN0YWNrLXB5dGhvbiJdPXtbImZuIl09Ii9hcHBzL29wcy90ZXN0L3NwYWNrLXN0YWNrLTEuNi4wLW5jby9lbnZzL25jby1pbnRlbC0xOS4xLjMuMzA0L2luc3RhbGwvbW9kdWxlZmlsZXMvaW50ZWwvMTkuMS4zLjMwNC9zdGFjay1weXRob24vMy4xMC4xMy5sdWEiLFsiZnVsbE5hbWUiXT0ic3RhY2stcHl0aG9uLzMuMTAuMTMiLFsibG9hZE9yZGVyIl09MTQscHJvcFQ9', 'LMOD_FAMILY_COMPILER': 'intel', 'COM_WAVE_GRID_TMPL': '${ROTDIR}/${RUN}.${YMD}/${HH}/${MEMDIR}/products/wave/gridded', '_ModuleTable018_': 'aXZlIixbInVzZXJOYW1lIl09ImdzbC8yLjcuMSIsfSxbImdzbC1saXRlIl09e1siZm4iXT0iL2FwcHMvb3BzL3Rlc3Qvc3BhY2stc3RhY2stMS42LjAtbmNvL2VudnMvbmNvLWludGVsLTE5LjEuMy4zMDQvaW5zdGFsbC9tb2R1bGVmaWxlcy9pbnRlbC8xOS4xLjMuMzA0L2dzbC1saXRlLzAuMzcuMC5sdWEiLFsiZnVsbE5hbWUiXT0iZ3NsLWxpdGUvMC4zNy4wIixbImxvYWRPcmRlciJdPTUxLHByb3BUPXt9LFsic3RhY2tEZXB0aCJdPTEsWyJzdGF0dXMiXT0iYWN0aXZlIixbInVzZXJOYW1lIl09ImdzbC1saXRlLzAuMzcuMCIsfSxoZGY1PXtbImZuIl09Ii9hcHBzL29wcy90ZXN0L3NwYWNrLXN0YWNrLTEuNi4wLW5jby9lbnZzL25jby1pbnRlbC0xOS4xLjMuMzA0L2luc3Rh', 'netcdf_fortran_ROOT': '/apps/ops/test/spack-stack-1.6.0-nco/envs/nco-intel-19.1.3.304/install/intel/19.1.3.304/netcdf-fortran-4.6.1-b4geqvx', 'PDYm6': datetime.datetime(2024, 11, 18, 0, 0), 'PDYm7': datetime.datetime(2024, 11, 17, 0, 0), 'COMIN_ATMOS_ANALYSIS': '/lfs/h2/emc/ptmp/emc.global/RETRO_GFSv17/comroot/retrotestgfs10/gdas.20241124/18//analysis/atmos', 'DO_CA': True, 'PDYm4': datetime.datetime(2024, 11, 20, 0, 0), 'PDYm5': datetime.datetime(2024, 11, 19, 0, 0), 'XLOCALEDIR': '/apps/ops/test/spack-stack-1.6.0-nco/envs/nco-intel-19.1.3.304/install/intel/19.1.3.304/libx11-1.8.4-hhwdypx/share/X11/locale', 'PDYm2': datetime.datetime(2024, 11, 22, 0, 0), 'PDYm3': datetime.datetime(2024, 11, 21, 0, 0), 'PDYm1': datetime.datetime(2024, 11, 23, 0, 0), 'LMOD_FAMILY_METAPYTHON_VERSION': '3.10.13', 'LMOD_CUSTOM_CNCM_CRAYCLANG_10_0_OFI_1_0_X86_ROME_1_0_CRAY_MPICH_8_0_PREFIX': '/apps/prod/lmodules/CCE_cray_mpich/11.0.4/cray-mpich/8.1.4', 'SP_LIB8': '/apps/ops/test/spack-stack-1.6.0-nco/envs/nco-intel-19.1.3.304/install/intel/19.1.3.304/sp-2.5.0-rhcyr64/lib64/libsp_8.a', 'TMOUT': 1800, 'py_f90nml_ROOT': '/apps/ops/test/spack-stack-1.6.0-nco/envs/nco-intel-19.1.3.304/install/intel/19.1.3.304/py-f90nml-1.4.3-rizmifn', 'MAKE_NSSTBUFR': False, 'PYTHON_VERSION': 3.1, 'COM_OCEAN_INPUT_TMPL': '${ROTDIR}/${RUN}.${YMD}/${HH}/${MEMDIR}/model/ocean/input', 'SP_LIB4': '/apps/ops/test/spack-stack-1.6.0-nco/envs/nco-intel-19.1.3.304/install/intel/19.1.3.304/sp-2.5.0-rhcyr64/lib64/libsp_4.a', 'DATAROOT': '/lfs/h2/emc/stmp/emc.global/RUNDIRS/retrotestgfs10/gdas.2024112418', 'APRUN_ANLSTAT': 'mpiexec -l -n 20', 'JEDIEXE': '/lfs/h2/emc/global/noscrub/emc.global/RETRO_GFSv17/git/global-workflow/develop_20250602/sorc/gdas.cd/build/bin/ioda-stats.x', 'DO_OCN': True, '_ModuleTable035_': 'dXNlck5hbWUiXT0icGlnei8yLjciLH0sWyJwa2ctY29uZmlnIl09e1siZm4iXT0iL2FwcHMvb3BzL3Rlc3Qvc3BhY2stc3RhY2stMS42LjAtbmNvL2VudnMvbmNvLWludGVsLTE5LjEuMy4zMDQvaW5zdGFsbC9tb2R1bGVmaWxlcy9pbnRlbC8xOS4xLjMuMzA0L3BrZy1jb25maWcvMC4yOS4yLmx1YSIsWyJmdWxsTmFtZSJdPSJwa2ctY29uZmlnLzAuMjkuMiIsWyJsb2FkT3JkZXIiXT0yNyxwcm9wVD17fSxbInJlZl9jb3VudCJdPTEsWyJzdGFja0RlcHRoIl09MSxbInN0YXR1cyJdPSJhY3RpdmUiLFsidXNlck5hbWUiXT0icGtnLWNvbmZpZy8wLjI5LjIiLH0scHJvZF91dGlsPXtbImZuIl09Ii9hcHBzL29wcy9wcm9kL25jby9tb2R1bGVmaWxlcy9jb3JlL3Byb2RfdXRpbC8y', 'FIXaer': '/lfs/h2/emc/global/noscrub/emc.global/RETRO_GFSv17/git/global-workflow/develop_20250602/fix/aer', 'gsl_lite_ROOT': '/apps/ops/test/spack-stack-1.6.0-nco/envs/nco-intel-19.1.3.304/install/intel/19.1.3.304/gsl-lite-0.37.0-7zi7wss', 'DO_GEMPAK': False, 'PYTHONSTARTUP': '/etc/pythonstart', 'COMIN_OCEAN_ANALYSIS': '/lfs/h2/emc/ptmp/emc.global/RETRO_GFSv17/comroot/retrotestgfs10/gdas.20241124/18//analysis/ocean', 'FHMAX_HF_WAV': 120, 'SHLVL': 4, 'LANGUAGE': 'en_US.UTF-8', 'PALS_PING_PERIOD': 0, 'libyaml_ROOT': '/apps/ops/test/spack-stack-1.6.0-nco/envs/nco-intel-19.1.3.304/install/intel/19.1.3.304/libyaml-0.2.5-ygjrdvo', 'ENKF_SPREAD': True, 'PBS_O_HOST': 'dlogin06', 'ARCHCOM_TO': 'hpss', 'HOMEgfs': '/lfs/h2/emc/global/noscrub/emc.global/RETRO_GFSv17/git/global-workflow/develop_20250602', 'DEBUG_POSTSCRIPT': False, 'G_FILENAME_ENCODING': ['@locale', 'UTF-8', 'ISO-8859-15', 'CP1252'], 'PYTHONPATH': '/apps/ops/test/spack-stack-1.6.0-nco/envs/nco-intel-19.1.3.304/install/intel/19.1.3.304/py-packaging-23.1-2qpd5mc/lib/python3.10/site-packages:/apps/ops/test/spack-stack-1.6.0-nco/envs/nco-intel-19.1.3.304/install/intel/19.1.3.304/py-cftime-1.0.3.4-dka7hny/lib/python3.10/site-packages:/apps/ops/test/spack-stack-1.6.0-nco/envs/nco-intel-19.1.3.304/install/intel/19.1.3.304/py-numpy-1.24.4-yosem2k/lib/python3.10/site-packages:/apps/ops/test/spack-stack-1.6.0-nco/envs/nco-intel-19.1.3.304/install/intel/19.1.3.304/py-markupsafe-2.1.3-45ywjnp/lib/python3.10/site-packages:/apps/ops/test/spack-stack-1.6.0-nco/envs/nco-intel-19.1.3.304/install/intel/19.1.3.304/py-pandas-1.5.3-u3wc7uc/lib/python3.10/site-packages:/apps/ops/test/spack-stack-1.6.0-nco/envs/nco-intel-19.1.3.304/install/intel/19.1.3.304/py-pytz-2023.3-yebggst/lib/python3.10/site-packages:/apps/ops/test/spack-stack-1.6.0-nco/envs/nco-intel-19.1.3.304/install/intel/19.1.3.304/py-python-dateutil-2.8.2-mes6fwe/lib/python3.10/site-packages:/apps/ops/test/spack-stack-1.6.0-nco/envs/nco-intel-19.1.3.304/install/intel/19.1.3.304/py-six-1.16.0-u4sv6sb/lib/python3.10/site-packages:/apps/ops/test/spack-stack-1.6.0-nco/envs/nco-intel-19.1.3.304/install/intel/19.1.3.304/py-numexpr-2.8.4-2rtg4mi/lib/python3.10/site-packages:/apps/ops/test/spack-stack-1.6.0-nco/envs/nco-intel-19.1.3.304/install/intel/19.1.3.304/py-bottleneck-1.3.7-oolvw5k/lib/python3.10/site-packages:/apps/ops/test/spack-stack-1.6.0-nco/envs/nco-intel-19.1.3.304/install/intel/19.1.3.304/py-pip-23.1.2-ohrscnx/lib/python3.10/site-packages:/apps/ops/test/spack-stack-1.6.0-nco/envs/nco-intel-19.1.3.304/install/intel/19.1.3.304/py-f90nml-1.4.3-rizmifn/lib/python3.10/site-packages:/apps/ops/test/spack-stack-1.6.0-nco/envs/nco-intel-19.1.3.304/install/intel/19.1.3.304/py-xarray-2023.7.0-jj7syqa/lib/python3.10/site-packages:/apps/ops/test/spack-stack-1.6.0-nco/envs/nco-intel-19.1.3.304/install/intel/19.1.3.304/py-scipy-1.10.1-236sa7x/lib/python3.10/site-packages:/apps/ops/test/spack-stack-1.6.0-nco/envs/nco-intel-19.1.3.304/install/intel/19.1.3.304/py-pyyaml-5.4.1-afvmuaf/lib/python3.10/site-packages:/apps/ops/test/spack-stack-1.6.0-nco/envs/nco-intel-19.1.3.304/install/intel/19.1.3.304/py-pycodestyle-2.11.0-bh2jlm5/lib/python3.10/site-packages:/apps/ops/test/spack-stack-1.6.0-nco/envs/nco-intel-19.1.3.304/install/intel/19.1.3.304/py-pybind11-2.11.1-wdb6paz/lib/python3.10/site-packages:/apps/ops/test/spack-stack-1.6.0-nco/envs/nco-intel-19.1.3.304/install/intel/19.1.3.304/py-netcdf4-1.5.8-6kubnk6/lib/python3.10/site-packages:/apps/ops/test/spack-stack-1.6.0-nco/envs/nco-intel-19.1.3.304/install/intel/19.1.3.304/py-jinja2-3.1.2-vbbttij/lib/python3.10/site-packages:/apps/ops/test/spack-stack-1.6.0-nco/envs/nco-intel-19.1.3.304/install/intel/19.1.3.304/py-setuptools-63.4.3-rg7efar/lib/python3.10/site-packages:/apps/ops/prod/nco/core/prod_util.v2.0.14/ush:/apps/ops/test/spack-stack-1.6.0-nco/envs/nco-intel-19.1.3.304/install/intel/19.1.3.304/bufr-12.0.1-tirva7g/lib64/python3.10/site-packages:/apps/ops/test/spack-stack-1.6.0-nco/envs/nco-intel-19.1.3.304/install/intel/19.1.3.304/bufr-12.0.1-tirva7g/lib/python3.10/site-packages:/lfs/h2/emc/global/noscrub/emc.global/RETRO_GFSv17/git/global-workflow/develop_20250602/ush:/lfs/h2/emc/global/noscrub/emc.global/RETRO_GFSv17/git/global-workflow/develop_20250602/ush/python::/lfs/h2/emc/global/noscrub/emc.global/RETRO_GFSv17/git/global-workflow/develop_20250602/sorc/gdas.cd/build/lib/python3.10/', 'MPIF77': 'mpif77', 'LMOD_CUSTOM_COMPILER_INTEL_19_0_UCX_1_0_PREFIX': '/apps/prod/lmodules/intel/19.1.3.304:/apps/ops/prod/libs/modulefiles/compiler/intel/19.1.3.304:/apps/ops/prod/nco/modulefiles/compiler/intel/19.1.3.304', 'HPC_OPT': '/apps/ops/prod/libs', 'ACLOCAL_PATH': '/apps/ops/test/spack-stack-1.6.0-nco/envs/nco-intel-19.1.3.304/install/intel/19.1.3.304/gsl-2.7.1-kr3c4v5/share/aclocal:/usr/share/aclocal:/apps/ops/test/spack-stack-1.6.0-nco/envs/nco-intel-19.1.3.304/install/intel/19.1.3.304/curl-8.4.0-zr7lvkw/share/aclocal:/apps/ops/test/spack-stack-1.6.0-nco/envs/nco-intel-19.1.3.304/install/intel/19.1.3.304/gettext-0.19.7-2fi4wu4/share/aclocal:/apps/ops/test/spack-stack-1.6.0-nco/envs/nco-intel-19.1.3.304/install/intel/19.1.3.304/cmake-3.23.1-chpcsen/share/aclocal', 'PBS_O_SYSTEM': 'Linux', 'netcdf_diag': True, 'DO_WAVE': True, 'MANPATH': '/apps/ops/test/spack-stack-1.6.0-nco/envs/nco-intel-19.1.3.304/install/intel/19.1.3.304/libxaw-1.0.13-gdstphl/share/man:/apps/ops/test/spack-stack-1.6.0-nco/envs/nco-intel-19.1.3.304/install/intel/19.1.3.304/libxpm-3.5.12-dcjsyoi/share/man:/apps/ops/test/spack-stack-1.6.0-nco/envs/nco-intel-19.1.3.304/install/intel/19.1.3.304/libxt-1.1.5-r2mrglu/share/man:/apps/ops/test/spack-stack-1.6.0-nco/envs/nco-intel-19.1.3.304/install/intel/19.1.3.304/libpng-1.6.37-3sds4er/share/man:/apps/ops/test/spack-stack-1.6.0-nco/envs/nco-intel-19.1.3.304/install/intel/19.1.3.304/libjpeg-turbo-2.1.0-rt44pqr/share/man:/apps/ops/test/spack-stack-1.6.0-nco/envs/nco-intel-19.1.3.304/install/intel/19.1.3.304/qhull-2020.2-5ycwudw/share/man:/apps/ops/test/spack-stack-1.6.0-nco/envs/nco-intel-19.1.3.304/install/intel/19.1.3.304/fftw-3.3.10-sefnta3/share/man:/apps/ops/test/spack-stack-1.6.0-nco/envs/nco-intel-19.1.3.304/install/intel/19.1.3.304/nco-5.0.6-6ykwuoz/share/man:/apps/ops/test/spack-stack-1.6.0-nco/envs/nco-intel-19.1.3.304/install/intel/19.1.3.304/gsl-2.7.1-kr3c4v5/share/man:/apps/ops/test/spack-stack-1.6.0-nco/envs/nco-intel-19.1.3.304/install/intel/19.1.3.304/netcdf-fortran-4.6.1-b4geqvx/share/man:/apps/ops/test/spack-stack-1.6.0-nco/envs/nco-intel-19.1.3.304/install/intel/19.1.3.304/netcdf-c-4.9.2-bcln2jr/share/man:/apps/ops/test/spack-stack-1.6.0-nco/envs/nco-intel-19.1.3.304/install/intel/19.1.3.304/parallel-netcdf-1.12.2-77j7vnx/share/man:/usr/share/man:/apps/ops/test/spack-stack-1.6.0-nco/envs/nco-intel-19.1.3.304/install/intel/19.1.3.304/zlib-1.2.13-yoc3h4p/share/man:/apps/ops/test/spack-stack-1.6.0-nco/envs/nco-intel-19.1.3.304/install/intel/19.1.3.304/curl-8.4.0-zr7lvkw/share/man:/apps/ops/test/spack-stack-1.6.0-nco/envs/nco-intel-19.1.3.304/install/intel/19.1.3.304/pcre2-10.42-utn3zxn/share/man:/apps/ops/test/spack-stack-1.6.0-nco/envs/nco-intel-19.1.3.304/install/intel/19.1.3.304/gettext-0.19.7-2fi4wu4/share/man:/apps/ops/test/spack-stack-1.6.0-nco/envs/nco-intel-19.1.3.304/install/intel/19.1.3.304/tar-1.34-e7e3lq2/share/man:/apps/ops/test/spack-stack-1.6.0-nco/envs/nco-intel-19.1.3.304/install/intel/19.1.3.304/zstd-1.5.2-pe6gdyf/share/man:/apps/ops/test/spack-stack-1.6.0-nco/envs/nco-intel-19.1.3.304/install/intel/19.1.3.304/pigz-2.7-p2s5ywz/man:/opt/cray/pals/1.3.2/man:/opt/cray/pe/craype/2.7.17/man:/apps/ops/test/spack-stack-1.6.0-nco/envs/nco-intel-19.1.3.304/install/intel/19.1.3.304/python-3.10.13-qzt4y2i/share/man:/apps/ops/test/spack-stack-1.6.0-nco/envs/nco-intel-19.1.3.304/install/intel/19.1.3.304/util-linux-uuid-2.38.1-jwatqmi/share/man:/apps/ops/test/spack-stack-1.6.0-nco/envs/nco-intel-19.1.3.304/install/intel/19.1.3.304/sqlite-3.43.2-onahail/share/man:/apps/ops/test/spack-stack-1.6.0-nco/envs/nco-intel-19.1.3.304/install/intel/19.1.3.304/libxcrypt-4.4.35-soueqga/share/man:/opt/cray/pe/mpich/8.1.9/ofi/man:/opt/cray/pe/mpich/8.1.9/man/mpich:/opt/cray/share/man:/pe/intel/man/common:/pe/intel/compilers_and_libraries_2020.4.304/linux/mpi/man:/pe/intel/documentation_2020/en/debugger/gdb-ia/man:/usr/share/lmod/lmod/share/man:/opt/c3/man:/opt/pbs/share/man::', 'COMIN_AERO_ANALYSIS': '/lfs/h2/emc/ptmp/emc.global/RETRO_GFSv17/comroot/retrotestgfs10/gdas.20241124/18//analysis/chem', '__LMOD_REF_COUNT_CLASSPATH': '/pe/intel/compilers_and_libraries_2020.4.304/linux/mpi/intel64/lib/mpi.jar:1', 'NET': 'gfs', 'INTEL_PATH': '/pe/intel/compilers_and_libraries_2020.4.304', 'LMOD_FAMILY_METAMPI': 'stack-cray-mpich', 'CASE_ENS': 'C384', 'SP_LIBd': '/apps/ops/test/spack-stack-1.6.0-nco/envs/nco-intel-19.1.3.304/install/intel/19.1.3.304/sp-2.5.0-rhcyr64/lib64/libsp_d.a', 'DO_PREP_OBS_AERO': False, '_ModuleTable028_': 'LzIuMS45IixbImxvYWRPcmRlciJdPTU5LHByb3BUPXt9LFsic3RhY2tEZXB0aCJdPTEsWyJzdGF0dXMiXT0iYWN0aXZlIixbInVzZXJOYW1lIl09Im5jdmlldy8yLjEuOSIsfSxbIm5ldGNkZi1jIl09e1siZm4iXT0iL2FwcHMvb3BzL3Rlc3Qvc3BhY2stc3RhY2stMS42LjAtbmNvL2VudnMvbmNvLWludGVsLTE5LjEuMy4zMDQvaW5zdGFsbC9tb2R1bGVmaWxlcy9jcmF5LW1waWNoLzguMS45L2ludGVsLzE5LjEuMy4zMDQvbmV0Y2RmLWMvNC45LjIubHVhIixbImZ1bGxOYW1lIl09Im5ldGNkZi1jLzQuOS4yIixbImxvYWRPcmRlciJdPTMwLHByb3BUPXt9LFsicmVmX2NvdW50Il09OSxbInN0YWNrRGVwdGgiXT0xLFsic3RhdHVzIl09ImFjdGl2ZSIsWyJ1c2VyTmFtZSJdPSJu', 'INTEL_VERSION': '19.1.3.304', 'MPICH_DIR': '/opt/cray/pe/mpich/8.1.9/ofi/intel/19.0', 'OSCAR_HOME': '/opt/oscar', 'STAT_BASE_CONFIG_YAML': '/lfs/h2/emc/global/noscrub/emc.global/RETRO_GFSv17/git/global-workflow/develop_20250602/parm/gdas/stat_base_config.yaml.j2', 'INCVARS_EFOLD': 5, '_ModuleTable038_': 'Ni4wLW5jby9lbnZzL25jby1pbnRlbC0xOS4xLjMuMzA0L2luc3RhbGwvbW9kdWxlZmlsZXMvaW50ZWwvMTkuMS4zLjMwNC9weS1mOTBubWwvMS40LjMubHVhIixbImZ1bGxOYW1lIl09InB5LWY5MG5tbC8xLjQuMyIsWyJsb2FkT3JkZXIiXT03MSxwcm9wVD17fSxbInN0YWNrRGVwdGgiXT0xLFsic3RhdHVzIl09ImFjdGl2ZSIsWyJ1c2VyTmFtZSJdPSJweS1mOTBubWwvMS40LjMiLH0sWyJweS1qaW5qYTIiXT17WyJmbiJdPSIvYXBwcy9vcHMvdGVzdC9zcGFjay1zdGFjay0xLjYuMC1uY28vZW52cy9uY28taW50ZWwtMTkuMS4zLjMwNC9pbnN0YWxsL21vZHVsZWZpbGVzL2ludGVsLzE5LjEuMy4zMDQvcHktamluamEyLzMuMS4yLmx1YSIsWyJmdWxsTmFtZSJdPSJweS1qaW5q', 'PBS_O_LOGNAME': 'emc.global', 'DOHYBVAR_OCN': True, 'COM_ICE_GRIB_GRID_TMPL': '${ROTDIR}/${RUN}.${YMD}/${HH}/${MEMDIR}/products/ice/grib2/${GRID}', 'FHMAX_WAV_GFS': 384, 'pigz_ROOT': '/apps/ops/test/spack-stack-1.6.0-nco/envs/nco-intel-19.1.3.304/install/intel/19.1.3.304/pigz-2.7-p2s5ywz', 'CLUSTERS_DTN': '', 'PBS_NODENUM': 0, 'MODULEPATH': '/apps/ops/test/spack-stack-1.6.0-nco/envs/nco-intel-19.1.3.304/install/modulefiles/cray-mpich/8.1.9/intel/19.1.3.304:/apps/ops/prod/libs/modulefiles/mpi/intel/19.1.3.304/cray-mpich/8.1.4:/apps/prod/lmodules/INTEL_cray_mpich/19.1.3.304/cray-mpich/8.1.4:/opt/cray/pe/lmod/modulefiles/mpi/intel/19.0/ofi/1.0/cray-mpich/8.0:/opt/cray/pe/lmod/modulefiles/comnet/intel/19.0/ofi/1.0:/opt/cray/pe/lmod/modulefiles/net/ofi/1.0:/apps/ops/test/spack-stack-1.6.0-nco/envs/nco-intel-19.1.3.304/install/modulefiles/intel/19.1.3.304:/apps/ops/prod/nco/modulefiles/compiler/intel/19.1.3.304:/apps/ops/prod/libs/modulefiles/compiler/intel/19.1.3.304:/apps/prod/lmodules/intel/19.1.3.304:/apps/prod/lmodules/compiler/intel/19.0:/apps/ops/test/spack-stack-1.6.0-nco/envs/nco-intel-19.1.3.304/install/modulefiles/Core:/lfs/h2/emc/global/noscrub/emc.global/RETRO_GFSv17/git/global-workflow/develop_20250602/sorc/gdas.cd/modulefiles:/opt/cray/pe/lmod/modulefiles/cpu/x86-rome/1.0:/usr/share/modules:/usr/share/Modules/$MODULE_VERSION/modulefiles:/usr/share/modules/modulefiles:/usr/share/modulefiles/Linux:/usr/share/modulefiles/Core:/usr/share/lmod/lmod/modulefiles/Core:/opt/cray/pe/lmod/modulefiles/core:/opt/cray/pe/lmod/modulefiles/craype-targets/default:/apps/prod/lmodules/sys_core:/apps/ops/prod/nco/modulefiles/core:/apps/prod/lmodules/core:/opt/cray/modulefiles', 'PBS_JOBDIR': '/u/emc.global', 'CRAY_MPICH_DIR': '/opt/cray/pe/mpich/8.1.9/ofi/intel/19.0', 'restart_interval_gfs': 12, 'LMOD_TMOD_FIND_FIRST': True, 'COM_ATMOS_INPUT_TMPL': '${ROTDIR}/${RUN}.${YMD}/${HH}/${MEMDIR}/model/atmos/input', 'LMOD_FAMILY_CRAYPE': 'craype', 'LOGNAME': 'emc.global', 'FSYNC': '/apps/ops/prod/nco/core/prod_util.v2.0.14/exec/fsync_file', '__LMOD_REF_COUNT_XLOCALEDIR': '/apps/ops/test/spack-stack-1.6.0-nco/envs/nco-intel-19.1.3.304/install/intel/19.1.3.304/libx11-1.8.4-hhwdypx/share/X11/locale:4', 'COM_MED_RESTART_TMPL': '${ROTDIR}/${RUN}.${YMD}/${HH}/${MEMDIR}/model/med/restart', '__LMOD_REF_COUNT_LMOD_CUSTOM_PATHS': 'CNCM/apps/ops/prod/libs/modulefiles/mpi/intel/19.1.3.304/cray-mpich/8.1.4:1;CNCM/apps/prod/lmodules/INTEL_cray_mpich/19.1.3.304/cray-mpich/8.1.4:1;COMPILER/apps/ops/prod/nco/modulefiles/compiler/intel/19.1.3.304:1;COMPILER/apps/ops/prod/libs/modulefiles/compiler/intel/19.1.3.304:1;COMPILER/apps/prod/lmodules/intel/19.1.3.304:1', 'DO_CALC_INCREMENT': False, 'CRAY_MPICH_VERSION': '8.1.9', 'COM_ATMOS_OZNMON_TMPL': '${ROTDIR}/${RUN}.${YMD}/${HH}/${MEMDIR}/products/atmos/oznmon', 'COM_ATMOS_WMO_TMPL': '${ROTDIR}/${RUN}.${YMD}/${HH}/${MEMDIR}/products/atmos/wmo', 'eigen_ROOT': '/apps/ops/test/spack-stack-1.6.0-nco/envs/nco-intel-19.1.3.304/install/intel/19.1.3.304/eigen-3.4.0-7qdffiv', 'MODULE_VERSION_STACK': '3.2.10', 'MKLROOT': '/pe/intel/compilers_and_libraries_2020.4.304/linux/mkl', 'MODE': 'cycled', 'NOSCRUB': '/lfs/h2/emc/global/noscrub/emc.global', 'err': 0, 'FIXgfs': '/lfs/h2/emc/global/noscrub/emc.global/RETRO_GFSv17/git/global-workflow/develop_20250602/fix', 'MODULEPATH_ROOT': '/usr/share/modulefiles', 'LMOD_PACKAGE_PATH': '/apps/prod/lmodules', 'FHOUT_GOES': 3, '__LMOD_REF_COUNT_PE_INTEL_FIXED_PKGCONFIG_PATH': '/opt/cray/pe/mpich/8.1.9/ofi/intel/19.0/lib/pkgconfig:1', 'USHgfs': '/lfs/h2/emc/global/noscrub/emc.global/RETRO_GFSv17/git/global-workflow/develop_20250602/ush', 'FHOUT_HF_GFS': 1, 'SENDECF': False, 'PE_MPICH_GTL_LIBS_amd_gfx906': '-lmpi_gtl_hsa', 'COM_OCEAN_GRIB_TMPL': '${ROTDIR}/${RUN}.${YMD}/${HH}/${MEMDIR}/products/ocean/grib2', 'COM_OCEAN_ANLMON_TMPL': '${ROTDIR}/${RUN}.${YMD}/${HH}/${MEMDIR}/products/ocean/anlmon', 'py_pytz_ROOT': '/apps/ops/test/spack-stack-1.6.0-nco/envs/nco-intel-19.1.3.304/install/intel/19.1.3.304/py-pytz-2023.3-yebggst', 'PSTLROOT': '/pe/intel/compilers_and_libraries_2020.4.304/linux/pstl', 'SP_INC4': 'include_4', 'gettext_ROOT': '/apps/ops/test/spack-stack-1.6.0-nco/envs/nco-intel-19.1.3.304/install/intel/19.1.3.304/gettext-0.19.7-2fi4wu4', 'PARTITION_DTN': '', '_ModuleTable025_': 'ZXMvaW50ZWwvMTkuMS4zLjMwNC9saWJ4dC8xLjEuNS5sdWEiLFsiZnVsbE5hbWUiXT0ibGlieHQvMS4xLjUiLFsibG9hZE9yZGVyIl09NTQscHJvcFQ9e30sWyJyZWZfY291bnQiXT0yLFsic3RhY2tEZXB0aCJdPTEsWyJzdGF0dXMiXT0iYWN0aXZlIixbInVzZXJOYW1lIl09ImxpYnh0LzEuMS41Iix9LGxpYnlhbWw9e1siZm4iXT0iL2FwcHMvb3BzL3Rlc3Qvc3BhY2stc3RhY2stMS42LjAtbmNvL2VudnMvbmNvLWludGVsLTE5LjEuMy4zMDQvaW5zdGFsbC9tb2R1bGVmaWxlcy9pbnRlbC8xOS4xLjMuMzA0L2xpYnlhbWwvMC4yLjUubHVhIixbImZ1bGxOYW1lIl09ImxpYnlhbWwvMC4yLjUiLFsibG9hZE9yZGVyIl09NjcscHJvcFQ9e30sWyJyZWZfY291bnQiXT0xLFsic3Rh', 'py_setuptools_ROOT': '/apps/ops/test/spack-stack-1.6.0-nco/envs/nco-intel-19.1.3.304/install/intel/19.1.3.304/py-setuptools-63.4.3-rg7efar', 'DO_JEDIATMENS': False, 'SP_INC8': 'include_8', 'KEEPDATA': False, 'XDG_CONFIG_DIRS': '/etc/xdg', 'MAKE_ACFTBUFR': False, '_ModuleTable059_': 'XT0iYWN0aXZlIixbInVzZXJOYW1lIl09InpsaWIvMS4yLjEzIix9LHpzdGQ9e1siZm4iXT0iL2FwcHMvb3BzL3Rlc3Qvc3BhY2stc3RhY2stMS42LjAtbmNvL2VudnMvbmNvLWludGVsLTE5LjEuMy4zMDQvaW5zdGFsbC9tb2R1bGVmaWxlcy9pbnRlbC8xOS4xLjMuMzA0L3pzdGQvMS41LjIubHVhIixbImZ1bGxOYW1lIl09InpzdGQvMS41LjIiLFsibG9hZE9yZGVyIl09MTkscHJvcFQ9e30sWyJyZWZfY291bnQiXT0yLFsic3RhY2tEZXB0aCJdPTMsWyJzdGF0dXMiXT0iYWN0aXZlIixbInVzZXJOYW1lIl09InpzdGQvMS41LjIiLH0sfSxtcGF0aEE9eyIvYXBwcy9vcHMvdGVzdC9zcGFjay1zdGFjay0xLjYuMC1uY28vZW52cy9uY28taW50ZWwtMTkuMS4zLjMwNC9pbnN0YWxs', 'PATH': '/apps/ops/test/spack-stack-1.6.0-nco/envs/nco-intel-19.1.3.304/install/intel/19.1.3.304/py-numpy-1.24.4-yosem2k/bin:/apps/ops/test/spack-stack-1.6.0-nco/envs/nco-intel-19.1.3.304/install/intel/19.1.3.304/py-pip-23.1.2-ohrscnx/bin:/apps/ops/test/spack-stack-1.6.0-nco/envs/nco-intel-19.1.3.304/install/intel/19.1.3.304/py-f90nml-1.4.3-rizmifn/bin:/apps/ops/test/spack-stack-1.6.0-nco/envs/nco-intel-19.1.3.304/install/intel/19.1.3.304/py-pycodestyle-2.11.0-bh2jlm5/bin:/apps/ops/test/spack-stack-1.6.0-nco/envs/nco-intel-19.1.3.304/install/intel/19.1.3.304/py-pybind11-2.11.1-wdb6paz/bin:/apps/ops/test/spack-stack-1.6.0-nco/envs/nco-intel-19.1.3.304/install/intel/19.1.3.304/py-netcdf4-1.5.8-6kubnk6/bin:/apps/ops/prod/nco/core/prod_util.v2.0.14/ush:/apps/ops/test/spack-stack-1.6.0-nco/envs/nco-intel-19.1.3.304/install/intel/19.1.3.304/netcdf-cxx4-4.3.1-lp7tiyf/bin:/apps/ops/test/spack-stack-1.6.0-nco/envs/nco-intel-19.1.3.304/install/intel/19.1.3.304/ncview-2.1.9-rv4j23b/bin:/apps/ops/test/spack-stack-1.6.0-nco/envs/nco-intel-19.1.3.304/install/intel/19.1.3.304/udunits-2.2.28-wmjzel4/bin:/apps/ops/test/spack-stack-1.6.0-nco/envs/nco-intel-19.1.3.304/install/intel/19.1.3.304/libxpm-3.5.12-dcjsyoi/bin:/apps/ops/test/spack-stack-1.6.0-nco/envs/nco-intel-19.1.3.304/install/intel/19.1.3.304/libpng-1.6.37-3sds4er/bin:/apps/ops/test/spack-stack-1.6.0-nco/envs/nco-intel-19.1.3.304/install/intel/19.1.3.304/libjpeg-turbo-2.1.0-rt44pqr/bin:/apps/ops/test/spack-stack-1.6.0-nco/envs/nco-intel-19.1.3.304/install/intel/19.1.3.304/ecmwf-atlas-0.35.0-42ufhdx/bin:/apps/ops/test/spack-stack-1.6.0-nco/envs/nco-intel-19.1.3.304/install/intel/19.1.3.304/qhull-2020.2-5ycwudw/bin:/apps/ops/test/spack-stack-1.6.0-nco/envs/nco-intel-19.1.3.304/install/intel/19.1.3.304/esmf-8.5.0-7huplmy/bin:/apps/ops/test/spack-stack-1.6.0-nco/envs/nco-intel-19.1.3.304/install/intel/19.1.3.304/fckit-0.11.0-7qg4hhj/bin:/apps/ops/test/spack-stack-1.6.0-nco/envs/nco-intel-19.1.3.304/install/intel/19.1.3.304/fftw-3.3.10-sefnta3/bin:/apps/ops/test/spack-stack-1.6.0-nco/envs/nco-intel-19.1.3.304/install/intel/19.1.3.304/eckit-1.24.5-isrgc5y/bin:/apps/ops/test/spack-stack-1.6.0-nco/envs/nco-intel-19.1.3.304/install/intel/19.1.3.304/openblas-0.3.24-7qwu32e/bin:/apps/ops/test/spack-stack-1.6.0-nco/envs/nco-intel-19.1.3.304/install/intel/19.1.3.304/ecbuild-3.7.2-ovbazu2/bin:/apps/ops/test/spack-stack-1.6.0-nco/envs/nco-intel-19.1.3.304/install/intel/19.1.3.304/bufr-12.0.1-tirva7g/bin:/apps/ops/test/spack-stack-1.6.0-nco/envs/nco-intel-19.1.3.304/install/intel/19.1.3.304/nco-5.0.6-6ykwuoz/bin:/apps/ops/test/spack-stack-1.6.0-nco/envs/nco-intel-19.1.3.304/install/intel/19.1.3.304/gsl-2.7.1-kr3c4v5/bin:/apps/ops/test/spack-stack-1.6.0-nco/envs/nco-intel-19.1.3.304/install/intel/19.1.3.304/antlr-2.7.7-hoqq24u/bin:/apps/ops/test/spack-stack-1.6.0-nco/envs/nco-intel-19.1.3.304/install/intel/19.1.3.304/netcdf-fortran-4.6.1-b4geqvx/bin:/apps/ops/test/spack-stack-1.6.0-nco/envs/nco-intel-19.1.3.304/install/intel/19.1.3.304/nccmp-1.9.0.1-dnptqlr/bin:/apps/ops/test/spack-stack-1.6.0-nco/envs/nco-intel-19.1.3.304/install/intel/19.1.3.304/netcdf-c-4.9.2-bcln2jr/bin:/apps/ops/test/spack-stack-1.6.0-nco/envs/nco-intel-19.1.3.304/install/intel/19.1.3.304/parallel-netcdf-1.12.2-77j7vnx/bin:/apps/ops/test/spack-stack-1.6.0-nco/envs/nco-intel-19.1.3.304/install/intel/19.1.3.304/hdf5-1.14.0-yckaywr/bin:/apps/spack/git-lfs/2.11.0/gcc/11.2.0/m6b6nl5kfqngfteqbggydc7kflxere3s/bin:/apps/ops/test/spack-stack-1.6.0-nco/envs/nco-intel-19.1.3.304/install/intel/19.1.3.304/curl-8.4.0-zr7lvkw/bin:/apps/ops/test/spack-stack-1.6.0-nco/envs/nco-intel-19.1.3.304/install/intel/19.1.3.304/pcre2-10.42-utn3zxn/bin:/apps/ops/test/spack-stack-1.6.0-nco/envs/nco-intel-19.1.3.304/install/intel/19.1.3.304/gettext-0.19.7-2fi4wu4/bin:/apps/ops/test/spack-stack-1.6.0-nco/envs/nco-intel-19.1.3.304/install/intel/19.1.3.304/tar-1.34-e7e3lq2/bin:/apps/ops/test/spack-stack-1.6.0-nco/envs/nco-intel-19.1.3.304/install/intel/19.1.3.304/zstd-1.5.2-pe6gdyf/bin:/apps/ops/test/spack-stack-1.6.0-nco/envs/nco-intel-19.1.3.304/install/intel/19.1.3.304/pigz-2.7-p2s5ywz/bin:/apps/ops/test/spack-stack-1.6.0-nco/envs/nco-intel-19.1.3.304/install/intel/19.1.3.304/cmake-3.23.1-chpcsen/bin:/opt/cray/pals/1.3.2/bin:/opt/cray/pe/craype/2.7.17/bin:/apps/ops/test/spack-stack-1.6.0-nco/envs/nco-intel-19.1.3.304/install/intel/19.1.3.304/python-3.10.13-qzt4y2i/bin:/apps/ops/test/spack-stack-1.6.0-nco/envs/nco-intel-19.1.3.304/install/intel/19.1.3.304/util-linux-uuid-2.38.1-jwatqmi/bin:/apps/ops/test/spack-stack-1.6.0-nco/envs/nco-intel-19.1.3.304/install/intel/19.1.3.304/sqlite-3.43.2-onahail/bin:/opt/cray/bin:/pe/intel/compilers_and_libraries_2020.4.304/linux/bin/intel64:/pe/intel/compilers_and_libraries_2020.4.304/linux/bin:/pe/intel/compilers_and_libraries_2020.4.304/linux/mpi/intel64/bin:/pe/intel/debugger_2020/gdb/intel64/bin:/u/emc.global/bin:/usr/local/bin:/usr/bin:/bin:/opt/c3/bin:/opt/pbs/bin:/sbin:.:/opt/cray/pe/bin', 'DO_TRACKER': True, 'PE_MPICH_GTL_LIBS_amd_gfx908': '-lmpi_gtl_hsa', '_ModuleTable014_': 'c3RhY2tEZXB0aCJdPTEsWyJzdGF0dXMiXT0iYWN0aXZlIixbInVzZXJOYW1lIl09ImZja2l0LzAuMTEuMCIsfSxmZnR3PXtbImZuIl09Ii9hcHBzL29wcy90ZXN0L3NwYWNrLXN0YWNrLTEuNi4wLW5jby9lbnZzL25jby1pbnRlbC0xOS4xLjMuMzA0L2luc3RhbGwvbW9kdWxlZmlsZXMvY3JheS1tcGljaC84LjEuOS9pbnRlbC8xOS4xLjMuMzA0L2ZmdHcvMy4zLjEwLmx1YSIsWyJmdWxsTmFtZSJdPSJmZnR3LzMuMy4xMCIsWyJsb2FkT3JkZXIiXT00NCxwcm9wVD17fSxbInN0YWNrRGVwdGgiXT0xLFsic3RhdHVzIl09ImFjdGl2ZSIsWyJ1c2VyTmFtZSJdPSJmZnR3LzMuMy4xMCIsfSxmbXM9e1siZm4iXT0iL2FwcHMvb3BzL3Rlc3Qvc3BhY2stc3RhY2stMS42LjAtbmNvL2Vu', 'TBBROOT': '/pe/intel/compilers_and_libraries_2020.4.304/linux/tbb', '__LMOD_REF_COUNT_PE_PRODUCT_LIST': 'CRAYPE:1;CRAYPE_X86_ROME:1', '_LMFILES_': '/opt/cray/pe/lmod/modulefiles/craype-targets/default/craype-x86-rome.lua:/apps/prod/lmodules/sys_core/envvar/1.0:/opt/cray/pe/lmod/modulefiles/core/PrgEnv-intel/8.3.3.lua:/apps/prod/lmodules/core/intel/19.1.3.304.lua:/apps/ops/test/spack-stack-1.6.0-nco/envs/nco-intel-19.1.3.304/install/modulefiles/Core/stack-intel/19.1.3.304.lua:/opt/cray/modulefiles/libfabric/1.20.1:/opt/cray/pe/lmod/modulefiles/craype-targets/default/craype-network-ofi.lua:/opt/cray/pe/lmod/modulefiles/comnet/intel/19.0/ofi/1.0/cray-mpich/8.1.9.lua:/apps/ops/test/spack-stack-1.6.0-nco/envs/nco-intel-19.1.3.304/install/modulefiles/intel/19.1.3.304/stack-cray-mpich/8.1.9.lua:/apps/ops/test/spack-stack-1.6.0-nco/envs/nco-intel-19.1.3.304/install/modulefiles/intel/19.1.3.304/libxcrypt/4.4.35.lua:/apps/ops/test/spack-stack-1.6.0-nco/envs/nco-intel-19.1.3.304/install/modulefiles/intel/19.1.3.304/sqlite/3.43.2.lua:/apps/ops/test/spack-stack-1.6.0-nco/envs/nco-intel-19.1.3.304/install/modulefiles/intel/19.1.3.304/util-linux-uuid/2.38.1.lua:/apps/ops/test/spack-stack-1.6.0-nco/envs/nco-intel-19.1.3.304/install/modulefiles/intel/19.1.3.304/python/3.10.13.lua:/apps/ops/test/spack-stack-1.6.0-nco/envs/nco-intel-19.1.3.304/install/modulefiles/intel/19.1.3.304/stack-python/3.10.13.lua:/opt/cray/pe/lmod/modulefiles/core/craype/2.7.17.lua:/opt/cray/pe/lmod/modulefiles/core/cray-pals/1.3.2.lua:/apps/ops/test/spack-stack-1.6.0-nco/envs/nco-intel-19.1.3.304/install/modulefiles/intel/19.1.3.304/cmake/3.23.1.lua:/apps/ops/test/spack-stack-1.6.0-nco/envs/nco-intel-19.1.3.304/install/modulefiles/intel/19.1.3.304/pigz/2.7.lua:/apps/ops/test/spack-stack-1.6.0-nco/envs/nco-intel-19.1.3.304/install/modulefiles/intel/19.1.3.304/zstd/1.5.2.lua:/apps/ops/test/spack-stack-1.6.0-nco/envs/nco-intel-19.1.3.304/install/modulefiles/intel/19.1.3.304/tar/1.34.lua:/apps/ops/test/spack-stack-1.6.0-nco/envs/nco-intel-19.1.3.304/install/modulefiles/intel/19.1.3.304/gettext/0.19.7.lua:/apps/ops/test/spack-stack-1.6.0-nco/envs/nco-intel-19.1.3.304/install/modulefiles/intel/19.1.3.304/pcre2/10.42.lua:/apps/ops/test/spack-stack-1.6.0-nco/envs/nco-intel-19.1.3.304/install/modulefiles/intel/19.1.3.304/curl/8.4.0.lua:/apps/ops/test/spack-stack-1.6.0-nco/envs/nco-intel-19.1.3.304/install/modulefiles/intel/19.1.3.304/zlib/1.2.13.lua:/apps/ops/test/spack-stack-1.6.0-nco/envs/nco-intel-19.1.3.304/install/modulefiles/intel/19.1.3.304/git/2.35.3.lua:/apps/prod/lmodules/core/git-lfs/2.11.0:/apps/ops/test/spack-stack-1.6.0-nco/envs/nco-intel-19.1.3.304/install/modulefiles/intel/19.1.3.304/pkg-config/0.29.2.lua:/apps/ops/test/spack-stack-1.6.0-nco/envs/nco-intel-19.1.3.304/install/modulefiles/cray-mpich/8.1.9/intel/19.1.3.304/hdf5/1.14.0.lua:/apps/ops/test/spack-stack-1.6.0-nco/envs/nco-intel-19.1.3.304/install/modulefiles/cray-mpich/8.1.9/intel/19.1.3.304/parallel-netcdf/1.12.2.lua:/apps/ops/test/spack-stack-1.6.0-nco/envs/nco-intel-19.1.3.304/install/modulefiles/cray-mpich/8.1.9/intel/19.1.3.304/netcdf-c/4.9.2.lua:/apps/ops/test/spack-stack-1.6.0-nco/envs/nco-intel-19.1.3.304/install/modulefiles/cray-mpich/8.1.9/intel/19.1.3.304/nccmp/1.9.0.1.lua:/apps/ops/test/spack-stack-1.6.0-nco/envs/nco-intel-19.1.3.304/install/modulefiles/cray-mpich/8.1.9/intel/19.1.3.304/netcdf-fortran/4.6.1.lua:/apps/ops/test/spack-stack-1.6.0-nco/envs/nco-intel-19.1.3.304/install/modulefiles/intel/19.1.3.304/antlr/2.7.7.lua:/apps/ops/test/spack-stack-1.6.0-nco/envs/nco-intel-19.1.3.304/install/modulefiles/intel/19.1.3.304/gsl/2.7.1.lua:/apps/ops/test/spack-stack-1.6.0-nco/envs/nco-intel-19.1.3.304/install/modulefiles/cray-mpich/8.1.9/intel/19.1.3.304/nco/5.0.6.lua:/apps/ops/test/spack-stack-1.6.0-nco/envs/nco-intel-19.1.3.304/install/modulefiles/cray-mpich/8.1.9/intel/19.1.3.304/parallelio/2.5.10.lua:/apps/ops/test/spack-stack-1.6.0-nco/envs/nco-intel-19.1.3.304/install/modulefiles/intel/19.1.3.304/boost/1.83.0.lua:/apps/ops/test/spack-stack-1.6.0-nco/envs/nco-intel-19.1.3.304/install/modulefiles/intel/19.1.3.304/bufr/12.0.1.lua:/apps/ops/test/spack-stack-1.6.0-nco/envs/nco-intel-19.1.3.304/install/modulefiles/intel/19.1.3.304/ecbuild/3.7.2.lua:/apps/ops/test/spack-stack-1.6.0-nco/envs/nco-intel-19.1.3.304/install/modulefiles/intel/19.1.3.304/openjpeg/2.5.0.lua:/apps/ops/test/spack-stack-1.6.0-nco/envs/nco-intel-19.1.3.304/install/modulefiles/intel/19.1.3.304/eigen/3.4.0.lua:/apps/ops/test/spack-stack-1.6.0-nco/envs/nco-intel-19.1.3.304/install/modulefiles/intel/19.1.3.304/openblas/0.3.24.lua:/apps/ops/test/spack-stack-1.6.0-nco/envs/nco-intel-19.1.3.304/install/modulefiles/cray-mpich/8.1.9/intel/19.1.3.304/eckit/1.24.5.lua:/apps/ops/test/spack-stack-1.6.0-nco/envs/nco-intel-19.1.3.304/install/modulefiles/cray-mpich/8.1.9/intel/19.1.3.304/fftw/3.3.10.lua:/apps/ops/test/spack-stack-1.6.0-nco/envs/nco-intel-19.1.3.304/install/modulefiles/cray-mpich/8.1.9/intel/19.1.3.304/fckit/0.11.0.lua:/apps/ops/test/spack-stack-1.6.0-nco/envs/nco-intel-19.1.3.304/install/modulefiles/cray-mpich/8.1.9/intel/19.1.3.304/fms/2023.04.lua:/apps/ops/test/spack-stack-1.6.0-nco/envs/nco-intel-19.1.3.304/install/modulefiles/cray-mpich/8.1.9/intel/19.1.3.304/esmf/8.5.0.lua:/apps/ops/test/spack-stack-1.6.0-nco/envs/nco-intel-19.1.3.304/install/modulefiles/intel/19.1.3.304/qhull/2020.2.lua:/apps/ops/test/spack-stack-1.6.0-nco/envs/nco-intel-19.1.3.304/install/modulefiles/cray-mpich/8.1.9/intel/19.1.3.304/atlas/0.35.0.lua:/apps/ops/test/spack-stack-1.6.0-nco/envs/nco-intel-19.1.3.304/install/modulefiles/intel/19.1.3.304/sp/2.5.0.lua:/apps/ops/test/spack-stack-1.6.0-nco/envs/nco-intel-19.1.3.304/install/modulefiles/intel/19.1.3.304/gsl-lite/0.37.0.lua:/apps/ops/test/spack-stack-1.6.0-nco/envs/nco-intel-19.1.3.304/install/modulefiles/intel/19.1.3.304/libjpeg/2.1.0.lua:/apps/ops/test/spack-stack-1.6.0-nco/envs/nco-intel-19.1.3.304/install/modulefiles/intel/19.1.3.304/libpng/1.6.37.lua:/apps/ops/test/spack-stack-1.6.0-nco/envs/nco-intel-19.1.3.304/install/modulefiles/intel/19.1.3.304/libxt/1.1.5.lua:/apps/ops/test/spack-stack-1.6.0-nco/envs/nco-intel-19.1.3.304/install/modulefiles/intel/19.1.3.304/libxmu/1.1.4.lua:/apps/ops/test/spack-stack-1.6.0-nco/envs/nco-intel-19.1.3.304/install/modulefiles/intel/19.1.3.304/libxpm/3.5.12.lua:/apps/ops/test/spack-stack-1.6.0-nco/envs/nco-intel-19.1.3.304/install/modulefiles/intel/19.1.3.304/libxaw/1.0.13.lua:/apps/ops/test/spack-stack-1.6.0-nco/envs/nco-intel-19.1.3.304/install/modulefiles/intel/19.1.3.304/udunits/2.2.28.lua:/apps/ops/test/spack-stack-1.6.0-nco/envs/nco-intel-19.1.3.304/install/modulefiles/cray-mpich/8.1.9/intel/19.1.3.304/ncview/2.1.9.lua:/apps/ops/test/spack-stack-1.6.0-nco/envs/nco-intel-19.1.3.304/install/modulefiles/cray-mpich/8.1.9/intel/19.1.3.304/netcdf-cxx4/4.3.1.lua:/apps/ops/prod/nco/modulefiles/core/prod_util/2.0.14:/apps/ops/test/spack-stack-1.6.0-nco/envs/nco-intel-19.1.3.304/install/modulefiles/intel/19.1.3.304/py-setuptools/63.4.3.lua:/apps/ops/test/spack-stack-1.6.0-nco/envs/nco-intel-19.1.3.304/install/modulefiles/intel/19.1.3.304/py-jinja2/3.1.2.lua:/apps/ops/test/spack-stack-1.6.0-nco/envs/nco-intel-19.1.3.304/install/modulefiles/cray-mpich/8.1.9/intel/19.1.3.304/py-netcdf4/1.5.8.lua:/apps/ops/test/spack-stack-1.6.0-nco/envs/nco-intel-19.1.3.304/install/modulefiles/intel/19.1.3.304/py-pybind11/2.11.1.lua:/apps/ops/test/spack-stack-1.6.0-nco/envs/nco-intel-19.1.3.304/install/modulefiles/intel/19.1.3.304/py-pycodestyle/2.11.0.lua:/apps/ops/test/spack-stack-1.6.0-nco/envs/nco-intel-19.1.3.304/install/modulefiles/intel/19.1.3.304/libyaml/0.2.5.lua:/apps/ops/test/spack-stack-1.6.0-nco/envs/nco-intel-19.1.3.304/install/modulefiles/intel/19.1.3.304/py-pyyaml/5.4.1.lua:/apps/ops/test/spack-stack-1.6.0-nco/envs/nco-intel-19.1.3.304/install/modulefiles/intel/19.1.3.304/py-scipy/1.10.1.lua:/apps/ops/test/spack-stack-1.6.0-nco/envs/nco-intel-19.1.3.304/install/modulefiles/intel/19.1.3.304/py-xarray/2023.7.0.lua:/apps/ops/test/spack-stack-1.6.0-nco/envs/nco-intel-19.1.3.304/install/modulefiles/intel/19.1.3.304/py-f90nml/1.4.3.lua:/apps/ops/test/spack-stack-1.6.0-nco/envs/nco-intel-19.1.3.304/install/modulefiles/intel/19.1.3.304/py-pip/23.1.2.lua:/apps/ops/test/spack-stack-1.6.0-nco/envs/nco-intel-19.1.3.304/install/modulefiles/intel/19.1.3.304/py-bottleneck/1.3.7.lua:/apps/ops/test/spack-stack-1.6.0-nco/envs/nco-intel-19.1.3.304/install/modulefiles/intel/19.1.3.304/py-numexpr/2.8.4.lua:/apps/ops/test/spack-stack-1.6.0-nco/envs/nco-intel-19.1.3.304/install/modulefiles/intel/19.1.3.304/py-six/1.16.0.lua:/apps/ops/test/spack-stack-1.6.0-nco/envs/nco-intel-19.1.3.304/install/modulefiles/intel/19.1.3.304/py-python-dateutil/2.8.2.lua:/apps/ops/test/spack-stack-1.6.0-nco/envs/nco-intel-19.1.3.304/install/modulefiles/intel/19.1.3.304/py-pytz/2023.3.lua:/apps/ops/test/spack-stack-1.6.0-nco/envs/nco-intel-19.1.3.304/install/modulefiles/intel/19.1.3.304/py-pandas/1.5.3.lua:/apps/ops/test/spack-stack-1.6.0-nco/envs/nco-intel-19.1.3.304/install/modulefiles/intel/19.1.3.304/py-markupsafe/2.1.3.lua:/apps/ops/test/spack-stack-1.6.0-nco/envs/nco-intel-19.1.3.304/install/modulefiles/intel/19.1.3.304/py-numpy/1.24.4.lua:/apps/ops/test/spack-stack-1.6.0-nco/envs/nco-intel-19.1.3.304/install/modulefiles/intel/19.1.3.304/py-cftime/1.0.3.4.lua:/apps/ops/test/spack-stack-1.6.0-nco/envs/nco-intel-19.1.3.304/install/modulefiles/intel/19.1.3.304/py-packaging/23.1.lua:/lfs/h2/emc/global/noscrub/emc.global/RETRO_GFSv17/git/global-workflow/develop_20250602/sorc/gdas.cd/modulefiles/GDAS/wcoss2.intel.lua', 'COMDATEROOT': '/lfs/h1/ops/prod/com', 'EXECgfs': '/lfs/h2/emc/global/noscrub/emc.global/RETRO_GFSv17/git/global-workflow/develop_20250602/exec', 'cycle': 't18z', 'LEVS': 128, 'pgmerr': 'errfile', 'PS4': '+ $(basename ${BASH_SOURCE[0]:-${FUNCNAME[0]:-"Unknown"}})[${LINENO}]', 'py_scipy_ROOT': '/apps/ops/test/spack-stack-1.6.0-nco/envs/nco-intel-19.1.3.304/install/intel/19.1.3.304/py-scipy-1.10.1-236sa7x', 'BASE_GIT': '/lfs/h2/emc/global/save/emc.global/git', 'PBS_QUEUE': 'devmax', 'MODULESHOME': '/usr/share/lmod/lmod', 'COM_CHEM_ANLMON_TMPL': '${ROTDIR}/${RUN}.${YMD}/${HH}/${MEMDIR}/products/chem/anlmon', 'LMOD_SETTARG_FULL_SUPPORT': False, 'PKG_CONFIG_PATH': '/apps/ops/test/spack-stack-1.6.0-nco/envs/nco-intel-19.1.3.304/install/intel/19.1.3.304/libyaml-0.2.5-ygjrdvo/lib/pkgconfig:/apps/ops/test/spack-stack-1.6.0-nco/envs/nco-intel-19.1.3.304/install/intel/19.1.3.304/py-pybind11-2.11.1-wdb6paz/share/pkgconfig:/apps/ops/test/spack-stack-1.6.0-nco/envs/nco-intel-19.1.3.304/install/intel/19.1.3.304/netcdf-cxx4-4.3.1-lp7tiyf/lib/pkgconfig:/apps/ops/test/spack-stack-1.6.0-nco/envs/nco-intel-19.1.3.304/install/intel/19.1.3.304/libxaw-1.0.13-gdstphl/lib/pkgconfig:/apps/ops/test/spack-stack-1.6.0-nco/envs/nco-intel-19.1.3.304/install/intel/19.1.3.304/libxpm-3.5.12-dcjsyoi/lib/pkgconfig:/apps/ops/test/spack-stack-1.6.0-nco/envs/nco-intel-19.1.3.304/install/intel/19.1.3.304/libxmu-1.1.4-xhe6hjc/lib/pkgconfig:/apps/ops/test/spack-stack-1.6.0-nco/envs/nco-intel-19.1.3.304/install/intel/19.1.3.304/libxt-1.1.5-r2mrglu/lib/pkgconfig:/apps/ops/test/spack-stack-1.6.0-nco/envs/nco-intel-19.1.3.304/install/intel/19.1.3.304/libpng-1.6.37-3sds4er/lib64/pkgconfig:/apps/ops/test/spack-stack-1.6.0-nco/envs/nco-intel-19.1.3.304/install/intel/19.1.3.304/libjpeg-turbo-2.1.0-rt44pqr/lib64/pkgconfig:/apps/ops/test/spack-stack-1.6.0-nco/envs/nco-intel-19.1.3.304/install/intel/19.1.3.304/ecmwf-atlas-0.35.0-42ufhdx/lib64/pkgconfig:/apps/ops/test/spack-stack-1.6.0-nco/envs/nco-intel-19.1.3.304/install/intel/19.1.3.304/qhull-2020.2-5ycwudw/lib/pkgconfig:/apps/ops/test/spack-stack-1.6.0-nco/envs/nco-intel-19.1.3.304/install/intel/19.1.3.304/fftw-3.3.10-sefnta3/lib/pkgconfig:/apps/ops/test/spack-stack-1.6.0-nco/envs/nco-intel-19.1.3.304/install/intel/19.1.3.304/eckit-1.24.5-isrgc5y/lib64/pkgconfig:/apps/ops/test/spack-stack-1.6.0-nco/envs/nco-intel-19.1.3.304/install/intel/19.1.3.304/openblas-0.3.24-7qwu32e/lib/pkgconfig:/apps/ops/test/spack-stack-1.6.0-nco/envs/nco-intel-19.1.3.304/install/intel/19.1.3.304/eigen-3.4.0-7qdffiv/share/pkgconfig:/apps/ops/test/spack-stack-1.6.0-nco/envs/nco-intel-19.1.3.304/install/intel/19.1.3.304/openjpeg-2.5.0-ulqgnem/lib/pkgconfig:/apps/ops/test/spack-stack-1.6.0-nco/envs/nco-intel-19.1.3.304/install/intel/19.1.3.304/gsl-2.7.1-kr3c4v5/lib/pkgconfig:/apps/ops/test/spack-stack-1.6.0-nco/envs/nco-intel-19.1.3.304/install/intel/19.1.3.304/netcdf-fortran-4.6.1-b4geqvx/lib/pkgconfig:/apps/ops/test/spack-stack-1.6.0-nco/envs/nco-intel-19.1.3.304/install/intel/19.1.3.304/netcdf-c-4.9.2-bcln2jr/lib/pkgconfig:/apps/ops/test/spack-stack-1.6.0-nco/envs/nco-intel-19.1.3.304/install/intel/19.1.3.304/parallel-netcdf-1.12.2-77j7vnx/lib/pkgconfig:/apps/ops/test/spack-stack-1.6.0-nco/envs/nco-intel-19.1.3.304/install/intel/19.1.3.304/hdf5-1.14.0-yckaywr/lib/pkgconfig:/usr/share/pkgconfig:/usr/lib64/pkgconfig:/usr/lib/pkgconfig:/apps/ops/test/spack-stack-1.6.0-nco/envs/nco-intel-19.1.3.304/install/intel/19.1.3.304/zlib-1.2.13-yoc3h4p/lib/pkgconfig:/apps/ops/test/spack-stack-1.6.0-nco/envs/nco-intel-19.1.3.304/install/intel/19.1.3.304/curl-8.4.0-zr7lvkw/lib/pkgconfig:/apps/ops/test/spack-stack-1.6.0-nco/envs/nco-intel-19.1.3.304/install/intel/19.1.3.304/pcre2-10.42-utn3zxn/lib/pkgconfig:/apps/ops/test/spack-stack-1.6.0-nco/envs/nco-intel-19.1.3.304/install/intel/19.1.3.304/zstd-1.5.2-pe6gdyf/lib/pkgconfig:/opt/cray/pe/craype/2.7.17/pkg-config:/apps/ops/test/spack-stack-1.6.0-nco/envs/nco-intel-19.1.3.304/install/intel/19.1.3.304/python-3.10.13-qzt4y2i/lib/pkgconfig:/apps/ops/test/spack-stack-1.6.0-nco/envs/nco-intel-19.1.3.304/install/intel/19.1.3.304/util-linux-uuid-2.38.1-jwatqmi/lib/pkgconfig:/apps/ops/test/spack-stack-1.6.0-nco/envs/nco-intel-19.1.3.304/install/intel/19.1.3.304/sqlite-3.43.2-onahail/lib/pkgconfig:/apps/ops/test/spack-stack-1.6.0-nco/envs/nco-intel-19.1.3.304/install/intel/19.1.3.304/libxcrypt-4.4.35-soueqga/lib/pkgconfig:/opt/cray/lib64/pkgconfig:/pe/intel/compilers_and_libraries_2020.4.304/linux/mkl/bin/pkgconfig', 'INFOPATH': '/pe/intel/documentation_2020/en/debugger/gdb-ia/info::/apps/docs/info', 'G_BROKEN_FILENAMES': 1, 'py_pip_ROOT': '/apps/ops/test/spack-stack-1.6.0-nco/envs/nco-intel-19.1.3.304/install/intel/19.1.3.304/py-pip-23.1.2-ohrscnx', 'FHOUT_OCN': 3, 'COM_ATMOS_GENESIS_TMPL': '${ROTDIR}/${RUN}.${YMD}/${HH}/${MEMDIR}/products/atmos/cyclone/genesis_vital', 'I_MPI_ROOT': '/pe/intel/compilers_and_libraries_2020.4.304/linux/mpi', '_ModuleTable011_': 'aW50ZWwtMTkuMS4zLjMwNC9pbnN0YWxsL21vZHVsZWZpbGVzL2NyYXktbXBpY2gvOC4xLjkvaW50ZWwvMTkuMS4zLjMwNC9lY2tpdC8xLjI0LjUubHVhIixbImZ1bGxOYW1lIl09ImVja2l0LzEuMjQuNSIsWyJsb2FkT3JkZXIiXT00Myxwcm9wVD17fSxbInJlZl9jb3VudCJdPTIsWyJzdGFja0RlcHRoIl09MSxbInN0YXR1cyJdPSJhY3RpdmUiLFsidXNlck5hbWUiXT0iZWNraXQvMS4yNC41Iix9LGVpZ2VuPXtbImZuIl09Ii9hcHBzL29wcy90ZXN0L3NwYWNrLXN0YWNrLTEuNi4wLW5jby9lbnZzL25jby1pbnRlbC0xOS4xLjMuMzA0L2luc3RhbGwvbW9kdWxlZmlsZXMvaW50ZWwvMTkuMS4zLjMwNC9laWdlbi8zLjQuMC5sdWEiLFsiZnVsbE5hbWUiXT0iZWlnZW4vMy40LjAi', 'IAUFHRS_ENKF': [3, 6, 9], '_ModuleTable030_': 'Y28taW50ZWwtMTkuMS4zLjMwNC9pbnN0YWxsL21vZHVsZWZpbGVzL2NyYXktbXBpY2gvOC4xLjkvaW50ZWwvMTkuMS4zLjMwNC9uZXRjZGYtZm9ydHJhbi80LjYuMS5sdWEiLFsiZnVsbE5hbWUiXT0ibmV0Y2RmLWZvcnRyYW4vNC42LjEiLFsibG9hZE9yZGVyIl09MzIscHJvcFQ9e30sWyJyZWZfY291bnQiXT0zLFsic3RhY2tEZXB0aCJdPTEsWyJzdGF0dXMiXT0iYWN0aXZlIixbInVzZXJOYW1lIl09Im5ldGNkZi1mb3J0cmFuLzQuNi4xIix9LG9wZW5ibGFzPXtbImZuIl09Ii9hcHBzL29wcy90ZXN0L3NwYWNrLXN0YWNrLTEuNi4wLW5jby9lbnZzL25jby1pbnRlbC0xOS4xLjMuMzA0L2luc3RhbGwvbW9kdWxlZmlsZXMvaW50ZWwvMTkuMS4zLjMwNC9vcGVuYmxhcy8wLjMu', 'SP_INCd': 'include_d', 'HISTSIZE': 10000, 'CRAYPE_DIR': '/opt/cray/pe/craype/2.7.17', '_ModuleTable063_': 'cmUiLCIvb3B0L2NyYXkvcGUvbG1vZC9tb2R1bGVmaWxlcy9jcmF5cGUtdGFyZ2V0cy9kZWZhdWx0IiwiL2FwcHMvcHJvZC9sbW9kdWxlcy9zeXNfY29yZSIsIi9hcHBzL29wcy9wcm9kL25jby9tb2R1bGVmaWxlcy9jb3JlIiwiL2FwcHMvcHJvZC9sbW9kdWxlcy9jb3JlIiwiL29wdC9jcmF5L21vZHVsZWZpbGVzIix9LFsic3lzdGVtQmFzZU1QQVRIIl09Ii91c3Ivc2hhcmUvbW9kdWxlczovdXNyL3NoYXJlL01vZHVsZXMvJE1PRFVMRV9WRVJTSU9OL21vZHVsZWZpbGVzOi91c3Ivc2hhcmUvbW9kdWxlcy9tb2R1bGVmaWxlczovdXNyL3NoYXJlL21vZHVsZWZpbGVzL0xpbnV4Oi91c3Ivc2hhcmUvbW9kdWxlZmlsZXMvQ29yZTovdXNyL3NoYXJlL2xtb2QvbG1vZC9tb2R1bGVm', 'BUFR_INC4': '/apps/ops/test/spack-stack-1.6.0-nco/envs/nco-intel-19.1.3.304/install/intel/19.1.3.304/bufr-12.0.1-tirva7g/include/bufr_4', 'INCREMENTS_TO_ZERO': ["'liq_wat_inc'", "'icmr_inc'", "'rwmr_inc'", "'snmr_inc'", "'grle_inc'"], 'LMOD_PKG': '/usr/share/lmod/lmod', '__LMOD_REF_COUNT_PE_MPICH_PKGCONFIG_LIBS': 'mpich:1', 'IAU_OFFSET': 6, 'DO_GENESIS_FSU': False, 'antlr_ROOT': '/apps/ops/test/spack-stack-1.6.0-nco/envs/nco-intel-19.1.3.304/install/intel/19.1.3.304/antlr-2.7.7-hoqq24u', 'GDASAPP_TESTDATA': '/lfs/h2/emc/da/noscrub/emc.da/GDASApp/testdata', 'fms_ROOT': '/apps/ops/test/spack-stack-1.6.0-nco/envs/nco-intel-19.1.3.304/install/intel/19.1.3.304/fms-2023.04-utbqnz3', '_ModuleTable045_': 'YWNrRGVwdGgiXT0xLFsic3RhdHVzIl09ImFjdGl2ZSIsWyJ1c2VyTmFtZSJdPSJweS1weWJpbmQxMS8yLjExLjEiLH0sWyJweS1weWNvZGVzdHlsZSJdPXtbImZuIl09Ii9hcHBzL29wcy90ZXN0L3NwYWNrLXN0YWNrLTEuNi4wLW5jby9lbnZzL25jby1pbnRlbC0xOS4xLjMuMzA0L2luc3RhbGwvbW9kdWxlZmlsZXMvaW50ZWwvMTkuMS4zLjMwNC9weS1weWNvZGVzdHlsZS8yLjExLjAubHVhIixbImZ1bGxOYW1lIl09InB5LXB5Y29kZXN0eWxlLzIuMTEuMCIsWyJsb2FkT3JkZXIiXT02Nixwcm9wVD17fSxbInN0YWNrRGVwdGgiXT0xLFsic3RhdHVzIl09ImFjdGl2ZSIsWyJ1c2VyTmFtZSJdPSJweS1weWNvZGVzdHlsZS8yLjExLjAiLH0sWyJweS1weXRob24tZGF0ZXV0aWwi', 'FHMAX_HF_GFS': 120, 'COM_WAVE_STATION_TMPL': '${ROTDIR}/${RUN}.${YMD}/${HH}/${MEMDIR}/products/wave/station', 'py_cftime_ROOT': '/apps/ops/test/spack-stack-1.6.0-nco/envs/nco-intel-19.1.3.304/install/intel/19.1.3.304/py-cftime-1.0.3.4-dka7hny', 'COMIN_OBS': '/lfs/h2/emc/ptmp/emc.global/RETRO_GFSv17/comroot/retrotestgfs10/gdas.20241124/18/obs', 'py_pybind11_ROOT': '/apps/ops/test/spack-stack-1.6.0-nco/envs/nco-intel-19.1.3.304/install/intel/19.1.3.304/py-pybind11-2.11.1-wdb6paz', 'COM_CONF_TMPL': '${ROTDIR}/${RUN}.${YMD}/${HH}/${MEMDIR}/conf', 'CPU': 'x86_64', '__LMOD_REF_COUNT_PE_PKGCONFIG_LIBS': 'mpich:1', '_ModuleTable053_': 'ImxvYWRPcmRlciJdPTUwLHByb3BUPXt9LFsic3RhY2tEZXB0aCJdPTEsWyJzdGF0dXMiXT0iYWN0aXZlIixbInVzZXJOYW1lIl09InNwLzIuNS4wIix9LHNxbGl0ZT17WyJmbiJdPSIvYXBwcy9vcHMvdGVzdC9zcGFjay1zdGFjay0xLjYuMC1uY28vZW52cy9uY28taW50ZWwtMTkuMS4zLjMwNC9pbnN0YWxsL21vZHVsZWZpbGVzL2ludGVsLzE5LjEuMy4zMDQvc3FsaXRlLzMuNDMuMi5sdWEiLFsiZnVsbE5hbWUiXT0ic3FsaXRlLzMuNDMuMiIsWyJsb2FkT3JkZXIiXT0xMSxwcm9wVD17fSxbInJlZl9jb3VudCJdPTEsWyJzdGFja0RlcHRoIl09MyxbInN0YXR1cyJdPSJhY3RpdmUiLFsidXNlck5hbWUiXT0ic3FsaXRlLzMuNDMuMiIsfSxbInN0YWNrLWNyYXktbXBpY2giXT17', 'BUFR_LIB4': '/apps/ops/test/spack-stack-1.6.0-nco/envs/nco-intel-19.1.3.304/install/intel/19.1.3.304/bufr-12.0.1-tirva7g/lib64/libbufr_4.so', 'CRAYPE_VERSION': '2.7.17', 'COM_ATMOS_TRACK_TMPL': '${ROTDIR}/${RUN}.${YMD}/${HH}/${MEMDIR}/products/atmos/cyclone/tracks', 'PTMP': '/lfs/h2/emc/ptmp/emc.global', 'FHOUT_HF_WAV': 1, 'DONST': True, 'LMOD_CMD': '/usr/share/lmod/lmod/libexec/lmod', '_ModuleTable005_': 'LzEuODMuMCIsWyJsb2FkT3JkZXIiXT0zNyxwcm9wVD17fSxbInJlZl9jb3VudCJdPTEsWyJzdGFja0RlcHRoIl09MSxbInN0YXR1cyJdPSJhY3RpdmUiLFsidXNlck5hbWUiXT0iYm9vc3QvMS44My4wIix9LGJ1ZnI9e1siZm4iXT0iL2FwcHMvb3BzL3Rlc3Qvc3BhY2stc3RhY2stMS42LjAtbmNvL2VudnMvbmNvLWludGVsLTE5LjEuMy4zMDQvaW5zdGFsbC9tb2R1bGVmaWxlcy9pbnRlbC8xOS4xLjMuMzA0L2J1ZnIvMTIuMC4xLmx1YSIsWyJmdWxsTmFtZSJdPSJidWZyLzEyLjAuMSIsWyJsb2FkT3JkZXIiXT0zOCxwcm9wVD17fSxbInN0YWNrRGVwdGgiXT0xLFsic3RhdHVzIl09ImFjdGl2ZSIsWyJ1c2VyTmFtZSJdPSJidWZyLzEyLjAuMSIsfSxjbWFrZT17WyJmbiJdPSIv', 'CI_PTMP': '/lfs/h2/emc/ptmp/emc.global', 'STMP': '/lfs/h2/emc/stmp/emc.global', 'CRAY_MPICH_PREFIX': '/opt/cray/pe/mpich/8.1.9/ofi/intel/19.0', 'python_ROOT': '/apps/ops/test/spack-stack-1.6.0-nco/envs/nco-intel-19.1.3.304/install/intel/19.1.3.304/python-3.10.13-qzt4y2i', 'CHGRP_RSTPROD': True, 'DBNROOT': '/apps/ops/prod/nco/core/prod_util.v2.0.14/fakedbn', 'CVS_RSH': 'ssh', '_ModuleTable042_': 'bG9hZE9yZGVyIl09ODAscHJvcFQ9e30sWyJyZWZfY291bnQiXT0xLFsic3RhY2tEZXB0aCJdPTIsWyJzdGF0dXMiXT0iYWN0aXZlIixbInVzZXJOYW1lIl09InB5LW51bXB5LzEuMjQuNCIsfSxbInB5LXBhY2thZ2luZyJdPXtbImZuIl09Ii9hcHBzL29wcy90ZXN0L3NwYWNrLXN0YWNrLTEuNi4wLW5jby9lbnZzL25jby1pbnRlbC0xOS4xLjMuMzA0L2luc3RhbGwvbW9kdWxlZmlsZXMvaW50ZWwvMTkuMS4zLjMwNC9weS1wYWNrYWdpbmcvMjMuMS5sdWEiLFsiZnVsbE5hbWUiXT0icHktcGFja2FnaW5nLzIzLjEiLFsibG9hZE9yZGVyIl09ODIscHJvcFQ9e30sWyJzdGFja0RlcHRoIl09MSxbInN0YXR1cyJdPSJhY3RpdmUiLFsidXNlck5hbWUiXT0icHktcGFja2FnaW5nLzIz', 'PBS_O_MAIL': '/var/spool/mail/emc.global', 'OMP_NUM_THREADS': 1, 'LESSOPEN': 'lessopen.sh %s', '_ModuleTable020_': 'MzA0Iix9LGxpYmZhYnJpYz17WyJmbiJdPSIvb3B0L2NyYXkvbW9kdWxlZmlsZXMvbGliZmFicmljLzEuMjAuMSIsWyJmdWxsTmFtZSJdPSJsaWJmYWJyaWMvMS4yMC4xIixbImxvYWRPcmRlciJdPTYscHJvcFQ9e30sWyJzdGFja0RlcHRoIl09MyxbInN0YXR1cyJdPSJhY3RpdmUiLFsidXNlck5hbWUiXT0ibGliZmFicmljIix9LGxpYmpwZWc9e1siZm4iXT0iL2FwcHMvb3BzL3Rlc3Qvc3BhY2stc3RhY2stMS42LjAtbmNvL2VudnMvbmNvLWludGVsLTE5LjEuMy4zMDQvaW5zdGFsbC9tb2R1bGVmaWxlcy9pbnRlbC8xOS4xLjMuMzA0L2xpYmpwZWcvMi4xLjAubHVhIixbImZ1bGxOYW1lIl09ImxpYmpwZWcvMi4xLjAiLFsibG9hZE9yZGVyIl09NTIscHJvcFQ9e30sWyJzdGFj', 'COM_OCEAN_HISTORY_TMPL': '${ROTDIR}/${RUN}.${YMD}/${HH}/${MEMDIR}/model/ocean/history', 'EXP_WARM_START': True, 'FHMAX_WAV': 9, 'LMOD_DIR': '/usr/share/lmod/lmod/libexec', 'libxt_ROOT': '/apps/ops/test/spack-stack-1.6.0-nco/envs/nco-intel-19.1.3.304/install/intel/19.1.3.304/libxt-1.1.5-r2mrglu', 'LC_TIME': 'C.UTF-8', 'SCRgfs': '/lfs/h2/emc/global/noscrub/emc.global/RETRO_GFSv17/git/global-workflow/develop_20250602/scripts', 'LMOD_FAMILY_MPI': 'cray-mpich', 'BASH_FUNC_postamble%%': '() {  set +x;\n script="${1}";\n start_time="${2}";\n rc="${3}";\n if [[ -v \'POSTAMBLE_CMD\' ]]; then\n ${POSTAMBLE_CMD};\n fi;\n end_time=$(date +%s);\n end_time_human=$(date -d@"${end_time}" -u +%H:%M:%S);\n elapsed_sec=$((end_time - start_time));\n elapsed=$(date -d@"${elapsed_sec}" -u +%H:%M:%S);\n echo "End ${script} at ${end_time_human} with error code ${rc:-0} (time elapsed: ${elapsed})";\n exit "${rc}"\n}', 'BASH_FUNC_set_strict%%': '() {  if [[ ${STRICT:-"YES"} == "YES" ]]; then\n set -eu;\n fi\n}', 'BASH_FUNC_module%%': '() {  eval $($LMOD_CMD bash "$@") && eval $(${LMOD_SETTARG_CMD:-:} -s sh)\n}', 'BASH_FUNC_set_trace%%': '() {  if [[ ${TRACE:-"YES"} == "YES" ]]; then\n set -x;\n fi\n}', 'BASH_FUNC_declare_from_tmpl%%': '() {  if [[ ${DEBUG_WORKFLOW:-"NO"} == "NO" ]]; then\n set +x;\n fi;\n local opts="-g";\n local OPTIND=1;\n while getopts "rx" option; do\n opts="${opts}${option}";\n done;\n shift $((OPTIND-1));\n for input in "$@";\n do\n IFS=\':\' read -ra args <<< "${input}";\n local com_var="${args[0]}";\n local template;\n local value;\n if (( ${#args[@]} > 1 )); then\n template="${args[1]}";\n else\n template="${com_var}_TMPL";\n fi;\n if [[ ! -v "${template}" ]]; then\n echo "FATAL ERROR in declare_from_tmpl: Requested template ${template} not defined!";\n exit 2;\n fi;\n value=$(echo "${!template}" | envsubst);\n declare ${opts} "${com_var}"="${value}";\n echo "declare_from_tmpl :: ${com_var}=${value}";\n done;\n set_trace\n}', 'BASH_FUNC_wait_for_file%%': '() {  set +x;\n local file_name=${1:?"wait_for_file() requires a file name"};\n local sleep_interval=${2:-60};\n local max_tries=${3:-100};\n for ((iter=0; iter<max_tries; iter++ ))\n do\n if [[ -r ${file_name} ]]; then\n set_trace;\n return 0;\n fi;\n sleep "${sleep_interval}";\n done;\n set_trace;\n return 1\n}', 'BASH_FUNC_err_exit%%': ['() {  set +eux;\n msg1=${*:-Job ${jobid} failed};\n if [[ -n "${pgm}" ]]; then\n msg1+="', 'ERROR IN ${pgm}";\n fi;\n if [[ -n "${err}" ]]; then\n msg1+=" RETURN CODE ${err}";\n fi;\n msg2="\n    -------------------------------------------------------------\n    -- FATAL ERROR: ${msg1}\n    -- ABNORMAL EXIT at $(date) on ${HOSTNAME}\n    -------------------------------------------------------------\n    ";\n echo "${msg2}" 1>&2;\n module list;\n echo "" 1>&2;\n echo "${msg1}" 1>&2;\n if [[ -n "${DATA}" ]]; then\n echo "${DATA}" 1>&2;\n ls -ltr "${DATA}" 1>&2;\n else\n echo "WARNING: DATA variable not defined" 1>&2;\n fi;\n if [[ -n "${pgmout}" ]]; then\n if [[ -s errfile ]]; then\n echo "----- contents of errfile -----" >> "${pgmout}";\n cat errfile >> "${pgmout}";\n fi;\n cat "${pgmout}" 1>&2;\n else\n if [[ -s errfile ]]; then\n cat errfile 1>&2;\n fi;\n fi;\n if [[ "${SENDECF}" = "YES" ]]; then\n timeout 30 ecflow_client --msg "${ECF_NAME}: ${msg1}";\n timeout 30 ssh "${ECF_HOST}" "echo \\"${msg}2\\" >> ${ECF_JOBOUT:?}";\n fi;\n if [[ "${SENDECF}" = "YES" ]]; then\n ecflow_client --kill="${ECF_NAME:?}";\n fi;\n if [[ -n "${PBS_JOBID}" ]]; then\n qdel "${PBS_JOBID}";\n else\n if [[ -n "${SLURM_JOB_ID}" ]]; then\n scancel "${SLURM_JOB_ID}";\n fi;\n fi\n}'], 'BASH_FUNC_ml%%': '() {  eval $($LMOD_DIR/ml_cmd "$@")\n}', '_': '/lfs/h2/emc/global/noscrub/emc.global/RETRO_GFSv17/git/global-workflow/develop_20250602/scripts/exglobal_analysis_stats.py', 'current_cycle': datetime.datetime(2024, 11, 24, 18, 0), 'previous_cycle': datetime.datetime(2024, 11, 24, 12, 0), 'STAT_WINDOW_BEGIN': datetime.datetime(2024, 11, 24, 15, 0), 'STAT_WINDOW_LENGTH': 'PT6H', 'OPREFIX': 'gdas.t18z.', 'APREFIX': 'gdas.t18z.', 'GPREFIX': 'gdas.t12z.', 'STAT_ANALYSES': ['snow'], 'OBSSPACES_LIST': ['sfcsno', 'snocvr']} )[0m
[38;21m2025-06-16 18:21:15,858 - INFO     - jedi        :   END: pygfs.jedi.jedi.render_jcb[0m
[38;5;39m2025-06-16 18:21:15,858 - DEBUG    - jedi        :  returning: {'time window': {'begin': '2024-11-24T18:00:00Z', 'length': 'PT6H', 'bound to include': 'begin'}, 'obs spaces': [{'obs space': {'name': 'sfcsno', 'obsdatain': {'engine': {'type': 'H5File', 'obsfile': '/lfs/h2/emc/stmp/emc.global/RUNDIRS/retrotestgfs10/gdas.2024112418/anlstat.1165235/snow/diag_sfcsno_2024112418.nc'}}, 'simulated variables': ['totalSnowDepth'], 'observed variables': ['totalSnowDepth']}, 'statistics to compute': ['mean', 'count', 'RMS'], 'variables': ['totalSnowDepth'], 'groups to process': ['ombg', 'oman'], 'qc groups': ['EffectiveQC0', 'EffectiveQC1'], 'output file': 'sfcsno_2024112418_output_snow.nc', 'regular grid binning': {'bin size in degrees': 1.0, 'use negative longitudes': True}, 'domains to process': [{'domain': {'name': 'SH', 'first mask variable': 'latitude', 'first mask range': [-90, 0]}}, {'domain': {'name': 'NH', 'first mask variable': 'latitude', 'first mask range': [0, 90]}}, {'domain': {'name': 'West_CONUS', 'first mask variable': 'latitude', 'first mask range': [25, 49], 'second mask variable': 'longitude', 'second mask range': [-125, -100]}}, {'domain': {'name': 'East_CONUS', 'first mask variable': 'latitude', 'first mask range': [25, 49], 'second mask variable': 'longitude', 'second mask range': [-100, -66]}}, {'domain': {'name': 'Alaska', 'first mask variable': 'latitude', 'first mask range': [52, 72], 'second mask variable': 'longitude', 'second mask range': [-170, -130]}}, {'domain': {'name': 'Europe', 'first mask variable': 'latitude', 'first mask range': [35, 70], 'second mask variable': 'longitude', 'second mask range': [-11, 38]}}, {'domain': {'name': 'Africa', 'first mask variable': 'latitude', 'first mask range': [-35, 37], 'second mask variable': 'longitude', 'second mask range': [-17, 52]}}, {'domain': {'name': 'Asia', 'first mask variable': 'latitude', 'first mask range': [0, 70], 'second mask variable': 'longitude', 'second mask range': [38, 180]}}, {'domain': {'name': 'High_Mount_Asia', 'first mask variable': 'latitude', 'first mask range': [20, 46], 'second mask variable': 'longitude', 'second mask range': [60, 111]}}]}, {'obs space': {'name': 'snocvr', 'obsdatain': {'engine': {'type': 'H5File', 'obsfile': '/lfs/h2/emc/stmp/emc.global/RUNDIRS/retrotestgfs10/gdas.2024112418/anlstat.1165235/snow/diag_snocvr_2024112418.nc'}}, 'simulated variables': ['totalSnowDepth'], 'observed variables': ['totalSnowDepth']}, 'statistics to compute': ['mean', 'count', 'RMS'], 'variables': ['totalSnowDepth'], 'groups to process': ['ombg', 'oman'], 'qc groups': ['EffectiveQC0', 'EffectiveQC1'], 'output file': 'snocvr_2024112418_output_snow.nc', 'regular grid binning': {'bin size in degrees': 1.0, 'use negative longitudes': True}, 'domains to process': [{'domain': {'name': 'SH', 'first mask variable': 'latitude', 'first mask range': [-90, 0]}}, {'domain': {'name': 'NH', 'first mask variable': 'latitude', 'first mask range': [0, 90]}}, {'domain': {'name': 'West_CONUS', 'first mask variable': 'latitude', 'first mask range': [25, 49], 'second mask variable': 'longitude', 'second mask range': [-125, -100]}}, {'domain': {'name': 'East_CONUS', 'first mask variable': 'latitude', 'first mask range': [25, 49], 'second mask variable': 'longitude', 'second mask range': [-100, -66]}}, {'domain': {'name': 'Alaska', 'first mask variable': 'latitude', 'first mask range': [52, 72], 'second mask variable': 'longitude', 'second mask range': [-170, -130]}}, {'domain': {'name': 'Europe', 'first mask variable': 'latitude', 'first mask range': [35, 70], 'second mask variable': 'longitude', 'second mask range': [-11, 38]}}, {'domain': {'name': 'Africa', 'first mask variable': 'latitude', 'first mask range': [-35, 37], 'second mask variable': 'longitude', 'second mask range': [-17, 52]}}, {'domain': {'name': 'Asia', 'first mask variable': 'latitude', 'first mask range': [0, 70], 'second mask variable': 'longitude', 'second mask range': [38, 180]}}, {'domain': {'name': 'High_Mount_Asia', 'first mask variable': 'latitude', 'first mask range': [20, 46], 'second mask variable': 'longitude', 'second mask range': [60, 111]}}]}]}[0m
[38;5;39m2025-06-16 18:21:15,866 - DEBUG    - jedi        : JEDI config:
{'obs spaces': [{'domains to process': [{'domain': {'first mask range': [-90,
                                                                         0],
                                                    'first mask variable': 'latitude',
                                                    'name': 'SH'}},
                                        {'domain': {'first mask range': [0, 90],
                                                    'first mask variable': 'latitude',
                                                    'name': 'NH'}},
                                        {'domain': {'first mask range': [25,
                                                                         49],
                                                    'first mask variable': 'latitude',
                                                    'name': 'West_CONUS',
                                                    'second mask range': [-125,
                                                                          -100],
                                                    'second mask variable': 'longitude'}},
                                        {'domain': {'first mask range': [25,
                                                                         49],
                                                    'first mask variable': 'latitude',
                                                    'name': 'East_CONUS',
                                                    'second mask range': [-100,
                                                                          -66],
                                                    'second mask variable': 'longitude'}},
                                        {'domain': {'first mask range': [52,
                                                                         72],
                                                    'first mask variable': 'latitude',
                                                    'name': 'Alaska',
                                                    'second mask range': [-170,
                                                                          -130],
                                                    'second mask variable': 'longitude'}},
                                        {'domain': {'first mask range': [35,
                                                                         70],
                                                    'first mask variable': 'latitude',
                                                    'name': 'Europe',
                                                    'second mask range': [-11,
                                                                          38],
                                                    'second mask variable': 'longitude'}},
                                        {'domain': {'first mask range': [-35,
                                                                         37],
                                                    'first mask variable': 'latitude',
                                                    'name': 'Africa',
                                                    'second mask range': [-17,
                                                                          52],
                                                    'second mask variable': 'longitude'}},
                                        {'domain': {'first mask range': [0, 70],
                                                    'first mask variable': 'latitude',
                                                    'name': 'Asia',
                                                    'second mask range': [38,
                                                                          180],
                                                    'second mask variable': 'longitude'}},
                                        {'domain': {'first mask range': [20,
                                                                         46],
                                                    'first mask variable': 'latitude',
                                                    'name': 'High_Mount_Asia',
                                                    'second mask range': [60,
                                                                          111],
                                                    'second mask variable': 'longitude'}}],
                 'groups to process': ['ombg', 'oman'],
                 'obs space': {'name': 'sfcsno',
                               'obsdatain': {'engine': {'obsfile': '/lfs/h2/emc/stmp/emc.global/RUNDIRS/retrotestgfs10/gdas.2024112418/anlstat.1165235/snow/diag_sfcsno_2024112418.nc',
                                                        'type': 'H5File'}},
                               'observed variables': ['totalSnowDepth'],
                               'simulated variables': ['totalSnowDepth']},
                 'output file': 'sfcsno_2024112418_output_snow.nc',
                 'qc groups': ['EffectiveQC0', 'EffectiveQC1'],
                 'regular grid binning': {'bin size in degrees': 1.0,
                                          'use negative longitudes': True},
                 'statistics to compute': ['mean', 'count', 'RMS'],
                 'variables': ['totalSnowDepth']},
                {'domains to process': [{'domain': {'first mask range': [-90,
                                                                         0],
                                                    'first mask variable': 'latitude',
                                                    'name': 'SH'}},
                                        {'domain': {'first mask range': [0, 90],
                                                    'first mask variable': 'latitude',
                                                    'name': 'NH'}},
                                        {'domain': {'first mask range': [25,
                                                                         49],
                                                    'first mask variable': 'latitude',
                                                    'name': 'West_CONUS',
                                                    'second mask range': [-125,
                                                                          -100],
                                                    'second mask variable': 'longitude'}},
                                        {'domain': {'first mask range': [25,
                                                                         49],
                                                    'first mask variable': 'latitude',
                                                    'name': 'East_CONUS',
                                                    'second mask range': [-100,
                                                                          -66],
                                                    'second mask variable': 'longitude'}},
                                        {'domain': {'first mask range': [52,
                                                                         72],
                                                    'first mask variable': 'latitude',
                                                    'name': 'Alaska',
                                                    'second mask range': [-170,
                                                                          -130],
                                                    'second mask variable': 'longitude'}},
                                        {'domain': {'first mask range': [35,
                                                                         70],
                                                    'first mask variable': 'latitude',
                                                    'name': 'Europe',
                                                    'second mask range': [-11,
                                                                          38],
                                                    'second mask variable': 'longitude'}},
                                        {'domain': {'first mask range': [-35,
                                                                         37],
                                                    'first mask variable': 'latitude',
                                                    'name': 'Africa',
                                                    'second mask range': [-17,
                                                                          52],
                                                    'second mask variable': 'longitude'}},
                                        {'domain': {'first mask range': [0, 70],
                                                    'first mask variable': 'latitude',
                                                    'name': 'Asia',
                                                    'second mask range': [38,
                                                                          180],
                                                    'second mask variable': 'longitude'}},
                                        {'domain': {'first mask range': [20,
                                                                         46],
                                                    'first mask variable': 'latitude',
                                                    'name': 'High_Mount_Asia',
                                                    'second mask range': [60,
                                                                          111],
                                                    'second mask variable': 'longitude'}}],
                 'groups to process': ['ombg', 'oman'],
                 'obs space': {'name': 'snocvr',
                               'obsdatain': {'engine': {'obsfile': '/lfs/h2/emc/stmp/emc.global/RUNDIRS/retrotestgfs10/gdas.2024112418/anlstat.1165235/snow/diag_snocvr_2024112418.nc',
                                                        'type': 'H5File'}},
                               'observed variables': ['totalSnowDepth'],
                               'simulated variables': ['totalSnowDepth']},
                 'output file': 'snocvr_2024112418_output_snow.nc',
                 'qc groups': ['EffectiveQC0', 'EffectiveQC1'],
                 'regular grid binning': {'bin size in degrees': 1.0,
                                          'use negative longitudes': True},
                 'statistics to compute': ['mean', 'count', 'RMS'],
                 'variables': ['totalSnowDepth']}],
 'time window': {'begin': '2024-11-24T18:00:00Z',
                 'bound to include': 'begin',
                 'length': 'PT6H'}}[0m
[38;5;39m2025-06-16 18:21:15,866 - DEBUG    - jedi        : Writing JEDI YAML config to: /lfs/h2/emc/stmp/emc.global/RUNDIRS/retrotestgfs10/gdas.2024112418/anlstat.1165235/snow.yaml[0m
[38;21m2025-06-16 18:21:15,885 - INFO     - jedi        : Linking JEDI executable /lfs/h2/emc/global/noscrub/emc.global/RETRO_GFSv17/git/global-workflow/develop_20250602/sorc/gdas.cd/build/bin/ioda-stats.x to /lfs/h2/emc/stmp/emc.global/RUNDIRS/retrotestgfs10/gdas.2024112418/anlstat.1165235/ioda-stats.x[0m
[38;21m2025-06-16 18:21:15,885 - INFO     - jedi        : BEGIN: pygfs.jedi.jedi.link_exe[0m
[38;5;39m2025-06-16 18:21:15,885 - DEBUG    - jedi        : ( <pygfs.jedi.jedi.Jedi object at 0x14fbbe8381c0> )[0m
[38;5;226m2025-06-16 18:21:15,885 - WARNING  - jedi        : Linking is not permitted per EE2.[0m
[38;21m2025-06-16 18:21:15,885 - INFO     - jedi        :   END: pygfs.jedi.jedi.link_exe[0m
[38;5;39m2025-06-16 18:21:15,885 - DEBUG    - jedi        :  returning: None[0m
[38;21m2025-06-16 18:21:15,885 - INFO     - jedi        :   END: pygfs.jedi.jedi.initialize[0m
[38;5;39m2025-06-16 18:21:15,885 - DEBUG    - jedi        :  returning: None[0m
[38;21m2025-06-16 18:21:15,885 - INFO     - analysis_stats:   END: pygfs.task.analysis_stats.initialize[0m
[38;5;39m2025-06-16 18:21:15,886 - DEBUG    - analysis_stats:  returning: None[0m
[38;21m2025-06-16 18:21:15,886 - INFO     - analysis_stats: BEGIN: pygfs.task.analysis_stats.execute[0m
[38;5;39m2025-06-16 18:21:15,886 - DEBUG    - analysis_stats: ( <pygfs.task.analysis_stats.AnalysisStats object at 0x14fbbe7e4640>, 'snow' )[0m
[38;21m2025-06-16 18:21:15,886 - INFO     - jedi        : BEGIN: pygfs.jedi.jedi.execute[0m
[38;5;39m2025-06-16 18:21:15,886 - DEBUG    - jedi        : ( <pygfs.jedi.jedi.Jedi object at 0x14fbbe8381c0> )[0m
[38;21m2025-06-16 18:21:15,886 - INFO     - jedi        : Executing mpiexec -l -n 20 /lfs/h2/emc/stmp/emc.global/RUNDIRS/retrotestgfs10/gdas.2024112418/anlstat.1165235/ioda-stats.x /lfs/h2/emc/stmp/emc.global/RUNDIRS/retrotestgfs10/gdas.2024112418/anlstat.1165235/snow.yaml[0m
nid001057.dogwood.wcoss2.ncep.noaa.gov 0: OOPS Starting 2025-06-16 18:21:21 (UTC+0000)
Configuration input file is: /lfs/h2/emc/stmp/emc.global/RUNDIRS/retrotestgfs10/gdas.2024112418/anlstat.1165235/snow.yaml
nid001057.dogwood.wcoss2.ncep.noaa.gov 0: Full configuration is:YAMLConfiguration[path=/lfs/h2/emc/stmp/emc.global/RUNDIRS/retrotestgfs10/gdas.2024112418/anlstat.1165235/snow.yaml, root={time window => {begin => 2024-11-24T18:00:00Z , length => PT6H , bound to include => begin} , obs spaces => ({obs space => {name => sfcsno , obsdatain => {engine => {type => H5File , obsfile => /lfs/h2/emc/stmp/emc.global/RUNDIRS/retrotestgfs10/gdas.2024112418/anlstat.1165235/snow/diag_sfcsno_2024112418.nc}} , simulated variables => (totalSnowDepth) , observed variables => (totalSnowDepth)} , statistics to compute => (mean,count,RMS) , variables => (totalSnowDepth) , groups to process => (ombg,oman) , qc groups => (EffectiveQC0,EffectiveQC1) , output file => sfcsno_2024112418_output_snow.nc , regular grid binning => {bin size in degrees => 1 , use negative longitudes => true} , domains to process => ({domain => {name => SH , first mask variable => latitude , first mask range => (-90,0)}},{domain => {name => NH , first mask variable => latitude , first mask range => (0,90)}},{domain => {name => West_CONUS , first mask variable => latitude , first mask range => (25,49) , second mask variable => longitude , second mask range => (-125,-100)}},{domain => {name => East_CONUS , first mask variable => latitude , first mask range => (25,49) , second mask variable => longitude , second mask range => (-100,-66)}},{domain => {name => Alaska , first mask variable => latitude , first mask range => (52,72) , second mask variable => longitude , second mask range => (-170,-130)}},{domain => {name => Europe , first mask variable => latitude , first mask range => (35,70) , second mask variable => longitude , second mask range => (-11,38)}},{domain => {name => Africa , first mask variable => latitude , first mask range => (-35,37) , second mask variable => longitude , second mask range => (-17,52)}},{domain => {name => Asia , first mask variable => latitude , first mask range => (0,70) , second mask variable => longitude , second mask range => (38,180)}},{domain => {name => High_Mount_Asianid001057.dogwood.wcoss2.ncep.noaa.gov 0:  , first mask variable => latitude , first mask range => (20,46) , second mask variable => longitude , second mask range => (60,111)}})},{obs space => {name => snocvr , obsdatain => {engine => {type => H5File , obsfile => /lfs/h2/emc/stmp/emc.global/RUNDIRS/retrotestgfs10/gdas.2024112418/anlstat.1165235/snow/diag_snocvr_2024112418.nc}} , simulated variables => (totalSnowDepth) , observed variables => (totalSnowDepth)} , statistics to compute => (mean,count,RMS) , variables => (totalSnowDepth) , groups to process => (ombg,oman) , qc groups => (EffectiveQC0,EffectiveQC1) , output file => snocvr_2024112418_output_snow.nc , regular grid binning => {bin size in degrees => 1 , use negative longitudes => true} , domains to process => ({domain => {name => SH , first mask variable => latitude , first mask range => (-90,0)}},{domain => {name => NH , first mask variable => latitude , first mask range => (0,90)}},{domain => {name => West_CONUS , first mask variable => latitude , first mask range => (25,49) , second mask variable => longitude , second mask range => (-125,-100)}},{domain => {name => East_CONUS , first mask variable => latitude , first mask range => (25,49) , second mask variable => longitude , second mask range => (-100,-66)}},{domain => {name => Alaska , first mask variable => latitude , first mask range => (52,72) , second mask variable => longitude , second mask range => (-170,-130)}},{domain => {name => Europe , first mask variable => latitude , first mask range => (35,70) , second mask variable => longitude , second mask range => (-11,38)}},{domain => {name => Africa , first mask variable => latitude , first mask range => (-35,37) , second mask variable => longitude , second mask range => (-17,52)}},{domain => {name => Asia , first mask variable => latitude , first mask range => (0,70) , second mask variable => longitude , second mask range => (38,180)}},{domain => {name => High_Mount_Asia , first mask variable => latitude , first mask range => (20,46) , second mask variable => longitude , second mask ranid001057.dogwood.wcoss2.ncep.noaa.gov 0: nge => (60,111)}})})}]
OOPS_STATS ObjectCountHelper started.
nid001057.dogwood.wcoss2.ncep.noaa.gov 0: OOPS_STATS Run start                                - Runtime:     10.39 sec,  Memory: total:     5.94 Gb, per task: min =   297.14 Mb, max =   297.14 Mb
Run: Starting dautils::IodaExample
nid001057.dogwood.wcoss2.ncep.noaa.gov 0: IODA-Stats: Processing /lfs/h2/emc/stmp/emc.global/RUNDIRS/retrotestgfs10/gdas.2024112418/anlstat.1165235/snow/diag_sfcsno_2024112418.nc
nid001057.dogwood.wcoss2.ncep.noaa.gov 0: sfcsno: read database from /lfs/h2/emc/stmp/emc.global/RUNDIRS/retrotestgfs10/gdas.2024112418/anlstat.1165235/snow/diag_sfcsno_2024112418.nc (io pool size: 1)
nid001057.dogwood.wcoss2.ncep.noaa.gov 0: sfcsno processed vars: 1 Variables: totalSnowDepth
sfcsno assimilated vars: 1 Variables: totalSnowDepth
nid001057.dogwood.wcoss2.ncep.noaa.gov 0: /lfs/h2/emc/stmp/emc.global/RUNDIRS/retrotestgfs10/gdas.2024112418/anlstat.1165235/snow/diag_sfcsno_2024112418.nc: nlocs =3895
nid001057.dogwood.wcoss2.ncep.noaa.gov 0: Opening sfcsno_2024112418_output_snow.nc for writing...
nid001057.dogwood.wcoss2.ncep.noaa.gov 0: Output file sfcsno_2024112418_output_snow.nc has been created.
nid001057.dogwood.wcoss2.ncep.noaa.gov 0: /lfs/h2/emc/stmp/emc.global/RUNDIRS/retrotestgfs10/gdas.2024112418/anlstat.1165235/snow/diag_sfcsno_2024112418.nc: Now processing ombg/totalSnowDepth
nid001057.dogwood.wcoss2.ncep.noaa.gov 0: Processing domain: SH
latitude=[-90,0];=[];=[];
Mean:[-3.3688e+38]
nid001057.dogwood.wcoss2.ncep.noaa.gov 0: Count:[0]
nid001057.dogwood.wcoss2.ncep.noaa.gov 0: RMS:[-3.3688e+38]
nid001057.dogwood.wcoss2.ncep.noaa.gov 0: Processing domain: NH
latitude=[0,90];=[];=[];
Mean:[-10.4736]
nid001057.dogwood.wcoss2.ncep.noaa.gov 0: Count:[913]
nid001057.dogwood.wcoss2.ncep.noaa.gov 0: RMS:[49.8222]
nid001057.dogwood.wcoss2.ncep.noaa.gov 0: Processing domain: West_CONUS
latitude=[25,49];longitude=[-125,-100];=[];
Mean:[-110.256]
nid001057.dogwood.wcoss2.ncep.noaa.gov 0: Count:[1]
nid001057.dogwood.wcoss2.ncep.noaa.gov 0: RMS:[110.256]
nid001057.dogwood.wcoss2.ncep.noaa.gov 0: Processing domain: East_CONUS
latitude=[25,49];longitude=[-100,-66];=[];
nid001057.dogwood.wcoss2.ncep.noaa.gov 0: Mean:[13.9623]
nid001057.dogwood.wcoss2.ncep.noaa.gov 0: Count:[8]
nid001057.dogwood.wcoss2.ncep.noaa.gov 0: RMS:[46.6324]
nid001057.dogwood.wcoss2.ncep.noaa.gov 0: Processing domain: Alaska
latitude=[52,72];longitude=[-170,-130];=[];
nid001057.dogwood.wcoss2.ncep.noaa.gov 0: Mean:[-20.9148]
nid001057.dogwood.wcoss2.ncep.noaa.gov 0: Count:[11]
nid001057.dogwood.wcoss2.ncep.noaa.gov 0: RMS:[57.1466]
nid001057.dogwood.wcoss2.ncep.noaa.gov 0: Processing domain: Europe
latitude=[35,70];longitude=[-11,38];=[];
nid001057.dogwood.wcoss2.ncep.noaa.gov 0: Mean:[-6.21665]
nid001057.dogwood.wcoss2.ncep.noaa.gov 0: Count:[654]
nid001057.dogwood.wcoss2.ncep.noaa.gov 0: RMS:[44.7509]
nid001057.dogwood.wcoss2.ncep.noaa.gov 0: Processing domain: Africa
latitude=[-35,37];longitude=[-17,52];=[];
Mean:[-3.3688e+38]
nid001057.dogwood.wcoss2.ncep.noaa.gov 0: Count:[0]
nid001057.dogwood.wcoss2.ncep.noaa.gov 0: RMS:[-3.3688e+38]
nid001057.dogwood.wcoss2.ncep.noaa.gov 0: Processing domain: Asia
latitude=[0,70];longitude=[38,180];=[];
Mean:[-6.78883]
nid001057.dogwood.wcoss2.ncep.noaa.gov 0: Count:[83]
nid001057.dogwood.wcoss2.ncep.noaa.gov 0: RMS:[27.3644]
nid001057.dogwood.wcoss2.ncep.noaa.gov 0: Processing domain: High_Mount_Asia
latitude=[20,46];longitude=[60,111];=[];
Mean:[-4.30777]
nid001057.dogwood.wcoss2.ncep.noaa.gov 0: Count:[55]
nid001057.dogwood.wcoss2.ncep.noaa.gov 0: RMS:[15.8629]
nid001057.dogwood.wcoss2.ncep.noaa.gov 0: Mean:[-10.4736]
nid001057.dogwood.wcoss2.ncep.noaa.gov 0: Count:[913]
nid001057.dogwood.wcoss2.ncep.noaa.gov 0: RMS:[49.8222]
nid001057.dogwood.wcoss2.ncep.noaa.gov 0: /lfs/h2/emc/stmp/emc.global/RUNDIRS/retrotestgfs10/gdas.2024112418/anlstat.1165235/snow/diag_sfcsno_2024112418.nc: Now processing oman/totalSnowDepth
nid001057.dogwood.wcoss2.ncep.noaa.gov 0: Processing domain: SH
latitude=[-90,0];=[];=[];
Mean:[-3.3688e+38]
nid001057.dogwood.wcoss2.ncep.noaa.gov 0: Count:[0]
nid001057.dogwood.wcoss2.ncep.noaa.gov 0: RMS:[-3.3688e+38]
nid001057.dogwood.wcoss2.ncep.noaa.gov 0: Processing domain: NH
latitude=[0,90];=[];=[];
Mean:[-9.54487]
nid001057.dogwood.wcoss2.ncep.noaa.gov 0: Count:[913]
nid001057.dogwood.wcoss2.ncep.noaa.gov 0: RMS:[48.0872]
nid001057.dogwood.wcoss2.ncep.noaa.gov 0: Processing domain: West_CONUS
latitude=[25,49];longitude=[-125,-100];=[];
nid001057.dogwood.wcoss2.ncep.noaa.gov 0: Mean:[-110.256]
nid001057.dogwood.wcoss2.ncep.noaa.gov 0: Count:[1]
nid001057.dogwood.wcoss2.ncep.noaa.gov 0: RMS:[110.256]
nid001057.dogwood.wcoss2.ncep.noaa.gov 0: Processing domain: East_CONUS
latitude=[25,49];longitude=[-100,-66];=[];
nid001057.dogwood.wcoss2.ncep.noaa.gov 0: Mean:[12.1559]
nid001057.dogwood.wcoss2.ncep.noaa.gov 0: Count:[8]
nid001057.dogwood.wcoss2.ncep.noaa.gov 0: RMS:[45.4866]
nid001057.dogwood.wcoss2.ncep.noaa.gov 0: Processing domain: Alaska
latitude=[52,72];longitude=[-170,-130];=[];
Mean:[-21.5879]
nid001057.dogwood.wcoss2.ncep.noaa.gov 0: Count:[11]
nid001057.dogwood.wcoss2.ncep.noaa.gov 0: RMS:[56.6981]
nid001057.dogwood.wcoss2.ncep.noaa.gov 0: Processing domain: Europe
latitude=[35,70];longitude=[-11,38];=[];
Mean:[-5.51293]
nid001057.dogwood.wcoss2.ncep.noaa.gov 0: Count:[654]
nid001057.dogwood.wcoss2.ncep.noaa.gov 0: RMS:[43.2694]
nid001057.dogwood.wcoss2.ncep.noaa.gov 0: Processing domain: Africa
latitude=[-35,37];longitude=[-17,52];=[];
Mean:[-3.3688e+38]
nid001057.dogwood.wcoss2.ncep.noaa.gov 0: Count:[0]
nid001057.dogwood.wcoss2.ncep.noaa.gov 0: RMS:[-3.3688e+38]
nid001057.dogwood.wcoss2.ncep.noaa.gov 0: Processing domain: Asia
latitude=[0,70];longitude=[38,180];=[];
Mean:[-4.75529]
nid001057.dogwood.wcoss2.ncep.noaa.gov 0: Count:[83]
nid001057.dogwood.wcoss2.ncep.noaa.gov 0: RMS:[20.9599]
nid001057.dogwood.wcoss2.ncep.noaa.gov 0: Processing domain: High_Mount_Asia
latitude=[20,46];longitude=[60,111];=[];
Mean:[-4.30777]
nid001057.dogwood.wcoss2.ncep.noaa.gov 0: Count:[55]
nid001057.dogwood.wcoss2.ncep.noaa.gov 0: RMS:[15.8622]
nid001057.dogwood.wcoss2.ncep.noaa.gov 0: Mean:[-9.54487]
nid001057.dogwood.wcoss2.ncep.noaa.gov 0: Count:[913]
nid001057.dogwood.wcoss2.ncep.noaa.gov 0: RMS:[48.0872]
nid001057.dogwood.wcoss2.ncep.noaa.gov 0: --------------------------------------------
/lfs/h2/emc/stmp/emc.global/RUNDIRS/retrotestgfs10/gdas.2024112418/anlstat.1165235/snow/diag_sfcsno_2024112418.nc: Now processing ombg/totalSnowDepth
nid001057.dogwood.wcoss2.ncep.noaa.gov 0: /lfs/h2/emc/stmp/emc.global/RUNDIRS/retrotestgfs10/gdas.2024112418/anlstat.1165235/snow/diag_sfcsno_2024112418.nc: Now processing oman/totalSnowDepth
nid001057.dogwood.wcoss2.ncep.noaa.gov 0: 
Run: Finishing dautils::IodaExample
OOPS_STATS  
nid001057.dogwood.wcoss2.ncep.noaa.gov 0: OOPS_STATS ----------------------------------------------------------------------------------
OOPS_STATS --------------------------- Object counts ----------------------------------------
OOPS_STATS ----------------------------------------------------------------------------------
OOPS_STATS                                      Total  Simult. Remain    Avg (Mb)    HWM (Mb)
OOPS_STATS ----------------------------- Object counts --------------------------------------
OOPS_STATS  
OOPS_STATS --------------------------------------------------------------------------------------------
OOPS_STATS ------------------------------------ Timing Statistics -------------------------------------
OOPS_STATS --------------------------------------------------------------------------------------------
OOPS_STATS Name                                                :   total (ms)   count    time/call (ms)
OOPS_STATS oops::Parameters::deserialize                       :         0.22       2            0.1106
OOPS_STATS oops::Parameters::serialize                         :         0.05       4            0.0121
OOPS_STATS util::Timers::Total                                 :       539.12       1          539.1224
OOPS_STATS util::Timers::measured                              :         0.25       1            0.2468
OOPS_STATS ------------------------------------ Timing Statistics -------------------------------------
nid001057.dogwood.wcoss2.ncep.noaa.gov 0: 
OOPS_STATS ------------------------------------------------------------------------------------------------------------------
OOPS_STATS ---------------------------------- Parallel Timing Statistics (  20 MPI tasks) -----------------------------------
OOPS_STATS ------------------------------------------------------------------------------------------------------------------
OOPS_STATS Name                                                :     min (ms)    max (ms)    avg (ms)     % total   imbal (%)
nid001057.dogwood.wcoss2.ncep.noaa.gov 0: OOPS_STATS util::Timers::Total                                 :        22.90      539.12       74.62      100.00      691.84
OOPS_STATS ---------------------------------- Parallel Timing Statistics (  20 MPI tasks) -----------------------------------

OOPS_STATS Run end                                  - Runtime:     10.91 sec,  Memory: total:     5.94 Gb, per task: min =   297.14 Mb, max =   297.14 Mb
Run: Finishing dautils::IodaExample with status = 0
OOPS Ending   2025-06-16 18:21:32 (UTC+0000)
[38;21m2025-06-16 18:21:32,281 - INFO     - jedi        :   END: pygfs.jedi.jedi.execute[0m
[38;5;39m2025-06-16 18:21:32,281 - DEBUG    - jedi        :  returning: None[0m
[38;21m2025-06-16 18:21:32,281 - INFO     - analysis_stats:   END: pygfs.task.analysis_stats.execute[0m
[38;5;39m2025-06-16 18:21:32,281 - DEBUG    - analysis_stats:  returning: None[0m
[38;21m2025-06-16 18:21:32,281 - INFO     - analysis_stats: BEGIN: pygfs.task.analysis_stats.finalize[0m
[38;5;39m2025-06-16 18:21:32,281 - DEBUG    - analysis_stats: ( <pygfs.task.analysis_stats.AnalysisStats object at 0x14fbbe7e4640>, 'snow' )[0m
[38;21m2025-06-16 18:21:32,296 - INFO     - file_utils  : Created /lfs/h2/emc/ptmp/emc.global/RETRO_GFSv17/comroot/retrotestgfs10/gdas.20241124/18//products/snow/anlmon[0m
[38;5;39m2025-06-16 18:21:32,296 - DEBUG    - analysis_stats: copying /lfs/h2/emc/stmp/emc.global/RUNDIRS/retrotestgfs10/gdas.2024112418/anlstat.1165235/ims_snow_2024112418_output_snow.nc to /lfs/h2/emc/ptmp/emc.global/RETRO_GFSv17/comroot/retrotestgfs10/gdas.20241124/18//products/snow/anlmon/ims_snow_2024112418_output_snow.nc[0m
[38;5;226m2025-06-16 18:21:32,296 - WARNING  - file_utils  : Source file '/lfs/h2/emc/stmp/emc.global/RUNDIRS/retrotestgfs10/gdas.2024112418/anlstat.1165235/ims_snow_2024112418_output_snow.nc' does not exist, skipping![0m
[38;5;39m2025-06-16 18:21:32,297 - DEBUG    - analysis_stats: copying /lfs/h2/emc/stmp/emc.global/RUNDIRS/retrotestgfs10/gdas.2024112418/anlstat.1165235/sfcsno_2024112418_output_snow.nc to /lfs/h2/emc/ptmp/emc.global/RETRO_GFSv17/comroot/retrotestgfs10/gdas.20241124/18//products/snow/anlmon/sfcsno_2024112418_output_snow.nc[0m
[38;21m2025-06-16 18:21:32,300 - INFO     - file_utils  : Copied /lfs/h2/emc/stmp/emc.global/RUNDIRS/retrotestgfs10/gdas.2024112418/anlstat.1165235/sfcsno_2024112418_output_snow.nc to /lfs/h2/emc/ptmp/emc.global/RETRO_GFSv17/comroot/retrotestgfs10/gdas.20241124/18//products/snow/anlmon/sfcsno_2024112418_output_snow.nc[0m
[38;5;39m2025-06-16 18:21:32,300 - DEBUG    - analysis_stats: copying /lfs/h2/emc/stmp/emc.global/RUNDIRS/retrotestgfs10/gdas.2024112418/anlstat.1165235/snocvr_2024112418_output_snow.nc to /lfs/h2/emc/ptmp/emc.global/RETRO_GFSv17/comroot/retrotestgfs10/gdas.20241124/18//products/snow/anlmon/snocvr_2024112418_output_snow.nc[0m
[38;21m2025-06-16 18:21:32,303 - INFO     - file_utils  : Copied /lfs/h2/emc/stmp/emc.global/RUNDIRS/retrotestgfs10/gdas.2024112418/anlstat.1165235/snocvr_2024112418_output_snow.nc to /lfs/h2/emc/ptmp/emc.global/RETRO_GFSv17/comroot/retrotestgfs10/gdas.20241124/18//products/snow/anlmon/snocvr_2024112418_output_snow.nc[0m
[38;21m2025-06-16 18:21:32,303 - INFO     - analysis_stats:   END: pygfs.task.analysis_stats.finalize[0m
[38;5;39m2025-06-16 18:21:32,303 - DEBUG    - analysis_stats:  returning: None[0m
+ JGLOBAL_ANALYSIS_STATS[31]export err=0
+ JGLOBAL_ANALYSIS_STATS[31]err=0
+ JGLOBAL_ANALYSIS_STATS[32][[ 0 -ne 0 ]]
+ JGLOBAL_ANALYSIS_STATS[43][[ -e OUTPUT.1166202 ]]
+ JGLOBAL_ANALYSIS_STATS[47]exit 0
+ JGLOBAL_ANALYSIS_STATS[1]postamble /lfs/h2/emc/global/noscrub/emc.global/RETRO_GFSv17/git/global-workflow/develop_20250602/jobs/JGLOBAL_ANALYSIS_STATS 1750098064 0
+ preamble.sh[62]set +x
End /lfs/h2/emc/global/noscrub/emc.global/RETRO_GFSv17/git/global-workflow/develop_20250602/jobs/JGLOBAL_ANALYSIS_STATS at 18:21:32 with error code 0 (time elapsed: 00:00:28)
+ exit 0
PBS: Running epilogue on parent mom node: nid001057...
##### Job 46051231.dbqs01 - PBS Job Script:
(Note: Duplicate #PBS entries are a function how PBS interprets and caches the original job script.)

#! /bin/sh
#PBS -N retrotestgfs10_gdas_anlstat_18
#PBS -A GFS-DEV
#PBS -q devmax
#PBS -l walltime=00:30:00
#PBS -l select=1:mpiprocs=20:ompthreads=1:ncpus=20:mem=90GB
#PBS -j oe -o /lfs/h2/emc/ptmp/emc.global/RETRO_GFSv17/comroot/retrotestgfs10/logs/2024112418/gdas_anlstat.log
#PBS -l place=vscatter:shared
export RUN_ENVIR='emc'
export HOMEgfs='/lfs/h2/emc/global/noscrub/emc.global/RETRO_GFSv17/git/global-workflow/develop_20250602'
export EXPDIR='/lfs/h2/emc/global/noscrub/emc.global/RETRO_GFSv17/expdir/retrotestgfs10'
export NET='gfs'
export RUN='gdas'
export CDATE='2024112418'
export PDY='20241124'
export cyc='18'
export COMROOT='/lfs/h2/emc/ptmp/emc.global/RETRO_GFSv17/comroot'
export DATAROOT='/lfs/h2/emc/stmp/emc.global/RUNDIRS/retrotestgfs10/gdas.2024112418'
set -x
/lfs/h2/emc/global/noscrub/emc.global/RETRO_GFSv17/git/global-workflow/develop_20250602/dev/jobs/anlstat.sh
##### End of job script
------------------------------------------------------------------

