PBS: Running prologue on parent mom node: nid001645...
Job 46056304.dbqs01 nodelist: nid[001645,001742,003195,003528,003531]
+ /lfs/h2/emc/global/noscrub/emc.global/RETRO_GFSv17/git/global-workflow/develop_20250602/dev/jobs/upp.sh
+ source /lfs/h2/emc/global/noscrub/emc.global/RETRO_GFSv17/git/global-workflow/develop_20250602/ush/detect_machine.sh
++ [[ -n '' ]]
++ case $(hostname -f) in
+++ hostname -f
++ MACHINE_ID=UNKNOWN
++ [[ UNKNOWN == \U\N\K\N\O\W\N ]]
++ case ${PW_CSP:-} in
++ PW_CSP=UNKNOWN
++ MACHINE_ID=UNKNOWN
++ [[ UNKNOWN != \U\N\K\N\O\W\N ]]
++ [[ -d /lfs/h3 ]]
++ MACHINE_ID=wcoss2
+ [[ wcoss2 == \w\c\o\s\s\2 ]]
+ set +x
Resetting modules to system default. Reseting $MODULEPATH back to system default. All extra directories will be removed from $MODULEPATH.

The following have been reloaded with a version change:
  1) crtm/2.4.0.1 => crtm/2.4.0

+ wxflowPATH=/lfs/h2/emc/global/noscrub/emc.global/RETRO_GFSv17/git/global-workflow/develop_20250602/ush/python
+ PYTHONPATH=/apps/prod/python-modules/3.8.6/intel/19.1.3.304/lib/python3.8/site-packages:/apps/ops/prod/nco/core/prod_util.v2.0.14/ush:/lfs/h2/emc/global/noscrub/emc.global/RETRO_GFSv17/git/global-workflow/develop_20250602/ush:/lfs/h2/emc/global/noscrub/emc.global/RETRO_GFSv17/git/global-workflow/develop_20250602/ush/python
+ export PYTHONPATH
+ export job=upp
+ job=upp
+ export jobid=upp.2435701
+ jobid=upp.2435701
+ export FORECAST_HOUR=0
+ FORECAST_HOUR=0
+ /lfs/h2/emc/global/noscrub/emc.global/RETRO_GFSv17/git/global-workflow/develop_20250602/jobs/JGLOBAL_ATMOS_UPP
Begin /lfs/h2/emc/global/noscrub/emc.global/RETRO_GFSv17/git/global-workflow/develop_20250602/jobs/JGLOBAL_ATMOS_UPP at Mon Jun 16 19:01:41 UTC 2025
++ jjob_header.sh[46]OPTIND=1
++ jjob_header.sh[47]getopts c:e: option
++ jjob_header.sh[48]case "${option}" in
++ jjob_header.sh[50]env_job=upp
++ jjob_header.sh[47]getopts c:e: option
++ jjob_header.sh[48]case "${option}" in
++ jjob_header.sh[49]read -ra configs
++ jjob_header.sh[47]getopts c:e: option
++ jjob_header.sh[61]shift 4
++ jjob_header.sh[63][[ -z upp ]]
++ jjob_header.sh[71]export DATA=/lfs/h2/emc/stmp/emc.global/RUNDIRS/retrotestgfs10/gdas.2024112418/upp.2435701
++ jjob_header.sh[71]DATA=/lfs/h2/emc/stmp/emc.global/RUNDIRS/retrotestgfs10/gdas.2024112418/upp.2435701
++ jjob_header.sh[72][[ YES == \Y\E\S ]]
++ jjob_header.sh[73]rm -rf /lfs/h2/emc/stmp/emc.global/RUNDIRS/retrotestgfs10/gdas.2024112418/upp.2435701
++ jjob_header.sh[75]mkdir -p /lfs/h2/emc/stmp/emc.global/RUNDIRS/retrotestgfs10/gdas.2024112418/upp.2435701
++ jjob_header.sh[76]cd /lfs/h2/emc/stmp/emc.global/RUNDIRS/retrotestgfs10/gdas.2024112418/upp.2435701
++ jjob_header.sh[85]export pid=2437930
++ jjob_header.sh[85]pid=2437930
++ jjob_header.sh[86]export pgmout=OUTPUT.2437930
++ jjob_header.sh[86]pgmout=OUTPUT.2437930
++ jjob_header.sh[87]export pgmerr=errfile
++ jjob_header.sh[87]pgmerr=errfile
++ jjob_header.sh[90]export pgm=
++ jjob_header.sh[90]pgm=
++ jjob_header.sh[96]export cycle=t18z
++ jjob_header.sh[96]cycle=t18z
++ jjob_header.sh[97]setpdy.sh
+ setpdy.sh[20]'[' /lfs/h2/emc/stmp/emc.global/RUNDIRS/retrotestgfs10/gdas.2024112418/upp.2435701 == /u/emc.global ']'
+ setpdy.sh[25][[ ! t18z =~ t??z ]]
+ setpdy.sh[30]case $# in
+ setpdy.sh[31]dates_before_PDY=7
+ setpdy.sh[32]dates_after_PDY=7
+ setpdy.sh[50]COMDATEROOT=/lfs/h1/ops/prod/com
+ setpdy.sh[53]'[' -z 20241124 ']'
+ setpdy.sh[57]sed 's/[0-9]\{8\}/20241124/' /lfs/h1/ops/prod/com/date/t18z
++ setpdy.sh[62]finddate.sh 20241124 s-7
+ finddate.sh[19]set +x
+ setpdy.sh[62]DATElne_minus='20241123 20241122 20241121 20241120 20241119 20241118 20241117'
+ setpdy.sh[63]export err=0
+ setpdy.sh[63]err=0
+ setpdy.sh[63]err_chk
+ err_chk[13]'[' -z 0 ']'
+ err_chk[14]'[' 0 -eq 0 ']'
+ err_chk[14]echo ' completed cleanly'
 completed cleanly
+ err_chk[14]exit
++ setpdy.sh[65]finddate.sh 20241124 s+7
+ finddate.sh[19]set +x
+ setpdy.sh[65]DATElne_plus='20241125 20241126 20241127 20241128 20241129 20241130 20241201'
+ setpdy.sh[66]export err=0
+ setpdy.sh[66]err=0
+ setpdy.sh[66]err_chk
+ err_chk[13]'[' -z 0 ']'
+ err_chk[14]'[' 0 -eq 0 ']'
+ err_chk[14]echo ' completed cleanly'
 completed cleanly
+ err_chk[14]exit
+ setpdy.sh[69]'[' -f PDY ']'
++ setpdy.sh[70]seq 7 -1 1
+ setpdy.sh[70]for d in $(seq $dates_before_PDY -1 1)
+ setpdy.sh[72]echo 'export PDYm7=20241117'
+ setpdy.sh[70]for d in $(seq $dates_before_PDY -1 1)
+ setpdy.sh[72]echo 'export PDYm6=20241118'
+ setpdy.sh[70]for d in $(seq $dates_before_PDY -1 1)
+ setpdy.sh[72]echo 'export PDYm5=20241119'
+ setpdy.sh[70]for d in $(seq $dates_before_PDY -1 1)
+ setpdy.sh[72]echo 'export PDYm4=20241120'
+ setpdy.sh[70]for d in $(seq $dates_before_PDY -1 1)
+ setpdy.sh[72]echo 'export PDYm3=20241121'
+ setpdy.sh[70]for d in $(seq $dates_before_PDY -1 1)
+ setpdy.sh[72]echo 'export PDYm2=20241122'
+ setpdy.sh[70]for d in $(seq $dates_before_PDY -1 1)
+ setpdy.sh[72]echo 'export PDYm1=20241123'
+ setpdy.sh[74]echo 'export PDY=20241124'
++ setpdy.sh[75]seq 7
+ setpdy.sh[75]for d in $(seq $dates_after_PDY)
+ setpdy.sh[77]echo 'export PDYp1=20241125'
+ setpdy.sh[75]for d in $(seq $dates_after_PDY)
+ setpdy.sh[77]echo 'export PDYp2=20241126'
+ setpdy.sh[75]for d in $(seq $dates_after_PDY)
+ setpdy.sh[77]echo 'export PDYp3=20241127'
+ setpdy.sh[75]for d in $(seq $dates_after_PDY)
+ setpdy.sh[77]echo 'export PDYp4=20241128'
+ setpdy.sh[75]for d in $(seq $dates_after_PDY)
+ setpdy.sh[77]echo 'export PDYp5=20241129'
+ setpdy.sh[75]for d in $(seq $dates_after_PDY)
+ setpdy.sh[77]echo 'export PDYp6=20241130'
+ setpdy.sh[75]for d in $(seq $dates_after_PDY)
+ setpdy.sh[77]echo 'export PDYp7=20241201'
+ setpdy.sh[80]chmod u+x PDY
+ setpdy.sh[82]echo 'Source PDY script to export PDYm7, ..., PDY, ..., PDYp7 variables.'
Source PDY script to export PDYm7, ..., PDY, ..., PDYp7 variables.
++ jjob_header.sh[98]source ./PDY
+++ PDY[1]export PDYm7=20241117
+++ PDY[1]PDYm7=20241117
+++ PDY[2]export PDYm6=20241118
+++ PDY[2]PDYm6=20241118
+++ PDY[3]export PDYm5=20241119
+++ PDY[3]PDYm5=20241119
+++ PDY[4]export PDYm4=20241120
+++ PDY[4]PDYm4=20241120
+++ PDY[5]export PDYm3=20241121
+++ PDY[5]PDYm3=20241121
+++ PDY[6]export PDYm2=20241122
+++ PDY[6]PDYm2=20241122
+++ PDY[7]export PDYm1=20241123
+++ PDY[7]PDYm1=20241123
+++ PDY[8]export PDY=20241124
+++ PDY[8]PDY=20241124
+++ PDY[9]export PDYp1=20241125
+++ PDY[9]PDYp1=20241125
+++ PDY[10]export PDYp2=20241126
+++ PDY[10]PDYp2=20241126
+++ PDY[11]export PDYp3=20241127
+++ PDY[11]PDYp3=20241127
+++ PDY[12]export PDYp4=20241128
+++ PDY[12]PDYp4=20241128
+++ PDY[13]export PDYp5=20241129
+++ PDY[13]PDYp5=20241129
+++ PDY[14]export PDYp6=20241130
+++ PDY[14]PDYp6=20241130
+++ PDY[15]export PDYp7=20241201
+++ PDY[15]PDYp7=20241201
++ jjob_header.sh[104]export EXPDIR=/lfs/h2/emc/global/noscrub/emc.global/RETRO_GFSv17/expdir/retrotestgfs10
++ jjob_header.sh[104]EXPDIR=/lfs/h2/emc/global/noscrub/emc.global/RETRO_GFSv17/expdir/retrotestgfs10
++ jjob_header.sh[105]for config in "${configs[@]:-''}"
++ jjob_header.sh[106]source /lfs/h2/emc/global/noscrub/emc.global/RETRO_GFSv17/expdir/retrotestgfs10/config.base
+++ config.base[6]echo 'BEGIN: config.base'
BEGIN: config.base
+++ config.base[9]export machine=WCOSS2
+++ config.base[9]machine=WCOSS2
+++ config.base[12]export RUN_ENVIR=emc
+++ config.base[12]RUN_ENVIR=emc
+++ config.base[15]export ACCOUNT=GFS-DEV
+++ config.base[15]ACCOUNT=GFS-DEV
+++ config.base[16]export QUEUE=devmax
+++ config.base[16]QUEUE=devmax
+++ config.base[17]export QUEUE_SERVICE=dev_transfer
+++ config.base[17]QUEUE_SERVICE=dev_transfer
+++ config.base[18]export QUEUE_DTN=dev_transfer
+++ config.base[18]QUEUE_DTN=dev_transfer
+++ config.base[19]export 'PARTITION_BATCH={{ PARTITION_BATCH }}'
+++ config.base[19]PARTITION_BATCH='{{ PARTITION_BATCH }}'
+++ config.base[20]export PARTITION_SERVICE=
+++ config.base[20]PARTITION_SERVICE=
+++ config.base[21]export PARTITION_DTN=
+++ config.base[21]PARTITION_DTN=
+++ config.base[22]export RESERVATION=
+++ config.base[22]RESERVATION=
+++ config.base[23]export CLUSTERS=
+++ config.base[23]CLUSTERS=
+++ config.base[24]export CLUSTERS_SERVICE=
+++ config.base[24]CLUSTERS_SERVICE=
+++ config.base[25]export CLUSTERS_DTN=
+++ config.base[25]CLUSTERS_DTN=
+++ config.base[28]export HPSS_PROJECT=emc-global
+++ config.base[28]HPSS_PROJECT=emc-global
+++ config.base[31]export HOMEgfs=/lfs/h2/emc/global/noscrub/emc.global/RETRO_GFSv17/git/global-workflow/develop_20250602
+++ config.base[31]HOMEgfs=/lfs/h2/emc/global/noscrub/emc.global/RETRO_GFSv17/git/global-workflow/develop_20250602
+++ config.base[32]export EXECgfs=/lfs/h2/emc/global/noscrub/emc.global/RETRO_GFSv17/git/global-workflow/develop_20250602/exec
+++ config.base[32]EXECgfs=/lfs/h2/emc/global/noscrub/emc.global/RETRO_GFSv17/git/global-workflow/develop_20250602/exec
+++ config.base[33]export FIXgfs=/lfs/h2/emc/global/noscrub/emc.global/RETRO_GFSv17/git/global-workflow/develop_20250602/fix
+++ config.base[33]FIXgfs=/lfs/h2/emc/global/noscrub/emc.global/RETRO_GFSv17/git/global-workflow/develop_20250602/fix
+++ config.base[34]export PARMgfs=/lfs/h2/emc/global/noscrub/emc.global/RETRO_GFSv17/git/global-workflow/develop_20250602/parm
+++ config.base[34]PARMgfs=/lfs/h2/emc/global/noscrub/emc.global/RETRO_GFSv17/git/global-workflow/develop_20250602/parm
+++ config.base[35]export SCRgfs=/lfs/h2/emc/global/noscrub/emc.global/RETRO_GFSv17/git/global-workflow/develop_20250602/scripts
+++ config.base[35]SCRgfs=/lfs/h2/emc/global/noscrub/emc.global/RETRO_GFSv17/git/global-workflow/develop_20250602/scripts
+++ config.base[36]export USHgfs=/lfs/h2/emc/global/noscrub/emc.global/RETRO_GFSv17/git/global-workflow/develop_20250602/ush
+++ config.base[36]USHgfs=/lfs/h2/emc/global/noscrub/emc.global/RETRO_GFSv17/git/global-workflow/develop_20250602/ush
+++ config.base[38]export FIXam=/lfs/h2/emc/global/noscrub/emc.global/RETRO_GFSv17/git/global-workflow/develop_20250602/fix/am
+++ config.base[38]FIXam=/lfs/h2/emc/global/noscrub/emc.global/RETRO_GFSv17/git/global-workflow/develop_20250602/fix/am
+++ config.base[39]export FIXaer=/lfs/h2/emc/global/noscrub/emc.global/RETRO_GFSv17/git/global-workflow/develop_20250602/fix/aer
+++ config.base[39]FIXaer=/lfs/h2/emc/global/noscrub/emc.global/RETRO_GFSv17/git/global-workflow/develop_20250602/fix/aer
+++ config.base[40]export FIXcpl=/lfs/h2/emc/global/noscrub/emc.global/RETRO_GFSv17/git/global-workflow/develop_20250602/fix/cpl
+++ config.base[40]FIXcpl=/lfs/h2/emc/global/noscrub/emc.global/RETRO_GFSv17/git/global-workflow/develop_20250602/fix/cpl
+++ config.base[41]export FIXlut=/lfs/h2/emc/global/noscrub/emc.global/RETRO_GFSv17/git/global-workflow/develop_20250602/fix/lut
+++ config.base[41]FIXlut=/lfs/h2/emc/global/noscrub/emc.global/RETRO_GFSv17/git/global-workflow/develop_20250602/fix/lut
+++ config.base[42]export FIXcice=/lfs/h2/emc/global/noscrub/emc.global/RETRO_GFSv17/git/global-workflow/develop_20250602/fix/cice
+++ config.base[42]FIXcice=/lfs/h2/emc/global/noscrub/emc.global/RETRO_GFSv17/git/global-workflow/develop_20250602/fix/cice
+++ config.base[43]export FIXmom=/lfs/h2/emc/global/noscrub/emc.global/RETRO_GFSv17/git/global-workflow/develop_20250602/fix/mom6
+++ config.base[43]FIXmom=/lfs/h2/emc/global/noscrub/emc.global/RETRO_GFSv17/git/global-workflow/develop_20250602/fix/mom6
+++ config.base[44]export FIXreg2grb2=/lfs/h2/emc/global/noscrub/emc.global/RETRO_GFSv17/git/global-workflow/develop_20250602/fix/reg2grb2
+++ config.base[44]FIXreg2grb2=/lfs/h2/emc/global/noscrub/emc.global/RETRO_GFSv17/git/global-workflow/develop_20250602/fix/reg2grb2
+++ config.base[45]export FIXgdas=/lfs/h2/emc/global/noscrub/emc.global/RETRO_GFSv17/git/global-workflow/develop_20250602/fix/gdas
+++ config.base[45]FIXgdas=/lfs/h2/emc/global/noscrub/emc.global/RETRO_GFSv17/git/global-workflow/develop_20250602/fix/gdas
+++ config.base[50]export PACKAGEROOT=/lfs/h1/ops/prod/packages
+++ config.base[50]PACKAGEROOT=/lfs/h1/ops/prod/packages
+++ config.base[51]export COMROOT=/lfs/h2/emc/ptmp/emc.global/RETRO_GFSv17/comroot
+++ config.base[51]COMROOT=/lfs/h2/emc/ptmp/emc.global/RETRO_GFSv17/comroot
+++ config.base[52]export COMINsyn=/lfs/h1/ops/prod/com/gfs/v16.3/syndat
+++ config.base[52]COMINsyn=/lfs/h1/ops/prod/com/gfs/v16.3/syndat
+++ config.base[53]export DMPDIR=/lfs/h2/emc/dump/noscrub/dump
+++ config.base[53]DMPDIR=/lfs/h2/emc/dump/noscrub/dump
+++ config.base[57]export COMINecmwf=/lfs/h2/emc/global/noscrub/emc.global/data/external_gempak/ecmwf
+++ config.base[57]COMINecmwf=/lfs/h2/emc/global/noscrub/emc.global/data/external_gempak/ecmwf
+++ config.base[58]export COMINnam=/lfs/h2/emc/global/noscrub/emc.global/data/external_gempak/nam
+++ config.base[58]COMINnam=/lfs/h2/emc/global/noscrub/emc.global/data/external_gempak/nam
+++ config.base[59]export COMINukmet=/lfs/h2/emc/global/noscrub/emc.global/data/external_gempak/ukmet
+++ config.base[59]COMINukmet=/lfs/h2/emc/global/noscrub/emc.global/data/external_gempak/ukmet
+++ config.base[62]export HOMEDIR=/lfs/h2/emc/global/noscrub/emc.global
+++ config.base[62]HOMEDIR=/lfs/h2/emc/global/noscrub/emc.global
+++ config.base[63]export STMP=/lfs/h2/emc/stmp/emc.global
+++ config.base[63]STMP=/lfs/h2/emc/stmp/emc.global
+++ config.base[64]export PTMP=/lfs/h2/emc/ptmp/emc.global
+++ config.base[64]PTMP=/lfs/h2/emc/ptmp/emc.global
+++ config.base[65]export NOSCRUB=/lfs/h2/emc/global/noscrub/emc.global
+++ config.base[65]NOSCRUB=/lfs/h2/emc/global/noscrub/emc.global
+++ config.base[68]export BASE_GIT=/lfs/h2/emc/global/save/emc.global/git
+++ config.base[68]BASE_GIT=/lfs/h2/emc/global/save/emc.global/git
+++ config.base[71]export BASE_DATA=/lfs/h2/emc/global/noscrub/emc.global/data
+++ config.base[71]BASE_DATA=/lfs/h2/emc/global/noscrub/emc.global/data
+++ config.base[74]export DO_PREP_SFC=NO
+++ config.base[74]DO_PREP_SFC=NO
+++ config.base[77]export DO_GOES=NO
+++ config.base[77]DO_GOES=NO
+++ config.base[78]export DO_BUFRSND=NO
+++ config.base[78]DO_BUFRSND=NO
+++ config.base[79]export DO_GEMPAK=NO
+++ config.base[79]DO_GEMPAK=NO
+++ config.base[80]export DO_AWIPS=NO
+++ config.base[80]DO_AWIPS=NO
+++ config.base[81]export DO_NPOESS=NO
+++ config.base[81]DO_NPOESS=NO
+++ config.base[82]export DO_TRACKER=YES
+++ config.base[82]DO_TRACKER=YES
+++ config.base[83]export DO_GENESIS=YES
+++ config.base[83]DO_GENESIS=YES
+++ config.base[84]export DO_GENESIS_FSU=NO
+++ config.base[84]DO_GENESIS_FSU=NO
+++ config.base[85]export DO_VERFOZN=YES
+++ config.base[85]DO_VERFOZN=YES
+++ config.base[86]export DO_VERFRAD=YES
+++ config.base[86]DO_VERFRAD=YES
+++ config.base[87]export DO_VMINMON=YES
+++ config.base[87]DO_VMINMON=YES
+++ config.base[88]export DO_ANLSTAT=NO
+++ config.base[88]DO_ANLSTAT=NO
+++ config.base[91]export MODE=cycled
+++ config.base[91]MODE=cycled
+++ config.base[92]export DO_TEST_MODE=NO
+++ config.base[92]DO_TEST_MODE=NO
+++ config.base[101]export FIXgsi=/lfs/h2/emc/global/noscrub/emc.global/RETRO_GFSv17/git/global-workflow/develop_20250602/fix/gsi
+++ config.base[101]FIXgsi=/lfs/h2/emc/global/noscrub/emc.global/RETRO_GFSv17/git/global-workflow/develop_20250602/fix/gsi
+++ config.base[102]export HOMEpost=/lfs/h2/emc/global/noscrub/emc.global/RETRO_GFSv17/git/global-workflow/develop_20250602
+++ config.base[102]HOMEpost=/lfs/h2/emc/global/noscrub/emc.global/RETRO_GFSv17/git/global-workflow/develop_20250602
+++ config.base[103]export HOMEobsproc=/lfs/h2/emc/global/save/emc.global/git/obsproc/v
+++ config.base[103]HOMEobsproc=/lfs/h2/emc/global/save/emc.global/git/obsproc/v
+++ config.base[106]export NMV=/bin/mv
+++ config.base[106]NMV=/bin/mv
+++ config.base[107]export 'NLN=/bin/ln -sf'
+++ config.base[107]NLN='/bin/ln -sf'
+++ config.base[108]export VERBOSE=YES
+++ config.base[108]VERBOSE=YES
+++ config.base[109]export KEEPDATA=NO
+++ config.base[109]KEEPDATA=NO
+++ config.base[110]export DEBUG_POSTSCRIPT=NO
+++ config.base[110]DEBUG_POSTSCRIPT=NO
+++ config.base[111]export CHGRP_RSTPROD=YES
+++ config.base[111]CHGRP_RSTPROD=YES
+++ config.base[112]export 'CHGRP_CMD=chgrp rstprod'
+++ config.base[112]CHGRP_CMD='chgrp rstprod'
+++ config.base[113]export NCDUMP=/apps/prod/hpc-stack/intel-19.1.3.304/cray-mpich-8.1.4/netcdf/4.7.4/bin/ncdump
+++ config.base[113]NCDUMP=/apps/prod/hpc-stack/intel-19.1.3.304/cray-mpich-8.1.4/netcdf/4.7.4/bin/ncdump
+++ config.base[114]export NCLEN=/lfs/h2/emc/global/noscrub/emc.global/RETRO_GFSv17/git/global-workflow/develop_20250602/ush/getncdimlen
+++ config.base[114]NCLEN=/lfs/h2/emc/global/noscrub/emc.global/RETRO_GFSv17/git/global-workflow/develop_20250602/ush/getncdimlen
+++ config.base[117]export BASE_ENV=/lfs/h2/emc/global/noscrub/emc.global/RETRO_GFSv17/git/global-workflow/develop_20250602/env
+++ config.base[117]BASE_ENV=/lfs/h2/emc/global/noscrub/emc.global/RETRO_GFSv17/git/global-workflow/develop_20250602/env
+++ config.base[120]export SDATE=2024111506
+++ config.base[120]SDATE=2024111506
+++ config.base[121]export EDATE=2025011600
+++ config.base[121]EDATE=2025011600
+++ config.base[122]export EXP_WARM_START=.true.
+++ config.base[122]EXP_WARM_START=.true.
+++ config.base[123]export assim_freq=6
+++ config.base[123]assim_freq=6
+++ config.base[124]export PSLOT=retrotestgfs10
+++ config.base[124]PSLOT=retrotestgfs10
+++ config.base[125]export EXPDIR=/lfs/h2/emc/global/noscrub/emc.global/RETRO_GFSv17/expdir/retrotestgfs10
+++ config.base[125]EXPDIR=/lfs/h2/emc/global/noscrub/emc.global/RETRO_GFSv17/expdir/retrotestgfs10
+++ config.base[126]export ROTDIR=/lfs/h2/emc/ptmp/emc.global/RETRO_GFSv17/comroot/retrotestgfs10
+++ config.base[126]ROTDIR=/lfs/h2/emc/ptmp/emc.global/RETRO_GFSv17/comroot/retrotestgfs10
+++ config.base[127]export DUMP_SUFFIX=
+++ config.base[127]DUMP_SUFFIX=
+++ config.base[128][[ 2024112418 -ge 2019092100 ]]
+++ config.base[128][[ 2024112418 -le 2019110700 ]]
+++ config.base[132]export ARCDIR=/lfs/h2/emc/global/noscrub/emc.global/RETRO_GFSv17/archive/retrotestgfs10
+++ config.base[132]ARCDIR=/lfs/h2/emc/global/noscrub/emc.global/RETRO_GFSv17/archive/retrotestgfs10
+++ config.base[134]export ATARDIR=/5year/NCEPDEV/emc-global/emc.glopara/WCOSS2/GFSv17/retrotestgfs10
+++ config.base[134]ATARDIR=/5year/NCEPDEV/emc-global/emc.glopara/WCOSS2/GFSv17/retrotestgfs10
+++ config.base[136]export 'FETCHDIR={{ FETCHDIR }}'
+++ config.base[136]FETCHDIR='{{ FETCHDIR }}'
+++ config.base[139]export envir=prod
+++ config.base[139]envir=prod
+++ config.base[140]export NET=gfs
+++ config.base[140]NET=gfs
+++ config.base[141]export RUN=gdas
+++ config.base[141]RUN=gdas
+++ config.base[144]source /lfs/h2/emc/global/noscrub/emc.global/RETRO_GFSv17/expdir/retrotestgfs10/config.com
++++ config.com[4]echo 'BEGIN: config.com'
BEGIN: config.com
++++ config.com[38][[ emc == \n\c\o ]]
++++ config.com[43]COM_OBSPROC_TMPL='${DMPDIR}/${RUN}${DUMP_SUFFIX}.${YMD}/${HH}/atmos'
++++ config.com[44]COM_RTOFS_TMPL='${DMPDIR}'
++++ config.com[45]COM_TCVITAL_TMPL='${DMPDIR}/${RUN}.${YMD}/${HH}/atmos'
++++ config.com[47]declare -rx 'COM_OBS_TMPL=${ROTDIR}/${RUN}.${YMD}/${HH}/obs'
++++ config.com[48]declare -rx COM_OBSPROC_TMPL COM_RTOFS_TMPL
++++ config.com[50]COM_BASE='${ROTDIR}/${RUN}.${YMD}/${HH}/${MEMDIR}'
++++ config.com[52]declare -rx 'COM_TOP_TMPL=${ROTDIR}/${RUN}.${YMD}/${HH}'
++++ config.com[54]declare -rx 'COM_CONF_TMPL=${ROTDIR}/${RUN}.${YMD}/${HH}/${MEMDIR}/conf'
++++ config.com[55]declare -rx 'COM_OBS_JEDI=${ROTDIR}/${RUN}.${YMD}/${HH}/${MEMDIR}/obs_jedi'
++++ config.com[57]declare -rx 'COM_ATMOS_INPUT_TMPL=${ROTDIR}/${RUN}.${YMD}/${HH}/${MEMDIR}/model/atmos/input'
++++ config.com[58]declare -rx 'COM_ATMOS_RESTART_TMPL=${ROTDIR}/${RUN}.${YMD}/${HH}/${MEMDIR}/model/atmos/restart'
++++ config.com[59]declare -rx 'COM_ATMOS_ANALYSIS_TMPL=${ROTDIR}/${RUN}.${YMD}/${HH}/${MEMDIR}/analysis/atmos'
++++ config.com[60]declare -rx 'COM_SNOW_ANALYSIS_TMPL=${ROTDIR}/${RUN}.${YMD}/${HH}/${MEMDIR}/analysis/snow'
++++ config.com[61]declare -rx 'COM_SNOW_ANLMON_TMPL=${ROTDIR}/${RUN}.${YMD}/${HH}/${MEMDIR}/products/snow/anlmon'
++++ config.com[62]declare -rx 'COM_ATMOS_HISTORY_TMPL=${ROTDIR}/${RUN}.${YMD}/${HH}/${MEMDIR}/model/atmos/history'
++++ config.com[63]declare -rx 'COM_ATMOS_MASTER_TMPL=${ROTDIR}/${RUN}.${YMD}/${HH}/${MEMDIR}/model/atmos/master'
++++ config.com[64]declare -rx 'COM_ATMOS_GRIB_TMPL=${ROTDIR}/${RUN}.${YMD}/${HH}/${MEMDIR}/products/atmos/grib2'
++++ config.com[65]declare -rx 'COM_ATMOS_GRIB_GRID_TMPL=${ROTDIR}/${RUN}.${YMD}/${HH}/${MEMDIR}/products/atmos/grib2/${GRID}'
++++ config.com[66]declare -rx 'COM_ATMOS_BUFR_TMPL=${ROTDIR}/${RUN}.${YMD}/${HH}/${MEMDIR}/products/atmos/bufr'
++++ config.com[67]declare -rx 'COM_ATMOS_GEMPAK_TMPL=${ROTDIR}/${RUN}.${YMD}/${HH}/${MEMDIR}/products/atmos/gempak/${GRID}'
++++ config.com[68]declare -rx 'COM_ATMOS_GENESIS_TMPL=${ROTDIR}/${RUN}.${YMD}/${HH}/${MEMDIR}/products/atmos/cyclone/genesis_vital'
++++ config.com[69]declare -rx 'COM_ATMOS_TRACK_TMPL=${ROTDIR}/${RUN}.${YMD}/${HH}/${MEMDIR}/products/atmos/cyclone/tracks'
++++ config.com[70]declare -rx 'COM_ATMOS_GOES_TMPL=${ROTDIR}/${RUN}.${YMD}/${HH}/${MEMDIR}/products/atmos/goes_sim'
++++ config.com[71]declare -rx 'COM_ATMOS_IMAGERY_TMPL=${ROTDIR}/${RUN}.${YMD}/${HH}/${MEMDIR}/products/atmos/imagery'
++++ config.com[72]declare -rx 'COM_ATMOS_OZNMON_TMPL=${ROTDIR}/${RUN}.${YMD}/${HH}/${MEMDIR}/products/atmos/oznmon'
++++ config.com[73]declare -rx 'COM_ATMOS_RADMON_TMPL=${ROTDIR}/${RUN}.${YMD}/${HH}/${MEMDIR}/products/atmos/radmon'
++++ config.com[74]declare -rx 'COM_ATMOS_MINMON_TMPL=${ROTDIR}/${RUN}.${YMD}/${HH}/${MEMDIR}/products/atmos/minmon'
++++ config.com[75]declare -rx 'COM_ATMOS_ANLMON_TMPL=${ROTDIR}/${RUN}.${YMD}/${HH}/${MEMDIR}/products/atmos/anlmon'
++++ config.com[76]declare -rx 'COM_ATMOS_WMO_TMPL=${ROTDIR}/${RUN}.${YMD}/${HH}/${MEMDIR}/products/atmos/wmo'
++++ config.com[78]declare -rx 'COM_WAVE_RESTART_TMPL=${ROTDIR}/${RUN}.${YMD}/${HH}/${MEMDIR}/model/wave/restart'
++++ config.com[79]declare -rx 'COM_WAVE_PREP_TMPL=${ROTDIR}/${RUN}.${YMD}/${HH}/${MEMDIR}/model/wave/prep'
++++ config.com[80]declare -rx 'COM_WAVE_HISTORY_TMPL=${ROTDIR}/${RUN}.${YMD}/${HH}/${MEMDIR}/model/wave/history'
++++ config.com[81]declare -rx 'COM_WAVE_GRID_TMPL=${ROTDIR}/${RUN}.${YMD}/${HH}/${MEMDIR}/products/wave/gridded'
++++ config.com[82]declare -rx 'COM_WAVE_GRID_RES_TMPL=${ROTDIR}/${RUN}.${YMD}/${HH}/${MEMDIR}/products/wave/gridded/${GRDRESNAME}'
++++ config.com[83]declare -rx 'COM_WAVE_STATION_TMPL=${ROTDIR}/${RUN}.${YMD}/${HH}/${MEMDIR}/products/wave/station'
++++ config.com[84]declare -rx 'COM_WAVE_GEMPAK_TMPL=${ROTDIR}/${RUN}.${YMD}/${HH}/${MEMDIR}/products/wave/gempak'
++++ config.com[85]declare -rx 'COM_WAVE_WMO_TMPL=${ROTDIR}/${RUN}.${YMD}/${HH}/${MEMDIR}/products/wave/wmo'
++++ config.com[87]declare -rx 'COM_OCEAN_HISTORY_TMPL=${ROTDIR}/${RUN}.${YMD}/${HH}/${MEMDIR}/model/ocean/history'
++++ config.com[88]declare -rx 'COM_OCEAN_RESTART_TMPL=${ROTDIR}/${RUN}.${YMD}/${HH}/${MEMDIR}/model/ocean/restart'
++++ config.com[89]declare -rx 'COM_OCEAN_INPUT_TMPL=${ROTDIR}/${RUN}.${YMD}/${HH}/${MEMDIR}/model/ocean/input'
++++ config.com[90]declare -rx 'COM_OCEAN_ANALYSIS_TMPL=${ROTDIR}/${RUN}.${YMD}/${HH}/${MEMDIR}/analysis/ocean'
++++ config.com[91]declare -rx 'COM_OCEAN_ANLMON_TMPL=${ROTDIR}/${RUN}.${YMD}/${HH}/${MEMDIR}/products/ocean/anlmon'
++++ config.com[92]declare -rx 'COM_OCEAN_LETKF_TMPL=${ROTDIR}/${RUN}.${YMD}/${HH}/${MEMDIR}/analysis/ocean/letkf'
++++ config.com[93]declare -rx 'COM_OCEAN_BMATRIX_TMPL=${ROTDIR}/${RUN}.${YMD}/${HH}/${MEMDIR}/bmatrix/ocean'
++++ config.com[94]declare -rx 'COM_OCEAN_NETCDF_TMPL=${ROTDIR}/${RUN}.${YMD}/${HH}/${MEMDIR}/products/ocean/netcdf'
++++ config.com[95]declare -rx 'COM_OCEAN_GRIB_TMPL=${ROTDIR}/${RUN}.${YMD}/${HH}/${MEMDIR}/products/ocean/grib2'
++++ config.com[96]declare -rx 'COM_OCEAN_GRIB_GRID_TMPL=${ROTDIR}/${RUN}.${YMD}/${HH}/${MEMDIR}/products/ocean/grib2/${GRID}'
++++ config.com[98]declare -rx 'COM_ICE_ANALYSIS_TMPL=${ROTDIR}/${RUN}.${YMD}/${HH}/${MEMDIR}/analysis/ice'
++++ config.com[99]declare -rx 'COM_ICE_LETKF_TMPL=${ROTDIR}/${RUN}.${YMD}/${HH}/${MEMDIR}/analysis/ice/letkf'
++++ config.com[100]declare -rx 'COM_ICE_ANLMON_TMPL=${ROTDIR}/${RUN}.${YMD}/${HH}/${MEMDIR}/products/ice/anlmon'
++++ config.com[101]declare -rx 'COM_ICE_BMATRIX_TMPL=${ROTDIR}/${RUN}.${YMD}/${HH}/${MEMDIR}/bmatrix/ice'
++++ config.com[102]declare -rx 'COM_ICE_INPUT_TMPL=${ROTDIR}/${RUN}.${YMD}/${HH}/${MEMDIR}/model/ice/input'
++++ config.com[103]declare -rx 'COM_ICE_HISTORY_TMPL=${ROTDIR}/${RUN}.${YMD}/${HH}/${MEMDIR}/model/ice/history'
++++ config.com[104]declare -rx 'COM_ICE_RESTART_TMPL=${ROTDIR}/${RUN}.${YMD}/${HH}/${MEMDIR}/model/ice/restart'
++++ config.com[105]declare -rx 'COM_ICE_NETCDF_TMPL=${ROTDIR}/${RUN}.${YMD}/${HH}/${MEMDIR}/products/ice/netcdf'
++++ config.com[106]declare -rx 'COM_ICE_GRIB_TMPL=${ROTDIR}/${RUN}.${YMD}/${HH}/${MEMDIR}/products/ice/grib2'
++++ config.com[107]declare -rx 'COM_ICE_GRIB_GRID_TMPL=${ROTDIR}/${RUN}.${YMD}/${HH}/${MEMDIR}/products/ice/grib2/${GRID}'
++++ config.com[109]declare -rx 'COM_CHEM_HISTORY_TMPL=${ROTDIR}/${RUN}.${YMD}/${HH}/${MEMDIR}/model/chem/history'
++++ config.com[110]declare -rx 'COM_CHEM_ANALYSIS_TMPL=${ROTDIR}/${RUN}.${YMD}/${HH}/${MEMDIR}/analysis/chem'
++++ config.com[111]declare -rx 'COM_CHEM_BMAT_TMPL=${ROTDIR}/${RUN}.${YMD}/${HH}/${MEMDIR}/analysis/chem/bmatrix'
++++ config.com[112]declare -rx 'COM_CHEM_ANLMON_TMPL=${ROTDIR}/${RUN}.${YMD}/${HH}/${MEMDIR}/products/chem/anlmon'
++++ config.com[114]declare -rx 'COM_MED_RESTART_TMPL=${ROTDIR}/${RUN}.${YMD}/${HH}/${MEMDIR}/model/med/restart'
+++ config.base[146]export LOGSCRIPT=
+++ config.base[146]LOGSCRIPT=
+++ config.base[148]export 'REDOUT=1>'
+++ config.base[148]REDOUT='1>'
+++ config.base[149]export 'REDERR=2>'
+++ config.base[149]REDERR='2>'
+++ config.base[151]export SENDECF=NO
+++ config.base[151]SENDECF=NO
+++ config.base[152]export SENDSDM=NO
+++ config.base[152]SENDSDM=NO
+++ config.base[153]export SENDDBN_NTC=NO
+++ config.base[153]SENDDBN_NTC=NO
+++ config.base[154]export SENDDBN=NO
+++ config.base[154]SENDDBN=NO
+++ config.base[155]export DBNROOT=/apps/ops/prod/nco/core/prod_util.v2.0.14/fakedbn
+++ config.base[155]DBNROOT=/apps/ops/prod/nco/core/prod_util.v2.0.14/fakedbn
+++ config.base[158]export APP=S2SW
+++ config.base[158]APP=S2SW
+++ config.base[160]shopt -s extglob
+++ config.base[163]case "${RUN}" in
+++ config.base[170]shopt -u extglob
+++ config.base[173]export DO_ATM=YES
+++ config.base[173]DO_ATM=YES
+++ config.base[174]export DO_COUPLED=NO
+++ config.base[174]DO_COUPLED=NO
+++ config.base[175]export DO_WAVE=NO
+++ config.base[175]DO_WAVE=NO
+++ config.base[176]export DO_OCN=NO
+++ config.base[176]DO_OCN=NO
+++ config.base[177]export DO_ICE=NO
+++ config.base[177]DO_ICE=NO
+++ config.base[178]DO_AERO=NO
+++ config.base[179]export DO_PREP_OBS_AERO=NO
+++ config.base[179]DO_PREP_OBS_AERO=NO
+++ config.base[180]aero_fcst_runs=gdas
+++ config.base[181]aero_anl_runs='gdas gfs'
+++ config.base[182]export DO_AERO_FCST=NO
+++ config.base[182]DO_AERO_FCST=NO
+++ config.base[183]export DO_AERO_ANL=NO
+++ config.base[183]DO_AERO_ANL=NO
+++ config.base[184]export DOBNDPNT_WAVE=YES
+++ config.base[184]DOBNDPNT_WAVE=YES
+++ config.base[185]export DOIBP_WAV=NO
+++ config.base[185]DOIBP_WAV=NO
+++ config.base[186]export FRAC_GRID=.true.
+++ config.base[186]FRAC_GRID=.true.
+++ config.base[187]export DO_NEST=NO
+++ config.base[187]DO_NEST=NO
+++ config.base[188][[ NO == \Y\E\S ]]
+++ config.base[194]export ntiles=6
+++ config.base[194]ntiles=6
+++ config.base[195]export FIXugwd=/lfs/h2/emc/global/noscrub/emc.global/RETRO_GFSv17/git/global-workflow/develop_20250602/fix/ugwd
+++ config.base[195]FIXugwd=/lfs/h2/emc/global/noscrub/emc.global/RETRO_GFSv17/git/global-workflow/develop_20250602/fix/ugwd
+++ config.base[196]export FIXorog=/lfs/h2/emc/global/noscrub/emc.global/RETRO_GFSv17/git/global-workflow/develop_20250602/fix/orog
+++ config.base[196]FIXorog=/lfs/h2/emc/global/noscrub/emc.global/RETRO_GFSv17/git/global-workflow/develop_20250602/fix/orog
+++ config.base[200]export OPS_RES=C768
+++ config.base[200]OPS_RES=C768
+++ config.base[203]export LEVS=128
+++ config.base[203]LEVS=128
+++ config.base[204]export CASE=C1152
+++ config.base[204]CASE=C1152
+++ config.base[205]export CASE_ENS=C384
+++ config.base[205]CASE_ENS=C384
+++ config.base[206]export OCNRES=025
+++ config.base[206]OCNRES=025
+++ config.base[207]export ICERES=025
+++ config.base[207]ICERES=025
+++ config.base[210]case "${CASE}" in
+++ config.base[221]export waveGRD=uglo_15km
+++ config.base[221]waveGRD=uglo_15km
+++ config.base[229]case "${APP}" in
+++ config.base[245]export DO_COUPLED=YES
+++ config.base[245]DO_COUPLED=YES
+++ config.base[246]export DO_OCN=YES
+++ config.base[246]DO_OCN=YES
+++ config.base[247]export DO_ICE=YES
+++ config.base[247]DO_ICE=YES
+++ config.base[249][[ S2SW =~ A$ ]]
+++ config.base[253][[ S2SW =~ ^S2SW ]]
+++ config.base[254]export DO_WAVE=YES
+++ config.base[254]DO_WAVE=YES
+++ config.base[264][[ NO == \Y\E\S ]]
+++ config.base[274][[ gdas =~ gdas ]]
+++ config.base[275]export FHCYC=1
+++ config.base[275]FHCYC=1
+++ config.base[276]export FTSFS=10
+++ config.base[276]FTSFS=10
+++ config.base[282]export FHMIN=0
+++ config.base[282]FHMIN=0
+++ config.base[283]export FHMAX=9
+++ config.base[283]FHMAX=9
+++ config.base[284]export FHOUT=3
+++ config.base[284]FHOUT=3
+++ config.base[285]export FHOUT_OCN=3
+++ config.base[285]FHOUT_OCN=3
+++ config.base[286]export FHOUT_ICE=3
+++ config.base[286]FHOUT_ICE=3
+++ config.base[287]export FHOUT_AERO=3
+++ config.base[287]FHOUT_AERO=3
+++ config.base[290]export EUPD_CYC=both
+++ config.base[290]EUPD_CYC=both
+++ config.base[293]export INTERVAL_GFS=6
+++ config.base[293]INTERVAL_GFS=6
+++ config.base[294]export SDATE_GFS=2024111512
+++ config.base[294]SDATE_GFS=2024111512
+++ config.base[297]export FHMIN_GFS=0
+++ config.base[297]FHMIN_GFS=0
+++ config.base[298]export FHMAX_GFS=384
+++ config.base[298]FHMAX_GFS=384
+++ config.base[300]breakpnts=
+++ config.base[301]export FCST_SEGMENTS=0,384
+++ config.base[301]FCST_SEGMENTS=0,384
+++ config.base[302]export FHOUT_GFS=3
+++ config.base[302]FHOUT_GFS=3
+++ config.base[303]export FHMAX_HF_GFS=120
+++ config.base[303]FHMAX_HF_GFS=120
+++ config.base[304]export FHOUT_HF_GFS=1
+++ config.base[304]FHOUT_HF_GFS=1
+++ config.base[305]export FHOUT_OCN_GFS=6
+++ config.base[305]FHOUT_OCN_GFS=6
+++ config.base[306]export FHOUT_ICE_GFS=6
+++ config.base[306]FHOUT_ICE_GFS=6
+++ config.base[307]export FHMIN_WAV=0
+++ config.base[307]FHMIN_WAV=0
+++ config.base[308]export FHOUT_WAV=3
+++ config.base[308]FHOUT_WAV=3
+++ config.base[309]export FHMAX_HF_WAV=120
+++ config.base[309]FHMAX_HF_WAV=120
+++ config.base[310]export FHOUT_HF_WAV=1
+++ config.base[310]FHOUT_HF_WAV=1
+++ config.base[311]export FHMAX_WAV=9
+++ config.base[311]FHMAX_WAV=9
+++ config.base[312]export FHMAX_WAV_GFS=384
+++ config.base[312]FHMAX_WAV_GFS=384
+++ config.base[313]export FHMAX_HF_GFS=120
+++ config.base[313]FHMAX_HF_GFS=120
+++ config.base[314]export FHMAX_WAV=9
+++ config.base[314]FHMAX_WAV=9
+++ config.base[315]export FHMAX_WAV_GFS=384
+++ config.base[315]FHMAX_WAV_GFS=384
+++ config.base[316]export FHMAX_HF_WAV=120
+++ config.base[316]FHMAX_HF_WAV=120
+++ config.base[319]export ILPOST=1
+++ config.base[319]ILPOST=1
+++ config.base[320]((  FHMAX_HF_GFS < 120  ))
+++ config.base[325]export FHMAX_GOES=180
+++ config.base[325]FHMAX_GOES=180
+++ config.base[326]export FHOUT_GOES=3
+++ config.base[326]FHOUT_GOES=3
+++ config.base[327]((  FHMAX_GOES > FHMAX_GFS  ))
+++ config.base[332]export restart_interval_gfs=12
+++ config.base[332]restart_interval_gfs=12
+++ config.base[337]export QUILTING=.true.
+++ config.base[337]QUILTING=.true.
+++ config.base[338]export OUTPUT_GRID=gaussian_grid
+++ config.base[338]OUTPUT_GRID=gaussian_grid
+++ config.base[339]export WRITE_DOPOST=.true.
+++ config.base[339]WRITE_DOPOST=.true.
+++ config.base[340]export WRITE_NSFLIP=.true.
+++ config.base[340]WRITE_NSFLIP=.true.
+++ config.base[343]export DOIAU=YES
+++ config.base[343]DOIAU=YES
+++ config.base[344]export IAUFHRS=3,6,9
+++ config.base[344]IAUFHRS=3,6,9
+++ config.base[345]export IAU_FHROT=3
+++ config.base[345]IAU_FHROT=3
+++ config.base[346]export IAU_DELTHRS=6
+++ config.base[346]IAU_DELTHRS=6
+++ config.base[347]export IAU_OFFSET=6
+++ config.base[347]IAU_OFFSET=6
+++ config.base[348]export DOIAU_ENKF=YES
+++ config.base[348]DOIAU_ENKF=YES
+++ config.base[349]export IAUFHRS_ENKF=3,6,9
+++ config.base[349]IAUFHRS_ENKF=3,6,9
+++ config.base[350]export IAU_DELTHRS_ENKF=6
+++ config.base[350]IAU_DELTHRS_ENKF=6
+++ config.base[353]export lobsdiag_forenkf=.true.
+++ config.base[353]lobsdiag_forenkf=.true.
+++ config.base[361]export imp_physics=8
+++ config.base[361]imp_physics=8
+++ config.base[365]export DO_JEDIATMVAR=NO
+++ config.base[365]DO_JEDIATMVAR=NO
+++ config.base[366]export DO_JEDIATMENS=NO
+++ config.base[366]DO_JEDIATMENS=NO
+++ config.base[367]export DO_JEDIOCNVAR=YES
+++ config.base[367]DO_JEDIOCNVAR=YES
+++ config.base[368]export DO_JEDISNOWDA=YES
+++ config.base[368]DO_JEDISNOWDA=YES
+++ config.base[369]export DO_MERGENSST=NO
+++ config.base[369]DO_MERGENSST=NO
+++ config.base[370]export DO_STARTMEM_FROM_JEDIICE=YES
+++ config.base[370]DO_STARTMEM_FROM_JEDIICE=YES
+++ config.base[373]export DOHYBVAR=YES
+++ config.base[373]DOHYBVAR=YES
+++ config.base[374]export DOHYBVAR_OCN=YES
+++ config.base[374]DOHYBVAR_OCN=YES
+++ config.base[375]export DOLETKF_OCN=NO
+++ config.base[375]DOLETKF_OCN=NO
+++ config.base[376]export NMEM_ENS=80
+++ config.base[376]NMEM_ENS=80
+++ config.base[377]export SMOOTH_ENKF=NO
+++ config.base[377]SMOOTH_ENKF=NO
+++ config.base[378]export l4densvar=.true.
+++ config.base[378]l4densvar=.true.
+++ config.base[379]export lwrite4danl=.true.
+++ config.base[379]lwrite4danl=.true.
+++ config.base[380]export DO_CALC_INCREMENT=NO
+++ config.base[380]DO_CALC_INCREMENT=NO
+++ config.base[383]export NMEM_ENS_GFS=30
+++ config.base[383]NMEM_ENS_GFS=30
+++ config.base[384]export NMEM_ENS_GFS_OFFSET=20
+++ config.base[384]NMEM_ENS_GFS_OFFSET=20
+++ config.base[385]export DO_CALC_INCREMENT_ENKF_GFS=NO
+++ config.base[385]DO_CALC_INCREMENT_ENKF_GFS=NO
+++ config.base[388][[ YES = \Y\E\S ]]
+++ config.base[389]export FHMIN_ENKF=3
+++ config.base[389]FHMIN_ENKF=3
+++ config.base[390]export FHMAX_ENKF=9
+++ config.base[390]FHMAX_ENKF=9
+++ config.base[391]export FHMAX_ENKF_GFS=12
+++ config.base[391]FHMAX_ENKF_GFS=12
+++ config.base[392]export FHOUT_ENKF_GFS=3
+++ config.base[392]FHOUT_ENKF_GFS=3
+++ config.base[393][[ .true. = \.\t\r\u\e\. ]]
+++ config.base[394]export FHOUT=1
+++ config.base[394]FHOUT=1
+++ config.base[395]export FHOUT_ENKF=1
+++ config.base[395]FHOUT_ENKF=1
+++ config.base[402][[ YES == \N\O ]]
+++ config.base[410]export ENKF_SPREAD=YES
+++ config.base[410]ENKF_SPREAD=YES
+++ config.base[413][[ cycled = \c\y\c\l\e\d ]]
+++ config.base[413][[ 2024111506 = \2\0\2\4\1\1\2\4\1\8 ]]
+++ config.base[413][[ YES = \N\O ]]
+++ config.base[413][[ cycled = \f\o\r\e\c\a\s\t\-\o\n\l\y ]]
+++ config.base[419][[ YES = \N\O ]]
+++ config.base[423][[ YES == \Y\E\S ]]
+++ config.base[424]export restart_interval_enkfgdas=3
+++ config.base[424]restart_interval_enkfgdas=3
+++ config.base[429]export restart_interval_enkfgfs=3
+++ config.base[429]restart_interval_enkfgfs=3
+++ config.base[431][[ YES == \Y\E\S ]]
+++ config.base[432]export restart_interval_gdas=3
+++ config.base[432]restart_interval_gdas=3
+++ config.base[437]export DO_GSISOILDA=YES
+++ config.base[437]DO_GSISOILDA=YES
+++ config.base[440]export DONST=YES
+++ config.base[440]DONST=YES
+++ config.base[441][[ YES = \Y\E\S ]]
+++ config.base[441]export 'FNTSFA=        '
+++ config.base[441]FNTSFA='        '
+++ config.base[444]export nst_anl=.true.
+++ config.base[444]nst_anl=.true.
+++ config.base[447]export MAKE_NSSTBUFR=NO
+++ config.base[447]MAKE_NSSTBUFR=NO
+++ config.base[450]export MAKE_ACFTBUFR=NO
+++ config.base[450]MAKE_ACFTBUFR=NO
+++ config.base[453]export 'INCREMENTS_TO_ZERO='\''liq_wat_inc'\'','\''icmr_inc'\'','\''rwmr_inc'\'','\''snmr_inc'\'','\''grle_inc'\'''
+++ config.base[453]INCREMENTS_TO_ZERO=''\''liq_wat_inc'\'','\''icmr_inc'\'','\''rwmr_inc'\'','\''snmr_inc'\'','\''grle_inc'\'''
+++ config.base[456]export 'INCVARS_ZERO_STRAT='\''sphum_inc'\'','\''liq_wat_inc'\'','\''icmr_inc'\'','\''rwmr_inc'\'','\''snmr_inc'\'','\''grle_inc'\'''
+++ config.base[456]INCVARS_ZERO_STRAT=''\''sphum_inc'\'','\''liq_wat_inc'\'','\''icmr_inc'\'','\''rwmr_inc'\'','\''snmr_inc'\'','\''grle_inc'\'''
+++ config.base[457]export INCVARS_EFOLD=5
+++ config.base[457]INCVARS_EFOLD=5
+++ config.base[462]export netcdf_diag=.true.
+++ config.base[462]netcdf_diag=.true.
+++ config.base[463]export binary_diag=.false.
+++ config.base[463]binary_diag=.false.
+++ config.base[466]export DO_CA=YES
+++ config.base[466]DO_CA=YES
+++ config.base[469]export DO_METP=YES
+++ config.base[469]DO_METP=YES
+++ config.base[470]export DO_FIT2OBS=YES
+++ config.base[470]DO_FIT2OBS=YES
+++ config.base[473]export FHMAX_FITS=132
+++ config.base[473]FHMAX_FITS=132
+++ config.base[474][[ 132 -gt 384 ]]
+++ config.base[480]export DO_FETCH_HPSS=NO
+++ config.base[480]DO_FETCH_HPSS=NO
+++ config.base[481]export DO_FETCH_LOCAL=NO
+++ config.base[481]DO_FETCH_LOCAL=NO
+++ config.base[484]export DO_ARCHCOM=YES
+++ config.base[484]DO_ARCHCOM=YES
+++ config.base[485]export ARCHCOM_TO=hpss
+++ config.base[485]ARCHCOM_TO=hpss
+++ config.base[488]export 'CLIENT_GLOBUS_UUID={{ CLIENT_GLOBUS_UUID }}'
+++ config.base[488]CLIENT_GLOBUS_UUID='{{ CLIENT_GLOBUS_UUID }}'
+++ config.base[491][[ NO = \Y\E\S ]]
+++ config.base[498][[ NO = \Y\E\S ]]
+++ config.base[498][[ YES = \Y\E\S ]]
+++ config.base[499]export DO_ANLSTAT=YES
+++ config.base[499]DO_ANLSTAT=YES
+++ config.base[504]export REPLAY_ICS=NO
+++ config.base[504]REPLAY_ICS=NO
+++ config.base[505]export OFFSET_START_HOUR=0
+++ config.base[505]OFFSET_START_HOUR=0
+++ config.base[508]export NUM_SND_COLLECTIVES=9
+++ config.base[508]NUM_SND_COLLECTIVES=9
+++ config.base[510]echo 'END: config.base'
END: config.base
++ jjob_header.sh[106]true
++ jjob_header.sh[107]export err=0
++ jjob_header.sh[107]err=0
++ jjob_header.sh[108][[ 0 -ne 0 ]]
++ jjob_header.sh[105]for config in "${configs[@]:-''}"
++ jjob_header.sh[106]source /lfs/h2/emc/global/noscrub/emc.global/RETRO_GFSv17/expdir/retrotestgfs10/config.upp
+++ config.upp[6]echo 'BEGIN: config.upp'
BEGIN: config.upp
+++ config.upp[9]. /lfs/h2/emc/global/noscrub/emc.global/RETRO_GFSv17/expdir/retrotestgfs10/config.resources upp
++++ config.resources[10]((  1 != 1  ))
++++ config.resources[34]step=upp
++++ config.resources[36]echo 'BEGIN: config.resources'
BEGIN: config.resources
++++ config.resources[38]case ${machine} in
++++ config.resources[40]max_tasks_per_node=128
++++ config.resources[43]mem_node_max=500GB
++++ config.resources[106]export max_tasks_per_node
++++ config.resources[108]case ${step} in
++++ config.resources[988]case "${CASE}" in
++++ config.resources[997]ntasks=200
++++ config.resources[998]memory=500GB
++++ config.resources[1005]tasks_per_node=200
++++ config.resources[1006][[ C1152 == \C\1\1\5\2 ]]
++++ config.resources[1007]tasks_per_node=40
++++ config.resources[1010]threads_per_task=1
++++ config.resources[1012]walltime=00:15:00
++++ config.resources[1013]((  tasks_per_node > max_tasks_per_node  ))
++++ config.resources[1016]export is_exclusive=True
++++ config.resources[1016]is_exclusive=True
++++ config.resources[1400][[ -f /lfs/h2/emc/global/noscrub/emc.global/RETRO_GFSv17/expdir/retrotestgfs10/config.resources.WCOSS2 ]]
++++ config.resources[1401]source /lfs/h2/emc/global/noscrub/emc.global/RETRO_GFSv17/expdir/retrotestgfs10/config.resources.WCOSS2
+++++ config.resources.WCOSS2[5]case ${step} in
++++ config.resources[1405]for resource_var in threads_per_task ntasks tasks_per_node NTASKS memory walltime
++++ config.resources[1406]run_resource_var=threads_per_task_gdas
++++ config.resources[1407][[ -n '' ]]
++++ config.resources[1409][[ -n 0 ]]
++++ config.resources[1410]export threads_per_task
++++ config.resources[1405]for resource_var in threads_per_task ntasks tasks_per_node NTASKS memory walltime
++++ config.resources[1406]run_resource_var=ntasks_gdas
++++ config.resources[1407][[ -n '' ]]
++++ config.resources[1409][[ -n 0 ]]
++++ config.resources[1410]export ntasks
++++ config.resources[1405]for resource_var in threads_per_task ntasks tasks_per_node NTASKS memory walltime
++++ config.resources[1406]run_resource_var=tasks_per_node_gdas
++++ config.resources[1407][[ -n '' ]]
++++ config.resources[1409][[ -n 0 ]]
++++ config.resources[1410]export tasks_per_node
++++ config.resources[1405]for resource_var in threads_per_task ntasks tasks_per_node NTASKS memory walltime
++++ config.resources[1406]run_resource_var=NTASKS_gdas
++++ config.resources[1407][[ -n '' ]]
++++ config.resources[1409][[ -n '' ]]
++++ config.resources[1405]for resource_var in threads_per_task ntasks tasks_per_node NTASKS memory walltime
++++ config.resources[1406]run_resource_var=memory_gdas
++++ config.resources[1407][[ -n '' ]]
++++ config.resources[1409][[ -n 0 ]]
++++ config.resources[1410]export memory
++++ config.resources[1405]for resource_var in threads_per_task ntasks tasks_per_node NTASKS memory walltime
++++ config.resources[1406]run_resource_var=walltime_gdas
++++ config.resources[1407][[ -n '' ]]
++++ config.resources[1409][[ -n 0 ]]
++++ config.resources[1410]export walltime
++++ config.resources[1414]echo 'END: config.resources'
END: config.resources
+++ config.upp[11]export UPP_CONFIG=/lfs/h2/emc/global/noscrub/emc.global/RETRO_GFSv17/git/global-workflow/develop_20250602/parm/post/upp.yaml
+++ config.upp[11]UPP_CONFIG=/lfs/h2/emc/global/noscrub/emc.global/RETRO_GFSv17/git/global-workflow/develop_20250602/parm/post/upp.yaml
+++ config.upp[14]export NFHRS_PER_GROUP=3
+++ config.upp[14]NFHRS_PER_GROUP=3
+++ config.upp[16]echo 'END: config.upp'
END: config.upp
++ jjob_header.sh[106]true
++ jjob_header.sh[107]export err=0
++ jjob_header.sh[107]err=0
++ jjob_header.sh[108][[ 0 -ne 0 ]]
++ jjob_header.sh[117]source /lfs/h2/emc/global/noscrub/emc.global/RETRO_GFSv17/git/global-workflow/develop_20250602/env/WCOSS2.env upp
+++ WCOSS2.env[3][[ 1 -ne 1 ]]
+++ WCOSS2.env[10]step=upp
+++ WCOSS2.env[13]export 'launcher=mpiexec -l'
+++ WCOSS2.env[13]launcher='mpiexec -l'
+++ WCOSS2.env[14]export 'mpmd_opt=--cpu-bind verbose,core cfp'
+++ WCOSS2.env[14]mpmd_opt='--cpu-bind verbose,core cfp'
+++ WCOSS2.env[18][[ -n 200 ]]
+++ WCOSS2.env[18][[ -n 128 ]]
+++ WCOSS2.env[18][[ -n 40 ]]
+++ WCOSS2.env[19]max_threads_per_task=3
+++ WCOSS2.env[20]NTHREADSmax=1
+++ WCOSS2.env[21]NTHREADS1=1
+++ WCOSS2.env[22][[ 1 -gt 3 ]]
+++ WCOSS2.env[25][[ 1 -gt 3 ]]
+++ WCOSS2.env[28]APRUN_default='mpiexec -l -n 200'
+++ WCOSS2.env[34][[ upp = \p\r\e\p ]]
+++ WCOSS2.env[34][[ upp = \p\r\e\p\b\u\f\r ]]
+++ WCOSS2.env[41][[ upp = \p\r\e\p\_\e\m\i\s\s\i\o\n\s ]]
+++ WCOSS2.env[45][[ upp = \w\a\v\e\i\n\i\t ]]
+++ WCOSS2.env[45][[ upp = \w\a\v\e\p\r\e\p ]]
+++ WCOSS2.env[45][[ upp = \w\a\v\e\p\o\s\t\s\b\s ]]
+++ WCOSS2.env[45][[ upp = \w\a\v\e\p\o\s\t\b\n\d\p\n\t ]]
+++ WCOSS2.env[45][[ upp = \w\a\v\e\p\o\s\t\b\n\d\p\n\t\b\l\l ]]
+++ WCOSS2.env[45][[ upp = \w\a\v\e\p\o\s\t\p\n\t ]]
+++ WCOSS2.env[51][[ upp = \a\t\m\a\n\l\v\a\r ]]
+++ WCOSS2.env[56][[ upp = \a\t\m\e\n\s\a\n\l\o\b\s ]]
+++ WCOSS2.env[61][[ upp = \a\t\m\e\n\s\a\n\l\s\o\l ]]
+++ WCOSS2.env[66][[ upp = \a\t\m\e\n\s\a\n\l\l\e\t\k\f ]]
+++ WCOSS2.env[71][[ upp = \a\t\m\e\n\s\a\n\l\f\v\3\i\n\c ]]
+++ WCOSS2.env[76][[ upp = \a\e\r\o\a\n\l\v\a\r ]]
+++ WCOSS2.env[83][[ upp = \a\e\r\o\a\n\l\g\e\n\b ]]
+++ WCOSS2.env[88][[ upp = \p\r\e\p\o\b\s\a\e\r\o ]]
+++ WCOSS2.env[93][[ upp = \s\n\o\w\a\n\l ]]
+++ WCOSS2.env[102][[ upp = \e\s\n\o\w\a\n\l ]]
+++ WCOSS2.env[111][[ upp = \m\a\r\i\n\e\b\m\a\t ]]
+++ WCOSS2.env[116][[ upp = \m\a\r\i\n\e\a\n\l\v\a\r ]]
+++ WCOSS2.env[121][[ upp = \m\a\r\i\n\e\a\n\l\c\h\k\p\t ]]
+++ WCOSS2.env[129][[ upp = \o\c\n\a\n\a\l\e\c\e\n ]]
+++ WCOSS2.env[134][[ upp = \m\a\r\i\n\e\a\n\l\l\e\t\k\f ]]
+++ WCOSS2.env[139][[ upp = \a\t\m\a\n\l\f\v\3\i\n\c ]]
+++ WCOSS2.env[144][[ upp = \a\n\l\s\t\a\t ]]
+++ WCOSS2.env[149][[ upp = \e\c\e\n\_\f\v\3\j\e\d\i ]]
+++ WCOSS2.env[155][[ upp = \a\n\a\l\c\a\l\c\_\f\v\3\j\e\d\i ]]
+++ WCOSS2.env[160][[ upp = \a\n\a\l ]]
+++ WCOSS2.env[160][[ upp = \a\n\a\l\c\a\l\c ]]
+++ WCOSS2.env[200][[ upp = \s\f\c\a\n\l ]]
+++ WCOSS2.env[212][[ upp = \e\o\b\s ]]
+++ WCOSS2.env[225][[ upp = \e\u\p\d ]]
+++ WCOSS2.env[243][[ upp = \f\c\s\t ]]
+++ WCOSS2.env[243][[ upp = \e\f\c\s ]]
+++ WCOSS2.env[261][[ upp = \u\p\p ]]
+++ WCOSS2.env[263]export NTHREADS_UPP=1
+++ WCOSS2.env[263]NTHREADS_UPP=1
+++ WCOSS2.env[264]export 'APRUN_UPP=mpiexec -l -n 200 -ppn 40 --cpu-bind depth --depth 1'
+++ WCOSS2.env[264]APRUN_UPP='mpiexec -l -n 200 -ppn 40 --cpu-bind depth --depth 1'
++ jjob_header.sh[117]true
++ jjob_header.sh[118]export err=0
++ jjob_header.sh[118]err=0
++ jjob_header.sh[119][[ 0 -ne 0 ]]
+ JGLOBAL_ATMOS_UPP[14]YMD=20241124
+ JGLOBAL_ATMOS_UPP[14]HH=18
+ JGLOBAL_ATMOS_UPP[14]declare_from_tmpl -rx COMIN_ATMOS_ANALYSIS:COM_ATMOS_ANALYSIS_TMPL COMIN_ATMOS_HISTORY:COM_ATMOS_HISTORY_TMPL COMOUT_ATMOS_MASTER:COM_ATMOS_MASTER_TMPL
+ bash_utils.sh[39][[ NO == \N\O ]]
+ bash_utils.sh[39]set +x
declare_from_tmpl :: COMIN_ATMOS_ANALYSIS=/lfs/h2/emc/ptmp/emc.global/RETRO_GFSv17/comroot/retrotestgfs10/gdas.20241124/18//analysis/atmos
declare_from_tmpl :: COMIN_ATMOS_HISTORY=/lfs/h2/emc/ptmp/emc.global/RETRO_GFSv17/comroot/retrotestgfs10/gdas.20241124/18//model/atmos/history
declare_from_tmpl :: COMOUT_ATMOS_MASTER=/lfs/h2/emc/ptmp/emc.global/RETRO_GFSv17/comroot/retrotestgfs10/gdas.20241124/18//model/atmos/master
+ JGLOBAL_ATMOS_UPP[18][[ ! -d /lfs/h2/emc/ptmp/emc.global/RETRO_GFSv17/comroot/retrotestgfs10/gdas.20241124/18//model/atmos/master ]]
+ JGLOBAL_ATMOS_UPP[24]/lfs/h2/emc/global/noscrub/emc.global/RETRO_GFSv17/git/global-workflow/develop_20250602/scripts/exglobal_atmos_upp.py
[38;21m2025-06-16 19:01:49,143 - INFO     - root        : BEGIN: __main__.main[0m
[38;5;39m2025-06-16 19:01:49,143 - DEBUG    - root        : (  )[0m
[38;21m2025-06-16 19:01:49,152 - INFO     - upp         : BEGIN: UPP.__init__[0m
[38;5;39m2025-06-16 19:01:49,152 - DEBUG    - upp         : ( <pygfs.task.upp.UPP object at 0x145ce8b604c0>, {'envir': 'prod', 'FRAC_GRID': True, 'waveGRD': 'uglo_15km', 'CRAY_LMOD_MPI': 'cray-mpich/8.0', 'G2TMPL_LIB': '/apps/ops/prod/libs/intel/19.1.3.304/g2tmpl/1.13.0/lib64/libg2tmpl.a', 'INCVARS_ZERO_STRAT': ["'sphum_inc'", "'liq_wat_inc'", "'icmr_inc'", "'rwmr_inc'", "'snmr_inc'", "'grle_inc'"], 'LMOD_FAMILY_CRAYPE_NETWORK_VERSION': False, 'COM_SNOW_ANALYSIS_TMPL': '${ROTDIR}/${RUN}.${YMD}/${HH}/${MEMDIR}/analysis/snow', 'PBS_ENVIRONMENT': 'PBS_BATCH', 'LD_LIBRARY_PATH': '/apps/spack/python/3.8.6/intel/19.1.3.304/pjn2nzkjvqgmjw4hmyz43v5x4jbxjzpk/lib:/apps/spack/libjpeg/9c/intel/19.1.3.304/jkr3isi257ktoouprwaxcn4twtye747z/lib:/apps/spack/zlib/1.2.11/intel/19.1.3.304/hjotqkckeoyt6j6tibalwzrlfljcjtdh/lib:/apps/spack/libpng/1.6.37/intel/19.1.3.304/4ohkronuhlyherusoszzrmur5ewvlwzh/lib:/apps/spack/jasper/2.0.25/intel/19.1.3.304/sjib74krrorkyczqpqah4tvewmlnqdx4/lib64:/apps/prod/hpc-stack/intel-19.1.3.304/cray-mpich-8.1.4/netcdf/4.7.4/lib:/apps/prod/hpc-stack/intel-19.1.3.304/cray-mpich-8.1.4/hdf5/1.10.6/lib:/pe/intel/compilers_and_libraries_2020.4.304/linux/compiler/lib/intel64_lin:/pe/intel/compilers_and_libraries_2020.4.304/linux/mpi/intel64/lib/release:/pe/intel/compilers_and_libraries_2020.4.304/linux/mpi/intel64/lib:/pe/intel/compilers_and_libraries_2020.4.304/linux/ipp/lib/intel64:/pe/intel/compilers_and_libraries_2020.4.304/linux/mkl/lib/intel64_lin:/pe/intel/compilers_and_libraries_2020.4.304/linux/tbb/lib/intel64/gcc4.8:/pe/intel/debugger_2020/python/intel64/lib:/pe/intel/debugger_2020/libipt/intel64/lib:/opt/cray/lib64', 'sp_ROOT': '/apps/ops/prod/libs/intel/19.1.3.304/sp/2.3.3', 'HOSTTYPE': 'x86_64', 'g2_VERSION': '3.5.1', 'LMOD_CUSTOM_PATHS': 'CNCM/apps/ops/prod/libs/modulefiles/mpi/intel/19.1.3.304/cray-mpich/8.1.4:CNCM/apps/prod/lmodules/INTEL_cray_mpich/19.1.3.304/cray-mpich/8.1.4:COMPILER/apps/ops/prod/nco/modulefiles/compiler/intel/19.1.3.304:COMPILER/apps/ops/prod/libs/modulefiles/compiler/intel/19.1.3.304:COMPILER/apps/prod/lmodules/intel/19.1.3.304', 'SENDDBN_NTC': False, 'COM_ATMOS_RADMON_TMPL': '${ROTDIR}/${RUN}.${YMD}/${HH}/${MEMDIR}/products/atmos/radmon', 'threads_per_task': 1, 'COM_ICE_GRIB_TMPL': '${ROTDIR}/${RUN}.${YMD}/${HH}/${MEMDIR}/products/ice/grib2', 'PBS_O_LANG': 'en_US.UTF-8', 'Z_LIB': '/apps/spack/zlib/1.2.11/intel/19.1.3.304/hjotqkckeoyt6j6tibalwzrlfljcjtdh/lib/libz.a', 'COMINnam': '/lfs/h2/emc/global/noscrub/emc.global/data/external_gempak/nam', '_ModuleTable017_': 'b3NjcnViL2VtYy5nbG9iYWwvUkVUUk9fR0ZTdjE3L2dpdC9nbG9iYWwtd29ya2Zsb3cvZGV2ZWxvcF8yMDI1MDYwMi9zb3JjL3Vmc19tb2RlbC5mZC9GVjMvdXBwL21vZHVsZWZpbGVzL3djb3NzMi5sdWEiLFsiZnVsbE5hbWUiXT0id2Nvc3MyIixbImxvYWRPcmRlciJdPTI1LHByb3BUPXt9LFsic3RhY2tEZXB0aCJdPTAsWyJzdGF0dXMiXT0iYWN0aXZlIixbInVzZXJOYW1lIl09Indjb3NzMiIsfSx3Z3JpYjI9e1siZm4iXT0iL2FwcHMvb3BzL3Byb2QvbGlicy9tb2R1bGVmaWxlcy9jb21waWxlci9pbnRlbC8xOS4xLjMuMzA0L3dncmliMi8yLjAuOC5sdWEiLFsiZnVsbE5hbWUiXT0id2dyaWIyLzIuMC44IixbImxvYWRPcmRlciJdPTMxLHByb3BUPXt9LFsic3RhY2tEZXB0', 'WRITE_DOPOST': True, 'JPEG_VER': '9c', '__LMOD_REF_COUNT_PATH': '/apps/spack/python/3.8.6/intel/19.1.3.304/pjn2nzkjvqgmjw4hmyz43v5x4jbxjzpk/bin:1;/apps/ops/prod/libs/intel/19.1.3.304/wgrib2/2.0.8/bin:1;/apps/ops/prod/libs/intel/19.1.3.304/grib_util/1.2.3/bin:1;/apps/spack/libjpeg/9c/intel/19.1.3.304/jkr3isi257ktoouprwaxcn4twtye747z/bin:1;/apps/prod/cfp/2.0.4/intel/19.1.3.304/bin:1;/opt/cray/pals/1.3.2/bin:1;/apps/ops/prod/nco/core/prod_util.v2.0.14/ush:1;/apps/ops/prod/libs/intel/19.1.3.304/cray-mpich/8.1.4/nemsio/2.5.2/bin:1;/apps/spack/libpng/1.6.37/intel/19.1.3.304/4ohkronuhlyherusoszzrmur5ewvlwzh/bin:1;/apps/spack/jasper/2.0.25/intel/19.1.3.304/sjib74krrorkyczqpqah4tvewmlnqdx4/bin:1;/apps/prod/hpc-stack/intel-19.1.3.304/cray-mpich-8.1.4/netcdf/4.7.4/bin:1;/apps/prod/hpc-stack/intel-19.1.3.304/cray-mpich-8.1.4/hdf5/1.10.6/bin:1;/apps/spack/cmake/3.20.2/intel/19.1.3.304/utnbptm3hrf7gppztidueu4jogfgemut/bin:1;/opt/cray/pe/craype/2.7.10/bin:1;/pe/intel/compilers_and_libraries_2020.4.304/linux/bin/intel64:1;/pe/intel/compilers_and_libraries_2020.4.304/linux/bin:1;/pe/intel/compilers_and_libraries_2020.4.304/linux/mpi/intel64/bin:1;/pe/intel/debugger_2020/gdb/intel64/bin:1;/opt/cray/bin:1;/u/emc.global/bin:2;/usr/local/bin:1;/usr/bin:1;/bin:2;/opt/c3/bin:1;/opt/pbs/bin:1;/sbin:1;.:1;/opt/cray/pe/bin:1;/apps/prod/python-modules/3.8.6/intel/19.1.3.304/bin:1;/apps/prod/python-modules/3.8.6/intel/19.1.3.304/lib/python3.8/site-packages/bin:1', '_ModuleTable002_': 'b2FkT3JkZXIiXT01LHByb3BUPXt9LFsic3RhY2tEZXB0aCJdPTEsWyJzdGF0dXMiXT0iYWN0aXZlIixbInVzZXJOYW1lIl09IlByZ0Vudi1pbnRlbC84LjEuMCIsfSxiYWNpbz17WyJmbiJdPSIvYXBwcy9vcHMvcHJvZC9saWJzL21vZHVsZWZpbGVzL2NvbXBpbGVyL2ludGVsLzE5LjEuMy4zMDQvYmFjaW8vMi40LjEubHVhIixbImZ1bGxOYW1lIl09ImJhY2lvLzIuNC4xIixbImxvYWRPcmRlciJdPTIwLHByb3BUPXt9LFsic3RhY2tEZXB0aCJdPTIsWyJzdGF0dXMiXT0iYWN0aXZlIixbInVzZXJOYW1lIl09ImJhY2lvIix9LGNmcD17WyJmbiJdPSIvYXBwcy9wcm9kL2xtb2R1bGVzL2NvcmUvY2ZwLzIuMC40IixbImZ1bGxOYW1lIl09ImNmcC8yLjAuNCIsWyJsb2FkT3JkZXIi', 'RUN': 'gdas', 'INCLUDE': '/apps/spack/python/3.8.6/intel/19.1.3.304/pjn2nzkjvqgmjw4hmyz43v5x4jbxjzpk/include:/apps/spack/libjpeg/9c/intel/19.1.3.304/jkr3isi257ktoouprwaxcn4twtye747z/include:/apps/spack/zlib/1.2.11/intel/19.1.3.304/hjotqkckeoyt6j6tibalwzrlfljcjtdh/include:/apps/spack/libpng/1.6.37/intel/19.1.3.304/4ohkronuhlyherusoszzrmur5ewvlwzh/include:/apps/spack/jasper/2.0.25/intel/19.1.3.304/sjib74krrorkyczqpqah4tvewmlnqdx4/include', 'FHMAX_ENKF': 9, 'LESSCLOSE': 'lessclose.sh %s %s', 'CRAY_LD_LIBRARY_PATH': '/opt/cray/pe/mpich/8.1.9/ofi/intel/19.0/lib', '__LMOD_REF_COUNT_DYLD_LIBRARY_PATH': '/apps/prod/hpc-stack/intel-19.1.3.304/cray-mpich-8.1.4/netcdf/4.7.4/lib:1;/apps/prod/hpc-stack/intel-19.1.3.304/cray-mpich-8.1.4/hdf5/1.10.6/lib:1', 'CRTM_FIX': '/apps/ops/prod/libs/intel/19.1.3.304/crtm/2.4.0/fix', 'COM_RTOFS_TMPL': '${DMPDIR}', 'XKEYSYMDB': '/usr/X11R6/lib/X11/XKeysymDB', 'PE_ENV': 'INTEL', 'COM_ATMOS_GRIB_GRID_TMPL': '${ROTDIR}/${RUN}.${YMD}/${HH}/${MEMDIR}/products/atmos/grib2/${GRID}', '__LMOD_REF_COUNT_C_INCLUDE_PATH': '/apps/spack/python/3.8.6/intel/19.1.3.304/pjn2nzkjvqgmjw4hmyz43v5x4jbxjzpk/include:1;/apps/spack/libjpeg/9c/intel/19.1.3.304/jkr3isi257ktoouprwaxcn4twtye747z/include:1;/apps/spack/zlib/1.2.11/intel/19.1.3.304/hjotqkckeoyt6j6tibalwzrlfljcjtdh/include:1;/apps/spack/libpng/1.6.37/intel/19.1.3.304/4ohkronuhlyherusoszzrmur5ewvlwzh/include:1;/apps/spack/jasper/2.0.25/intel/19.1.3.304/sjib74krrorkyczqpqah4tvewmlnqdx4/include:1', '__LMOD_REF_COUNT_PE_FORTRAN_PKGCONFIG_LIBS': 'mpichf90:1', 'LMOD_FAMILY_CRAYPE_CPU': 'craype-x86-rome', 'NUM_SND_COLLECTIVES': 9, 'CRAY_LMOD_COMPILER': 'intel/19.0', 'PSLOT': 'retrotestgfs10', 'LMOD_MODULERCFILE': '/apps/prod/lmodules/.modulerc.lua', 'QUEUE': 'devmax', 'DOIAU': True, 'PACKAGEROOT': '/lfs/h1/ops/prod/packages', 'PE_PRODUCT_LIST': 'CRAYPE:CRAYPE_X86_ROME', 'LMOD_IGNORE_CACHE': True, 'NDATE': '/apps/ops/prod/nco/core/prod_util.v2.0.14/exec/ndate', 'COM_ICE_RESTART_TMPL': '${ROTDIR}/${RUN}.${YMD}/${HH}/${MEMDIR}/model/ice/restart', 'JASPER_LIB': '/apps/spack/jasper/2.0.25/intel/19.1.3.304/sjib74krrorkyczqpqah4tvewmlnqdx4/lib64/libjasper.a', 'LMOD_FAMILY_MPI_VERSION': '8.1.9', 'COM_ICE_ANLMON_TMPL': '${ROTDIR}/${RUN}.${YMD}/${HH}/${MEMDIR}/products/ice/anlmon', 'FHOUT_ICE': 3, 'PE_PERFTOOLS_MPICH_LIBDIR': '/opt/cray/pe/mpich/8.1.9/ofi/intel/19.0/lib', 'COM_SNOW_ANLMON_TMPL': '${ROTDIR}/${RUN}.${YMD}/${HH}/${MEMDIR}/products/snow/anlmon', 'PE_MPICH_GTL_DIR_amd_gfx906': '-L/opt/cray/pe/mpich/8.1.9/gtl/lib', 'EUPD_CYC': 'both', 'LANG': 'en_US.UTF-8', 'FETCHDIR': '{{ FETCHDIR }}', 'TZ': 'Etc/UTC', 'NetCDF_VERSION': '4.7.4', 'crtm_VERSION': '2.4.0', '_ModuleTable019_': 'XT0xNCxwcm9wVD17fSxbInN0YWNrRGVwdGgiXT0xLFsic3RhdHVzIl09ImFjdGl2ZSIsWyJ1c2VyTmFtZSJdPSJ6bGliLzEuMi4xMSIsfSx9LG1wYXRoQT17Ii9hcHBzL29wcy9wcm9kL2xpYnMvbW9kdWxlZmlsZXMvbXBpL2ludGVsLzE5LjEuMy4zMDQvY3JheS1tcGljaC84LjEuNCIsIi9hcHBzL3Byb2QvbG1vZHVsZXMvSU5URUxfY3JheV9tcGljaC8xOS4xLjMuMzA0L2NyYXktbXBpY2gvOC4xLjQiLCIvb3B0L2NyYXkvcGUvbG1vZC9tb2R1bGVmaWxlcy9tcGkvaW50ZWwvMTkuMC9vZmkvMS4wL2NyYXktbXBpY2gvOC4wIiwiL2FwcHMvb3BzL3Byb2QvbmNvL21vZHVsZWZpbGVzL2NvbXBpbGVyL2ludGVsLzE5LjEuMy4zMDQiLCIvYXBwcy9vcHMvcHJvZC9saWJzL21vZHVs', 'PE_MPICH_GTL_DIR_amd_gfx908': '-L/opt/cray/pe/mpich/8.1.9/gtl/lib', 'COMLOGSROOT': '/lfs/h1/ops/prod/com', 'imp_physics': 8, 'JASPER_LIBDIR': '/apps/spack/jasper/2.0.25/intel/19.1.3.304/sjib74krrorkyczqpqah4tvewmlnqdx4/lib64', 'QUEUE_SERVICE': 'dev_transfer', 'WINDOWMANAGER': 'xterm', 'COM_ICE_NETCDF_TMPL': '${ROTDIR}/${RUN}.${YMD}/${HH}/${MEMDIR}/products/ice/netcdf', '_ModuleTable008_': 'e1siZm4iXT0iL2FwcHMvb3BzL3Byb2QvbGlicy9tb2R1bGVmaWxlcy9jb21waWxlci9pbnRlbC8xOS4xLjMuMzA0L2cydG1wbC8xLjEzLjAubHVhIixbImZ1bGxOYW1lIl09ImcydG1wbC8xLjEzLjAiLFsibG9hZE9yZGVyIl09MTYscHJvcFQ9e30sWyJzdGFja0RlcHRoIl09MSxbInN0YXR1cyJdPSJhY3RpdmUiLFsidXNlck5hbWUiXT0iZzJ0bXBsLzEuMTMuMCIsfSxncmliX3V0aWw9e1siZm4iXT0iL2FwcHMvb3BzL3Byb2QvbGlicy9tb2R1bGVmaWxlcy9jb21waWxlci9pbnRlbC8xOS4xLjMuMzA0L2dyaWJfdXRpbC8xLjIuMy5sdWEiLFsiZnVsbE5hbWUiXT0iZ3JpYl91dGlsLzEuMi4zIixbImxvYWRPcmRlciJdPTMwLHByb3BUPXt9LFsic3RhY2tEZXB0aCJdPTAsWyJz', 'LESS': '-M -I -R', 'PE_MPICH_GTL_LIBS_nvidia70': '-lmpi_gtl_cuda', '__LMOD_REF_COUNT_INTEL_LICENSE_FILE': '/pe/intel/compilers_and_libraries_2020.4.304/linux/licenses:1;/opt/intel/licenses:1;/intel/licenses:1', 'SMOOTH_ENKF': False, 'HISTTIMEFORMAT': '%F %T ', 'nemsio_VERSION': '2.5.2', 'LMOD_FAMILY_COMPILER_VERSION': '19.1.3.304', 'IAU_DELTHRS_ENKF': 6, 'COM_ATMOS_GRIB_TMPL': '${ROTDIR}/${RUN}.${YMD}/${HH}/${MEMDIR}/products/atmos/grib2', 'ip_VERSION': '4.0.0', 'cyc': 18, 'HOSTNAME': 'nid001645', 'COM_ICE_LETKF_TMPL': '${ROTDIR}/${RUN}.${YMD}/${HH}/${MEMDIR}/analysis/ice/letkf', 'IPPROOT': '/pe/intel/compilers_and_libraries_2020.4.304/linux/ipp', 'W3EMC_INCd': '/apps/ops/prod/libs/intel/19.1.3.304/w3emc/2.12.0/include_d', 'LMOD_SYSTEM_DEFAULT_MODULES': 'envvar/1.0', 'JASPER_VER': '2.0.25', 'OLDPWD': '/u/emc.global', 'g2_ROOT': '/apps/ops/prod/libs/intel/19.1.3.304/g2/3.5.1', 'COM_WAVE_RESTART_TMPL': '${ROTDIR}/${RUN}.${YMD}/${HH}/${MEMDIR}/model/wave/restart', 'COM_ATMOS_RESTART_TMPL': '${ROTDIR}/${RUN}.${YMD}/${HH}/${MEMDIR}/model/atmos/restart', 'PBS_O_HOME': '/u/emc.global', 'SENDSDM': False, 'COM_ATMOS_BUFR_TMPL': '${ROTDIR}/${RUN}.${YMD}/${HH}/${MEMDIR}/products/atmos/bufr', 'NMEM_ENS_GFS_OFFSET': 20, '__LMOD_REF_COUNT__LMFILES_': '/opt/cray/pe/lmod/modulefiles/craype-targets/default/craype-x86-rome.lua:1;/opt/cray/modulefiles/libfabric/1.20.1:1;/opt/cray/pe/lmod/modulefiles/craype-targets/default/craype-network-ofi.lua:1;/apps/prod/lmodules/sys_core/envvar/1.0:1;/opt/cray/pe/lmod/modulefiles/core/PrgEnv-intel/8.1.0.lua:1;/apps/prod/lmodules/core/intel/19.1.3.304.lua:1;/opt/cray/pe/lmod/modulefiles/core/craype/2.7.10.lua:1;/opt/cray/pe/lmod/modulefiles/comnet/intel/19.0/ofi/1.0/cray-mpich/8.1.9.lua:1;/apps/prod/lmodules/core/cmake/3.20.2:1;/apps/prod/lmodules/INTEL_cray_mpich/19.1.3.304/cray-mpich/8.1.4/hdf5/1.10.6.lua:1;/apps/prod/lmodules/INTEL_cray_mpich/19.1.3.304/cray-mpich/8.1.4/netcdf/4.7.4.lua:1;/apps/prod/lmodules/intel/19.1.3.304/jasper/2.0.25:1;/apps/prod/lmodules/intel/19.1.3.304/libpng/1.6.37:1;/apps/prod/lmodules/intel/19.1.3.304/zlib/1.2.11:1;/apps/ops/prod/libs/modulefiles/compiler/intel/19.1.3.304/g2/3.5.1.lua:1;/apps/ops/prod/libs/modulefiles/compiler/intel/19.1.3.304/g2tmpl/1.13.0.lua:1;/apps/ops/prod/libs/modulefiles/compiler/intel/19.1.3.304/ip/4.0.0.lua:1;/apps/ops/prod/libs/modulefiles/compiler/intel/19.1.3.304/sp/2.3.3.lua:1;/apps/ops/prod/libs/modulefiles/compiler/intel/19.1.3.304/w3emc/2.12.0.lua:1;/apps/ops/prod/libs/modulefiles/compiler/intel/19.1.3.304/bacio/2.4.1.lua:1;/apps/ops/prod/libs/modulefiles/compiler/intel/19.1.3.304/w3nco/2.4.1.lua:1;/apps/ops/prod/libs/modulefiles/mpi/intel/19.1.3.304/cray-mpich/8.1.4/nemsio/2.5.2.lua:1;/apps/ops/prod/libs/modulefiles/compiler/intel/19.1.3.304/sigio/2.3.2.lua:1;/apps/ops/prod/libs/modulefiles/mpi/intel/19.1.3.304/cray-mpich/8.1.4/wrf_io/1.2.0.lua:1;/lfs/h2/emc/global/noscrub/emc.global/RETRO_GFSv17/git/global-workflow/develop_20250602/sorc/ufs_model.fd/FV3/upp/modulefiles/wcoss2.lua:1;/apps/ops/prod/nco/modulefiles/core/prod_util/2.0.14:1;/opt/cray/pe/lmod/modulefiles/core/cray-pals/1.3.2.lua:1;/apps/prod/lmodules/core/cfp/2.0.4:1;/apps/prod/lmodules/intel/19.1.3.304/libjpeg/9c:1;/apps/ops/prod/libs/modulefiles/compiler/intel/19.1.3.304/grib_util/1.2.3.lua:1;/apps/ops/prod/libs/modulefiles/compiler/intel/19.1.3.304/wgrib2/2.0.8.lua:1;/apps/prod/lmodules/intel/19.1.3.304/python/3.8.6:1;/apps/ops/prod/libs/modulefiles/compiler/intel/19.1.3.304/crtm/2.4.0.lua:1', 'CONFIG_SITE': '/usr/share/site/x86_64-unknown-linux-gnu', 'CSHEDIT': 'emacs', 'NETCDF_ROOT': '/apps/prod/hpc-stack/intel-19.1.3.304/cray-mpich-8.1.4/netcdf/4.7.4', 'C_INCLUDE_PATH': '/apps/spack/python/3.8.6/intel/19.1.3.304/pjn2nzkjvqgmjw4hmyz43v5x4jbxjzpk/include:/apps/spack/libjpeg/9c/intel/19.1.3.304/jkr3isi257ktoouprwaxcn4twtye747z/include:/apps/spack/zlib/1.2.11/intel/19.1.3.304/hjotqkckeoyt6j6tibalwzrlfljcjtdh/include:/apps/spack/libpng/1.6.37/intel/19.1.3.304/4ohkronuhlyherusoszzrmur5ewvlwzh/include:/apps/spack/jasper/2.0.25/intel/19.1.3.304/sjib74krrorkyczqpqah4tvewmlnqdx4/include', 'DO_ARCHCOM': True, 'HDF5_ROOT': '/apps/prod/hpc-stack/intel-19.1.3.304/cray-mpich-8.1.4/hdf5/1.10.6', 'DO_FIT2OBS': True, 'DO_ICE': True, 'CHGRP_CMD': 'chgrp rstprod', 'DO_NEST': False, 'LMOD_CUSTOM_CNCM_INTEL_19_0_UCX_1_0_X86_ROME_1_0_CRAY_MPICH_8_0_PREFIX': '/apps/prod/lmodules/INTEL_cray_mpich/19.1.3.304/cray-mpich/8.1.4:/apps/ops/prod/libs/modulefiles/mpi/intel/19.1.3.304/cray-mpich/8.1.4', 'NETCDF_VERSION': '4.7.4', 'PBS_JOBID': '46056304.dbqs01', 'LMOD_CUSTOM_COMPILER_GNU_8_0_PREFIX': '/apps/prod/lmodules/gcc/11.2.0:/apps/prod/lmodules/gcc/10.2.0', 'ENVIRONMENT': 'BATCH', 'DO_AERO_FCST': False, 'GPG_TTY': 'not a tty', 'LESS_ADVANCED_PREPROCESSOR': False, 'DOLETKF_OCN': False, 'PARMgfs': '/lfs/h2/emc/global/noscrub/emc.global/RETRO_GFSv17/git/global-workflow/develop_20250602/parm', 'COM_WAVE_PREP_TMPL': '${ROTDIR}/${RUN}.${YMD}/${HH}/${MEMDIR}/model/wave/prep', 'W3NCO_INC8': '/apps/ops/prod/libs/intel/19.1.3.304/w3nco/2.4.1/include_8', 'HDF5_LIBRARIES': '/apps/prod/hpc-stack/intel-19.1.3.304/cray-mpich-8.1.4/hdf5/1.10.6/lib', 'DO_FETCH_HPSS': False, 'BASE_ENV': '/lfs/h2/emc/global/noscrub/emc.global/RETRO_GFSv17/git/global-workflow/develop_20250602/env', 'NLN': '/bin/ln -sf', 'nst_anl': True, 'W3NCO_INC4': '/apps/ops/prod/libs/intel/19.1.3.304/w3nco/2.4.1/include_4', 'COLORTERM': 1, 'job': 'upp', 'RESERVATION': '', 'NEMSIO_GET': '/apps/ops/prod/libs/intel/19.1.3.304/cray-mpich/8.1.4/nemsio/2.5.2/bin/nemsio_get', 'LIBJPEG_ROOT': '/apps/spack/libjpeg/9c/intel/19.1.3.304/jkr3isi257ktoouprwaxcn4twtye747z', 'LIBPNG_INC': '/apps/spack/libpng/1.6.37/intel/19.1.3.304/4ohkronuhlyherusoszzrmur5ewvlwzh/include', 'PBS_JOBNAME': 'retrotestgfs10_gdas_atmanlupp_18', 'COM_CHEM_HISTORY_TMPL': '${ROTDIR}/${RUN}.${YMD}/${HH}/${MEMDIR}/model/chem/history', 'COM_OBSPROC_TMPL': '${DMPDIR}/${RUN}${DUMP_SUFFIX}.${YMD}/${HH}/atmos', 'sigio_ROOT': '/apps/ops/prod/libs/intel/19.1.3.304/sigio/2.3.2', 'NCPUS': 1, '_ModuleTable007_': 'NC4wIix9LGVudnZhcj17WyJmbiJdPSIvYXBwcy9wcm9kL2xtb2R1bGVzL3N5c19jb3JlL2VudnZhci8xLjAiLFsiZnVsbE5hbWUiXT0iZW52dmFyLzEuMCIsWyJsb2FkT3JkZXIiXT00LHByb3BUPXt9LFsic3RhY2tEZXB0aCJdPTAsWyJzdGF0dXMiXT0iYWN0aXZlIixbInVzZXJOYW1lIl09ImVudnZhci8xLjAiLH0sZzI9e1siZm4iXT0iL2FwcHMvb3BzL3Byb2QvbGlicy9tb2R1bGVmaWxlcy9jb21waWxlci9pbnRlbC8xOS4xLjMuMzA0L2cyLzMuNS4xLmx1YSIsWyJmdWxsTmFtZSJdPSJnMi8zLjUuMSIsWyJsb2FkT3JkZXIiXT0xNSxwcm9wVD17fSxbInN0YWNrRGVwdGgiXT0xLFsic3RhdHVzIl09ImFjdGl2ZSIsWyJ1c2VyTmFtZSJdPSJnMi8zLjUuMSIsfSxnMnRtcGw9', 'ntasks': 200, 'W3EMC_INC4': '/apps/ops/prod/libs/intel/19.1.3.304/w3emc/2.12.0/include_4', 'ZLIB_ROOT': '/apps/spack/zlib/1.2.11/intel/19.1.3.304/hjotqkckeoyt6j6tibalwzrlfljcjtdh', 'max_tasks_per_node': 128, 'OUTPUT_GRID': 'gaussian_grid', 'EXPDIR': '/lfs/h2/emc/global/noscrub/emc.global/RETRO_GFSv17/expdir/retrotestgfs10', 'W3EMC_INC8': '/apps/ops/prod/libs/intel/19.1.3.304/w3emc/2.12.0/include_8', 'ZLIB_LIBDIR': '/apps/spack/zlib/1.2.11/intel/19.1.3.304/hjotqkckeoyt6j6tibalwzrlfljcjtdh/lib', 'COM_OBS_JEDI': '${ROTDIR}/${RUN}.${YMD}/${HH}/${MEMDIR}/obs_jedi', '__LMOD_REF_COUNT_NLSPATH': '/pe/intel/compilers_and_libraries_2020.4.304/linux/compiler/lib/intel64/locale/%l_%t/%N:1;/pe/intel/compilers_and_libraries_2020.4.304/linux/mkl/lib/intel64_lin/locale/%l_%t/%N:1;/pe/intel/debugger_2020/gdb/intel64/share/locale/%l_%t/%N:1', 'FHMIN': 0, '__LMOD_REF_COUNT_CPLUS_INCLUDE_PATH': '/apps/spack/python/3.8.6/intel/19.1.3.304/pjn2nzkjvqgmjw4hmyz43v5x4jbxjzpk/include:1;/apps/spack/libjpeg/9c/intel/19.1.3.304/jkr3isi257ktoouprwaxcn4twtye747z/include:1;/apps/spack/zlib/1.2.11/intel/19.1.3.304/hjotqkckeoyt6j6tibalwzrlfljcjtdh/include:1;/apps/spack/libpng/1.6.37/intel/19.1.3.304/4ohkronuhlyherusoszzrmur5ewvlwzh/include:1;/apps/spack/jasper/2.0.25/intel/19.1.3.304/sjib74krrorkyczqpqah4tvewmlnqdx4/include:1', 'LMOD_FAMILY_CRAYPE_NETWORK': 'craype-network-ofi', 'VERBOSE': True, 'TOCGRIB': '/apps/ops/prod/libs/intel/19.1.3.304/grib_util/1.2.3/bin/tocgrib', 'LMOD_FAMILY_CRAYPE_VERSION': '2.7.10', 'NHOUR': '/apps/ops/prod/nco/core/prod_util.v2.0.14/exec/nhour', 'NetCDF_INCLUDES': '/apps/prod/hpc-stack/intel-19.1.3.304/cray-mpich-8.1.4/netcdf/4.7.4/include', 'FHMAX_GFS': 384, 'W3NCO_INCd': '/apps/ops/prod/libs/intel/19.1.3.304/w3nco/2.4.1/include_d', 'DO_STARTMEM_FROM_JEDIICE': True, 'memory': '500GB', 'DYLD_LIBRARY_PATH': '/apps/prod/hpc-stack/intel-19.1.3.304/cray-mpich-8.1.4/netcdf/4.7.4/lib:/apps/prod/hpc-stack/intel-19.1.3.304/cray-mpich-8.1.4/hdf5/1.10.6/lib', '__LMOD_REF_COUNT_INCLUDE': '/apps/spack/python/3.8.6/intel/19.1.3.304/pjn2nzkjvqgmjw4hmyz43v5x4jbxjzpk/include:1;/apps/spack/libjpeg/9c/intel/19.1.3.304/jkr3isi257ktoouprwaxcn4twtye747z/include:1;/apps/spack/zlib/1.2.11/intel/19.1.3.304/hjotqkckeoyt6j6tibalwzrlfljcjtdh/include:1;/apps/spack/libpng/1.6.37/intel/19.1.3.304/4ohkronuhlyherusoszzrmur5ewvlwzh/include:1;/apps/spack/jasper/2.0.25/intel/19.1.3.304/sjib74krrorkyczqpqah4tvewmlnqdx4/include:1', 'WRF_IO_LIB': '/apps/ops/prod/libs/intel/19.1.3.304/cray-mpich/8.1.4/wrf_io/1.2.0/lib/libwrf_io.a', 'MACHTYPE': 'x86_64-suse-linux', 'FIXreg2grb2': '/lfs/h2/emc/global/noscrub/emc.global/RETRO_GFSv17/git/global-workflow/develop_20250602/fix/reg2grb2', 'COM_WAVE_GEMPAK_TMPL': '${ROTDIR}/${RUN}.${YMD}/${HH}/${MEMDIR}/products/wave/gempak', '__LMOD_REF_COUNT_LD_LIBRARY_PATH': '/apps/spack/python/3.8.6/intel/19.1.3.304/pjn2nzkjvqgmjw4hmyz43v5x4jbxjzpk/lib:1;/apps/spack/libjpeg/9c/intel/19.1.3.304/jkr3isi257ktoouprwaxcn4twtye747z/lib:1;/apps/spack/zlib/1.2.11/intel/19.1.3.304/hjotqkckeoyt6j6tibalwzrlfljcjtdh/lib:1;/apps/spack/libpng/1.6.37/intel/19.1.3.304/4ohkronuhlyherusoszzrmur5ewvlwzh/lib:1;/apps/spack/jasper/2.0.25/intel/19.1.3.304/sjib74krrorkyczqpqah4tvewmlnqdx4/lib64:1;/apps/prod/hpc-stack/intel-19.1.3.304/cray-mpich-8.1.4/netcdf/4.7.4/lib:1;/apps/prod/hpc-stack/intel-19.1.3.304/cray-mpich-8.1.4/hdf5/1.10.6/lib:1;/pe/intel/compilers_and_libraries_2020.4.304/linux/compiler/lib/intel64_lin:1;/pe/intel/compilers_and_libraries_2020.4.304/linux/mpi/intel64/lib/release:1;/pe/intel/compilers_and_libraries_2020.4.304/linux/mpi/intel64/lib:1;/pe/intel/compilers_and_libraries_2020.4.304/linux/ipp/lib/intel64:1;/pe/intel/compilers_and_libraries_2020.4.304/linux/mkl/lib/intel64_lin:1;/pe/intel/compilers_and_libraries_2020.4.304/linux/tbb/lib/intel64/gcc4.8:1;/pe/intel/debugger_2020/python/intel64/lib:1;/pe/intel/debugger_2020/libipt/intel64/lib:1;/opt/cray/lib64:1', 'COM_OCEAN_LETKF_TMPL': '${ROTDIR}/${RUN}.${YMD}/${HH}/${MEMDIR}/analysis/ocean/letkf', 'EDATE': datetime.datetime(2025, 1, 16, 0, 0), '__LMOD_REF_COUNT_PKG_CONFIG_PATH': '/apps/spack/python/3.8.6/intel/19.1.3.304/pjn2nzkjvqgmjw4hmyz43v5x4jbxjzpk/lib/pkgconfig:1;/apps/spack/libjpeg/9c/intel/19.1.3.304/jkr3isi257ktoouprwaxcn4twtye747z/lib/pkgconfig:1;/apps/spack/zlib/1.2.11/intel/19.1.3.304/hjotqkckeoyt6j6tibalwzrlfljcjtdh/lib/pkgconfig:1;/apps/spack/libpng/1.6.37/intel/19.1.3.304/4ohkronuhlyherusoszzrmur5ewvlwzh/lib/pkgconfig:1;/apps/spack/jasper/2.0.25/intel/19.1.3.304/sjib74krrorkyczqpqah4tvewmlnqdx4/lib64/pkgconfig:1;/opt/cray/pe/craype/2.7.10/pkg-config:1;/pe/intel/compilers_and_libraries_2020.4.304/linux/mkl/bin/pkgconfig:1;/opt/cray/lib64/pkgconfig:1', 'ATARDIR': '/5year/NCEPDEV/emc-global/emc.glopara/WCOSS2/GFSv17/retrotestgfs10', 'DO_JEDIOCNVAR': True, 'PBS_O_PATH': '/apps/ops/test/nco/core/rocoto.v1.3.5/bin:/apps/spack/python/3.8.6/intel/19.1.3.304/pjn2nzkjvqgmjw4hmyz43v5x4jbxjzpk/bin:/opt/cray/pals/1.3.2/bin:/pe/intel/compilers_and_libraries_2020.4.304/linux/bin/intel64:/pe/intel/compilers_and_libraries_2020.4.304/linux/bin:/pe/intel/compilers_and_libraries_2020.4.304/linux/mpi/intel64/bin:/pe/intel/debugger_2020/gdb/intel64/bin:/opt/cray/pe/craype/2.7.17/bin:/opt/cray/bin:/u/emc.global/bin:/usr/local/bin:/usr/bin:/bin:/opt/c3/bin:/opt/pbs/bin:/sbin:.:/opt/cray/pe/bin:/apps/prod/python-modules/3.8.6/intel/19.1.3.304/bin:/apps/prod/python-modules/3.8.6/intel/19.1.3.304/lib/python3.8/site-packages/bin', 'LMOD_CUSTOM_CNCM_CRAYCLANG_10_0_UCX_1_0_PREFIX': '/apps/prod/lmodules/cce/13.0.0:/apps/prod/lmodules/cce/12.0.3:/apps/prod/lmodules/cce/11.0.4', 'DO_GSISOILDA': True, 'PNG_LIBDIR': '/apps/spack/libpng/1.6.37/intel/19.1.3.304/4ohkronuhlyherusoszzrmur5ewvlwzh/lib', 'UTILROOT': '/apps/ops/prod/nco/core/prod_util.v2.0.14', 'PE_PKGCONFIG_PRODUCTS': 'PE_MPICH', '_ModuleTable015_': 'LFsiZnVsbE5hbWUiXT0ic2lnaW8vMi4zLjIiLFsibG9hZE9yZGVyIl09MjMscHJvcFQ9e30sWyJzdGFja0RlcHRoIl09MSxbInN0YXR1cyJdPSJhY3RpdmUiLFsidXNlck5hbWUiXT0ic2lnaW8vMi4zLjIiLH0sc3A9e1siZm4iXT0iL2FwcHMvb3BzL3Byb2QvbGlicy9tb2R1bGVmaWxlcy9jb21waWxlci9pbnRlbC8xOS4xLjMuMzA0L3NwLzIuMy4zLmx1YSIsWyJmdWxsTmFtZSJdPSJzcC8yLjMuMyIsWyJsb2FkT3JkZXIiXT0xOCxwcm9wVD17fSxbInN0YWNrRGVwdGgiXT0xLFsic3RhdHVzIl09ImFjdGl2ZSIsWyJ1c2VyTmFtZSJdPSJzcC8yLjMuMyIsfSx3M2VtYz17WyJmbiJdPSIvYXBwcy9vcHMvcHJvZC9saWJzL21vZHVsZWZpbGVzL2NvbXBpbGVyL2ludGVsLzE5LjEu', 'CRAY_MPICH_BASEDIR': '/opt/cray/pe/mpich/8.1.9/ofi', 'PE_MPICH_GTL_DIR_nvidia80': '-L/opt/cray/pe/mpich/8.1.9/gtl/lib', 'TOCGRIB2SUPER': '/apps/ops/prod/libs/intel/19.1.3.304/grib_util/1.2.3/bin/tocgrib2super', '_ModuleTable004_': 'YWRPcmRlciJdPTgscHJvcFQ9e30sWyJzdGFja0RlcHRoIl09MSxbInN0YXR1cyJdPSJhY3RpdmUiLFsidXNlck5hbWUiXT0iY3JheS1tcGljaC84LjEuOSIsfSxbImNyYXktcGFscyJdPXtbImZuIl09Ii9vcHQvY3JheS9wZS9sbW9kL21vZHVsZWZpbGVzL2NvcmUvY3JheS1wYWxzLzEuMy4yLmx1YSIsWyJmdWxsTmFtZSJdPSJjcmF5LXBhbHMvMS4zLjIiLFsibG9hZE9yZGVyIl09MjcscHJvcFQ9e30sWyJzdGFja0RlcHRoIl09MCxbInN0YXR1cyJdPSJhY3RpdmUiLFsidXNlck5hbWUiXT0iY3JheS1wYWxzIix9LGNyYXlwZT17WyJmbiJdPSIvb3B0L2NyYXkvcGUvbG1vZC9tb2R1bGVmaWxlcy9jb3JlL2NyYXlwZS8yLjcuMTAubHVhIixbImZ1bGxOYW1lIl09ImNyYXlwZS8y', 'SIGIO_INC4': '/apps/ops/prod/libs/intel/19.1.3.304/sigio/2.3.2/include', 'FIXorog': '/lfs/h2/emc/global/noscrub/emc.global/RETRO_GFSv17/git/global-workflow/develop_20250602/fix/orog', 'FNTSFA': '        ', 'MINICOM': '-c on', 'HDF5_INCLUDES': '/apps/prod/hpc-stack/intel-19.1.3.304/cray-mpich-8.1.4/hdf5/1.10.6/include', 'bacio_ROOT': '/apps/ops/prod/libs/intel/19.1.3.304/bacio/2.4.1', 'pgmout': 'OUTPUT.2437930', '__LMOD_REF_COUNT_PYTHONPATH': '/apps/prod/python-modules/3.8.6/intel/19.1.3.304/lib/python3.8/site-packages:1;/apps/ops/prod/nco/core/prod_util.v2.0.14/ush:1', 'FHOUT_WAV': 3, 'FHOUT': 1, 'DO_AWIPS': False, 'PARTITION_SERVICE': '', 'PE_MPICH_PKGCONFIG_VARIABLES': 'PE_MPICH_GTL_DIR_@accelerator@:PE_MPICH_GTL_LIBS_@accelerator@', 'PE_MPICH_PKGCONFIG_LIBS': 'mpich', 'FHOUT_OCN_GFS': 6, 'INTEL_PYTHONHOME': '/pe/intel/debugger_2020/python/intel64/', 'QUILTING': True, 'QT_SYSTEM_DIR': '/usr/share/desktop-data', 'OSTYPE': 'linux', 'launcher': 'mpiexec -l', 'FHOUT_GFS': 3, 'NETCDF': '/apps/prod/hpc-stack/intel-19.1.3.304/cray-mpich-8.1.4/netcdf/4.7.4', 'FIXlut': '/lfs/h2/emc/global/noscrub/emc.global/RETRO_GFSv17/git/global-workflow/develop_20250602/fix/lut', 'CLASSPATH': '/pe/intel/compilers_and_libraries_2020.4.304/linux/mpi/intel64/lib/mpi.jar', 'NMEM_ENS': 80, 'CC': 'cc', 'COM_ICE_ANALYSIS_TMPL': '${ROTDIR}/${RUN}.${YMD}/${HH}/${MEMDIR}/analysis/ice', 'DO_AERO_ANL': False, 'lwrite4danl': True, 'FIXugwd': '/lfs/h2/emc/global/noscrub/emc.global/RETRO_GFSv17/git/global-workflow/develop_20250602/fix/ugwd', 'FIXcpl': '/lfs/h2/emc/global/noscrub/emc.global/RETRO_GFSv17/git/global-workflow/develop_20250602/fix/cpl', 'GRIB2GRIB': '/apps/ops/prod/libs/intel/19.1.3.304/grib_util/1.2.3/bin/grib2grib', 'SDATE': datetime.datetime(2024, 11, 15, 6, 0), 'NEMSIO_LIB': '/apps/ops/prod/libs/intel/19.1.3.304/cray-mpich/8.1.4/nemsio/2.5.2/lib/libnemsio.a', 'Z_VER': '1.2.11', 'PBS_O_WORKDIR': '/u/emc.global', 'USER': 'emc.global', 'FHMAX_ENKF_GFS': 12, 'MODULES_SET_SHELL_STARTUP': 0, 'DMPDIR': '/lfs/h2/emc/dump/noscrub/dump', 'PAGER': 'less', 'FIXmom': '/lfs/h2/emc/global/noscrub/emc.global/RETRO_GFSv17/git/global-workflow/develop_20250602/fix/mom6', 'ip_ROOT': '/apps/ops/prod/libs/intel/19.1.3.304/ip/4.0.0', 'MODULE_VERSION': '3.2.10', 'NetCDF_ROOT': '/apps/prod/hpc-stack/intel-19.1.3.304/cray-mpich-8.1.4/netcdf/4.7.4', 'PE_MPICH_GENCOMPILERS_INTEL': 19.0, 'crtm_ROOT': '/apps/ops/prod/libs/intel/19.1.3.304/crtm/2.4.0', 'DO_FETCH_LOCAL': False, 'LMOD_CUSTOM_CNCM_GNU_8_0_OFI_1_0_X86_ROME_1_0_CRAY_MPICH_8_0_PREFIX': '/apps/prod/lmodules/GCC_cray_mpich/10.2.0/cray-mpich/8.1.4', 'BACIO_INC4': '/apps/ops/prod/libs/intel/19.1.3.304/bacio/2.4.1/include_4', 'COM_ATMOS_ANLMON_TMPL': '${ROTDIR}/${RUN}.${YMD}/${HH}/${MEMDIR}/products/atmos/anlmon', 'NMEM_ENS_GFS': 30, 'LMOD_FAMILY_PRGENV_VERSION': '8.1.0', '_ModuleTable023_': 'cHJvZC9uY28vbW9kdWxlZmlsZXMvY29yZTovYXBwcy9wcm9kL2xtb2R1bGVzL2NvcmU6L29wdC9jcmF5L21vZHVsZWZpbGVzIix9', 'BACIO_INC8': '/apps/ops/prod/libs/intel/19.1.3.304/bacio/2.4.1/include_8', '_ModuleTable012_': 'InN0YXR1cyJdPSJhY3RpdmUiLFsidXNlck5hbWUiXT0ibGlianBlZyIsfSxsaWJwbmc9e1siZm4iXT0iL2FwcHMvcHJvZC9sbW9kdWxlcy9pbnRlbC8xOS4xLjMuMzA0L2xpYnBuZy8xLjYuMzciLFsiZnVsbE5hbWUiXT0ibGlicG5nLzEuNi4zNyIsWyJsb2FkT3JkZXIiXT0xMyxwcm9wVD17fSxbInN0YWNrRGVwdGgiXT0xLFsic3RhdHVzIl09ImFjdGl2ZSIsWyJ1c2VyTmFtZSJdPSJsaWJwbmcvMS42LjM3Iix9LG5lbXNpbz17WyJmbiJdPSIvYXBwcy9vcHMvcHJvZC9saWJzL21vZHVsZWZpbGVzL21waS9pbnRlbC8xOS4xLjMuMzA0L2NyYXktbXBpY2gvOC4xLjQvbmVtc2lvLzIuNS4yLmx1YSIsWyJmdWxsTmFtZSJdPSJuZW1zaW8vMi41LjIiLFsibG9hZE9yZGVyIl09MjIs', 'COM_CHEM_BMAT_TMPL': '${ROTDIR}/${RUN}.${YMD}/${HH}/${MEMDIR}/analysis/chem/bmatrix', 'FHMAX': 9, 'COM_WAVE_HISTORY_TMPL': '${ROTDIR}/${RUN}.${YMD}/${HH}/${MEMDIR}/model/wave/history', 'LMOD_CUSTOM_CNCM_GNU_8_0_UCX_1_0_X86_ROME_1_0_CRAY_MPICH_8_0_PREFIX': '/apps/prod/lmodules/GCC_cray_mpich/10.2.0/cray-mpich/8.1.4', 'CRAY_CPU_TARGET': 'x86-rome', 'DEGRIB2': '/apps/ops/prod/libs/intel/19.1.3.304/grib_util/1.2.3/bin/degrib2', 'PNG_LIB': '/apps/spack/libpng/1.6.37/intel/19.1.3.304/4ohkronuhlyherusoszzrmur5ewvlwzh/lib/libpng.a', 'WGRIB': '/apps/ops/prod/libs/intel/19.1.3.304/grib_util/1.2.3/bin/wgrib', 'PBS_NODEFILE': '/var/spool/pbs/aux/46056304.dbqs01', 'LMOD_CUSTOM_CNCM_CRAYCLANG_10_0_UCX_1_0_X86_ROME_1_0_CRAY_MPICH_8_0_PREFIX': '/apps/prod/lmodules/CCE_cray_mpich/11.0.4/cray-mpich/8.1.4', '__LMOD_REF_COUNT_MODULEPATH': '/apps/ops/prod/libs/modulefiles/mpi/intel/19.1.3.304/cray-mpich/8.1.4:1;/apps/prod/lmodules/INTEL_cray_mpich/19.1.3.304/cray-mpich/8.1.4:1;/opt/cray/pe/lmod/modulefiles/mpi/intel/19.0/ofi/1.0/cray-mpich/8.0:1;/apps/ops/prod/nco/modulefiles/compiler/intel/19.1.3.304:1;/apps/ops/prod/libs/modulefiles/compiler/intel/19.1.3.304:1;/apps/prod/lmodules/intel/19.1.3.304:1;/opt/cray/pe/lmod/modulefiles/comnet/intel/19.0/ofi/1.0:1;/apps/prod/lmodules/compiler/intel/19.0:1;/lfs/h2/emc/global/noscrub/emc.global/RETRO_GFSv17/git/global-workflow/develop_20250602/sorc/ufs_model.fd/FV3/upp/modulefiles:1;/opt/cray/pe/lmod/modulefiles/net/ofi/1.0:1;/opt/cray/pe/lmod/modulefiles/cpu/x86-rome/1.0:1;/usr/share/modules:1;/usr/share/Modules/$MODULE_VERSION/modulefiles:1;/usr/share/modules/modulefiles:1;/usr/share/modulefiles/Linux:1;/usr/share/modulefiles/Core:1;/usr/share/lmod/lmod/modulefiles/Core:1;/opt/cray/pe/lmod/modulefiles/core:1;/opt/cray/pe/lmod/modulefiles/craype-targets/default:1;/apps/prod/lmodules/sys_core:1;/apps/ops/prod/nco/modulefiles/core:1;/apps/prod/lmodules/core:1;/opt/cray/modulefiles:1', 'PKGCONFIG_ENABLED': 1, 'GRB2INDEX': '/apps/ops/prod/libs/intel/19.1.3.304/grib_util/1.2.3/bin/grb2index', 'MORE': '-sl', 'ZLIB_VER': '1.2.11', 'PE_FORTRAN_PKGCONFIG_LIBS': 'mpichf90', '__LMOD_REF_COUNT_LOADEDMODULES': 'craype-x86-rome:1;libfabric/1.20.1:1;craype-network-ofi:1;envvar/1.0:1;PrgEnv-intel/8.1.0:1;intel/19.1.3.304:1;craype/2.7.10:1;cray-mpich/8.1.9:1;cmake/3.20.2:1;hdf5/1.10.6:1;netcdf/4.7.4:1;jasper/2.0.25:1;libpng/1.6.37:1;zlib/1.2.11:1;g2/3.5.1:1;g2tmpl/1.13.0:1;ip/4.0.0:1;sp/2.3.3:1;w3emc/2.12.0:1;bacio/2.4.1:1;w3nco/2.4.1:1;nemsio/2.5.2:1;sigio/2.3.2:1;wrf_io/1.2.0:1;wcoss2:1;prod_util/2.0.14:1;cray-pals/1.3.2:1;cfp/2.0.4:1;libjpeg/9c:1;grib_util/1.2.3:1;wgrib2/2.0.8:1;python/3.8.6:1;crtm/2.4.0:1', 'PBS_TASKNUM': 1, '__LMOD_REF_COUNT_CRAY_LD_LIBRARY_PATH': '/opt/cray/pe/mpich/8.1.9/ofi/intel/19.0/lib:1', 'COM_OBS_TMPL': '${ROTDIR}/${RUN}.${YMD}/${HH}/obs', 'COM_ATMOS_ANALYSIS_TMPL': '${ROTDIR}/${RUN}.${YMD}/${HH}/${MEMDIR}/analysis/atmos', 'FHMIN_ENKF': 3, 'DO_CALC_INCREMENT_ENKF_GFS': False, 'COM_WAVE_WMO_TMPL': '${ROTDIR}/${RUN}.${YMD}/${HH}/${MEMDIR}/products/wave/wmo', 'DATA': '/lfs/h2/emc/stmp/emc.global/RUNDIRS/retrotestgfs10/gdas.2024112418/upp.2435701', 'NEMSIO_INC': '/apps/ops/prod/libs/intel/19.1.3.304/cray-mpich/8.1.4/nemsio/2.5.2/include', 'G2TMPL_INC': '/apps/ops/prod/libs/intel/19.1.3.304/g2tmpl/1.13.0/include', 'INTEL_MAJOR_VERSION': 19.1, 'IAUFHRS': [3, 6, 9], 'COM_ATMOS_MASTER_TMPL': '${ROTDIR}/${RUN}.${YMD}/${HH}/${MEMDIR}/model/atmos/master', 'OPS_RES': 'C768', 'JASPER_SRC': '/apps/spack/jasper/2.0.25/intel/19.1.3.304/sjib74krrorkyczqpqah4tvewmlnqdx4/src', 'PWD': '/lfs/h2/emc/stmp/emc.global/RUNDIRS/retrotestgfs10/gdas.2024112418/upp.2435701', 'MDATE': '/apps/ops/prod/nco/core/prod_util.v2.0.14/exec/mdate', 'LIBPNG_LIB': '/apps/spack/libpng/1.6.37/intel/19.1.3.304/4ohkronuhlyherusoszzrmur5ewvlwzh/lib/libpng.a', 'WGRIB2_LIB': '/apps/ops/prod/libs/intel/19.1.3.304/wgrib2/2.0.8/lib/libwgrib2.a', 'IP_INC4': '/apps/ops/prod/libs/intel/19.1.3.304/ip/4.0.0/include_4', 'WRITE_NSFLIP': True, 'IP_INC8': '/apps/ops/prod/libs/intel/19.1.3.304/ip/4.0.0/include_8', 'PE_MPICH_GTL_DIR_nvidia70': '-L/opt/cray/pe/mpich/8.1.9/gtl/lib', 'jobid': 'upp.2435701', 'COPYGB': '/apps/ops/prod/libs/intel/19.1.3.304/grib_util/1.2.3/bin/copygb', 'FHMIN_WAV': 0, 'HOME': '/u/emc.global', 'HOMEDIR': '/lfs/h2/emc/global/noscrub/emc.global', 'REDOUT': '1>', 'Z_INC': '/apps/spack/zlib/1.2.11/intel/19.1.3.304/hjotqkckeoyt6j6tibalwzrlfljcjtdh/include', 'COM_ICE_HISTORY_TMPL': '${ROTDIR}/${RUN}.${YMD}/${HH}/${MEMDIR}/model/ice/history', 'DO_NPOESS': False, 'PELOCAL_PRGENV': True, 'INTERVAL_GFS': 6, 'RUN_ENVIR': 'emc', 'CMAKE_PREFIX_PATH': '/apps/spack/python/3.8.6/intel/19.1.3.304/pjn2nzkjvqgmjw4hmyz43v5x4jbxjzpk:/apps/spack/libjpeg/9c/intel/19.1.3.304/jkr3isi257ktoouprwaxcn4twtye747z:/apps/spack/zlib/1.2.11/intel/19.1.3.304/hjotqkckeoyt6j6tibalwzrlfljcjtdh:/apps/spack/libpng/1.6.37/intel/19.1.3.304/4ohkronuhlyherusoszzrmur5ewvlwzh:/apps/spack/jasper/2.0.25/intel/19.1.3.304/sjib74krrorkyczqpqah4tvewmlnqdx4:/apps/spack/cmake/3.20.2/intel/19.1.3.304/utnbptm3hrf7gppztidueu4jogfgemut', 'PARTITION_BATCH': '{{ PARTITION_BATCH }}', 'COM_OCEAN_RESTART_TMPL': '${ROTDIR}/${RUN}.${YMD}/${HH}/${MEMDIR}/model/ocean/restart', 'IAU_FHROT': 3, 'HOMEpost': '/lfs/h2/emc/global/noscrub/emc.global/RETRO_GFSv17/git/global-workflow/develop_20250602', 'DO_VMINMON': True, 'HOST': 'nid001645', 'COM_ICE_BMATRIX_TMPL': '${ROTDIR}/${RUN}.${YMD}/${HH}/${MEMDIR}/bmatrix/ice', 'grib_util_ROOT': '/apps/ops/prod/libs/intel/19.1.3.304/grib_util/1.2.3', 'WGRIB2_INC': '/apps/ops/prod/libs/intel/19.1.3.304/wgrib2/2.0.8/include', 'LMOD_VERSION': '8.3.1', 'UPP_RUN': 'analysis', 'w3emc_VERSION': '2.12.0', 'GIT_SSH': 'ssh -F /u/emc.global/.ssh-mine/config -i /u/sshKeys/emc.global/id_rsa', 'XNLSPATH': '/usr/share/X11/nls', 'CPATH': '/apps/spack/python/3.8.6/intel/19.1.3.304/pjn2nzkjvqgmjw4hmyz43v5x4jbxjzpk/include/python3.8:/apps/prod/hpc-stack/intel-19.1.3.304/cray-mpich-8.1.4/netcdf/4.7.4/include:/apps/prod/hpc-stack/intel-19.1.3.304/cray-mpich-8.1.4/hdf5/1.10.6/include:/pe/intel/compilers_and_libraries_2020.4.304/linux/ipp/include:/pe/intel/compilers_and_libraries_2020.4.304/linux/mkl/include:/pe/intel/compilers_and_libraries_2020.4.304/linux/pstl/include:/pe/intel/compilers_and_libraries_2020.4.304/linux/pstl/stdlib:/pe/intel/compilers_and_libraries_2020.4.304/linux/tbb/include', 'PE_MPICH_FORTRAN_PKGCONFIG_LIBS': 'mpichf90', 'CDATE': datetime.datetime(2024, 11, 24, 18, 0), 'PBS_MOMPORT': 15003, 'COM_ATMOS_GEMPAK_TMPL': '${ROTDIR}/${RUN}.${YMD}/${HH}/${MEMDIR}/products/atmos/gempak/${GRID}', 'DO_ANLSTAT': True, 'FTSFS': 10, 'ARCDIR': '/lfs/h2/emc/global/noscrub/emc.global/RETRO_GFSv17/archive/retrotestgfs10', 'FHOUT_ENKF': 1, 'pid': 2437930, 'SHELLOPTS': 'braceexpand:errexit:hashall:interactive-comments:nounset:xtrace', 'restart_interval_enkfgdas': 3, 'FCST_SEGMENTS': [0, 384], '__LMOD_REF_COUNT_INFOPATH': '/pe/intel/documentation_2020/en/debugger/gdb-ia/info:1;/apps/docs/info:1', 'CRAY_LMOD_CPU': 'x86-rome/1.0', 'DO_VERFOZN': True, 'PE_MPICH_GTL_LIBS_nvidia80': '-lmpi_gtl_cuda', 'lobsdiag_forenkf': True, 'LMOD_FAMILY_CRAYPE_CPU_VERSION': False, 'GIT_SSH_COMMAND': 'ssh -F /u/emc.global/.ssh-mine/config -i /u/sshKeys/emc.global/id_rsa', 'BASH_ENV': '/usr/share/lmod/lmod/init/bash', 'LOGSCRIPT': '', 'COM_TOP_TMPL': '${ROTDIR}/${RUN}.${YMD}/${HH}', 'COM_OCEAN_NETCDF_TMPL': '${ROTDIR}/${RUN}.${YMD}/${HH}/${MEMDIR}/products/ocean/netcdf', 'XDG_DATA_DIRS': '/usr/share', 'assim_freq': 6, 'IP_INCd': '/apps/ops/prod/libs/intel/19.1.3.304/ip/4.0.0/include_d', 'COPYGB2': '/apps/ops/prod/libs/intel/19.1.3.304/grib_util/1.2.3/bin/copygb2', 'FHMAX_FITS': 132, 'LIBJPEG_LIB': '/apps/spack/libjpeg/9c/intel/19.1.3.304/jkr3isi257ktoouprwaxcn4twtye747z/lib/libjpeg.a', '__LMOD_REF_COUNT_PE_MPICH_FORTRAN_PKGCONFIG_LIBS': 'mpichf90:1', 'DO_JEDISNOWDA': True, 'COMINsyn': '/lfs/h1/ops/prod/com/gfs/v16.3/syndat', 'CLUSTERS_SERVICE': '', 'NCDUMP': '/apps/prod/hpc-stack/intel-19.1.3.304/cray-mpich-8.1.4/netcdf/4.7.4/bin/ncdump', 'G2_INCd': '/apps/ops/prod/libs/intel/19.1.3.304/g2/3.5.1/include_d', 'FIXam': '/lfs/h2/emc/global/noscrub/emc.global/RETRO_GFSv17/git/global-workflow/develop_20250602/fix/am', 'ROTDIR': '/lfs/h2/emc/ptmp/emc.global/RETRO_GFSv17/comroot/retrotestgfs10', 'PNG_INC': '/apps/spack/libpng/1.6.37/intel/19.1.3.304/4ohkronuhlyherusoszzrmur5ewvlwzh/include', 'PDY': datetime.datetime(2024, 11, 24, 0, 0), 'PBS_ACCOUNT': 'GFS-DEV', 'w3nco_ROOT': '/apps/ops/prod/libs/intel/19.1.3.304/w3nco/2.4.1', 'COMOUT_ATMOS_MASTER': '/lfs/h2/emc/ptmp/emc.global/RETRO_GFSv17/comroot/retrotestgfs10/gdas.20241124/18//model/atmos/master', 'DOBNDPNT_WAVE': True, 'INTEL_MINOR_VERSION': 3.304, 'LMOD_CUSTOM_CNCM_INTEL_19_0_OFI_1_0_X86_ROME_1_0_CRAY_MPICH_8_0_PREFIX': '/apps/prod/lmodules/INTEL_cray_mpich/19.1.3.304/cray-mpich/8.1.4:/apps/ops/prod/libs/modulefiles/mpi/intel/19.1.3.304/cray-mpich/8.1.4', 'REPLAY_ICS': False, 'APRUN_PING_PERIOD': 0, 'CRAY_LMOD_NET': 'ofi/1.0', 'DOIAU_ENKF': True, 'FHMAX_GOES': 180, 'QUEUE_DTN': 'dev_transfer', '__LMOD_REF_COUNT_PE_PKGCONFIG_PRODUCTS': 'PE_MPICH:1', 'PE_MPICH_MODULE_NAME': 'cray-mpich', 'NLSPATH': '/pe/intel/compilers_and_libraries_2020.4.304/linux/compiler/lib/intel64/locale/%l_%t/%N:/pe/intel/compilers_and_libraries_2020.4.304/linux/mkl/lib/intel64_lin/locale/%l_%t/%N:/pe/intel/debugger_2020/gdb/intel64/share/locale/%l_%t/%N', 'PBS_JOBCOOKIE': '4710D9214AD8FFD60210E7BA73A195F3', 'LMOD_CUSTOM_COMPILER_INTEL_19_0_PREFIX': '/apps/prod/lmodules/intel/19.1.3.304:/apps/ops/prod/libs/modulefiles/compiler/intel/19.1.3.304:/apps/ops/prod/nco/modulefiles/compiler/intel/19.1.3.304', 'ACCOUNT': 'GFS-DEV', 'PBS_O_SHELL': '/bin/bash', 'HOMEobsproc': '/lfs/h2/emc/global/save/emc.global/git/obsproc/v', '__LMOD_REF_COUNT_PE_MPICH_FIXED_PRGENV': 'INTEL:1', 'LIBPNG_LIBDIR': '/apps/spack/libpng/1.6.37/intel/19.1.3.304/4ohkronuhlyherusoszzrmur5ewvlwzh/lib', 'DO_BUFRSND': False, '__LMOD_REF_COUNT_LIBRARY_PATH': '/apps/spack/python/3.8.6/intel/19.1.3.304/pjn2nzkjvqgmjw4hmyz43v5x4jbxjzpk/lib:1;/apps/spack/libjpeg/9c/intel/19.1.3.304/jkr3isi257ktoouprwaxcn4twtye747z/lib:1;/apps/spack/zlib/1.2.11/intel/19.1.3.304/hjotqkckeoyt6j6tibalwzrlfljcjtdh/lib:1;/apps/spack/libpng/1.6.37/intel/19.1.3.304/4ohkronuhlyherusoszzrmur5ewvlwzh/lib:1;/apps/spack/jasper/2.0.25/intel/19.1.3.304/sjib74krrorkyczqpqah4tvewmlnqdx4/lib64:1;/pe/intel/compilers_and_libraries_2020.4.304/linux/ipp/lib/intel64:1;/pe/intel/compilers_and_libraries_2020.4.304/linux/compiler/lib/intel64_lin:1;/pe/intel/compilers_and_libraries_2020.4.304/linux/mkl/lib/intel64_lin:1;/pe/intel/compilers_and_libraries_2020.4.304/linux/tbb/lib/intel64/gcc4.8:2', 'COMINukmet': '/lfs/h2/emc/global/noscrub/emc.global/data/external_gempak/ukmet', 'tasks_per_node': 40, 'FHOUT_ICE_GFS': 6, 'ZLIB_INC': '/apps/spack/zlib/1.2.11/intel/19.1.3.304/hjotqkckeoyt6j6tibalwzrlfljcjtdh/include', 'COM_CHEM_ANALYSIS_TMPL': '${ROTDIR}/${RUN}.${YMD}/${HH}/${MEMDIR}/analysis/chem', 'wrf_io_ROOT': '/apps/ops/prod/libs/intel/19.1.3.304/cray-mpich/8.1.4/wrf_io/1.2.0', 'DO_JEDIATMVAR': False, 'DOIBP_WAV': False, 'DOHYBVAR': True, 'PROFILEREAD': True, 'PDYp5': datetime.datetime(2024, 11, 29, 0, 0), 'TMPDIR': '/var/tmp/pbs.46056304.dbqs01', 'PDYp4': datetime.datetime(2024, 11, 28, 0, 0), 'LIBRARY_PATH': '/apps/spack/python/3.8.6/intel/19.1.3.304/pjn2nzkjvqgmjw4hmyz43v5x4jbxjzpk/lib:/apps/spack/libjpeg/9c/intel/19.1.3.304/jkr3isi257ktoouprwaxcn4twtye747z/lib:/apps/spack/zlib/1.2.11/intel/19.1.3.304/hjotqkckeoyt6j6tibalwzrlfljcjtdh/lib:/apps/spack/libpng/1.6.37/intel/19.1.3.304/4ohkronuhlyherusoszzrmur5ewvlwzh/lib:/apps/spack/jasper/2.0.25/intel/19.1.3.304/sjib74krrorkyczqpqah4tvewmlnqdx4/lib64:/pe/intel/compilers_and_libraries_2020.4.304/linux/ipp/lib/intel64:/pe/intel/compilers_and_libraries_2020.4.304/linux/compiler/lib/intel64_lin:/pe/intel/compilers_and_libraries_2020.4.304/linux/mkl/lib/intel64_lin:/pe/intel/compilers_and_libraries_2020.4.304/linux/tbb/lib/intel64/gcc4.8', 'mpmd_opt': ['--cpu-bind verbose', 'core cfp'], 'DO_ATM': True, 'PDYp7': datetime.datetime(2024, 12, 1, 0, 0), 'PDYp6': datetime.datetime(2024, 11, 30, 0, 0), '_ModuleTable021_': 'cm9tZS8xLjAiLCIvdXNyL3NoYXJlL21vZHVsZXMiLCIvdXNyL3NoYXJlL01vZHVsZXMvJE1PRFVMRV9WRVJTSU9OL21vZHVsZWZpbGVzIiwiL3Vzci9zaGFyZS9tb2R1bGVzL21vZHVsZWZpbGVzIiwiL3Vzci9zaGFyZS9tb2R1bGVmaWxlcy9MaW51eCIsIi91c3Ivc2hhcmUvbW9kdWxlZmlsZXMvQ29yZSIsIi91c3Ivc2hhcmUvbG1vZC9sbW9kL21vZHVsZWZpbGVzL0NvcmUiLCIvb3B0L2NyYXkvcGUvbG1vZC9tb2R1bGVmaWxlcy9jb3JlIiwiL29wdC9jcmF5L3BlL2xtb2QvbW9kdWxlZmlsZXMvY3JheXBlLXRhcmdldHMvZGVmYXVsdCIsIi9hcHBzL3Byb2QvbG1vZHVsZXMvc3lzX2NvcmUiLCIvYXBwcy9vcHMvcHJvZC9uY28vbW9kdWxlZmlsZXMvY29yZSIsIi9hcHBzL3By', 'FHOUT_ENKF_GFS': 3, 'PDYp1': datetime.datetime(2024, 11, 25, 0, 0), 'DO_VERFRAD': True, 'PDYp3': datetime.datetime(2024, 11, 27, 0, 0), 'PDYp2': datetime.datetime(2024, 11, 26, 0, 0), '__LMOD_REF_COUNT_CMAKE_PREFIX_PATH': '/apps/spack/python/3.8.6/intel/19.1.3.304/pjn2nzkjvqgmjw4hmyz43v5x4jbxjzpk:1;/apps/spack/libjpeg/9c/intel/19.1.3.304/jkr3isi257ktoouprwaxcn4twtye747z:1;/apps/spack/zlib/1.2.11/intel/19.1.3.304/hjotqkckeoyt6j6tibalwzrlfljcjtdh:1;/apps/spack/libpng/1.6.37/intel/19.1.3.304/4ohkronuhlyherusoszzrmur5ewvlwzh:1;/apps/spack/jasper/2.0.25/intel/19.1.3.304/sjib74krrorkyczqpqah4tvewmlnqdx4:1;/apps/spack/cmake/3.20.2/intel/19.1.3.304/utnbptm3hrf7gppztidueu4jogfgemut:1', 'w3nco_VERSION': '2.4.1', 'LMOD_sys': 'Linux', 'G2_INC4': '/apps/ops/prod/libs/intel/19.1.3.304/g2/3.5.1/include_4', 'COM_WAVE_GRID_RES_TMPL': '${ROTDIR}/${RUN}.${YMD}/${HH}/${MEMDIR}/products/wave/gridded/${GRDRESNAME}', 'PE_PKGCONFIG_LIBS': 'mpich', '_ModuleTable010_': 'RGVwdGgiXT0xLFsic3RhdHVzIl09ImFjdGl2ZSIsWyJ1c2VyTmFtZSJdPSJpbnRlbC8xOS4xLjMuMzA0Iix9LGlwPXtbImZuIl09Ii9hcHBzL29wcy9wcm9kL2xpYnMvbW9kdWxlZmlsZXMvY29tcGlsZXIvaW50ZWwvMTkuMS4zLjMwNC9pcC80LjAuMC5sdWEiLFsiZnVsbE5hbWUiXT0iaXAvNC4wLjAiLFsibG9hZE9yZGVyIl09MTcscHJvcFQ9e30sWyJzdGFja0RlcHRoIl09MSxbInN0YXR1cyJdPSJhY3RpdmUiLFsidXNlck5hbWUiXT0iaXAvNC4wLjAiLH0samFzcGVyPXtbImZuIl09Ii9hcHBzL3Byb2QvbG1vZHVsZXMvaW50ZWwvMTkuMS4zLjMwNC9qYXNwZXIvMi4wLjI1IixbImZ1bGxOYW1lIl09Imphc3Blci8yLjAuMjUiLFsibG9hZE9yZGVyIl09MTIscHJvcFQ9e30s', 'HPSS_PROJECT': 'emc-global', 'GRBINDEX': '/apps/ops/prod/libs/intel/19.1.3.304/grib_util/1.2.3/bin/grbindex', 'BASE_DATA': '/lfs/h2/emc/global/noscrub/emc.global/data', 'COMLISTROOT': '/lfs/h1/ops/prod/config', 'IAU_DELTHRS': 6, '_ModuleTable001_': 'X01vZHVsZVRhYmxlXz17WyJNVHZlcnNpb24iXT0zLFsiY19yZWJ1aWxkVGltZSJdPWZhbHNlLFsiY19zaG9ydFRpbWUiXT1mYWxzZSxkZXB0aFQ9e30sZmFtaWx5PXtbIlByZ0VudiJdPSJQcmdFbnYtaW50ZWwiLFsiY29tcGlsZXIiXT0iaW50ZWwiLFsiY3JheXBlIl09ImNyYXlwZSIsWyJjcmF5cGVfY3B1Il09ImNyYXlwZS14ODYtcm9tZSIsWyJjcmF5cGVfbmV0d29yayJdPSJjcmF5cGUtbmV0d29yay1vZmkiLFsibXBpIl09ImNyYXktbXBpY2giLH0sbVQ9e1siUHJnRW52LWludGVsIl09e1siZm4iXT0iL29wdC9jcmF5L3BlL2xtb2QvbW9kdWxlZmlsZXMvY29yZS9QcmdFbnYtaW50ZWwvOC4xLjAubHVhIixbImZ1bGxOYW1lIl09IlByZ0Vudi1pbnRlbC84LjEuMCIsWyJs', 'restart_interval_enkfgfs': 3, 'REDERR': '2>', 'DO_PREP_SFC': False, 'COM_OCEAN_ANALYSIS_TMPL': '${ROTDIR}/${RUN}.${YMD}/${HH}/${MEMDIR}/analysis/ocean', 'LOADEDMODULES': 'craype-x86-rome:libfabric/1.20.1:craype-network-ofi:envvar/1.0:PrgEnv-intel/8.1.0:intel/19.1.3.304:craype/2.7.10:cray-mpich/8.1.9:cmake/3.20.2:hdf5/1.10.6:netcdf/4.7.4:jasper/2.0.25:libpng/1.6.37:zlib/1.2.11:g2/3.5.1:g2tmpl/1.13.0:ip/4.0.0:sp/2.3.3:w3emc/2.12.0:bacio/2.4.1:w3nco/2.4.1:nemsio/2.5.2:sigio/2.3.2:wrf_io/1.2.0:wcoss2:prod_util/2.0.14:cray-pals/1.3.2:cfp/2.0.4:libjpeg/9c:grib_util/1.2.3:wgrib2/2.0.8:python/3.8.6:crtm/2.4.0', 'FHCYC': 1, 'COM_ATMOS_HISTORY_TMPL': '${ROTDIR}/${RUN}.${YMD}/${HH}/${MEMDIR}/model/atmos/history', 'COM_OCEAN_BMATRIX_TMPL': '${ROTDIR}/${RUN}.${YMD}/${HH}/${MEMDIR}/bmatrix/ocean', 'LMOD_AVAIL_STYLE': 'en_grouped:system', 'ICERES': 25, 'CRAYPE_NETWORK_TARGET': 'ofi', 'FC': 'ftn', 'DO_METP': True, 'OFFSET_START_HOUR': 0, 'COM_ATMOS_GOES_TMPL': '${ROTDIR}/${RUN}.${YMD}/${HH}/${MEMDIR}/products/atmos/goes_sim', '__LMOD_REF_COUNT_ACLOCAL_PATH': '/apps/spack/cmake/3.20.2/intel/19.1.3.304/utnbptm3hrf7gppztidueu4jogfgemut/share/aclocal:1', 'LIBPNG_VER': '1.6.37', 'FHOUT_AERO': 3, 'SENDDBN': False, 'NEMSIO_READ': '/apps/ops/prod/libs/intel/19.1.3.304/cray-mpich/8.1.4/nemsio/2.5.2/bin/nemsio_read', '__LMOD_REF_COUNT_MANPATH': '/apps/spack/python/3.8.6/intel/19.1.3.304/pjn2nzkjvqgmjw4hmyz43v5x4jbxjzpk/share/man:1;/apps/spack/libjpeg/9c/intel/19.1.3.304/jkr3isi257ktoouprwaxcn4twtye747z/share/man:1;/apps/prod/cfp/2.0.4/intel/19.1.3.304/man:1;/opt/cray/pals/1.3.2/man:1;/apps/spack/zlib/1.2.11/intel/19.1.3.304/hjotqkckeoyt6j6tibalwzrlfljcjtdh/share/man:1;/apps/spack/libpng/1.6.37/intel/19.1.3.304/4ohkronuhlyherusoszzrmur5ewvlwzh/share/man:1;/apps/spack/jasper/2.0.25/intel/19.1.3.304/sjib74krrorkyczqpqah4tvewmlnqdx4/share/man:1;/apps/prod/hpc-stack/intel-19.1.3.304/cray-mpich-8.1.4/netcdf/4.7.4/share/man:1;/apps/prod/hpc-stack/intel-19.1.3.304/cray-mpich-8.1.4/hdf5/1.10.6/share/man:1;/opt/cray/pe/mpich/8.1.9/ofi/man:1;/opt/cray/pe/mpich/8.1.9/man/mpich:1;/opt/cray/pe/craype/2.7.10/man:1;/pe/intel/man/common:1;/pe/intel/compilers_and_libraries_2020.4.304/linux/mpi/man:1;/pe/intel/documentation_2020/en/debugger/gdb-ia/man:1;/opt/cray/share/man:1;/usr/share/lmod/lmod/share/man:1;/usr/share/man:1;/opt/c3/man:1;/opt/pbs/share/man:1', '_ModuleTable006_': 'bW9kL21vZHVsZWZpbGVzL2NyYXlwZS10YXJnZXRzL2RlZmF1bHQvY3JheXBlLXg4Ni1yb21lLmx1YSIsWyJmdWxsTmFtZSJdPSJjcmF5cGUteDg2LXJvbWUiLFsibG9hZE9yZGVyIl09MSxwcm9wVD17fSxbInN0YWNrRGVwdGgiXT0xLFsic3RhdHVzIl09ImFjdGl2ZSIsWyJ1c2VyTmFtZSJdPSJjcmF5cGUteDg2LXJvbWUiLH0sY3J0bT17WyJmbiJdPSIvYXBwcy9vcHMvcHJvZC9saWJzL21vZHVsZWZpbGVzL2NvbXBpbGVyL2ludGVsLzE5LjEuMy4zMDQvY3J0bS8yLjQuMC5sdWEiLFsiZnVsbE5hbWUiXT0iY3J0bS8yLjQuMCIsWyJsb2FkT3JkZXIiXT0zMyxwcm9wVD17fSxbInN0YWNrRGVwdGgiXT0wLFsic3RhdHVzIl09ImFjdGl2ZSIsWyJ1c2VyTmFtZSJdPSJjcnRtLzIu', '_ModuleTable003_': 'XT0yOCxwcm9wVD17fSxbInN0YWNrRGVwdGgiXT0wLFsic3RhdHVzIl09ImFjdGl2ZSIsWyJ1c2VyTmFtZSJdPSJjZnAiLH0sY21ha2U9e1siZm4iXT0iL2FwcHMvcHJvZC9sbW9kdWxlcy9jb3JlL2NtYWtlLzMuMjAuMiIsWyJmdWxsTmFtZSJdPSJjbWFrZS8zLjIwLjIiLFsibG9hZE9yZGVyIl09OSxwcm9wVD17fSxbInN0YWNrRGVwdGgiXT0xLFsic3RhdHVzIl09ImFjdGl2ZSIsWyJ1c2VyTmFtZSJdPSJjbWFrZS8zLjIwLjIiLH0sWyJjcmF5LW1waWNoIl09e1siZm4iXT0iL29wdC9jcmF5L3BlL2xtb2QvbW9kdWxlZmlsZXMvY29tbmV0L2ludGVsLzE5LjAvb2ZpLzEuMC9jcmF5LW1waWNoLzguMS45Lmx1YSIsWyJmdWxsTmFtZSJdPSJjcmF5LW1waWNoLzguMS45IixbImxv', 'LIBJPEG_SRC': '/apps/spack/libjpeg/9c/intel/19.1.3.304/jkr3isi257ktoouprwaxcn4twtye747z/src', 'FORECAST_HOUR': 0, 'INTEL_LICENSE_FILE': '/pe/intel/compilers_and_libraries_2020.4.304/linux/licenses:/opt/intel/licenses:/intel/licenses', 'machine': 'WCOSS2', 'LMOD_ROOT': '/usr/share/lmod', 'G2_LIB4': '/apps/ops/prod/libs/intel/19.1.3.304/g2/3.5.1/lib64/libg2_4.a', 'DO_GOES': False, 'COM_ATMOS_MINMON_TMPL': '${ROTDIR}/${RUN}.${YMD}/${HH}/${MEMDIR}/products/atmos/minmon', 'CLUSTERS': '', '_ModuleTable022_': 'b2QvbG1vZHVsZXMvY29yZSIsIi9vcHQvY3JheS9tb2R1bGVmaWxlcyIsfSxbInN5c3RlbUJhc2VNUEFUSCJdPSIvdXNyL3NoYXJlL21vZHVsZXM6L3Vzci9zaGFyZS9Nb2R1bGVzLyRNT0RVTEVfVkVSU0lPTi9tb2R1bGVmaWxlczovdXNyL3NoYXJlL21vZHVsZXMvbW9kdWxlZmlsZXM6L3Vzci9zaGFyZS9tb2R1bGVmaWxlcy9MaW51eDovdXNyL3NoYXJlL21vZHVsZWZpbGVzL0NvcmU6L3Vzci9zaGFyZS9sbW9kL2xtb2QvbW9kdWxlZmlsZXMvQ29yZTovb3B0L2NyYXkvcGUvbG1vZC9tb2R1bGVmaWxlcy9jb3JlOi9vcHQvY3JheS9wZS9sbW9kL21vZHVsZWZpbGVzL2NyYXlwZS10YXJnZXRzL2RlZmF1bHQ6L2FwcHMvcHJvZC9sbW9kdWxlcy9zeXNfY29yZTovYXBwcy9vcHMv', 'FROM_HEADER': '', 'CRAY_MPICH_ROOTDIR': '/opt/cray/pe/mpich/8.1.9', '_ModuleTable013_': 'cHJvcFQ9e30sWyJzdGFja0RlcHRoIl09MSxbInN0YXR1cyJdPSJhY3RpdmUiLFsidXNlck5hbWUiXT0ibmVtc2lvLzIuNS4yIix9LG5ldGNkZj17WyJmbiJdPSIvYXBwcy9wcm9kL2xtb2R1bGVzL0lOVEVMX2NyYXlfbXBpY2gvMTkuMS4zLjMwNC9jcmF5LW1waWNoLzguMS40L25ldGNkZi80LjcuNC5sdWEiLFsiZnVsbE5hbWUiXT0ibmV0Y2RmLzQuNy40IixbImxvYWRPcmRlciJdPTExLHByb3BUPXt9LFsic3RhY2tEZXB0aCJdPTEsWyJzdGF0dXMiXT0iYWN0aXZlIixbInVzZXJOYW1lIl09Im5ldGNkZi80LjcuNCIsfSxwcm9kX3V0aWw9e1siZm4iXT0iL2FwcHMvb3BzL3Byb2QvbmNvL21vZHVsZWZpbGVzL2NvcmUvcHJvZF91dGlsLzIuMC4xNCIsWyJmdWxsTmFtZSJdPSJw', 'PBS_O_QUEUE': 'devmax', 'ILPOST': 1, 'MAIL': '/var/spool/mail/emc.global', 'g2tmpl_ROOT': '/apps/ops/prod/libs/intel/19.1.3.304/g2tmpl/1.13.0', 'PNG_VER': '1.6.37', 'SIGIO_LIB': '/apps/ops/prod/libs/intel/19.1.3.304/sigio/2.3.2/lib/libsigio.a', 'PE_INTEL_FIXED_PKGCONFIG_PATH': '/opt/cray/pe/mpich/8.1.9/ofi/intel/19.0/lib/pkgconfig', 'g2tmpl_VERSION': '1.13.0', 'CXX': 'CC', 'SIGIO_LIB4': '/apps/ops/prod/libs/intel/19.1.3.304/sigio/2.3.2/lib/libsigio.a', 'JASPER_ROOT': '/apps/spack/jasper/2.0.25/intel/19.1.3.304/sjib74krrorkyczqpqah4tvewmlnqdx4', 'sigio_VERSION': '2.3.2', 'DO_GENESIS': True, 'COM_ATMOS_IMAGERY_TMPL': '${ROTDIR}/${RUN}.${YMD}/${HH}/${MEMDIR}/products/atmos/imagery', 'FHMIN_GFS': 0, '_ModuleTable016_': 'My4zMDQvdzNlbWMvMi4xMi4wLmx1YSIsWyJmdWxsTmFtZSJdPSJ3M2VtYy8yLjEyLjAiLFsibG9hZE9yZGVyIl09MTkscHJvcFQ9e30sWyJzdGFja0RlcHRoIl09MSxbInN0YXR1cyJdPSJhY3RpdmUiLFsidXNlck5hbWUiXT0idzNlbWMvMi4xMi4wIix9LHczbmNvPXtbImZuIl09Ii9hcHBzL29wcy9wcm9kL2xpYnMvbW9kdWxlZmlsZXMvY29tcGlsZXIvaW50ZWwvMTkuMS4zLjMwNC93M25jby8yLjQuMS5sdWEiLFsiZnVsbE5hbWUiXT0idzNuY28vMi40LjEiLFsibG9hZE9yZGVyIl09MjEscHJvcFQ9e30sWyJzdGFja0RlcHRoIl09MixbInN0YXR1cyJdPSJhY3RpdmUiLFsidXNlck5hbWUiXT0idzNuY28iLH0sd2Nvc3MyPXtbImZuIl09Ii9sZnMvaDIvZW1jL2dsb2JhbC9u', 'binary_diag': False, 'Z_LIBDIR': '/apps/spack/zlib/1.2.11/intel/19.1.3.304/hjotqkckeoyt6j6tibalwzrlfljcjtdh/lib/', 'ntiles': 6, 'DO_MERGENSST': False, 'LESSKEY': '/etc/lesskey.bin', '__LMOD_REF_COUNT_PE_MPICH_GENCOMPILERS_INTEL': '19.0:1', 'UPP_CONFIG': '/lfs/h2/emc/global/noscrub/emc.global/RETRO_GFSv17/git/global-workflow/develop_20250602/parm/post/upp.yaml', '_ModuleTable009_': 'dGF0dXMiXT0iYWN0aXZlIixbInVzZXJOYW1lIl09ImdyaWJfdXRpbC8xLjIuMyIsfSxoZGY1PXtbImZuIl09Ii9hcHBzL3Byb2QvbG1vZHVsZXMvSU5URUxfY3JheV9tcGljaC8xOS4xLjMuMzA0L2NyYXktbXBpY2gvOC4xLjQvaGRmNS8xLjEwLjYubHVhIixbImZ1bGxOYW1lIl09ImhkZjUvMS4xMC42IixbImxvYWRPcmRlciJdPTEwLHByb3BUPXt9LFsic3RhY2tEZXB0aCJdPTIsWyJzdGF0dXMiXT0iYWN0aXZlIixbInVzZXJOYW1lIl09ImhkZjUiLH0saW50ZWw9e1siZm4iXT0iL2FwcHMvcHJvZC9sbW9kdWxlcy9jb3JlL2ludGVsLzE5LjEuMy4zMDQubHVhIixbImZ1bGxOYW1lIl09ImludGVsLzE5LjEuMy4zMDQiLFsibG9hZE9yZGVyIl09Nixwcm9wVD17fSxbInN0YWNr', 'SHELL': '/bin/bash', 'DUMP_SUFFIX': '', 'LIBJPEG_INC': '/apps/spack/libjpeg/9c/intel/19.1.3.304/jkr3isi257ktoouprwaxcn4twtye747z/include', 'CRAY_MPICH_VER': '8.1.9', 'bacio_VERSION': '2.4.1', 'FIXgsi': '/lfs/h2/emc/global/noscrub/emc.global/RETRO_GFSv17/git/global-workflow/develop_20250602/fix/gsi', 'LMOD_ADMIN_FILE': '/apps/prod/lmodules/admin.list', 'OCNRES': 25, 'COMROOT': '/lfs/h2/emc/ptmp/emc.global/RETRO_GFSv17/comroot', 'FIXgdas': '/lfs/h2/emc/global/noscrub/emc.global/RETRO_GFSv17/git/global-workflow/develop_20250602/fix/gdas', 'LMOD_CUSTOM_COMPILER_GNU_8_0_UCX_1_0_PREFIX': '/apps/prod/lmodules/gcc/11.2.0:/apps/prod/lmodules/gcc/10.2.0', 'NMV': '/bin/mv', 'PE_MPICH_FIXED_PRGENV': 'INTEL', 'FIXcice': '/lfs/h2/emc/global/noscrub/emc.global/RETRO_GFSv17/git/global-workflow/develop_20250602/fix/cice', 'G2_LIBd': '/apps/ops/prod/libs/intel/19.1.3.304/g2/3.5.1/lib64/libg2_d.a', 'LMOD_CUSTOM_COMPILER_CRAYCLANG_10_0_PREFIX': '/apps/prod/lmodules/cce/13.0.0:/apps/prod/lmodules/cce/12.0.3:/apps/prod/lmodules/cce/11.0.4', 'lmod_prefix_path': '/usr/share', 'CLIENT_GLOBUS_UUID': '{{ CLIENT_GLOBUS_UUID }}', 'COMINecmwf': '/lfs/h2/emc/global/noscrub/emc.global/data/external_gempak/ecmwf', 'TOCGRIB2': '/apps/ops/prod/libs/intel/19.1.3.304/grib_util/1.2.3/bin/tocgrib2', 'restart_interval_gdas': 3, 'LMOD_FAMILY_PRGENV': 'PrgEnv-intel', 'SDATE_GFS': datetime.datetime(2024, 11, 15, 12, 0), 'CASE': 'C1152', '_ModuleTable_Sz_': 23, 'FHR3': 0, 'APP': 'S2SW', 'DO_COUPLED': True, 'LIBJPEG_LIBDIR': '/apps/spack/libjpeg/9c/intel/19.1.3.304/jkr3isi257ktoouprwaxcn4twtye747z/lib', 'NCLEN': '/lfs/h2/emc/global/noscrub/emc.global/RETRO_GFSv17/git/global-workflow/develop_20250602/ush/getncdimlen', '__LMOD_REF_COUNT_CPATH': '/apps/spack/python/3.8.6/intel/19.1.3.304/pjn2nzkjvqgmjw4hmyz43v5x4jbxjzpk/include/python3.8:1;/apps/prod/hpc-stack/intel-19.1.3.304/cray-mpich-8.1.4/netcdf/4.7.4/include:1;/apps/prod/hpc-stack/intel-19.1.3.304/cray-mpich-8.1.4/hdf5/1.10.6/include:1;/pe/intel/compilers_and_libraries_2020.4.304/linux/ipp/include:1;/pe/intel/compilers_and_libraries_2020.4.304/linux/mkl/include:1;/pe/intel/compilers_and_libraries_2020.4.304/linux/pstl/include:1;/pe/intel/compilers_and_libraries_2020.4.304/linux/pstl/stdlib:1;/pe/intel/compilers_and_libraries_2020.4.304/linux/tbb/include:2', 'COM_ICE_INPUT_TMPL': '${ROTDIR}/${RUN}.${YMD}/${HH}/${MEMDIR}/model/ice/input', 'DO_TEST_MODE': False, 'XCURSOR_THEME': 'DMZ', 'NetCDF': '/apps/prod/hpc-stack/intel-19.1.3.304/cray-mpich-8.1.4/netcdf/4.7.4', 'COM_OCEAN_GRIB_GRID_TMPL': '${ROTDIR}/${RUN}.${YMD}/${HH}/${MEMDIR}/products/ocean/grib2/${GRID}', 'walltime': '00:15:00', 'l4densvar': True, 'pgm': '', 'wgrib2_ROOT': '/apps/ops/prod/libs/intel/19.1.3.304/wgrib2/2.0.8', 'LMOD_FAMILY_COMPILER': 'intel', 'COM_WAVE_GRID_TMPL': '${ROTDIR}/${RUN}.${YMD}/${HH}/${MEMDIR}/products/wave/gridded', '_ModuleTable018_': 'aCJdPTAsWyJzdGF0dXMiXT0iYWN0aXZlIixbInVzZXJOYW1lIl09IndncmliMi8yLjAuOCIsfSx3cmZfaW89e1siZm4iXT0iL2FwcHMvb3BzL3Byb2QvbGlicy9tb2R1bGVmaWxlcy9tcGkvaW50ZWwvMTkuMS4zLjMwNC9jcmF5LW1waWNoLzguMS40L3dyZl9pby8xLjIuMC5sdWEiLFsiZnVsbE5hbWUiXT0id3JmX2lvLzEuMi4wIixbImxvYWRPcmRlciJdPTI0LHByb3BUPXt9LFsic3RhY2tEZXB0aCJdPTEsWyJzdGF0dXMiXT0iYWN0aXZlIixbInVzZXJOYW1lIl09IndyZl9pby8xLjIuMCIsfSx6bGliPXtbImZuIl09Ii9hcHBzL3Byb2QvbG1vZHVsZXMvaW50ZWwvMTkuMS4zLjMwNC96bGliLzEuMi4xMSIsWyJmdWxsTmFtZSJdPSJ6bGliLzEuMi4xMSIsWyJsb2FkT3JkZXIi', 'PDYm6': datetime.datetime(2024, 11, 18, 0, 0), 'sp_VERSION': '2.3.3', 'PDYm7': datetime.datetime(2024, 11, 17, 0, 0), 'COMIN_ATMOS_ANALYSIS': '/lfs/h2/emc/ptmp/emc.global/RETRO_GFSv17/comroot/retrotestgfs10/gdas.20241124/18//analysis/atmos', 'DO_CA': True, 'PDYm4': datetime.datetime(2024, 11, 20, 0, 0), 'PDYm5': datetime.datetime(2024, 11, 19, 0, 0), 'PDYm2': datetime.datetime(2024, 11, 22, 0, 0), 'PDYm3': datetime.datetime(2024, 11, 21, 0, 0), 'PDYm1': datetime.datetime(2024, 11, 23, 0, 0), 'LMOD_CUSTOM_CNCM_CRAYCLANG_10_0_OFI_1_0_X86_ROME_1_0_CRAY_MPICH_8_0_PREFIX': '/apps/prod/lmodules/CCE_cray_mpich/11.0.4/cray-mpich/8.1.4', 'SP_LIB8': '/apps/ops/prod/libs/intel/19.1.3.304/sp/2.3.3/lib/libsp_8.a', 'TMOUT': 1800, 'WRF_IO_INC': '/apps/ops/prod/libs/intel/19.1.3.304/cray-mpich/8.1.4/wrf_io/1.2.0/include', 'MAKE_NSSTBUFR': False, 'COM_OCEAN_INPUT_TMPL': '${ROTDIR}/${RUN}.${YMD}/${HH}/${MEMDIR}/model/ocean/input', 'SP_LIB4': '/apps/ops/prod/libs/intel/19.1.3.304/sp/2.3.3/lib/libsp_4.a', 'DATAROOT': '/lfs/h2/emc/stmp/emc.global/RUNDIRS/retrotestgfs10/gdas.2024112418', 'DO_OCN': True, 'FIXaer': '/lfs/h2/emc/global/noscrub/emc.global/RETRO_GFSv17/git/global-workflow/develop_20250602/fix/aer', 'DO_GEMPAK': False, 'PYTHONSTARTUP': '/etc/pythonstart', 'FHMAX_HF_WAV': 120, 'NETCDF_INCLUDES': '/apps/prod/hpc-stack/intel-19.1.3.304/cray-mpich-8.1.4/netcdf/4.7.4/include', 'wrf_io_VERSION': '1.2.0', 'SHLVL': 4, 'LANGUAGE': 'en_US.UTF-8', 'JASPER_INC': '/apps/spack/jasper/2.0.25/intel/19.1.3.304/sjib74krrorkyczqpqah4tvewmlnqdx4/include', 'PALS_PING_PERIOD': 0, 'ENKF_SPREAD': True, 'PBS_O_HOST': 'dlogin06', 'ARCHCOM_TO': 'hpss', 'HOMEgfs': '/lfs/h2/emc/global/noscrub/emc.global/RETRO_GFSv17/git/global-workflow/develop_20250602', 'IP_LIB8': '/apps/ops/prod/libs/intel/19.1.3.304/ip/4.0.0/lib64/libip_8.a', 'DEBUG_POSTSCRIPT': False, 'G_FILENAME_ENCODING': ['@locale', 'UTF-8', 'ISO-8859-15', 'CP1252'], 'PYTHONPATH': '/apps/prod/python-modules/3.8.6/intel/19.1.3.304/lib/python3.8/site-packages:/apps/ops/prod/nco/core/prod_util.v2.0.14/ush:/lfs/h2/emc/global/noscrub/emc.global/RETRO_GFSv17/git/global-workflow/develop_20250602/ush:/lfs/h2/emc/global/noscrub/emc.global/RETRO_GFSv17/git/global-workflow/develop_20250602/ush/python', 'LMOD_CUSTOM_COMPILER_INTEL_19_0_UCX_1_0_PREFIX': '/apps/prod/lmodules/intel/19.1.3.304:/apps/ops/prod/libs/modulefiles/compiler/intel/19.1.3.304:/apps/ops/prod/nco/modulefiles/compiler/intel/19.1.3.304', 'HPC_OPT': '/apps/ops/prod/libs', 'ACLOCAL_PATH': '/apps/spack/cmake/3.20.2/intel/19.1.3.304/utnbptm3hrf7gppztidueu4jogfgemut/share/aclocal', 'PBS_O_SYSTEM': 'Linux', 'IP_LIB4': '/apps/ops/prod/libs/intel/19.1.3.304/ip/4.0.0/lib64/libip_4.a', 'W3EMC_LIBd': '/apps/ops/prod/libs/intel/19.1.3.304/w3emc/2.12.0/lib64/libw3emc_d.a', 'netcdf_diag': True, 'DO_WAVE': True, 'MANPATH': '/apps/spack/python/3.8.6/intel/19.1.3.304/pjn2nzkjvqgmjw4hmyz43v5x4jbxjzpk/share/man:/apps/spack/libjpeg/9c/intel/19.1.3.304/jkr3isi257ktoouprwaxcn4twtye747z/share/man:/apps/prod/cfp/2.0.4/intel/19.1.3.304/man:/opt/cray/pals/1.3.2/man:/apps/spack/zlib/1.2.11/intel/19.1.3.304/hjotqkckeoyt6j6tibalwzrlfljcjtdh/share/man:/apps/spack/libpng/1.6.37/intel/19.1.3.304/4ohkronuhlyherusoszzrmur5ewvlwzh/share/man:/apps/spack/jasper/2.0.25/intel/19.1.3.304/sjib74krrorkyczqpqah4tvewmlnqdx4/share/man:/apps/prod/hpc-stack/intel-19.1.3.304/cray-mpich-8.1.4/netcdf/4.7.4/share/man:/apps/prod/hpc-stack/intel-19.1.3.304/cray-mpich-8.1.4/hdf5/1.10.6/share/man:/opt/cray/pe/mpich/8.1.9/ofi/man:/opt/cray/pe/mpich/8.1.9/man/mpich:/opt/cray/pe/craype/2.7.10/man:/pe/intel/man/common:/pe/intel/compilers_and_libraries_2020.4.304/linux/mpi/man:/pe/intel/documentation_2020/en/debugger/gdb-ia/man:/opt/cray/share/man:/usr/share/lmod/lmod/share/man:/usr/share/man:/opt/c3/man:/opt/pbs/share/man', '__LMOD_REF_COUNT_CLASSPATH': '/pe/intel/compilers_and_libraries_2020.4.304/linux/mpi/intel64/lib/mpi.jar:1', 'NET': 'gfs', 'INTEL_PATH': '/pe/intel/compilers_and_libraries_2020.4.304', 'CASE_ENS': 'C384', 'SP_LIBd': '/apps/ops/prod/libs/intel/19.1.3.304/sp/2.3.3/lib/libsp_d.a', 'DO_PREP_OBS_AERO': False, 'INTEL_VERSION': '19.1.3.304', 'MPICH_DIR': '/opt/cray/pe/mpich/8.1.9/ofi/intel/19.0', 'OSCAR_HOME': '/opt/oscar', 'INCVARS_EFOLD': 5, 'PBS_O_LOGNAME': 'emc.global', 'LIBJPEG_VER': '9c', 'DOHYBVAR_OCN': True, 'COM_ICE_GRIB_GRID_TMPL': '${ROTDIR}/${RUN}.${YMD}/${HH}/${MEMDIR}/products/ice/grib2/${GRID}', 'FHMAX_WAV_GFS': 384, 'W3EMC_LIB8': '/apps/ops/prod/libs/intel/19.1.3.304/w3emc/2.12.0/lib64/libw3emc_8.a', 'CLUSTERS_DTN': '', 'PBS_NODENUM': 0, 'NTHREADS_UPP': 1, 'MODULEPATH': '/apps/ops/prod/libs/modulefiles/mpi/intel/19.1.3.304/cray-mpich/8.1.4:/apps/prod/lmodules/INTEL_cray_mpich/19.1.3.304/cray-mpich/8.1.4:/opt/cray/pe/lmod/modulefiles/mpi/intel/19.0/ofi/1.0/cray-mpich/8.0:/apps/ops/prod/nco/modulefiles/compiler/intel/19.1.3.304:/apps/ops/prod/libs/modulefiles/compiler/intel/19.1.3.304:/apps/prod/lmodules/intel/19.1.3.304:/opt/cray/pe/lmod/modulefiles/comnet/intel/19.0/ofi/1.0:/apps/prod/lmodules/compiler/intel/19.0:/lfs/h2/emc/global/noscrub/emc.global/RETRO_GFSv17/git/global-workflow/develop_20250602/sorc/ufs_model.fd/FV3/upp/modulefiles:/opt/cray/pe/lmod/modulefiles/net/ofi/1.0:/opt/cray/pe/lmod/modulefiles/cpu/x86-rome/1.0:/usr/share/modules:/usr/share/Modules/$MODULE_VERSION/modulefiles:/usr/share/modules/modulefiles:/usr/share/modulefiles/Linux:/usr/share/modulefiles/Core:/usr/share/lmod/lmod/modulefiles/Core:/opt/cray/pe/lmod/modulefiles/core:/opt/cray/pe/lmod/modulefiles/craype-targets/default:/apps/prod/lmodules/sys_core:/apps/ops/prod/nco/modulefiles/core:/apps/prod/lmodules/core:/opt/cray/modulefiles', 'PBS_JOBDIR': '/u/emc.global', 'CRTM_LIB': '/apps/ops/prod/libs/intel/19.1.3.304/crtm/2.4.0/lib/libcrtm.a', 'NEMSIO_CHGDATE': '/apps/ops/prod/libs/intel/19.1.3.304/cray-mpich/8.1.4/nemsio/2.5.2/bin/nemsio_chgdate', 'ZLIB_LIB': '/apps/spack/zlib/1.2.11/intel/19.1.3.304/hjotqkckeoyt6j6tibalwzrlfljcjtdh/lib/libz.a', 'is_exclusive': True, 'CRAY_MPICH_DIR': '/opt/cray/pe/mpich/8.1.9/ofi/intel/19.0', 'restart_interval_gfs': 12, 'COM_ATMOS_INPUT_TMPL': '${ROTDIR}/${RUN}.${YMD}/${HH}/${MEMDIR}/model/atmos/input', 'IP_LIBd': '/apps/ops/prod/libs/intel/19.1.3.304/ip/4.0.0/lib64/libip_d.a', 'W3EMC_LIB4': '/apps/ops/prod/libs/intel/19.1.3.304/w3emc/2.12.0/lib64/libw3emc_4.a', 'LIBPNG_ROOT': '/apps/spack/libpng/1.6.37/intel/19.1.3.304/4ohkronuhlyherusoszzrmur5ewvlwzh', 'LMOD_FAMILY_CRAYPE': 'craype', 'LOGNAME': 'emc.global', 'FSYNC': '/apps/ops/prod/nco/core/prod_util.v2.0.14/exec/fsync_file', 'ZLIB_SRC': '/apps/spack/zlib/1.2.11/intel/19.1.3.304/hjotqkckeoyt6j6tibalwzrlfljcjtdh/src', 'wgrib2_VERSION': '2.0.8', 'COM_MED_RESTART_TMPL': '${ROTDIR}/${RUN}.${YMD}/${HH}/${MEMDIR}/model/med/restart', '__LMOD_REF_COUNT_LMOD_CUSTOM_PATHS': 'CNCM/apps/ops/prod/libs/modulefiles/mpi/intel/19.1.3.304/cray-mpich/8.1.4:1;CNCM/apps/prod/lmodules/INTEL_cray_mpich/19.1.3.304/cray-mpich/8.1.4:1;COMPILER/apps/ops/prod/nco/modulefiles/compiler/intel/19.1.3.304:1;COMPILER/apps/ops/prod/libs/modulefiles/compiler/intel/19.1.3.304:1;COMPILER/apps/prod/lmodules/intel/19.1.3.304:1', 'DO_CALC_INCREMENT': False, 'CRAY_MPICH_VERSION': '8.1.9', 'COM_ATMOS_OZNMON_TMPL': '${ROTDIR}/${RUN}.${YMD}/${HH}/${MEMDIR}/products/atmos/oznmon', 'CRTM_INC': '/apps/ops/prod/libs/intel/19.1.3.304/crtm/2.4.0/include', 'COM_ATMOS_WMO_TMPL': '${ROTDIR}/${RUN}.${YMD}/${HH}/${MEMDIR}/products/atmos/wmo', 'MODULE_VERSION_STACK': '3.2.10', 'CPLUS_INCLUDE_PATH': '/apps/spack/python/3.8.6/intel/19.1.3.304/pjn2nzkjvqgmjw4hmyz43v5x4jbxjzpk/include:/apps/spack/libjpeg/9c/intel/19.1.3.304/jkr3isi257ktoouprwaxcn4twtye747z/include:/apps/spack/zlib/1.2.11/intel/19.1.3.304/hjotqkckeoyt6j6tibalwzrlfljcjtdh/include:/apps/spack/libpng/1.6.37/intel/19.1.3.304/4ohkronuhlyherusoszzrmur5ewvlwzh/include:/apps/spack/jasper/2.0.25/intel/19.1.3.304/sjib74krrorkyczqpqah4tvewmlnqdx4/include', 'MKGFSNEMSIOCTL': '/apps/ops/prod/libs/intel/19.1.3.304/cray-mpich/8.1.4/nemsio/2.5.2/bin/mkgfsnemsioctl', 'MKLROOT': '/pe/intel/compilers_and_libraries_2020.4.304/linux/mkl', 'MODE': 'cycled', 'CNVGRIB': '/apps/ops/prod/libs/intel/19.1.3.304/grib_util/1.2.3/bin/cnvgrib', 'NOSCRUB': '/lfs/h2/emc/global/noscrub/emc.global', 'err': 0, 'FIXgfs': '/lfs/h2/emc/global/noscrub/emc.global/RETRO_GFSv17/git/global-workflow/develop_20250602/fix', 'MODULEPATH_ROOT': '/usr/share/modulefiles', 'LMOD_PACKAGE_PATH': '/apps/prod/lmodules', 'FHOUT_GOES': 3, 'COMIN_ATMOS_HISTORY': '/lfs/h2/emc/ptmp/emc.global/RETRO_GFSv17/comroot/retrotestgfs10/gdas.20241124/18//model/atmos/history', '__LMOD_REF_COUNT_PE_INTEL_FIXED_PKGCONFIG_PATH': '/opt/cray/pe/mpich/8.1.9/ofi/intel/19.0/lib/pkgconfig:1', 'USHgfs': '/lfs/h2/emc/global/noscrub/emc.global/RETRO_GFSv17/git/global-workflow/develop_20250602/ush', 'FHOUT_HF_GFS': 1, 'SENDECF': False, 'PE_MPICH_GTL_LIBS_amd_gfx906': '-lmpi_gtl_hsa', 'COM_OCEAN_GRIB_TMPL': '${ROTDIR}/${RUN}.${YMD}/${HH}/${MEMDIR}/products/ocean/grib2', 'COM_OCEAN_ANLMON_TMPL': '${ROTDIR}/${RUN}.${YMD}/${HH}/${MEMDIR}/products/ocean/anlmon', 'PSTLROOT': '/pe/intel/compilers_and_libraries_2020.4.304/linux/pstl', 'JPEG_INC': '/apps/spack/libjpeg/9c/intel/19.1.3.304/jkr3isi257ktoouprwaxcn4twtye747z/include', 'SP_INC4': '/apps/ops/prod/libs/intel/19.1.3.304/sp/2.3.3/include_4', 'PARTITION_DTN': '', 'SIGIO_INC': '/apps/ops/prod/libs/intel/19.1.3.304/sigio/2.3.2/include', 'DO_JEDIATMENS': False, 'SP_INC8': '/apps/ops/prod/libs/intel/19.1.3.304/sp/2.3.3/include_8', 'KEEPDATA': False, 'XDG_CONFIG_DIRS': '/etc/xdg', 'MAKE_ACFTBUFR': False, 'PATH': '/apps/spack/python/3.8.6/intel/19.1.3.304/pjn2nzkjvqgmjw4hmyz43v5x4jbxjzpk/bin:/apps/ops/prod/libs/intel/19.1.3.304/wgrib2/2.0.8/bin:/apps/ops/prod/libs/intel/19.1.3.304/grib_util/1.2.3/bin:/apps/spack/libjpeg/9c/intel/19.1.3.304/jkr3isi257ktoouprwaxcn4twtye747z/bin:/apps/prod/cfp/2.0.4/intel/19.1.3.304/bin:/opt/cray/pals/1.3.2/bin:/apps/ops/prod/nco/core/prod_util.v2.0.14/ush:/apps/ops/prod/libs/intel/19.1.3.304/cray-mpich/8.1.4/nemsio/2.5.2/bin:/apps/spack/libpng/1.6.37/intel/19.1.3.304/4ohkronuhlyherusoszzrmur5ewvlwzh/bin:/apps/spack/jasper/2.0.25/intel/19.1.3.304/sjib74krrorkyczqpqah4tvewmlnqdx4/bin:/apps/prod/hpc-stack/intel-19.1.3.304/cray-mpich-8.1.4/netcdf/4.7.4/bin:/apps/prod/hpc-stack/intel-19.1.3.304/cray-mpich-8.1.4/hdf5/1.10.6/bin:/apps/spack/cmake/3.20.2/intel/19.1.3.304/utnbptm3hrf7gppztidueu4jogfgemut/bin:/opt/cray/pe/craype/2.7.10/bin:/pe/intel/compilers_and_libraries_2020.4.304/linux/bin/intel64:/pe/intel/compilers_and_libraries_2020.4.304/linux/bin:/pe/intel/compilers_and_libraries_2020.4.304/linux/mpi/intel64/bin:/pe/intel/debugger_2020/gdb/intel64/bin:/opt/cray/bin:/u/emc.global/bin:/usr/local/bin:/usr/bin:/bin:/opt/c3/bin:/opt/pbs/bin:/sbin:.:/opt/cray/pe/bin:/apps/prod/python-modules/3.8.6/intel/19.1.3.304/bin:/apps/prod/python-modules/3.8.6/intel/19.1.3.304/lib/python3.8/site-packages/bin', 'DO_TRACKER': True, 'PE_MPICH_GTL_LIBS_amd_gfx908': '-lmpi_gtl_hsa', 'W3NCO_LIBd': '/apps/ops/prod/libs/intel/19.1.3.304/w3nco/2.4.1/lib/libw3nco_d.a', '_ModuleTable014_': 'cm9kX3V0aWwvMi4wLjE0IixbImxvYWRPcmRlciJdPTI2LHByb3BUPXt9LFsic3RhY2tEZXB0aCJdPTAsWyJzdGF0dXMiXT0iYWN0aXZlIixbInVzZXJOYW1lIl09InByb2RfdXRpbCIsfSxweXRob249e1siZm4iXT0iL2FwcHMvcHJvZC9sbW9kdWxlcy9pbnRlbC8xOS4xLjMuMzA0L3B5dGhvbi8zLjguNiIsWyJmdWxsTmFtZSJdPSJweXRob24vMy44LjYiLFsibG9hZE9yZGVyIl09MzIscHJvcFQ9e30sWyJzdGFja0RlcHRoIl09MCxbInN0YXR1cyJdPSJhY3RpdmUiLFsidXNlck5hbWUiXT0icHl0aG9uLzMuOC42Iix9LHNpZ2lvPXtbImZuIl09Ii9hcHBzL29wcy9wcm9kL2xpYnMvbW9kdWxlZmlsZXMvY29tcGlsZXIvaW50ZWwvMTkuMS4zLjMwNC9zaWdpby8yLjMuMi5sdWEi', 'TBBROOT': '/pe/intel/compilers_and_libraries_2020.4.304/linux/tbb', '__LMOD_REF_COUNT_PE_PRODUCT_LIST': 'CRAYPE:1;CRAYPE_X86_ROME:1', '_LMFILES_': '/opt/cray/pe/lmod/modulefiles/craype-targets/default/craype-x86-rome.lua:/opt/cray/modulefiles/libfabric/1.20.1:/opt/cray/pe/lmod/modulefiles/craype-targets/default/craype-network-ofi.lua:/apps/prod/lmodules/sys_core/envvar/1.0:/opt/cray/pe/lmod/modulefiles/core/PrgEnv-intel/8.1.0.lua:/apps/prod/lmodules/core/intel/19.1.3.304.lua:/opt/cray/pe/lmod/modulefiles/core/craype/2.7.10.lua:/opt/cray/pe/lmod/modulefiles/comnet/intel/19.0/ofi/1.0/cray-mpich/8.1.9.lua:/apps/prod/lmodules/core/cmake/3.20.2:/apps/prod/lmodules/INTEL_cray_mpich/19.1.3.304/cray-mpich/8.1.4/hdf5/1.10.6.lua:/apps/prod/lmodules/INTEL_cray_mpich/19.1.3.304/cray-mpich/8.1.4/netcdf/4.7.4.lua:/apps/prod/lmodules/intel/19.1.3.304/jasper/2.0.25:/apps/prod/lmodules/intel/19.1.3.304/libpng/1.6.37:/apps/prod/lmodules/intel/19.1.3.304/zlib/1.2.11:/apps/ops/prod/libs/modulefiles/compiler/intel/19.1.3.304/g2/3.5.1.lua:/apps/ops/prod/libs/modulefiles/compiler/intel/19.1.3.304/g2tmpl/1.13.0.lua:/apps/ops/prod/libs/modulefiles/compiler/intel/19.1.3.304/ip/4.0.0.lua:/apps/ops/prod/libs/modulefiles/compiler/intel/19.1.3.304/sp/2.3.3.lua:/apps/ops/prod/libs/modulefiles/compiler/intel/19.1.3.304/w3emc/2.12.0.lua:/apps/ops/prod/libs/modulefiles/compiler/intel/19.1.3.304/bacio/2.4.1.lua:/apps/ops/prod/libs/modulefiles/compiler/intel/19.1.3.304/w3nco/2.4.1.lua:/apps/ops/prod/libs/modulefiles/mpi/intel/19.1.3.304/cray-mpich/8.1.4/nemsio/2.5.2.lua:/apps/ops/prod/libs/modulefiles/compiler/intel/19.1.3.304/sigio/2.3.2.lua:/apps/ops/prod/libs/modulefiles/mpi/intel/19.1.3.304/cray-mpich/8.1.4/wrf_io/1.2.0.lua:/lfs/h2/emc/global/noscrub/emc.global/RETRO_GFSv17/git/global-workflow/develop_20250602/sorc/ufs_model.fd/FV3/upp/modulefiles/wcoss2.lua:/apps/ops/prod/nco/modulefiles/core/prod_util/2.0.14:/opt/cray/pe/lmod/modulefiles/core/cray-pals/1.3.2.lua:/apps/prod/lmodules/core/cfp/2.0.4:/apps/prod/lmodules/intel/19.1.3.304/libjpeg/9c:/apps/ops/prod/libs/modulefiles/compiler/intel/19.1.3.304/grib_util/1.2.3.lua:/apps/ops/prod/libs/modulefiles/compiler/intel/19.1.3.304/wgrib2/2.0.8.lua:/apps/prod/lmodules/intel/19.1.3.304/python/3.8.6:/apps/ops/prod/libs/modulefiles/compiler/intel/19.1.3.304/crtm/2.4.0.lua', 'BACIO_LIB4': '/apps/ops/prod/libs/intel/19.1.3.304/bacio/2.4.1/lib/libbacio_4.a', 'NetCDF_LIBRARIES': '/apps/prod/hpc-stack/intel-19.1.3.304/cray-mpich-8.1.4/netcdf/4.7.4/lib', 'COMDATEROOT': '/lfs/h1/ops/prod/com', 'EXECgfs': '/lfs/h2/emc/global/noscrub/emc.global/RETRO_GFSv17/git/global-workflow/develop_20250602/exec', 'cycle': 't18z', 'HDF5_VERSION': '1.10.6', 'w3emc_ROOT': '/apps/ops/prod/libs/intel/19.1.3.304/w3emc/2.12.0', 'LEVS': 128, 'pgmerr': 'errfile', 'PS4': '+ $(basename ${BASH_SOURCE[0]:-${FUNCNAME[0]:-"Unknown"}})[${LINENO}]', 'BACIO_LIB8': '/apps/ops/prod/libs/intel/19.1.3.304/bacio/2.4.1/lib/libbacio_8.a', 'BASE_GIT': '/lfs/h2/emc/global/save/emc.global/git', 'PBS_QUEUE': 'devmax', 'MODULESHOME': '/usr/share/lmod/lmod', 'nemsio_ROOT': '/apps/ops/prod/libs/intel/19.1.3.304/cray-mpich/8.1.4/nemsio/2.5.2', 'COM_CHEM_ANLMON_TMPL': '${ROTDIR}/${RUN}.${YMD}/${HH}/${MEMDIR}/products/chem/anlmon', 'LMOD_SETTARG_FULL_SUPPORT': False, 'PKG_CONFIG_PATH': '/apps/spack/python/3.8.6/intel/19.1.3.304/pjn2nzkjvqgmjw4hmyz43v5x4jbxjzpk/lib/pkgconfig:/apps/spack/libjpeg/9c/intel/19.1.3.304/jkr3isi257ktoouprwaxcn4twtye747z/lib/pkgconfig:/apps/spack/zlib/1.2.11/intel/19.1.3.304/hjotqkckeoyt6j6tibalwzrlfljcjtdh/lib/pkgconfig:/apps/spack/libpng/1.6.37/intel/19.1.3.304/4ohkronuhlyherusoszzrmur5ewvlwzh/lib/pkgconfig:/apps/spack/jasper/2.0.25/intel/19.1.3.304/sjib74krrorkyczqpqah4tvewmlnqdx4/lib64/pkgconfig:/opt/cray/pe/craype/2.7.10/pkg-config:/pe/intel/compilers_and_libraries_2020.4.304/linux/mkl/bin/pkgconfig:/opt/cray/lib64/pkgconfig', 'INFOPATH': '/pe/intel/documentation_2020/en/debugger/gdb-ia/info::/apps/docs/info', 'G_BROKEN_FILENAMES': 1, 'FHOUT_OCN': 3, 'COM_ATMOS_GENESIS_TMPL': '${ROTDIR}/${RUN}.${YMD}/${HH}/${MEMDIR}/products/atmos/cyclone/genesis_vital', 'I_MPI_ROOT': '/pe/intel/compilers_and_libraries_2020.4.304/linux/mpi', '_ModuleTable011_': 'WyJzdGFja0RlcHRoIl09MSxbInN0YXR1cyJdPSJhY3RpdmUiLFsidXNlck5hbWUiXT0iamFzcGVyLzIuMC4yNSIsfSxsaWJmYWJyaWM9e1siZm4iXT0iL29wdC9jcmF5L21vZHVsZWZpbGVzL2xpYmZhYnJpYy8xLjIwLjEiLFsiZnVsbE5hbWUiXT0ibGliZmFicmljLzEuMjAuMSIsWyJsb2FkT3JkZXIiXT0yLHByb3BUPXt9LFsic3RhY2tEZXB0aCJdPTIsWyJzdGF0dXMiXT0iYWN0aXZlIixbInVzZXJOYW1lIl09ImxpYmZhYnJpYyIsfSxsaWJqcGVnPXtbImZuIl09Ii9hcHBzL3Byb2QvbG1vZHVsZXMvaW50ZWwvMTkuMS4zLjMwNC9saWJqcGVnLzljIixbImZ1bGxOYW1lIl09ImxpYmpwZWcvOWMiLFsibG9hZE9yZGVyIl09MjkscHJvcFQ9e30sWyJzdGFja0RlcHRoIl09MCxb', 'IAUFHRS_ENKF': [3, 6, 9], 'LIBPNG_SRC': '/apps/spack/libpng/1.6.37/intel/19.1.3.304/4ohkronuhlyherusoszzrmur5ewvlwzh/src', 'W3NCO_LIB8': '/apps/ops/prod/libs/intel/19.1.3.304/w3nco/2.4.1/lib/libw3nco_8.a', 'SP_INCd': '/apps/ops/prod/libs/intel/19.1.3.304/sp/2.3.3/include_d', 'HISTSIZE': 10000, 'CRAYPE_DIR': '/opt/cray/pe/craype/2.7.10', 'INCREMENTS_TO_ZERO': ["'liq_wat_inc'", "'icmr_inc'", "'rwmr_inc'", "'snmr_inc'", "'grle_inc'"], 'LMOD_PKG': '/usr/share/lmod/lmod', '__LMOD_REF_COUNT_PE_MPICH_PKGCONFIG_LIBS': 'mpich:1', 'W3NCO_LIB4': '/apps/ops/prod/libs/intel/19.1.3.304/w3nco/2.4.1/lib/libw3nco_4.a', 'IAU_OFFSET': 6, 'DO_GENESIS_FSU': False, 'FHMAX_HF_GFS': 120, 'COM_WAVE_STATION_TMPL': '${ROTDIR}/${RUN}.${YMD}/${HH}/${MEMDIR}/products/wave/station', 'COM_CONF_TMPL': '${ROTDIR}/${RUN}.${YMD}/${HH}/${MEMDIR}/conf', 'CPU': 'x86_64', '__LMOD_REF_COUNT_PE_PKGCONFIG_LIBS': 'mpich:1', 'CRAYPE_VERSION': '2.7.10', 'COM_ATMOS_TRACK_TMPL': '${ROTDIR}/${RUN}.${YMD}/${HH}/${MEMDIR}/products/atmos/cyclone/tracks', 'NETCDF_LIBRARIES': '/apps/prod/hpc-stack/intel-19.1.3.304/cray-mpich-8.1.4/netcdf/4.7.4/lib', 'PTMP': '/lfs/h2/emc/ptmp/emc.global', 'FHOUT_HF_WAV': 1, 'NFHRS_PER_GROUP': 3, 'DONST': True, 'LMOD_CMD': '/usr/share/lmod/lmod/libexec/lmod', '_ModuleTable005_': 'LjcuMTAiLFsibG9hZE9yZGVyIl09Nyxwcm9wVD17fSxbInN0YWNrRGVwdGgiXT0xLFsic3RhdHVzIl09ImFjdGl2ZSIsWyJ1c2VyTmFtZSJdPSJjcmF5cGUvMi43LjEwIix9LFsiY3JheXBlLW5ldHdvcmstb2ZpIl09e1siZm4iXT0iL29wdC9jcmF5L3BlL2xtb2QvbW9kdWxlZmlsZXMvY3JheXBlLXRhcmdldHMvZGVmYXVsdC9jcmF5cGUtbmV0d29yay1vZmkubHVhIixbImZ1bGxOYW1lIl09ImNyYXlwZS1uZXR3b3JrLW9maSIsWyJsb2FkT3JkZXIiXT0zLHByb3BUPXt9LFsic3RhY2tEZXB0aCJdPTEsWyJzdGF0dXMiXT0iYWN0aXZlIixbInVzZXJOYW1lIl09ImNyYXlwZS1uZXR3b3JrLW9maSIsfSxbImNyYXlwZS14ODYtcm9tZSJdPXtbImZuIl09Ii9vcHQvY3JheS9wZS9s', 'CI_PTMP': '/lfs/h2/emc/ptmp/emc.global', 'STMP': '/lfs/h2/emc/stmp/emc.global', 'CRAY_MPICH_PREFIX': '/opt/cray/pe/mpich/8.1.9/ofi/intel/19.0', 'CHGRP_RSTPROD': True, 'DBNROOT': '/apps/ops/prod/nco/core/prod_util.v2.0.14/fakedbn', 'CVS_RSH': 'ssh', 'WGRIB2': 'wgrib2', 'PBS_O_MAIL': '/var/spool/mail/emc.global', 'OMP_NUM_THREADS': 1, 'LESSOPEN': 'lessopen.sh %s', '_ModuleTable020_': 'ZWZpbGVzL2NvbXBpbGVyL2ludGVsLzE5LjEuMy4zMDQiLCIvYXBwcy9wcm9kL2xtb2R1bGVzL2ludGVsLzE5LjEuMy4zMDQiLCIvb3B0L2NyYXkvcGUvbG1vZC9tb2R1bGVmaWxlcy9jb21uZXQvaW50ZWwvMTkuMC9vZmkvMS4wIiwiL2FwcHMvcHJvZC9sbW9kdWxlcy9jb21waWxlci9pbnRlbC8xOS4wIiwiL2xmcy9oMi9lbWMvZ2xvYmFsL25vc2NydWIvZW1jLmdsb2JhbC9SRVRST19HRlN2MTcvZ2l0L2dsb2JhbC13b3JrZmxvdy9kZXZlbG9wXzIwMjUwNjAyL3NvcmMvdWZzX21vZGVsLmZkL0ZWMy91cHAvbW9kdWxlZmlsZXMiLCIvb3B0L2NyYXkvcGUvbG1vZC9tb2R1bGVmaWxlcy9uZXQvb2ZpLzEuMCIsIi9vcHQvY3JheS9wZS9sbW9kL21vZHVsZWZpbGVzL2NwdS94ODYt', 'COM_OCEAN_HISTORY_TMPL': '${ROTDIR}/${RUN}.${YMD}/${HH}/${MEMDIR}/model/ocean/history', 'EXP_WARM_START': True, 'FHMAX_WAV': 9, 'LMOD_DIR': '/usr/share/lmod/lmod/libexec', 'LC_TIME': 'C.UTF-8', 'APRUN_UPP': 'mpiexec -l -n 200 -ppn 40 --cpu-bind depth --depth 1', 'SCRgfs': '/lfs/h2/emc/global/noscrub/emc.global/RETRO_GFSv17/git/global-workflow/develop_20250602/scripts', 'LMOD_FAMILY_MPI': 'cray-mpich', 'JPEG_LIB': '/apps/spack/libjpeg/9c/intel/19.1.3.304/jkr3isi257ktoouprwaxcn4twtye747z/lib/libjpeg.a', 'BASH_FUNC_postamble%%': '() {  set +x;\n script="${1}";\n start_time="${2}";\n rc="${3}";\n if [[ -v \'POSTAMBLE_CMD\' ]]; then\n ${POSTAMBLE_CMD};\n fi;\n end_time=$(date +%s);\n end_time_human=$(date -d@"${end_time}" -u +%H:%M:%S);\n elapsed_sec=$((end_time - start_time));\n elapsed=$(date -d@"${elapsed_sec}" -u +%H:%M:%S);\n echo "End ${script} at ${end_time_human} with error code ${rc:-0} (time elapsed: ${elapsed})";\n exit "${rc}"\n}', 'BASH_FUNC_set_strict%%': '() {  if [[ ${STRICT:-"YES"} == "YES" ]]; then\n set -eu;\n fi\n}', 'BASH_FUNC_module%%': '() {  eval $($LMOD_CMD bash "$@") && eval $(${LMOD_SETTARG_CMD:-:} -s sh)\n}', 'BASH_FUNC_set_trace%%': '() {  if [[ ${TRACE:-"YES"} == "YES" ]]; then\n set -x;\n fi\n}', 'BASH_FUNC_declare_from_tmpl%%': '() {  if [[ ${DEBUG_WORKFLOW:-"NO"} == "NO" ]]; then\n set +x;\n fi;\n local opts="-g";\n local OPTIND=1;\n while getopts "rx" option; do\n opts="${opts}${option}";\n done;\n shift $((OPTIND-1));\n for input in "$@";\n do\n IFS=\':\' read -ra args <<< "${input}";\n local com_var="${args[0]}";\n local template;\n local value;\n if (( ${#args[@]} > 1 )); then\n template="${args[1]}";\n else\n template="${com_var}_TMPL";\n fi;\n if [[ ! -v "${template}" ]]; then\n echo "FATAL ERROR in declare_from_tmpl: Requested template ${template} not defined!";\n exit 2;\n fi;\n value=$(echo "${!template}" | envsubst);\n declare ${opts} "${com_var}"="${value}";\n echo "declare_from_tmpl :: ${com_var}=${value}";\n done;\n set_trace\n}', 'BASH_FUNC_wait_for_file%%': '() {  set +x;\n local file_name=${1:?"wait_for_file() requires a file name"};\n local sleep_interval=${2:-60};\n local max_tries=${3:-100};\n for ((iter=0; iter<max_tries; iter++ ))\n do\n if [[ -r ${file_name} ]]; then\n set_trace;\n return 0;\n fi;\n sleep "${sleep_interval}";\n done;\n set_trace;\n return 1\n}', 'BASH_FUNC_err_exit%%': ['() {  set +eux;\n msg1=${*:-Job ${jobid} failed};\n if [[ -n "${pgm}" ]]; then\n msg1+="', 'ERROR IN ${pgm}";\n fi;\n if [[ -n "${err}" ]]; then\n msg1+=" RETURN CODE ${err}";\n fi;\n msg2="\n    -------------------------------------------------------------\n    -- FATAL ERROR: ${msg1}\n    -- ABNORMAL EXIT at $(date) on ${HOSTNAME}\n    -------------------------------------------------------------\n    ";\n echo "${msg2}" 1>&2;\n module list;\n echo "" 1>&2;\n echo "${msg1}" 1>&2;\n if [[ -n "${DATA}" ]]; then\n echo "${DATA}" 1>&2;\n ls -ltr "${DATA}" 1>&2;\n else\n echo "WARNING: DATA variable not defined" 1>&2;\n fi;\n if [[ -n "${pgmout}" ]]; then\n if [[ -s errfile ]]; then\n echo "----- contents of errfile -----" >> "${pgmout}";\n cat errfile >> "${pgmout}";\n fi;\n cat "${pgmout}" 1>&2;\n else\n if [[ -s errfile ]]; then\n cat errfile 1>&2;\n fi;\n fi;\n if [[ "${SENDECF}" = "YES" ]]; then\n timeout 30 ecflow_client --msg "${ECF_NAME}: ${msg1}";\n timeout 30 ssh "${ECF_HOST}" "echo \\"${msg}2\\" >> ${ECF_JOBOUT:?}";\n fi;\n if [[ "${SENDECF}" = "YES" ]]; then\n ecflow_client --kill="${ECF_NAME:?}";\n fi;\n if [[ -n "${PBS_JOBID}" ]]; then\n qdel "${PBS_JOBID}";\n else\n if [[ -n "${SLURM_JOB_ID}" ]]; then\n scancel "${SLURM_JOB_ID}";\n fi;\n fi\n}'], 'BASH_FUNC_ml%%': '() {  eval $($LMOD_DIR/ml_cmd "$@")\n}', '_': '/lfs/h2/emc/global/noscrub/emc.global/RETRO_GFSv17/git/global-workflow/develop_20250602/scripts/exglobal_atmos_upp.py'} )[0m
[38;5;39m2025-06-16 19:01:49,157 - DEBUG    - task        : current cycle: 2024-11-24 18:00:00[0m
[38;5;39m2025-06-16 19:01:49,157 - DEBUG    - task        : previous cycle: 2024-11-24 12:00:00[0m
[38;21m2025-06-16 19:01:49,159 - INFO     - upp         : Read the UPP configuration yaml file /lfs/h2/emc/global/noscrub/emc.global/RETRO_GFSv17/git/global-workflow/develop_20250602/parm/post/upp.yaml[0m
[38;5;39m2025-06-16 19:01:49,255 - DEBUG    - upp         : upp_yaml:
{'analysis': {'config': {'rdaod': True},
              'data_in': {'copy': [['/lfs/h2/emc/global/noscrub/emc.global/RETRO_GFSv17/git/global-workflow/develop_20250602/parm/post/gfs/postxconfig-NT-gfs-anl.txt',
                                    '/lfs/h2/emc/stmp/emc.global/RUNDIRS/retrotestgfs10/gdas.2024112418/upp.2435701/postxconfig-NT.txt'],
                                   ['/lfs/h2/emc/ptmp/emc.global/RETRO_GFSv17/comroot/retrotestgfs10/gdas.20241124/18//analysis/atmos/gdas.t18z.atmanl.nc',
                                    '/lfs/h2/emc/stmp/emc.global/RUNDIRS/retrotestgfs10/gdas.2024112418/upp.2435701/atm_20241124180000.nc'],
                                   ['/lfs/h2/emc/ptmp/emc.global/RETRO_GFSv17/comroot/retrotestgfs10/gdas.20241124/18//analysis/atmos/gdas.t18z.sfcanl.nc',
                                    '/lfs/h2/emc/stmp/emc.global/RUNDIRS/retrotestgfs10/gdas.2024112418/upp.2435701/sfc_20241124180000.nc']]},
              'data_out': {'copy': [['/lfs/h2/emc/stmp/emc.global/RUNDIRS/retrotestgfs10/gdas.2024112418/upp.2435701/GFSPRS.GrbF00',
                                     '/lfs/h2/emc/ptmp/emc.global/RETRO_GFSv17/comroot/retrotestgfs10/gdas.20241124/18//model/atmos/master/gdas.t18z.master.grb2anl'],
                                    ['/lfs/h2/emc/stmp/emc.global/RUNDIRS/retrotestgfs10/gdas.2024112418/upp.2435701/GFSPRS.GrbF00.idx',
                                     '/lfs/h2/emc/ptmp/emc.global/RETRO_GFSv17/comroot/retrotestgfs10/gdas.20241124/18//model/atmos/master/gdas.t18z.master.grb2ianl']]}},
 'forecast': {'config': {'rdaod': True},
              'data_in': {'copy': [['/lfs/h2/emc/global/noscrub/emc.global/RETRO_GFSv17/git/global-workflow/develop_20250602/parm/post/gfs/postxconfig-NT-gfs-f00-two.txt',
                                    '/lfs/h2/emc/stmp/emc.global/RUNDIRS/retrotestgfs10/gdas.2024112418/upp.2435701/postxconfig-NT.txt'],
                                   ['/lfs/h2/emc/ptmp/emc.global/RETRO_GFSv17/comroot/retrotestgfs10/gdas.20241124/18//model/atmos/history/gdas.t18z.atmf000.nc',
                                    '/lfs/h2/emc/stmp/emc.global/RUNDIRS/retrotestgfs10/gdas.2024112418/upp.2435701/atm_20241124180000.nc'],
                                   ['/lfs/h2/emc/ptmp/emc.global/RETRO_GFSv17/comroot/retrotestgfs10/gdas.20241124/18//model/atmos/history/gdas.t18z.sfcf000.nc',
                                    '/lfs/h2/emc/stmp/emc.global/RUNDIRS/retrotestgfs10/gdas.2024112418/upp.2435701/sfc_20241124180000.nc']]},
              'data_out': {'copy': [['/lfs/h2/emc/stmp/emc.global/RUNDIRS/retrotestgfs10/gdas.2024112418/upp.2435701/GFSPRS.GrbF00',
                                     '/lfs/h2/emc/ptmp/emc.global/RETRO_GFSv17/comroot/retrotestgfs10/gdas.20241124/18//model/atmos/master/gdas.t18z.master.grb2f000'],
                                    ['/lfs/h2/emc/stmp/emc.global/RUNDIRS/retrotestgfs10/gdas.2024112418/upp.2435701/GFSFLX.GrbF00',
                                     '/lfs/h2/emc/ptmp/emc.global/RETRO_GFSv17/comroot/retrotestgfs10/gdas.20241124/18//model/atmos/master/gdas.t18z.sfluxgrbf000.grib2'],
                                    ['/lfs/h2/emc/stmp/emc.global/RUNDIRS/retrotestgfs10/gdas.2024112418/upp.2435701/GFSPRS.GrbF00.idx',
                                     '/lfs/h2/emc/ptmp/emc.global/RETRO_GFSv17/comroot/retrotestgfs10/gdas.20241124/18//model/atmos/master/gdas.t18z.master.grb2if000'],
                                    ['/lfs/h2/emc/stmp/emc.global/RUNDIRS/retrotestgfs10/gdas.2024112418/upp.2435701/GFSFLX.GrbF00.idx',
                                     '/lfs/h2/emc/ptmp/emc.global/RETRO_GFSv17/comroot/retrotestgfs10/gdas.20241124/18//model/atmos/master/gdas.t18z.sfluxgrbf000.grib2.idx']]}},
 'goes': {'config': {'rdaod': False},
          'data_in': {'copy': [['/apps/ops/prod/libs/intel/19.1.3.304/crtm/2.4.0/fix/amsre_aqua.TauCoeff.bin',
                                '/lfs/h2/emc/stmp/emc.global/RUNDIRS/retrotestgfs10/gdas.2024112418/upp.2435701/'],
                               ['/apps/ops/prod/libs/intel/19.1.3.304/crtm/2.4.0/fix/amsre_aqua.SpcCoeff.bin',
                                '/lfs/h2/emc/stmp/emc.global/RUNDIRS/retrotestgfs10/gdas.2024112418/upp.2435701/'],
                               ['/apps/ops/prod/libs/intel/19.1.3.304/crtm/2.4.0/fix/imgr_g11.TauCoeff.bin',
                                '/lfs/h2/emc/stmp/emc.global/RUNDIRS/retrotestgfs10/gdas.2024112418/upp.2435701/'],
                               ['/apps/ops/prod/libs/intel/19.1.3.304/crtm/2.4.0/fix/imgr_g11.SpcCoeff.bin',
                                '/lfs/h2/emc/stmp/emc.global/RUNDIRS/retrotestgfs10/gdas.2024112418/upp.2435701/'],
                               ['/apps/ops/prod/libs/intel/19.1.3.304/crtm/2.4.0/fix/imgr_g12.TauCoeff.bin',
                                '/lfs/h2/emc/stmp/emc.global/RUNDIRS/retrotestgfs10/gdas.2024112418/upp.2435701/'],
                               ['/apps/ops/prod/libs/intel/19.1.3.304/crtm/2.4.0/fix/imgr_g12.SpcCoeff.bin',
                                '/lfs/h2/emc/stmp/emc.global/RUNDIRS/retrotestgfs10/gdas.2024112418/upp.2435701/'],
                               ['/apps/ops/prod/libs/intel/19.1.3.304/crtm/2.4.0/fix/imgr_g13.TauCoeff.bin',
                                '/lfs/h2/emc/stmp/emc.global/RUNDIRS/retrotestgfs10/gdas.2024112418/upp.2435701/'],
                               ['/apps/ops/prod/libs/intel/19.1.3.304/crtm/2.4.0/fix/imgr_g13.SpcCoeff.bin',
                                '/lfs/h2/emc/stmp/emc.global/RUNDIRS/retrotestgfs10/gdas.2024112418/upp.2435701/'],
                               ['/apps/ops/prod/libs/intel/19.1.3.304/crtm/2.4.0/fix/imgr_g15.TauCoeff.bin',
                                '/lfs/h2/emc/stmp/emc.global/RUNDIRS/retrotestgfs10/gdas.2024112418/upp.2435701/'],
                               ['/apps/ops/prod/libs/intel/19.1.3.304/crtm/2.4.0/fix/imgr_g15.SpcCoeff.bin',
                                '/lfs/h2/emc/stmp/emc.global/RUNDIRS/retrotestgfs10/gdas.2024112418/upp.2435701/'],
                               ['/apps/ops/prod/libs/intel/19.1.3.304/crtm/2.4.0/fix/imgr_mt1r.TauCoeff.bin',
                                '/lfs/h2/emc/stmp/emc.global/RUNDIRS/retrotestgfs10/gdas.2024112418/upp.2435701/'],
                               ['/apps/ops/prod/libs/intel/19.1.3.304/crtm/2.4.0/fix/imgr_mt1r.SpcCoeff.bin',
                                '/lfs/h2/emc/stmp/emc.global/RUNDIRS/retrotestgfs10/gdas.2024112418/upp.2435701/'],
                               ['/apps/ops/prod/libs/intel/19.1.3.304/crtm/2.4.0/fix/imgr_mt2.TauCoeff.bin',
                                '/lfs/h2/emc/stmp/emc.global/RUNDIRS/retrotestgfs10/gdas.2024112418/upp.2435701/'],
                               ['/apps/ops/prod/libs/intel/19.1.3.304/crtm/2.4.0/fix/imgr_mt2.SpcCoeff.bin',
                                '/lfs/h2/emc/stmp/emc.global/RUNDIRS/retrotestgfs10/gdas.2024112418/upp.2435701/'],
                               ['/apps/ops/prod/libs/intel/19.1.3.304/crtm/2.4.0/fix/imgr_insat3d.TauCoeff.bin',
                                '/lfs/h2/emc/stmp/emc.global/RUNDIRS/retrotestgfs10/gdas.2024112418/upp.2435701/'],
                               ['/apps/ops/prod/libs/intel/19.1.3.304/crtm/2.4.0/fix/imgr_insat3d.SpcCoeff.bin',
                                '/lfs/h2/emc/stmp/emc.global/RUNDIRS/retrotestgfs10/gdas.2024112418/upp.2435701/'],
                               ['/apps/ops/prod/libs/intel/19.1.3.304/crtm/2.4.0/fix/seviri_m10.TauCoeff.bin',
                                '/lfs/h2/emc/stmp/emc.global/RUNDIRS/retrotestgfs10/gdas.2024112418/upp.2435701/'],
                               ['/apps/ops/prod/libs/intel/19.1.3.304/crtm/2.4.0/fix/seviri_m10.SpcCoeff.bin',
                                '/lfs/h2/emc/stmp/emc.global/RUNDIRS/retrotestgfs10/gdas.2024112418/upp.2435701/'],
                               ['/apps/ops/prod/libs/intel/19.1.3.304/crtm/2.4.0/fix/ssmi_f13.TauCoeff.bin',
                                '/lfs/h2/emc/stmp/emc.global/RUNDIRS/retrotestgfs10/gdas.2024112418/upp.2435701/'],
                               ['/apps/ops/prod/libs/intel/19.1.3.304/crtm/2.4.0/fix/ssmi_f13.SpcCoeff.bin',
                                '/lfs/h2/emc/stmp/emc.global/RUNDIRS/retrotestgfs10/gdas.2024112418/upp.2435701/'],
                               ['/apps/ops/prod/libs/intel/19.1.3.304/crtm/2.4.0/fix/ssmi_f14.TauCoeff.bin',
                                '/lfs/h2/emc/stmp/emc.global/RUNDIRS/retrotestgfs10/gdas.2024112418/upp.2435701/'],
                               ['/apps/ops/prod/libs/intel/19.1.3.304/crtm/2.4.0/fix/ssmi_f14.SpcCoeff.bin',
                                '/lfs/h2/emc/stmp/emc.global/RUNDIRS/retrotestgfs10/gdas.2024112418/upp.2435701/'],
                               ['/apps/ops/prod/libs/intel/19.1.3.304/crtm/2.4.0/fix/ssmi_f15.TauCoeff.bin',
                                '/lfs/h2/emc/stmp/emc.global/RUNDIRS/retrotestgfs10/gdas.2024112418/upp.2435701/'],
                               ['/apps/ops/prod/libs/intel/19.1.3.304/crtm/2.4.0/fix/ssmi_f15.SpcCoeff.bin',
                                '/lfs/h2/emc/stmp/emc.global/RUNDIRS/retrotestgfs10/gdas.2024112418/upp.2435701/'],
                               ['/apps/ops/prod/libs/intel/19.1.3.304/crtm/2.4.0/fix/ssmis_f16.TauCoeff.bin',
                                '/lfs/h2/emc/stmp/emc.global/RUNDIRS/retrotestgfs10/gdas.2024112418/upp.2435701/'],
                               ['/apps/ops/prod/libs/intel/19.1.3.304/crtm/2.4.0/fix/ssmis_f16.SpcCoeff.bin',
                                '/lfs/h2/emc/stmp/emc.global/RUNDIRS/retrotestgfs10/gdas.2024112418/upp.2435701/'],
                               ['/apps/ops/prod/libs/intel/19.1.3.304/crtm/2.4.0/fix/ssmis_f17.TauCoeff.bin',
                                '/lfs/h2/emc/stmp/emc.global/RUNDIRS/retrotestgfs10/gdas.2024112418/upp.2435701/'],
                               ['/apps/ops/prod/libs/intel/19.1.3.304/crtm/2.4.0/fix/ssmis_f17.SpcCoeff.bin',
                                '/lfs/h2/emc/stmp/emc.global/RUNDIRS/retrotestgfs10/gdas.2024112418/upp.2435701/'],
                               ['/apps/ops/prod/libs/intel/19.1.3.304/crtm/2.4.0/fix/ssmis_f18.TauCoeff.bin',
                                '/lfs/h2/emc/stmp/emc.global/RUNDIRS/retrotestgfs10/gdas.2024112418/upp.2435701/'],
                               ['/apps/ops/prod/libs/intel/19.1.3.304/crtm/2.4.0/fix/ssmis_f18.SpcCoeff.bin',
                                '/lfs/h2/emc/stmp/emc.global/RUNDIRS/retrotestgfs10/gdas.2024112418/upp.2435701/'],
                               ['/apps/ops/prod/libs/intel/19.1.3.304/crtm/2.4.0/fix/ssmis_f19.TauCoeff.bin',
                                '/lfs/h2/emc/stmp/emc.global/RUNDIRS/retrotestgfs10/gdas.2024112418/upp.2435701/'],
                               ['/apps/ops/prod/libs/intel/19.1.3.304/crtm/2.4.0/fix/ssmis_f19.SpcCoeff.bin',
                                '/lfs/h2/emc/stmp/emc.global/RUNDIRS/retrotestgfs10/gdas.2024112418/upp.2435701/'],
                               ['/apps/ops/prod/libs/intel/19.1.3.304/crtm/2.4.0/fix/ssmis_f20.TauCoeff.bin',
                                '/lfs/h2/emc/stmp/emc.global/RUNDIRS/retrotestgfs10/gdas.2024112418/upp.2435701/'],
                               ['/apps/ops/prod/libs/intel/19.1.3.304/crtm/2.4.0/fix/ssmis_f20.SpcCoeff.bin',
                                '/lfs/h2/emc/stmp/emc.global/RUNDIRS/retrotestgfs10/gdas.2024112418/upp.2435701/'],
                               ['/apps/ops/prod/libs/intel/19.1.3.304/crtm/2.4.0/fix/tmi_trmm.TauCoeff.bin',
                                '/lfs/h2/emc/stmp/emc.global/RUNDIRS/retrotestgfs10/gdas.2024112418/upp.2435701/'],
                               ['/apps/ops/prod/libs/intel/19.1.3.304/crtm/2.4.0/fix/tmi_trmm.SpcCoeff.bin',
                                '/lfs/h2/emc/stmp/emc.global/RUNDIRS/retrotestgfs10/gdas.2024112418/upp.2435701/'],
                               ['/apps/ops/prod/libs/intel/19.1.3.304/crtm/2.4.0/fix/abi_gr.TauCoeff.bin',
                                '/lfs/h2/emc/stmp/emc.global/RUNDIRS/retrotestgfs10/gdas.2024112418/upp.2435701/'],
                               ['/apps/ops/prod/libs/intel/19.1.3.304/crtm/2.4.0/fix/abi_gr.SpcCoeff.bin',
                                '/lfs/h2/emc/stmp/emc.global/RUNDIRS/retrotestgfs10/gdas.2024112418/upp.2435701/'],
                               ['/apps/ops/prod/libs/intel/19.1.3.304/crtm/2.4.0/fix/ahi_himawari8.TauCoeff.bin',
                                '/lfs/h2/emc/stmp/emc.global/RUNDIRS/retrotestgfs10/gdas.2024112418/upp.2435701/'],
                               ['/apps/ops/prod/libs/intel/19.1.3.304/crtm/2.4.0/fix/ahi_himawari8.SpcCoeff.bin',
                                '/lfs/h2/emc/stmp/emc.global/RUNDIRS/retrotestgfs10/gdas.2024112418/upp.2435701/'],
                               ['/apps/ops/prod/libs/intel/19.1.3.304/crtm/2.4.0/fix/v.seviri_m10.SpcCoeff.bin',
                                '/lfs/h2/emc/stmp/emc.global/RUNDIRS/retrotestgfs10/gdas.2024112418/upp.2435701/'],
                               ['/apps/ops/prod/libs/intel/19.1.3.304/crtm/2.4.0/fix/FASTEM4.MWwater.EmisCoeff.bin',
                                '/lfs/h2/emc/stmp/emc.global/RUNDIRS/retrotestgfs10/gdas.2024112418/upp.2435701/'],
                               ['/apps/ops/prod/libs/intel/19.1.3.304/crtm/2.4.0/fix/FASTEM5.MWwater.EmisCoeff.bin',
                                '/lfs/h2/emc/stmp/emc.global/RUNDIRS/retrotestgfs10/gdas.2024112418/upp.2435701/'],
                               ['/apps/ops/prod/libs/intel/19.1.3.304/crtm/2.4.0/fix/FASTEM6.MWwater.EmisCoeff.bin',
                                '/lfs/h2/emc/stmp/emc.global/RUNDIRS/retrotestgfs10/gdas.2024112418/upp.2435701/'],
                               ['/apps/ops/prod/libs/intel/19.1.3.304/crtm/2.4.0/fix/IGBP.IRland.EmisCoeff.bin',
                                '/lfs/h2/emc/stmp/emc.global/RUNDIRS/retrotestgfs10/gdas.2024112418/upp.2435701/'],
                               ['/apps/ops/prod/libs/intel/19.1.3.304/crtm/2.4.0/fix/IGBP.VISland.EmisCoeff.bin',
                                '/lfs/h2/emc/stmp/emc.global/RUNDIRS/retrotestgfs10/gdas.2024112418/upp.2435701/'],
                               ['/apps/ops/prod/libs/intel/19.1.3.304/crtm/2.4.0/fix/Nalli.IRwater.EmisCoeff.bin',
                                '/lfs/h2/emc/stmp/emc.global/RUNDIRS/retrotestgfs10/gdas.2024112418/upp.2435701/'],
                               ['/apps/ops/prod/libs/intel/19.1.3.304/crtm/2.4.0/fix/NPOESS.IRice.EmisCoeff.bin',
                                '/lfs/h2/emc/stmp/emc.global/RUNDIRS/retrotestgfs10/gdas.2024112418/upp.2435701/'],
                               ['/apps/ops/prod/libs/intel/19.1.3.304/crtm/2.4.0/fix/NPOESS.IRland.EmisCoeff.bin',
                                '/lfs/h2/emc/stmp/emc.global/RUNDIRS/retrotestgfs10/gdas.2024112418/upp.2435701/'],
                               ['/apps/ops/prod/libs/intel/19.1.3.304/crtm/2.4.0/fix/NPOESS.IRsnow.EmisCoeff.bin',
                                '/lfs/h2/emc/stmp/emc.global/RUNDIRS/retrotestgfs10/gdas.2024112418/upp.2435701/'],
                               ['/apps/ops/prod/libs/intel/19.1.3.304/crtm/2.4.0/fix/NPOESS.VISice.EmisCoeff.bin',
                                '/lfs/h2/emc/stmp/emc.global/RUNDIRS/retrotestgfs10/gdas.2024112418/upp.2435701/'],
                               ['/apps/ops/prod/libs/intel/19.1.3.304/crtm/2.4.0/fix/NPOESS.VISland.EmisCoeff.bin',
                                '/lfs/h2/emc/stmp/emc.global/RUNDIRS/retrotestgfs10/gdas.2024112418/upp.2435701/'],
                               ['/apps/ops/prod/libs/intel/19.1.3.304/crtm/2.4.0/fix/NPOESS.VISsnow.EmisCoeff.bin',
                                '/lfs/h2/emc/stmp/emc.global/RUNDIRS/retrotestgfs10/gdas.2024112418/upp.2435701/'],
                               ['/apps/ops/prod/libs/intel/19.1.3.304/crtm/2.4.0/fix/NPOESS.VISwater.EmisCoeff.bin',
                                '/lfs/h2/emc/stmp/emc.global/RUNDIRS/retrotestgfs10/gdas.2024112418/upp.2435701/'],
                               ['/apps/ops/prod/libs/intel/19.1.3.304/crtm/2.4.0/fix/USGS.IRland.EmisCoeff.bin',
                                '/lfs/h2/emc/stmp/emc.global/RUNDIRS/retrotestgfs10/gdas.2024112418/upp.2435701/'],
                               ['/apps/ops/prod/libs/intel/19.1.3.304/crtm/2.4.0/fix/USGS.VISland.EmisCoeff.bin',
                                '/lfs/h2/emc/stmp/emc.global/RUNDIRS/retrotestgfs10/gdas.2024112418/upp.2435701/'],
                               ['/apps/ops/prod/libs/intel/19.1.3.304/crtm/2.4.0/fix/WuSmith.IRwater.EmisCoeff.bin',
                                '/lfs/h2/emc/stmp/emc.global/RUNDIRS/retrotestgfs10/gdas.2024112418/upp.2435701/'],
                               ['/apps/ops/prod/libs/intel/19.1.3.304/crtm/2.4.0/fix/AerosolCoeff.bin',
                                '/lfs/h2/emc/stmp/emc.global/RUNDIRS/retrotestgfs10/gdas.2024112418/upp.2435701/'],
                               ['/apps/ops/prod/libs/intel/19.1.3.304/crtm/2.4.0/fix/CloudCoeff.bin',
                                '/lfs/h2/emc/stmp/emc.global/RUNDIRS/retrotestgfs10/gdas.2024112418/upp.2435701/'],
                               ['/lfs/h2/emc/global/noscrub/emc.global/RETRO_GFSv17/git/global-workflow/develop_20250602/parm/post/gfs/postxconfig-NT-gfs-goes.txt',
                                '/lfs/h2/emc/stmp/emc.global/RUNDIRS/retrotestgfs10/gdas.2024112418/upp.2435701/postxconfig-NT.txt'],
                               ['/lfs/h2/emc/ptmp/emc.global/RETRO_GFSv17/comroot/retrotestgfs10/gdas.20241124/18//model/atmos/history/gdas.t18z.atmf000.nc',
                                '/lfs/h2/emc/stmp/emc.global/RUNDIRS/retrotestgfs10/gdas.2024112418/upp.2435701/atm_20241124180000.nc'],
                               ['/lfs/h2/emc/ptmp/emc.global/RETRO_GFSv17/comroot/retrotestgfs10/gdas.20241124/18//model/atmos/history/gdas.t18z.sfcf000.nc',
                                '/lfs/h2/emc/stmp/emc.global/RUNDIRS/retrotestgfs10/gdas.2024112418/upp.2435701/sfc_20241124180000.nc']]},
          'data_out': {'copy': [['/lfs/h2/emc/stmp/emc.global/RUNDIRS/retrotestgfs10/gdas.2024112418/upp.2435701/GFSGOES.GrbF00',
                                 '/lfs/h2/emc/ptmp/emc.global/RETRO_GFSv17/comroot/retrotestgfs10/gdas.20241124/18//model/atmos/master/gdas.t18z.special.grb2f000'],
                                ['/lfs/h2/emc/stmp/emc.global/RUNDIRS/retrotestgfs10/gdas.2024112418/upp.2435701/GFSGOES.GrbF00.idx',
                                 '/lfs/h2/emc/ptmp/emc.global/RETRO_GFSv17/comroot/retrotestgfs10/gdas.20241124/18//model/atmos/master/gdas.t18z.special.grb2if000']]}},
 'upp': {'config': {'grib_version': 'grib2',
                    'ioform': 'netcdfpara',
                    'po': [1000.0,
                           975.0,
                           950.0,
                           925.0,
                           900.0,
                           875.0,
                           850.0,
                           825.0,
                           800.0,
                           775.0,
                           750.0,
                           725.0,
                           700.0,
                           675.0,
                           650.0,
                           625.0,
                           600.0,
                           575.0,
                           550.0,
                           525.0,
                           500.0,
                           475.0,
                           450.0,
                           425.0,
                           400.0,
                           375.0,
                           350.0,
                           325.0,
                           300.0,
                           275.0,
                           250.0,
                           225.0,
                           200.0,
                           175.0,
                           150.0,
                           125.0,
                           100.0,
                           70.0,
                           50.0,
                           40.0,
                           30.0,
                           20.0,
                           15.0,
                           10.0,
                           7.0,
                           5.0,
                           3.0,
                           2.0,
                           1.0,
                           0.7,
                           0.4,
                           0.2,
                           0.1,
                           0.07,
                           0.04,
                           0.02,
                           0.01],
                    'rdaod': False},
         'fix_data': {'copy': [['/apps/ops/prod/libs/intel/19.1.3.304/g2tmpl/1.13.0/share/params_grib2_tbl_new',
                                '/lfs/h2/emc/stmp/emc.global/RUNDIRS/retrotestgfs10/gdas.2024112418/upp.2435701/params_grib2_tbl_new'],
                               ['/lfs/h2/emc/global/noscrub/emc.global/RETRO_GFSv17/git/global-workflow/develop_20250602/parm/post/nam_micro_lookup.dat',
                                '/lfs/h2/emc/stmp/emc.global/RUNDIRS/retrotestgfs10/gdas.2024112418/upp.2435701/eta_micro_lookup.dat'],
                               ['/lfs/h2/emc/global/noscrub/emc.global/RETRO_GFSv17/git/global-workflow/develop_20250602/exec/upp.x',
                                '/lfs/h2/emc/stmp/emc.global/RUNDIRS/retrotestgfs10/gdas.2024112418/upp.2435701/'],
                               ['/lfs/h2/emc/global/noscrub/emc.global/RETRO_GFSv17/git/global-workflow/develop_20250602/parm/post/itag.jinja',
                                '/lfs/h2/emc/stmp/emc.global/RUNDIRS/retrotestgfs10/gdas.2024112418/upp.2435701/']],
                      'mkdir': ['/lfs/h2/emc/stmp/emc.global/RUNDIRS/retrotestgfs10/gdas.2024112418/upp.2435701']}}}[0m
[38;21m2025-06-16 19:01:49,255 - INFO     - upp         :   END: UPP.__init__[0m
[38;5;39m2025-06-16 19:01:49,255 - DEBUG    - upp         :  returning: None[0m
[38;21m2025-06-16 19:01:49,256 - INFO     - upp         : BEGIN: pygfs.task.upp.initialize[0m
[38;5;39m2025-06-16 19:01:49,256 - DEBUG    - upp         : ( {'upp': {'config': {'grib_version': 'grib2', 'ioform': 'netcdfpara', 'po': [1000.0, 975.0, 950.0, 925.0, 900.0, 875.0, 850.0, 825.0, 800.0, 775.0, 750.0, 725.0, 700.0, 675.0, 650.0, 625.0, 600.0, 575.0, 550.0, 525.0, 500.0, 475.0, 450.0, 425.0, 400.0, 375.0, 350.0, 325.0, 300.0, 275.0, 250.0, 225.0, 200.0, 175.0, 150.0, 125.0, 100.0, 70.0, 50.0, 40.0, 30.0, 20.0, 15.0, 10.0, 7.0, 5.0, 3.0, 2.0, 1.0, 0.7, 0.4, 0.2, 0.1, 0.07, 0.04, 0.02, 0.01], 'rdaod': False}, 'fix_data': {'mkdir': ['/lfs/h2/emc/stmp/emc.global/RUNDIRS/retrotestgfs10/gdas.2024112418/upp.2435701'], 'copy': [['/apps/ops/prod/libs/intel/19.1.3.304/g2tmpl/1.13.0/share/params_grib2_tbl_new', '/lfs/h2/emc/stmp/emc.global/RUNDIRS/retrotestgfs10/gdas.2024112418/upp.2435701/params_grib2_tbl_new'], ['/lfs/h2/emc/global/noscrub/emc.global/RETRO_GFSv17/git/global-workflow/develop_20250602/parm/post/nam_micro_lookup.dat', '/lfs/h2/emc/stmp/emc.global/RUNDIRS/retrotestgfs10/gdas.2024112418/upp.2435701/eta_micro_lookup.dat'], ['/lfs/h2/emc/global/noscrub/emc.global/RETRO_GFSv17/git/global-workflow/develop_20250602/exec/upp.x', '/lfs/h2/emc/stmp/emc.global/RUNDIRS/retrotestgfs10/gdas.2024112418/upp.2435701/'], ['/lfs/h2/emc/global/noscrub/emc.global/RETRO_GFSv17/git/global-workflow/develop_20250602/parm/post/itag.jinja', '/lfs/h2/emc/stmp/emc.global/RUNDIRS/retrotestgfs10/gdas.2024112418/upp.2435701/']]}}, 'analysis': {'config': {'rdaod': True}, 'data_in': {'copy': [['/lfs/h2/emc/global/noscrub/emc.global/RETRO_GFSv17/git/global-workflow/develop_20250602/parm/post/gfs/postxconfig-NT-gfs-anl.txt', '/lfs/h2/emc/stmp/emc.global/RUNDIRS/retrotestgfs10/gdas.2024112418/upp.2435701/postxconfig-NT.txt'], ['/lfs/h2/emc/ptmp/emc.global/RETRO_GFSv17/comroot/retrotestgfs10/gdas.20241124/18//analysis/atmos/gdas.t18z.atmanl.nc', '/lfs/h2/emc/stmp/emc.global/RUNDIRS/retrotestgfs10/gdas.2024112418/upp.2435701/atm_20241124180000.nc'], ['/lfs/h2/emc/ptmp/emc.global/RETRO_GFSv17/comroot/retrotestgfs10/gdas.20241124/18//analysis/atmos/gdas.t18z.sfcanl.nc', '/lfs/h2/emc/stmp/emc.global/RUNDIRS/retrotestgfs10/gdas.2024112418/upp.2435701/sfc_20241124180000.nc']]}, 'data_out': {'copy': [['/lfs/h2/emc/stmp/emc.global/RUNDIRS/retrotestgfs10/gdas.2024112418/upp.2435701/GFSPRS.GrbF00', '/lfs/h2/emc/ptmp/emc.global/RETRO_GFSv17/comroot/retrotestgfs10/gdas.20241124/18//model/atmos/master/gdas.t18z.master.grb2anl'], ['/lfs/h2/emc/stmp/emc.global/RUNDIRS/retrotestgfs10/gdas.2024112418/upp.2435701/GFSPRS.GrbF00.idx', '/lfs/h2/emc/ptmp/emc.global/RETRO_GFSv17/comroot/retrotestgfs10/gdas.20241124/18//model/atmos/master/gdas.t18z.master.grb2ianl']]}}, 'forecast': {'config': {'rdaod': True}, 'data_in': {'copy': [['/lfs/h2/emc/global/noscrub/emc.global/RETRO_GFSv17/git/global-workflow/develop_20250602/parm/post/gfs/postxconfig-NT-gfs-f00-two.txt', '/lfs/h2/emc/stmp/emc.global/RUNDIRS/retrotestgfs10/gdas.2024112418/upp.2435701/postxconfig-NT.txt'], ['/lfs/h2/emc/ptmp/emc.global/RETRO_GFSv17/comroot/retrotestgfs10/gdas.20241124/18//model/atmos/history/gdas.t18z.atmf000.nc', '/lfs/h2/emc/stmp/emc.global/RUNDIRS/retrotestgfs10/gdas.2024112418/upp.2435701/atm_20241124180000.nc'], ['/lfs/h2/emc/ptmp/emc.global/RETRO_GFSv17/comroot/retrotestgfs10/gdas.20241124/18//model/atmos/history/gdas.t18z.sfcf000.nc', '/lfs/h2/emc/stmp/emc.global/RUNDIRS/retrotestgfs10/gdas.2024112418/upp.2435701/sfc_20241124180000.nc']]}, 'data_out': {'copy': [['/lfs/h2/emc/stmp/emc.global/RUNDIRS/retrotestgfs10/gdas.2024112418/upp.2435701/GFSPRS.GrbF00', '/lfs/h2/emc/ptmp/emc.global/RETRO_GFSv17/comroot/retrotestgfs10/gdas.20241124/18//model/atmos/master/gdas.t18z.master.grb2f000'], ['/lfs/h2/emc/stmp/emc.global/RUNDIRS/retrotestgfs10/gdas.2024112418/upp.2435701/GFSFLX.GrbF00', '/lfs/h2/emc/ptmp/emc.global/RETRO_GFSv17/comroot/retrotestgfs10/gdas.20241124/18//model/atmos/master/gdas.t18z.sfluxgrbf000.grib2'], ['/lfs/h2/emc/stmp/emc.global/RUNDIRS/retrotestgfs10/gdas.2024112418/upp.2435701/GFSPRS.GrbF00.idx', '/lfs/h2/emc/ptmp/emc.global/RETRO_GFSv17/comroot/retrotestgfs10/gdas.20241124/18//model/atmos/master/gdas.t18z.master.grb2if000'], ['/lfs/h2/emc/stmp/emc.global/RUNDIRS/retrotestgfs10/gdas.2024112418/upp.2435701/GFSFLX.GrbF00.idx', '/lfs/h2/emc/ptmp/emc.global/RETRO_GFSv17/comroot/retrotestgfs10/gdas.20241124/18//model/atmos/master/gdas.t18z.sfluxgrbf000.grib2.idx']]}}, 'goes': {'config': {'rdaod': False}, 'data_in': {'copy': [['/apps/ops/prod/libs/intel/19.1.3.304/crtm/2.4.0/fix/amsre_aqua.TauCoeff.bin', '/lfs/h2/emc/stmp/emc.global/RUNDIRS/retrotestgfs10/gdas.2024112418/upp.2435701/'], ['/apps/ops/prod/libs/intel/19.1.3.304/crtm/2.4.0/fix/amsre_aqua.SpcCoeff.bin', '/lfs/h2/emc/stmp/emc.global/RUNDIRS/retrotestgfs10/gdas.2024112418/upp.2435701/'], ['/apps/ops/prod/libs/intel/19.1.3.304/crtm/2.4.0/fix/imgr_g11.TauCoeff.bin', '/lfs/h2/emc/stmp/emc.global/RUNDIRS/retrotestgfs10/gdas.2024112418/upp.2435701/'], ['/apps/ops/prod/libs/intel/19.1.3.304/crtm/2.4.0/fix/imgr_g11.SpcCoeff.bin', '/lfs/h2/emc/stmp/emc.global/RUNDIRS/retrotestgfs10/gdas.2024112418/upp.2435701/'], ['/apps/ops/prod/libs/intel/19.1.3.304/crtm/2.4.0/fix/imgr_g12.TauCoeff.bin', '/lfs/h2/emc/stmp/emc.global/RUNDIRS/retrotestgfs10/gdas.2024112418/upp.2435701/'], ['/apps/ops/prod/libs/intel/19.1.3.304/crtm/2.4.0/fix/imgr_g12.SpcCoeff.bin', '/lfs/h2/emc/stmp/emc.global/RUNDIRS/retrotestgfs10/gdas.2024112418/upp.2435701/'], ['/apps/ops/prod/libs/intel/19.1.3.304/crtm/2.4.0/fix/imgr_g13.TauCoeff.bin', '/lfs/h2/emc/stmp/emc.global/RUNDIRS/retrotestgfs10/gdas.2024112418/upp.2435701/'], ['/apps/ops/prod/libs/intel/19.1.3.304/crtm/2.4.0/fix/imgr_g13.SpcCoeff.bin', '/lfs/h2/emc/stmp/emc.global/RUNDIRS/retrotestgfs10/gdas.2024112418/upp.2435701/'], ['/apps/ops/prod/libs/intel/19.1.3.304/crtm/2.4.0/fix/imgr_g15.TauCoeff.bin', '/lfs/h2/emc/stmp/emc.global/RUNDIRS/retrotestgfs10/gdas.2024112418/upp.2435701/'], ['/apps/ops/prod/libs/intel/19.1.3.304/crtm/2.4.0/fix/imgr_g15.SpcCoeff.bin', '/lfs/h2/emc/stmp/emc.global/RUNDIRS/retrotestgfs10/gdas.2024112418/upp.2435701/'], ['/apps/ops/prod/libs/intel/19.1.3.304/crtm/2.4.0/fix/imgr_mt1r.TauCoeff.bin', '/lfs/h2/emc/stmp/emc.global/RUNDIRS/retrotestgfs10/gdas.2024112418/upp.2435701/'], ['/apps/ops/prod/libs/intel/19.1.3.304/crtm/2.4.0/fix/imgr_mt1r.SpcCoeff.bin', '/lfs/h2/emc/stmp/emc.global/RUNDIRS/retrotestgfs10/gdas.2024112418/upp.2435701/'], ['/apps/ops/prod/libs/intel/19.1.3.304/crtm/2.4.0/fix/imgr_mt2.TauCoeff.bin', '/lfs/h2/emc/stmp/emc.global/RUNDIRS/retrotestgfs10/gdas.2024112418/upp.2435701/'], ['/apps/ops/prod/libs/intel/19.1.3.304/crtm/2.4.0/fix/imgr_mt2.SpcCoeff.bin', '/lfs/h2/emc/stmp/emc.global/RUNDIRS/retrotestgfs10/gdas.2024112418/upp.2435701/'], ['/apps/ops/prod/libs/intel/19.1.3.304/crtm/2.4.0/fix/imgr_insat3d.TauCoeff.bin', '/lfs/h2/emc/stmp/emc.global/RUNDIRS/retrotestgfs10/gdas.2024112418/upp.2435701/'], ['/apps/ops/prod/libs/intel/19.1.3.304/crtm/2.4.0/fix/imgr_insat3d.SpcCoeff.bin', '/lfs/h2/emc/stmp/emc.global/RUNDIRS/retrotestgfs10/gdas.2024112418/upp.2435701/'], ['/apps/ops/prod/libs/intel/19.1.3.304/crtm/2.4.0/fix/seviri_m10.TauCoeff.bin', '/lfs/h2/emc/stmp/emc.global/RUNDIRS/retrotestgfs10/gdas.2024112418/upp.2435701/'], ['/apps/ops/prod/libs/intel/19.1.3.304/crtm/2.4.0/fix/seviri_m10.SpcCoeff.bin', '/lfs/h2/emc/stmp/emc.global/RUNDIRS/retrotestgfs10/gdas.2024112418/upp.2435701/'], ['/apps/ops/prod/libs/intel/19.1.3.304/crtm/2.4.0/fix/ssmi_f13.TauCoeff.bin', '/lfs/h2/emc/stmp/emc.global/RUNDIRS/retrotestgfs10/gdas.2024112418/upp.2435701/'], ['/apps/ops/prod/libs/intel/19.1.3.304/crtm/2.4.0/fix/ssmi_f13.SpcCoeff.bin', '/lfs/h2/emc/stmp/emc.global/RUNDIRS/retrotestgfs10/gdas.2024112418/upp.2435701/'], ['/apps/ops/prod/libs/intel/19.1.3.304/crtm/2.4.0/fix/ssmi_f14.TauCoeff.bin', '/lfs/h2/emc/stmp/emc.global/RUNDIRS/retrotestgfs10/gdas.2024112418/upp.2435701/'], ['/apps/ops/prod/libs/intel/19.1.3.304/crtm/2.4.0/fix/ssmi_f14.SpcCoeff.bin', '/lfs/h2/emc/stmp/emc.global/RUNDIRS/retrotestgfs10/gdas.2024112418/upp.2435701/'], ['/apps/ops/prod/libs/intel/19.1.3.304/crtm/2.4.0/fix/ssmi_f15.TauCoeff.bin', '/lfs/h2/emc/stmp/emc.global/RUNDIRS/retrotestgfs10/gdas.2024112418/upp.2435701/'], ['/apps/ops/prod/libs/intel/19.1.3.304/crtm/2.4.0/fix/ssmi_f15.SpcCoeff.bin', '/lfs/h2/emc/stmp/emc.global/RUNDIRS/retrotestgfs10/gdas.2024112418/upp.2435701/'], ['/apps/ops/prod/libs/intel/19.1.3.304/crtm/2.4.0/fix/ssmis_f16.TauCoeff.bin', '/lfs/h2/emc/stmp/emc.global/RUNDIRS/retrotestgfs10/gdas.2024112418/upp.2435701/'], ['/apps/ops/prod/libs/intel/19.1.3.304/crtm/2.4.0/fix/ssmis_f16.SpcCoeff.bin', '/lfs/h2/emc/stmp/emc.global/RUNDIRS/retrotestgfs10/gdas.2024112418/upp.2435701/'], ['/apps/ops/prod/libs/intel/19.1.3.304/crtm/2.4.0/fix/ssmis_f17.TauCoeff.bin', '/lfs/h2/emc/stmp/emc.global/RUNDIRS/retrotestgfs10/gdas.2024112418/upp.2435701/'], ['/apps/ops/prod/libs/intel/19.1.3.304/crtm/2.4.0/fix/ssmis_f17.SpcCoeff.bin', '/lfs/h2/emc/stmp/emc.global/RUNDIRS/retrotestgfs10/gdas.2024112418/upp.2435701/'], ['/apps/ops/prod/libs/intel/19.1.3.304/crtm/2.4.0/fix/ssmis_f18.TauCoeff.bin', '/lfs/h2/emc/stmp/emc.global/RUNDIRS/retrotestgfs10/gdas.2024112418/upp.2435701/'], ['/apps/ops/prod/libs/intel/19.1.3.304/crtm/2.4.0/fix/ssmis_f18.SpcCoeff.bin', '/lfs/h2/emc/stmp/emc.global/RUNDIRS/retrotestgfs10/gdas.2024112418/upp.2435701/'], ['/apps/ops/prod/libs/intel/19.1.3.304/crtm/2.4.0/fix/ssmis_f19.TauCoeff.bin', '/lfs/h2/emc/stmp/emc.global/RUNDIRS/retrotestgfs10/gdas.2024112418/upp.2435701/'], ['/apps/ops/prod/libs/intel/19.1.3.304/crtm/2.4.0/fix/ssmis_f19.SpcCoeff.bin', '/lfs/h2/emc/stmp/emc.global/RUNDIRS/retrotestgfs10/gdas.2024112418/upp.2435701/'], ['/apps/ops/prod/libs/intel/19.1.3.304/crtm/2.4.0/fix/ssmis_f20.TauCoeff.bin', '/lfs/h2/emc/stmp/emc.global/RUNDIRS/retrotestgfs10/gdas.2024112418/upp.2435701/'], ['/apps/ops/prod/libs/intel/19.1.3.304/crtm/2.4.0/fix/ssmis_f20.SpcCoeff.bin', '/lfs/h2/emc/stmp/emc.global/RUNDIRS/retrotestgfs10/gdas.2024112418/upp.2435701/'], ['/apps/ops/prod/libs/intel/19.1.3.304/crtm/2.4.0/fix/tmi_trmm.TauCoeff.bin', '/lfs/h2/emc/stmp/emc.global/RUNDIRS/retrotestgfs10/gdas.2024112418/upp.2435701/'], ['/apps/ops/prod/libs/intel/19.1.3.304/crtm/2.4.0/fix/tmi_trmm.SpcCoeff.bin', '/lfs/h2/emc/stmp/emc.global/RUNDIRS/retrotestgfs10/gdas.2024112418/upp.2435701/'], ['/apps/ops/prod/libs/intel/19.1.3.304/crtm/2.4.0/fix/abi_gr.TauCoeff.bin', '/lfs/h2/emc/stmp/emc.global/RUNDIRS/retrotestgfs10/gdas.2024112418/upp.2435701/'], ['/apps/ops/prod/libs/intel/19.1.3.304/crtm/2.4.0/fix/abi_gr.SpcCoeff.bin', '/lfs/h2/emc/stmp/emc.global/RUNDIRS/retrotestgfs10/gdas.2024112418/upp.2435701/'], ['/apps/ops/prod/libs/intel/19.1.3.304/crtm/2.4.0/fix/ahi_himawari8.TauCoeff.bin', '/lfs/h2/emc/stmp/emc.global/RUNDIRS/retrotestgfs10/gdas.2024112418/upp.2435701/'], ['/apps/ops/prod/libs/intel/19.1.3.304/crtm/2.4.0/fix/ahi_himawari8.SpcCoeff.bin', '/lfs/h2/emc/stmp/emc.global/RUNDIRS/retrotestgfs10/gdas.2024112418/upp.2435701/'], ['/apps/ops/prod/libs/intel/19.1.3.304/crtm/2.4.0/fix/v.seviri_m10.SpcCoeff.bin', '/lfs/h2/emc/stmp/emc.global/RUNDIRS/retrotestgfs10/gdas.2024112418/upp.2435701/'], ['/apps/ops/prod/libs/intel/19.1.3.304/crtm/2.4.0/fix/FASTEM4.MWwater.EmisCoeff.bin', '/lfs/h2/emc/stmp/emc.global/RUNDIRS/retrotestgfs10/gdas.2024112418/upp.2435701/'], ['/apps/ops/prod/libs/intel/19.1.3.304/crtm/2.4.0/fix/FASTEM5.MWwater.EmisCoeff.bin', '/lfs/h2/emc/stmp/emc.global/RUNDIRS/retrotestgfs10/gdas.2024112418/upp.2435701/'], ['/apps/ops/prod/libs/intel/19.1.3.304/crtm/2.4.0/fix/FASTEM6.MWwater.EmisCoeff.bin', '/lfs/h2/emc/stmp/emc.global/RUNDIRS/retrotestgfs10/gdas.2024112418/upp.2435701/'], ['/apps/ops/prod/libs/intel/19.1.3.304/crtm/2.4.0/fix/IGBP.IRland.EmisCoeff.bin', '/lfs/h2/emc/stmp/emc.global/RUNDIRS/retrotestgfs10/gdas.2024112418/upp.2435701/'], ['/apps/ops/prod/libs/intel/19.1.3.304/crtm/2.4.0/fix/IGBP.VISland.EmisCoeff.bin', '/lfs/h2/emc/stmp/emc.global/RUNDIRS/retrotestgfs10/gdas.2024112418/upp.2435701/'], ['/apps/ops/prod/libs/intel/19.1.3.304/crtm/2.4.0/fix/Nalli.IRwater.EmisCoeff.bin', '/lfs/h2/emc/stmp/emc.global/RUNDIRS/retrotestgfs10/gdas.2024112418/upp.2435701/'], ['/apps/ops/prod/libs/intel/19.1.3.304/crtm/2.4.0/fix/NPOESS.IRice.EmisCoeff.bin', '/lfs/h2/emc/stmp/emc.global/RUNDIRS/retrotestgfs10/gdas.2024112418/upp.2435701/'], ['/apps/ops/prod/libs/intel/19.1.3.304/crtm/2.4.0/fix/NPOESS.IRland.EmisCoeff.bin', '/lfs/h2/emc/stmp/emc.global/RUNDIRS/retrotestgfs10/gdas.2024112418/upp.2435701/'], ['/apps/ops/prod/libs/intel/19.1.3.304/crtm/2.4.0/fix/NPOESS.IRsnow.EmisCoeff.bin', '/lfs/h2/emc/stmp/emc.global/RUNDIRS/retrotestgfs10/gdas.2024112418/upp.2435701/'], ['/apps/ops/prod/libs/intel/19.1.3.304/crtm/2.4.0/fix/NPOESS.VISice.EmisCoeff.bin', '/lfs/h2/emc/stmp/emc.global/RUNDIRS/retrotestgfs10/gdas.2024112418/upp.2435701/'], ['/apps/ops/prod/libs/intel/19.1.3.304/crtm/2.4.0/fix/NPOESS.VISland.EmisCoeff.bin', '/lfs/h2/emc/stmp/emc.global/RUNDIRS/retrotestgfs10/gdas.2024112418/upp.2435701/'], ['/apps/ops/prod/libs/intel/19.1.3.304/crtm/2.4.0/fix/NPOESS.VISsnow.EmisCoeff.bin', '/lfs/h2/emc/stmp/emc.global/RUNDIRS/retrotestgfs10/gdas.2024112418/upp.2435701/'], ['/apps/ops/prod/libs/intel/19.1.3.304/crtm/2.4.0/fix/NPOESS.VISwater.EmisCoeff.bin', '/lfs/h2/emc/stmp/emc.global/RUNDIRS/retrotestgfs10/gdas.2024112418/upp.2435701/'], ['/apps/ops/prod/libs/intel/19.1.3.304/crtm/2.4.0/fix/USGS.IRland.EmisCoeff.bin', '/lfs/h2/emc/stmp/emc.global/RUNDIRS/retrotestgfs10/gdas.2024112418/upp.2435701/'], ['/apps/ops/prod/libs/intel/19.1.3.304/crtm/2.4.0/fix/USGS.VISland.EmisCoeff.bin', '/lfs/h2/emc/stmp/emc.global/RUNDIRS/retrotestgfs10/gdas.2024112418/upp.2435701/'], ['/apps/ops/prod/libs/intel/19.1.3.304/crtm/2.4.0/fix/WuSmith.IRwater.EmisCoeff.bin', '/lfs/h2/emc/stmp/emc.global/RUNDIRS/retrotestgfs10/gdas.2024112418/upp.2435701/'], ['/apps/ops/prod/libs/intel/19.1.3.304/crtm/2.4.0/fix/AerosolCoeff.bin', '/lfs/h2/emc/stmp/emc.global/RUNDIRS/retrotestgfs10/gdas.2024112418/upp.2435701/'], ['/apps/ops/prod/libs/intel/19.1.3.304/crtm/2.4.0/fix/CloudCoeff.bin', '/lfs/h2/emc/stmp/emc.global/RUNDIRS/retrotestgfs10/gdas.2024112418/upp.2435701/'], ['/lfs/h2/emc/global/noscrub/emc.global/RETRO_GFSv17/git/global-workflow/develop_20250602/parm/post/gfs/postxconfig-NT-gfs-goes.txt', '/lfs/h2/emc/stmp/emc.global/RUNDIRS/retrotestgfs10/gdas.2024112418/upp.2435701/postxconfig-NT.txt'], ['/lfs/h2/emc/ptmp/emc.global/RETRO_GFSv17/comroot/retrotestgfs10/gdas.20241124/18//model/atmos/history/gdas.t18z.atmf000.nc', '/lfs/h2/emc/stmp/emc.global/RUNDIRS/retrotestgfs10/gdas.2024112418/upp.2435701/atm_20241124180000.nc'], ['/lfs/h2/emc/ptmp/emc.global/RETRO_GFSv17/comroot/retrotestgfs10/gdas.20241124/18//model/atmos/history/gdas.t18z.sfcf000.nc', '/lfs/h2/emc/stmp/emc.global/RUNDIRS/retrotestgfs10/gdas.2024112418/upp.2435701/sfc_20241124180000.nc']]}, 'data_out': {'copy': [['/lfs/h2/emc/stmp/emc.global/RUNDIRS/retrotestgfs10/gdas.2024112418/upp.2435701/GFSGOES.GrbF00', '/lfs/h2/emc/ptmp/emc.global/RETRO_GFSv17/comroot/retrotestgfs10/gdas.20241124/18//model/atmos/master/gdas.t18z.special.grb2f000'], ['/lfs/h2/emc/stmp/emc.global/RUNDIRS/retrotestgfs10/gdas.2024112418/upp.2435701/GFSGOES.GrbF00.idx', '/lfs/h2/emc/ptmp/emc.global/RETRO_GFSv17/comroot/retrotestgfs10/gdas.20241124/18//model/atmos/master/gdas.t18z.special.grb2if000']]}}} )[0m
[38;21m2025-06-16 19:01:49,256 - INFO     - upp         : Copy static data to run directory[0m
[38;21m2025-06-16 19:01:49,256 - INFO     - file_utils  : Created /lfs/h2/emc/stmp/emc.global/RUNDIRS/retrotestgfs10/gdas.2024112418/upp.2435701[0m
[38;21m2025-06-16 19:01:49,261 - INFO     - file_utils  : Copied /apps/ops/prod/libs/intel/19.1.3.304/g2tmpl/1.13.0/share/params_grib2_tbl_new to /lfs/h2/emc/stmp/emc.global/RUNDIRS/retrotestgfs10/gdas.2024112418/upp.2435701/params_grib2_tbl_new[0m
[38;21m2025-06-16 19:01:49,286 - INFO     - file_utils  : Copied /lfs/h2/emc/global/noscrub/emc.global/RETRO_GFSv17/git/global-workflow/develop_20250602/parm/post/nam_micro_lookup.dat to /lfs/h2/emc/stmp/emc.global/RUNDIRS/retrotestgfs10/gdas.2024112418/upp.2435701/eta_micro_lookup.dat[0m
[38;21m2025-06-16 19:01:49,594 - INFO     - file_utils  : Copied /lfs/h2/emc/global/noscrub/emc.global/RETRO_GFSv17/git/global-workflow/develop_20250602/exec/upp.x to /lfs/h2/emc/stmp/emc.global/RUNDIRS/retrotestgfs10/gdas.2024112418/upp.2435701/[0m
[38;21m2025-06-16 19:01:49,611 - INFO     - file_utils  : Copied /lfs/h2/emc/global/noscrub/emc.global/RETRO_GFSv17/git/global-workflow/develop_20250602/parm/post/itag.jinja to /lfs/h2/emc/stmp/emc.global/RUNDIRS/retrotestgfs10/gdas.2024112418/upp.2435701/[0m
[38;21m2025-06-16 19:01:49,611 - INFO     - upp         :   END: pygfs.task.upp.initialize[0m
[38;5;39m2025-06-16 19:01:49,611 - DEBUG    - upp         :  returning: None[0m
[38;21m2025-06-16 19:01:49,611 - INFO     - upp         : BEGIN: pygfs.task.upp.configure[0m
[38;5;39m2025-06-16 19:01:49,611 - DEBUG    - upp         : ( {'HOMEgfs': '/lfs/h2/emc/global/noscrub/emc.global/RETRO_GFSv17/git/global-workflow/develop_20250602', 'DATA': '/lfs/h2/emc/stmp/emc.global/RUNDIRS/retrotestgfs10/gdas.2024112418/upp.2435701', 'current_cycle': datetime.datetime(2024, 11, 24, 18, 0), 'RUN': 'gdas', 'NET': 'gfs', 'COMIN_ATMOS_ANALYSIS': '/lfs/h2/emc/ptmp/emc.global/RETRO_GFSv17/comroot/retrotestgfs10/gdas.20241124/18//analysis/atmos', 'COMIN_ATMOS_HISTORY': '/lfs/h2/emc/ptmp/emc.global/RETRO_GFSv17/comroot/retrotestgfs10/gdas.20241124/18//model/atmos/history', 'COMOUT_ATMOS_MASTER': '/lfs/h2/emc/ptmp/emc.global/RETRO_GFSv17/comroot/retrotestgfs10/gdas.20241124/18//model/atmos/master', 'upp_run': 'analysis', 'APRUN_UPP': 'mpiexec -l -n 200 -ppn 40 --cpu-bind depth --depth 1', 'forecast_hour': 0, 'valid_datetime': datetime.datetime(2024, 11, 24, 18, 0), 'atmos_filename': 'atm_20241124180000.nc', 'flux_filename': 'sfc_20241124180000.nc'}, {'upp': {'config': {'grib_version': 'grib2', 'ioform': 'netcdfpara', 'po': [1000.0, 975.0, 950.0, 925.0, 900.0, 875.0, 850.0, 825.0, 800.0, 775.0, 750.0, 725.0, 700.0, 675.0, 650.0, 625.0, 600.0, 575.0, 550.0, 525.0, 500.0, 475.0, 450.0, 425.0, 400.0, 375.0, 350.0, 325.0, 300.0, 275.0, 250.0, 225.0, 200.0, 175.0, 150.0, 125.0, 100.0, 70.0, 50.0, 40.0, 30.0, 20.0, 15.0, 10.0, 7.0, 5.0, 3.0, 2.0, 1.0, 0.7, 0.4, 0.2, 0.1, 0.07, 0.04, 0.02, 0.01], 'rdaod': False}, 'fix_data': {'mkdir': ['/lfs/h2/emc/stmp/emc.global/RUNDIRS/retrotestgfs10/gdas.2024112418/upp.2435701'], 'copy': [['/apps/ops/prod/libs/intel/19.1.3.304/g2tmpl/1.13.0/share/params_grib2_tbl_new', '/lfs/h2/emc/stmp/emc.global/RUNDIRS/retrotestgfs10/gdas.2024112418/upp.2435701/params_grib2_tbl_new'], ['/lfs/h2/emc/global/noscrub/emc.global/RETRO_GFSv17/git/global-workflow/develop_20250602/parm/post/nam_micro_lookup.dat', '/lfs/h2/emc/stmp/emc.global/RUNDIRS/retrotestgfs10/gdas.2024112418/upp.2435701/eta_micro_lookup.dat'], ['/lfs/h2/emc/global/noscrub/emc.global/RETRO_GFSv17/git/global-workflow/develop_20250602/exec/upp.x', '/lfs/h2/emc/stmp/emc.global/RUNDIRS/retrotestgfs10/gdas.2024112418/upp.2435701/'], ['/lfs/h2/emc/global/noscrub/emc.global/RETRO_GFSv17/git/global-workflow/develop_20250602/parm/post/itag.jinja', '/lfs/h2/emc/stmp/emc.global/RUNDIRS/retrotestgfs10/gdas.2024112418/upp.2435701/']]}}, 'analysis': {'config': {'rdaod': True}, 'data_in': {'copy': [['/lfs/h2/emc/global/noscrub/emc.global/RETRO_GFSv17/git/global-workflow/develop_20250602/parm/post/gfs/postxconfig-NT-gfs-anl.txt', '/lfs/h2/emc/stmp/emc.global/RUNDIRS/retrotestgfs10/gdas.2024112418/upp.2435701/postxconfig-NT.txt'], ['/lfs/h2/emc/ptmp/emc.global/RETRO_GFSv17/comroot/retrotestgfs10/gdas.20241124/18//analysis/atmos/gdas.t18z.atmanl.nc', '/lfs/h2/emc/stmp/emc.global/RUNDIRS/retrotestgfs10/gdas.2024112418/upp.2435701/atm_20241124180000.nc'], ['/lfs/h2/emc/ptmp/emc.global/RETRO_GFSv17/comroot/retrotestgfs10/gdas.20241124/18//analysis/atmos/gdas.t18z.sfcanl.nc', '/lfs/h2/emc/stmp/emc.global/RUNDIRS/retrotestgfs10/gdas.2024112418/upp.2435701/sfc_20241124180000.nc']]}, 'data_out': {'copy': [['/lfs/h2/emc/stmp/emc.global/RUNDIRS/retrotestgfs10/gdas.2024112418/upp.2435701/GFSPRS.GrbF00', '/lfs/h2/emc/ptmp/emc.global/RETRO_GFSv17/comroot/retrotestgfs10/gdas.20241124/18//model/atmos/master/gdas.t18z.master.grb2anl'], ['/lfs/h2/emc/stmp/emc.global/RUNDIRS/retrotestgfs10/gdas.2024112418/upp.2435701/GFSPRS.GrbF00.idx', '/lfs/h2/emc/ptmp/emc.global/RETRO_GFSv17/comroot/retrotestgfs10/gdas.20241124/18//model/atmos/master/gdas.t18z.master.grb2ianl']]}}, 'forecast': {'config': {'rdaod': True}, 'data_in': {'copy': [['/lfs/h2/emc/global/noscrub/emc.global/RETRO_GFSv17/git/global-workflow/develop_20250602/parm/post/gfs/postxconfig-NT-gfs-f00-two.txt', '/lfs/h2/emc/stmp/emc.global/RUNDIRS/retrotestgfs10/gdas.2024112418/upp.2435701/postxconfig-NT.txt'], ['/lfs/h2/emc/ptmp/emc.global/RETRO_GFSv17/comroot/retrotestgfs10/gdas.20241124/18//model/atmos/history/gdas.t18z.atmf000.nc', '/lfs/h2/emc/stmp/emc.global/RUNDIRS/retrotestgfs10/gdas.2024112418/upp.2435701/atm_20241124180000.nc'], ['/lfs/h2/emc/ptmp/emc.global/RETRO_GFSv17/comroot/retrotestgfs10/gdas.20241124/18//model/atmos/history/gdas.t18z.sfcf000.nc', '/lfs/h2/emc/stmp/emc.global/RUNDIRS/retrotestgfs10/gdas.2024112418/upp.2435701/sfc_20241124180000.nc']]}, 'data_out': {'copy': [['/lfs/h2/emc/stmp/emc.global/RUNDIRS/retrotestgfs10/gdas.2024112418/upp.2435701/GFSPRS.GrbF00', '/lfs/h2/emc/ptmp/emc.global/RETRO_GFSv17/comroot/retrotestgfs10/gdas.20241124/18//model/atmos/master/gdas.t18z.master.grb2f000'], ['/lfs/h2/emc/stmp/emc.global/RUNDIRS/retrotestgfs10/gdas.2024112418/upp.2435701/GFSFLX.GrbF00', '/lfs/h2/emc/ptmp/emc.global/RETRO_GFSv17/comroot/retrotestgfs10/gdas.20241124/18//model/atmos/master/gdas.t18z.sfluxgrbf000.grib2'], ['/lfs/h2/emc/stmp/emc.global/RUNDIRS/retrotestgfs10/gdas.2024112418/upp.2435701/GFSPRS.GrbF00.idx', '/lfs/h2/emc/ptmp/emc.global/RETRO_GFSv17/comroot/retrotestgfs10/gdas.20241124/18//model/atmos/master/gdas.t18z.master.grb2if000'], ['/lfs/h2/emc/stmp/emc.global/RUNDIRS/retrotestgfs10/gdas.2024112418/upp.2435701/GFSFLX.GrbF00.idx', '/lfs/h2/emc/ptmp/emc.global/RETRO_GFSv17/comroot/retrotestgfs10/gdas.20241124/18//model/atmos/master/gdas.t18z.sfluxgrbf000.grib2.idx']]}}, 'goes': {'config': {'rdaod': False}, 'data_in': {'copy': [['/apps/ops/prod/libs/intel/19.1.3.304/crtm/2.4.0/fix/amsre_aqua.TauCoeff.bin', '/lfs/h2/emc/stmp/emc.global/RUNDIRS/retrotestgfs10/gdas.2024112418/upp.2435701/'], ['/apps/ops/prod/libs/intel/19.1.3.304/crtm/2.4.0/fix/amsre_aqua.SpcCoeff.bin', '/lfs/h2/emc/stmp/emc.global/RUNDIRS/retrotestgfs10/gdas.2024112418/upp.2435701/'], ['/apps/ops/prod/libs/intel/19.1.3.304/crtm/2.4.0/fix/imgr_g11.TauCoeff.bin', '/lfs/h2/emc/stmp/emc.global/RUNDIRS/retrotestgfs10/gdas.2024112418/upp.2435701/'], ['/apps/ops/prod/libs/intel/19.1.3.304/crtm/2.4.0/fix/imgr_g11.SpcCoeff.bin', '/lfs/h2/emc/stmp/emc.global/RUNDIRS/retrotestgfs10/gdas.2024112418/upp.2435701/'], ['/apps/ops/prod/libs/intel/19.1.3.304/crtm/2.4.0/fix/imgr_g12.TauCoeff.bin', '/lfs/h2/emc/stmp/emc.global/RUNDIRS/retrotestgfs10/gdas.2024112418/upp.2435701/'], ['/apps/ops/prod/libs/intel/19.1.3.304/crtm/2.4.0/fix/imgr_g12.SpcCoeff.bin', '/lfs/h2/emc/stmp/emc.global/RUNDIRS/retrotestgfs10/gdas.2024112418/upp.2435701/'], ['/apps/ops/prod/libs/intel/19.1.3.304/crtm/2.4.0/fix/imgr_g13.TauCoeff.bin', '/lfs/h2/emc/stmp/emc.global/RUNDIRS/retrotestgfs10/gdas.2024112418/upp.2435701/'], ['/apps/ops/prod/libs/intel/19.1.3.304/crtm/2.4.0/fix/imgr_g13.SpcCoeff.bin', '/lfs/h2/emc/stmp/emc.global/RUNDIRS/retrotestgfs10/gdas.2024112418/upp.2435701/'], ['/apps/ops/prod/libs/intel/19.1.3.304/crtm/2.4.0/fix/imgr_g15.TauCoeff.bin', '/lfs/h2/emc/stmp/emc.global/RUNDIRS/retrotestgfs10/gdas.2024112418/upp.2435701/'], ['/apps/ops/prod/libs/intel/19.1.3.304/crtm/2.4.0/fix/imgr_g15.SpcCoeff.bin', '/lfs/h2/emc/stmp/emc.global/RUNDIRS/retrotestgfs10/gdas.2024112418/upp.2435701/'], ['/apps/ops/prod/libs/intel/19.1.3.304/crtm/2.4.0/fix/imgr_mt1r.TauCoeff.bin', '/lfs/h2/emc/stmp/emc.global/RUNDIRS/retrotestgfs10/gdas.2024112418/upp.2435701/'], ['/apps/ops/prod/libs/intel/19.1.3.304/crtm/2.4.0/fix/imgr_mt1r.SpcCoeff.bin', '/lfs/h2/emc/stmp/emc.global/RUNDIRS/retrotestgfs10/gdas.2024112418/upp.2435701/'], ['/apps/ops/prod/libs/intel/19.1.3.304/crtm/2.4.0/fix/imgr_mt2.TauCoeff.bin', '/lfs/h2/emc/stmp/emc.global/RUNDIRS/retrotestgfs10/gdas.2024112418/upp.2435701/'], ['/apps/ops/prod/libs/intel/19.1.3.304/crtm/2.4.0/fix/imgr_mt2.SpcCoeff.bin', '/lfs/h2/emc/stmp/emc.global/RUNDIRS/retrotestgfs10/gdas.2024112418/upp.2435701/'], ['/apps/ops/prod/libs/intel/19.1.3.304/crtm/2.4.0/fix/imgr_insat3d.TauCoeff.bin', '/lfs/h2/emc/stmp/emc.global/RUNDIRS/retrotestgfs10/gdas.2024112418/upp.2435701/'], ['/apps/ops/prod/libs/intel/19.1.3.304/crtm/2.4.0/fix/imgr_insat3d.SpcCoeff.bin', '/lfs/h2/emc/stmp/emc.global/RUNDIRS/retrotestgfs10/gdas.2024112418/upp.2435701/'], ['/apps/ops/prod/libs/intel/19.1.3.304/crtm/2.4.0/fix/seviri_m10.TauCoeff.bin', '/lfs/h2/emc/stmp/emc.global/RUNDIRS/retrotestgfs10/gdas.2024112418/upp.2435701/'], ['/apps/ops/prod/libs/intel/19.1.3.304/crtm/2.4.0/fix/seviri_m10.SpcCoeff.bin', '/lfs/h2/emc/stmp/emc.global/RUNDIRS/retrotestgfs10/gdas.2024112418/upp.2435701/'], ['/apps/ops/prod/libs/intel/19.1.3.304/crtm/2.4.0/fix/ssmi_f13.TauCoeff.bin', '/lfs/h2/emc/stmp/emc.global/RUNDIRS/retrotestgfs10/gdas.2024112418/upp.2435701/'], ['/apps/ops/prod/libs/intel/19.1.3.304/crtm/2.4.0/fix/ssmi_f13.SpcCoeff.bin', '/lfs/h2/emc/stmp/emc.global/RUNDIRS/retrotestgfs10/gdas.2024112418/upp.2435701/'], ['/apps/ops/prod/libs/intel/19.1.3.304/crtm/2.4.0/fix/ssmi_f14.TauCoeff.bin', '/lfs/h2/emc/stmp/emc.global/RUNDIRS/retrotestgfs10/gdas.2024112418/upp.2435701/'], ['/apps/ops/prod/libs/intel/19.1.3.304/crtm/2.4.0/fix/ssmi_f14.SpcCoeff.bin', '/lfs/h2/emc/stmp/emc.global/RUNDIRS/retrotestgfs10/gdas.2024112418/upp.2435701/'], ['/apps/ops/prod/libs/intel/19.1.3.304/crtm/2.4.0/fix/ssmi_f15.TauCoeff.bin', '/lfs/h2/emc/stmp/emc.global/RUNDIRS/retrotestgfs10/gdas.2024112418/upp.2435701/'], ['/apps/ops/prod/libs/intel/19.1.3.304/crtm/2.4.0/fix/ssmi_f15.SpcCoeff.bin', '/lfs/h2/emc/stmp/emc.global/RUNDIRS/retrotestgfs10/gdas.2024112418/upp.2435701/'], ['/apps/ops/prod/libs/intel/19.1.3.304/crtm/2.4.0/fix/ssmis_f16.TauCoeff.bin', '/lfs/h2/emc/stmp/emc.global/RUNDIRS/retrotestgfs10/gdas.2024112418/upp.2435701/'], ['/apps/ops/prod/libs/intel/19.1.3.304/crtm/2.4.0/fix/ssmis_f16.SpcCoeff.bin', '/lfs/h2/emc/stmp/emc.global/RUNDIRS/retrotestgfs10/gdas.2024112418/upp.2435701/'], ['/apps/ops/prod/libs/intel/19.1.3.304/crtm/2.4.0/fix/ssmis_f17.TauCoeff.bin', '/lfs/h2/emc/stmp/emc.global/RUNDIRS/retrotestgfs10/gdas.2024112418/upp.2435701/'], ['/apps/ops/prod/libs/intel/19.1.3.304/crtm/2.4.0/fix/ssmis_f17.SpcCoeff.bin', '/lfs/h2/emc/stmp/emc.global/RUNDIRS/retrotestgfs10/gdas.2024112418/upp.2435701/'], ['/apps/ops/prod/libs/intel/19.1.3.304/crtm/2.4.0/fix/ssmis_f18.TauCoeff.bin', '/lfs/h2/emc/stmp/emc.global/RUNDIRS/retrotestgfs10/gdas.2024112418/upp.2435701/'], ['/apps/ops/prod/libs/intel/19.1.3.304/crtm/2.4.0/fix/ssmis_f18.SpcCoeff.bin', '/lfs/h2/emc/stmp/emc.global/RUNDIRS/retrotestgfs10/gdas.2024112418/upp.2435701/'], ['/apps/ops/prod/libs/intel/19.1.3.304/crtm/2.4.0/fix/ssmis_f19.TauCoeff.bin', '/lfs/h2/emc/stmp/emc.global/RUNDIRS/retrotestgfs10/gdas.2024112418/upp.2435701/'], ['/apps/ops/prod/libs/intel/19.1.3.304/crtm/2.4.0/fix/ssmis_f19.SpcCoeff.bin', '/lfs/h2/emc/stmp/emc.global/RUNDIRS/retrotestgfs10/gdas.2024112418/upp.2435701/'], ['/apps/ops/prod/libs/intel/19.1.3.304/crtm/2.4.0/fix/ssmis_f20.TauCoeff.bin', '/lfs/h2/emc/stmp/emc.global/RUNDIRS/retrotestgfs10/gdas.2024112418/upp.2435701/'], ['/apps/ops/prod/libs/intel/19.1.3.304/crtm/2.4.0/fix/ssmis_f20.SpcCoeff.bin', '/lfs/h2/emc/stmp/emc.global/RUNDIRS/retrotestgfs10/gdas.2024112418/upp.2435701/'], ['/apps/ops/prod/libs/intel/19.1.3.304/crtm/2.4.0/fix/tmi_trmm.TauCoeff.bin', '/lfs/h2/emc/stmp/emc.global/RUNDIRS/retrotestgfs10/gdas.2024112418/upp.2435701/'], ['/apps/ops/prod/libs/intel/19.1.3.304/crtm/2.4.0/fix/tmi_trmm.SpcCoeff.bin', '/lfs/h2/emc/stmp/emc.global/RUNDIRS/retrotestgfs10/gdas.2024112418/upp.2435701/'], ['/apps/ops/prod/libs/intel/19.1.3.304/crtm/2.4.0/fix/abi_gr.TauCoeff.bin', '/lfs/h2/emc/stmp/emc.global/RUNDIRS/retrotestgfs10/gdas.2024112418/upp.2435701/'], ['/apps/ops/prod/libs/intel/19.1.3.304/crtm/2.4.0/fix/abi_gr.SpcCoeff.bin', '/lfs/h2/emc/stmp/emc.global/RUNDIRS/retrotestgfs10/gdas.2024112418/upp.2435701/'], ['/apps/ops/prod/libs/intel/19.1.3.304/crtm/2.4.0/fix/ahi_himawari8.TauCoeff.bin', '/lfs/h2/emc/stmp/emc.global/RUNDIRS/retrotestgfs10/gdas.2024112418/upp.2435701/'], ['/apps/ops/prod/libs/intel/19.1.3.304/crtm/2.4.0/fix/ahi_himawari8.SpcCoeff.bin', '/lfs/h2/emc/stmp/emc.global/RUNDIRS/retrotestgfs10/gdas.2024112418/upp.2435701/'], ['/apps/ops/prod/libs/intel/19.1.3.304/crtm/2.4.0/fix/v.seviri_m10.SpcCoeff.bin', '/lfs/h2/emc/stmp/emc.global/RUNDIRS/retrotestgfs10/gdas.2024112418/upp.2435701/'], ['/apps/ops/prod/libs/intel/19.1.3.304/crtm/2.4.0/fix/FASTEM4.MWwater.EmisCoeff.bin', '/lfs/h2/emc/stmp/emc.global/RUNDIRS/retrotestgfs10/gdas.2024112418/upp.2435701/'], ['/apps/ops/prod/libs/intel/19.1.3.304/crtm/2.4.0/fix/FASTEM5.MWwater.EmisCoeff.bin', '/lfs/h2/emc/stmp/emc.global/RUNDIRS/retrotestgfs10/gdas.2024112418/upp.2435701/'], ['/apps/ops/prod/libs/intel/19.1.3.304/crtm/2.4.0/fix/FASTEM6.MWwater.EmisCoeff.bin', '/lfs/h2/emc/stmp/emc.global/RUNDIRS/retrotestgfs10/gdas.2024112418/upp.2435701/'], ['/apps/ops/prod/libs/intel/19.1.3.304/crtm/2.4.0/fix/IGBP.IRland.EmisCoeff.bin', '/lfs/h2/emc/stmp/emc.global/RUNDIRS/retrotestgfs10/gdas.2024112418/upp.2435701/'], ['/apps/ops/prod/libs/intel/19.1.3.304/crtm/2.4.0/fix/IGBP.VISland.EmisCoeff.bin', '/lfs/h2/emc/stmp/emc.global/RUNDIRS/retrotestgfs10/gdas.2024112418/upp.2435701/'], ['/apps/ops/prod/libs/intel/19.1.3.304/crtm/2.4.0/fix/Nalli.IRwater.EmisCoeff.bin', '/lfs/h2/emc/stmp/emc.global/RUNDIRS/retrotestgfs10/gdas.2024112418/upp.2435701/'], ['/apps/ops/prod/libs/intel/19.1.3.304/crtm/2.4.0/fix/NPOESS.IRice.EmisCoeff.bin', '/lfs/h2/emc/stmp/emc.global/RUNDIRS/retrotestgfs10/gdas.2024112418/upp.2435701/'], ['/apps/ops/prod/libs/intel/19.1.3.304/crtm/2.4.0/fix/NPOESS.IRland.EmisCoeff.bin', '/lfs/h2/emc/stmp/emc.global/RUNDIRS/retrotestgfs10/gdas.2024112418/upp.2435701/'], ['/apps/ops/prod/libs/intel/19.1.3.304/crtm/2.4.0/fix/NPOESS.IRsnow.EmisCoeff.bin', '/lfs/h2/emc/stmp/emc.global/RUNDIRS/retrotestgfs10/gdas.2024112418/upp.2435701/'], ['/apps/ops/prod/libs/intel/19.1.3.304/crtm/2.4.0/fix/NPOESS.VISice.EmisCoeff.bin', '/lfs/h2/emc/stmp/emc.global/RUNDIRS/retrotestgfs10/gdas.2024112418/upp.2435701/'], ['/apps/ops/prod/libs/intel/19.1.3.304/crtm/2.4.0/fix/NPOESS.VISland.EmisCoeff.bin', '/lfs/h2/emc/stmp/emc.global/RUNDIRS/retrotestgfs10/gdas.2024112418/upp.2435701/'], ['/apps/ops/prod/libs/intel/19.1.3.304/crtm/2.4.0/fix/NPOESS.VISsnow.EmisCoeff.bin', '/lfs/h2/emc/stmp/emc.global/RUNDIRS/retrotestgfs10/gdas.2024112418/upp.2435701/'], ['/apps/ops/prod/libs/intel/19.1.3.304/crtm/2.4.0/fix/NPOESS.VISwater.EmisCoeff.bin', '/lfs/h2/emc/stmp/emc.global/RUNDIRS/retrotestgfs10/gdas.2024112418/upp.2435701/'], ['/apps/ops/prod/libs/intel/19.1.3.304/crtm/2.4.0/fix/USGS.IRland.EmisCoeff.bin', '/lfs/h2/emc/stmp/emc.global/RUNDIRS/retrotestgfs10/gdas.2024112418/upp.2435701/'], ['/apps/ops/prod/libs/intel/19.1.3.304/crtm/2.4.0/fix/USGS.VISland.EmisCoeff.bin', '/lfs/h2/emc/stmp/emc.global/RUNDIRS/retrotestgfs10/gdas.2024112418/upp.2435701/'], ['/apps/ops/prod/libs/intel/19.1.3.304/crtm/2.4.0/fix/WuSmith.IRwater.EmisCoeff.bin', '/lfs/h2/emc/stmp/emc.global/RUNDIRS/retrotestgfs10/gdas.2024112418/upp.2435701/'], ['/apps/ops/prod/libs/intel/19.1.3.304/crtm/2.4.0/fix/AerosolCoeff.bin', '/lfs/h2/emc/stmp/emc.global/RUNDIRS/retrotestgfs10/gdas.2024112418/upp.2435701/'], ['/apps/ops/prod/libs/intel/19.1.3.304/crtm/2.4.0/fix/CloudCoeff.bin', '/lfs/h2/emc/stmp/emc.global/RUNDIRS/retrotestgfs10/gdas.2024112418/upp.2435701/'], ['/lfs/h2/emc/global/noscrub/emc.global/RETRO_GFSv17/git/global-workflow/develop_20250602/parm/post/gfs/postxconfig-NT-gfs-goes.txt', '/lfs/h2/emc/stmp/emc.global/RUNDIRS/retrotestgfs10/gdas.2024112418/upp.2435701/postxconfig-NT.txt'], ['/lfs/h2/emc/ptmp/emc.global/RETRO_GFSv17/comroot/retrotestgfs10/gdas.20241124/18//model/atmos/history/gdas.t18z.atmf000.nc', '/lfs/h2/emc/stmp/emc.global/RUNDIRS/retrotestgfs10/gdas.2024112418/upp.2435701/atm_20241124180000.nc'], ['/lfs/h2/emc/ptmp/emc.global/RETRO_GFSv17/comroot/retrotestgfs10/gdas.20241124/18//model/atmos/history/gdas.t18z.sfcf000.nc', '/lfs/h2/emc/stmp/emc.global/RUNDIRS/retrotestgfs10/gdas.2024112418/upp.2435701/sfc_20241124180000.nc']]}, 'data_out': {'copy': [['/lfs/h2/emc/stmp/emc.global/RUNDIRS/retrotestgfs10/gdas.2024112418/upp.2435701/GFSGOES.GrbF00', '/lfs/h2/emc/ptmp/emc.global/RETRO_GFSv17/comroot/retrotestgfs10/gdas.20241124/18//model/atmos/master/gdas.t18z.special.grb2f000'], ['/lfs/h2/emc/stmp/emc.global/RUNDIRS/retrotestgfs10/gdas.2024112418/upp.2435701/GFSGOES.GrbF00.idx', '/lfs/h2/emc/ptmp/emc.global/RETRO_GFSv17/comroot/retrotestgfs10/gdas.20241124/18//model/atmos/master/gdas.t18z.special.grb2if000']]}}} )[0m
[38;21m2025-06-16 19:01:49,611 - INFO     - upp         : Copy 'analysis' data to run directory[0m
[38;21m2025-06-16 19:01:49,626 - INFO     - file_utils  : Copied /lfs/h2/emc/global/noscrub/emc.global/RETRO_GFSv17/git/global-workflow/develop_20250602/parm/post/gfs/postxconfig-NT-gfs-anl.txt to /lfs/h2/emc/stmp/emc.global/RUNDIRS/retrotestgfs10/gdas.2024112418/upp.2435701/postxconfig-NT.txt[0m
[38;21m2025-06-16 19:02:15,394 - INFO     - file_utils  : Copied /lfs/h2/emc/ptmp/emc.global/RETRO_GFSv17/comroot/retrotestgfs10/gdas.20241124/18//analysis/atmos/gdas.t18z.atmanl.nc to /lfs/h2/emc/stmp/emc.global/RUNDIRS/retrotestgfs10/gdas.2024112418/upp.2435701/atm_20241124180000.nc[0m
[38;21m2025-06-16 19:02:16,253 - INFO     - file_utils  : Copied /lfs/h2/emc/ptmp/emc.global/RETRO_GFSv17/comroot/retrotestgfs10/gdas.20241124/18//analysis/atmos/gdas.t18z.sfcanl.nc to /lfs/h2/emc/stmp/emc.global/RUNDIRS/retrotestgfs10/gdas.2024112418/upp.2435701/sfc_20241124180000.nc[0m
[38;5;39m2025-06-16 19:02:16,254 - DEBUG    - upp         : Updated localconf with upp_run='analysis':
{'APRUN_UPP': 'mpiexec -l -n 200 -ppn 40 --cpu-bind depth --depth 1',
 'COMIN_ATMOS_ANALYSIS': '/lfs/h2/emc/ptmp/emc.global/RETRO_GFSv17/comroot/retrotestgfs10/gdas.20241124/18//analysis/atmos',
 'COMIN_ATMOS_HISTORY': '/lfs/h2/emc/ptmp/emc.global/RETRO_GFSv17/comroot/retrotestgfs10/gdas.20241124/18//model/atmos/history',
 'COMOUT_ATMOS_MASTER': '/lfs/h2/emc/ptmp/emc.global/RETRO_GFSv17/comroot/retrotestgfs10/gdas.20241124/18//model/atmos/master',
 'DATA': '/lfs/h2/emc/stmp/emc.global/RUNDIRS/retrotestgfs10/gdas.2024112418/upp.2435701',
 'HOMEgfs': '/lfs/h2/emc/global/noscrub/emc.global/RETRO_GFSv17/git/global-workflow/develop_20250602',
 'NET': 'gfs',
 'RUN': 'gdas',
 'atmos_filename': 'atm_20241124180000.nc',
 'current_cycle': datetime.datetime(2024, 11, 24, 18, 0),
 'flux_filename': 'sfc_20241124180000.nc',
 'forecast_hour': 0,
 'grib_version': 'grib2',
 'ioform': 'netcdfpara',
 'po': [1000.0,
        975.0,
        950.0,
        925.0,
        900.0,
        875.0,
        850.0,
        825.0,
        800.0,
        775.0,
        750.0,
        725.0,
        700.0,
        675.0,
        650.0,
        625.0,
        600.0,
        575.0,
        550.0,
        525.0,
        500.0,
        475.0,
        450.0,
        425.0,
        400.0,
        375.0,
        350.0,
        325.0,
        300.0,
        275.0,
        250.0,
        225.0,
        200.0,
        175.0,
        150.0,
        125.0,
        100.0,
        70.0,
        50.0,
        40.0,
        30.0,
        20.0,
        15.0,
        10.0,
        7.0,
        5.0,
        3.0,
        2.0,
        1.0,
        0.7,
        0.4,
        0.2,
        0.1,
        0.07,
        0.04,
        0.02,
        0.01],
 'rdaod': True,
 'upp_run': 'analysis',
 'valid_datetime': datetime.datetime(2024, 11, 24, 18, 0)}[0m
[38;21m2025-06-16 19:02:16,254 - INFO     - upp         : Create namelist for upp.x[0m
[38;5;39m2025-06-16 19:02:16,258 - DEBUG    - upp         : itag:
&model_inputs
  filename = "atm_20241124180000.nc",
  ioform = "netcdfpara",
  grib = "grib2",
  datestr = "2024-11-24_18:00:00",
  modelname = "GFS",
  submodelname = "NONE",
  filenameflux = "sfc_20241124180000.nc",
  filenameflat = "postxconfig-NT.txt"
/
&nampgb
  kpo = 57,
  po = 1000.0, 975.0, 950.0, 925.0, 900.0, 875.0, 850.0, 825.0, 800.0, 775.0, 750.0, 725.0, 700.0, 675.0, 650.0, 625.0, 600.0, 575.0, 550.0, 525.0, 500.0, 475.0, 450.0, 425.0, 400.0, 375.0, 350.0, 325.0, 300.0, 275.0, 250.0, 225.0, 200.0, 175.0, 150.0, 125.0, 100.0, 70.0, 50.0, 40.0, 30.0, 20.0, 15.0, 10.0, 7.0, 5.0, 3.0, 2.0, 1.0, 0.7, 0.4, 0.2, 0.1, 0.07, 0.04, 0.02, 0.01,
  rdaod = .true.
/
[0m
[38;21m2025-06-16 19:02:16,259 - INFO     - upp         :   END: pygfs.task.upp.configure[0m
[38;5;39m2025-06-16 19:02:16,259 - DEBUG    - upp         :  returning: None[0m
[38;21m2025-06-16 19:02:16,260 - INFO     - upp         : BEGIN: pygfs.task.upp.execute[0m
[38;5;39m2025-06-16 19:02:16,260 - DEBUG    - upp         : ( '/lfs/h2/emc/stmp/emc.global/RUNDIRS/retrotestgfs10/gdas.2024112418/upp.2435701', 'mpiexec -l -n 200 -ppn 40 --cpu-bind depth --depth 1', 0 )[0m
[38;21m2025-06-16 19:02:16,260 - INFO     - upp         : BEGIN: pygfs.task.upp.run[0m
[38;5;39m2025-06-16 19:02:16,260 - DEBUG    - upp         : ( <class 'pygfs.task.upp.UPP'>, '/lfs/h2/emc/stmp/emc.global/RUNDIRS/retrotestgfs10/gdas.2024112418/upp.2435701', 'mpiexec -l -n 200 -ppn 40 --cpu-bind depth --depth 1' )[0m
[38;21m2025-06-16 19:02:16,260 - INFO     - upp         : BEGIN: pygfs.task.upp._call_executable[0m
[38;5;39m2025-06-16 19:02:16,260 - DEBUG    - upp         : ( <exe: ['mpiexec', '-l', '-n', '200', '-ppn', '40', '--cpu-bind', 'depth', '--depth', '1', '/lfs/h2/emc/stmp/emc.global/RUNDIRS/retrotestgfs10/gdas.2024112418/upp.2435701/upp.x']> )[0m
[38;21m2025-06-16 19:02:16,260 - INFO     - upp         : Executing mpiexec -l -n 200 -ppn 40 --cpu-bind depth --depth 1 /lfs/h2/emc/stmp/emc.global/RUNDIRS/retrotestgfs10/gdas.2024112418/upp.2435701/upp.x[0m
nid001645.dogwood.wcoss2.ncep.noaa.gov 0:   mype=           0  ierr=           0
  npes=         200  ierr=           0
  we will try to run with            1  server groups
  *** you specified 0 I/O servers 
  CHKOUT will write a file
nid001645.dogwood.wcoss2.ncep.noaa.gov 1:   mype=           1  ierr=           0
  npes=         200  ierr=           0
nid001645.dogwood.wcoss2.ncep.noaa.gov 2:   mype=           2  ierr=           0
  npes=         200  ierr=           0
nid001645.dogwood.wcoss2.ncep.noaa.gov 3:   mype=           3  ierr=           0
  npes=         200  ierr=           0
nid003531.dogwood.wcoss2.ncep.noaa.gov 192:   mype=         192  ierr=           0
  npes=         200  ierr=           0
nid003195.dogwood.wcoss2.ncep.noaa.gov 80:   mype=          80  ierr=           0
  npes=         200  ierr=           0
nid003531.dogwood.wcoss2.ncep.noaa.gov 193:   mype=         193  ierr=           0
  npes=         200  ierr=           0
nid001742.dogwood.wcoss2.ncep.noaa.gov 45:   mype=          45  ierr=           0
  npes=         200  ierr=           0
nid003195.dogwood.wcoss2.ncep.noaa.gov 81:   mype=          81  ierr=           0
  npes=         200  ierr=           0
nid003531.dogwood.wcoss2.ncep.noaa.gov 194:   mype=         194  ierr=           0
  npes=         200  ierr=           0
nid001645.dogwood.wcoss2.ncep.noaa.gov 8:   mype=           8  ierr=           0
  npes=         200  ierr=           0
nid003195.dogwood.wcoss2.ncep.noaa.gov 82:   mype=          82  ierr=           0
  npes=         200  ierr=           0
nid003528.dogwood.wcoss2.ncep.noaa.gov 128:   mype=         128  ierr=           0
  npes=         200  ierr=           0
nid003531.dogwood.wcoss2.ncep.noaa.gov 195:   mype=         195  ierr=           0
  npes=         200  ierr=           0
nid001645.dogwood.wcoss2.ncep.noaa.gov 9:   mype=           9  ierr=           0
  npes=         200  ierr=           0
nid003195.dogwood.wcoss2.ncep.noaa.gov 88:   mype=          88  ierr=           0
  npes=         200  ierr=           0
nid003528.dogwood.wcoss2.ncep.noaa.gov 129:   mype=         129  ierr=           0
  npes=         200  ierr=           0
nid003531.dogwood.wcoss2.ncep.noaa.gov 160:   mype=         160  ierr=           0
  npes=         200  ierr=           0
nid001645.dogwood.wcoss2.ncep.noaa.gov 10:   mype=          10  ierr=           0
  npes=         200  ierr=           0
nid001742.dogwood.wcoss2.ncep.noaa.gov 46:   mype=          46  ierr=           0
  npes=         200  ierr=           0
nid003195.dogwood.wcoss2.ncep.noaa.gov 89:   mype=          89  ierr=           0
  npes=         200  ierr=           0
nid003528.dogwood.wcoss2.ncep.noaa.gov 130:   mype=         130  ierr=           0
  npes=         200  ierr=           0
nid003531.dogwood.wcoss2.ncep.noaa.gov 161:   mype=         161  ierr=           0
  npes=         200  ierr=           0
nid001645.dogwood.wcoss2.ncep.noaa.gov 11:   mype=          11  ierr=           0
  npes=         200  ierr=           0
nid001742.dogwood.wcoss2.ncep.noaa.gov 48:   mype=          48  ierr=           0
  npes=         200  ierr=           0
nid003195.dogwood.wcoss2.ncep.noaa.gov 90:   mype=          90  ierr=           0
  npes=         200  ierr=           0
nid003528.dogwood.wcoss2.ncep.noaa.gov 131:   mype=         131  ierr=           0
  npes=         200  ierr=           0
nid003531.dogwood.wcoss2.ncep.noaa.gov 162:   mype=         162  ierr=           0
  npes=         200  ierr=           0
nid001645.dogwood.wcoss2.ncep.noaa.gov 17:   mype=          17  ierr=           0
  npes=         200  ierr=           0
nid001742.dogwood.wcoss2.ncep.noaa.gov 49:   mype=          49  ierr=           0
  npes=         200  ierr=           0
nid003195.dogwood.wcoss2.ncep.noaa.gov 91:   mype=          91  ierr=           0
  npes=         200  ierr=           0
nid003528.dogwood.wcoss2.ncep.noaa.gov 140:   mype=         140  ierr=           0
  npes=         200  ierr=           0
nid003531.dogwood.wcoss2.ncep.noaa.gov 163:   mype=         163  ierr=           0
  npes=         200  ierr=           0
nid001645.dogwood.wcoss2.ncep.noaa.gov 18:   mype=          18  ierr=           0
  npes=         200  ierr=           0
nid001742.dogwood.wcoss2.ncep.noaa.gov 50:   mype=          50  ierr=           0
  npes=         200  ierr=           0
nid003195.dogwood.wcoss2.ncep.noaa.gov 92:   mype=          92  ierr=           0
  npes=         200  ierr=           0
nid003528.dogwood.wcoss2.ncep.noaa.gov 141:   mype=         141  ierr=           0
  npes=         200  ierr=           0
nid003531.dogwood.wcoss2.ncep.noaa.gov 164:   mype=         164  ierr=           0
  npes=         200  ierr=           0
nid001645.dogwood.wcoss2.ncep.noaa.gov 19:   mype=          19  ierr=           0
  npes=         200  ierr=           0
nid001742.dogwood.wcoss2.ncep.noaa.gov 51:   mype=          51  ierr=           0
  npes=         200  ierr=           0
nid003195.dogwood.wcoss2.ncep.noaa.gov 93:   mype=          93  ierr=           0
  npes=         200  ierr=           0
nid003528.dogwood.wcoss2.ncep.noaa.gov 142:   mype=         142  ierr=           0
  npes=         200  ierr=           0
nid003531.dogwood.wcoss2.ncep.noaa.gov 165:   mype=         165  ierr=           0
  npes=         200  ierr=           0
nid001645.dogwood.wcoss2.ncep.noaa.gov 24:   mype=          24  ierr=           0
  npes=         200  ierr=           0
nid001742.dogwood.wcoss2.ncep.noaa.gov 57:   mype=          57  ierr=           0
  npes=         200  ierr=           0
nid003195.dogwood.wcoss2.ncep.noaa.gov 94:   mype=          94  ierr=           0
  npes=         200  ierr=           0
nid003528.dogwood.wcoss2.ncep.noaa.gov 143:   mype=         143  ierr=           0
  npes=         200  ierr=           0
nid003531.dogwood.wcoss2.ncep.noaa.gov 166:   mype=         166  ierr=           0
  npes=         200  ierr=           0
nid001645.dogwood.wcoss2.ncep.noaa.gov 25:   mype=          25  ierr=           0
  npes=         200  ierr=           0
nid001742.dogwood.wcoss2.ncep.noaa.gov 58:   mype=          58  ierr=           0
  npes=         200  ierr=           0
nid003195.dogwood.wcoss2.ncep.noaa.gov 95:   mype=          95  ierr=           0
  npes=         200  ierr=           0
nid003528.dogwood.wcoss2.ncep.noaa.gov 144:   mype=         144  ierr=           0
  npes=         200  ierr=           0
nid003531.dogwood.wcoss2.ncep.noaa.gov 167:   mype=         167  ierr=           0
  npes=         200  ierr=           0
nid001645.dogwood.wcoss2.ncep.noaa.gov 26:   mype=          26  ierr=           0
  npes=         200  ierr=           0
nid001742.dogwood.wcoss2.ncep.noaa.gov 59:   mype=          59  ierr=           0
  npes=         200  ierr=           0
nid003195.dogwood.wcoss2.ncep.noaa.gov 96:   mype=          96  ierr=           0
  npes=         200  ierr=           0
nid003528.dogwood.wcoss2.ncep.noaa.gov 145:   mype=         145  ierr=           0
  npes=         200  ierr=           0
nid003531.dogwood.wcoss2.ncep.noaa.gov 168:   mype=         168  ierr=           0
  npes=         200  ierr=           0
nid001645.dogwood.wcoss2.ncep.noaa.gov 27:   mype=          27  ierr=           0
  npes=         200  ierr=           0
nid001742.dogwood.wcoss2.ncep.noaa.gov 60:   mype=          60  ierr=           0
  npes=         200  ierr=           0
nid003195.dogwood.wcoss2.ncep.noaa.gov 97:   mype=          97  ierr=           0
  npes=         200  ierr=           0
nid003528.dogwood.wcoss2.ncep.noaa.gov 146:   mype=         146  ierr=           0
  npes=         200  ierr=           0
nid003531.dogwood.wcoss2.ncep.noaa.gov 169:   mype=         169  ierr=           0
  npes=         200  ierr=           0
nid001645.dogwood.wcoss2.ncep.noaa.gov 32:   mype=          32  ierr=           0
  npes=         200  ierr=           0
nid001742.dogwood.wcoss2.ncep.noaa.gov 61:   mype=          61  ierr=           0
  npes=         200  ierr=           0
nid003195.dogwood.wcoss2.ncep.noaa.gov 98:   mype=          98  ierr=           0
  npes=         200  ierr=           0
nid003528.dogwood.wcoss2.ncep.noaa.gov 147:   mype=         147  ierr=           0
  npes=         200  ierr=           0
nid003531.dogwood.wcoss2.ncep.noaa.gov 170:   mype=         170  ierr=           0
  npes=         200  ierr=           0
nid001645.dogwood.wcoss2.ncep.noaa.gov 33:   mype=          33  ierr=           0
  npes=         200  ierr=           0
nid001742.dogwood.wcoss2.ncep.noaa.gov 62:   mype=          62  ierr=           0
  npes=         200  ierr=           0
nid003195.dogwood.wcoss2.ncep.noaa.gov 99:   mype=          99  ierr=           0
  npes=         200  ierr=           0
nid003528.dogwood.wcoss2.ncep.noaa.gov 148:   mype=         148  ierr=           0
  npes=         200  ierr=           0
nid003531.dogwood.wcoss2.ncep.noaa.gov 171:   mype=         171  ierr=           0
  npes=         200  ierr=           0
nid001645.dogwood.wcoss2.ncep.noaa.gov 34:   mype=          34  ierr=           0
  npes=         200  ierr=           0
nid001742.dogwood.wcoss2.ncep.noaa.gov 63:   mype=          63  ierr=           0
  npes=         200  ierr=           0
nid003195.dogwood.wcoss2.ncep.noaa.gov 104:   mype=         104  ierr=           0
  npes=         200  ierr=           0
nid003528.dogwood.wcoss2.ncep.noaa.gov 149:   mype=         149  ierr=           0
  npes=         200  ierr=           0
nid003531.dogwood.wcoss2.ncep.noaa.gov 172:   mype=         172  ierr=           0
  npes=         200  ierr=           0
nid001645.dogwood.wcoss2.ncep.noaa.gov 35:   mype=          35  ierr=           0
  npes=         200  ierr=           0
nid001742.dogwood.wcoss2.ncep.noaa.gov 64:   mype=          64  ierr=           0
  npes=         200  ierr=           0
nid003195.dogwood.wcoss2.ncep.noaa.gov 105:   mype=         105  ierr=           0
  npes=         200  ierr=           0
nid003528.dogwood.wcoss2.ncep.noaa.gov 150:   mype=         150  ierr=           0
  npes=         200  ierr=           0
nid003531.dogwood.wcoss2.ncep.noaa.gov 173:   mype=         173  ierr=           0
  npes=         200  ierr=           0
nid001645.dogwood.wcoss2.ncep.noaa.gov 36:   mype=          36  ierr=           0
  npes=         200  ierr=           0
nid001742.dogwood.wcoss2.ncep.noaa.gov 65:   mype=          65  ierr=           0
  npes=         200  ierr=           0
nid003195.dogwood.wcoss2.ncep.noaa.gov 106:   mype=         106  ierr=           0
  npes=         200  ierr=           0
nid003528.dogwood.wcoss2.ncep.noaa.gov 152:   mype=         152  ierr=           0
  npes=         200  ierr=           0
nid003531.dogwood.wcoss2.ncep.noaa.gov 174:   mype=         174  ierr=           0
  npes=         200  ierr=           0
nid001645.dogwood.wcoss2.ncep.noaa.gov 37:   mype=          37  ierr=           0
  npes=         200  ierr=           0
nid001742.dogwood.wcoss2.ncep.noaa.gov 66:   mype=          66  ierr=           0
  npes=         200  ierr=           0
nid003195.dogwood.wcoss2.ncep.noaa.gov 107:   mype=         107  ierr=           0
  npes=         200  ierr=           0
nid003528.dogwood.wcoss2.ncep.noaa.gov 153:   mype=         153  ierr=           0
  npes=         200  ierr=           0
nid003531.dogwood.wcoss2.ncep.noaa.gov 175:   mype=         175  ierr=           0
  npes=         200  ierr=           0
nid001645.dogwood.wcoss2.ncep.noaa.gov 38:   mype=          38  ierr=           0
  npes=         200  ierr=           0
nid001742.dogwood.wcoss2.ncep.noaa.gov 68:   mype=          68  ierr=           0
  npes=         200  ierr=           0
nid003195.dogwood.wcoss2.ncep.noaa.gov 108:   mype=         108  ierr=           0
  npes=         200  ierr=           0
nid003528.dogwood.wcoss2.ncep.noaa.gov 154:   mype=         154  ierr=           0
  npes=         200  ierr=           0
nid003531.dogwood.wcoss2.ncep.noaa.gov 176:   mype=         176  ierr=           0
  npes=         200  ierr=           0
nid001645.dogwood.wcoss2.ncep.noaa.gov 39:   mype=          39  ierr=           0
  npes=         200  ierr=           0
nid001742.dogwood.wcoss2.ncep.noaa.gov 69:   mype=          69  ierr=           0
  npes=         200  ierr=           0
nid003195.dogwood.wcoss2.ncep.noaa.gov 109:   mype=         109  ierr=           0
  npes=         200  ierr=           0
nid003528.dogwood.wcoss2.ncep.noaa.gov 155:   mype=         155  ierr=           0
  npes=         200  ierr=           0
nid003531.dogwood.wcoss2.ncep.noaa.gov 177:   mype=         177  ierr=           0
  npes=         200  ierr=           0
nid001645.dogwood.wcoss2.ncep.noaa.gov 4:   mype=           4  ierr=           0
  npes=         200  ierr=           0
nid001742.dogwood.wcoss2.ncep.noaa.gov 70:   mype=          70  ierr=           0
  npes=         200  ierr=           0
nid003195.dogwood.wcoss2.ncep.noaa.gov 110:   mype=         110  ierr=           0
  npes=         200  ierr=           0
nid003528.dogwood.wcoss2.ncep.noaa.gov 156:   mype=         156  ierr=           0
  npes=         200  ierr=           0
nid003531.dogwood.wcoss2.ncep.noaa.gov 178:   mype=         178  ierr=           0
  npes=         200  ierr=           0
nid001645.dogwood.wcoss2.ncep.noaa.gov 5:   mype=           5  ierr=           0
  npes=         200  ierr=           0
nid001742.dogwood.wcoss2.ncep.noaa.gov 72:   mype=          72  ierr=           0
  npes=         200  ierr=           0
nid003195.dogwood.wcoss2.ncep.noaa.gov 111:   mype=         111  ierr=           0
  npes=         200  ierr=           0
nid003528.dogwood.wcoss2.ncep.noaa.gov 157:   mype=         157  ierr=           0
  npes=         200  ierr=           0
nid003531.dogwood.wcoss2.ncep.noaa.gov 179:   mype=         179  ierr=           0
  npes=         200  ierr=           0
nid001645.dogwood.wcoss2.ncep.noaa.gov 6:   mype=           6  ierr=           0
  npes=         200  ierr=           0
nid001742.dogwood.wcoss2.ncep.noaa.gov 73:   mype=          73  ierr=           0
  npes=         200  ierr=           0
nid003195.dogwood.wcoss2.ncep.noaa.gov 112:   mype=         112  ierr=           0
  npes=         200  ierr=           0
nid003528.dogwood.wcoss2.ncep.noaa.gov 158:   mype=         158  ierr=           0
  npes=         200  ierr=           0
nid003531.dogwood.wcoss2.ncep.noaa.gov 180:   mype=         180  ierr=           0
  npes=         200  ierr=           0
nid001645.dogwood.wcoss2.ncep.noaa.gov 7:   mype=           7  ierr=           0
  npes=         200  ierr=           0
nid001742.dogwood.wcoss2.ncep.noaa.gov 74:   mype=          74  ierr=           0
  npes=         200  ierr=           0
nid003195.dogwood.wcoss2.ncep.noaa.gov 113:   mype=         113  ierr=           0
  npes=         200  ierr=           0
nid003528.dogwood.wcoss2.ncep.noaa.gov 159:   mype=         159  ierr=           0
  npes=         200  ierr=           0
nid003531.dogwood.wcoss2.ncep.noaa.gov 181:   mype=         181  ierr=           0
  npes=         200  ierr=           0
nid001645.dogwood.wcoss2.ncep.noaa.gov 12:   mype=          12  ierr=           0
  npes=         200  ierr=           0
nid001742.dogwood.wcoss2.ncep.noaa.gov 75:   mype=          75  ierr=           0
  npes=         200  ierr=           0
nid003195.dogwood.wcoss2.ncep.noaa.gov 114:   mype=         114  ierr=           0
  npes=         200  ierr=           0
nid003528.dogwood.wcoss2.ncep.noaa.gov 120:   mype=         120  ierr=           0
  npes=         200  ierr=           0
nid003531.dogwood.wcoss2.ncep.noaa.gov 182:   mype=         182  ierr=           0
  npes=         200  ierr=           0
nid001645.dogwood.wcoss2.ncep.noaa.gov 13:   mype=          13  ierr=           0
  npes=         200  ierr=           0
nid001742.dogwood.wcoss2.ncep.noaa.gov 76:   mype=          76  ierr=           0
  npes=         200  ierr=           0
nid003195.dogwood.wcoss2.ncep.noaa.gov 115:   mype=         115  ierr=           0
  npes=         200  ierr=           0
nid003528.dogwood.wcoss2.ncep.noaa.gov 121:   mype=         121  ierr=           0
  npes=         200  ierr=           0
nid003531.dogwood.wcoss2.ncep.noaa.gov 183:   mype=         183  ierr=           0
  npes=         200  ierr=           0
nid001645.dogwood.wcoss2.ncep.noaa.gov 14:   mype=          14  ierr=           0
  npes=         200  ierr=           0
nid001742.dogwood.wcoss2.ncep.noaa.gov 77:   mype=          77  ierr=           0
  npes=         200  ierr=           0
nid003195.dogwood.wcoss2.ncep.noaa.gov 116:   mype=         116  ierr=           0
  npes=         200  ierr=           0
nid003528.dogwood.wcoss2.ncep.noaa.gov 122:   mype=         122  ierr=           0
  npes=         200  ierr=           0
nid003531.dogwood.wcoss2.ncep.noaa.gov 184:   mype=         184  ierr=           0
  npes=         200  ierr=           0
nid001645.dogwood.wcoss2.ncep.noaa.gov 15:   mype=          15  ierr=           0
  npes=         200  ierr=           0
nid001742.dogwood.wcoss2.ncep.noaa.gov 78:   mype=          78  ierr=           0
  npes=         200  ierr=           0
nid003195.dogwood.wcoss2.ncep.noaa.gov 117:   mype=         117  ierr=           0
  npes=         200  ierr=           0
nid003528.dogwood.wcoss2.ncep.noaa.gov 123:   mype=         123  ierr=           0
  npes=         200  ierr=           0
nid003531.dogwood.wcoss2.ncep.noaa.gov 185:   mype=         185  ierr=           0
  npes=         200  ierr=           0
nid001645.dogwood.wcoss2.ncep.noaa.gov 16:   mype=          16  ierr=           0
  npes=         200  ierr=           0
nid001742.dogwood.wcoss2.ncep.noaa.gov 79:   mype=          79  ierr=           0
  npes=         200  ierr=           0
nid003195.dogwood.wcoss2.ncep.noaa.gov 118:   mype=         118  ierr=           0
  npes=         200  ierr=           0
nid003528.dogwood.wcoss2.ncep.noaa.gov 124:   mype=         124  ierr=           0
  npes=         200  ierr=           0
nid003531.dogwood.wcoss2.ncep.noaa.gov 186:   mype=         186  ierr=           0
  npes=         200  ierr=           0
nid001645.dogwood.wcoss2.ncep.noaa.gov 20:   mype=          20  ierr=           0
  npes=         200  ierr=           0
nid001742.dogwood.wcoss2.ncep.noaa.gov 40:   mype=          40  ierr=           0
  npes=         200  ierr=           0
nid003195.dogwood.wcoss2.ncep.noaa.gov 119:   mype=         119  ierr=           0
  npes=         200  ierr=           0
nid003528.dogwood.wcoss2.ncep.noaa.gov 125:   mype=         125  ierr=           0
  npes=         200  ierr=           0
nid003531.dogwood.wcoss2.ncep.noaa.gov 187:   mype=         187  ierr=           0
  npes=         200  ierr=           0
nid001645.dogwood.wcoss2.ncep.noaa.gov 21:   mype=          21  ierr=           0
  npes=         200  ierr=           0
nid001742.dogwood.wcoss2.ncep.noaa.gov 41:   mype=          41  ierr=           0
  npes=         200  ierr=           0
nid003195.dogwood.wcoss2.ncep.noaa.gov 83:   mype=          83  ierr=           0
  npes=         200  ierr=           0
nid003528.dogwood.wcoss2.ncep.noaa.gov 126:   mype=         126  ierr=           0
  npes=         200  ierr=           0
nid003531.dogwood.wcoss2.ncep.noaa.gov 188:   mype=         188  ierr=           0
  npes=         200  ierr=           0
nid001645.dogwood.wcoss2.ncep.noaa.gov 22:   mype=          22  ierr=           0
  npes=         200  ierr=           0
nid001742.dogwood.wcoss2.ncep.noaa.gov 42:   mype=          42  ierr=           0
  npes=         200  ierr=           0
nid003195.dogwood.wcoss2.ncep.noaa.gov 84:   mype=          84  ierr=           0
  npes=         200  ierr=           0
nid003528.dogwood.wcoss2.ncep.noaa.gov 127:   mype=         127  ierr=           0
  npes=         200  ierr=           0
nid003531.dogwood.wcoss2.ncep.noaa.gov 189:   mype=         189  ierr=           0
  npes=         200  ierr=           0
nid001645.dogwood.wcoss2.ncep.noaa.gov 23:   mype=          23  ierr=           0
  npes=         200  ierr=           0
nid001742.dogwood.wcoss2.ncep.noaa.gov 43:   mype=          43  ierr=           0
  npes=         200  ierr=           0
nid003195.dogwood.wcoss2.ncep.noaa.gov 85:   mype=          85  ierr=           0
  npes=         200  ierr=           0
nid003528.dogwood.wcoss2.ncep.noaa.gov 132:   mype=         132  ierr=           0
  npes=         200  ierr=           0
nid003531.dogwood.wcoss2.ncep.noaa.gov 190:   mype=         190  ierr=           0
  npes=         200  ierr=           0
nid001645.dogwood.wcoss2.ncep.noaa.gov 28:   mype=          28  ierr=           0
  npes=         200  ierr=           0
nid001742.dogwood.wcoss2.ncep.noaa.gov 44:   mype=          44  ierr=           0
  npes=         200  ierr=           0
nid003195.dogwood.wcoss2.ncep.noaa.gov 86:   mype=          86  ierr=           0
  npes=         200  ierr=           0
nid003528.dogwood.wcoss2.ncep.noaa.gov 133:   mype=         133  ierr=           0
  npes=         200  ierr=           0
nid003531.dogwood.wcoss2.ncep.noaa.gov 191:   mype=         191  ierr=           0
  npes=         200  ierr=           0
nid001645.dogwood.wcoss2.ncep.noaa.gov 29:   mype=          29  ierr=           0
  npes=         200  ierr=           0
nid001742.dogwood.wcoss2.ncep.noaa.gov 47:   mype=          47  ierr=           0
  npes=         200  ierr=           0
nid003195.dogwood.wcoss2.ncep.noaa.gov 87:   mype=          87  ierr=           0
  npes=         200  ierr=           0
nid003528.dogwood.wcoss2.ncep.noaa.gov 134:   mype=         134  ierr=           0
  npes=         200  ierr=           0
nid003531.dogwood.wcoss2.ncep.noaa.gov 196:   mype=         196  ierr=           0
  npes=         200  ierr=           0
nid001645.dogwood.wcoss2.ncep.noaa.gov 30:   mype=          30  ierr=           0
  npes=         200  ierr=           0
nid001742.dogwood.wcoss2.ncep.noaa.gov 52:   mype=          52  ierr=           0
  npes=         200  ierr=           0
nid003195.dogwood.wcoss2.ncep.noaa.gov 100:   mype=         100  ierr=           0
  npes=         200  ierr=           0
nid003528.dogwood.wcoss2.ncep.noaa.gov 135:   mype=         135  ierr=           0
  npes=         200  ierr=           0
nid003531.dogwood.wcoss2.ncep.noaa.gov 197:   mype=         197  ierr=           0
  npes=         200  ierr=           0
nid001645.dogwood.wcoss2.ncep.noaa.gov 31:   mype=          31  ierr=           0
  npes=         200  ierr=           0
nid001742.dogwood.wcoss2.ncep.noaa.gov 53:   mype=          53  ierr=           0
  npes=         200  ierr=           0
nid003195.dogwood.wcoss2.ncep.noaa.gov 101:   mype=         101  ierr=           0
  npes=         200  ierr=           0
nid003528.dogwood.wcoss2.ncep.noaa.gov 136:   mype=         136  ierr=           0
  npes=         200  ierr=           0
nid003531.dogwood.wcoss2.ncep.noaa.gov 198:   mype=         198  ierr=           0
  npes=         200  ierr=           0
nid001742.dogwood.wcoss2.ncep.noaa.gov 54:   mype=          54  ierr=           0
  npes=         200  ierr=           0
nid003195.dogwood.wcoss2.ncep.noaa.gov 102:   mype=         102  ierr=           0
  npes=         200  ierr=           0
nid003528.dogwood.wcoss2.ncep.noaa.gov 137:   mype=         137  ierr=           0
  npes=         200  ierr=           0
nid003531.dogwood.wcoss2.ncep.noaa.gov 199:   mype=         199  ierr=           0
  npes=         200  ierr=           0
nid001742.dogwood.wcoss2.ncep.noaa.gov 55:   mype=          55  ierr=           0
  npes=         200  ierr=           0
nid003195.dogwood.wcoss2.ncep.noaa.gov 103:   mype=         103  ierr=           0
  npes=         200  ierr=           0
nid003528.dogwood.wcoss2.ncep.noaa.gov 138:   mype=         138  ierr=           0
  npes=         200  ierr=           0
nid001742.dogwood.wcoss2.ncep.noaa.gov 56:   mype=          56  ierr=           0
  npes=         200  ierr=           0
nid003528.dogwood.wcoss2.ncep.noaa.gov 139:   mype=         139  ierr=           0
  npes=         200  ierr=           0
nid001742.dogwood.wcoss2.ncep.noaa.gov 67:   mype=          67  ierr=           0
  npes=         200  ierr=           0
nid003528.dogwood.wcoss2.ncep.noaa.gov 151:   mype=         151  ierr=           0
  npes=         200  ierr=           0
nid001742.dogwood.wcoss2.ncep.noaa.gov 71:   mype=          71  ierr=           0
  npes=         200  ierr=           0
nid001645.dogwood.wcoss2.ncep.noaa.gov 4:  mype=           4 npes_new=         200
nid001645.dogwood.wcoss2.ncep.noaa.gov 5:  mype=           5 npes_new=         200
nid001645.dogwood.wcoss2.ncep.noaa.gov 6:  mype=           6 npes_new=         200
nid001645.dogwood.wcoss2.ncep.noaa.gov 7:  mype=           7 npes_new=         200
nid001645.dogwood.wcoss2.ncep.noaa.gov 8:  mype=           8 npes_new=         200
nid003195.dogwood.wcoss2.ncep.noaa.gov 80:  mype=          80 npes_new=         200
nid003195.dogwood.wcoss2.ncep.noaa.gov 81:  mype=          81 npes_new=         200
nid001742.dogwood.wcoss2.ncep.noaa.gov 40:  mype=          40 npes_new=         200
nid001645.dogwood.wcoss2.ncep.noaa.gov 9:  mype=           9 npes_new=         200
nid003195.dogwood.wcoss2.ncep.noaa.gov 82:  mype=          82 npes_new=         200
nid001645.dogwood.wcoss2.ncep.noaa.gov 10:  mype=          10 npes_new=         200
nid003531.dogwood.wcoss2.ncep.noaa.gov 160:  mype=         160 npes_new=         200
nid001645.dogwood.wcoss2.ncep.noaa.gov 11:  mype=          11 npes_new=         200
nid003528.dogwood.wcoss2.ncep.noaa.gov 120:  mype=         120 npes_new=         200
nid003531.dogwood.wcoss2.ncep.noaa.gov 161:  mype=         161 npes_new=         200
nid003195.dogwood.wcoss2.ncep.noaa.gov 83:  mype=          83 npes_new=         200
nid003528.dogwood.wcoss2.ncep.noaa.gov 121:  mype=         121 npes_new=         200
nid003531.dogwood.wcoss2.ncep.noaa.gov 162:  mype=         162 npes_new=         200
nid001645.dogwood.wcoss2.ncep.noaa.gov 12:  mype=          12 npes_new=         200
nid003195.dogwood.wcoss2.ncep.noaa.gov 84:  mype=          84 npes_new=         200
nid003528.dogwood.wcoss2.ncep.noaa.gov 122:  mype=         122 npes_new=         200
nid003531.dogwood.wcoss2.ncep.noaa.gov 163:  mype=         163 npes_new=         200
nid001645.dogwood.wcoss2.ncep.noaa.gov 13:  mype=          13 npes_new=         200
nid003195.dogwood.wcoss2.ncep.noaa.gov 85:  mype=          85 npes_new=         200
nid003528.dogwood.wcoss2.ncep.noaa.gov 123:  mype=         123 npes_new=         200
nid003531.dogwood.wcoss2.ncep.noaa.gov 164:  mype=         164 npes_new=         200
nid001645.dogwood.wcoss2.ncep.noaa.gov 14:  mype=          14 npes_new=         200
nid001742.dogwood.wcoss2.ncep.noaa.gov 41:  mype=          41 npes_new=         200
nid003195.dogwood.wcoss2.ncep.noaa.gov 86:  mype=          86 npes_new=         200
nid003528.dogwood.wcoss2.ncep.noaa.gov 124:  mype=         124 npes_new=         200
nid003531.dogwood.wcoss2.ncep.noaa.gov 165:  mype=         165 npes_new=         200
nid001645.dogwood.wcoss2.ncep.noaa.gov 15:  mype=          15 npes_new=         200
nid001742.dogwood.wcoss2.ncep.noaa.gov 42:  mype=          42 npes_new=         200
nid003195.dogwood.wcoss2.ncep.noaa.gov 87:  mype=          87 npes_new=         200
nid003528.dogwood.wcoss2.ncep.noaa.gov 125:  mype=         125 npes_new=         200
nid003531.dogwood.wcoss2.ncep.noaa.gov 166:  mype=         166 npes_new=         200
nid001645.dogwood.wcoss2.ncep.noaa.gov 16:  mype=          16 npes_new=         200
nid003195.dogwood.wcoss2.ncep.noaa.gov 88:  mype=          88 npes_new=         200
nid003528.dogwood.wcoss2.ncep.noaa.gov 126:  mype=         126 npes_new=         200
nid003531.dogwood.wcoss2.ncep.noaa.gov 167:  mype=         167 npes_new=         200
nid001645.dogwood.wcoss2.ncep.noaa.gov 17:  mype=          17 npes_new=         200
nid001742.dogwood.wcoss2.ncep.noaa.gov 43:  mype=          43 npes_new=         200
nid003195.dogwood.wcoss2.ncep.noaa.gov 89:  mype=          89 npes_new=         200
nid003528.dogwood.wcoss2.ncep.noaa.gov 127:  mype=         127 npes_new=         200
nid003531.dogwood.wcoss2.ncep.noaa.gov 168:  mype=         168 npes_new=         200
nid001645.dogwood.wcoss2.ncep.noaa.gov 18:  mype=          18 npes_new=         200
nid001742.dogwood.wcoss2.ncep.noaa.gov 44:  mype=          44 npes_new=         200
nid003195.dogwood.wcoss2.ncep.noaa.gov 90:  mype=          90 npes_new=         200
nid003528.dogwood.wcoss2.ncep.noaa.gov 129:  mype=         129 npes_new=         200
nid003531.dogwood.wcoss2.ncep.noaa.gov 169:  mype=         169 npes_new=         200
nid001645.dogwood.wcoss2.ncep.noaa.gov 19:  mype=          19 npes_new=         200
nid001742.dogwood.wcoss2.ncep.noaa.gov 45:  mype=          45 npes_new=         200
nid003195.dogwood.wcoss2.ncep.noaa.gov 91:  mype=          91 npes_new=         200
nid003528.dogwood.wcoss2.ncep.noaa.gov 130:  mype=         130 npes_new=         200
nid003531.dogwood.wcoss2.ncep.noaa.gov 170:  mype=         170 npes_new=         200
nid001645.dogwood.wcoss2.ncep.noaa.gov 20:  mype=          20 npes_new=         200
nid001742.dogwood.wcoss2.ncep.noaa.gov 46:  mype=          46 npes_new=         200
nid003195.dogwood.wcoss2.ncep.noaa.gov 92:  mype=          92 npes_new=         200
nid003528.dogwood.wcoss2.ncep.noaa.gov 131:  mype=         131 npes_new=         200
nid003531.dogwood.wcoss2.ncep.noaa.gov 171:  mype=         171 npes_new=         200
nid001645.dogwood.wcoss2.ncep.noaa.gov 21:  mype=          21 npes_new=         200
nid001742.dogwood.wcoss2.ncep.noaa.gov 47:  mype=          47 npes_new=         200
nid003195.dogwood.wcoss2.ncep.noaa.gov 93:  mype=          93 npes_new=         200
nid003528.dogwood.wcoss2.ncep.noaa.gov 132:  mype=         132 npes_new=         200
nid003531.dogwood.wcoss2.ncep.noaa.gov 172:  mype=         172 npes_new=         200
nid001645.dogwood.wcoss2.ncep.noaa.gov 22:  mype=          22 npes_new=         200
nid001742.dogwood.wcoss2.ncep.noaa.gov 48:  mype=          48 npes_new=         200
nid003195.dogwood.wcoss2.ncep.noaa.gov 94:  mype=          94 npes_new=         200
nid003528.dogwood.wcoss2.ncep.noaa.gov 133:  mype=         133 npes_new=         200
nid003531.dogwood.wcoss2.ncep.noaa.gov 173:  mype=         173 npes_new=         200
nid001645.dogwood.wcoss2.ncep.noaa.gov 23:  mype=          23 npes_new=         200
nid003195.dogwood.wcoss2.ncep.noaa.gov 95:  mype=          95 npes_new=         200
nid003528.dogwood.wcoss2.ncep.noaa.gov 134:  mype=         134 npes_new=         200
nid003531.dogwood.wcoss2.ncep.noaa.gov 174:  mype=         174 npes_new=         200
nid001645.dogwood.wcoss2.ncep.noaa.gov 24:  mype=          24 npes_new=         200
nid003195.dogwood.wcoss2.ncep.noaa.gov 96:  mype=          96 npes_new=         200
nid003528.dogwood.wcoss2.ncep.noaa.gov 135:  mype=         135 npes_new=         200
nid003531.dogwood.wcoss2.ncep.noaa.gov 175:  mype=         175 npes_new=         200
nid001645.dogwood.wcoss2.ncep.noaa.gov 25:  mype=          25 npes_new=         200
nid003195.dogwood.wcoss2.ncep.noaa.gov 97:  mype=          97 npes_new=         200
nid003528.dogwood.wcoss2.ncep.noaa.gov 136:  mype=         136 npes_new=         200
nid003531.dogwood.wcoss2.ncep.noaa.gov 176:  mype=         176 npes_new=         200
nid001645.dogwood.wcoss2.ncep.noaa.gov 26:  mype=          26 npes_new=         200
nid001742.dogwood.wcoss2.ncep.noaa.gov 49:  mype=          49 npes_new=         200
nid003195.dogwood.wcoss2.ncep.noaa.gov 98:  mype=          98 npes_new=         200
nid003528.dogwood.wcoss2.ncep.noaa.gov 137:  mype=         137 npes_new=         200
nid003531.dogwood.wcoss2.ncep.noaa.gov 177:  mype=         177 npes_new=         200
nid001645.dogwood.wcoss2.ncep.noaa.gov 27:  mype=          27 npes_new=         200
nid001742.dogwood.wcoss2.ncep.noaa.gov 50:  mype=          50 npes_new=         200
nid003195.dogwood.wcoss2.ncep.noaa.gov 99:  mype=          99 npes_new=         200
nid003528.dogwood.wcoss2.ncep.noaa.gov 138:  mype=         138 npes_new=         200
nid003531.dogwood.wcoss2.ncep.noaa.gov 178:  mype=         178 npes_new=         200
nid001645.dogwood.wcoss2.ncep.noaa.gov 28:  mype=          28 npes_new=         200
nid001742.dogwood.wcoss2.ncep.noaa.gov 51:  mype=          51 npes_new=         200
nid003195.dogwood.wcoss2.ncep.noaa.gov 100:  mype=         100 npes_new=         200
nid003528.dogwood.wcoss2.ncep.noaa.gov 139:  mype=         139 npes_new=         200
nid003531.dogwood.wcoss2.ncep.noaa.gov 179:  mype=         179 npes_new=         200
nid001645.dogwood.wcoss2.ncep.noaa.gov 29:  mype=          29 npes_new=         200
nid001742.dogwood.wcoss2.ncep.noaa.gov 52:  mype=          52 npes_new=         200
nid003195.dogwood.wcoss2.ncep.noaa.gov 101:  mype=         101 npes_new=         200
nid003528.dogwood.wcoss2.ncep.noaa.gov 140:  mype=         140 npes_new=         200
nid003531.dogwood.wcoss2.ncep.noaa.gov 180:  mype=         180 npes_new=         200
nid001645.dogwood.wcoss2.ncep.noaa.gov 30:  mype=          30 npes_new=         200
nid001742.dogwood.wcoss2.ncep.noaa.gov 53:  mype=          53 npes_new=         200
nid003195.dogwood.wcoss2.ncep.noaa.gov 102:  mype=         102 npes_new=         200
nid003528.dogwood.wcoss2.ncep.noaa.gov 141:  mype=         141 npes_new=         200
nid003531.dogwood.wcoss2.ncep.noaa.gov 181:  mype=         181 npes_new=         200
nid001645.dogwood.wcoss2.ncep.noaa.gov 31:  mype=          31 npes_new=         200
nid001742.dogwood.wcoss2.ncep.noaa.gov 54:  mype=          54 npes_new=         200
nid003195.dogwood.wcoss2.ncep.noaa.gov 103:  mype=         103 npes_new=         200
nid003528.dogwood.wcoss2.ncep.noaa.gov 142:  mype=         142 npes_new=         200
nid003531.dogwood.wcoss2.ncep.noaa.gov 182:  mype=         182 npes_new=         200
nid001645.dogwood.wcoss2.ncep.noaa.gov 32:  mype=          32 npes_new=         200
nid001742.dogwood.wcoss2.ncep.noaa.gov 55:  mype=          55 npes_new=         200
nid003195.dogwood.wcoss2.ncep.noaa.gov 104:  mype=         104 npes_new=         200
nid003528.dogwood.wcoss2.ncep.noaa.gov 143:  mype=         143 npes_new=         200
nid003531.dogwood.wcoss2.ncep.noaa.gov 183:  mype=         183 npes_new=         200
nid001645.dogwood.wcoss2.ncep.noaa.gov 33:  mype=          33 npes_new=         200
nid001742.dogwood.wcoss2.ncep.noaa.gov 56:  mype=          56 npes_new=         200
nid003195.dogwood.wcoss2.ncep.noaa.gov 105:  mype=         105 npes_new=         200
nid003528.dogwood.wcoss2.ncep.noaa.gov 144:  mype=         144 npes_new=         200
nid003531.dogwood.wcoss2.ncep.noaa.gov 184:  mype=         184 npes_new=         200
nid001645.dogwood.wcoss2.ncep.noaa.gov 34:  mype=          34 npes_new=         200
nid001742.dogwood.wcoss2.ncep.noaa.gov 57:  mype=          57 npes_new=         200
nid003195.dogwood.wcoss2.ncep.noaa.gov 106:  mype=         106 npes_new=         200
nid003528.dogwood.wcoss2.ncep.noaa.gov 145:  mype=         145 npes_new=         200
nid003531.dogwood.wcoss2.ncep.noaa.gov 185:  mype=         185 npes_new=         200
nid001645.dogwood.wcoss2.ncep.noaa.gov 35:  mype=          35 npes_new=         200
nid001742.dogwood.wcoss2.ncep.noaa.gov 58:  mype=          58 npes_new=         200
nid003195.dogwood.wcoss2.ncep.noaa.gov 107:  mype=         107 npes_new=         200
nid003528.dogwood.wcoss2.ncep.noaa.gov 146:  mype=         146 npes_new=         200
nid003531.dogwood.wcoss2.ncep.noaa.gov 186:  mype=         186 npes_new=         200
nid001645.dogwood.wcoss2.ncep.noaa.gov 36:  mype=          36 npes_new=         200
nid001742.dogwood.wcoss2.ncep.noaa.gov 59:  mype=          59 npes_new=         200
nid003195.dogwood.wcoss2.ncep.noaa.gov 108:  mype=         108 npes_new=         200
nid003528.dogwood.wcoss2.ncep.noaa.gov 147:  mype=         147 npes_new=         200
nid003531.dogwood.wcoss2.ncep.noaa.gov 187:  mype=         187 npes_new=         200
nid001645.dogwood.wcoss2.ncep.noaa.gov 37:  mype=          37 npes_new=         200
nid001742.dogwood.wcoss2.ncep.noaa.gov 60:  mype=          60 npes_new=         200
nid003195.dogwood.wcoss2.ncep.noaa.gov 109:  mype=         109 npes_new=         200
nid003528.dogwood.wcoss2.ncep.noaa.gov 148:  mype=         148 npes_new=         200
nid003531.dogwood.wcoss2.ncep.noaa.gov 188:  mype=         188 npes_new=         200
nid001645.dogwood.wcoss2.ncep.noaa.gov 38:  mype=          38 npes_new=         200
nid001742.dogwood.wcoss2.ncep.noaa.gov 61:  mype=          61 npes_new=         200
nid003195.dogwood.wcoss2.ncep.noaa.gov 110:  mype=         110 npes_new=         200
nid003528.dogwood.wcoss2.ncep.noaa.gov 149:  mype=         149 npes_new=         200
nid003531.dogwood.wcoss2.ncep.noaa.gov 189:  mype=         189 npes_new=         200
nid001645.dogwood.wcoss2.ncep.noaa.gov 39:  mype=          39 npes_new=         200
nid001742.dogwood.wcoss2.ncep.noaa.gov 62:  mype=          62 npes_new=         200
nid003195.dogwood.wcoss2.ncep.noaa.gov 111:  mype=         111 npes_new=         200
nid003528.dogwood.wcoss2.ncep.noaa.gov 150:  mype=         150 npes_new=         200
nid003531.dogwood.wcoss2.ncep.noaa.gov 190:  mype=         190 npes_new=         200
nid001645.dogwood.wcoss2.ncep.noaa.gov 0:  mype=           0 npes_new=         200
  The Posting is using          200  MPI task
  There are            0  I/O servers


* . * . * . * . * . * . * . * . * . * . * . * . * . * . * . * . * . * . * . * . 
     PROGRAM nems      HAS BEGUN. COMPILED       0.00     ORG: np23   
     STARTING DATE-TIME  JUN 16,2025  19:02:38.404  167  MON   2460843


nid001742.dogwood.wcoss2.ncep.noaa.gov 63:  mype=          63 npes_new=         200
nid003195.dogwood.wcoss2.ncep.noaa.gov 112:  mype=         112 npes_new=         200
nid003528.dogwood.wcoss2.ncep.noaa.gov 151:  mype=         151 npes_new=         200
nid003531.dogwood.wcoss2.ncep.noaa.gov 191:  mype=         191 npes_new=         200
nid001645.dogwood.wcoss2.ncep.noaa.gov 1:  mype=           1 npes_new=         200
nid001742.dogwood.wcoss2.ncep.noaa.gov 64:  mype=          64 npes_new=         200
nid003195.dogwood.wcoss2.ncep.noaa.gov 113:  mype=         113 npes_new=         200
nid003528.dogwood.wcoss2.ncep.noaa.gov 152:  mype=         152 npes_new=         200
nid003531.dogwood.wcoss2.ncep.noaa.gov 192:  mype=         192 npes_new=         200
nid001645.dogwood.wcoss2.ncep.noaa.gov 2:  mype=           2 npes_new=         200
nid001742.dogwood.wcoss2.ncep.noaa.gov 65:  mype=          65 npes_new=         200
nid003195.dogwood.wcoss2.ncep.noaa.gov 114:  mype=         114 npes_new=         200
nid003528.dogwood.wcoss2.ncep.noaa.gov 153:  mype=         153 npes_new=         200
nid003531.dogwood.wcoss2.ncep.noaa.gov 193:  mype=         193 npes_new=         200
nid001645.dogwood.wcoss2.ncep.noaa.gov 3:  mype=           3 npes_new=         200
nid001742.dogwood.wcoss2.ncep.noaa.gov 66:  mype=          66 npes_new=         200
nid003195.dogwood.wcoss2.ncep.noaa.gov 115:  mype=         115 npes_new=         200
nid003528.dogwood.wcoss2.ncep.noaa.gov 154:  mype=         154 npes_new=         200
nid003531.dogwood.wcoss2.ncep.noaa.gov 194:  mype=         194 npes_new=         200
nid001742.dogwood.wcoss2.ncep.noaa.gov 67:  mype=          67 npes_new=         200
nid003195.dogwood.wcoss2.ncep.noaa.gov 116:  mype=         116 npes_new=         200
nid003528.dogwood.wcoss2.ncep.noaa.gov 155:  mype=         155 npes_new=         200
nid003531.dogwood.wcoss2.ncep.noaa.gov 195:  mype=         195 npes_new=         200
nid001742.dogwood.wcoss2.ncep.noaa.gov 68:  mype=          68 npes_new=         200
nid003195.dogwood.wcoss2.ncep.noaa.gov 117:  mype=         117 npes_new=         200
nid003528.dogwood.wcoss2.ncep.noaa.gov 156:  mype=         156 npes_new=         200
nid003531.dogwood.wcoss2.ncep.noaa.gov 196:  mype=         196 npes_new=         200
nid001742.dogwood.wcoss2.ncep.noaa.gov 69:  mype=          69 npes_new=         200
nid003195.dogwood.wcoss2.ncep.noaa.gov 118:  mype=         118 npes_new=         200
nid003528.dogwood.wcoss2.ncep.noaa.gov 157:  mype=         157 npes_new=         200
nid003531.dogwood.wcoss2.ncep.noaa.gov 197:  mype=         197 npes_new=         200
nid001742.dogwood.wcoss2.ncep.noaa.gov 70:  mype=          70 npes_new=         200
nid003195.dogwood.wcoss2.ncep.noaa.gov 119:  mype=         119 npes_new=         200
nid003528.dogwood.wcoss2.ncep.noaa.gov 158:  mype=         158 npes_new=         200
nid003531.dogwood.wcoss2.ncep.noaa.gov 198:  mype=         198 npes_new=         200
nid001742.dogwood.wcoss2.ncep.noaa.gov 71:  mype=          71 npes_new=         200
nid003528.dogwood.wcoss2.ncep.noaa.gov 159:  mype=         159 npes_new=         200
nid003531.dogwood.wcoss2.ncep.noaa.gov 199:  mype=         199 npes_new=         200
nid001742.dogwood.wcoss2.ncep.noaa.gov 72:  mype=          72 npes_new=         200
nid003528.dogwood.wcoss2.ncep.noaa.gov 128:  mype=         128 npes_new=         200
nid001742.dogwood.wcoss2.ncep.noaa.gov 73:  mype=          73 npes_new=         200
nid001742.dogwood.wcoss2.ncep.noaa.gov 74:  mype=          74 npes_new=         200
nid001742.dogwood.wcoss2.ncep.noaa.gov 75:  mype=          75 npes_new=         200
nid001742.dogwood.wcoss2.ncep.noaa.gov 76:  mype=          76 npes_new=         200
nid001742.dogwood.wcoss2.ncep.noaa.gov 77:  mype=          77 npes_new=         200
nid001742.dogwood.wcoss2.ncep.noaa.gov 78:  mype=          78 npes_new=         200
nid001742.dogwood.wcoss2.ncep.noaa.gov 79:  mype=          79 npes_new=         200
nid001645.dogwood.wcoss2.ncep.noaa.gov 0:  &MODEL_INPUTS
 FILENAME        = atm_20241124180000.nc                                                                                             
                                                                                                                                     
           ,
 IOFORM  = netcdfpara          ,
 GRIB    = grib2,
 DATESTR = 2024-11-24_18:00:00,
 MODELNAME       = GFS ,
 SUBMODELNAME    = NONE,
 FILENAMEFLUX    = sfc_20241124180000.nc                                                                                             
nid001645.dogwood.wcoss2.ncep.noaa.gov 0:                                                                                                                                      
           ,
 FILENAMEFLAT    = postxconfig-NT.txt                                                                                                
                                                                                                                                     
           
 /
 MODELNAME: GFS NONE
 in WRFPOST iyear,imn,iday,ihrst,imin        2024          11          24
          18           0
 &NAMPGB
 KPO     =          57,
 PO      =   1000.000    ,   975.0000    ,   950.0000    ,   925.0000    ,   900.0000    ,   875.0000    ,   850.0000    ,
    825.0000    ,   800.0000    ,   775.0000    ,   750.0000    ,   725.0000    ,   700.0000    ,   675.0000    ,   650.0000    ,
    625.0000    ,   600.0000    ,   575.0000    ,   550.0000    ,   525.0000    ,   500.0000    ,   475.0000    ,   450.0000    ,
    425.0000    ,   400.0000    ,   375.0000    ,   350.0000    ,   325.0000    ,   300.0000    ,   275.0000    ,   250.0000    ,
    225.0000    ,   200.0000    ,   175.0000    ,   150.0000    ,   125.0000    ,   100.0000    ,   70.00000    ,   50.00000    ,
    40.00000    ,   30.00000    ,   20.00000    ,   15.00000    ,   10.00000    ,   7.000000    ,   5.000000    ,   3.000000    ,
    2.000000    ,   1.000000    ,  0.7000000    ,  0.4000000    ,  0.2000000    ,  0.1000000    ,  7.0000000E-02,  3.9999999E-02,
   2.0000000E-02,  9.9999998E-03, 13*0.0000000E+00  ,
 KTH     =           6,
 TH      =   310.0000    ,   320.0000    ,   350.0000    ,   450.0000    ,   550.0000    ,   650.0000    ,
  64*0.0000000E+00  ,
 KPV     =           8,
 PV      =  0.5000000    , -0.5000000    ,   1.000000    ,  -1.000000    ,   1.500000    ,  -1.500000    ,   2.000000    ,
   -2.000000    , 62*0.0000000E+00  ,
 FILENAMEAER     =                                                                                                                   
                                   nid001645.dogwood.wcoss2.ncep.noaa.gov 0:                                                                                                   
           ,
 D3D_ON  = F,
 GOCART_ON       = F,
 GCCPP_ON        = F,
 NASA_ON = F,
 GTG_ON  = F,
 METHOD_BLSN     = T,
 POPASCAL        = F,
 HYB_SIGP        = T,
 RDAOD   = T,
 D2D_CHEM        = F,
 AQF_ON  = F,
 SLRUTAH_ON      = F,
 VTIMEUNITS      =     ,
 NUMX    =           1,
 WRITE_IFI_DEBUG_FILES   = F
 /
 komax,iret for nampgb=           70           0
 komax,kpo,kth,th,kpv,pv,fileNameAER,nasa_on,popascal=           70          57
           6   310.0000       320.0000       350.0000       450.0000    
   550.0000       650.0000               8  0.5000000     -0.5000000    
   1.000000      -1.000000       1.500000      -1.500000       2.000000    
  -2.000000      F F
 NUM_PROCS=         200
 numx=            1
 using pressure levels from POSTGPVARS
nid003528.dogwood.wcoss2.ncep.noaa.gov 123:  landsfcmdl not found; assigning to 2
 imp_physics not found; assigning to GFDL 11
nid003528.dogwood.wcoss2.ncep.noaa.gov 127:  landsfcmdl not found; assigning to 2
 imp_physics not found; assigning to GFDL 11
nid003528.dogwood.wcoss2.ncep.noaa.gov 130:  landsfcmdl not found; assigning to 2
 imp_physics not found; assigning to GFDL 11
nid003528.dogwood.wcoss2.ncep.noaa.gov 140:  landsfcmdl not found; assigning to 2
 imp_physics not found; assigning to GFDL 11
nid003531.dogwood.wcoss2.ncep.noaa.gov 160:  landsfcmdl not found; assigning to 2
 imp_physics not found; assigning to GFDL 11
nid003531.dogwood.wcoss2.ncep.noaa.gov 172:  landsfcmdl not found; assigning to 2
 imp_physics not found; assigning to GFDL 11
nid003528.dogwood.wcoss2.ncep.noaa.gov 143:  landsfcmdl not found; assigning to 2
 imp_physics not found; assigning to GFDL 11
nid003531.dogwood.wcoss2.ncep.noaa.gov 173:  landsfcmdl not found; assigning to 2
 imp_physics not found; assigning to GFDL 11
nid003531.dogwood.wcoss2.ncep.noaa.gov 174:  landsfcmdl not found; assigning to 2
 imp_physics not found; assigning to GFDL 11
nid003531.dogwood.wcoss2.ncep.noaa.gov 175:  landsfcmdl not found; assigning to 2
 imp_physics not found; assigning to GFDL 11
nid003531.dogwood.wcoss2.ncep.noaa.gov 182:  landsfcmdl not found; assigning to 2
 imp_physics not found; assigning to GFDL 11
nid003528.dogwood.wcoss2.ncep.noaa.gov 144:  landsfcmdl not found; assigning to 2
 imp_physics not found; assigning to GFDL 11
nid003531.dogwood.wcoss2.ncep.noaa.gov 185:  landsfcmdl not found; assigning to 2
 imp_physics not found; assigning to GFDL 11
nid003531.dogwood.wcoss2.ncep.noaa.gov 190:  landsfcmdl not found; assigning to 2
 imp_physics not found; assigning to GFDL 11
nid003528.dogwood.wcoss2.ncep.noaa.gov 146:  landsfcmdl not found; assigning to 2
 imp_physics not found; assigning to GFDL 11
nid003531.dogwood.wcoss2.ncep.noaa.gov 194:  landsfcmdl not found; assigning to 2
 imp_physics not found; assigning to GFDL 11
nid003528.dogwood.wcoss2.ncep.noaa.gov 147:  landsfcmdl not found; assigning to 2
 imp_physics not found; assigning to GFDL 11
nid003531.dogwood.wcoss2.ncep.noaa.gov 161:  landsfcmdl not found; assigning to 2
 imp_physics not found; assigning to GFDL 11
nid003528.dogwood.wcoss2.ncep.noaa.gov 151:  landsfcmdl not found; assigning to 2
 imp_physics not found; assigning to GFDL 11
nid003531.dogwood.wcoss2.ncep.noaa.gov 162:  landsfcmdl not found; assigning to 2
 imp_physics not found; assigning to GFDL 11
nid003528.dogwood.wcoss2.ncep.noaa.gov 154:  landsfcmdl not found; assigning to 2
 imp_physics not found; assigning to GFDL 11
nid003528.dogwood.wcoss2.ncep.noaa.gov 155:  landsfcmdl not found; assigning to 2
 imp_physics not found; assigning to GFDL 11
nid003528.dogwood.wcoss2.ncep.noaa.gov 157:  landsfcmdl not found; assigning to 2
 imp_physics not found; assigning to GFDL 11
nid003531.dogwood.wcoss2.ncep.noaa.gov 163:  landsfcmdl not found; assigning to 2
 imp_physics not found; assigning to GFDL 11
nid003528.dogwood.wcoss2.ncep.noaa.gov 158:  landsfcmdl not found; assigning to 2
 imp_physics not found; assigning to GFDL 11
nid003531.dogwood.wcoss2.ncep.noaa.gov 164:  landsfcmdl not found; assigning to 2
 imp_physics not found; assigning to GFDL 11
nid003528.dogwood.wcoss2.ncep.noaa.gov 120:  landsfcmdl not found; assigning to 2
 imp_physics not found; assigning to GFDL 11
nid003528.dogwood.wcoss2.ncep.noaa.gov 121:  landsfcmdl not found; assigning to 2
 imp_physics not found; assigning to GFDL 11
nid003531.dogwood.wcoss2.ncep.noaa.gov 165:  landsfcmdl not found; assigning to 2
 imp_physics not found; assigning to GFDL 11
nid003528.dogwood.wcoss2.ncep.noaa.gov 122:  landsfcmdl not found; assigning to 2
 imp_physics not found; assigning to GFDL 11
nid003531.dogwood.wcoss2.ncep.noaa.gov 166:  landsfcmdl not found; assigning to 2
 imp_physics not found; assigning to GFDL 11
nid003528.dogwood.wcoss2.ncep.noaa.gov 124:  landsfcmdl not found; assigning to 2
 imp_physics not found; assigning to GFDL 11
nid003531.dogwood.wcoss2.ncep.noaa.gov 167:  landsfcmdl not found; assigning to 2
 imp_physics not found; assigning to GFDL 11
nid003531.dogwood.wcoss2.ncep.noaa.gov 168:  landsfcmdl not found; assigning to 2
 imp_physics not found; assigning to GFDL 11
nid003528.dogwood.wcoss2.ncep.noaa.gov 125:  landsfcmdl not found; assigning to 2
 imp_physics not found; assigning to GFDL 11
nid003531.dogwood.wcoss2.ncep.noaa.gov 169:  landsfcmdl not found; assigning to 2
 imp_physics not found; assigning to GFDL 11
nid003531.dogwood.wcoss2.ncep.noaa.gov 170:  landsfcmdl not found; assigning to 2
 imp_physics not found; assigning to GFDL 11
nid003528.dogwood.wcoss2.ncep.noaa.gov 126:  landsfcmdl not found; assigning to 2
 imp_physics not found; assigning to GFDL 11
nid003531.dogwood.wcoss2.ncep.noaa.gov 171:  landsfcmdl not found; assigning to 2
 imp_physics not found; assigning to GFDL 11
nid003531.dogwood.wcoss2.ncep.noaa.gov 176:  landsfcmdl not found; assigning to 2
 imp_physics not found; assigning to GFDL 11
nid003528.dogwood.wcoss2.ncep.noaa.gov 128:  landsfcmdl not found; assigning to 2
 imp_physics not found; assigning to GFDL 11
nid003531.dogwood.wcoss2.ncep.noaa.gov 177:  landsfcmdl not found; assigning to 2
 imp_physics not found; assigning to GFDL 11
nid003528.dogwood.wcoss2.ncep.noaa.gov 129:  landsfcmdl not found; assigning to 2
 imp_physics not found; assigning to GFDL 11
nid003531.dogwood.wcoss2.ncep.noaa.gov 178:  landsfcmdl not found; assigning to 2
 imp_physics not found; assigning to GFDL 11
nid003531.dogwood.wcoss2.ncep.noaa.gov 179:  landsfcmdl not found; assigning to 2
 imp_physics not found; assigning to GFDL 11
nid003528.dogwood.wcoss2.ncep.noaa.gov 131:  landsfcmdl not found; assigning to 2
 imp_physics not found; assigning to GFDL 11
nid003531.dogwood.wcoss2.ncep.noaa.gov 180:  landsfcmdl not found; assigning to 2
 imp_physics not found; assigning to GFDL 11
nid003528.dogwood.wcoss2.ncep.noaa.gov 132:  landsfcmdl not found; assigning to 2
 imp_physics not found; assigning to GFDL 11
nid003528.dogwood.wcoss2.ncep.noaa.gov 133:  landsfcmdl not found; assigning to 2
 imp_physics not found; assigning to GFDL 11
nid003528.dogwood.wcoss2.ncep.noaa.gov 134:  landsfcmdl not found; assigning to 2
 imp_physics not found; assigning to GFDL 11
nid003531.dogwood.wcoss2.ncep.noaa.gov 181:  landsfcmdl not found; assigning to 2
 imp_physics not found; assigning to GFDL 11
nid003528.dogwood.wcoss2.ncep.noaa.gov 135:  landsfcmdl not found; assigning to 2
 imp_physics not found; assigning to GFDL 11
nid003531.dogwood.wcoss2.ncep.noaa.gov 183:  landsfcmdl not found; assigning to 2
 imp_physics not found; assigning to GFDL 11
nid003528.dogwood.wcoss2.ncep.noaa.gov 136:  landsfcmdl not found; assigning to 2
 imp_physics not found; assigning to GFDL 11
nid003531.dogwood.wcoss2.ncep.noaa.gov 184:  landsfcmdl not found; assigning to 2
 imp_physics not found; assigning to GFDL 11
nid003528.dogwood.wcoss2.ncep.noaa.gov 137:  landsfcmdl not found; assigning to 2
 imp_physics not found; assigning to GFDL 11
nid003531.dogwood.wcoss2.ncep.noaa.gov 186:  landsfcmdl not found; assigning to 2
 imp_physics not found; assigning to GFDL 11
nid003528.dogwood.wcoss2.ncep.noaa.gov 138:  landsfcmdl not found; assigning to 2
 imp_physics not found; assigning to GFDL 11
nid003531.dogwood.wcoss2.ncep.noaa.gov 187:  landsfcmdl not found; assigning to 2
 imp_physics not found; assigning to GFDL 11
nid003528.dogwood.wcoss2.ncep.noaa.gov 139:  landsfcmdl not found; assigning to 2
 imp_physics not found; assigning to GFDL 11
nid003531.dogwood.wcoss2.ncep.noaa.gov 188:  landsfcmdl not found; assigning to 2
 imp_physics not found; assigning to GFDL 11
nid003528.dogwood.wcoss2.ncep.noaa.gov 141:  landsfcmdl not found; assigning to 2
 imp_physics not found; assigning to GFDL 11
nid001645.dogwood.wcoss2.ncep.noaa.gov 10:  landsfcmdl not found; assigning to 2
 imp_physics not found; assigning to GFDL 11
nid003531.dogwood.wcoss2.ncep.noaa.gov 189:  landsfcmdl not found; assigning to 2
 imp_physics not found; assigning to GFDL 11
nid001742.dogwood.wcoss2.ncep.noaa.gov 42:  landsfcmdl not found; assigning to 2
 imp_physics not found; assigning to GFDL 11
nid003528.dogwood.wcoss2.ncep.noaa.gov 142:  landsfcmdl not found; assigning to 2
 imp_physics not found; assigning to GFDL 11
nid001645.dogwood.wcoss2.ncep.noaa.gov 12:  landsfcmdl not found; assigning to 2
 imp_physics not found; assigning to GFDL 11
nid001742.dogwood.wcoss2.ncep.noaa.gov 44:  landsfcmdl not found; assigning to 2
 imp_physics not found; assigning to GFDL 11
nid003531.dogwood.wcoss2.ncep.noaa.gov 191:  landsfcmdl not found; assigning to 2
 imp_physics not found; assigning to GFDL 11
nid001645.dogwood.wcoss2.ncep.noaa.gov 16:  landsfcmdl not found; assigning to 2
 imp_physics not found; assigning to GFDL 11
nid003528.dogwood.wcoss2.ncep.noaa.gov 145:  landsfcmdl not found; assigning to 2
 imp_physics not found; assigning to GFDL 11
nid003531.dogwood.wcoss2.ncep.noaa.gov 192:  landsfcmdl not found; assigning to 2
 imp_physics not found; assigning to GFDL 11
nid003531.dogwood.wcoss2.ncep.noaa.gov 193:  landsfcmdl not found; assigning to 2
 imp_physics not found; assigning to GFDL 11
nid001645.dogwood.wcoss2.ncep.noaa.gov 17:  landsfcmdl not found; assigning to 2
 imp_physics not found; assigning to GFDL 11
nid003528.dogwood.wcoss2.ncep.noaa.gov 148:  landsfcmdl not found; assigning to 2
 imp_physics not found; assigning to GFDL 11
nid003531.dogwood.wcoss2.ncep.noaa.gov 195:  landsfcmdl not found; assigning to 2
 imp_physics not found; assigning to GFDL 11
nid001742.dogwood.wcoss2.ncep.noaa.gov 48:  landsfcmdl not found; assigning to 2
 imp_physics not found; assigning to GFDL 11
nid001742.dogwood.wcoss2.ncep.noaa.gov 49:  landsfcmdl not found; assigning to 2
 imp_physics not found; assigning to GFDL 11
nid003531.dogwood.wcoss2.ncep.noaa.gov 196:  landsfcmdl not found; assigning to 2
 imp_physics not found; assigning to GFDL 11
nid003195.dogwood.wcoss2.ncep.noaa.gov 91:  landsfcmdl not found; assigning to 2
 imp_physics not found; assigning to GFDL 11
nid001645.dogwood.wcoss2.ncep.noaa.gov 20:  landsfcmdl not found; assigning to 2
 imp_physics not found; assigning to GFDL 11
nid003528.dogwood.wcoss2.ncep.noaa.gov 149:  landsfcmdl not found; assigning to 2
 imp_physics not found; assigning to GFDL 11
nid003531.dogwood.wcoss2.ncep.noaa.gov 197:  landsfcmdl not found; assigning to 2
 imp_physics not found; assigning to GFDL 11
nid003195.dogwood.wcoss2.ncep.noaa.gov 92:  landsfcmdl not found; assigning to 2
 imp_physics not found; assigning to GFDL 11
nid001742.dogwood.wcoss2.ncep.noaa.gov 54:  landsfcmdl not found; assigning to 2
 imp_physics not found; assigning to GFDL 11
nid001645.dogwood.wcoss2.ncep.noaa.gov 25:  landsfcmdl not found; assigning to 2
 imp_physics not found; assigning to GFDL 11
nid003531.dogwood.wcoss2.ncep.noaa.gov 198:  landsfcmdl not found; assigning to 2
 imp_physics not found; assigning to GFDL 11
nid003195.dogwood.wcoss2.ncep.noaa.gov 95:  landsfcmdl not found; assigning to 2
 imp_physics not found; assigning to GFDL 11
nid003528.dogwood.wcoss2.ncep.noaa.gov 150:  landsfcmdl not found; assigning to 2
 imp_physics not found; assigning to GFDL 11
nid001645.dogwood.wcoss2.ncep.noaa.gov 26:  landsfcmdl not found; assigning to 2
 imp_physics not found; assigning to GFDL 11
nid001742.dogwood.wcoss2.ncep.noaa.gov 58:  landsfcmdl not found; assigning to 2
 imp_physics not found; assigning to GFDL 11
nid003195.dogwood.wcoss2.ncep.noaa.gov 98:  landsfcmdl not found; assigning to 2
 imp_physics not found; assigning to GFDL 11
nid003531.dogwood.wcoss2.ncep.noaa.gov 199:  landsfcmdl not found; assigning to 2
 imp_physics not found; assigning to GFDL 11
nid001645.dogwood.wcoss2.ncep.noaa.gov 27:  landsfcmdl not found; assigning to 2
 imp_physics not found; assigning to GFDL 11
nid001742.dogwood.wcoss2.ncep.noaa.gov 59:  landsfcmdl not found; assigning to 2
 imp_physics not found; assigning to GFDL 11
nid003528.dogwood.wcoss2.ncep.noaa.gov 152:  landsfcmdl not found; assigning to 2
 imp_physics not found; assigning to GFDL 11
nid003195.dogwood.wcoss2.ncep.noaa.gov 99:  landsfcmdl not found; assigning to 2
 imp_physics not found; assigning to GFDL 11
nid001742.dogwood.wcoss2.ncep.noaa.gov 61:  landsfcmdl not found; assigning to 2
 imp_physics not found; assigning to GFDL 11
nid003528.dogwood.wcoss2.ncep.noaa.gov 153:  landsfcmdl not found; assigning to 2
 imp_physics not found; assigning to GFDL 11
nid001645.dogwood.wcoss2.ncep.noaa.gov 31:  landsfcmdl not found; assigning to 2
 imp_physics not found; assigning to GFDL 11
nid003195.dogwood.wcoss2.ncep.noaa.gov 105:  landsfcmdl not found; assigning to 2
 imp_physics not found; assigning to GFDL 11
nid003528.dogwood.wcoss2.ncep.noaa.gov 156:  landsfcmdl not found; assigning to 2
 imp_physics not found; assigning to GFDL 11
nid003195.dogwood.wcoss2.ncep.noaa.gov 106:  landsfcmdl not found; assigning to 2
 imp_physics not found; assigning to GFDL 11
nid001645.dogwood.wcoss2.ncep.noaa.gov 33:  landsfcmdl not found; assigning to 2
 imp_physics not found; assigning to GFDL 11
nid001742.dogwood.wcoss2.ncep.noaa.gov 63:  landsfcmdl not found; assigning to 2
 imp_physics not found; assigning to GFDL 11
nid001742.dogwood.wcoss2.ncep.noaa.gov 67:  landsfcmdl not found; assigning to 2
 imp_physics not found; assigning to GFDL 11
nid003195.dogwood.wcoss2.ncep.noaa.gov 108:  landsfcmdl not found; assigning to 2
 imp_physics not found; assigning to GFDL 11
nid001645.dogwood.wcoss2.ncep.noaa.gov 36:  landsfcmdl not found; assigning to 2
 imp_physics not found; assigning to GFDL 11
nid001742.dogwood.wcoss2.ncep.noaa.gov 68:  landsfcmdl not found; assigning to 2
 imp_physics not found; assigning to GFDL 11
nid003528.dogwood.wcoss2.ncep.noaa.gov 159:  landsfcmdl not found; assigning to 2
 imp_physics not found; assigning to GFDL 11
nid001645.dogwood.wcoss2.ncep.noaa.gov 37:  landsfcmdl not found; assigning to 2
 imp_physics not found; assigning to GFDL 11
nid003195.dogwood.wcoss2.ncep.noaa.gov 110:  landsfcmdl not found; assigning to 2
 imp_physics not found; assigning to GFDL 11
nid001742.dogwood.wcoss2.ncep.noaa.gov 71:  landsfcmdl not found; assigning to 2
 imp_physics not found; assigning to GFDL 11
nid003195.dogwood.wcoss2.ncep.noaa.gov 112:  landsfcmdl not found; assigning to 2
 imp_physics not found; assigning to GFDL 11
nid001742.dogwood.wcoss2.ncep.noaa.gov 73:  landsfcmdl not found; assigning to 2
 imp_physics not found; assigning to GFDL 11
nid001645.dogwood.wcoss2.ncep.noaa.gov 0:  landsfcmdl not found; assigning to 2
 imp_physics not found; assigning to GFDL 11
  NUM_PROCS,NUMX,NUMY =          200           1         200
nid003195.dogwood.wcoss2.ncep.noaa.gov 116:  landsfcmdl not found; assigning to 2
 imp_physics not found; assigning to GFDL 11
nid001742.dogwood.wcoss2.ncep.noaa.gov 74:  landsfcmdl not found; assigning to 2
 imp_physics not found; assigning to GFDL 11
nid001645.dogwood.wcoss2.ncep.noaa.gov 1:  landsfcmdl not found; assigning to 2
 imp_physics not found; assigning to GFDL 11
nid003195.dogwood.wcoss2.ncep.noaa.gov 117:  landsfcmdl not found; assigning to 2
 imp_physics not found; assigning to GFDL 11
nid003195.dogwood.wcoss2.ncep.noaa.gov 119:  landsfcmdl not found; assigning to 2
 imp_physics not found; assigning to GFDL 11
nid001645.dogwood.wcoss2.ncep.noaa.gov 2:  landsfcmdl not found; assigning to 2
 imp_physics not found; assigning to GFDL 11
nid001742.dogwood.wcoss2.ncep.noaa.gov 75:  landsfcmdl not found; assigning to 2
 imp_physics not found; assigning to GFDL 11
nid003195.dogwood.wcoss2.ncep.noaa.gov 80:  landsfcmdl not found; assigning to 2
 imp_physics not found; assigning to GFDL 11
nid003195.dogwood.wcoss2.ncep.noaa.gov 81:  landsfcmdl not found; assigning to 2
 imp_physics not found; assigning to GFDL 11
nid001645.dogwood.wcoss2.ncep.noaa.gov 3:  landsfcmdl not found; assigning to 2
 imp_physics not found; assigning to GFDL 11
nid001742.dogwood.wcoss2.ncep.noaa.gov 77:  landsfcmdl not found; assigning to 2
 imp_physics not found; assigning to GFDL 11
nid003195.dogwood.wcoss2.ncep.noaa.gov 82:  landsfcmdl not found; assigning to 2
 imp_physics not found; assigning to GFDL 11
nid001645.dogwood.wcoss2.ncep.noaa.gov 4:  landsfcmdl not found; assigning to 2
 imp_physics not found; assigning to GFDL 11
nid003195.dogwood.wcoss2.ncep.noaa.gov 83:  landsfcmdl not found; assigning to 2
 imp_physics not found; assigning to GFDL 11
nid001742.dogwood.wcoss2.ncep.noaa.gov 40:  landsfcmdl not found; assigning to 2
 imp_physics not found; assigning to GFDL 11
nid001645.dogwood.wcoss2.ncep.noaa.gov 5:  landsfcmdl not found; assigning to 2
 imp_physics not found; assigning to GFDL 11
nid003195.dogwood.wcoss2.ncep.noaa.gov 84:  landsfcmdl not found; assigning to 2
 imp_physics not found; assigning to GFDL 11
nid001742.dogwood.wcoss2.ncep.noaa.gov 41:  landsfcmdl not found; assigning to 2
 imp_physics not found; assigning to GFDL 11
nid001645.dogwood.wcoss2.ncep.noaa.gov 6:  landsfcmdl not found; assigning to 2
 imp_physics not found; assigning to GFDL 11
nid003195.dogwood.wcoss2.ncep.noaa.gov 85:  landsfcmdl not found; assigning to 2
 imp_physics not found; assigning to GFDL 11
nid001742.dogwood.wcoss2.ncep.noaa.gov 43:  landsfcmdl not found; assigning to 2
 imp_physics not found; assigning to GFDL 11
nid001645.dogwood.wcoss2.ncep.noaa.gov 7:  landsfcmdl not found; assigning to 2
 imp_physics not found; assigning to GFDL 11
nid003195.dogwood.wcoss2.ncep.noaa.gov 86:  landsfcmdl not found; assigning to 2
 imp_physics not found; assigning to GFDL 11
nid001742.dogwood.wcoss2.ncep.noaa.gov 45:  landsfcmdl not found; assigning to 2
 imp_physics not found; assigning to GFDL 11
nid001645.dogwood.wcoss2.ncep.noaa.gov 8:  landsfcmdl not found; assigning to 2
 imp_physics not found; assigning to GFDL 11
nid001742.dogwood.wcoss2.ncep.noaa.gov 46:  landsfcmdl not found; assigning to 2
 imp_physics not found; assigning to GFDL 11
nid003195.dogwood.wcoss2.ncep.noaa.gov 87:  landsfcmdl not found; assigning to 2
 imp_physics not found; assigning to GFDL 11
nid001645.dogwood.wcoss2.ncep.noaa.gov 9:  landsfcmdl not found; assigning to 2
 imp_physics not found; assigning to GFDL 11
nid001742.dogwood.wcoss2.ncep.noaa.gov 47:  landsfcmdl not found; assigning to 2
 imp_physics not found; assigning to GFDL 11
nid003195.dogwood.wcoss2.ncep.noaa.gov 88:  landsfcmdl not found; assigning to 2
 imp_physics not found; assigning to GFDL 11
nid003195.dogwood.wcoss2.ncep.noaa.gov 89:  landsfcmdl not found; assigning to 2
 imp_physics not found; assigning to GFDL 11
nid001645.dogwood.wcoss2.ncep.noaa.gov 11:  landsfcmdl not found; assigning to 2
 imp_physics not found; assigning to GFDL 11
nid001742.dogwood.wcoss2.ncep.noaa.gov 50:  landsfcmdl not found; assigning to 2
 imp_physics not found; assigning to GFDL 11
nid003195.dogwood.wcoss2.ncep.noaa.gov 90:  landsfcmdl not found; assigning to 2
 imp_physics not found; assigning to GFDL 11
nid001645.dogwood.wcoss2.ncep.noaa.gov 13:  landsfcmdl not found; assigning to 2
 imp_physics not found; assigning to GFDL 11
nid001742.dogwood.wcoss2.ncep.noaa.gov 51:  landsfcmdl not found; assigning to 2
 imp_physics not found; assigning to GFDL 11
nid001645.dogwood.wcoss2.ncep.noaa.gov 14:  landsfcmdl not found; assigning to 2
 imp_physics not found; assigning to GFDL 11
nid003195.dogwood.wcoss2.ncep.noaa.gov 93:  landsfcmdl not found; assigning to 2
 imp_physics not found; assigning to GFDL 11
nid001742.dogwood.wcoss2.ncep.noaa.gov 52:  landsfcmdl not found; assigning to 2
 imp_physics not found; assigning to GFDL 11
nid001645.dogwood.wcoss2.ncep.noaa.gov 15:  landsfcmdl not found; assigning to 2
 imp_physics not found; assigning to GFDL 11
nid001645.dogwood.wcoss2.ncep.noaa.gov 18:  landsfcmdl not found; assigning to 2
 imp_physics not found; assigning to GFDL 11
nid003195.dogwood.wcoss2.ncep.noaa.gov 94:  landsfcmdl not found; assigning to 2
 imp_physics not found; assigning to GFDL 11
nid001742.dogwood.wcoss2.ncep.noaa.gov 53:  landsfcmdl not found; assigning to 2
 imp_physics not found; assigning to GFDL 11
nid001645.dogwood.wcoss2.ncep.noaa.gov 19:  landsfcmdl not found; assigning to 2
 imp_physics not found; assigning to GFDL 11
nid001742.dogwood.wcoss2.ncep.noaa.gov 55:  landsfcmdl not found; assigning to 2
 imp_physics not found; assigning to GFDL 11
nid003195.dogwood.wcoss2.ncep.noaa.gov 96:  landsfcmdl not found; assigning to 2
 imp_physics not found; assigning to GFDL 11
nid001645.dogwood.wcoss2.ncep.noaa.gov 21:  landsfcmdl not found; assigning to 2
 imp_physics not found; assigning to GFDL 11
nid001742.dogwood.wcoss2.ncep.noaa.gov 56:  landsfcmdl not found; assigning to 2
 imp_physics not found; assigning to GFDL 11
nid003195.dogwood.wcoss2.ncep.noaa.gov 97:  landsfcmdl not found; assigning to 2
 imp_physics not found; assigning to GFDL 11
nid001645.dogwood.wcoss2.ncep.noaa.gov 22:  landsfcmdl not found; assigning to 2
 imp_physics not found; assigning to GFDL 11
nid001742.dogwood.wcoss2.ncep.noaa.gov 57:  landsfcmdl not found; assigning to 2
 imp_physics not found; assigning to GFDL 11
nid003195.dogwood.wcoss2.ncep.noaa.gov 100:  landsfcmdl not found; assigning to 2
 imp_physics not found; assigning to GFDL 11
nid001742.dogwood.wcoss2.ncep.noaa.gov 60:  landsfcmdl not found; assigning to 2
 imp_physics not found; assigning to GFDL 11
nid003195.dogwood.wcoss2.ncep.noaa.gov 101:  landsfcmdl not found; assigning to 2
 imp_physics not found; assigning to GFDL 11
nid001645.dogwood.wcoss2.ncep.noaa.gov 23:  landsfcmdl not found; assigning to 2
 imp_physics not found; assigning to GFDL 11
nid003195.dogwood.wcoss2.ncep.noaa.gov 102:  landsfcmdl not found; assigning to 2
 imp_physics not found; assigning to GFDL 11
nid001742.dogwood.wcoss2.ncep.noaa.gov 62:  landsfcmdl not found; assigning to 2
 imp_physics not found; assigning to GFDL 11
nid001742.dogwood.wcoss2.ncep.noaa.gov 64:  landsfcmdl not found; assigning to 2
 imp_physics not found; assigning to GFDL 11
nid001645.dogwood.wcoss2.ncep.noaa.gov 24:  landsfcmdl not found; assigning to 2
 imp_physics not found; assigning to GFDL 11
nid001742.dogwood.wcoss2.ncep.noaa.gov 65:  landsfcmdl not found; assigning to 2
 imp_physics not found; assigning to GFDL 11
nid003195.dogwood.wcoss2.ncep.noaa.gov 103:  landsfcmdl not found; assigning to 2
 imp_physics not found; assigning to GFDL 11
nid003195.dogwood.wcoss2.ncep.noaa.gov 104:  landsfcmdl not found; assigning to 2
 imp_physics not found; assigning to GFDL 11
nid001645.dogwood.wcoss2.ncep.noaa.gov 28:  landsfcmdl not found; assigning to 2
 imp_physics not found; assigning to GFDL 11
nid001742.dogwood.wcoss2.ncep.noaa.gov 66:  landsfcmdl not found; assigning to 2
 imp_physics not found; assigning to GFDL 11
nid003195.dogwood.wcoss2.ncep.noaa.gov 107:  landsfcmdl not found; assigning to 2
 imp_physics not found; assigning to GFDL 11
nid003195.dogwood.wcoss2.ncep.noaa.gov 109:  landsfcmdl not found; assigning to 2
 imp_physics not found; assigning to GFDL 11
nid001645.dogwood.wcoss2.ncep.noaa.gov 29:  landsfcmdl not found; assigning to 2
 imp_physics not found; assigning to GFDL 11
nid001742.dogwood.wcoss2.ncep.noaa.gov 69:  landsfcmdl not found; assigning to 2
 imp_physics not found; assigning to GFDL 11
nid003195.dogwood.wcoss2.ncep.noaa.gov 111:  landsfcmdl not found; assigning to 2
 imp_physics not found; assigning to GFDL 11
nid001742.dogwood.wcoss2.ncep.noaa.gov 70:  landsfcmdl not found; assigning to 2
 imp_physics not found; assigning to GFDL 11
nid001645.dogwood.wcoss2.ncep.noaa.gov 30:  landsfcmdl not found; assigning to 2
 imp_physics not found; assigning to GFDL 11
nid003195.dogwood.wcoss2.ncep.noaa.gov 113:  landsfcmdl not found; assigning to 2
 imp_physics not found; assigning to GFDL 11
nid001742.dogwood.wcoss2.ncep.noaa.gov 72:  landsfcmdl not found; assigning to 2
 imp_physics not found; assigning to GFDL 11
nid001645.dogwood.wcoss2.ncep.noaa.gov 32:  landsfcmdl not found; assigning to 2
 imp_physics not found; assigning to GFDL 11
nid003195.dogwood.wcoss2.ncep.noaa.gov 114:  landsfcmdl not found; assigning to 2
 imp_physics not found; assigning to GFDL 11
nid001645.dogwood.wcoss2.ncep.noaa.gov 34:  landsfcmdl not found; assigning to 2
 imp_physics not found; assigning to GFDL 11
nid001742.dogwood.wcoss2.ncep.noaa.gov 76:  landsfcmdl not found; assigning to 2
 imp_physics not found; assigning to GFDL 11
nid001742.dogwood.wcoss2.ncep.noaa.gov 78:  landsfcmdl not found; assigning to 2
 imp_physics not found; assigning to GFDL 11
nid001645.dogwood.wcoss2.ncep.noaa.gov 35:  landsfcmdl not found; assigning to 2
 imp_physics not found; assigning to GFDL 11
nid003195.dogwood.wcoss2.ncep.noaa.gov 115:  landsfcmdl not found; assigning to 2
 imp_physics not found; assigning to GFDL 11
nid001742.dogwood.wcoss2.ncep.noaa.gov 79:  landsfcmdl not found; assigning to 2
 imp_physics not found; assigning to GFDL 11
nid001645.dogwood.wcoss2.ncep.noaa.gov 38:  landsfcmdl not found; assigning to 2
 imp_physics not found; assigning to GFDL 11
nid003195.dogwood.wcoss2.ncep.noaa.gov 118:  landsfcmdl not found; assigning to 2
 imp_physics not found; assigning to GFDL 11
nid001645.dogwood.wcoss2.ncep.noaa.gov 39:  landsfcmdl not found; assigning to 2
 imp_physics not found; assigning to GFDL 11
nid001645.dogwood.wcoss2.ncep.noaa.gov 0:          IPOLES BAD POINT          16780000.0      4195      4195         0      jm=       2304
         IPOLES BAD POINT          16784000.0      4196      4196         0      jm=       2304
         IPOLES BAD POINT          16788000.0      4197      4197         0      jm=       2304
         IPOLES BAD POINT          16792000.0      4198      4198         0      jm=       2304
         IPOLES BAD POINT          16796000.0      4199      4199         0      jm=       2304
         IPOLES BAD POINT          16800000.0      4200      4200         0      jm=       2304
         IPOLES BAD POINT          16804000.0      4201      4201         0      jm=       2304
         IPOLES BAD POINT          16808000.0      4202      4202         0      jm=       2304
         IPOLES BAD POINT          16812000.0      4203      4203         0      jm=       2304
         IPOLES BAD POINT          16816000.0      4204      4204         0      jm=       2304
         IPOLES BAD POINT          16820000.0      4205      4205         0      jm=       2304
         IPOLES BAD POINT          16824000.0      4206      4206         0      jm=       2304
         IPOLES BAD POINT          16828000.0      4207      4207         0      jm=       2304
         IPOLES BAD POINT          16832000.0      4208      4208         0      jm=       2304
         IPOLES BAD POINT          16836000.0      4209      4209         0      jm=       2304
         IPOLES BAD POINT          16840000.0      4210      4210         0      jm=       2304
         IPOLES BAD POINT          16844000.0      4211      4211         0      jm=       2304
         IPOLES BAD POINT          16848000.0      4212      4212         0      jm=       2304
         IPOLES BAD POINT          16852000.0      4213      4213         0      jm=       2304
         IPOLES BAD POINT          16856000.0      4214      4214         0      jm=       2304
         IPOLES BAD POINT          16860000.0      4215      4215         0      jm=       2304
         IPOLES BAD POINT      nid001645.dogwood.wcoss2.ncep.noaa.gov 0:     16864000.0      4216      4216         0      jm=       2304
         IPOLES BAD POINT          16868000.0      4217      4217         0      jm=       2304
         IPOLES BAD POINT          16872000.0      4218      4218         0      jm=       2304
         IPOLES BAD POINT          16876000.0      4219      4219         0      jm=       2304
         IPOLES BAD POINT          16880000.0      4220      4220         0      jm=       2304
         IPOLES BAD POINT          16884000.0      4221      4221         0      jm=       2304
         IPOLES BAD POINT          16888000.0      4222      4222         0      jm=       2304
         IPOLES BAD POINT          16892000.0      4223      4223         0      jm=       2304
         IPOLES BAD POINT          16896000.0      4224      4224         0      jm=       2304
         IPOLES BAD POINT          16900000.0      4225      4225         0      jm=       2304
         IPOLES BAD POINT          16904000.0      4226      4226         0      jm=       2304
         IPOLES BAD POINT          16908000.0      4227      4227         0      jm=       2304
         IPOLES BAD POINT          16912000.0      4228      4228         0      jm=       2304
         IPOLES BAD POINT          16916000.0      4229      4229         0      jm=       2304
         IPOLES BAD POINT          16920000.0      4230      4230         0      jm=       2304
         IPOLES BAD POINT          16924000.0      4231      4231         0      jm=       2304
         IPOLES BAD POINT          16928000.0      4232      4232         0      jm=       2304
         IPOLES BAD POINT          16932000.0      4233      4233         0      jm=       2304
         IPOLES BAD POINT          16936000.0      4234      4234         0      jm=       2304
         IPOLES BAD POINT          16940000.0      4235      4235         0      jm=       2304
         IPOLES BAD POINT          16944000.0      4236      4236         0      jm=       2304
         IPOLES BAD POINT          16948000.0      4237      4nid001645.dogwood.wcoss2.ncep.noaa.gov 0: 237         0      jm=       2304
         IPOLES BAD POINT          16952000.0      4238      4238         0      jm=       2304
         IPOLES BAD POINT          16956000.0      4239      4239         0      jm=       2304
         IPOLES BAD POINT          16960000.0      4240      4240         0      jm=       2304
         IPOLES BAD POINT          16964000.0      4241      4241         0      jm=       2304
         IPOLES BAD POINT          16968000.0      4242      4242         0      jm=       2304
         IPOLES BAD POINT          16972000.0      4243      4243         0      jm=       2304
         IPOLES BAD POINT          16976000.0      4244      4244         0      jm=       2304
         IPOLES BAD POINT          16980000.0      4245      4245         0      jm=       2304
         IPOLES BAD POINT          16984000.0      4246      4246         0      jm=       2304
         IPOLES BAD POINT          16988000.0      4247      4247         0      jm=       2304
         IPOLES BAD POINT          16992000.0      4248      4248         0      jm=       2304
         IPOLES BAD POINT          16996000.0      4249      4249         0      jm=       2304
         IPOLES BAD POINT          17000000.0      4250      4250         0      jm=       2304
         IPOLES BAD POINT          17004000.0      4251      4251         0      jm=       2304
         IPOLES BAD POINT          17008000.0      4252      4252         0      jm=       2304
         IPOLES BAD POINT          17012000.0      4253      4253         0      jm=       2304
         IPOLES BAD POINT          17016000.0      4254      4254         0      jm=       2304
         IPOLES BAD POINT          17020000.0      4255      4255         0      jm=       2304
         IPOLES BAD POINT          17024000.0      4256      4256         0      jm=       2304
         IPOLES BAD POINT          17028000.0      4257      4257         0      jm=       2304
         IPOLES BAD POINT          17032000.0      4258      4258         0      jm=       23nid001645.dogwood.wcoss2.ncep.noaa.gov 0: 04
         IPOLES BAD POINT          17036000.0      4259      4259         0      jm=       2304
         IPOLES BAD POINT          17040000.0      4260      4260         0      jm=       2304
         IPOLES BAD POINT          17044000.0      4261      4261         0      jm=       2304
         IPOLES BAD POINT          17048000.0      4262      4262         0      jm=       2304
         IPOLES BAD POINT          17052000.0      4263      4263         0      jm=       2304
         IPOLES BAD POINT          17056000.0      4264      4264         0      jm=       2304
         IPOLES BAD POINT          17060000.0      4265      4265         0      jm=       2304
         IPOLES BAD POINT          17064000.0      4266      4266         0      jm=       2304
         IPOLES BAD POINT          17068000.0      4267      4267         0      jm=       2304
         IPOLES BAD POINT          17072000.0      4268      4268         0      jm=       2304
         IPOLES BAD POINT          17076000.0      4269      4269         0      jm=       2304
         IPOLES BAD POINT          17080000.0      4270      4270         0      jm=       2304
         IPOLES BAD POINT          17084000.0      4271      4271         0      jm=       2304
         IPOLES BAD POINT          17088000.0      4272      4272         0      jm=       2304
         IPOLES BAD POINT          17092000.0      4273      4273         0      jm=       2304
         IPOLES BAD POINT          17096000.0      4274      4274         0      jm=       2304
         IPOLES BAD POINT          17100000.0      4275      4275         0      jm=       2304
         IPOLES BAD POINT          17104000.0      4276      4276         0      jm=       2304
         IPOLES BAD POINT          17108000.0      4277      4277         0      jm=       2304
         IPOLES BAD POINT          17112000.0      4278      4278         0      jm=       2304
         IPOLES BAD POINT          17116000.0      4279      4279         0      jm=       2304
         IPOLES BAD POINT   nid001645.dogwood.wcoss2.ncep.noaa.gov 0:        17120000.0      4280      4280         0      jm=       2304
         IPOLES BAD POINT          17124000.0      4281      4281         0      jm=       2304
         IPOLES BAD POINT          17128000.0      4282      4282         0      jm=       2304
         IPOLES BAD POINT          17132000.0      4283      4283         0      jm=       2304
         IPOLES BAD POINT          17136000.0      4284      4284         0      jm=       2304
         IPOLES BAD POINT          17140000.0      4285      4285         0      jm=       2304
         IPOLES BAD POINT          17144000.0      4286      4286         0      jm=       2304
         IPOLES BAD POINT          17148000.0      4287      4287         0      jm=       2304
         IPOLES BAD POINT          17152000.0      4288      4288         0      jm=       2304
         IPOLES BAD POINT          17156000.0      4289      4289         0      jm=       2304
         IPOLES BAD POINT          17160000.0      4290      4290         0      jm=       2304
         IPOLES BAD POINT          17164000.0      4291      4291         0      jm=       2304
         IPOLES BAD POINT          17168000.0      4292      4292         0      jm=       2304
         IPOLES BAD POINT          17172000.0      4293      4293         0      jm=       2304
         IPOLES BAD POINT          17176000.0      4294      4294         0      jm=       2304
         IPOLES BAD POINT          17180000.0      4295      4295         0      jm=       2304
         IPOLES BAD POINT          17184000.0      4296      4296         0      jm=       2304
         IPOLES BAD POINT          17188000.0      4297      4297         0      jm=       2304
         IPOLES BAD POINT          17192000.0      4298      4298         0      jm=       2304
         IPOLES BAD POINT          17196000.0      4299      4299         0      jm=       2304
         IPOLES BAD POINT          17200000.0      4300      4300         0      jm=       2304
         IPOLES BAD POINT          17204000.0      4301    nid001645.dogwood.wcoss2.ncep.noaa.gov 0:   4301         0      jm=       2304
         IPOLES BAD POINT          17208000.0      4302      4302         0      jm=       2304
         IPOLES BAD POINT          17212000.0      4303      4303         0      jm=       2304
         IPOLES BAD POINT          17216000.0      4304      4304         0      jm=       2304
         IPOLES BAD POINT          17220000.0      4305      4305         0      jm=       2304
         IPOLES BAD POINT          17224000.0      4306      4306         0      jm=       2304
         IPOLES BAD POINT          17228000.0      4307      4307         0      jm=       2304
         IPOLES BAD POINT          17232000.0      4308      4308         0      jm=       2304
         IPOLES BAD POINT          17236000.0      4309      4309         0      jm=       2304
         IPOLES BAD POINT          17240000.0      4310      4310         0      jm=       2304
         IPOLES BAD POINT          17244000.0      4311      4311         0      jm=       2304
         IPOLES BAD POINT          17248000.0      4312      4312         0      jm=       2304
         IPOLES BAD POINT          17252000.0      4313      4313         0      jm=       2304
         IPOLES BAD POINT          17256000.0      4314      4314         0      jm=       2304
         IPOLES BAD POINT          17260000.0      4315      4315         0      jm=       2304
         IPOLES BAD POINT          17264000.0      4316      4316         0      jm=       2304
         IPOLES BAD POINT          17268000.0      4317      4317         0      jm=       2304
         IPOLES BAD POINT          17272000.0      4318      4318         0      jm=       2304
         IPOLES BAD POINT          17276000.0      4319      4319         0      jm=       2304
         IPOLES BAD POINT          17280000.0      4320      4320         0      jm=       2304
         IPOLES BAD POINT          17284000.0      4321      4321         0      jm=       2304
         IPOLES BAD POINT          17288000.0      4322      4322         0      jm=      nid001645.dogwood.wcoss2.ncep.noaa.gov 0:  2304
         IPOLES BAD POINT          17292000.0      4323      4323         0      jm=       2304
         IPOLES BAD POINT          17296000.0      4324      4324         0      jm=       2304
         IPOLES BAD POINT          17300000.0      4325      4325         0      jm=       2304
         IPOLES BAD POINT          17304000.0      4326      4326         0      jm=       2304
         IPOLES BAD POINT          17308000.0      4327      4327         0      jm=       2304
         IPOLES BAD POINT          17312000.0      4328      4328         0      jm=       2304
         IPOLES BAD POINT          17316000.0      4329      4329         0      jm=       2304
         IPOLES BAD POINT          17320000.0      4330      4330         0      jm=       2304
         IPOLES BAD POINT          17324000.0      4331      4331         0      jm=       2304
         IPOLES BAD POINT          17328000.0      4332      4332         0      jm=       2304
         IPOLES BAD POINT          17332000.0      4333      4333         0      jm=       2304
         IPOLES BAD POINT          17336000.0      4334      4334         0      jm=       2304
         IPOLES BAD POINT          17340000.0      4335      4335         0      jm=       2304
         IPOLES BAD POINT          17344000.0      4336      4336         0      jm=       2304
         IPOLES BAD POINT          17348000.0      4337      4337         0      jm=       2304
         IPOLES BAD POINT          17352000.0      4338      4338         0      jm=       2304
         IPOLES BAD POINT          17356000.0      4339      4339         0      jm=       2304
         IPOLES BAD POINT          17360000.0      4340      4340         0      jm=       2304
         IPOLES BAD POINT          17364000.0      4341      4341         0      jm=       2304
         IPOLES BAD POINT          17368000.0      4342      4342         0      jm=       2304
         IPOLES BAD POINT          17372000.0      4343      4343         0      jm=       2304
         IPOLES BAD POINTnid001645.dogwood.wcoss2.ncep.noaa.gov 0:           17376000.0      4344      4344         0      jm=       2304
         IPOLES BAD POINT          17380000.0      4345      4345         0      jm=       2304
         IPOLES BAD POINT          17384000.0      4346      4346         0      jm=       2304
         IPOLES BAD POINT          17388000.0      4347      4347         0      jm=       2304
         IPOLES BAD POINT          17392000.0      4348      4348         0      jm=       2304
         IPOLES BAD POINT          17396000.0      4349      4349         0      jm=       2304
         IPOLES BAD POINT          17400000.0      4350      4350         0      jm=       2304
         IPOLES BAD POINT          17404000.0      4351      4351         0      jm=       2304
         IPOLES BAD POINT          17408000.0      4352      4352         0      jm=       2304
         IPOLES BAD POINT          17412000.0      4353      4353         0      jm=       2304
         IPOLES BAD POINT          17416000.0      4354      4354         0      jm=       2304
         IPOLES BAD POINT          17420000.0      4355      4355         0      jm=       2304
         IPOLES BAD POINT          17424000.0      4356      4356         0      jm=       2304
         IPOLES BAD POINT          17428000.0      4357      4357         0      jm=       2304
         IPOLES BAD POINT          17432000.0      4358      4358         0      jm=       2304
         IPOLES BAD POINT          17436000.0      4359      4359         0      jm=       2304
         IPOLES BAD POINT          17440000.0      4360      4360         0      jm=       2304
         IPOLES BAD POINT          17444000.0      4361      4361         0      jm=       2304
         IPOLES BAD POINT          17448000.0      4362      4362         0      jm=       2304
         IPOLES BAD POINT          17452000.0      4363      4363         0      jm=       2304
         IPOLES BAD POINT          17456000.0      4364      4364         0      jm=       2304
         IPOLES BAD POINT          17460000.0      4365 nid001645.dogwood.wcoss2.ncep.noaa.gov 0:      4365         0      jm=       2304
         IPOLES BAD POINT          17464000.0      4366      4366         0      jm=       2304
         IPOLES BAD POINT          17468000.0      4367      4367         0      jm=       2304
         IPOLES BAD POINT          17472000.0      4368      4368         0      jm=       2304
         IPOLES BAD POINT          17476000.0      4369      4369         0      jm=       2304
         IPOLES BAD POINT          17480000.0      4370      4370         0      jm=       2304
         IPOLES BAD POINT          17484000.0      4371      4371         0      jm=       2304
         IPOLES BAD POINT          17488000.0      4372      4372         0      jm=       2304
         IPOLES BAD POINT          17492000.0      4373      4373         0      jm=       2304
         IPOLES BAD POINT          17496000.0      4374      4374         0      jm=       2304
         IPOLES BAD POINT          17500000.0      4375      4375         0      jm=       2304
         IPOLES BAD POINT          17504000.0      4376      4376         0      jm=       2304
         IPOLES BAD POINT          17508000.0      4377      4377         0      jm=       2304
         IPOLES BAD POINT          17512000.0      4378      4378         0      jm=       2304
         IPOLES BAD POINT          17516000.0      4379      4379         0      jm=       2304
         IPOLES BAD POINT          17520000.0      4380      4380         0      jm=       2304
         IPOLES BAD POINT          17524000.0      4381      4381         0      jm=       2304
         IPOLES BAD POINT          17528000.0      4382      4382         0      jm=       2304
         IPOLES BAD POINT          17532000.0      4383      4383         0      jm=       2304
         IPOLES BAD POINT          17536000.0      4384      4384         0      jm=       2304
         IPOLES BAD POINT          17540000.0      4385      4385         0      jm=       2304
         IPOLES BAD POINT          17544000.0      4386      4386         0      jm=   nid001645.dogwood.wcoss2.ncep.noaa.gov 0:     2304
         IPOLES BAD POINT          17548000.0      4387      4387         0      jm=       2304
         IPOLES BAD POINT          17552000.0      4388      4388         0      jm=       2304
         IPOLES BAD POINT          17556000.0      4389      4389         0      jm=       2304
         IPOLES BAD POINT          17560000.0      4390      4390         0      jm=       2304
         IPOLES BAD POINT          17564000.0      4391      4391         0      jm=       2304
         IPOLES BAD POINT          17568000.0      4392      4392         0      jm=       2304
         IPOLES BAD POINT          17572000.0      4393      4393         0      jm=       2304
         IPOLES BAD POINT          17576000.0      4394      4394         0      jm=       2304
         IPOLES BAD POINT          17580000.0      4395      4395         0      jm=       2304
         IPOLES BAD POINT          17584000.0      4396      4396         0      jm=       2304
         IPOLES BAD POINT          17588000.0      4397      4397         0      jm=       2304
         IPOLES BAD POINT          17592000.0      4398      4398         0      jm=       2304
         IPOLES BAD POINT          17596000.0      4399      4399         0      jm=       2304
         IPOLES BAD POINT          17600000.0      4400      4400         0      jm=       2304
         IPOLES BAD POINT          17604000.0      4401      4401         0      jm=       2304
         IPOLES BAD POINT          17608000.0      4402      4402         0      jm=       2304
         IPOLES BAD POINT          17612000.0      4403      4403         0      jm=       2304
         IPOLES BAD POINT          17616000.0      4404      4404         0      jm=       2304
         IPOLES BAD POINT          17620000.0      4405      4405         0      jm=       2304
         IPOLES BAD POINT          17624000.0      4406      4406         0      jm=       2304
         IPOLES BAD POINT          17628000.0      4407      4407         0      jm=       2304
         IPOLES BAD POnid001645.dogwood.wcoss2.ncep.noaa.gov 0: INT          17632000.0      4408      4408         0      jm=       2304
         IPOLES BAD POINT          17636000.0      4409      4409         0      jm=       2304
         IPOLES BAD POINT          17640000.0      4410      4410         0      jm=       2304
         IPOLES BAD POINT          17644000.0      4411      4411         0      jm=       2304
         IPOLES BAD POINT          17648000.0      4412      4412         0      jm=       2304
         IPOLES BAD POINT          17652000.0      4413      4413         0      jm=       2304
         IPOLES BAD POINT          17656000.0      4414      4414         0      jm=       2304
         IPOLES BAD POINT          17660000.0      4415      4415         0      jm=       2304
         IPOLES BAD POINT          17664000.0      4416      4416         0      jm=       2304
         IPOLES BAD POINT          17668000.0      4417      4417         0      jm=       2304
         IPOLES BAD POINT          17672000.0      4418      4418         0      jm=       2304
         IPOLES BAD POINT          17676000.0      4419      4419         0      jm=       2304
         IPOLES BAD POINT          17680000.0      4420      4420         0      jm=       2304
         IPOLES BAD POINT          17684000.0      4421      4421         0      jm=       2304
         IPOLES BAD POINT          17688000.0      4422      4422         0      jm=       2304
         IPOLES BAD POINT          17692000.0      4423      4423         0      jm=       2304
         IPOLES BAD POINT          17696000.0      4424      4424         0      jm=       2304
         IPOLES BAD POINT          17700000.0      4425      4425         0      jm=       2304
         IPOLES BAD POINT          17704000.0      4426      4426         0      jm=       2304
         IPOLES BAD POINT          17708000.0      4427      4427         0      jm=       2304
         IPOLES BAD POINT          17712000.0      4428      4428         0      jm=       2304
         IPOLES BAD POINT          17716000.0      44nid001645.dogwood.wcoss2.ncep.noaa.gov 0: 29      4429         0      jm=       2304
         IPOLES BAD POINT          17720000.0      4430      4430         0      jm=       2304
         IPOLES BAD POINT          17724000.0      4431      4431         0      jm=       2304
         IPOLES BAD POINT          17728000.0      4432      4432         0      jm=       2304
         IPOLES BAD POINT          17732000.0      4433      4433         0      jm=       2304
         IPOLES BAD POINT          17736000.0      4434      4434         0      jm=       2304
         IPOLES BAD POINT          17740000.0      4435      4435         0      jm=       2304
         IPOLES BAD POINT          17744000.0      4436      4436         0      jm=       2304
         IPOLES BAD POINT          17748000.0      4437      4437         0      jm=       2304
         IPOLES BAD POINT          17752000.0      4438      4438         0      jm=       2304
         IPOLES BAD POINT          17756000.0      4439      4439         0      jm=       2304
         IPOLES BAD POINT          17760000.0      4440      4440         0      jm=       2304
         IPOLES BAD POINT          17764000.0      4441      4441         0      jm=       2304
         IPOLES BAD POINT          17768000.0      4442      4442         0      jm=       2304
         IPOLES BAD POINT          17772000.0      4443      4443         0      jm=       2304
         IPOLES BAD POINT          17776000.0      4444      4444         0      jm=       2304
         IPOLES BAD POINT          17780000.0      4445      4445         0      jm=       2304
         IPOLES BAD POINT          17784000.0      4446      4446         0      jm=       2304
         IPOLES BAD POINT          17788000.0      4447      4447         0      jm=       2304
         IPOLES BAD POINT          17792000.0      4448      4448         0      jm=       2304
         IPOLES BAD POINT          17796000.0      4449      4449         0      jm=       2304
         IPOLES BAD POINT          17800000.0      4450      4450         0      jm=nid001645.dogwood.wcoss2.ncep.noaa.gov 0:        2304
         IPOLES BAD POINT          17804000.0      4451      4451         0      jm=       2304
         IPOLES BAD POINT          17808000.0      4452      4452         0      jm=       2304
         IPOLES BAD POINT          17812000.0      4453      4453         0      jm=       2304
         IPOLES BAD POINT          17816000.0      4454      4454         0      jm=       2304
         IPOLES BAD POINT          17820000.0      4455      4455         0      jm=       2304
         IPOLES BAD POINT          17824000.0      4456      4456         0      jm=       2304
         IPOLES BAD POINT          17828000.0      4457      4457         0      jm=       2304
         IPOLES BAD POINT          17832000.0      4458      4458         0      jm=       2304
         IPOLES BAD POINT          17836000.0      4459      4459         0      jm=       2304
         IPOLES BAD POINT          17840000.0      4460      4460         0      jm=       2304
         IPOLES BAD POINT          17844000.0      4461      4461         0      jm=       2304
         IPOLES BAD POINT          17848000.0      4462      4462         0      jm=       2304
         IPOLES BAD POINT          17852000.0      4463      4463         0      jm=       2304
         IPOLES BAD POINT          17856000.0      4464      4464         0      jm=       2304
         IPOLES BAD POINT          17860000.0      4465      4465         0      jm=       2304
         IPOLES BAD POINT          17864000.0      4466      4466         0      jm=       2304
         IPOLES BAD POINT          17868000.0      4467      4467         0      jm=       2304
         IPOLES BAD POINT          17872000.0      4468      4468         0      jm=       2304
         IPOLES BAD POINT          17876000.0      4469      4469         0      jm=       2304
         IPOLES BAD POINT          17880000.0      4470      4470         0      jm=       2304
         IPOLES BAD POINT          17884000.0      4471      4471         0      jm=       2304
         IPOLES BADnid001645.dogwood.wcoss2.ncep.noaa.gov 0:  POINT          17888000.0      4472      4472         0      jm=       2304
         IPOLES BAD POINT          17892000.0      4473      4473         0      jm=       2304
         IPOLES BAD POINT          17896000.0      4474      4474         0      jm=       2304
         IPOLES BAD POINT          17900000.0      4475      4475         0      jm=       2304
         IPOLES BAD POINT          17904000.0      4476      4476         0      jm=       2304
         IPOLES BAD POINT          17908000.0      4477      4477         0      jm=       2304
         IPOLES BAD POINT          17912000.0      4478      4478         0      jm=       2304
         IPOLES BAD POINT          17916000.0      4479      4479         0      jm=       2304
         IPOLES BAD POINT          17920000.0      4480      4480         0      jm=       2304
         IPOLES BAD POINT          17924000.0      4481      4481         0      jm=       2304
         IPOLES BAD POINT          17928000.0      4482      4482         0      jm=       2304
         IPOLES BAD POINT          17932000.0      4483      4483         0      jm=       2304
         IPOLES BAD POINT          17936000.0      4484      4484         0      jm=       2304
         IPOLES BAD POINT          17940000.0      4485      4485         0      jm=       2304
         IPOLES BAD POINT          17944000.0      4486      4486         0      jm=       2304
         IPOLES BAD POINT          17948000.0      4487      4487         0      jm=       2304
         IPOLES BAD POINT          17952000.0      4488      4488         0      jm=       2304
         IPOLES BAD POINT          17956000.0      4489      4489         0      jm=       2304
         IPOLES BAD POINT          17960000.0      4490      4490         0      jm=       2304
         IPOLES BAD POINT          17964000.0      4491      4491         0      jm=       2304
         IPOLES BAD POINT          17968000.0      4492      4492         0      jm=       2304
         IPOLES BAD POINT          17972000.0     nid001645.dogwood.wcoss2.ncep.noaa.gov 0:  4493      4493         0      jm=       2304
         IPOLES BAD POINT          17976000.0      4494      4494         0      jm=       2304
         IPOLES BAD POINT          17980000.0      4495      4495         0      jm=       2304
         IPOLES BAD POINT          17984000.0      4496      4496         0      jm=       2304
         IPOLES BAD POINT          17988000.0      4497      4497         0      jm=       2304
         IPOLES BAD POINT          17992000.0      4498      4498         0      jm=       2304
         IPOLES BAD POINT          17996000.0      4499      4499         0      jm=       2304
         IPOLES BAD POINT          18000000.0      4500      4500         0      jm=       2304
         IPOLES BAD POINT          18004000.0      4501      4501         0      jm=       2304
         IPOLES BAD POINT          18008000.0      4502      4502         0      jm=       2304
         IPOLES BAD POINT          18012000.0      4503      4503         0      jm=       2304
         IPOLES BAD POINT          18016000.0      4504      4504         0      jm=       2304
         IPOLES BAD POINT          18020000.0      4505      4505         0      jm=       2304
         IPOLES BAD POINT          18024000.0      4506      4506         0      jm=       2304
         IPOLES BAD POINT          18028000.0      4507      4507         0      jm=       2304
         IPOLES BAD POINT          18032000.0      4508      4508         0      jm=       2304
         IPOLES BAD POINT          18036000.0      4509      4509         0      jm=       2304
         IPOLES BAD POINT          18040000.0      4510      4510         0      jm=       2304
         IPOLES BAD POINT          18044000.0      4511      4511         0      jm=       2304
         IPOLES BAD POINT          18048000.0      4512      4512         0      jm=       2304
         IPOLES BAD POINT          18052000.0      4513      4513         0      jm=       2304
         IPOLES BAD POINT          18056000.0      4514      4514         0      nid001645.dogwood.wcoss2.ncep.noaa.gov 0: jm=       2304
         IPOLES BAD POINT          18060000.0      4515      4515         0      jm=       2304
         IPOLES BAD POINT          18064000.0      4516      4516         0      jm=       2304
         IPOLES BAD POINT          18068000.0      4517      4517         0      jm=       2304
         IPOLES BAD POINT          18072000.0      4518      4518         0      jm=       2304
         IPOLES BAD POINT          18076000.0      4519      4519         0      jm=       2304
         IPOLES BAD POINT          18080000.0      4520      4520         0      jm=       2304
         IPOLES BAD POINT          18084000.0      4521      4521         0      jm=       2304
         IPOLES BAD POINT          18088000.0      4522      4522         0      jm=       2304
         IPOLES BAD POINT          18092000.0      4523      4523         0      jm=       2304
         IPOLES BAD POINT          18096000.0      4524      4524         0      jm=       2304
         IPOLES BAD POINT          18100000.0      4525      4525         0      jm=       2304
         IPOLES BAD POINT          18104000.0      4526      4526         0      jm=       2304
         IPOLES BAD POINT          18108000.0      4527      4527         0      jm=       2304
         IPOLES BAD POINT          18112000.0      4528      4528         0      jm=       2304
         IPOLES BAD POINT          18116000.0      4529      4529         0      jm=       2304
         IPOLES BAD POINT          18120000.0      4530      4530         0      jm=       2304
         IPOLES BAD POINT          18124000.0      4531      4531         0      jm=       2304
         IPOLES BAD POINT          18128000.0      4532      4532         0      jm=       2304
         IPOLES BAD POINT          18132000.0      4533      4533         0      jm=       2304
         IPOLES BAD POINT          18136000.0      4534      4534         0      jm=       2304
         IPOLES BAD POINT          18140000.0      4535      4535         0      jm=       2304
         IPOLES nid001645.dogwood.wcoss2.ncep.noaa.gov 0: BAD POINT          18144000.0      4536      4536         0      jm=       2304
         IPOLES BAD POINT          18148000.0      4537      4537         0      jm=       2304
         IPOLES BAD POINT          18152000.0      4538      4538         0      jm=       2304
         IPOLES BAD POINT          18156000.0      4539      4539         0      jm=       2304
         IPOLES BAD POINT          18160000.0      4540      4540         0      jm=       2304
         IPOLES BAD POINT          18164000.0      4541      4541         0      jm=       2304
         IPOLES BAD POINT          18168000.0      4542      4542         0      jm=       2304
         IPOLES BAD POINT          18172000.0      4543      4543         0      jm=       2304
         IPOLES BAD POINT          18176000.0      4544      4544         0      jm=       2304
         IPOLES BAD POINT          18180000.0      4545      4545         0      jm=       2304
         IPOLES BAD POINT          18184000.0      4546      4546         0      jm=       2304
         IPOLES BAD POINT          18188000.0      4547      4547         0      jm=       2304
         IPOLES BAD POINT          18192000.0      4548      4548         0      jm=       2304
         IPOLES BAD POINT          18196000.0      4549      4549         0      jm=       2304
         IPOLES BAD POINT          18200000.0      4550      4550         0      jm=       2304
         IPOLES BAD POINT          18204000.0      4551      4551         0      jm=       2304
         IPOLES BAD POINT          18208000.0      4552      4552         0      jm=       2304
         IPOLES BAD POINT          18212000.0      4553      4553         0      jm=       2304
         IPOLES BAD POINT          18216000.0      4554      4554         0      jm=       2304
         IPOLES BAD POINT          18220000.0      4555      4555         0      jm=       2304
         IPOLES BAD POINT          18224000.0      4556      4556         0      jm=       2304
         IPOLES BAD POINT          18228000.0  nid001645.dogwood.wcoss2.ncep.noaa.gov 0:     4557      4557         0      jm=       2304
         IPOLES BAD POINT          18232000.0      4558      4558         0      jm=       2304
         IPOLES BAD POINT          18236000.0      4559      4559         0      jm=       2304
         IPOLES BAD POINT          18240000.0      4560      4560         0      jm=       2304
         IPOLES BAD POINT          18244000.0      4561      4561         0      jm=       2304
         IPOLES BAD POINT          18248000.0      4562      4562         0      jm=       2304
         IPOLES BAD POINT          18252000.0      4563      4563         0      jm=       2304
         IPOLES BAD POINT          18256000.0      4564      4564         0      jm=       2304
         IPOLES BAD POINT          18260000.0      4565      4565         0      jm=       2304
         IPOLES BAD POINT          18264000.0      4566      4566         0      jm=       2304
         IPOLES BAD POINT          18268000.0      4567      4567         0      jm=       2304
         IPOLES BAD POINT          18272000.0      4568      4568         0      jm=       2304
         IPOLES BAD POINT          18276000.0      4569      4569         0      jm=       2304
         IPOLES BAD POINT          18280000.0      4570      4570         0      jm=       2304
         IPOLES BAD POINT          18284000.0      4571      4571         0      jm=       2304
         IPOLES BAD POINT          18288000.0      4572      4572         0      jm=       2304
         IPOLES BAD POINT          18292000.0      4573      4573         0      jm=       2304
         IPOLES BAD POINT          18296000.0      4574      4574         0      jm=       2304
         IPOLES BAD POINT          18300000.0      4575      4575         0      jm=       2304
         IPOLES BAD POINT          18304000.0      4576      4576         0      jm=       2304
         IPOLES BAD POINT          18308000.0      4577      4577         0      jm=       2304
         IPOLES BAD POINT          18312000.0      4578      4578         0   nid001645.dogwood.wcoss2.ncep.noaa.gov 0:    jm=       2304
         IPOLES BAD POINT          18316000.0      4579      4579         0      jm=       2304
         IPOLES BAD POINT          18320000.0      4580      4580         0      jm=       2304
         IPOLES BAD POINT          18324000.0      4581      4581         0      jm=       2304
         IPOLES BAD POINT          18328000.0      4582      4582         0      jm=       2304
         IPOLES BAD POINT          18332000.0      4583      4583         0      jm=       2304
         IPOLES BAD POINT          18336000.0      4584      4584         0      jm=       2304
         IPOLES BAD POINT          18340000.0      4585      4585         0      jm=       2304
         IPOLES BAD POINT          18344000.0      4586      4586         0      jm=       2304
         IPOLES BAD POINT          18348000.0      4587      4587         0      jm=       2304
         IPOLES BAD POINT          18352000.0      4588      4588         0      jm=       2304
         IPOLES BAD POINT          18356000.0      4589      4589         0      jm=       2304
         IPOLES BAD POINT          18360000.0      4590      4590         0      jm=       2304
         IPOLES BAD POINT          18364000.0      4591      4591         0      jm=       2304
         IPOLES BAD POINT          18368000.0      4592      4592         0      jm=       2304
         IPOLES BAD POINT          18372000.0      4593      4593         0      jm=       2304
         IPOLES BAD POINT          18376000.0      4594      4594         0      jm=       2304
         IPOLES BAD POINT          18380000.0      4595      4595         0      jm=       2304
         IPOLES BAD POINT          18384000.0      4596      4596         0      jm=       2304
         IPOLES BAD POINT          18388000.0      4597      4597         0      jm=       2304
         IPOLES BAD POINT          18392000.0      4598      4598         0      jm=       2304
         IPOLES BAD POINT          18396000.0      4599      4599         0      jm=       2304
         IPOLnid001645.dogwood.wcoss2.ncep.noaa.gov 0: ES BAD POINT          18400000.0      4600      4600         0      jm=       2304
         IPOLES BAD POINT          18404000.0      4601      4601         0      jm=       2304
         IPOLES BAD POINT          18408000.0      4602      4602         0      jm=       2304
         IPOLES BAD POINT          18412000.0      4603      4603         0      jm=       2304
         IPOLES BAD POINT          18416000.0      4604      4604         0      jm=       2304
         IPOLES BAD POINT          18420000.0      4605      4605         0      jm=       2304
         IPOLES BAD POINT          18424000.0      4606      4606         0      jm=       2304
         IPOLES BAD POINT          18428000.0      4607      4607         0      jm=       2304
         IPOLES BAD POINT          18432000.0      4608      4608         0      jm=       2304
nid001645.dogwood.wcoss2.ncep.noaa.gov 0:   d3d_on= F
nid001645.dogwood.wcoss2.ncep.noaa.gov 0:  aqf_on=  F
nid001645.dogwood.wcoss2.ncep.noaa.gov 0:  INITPOST:  ENTER INITPOST_NETCDF
 me=           0 jsta_2l=           1 jend_2u=          14 im=        4608 
 ista_2l=           0 iend_2u=        4609 ista=           1 iend=        4608 
 iend_m=        4607
nid001645.dogwood.wcoss2.ncep.noaa.gov 0:  ak5=   0.9990000       1.605000       2.532000       3.924000    
   5.976000       8.947000       13.17700       19.09600       27.24300    
   38.27600       52.98400       72.29300       97.26900       129.1100    
   169.1350       218.7670       279.5060       352.8940       440.4810    
   543.7820       664.2360       803.1640       961.7340       1140.931    
   1341.538       1564.119       1809.028       2076.415       2366.252    
   2678.372       3012.510       3368.363       3745.646       4144.164    
   4563.881       5004.995       5468.017       5953.848       6463.864    
   7000.000       7563.494       8150.661       8756.529       9376.141    
   10004.55       10636.85       11268.16       11893.64       12508.52    
   13108.09       13687.73       14242.89       14769.15       15262.20    
   15717.86       16132.09       16501.02       16820.94       17088.32    
   17299.85       17453.08       17548.35       17586.77       17569.70    
   17498.70       17375.56       17202.30       16981.14       16714.50    
   16405.02       16055.49       15668.86       15248.25       14796.87    
   14318.04       13815.15       13291.63       12750.92       12196.47    
   11631.66       11059.83       10484.21       9907.927       9333.967    
   8765.155       8204.142       7653.387       7115.147       6591.468    
   6084.176       5594.876       5124.949       4675.554       4247.633    
   3841.918       3458.933       3099.010       2762.297       2448.768    
   2158.238       1890.375       1644.712       1420.661       1217.528    
   1034.524       870.7780       725.3480       597.2350       485.3920    
   388.7340       306.1490       236.5020       178.6510       131.4470    
   93.74000       64.39200       42.27400       26.27400       15.30200    
   8.287000       4.190000       1.994000      0.8100000      0.2320000    
  2.8999999E-02  0.0000000E+00  0.0000000E+00  0.0000000E+00
nid001645.dogwood.wcoss2.ncep.noaa.gov 0:  idrt not in netcdf file,reading grid
nid001645.dogwood.wcoss2.ncep.noaa.gov 0:  idrt MAPTYPE=            4           4
nid001645.dogwood.wcoss2.ncep.noaa.gov 0:  nhcas not in netcdf file, set default to nonhydro
 nhcas=            0
nid001645.dogwood.wcoss2.ncep.noaa.gov 0:  time unit read from netcdf file= hours since 2024-11-24 18:00:00 
nid001645.dogwood.wcoss2.ncep.noaa.gov 0:  maptype and gridtype is            4 A
nid001645.dogwood.wcoss2.ncep.noaa.gov 0:    CYCLIC BC APPLIED
nid001645.dogwood.wcoss2.ncep.noaa.gov 0:  start yr mo day hr min =        2024          11          24          18
           0
 processing yr mo day hr min=        2024          11          24          18
           0
nid001645.dogwood.wcoss2.ncep.noaa.gov 0:  hail                 not found -Assigned missing values
nid001645.dogwood.wcoss2.ncep.noaa.gov 0:  cld_amt              not found -Assigned missing values
nid001645.dogwood.wcoss2.ncep.noaa.gov 0:  cieffr               not found -Assigned missing values
nid001645.dogwood.wcoss2.ncep.noaa.gov 0:  cleffr               not found -Assigned missing values
nid001645.dogwood.wcoss2.ncep.noaa.gov 0:  cseffr               not found -Assigned missing values
nid001645.dogwood.wcoss2.ncep.noaa.gov 0:  ltg1_max             not found -Assigned missing values
nid001645.dogwood.wcoss2.ncep.noaa.gov 0:  ltg2_max             not found -Assigned missing values
 ltg3_max             not found -Assigned missing values
nid003528.dogwood.wcoss2.ncep.noaa.gov 131:  fhzero not found-Assigned 3 hours as default
 dtp not found-Assigned 90s as default
nid003528.dogwood.wcoss2.ncep.noaa.gov 135:  fhzero not found-Assigned 3 hours as default
 dtp not found-Assigned 90s as default
nid003528.dogwood.wcoss2.ncep.noaa.gov 137:  fhzero not found-Assigned 3 hours as default
 dtp not found-Assigned 90s as default
nid003528.dogwood.wcoss2.ncep.noaa.gov 138:  fhzero not found-Assigned 3 hours as default
 dtp not found-Assigned 90s as default
nid003528.dogwood.wcoss2.ncep.noaa.gov 139:  fhzero not found-Assigned 3 hours as default
 dtp not found-Assigned 90s as default
nid003528.dogwood.wcoss2.ncep.noaa.gov 154:  fhzero not found-Assigned 3 hours as default
 dtp not found-Assigned 90s as default
nid003528.dogwood.wcoss2.ncep.noaa.gov 158:  fhzero not found-Assigned 3 hours as default
 dtp not found-Assigned 90s as default
nid003528.dogwood.wcoss2.ncep.noaa.gov 120:  fhzero not found-Assigned 3 hours as default
 dtp not found-Assigned 90s as default
nid003528.dogwood.wcoss2.ncep.noaa.gov 121:  fhzero not found-Assigned 3 hours as default
 dtp not found-Assigned 90s as default
nid003528.dogwood.wcoss2.ncep.noaa.gov 122:  fhzero not found-Assigned 3 hours as default
 dtp not found-Assigned 90s as default
nid003528.dogwood.wcoss2.ncep.noaa.gov 123:  fhzero not found-Assigned 3 hours as default
 dtp not found-Assigned 90s as default
nid003528.dogwood.wcoss2.ncep.noaa.gov 124:  fhzero not found-Assigned 3 hours as default
 dtp not found-Assigned 90s as default
nid003528.dogwood.wcoss2.ncep.noaa.gov 125:  fhzero not found-Assigned 3 hours as default
 dtp not found-Assigned 90s as default
nid003528.dogwood.wcoss2.ncep.noaa.gov 126:  fhzero not found-Assigned 3 hours as default
 dtp not found-Assigned 90s as default
nid003528.dogwood.wcoss2.ncep.noaa.gov 127:  fhzero not found-Assigned 3 hours as default
 dtp not found-Assigned 90s as default
nid003528.dogwood.wcoss2.ncep.noaa.gov 128:  fhzero not found-Assigned 3 hours as default
 dtp not found-Assigned 90s as default
nid003528.dogwood.wcoss2.ncep.noaa.gov 129:  fhzero not found-Assigned 3 hours as default
 dtp not found-Assigned 90s as default
nid003528.dogwood.wcoss2.ncep.noaa.gov 130:  fhzero not found-Assigned 3 hours as default
 dtp not found-Assigned 90s as default
nid003528.dogwood.wcoss2.ncep.noaa.gov 132:  fhzero not found-Assigned 3 hours as default
 dtp not found-Assigned 90s as default
nid003528.dogwood.wcoss2.ncep.noaa.gov 133:  fhzero not found-Assigned 3 hours as default
 dtp not found-Assigned 90s as default
nid003528.dogwood.wcoss2.ncep.noaa.gov 134:  fhzero not found-Assigned 3 hours as default
 dtp not found-Assigned 90s as default
nid003528.dogwood.wcoss2.ncep.noaa.gov 136:  fhzero not found-Assigned 3 hours as default
 dtp not found-Assigned 90s as default
nid003528.dogwood.wcoss2.ncep.noaa.gov 140:  fhzero not found-Assigned 3 hours as default
 dtp not found-Assigned 90s as default
nid003528.dogwood.wcoss2.ncep.noaa.gov 141:  fhzero not found-Assigned 3 hours as default
 dtp not found-Assigned 90s as default
nid003528.dogwood.wcoss2.ncep.noaa.gov 142:  fhzero not found-Assigned 3 hours as default
 dtp not found-Assigned 90s as default
nid003528.dogwood.wcoss2.ncep.noaa.gov 143:  fhzero not found-Assigned 3 hours as default
 dtp not found-Assigned 90s as default
nid003528.dogwood.wcoss2.ncep.noaa.gov 144:  fhzero not found-Assigned 3 hours as default
 dtp not found-Assigned 90s as default
nid003528.dogwood.wcoss2.ncep.noaa.gov 145:  fhzero not found-Assigned 3 hours as default
 dtp not found-Assigned 90s as default
nid003528.dogwood.wcoss2.ncep.noaa.gov 146:  fhzero not found-Assigned 3 hours as default
 dtp not found-Assigned 90s as default
nid003528.dogwood.wcoss2.ncep.noaa.gov 147:  fhzero not found-Assigned 3 hours as default
 dtp not found-Assigned 90s as default
nid003528.dogwood.wcoss2.ncep.noaa.gov 148:  fhzero not found-Assigned 3 hours as default
 dtp not found-Assigned 90s as default
nid003528.dogwood.wcoss2.ncep.noaa.gov 149:  fhzero not found-Assigned 3 hours as default
 dtp not found-Assigned 90s as default
nid003528.dogwood.wcoss2.ncep.noaa.gov 150:  fhzero not found-Assigned 3 hours as default
 dtp not found-Assigned 90s as default
nid003528.dogwood.wcoss2.ncep.noaa.gov 151:  fhzero not found-Assigned 3 hours as default
 dtp not found-Assigned 90s as default
nid003528.dogwood.wcoss2.ncep.noaa.gov 152:  fhzero not found-Assigned 3 hours as default
 dtp not found-Assigned 90s as default
nid003528.dogwood.wcoss2.ncep.noaa.gov 153:  fhzero not found-Assigned 3 hours as default
 dtp not found-Assigned 90s as default
nid003528.dogwood.wcoss2.ncep.noaa.gov 155:  fhzero not found-Assigned 3 hours as default
 dtp not found-Assigned 90s as default
nid003528.dogwood.wcoss2.ncep.noaa.gov 156:  fhzero not found-Assigned 3 hours as default
 dtp not found-Assigned 90s as default
nid003528.dogwood.wcoss2.ncep.noaa.gov 157:  fhzero not found-Assigned 3 hours as default
 dtp not found-Assigned 90s as default
nid003528.dogwood.wcoss2.ncep.noaa.gov 159:  fhzero not found-Assigned 3 hours as default
 dtp not found-Assigned 90s as default
nid001742.dogwood.wcoss2.ncep.noaa.gov 54:  fhzero not found-Assigned 3 hours as default
 dtp not found-Assigned 90s as default
nid001742.dogwood.wcoss2.ncep.noaa.gov 40:  fhzero not found-Assigned 3 hours as default
 dtp not found-Assigned 90s as default
nid003195.dogwood.wcoss2.ncep.noaa.gov 83:  fhzero not found-Assigned 3 hours as default
 dtp not found-Assigned 90s as default
nid003531.dogwood.wcoss2.ncep.noaa.gov 162:  fhzero not found-Assigned 3 hours as default
 dtp not found-Assigned 90s as default
nid003195.dogwood.wcoss2.ncep.noaa.gov 86:  fhzero not found-Assigned 3 hours as default
 dtp not found-Assigned 90s as default
nid001742.dogwood.wcoss2.ncep.noaa.gov 41:  fhzero not found-Assigned 3 hours as default
 dtp not found-Assigned 90s as default
nid003531.dogwood.wcoss2.ncep.noaa.gov 167:  fhzero not found-Assigned 3 hours as default
 dtp not found-Assigned 90s as default
nid001742.dogwood.wcoss2.ncep.noaa.gov 42:  fhzero not found-Assigned 3 hours as default
 dtp not found-Assigned 90s as default
nid003195.dogwood.wcoss2.ncep.noaa.gov 91:  fhzero not found-Assigned 3 hours as default
 dtp not found-Assigned 90s as default
nid003531.dogwood.wcoss2.ncep.noaa.gov 170:  fhzero not found-Assigned 3 hours as default
 dtp not found-Assigned 90s as default
nid001742.dogwood.wcoss2.ncep.noaa.gov 43:  fhzero not found-Assigned 3 hours as default
 dtp not found-Assigned 90s as default
nid003531.dogwood.wcoss2.ncep.noaa.gov 174:  fhzero not found-Assigned 3 hours as default
 dtp not found-Assigned 90s as default
nid001742.dogwood.wcoss2.ncep.noaa.gov 44:  fhzero not found-Assigned 3 hours as default
 dtp not found-Assigned 90s as default
nid003531.dogwood.wcoss2.ncep.noaa.gov 192:  fhzero not found-Assigned 3 hours as default
 dtp not found-Assigned 90s as default
nid001742.dogwood.wcoss2.ncep.noaa.gov 45:  fhzero not found-Assigned 3 hours as default
 dtp not found-Assigned 90s as default
nid003195.dogwood.wcoss2.ncep.noaa.gov 94:  fhzero not found-Assigned 3 hours as default
 dtp not found-Assigned 90s as default
nid003195.dogwood.wcoss2.ncep.noaa.gov 99:  fhzero not found-Assigned 3 hours as default
 dtp not found-Assigned 90s as default
nid003531.dogwood.wcoss2.ncep.noaa.gov 193:  fhzero not found-Assigned 3 hours as default
 dtp not found-Assigned 90s as default
nid001742.dogwood.wcoss2.ncep.noaa.gov 46:  fhzero not found-Assigned 3 hours as default
 dtp not found-Assigned 90s as default
nid003195.dogwood.wcoss2.ncep.noaa.gov 114:  fhzero not found-Assigned 3 hours as default
 dtp not found-Assigned 90s as default
nid003531.dogwood.wcoss2.ncep.noaa.gov 198:  fhzero not found-Assigned 3 hours as default
 dtp not found-Assigned 90s as default
nid001742.dogwood.wcoss2.ncep.noaa.gov 47:  fhzero not found-Assigned 3 hours as default
 dtp not found-Assigned 90s as default
nid001742.dogwood.wcoss2.ncep.noaa.gov 48:  fhzero not found-Assigned 3 hours as default
 dtp not found-Assigned 90s as default
nid003531.dogwood.wcoss2.ncep.noaa.gov 160:  fhzero not found-Assigned 3 hours as default
 dtp not found-Assigned 90s as default
nid003195.dogwood.wcoss2.ncep.noaa.gov 80:  fhzero not found-Assigned 3 hours as default
 dtp not found-Assigned 90s as default
nid001742.dogwood.wcoss2.ncep.noaa.gov 49:  fhzero not found-Assigned 3 hours as default
 dtp not found-Assigned 90s as default
nid003531.dogwood.wcoss2.ncep.noaa.gov 161:  fhzero not found-Assigned 3 hours as default
 dtp not found-Assigned 90s as default
nid001742.dogwood.wcoss2.ncep.noaa.gov 50:  fhzero not found-Assigned 3 hours as default
 dtp not found-Assigned 90s as default
nid003531.dogwood.wcoss2.ncep.noaa.gov 163:  fhzero not found-Assigned 3 hours as default
 dtp not found-Assigned 90s as default
nid003195.dogwood.wcoss2.ncep.noaa.gov 81:  fhzero not found-Assigned 3 hours as default
 dtp not found-Assigned 90s as default
nid001742.dogwood.wcoss2.ncep.noaa.gov 51:  fhzero not found-Assigned 3 hours as default
 dtp not found-Assigned 90s as default
nid001742.dogwood.wcoss2.ncep.noaa.gov 52:  fhzero not found-Assigned 3 hours as default
 dtp not found-Assigned 90s as default
nid003531.dogwood.wcoss2.ncep.noaa.gov 164:  fhzero not found-Assigned 3 hours as default
 dtp not found-Assigned 90s as default
nid003195.dogwood.wcoss2.ncep.noaa.gov 82:  fhzero not found-Assigned 3 hours as default
 dtp not found-Assigned 90s as default
nid001742.dogwood.wcoss2.ncep.noaa.gov 53:  fhzero not found-Assigned 3 hours as default
 dtp not found-Assigned 90s as default
nid001742.dogwood.wcoss2.ncep.noaa.gov 55:  fhzero not found-Assigned 3 hours as default
 dtp not found-Assigned 90s as default
nid003531.dogwood.wcoss2.ncep.noaa.gov 165:  fhzero not found-Assigned 3 hours as default
 dtp not found-Assigned 90s as default
nid003195.dogwood.wcoss2.ncep.noaa.gov 84:  fhzero not found-Assigned 3 hours as default
 dtp not found-Assigned 90s as default
nid001742.dogwood.wcoss2.ncep.noaa.gov 56:  fhzero not found-Assigned 3 hours as default
 dtp not found-Assigned 90s as default
nid003531.dogwood.wcoss2.ncep.noaa.gov 166:  fhzero not found-Assigned 3 hours as default
 dtp not found-Assigned 90s as default
nid003195.dogwood.wcoss2.ncep.noaa.gov 85:  fhzero not found-Assigned 3 hours as default
 dtp not found-Assigned 90s as default
nid001742.dogwood.wcoss2.ncep.noaa.gov 57:  fhzero not found-Assigned 3 hours as default
 dtp not found-Assigned 90s as default
nid003531.dogwood.wcoss2.ncep.noaa.gov 168:  fhzero not found-Assigned 3 hours as default
 dtp not found-Assigned 90s as default
nid003195.dogwood.wcoss2.ncep.noaa.gov 87:  fhzero not found-Assigned 3 hours as default
 dtp not found-Assigned 90s as default
nid001742.dogwood.wcoss2.ncep.noaa.gov 58:  fhzero not found-Assigned 3 hours as default
 dtp not found-Assigned 90s as default
nid001742.dogwood.wcoss2.ncep.noaa.gov 59:  fhzero not found-Assigned 3 hours as default
 dtp not found-Assigned 90s as default
nid003195.dogwood.wcoss2.ncep.noaa.gov 88:  fhzero not found-Assigned 3 hours as default
 dtp not found-Assigned 90s as default
nid003531.dogwood.wcoss2.ncep.noaa.gov 169:  fhzero not found-Assigned 3 hours as default
 dtp not found-Assigned 90s as default
nid001742.dogwood.wcoss2.ncep.noaa.gov 60:  fhzero not found-Assigned 3 hours as default
 dtp not found-Assigned 90s as default
nid003195.dogwood.wcoss2.ncep.noaa.gov 89:  fhzero not found-Assigned 3 hours as default
 dtp not found-Assigned 90s as default
nid003531.dogwood.wcoss2.ncep.noaa.gov 171:  fhzero not found-Assigned 3 hours as default
 dtp not found-Assigned 90s as default
nid001742.dogwood.wcoss2.ncep.noaa.gov 61:  fhzero not found-Assigned 3 hours as default
 dtp not found-Assigned 90s as default
nid003195.dogwood.wcoss2.ncep.noaa.gov 90:  fhzero not found-Assigned 3 hours as default
 dtp not found-Assigned 90s as default
nid003531.dogwood.wcoss2.ncep.noaa.gov 172:  fhzero not found-Assigned 3 hours as default
 dtp not found-Assigned 90s as default
nid001742.dogwood.wcoss2.ncep.noaa.gov 62:  fhzero not found-Assigned 3 hours as default
 dtp not found-Assigned 90s as default
nid003195.dogwood.wcoss2.ncep.noaa.gov 92:  fhzero not found-Assigned 3 hours as default
 dtp not found-Assigned 90s as default
nid003531.dogwood.wcoss2.ncep.noaa.gov 173:  fhzero not found-Assigned 3 hours as default
 dtp not found-Assigned 90s as default
nid001742.dogwood.wcoss2.ncep.noaa.gov 63:  fhzero not found-Assigned 3 hours as default
 dtp not found-Assigned 90s as default
nid001742.dogwood.wcoss2.ncep.noaa.gov 64:  fhzero not found-Assigned 3 hours as default
 dtp not found-Assigned 90s as default
nid003195.dogwood.wcoss2.ncep.noaa.gov 93:  fhzero not found-Assigned 3 hours as default
 dtp not found-Assigned 90s as default
nid001742.dogwood.wcoss2.ncep.noaa.gov 65:  fhzero not found-Assigned 3 hours as default
 dtp not found-Assigned 90s as default
nid003531.dogwood.wcoss2.ncep.noaa.gov 175:  fhzero not found-Assigned 3 hours as default
 dtp not found-Assigned 90s as default
nid001742.dogwood.wcoss2.ncep.noaa.gov 66:  fhzero not found-Assigned 3 hours as default
 dtp not found-Assigned 90s as default
nid003531.dogwood.wcoss2.ncep.noaa.gov 176:  fhzero not found-Assigned 3 hours as default
 dtp not found-Assigned 90s as default
nid003195.dogwood.wcoss2.ncep.noaa.gov 95:  fhzero not found-Assigned 3 hours as default
 dtp not found-Assigned 90s as default
nid001742.dogwood.wcoss2.ncep.noaa.gov 67:  fhzero not found-Assigned 3 hours as default
 dtp not found-Assigned 90s as default
nid003531.dogwood.wcoss2.ncep.noaa.gov 177:  fhzero not found-Assigned 3 hours as default
 dtp not found-Assigned 90s as default
nid001742.dogwood.wcoss2.ncep.noaa.gov 68:  fhzero not found-Assigned 3 hours as default
 dtp not found-Assigned 90s as default
nid003195.dogwood.wcoss2.ncep.noaa.gov 96:  fhzero not found-Assigned 3 hours as default
 dtp not found-Assigned 90s as default
nid001742.dogwood.wcoss2.ncep.noaa.gov 69:  fhzero not found-Assigned 3 hours as default
 dtp not found-Assigned 90s as default
nid003531.dogwood.wcoss2.ncep.noaa.gov 178:  fhzero not found-Assigned 3 hours as default
 dtp not found-Assigned 90s as default
nid003195.dogwood.wcoss2.ncep.noaa.gov 97:  fhzero not found-Assigned 3 hours as default
 dtp not found-Assigned 90s as default
nid001742.dogwood.wcoss2.ncep.noaa.gov 70:  fhzero not found-Assigned 3 hours as default
 dtp not found-Assigned 90s as default
nid003531.dogwood.wcoss2.ncep.noaa.gov 179:  fhzero not found-Assigned 3 hours as default
 dtp not found-Assigned 90s as default
nid001742.dogwood.wcoss2.ncep.noaa.gov 71:  fhzero not found-Assigned 3 hours as default
 dtp not found-Assigned 90s as default
nid003195.dogwood.wcoss2.ncep.noaa.gov 98:  fhzero not found-Assigned 3 hours as default
 dtp not found-Assigned 90s as default
nid001742.dogwood.wcoss2.ncep.noaa.gov 72:  fhzero not found-Assigned 3 hours as default
 dtp not found-Assigned 90s as default
nid001742.dogwood.wcoss2.ncep.noaa.gov 73:  fhzero not found-Assigned 3 hours as default
 dtp not found-Assigned 90s as default
nid003195.dogwood.wcoss2.ncep.noaa.gov 100:  fhzero not found-Assigned 3 hours as default
 dtp not found-Assigned 90s as default
nid003531.dogwood.wcoss2.ncep.noaa.gov 180:  fhzero not found-Assigned 3 hours as default
 dtp not found-Assigned 90s as default
nid001742.dogwood.wcoss2.ncep.noaa.gov 74:  fhzero not found-Assigned 3 hours as default
 dtp not found-Assigned 90s as default
nid001742.dogwood.wcoss2.ncep.noaa.gov 75:  fhzero not found-Assigned 3 hours as default
 dtp not found-Assigned 90s as default
nid003195.dogwood.wcoss2.ncep.noaa.gov 101:  fhzero not found-Assigned 3 hours as default
 dtp not found-Assigned 90s as default
nid003531.dogwood.wcoss2.ncep.noaa.gov 181:  fhzero not found-Assigned 3 hours as default
 dtp not found-Assigned 90s as default
nid001742.dogwood.wcoss2.ncep.noaa.gov 76:  fhzero not found-Assigned 3 hours as default
 dtp not found-Assigned 90s as default
nid003195.dogwood.wcoss2.ncep.noaa.gov 102:  fhzero not found-Assigned 3 hours as default
 dtp not found-Assigned 90s as default
nid001742.dogwood.wcoss2.ncep.noaa.gov 77:  fhzero not found-Assigned 3 hours as default
 dtp not found-Assigned 90s as default
nid003531.dogwood.wcoss2.ncep.noaa.gov 182:  fhzero not found-Assigned 3 hours as default
 dtp not found-Assigned 90s as default
nid003195.dogwood.wcoss2.ncep.noaa.gov 103:  fhzero not found-Assigned 3 hours as default
 dtp not found-Assigned 90s as default
nid001742.dogwood.wcoss2.ncep.noaa.gov 78:  fhzero not found-Assigned 3 hours as default
 dtp not found-Assigned 90s as default
nid001742.dogwood.wcoss2.ncep.noaa.gov 79:  fhzero not found-Assigned 3 hours as default
 dtp not found-Assigned 90s as default
nid003531.dogwood.wcoss2.ncep.noaa.gov 183:  fhzero not found-Assigned 3 hours as default
 dtp not found-Assigned 90s as default
nid003195.dogwood.wcoss2.ncep.noaa.gov 104:  fhzero not found-Assigned 3 hours as default
 dtp not found-Assigned 90s as default
nid003531.dogwood.wcoss2.ncep.noaa.gov 184:  fhzero not found-Assigned 3 hours as default
 dtp not found-Assigned 90s as default
nid003195.dogwood.wcoss2.ncep.noaa.gov 105:  fhzero not found-Assigned 3 hours as default
 dtp not found-Assigned 90s as default
nid003531.dogwood.wcoss2.ncep.noaa.gov 185:  fhzero not found-Assigned 3 hours as default
 dtp not found-Assigned 90s as default
nid003195.dogwood.wcoss2.ncep.noaa.gov 106:  fhzero not found-Assigned 3 hours as default
 dtp not found-Assigned 90s as default
nid003531.dogwood.wcoss2.ncep.noaa.gov 186:  fhzero not found-Assigned 3 hours as default
 dtp not found-Assigned 90s as default
nid003195.dogwood.wcoss2.ncep.noaa.gov 107:  fhzero not found-Assigned 3 hours as default
 dtp not found-Assigned 90s as default
nid003531.dogwood.wcoss2.ncep.noaa.gov 187:  fhzero not found-Assigned 3 hours as default
 dtp not found-Assigned 90s as default
nid003195.dogwood.wcoss2.ncep.noaa.gov 108:  fhzero not found-Assigned 3 hours as default
 dtp not found-Assigned 90s as default
nid003531.dogwood.wcoss2.ncep.noaa.gov 188:  fhzero not found-Assigned 3 hours as default
 dtp not found-Assigned 90s as default
nid003195.dogwood.wcoss2.ncep.noaa.gov 109:  fhzero not found-Assigned 3 hours as default
 dtp not found-Assigned 90s as default
nid003531.dogwood.wcoss2.ncep.noaa.gov 189:  fhzero not found-Assigned 3 hours as default
 dtp not found-Assigned 90s as default
nid003195.dogwood.wcoss2.ncep.noaa.gov 110:  fhzero not found-Assigned 3 hours as default
 dtp not found-Assigned 90s as default
nid003531.dogwood.wcoss2.ncep.noaa.gov 190:  fhzero not found-Assigned 3 hours as default
 dtp not found-Assigned 90s as default
nid003531.dogwood.wcoss2.ncep.noaa.gov 191:  fhzero not found-Assigned 3 hours as default
 dtp not found-Assigned 90s as default
nid003195.dogwood.wcoss2.ncep.noaa.gov 111:  fhzero not found-Assigned 3 hours as default
 dtp not found-Assigned 90s as default
nid003531.dogwood.wcoss2.ncep.noaa.gov 194:  fhzero not found-Assigned 3 hours as default
 dtp not found-Assigned 90s as default
nid003195.dogwood.wcoss2.ncep.noaa.gov 112:  fhzero not found-Assigned 3 hours as default
 dtp not found-Assigned 90s as default
nid003531.dogwood.wcoss2.ncep.noaa.gov 195:  fhzero not found-Assigned 3 hours as default
 dtp not found-Assigned 90s as default
nid003195.dogwood.wcoss2.ncep.noaa.gov 113:  fhzero not found-Assigned 3 hours as default
 dtp not found-Assigned 90s as default
nid003195.dogwood.wcoss2.ncep.noaa.gov 115:  fhzero not found-Assigned 3 hours as default
 dtp not found-Assigned 90s as default
nid003531.dogwood.wcoss2.ncep.noaa.gov 196:  fhzero not found-Assigned 3 hours as default
 dtp not found-Assigned 90s as default
nid003195.dogwood.wcoss2.ncep.noaa.gov 116:  fhzero not found-Assigned 3 hours as default
 dtp not found-Assigned 90s as default
nid003531.dogwood.wcoss2.ncep.noaa.gov 197:  fhzero not found-Assigned 3 hours as default
 dtp not found-Assigned 90s as default
nid003195.dogwood.wcoss2.ncep.noaa.gov 117:  fhzero not found-Assigned 3 hours as default
 dtp not found-Assigned 90s as default
nid003531.dogwood.wcoss2.ncep.noaa.gov 199:  fhzero not found-Assigned 3 hours as default
 dtp not found-Assigned 90s as default
nid003195.dogwood.wcoss2.ncep.noaa.gov 118:  fhzero not found-Assigned 3 hours as default
 dtp not found-Assigned 90s as default
nid003195.dogwood.wcoss2.ncep.noaa.gov 119:  fhzero not found-Assigned 3 hours as default
 dtp not found-Assigned 90s as default
nid001645.dogwood.wcoss2.ncep.noaa.gov 9:  fhzero not found-Assigned 3 hours as default
 dtp not found-Assigned 90s as default
nid001645.dogwood.wcoss2.ncep.noaa.gov 0:  IVEGSRC              not found-Assigned 1 for IGBP as default
 IVEGSRC=            1
 novegtype=           20
 fhzero not found-Assigned 3 hours as default
 dtp not found-Assigned 90s as default
 dtp=    90.00000    
 refl_10cm            not found -Assigned missing values
nid001645.dogwood.wcoss2.ncep.noaa.gov 1:  fhzero not found-Assigned 3 hours as default
 dtp not found-Assigned 90s as default
nid001645.dogwood.wcoss2.ncep.noaa.gov 2:  fhzero not found-Assigned 3 hours as default
 dtp not found-Assigned 90s as default
nid001645.dogwood.wcoss2.ncep.noaa.gov 3:  fhzero not found-Assigned 3 hours as default
 dtp not found-Assigned 90s as default
nid001645.dogwood.wcoss2.ncep.noaa.gov 4:  fhzero not found-Assigned 3 hours as default
 dtp not found-Assigned 90s as default
nid001645.dogwood.wcoss2.ncep.noaa.gov 5:  fhzero not found-Assigned 3 hours as default
 dtp not found-Assigned 90s as default
nid001645.dogwood.wcoss2.ncep.noaa.gov 6:  fhzero not found-Assigned 3 hours as default
 dtp not found-Assigned 90s as default
nid001645.dogwood.wcoss2.ncep.noaa.gov 7:  fhzero not found-Assigned 3 hours as default
 dtp not found-Assigned 90s as default
nid001645.dogwood.wcoss2.ncep.noaa.gov 8:  fhzero not found-Assigned 3 hours as default
 dtp not found-Assigned 90s as default
nid001645.dogwood.wcoss2.ncep.noaa.gov 10:  fhzero not found-Assigned 3 hours as default
 dtp not found-Assigned 90s as default
nid001645.dogwood.wcoss2.ncep.noaa.gov 11:  fhzero not found-Assigned 3 hours as default
 dtp not found-Assigned 90s as default
nid001645.dogwood.wcoss2.ncep.noaa.gov 12:  fhzero not found-Assigned 3 hours as default
 dtp not found-Assigned 90s as default
nid001645.dogwood.wcoss2.ncep.noaa.gov 13:  fhzero not found-Assigned 3 hours as default
 dtp not found-Assigned 90s as default
nid001645.dogwood.wcoss2.ncep.noaa.gov 14:  fhzero not found-Assigned 3 hours as default
 dtp not found-Assigned 90s as default
nid001645.dogwood.wcoss2.ncep.noaa.gov 15:  fhzero not found-Assigned 3 hours as default
 dtp not found-Assigned 90s as default
nid001645.dogwood.wcoss2.ncep.noaa.gov 16:  fhzero not found-Assigned 3 hours as default
 dtp not found-Assigned 90s as default
nid001645.dogwood.wcoss2.ncep.noaa.gov 17:  fhzero not found-Assigned 3 hours as default
 dtp not found-Assigned 90s as default
nid001645.dogwood.wcoss2.ncep.noaa.gov 18:  fhzero not found-Assigned 3 hours as default
 dtp not found-Assigned 90s as default
nid001645.dogwood.wcoss2.ncep.noaa.gov 19:  fhzero not found-Assigned 3 hours as default
 dtp not found-Assigned 90s as default
nid001645.dogwood.wcoss2.ncep.noaa.gov 20:  fhzero not found-Assigned 3 hours as default
 dtp not found-Assigned 90s as default
nid001645.dogwood.wcoss2.ncep.noaa.gov 21:  fhzero not found-Assigned 3 hours as default
 dtp not found-Assigned 90s as default
nid001645.dogwood.wcoss2.ncep.noaa.gov 22:  fhzero not found-Assigned 3 hours as default
 dtp not found-Assigned 90s as default
nid001645.dogwood.wcoss2.ncep.noaa.gov 23:  fhzero not found-Assigned 3 hours as default
 dtp not found-Assigned 90s as default
nid001645.dogwood.wcoss2.ncep.noaa.gov 24:  fhzero not found-Assigned 3 hours as default
 dtp not found-Assigned 90s as default
nid001645.dogwood.wcoss2.ncep.noaa.gov 25:  fhzero not found-Assigned 3 hours as default
 dtp not found-Assigned 90s as default
nid001645.dogwood.wcoss2.ncep.noaa.gov 26:  fhzero not found-Assigned 3 hours as default
 dtp not found-Assigned 90s as default
nid001645.dogwood.wcoss2.ncep.noaa.gov 27:  fhzero not found-Assigned 3 hours as default
 dtp not found-Assigned 90s as default
nid001645.dogwood.wcoss2.ncep.noaa.gov 28:  fhzero not found-Assigned 3 hours as default
 dtp not found-Assigned 90s as default
nid001645.dogwood.wcoss2.ncep.noaa.gov 29:  fhzero not found-Assigned 3 hours as default
 dtp not found-Assigned 90s as default
nid001645.dogwood.wcoss2.ncep.noaa.gov 30:  fhzero not found-Assigned 3 hours as default
 dtp not found-Assigned 90s as default
nid001645.dogwood.wcoss2.ncep.noaa.gov 32:  fhzero not found-Assigned 3 hours as default
 dtp not found-Assigned 90s as default
nid001645.dogwood.wcoss2.ncep.noaa.gov 33:  fhzero not found-Assigned 3 hours as default
 dtp not found-Assigned 90s as default
nid001645.dogwood.wcoss2.ncep.noaa.gov 34:  fhzero not found-Assigned 3 hours as default
 dtp not found-Assigned 90s as default
nid001645.dogwood.wcoss2.ncep.noaa.gov 35:  fhzero not found-Assigned 3 hours as default
 dtp not found-Assigned 90s as default
nid001645.dogwood.wcoss2.ncep.noaa.gov 36:  fhzero not found-Assigned 3 hours as default
 dtp not found-Assigned 90s as default
nid001645.dogwood.wcoss2.ncep.noaa.gov 37:  fhzero not found-Assigned 3 hours as default
 dtp not found-Assigned 90s as default
nid001645.dogwood.wcoss2.ncep.noaa.gov 38:  fhzero not found-Assigned 3 hours as default
 dtp not found-Assigned 90s as default
nid001645.dogwood.wcoss2.ncep.noaa.gov 39:  fhzero not found-Assigned 3 hours as default
 dtp not found-Assigned 90s as default
nid001645.dogwood.wcoss2.ncep.noaa.gov 0:  qke                  not found -Assigned missing values
nid001645.dogwood.wcoss2.ncep.noaa.gov 31:  fhzero not found-Assigned 3 hours as default
 dtp not found-Assigned 90s as default
nid001645.dogwood.wcoss2.ncep.noaa.gov 0:  nifa                 not found -Assigned missing values
nid001645.dogwood.wcoss2.ncep.noaa.gov 0:  nwfa                 not found -Assigned missing values
nid001645.dogwood.wcoss2.ncep.noaa.gov 0:  hpbl                 not found -Assigned missing values
nid001645.dogwood.wcoss2.ncep.noaa.gov 0:  sfexc                not found -Assigned missing values
 tsnowp               not found -Assigned missing values
 tsnowpb              not found -Assigned missing values
nid001645.dogwood.wcoss2.ncep.noaa.gov 0:  frozr                not found -Assigned missing values
 frozrb               not found -Assigned missing values
 frzr                 not found -Assigned missing values
 frzrb                not found -Assigned missing values
 snow                 not found -Assigned missing values
 graupel              not found -Assigned missing values
 acond                not found -Assigned missing values
 albdo_ave            not found -Assigned missing values
 sfalb                not found -Assigned missing values
nid001645.dogwood.wcoss2.ncep.noaa.gov 0:  cpratb_ave           not found -Assigned missing values
 cprat_ave            not found -Assigned missing values
 prateb_ave           not found -Assigned missing values
nid001645.dogwood.wcoss2.ncep.noaa.gov 0:  prate_ave            not found -Assigned missing values
nid001645.dogwood.wcoss2.ncep.noaa.gov 0:  cnvprcp              not found -Assigned missing values
 pratemax             not found -Assigned missing values
 refdmax              not found -Assigned missing values
nid001645.dogwood.wcoss2.ncep.noaa.gov 0:  refdmax263k          not found -Assigned missing values
 u10max               not found -Assigned missing values
 v10max               not found -Assigned missing values
 wind10m_max          not found -Assigned missing values
 u10m_max             not found -Assigned missing values
 v10m_max             not found -Assigned missing values
nid001645.dogwood.wcoss2.ncep.noaa.gov 0:  snowc_ave            not found -Assigned missing values
nid001645.dogwood.wcoss2.ncep.noaa.gov 0:  tcdc_aveclm          not found -Assigned missing values
nid001645.dogwood.wcoss2.ncep.noaa.gov 0:  lfrac                not found -Assigned missing values
nid001645.dogwood.wcoss2.ncep.noaa.gov 0:  tcdc_avehcl          not found -Assigned missing values
 tcdc_avelcl          not found -Assigned missing values
 tcdc_avemcl          not found -Assigned missing values
 tcdccnvcl            not found -Assigned missing values
nid001645.dogwood.wcoss2.ncep.noaa.gov 0:  cpofp                not found -Assigned missing values
nid001645.dogwood.wcoss2.ncep.noaa.gov 0:  dlwrf_ave            not found -Assigned missing values
 dlwrf                not found -Assigned missing values
nid001645.dogwood.wcoss2.ncep.noaa.gov 0:  ulwrf_ave            not found -Assigned missing values
 ulwrf                not found -Assigned missing values
 ulwrf_avetoa         not found -Assigned missing values
 ulwrf_toa            not found -Assigned missing values
 dswrf_ave            not found -Assigned missing values
 dswrf                not found -Assigned missing values
nid001645.dogwood.wcoss2.ncep.noaa.gov 0:  dswrf_clr            not found -Assigned missing values
 visbmdi              not found -Assigned missing values
nid001645.dogwood.wcoss2.ncep.noaa.gov 0:  visdfdi              not found -Assigned missing values
 xlaixy               not found -Assigned missing values
nid001645.dogwood.wcoss2.ncep.noaa.gov 0:  duvb_ave             not found -Assigned missing values
 cduvb_ave            not found -Assigned missing values
nid001645.dogwood.wcoss2.ncep.noaa.gov 0:  uswrf_ave            not found -Assigned missing values
 uswrf                not found -Assigned missing values
nid001645.dogwood.wcoss2.ncep.noaa.gov 0:  dswrf_avetoa         not found -Assigned missing values
 uswrf_avetoa         not found -Assigned missing values
nid001645.dogwood.wcoss2.ncep.noaa.gov 0:  shtfl_ave            not found -Assigned missing values
 shtfl                not found -Assigned missing values
nid001645.dogwood.wcoss2.ncep.noaa.gov 0:  lhtfl_ave            not found -Assigned missing values
nid001645.dogwood.wcoss2.ncep.noaa.gov 0:  lhtfl                not found -Assigned missing values
 rdaod=  T
 aod550               not found -Assigned missing values
nid001645.dogwood.wcoss2.ncep.noaa.gov 0:  du_aod550            not found -Assigned missing values
 ss_aod550            not found -Assigned missing values
nid001645.dogwood.wcoss2.ncep.noaa.gov 0:  su_aod550            not found -Assigned missing values
 oc_aod550            not found -Assigned missing values
nid001645.dogwood.wcoss2.ncep.noaa.gov 0:  bc_aod550            not found -Assigned missing values
 gflux_ave            not found -Assigned missing values
nid001645.dogwood.wcoss2.ncep.noaa.gov 0:  gflux                not found -Assigned missing values
nid001645.dogwood.wcoss2.ncep.noaa.gov 0:  uflx_ave             not found -Assigned missing values
nid001645.dogwood.wcoss2.ncep.noaa.gov 0:  vflx_ave             not found -Assigned missing values
 uflx                 not found -Assigned missing values
nid001645.dogwood.wcoss2.ncep.noaa.gov 0:  vflx                 not found -Assigned missing values
nid001645.dogwood.wcoss2.ncep.noaa.gov 0:  u-gwd_ave            not found -Assigned missing values
nid001645.dogwood.wcoss2.ncep.noaa.gov 0:  v-gwd_ave            not found -Assigned missing values
 pevpr_ave            not found -Assigned missing values
nid001645.dogwood.wcoss2.ncep.noaa.gov 0:  pevpr                not found -Assigned missing values
nid001645.dogwood.wcoss2.ncep.noaa.gov 0:  ugrd10m              not found -Assigned missing values
nid001645.dogwood.wcoss2.ncep.noaa.gov 0:  vgrd10m              not found -Assigned missing values
nid001645.dogwood.wcoss2.ncep.noaa.gov 0:  wetness              not found -Assigned missing values
 snacc_land           not found -Assigned missing values
 snacc_ice            not found -Assigned missing values
nid001645.dogwood.wcoss2.ncep.noaa.gov 0:  snom_land            not found -Assigned missing values
 snom_ice             not found -Assigned missing values
nid001645.dogwood.wcoss2.ncep.noaa.gov 0:  prescnvclt           not found -Assigned missing values
nid001645.dogwood.wcoss2.ncep.noaa.gov 0:  prescnvclb           not found -Assigned missing values
nid001645.dogwood.wcoss2.ncep.noaa.gov 0:  pres_avelct          not found -Assigned missing values
 pres_avelcb          not found -Assigned missing values
nid001645.dogwood.wcoss2.ncep.noaa.gov 0:  tmp_avelct           not found -Assigned missing values
nid001645.dogwood.wcoss2.ncep.noaa.gov 0:  pres_avemct          not found -Assigned missing values
nid001645.dogwood.wcoss2.ncep.noaa.gov 0:  pres_avemcb          not found -Assigned missing values
 tmp_avemct           not found -Assigned missing values
nid001645.dogwood.wcoss2.ncep.noaa.gov 0:  pres_avehct          not found -Assigned missing values
nid001645.dogwood.wcoss2.ncep.noaa.gov 0:  pres_avehcb          not found -Assigned missing values
nid001645.dogwood.wcoss2.ncep.noaa.gov 0:  tmp_avehct           not found -Assigned missing values
nid001645.dogwood.wcoss2.ncep.noaa.gov 0:  tcdc_avebndcl        not found -Assigned missing values
nid001645.dogwood.wcoss2.ncep.noaa.gov 0:  cwork_aveclm         not found -Assigned missing values
nid001645.dogwood.wcoss2.ncep.noaa.gov 0:  watr_acc             not found -Assigned missing values
nid001645.dogwood.wcoss2.ncep.noaa.gov 0:  wa_acc               not found -Assigned missing values
nid001645.dogwood.wcoss2.ncep.noaa.gov 0:  ecan_acc             not found -Assigned missing values
nid001645.dogwood.wcoss2.ncep.noaa.gov 0:  etran_acc            not found -Assigned missing values
nid001645.dogwood.wcoss2.ncep.noaa.gov 0:  edir_acc             not found -Assigned missing values
nid001645.dogwood.wcoss2.ncep.noaa.gov 0:  tmax_max2m           not found -Assigned missing values
nid001645.dogwood.wcoss2.ncep.noaa.gov 0:  tmin_min2m           not found -Assigned missing values
nid001645.dogwood.wcoss2.ncep.noaa.gov 0:  rh02max              not found -Assigned missing values
nid001645.dogwood.wcoss2.ncep.noaa.gov 0:  rh02min              not found -Assigned missing values
nid001645.dogwood.wcoss2.ncep.noaa.gov 0:  spfhmax_max2m        not found -Assigned missing values
nid001645.dogwood.wcoss2.ncep.noaa.gov 0:  spfhmin_min2m        not found -Assigned missing values
nid001645.dogwood.wcoss2.ncep.noaa.gov 0:  wilt                 not found -Assigned missing values
nid001645.dogwood.wcoss2.ncep.noaa.gov 0:  sunsd_acc            not found -Assigned missing values
 fldcp                not found -Assigned missing values
 vbdsf_ave            not found -Assigned missing values
 vddsf_ave            not found -Assigned missing values
 nbdsf_ave            not found -Assigned missing values
nid001645.dogwood.wcoss2.ncep.noaa.gov 0:  nddsf_ave            not found -Assigned missing values
 csulf                not found -Assigned missing values
nid001645.dogwood.wcoss2.ncep.noaa.gov 0:  csulftoa             not found -Assigned missing values
 csusf                not found -Assigned missing values
nid001645.dogwood.wcoss2.ncep.noaa.gov 0:  csusftoa             not found -Assigned missing values
 csdlf                not found -Assigned missing values
nid001645.dogwood.wcoss2.ncep.noaa.gov 0:  csdsf                not found -Assigned missing values
 ssrun_acc            not found -Assigned missing values
nid001645.dogwood.wcoss2.ncep.noaa.gov 0:  evbs_ave             not found -Assigned missing values
 evcw_ave             not found -Assigned missing values
nid001645.dogwood.wcoss2.ncep.noaa.gov 0:  pah_ave              not found -Assigned missing values
nid001645.dogwood.wcoss2.ncep.noaa.gov 0:  pahi                 not found -Assigned missing values
nid001645.dogwood.wcoss2.ncep.noaa.gov 0:  trans_ave            not found -Assigned missing values
nid001645.dogwood.wcoss2.ncep.noaa.gov 0:  sbsno_ave            not found -Assigned missing values
nid001645.dogwood.wcoss2.ncep.noaa.gov 0:  soilm                not found -Assigned missing values
nid001645.dogwood.wcoss2.ncep.noaa.gov 0:  snohf                not found -Assigned missing values
nid001645.dogwood.wcoss2.ncep.noaa.gov 0:  pwat                 not found -Assigned missing values
nid001645.dogwood.wcoss2.ncep.noaa.gov 0:    SPL (POSTED PRESSURE LEVELS) BELOW: 
     1.0      2.0      4.0      7.0     10.0     20.0     40.0     70.0
   100.0    200.0    300.0    500.0    700.0   1000.0   1500.0   2000.0
  3000.0   4000.0   5000.0   7000.0  10000.0  12500.0  15000.0  17500.0
 20000.0  22500.0  25000.0  27500.0  30000.0  32500.0  35000.0  37500.0
 40000.0  42500.0  45000.0  47500.0  50000.0  52500.0  55000.0  57500.0
 60000.0  62500.0  65000.0  67500.0  70000.0  72500.0  75000.0  77500.0
 80000.0  82500.0  85000.0  87500.0  90000.0  92500.0  95000.0  97500.0
100000.0
 writing out igds
nid001645.dogwood.wcoss2.ncep.noaa.gov 0:  WRFPOST:  INITIALIZED POST COMMON BLOCKS
nid001645.dogwood.wcoss2.ncep.noaa.gov 0:   in WRFPOST OUTFORM= grib2
   GRIB1 IS NOT SUPPORTED ANYMORE
  in WRFPOST npset=           1  num_pset=           1
nid001645.dogwood.wcoss2.ncep.noaa.gov 0:   in WRFPOST size datapd           0
nid001645.dogwood.wcoss2.ncep.noaa.gov 0:  post_fname=GFSPRS.GrbF00
 get_postfilename,post_fname=GFSPRS.GrbF00npset=           1 num_pset=
           1 iSF_SURFACE_PHYSICS=           2
 PROCESS starts
nid001645.dogwood.wcoss2.ncep.noaa.gov 0:  PROCESS MDLFLD done
nid001645.dogwood.wcoss2.ncep.noaa.gov 0:  PROCESS MDL2P done
 PROCESS MDL2SIGMA done
 PROCESS MDL2SIGMA2 done
 PROCESS MDL2AGL done
nid001645.dogwood.wcoss2.ncep.noaa.gov 0:  PROCESS SURFCE done
nid001645.dogwood.wcoss2.ncep.noaa.gov 0:  PROCESS CLDRAD done
nid001645.dogwood.wcoss2.ncep.noaa.gov 0:  PROCESS MISCLN done
 PROCESS FIXED done
nid001645.dogwood.wcoss2.ncep.noaa.gov 0:  PROCESS MDL2THANDPV done
nid001645.dogwood.wcoss2.ncep.noaa.gov 0:  PROCESS CALRAD_WCLOUD done
 nTLFLD=         942
 PROCESS done
 WRFPOST:  PREPARE TO PROCESS NEXT GRID
nid003528.dogwood.wcoss2.ncep.noaa.gov 153: G2: fall back to simple algorithm (glahn ier=714)
nid003531.dogwood.wcoss2.ncep.noaa.gov 170: G2: fall back to simple algorithm (glahn ier=714)
nid003528.dogwood.wcoss2.ncep.noaa.gov 156: G2: fall back to simple algorithm (glahn ier=714)
nid001742.dogwood.wcoss2.ncep.noaa.gov 64: G2: fall back to simple algorithm (glahn ier=714)
nid001742.dogwood.wcoss2.ncep.noaa.gov 61: G2: fall back to simple algorithm (glahn ier=714)
nid003195.dogwood.wcoss2.ncep.noaa.gov 103: G2: fall back to simple algorithm (glahn ier=714)
nid001645.dogwood.wcoss2.ncep.noaa.gov 6: G2: fall back to simple algorithm (glahn ier=714)
nid001645.dogwood.wcoss2.ncep.noaa.gov 28: G2: fall back to simple algorithm (glahn ier=714)
nid001645.dogwood.wcoss2.ncep.noaa.gov 10: G2: fall back to simple algorithm (glahn ier=714)
nid003531.dogwood.wcoss2.ncep.noaa.gov 199: G2: fall back to simple algorithm (glahn ier=714)
nid003531.dogwood.wcoss2.ncep.noaa.gov 168: G2: fall back to simple algorithm (glahn ier=714)
nid003531.dogwood.wcoss2.ncep.noaa.gov 162: G2: fall back to simple algorithm (glahn ier=714)
nid003531.dogwood.wcoss2.ncep.noaa.gov 176: G2: fall back to simple algorithm (glahn ier=714)
nid003528.dogwood.wcoss2.ncep.noaa.gov 139: G2: fall back to simple algorithm (glahn ier=714)
nid001645.dogwood.wcoss2.ncep.noaa.gov 0:   
 ALL GRIDS PROCESSED.
  
nid001645.dogwood.wcoss2.ncep.noaa.gov 0:  INITPOST_tim =    492.643149680000     
 MDLFLD_tim =   0.654104919000019     
 MDL2P_tim =     7.33671019899998     
 MDL2SIGMA_tim =    3.075999984503142E-006
 MDL2AGL_tim =    6.031999987499148E-006
 SURFCE_tim =    7.979641199995058E-002
 CLDRAD_tim =    0.815921186999958     
 MISCLN_tim =    2.71156025499999     
 MDL2STD_tim =    0.000000000000000E+000
 FIXED_tim =   1.386079999292633E-004
 MDL2THANDPV_tim =     3.25790680599994     
 CALRAD_WCLOUD_tim =   1.017263999983697E-003
 RUN_IFI_tim =   6.210000265127746E-007
 Total time =    519.282576319000     
 Time for OUTPUT =   0.000000000000000E+000
 Time for READxml =   5.239329000005455E-003


     ENDING DATE-TIME    JUN 16,2025  19:11:23.224  167  MON   2460843
nid001645.dogwood.wcoss2.ncep.noaa.gov 0:      PROGRAM UNIFIED_POST HAS ENDED.
* . * . * . * . * . * . * . * . * . * . * . * . * . * . * . * . * . * . * . * . 
nid003528.dogwood.wcoss2.ncep.noaa.gov 142: 0
nid003528.dogwood.wcoss2.ncep.noaa.gov 126: 0
nid003528.dogwood.wcoss2.ncep.noaa.gov 128: 0
nid003528.dogwood.wcoss2.ncep.noaa.gov 135: 0
nid003528.dogwood.wcoss2.ncep.noaa.gov 144: 0
nid003528.dogwood.wcoss2.ncep.noaa.gov 138: 0
nid003528.dogwood.wcoss2.ncep.noaa.gov 145: 0
nid003528.dogwood.wcoss2.ncep.noaa.gov 152: 0
nid003528.dogwood.wcoss2.ncep.noaa.gov 155: 0
nid003528.dogwood.wcoss2.ncep.noaa.gov 127: 0
nid003528.dogwood.wcoss2.ncep.noaa.gov 147: 0
nid003528.dogwood.wcoss2.ncep.noaa.gov 136: 0
nid003528.dogwood.wcoss2.ncep.noaa.gov 130: 0
nid003528.dogwood.wcoss2.ncep.noaa.gov 120: 0
nid003528.dogwood.wcoss2.ncep.noaa.gov 154: 0
nid003528.dogwood.wcoss2.ncep.noaa.gov 157: 0
nid001742.dogwood.wcoss2.ncep.noaa.gov 73: 0
nid003528.dogwood.wcoss2.ncep.noaa.gov 153: 0
nid001742.dogwood.wcoss2.ncep.noaa.gov 75: 0
nid001742.dogwood.wcoss2.ncep.noaa.gov 72: 0
nid001742.dogwood.wcoss2.ncep.noaa.gov 74: 0
nid001742.dogwood.wcoss2.ncep.noaa.gov 76: 0
nid001742.dogwood.wcoss2.ncep.noaa.gov 77: 0
nid001742.dogwood.wcoss2.ncep.noaa.gov 78: 0
nid001742.dogwood.wcoss2.ncep.noaa.gov 79: 0
nid003528.dogwood.wcoss2.ncep.noaa.gov 149: 0
nid003528.dogwood.wcoss2.ncep.noaa.gov 121: 0
nid003528.dogwood.wcoss2.ncep.noaa.gov 158: 0
nid003531.dogwood.wcoss2.ncep.noaa.gov 193: 0
nid003531.dogwood.wcoss2.ncep.noaa.gov 195: 0
nid003528.dogwood.wcoss2.ncep.noaa.gov 141: 0
nid003531.dogwood.wcoss2.ncep.noaa.gov 197: 0
nid003531.dogwood.wcoss2.ncep.noaa.gov 199: 0
nid003528.dogwood.wcoss2.ncep.noaa.gov 132: 0
nid003528.dogwood.wcoss2.ncep.noaa.gov 133: 0
nid003531.dogwood.wcoss2.ncep.noaa.gov 192: 0
nid003531.dogwood.wcoss2.ncep.noaa.gov 194: 0
nid003528.dogwood.wcoss2.ncep.noaa.gov 140: 0
nid003531.dogwood.wcoss2.ncep.noaa.gov 196: 0
nid003528.dogwood.wcoss2.ncep.noaa.gov 139: 0
nid003528.dogwood.wcoss2.ncep.noaa.gov 150: 0
nid003528.dogwood.wcoss2.ncep.noaa.gov 124: 0
nid003528.dogwood.wcoss2.ncep.noaa.gov 137: 0
nid003531.dogwood.wcoss2.ncep.noaa.gov 177: 0
nid003531.dogwood.wcoss2.ncep.noaa.gov 166: 0
nid003528.dogwood.wcoss2.ncep.noaa.gov 159: 0
nid003531.dogwood.wcoss2.ncep.noaa.gov 178: 0
nid003528.dogwood.wcoss2.ncep.noaa.gov 134: 0
nid003531.dogwood.wcoss2.ncep.noaa.gov 179: 0
nid003531.dogwood.wcoss2.ncep.noaa.gov 175: 0
nid003531.dogwood.wcoss2.ncep.noaa.gov 180: 0
nid003528.dogwood.wcoss2.ncep.noaa.gov 148: 0
nid003528.dogwood.wcoss2.ncep.noaa.gov 146: 0
nid003528.dogwood.wcoss2.ncep.noaa.gov 122: 0
nid003531.dogwood.wcoss2.ncep.noaa.gov 165: 0
nid003528.dogwood.wcoss2.ncep.noaa.gov 131: 0
nid003531.dogwood.wcoss2.ncep.noaa.gov 161: 0
nid003531.dogwood.wcoss2.ncep.noaa.gov 182: 0
nid003528.dogwood.wcoss2.ncep.noaa.gov 143: 0
nid003531.dogwood.wcoss2.ncep.noaa.gov 183: 0
nid003528.dogwood.wcoss2.ncep.noaa.gov 123: 0
nid003531.dogwood.wcoss2.ncep.noaa.gov 172: 0
nid003528.dogwood.wcoss2.ncep.noaa.gov 151: 0
nid003531.dogwood.wcoss2.ncep.noaa.gov 191: 0
nid003531.dogwood.wcoss2.ncep.noaa.gov 176: 0
nid003531.dogwood.wcoss2.ncep.noaa.gov 189: 0
nid003531.dogwood.wcoss2.ncep.noaa.gov 190: 0
nid003531.dogwood.wcoss2.ncep.noaa.gov 170: 0
nid003531.dogwood.wcoss2.ncep.noaa.gov 184: 0
nid003531.dogwood.wcoss2.ncep.noaa.gov 185: 0
nid003531.dogwood.wcoss2.ncep.noaa.gov 186: 0
nid003531.dogwood.wcoss2.ncep.noaa.gov 187: 0
nid003528.dogwood.wcoss2.ncep.noaa.gov 125: 0
nid003531.dogwood.wcoss2.ncep.noaa.gov 162: 0
nid003531.dogwood.wcoss2.ncep.noaa.gov 163: 0
nid003531.dogwood.wcoss2.ncep.noaa.gov 167: 0
nid003531.dogwood.wcoss2.ncep.noaa.gov 169: 0
nid003531.dogwood.wcoss2.ncep.noaa.gov 173: 0
nid003531.dogwood.wcoss2.ncep.noaa.gov 188: 0
nid003531.dogwood.wcoss2.ncep.noaa.gov 160: 0
nid003531.dogwood.wcoss2.ncep.noaa.gov 171: 0
nid003531.dogwood.wcoss2.ncep.noaa.gov 174: 0
nid003531.dogwood.wcoss2.ncep.noaa.gov 181: 0
nid003531.dogwood.wcoss2.ncep.noaa.gov 168: 0
nid003531.dogwood.wcoss2.ncep.noaa.gov 164: 0
nid003528.dogwood.wcoss2.ncep.noaa.gov 129: 0
nid003531.dogwood.wcoss2.ncep.noaa.gov 198: 0
nid001645.dogwood.wcoss2.ncep.noaa.gov 24: 0
nid001645.dogwood.wcoss2.ncep.noaa.gov 31: 0
nid003528.dogwood.wcoss2.ncep.noaa.gov 156: 0
nid001645.dogwood.wcoss2.ncep.noaa.gov 27: 0
nid001645.dogwood.wcoss2.ncep.noaa.gov 29: 0
nid001645.dogwood.wcoss2.ncep.noaa.gov 21: 0
nid001645.dogwood.wcoss2.ncep.noaa.gov 30: 0
nid001645.dogwood.wcoss2.ncep.noaa.gov 22: 0
nid001645.dogwood.wcoss2.ncep.noaa.gov 25: 0
nid001645.dogwood.wcoss2.ncep.noaa.gov 18: 0
nid001645.dogwood.wcoss2.ncep.noaa.gov 28: 0
nid001645.dogwood.wcoss2.ncep.noaa.gov 19: 0
nid003195.dogwood.wcoss2.ncep.noaa.gov 116: 0
nid003195.dogwood.wcoss2.ncep.noaa.gov 113: 0
nid001645.dogwood.wcoss2.ncep.noaa.gov 16: 0
nid003195.dogwood.wcoss2.ncep.noaa.gov 114: 0
nid003195.dogwood.wcoss2.ncep.noaa.gov 115: 0
nid003195.dogwood.wcoss2.ncep.noaa.gov 111: 0
nid003195.dogwood.wcoss2.ncep.noaa.gov 112: 0
nid001645.dogwood.wcoss2.ncep.noaa.gov 20: 0
nid003195.dogwood.wcoss2.ncep.noaa.gov 102: 0
nid003195.dogwood.wcoss2.ncep.noaa.gov 97: 0
nid003195.dogwood.wcoss2.ncep.noaa.gov 98: 0
nid003195.dogwood.wcoss2.ncep.noaa.gov 99: 0
nid003195.dogwood.wcoss2.ncep.noaa.gov 100: 0
nid003195.dogwood.wcoss2.ncep.noaa.gov 101: 0
nid003195.dogwood.wcoss2.ncep.noaa.gov 80: 0
nid003195.dogwood.wcoss2.ncep.noaa.gov 94: 0
nid003195.dogwood.wcoss2.ncep.noaa.gov 95: 0
nid003195.dogwood.wcoss2.ncep.noaa.gov 96: 0
nid003195.dogwood.wcoss2.ncep.noaa.gov 105: 0
nid003195.dogwood.wcoss2.ncep.noaa.gov 108: 0
nid003195.dogwood.wcoss2.ncep.noaa.gov 109: 0
nid003195.dogwood.wcoss2.ncep.noaa.gov 110: 0
nid003195.dogwood.wcoss2.ncep.noaa.gov 81: 0
nid003195.dogwood.wcoss2.ncep.noaa.gov 83: 0
nid003195.dogwood.wcoss2.ncep.noaa.gov 84: 0
nid003195.dogwood.wcoss2.ncep.noaa.gov 85: 0
nid003195.dogwood.wcoss2.ncep.noaa.gov 93: 0
nid003195.dogwood.wcoss2.ncep.noaa.gov 103: 0
nid003195.dogwood.wcoss2.ncep.noaa.gov 82: 0
nid003195.dogwood.wcoss2.ncep.noaa.gov 86: 0
nid003195.dogwood.wcoss2.ncep.noaa.gov 87: 0
nid003195.dogwood.wcoss2.ncep.noaa.gov 88: 0
nid003195.dogwood.wcoss2.ncep.noaa.gov 89: 0
nid003195.dogwood.wcoss2.ncep.noaa.gov 90: 0
nid003195.dogwood.wcoss2.ncep.noaa.gov 91: 0
nid003195.dogwood.wcoss2.ncep.noaa.gov 92: 0
nid001645.dogwood.wcoss2.ncep.noaa.gov 17: 0
nid001645.dogwood.wcoss2.ncep.noaa.gov 26: 0
nid001645.dogwood.wcoss2.ncep.noaa.gov 23: 0
nid001645.dogwood.wcoss2.ncep.noaa.gov 36: 0
nid001645.dogwood.wcoss2.ncep.noaa.gov 38: 0
nid001645.dogwood.wcoss2.ncep.noaa.gov 34: 0
nid001645.dogwood.wcoss2.ncep.noaa.gov 32: 0
nid001645.dogwood.wcoss2.ncep.noaa.gov 33: 0
nid001645.dogwood.wcoss2.ncep.noaa.gov 37: 0
nid001645.dogwood.wcoss2.ncep.noaa.gov 35: 0
nid001645.dogwood.wcoss2.ncep.noaa.gov 39: 0
nid001645.dogwood.wcoss2.ncep.noaa.gov 4: 0
nid001645.dogwood.wcoss2.ncep.noaa.gov 7: 0
nid001645.dogwood.wcoss2.ncep.noaa.gov 12: 0
nid001645.dogwood.wcoss2.ncep.noaa.gov 8: 0
nid001645.dogwood.wcoss2.ncep.noaa.gov 10: 0
nid001742.dogwood.wcoss2.ncep.noaa.gov 44: 0
nid001645.dogwood.wcoss2.ncep.noaa.gov 5: 0
nid001645.dogwood.wcoss2.ncep.noaa.gov 13: 0
nid001645.dogwood.wcoss2.ncep.noaa.gov 14: 0
nid001645.dogwood.wcoss2.ncep.noaa.gov 0: 0
nid001645.dogwood.wcoss2.ncep.noaa.gov 1: 0
nid001645.dogwood.wcoss2.ncep.noaa.gov 3: 0
nid001645.dogwood.wcoss2.ncep.noaa.gov 9: 0
nid001645.dogwood.wcoss2.ncep.noaa.gov 2: 0
nid001645.dogwood.wcoss2.ncep.noaa.gov 11: 0
nid001645.dogwood.wcoss2.ncep.noaa.gov 15: 0
nid001645.dogwood.wcoss2.ncep.noaa.gov 6: 0
nid001742.dogwood.wcoss2.ncep.noaa.gov 70: 0
nid001742.dogwood.wcoss2.ncep.noaa.gov 45: 0
nid001742.dogwood.wcoss2.ncep.noaa.gov 40: 0
nid001742.dogwood.wcoss2.ncep.noaa.gov 50: 0
nid001742.dogwood.wcoss2.ncep.noaa.gov 66: 0
nid001742.dogwood.wcoss2.ncep.noaa.gov 48: 0
nid001742.dogwood.wcoss2.ncep.noaa.gov 52: 0
nid001742.dogwood.wcoss2.ncep.noaa.gov 60: 0
nid001742.dogwood.wcoss2.ncep.noaa.gov 68: 0
nid001742.dogwood.wcoss2.ncep.noaa.gov 55: 0
nid001742.dogwood.wcoss2.ncep.noaa.gov 41: 0
nid001742.dogwood.wcoss2.ncep.noaa.gov 46: 0
nid001742.dogwood.wcoss2.ncep.noaa.gov 61: 0
nid001742.dogwood.wcoss2.ncep.noaa.gov 62: 0
nid001742.dogwood.wcoss2.ncep.noaa.gov 56: 0
nid001742.dogwood.wcoss2.ncep.noaa.gov 58: 0
nid001742.dogwood.wcoss2.ncep.noaa.gov 67: 0
nid001742.dogwood.wcoss2.ncep.noaa.gov 54: 0
nid001742.dogwood.wcoss2.ncep.noaa.gov 49: 0
nid001742.dogwood.wcoss2.ncep.noaa.gov 53: 0
nid001742.dogwood.wcoss2.ncep.noaa.gov 71: 0
nid001742.dogwood.wcoss2.ncep.noaa.gov 42: 0
nid001742.dogwood.wcoss2.ncep.noaa.gov 63: 0
nid001742.dogwood.wcoss2.ncep.noaa.gov 64: 0
nid001742.dogwood.wcoss2.ncep.noaa.gov 51: 0
nid001742.dogwood.wcoss2.ncep.noaa.gov 69: 0
nid001645.dogwood.wcoss2.ncep.noaa.gov 0: *****************RESOURCE STATISTICS*******************************
The total amount of wall time                        = 524.819537
The total amount of time in user mode                = 419.355035
The total amount of time in sys mode                 = 95.137130
The maximum resident set size (KB)                   = 3680440
Number of page faults without I/O activity           = 20853743
Number of page faults with I/O activity              = 4499
Number of times filesystem performed INPUT           = 3703510
Number of times filesystem performed OUTPUT          = 27952
Number of Voluntary Context Switches                 = 15891
Number of InVoluntary Context Switches               = 2913
*****************END OF RESOURCE STATISTICS*************************

nid001742.dogwood.wcoss2.ncep.noaa.gov 43: 0
nid001742.dogwood.wcoss2.ncep.noaa.gov 59: 0
nid001742.dogwood.wcoss2.ncep.noaa.gov 65: 0
nid001742.dogwood.wcoss2.ncep.noaa.gov 57: 0
nid001742.dogwood.wcoss2.ncep.noaa.gov 47: 0
nid003195.dogwood.wcoss2.ncep.noaa.gov 104: 0
nid003195.dogwood.wcoss2.ncep.noaa.gov 107: 0
nid003195.dogwood.wcoss2.ncep.noaa.gov 119: 0
nid003195.dogwood.wcoss2.ncep.noaa.gov 117: 0
nid003195.dogwood.wcoss2.ncep.noaa.gov 106: 0
nid003195.dogwood.wcoss2.ncep.noaa.gov 118: 0
[38;21m2025-06-16 19:11:26,613 - INFO     - upp         :   END: pygfs.task.upp._call_executable[0m
[38;5;39m2025-06-16 19:11:26,616 - DEBUG    - upp         :  returning: None[0m
[38;21m2025-06-16 19:11:26,616 - INFO     - upp         :   END: pygfs.task.upp.run[0m
[38;5;39m2025-06-16 19:11:26,616 - DEBUG    - upp         :  returning: None[0m
[38;21m2025-06-16 19:11:26,616 - INFO     - upp         : BEGIN: pygfs.task.upp.index[0m
[38;5;39m2025-06-16 19:11:26,616 - DEBUG    - upp         : ( <class 'pygfs.task.upp.UPP'>, '/lfs/h2/emc/stmp/emc.global/RUNDIRS/retrotestgfs10/gdas.2024112418/upp.2435701', 0 )[0m
[38;21m2025-06-16 19:11:26,617 - INFO     - upp         : Generate index file[0m
[38;21m2025-06-16 19:11:26,619 - INFO     - upp         : Creating index file for GFSPRS.GrbF00[0m
[38;21m2025-06-16 19:11:26,619 - INFO     - upp         : BEGIN: pygfs.task.upp._call_executable[0m
[38;5;39m2025-06-16 19:11:26,619 - DEBUG    - upp         : ( <exe: ['/apps/ops/prod/libs/intel/19.1.3.304/grib_util/1.2.3/bin/grb2index', '/lfs/h2/emc/stmp/emc.global/RUNDIRS/retrotestgfs10/gdas.2024112418/upp.2435701/GFSPRS.GrbF00', '/lfs/h2/emc/stmp/emc.global/RUNDIRS/retrotestgfs10/gdas.2024112418/upp.2435701/GFSPRS.GrbF00.idx']> )[0m
[38;21m2025-06-16 19:11:26,619 - INFO     - upp         : Executing /apps/ops/prod/libs/intel/19.1.3.304/grib_util/1.2.3/bin/grb2index /lfs/h2/emc/stmp/emc.global/RUNDIRS/retrotestgfs10/gdas.2024112418/upp.2435701/GFSPRS.GrbF00 /lfs/h2/emc/stmp/emc.global/RUNDIRS/retrotestgfs10/gdas.2024112418/upp.2435701/GFSPRS.GrbF00.idx[0m
[38;21m2025-06-16 19:11:33,666 - INFO     - upp         :   END: pygfs.task.upp._call_executable[0m
[38;5;39m2025-06-16 19:11:33,666 - DEBUG    - upp         :  returning: None[0m
[38;21m2025-06-16 19:11:33,667 - INFO     - upp         : No GFSFLX.GrbF00 to process, skipping ...[0m
[38;21m2025-06-16 19:11:33,667 - INFO     - upp         : No GFSGOES.GrbF00 to process, skipping ...[0m
[38;21m2025-06-16 19:11:33,667 - INFO     - upp         :   END: pygfs.task.upp.index[0m
[38;5;39m2025-06-16 19:11:33,667 - DEBUG    - upp         :  returning: None[0m
[38;21m2025-06-16 19:11:33,667 - INFO     - upp         :   END: pygfs.task.upp.execute[0m
[38;5;39m2025-06-16 19:11:33,667 - DEBUG    - upp         :  returning: None[0m
[38;21m2025-06-16 19:11:33,668 - INFO     - upp         : BEGIN: pygfs.task.upp.finalize[0m
[38;5;39m2025-06-16 19:11:33,668 - DEBUG    - upp         : ( 'analysis', {'upp': {'config': {'grib_version': 'grib2', 'ioform': 'netcdfpara', 'po': [1000.0, 975.0, 950.0, 925.0, 900.0, 875.0, 850.0, 825.0, 800.0, 775.0, 750.0, 725.0, 700.0, 675.0, 650.0, 625.0, 600.0, 575.0, 550.0, 525.0, 500.0, 475.0, 450.0, 425.0, 400.0, 375.0, 350.0, 325.0, 300.0, 275.0, 250.0, 225.0, 200.0, 175.0, 150.0, 125.0, 100.0, 70.0, 50.0, 40.0, 30.0, 20.0, 15.0, 10.0, 7.0, 5.0, 3.0, 2.0, 1.0, 0.7, 0.4, 0.2, 0.1, 0.07, 0.04, 0.02, 0.01], 'rdaod': False}, 'fix_data': {'mkdir': ['/lfs/h2/emc/stmp/emc.global/RUNDIRS/retrotestgfs10/gdas.2024112418/upp.2435701'], 'copy': [['/apps/ops/prod/libs/intel/19.1.3.304/g2tmpl/1.13.0/share/params_grib2_tbl_new', '/lfs/h2/emc/stmp/emc.global/RUNDIRS/retrotestgfs10/gdas.2024112418/upp.2435701/params_grib2_tbl_new'], ['/lfs/h2/emc/global/noscrub/emc.global/RETRO_GFSv17/git/global-workflow/develop_20250602/parm/post/nam_micro_lookup.dat', '/lfs/h2/emc/stmp/emc.global/RUNDIRS/retrotestgfs10/gdas.2024112418/upp.2435701/eta_micro_lookup.dat'], ['/lfs/h2/emc/global/noscrub/emc.global/RETRO_GFSv17/git/global-workflow/develop_20250602/exec/upp.x', '/lfs/h2/emc/stmp/emc.global/RUNDIRS/retrotestgfs10/gdas.2024112418/upp.2435701/'], ['/lfs/h2/emc/global/noscrub/emc.global/RETRO_GFSv17/git/global-workflow/develop_20250602/parm/post/itag.jinja', '/lfs/h2/emc/stmp/emc.global/RUNDIRS/retrotestgfs10/gdas.2024112418/upp.2435701/']]}}, 'analysis': {'config': {'rdaod': True}, 'data_in': {'copy': [['/lfs/h2/emc/global/noscrub/emc.global/RETRO_GFSv17/git/global-workflow/develop_20250602/parm/post/gfs/postxconfig-NT-gfs-anl.txt', '/lfs/h2/emc/stmp/emc.global/RUNDIRS/retrotestgfs10/gdas.2024112418/upp.2435701/postxconfig-NT.txt'], ['/lfs/h2/emc/ptmp/emc.global/RETRO_GFSv17/comroot/retrotestgfs10/gdas.20241124/18//analysis/atmos/gdas.t18z.atmanl.nc', '/lfs/h2/emc/stmp/emc.global/RUNDIRS/retrotestgfs10/gdas.2024112418/upp.2435701/atm_20241124180000.nc'], ['/lfs/h2/emc/ptmp/emc.global/RETRO_GFSv17/comroot/retrotestgfs10/gdas.20241124/18//analysis/atmos/gdas.t18z.sfcanl.nc', '/lfs/h2/emc/stmp/emc.global/RUNDIRS/retrotestgfs10/gdas.2024112418/upp.2435701/sfc_20241124180000.nc']]}, 'data_out': {'copy': [['/lfs/h2/emc/stmp/emc.global/RUNDIRS/retrotestgfs10/gdas.2024112418/upp.2435701/GFSPRS.GrbF00', '/lfs/h2/emc/ptmp/emc.global/RETRO_GFSv17/comroot/retrotestgfs10/gdas.20241124/18//model/atmos/master/gdas.t18z.master.grb2anl'], ['/lfs/h2/emc/stmp/emc.global/RUNDIRS/retrotestgfs10/gdas.2024112418/upp.2435701/GFSPRS.GrbF00.idx', '/lfs/h2/emc/ptmp/emc.global/RETRO_GFSv17/comroot/retrotestgfs10/gdas.20241124/18//model/atmos/master/gdas.t18z.master.grb2ianl']]}}, 'forecast': {'config': {'rdaod': True}, 'data_in': {'copy': [['/lfs/h2/emc/global/noscrub/emc.global/RETRO_GFSv17/git/global-workflow/develop_20250602/parm/post/gfs/postxconfig-NT-gfs-f00-two.txt', '/lfs/h2/emc/stmp/emc.global/RUNDIRS/retrotestgfs10/gdas.2024112418/upp.2435701/postxconfig-NT.txt'], ['/lfs/h2/emc/ptmp/emc.global/RETRO_GFSv17/comroot/retrotestgfs10/gdas.20241124/18//model/atmos/history/gdas.t18z.atmf000.nc', '/lfs/h2/emc/stmp/emc.global/RUNDIRS/retrotestgfs10/gdas.2024112418/upp.2435701/atm_20241124180000.nc'], ['/lfs/h2/emc/ptmp/emc.global/RETRO_GFSv17/comroot/retrotestgfs10/gdas.20241124/18//model/atmos/history/gdas.t18z.sfcf000.nc', '/lfs/h2/emc/stmp/emc.global/RUNDIRS/retrotestgfs10/gdas.2024112418/upp.2435701/sfc_20241124180000.nc']]}, 'data_out': {'copy': [['/lfs/h2/emc/stmp/emc.global/RUNDIRS/retrotestgfs10/gdas.2024112418/upp.2435701/GFSPRS.GrbF00', '/lfs/h2/emc/ptmp/emc.global/RETRO_GFSv17/comroot/retrotestgfs10/gdas.20241124/18//model/atmos/master/gdas.t18z.master.grb2f000'], ['/lfs/h2/emc/stmp/emc.global/RUNDIRS/retrotestgfs10/gdas.2024112418/upp.2435701/GFSFLX.GrbF00', '/lfs/h2/emc/ptmp/emc.global/RETRO_GFSv17/comroot/retrotestgfs10/gdas.20241124/18//model/atmos/master/gdas.t18z.sfluxgrbf000.grib2'], ['/lfs/h2/emc/stmp/emc.global/RUNDIRS/retrotestgfs10/gdas.2024112418/upp.2435701/GFSPRS.GrbF00.idx', '/lfs/h2/emc/ptmp/emc.global/RETRO_GFSv17/comroot/retrotestgfs10/gdas.20241124/18//model/atmos/master/gdas.t18z.master.grb2if000'], ['/lfs/h2/emc/stmp/emc.global/RUNDIRS/retrotestgfs10/gdas.2024112418/upp.2435701/GFSFLX.GrbF00.idx', '/lfs/h2/emc/ptmp/emc.global/RETRO_GFSv17/comroot/retrotestgfs10/gdas.20241124/18//model/atmos/master/gdas.t18z.sfluxgrbf000.grib2.idx']]}}, 'goes': {'config': {'rdaod': False}, 'data_in': {'copy': [['/apps/ops/prod/libs/intel/19.1.3.304/crtm/2.4.0/fix/amsre_aqua.TauCoeff.bin', '/lfs/h2/emc/stmp/emc.global/RUNDIRS/retrotestgfs10/gdas.2024112418/upp.2435701/'], ['/apps/ops/prod/libs/intel/19.1.3.304/crtm/2.4.0/fix/amsre_aqua.SpcCoeff.bin', '/lfs/h2/emc/stmp/emc.global/RUNDIRS/retrotestgfs10/gdas.2024112418/upp.2435701/'], ['/apps/ops/prod/libs/intel/19.1.3.304/crtm/2.4.0/fix/imgr_g11.TauCoeff.bin', '/lfs/h2/emc/stmp/emc.global/RUNDIRS/retrotestgfs10/gdas.2024112418/upp.2435701/'], ['/apps/ops/prod/libs/intel/19.1.3.304/crtm/2.4.0/fix/imgr_g11.SpcCoeff.bin', '/lfs/h2/emc/stmp/emc.global/RUNDIRS/retrotestgfs10/gdas.2024112418/upp.2435701/'], ['/apps/ops/prod/libs/intel/19.1.3.304/crtm/2.4.0/fix/imgr_g12.TauCoeff.bin', '/lfs/h2/emc/stmp/emc.global/RUNDIRS/retrotestgfs10/gdas.2024112418/upp.2435701/'], ['/apps/ops/prod/libs/intel/19.1.3.304/crtm/2.4.0/fix/imgr_g12.SpcCoeff.bin', '/lfs/h2/emc/stmp/emc.global/RUNDIRS/retrotestgfs10/gdas.2024112418/upp.2435701/'], ['/apps/ops/prod/libs/intel/19.1.3.304/crtm/2.4.0/fix/imgr_g13.TauCoeff.bin', '/lfs/h2/emc/stmp/emc.global/RUNDIRS/retrotestgfs10/gdas.2024112418/upp.2435701/'], ['/apps/ops/prod/libs/intel/19.1.3.304/crtm/2.4.0/fix/imgr_g13.SpcCoeff.bin', '/lfs/h2/emc/stmp/emc.global/RUNDIRS/retrotestgfs10/gdas.2024112418/upp.2435701/'], ['/apps/ops/prod/libs/intel/19.1.3.304/crtm/2.4.0/fix/imgr_g15.TauCoeff.bin', '/lfs/h2/emc/stmp/emc.global/RUNDIRS/retrotestgfs10/gdas.2024112418/upp.2435701/'], ['/apps/ops/prod/libs/intel/19.1.3.304/crtm/2.4.0/fix/imgr_g15.SpcCoeff.bin', '/lfs/h2/emc/stmp/emc.global/RUNDIRS/retrotestgfs10/gdas.2024112418/upp.2435701/'], ['/apps/ops/prod/libs/intel/19.1.3.304/crtm/2.4.0/fix/imgr_mt1r.TauCoeff.bin', '/lfs/h2/emc/stmp/emc.global/RUNDIRS/retrotestgfs10/gdas.2024112418/upp.2435701/'], ['/apps/ops/prod/libs/intel/19.1.3.304/crtm/2.4.0/fix/imgr_mt1r.SpcCoeff.bin', '/lfs/h2/emc/stmp/emc.global/RUNDIRS/retrotestgfs10/gdas.2024112418/upp.2435701/'], ['/apps/ops/prod/libs/intel/19.1.3.304/crtm/2.4.0/fix/imgr_mt2.TauCoeff.bin', '/lfs/h2/emc/stmp/emc.global/RUNDIRS/retrotestgfs10/gdas.2024112418/upp.2435701/'], ['/apps/ops/prod/libs/intel/19.1.3.304/crtm/2.4.0/fix/imgr_mt2.SpcCoeff.bin', '/lfs/h2/emc/stmp/emc.global/RUNDIRS/retrotestgfs10/gdas.2024112418/upp.2435701/'], ['/apps/ops/prod/libs/intel/19.1.3.304/crtm/2.4.0/fix/imgr_insat3d.TauCoeff.bin', '/lfs/h2/emc/stmp/emc.global/RUNDIRS/retrotestgfs10/gdas.2024112418/upp.2435701/'], ['/apps/ops/prod/libs/intel/19.1.3.304/crtm/2.4.0/fix/imgr_insat3d.SpcCoeff.bin', '/lfs/h2/emc/stmp/emc.global/RUNDIRS/retrotestgfs10/gdas.2024112418/upp.2435701/'], ['/apps/ops/prod/libs/intel/19.1.3.304/crtm/2.4.0/fix/seviri_m10.TauCoeff.bin', '/lfs/h2/emc/stmp/emc.global/RUNDIRS/retrotestgfs10/gdas.2024112418/upp.2435701/'], ['/apps/ops/prod/libs/intel/19.1.3.304/crtm/2.4.0/fix/seviri_m10.SpcCoeff.bin', '/lfs/h2/emc/stmp/emc.global/RUNDIRS/retrotestgfs10/gdas.2024112418/upp.2435701/'], ['/apps/ops/prod/libs/intel/19.1.3.304/crtm/2.4.0/fix/ssmi_f13.TauCoeff.bin', '/lfs/h2/emc/stmp/emc.global/RUNDIRS/retrotestgfs10/gdas.2024112418/upp.2435701/'], ['/apps/ops/prod/libs/intel/19.1.3.304/crtm/2.4.0/fix/ssmi_f13.SpcCoeff.bin', '/lfs/h2/emc/stmp/emc.global/RUNDIRS/retrotestgfs10/gdas.2024112418/upp.2435701/'], ['/apps/ops/prod/libs/intel/19.1.3.304/crtm/2.4.0/fix/ssmi_f14.TauCoeff.bin', '/lfs/h2/emc/stmp/emc.global/RUNDIRS/retrotestgfs10/gdas.2024112418/upp.2435701/'], ['/apps/ops/prod/libs/intel/19.1.3.304/crtm/2.4.0/fix/ssmi_f14.SpcCoeff.bin', '/lfs/h2/emc/stmp/emc.global/RUNDIRS/retrotestgfs10/gdas.2024112418/upp.2435701/'], ['/apps/ops/prod/libs/intel/19.1.3.304/crtm/2.4.0/fix/ssmi_f15.TauCoeff.bin', '/lfs/h2/emc/stmp/emc.global/RUNDIRS/retrotestgfs10/gdas.2024112418/upp.2435701/'], ['/apps/ops/prod/libs/intel/19.1.3.304/crtm/2.4.0/fix/ssmi_f15.SpcCoeff.bin', '/lfs/h2/emc/stmp/emc.global/RUNDIRS/retrotestgfs10/gdas.2024112418/upp.2435701/'], ['/apps/ops/prod/libs/intel/19.1.3.304/crtm/2.4.0/fix/ssmis_f16.TauCoeff.bin', '/lfs/h2/emc/stmp/emc.global/RUNDIRS/retrotestgfs10/gdas.2024112418/upp.2435701/'], ['/apps/ops/prod/libs/intel/19.1.3.304/crtm/2.4.0/fix/ssmis_f16.SpcCoeff.bin', '/lfs/h2/emc/stmp/emc.global/RUNDIRS/retrotestgfs10/gdas.2024112418/upp.2435701/'], ['/apps/ops/prod/libs/intel/19.1.3.304/crtm/2.4.0/fix/ssmis_f17.TauCoeff.bin', '/lfs/h2/emc/stmp/emc.global/RUNDIRS/retrotestgfs10/gdas.2024112418/upp.2435701/'], ['/apps/ops/prod/libs/intel/19.1.3.304/crtm/2.4.0/fix/ssmis_f17.SpcCoeff.bin', '/lfs/h2/emc/stmp/emc.global/RUNDIRS/retrotestgfs10/gdas.2024112418/upp.2435701/'], ['/apps/ops/prod/libs/intel/19.1.3.304/crtm/2.4.0/fix/ssmis_f18.TauCoeff.bin', '/lfs/h2/emc/stmp/emc.global/RUNDIRS/retrotestgfs10/gdas.2024112418/upp.2435701/'], ['/apps/ops/prod/libs/intel/19.1.3.304/crtm/2.4.0/fix/ssmis_f18.SpcCoeff.bin', '/lfs/h2/emc/stmp/emc.global/RUNDIRS/retrotestgfs10/gdas.2024112418/upp.2435701/'], ['/apps/ops/prod/libs/intel/19.1.3.304/crtm/2.4.0/fix/ssmis_f19.TauCoeff.bin', '/lfs/h2/emc/stmp/emc.global/RUNDIRS/retrotestgfs10/gdas.2024112418/upp.2435701/'], ['/apps/ops/prod/libs/intel/19.1.3.304/crtm/2.4.0/fix/ssmis_f19.SpcCoeff.bin', '/lfs/h2/emc/stmp/emc.global/RUNDIRS/retrotestgfs10/gdas.2024112418/upp.2435701/'], ['/apps/ops/prod/libs/intel/19.1.3.304/crtm/2.4.0/fix/ssmis_f20.TauCoeff.bin', '/lfs/h2/emc/stmp/emc.global/RUNDIRS/retrotestgfs10/gdas.2024112418/upp.2435701/'], ['/apps/ops/prod/libs/intel/19.1.3.304/crtm/2.4.0/fix/ssmis_f20.SpcCoeff.bin', '/lfs/h2/emc/stmp/emc.global/RUNDIRS/retrotestgfs10/gdas.2024112418/upp.2435701/'], ['/apps/ops/prod/libs/intel/19.1.3.304/crtm/2.4.0/fix/tmi_trmm.TauCoeff.bin', '/lfs/h2/emc/stmp/emc.global/RUNDIRS/retrotestgfs10/gdas.2024112418/upp.2435701/'], ['/apps/ops/prod/libs/intel/19.1.3.304/crtm/2.4.0/fix/tmi_trmm.SpcCoeff.bin', '/lfs/h2/emc/stmp/emc.global/RUNDIRS/retrotestgfs10/gdas.2024112418/upp.2435701/'], ['/apps/ops/prod/libs/intel/19.1.3.304/crtm/2.4.0/fix/abi_gr.TauCoeff.bin', '/lfs/h2/emc/stmp/emc.global/RUNDIRS/retrotestgfs10/gdas.2024112418/upp.2435701/'], ['/apps/ops/prod/libs/intel/19.1.3.304/crtm/2.4.0/fix/abi_gr.SpcCoeff.bin', '/lfs/h2/emc/stmp/emc.global/RUNDIRS/retrotestgfs10/gdas.2024112418/upp.2435701/'], ['/apps/ops/prod/libs/intel/19.1.3.304/crtm/2.4.0/fix/ahi_himawari8.TauCoeff.bin', '/lfs/h2/emc/stmp/emc.global/RUNDIRS/retrotestgfs10/gdas.2024112418/upp.2435701/'], ['/apps/ops/prod/libs/intel/19.1.3.304/crtm/2.4.0/fix/ahi_himawari8.SpcCoeff.bin', '/lfs/h2/emc/stmp/emc.global/RUNDIRS/retrotestgfs10/gdas.2024112418/upp.2435701/'], ['/apps/ops/prod/libs/intel/19.1.3.304/crtm/2.4.0/fix/v.seviri_m10.SpcCoeff.bin', '/lfs/h2/emc/stmp/emc.global/RUNDIRS/retrotestgfs10/gdas.2024112418/upp.2435701/'], ['/apps/ops/prod/libs/intel/19.1.3.304/crtm/2.4.0/fix/FASTEM4.MWwater.EmisCoeff.bin', '/lfs/h2/emc/stmp/emc.global/RUNDIRS/retrotestgfs10/gdas.2024112418/upp.2435701/'], ['/apps/ops/prod/libs/intel/19.1.3.304/crtm/2.4.0/fix/FASTEM5.MWwater.EmisCoeff.bin', '/lfs/h2/emc/stmp/emc.global/RUNDIRS/retrotestgfs10/gdas.2024112418/upp.2435701/'], ['/apps/ops/prod/libs/intel/19.1.3.304/crtm/2.4.0/fix/FASTEM6.MWwater.EmisCoeff.bin', '/lfs/h2/emc/stmp/emc.global/RUNDIRS/retrotestgfs10/gdas.2024112418/upp.2435701/'], ['/apps/ops/prod/libs/intel/19.1.3.304/crtm/2.4.0/fix/IGBP.IRland.EmisCoeff.bin', '/lfs/h2/emc/stmp/emc.global/RUNDIRS/retrotestgfs10/gdas.2024112418/upp.2435701/'], ['/apps/ops/prod/libs/intel/19.1.3.304/crtm/2.4.0/fix/IGBP.VISland.EmisCoeff.bin', '/lfs/h2/emc/stmp/emc.global/RUNDIRS/retrotestgfs10/gdas.2024112418/upp.2435701/'], ['/apps/ops/prod/libs/intel/19.1.3.304/crtm/2.4.0/fix/Nalli.IRwater.EmisCoeff.bin', '/lfs/h2/emc/stmp/emc.global/RUNDIRS/retrotestgfs10/gdas.2024112418/upp.2435701/'], ['/apps/ops/prod/libs/intel/19.1.3.304/crtm/2.4.0/fix/NPOESS.IRice.EmisCoeff.bin', '/lfs/h2/emc/stmp/emc.global/RUNDIRS/retrotestgfs10/gdas.2024112418/upp.2435701/'], ['/apps/ops/prod/libs/intel/19.1.3.304/crtm/2.4.0/fix/NPOESS.IRland.EmisCoeff.bin', '/lfs/h2/emc/stmp/emc.global/RUNDIRS/retrotestgfs10/gdas.2024112418/upp.2435701/'], ['/apps/ops/prod/libs/intel/19.1.3.304/crtm/2.4.0/fix/NPOESS.IRsnow.EmisCoeff.bin', '/lfs/h2/emc/stmp/emc.global/RUNDIRS/retrotestgfs10/gdas.2024112418/upp.2435701/'], ['/apps/ops/prod/libs/intel/19.1.3.304/crtm/2.4.0/fix/NPOESS.VISice.EmisCoeff.bin', '/lfs/h2/emc/stmp/emc.global/RUNDIRS/retrotestgfs10/gdas.2024112418/upp.2435701/'], ['/apps/ops/prod/libs/intel/19.1.3.304/crtm/2.4.0/fix/NPOESS.VISland.EmisCoeff.bin', '/lfs/h2/emc/stmp/emc.global/RUNDIRS/retrotestgfs10/gdas.2024112418/upp.2435701/'], ['/apps/ops/prod/libs/intel/19.1.3.304/crtm/2.4.0/fix/NPOESS.VISsnow.EmisCoeff.bin', '/lfs/h2/emc/stmp/emc.global/RUNDIRS/retrotestgfs10/gdas.2024112418/upp.2435701/'], ['/apps/ops/prod/libs/intel/19.1.3.304/crtm/2.4.0/fix/NPOESS.VISwater.EmisCoeff.bin', '/lfs/h2/emc/stmp/emc.global/RUNDIRS/retrotestgfs10/gdas.2024112418/upp.2435701/'], ['/apps/ops/prod/libs/intel/19.1.3.304/crtm/2.4.0/fix/USGS.IRland.EmisCoeff.bin', '/lfs/h2/emc/stmp/emc.global/RUNDIRS/retrotestgfs10/gdas.2024112418/upp.2435701/'], ['/apps/ops/prod/libs/intel/19.1.3.304/crtm/2.4.0/fix/USGS.VISland.EmisCoeff.bin', '/lfs/h2/emc/stmp/emc.global/RUNDIRS/retrotestgfs10/gdas.2024112418/upp.2435701/'], ['/apps/ops/prod/libs/intel/19.1.3.304/crtm/2.4.0/fix/WuSmith.IRwater.EmisCoeff.bin', '/lfs/h2/emc/stmp/emc.global/RUNDIRS/retrotestgfs10/gdas.2024112418/upp.2435701/'], ['/apps/ops/prod/libs/intel/19.1.3.304/crtm/2.4.0/fix/AerosolCoeff.bin', '/lfs/h2/emc/stmp/emc.global/RUNDIRS/retrotestgfs10/gdas.2024112418/upp.2435701/'], ['/apps/ops/prod/libs/intel/19.1.3.304/crtm/2.4.0/fix/CloudCoeff.bin', '/lfs/h2/emc/stmp/emc.global/RUNDIRS/retrotestgfs10/gdas.2024112418/upp.2435701/'], ['/lfs/h2/emc/global/noscrub/emc.global/RETRO_GFSv17/git/global-workflow/develop_20250602/parm/post/gfs/postxconfig-NT-gfs-goes.txt', '/lfs/h2/emc/stmp/emc.global/RUNDIRS/retrotestgfs10/gdas.2024112418/upp.2435701/postxconfig-NT.txt'], ['/lfs/h2/emc/ptmp/emc.global/RETRO_GFSv17/comroot/retrotestgfs10/gdas.20241124/18//model/atmos/history/gdas.t18z.atmf000.nc', '/lfs/h2/emc/stmp/emc.global/RUNDIRS/retrotestgfs10/gdas.2024112418/upp.2435701/atm_20241124180000.nc'], ['/lfs/h2/emc/ptmp/emc.global/RETRO_GFSv17/comroot/retrotestgfs10/gdas.20241124/18//model/atmos/history/gdas.t18z.sfcf000.nc', '/lfs/h2/emc/stmp/emc.global/RUNDIRS/retrotestgfs10/gdas.2024112418/upp.2435701/sfc_20241124180000.nc']]}, 'data_out': {'copy': [['/lfs/h2/emc/stmp/emc.global/RUNDIRS/retrotestgfs10/gdas.2024112418/upp.2435701/GFSGOES.GrbF00', '/lfs/h2/emc/ptmp/emc.global/RETRO_GFSv17/comroot/retrotestgfs10/gdas.20241124/18//model/atmos/master/gdas.t18z.special.grb2f000'], ['/lfs/h2/emc/stmp/emc.global/RUNDIRS/retrotestgfs10/gdas.2024112418/upp.2435701/GFSGOES.GrbF00.idx', '/lfs/h2/emc/ptmp/emc.global/RETRO_GFSv17/comroot/retrotestgfs10/gdas.20241124/18//model/atmos/master/gdas.t18z.special.grb2if000']]}}} )[0m
[38;21m2025-06-16 19:11:33,668 - INFO     - upp         : Copy 'analysis' processed data to COMOUT/ directory[0m
[38;21m2025-06-16 19:11:46,014 - INFO     - file_utils  : Copied /lfs/h2/emc/stmp/emc.global/RUNDIRS/retrotestgfs10/gdas.2024112418/upp.2435701/GFSPRS.GrbF00 to /lfs/h2/emc/ptmp/emc.global/RETRO_GFSv17/comroot/retrotestgfs10/gdas.20241124/18//model/atmos/master/gdas.t18z.master.grb2anl[0m
[38;21m2025-06-16 19:11:46,018 - INFO     - file_utils  : Copied /lfs/h2/emc/stmp/emc.global/RUNDIRS/retrotestgfs10/gdas.2024112418/upp.2435701/GFSPRS.GrbF00.idx to /lfs/h2/emc/ptmp/emc.global/RETRO_GFSv17/comroot/retrotestgfs10/gdas.20241124/18//model/atmos/master/gdas.t18z.master.grb2ianl[0m
[38;21m2025-06-16 19:11:46,018 - INFO     - upp         :   END: pygfs.task.upp.finalize[0m
[38;5;39m2025-06-16 19:11:46,018 - DEBUG    - upp         :  returning: None[0m
[38;21m2025-06-16 19:11:46,019 - INFO     - root        :   END: __main__.main[0m
[38;5;39m2025-06-16 19:11:46,019 - DEBUG    - root        :  returning: None[0m
+ JGLOBAL_ATMOS_UPP[24]true
+ JGLOBAL_ATMOS_UPP[25]export err=0
+ JGLOBAL_ATMOS_UPP[25]err=0
+ JGLOBAL_ATMOS_UPP[26][[ 0 -ne 0 ]]
+ JGLOBAL_ATMOS_UPP[37][[ -e OUTPUT.2437930 ]]
+ JGLOBAL_ATMOS_UPP[44]cd /lfs/h2/emc/stmp/emc.global/RUNDIRS/retrotestgfs10/gdas.2024112418
+ JGLOBAL_ATMOS_UPP[45][[ NO == \N\O ]]
+ JGLOBAL_ATMOS_UPP[46]rm -rf /lfs/h2/emc/stmp/emc.global/RUNDIRS/retrotestgfs10/gdas.2024112418/upp.2435701
+ JGLOBAL_ATMOS_UPP[50]exit 0
+ JGLOBAL_ATMOS_UPP[1]postamble /lfs/h2/emc/global/noscrub/emc.global/RETRO_GFSv17/git/global-workflow/develop_20250602/jobs/JGLOBAL_ATMOS_UPP 1750100501 0
+ preamble.sh[62]set +x
End /lfs/h2/emc/global/noscrub/emc.global/RETRO_GFSv17/git/global-workflow/develop_20250602/jobs/JGLOBAL_ATMOS_UPP at 19:11:47 with error code 0 (time elapsed: 00:10:06)
+ exit 0
PBS: Running epilogue on parent mom node: nid001645...
##### Job 46056304.dbqs01 - PBS Job Script:
(Note: Duplicate #PBS entries are a function how PBS interprets and caches the original job script.)

#! /bin/sh
#PBS -N retrotestgfs10_gdas_atmanlupp_18
#PBS -A GFS-DEV
#PBS -q devmax
#PBS -l walltime=00:15:00
#PBS -l select=5:mpiprocs=40:ompthreads=1:ncpus=40:mem=500GB
#PBS -j oe -o /lfs/h2/emc/ptmp/emc.global/RETRO_GFSv17/comroot/retrotestgfs10/logs/2024112418/gdas_atmanlupp.log
#PBS -l place=vscatter:exclhost
export RUN_ENVIR='emc'
export HOMEgfs='/lfs/h2/emc/global/noscrub/emc.global/RETRO_GFSv17/git/global-workflow/develop_20250602'
export EXPDIR='/lfs/h2/emc/global/noscrub/emc.global/RETRO_GFSv17/expdir/retrotestgfs10'
export NET='gfs'
export RUN='gdas'
export CDATE='2024112418'
export PDY='20241124'
export cyc='18'
export COMROOT='/lfs/h2/emc/ptmp/emc.global/RETRO_GFSv17/comroot'
export DATAROOT='/lfs/h2/emc/stmp/emc.global/RUNDIRS/retrotestgfs10/gdas.2024112418'
export FHR3='000'
export UPP_RUN='analysis'
set -x
/lfs/h2/emc/global/noscrub/emc.global/RETRO_GFSv17/git/global-workflow/develop_20250602/dev/jobs/upp.sh
##### End of job script
------------------------------------------------------------------

