PBS: Running prologue on parent mom node: nid001300...
Job 46053229.dbqs01 nodelist: nid001300
+ /lfs/h2/emc/global/noscrub/emc.global/RETRO_GFSv17/git/global-workflow/develop_20250602/dev/jobs/verfozn.sh
+ source /lfs/h2/emc/global/noscrub/emc.global/RETRO_GFSv17/git/global-workflow/develop_20250602/ush/load_fv3gfs_modules.sh
++ [[ hxB == *x* ]]
++ set_x=YES
++ [[ NO == \N\O ]]
++ echo 'Loading modules quietly...'
Loading modules quietly...
++ set +x
Resetting modules to system default. Reseting $MODULEPATH back to system default. All extra directories will be removed from $MODULEPATH.

Currently Loaded Modules:
  1) craype-x86-rome    (H)  13) perl/5.32.0          25) ncdiag/1.0.0
  2) libfabric/1.20.1        14) libjpeg/9c           26) met/9.1.3
  3) craype-network-ofi (H)  15) udunits/2.2.28       27) metplus/3.1.1
  4) envvar/1.0              16) gsl/2.7              28) prepobs/1.1.0
  5) PrgEnv-intel/8.1.0      17) cdo/1.9.8            29) fit2obs/1.1.7
  6) craype/2.7.13           18) imagemagick/7.0.8-7  30) module_base.wcoss2
  7) intel/19.1.3.304        19) hdf5/1.10.6          31) grib_util/1.2.3
  8) cray-mpich/8.1.9        20) netcdf/4.7.4         32) g2tmpl/1.10.2
  9) cray-pals/1.0.17        21) nco/4.7.9            33) crtm/2.4.0.1
 10) cfp/2.0.4               22) prod_util/2.0.9      34) wgrib2/2.0.8
 11) python/3.8.6            23) bufr_dump/1.0.0
 12) gempak/7.15.1           24) util_shared/1.4.0

  Where:
   H:  Hidden Module

 

++ wxflowPATH=/lfs/h2/emc/global/noscrub/emc.global/RETRO_GFSv17/git/global-workflow/develop_20250602/ush/python
++ PYTHONPATH=/apps/ops/prod/nco/core/prod_util.v2.0.9/ush:/apps/prod/python-modules/3.8.6/intel/19.1.3.304/lib/python3.8/site-packages:/lfs/h2/emc/global/noscrub/emc.global/RETRO_GFSv17/git/global-workflow/develop_20250602/ush:/lfs/h2/emc/global/noscrub/emc.global/RETRO_GFSv17/git/global-workflow/develop_20250602/ush/python
++ export PYTHONPATH
++ ulimit -S -s unlimited
++ unset ulimit_s
+ status=0
+ ((  status != 0  ))
+ export job=verfozn
+ job=verfozn
+ export jobid=verfozn.3287194
+ jobid=verfozn.3287194
+ echo

+ echo '=============== START TO RUN OZMON DATA EXTRACTION ==============='
=============== START TO RUN OZMON DATA EXTRACTION ===============
+ /lfs/h2/emc/global/noscrub/emc.global/RETRO_GFSv17/git/global-workflow/develop_20250602/jobs/JGDAS_ATMOS_VERFOZN
Begin /lfs/h2/emc/global/noscrub/emc.global/RETRO_GFSv17/git/global-workflow/develop_20250602/jobs/JGDAS_ATMOS_VERFOZN at Mon Jun 16 18:35:55 UTC 2025
++ jjob_header.sh[46]OPTIND=1
++ jjob_header.sh[47]getopts c:e: option
++ jjob_header.sh[48]case "${option}" in
++ jjob_header.sh[50]env_job=verfozn
++ jjob_header.sh[47]getopts c:e: option
++ jjob_header.sh[48]case "${option}" in
++ jjob_header.sh[49]read -ra configs
++ jjob_header.sh[47]getopts c:e: option
++ jjob_header.sh[61]shift 4
++ jjob_header.sh[63][[ -z verfozn ]]
++ jjob_header.sh[71]export DATA=/lfs/h2/emc/stmp/emc.global/RUNDIRS/retrotestgfs10/gdas.2024112418/verfozn.3287194
++ jjob_header.sh[71]DATA=/lfs/h2/emc/stmp/emc.global/RUNDIRS/retrotestgfs10/gdas.2024112418/verfozn.3287194
++ jjob_header.sh[72][[ YES == \Y\E\S ]]
++ jjob_header.sh[73]rm -rf /lfs/h2/emc/stmp/emc.global/RUNDIRS/retrotestgfs10/gdas.2024112418/verfozn.3287194
++ jjob_header.sh[75]mkdir -p /lfs/h2/emc/stmp/emc.global/RUNDIRS/retrotestgfs10/gdas.2024112418/verfozn.3287194
++ jjob_header.sh[76]cd /lfs/h2/emc/stmp/emc.global/RUNDIRS/retrotestgfs10/gdas.2024112418/verfozn.3287194
++ jjob_header.sh[85]export pid=3287750
++ jjob_header.sh[85]pid=3287750
++ jjob_header.sh[86]export pgmout=OUTPUT.3287750
++ jjob_header.sh[86]pgmout=OUTPUT.3287750
++ jjob_header.sh[87]export pgmerr=errfile
++ jjob_header.sh[87]pgmerr=errfile
++ jjob_header.sh[90]export pgm=
++ jjob_header.sh[90]pgm=
++ jjob_header.sh[96]export cycle=t18z
++ jjob_header.sh[96]cycle=t18z
++ jjob_header.sh[97]setpdy.sh
+ setpdy.sh[20]'[' /lfs/h2/emc/stmp/emc.global/RUNDIRS/retrotestgfs10/gdas.2024112418/verfozn.3287194 == /u/emc.global ']'
+ setpdy.sh[25][[ ! t18z =~ t??z ]]
+ setpdy.sh[30]case $# in
+ setpdy.sh[31]dates_before_PDY=7
+ setpdy.sh[32]dates_after_PDY=7
+ setpdy.sh[50]COMDATEROOT=/lfs/h1/ops/prod/com
+ setpdy.sh[53]'[' -z 20241124 ']'
+ setpdy.sh[57]sed 's/[0-9]\{8\}/20241124/' /lfs/h1/ops/prod/com/date/t18z
++ setpdy.sh[62]finddate.sh 20241124 s-7
+++ finddate.sh[27]set +x
+ setpdy.sh[62]DATElne_minus=
++ jjob_header.sh[97]true
++ jjob_header.sh[98]source ./PDY
/lfs/h2/emc/global/noscrub/emc.global/RETRO_GFSv17/git/global-workflow/develop_20250602/ush/jjob_header.sh: line 98: ./PDY: No such file or directory
++ jjob_header.sh[98]true
++ jjob_header.sh[104]export EXPDIR=/lfs/h2/emc/global/noscrub/emc.global/RETRO_GFSv17/expdir/retrotestgfs10
++ jjob_header.sh[104]EXPDIR=/lfs/h2/emc/global/noscrub/emc.global/RETRO_GFSv17/expdir/retrotestgfs10
++ jjob_header.sh[105]for config in "${configs[@]:-''}"
++ jjob_header.sh[106]source /lfs/h2/emc/global/noscrub/emc.global/RETRO_GFSv17/expdir/retrotestgfs10/config.base
+++ config.base[6]echo 'BEGIN: config.base'
BEGIN: config.base
+++ config.base[9]export machine=WCOSS2
+++ config.base[9]machine=WCOSS2
+++ config.base[12]export RUN_ENVIR=emc
+++ config.base[12]RUN_ENVIR=emc
+++ config.base[15]export ACCOUNT=GFS-DEV
+++ config.base[15]ACCOUNT=GFS-DEV
+++ config.base[16]export QUEUE=devmax
+++ config.base[16]QUEUE=devmax
+++ config.base[17]export QUEUE_SERVICE=dev_transfer
+++ config.base[17]QUEUE_SERVICE=dev_transfer
+++ config.base[18]export QUEUE_DTN=dev_transfer
+++ config.base[18]QUEUE_DTN=dev_transfer
+++ config.base[19]export 'PARTITION_BATCH={{ PARTITION_BATCH }}'
+++ config.base[19]PARTITION_BATCH='{{ PARTITION_BATCH }}'
+++ config.base[20]export PARTITION_SERVICE=
+++ config.base[20]PARTITION_SERVICE=
+++ config.base[21]export PARTITION_DTN=
+++ config.base[21]PARTITION_DTN=
+++ config.base[22]export RESERVATION=
+++ config.base[22]RESERVATION=
+++ config.base[23]export CLUSTERS=
+++ config.base[23]CLUSTERS=
+++ config.base[24]export CLUSTERS_SERVICE=
+++ config.base[24]CLUSTERS_SERVICE=
+++ config.base[25]export CLUSTERS_DTN=
+++ config.base[25]CLUSTERS_DTN=
+++ config.base[28]export HPSS_PROJECT=emc-global
+++ config.base[28]HPSS_PROJECT=emc-global
+++ config.base[31]export HOMEgfs=/lfs/h2/emc/global/noscrub/emc.global/RETRO_GFSv17/git/global-workflow/develop_20250602
+++ config.base[31]HOMEgfs=/lfs/h2/emc/global/noscrub/emc.global/RETRO_GFSv17/git/global-workflow/develop_20250602
+++ config.base[32]export EXECgfs=/lfs/h2/emc/global/noscrub/emc.global/RETRO_GFSv17/git/global-workflow/develop_20250602/exec
+++ config.base[32]EXECgfs=/lfs/h2/emc/global/noscrub/emc.global/RETRO_GFSv17/git/global-workflow/develop_20250602/exec
+++ config.base[33]export FIXgfs=/lfs/h2/emc/global/noscrub/emc.global/RETRO_GFSv17/git/global-workflow/develop_20250602/fix
+++ config.base[33]FIXgfs=/lfs/h2/emc/global/noscrub/emc.global/RETRO_GFSv17/git/global-workflow/develop_20250602/fix
+++ config.base[34]export PARMgfs=/lfs/h2/emc/global/noscrub/emc.global/RETRO_GFSv17/git/global-workflow/develop_20250602/parm
+++ config.base[34]PARMgfs=/lfs/h2/emc/global/noscrub/emc.global/RETRO_GFSv17/git/global-workflow/develop_20250602/parm
+++ config.base[35]export SCRgfs=/lfs/h2/emc/global/noscrub/emc.global/RETRO_GFSv17/git/global-workflow/develop_20250602/scripts
+++ config.base[35]SCRgfs=/lfs/h2/emc/global/noscrub/emc.global/RETRO_GFSv17/git/global-workflow/develop_20250602/scripts
+++ config.base[36]export USHgfs=/lfs/h2/emc/global/noscrub/emc.global/RETRO_GFSv17/git/global-workflow/develop_20250602/ush
+++ config.base[36]USHgfs=/lfs/h2/emc/global/noscrub/emc.global/RETRO_GFSv17/git/global-workflow/develop_20250602/ush
+++ config.base[38]export FIXam=/lfs/h2/emc/global/noscrub/emc.global/RETRO_GFSv17/git/global-workflow/develop_20250602/fix/am
+++ config.base[38]FIXam=/lfs/h2/emc/global/noscrub/emc.global/RETRO_GFSv17/git/global-workflow/develop_20250602/fix/am
+++ config.base[39]export FIXaer=/lfs/h2/emc/global/noscrub/emc.global/RETRO_GFSv17/git/global-workflow/develop_20250602/fix/aer
+++ config.base[39]FIXaer=/lfs/h2/emc/global/noscrub/emc.global/RETRO_GFSv17/git/global-workflow/develop_20250602/fix/aer
+++ config.base[40]export FIXcpl=/lfs/h2/emc/global/noscrub/emc.global/RETRO_GFSv17/git/global-workflow/develop_20250602/fix/cpl
+++ config.base[40]FIXcpl=/lfs/h2/emc/global/noscrub/emc.global/RETRO_GFSv17/git/global-workflow/develop_20250602/fix/cpl
+++ config.base[41]export FIXlut=/lfs/h2/emc/global/noscrub/emc.global/RETRO_GFSv17/git/global-workflow/develop_20250602/fix/lut
+++ config.base[41]FIXlut=/lfs/h2/emc/global/noscrub/emc.global/RETRO_GFSv17/git/global-workflow/develop_20250602/fix/lut
+++ config.base[42]export FIXcice=/lfs/h2/emc/global/noscrub/emc.global/RETRO_GFSv17/git/global-workflow/develop_20250602/fix/cice
+++ config.base[42]FIXcice=/lfs/h2/emc/global/noscrub/emc.global/RETRO_GFSv17/git/global-workflow/develop_20250602/fix/cice
+++ config.base[43]export FIXmom=/lfs/h2/emc/global/noscrub/emc.global/RETRO_GFSv17/git/global-workflow/develop_20250602/fix/mom6
+++ config.base[43]FIXmom=/lfs/h2/emc/global/noscrub/emc.global/RETRO_GFSv17/git/global-workflow/develop_20250602/fix/mom6
+++ config.base[44]export FIXreg2grb2=/lfs/h2/emc/global/noscrub/emc.global/RETRO_GFSv17/git/global-workflow/develop_20250602/fix/reg2grb2
+++ config.base[44]FIXreg2grb2=/lfs/h2/emc/global/noscrub/emc.global/RETRO_GFSv17/git/global-workflow/develop_20250602/fix/reg2grb2
+++ config.base[45]export FIXgdas=/lfs/h2/emc/global/noscrub/emc.global/RETRO_GFSv17/git/global-workflow/develop_20250602/fix/gdas
+++ config.base[45]FIXgdas=/lfs/h2/emc/global/noscrub/emc.global/RETRO_GFSv17/git/global-workflow/develop_20250602/fix/gdas
+++ config.base[50]export PACKAGEROOT=/lfs/h1/ops/prod/packages
+++ config.base[50]PACKAGEROOT=/lfs/h1/ops/prod/packages
+++ config.base[51]export COMROOT=/lfs/h2/emc/ptmp/emc.global/RETRO_GFSv17/comroot
+++ config.base[51]COMROOT=/lfs/h2/emc/ptmp/emc.global/RETRO_GFSv17/comroot
+++ config.base[52]export COMINsyn=/lfs/h1/ops/prod/com/gfs/v16.3/syndat
+++ config.base[52]COMINsyn=/lfs/h1/ops/prod/com/gfs/v16.3/syndat
+++ config.base[53]export DMPDIR=/lfs/h2/emc/dump/noscrub/dump
+++ config.base[53]DMPDIR=/lfs/h2/emc/dump/noscrub/dump
+++ config.base[57]export COMINecmwf=/lfs/h2/emc/global/noscrub/emc.global/data/external_gempak/ecmwf
+++ config.base[57]COMINecmwf=/lfs/h2/emc/global/noscrub/emc.global/data/external_gempak/ecmwf
+++ config.base[58]export COMINnam=/lfs/h2/emc/global/noscrub/emc.global/data/external_gempak/nam
+++ config.base[58]COMINnam=/lfs/h2/emc/global/noscrub/emc.global/data/external_gempak/nam
+++ config.base[59]export COMINukmet=/lfs/h2/emc/global/noscrub/emc.global/data/external_gempak/ukmet
+++ config.base[59]COMINukmet=/lfs/h2/emc/global/noscrub/emc.global/data/external_gempak/ukmet
+++ config.base[62]export HOMEDIR=/lfs/h2/emc/global/noscrub/emc.global
+++ config.base[62]HOMEDIR=/lfs/h2/emc/global/noscrub/emc.global
+++ config.base[63]export STMP=/lfs/h2/emc/stmp/emc.global
+++ config.base[63]STMP=/lfs/h2/emc/stmp/emc.global
+++ config.base[64]export PTMP=/lfs/h2/emc/ptmp/emc.global
+++ config.base[64]PTMP=/lfs/h2/emc/ptmp/emc.global
+++ config.base[65]export NOSCRUB=/lfs/h2/emc/global/noscrub/emc.global
+++ config.base[65]NOSCRUB=/lfs/h2/emc/global/noscrub/emc.global
+++ config.base[68]export BASE_GIT=/lfs/h2/emc/global/save/emc.global/git
+++ config.base[68]BASE_GIT=/lfs/h2/emc/global/save/emc.global/git
+++ config.base[71]export BASE_DATA=/lfs/h2/emc/global/noscrub/emc.global/data
+++ config.base[71]BASE_DATA=/lfs/h2/emc/global/noscrub/emc.global/data
+++ config.base[74]export DO_PREP_SFC=NO
+++ config.base[74]DO_PREP_SFC=NO
+++ config.base[77]export DO_GOES=NO
+++ config.base[77]DO_GOES=NO
+++ config.base[78]export DO_BUFRSND=NO
+++ config.base[78]DO_BUFRSND=NO
+++ config.base[79]export DO_GEMPAK=NO
+++ config.base[79]DO_GEMPAK=NO
+++ config.base[80]export DO_AWIPS=NO
+++ config.base[80]DO_AWIPS=NO
+++ config.base[81]export DO_NPOESS=NO
+++ config.base[81]DO_NPOESS=NO
+++ config.base[82]export DO_TRACKER=YES
+++ config.base[82]DO_TRACKER=YES
+++ config.base[83]export DO_GENESIS=YES
+++ config.base[83]DO_GENESIS=YES
+++ config.base[84]export DO_GENESIS_FSU=NO
+++ config.base[84]DO_GENESIS_FSU=NO
+++ config.base[85]export DO_VERFOZN=YES
+++ config.base[85]DO_VERFOZN=YES
+++ config.base[86]export DO_VERFRAD=YES
+++ config.base[86]DO_VERFRAD=YES
+++ config.base[87]export DO_VMINMON=YES
+++ config.base[87]DO_VMINMON=YES
+++ config.base[88]export DO_ANLSTAT=NO
+++ config.base[88]DO_ANLSTAT=NO
+++ config.base[91]export MODE=cycled
+++ config.base[91]MODE=cycled
+++ config.base[92]export DO_TEST_MODE=NO
+++ config.base[92]DO_TEST_MODE=NO
+++ config.base[101]export FIXgsi=/lfs/h2/emc/global/noscrub/emc.global/RETRO_GFSv17/git/global-workflow/develop_20250602/fix/gsi
+++ config.base[101]FIXgsi=/lfs/h2/emc/global/noscrub/emc.global/RETRO_GFSv17/git/global-workflow/develop_20250602/fix/gsi
+++ config.base[102]export HOMEpost=/lfs/h2/emc/global/noscrub/emc.global/RETRO_GFSv17/git/global-workflow/develop_20250602
+++ config.base[102]HOMEpost=/lfs/h2/emc/global/noscrub/emc.global/RETRO_GFSv17/git/global-workflow/develop_20250602
+++ config.base[103]export HOMEobsproc=/lfs/h2/emc/global/save/emc.global/git/obsproc/v1.2.0
+++ config.base[103]HOMEobsproc=/lfs/h2/emc/global/save/emc.global/git/obsproc/v1.2.0
+++ config.base[106]export NMV=/bin/mv
+++ config.base[106]NMV=/bin/mv
+++ config.base[107]export 'NLN=/bin/ln -sf'
+++ config.base[107]NLN='/bin/ln -sf'
+++ config.base[108]export VERBOSE=YES
+++ config.base[108]VERBOSE=YES
+++ config.base[109]export KEEPDATA=NO
+++ config.base[109]KEEPDATA=NO
+++ config.base[110]export DEBUG_POSTSCRIPT=NO
+++ config.base[110]DEBUG_POSTSCRIPT=NO
+++ config.base[111]export CHGRP_RSTPROD=YES
+++ config.base[111]CHGRP_RSTPROD=YES
+++ config.base[112]export 'CHGRP_CMD=chgrp rstprod'
+++ config.base[112]CHGRP_CMD='chgrp rstprod'
+++ config.base[113]export NCDUMP=/apps/prod/hpc-stack/intel-19.1.3.304/cray-mpich-8.1.4/netcdf/4.7.4/bin/ncdump
+++ config.base[113]NCDUMP=/apps/prod/hpc-stack/intel-19.1.3.304/cray-mpich-8.1.4/netcdf/4.7.4/bin/ncdump
+++ config.base[114]export NCLEN=/lfs/h2/emc/global/noscrub/emc.global/RETRO_GFSv17/git/global-workflow/develop_20250602/ush/getncdimlen
+++ config.base[114]NCLEN=/lfs/h2/emc/global/noscrub/emc.global/RETRO_GFSv17/git/global-workflow/develop_20250602/ush/getncdimlen
+++ config.base[117]export BASE_ENV=/lfs/h2/emc/global/noscrub/emc.global/RETRO_GFSv17/git/global-workflow/develop_20250602/env
+++ config.base[117]BASE_ENV=/lfs/h2/emc/global/noscrub/emc.global/RETRO_GFSv17/git/global-workflow/develop_20250602/env
+++ config.base[120]export SDATE=2024111506
+++ config.base[120]SDATE=2024111506
+++ config.base[121]export EDATE=2025011600
+++ config.base[121]EDATE=2025011600
+++ config.base[122]export EXP_WARM_START=.true.
+++ config.base[122]EXP_WARM_START=.true.
+++ config.base[123]export assim_freq=6
+++ config.base[123]assim_freq=6
+++ config.base[124]export PSLOT=retrotestgfs10
+++ config.base[124]PSLOT=retrotestgfs10
+++ config.base[125]export EXPDIR=/lfs/h2/emc/global/noscrub/emc.global/RETRO_GFSv17/expdir/retrotestgfs10
+++ config.base[125]EXPDIR=/lfs/h2/emc/global/noscrub/emc.global/RETRO_GFSv17/expdir/retrotestgfs10
+++ config.base[126]export ROTDIR=/lfs/h2/emc/ptmp/emc.global/RETRO_GFSv17/comroot/retrotestgfs10
+++ config.base[126]ROTDIR=/lfs/h2/emc/ptmp/emc.global/RETRO_GFSv17/comroot/retrotestgfs10
+++ config.base[127]export DUMP_SUFFIX=
+++ config.base[127]DUMP_SUFFIX=
+++ config.base[128][[ 2024112418 -ge 2019092100 ]]
+++ config.base[128][[ 2024112418 -le 2019110700 ]]
+++ config.base[132]export ARCDIR=/lfs/h2/emc/global/noscrub/emc.global/RETRO_GFSv17/archive/retrotestgfs10
+++ config.base[132]ARCDIR=/lfs/h2/emc/global/noscrub/emc.global/RETRO_GFSv17/archive/retrotestgfs10
+++ config.base[134]export ATARDIR=/5year/NCEPDEV/emc-global/emc.glopara/WCOSS2/GFSv17/retrotestgfs10
+++ config.base[134]ATARDIR=/5year/NCEPDEV/emc-global/emc.glopara/WCOSS2/GFSv17/retrotestgfs10
+++ config.base[136]export 'FETCHDIR={{ FETCHDIR }}'
+++ config.base[136]FETCHDIR='{{ FETCHDIR }}'
+++ config.base[139]export envir=prod
+++ config.base[139]envir=prod
+++ config.base[140]export NET=gfs
+++ config.base[140]NET=gfs
+++ config.base[141]export RUN=gdas
+++ config.base[141]RUN=gdas
+++ config.base[144]source /lfs/h2/emc/global/noscrub/emc.global/RETRO_GFSv17/expdir/retrotestgfs10/config.com
++++ config.com[4]echo 'BEGIN: config.com'
BEGIN: config.com
++++ config.com[38][[ emc == \n\c\o ]]
++++ config.com[43]COM_OBSPROC_TMPL='${DMPDIR}/${RUN}${DUMP_SUFFIX}.${YMD}/${HH}/atmos'
++++ config.com[44]COM_RTOFS_TMPL='${DMPDIR}'
++++ config.com[45]COM_TCVITAL_TMPL='${DMPDIR}/${RUN}.${YMD}/${HH}/atmos'
++++ config.com[47]declare -rx 'COM_OBS_TMPL=${ROTDIR}/${RUN}.${YMD}/${HH}/obs'
++++ config.com[48]declare -rx COM_OBSPROC_TMPL COM_RTOFS_TMPL
++++ config.com[50]COM_BASE='${ROTDIR}/${RUN}.${YMD}/${HH}/${MEMDIR}'
++++ config.com[52]declare -rx 'COM_TOP_TMPL=${ROTDIR}/${RUN}.${YMD}/${HH}'
++++ config.com[54]declare -rx 'COM_CONF_TMPL=${ROTDIR}/${RUN}.${YMD}/${HH}/${MEMDIR}/conf'
++++ config.com[55]declare -rx 'COM_OBS_JEDI=${ROTDIR}/${RUN}.${YMD}/${HH}/${MEMDIR}/obs_jedi'
++++ config.com[57]declare -rx 'COM_ATMOS_INPUT_TMPL=${ROTDIR}/${RUN}.${YMD}/${HH}/${MEMDIR}/model/atmos/input'
++++ config.com[58]declare -rx 'COM_ATMOS_RESTART_TMPL=${ROTDIR}/${RUN}.${YMD}/${HH}/${MEMDIR}/model/atmos/restart'
++++ config.com[59]declare -rx 'COM_ATMOS_ANALYSIS_TMPL=${ROTDIR}/${RUN}.${YMD}/${HH}/${MEMDIR}/analysis/atmos'
++++ config.com[60]declare -rx 'COM_SNOW_ANALYSIS_TMPL=${ROTDIR}/${RUN}.${YMD}/${HH}/${MEMDIR}/analysis/snow'
++++ config.com[61]declare -rx 'COM_SNOW_ANLMON_TMPL=${ROTDIR}/${RUN}.${YMD}/${HH}/${MEMDIR}/products/snow/anlmon'
++++ config.com[62]declare -rx 'COM_ATMOS_HISTORY_TMPL=${ROTDIR}/${RUN}.${YMD}/${HH}/${MEMDIR}/model/atmos/history'
++++ config.com[63]declare -rx 'COM_ATMOS_MASTER_TMPL=${ROTDIR}/${RUN}.${YMD}/${HH}/${MEMDIR}/model/atmos/master'
++++ config.com[64]declare -rx 'COM_ATMOS_GRIB_TMPL=${ROTDIR}/${RUN}.${YMD}/${HH}/${MEMDIR}/products/atmos/grib2'
++++ config.com[65]declare -rx 'COM_ATMOS_GRIB_GRID_TMPL=${ROTDIR}/${RUN}.${YMD}/${HH}/${MEMDIR}/products/atmos/grib2/${GRID}'
++++ config.com[66]declare -rx 'COM_ATMOS_BUFR_TMPL=${ROTDIR}/${RUN}.${YMD}/${HH}/${MEMDIR}/products/atmos/bufr'
++++ config.com[67]declare -rx 'COM_ATMOS_GEMPAK_TMPL=${ROTDIR}/${RUN}.${YMD}/${HH}/${MEMDIR}/products/atmos/gempak/${GRID}'
++++ config.com[68]declare -rx 'COM_ATMOS_GENESIS_TMPL=${ROTDIR}/${RUN}.${YMD}/${HH}/${MEMDIR}/products/atmos/cyclone/genesis_vital'
++++ config.com[69]declare -rx 'COM_ATMOS_TRACK_TMPL=${ROTDIR}/${RUN}.${YMD}/${HH}/${MEMDIR}/products/atmos/cyclone/tracks'
++++ config.com[70]declare -rx 'COM_ATMOS_GOES_TMPL=${ROTDIR}/${RUN}.${YMD}/${HH}/${MEMDIR}/products/atmos/goes_sim'
++++ config.com[71]declare -rx 'COM_ATMOS_IMAGERY_TMPL=${ROTDIR}/${RUN}.${YMD}/${HH}/${MEMDIR}/products/atmos/imagery'
++++ config.com[72]declare -rx 'COM_ATMOS_OZNMON_TMPL=${ROTDIR}/${RUN}.${YMD}/${HH}/${MEMDIR}/products/atmos/oznmon'
++++ config.com[73]declare -rx 'COM_ATMOS_RADMON_TMPL=${ROTDIR}/${RUN}.${YMD}/${HH}/${MEMDIR}/products/atmos/radmon'
++++ config.com[74]declare -rx 'COM_ATMOS_MINMON_TMPL=${ROTDIR}/${RUN}.${YMD}/${HH}/${MEMDIR}/products/atmos/minmon'
++++ config.com[75]declare -rx 'COM_ATMOS_ANLMON_TMPL=${ROTDIR}/${RUN}.${YMD}/${HH}/${MEMDIR}/products/atmos/anlmon'
++++ config.com[76]declare -rx 'COM_ATMOS_WMO_TMPL=${ROTDIR}/${RUN}.${YMD}/${HH}/${MEMDIR}/products/atmos/wmo'
++++ config.com[78]declare -rx 'COM_WAVE_RESTART_TMPL=${ROTDIR}/${RUN}.${YMD}/${HH}/${MEMDIR}/model/wave/restart'
++++ config.com[79]declare -rx 'COM_WAVE_PREP_TMPL=${ROTDIR}/${RUN}.${YMD}/${HH}/${MEMDIR}/model/wave/prep'
++++ config.com[80]declare -rx 'COM_WAVE_HISTORY_TMPL=${ROTDIR}/${RUN}.${YMD}/${HH}/${MEMDIR}/model/wave/history'
++++ config.com[81]declare -rx 'COM_WAVE_GRID_TMPL=${ROTDIR}/${RUN}.${YMD}/${HH}/${MEMDIR}/products/wave/gridded'
++++ config.com[82]declare -rx 'COM_WAVE_GRID_RES_TMPL=${ROTDIR}/${RUN}.${YMD}/${HH}/${MEMDIR}/products/wave/gridded/${GRDRESNAME}'
++++ config.com[83]declare -rx 'COM_WAVE_STATION_TMPL=${ROTDIR}/${RUN}.${YMD}/${HH}/${MEMDIR}/products/wave/station'
++++ config.com[84]declare -rx 'COM_WAVE_GEMPAK_TMPL=${ROTDIR}/${RUN}.${YMD}/${HH}/${MEMDIR}/products/wave/gempak'
++++ config.com[85]declare -rx 'COM_WAVE_WMO_TMPL=${ROTDIR}/${RUN}.${YMD}/${HH}/${MEMDIR}/products/wave/wmo'
++++ config.com[87]declare -rx 'COM_OCEAN_HISTORY_TMPL=${ROTDIR}/${RUN}.${YMD}/${HH}/${MEMDIR}/model/ocean/history'
++++ config.com[88]declare -rx 'COM_OCEAN_RESTART_TMPL=${ROTDIR}/${RUN}.${YMD}/${HH}/${MEMDIR}/model/ocean/restart'
++++ config.com[89]declare -rx 'COM_OCEAN_INPUT_TMPL=${ROTDIR}/${RUN}.${YMD}/${HH}/${MEMDIR}/model/ocean/input'
++++ config.com[90]declare -rx 'COM_OCEAN_ANALYSIS_TMPL=${ROTDIR}/${RUN}.${YMD}/${HH}/${MEMDIR}/analysis/ocean'
++++ config.com[91]declare -rx 'COM_OCEAN_ANLMON_TMPL=${ROTDIR}/${RUN}.${YMD}/${HH}/${MEMDIR}/products/ocean/anlmon'
++++ config.com[92]declare -rx 'COM_OCEAN_LETKF_TMPL=${ROTDIR}/${RUN}.${YMD}/${HH}/${MEMDIR}/analysis/ocean/letkf'
++++ config.com[93]declare -rx 'COM_OCEAN_BMATRIX_TMPL=${ROTDIR}/${RUN}.${YMD}/${HH}/${MEMDIR}/bmatrix/ocean'
++++ config.com[94]declare -rx 'COM_OCEAN_NETCDF_TMPL=${ROTDIR}/${RUN}.${YMD}/${HH}/${MEMDIR}/products/ocean/netcdf'
++++ config.com[95]declare -rx 'COM_OCEAN_GRIB_TMPL=${ROTDIR}/${RUN}.${YMD}/${HH}/${MEMDIR}/products/ocean/grib2'
++++ config.com[96]declare -rx 'COM_OCEAN_GRIB_GRID_TMPL=${ROTDIR}/${RUN}.${YMD}/${HH}/${MEMDIR}/products/ocean/grib2/${GRID}'
++++ config.com[98]declare -rx 'COM_ICE_ANALYSIS_TMPL=${ROTDIR}/${RUN}.${YMD}/${HH}/${MEMDIR}/analysis/ice'
++++ config.com[99]declare -rx 'COM_ICE_LETKF_TMPL=${ROTDIR}/${RUN}.${YMD}/${HH}/${MEMDIR}/analysis/ice/letkf'
++++ config.com[100]declare -rx 'COM_ICE_ANLMON_TMPL=${ROTDIR}/${RUN}.${YMD}/${HH}/${MEMDIR}/products/ice/anlmon'
++++ config.com[101]declare -rx 'COM_ICE_BMATRIX_TMPL=${ROTDIR}/${RUN}.${YMD}/${HH}/${MEMDIR}/bmatrix/ice'
++++ config.com[102]declare -rx 'COM_ICE_INPUT_TMPL=${ROTDIR}/${RUN}.${YMD}/${HH}/${MEMDIR}/model/ice/input'
++++ config.com[103]declare -rx 'COM_ICE_HISTORY_TMPL=${ROTDIR}/${RUN}.${YMD}/${HH}/${MEMDIR}/model/ice/history'
++++ config.com[104]declare -rx 'COM_ICE_RESTART_TMPL=${ROTDIR}/${RUN}.${YMD}/${HH}/${MEMDIR}/model/ice/restart'
++++ config.com[105]declare -rx 'COM_ICE_NETCDF_TMPL=${ROTDIR}/${RUN}.${YMD}/${HH}/${MEMDIR}/products/ice/netcdf'
++++ config.com[106]declare -rx 'COM_ICE_GRIB_TMPL=${ROTDIR}/${RUN}.${YMD}/${HH}/${MEMDIR}/products/ice/grib2'
++++ config.com[107]declare -rx 'COM_ICE_GRIB_GRID_TMPL=${ROTDIR}/${RUN}.${YMD}/${HH}/${MEMDIR}/products/ice/grib2/${GRID}'
++++ config.com[109]declare -rx 'COM_CHEM_HISTORY_TMPL=${ROTDIR}/${RUN}.${YMD}/${HH}/${MEMDIR}/model/chem/history'
++++ config.com[110]declare -rx 'COM_CHEM_ANALYSIS_TMPL=${ROTDIR}/${RUN}.${YMD}/${HH}/${MEMDIR}/analysis/chem'
++++ config.com[111]declare -rx 'COM_CHEM_BMAT_TMPL=${ROTDIR}/${RUN}.${YMD}/${HH}/${MEMDIR}/analysis/chem/bmatrix'
++++ config.com[112]declare -rx 'COM_CHEM_ANLMON_TMPL=${ROTDIR}/${RUN}.${YMD}/${HH}/${MEMDIR}/products/chem/anlmon'
++++ config.com[114]declare -rx 'COM_MED_RESTART_TMPL=${ROTDIR}/${RUN}.${YMD}/${HH}/${MEMDIR}/model/med/restart'
+++ config.base[146]export LOGSCRIPT=
+++ config.base[146]LOGSCRIPT=
+++ config.base[148]export 'REDOUT=1>'
+++ config.base[148]REDOUT='1>'
+++ config.base[149]export 'REDERR=2>'
+++ config.base[149]REDERR='2>'
+++ config.base[151]export SENDECF=NO
+++ config.base[151]SENDECF=NO
+++ config.base[152]export SENDSDM=NO
+++ config.base[152]SENDSDM=NO
+++ config.base[153]export SENDDBN_NTC=NO
+++ config.base[153]SENDDBN_NTC=NO
+++ config.base[154]export SENDDBN=NO
+++ config.base[154]SENDDBN=NO
+++ config.base[155]export DBNROOT=/apps/ops/prod/nco/core/prod_util.v2.0.9/fakedbn
+++ config.base[155]DBNROOT=/apps/ops/prod/nco/core/prod_util.v2.0.9/fakedbn
+++ config.base[158]export APP=S2SW
+++ config.base[158]APP=S2SW
+++ config.base[160]shopt -s extglob
+++ config.base[163]case "${RUN}" in
+++ config.base[170]shopt -u extglob
+++ config.base[173]export DO_ATM=YES
+++ config.base[173]DO_ATM=YES
+++ config.base[174]export DO_COUPLED=NO
+++ config.base[174]DO_COUPLED=NO
+++ config.base[175]export DO_WAVE=NO
+++ config.base[175]DO_WAVE=NO
+++ config.base[176]export DO_OCN=NO
+++ config.base[176]DO_OCN=NO
+++ config.base[177]export DO_ICE=NO
+++ config.base[177]DO_ICE=NO
+++ config.base[178]DO_AERO=NO
+++ config.base[179]export DO_PREP_OBS_AERO=NO
+++ config.base[179]DO_PREP_OBS_AERO=NO
+++ config.base[180]aero_fcst_runs=gdas
+++ config.base[181]aero_anl_runs='gdas gfs'
+++ config.base[182]export DO_AERO_FCST=NO
+++ config.base[182]DO_AERO_FCST=NO
+++ config.base[183]export DO_AERO_ANL=NO
+++ config.base[183]DO_AERO_ANL=NO
+++ config.base[184]export DOBNDPNT_WAVE=YES
+++ config.base[184]DOBNDPNT_WAVE=YES
+++ config.base[185]export DOIBP_WAV=NO
+++ config.base[185]DOIBP_WAV=NO
+++ config.base[186]export FRAC_GRID=.true.
+++ config.base[186]FRAC_GRID=.true.
+++ config.base[187]export DO_NEST=NO
+++ config.base[187]DO_NEST=NO
+++ config.base[188][[ NO == \Y\E\S ]]
+++ config.base[194]export ntiles=6
+++ config.base[194]ntiles=6
+++ config.base[195]export FIXugwd=/lfs/h2/emc/global/noscrub/emc.global/RETRO_GFSv17/git/global-workflow/develop_20250602/fix/ugwd
+++ config.base[195]FIXugwd=/lfs/h2/emc/global/noscrub/emc.global/RETRO_GFSv17/git/global-workflow/develop_20250602/fix/ugwd
+++ config.base[196]export FIXorog=/lfs/h2/emc/global/noscrub/emc.global/RETRO_GFSv17/git/global-workflow/develop_20250602/fix/orog
+++ config.base[196]FIXorog=/lfs/h2/emc/global/noscrub/emc.global/RETRO_GFSv17/git/global-workflow/develop_20250602/fix/orog
+++ config.base[200]export OPS_RES=C768
+++ config.base[200]OPS_RES=C768
+++ config.base[203]export LEVS=128
+++ config.base[203]LEVS=128
+++ config.base[204]export CASE=C1152
+++ config.base[204]CASE=C1152
+++ config.base[205]export CASE_ENS=C384
+++ config.base[205]CASE_ENS=C384
+++ config.base[206]export OCNRES=025
+++ config.base[206]OCNRES=025
+++ config.base[207]export ICERES=025
+++ config.base[207]ICERES=025
+++ config.base[210]case "${CASE}" in
+++ config.base[221]export waveGRD=uglo_15km
+++ config.base[221]waveGRD=uglo_15km
+++ config.base[229]case "${APP}" in
+++ config.base[245]export DO_COUPLED=YES
+++ config.base[245]DO_COUPLED=YES
+++ config.base[246]export DO_OCN=YES
+++ config.base[246]DO_OCN=YES
+++ config.base[247]export DO_ICE=YES
+++ config.base[247]DO_ICE=YES
+++ config.base[249][[ S2SW =~ A$ ]]
+++ config.base[253][[ S2SW =~ ^S2SW ]]
+++ config.base[254]export DO_WAVE=YES
+++ config.base[254]DO_WAVE=YES
+++ config.base[264][[ NO == \Y\E\S ]]
+++ config.base[274][[ gdas =~ gdas ]]
+++ config.base[275]export FHCYC=1
+++ config.base[275]FHCYC=1
+++ config.base[276]export FTSFS=10
+++ config.base[276]FTSFS=10
+++ config.base[282]export FHMIN=0
+++ config.base[282]FHMIN=0
+++ config.base[283]export FHMAX=9
+++ config.base[283]FHMAX=9
+++ config.base[284]export FHOUT=3
+++ config.base[284]FHOUT=3
+++ config.base[285]export FHOUT_OCN=3
+++ config.base[285]FHOUT_OCN=3
+++ config.base[286]export FHOUT_ICE=3
+++ config.base[286]FHOUT_ICE=3
+++ config.base[287]export FHOUT_AERO=3
+++ config.base[287]FHOUT_AERO=3
+++ config.base[290]export EUPD_CYC=both
+++ config.base[290]EUPD_CYC=both
+++ config.base[293]export INTERVAL_GFS=6
+++ config.base[293]INTERVAL_GFS=6
+++ config.base[294]export SDATE_GFS=2024111512
+++ config.base[294]SDATE_GFS=2024111512
+++ config.base[297]export FHMIN_GFS=0
+++ config.base[297]FHMIN_GFS=0
+++ config.base[298]export FHMAX_GFS=384
+++ config.base[298]FHMAX_GFS=384
+++ config.base[300]breakpnts=
+++ config.base[301]export FCST_SEGMENTS=0,384
+++ config.base[301]FCST_SEGMENTS=0,384
+++ config.base[302]export FHOUT_GFS=3
+++ config.base[302]FHOUT_GFS=3
+++ config.base[303]export FHMAX_HF_GFS=120
+++ config.base[303]FHMAX_HF_GFS=120
+++ config.base[304]export FHOUT_HF_GFS=1
+++ config.base[304]FHOUT_HF_GFS=1
+++ config.base[305]export FHOUT_OCN_GFS=6
+++ config.base[305]FHOUT_OCN_GFS=6
+++ config.base[306]export FHOUT_ICE_GFS=6
+++ config.base[306]FHOUT_ICE_GFS=6
+++ config.base[307]export FHMIN_WAV=0
+++ config.base[307]FHMIN_WAV=0
+++ config.base[308]export FHOUT_WAV=3
+++ config.base[308]FHOUT_WAV=3
+++ config.base[309]export FHMAX_HF_WAV=120
+++ config.base[309]FHMAX_HF_WAV=120
+++ config.base[310]export FHOUT_HF_WAV=1
+++ config.base[310]FHOUT_HF_WAV=1
+++ config.base[311]export FHMAX_WAV=9
+++ config.base[311]FHMAX_WAV=9
+++ config.base[312]export FHMAX_WAV_GFS=384
+++ config.base[312]FHMAX_WAV_GFS=384
+++ config.base[313]export FHMAX_HF_GFS=120
+++ config.base[313]FHMAX_HF_GFS=120
+++ config.base[314]export FHMAX_WAV=9
+++ config.base[314]FHMAX_WAV=9
+++ config.base[315]export FHMAX_WAV_GFS=384
+++ config.base[315]FHMAX_WAV_GFS=384
+++ config.base[316]export FHMAX_HF_WAV=120
+++ config.base[316]FHMAX_HF_WAV=120
+++ config.base[319]export ILPOST=1
+++ config.base[319]ILPOST=1
+++ config.base[320]((  FHMAX_HF_GFS < 120  ))
+++ config.base[325]export FHMAX_GOES=180
+++ config.base[325]FHMAX_GOES=180
+++ config.base[326]export FHOUT_GOES=3
+++ config.base[326]FHOUT_GOES=3
+++ config.base[327]((  FHMAX_GOES > FHMAX_GFS  ))
+++ config.base[332]export restart_interval_gfs=12
+++ config.base[332]restart_interval_gfs=12
+++ config.base[337]export QUILTING=.true.
+++ config.base[337]QUILTING=.true.
+++ config.base[338]export OUTPUT_GRID=gaussian_grid
+++ config.base[338]OUTPUT_GRID=gaussian_grid
+++ config.base[339]export WRITE_DOPOST=.true.
+++ config.base[339]WRITE_DOPOST=.true.
+++ config.base[340]export WRITE_NSFLIP=.true.
+++ config.base[340]WRITE_NSFLIP=.true.
+++ config.base[343]export DOIAU=YES
+++ config.base[343]DOIAU=YES
+++ config.base[344]export IAUFHRS=3,6,9
+++ config.base[344]IAUFHRS=3,6,9
+++ config.base[345]export IAU_FHROT=3
+++ config.base[345]IAU_FHROT=3
+++ config.base[346]export IAU_DELTHRS=6
+++ config.base[346]IAU_DELTHRS=6
+++ config.base[347]export IAU_OFFSET=6
+++ config.base[347]IAU_OFFSET=6
+++ config.base[348]export DOIAU_ENKF=YES
+++ config.base[348]DOIAU_ENKF=YES
+++ config.base[349]export IAUFHRS_ENKF=3,6,9
+++ config.base[349]IAUFHRS_ENKF=3,6,9
+++ config.base[350]export IAU_DELTHRS_ENKF=6
+++ config.base[350]IAU_DELTHRS_ENKF=6
+++ config.base[353]export lobsdiag_forenkf=.true.
+++ config.base[353]lobsdiag_forenkf=.true.
+++ config.base[361]export imp_physics=8
+++ config.base[361]imp_physics=8
+++ config.base[365]export DO_JEDIATMVAR=NO
+++ config.base[365]DO_JEDIATMVAR=NO
+++ config.base[366]export DO_JEDIATMENS=NO
+++ config.base[366]DO_JEDIATMENS=NO
+++ config.base[367]export DO_JEDIOCNVAR=YES
+++ config.base[367]DO_JEDIOCNVAR=YES
+++ config.base[368]export DO_JEDISNOWDA=YES
+++ config.base[368]DO_JEDISNOWDA=YES
+++ config.base[369]export DO_MERGENSST=NO
+++ config.base[369]DO_MERGENSST=NO
+++ config.base[370]export DO_STARTMEM_FROM_JEDIICE=YES
+++ config.base[370]DO_STARTMEM_FROM_JEDIICE=YES
+++ config.base[373]export DOHYBVAR=YES
+++ config.base[373]DOHYBVAR=YES
+++ config.base[374]export DOHYBVAR_OCN=YES
+++ config.base[374]DOHYBVAR_OCN=YES
+++ config.base[375]export DOLETKF_OCN=NO
+++ config.base[375]DOLETKF_OCN=NO
+++ config.base[376]export NMEM_ENS=80
+++ config.base[376]NMEM_ENS=80
+++ config.base[377]export SMOOTH_ENKF=NO
+++ config.base[377]SMOOTH_ENKF=NO
+++ config.base[378]export l4densvar=.true.
+++ config.base[378]l4densvar=.true.
+++ config.base[379]export lwrite4danl=.true.
+++ config.base[379]lwrite4danl=.true.
+++ config.base[380]export DO_CALC_INCREMENT=NO
+++ config.base[380]DO_CALC_INCREMENT=NO
+++ config.base[383]export NMEM_ENS_GFS=30
+++ config.base[383]NMEM_ENS_GFS=30
+++ config.base[384]export NMEM_ENS_GFS_OFFSET=20
+++ config.base[384]NMEM_ENS_GFS_OFFSET=20
+++ config.base[385]export DO_CALC_INCREMENT_ENKF_GFS=NO
+++ config.base[385]DO_CALC_INCREMENT_ENKF_GFS=NO
+++ config.base[388][[ YES = \Y\E\S ]]
+++ config.base[389]export FHMIN_ENKF=3
+++ config.base[389]FHMIN_ENKF=3
+++ config.base[390]export FHMAX_ENKF=9
+++ config.base[390]FHMAX_ENKF=9
+++ config.base[391]export FHMAX_ENKF_GFS=12
+++ config.base[391]FHMAX_ENKF_GFS=12
+++ config.base[392]export FHOUT_ENKF_GFS=3
+++ config.base[392]FHOUT_ENKF_GFS=3
+++ config.base[393][[ .true. = \.\t\r\u\e\. ]]
+++ config.base[394]export FHOUT=1
+++ config.base[394]FHOUT=1
+++ config.base[395]export FHOUT_ENKF=1
+++ config.base[395]FHOUT_ENKF=1
+++ config.base[402][[ YES == \N\O ]]
+++ config.base[410]export ENKF_SPREAD=YES
+++ config.base[410]ENKF_SPREAD=YES
+++ config.base[413][[ cycled = \c\y\c\l\e\d ]]
+++ config.base[413][[ 2024111506 = \2\0\2\4\1\1\2\4\1\8 ]]
+++ config.base[413][[ YES = \N\O ]]
+++ config.base[413][[ cycled = \f\o\r\e\c\a\s\t\-\o\n\l\y ]]
+++ config.base[419][[ YES = \N\O ]]
+++ config.base[423][[ YES == \Y\E\S ]]
+++ config.base[424]export restart_interval_enkfgdas=3
+++ config.base[424]restart_interval_enkfgdas=3
+++ config.base[429]export restart_interval_enkfgfs=3
+++ config.base[429]restart_interval_enkfgfs=3
+++ config.base[431][[ YES == \Y\E\S ]]
+++ config.base[432]export restart_interval_gdas=3
+++ config.base[432]restart_interval_gdas=3
+++ config.base[437]export DO_GSISOILDA=YES
+++ config.base[437]DO_GSISOILDA=YES
+++ config.base[440]export DONST=YES
+++ config.base[440]DONST=YES
+++ config.base[441][[ YES = \Y\E\S ]]
+++ config.base[441]export 'FNTSFA=        '
+++ config.base[441]FNTSFA='        '
+++ config.base[444]export nst_anl=.true.
+++ config.base[444]nst_anl=.true.
+++ config.base[447]export MAKE_NSSTBUFR=NO
+++ config.base[447]MAKE_NSSTBUFR=NO
+++ config.base[450]export MAKE_ACFTBUFR=NO
+++ config.base[450]MAKE_ACFTBUFR=NO
+++ config.base[453]export 'INCREMENTS_TO_ZERO='\''liq_wat_inc'\'','\''icmr_inc'\'','\''rwmr_inc'\'','\''snmr_inc'\'','\''grle_inc'\'''
+++ config.base[453]INCREMENTS_TO_ZERO=''\''liq_wat_inc'\'','\''icmr_inc'\'','\''rwmr_inc'\'','\''snmr_inc'\'','\''grle_inc'\'''
+++ config.base[456]export 'INCVARS_ZERO_STRAT='\''sphum_inc'\'','\''liq_wat_inc'\'','\''icmr_inc'\'','\''rwmr_inc'\'','\''snmr_inc'\'','\''grle_inc'\'''
+++ config.base[456]INCVARS_ZERO_STRAT=''\''sphum_inc'\'','\''liq_wat_inc'\'','\''icmr_inc'\'','\''rwmr_inc'\'','\''snmr_inc'\'','\''grle_inc'\'''
+++ config.base[457]export INCVARS_EFOLD=5
+++ config.base[457]INCVARS_EFOLD=5
+++ config.base[462]export netcdf_diag=.true.
+++ config.base[462]netcdf_diag=.true.
+++ config.base[463]export binary_diag=.false.
+++ config.base[463]binary_diag=.false.
+++ config.base[466]export DO_CA=YES
+++ config.base[466]DO_CA=YES
+++ config.base[469]export DO_METP=YES
+++ config.base[469]DO_METP=YES
+++ config.base[470]export DO_FIT2OBS=YES
+++ config.base[470]DO_FIT2OBS=YES
+++ config.base[473]export FHMAX_FITS=132
+++ config.base[473]FHMAX_FITS=132
+++ config.base[474][[ 132 -gt 384 ]]
+++ config.base[480]export DO_FETCH_HPSS=NO
+++ config.base[480]DO_FETCH_HPSS=NO
+++ config.base[481]export DO_FETCH_LOCAL=NO
+++ config.base[481]DO_FETCH_LOCAL=NO
+++ config.base[484]export DO_ARCHCOM=YES
+++ config.base[484]DO_ARCHCOM=YES
+++ config.base[485]export ARCHCOM_TO=hpss
+++ config.base[485]ARCHCOM_TO=hpss
+++ config.base[488]export 'CLIENT_GLOBUS_UUID={{ CLIENT_GLOBUS_UUID }}'
+++ config.base[488]CLIENT_GLOBUS_UUID='{{ CLIENT_GLOBUS_UUID }}'
+++ config.base[491][[ NO = \Y\E\S ]]
+++ config.base[498][[ NO = \Y\E\S ]]
+++ config.base[498][[ YES = \Y\E\S ]]
+++ config.base[499]export DO_ANLSTAT=YES
+++ config.base[499]DO_ANLSTAT=YES
+++ config.base[504]export REPLAY_ICS=NO
+++ config.base[504]REPLAY_ICS=NO
+++ config.base[505]export OFFSET_START_HOUR=0
+++ config.base[505]OFFSET_START_HOUR=0
+++ config.base[508]export NUM_SND_COLLECTIVES=9
+++ config.base[508]NUM_SND_COLLECTIVES=9
+++ config.base[510]echo 'END: config.base'
END: config.base
++ jjob_header.sh[106]true
++ jjob_header.sh[107]export err=0
++ jjob_header.sh[107]err=0
++ jjob_header.sh[108][[ 0 -ne 0 ]]
++ jjob_header.sh[105]for config in "${configs[@]:-''}"
++ jjob_header.sh[106]source /lfs/h2/emc/global/noscrub/emc.global/RETRO_GFSv17/expdir/retrotestgfs10/config.verfozn
+++ config.verfozn[4]echo 'BEGIN: config.verfozn'
BEGIN: config.verfozn
+++ config.verfozn[7]. /lfs/h2/emc/global/noscrub/emc.global/RETRO_GFSv17/expdir/retrotestgfs10/config.resources verfozn
++++ config.resources[10]((  1 != 1  ))
++++ config.resources[34]step=verfozn
++++ config.resources[36]echo 'BEGIN: config.resources'
BEGIN: config.resources
++++ config.resources[38]case ${machine} in
++++ config.resources[40]max_tasks_per_node=128
++++ config.resources[43]mem_node_max=500GB
++++ config.resources[106]export max_tasks_per_node
++++ config.resources[108]case ${step} in
++++ config.resources[1029]walltime=00:10:00
++++ config.resources[1030]ntasks=1
++++ config.resources[1031]threads_per_task=1
++++ config.resources[1032]tasks_per_node=1
++++ config.resources[1033]memory=1G
++++ config.resources[1400][[ -f /lfs/h2/emc/global/noscrub/emc.global/RETRO_GFSv17/expdir/retrotestgfs10/config.resources.WCOSS2 ]]
++++ config.resources[1401]source /lfs/h2/emc/global/noscrub/emc.global/RETRO_GFSv17/expdir/retrotestgfs10/config.resources.WCOSS2
+++++ config.resources.WCOSS2[5]case ${step} in
++++ config.resources[1405]for resource_var in threads_per_task ntasks tasks_per_node NTASKS memory walltime
++++ config.resources[1406]run_resource_var=threads_per_task_gdas
++++ config.resources[1407][[ -n '' ]]
++++ config.resources[1409][[ -n 0 ]]
++++ config.resources[1410]export threads_per_task
++++ config.resources[1405]for resource_var in threads_per_task ntasks tasks_per_node NTASKS memory walltime
++++ config.resources[1406]run_resource_var=ntasks_gdas
++++ config.resources[1407][[ -n '' ]]
++++ config.resources[1409][[ -n 0 ]]
++++ config.resources[1410]export ntasks
++++ config.resources[1405]for resource_var in threads_per_task ntasks tasks_per_node NTASKS memory walltime
++++ config.resources[1406]run_resource_var=tasks_per_node_gdas
++++ config.resources[1407][[ -n '' ]]
++++ config.resources[1409][[ -n 0 ]]
++++ config.resources[1410]export tasks_per_node
++++ config.resources[1405]for resource_var in threads_per_task ntasks tasks_per_node NTASKS memory walltime
++++ config.resources[1406]run_resource_var=NTASKS_gdas
++++ config.resources[1407][[ -n '' ]]
++++ config.resources[1409][[ -n '' ]]
++++ config.resources[1405]for resource_var in threads_per_task ntasks tasks_per_node NTASKS memory walltime
++++ config.resources[1406]run_resource_var=memory_gdas
++++ config.resources[1407][[ -n '' ]]
++++ config.resources[1409][[ -n 0 ]]
++++ config.resources[1410]export memory
++++ config.resources[1405]for resource_var in threads_per_task ntasks tasks_per_node NTASKS memory walltime
++++ config.resources[1406]run_resource_var=walltime_gdas
++++ config.resources[1407][[ -n '' ]]
++++ config.resources[1409][[ -n 0 ]]
++++ config.resources[1410]export walltime
++++ config.resources[1414]echo 'END: config.resources'
END: config.resources
+++ config.verfozn[9]export DO_DATA_RPT=1
+++ config.verfozn[9]DO_DATA_RPT=1
+++ config.verfozn[10]export OZN_AREA=glb
+++ config.verfozn[10]OZN_AREA=glb
+++ config.verfozn[11]export OZNMON_SUFFIX=gfs
+++ config.verfozn[11]OZNMON_SUFFIX=gfs
+++ config.verfozn[12]export SATYPE_FILE=/lfs/h2/emc/global/noscrub/emc.global/RETRO_GFSv17/git/global-workflow/develop_20250602/parm/monitor/gdas_oznmon_satype.txt
+++ config.verfozn[12]SATYPE_FILE=/lfs/h2/emc/global/noscrub/emc.global/RETRO_GFSv17/git/global-workflow/develop_20250602/parm/monitor/gdas_oznmon_satype.txt
+++ config.verfozn[15]. /lfs/h2/emc/global/noscrub/emc.global/RETRO_GFSv17/git/global-workflow/develop_20250602/parm/monitor/gdas_oznmon.parm
++++ gdas_oznmon.parm[4]export COMPRESS=gzip
++++ gdas_oznmon.parm[4]COMPRESS=gzip
++++ gdas_oznmon.parm[5]export UNCOMPRESS=gunzip
++++ gdas_oznmon.parm[5]UNCOMPRESS=gunzip
++++ gdas_oznmon.parm[6]export VALIDATE_DATA=1
++++ gdas_oznmon.parm[6]VALIDATE_DATA=1
++++ gdas_oznmon.parm[7]export Z=gz
++++ gdas_oznmon.parm[7]Z=gz
+++ config.verfozn[18][[ 1 -eq 1 ]]
+++ config.verfozn[19]export ozn_val_file=/lfs/h2/emc/global/noscrub/emc.global/RETRO_GFSv17/git/global-workflow/develop_20250602/parm/monitor/gdas_oznmon_base.tar
+++ config.verfozn[19]ozn_val_file=/lfs/h2/emc/global/noscrub/emc.global/RETRO_GFSv17/git/global-workflow/develop_20250602/parm/monitor/gdas_oznmon_base.tar
+++ config.verfozn[22]echo 'END: config.verfozn'
END: config.verfozn
++ jjob_header.sh[106]true
++ jjob_header.sh[107]export err=0
++ jjob_header.sh[107]err=0
++ jjob_header.sh[108][[ 0 -ne 0 ]]
++ jjob_header.sh[117]source /lfs/h2/emc/global/noscrub/emc.global/RETRO_GFSv17/git/global-workflow/develop_20250602/env/WCOSS2.env verfozn
+++ WCOSS2.env[3][[ 1 -ne 1 ]]
+++ WCOSS2.env[10]step=verfozn
+++ WCOSS2.env[13]export 'launcher=mpiexec -l'
+++ WCOSS2.env[13]launcher='mpiexec -l'
+++ WCOSS2.env[14]export 'mpmd_opt=--cpu-bind verbose,core cfp'
+++ WCOSS2.env[14]mpmd_opt='--cpu-bind verbose,core cfp'
+++ WCOSS2.env[18][[ -n 1 ]]
+++ WCOSS2.env[18][[ -n 128 ]]
+++ WCOSS2.env[18][[ -n 1 ]]
+++ WCOSS2.env[19]max_threads_per_task=128
+++ WCOSS2.env[20]NTHREADSmax=1
+++ WCOSS2.env[21]NTHREADS1=1
+++ WCOSS2.env[22][[ 1 -gt 128 ]]
+++ WCOSS2.env[25][[ 1 -gt 128 ]]
+++ WCOSS2.env[28]APRUN_default='mpiexec -l -n 1'
+++ WCOSS2.env[34][[ verfozn = \p\r\e\p ]]
+++ WCOSS2.env[34][[ verfozn = \p\r\e\p\b\u\f\r ]]
+++ WCOSS2.env[41][[ verfozn = \p\r\e\p\_\e\m\i\s\s\i\o\n\s ]]
+++ WCOSS2.env[45][[ verfozn = \w\a\v\e\i\n\i\t ]]
+++ WCOSS2.env[45][[ verfozn = \w\a\v\e\p\r\e\p ]]
+++ WCOSS2.env[45][[ verfozn = \w\a\v\e\p\o\s\t\s\b\s ]]
+++ WCOSS2.env[45][[ verfozn = \w\a\v\e\p\o\s\t\b\n\d\p\n\t ]]
+++ WCOSS2.env[45][[ verfozn = \w\a\v\e\p\o\s\t\b\n\d\p\n\t\b\l\l ]]
+++ WCOSS2.env[45][[ verfozn = \w\a\v\e\p\o\s\t\p\n\t ]]
+++ WCOSS2.env[51][[ verfozn = \a\t\m\a\n\l\v\a\r ]]
+++ WCOSS2.env[56][[ verfozn = \a\t\m\e\n\s\a\n\l\o\b\s ]]
+++ WCOSS2.env[61][[ verfozn = \a\t\m\e\n\s\a\n\l\s\o\l ]]
+++ WCOSS2.env[66][[ verfozn = \a\t\m\e\n\s\a\n\l\l\e\t\k\f ]]
+++ WCOSS2.env[71][[ verfozn = \a\t\m\e\n\s\a\n\l\f\v\3\i\n\c ]]
+++ WCOSS2.env[76][[ verfozn = \a\e\r\o\a\n\l\v\a\r ]]
+++ WCOSS2.env[83][[ verfozn = \a\e\r\o\a\n\l\g\e\n\b ]]
+++ WCOSS2.env[88][[ verfozn = \p\r\e\p\o\b\s\a\e\r\o ]]
+++ WCOSS2.env[93][[ verfozn = \s\n\o\w\a\n\l ]]
+++ WCOSS2.env[102][[ verfozn = \e\s\n\o\w\a\n\l ]]
+++ WCOSS2.env[111][[ verfozn = \m\a\r\i\n\e\b\m\a\t ]]
+++ WCOSS2.env[116][[ verfozn = \m\a\r\i\n\e\a\n\l\v\a\r ]]
+++ WCOSS2.env[121][[ verfozn = \m\a\r\i\n\e\a\n\l\c\h\k\p\t ]]
+++ WCOSS2.env[129][[ verfozn = \o\c\n\a\n\a\l\e\c\e\n ]]
+++ WCOSS2.env[134][[ verfozn = \m\a\r\i\n\e\a\n\l\l\e\t\k\f ]]
+++ WCOSS2.env[139][[ verfozn = \a\t\m\a\n\l\f\v\3\i\n\c ]]
+++ WCOSS2.env[144][[ verfozn = \a\n\l\s\t\a\t ]]
+++ WCOSS2.env[149][[ verfozn = \e\c\e\n\_\f\v\3\j\e\d\i ]]
+++ WCOSS2.env[155][[ verfozn = \a\n\a\l\c\a\l\c\_\f\v\3\j\e\d\i ]]
+++ WCOSS2.env[160][[ verfozn = \a\n\a\l ]]
+++ WCOSS2.env[160][[ verfozn = \a\n\a\l\c\a\l\c ]]
+++ WCOSS2.env[200][[ verfozn = \s\f\c\a\n\l ]]
+++ WCOSS2.env[212][[ verfozn = \e\o\b\s ]]
+++ WCOSS2.env[225][[ verfozn = \e\u\p\d ]]
+++ WCOSS2.env[243][[ verfozn = \f\c\s\t ]]
+++ WCOSS2.env[243][[ verfozn = \e\f\c\s ]]
+++ WCOSS2.env[261][[ verfozn = \u\p\p ]]
+++ WCOSS2.env[266][[ verfozn = \a\t\m\o\s\_\p\r\o\d\u\c\t\s ]]
+++ WCOSS2.env[270][[ verfozn = \o\c\e\a\n\i\c\e\_\p\r\o\d\u\c\t\s ]]
+++ WCOSS2.env[275][[ verfozn = \e\c\e\n ]]
+++ WCOSS2.env[298][[ verfozn = \e\s\f\c ]]
+++ WCOSS2.env[313][[ verfozn = \e\p\o\s ]]
+++ WCOSS2.env[318][[ verfozn = \p\o\s\t\s\n\d ]]
+++ WCOSS2.env[332][[ verfozn = \a\w\i\p\s ]]
+++ WCOSS2.env[337][[ verfozn = \g\e\m\p\a\k ]]
+++ WCOSS2.env[342][[ verfozn = \f\i\t\2\o\b\s ]]
+++ WCOSS2.env[347][[ verfozn = \w\a\v\e\a\w\i\p\s\b\u\l\l\s ]]
++ jjob_header.sh[117]true
++ jjob_header.sh[118]export err=0
++ jjob_header.sh[118]err=0
++ jjob_header.sh[119][[ 0 -ne 0 ]]
++ JGDAS_ATMOS_VERFOZN[12]date --utc +%Y%m%d%H -d '20241124 18 - 6 hours'
+ JGDAS_ATMOS_VERFOZN[12]GDATE=2024112412
+ JGDAS_ATMOS_VERFOZN[13]export gPDY=20241124
+ JGDAS_ATMOS_VERFOZN[13]gPDY=20241124
+ JGDAS_ATMOS_VERFOZN[14]export gcyc=12
+ JGDAS_ATMOS_VERFOZN[14]gcyc=12
+ JGDAS_ATMOS_VERFOZN[19]YMD=20241124
+ JGDAS_ATMOS_VERFOZN[19]HH=18
+ JGDAS_ATMOS_VERFOZN[19]declare_from_tmpl -rx COMIN_ATMOS_ANALYSIS:COM_ATMOS_ANALYSIS_TMPL
+ bash_utils.sh[39][[ NO == \N\O ]]
+ bash_utils.sh[39]set +x
declare_from_tmpl :: COMIN_ATMOS_ANALYSIS=/lfs/h2/emc/ptmp/emc.global/RETRO_GFSv17/comroot/retrotestgfs10/gdas.20241124/18//analysis/atmos
+ JGDAS_ATMOS_VERFOZN[21]YMD=20241124
+ JGDAS_ATMOS_VERFOZN[21]HH=18
+ JGDAS_ATMOS_VERFOZN[21]declare_from_tmpl -rx COMOUT_ATMOS_OZNMON:COM_ATMOS_OZNMON_TMPL
+ bash_utils.sh[39][[ NO == \N\O ]]
+ bash_utils.sh[39]set +x
declare_from_tmpl :: COMOUT_ATMOS_OZNMON=/lfs/h2/emc/ptmp/emc.global/RETRO_GFSv17/comroot/retrotestgfs10/gdas.20241124/18//products/atmos/oznmon
+ JGDAS_ATMOS_VERFOZN[24]export oznstat=/lfs/h2/emc/ptmp/emc.global/RETRO_GFSv17/comroot/retrotestgfs10/gdas.20241124/18//analysis/atmos/gdas.t18z.oznstat
+ JGDAS_ATMOS_VERFOZN[24]oznstat=/lfs/h2/emc/ptmp/emc.global/RETRO_GFSv17/comroot/retrotestgfs10/gdas.20241124/18//analysis/atmos/gdas.t18z.oznstat
+ JGDAS_ATMOS_VERFOZN[25]export TANKverf_ozn=/lfs/h2/emc/ptmp/emc.global/RETRO_GFSv17/comroot/retrotestgfs10/gdas.20241124/18//products/atmos/oznmon
+ JGDAS_ATMOS_VERFOZN[25]TANKverf_ozn=/lfs/h2/emc/ptmp/emc.global/RETRO_GFSv17/comroot/retrotestgfs10/gdas.20241124/18//products/atmos/oznmon
+ JGDAS_ATMOS_VERFOZN[27][[ ! -d /lfs/h2/emc/ptmp/emc.global/RETRO_GFSv17/comroot/retrotestgfs10/gdas.20241124/18//products/atmos/oznmon ]]
+ JGDAS_ATMOS_VERFOZN[27]mkdir -p /lfs/h2/emc/ptmp/emc.global/RETRO_GFSv17/comroot/retrotestgfs10/gdas.20241124/18//products/atmos/oznmon
+ JGDAS_ATMOS_VERFOZN[32]/lfs/h2/emc/global/noscrub/emc.global/RETRO_GFSv17/git/global-workflow/develop_20250602/scripts/exgdas_atmos_verfozn.sh
+ bash[8]'[' -z '' ']'
+ bash[9]case "$-" in
+ bash[12]__lmod_vx=x
+ bash[16]'[' -n x ']'
+ bash[16]set +x
Shell debugging temporarily silenced: export LMOD_SH_DBG_ON=1 for this output (/usr/share/lmod/lmod/init/bash)
Shell debugging restarted
+ bash[169]unset __lmod_vx
+ exgdas_atmos_verfozn.sh[10]export err=0
+ exgdas_atmos_verfozn.sh[10]err=0
+ exgdas_atmos_verfozn.sh[12]data_available=0
+ exgdas_atmos_verfozn.sh[14][[ -s /lfs/h2/emc/ptmp/emc.global/RETRO_GFSv17/comroot/retrotestgfs10/gdas.20241124/18//analysis/atmos/gdas.t18z.oznstat ]]
+ exgdas_atmos_verfozn.sh[15]data_available=1
+ exgdas_atmos_verfozn.sh[22]cpreq /lfs/h2/emc/ptmp/emc.global/RETRO_GFSv17/comroot/retrotestgfs10/gdas.20241124/18//analysis/atmos/gdas.t18z.oznstat ./oznstat.2024112418
+ cpreq[3]cp /lfs/h2/emc/ptmp/emc.global/RETRO_GFSv17/comroot/retrotestgfs10/gdas.20241124/18//analysis/atmos/gdas.t18z.oznstat ./oznstat.2024112418
+ cpreq[4]'[' 0 -ne 0 ']'
+ exgdas_atmos_verfozn.sh[24]tar -xvf oznstat.2024112418
diag_omi_aura_ges.2024112418.nc4.gz
diag_ompsnp_npp_ges.2024112418.nc4.gz
diag_ompstc8_npp_ges.2024112418.nc4.gz
diag_ompstc8_n20_ges.2024112418.nc4.gz
diag_ompsnp_n20_ges.2024112418.nc4.gz
diag_ompstc8_n21_ges.2024112418.nc4.gz
diag_ompsnp_n21_ges.2024112418.nc4.gz
diag_ompslp_npp_ges.2024112418.nc4.gz
diag_omi_aura_anl.2024112418.nc4.gz
diag_ompsnp_npp_anl.2024112418.nc4.gz
diag_ompstc8_npp_anl.2024112418.nc4.gz
diag_ompstc8_n20_anl.2024112418.nc4.gz
diag_ompsnp_n20_anl.2024112418.nc4.gz
diag_ompstc8_n21_anl.2024112418.nc4.gz
diag_ompsnp_n21_anl.2024112418.nc4.gz
diag_ompslp_npp_anl.2024112418.nc4.gz
+ exgdas_atmos_verfozn.sh[25]rm -f oznstat.2024112418
+ exgdas_atmos_verfozn.sh[27]netcdf=0
++ exgdas_atmos_verfozn.sh[28]wc -l
++ exgdas_atmos_verfozn.sh[28]ls diag_omi_aura_anl.2024112418.nc4.gz diag_omi_aura_ges.2024112418.nc4.gz diag_ompslp_npp_anl.2024112418.nc4.gz diag_ompslp_npp_ges.2024112418.nc4.gz diag_ompsnp_n20_anl.2024112418.nc4.gz diag_ompsnp_n20_ges.2024112418.nc4.gz diag_ompsnp_n21_anl.2024112418.nc4.gz diag_ompsnp_n21_ges.2024112418.nc4.gz diag_ompsnp_npp_anl.2024112418.nc4.gz diag_ompsnp_npp_ges.2024112418.nc4.gz diag_ompstc8_n20_anl.2024112418.nc4.gz diag_ompstc8_n20_ges.2024112418.nc4.gz diag_ompstc8_n21_anl.2024112418.nc4.gz diag_ompstc8_n21_ges.2024112418.nc4.gz diag_ompstc8_npp_anl.2024112418.nc4.gz diag_ompstc8_npp_ges.2024112418.nc4.gz
++ exgdas_atmos_verfozn.sh[28]grep .nc4
+ exgdas_atmos_verfozn.sh[28]count=16
+ exgdas_atmos_verfozn.sh[29]'[' 16 -gt 0 ']'
+ exgdas_atmos_verfozn.sh[30]netcdf=1
++ exgdas_atmos_verfozn.sh[31]ls diag_omi_aura_anl.2024112418.nc4.gz diag_omi_aura_ges.2024112418.nc4.gz diag_ompslp_npp_anl.2024112418.nc4.gz diag_ompslp_npp_ges.2024112418.nc4.gz diag_ompsnp_n20_anl.2024112418.nc4.gz diag_ompsnp_n20_ges.2024112418.nc4.gz diag_ompsnp_n21_anl.2024112418.nc4.gz diag_ompsnp_n21_ges.2024112418.nc4.gz diag_ompsnp_npp_anl.2024112418.nc4.gz diag_ompsnp_npp_ges.2024112418.nc4.gz diag_ompstc8_n20_anl.2024112418.nc4.gz diag_ompstc8_n20_ges.2024112418.nc4.gz diag_ompstc8_n21_anl.2024112418.nc4.gz diag_ompstc8_n21_ges.2024112418.nc4.gz diag_ompstc8_npp_anl.2024112418.nc4.gz diag_ompstc8_npp_ges.2024112418.nc4.gz
+ exgdas_atmos_verfozn.sh[31]for filenc4 in $(ls diag*nc4.gz)
++ exgdas_atmos_verfozn.sh[32]cut -d. -f1-2
++ exgdas_atmos_verfozn.sh[32]echo diag_omi_aura_anl.2024112418.nc4.gz
+ exgdas_atmos_verfozn.sh[32]file=diag_omi_aura_anl.2024112418.gz
+ exgdas_atmos_verfozn.sh[33]mv diag_omi_aura_anl.2024112418.nc4.gz diag_omi_aura_anl.2024112418.gz
+ exgdas_atmos_verfozn.sh[31]for filenc4 in $(ls diag*nc4.gz)
++ exgdas_atmos_verfozn.sh[32]echo diag_omi_aura_ges.2024112418.nc4.gz
++ exgdas_atmos_verfozn.sh[32]cut -d. -f1-2
+ exgdas_atmos_verfozn.sh[32]file=diag_omi_aura_ges.2024112418.gz
+ exgdas_atmos_verfozn.sh[33]mv diag_omi_aura_ges.2024112418.nc4.gz diag_omi_aura_ges.2024112418.gz
+ exgdas_atmos_verfozn.sh[31]for filenc4 in $(ls diag*nc4.gz)
++ exgdas_atmos_verfozn.sh[32]echo diag_ompslp_npp_anl.2024112418.nc4.gz
++ exgdas_atmos_verfozn.sh[32]cut -d. -f1-2
+ exgdas_atmos_verfozn.sh[32]file=diag_ompslp_npp_anl.2024112418.gz
+ exgdas_atmos_verfozn.sh[33]mv diag_ompslp_npp_anl.2024112418.nc4.gz diag_ompslp_npp_anl.2024112418.gz
+ exgdas_atmos_verfozn.sh[31]for filenc4 in $(ls diag*nc4.gz)
++ exgdas_atmos_verfozn.sh[32]echo diag_ompslp_npp_ges.2024112418.nc4.gz
++ exgdas_atmos_verfozn.sh[32]cut -d. -f1-2
+ exgdas_atmos_verfozn.sh[32]file=diag_ompslp_npp_ges.2024112418.gz
+ exgdas_atmos_verfozn.sh[33]mv diag_ompslp_npp_ges.2024112418.nc4.gz diag_ompslp_npp_ges.2024112418.gz
+ exgdas_atmos_verfozn.sh[31]for filenc4 in $(ls diag*nc4.gz)
++ exgdas_atmos_verfozn.sh[32]echo diag_ompsnp_n20_anl.2024112418.nc4.gz
++ exgdas_atmos_verfozn.sh[32]cut -d. -f1-2
+ exgdas_atmos_verfozn.sh[32]file=diag_ompsnp_n20_anl.2024112418.gz
+ exgdas_atmos_verfozn.sh[33]mv diag_ompsnp_n20_anl.2024112418.nc4.gz diag_ompsnp_n20_anl.2024112418.gz
+ exgdas_atmos_verfozn.sh[31]for filenc4 in $(ls diag*nc4.gz)
++ exgdas_atmos_verfozn.sh[32]echo diag_ompsnp_n20_ges.2024112418.nc4.gz
++ exgdas_atmos_verfozn.sh[32]cut -d. -f1-2
+ exgdas_atmos_verfozn.sh[32]file=diag_ompsnp_n20_ges.2024112418.gz
+ exgdas_atmos_verfozn.sh[33]mv diag_ompsnp_n20_ges.2024112418.nc4.gz diag_ompsnp_n20_ges.2024112418.gz
+ exgdas_atmos_verfozn.sh[31]for filenc4 in $(ls diag*nc4.gz)
++ exgdas_atmos_verfozn.sh[32]echo diag_ompsnp_n21_anl.2024112418.nc4.gz
++ exgdas_atmos_verfozn.sh[32]cut -d. -f1-2
+ exgdas_atmos_verfozn.sh[32]file=diag_ompsnp_n21_anl.2024112418.gz
+ exgdas_atmos_verfozn.sh[33]mv diag_ompsnp_n21_anl.2024112418.nc4.gz diag_ompsnp_n21_anl.2024112418.gz
+ exgdas_atmos_verfozn.sh[31]for filenc4 in $(ls diag*nc4.gz)
++ exgdas_atmos_verfozn.sh[32]echo diag_ompsnp_n21_ges.2024112418.nc4.gz
++ exgdas_atmos_verfozn.sh[32]cut -d. -f1-2
+ exgdas_atmos_verfozn.sh[32]file=diag_ompsnp_n21_ges.2024112418.gz
+ exgdas_atmos_verfozn.sh[33]mv diag_ompsnp_n21_ges.2024112418.nc4.gz diag_ompsnp_n21_ges.2024112418.gz
+ exgdas_atmos_verfozn.sh[31]for filenc4 in $(ls diag*nc4.gz)
++ exgdas_atmos_verfozn.sh[32]echo diag_ompsnp_npp_anl.2024112418.nc4.gz
++ exgdas_atmos_verfozn.sh[32]cut -d. -f1-2
+ exgdas_atmos_verfozn.sh[32]file=diag_ompsnp_npp_anl.2024112418.gz
+ exgdas_atmos_verfozn.sh[33]mv diag_ompsnp_npp_anl.2024112418.nc4.gz diag_ompsnp_npp_anl.2024112418.gz
+ exgdas_atmos_verfozn.sh[31]for filenc4 in $(ls diag*nc4.gz)
++ exgdas_atmos_verfozn.sh[32]echo diag_ompsnp_npp_ges.2024112418.nc4.gz
++ exgdas_atmos_verfozn.sh[32]cut -d. -f1-2
+ exgdas_atmos_verfozn.sh[32]file=diag_ompsnp_npp_ges.2024112418.gz
+ exgdas_atmos_verfozn.sh[33]mv diag_ompsnp_npp_ges.2024112418.nc4.gz diag_ompsnp_npp_ges.2024112418.gz
+ exgdas_atmos_verfozn.sh[31]for filenc4 in $(ls diag*nc4.gz)
++ exgdas_atmos_verfozn.sh[32]echo diag_ompstc8_n20_anl.2024112418.nc4.gz
++ exgdas_atmos_verfozn.sh[32]cut -d. -f1-2
+ exgdas_atmos_verfozn.sh[32]file=diag_ompstc8_n20_anl.2024112418.gz
+ exgdas_atmos_verfozn.sh[33]mv diag_ompstc8_n20_anl.2024112418.nc4.gz diag_ompstc8_n20_anl.2024112418.gz
+ exgdas_atmos_verfozn.sh[31]for filenc4 in $(ls diag*nc4.gz)
++ exgdas_atmos_verfozn.sh[32]cut -d. -f1-2
++ exgdas_atmos_verfozn.sh[32]echo diag_ompstc8_n20_ges.2024112418.nc4.gz
+ exgdas_atmos_verfozn.sh[32]file=diag_ompstc8_n20_ges.2024112418.gz
+ exgdas_atmos_verfozn.sh[33]mv diag_ompstc8_n20_ges.2024112418.nc4.gz diag_ompstc8_n20_ges.2024112418.gz
+ exgdas_atmos_verfozn.sh[31]for filenc4 in $(ls diag*nc4.gz)
++ exgdas_atmos_verfozn.sh[32]echo diag_ompstc8_n21_anl.2024112418.nc4.gz
++ exgdas_atmos_verfozn.sh[32]cut -d. -f1-2
+ exgdas_atmos_verfozn.sh[32]file=diag_ompstc8_n21_anl.2024112418.gz
+ exgdas_atmos_verfozn.sh[33]mv diag_ompstc8_n21_anl.2024112418.nc4.gz diag_ompstc8_n21_anl.2024112418.gz
+ exgdas_atmos_verfozn.sh[31]for filenc4 in $(ls diag*nc4.gz)
++ exgdas_atmos_verfozn.sh[32]echo diag_ompstc8_n21_ges.2024112418.nc4.gz
++ exgdas_atmos_verfozn.sh[32]cut -d. -f1-2
+ exgdas_atmos_verfozn.sh[32]file=diag_ompstc8_n21_ges.2024112418.gz
+ exgdas_atmos_verfozn.sh[33]mv diag_ompstc8_n21_ges.2024112418.nc4.gz diag_ompstc8_n21_ges.2024112418.gz
+ exgdas_atmos_verfozn.sh[31]for filenc4 in $(ls diag*nc4.gz)
++ exgdas_atmos_verfozn.sh[32]echo diag_ompstc8_npp_anl.2024112418.nc4.gz
++ exgdas_atmos_verfozn.sh[32]cut -d. -f1-2
+ exgdas_atmos_verfozn.sh[32]file=diag_ompstc8_npp_anl.2024112418.gz
+ exgdas_atmos_verfozn.sh[33]mv diag_ompstc8_npp_anl.2024112418.nc4.gz diag_ompstc8_npp_anl.2024112418.gz
+ exgdas_atmos_verfozn.sh[31]for filenc4 in $(ls diag*nc4.gz)
++ exgdas_atmos_verfozn.sh[32]echo diag_ompstc8_npp_ges.2024112418.nc4.gz
++ exgdas_atmos_verfozn.sh[32]cut -d. -f1-2
+ exgdas_atmos_verfozn.sh[32]file=diag_ompstc8_npp_ges.2024112418.gz
+ exgdas_atmos_verfozn.sh[33]mv diag_ompstc8_npp_ges.2024112418.nc4.gz diag_ompstc8_npp_ges.2024112418.gz
+ exgdas_atmos_verfozn.sh[37]export OZNMON_NETCDF=1
+ exgdas_atmos_verfozn.sh[37]OZNMON_NETCDF=1
+ exgdas_atmos_verfozn.sh[39]/lfs/h2/emc/global/noscrub/emc.global/RETRO_GFSv17/git/global-workflow/develop_20250602/ush/ozn_xtrct.sh
+ bash[8]'[' -z '' ']'
+ bash[9]case "$-" in
+ bash[12]__lmod_vx=x
+ bash[16]'[' -n x ']'
+ bash[16]set +x
Shell debugging temporarily silenced: export LMOD_SH_DBG_ON=1 for this output (/usr/share/lmod/lmod/init/bash)
Shell debugging restarted
+ bash[169]unset __lmod_vx
+ ozn_xtrct.sh[52]iret=0
+ ozn_xtrct.sh[53]VALIDATE_DATA=1
+ ozn_xtrct.sh[54]nregion=6
+ ozn_xtrct.sh[55]DO_DATA_RPT=1
+ ozn_xtrct.sh[57]netcdf_boolean=.false.
+ ozn_xtrct.sh[58][[ 1 -eq 1 ]]
+ ozn_xtrct.sh[59]netcdf_boolean=.true.
+ ozn_xtrct.sh[62]OZNMON_NEW_HDR=0
+ ozn_xtrct.sh[63]new_hdr=F
+ ozn_xtrct.sh[64][[ 0 -eq 1 ]]
+ ozn_xtrct.sh[71]validate=.FALSE.
+ ozn_xtrct.sh[72][[ 1 -eq 1 ]]
+ ozn_xtrct.sh[73][[ ! -e /lfs/h2/emc/global/noscrub/emc.global/RETRO_GFSv17/git/global-workflow/develop_20250602/parm/monitor/gdas_oznmon_base.tar ]]
+ ozn_xtrct.sh[78]validate=.TRUE.
++ ozn_xtrct.sh[79]basename /lfs/h2/emc/global/noscrub/emc.global/RETRO_GFSv17/git/global-workflow/develop_20250602/parm/monitor/gdas_oznmon_base.tar
+ ozn_xtrct.sh[79]val_file=gdas_oznmon_base.tar
+ ozn_xtrct.sh[80]cpreq /lfs/h2/emc/global/noscrub/emc.global/RETRO_GFSv17/git/global-workflow/develop_20250602/parm/monitor/gdas_oznmon_base.tar gdas_oznmon_base.tar
+ cpreq[3]cp /lfs/h2/emc/global/noscrub/emc.global/RETRO_GFSv17/git/global-workflow/develop_20250602/parm/monitor/gdas_oznmon_base.tar gdas_oznmon_base.tar
+ cpreq[4]'[' 0 -ne 0 ']'
+ ozn_xtrct.sh[81]tar -xvf gdas_oznmon_base.tar
gome_metop-b.base
omi_aura.base
ompslp_npp.base
ompsnp_n20.base
ompsnp_npp.base
ompstc8_n20.base
ompstc8_npp.base
+ ozn_xtrct.sh[84]echo 'VALIDATE_DATA, validate = 1, .TRUE. '
VALIDATE_DATA, validate = 1, .TRUE. 
+ ozn_xtrct.sh[92]ozn_ptype='ges anl'
++ ozn_xtrct.sh[102]sed -e 's/_/ /g;s/\./ /'
++ ozn_xtrct.sh[102]gawk '{ print $2 "_" $3 }'
++ ozn_xtrct.sh[102]ls -1 diag_omi_aura_ges.2024112418.gz diag_ompslp_npp_ges.2024112418.gz diag_ompsnp_n20_ges.2024112418.gz diag_ompsnp_n21_ges.2024112418.gz diag_ompsnp_npp_ges.2024112418.gz diag_ompstc8_n20_ges.2024112418.gz diag_ompstc8_n21_ges.2024112418.gz diag_ompstc8_npp_ges.2024112418.gz
+ ozn_xtrct.sh[102]avail_satype='omi_aura
ompslp_npp
ompsnp_n20
ompsnp_n21
ompsnp_npp
ompstc8_n20
ompstc8_n21
ompstc8_npp'
+ ozn_xtrct.sh[104][[ 1 -eq 1 ]]
+ ozn_xtrct.sh[105][[ -e /lfs/h2/emc/global/noscrub/emc.global/RETRO_GFSv17/git/global-workflow/develop_20250602/parm/monitor/gdas_oznmon_satype.txt ]]
++ ozn_xtrct.sh[106]cat /lfs/h2/emc/global/noscrub/emc.global/RETRO_GFSv17/git/global-workflow/develop_20250602/parm/monitor/gdas_oznmon_satype.txt
+ ozn_xtrct.sh[106]satype='gome_metop-b gome_metop-c omi_aura ompsnp_npp ompstc8_npp ompsnp_n20 ompstc8_n20 ompslp_npp ompsnp_n21 ompstc8_n21'
+ ozn_xtrct.sh[107]check_diag_files 2024112418 'gome_metop-b gome_metop-c omi_aura ompsnp_npp ompstc8_npp ompsnp_n20 ompstc8_n20 ompslp_npp ompsnp_n21 ompstc8_n21' 'omi_aura
ompslp_npp
ompsnp_n20
ompsnp_n21
ompsnp_npp
ompstc8_n20
ompstc8_n21
ompstc8_npp'
+ ozn_xtrct.sh[32]pdate=2024112418
+ ozn_xtrct.sh[33]found_satype='gome_metop-b gome_metop-c omi_aura ompsnp_npp ompstc8_npp ompsnp_n20 ompstc8_n20 ompslp_npp ompsnp_n21 ompstc8_n21'
+ ozn_xtrct.sh[34]avail_satype='omi_aura
ompslp_npp
ompsnp_n20
ompsnp_n21
ompsnp_npp
ompstc8_n20
ompstc8_n21
ompstc8_npp'
+ ozn_xtrct.sh[36]out_file=bad_diag.2024112418
+ ozn_xtrct.sh[38]printf '\n\n--> check_diag_files\n'


--> check_diag_files
+ ozn_xtrct.sh[40]for type in ${found_satype}
++ ozn_xtrct.sh[41]wc -c
++ ozn_xtrct.sh[41]echo 'omi_aura
ompslp_npp
ompsnp_n20
ompsnp_n21
ompsnp_npp
ompstc8_n20
ompstc8_n21
ompstc8_npp'
++ ozn_xtrct.sh[41]grep gome_metop-b
+ ozn_xtrct.sh[41]len_check=0
+ ozn_xtrct.sh[43][[ 0 -le 1 ]]
+ ozn_xtrct.sh[44]echo 'missing diag file -- diag_gome_metop-b_ges.2024112418.gz not found'
+ ozn_xtrct.sh[40]for type in ${found_satype}
++ ozn_xtrct.sh[41]wc -c
++ ozn_xtrct.sh[41]echo 'omi_aura
ompslp_npp
ompsnp_n20
ompsnp_n21
ompsnp_npp
ompstc8_n20
ompstc8_n21
ompstc8_npp'
++ ozn_xtrct.sh[41]grep gome_metop-c
+ ozn_xtrct.sh[41]len_check=0
+ ozn_xtrct.sh[43][[ 0 -le 1 ]]
+ ozn_xtrct.sh[44]echo 'missing diag file -- diag_gome_metop-c_ges.2024112418.gz not found'
+ ozn_xtrct.sh[40]for type in ${found_satype}
++ ozn_xtrct.sh[41]wc -c
++ ozn_xtrct.sh[41]echo 'omi_aura
ompslp_npp
ompsnp_n20
ompsnp_n21
ompsnp_npp
ompstc8_n20
ompstc8_n21
ompstc8_npp'
++ ozn_xtrct.sh[41]grep omi_aura
+ ozn_xtrct.sh[41]len_check=9
+ ozn_xtrct.sh[43][[ 9 -le 1 ]]
+ ozn_xtrct.sh[40]for type in ${found_satype}
++ ozn_xtrct.sh[41]wc -c
++ ozn_xtrct.sh[41]echo 'omi_aura
ompslp_npp
ompsnp_n20
ompsnp_n21
ompsnp_npp
ompstc8_n20
ompstc8_n21
ompstc8_npp'
++ ozn_xtrct.sh[41]grep ompsnp_npp
+ ozn_xtrct.sh[41]len_check=11
+ ozn_xtrct.sh[43][[ 11 -le 1 ]]
+ ozn_xtrct.sh[40]for type in ${found_satype}
++ ozn_xtrct.sh[41]wc -c
++ ozn_xtrct.sh[41]echo 'omi_aura
ompslp_npp
ompsnp_n20
ompsnp_n21
ompsnp_npp
ompstc8_n20
ompstc8_n21
ompstc8_npp'
++ ozn_xtrct.sh[41]grep ompstc8_npp
+ ozn_xtrct.sh[41]len_check=12
+ ozn_xtrct.sh[43][[ 12 -le 1 ]]
+ ozn_xtrct.sh[40]for type in ${found_satype}
++ ozn_xtrct.sh[41]wc -c
++ ozn_xtrct.sh[41]echo 'omi_aura
ompslp_npp
ompsnp_n20
ompsnp_n21
ompsnp_npp
ompstc8_n20
ompstc8_n21
ompstc8_npp'
++ ozn_xtrct.sh[41]grep ompsnp_n20
+ ozn_xtrct.sh[41]len_check=11
+ ozn_xtrct.sh[43][[ 11 -le 1 ]]
+ ozn_xtrct.sh[40]for type in ${found_satype}
++ ozn_xtrct.sh[41]wc -c
++ ozn_xtrct.sh[41]echo 'omi_aura
ompslp_npp
ompsnp_n20
ompsnp_n21
ompsnp_npp
ompstc8_n20
ompstc8_n21
ompstc8_npp'
++ ozn_xtrct.sh[41]grep ompstc8_n20
+ ozn_xtrct.sh[41]len_check=12
+ ozn_xtrct.sh[43][[ 12 -le 1 ]]
+ ozn_xtrct.sh[40]for type in ${found_satype}
++ ozn_xtrct.sh[41]wc -c
++ ozn_xtrct.sh[41]echo 'omi_aura
ompslp_npp
ompsnp_n20
ompsnp_n21
ompsnp_npp
ompstc8_n20
ompstc8_n21
ompstc8_npp'
++ ozn_xtrct.sh[41]grep ompslp_npp
+ ozn_xtrct.sh[41]len_check=11
+ ozn_xtrct.sh[43][[ 11 -le 1 ]]
+ ozn_xtrct.sh[40]for type in ${found_satype}
++ ozn_xtrct.sh[41]wc -c
++ ozn_xtrct.sh[41]echo 'omi_aura
ompslp_npp
ompsnp_n20
ompsnp_n21
ompsnp_npp
ompstc8_n20
ompstc8_n21
ompstc8_npp'
++ ozn_xtrct.sh[41]grep ompsnp_n21
+ ozn_xtrct.sh[41]len_check=11
+ ozn_xtrct.sh[43][[ 11 -le 1 ]]
+ ozn_xtrct.sh[40]for type in ${found_satype}
++ ozn_xtrct.sh[41]wc -c
++ ozn_xtrct.sh[41]echo 'omi_aura
ompslp_npp
ompsnp_n20
ompsnp_n21
ompsnp_npp
ompstc8_n20
ompstc8_n21
ompstc8_npp'
++ ozn_xtrct.sh[41]grep ompstc8_n21
+ ozn_xtrct.sh[41]len_check=12
+ ozn_xtrct.sh[43][[ 12 -le 1 ]]
+ ozn_xtrct.sh[48]echo '<-- check_diag_files'
<-- check_diag_files
+ ozn_xtrct.sh[48]echo ''

+ ozn_xtrct.sh[48]echo ''

++ ozn_xtrct.sh[113]echo -n 'gome_metop-b gome_metop-c omi_aura ompsnp_npp ompstc8_npp ompsnp_n20 ompstc8_n20 ompslp_npp ompsnp_n21 ompstc8_n21'
++ ozn_xtrct.sh[113]wc -c
+ ozn_xtrct.sh[113]len_satype=114
+ ozn_xtrct.sh[115][[ 114 -le 1 ]]
+ ozn_xtrct.sh[119]echo 'gome_metop-b gome_metop-c omi_aura ompsnp_npp ompstc8_npp ompsnp_n20 ompstc8_n20 ompslp_npp ompsnp_n21 ompstc8_n21'
gome_metop-b gome_metop-c omi_aura ompsnp_npp ompstc8_npp ompsnp_n20 ompstc8_n20 ompslp_npp ompsnp_n21 ompstc8_n21
++ ozn_xtrct.sh[122]echo -n 'gome_metop-b gome_metop-c omi_aura ompsnp_npp ompstc8_npp ompsnp_n20 ompstc8_n20 ompslp_npp ompsnp_n21 ompstc8_n21'
++ ozn_xtrct.sh[122]wc -c
+ ozn_xtrct.sh[122]len_satype=114
+ ozn_xtrct.sh[124][[ 1 -eq 1 ]]
+ ozn_xtrct.sh[124][[ 114 -lt 1 ]]
+ ozn_xtrct.sh[132]cpreq /lfs/h2/emc/global/noscrub/emc.global/RETRO_GFSv17/git/global-workflow/develop_20250602/exec/oznmon_time.x ./oznmon_time.x
+ cpreq[3]cp /lfs/h2/emc/global/noscrub/emc.global/RETRO_GFSv17/git/global-workflow/develop_20250602/exec/oznmon_time.x ./oznmon_time.x
+ cpreq[4]'[' 0 -ne 0 ']'
+ ozn_xtrct.sh[133]cpreq /lfs/h2/emc/global/noscrub/emc.global/RETRO_GFSv17/git/global-workflow/develop_20250602/exec/oznmon_horiz.x ./oznmon_horiz.x
+ cpreq[3]cp /lfs/h2/emc/global/noscrub/emc.global/RETRO_GFSv17/git/global-workflow/develop_20250602/exec/oznmon_horiz.x ./oznmon_horiz.x
+ cpreq[4]'[' 0 -ne 0 ']'
+ ozn_xtrct.sh[138]for ptype in ${ozn_ptype}
+ ozn_xtrct.sh[140]iyy=2024
+ ozn_xtrct.sh[141]imm=11
+ ozn_xtrct.sh[142]idd=24
+ ozn_xtrct.sh[143]ihh=18
+ ozn_xtrct.sh[145]for type in ${avail_satype}
+ ozn_xtrct.sh[146][[ -f diag_omi_aura_ges.2024112418.gz ]]
+ ozn_xtrct.sh[147]mv diag_omi_aura_ges.2024112418.gz omi_aura.ges.gz
+ ozn_xtrct.sh[148]gunzip ./omi_aura.ges.gz
+ gunzip[26]version='gunzip (gzip) 1.10
Copyright (C) 2007, 2011-2018 Free Software Foundation, Inc.
This is free software.  You may redistribute copies of it under the terms of
the GNU General Public License <https://www.gnu.org/licenses/gpl.html>.
There is NO WARRANTY, to the extent permitted by law.

Written by Paul Eggert.'
+ gunzip[50]usage='Usage: /usr/bin/gunzip [OPTION]... [FILE]...
Uncompress FILEs (by default, in-place).

Mandatory arguments to long options are mandatory for short options too.

  -c, --stdout      write on standard output, keep original files unchanged
  -f, --force       force overwrite of output file and compress links
  -k, --keep        keep (don'\''t delete) input files
  -l, --list        list compressed file contents
  -n, --no-name     do not save or restore the original name and timestamp
  -N, --name        save or restore the original name and timestamp
  -q, --quiet       suppress all warnings
  -r, --recursive   operate recursively on directories
  -S, --suffix=SUF  use suffix SUF on compressed files
      --synchronous synchronous output (safer if system crashes, but slower)
  -t, --test        test compressed file integrity
  -v, --verbose     verbose mode
      --help        display this help and exit
      --version     display version information and exit

With no FILE, or when FILE is -, read standard input.

Report bugs to <bug-gzip@gnu.org>.'
+ gunzip[52]case $1 in
+ gunzip[57]exec gzip -d ./omi_aura.ges.gz
+ ozn_xtrct.sh[150]echo 'processing ptype, type:  ges, omi_aura'
processing ptype, type:  ges, omi_aura
+ ozn_xtrct.sh[151]rm -f input
+ ozn_xtrct.sh[153]cat
+ ozn_xtrct.sh[177]echo 'oznmon_time.x HAS STARTED omi_aura'
oznmon_time.x HAS STARTED omi_aura
+ ozn_xtrct.sh[179]./oznmon_time.x
+ ozn_xtrct.sh[181]echo 'oznmon_time.x HAS ENDED omi_aura'
oznmon_time.x HAS ENDED omi_aura
+ ozn_xtrct.sh[183][[ ! -d /lfs/h2/emc/ptmp/emc.global/RETRO_GFSv17/comroot/retrotestgfs10/gdas.20241124/18//products/atmos/oznmon/time ]]
+ ozn_xtrct.sh[184]mkdir -p /lfs/h2/emc/ptmp/emc.global/RETRO_GFSv17/comroot/retrotestgfs10/gdas.20241124/18//products/atmos/oznmon/time
+ ozn_xtrct.sh[186]cpfs omi_aura.ges.ctl /lfs/h2/emc/ptmp/emc.global/RETRO_GFSv17/comroot/retrotestgfs10/gdas.20241124/18//products/atmos/oznmon/time/
+ cpfs[3]'[' 2 -ne 2 ']'
+ cpfs[8]'[' /lfs/h2/emc/ptmp/emc.global/RETRO_GFSv17/comroot/retrotestgfs10/gdas.20241124/18//products/atmos/oznmon/time/ = . -o /lfs/h2/emc/ptmp/emc.global/RETRO_GFSv17/comroot/retrotestgfs10/gdas.20241124/18//products/atmos/oznmon/time/ = ./ ']'
+ cpfs[10]'[' -d /lfs/h2/emc/ptmp/emc.global/RETRO_GFSv17/comroot/retrotestgfs10/gdas.20241124/18//products/atmos/oznmon/time/ ']'
++ cpfs[11]basename omi_aura.ges.ctl
+ cpfs[11]cpdstfile=/lfs/h2/emc/ptmp/emc.global/RETRO_GFSv17/comroot/retrotestgfs10/gdas.20241124/18//products/atmos/oznmon/time/omi_aura.ges.ctl
+ cpfs[16]cp omi_aura.ges.ctl /lfs/h2/emc/ptmp/emc.global/RETRO_GFSv17/comroot/retrotestgfs10/gdas.20241124/18//products/atmos/oznmon/time/omi_aura.ges.ctl.cptmp
+ cpfs[18]'[' 0 -ne 0 ']'
+ cpfs[22]/apps/ops/prod/nco/core/prod_util.v2.0.9/exec/fsync_file /lfs/h2/emc/ptmp/emc.global/RETRO_GFSv17/comroot/retrotestgfs10/gdas.20241124/18//products/atmos/oznmon/time/omi_aura.ges.ctl.cptmp
+ cpfs[23]'[' 0 -ne 0 ']'
+ cpfs[27]mv /lfs/h2/emc/ptmp/emc.global/RETRO_GFSv17/comroot/retrotestgfs10/gdas.20241124/18//products/atmos/oznmon/time/omi_aura.ges.ctl.cptmp /lfs/h2/emc/ptmp/emc.global/RETRO_GFSv17/comroot/retrotestgfs10/gdas.20241124/18//products/atmos/oznmon/time/omi_aura.ges.ctl
+ cpfs[28]'[' 0 -ne 0 ']'
+ ozn_xtrct.sh[187]cpfs omi_aura.ges.2024112418.ieee_d /lfs/h2/emc/ptmp/emc.global/RETRO_GFSv17/comroot/retrotestgfs10/gdas.20241124/18//products/atmos/oznmon/time/
+ cpfs[3]'[' 2 -ne 2 ']'
+ cpfs[8]'[' /lfs/h2/emc/ptmp/emc.global/RETRO_GFSv17/comroot/retrotestgfs10/gdas.20241124/18//products/atmos/oznmon/time/ = . -o /lfs/h2/emc/ptmp/emc.global/RETRO_GFSv17/comroot/retrotestgfs10/gdas.20241124/18//products/atmos/oznmon/time/ = ./ ']'
+ cpfs[10]'[' -d /lfs/h2/emc/ptmp/emc.global/RETRO_GFSv17/comroot/retrotestgfs10/gdas.20241124/18//products/atmos/oznmon/time/ ']'
++ cpfs[11]basename omi_aura.ges.2024112418.ieee_d
+ cpfs[11]cpdstfile=/lfs/h2/emc/ptmp/emc.global/RETRO_GFSv17/comroot/retrotestgfs10/gdas.20241124/18//products/atmos/oznmon/time/omi_aura.ges.2024112418.ieee_d
+ cpfs[16]cp omi_aura.ges.2024112418.ieee_d /lfs/h2/emc/ptmp/emc.global/RETRO_GFSv17/comroot/retrotestgfs10/gdas.20241124/18//products/atmos/oznmon/time/omi_aura.ges.2024112418.ieee_d.cptmp
+ cpfs[18]'[' 0 -ne 0 ']'
+ cpfs[22]/apps/ops/prod/nco/core/prod_util.v2.0.9/exec/fsync_file /lfs/h2/emc/ptmp/emc.global/RETRO_GFSv17/comroot/retrotestgfs10/gdas.20241124/18//products/atmos/oznmon/time/omi_aura.ges.2024112418.ieee_d.cptmp
+ cpfs[23]'[' 0 -ne 0 ']'
+ cpfs[27]mv /lfs/h2/emc/ptmp/emc.global/RETRO_GFSv17/comroot/retrotestgfs10/gdas.20241124/18//products/atmos/oznmon/time/omi_aura.ges.2024112418.ieee_d.cptmp /lfs/h2/emc/ptmp/emc.global/RETRO_GFSv17/comroot/retrotestgfs10/gdas.20241124/18//products/atmos/oznmon/time/omi_aura.ges.2024112418.ieee_d
+ cpfs[28]'[' 0 -ne 0 ']'
+ ozn_xtrct.sh[189]compgen -G 'bad*'
+ ozn_xtrct.sh[190]for bad_file in bad*
+ ozn_xtrct.sh[191]cpfs bad_cnt.2024112418 /lfs/h2/emc/ptmp/emc.global/RETRO_GFSv17/comroot/retrotestgfs10/gdas.20241124/18//products/atmos/oznmon/time/
+ cpfs[3]'[' 2 -ne 2 ']'
+ cpfs[8]'[' /lfs/h2/emc/ptmp/emc.global/RETRO_GFSv17/comroot/retrotestgfs10/gdas.20241124/18//products/atmos/oznmon/time/ = . -o /lfs/h2/emc/ptmp/emc.global/RETRO_GFSv17/comroot/retrotestgfs10/gdas.20241124/18//products/atmos/oznmon/time/ = ./ ']'
+ cpfs[10]'[' -d /lfs/h2/emc/ptmp/emc.global/RETRO_GFSv17/comroot/retrotestgfs10/gdas.20241124/18//products/atmos/oznmon/time/ ']'
++ cpfs[11]basename bad_cnt.2024112418
+ cpfs[11]cpdstfile=/lfs/h2/emc/ptmp/emc.global/RETRO_GFSv17/comroot/retrotestgfs10/gdas.20241124/18//products/atmos/oznmon/time/bad_cnt.2024112418
+ cpfs[16]cp bad_cnt.2024112418 /lfs/h2/emc/ptmp/emc.global/RETRO_GFSv17/comroot/retrotestgfs10/gdas.20241124/18//products/atmos/oznmon/time/bad_cnt.2024112418.cptmp
+ cpfs[18]'[' 0 -ne 0 ']'
+ cpfs[22]/apps/ops/prod/nco/core/prod_util.v2.0.9/exec/fsync_file /lfs/h2/emc/ptmp/emc.global/RETRO_GFSv17/comroot/retrotestgfs10/gdas.20241124/18//products/atmos/oznmon/time/bad_cnt.2024112418.cptmp
+ cpfs[23]'[' 0 -ne 0 ']'
+ cpfs[27]mv /lfs/h2/emc/ptmp/emc.global/RETRO_GFSv17/comroot/retrotestgfs10/gdas.20241124/18//products/atmos/oznmon/time/bad_cnt.2024112418.cptmp /lfs/h2/emc/ptmp/emc.global/RETRO_GFSv17/comroot/retrotestgfs10/gdas.20241124/18//products/atmos/oznmon/time/bad_cnt.2024112418
+ cpfs[28]'[' 0 -ne 0 ']'
+ ozn_xtrct.sh[190]for bad_file in bad*
+ ozn_xtrct.sh[191]cpfs bad_diag.2024112418 /lfs/h2/emc/ptmp/emc.global/RETRO_GFSv17/comroot/retrotestgfs10/gdas.20241124/18//products/atmos/oznmon/time/
+ cpfs[3]'[' 2 -ne 2 ']'
+ cpfs[8]'[' /lfs/h2/emc/ptmp/emc.global/RETRO_GFSv17/comroot/retrotestgfs10/gdas.20241124/18//products/atmos/oznmon/time/ = . -o /lfs/h2/emc/ptmp/emc.global/RETRO_GFSv17/comroot/retrotestgfs10/gdas.20241124/18//products/atmos/oznmon/time/ = ./ ']'
+ cpfs[10]'[' -d /lfs/h2/emc/ptmp/emc.global/RETRO_GFSv17/comroot/retrotestgfs10/gdas.20241124/18//products/atmos/oznmon/time/ ']'
++ cpfs[11]basename bad_diag.2024112418
+ cpfs[11]cpdstfile=/lfs/h2/emc/ptmp/emc.global/RETRO_GFSv17/comroot/retrotestgfs10/gdas.20241124/18//products/atmos/oznmon/time/bad_diag.2024112418
+ cpfs[16]cp bad_diag.2024112418 /lfs/h2/emc/ptmp/emc.global/RETRO_GFSv17/comroot/retrotestgfs10/gdas.20241124/18//products/atmos/oznmon/time/bad_diag.2024112418.cptmp
+ cpfs[18]'[' 0 -ne 0 ']'
+ cpfs[22]/apps/ops/prod/nco/core/prod_util.v2.0.9/exec/fsync_file /lfs/h2/emc/ptmp/emc.global/RETRO_GFSv17/comroot/retrotestgfs10/gdas.20241124/18//products/atmos/oznmon/time/bad_diag.2024112418.cptmp
+ cpfs[23]'[' 0 -ne 0 ']'
+ cpfs[27]mv /lfs/h2/emc/ptmp/emc.global/RETRO_GFSv17/comroot/retrotestgfs10/gdas.20241124/18//products/atmos/oznmon/time/bad_diag.2024112418.cptmp /lfs/h2/emc/ptmp/emc.global/RETRO_GFSv17/comroot/retrotestgfs10/gdas.20241124/18//products/atmos/oznmon/time/bad_diag.2024112418
+ cpfs[28]'[' 0 -ne 0 ']'
+ ozn_xtrct.sh[190]for bad_file in bad*
+ ozn_xtrct.sh[191]cpfs bad_pen.2024112418 /lfs/h2/emc/ptmp/emc.global/RETRO_GFSv17/comroot/retrotestgfs10/gdas.20241124/18//products/atmos/oznmon/time/
+ cpfs[3]'[' 2 -ne 2 ']'
+ cpfs[8]'[' /lfs/h2/emc/ptmp/emc.global/RETRO_GFSv17/comroot/retrotestgfs10/gdas.20241124/18//products/atmos/oznmon/time/ = . -o /lfs/h2/emc/ptmp/emc.global/RETRO_GFSv17/comroot/retrotestgfs10/gdas.20241124/18//products/atmos/oznmon/time/ = ./ ']'
+ cpfs[10]'[' -d /lfs/h2/emc/ptmp/emc.global/RETRO_GFSv17/comroot/retrotestgfs10/gdas.20241124/18//products/atmos/oznmon/time/ ']'
++ cpfs[11]basename bad_pen.2024112418
+ cpfs[11]cpdstfile=/lfs/h2/emc/ptmp/emc.global/RETRO_GFSv17/comroot/retrotestgfs10/gdas.20241124/18//products/atmos/oznmon/time/bad_pen.2024112418
+ cpfs[16]cp bad_pen.2024112418 /lfs/h2/emc/ptmp/emc.global/RETRO_GFSv17/comroot/retrotestgfs10/gdas.20241124/18//products/atmos/oznmon/time/bad_pen.2024112418.cptmp
+ cpfs[18]'[' 0 -ne 0 ']'
+ cpfs[22]/apps/ops/prod/nco/core/prod_util.v2.0.9/exec/fsync_file /lfs/h2/emc/ptmp/emc.global/RETRO_GFSv17/comroot/retrotestgfs10/gdas.20241124/18//products/atmos/oznmon/time/bad_pen.2024112418.cptmp
+ cpfs[23]'[' 0 -ne 0 ']'
+ cpfs[27]mv /lfs/h2/emc/ptmp/emc.global/RETRO_GFSv17/comroot/retrotestgfs10/gdas.20241124/18//products/atmos/oznmon/time/bad_pen.2024112418.cptmp /lfs/h2/emc/ptmp/emc.global/RETRO_GFSv17/comroot/retrotestgfs10/gdas.20241124/18//products/atmos/oznmon/time/bad_pen.2024112418
+ cpfs[28]'[' 0 -ne 0 ']'
+ ozn_xtrct.sh[195]rm -f input
+ ozn_xtrct.sh[197]cat
+ ozn_xtrct.sh[212]echo 'oznmon_horiz.x HAS STARTED omi_aura'
oznmon_horiz.x HAS STARTED omi_aura
+ ozn_xtrct.sh[214]./oznmon_horiz.x
+ ozn_xtrct.sh[216]echo 'oznmon_horiz.x HAS ENDED omi_aura'
oznmon_horiz.x HAS ENDED omi_aura
+ ozn_xtrct.sh[218][[ ! -d /lfs/h2/emc/ptmp/emc.global/RETRO_GFSv17/comroot/retrotestgfs10/gdas.20241124/18//products/atmos/oznmon/horiz ]]
+ ozn_xtrct.sh[219]mkdir -p /lfs/h2/emc/ptmp/emc.global/RETRO_GFSv17/comroot/retrotestgfs10/gdas.20241124/18//products/atmos/oznmon/horiz
+ ozn_xtrct.sh[221]cpfs omi_aura.ges.ctl /lfs/h2/emc/ptmp/emc.global/RETRO_GFSv17/comroot/retrotestgfs10/gdas.20241124/18//products/atmos/oznmon/horiz/
+ cpfs[3]'[' 2 -ne 2 ']'
+ cpfs[8]'[' /lfs/h2/emc/ptmp/emc.global/RETRO_GFSv17/comroot/retrotestgfs10/gdas.20241124/18//products/atmos/oznmon/horiz/ = . -o /lfs/h2/emc/ptmp/emc.global/RETRO_GFSv17/comroot/retrotestgfs10/gdas.20241124/18//products/atmos/oznmon/horiz/ = ./ ']'
+ cpfs[10]'[' -d /lfs/h2/emc/ptmp/emc.global/RETRO_GFSv17/comroot/retrotestgfs10/gdas.20241124/18//products/atmos/oznmon/horiz/ ']'
++ cpfs[11]basename omi_aura.ges.ctl
+ cpfs[11]cpdstfile=/lfs/h2/emc/ptmp/emc.global/RETRO_GFSv17/comroot/retrotestgfs10/gdas.20241124/18//products/atmos/oznmon/horiz/omi_aura.ges.ctl
+ cpfs[16]cp omi_aura.ges.ctl /lfs/h2/emc/ptmp/emc.global/RETRO_GFSv17/comroot/retrotestgfs10/gdas.20241124/18//products/atmos/oznmon/horiz/omi_aura.ges.ctl.cptmp
+ cpfs[18]'[' 0 -ne 0 ']'
+ cpfs[22]/apps/ops/prod/nco/core/prod_util.v2.0.9/exec/fsync_file /lfs/h2/emc/ptmp/emc.global/RETRO_GFSv17/comroot/retrotestgfs10/gdas.20241124/18//products/atmos/oznmon/horiz/omi_aura.ges.ctl.cptmp
+ cpfs[23]'[' 0 -ne 0 ']'
+ cpfs[27]mv /lfs/h2/emc/ptmp/emc.global/RETRO_GFSv17/comroot/retrotestgfs10/gdas.20241124/18//products/atmos/oznmon/horiz/omi_aura.ges.ctl.cptmp /lfs/h2/emc/ptmp/emc.global/RETRO_GFSv17/comroot/retrotestgfs10/gdas.20241124/18//products/atmos/oznmon/horiz/omi_aura.ges.ctl
+ cpfs[28]'[' 0 -ne 0 ']'
+ ozn_xtrct.sh[223]gzip omi_aura.ges.2024112418.ieee_d
+ ozn_xtrct.sh[224]cpfs omi_aura.ges.2024112418.ieee_d.gz /lfs/h2/emc/ptmp/emc.global/RETRO_GFSv17/comroot/retrotestgfs10/gdas.20241124/18//products/atmos/oznmon/horiz/
+ cpfs[3]'[' 2 -ne 2 ']'
+ cpfs[8]'[' /lfs/h2/emc/ptmp/emc.global/RETRO_GFSv17/comroot/retrotestgfs10/gdas.20241124/18//products/atmos/oznmon/horiz/ = . -o /lfs/h2/emc/ptmp/emc.global/RETRO_GFSv17/comroot/retrotestgfs10/gdas.20241124/18//products/atmos/oznmon/horiz/ = ./ ']'
+ cpfs[10]'[' -d /lfs/h2/emc/ptmp/emc.global/RETRO_GFSv17/comroot/retrotestgfs10/gdas.20241124/18//products/atmos/oznmon/horiz/ ']'
++ cpfs[11]basename omi_aura.ges.2024112418.ieee_d.gz
+ cpfs[11]cpdstfile=/lfs/h2/emc/ptmp/emc.global/RETRO_GFSv17/comroot/retrotestgfs10/gdas.20241124/18//products/atmos/oznmon/horiz/omi_aura.ges.2024112418.ieee_d.gz
+ cpfs[16]cp omi_aura.ges.2024112418.ieee_d.gz /lfs/h2/emc/ptmp/emc.global/RETRO_GFSv17/comroot/retrotestgfs10/gdas.20241124/18//products/atmos/oznmon/horiz/omi_aura.ges.2024112418.ieee_d.gz.cptmp
+ cpfs[18]'[' 0 -ne 0 ']'
+ cpfs[22]/apps/ops/prod/nco/core/prod_util.v2.0.9/exec/fsync_file /lfs/h2/emc/ptmp/emc.global/RETRO_GFSv17/comroot/retrotestgfs10/gdas.20241124/18//products/atmos/oznmon/horiz/omi_aura.ges.2024112418.ieee_d.gz.cptmp
+ cpfs[23]'[' 0 -ne 0 ']'
+ cpfs[27]mv /lfs/h2/emc/ptmp/emc.global/RETRO_GFSv17/comroot/retrotestgfs10/gdas.20241124/18//products/atmos/oznmon/horiz/omi_aura.ges.2024112418.ieee_d.gz.cptmp /lfs/h2/emc/ptmp/emc.global/RETRO_GFSv17/comroot/retrotestgfs10/gdas.20241124/18//products/atmos/oznmon/horiz/omi_aura.ges.2024112418.ieee_d.gz
+ cpfs[28]'[' 0 -ne 0 ']'
+ ozn_xtrct.sh[227]echo 'finished processing ptype, type:  ges, omi_aura'
finished processing ptype, type:  ges, omi_aura
+ ozn_xtrct.sh[145]for type in ${avail_satype}
+ ozn_xtrct.sh[146][[ -f diag_ompslp_npp_ges.2024112418.gz ]]
+ ozn_xtrct.sh[147]mv diag_ompslp_npp_ges.2024112418.gz ompslp_npp.ges.gz
+ ozn_xtrct.sh[148]gunzip ./ompslp_npp.ges.gz
+ gunzip[26]version='gunzip (gzip) 1.10
Copyright (C) 2007, 2011-2018 Free Software Foundation, Inc.
This is free software.  You may redistribute copies of it under the terms of
the GNU General Public License <https://www.gnu.org/licenses/gpl.html>.
There is NO WARRANTY, to the extent permitted by law.

Written by Paul Eggert.'
+ gunzip[50]usage='Usage: /usr/bin/gunzip [OPTION]... [FILE]...
Uncompress FILEs (by default, in-place).

Mandatory arguments to long options are mandatory for short options too.

  -c, --stdout      write on standard output, keep original files unchanged
  -f, --force       force overwrite of output file and compress links
  -k, --keep        keep (don'\''t delete) input files
  -l, --list        list compressed file contents
  -n, --no-name     do not save or restore the original name and timestamp
  -N, --name        save or restore the original name and timestamp
  -q, --quiet       suppress all warnings
  -r, --recursive   operate recursively on directories
  -S, --suffix=SUF  use suffix SUF on compressed files
      --synchronous synchronous output (safer if system crashes, but slower)
  -t, --test        test compressed file integrity
  -v, --verbose     verbose mode
      --help        display this help and exit
      --version     display version information and exit

With no FILE, or when FILE is -, read standard input.

Report bugs to <bug-gzip@gnu.org>.'
+ gunzip[52]case $1 in
+ gunzip[57]exec gzip -d ./ompslp_npp.ges.gz
+ ozn_xtrct.sh[150]echo 'processing ptype, type:  ges, ompslp_npp'
processing ptype, type:  ges, ompslp_npp
+ ozn_xtrct.sh[151]rm -f input
+ ozn_xtrct.sh[153]cat
+ ozn_xtrct.sh[177]echo 'oznmon_time.x HAS STARTED ompslp_npp'
oznmon_time.x HAS STARTED ompslp_npp
+ ozn_xtrct.sh[179]./oznmon_time.x
+ ozn_xtrct.sh[181]echo 'oznmon_time.x HAS ENDED ompslp_npp'
oznmon_time.x HAS ENDED ompslp_npp
+ ozn_xtrct.sh[183][[ ! -d /lfs/h2/emc/ptmp/emc.global/RETRO_GFSv17/comroot/retrotestgfs10/gdas.20241124/18//products/atmos/oznmon/time ]]
+ ozn_xtrct.sh[186]cpfs ompslp_npp.ges.ctl /lfs/h2/emc/ptmp/emc.global/RETRO_GFSv17/comroot/retrotestgfs10/gdas.20241124/18//products/atmos/oznmon/time/
+ cpfs[3]'[' 2 -ne 2 ']'
+ cpfs[8]'[' /lfs/h2/emc/ptmp/emc.global/RETRO_GFSv17/comroot/retrotestgfs10/gdas.20241124/18//products/atmos/oznmon/time/ = . -o /lfs/h2/emc/ptmp/emc.global/RETRO_GFSv17/comroot/retrotestgfs10/gdas.20241124/18//products/atmos/oznmon/time/ = ./ ']'
+ cpfs[10]'[' -d /lfs/h2/emc/ptmp/emc.global/RETRO_GFSv17/comroot/retrotestgfs10/gdas.20241124/18//products/atmos/oznmon/time/ ']'
++ cpfs[11]basename ompslp_npp.ges.ctl
+ cpfs[11]cpdstfile=/lfs/h2/emc/ptmp/emc.global/RETRO_GFSv17/comroot/retrotestgfs10/gdas.20241124/18//products/atmos/oznmon/time/ompslp_npp.ges.ctl
+ cpfs[16]cp ompslp_npp.ges.ctl /lfs/h2/emc/ptmp/emc.global/RETRO_GFSv17/comroot/retrotestgfs10/gdas.20241124/18//products/atmos/oznmon/time/ompslp_npp.ges.ctl.cptmp
+ cpfs[18]'[' 0 -ne 0 ']'
+ cpfs[22]/apps/ops/prod/nco/core/prod_util.v2.0.9/exec/fsync_file /lfs/h2/emc/ptmp/emc.global/RETRO_GFSv17/comroot/retrotestgfs10/gdas.20241124/18//products/atmos/oznmon/time/ompslp_npp.ges.ctl.cptmp
+ cpfs[23]'[' 0 -ne 0 ']'
+ cpfs[27]mv /lfs/h2/emc/ptmp/emc.global/RETRO_GFSv17/comroot/retrotestgfs10/gdas.20241124/18//products/atmos/oznmon/time/ompslp_npp.ges.ctl.cptmp /lfs/h2/emc/ptmp/emc.global/RETRO_GFSv17/comroot/retrotestgfs10/gdas.20241124/18//products/atmos/oznmon/time/ompslp_npp.ges.ctl
+ cpfs[28]'[' 0 -ne 0 ']'
+ ozn_xtrct.sh[187]cpfs ompslp_npp.ges.2024112418.ieee_d /lfs/h2/emc/ptmp/emc.global/RETRO_GFSv17/comroot/retrotestgfs10/gdas.20241124/18//products/atmos/oznmon/time/
+ cpfs[3]'[' 2 -ne 2 ']'
+ cpfs[8]'[' /lfs/h2/emc/ptmp/emc.global/RETRO_GFSv17/comroot/retrotestgfs10/gdas.20241124/18//products/atmos/oznmon/time/ = . -o /lfs/h2/emc/ptmp/emc.global/RETRO_GFSv17/comroot/retrotestgfs10/gdas.20241124/18//products/atmos/oznmon/time/ = ./ ']'
+ cpfs[10]'[' -d /lfs/h2/emc/ptmp/emc.global/RETRO_GFSv17/comroot/retrotestgfs10/gdas.20241124/18//products/atmos/oznmon/time/ ']'
++ cpfs[11]basename ompslp_npp.ges.2024112418.ieee_d
+ cpfs[11]cpdstfile=/lfs/h2/emc/ptmp/emc.global/RETRO_GFSv17/comroot/retrotestgfs10/gdas.20241124/18//products/atmos/oznmon/time/ompslp_npp.ges.2024112418.ieee_d
+ cpfs[16]cp ompslp_npp.ges.2024112418.ieee_d /lfs/h2/emc/ptmp/emc.global/RETRO_GFSv17/comroot/retrotestgfs10/gdas.20241124/18//products/atmos/oznmon/time/ompslp_npp.ges.2024112418.ieee_d.cptmp
+ cpfs[18]'[' 0 -ne 0 ']'
+ cpfs[22]/apps/ops/prod/nco/core/prod_util.v2.0.9/exec/fsync_file /lfs/h2/emc/ptmp/emc.global/RETRO_GFSv17/comroot/retrotestgfs10/gdas.20241124/18//products/atmos/oznmon/time/ompslp_npp.ges.2024112418.ieee_d.cptmp
+ cpfs[23]'[' 0 -ne 0 ']'
+ cpfs[27]mv /lfs/h2/emc/ptmp/emc.global/RETRO_GFSv17/comroot/retrotestgfs10/gdas.20241124/18//products/atmos/oznmon/time/ompslp_npp.ges.2024112418.ieee_d.cptmp /lfs/h2/emc/ptmp/emc.global/RETRO_GFSv17/comroot/retrotestgfs10/gdas.20241124/18//products/atmos/oznmon/time/ompslp_npp.ges.2024112418.ieee_d
+ cpfs[28]'[' 0 -ne 0 ']'
+ ozn_xtrct.sh[189]compgen -G 'bad*'
+ ozn_xtrct.sh[190]for bad_file in bad*
+ ozn_xtrct.sh[191]cpfs bad_cnt.2024112418 /lfs/h2/emc/ptmp/emc.global/RETRO_GFSv17/comroot/retrotestgfs10/gdas.20241124/18//products/atmos/oznmon/time/
+ cpfs[3]'[' 2 -ne 2 ']'
+ cpfs[8]'[' /lfs/h2/emc/ptmp/emc.global/RETRO_GFSv17/comroot/retrotestgfs10/gdas.20241124/18//products/atmos/oznmon/time/ = . -o /lfs/h2/emc/ptmp/emc.global/RETRO_GFSv17/comroot/retrotestgfs10/gdas.20241124/18//products/atmos/oznmon/time/ = ./ ']'
+ cpfs[10]'[' -d /lfs/h2/emc/ptmp/emc.global/RETRO_GFSv17/comroot/retrotestgfs10/gdas.20241124/18//products/atmos/oznmon/time/ ']'
++ cpfs[11]basename bad_cnt.2024112418
+ cpfs[11]cpdstfile=/lfs/h2/emc/ptmp/emc.global/RETRO_GFSv17/comroot/retrotestgfs10/gdas.20241124/18//products/atmos/oznmon/time/bad_cnt.2024112418
+ cpfs[16]cp bad_cnt.2024112418 /lfs/h2/emc/ptmp/emc.global/RETRO_GFSv17/comroot/retrotestgfs10/gdas.20241124/18//products/atmos/oznmon/time/bad_cnt.2024112418.cptmp
+ cpfs[18]'[' 0 -ne 0 ']'
+ cpfs[22]/apps/ops/prod/nco/core/prod_util.v2.0.9/exec/fsync_file /lfs/h2/emc/ptmp/emc.global/RETRO_GFSv17/comroot/retrotestgfs10/gdas.20241124/18//products/atmos/oznmon/time/bad_cnt.2024112418.cptmp
+ cpfs[23]'[' 0 -ne 0 ']'
+ cpfs[27]mv /lfs/h2/emc/ptmp/emc.global/RETRO_GFSv17/comroot/retrotestgfs10/gdas.20241124/18//products/atmos/oznmon/time/bad_cnt.2024112418.cptmp /lfs/h2/emc/ptmp/emc.global/RETRO_GFSv17/comroot/retrotestgfs10/gdas.20241124/18//products/atmos/oznmon/time/bad_cnt.2024112418
+ cpfs[28]'[' 0 -ne 0 ']'
+ ozn_xtrct.sh[190]for bad_file in bad*
+ ozn_xtrct.sh[191]cpfs bad_diag.2024112418 /lfs/h2/emc/ptmp/emc.global/RETRO_GFSv17/comroot/retrotestgfs10/gdas.20241124/18//products/atmos/oznmon/time/
+ cpfs[3]'[' 2 -ne 2 ']'
+ cpfs[8]'[' /lfs/h2/emc/ptmp/emc.global/RETRO_GFSv17/comroot/retrotestgfs10/gdas.20241124/18//products/atmos/oznmon/time/ = . -o /lfs/h2/emc/ptmp/emc.global/RETRO_GFSv17/comroot/retrotestgfs10/gdas.20241124/18//products/atmos/oznmon/time/ = ./ ']'
+ cpfs[10]'[' -d /lfs/h2/emc/ptmp/emc.global/RETRO_GFSv17/comroot/retrotestgfs10/gdas.20241124/18//products/atmos/oznmon/time/ ']'
++ cpfs[11]basename bad_diag.2024112418
+ cpfs[11]cpdstfile=/lfs/h2/emc/ptmp/emc.global/RETRO_GFSv17/comroot/retrotestgfs10/gdas.20241124/18//products/atmos/oznmon/time/bad_diag.2024112418
+ cpfs[16]cp bad_diag.2024112418 /lfs/h2/emc/ptmp/emc.global/RETRO_GFSv17/comroot/retrotestgfs10/gdas.20241124/18//products/atmos/oznmon/time/bad_diag.2024112418.cptmp
+ cpfs[18]'[' 0 -ne 0 ']'
+ cpfs[22]/apps/ops/prod/nco/core/prod_util.v2.0.9/exec/fsync_file /lfs/h2/emc/ptmp/emc.global/RETRO_GFSv17/comroot/retrotestgfs10/gdas.20241124/18//products/atmos/oznmon/time/bad_diag.2024112418.cptmp
+ cpfs[23]'[' 0 -ne 0 ']'
+ cpfs[27]mv /lfs/h2/emc/ptmp/emc.global/RETRO_GFSv17/comroot/retrotestgfs10/gdas.20241124/18//products/atmos/oznmon/time/bad_diag.2024112418.cptmp /lfs/h2/emc/ptmp/emc.global/RETRO_GFSv17/comroot/retrotestgfs10/gdas.20241124/18//products/atmos/oznmon/time/bad_diag.2024112418
+ cpfs[28]'[' 0 -ne 0 ']'
+ ozn_xtrct.sh[190]for bad_file in bad*
+ ozn_xtrct.sh[191]cpfs bad_pen.2024112418 /lfs/h2/emc/ptmp/emc.global/RETRO_GFSv17/comroot/retrotestgfs10/gdas.20241124/18//products/atmos/oznmon/time/
+ cpfs[3]'[' 2 -ne 2 ']'
+ cpfs[8]'[' /lfs/h2/emc/ptmp/emc.global/RETRO_GFSv17/comroot/retrotestgfs10/gdas.20241124/18//products/atmos/oznmon/time/ = . -o /lfs/h2/emc/ptmp/emc.global/RETRO_GFSv17/comroot/retrotestgfs10/gdas.20241124/18//products/atmos/oznmon/time/ = ./ ']'
+ cpfs[10]'[' -d /lfs/h2/emc/ptmp/emc.global/RETRO_GFSv17/comroot/retrotestgfs10/gdas.20241124/18//products/atmos/oznmon/time/ ']'
++ cpfs[11]basename bad_pen.2024112418
+ cpfs[11]cpdstfile=/lfs/h2/emc/ptmp/emc.global/RETRO_GFSv17/comroot/retrotestgfs10/gdas.20241124/18//products/atmos/oznmon/time/bad_pen.2024112418
+ cpfs[16]cp bad_pen.2024112418 /lfs/h2/emc/ptmp/emc.global/RETRO_GFSv17/comroot/retrotestgfs10/gdas.20241124/18//products/atmos/oznmon/time/bad_pen.2024112418.cptmp
+ cpfs[18]'[' 0 -ne 0 ']'
+ cpfs[22]/apps/ops/prod/nco/core/prod_util.v2.0.9/exec/fsync_file /lfs/h2/emc/ptmp/emc.global/RETRO_GFSv17/comroot/retrotestgfs10/gdas.20241124/18//products/atmos/oznmon/time/bad_pen.2024112418.cptmp
+ cpfs[23]'[' 0 -ne 0 ']'
+ cpfs[27]mv /lfs/h2/emc/ptmp/emc.global/RETRO_GFSv17/comroot/retrotestgfs10/gdas.20241124/18//products/atmos/oznmon/time/bad_pen.2024112418.cptmp /lfs/h2/emc/ptmp/emc.global/RETRO_GFSv17/comroot/retrotestgfs10/gdas.20241124/18//products/atmos/oznmon/time/bad_pen.2024112418
+ cpfs[28]'[' 0 -ne 0 ']'
+ ozn_xtrct.sh[195]rm -f input
+ ozn_xtrct.sh[197]cat
+ ozn_xtrct.sh[212]echo 'oznmon_horiz.x HAS STARTED ompslp_npp'
oznmon_horiz.x HAS STARTED ompslp_npp
+ ozn_xtrct.sh[214]./oznmon_horiz.x
+ ozn_xtrct.sh[216]echo 'oznmon_horiz.x HAS ENDED ompslp_npp'
oznmon_horiz.x HAS ENDED ompslp_npp
+ ozn_xtrct.sh[218][[ ! -d /lfs/h2/emc/ptmp/emc.global/RETRO_GFSv17/comroot/retrotestgfs10/gdas.20241124/18//products/atmos/oznmon/horiz ]]
+ ozn_xtrct.sh[221]cpfs ompslp_npp.ges.ctl /lfs/h2/emc/ptmp/emc.global/RETRO_GFSv17/comroot/retrotestgfs10/gdas.20241124/18//products/atmos/oznmon/horiz/
+ cpfs[3]'[' 2 -ne 2 ']'
+ cpfs[8]'[' /lfs/h2/emc/ptmp/emc.global/RETRO_GFSv17/comroot/retrotestgfs10/gdas.20241124/18//products/atmos/oznmon/horiz/ = . -o /lfs/h2/emc/ptmp/emc.global/RETRO_GFSv17/comroot/retrotestgfs10/gdas.20241124/18//products/atmos/oznmon/horiz/ = ./ ']'
+ cpfs[10]'[' -d /lfs/h2/emc/ptmp/emc.global/RETRO_GFSv17/comroot/retrotestgfs10/gdas.20241124/18//products/atmos/oznmon/horiz/ ']'
++ cpfs[11]basename ompslp_npp.ges.ctl
+ cpfs[11]cpdstfile=/lfs/h2/emc/ptmp/emc.global/RETRO_GFSv17/comroot/retrotestgfs10/gdas.20241124/18//products/atmos/oznmon/horiz/ompslp_npp.ges.ctl
+ cpfs[16]cp ompslp_npp.ges.ctl /lfs/h2/emc/ptmp/emc.global/RETRO_GFSv17/comroot/retrotestgfs10/gdas.20241124/18//products/atmos/oznmon/horiz/ompslp_npp.ges.ctl.cptmp
+ cpfs[18]'[' 0 -ne 0 ']'
+ cpfs[22]/apps/ops/prod/nco/core/prod_util.v2.0.9/exec/fsync_file /lfs/h2/emc/ptmp/emc.global/RETRO_GFSv17/comroot/retrotestgfs10/gdas.20241124/18//products/atmos/oznmon/horiz/ompslp_npp.ges.ctl.cptmp
+ cpfs[23]'[' 0 -ne 0 ']'
+ cpfs[27]mv /lfs/h2/emc/ptmp/emc.global/RETRO_GFSv17/comroot/retrotestgfs10/gdas.20241124/18//products/atmos/oznmon/horiz/ompslp_npp.ges.ctl.cptmp /lfs/h2/emc/ptmp/emc.global/RETRO_GFSv17/comroot/retrotestgfs10/gdas.20241124/18//products/atmos/oznmon/horiz/ompslp_npp.ges.ctl
+ cpfs[28]'[' 0 -ne 0 ']'
+ ozn_xtrct.sh[223]gzip ompslp_npp.ges.2024112418.ieee_d
+ ozn_xtrct.sh[224]cpfs ompslp_npp.ges.2024112418.ieee_d.gz /lfs/h2/emc/ptmp/emc.global/RETRO_GFSv17/comroot/retrotestgfs10/gdas.20241124/18//products/atmos/oznmon/horiz/
+ cpfs[3]'[' 2 -ne 2 ']'
+ cpfs[8]'[' /lfs/h2/emc/ptmp/emc.global/RETRO_GFSv17/comroot/retrotestgfs10/gdas.20241124/18//products/atmos/oznmon/horiz/ = . -o /lfs/h2/emc/ptmp/emc.global/RETRO_GFSv17/comroot/retrotestgfs10/gdas.20241124/18//products/atmos/oznmon/horiz/ = ./ ']'
+ cpfs[10]'[' -d /lfs/h2/emc/ptmp/emc.global/RETRO_GFSv17/comroot/retrotestgfs10/gdas.20241124/18//products/atmos/oznmon/horiz/ ']'
++ cpfs[11]basename ompslp_npp.ges.2024112418.ieee_d.gz
+ cpfs[11]cpdstfile=/lfs/h2/emc/ptmp/emc.global/RETRO_GFSv17/comroot/retrotestgfs10/gdas.20241124/18//products/atmos/oznmon/horiz/ompslp_npp.ges.2024112418.ieee_d.gz
+ cpfs[16]cp ompslp_npp.ges.2024112418.ieee_d.gz /lfs/h2/emc/ptmp/emc.global/RETRO_GFSv17/comroot/retrotestgfs10/gdas.20241124/18//products/atmos/oznmon/horiz/ompslp_npp.ges.2024112418.ieee_d.gz.cptmp
+ cpfs[18]'[' 0 -ne 0 ']'
+ cpfs[22]/apps/ops/prod/nco/core/prod_util.v2.0.9/exec/fsync_file /lfs/h2/emc/ptmp/emc.global/RETRO_GFSv17/comroot/retrotestgfs10/gdas.20241124/18//products/atmos/oznmon/horiz/ompslp_npp.ges.2024112418.ieee_d.gz.cptmp
+ cpfs[23]'[' 0 -ne 0 ']'
+ cpfs[27]mv /lfs/h2/emc/ptmp/emc.global/RETRO_GFSv17/comroot/retrotestgfs10/gdas.20241124/18//products/atmos/oznmon/horiz/ompslp_npp.ges.2024112418.ieee_d.gz.cptmp /lfs/h2/emc/ptmp/emc.global/RETRO_GFSv17/comroot/retrotestgfs10/gdas.20241124/18//products/atmos/oznmon/horiz/ompslp_npp.ges.2024112418.ieee_d.gz
+ cpfs[28]'[' 0 -ne 0 ']'
+ ozn_xtrct.sh[227]echo 'finished processing ptype, type:  ges, ompslp_npp'
finished processing ptype, type:  ges, ompslp_npp
+ ozn_xtrct.sh[145]for type in ${avail_satype}
+ ozn_xtrct.sh[146][[ -f diag_ompsnp_n20_ges.2024112418.gz ]]
+ ozn_xtrct.sh[147]mv diag_ompsnp_n20_ges.2024112418.gz ompsnp_n20.ges.gz
+ ozn_xtrct.sh[148]gunzip ./ompsnp_n20.ges.gz
+ gunzip[26]version='gunzip (gzip) 1.10
Copyright (C) 2007, 2011-2018 Free Software Foundation, Inc.
This is free software.  You may redistribute copies of it under the terms of
the GNU General Public License <https://www.gnu.org/licenses/gpl.html>.
There is NO WARRANTY, to the extent permitted by law.

Written by Paul Eggert.'
+ gunzip[50]usage='Usage: /usr/bin/gunzip [OPTION]... [FILE]...
Uncompress FILEs (by default, in-place).

Mandatory arguments to long options are mandatory for short options too.

  -c, --stdout      write on standard output, keep original files unchanged
  -f, --force       force overwrite of output file and compress links
  -k, --keep        keep (don'\''t delete) input files
  -l, --list        list compressed file contents
  -n, --no-name     do not save or restore the original name and timestamp
  -N, --name        save or restore the original name and timestamp
  -q, --quiet       suppress all warnings
  -r, --recursive   operate recursively on directories
  -S, --suffix=SUF  use suffix SUF on compressed files
      --synchronous synchronous output (safer if system crashes, but slower)
  -t, --test        test compressed file integrity
  -v, --verbose     verbose mode
      --help        display this help and exit
      --version     display version information and exit

With no FILE, or when FILE is -, read standard input.

Report bugs to <bug-gzip@gnu.org>.'
+ gunzip[52]case $1 in
+ gunzip[57]exec gzip -d ./ompsnp_n20.ges.gz
+ ozn_xtrct.sh[150]echo 'processing ptype, type:  ges, ompsnp_n20'
processing ptype, type:  ges, ompsnp_n20
+ ozn_xtrct.sh[151]rm -f input
+ ozn_xtrct.sh[153]cat
+ ozn_xtrct.sh[177]echo 'oznmon_time.x HAS STARTED ompsnp_n20'
oznmon_time.x HAS STARTED ompsnp_n20
+ ozn_xtrct.sh[179]./oznmon_time.x
+ ozn_xtrct.sh[181]echo 'oznmon_time.x HAS ENDED ompsnp_n20'
oznmon_time.x HAS ENDED ompsnp_n20
+ ozn_xtrct.sh[183][[ ! -d /lfs/h2/emc/ptmp/emc.global/RETRO_GFSv17/comroot/retrotestgfs10/gdas.20241124/18//products/atmos/oznmon/time ]]
+ ozn_xtrct.sh[186]cpfs ompsnp_n20.ges.ctl /lfs/h2/emc/ptmp/emc.global/RETRO_GFSv17/comroot/retrotestgfs10/gdas.20241124/18//products/atmos/oznmon/time/
+ cpfs[3]'[' 2 -ne 2 ']'
+ cpfs[8]'[' /lfs/h2/emc/ptmp/emc.global/RETRO_GFSv17/comroot/retrotestgfs10/gdas.20241124/18//products/atmos/oznmon/time/ = . -o /lfs/h2/emc/ptmp/emc.global/RETRO_GFSv17/comroot/retrotestgfs10/gdas.20241124/18//products/atmos/oznmon/time/ = ./ ']'
+ cpfs[10]'[' -d /lfs/h2/emc/ptmp/emc.global/RETRO_GFSv17/comroot/retrotestgfs10/gdas.20241124/18//products/atmos/oznmon/time/ ']'
++ cpfs[11]basename ompsnp_n20.ges.ctl
+ cpfs[11]cpdstfile=/lfs/h2/emc/ptmp/emc.global/RETRO_GFSv17/comroot/retrotestgfs10/gdas.20241124/18//products/atmos/oznmon/time/ompsnp_n20.ges.ctl
+ cpfs[16]cp ompsnp_n20.ges.ctl /lfs/h2/emc/ptmp/emc.global/RETRO_GFSv17/comroot/retrotestgfs10/gdas.20241124/18//products/atmos/oznmon/time/ompsnp_n20.ges.ctl.cptmp
+ cpfs[18]'[' 0 -ne 0 ']'
+ cpfs[22]/apps/ops/prod/nco/core/prod_util.v2.0.9/exec/fsync_file /lfs/h2/emc/ptmp/emc.global/RETRO_GFSv17/comroot/retrotestgfs10/gdas.20241124/18//products/atmos/oznmon/time/ompsnp_n20.ges.ctl.cptmp
+ cpfs[23]'[' 0 -ne 0 ']'
+ cpfs[27]mv /lfs/h2/emc/ptmp/emc.global/RETRO_GFSv17/comroot/retrotestgfs10/gdas.20241124/18//products/atmos/oznmon/time/ompsnp_n20.ges.ctl.cptmp /lfs/h2/emc/ptmp/emc.global/RETRO_GFSv17/comroot/retrotestgfs10/gdas.20241124/18//products/atmos/oznmon/time/ompsnp_n20.ges.ctl
+ cpfs[28]'[' 0 -ne 0 ']'
+ ozn_xtrct.sh[187]cpfs ompsnp_n20.ges.2024112418.ieee_d /lfs/h2/emc/ptmp/emc.global/RETRO_GFSv17/comroot/retrotestgfs10/gdas.20241124/18//products/atmos/oznmon/time/
+ cpfs[3]'[' 2 -ne 2 ']'
+ cpfs[8]'[' /lfs/h2/emc/ptmp/emc.global/RETRO_GFSv17/comroot/retrotestgfs10/gdas.20241124/18//products/atmos/oznmon/time/ = . -o /lfs/h2/emc/ptmp/emc.global/RETRO_GFSv17/comroot/retrotestgfs10/gdas.20241124/18//products/atmos/oznmon/time/ = ./ ']'
+ cpfs[10]'[' -d /lfs/h2/emc/ptmp/emc.global/RETRO_GFSv17/comroot/retrotestgfs10/gdas.20241124/18//products/atmos/oznmon/time/ ']'
++ cpfs[11]basename ompsnp_n20.ges.2024112418.ieee_d
+ cpfs[11]cpdstfile=/lfs/h2/emc/ptmp/emc.global/RETRO_GFSv17/comroot/retrotestgfs10/gdas.20241124/18//products/atmos/oznmon/time/ompsnp_n20.ges.2024112418.ieee_d
+ cpfs[16]cp ompsnp_n20.ges.2024112418.ieee_d /lfs/h2/emc/ptmp/emc.global/RETRO_GFSv17/comroot/retrotestgfs10/gdas.20241124/18//products/atmos/oznmon/time/ompsnp_n20.ges.2024112418.ieee_d.cptmp
+ cpfs[18]'[' 0 -ne 0 ']'
+ cpfs[22]/apps/ops/prod/nco/core/prod_util.v2.0.9/exec/fsync_file /lfs/h2/emc/ptmp/emc.global/RETRO_GFSv17/comroot/retrotestgfs10/gdas.20241124/18//products/atmos/oznmon/time/ompsnp_n20.ges.2024112418.ieee_d.cptmp
+ cpfs[23]'[' 0 -ne 0 ']'
+ cpfs[27]mv /lfs/h2/emc/ptmp/emc.global/RETRO_GFSv17/comroot/retrotestgfs10/gdas.20241124/18//products/atmos/oznmon/time/ompsnp_n20.ges.2024112418.ieee_d.cptmp /lfs/h2/emc/ptmp/emc.global/RETRO_GFSv17/comroot/retrotestgfs10/gdas.20241124/18//products/atmos/oznmon/time/ompsnp_n20.ges.2024112418.ieee_d
+ cpfs[28]'[' 0 -ne 0 ']'
+ ozn_xtrct.sh[189]compgen -G 'bad*'
+ ozn_xtrct.sh[190]for bad_file in bad*
+ ozn_xtrct.sh[191]cpfs bad_cnt.2024112418 /lfs/h2/emc/ptmp/emc.global/RETRO_GFSv17/comroot/retrotestgfs10/gdas.20241124/18//products/atmos/oznmon/time/
+ cpfs[3]'[' 2 -ne 2 ']'
+ cpfs[8]'[' /lfs/h2/emc/ptmp/emc.global/RETRO_GFSv17/comroot/retrotestgfs10/gdas.20241124/18//products/atmos/oznmon/time/ = . -o /lfs/h2/emc/ptmp/emc.global/RETRO_GFSv17/comroot/retrotestgfs10/gdas.20241124/18//products/atmos/oznmon/time/ = ./ ']'
+ cpfs[10]'[' -d /lfs/h2/emc/ptmp/emc.global/RETRO_GFSv17/comroot/retrotestgfs10/gdas.20241124/18//products/atmos/oznmon/time/ ']'
++ cpfs[11]basename bad_cnt.2024112418
+ cpfs[11]cpdstfile=/lfs/h2/emc/ptmp/emc.global/RETRO_GFSv17/comroot/retrotestgfs10/gdas.20241124/18//products/atmos/oznmon/time/bad_cnt.2024112418
+ cpfs[16]cp bad_cnt.2024112418 /lfs/h2/emc/ptmp/emc.global/RETRO_GFSv17/comroot/retrotestgfs10/gdas.20241124/18//products/atmos/oznmon/time/bad_cnt.2024112418.cptmp
+ cpfs[18]'[' 0 -ne 0 ']'
+ cpfs[22]/apps/ops/prod/nco/core/prod_util.v2.0.9/exec/fsync_file /lfs/h2/emc/ptmp/emc.global/RETRO_GFSv17/comroot/retrotestgfs10/gdas.20241124/18//products/atmos/oznmon/time/bad_cnt.2024112418.cptmp
+ cpfs[23]'[' 0 -ne 0 ']'
+ cpfs[27]mv /lfs/h2/emc/ptmp/emc.global/RETRO_GFSv17/comroot/retrotestgfs10/gdas.20241124/18//products/atmos/oznmon/time/bad_cnt.2024112418.cptmp /lfs/h2/emc/ptmp/emc.global/RETRO_GFSv17/comroot/retrotestgfs10/gdas.20241124/18//products/atmos/oznmon/time/bad_cnt.2024112418
+ cpfs[28]'[' 0 -ne 0 ']'
+ ozn_xtrct.sh[190]for bad_file in bad*
+ ozn_xtrct.sh[191]cpfs bad_diag.2024112418 /lfs/h2/emc/ptmp/emc.global/RETRO_GFSv17/comroot/retrotestgfs10/gdas.20241124/18//products/atmos/oznmon/time/
+ cpfs[3]'[' 2 -ne 2 ']'
+ cpfs[8]'[' /lfs/h2/emc/ptmp/emc.global/RETRO_GFSv17/comroot/retrotestgfs10/gdas.20241124/18//products/atmos/oznmon/time/ = . -o /lfs/h2/emc/ptmp/emc.global/RETRO_GFSv17/comroot/retrotestgfs10/gdas.20241124/18//products/atmos/oznmon/time/ = ./ ']'
+ cpfs[10]'[' -d /lfs/h2/emc/ptmp/emc.global/RETRO_GFSv17/comroot/retrotestgfs10/gdas.20241124/18//products/atmos/oznmon/time/ ']'
++ cpfs[11]basename bad_diag.2024112418
+ cpfs[11]cpdstfile=/lfs/h2/emc/ptmp/emc.global/RETRO_GFSv17/comroot/retrotestgfs10/gdas.20241124/18//products/atmos/oznmon/time/bad_diag.2024112418
+ cpfs[16]cp bad_diag.2024112418 /lfs/h2/emc/ptmp/emc.global/RETRO_GFSv17/comroot/retrotestgfs10/gdas.20241124/18//products/atmos/oznmon/time/bad_diag.2024112418.cptmp
+ cpfs[18]'[' 0 -ne 0 ']'
+ cpfs[22]/apps/ops/prod/nco/core/prod_util.v2.0.9/exec/fsync_file /lfs/h2/emc/ptmp/emc.global/RETRO_GFSv17/comroot/retrotestgfs10/gdas.20241124/18//products/atmos/oznmon/time/bad_diag.2024112418.cptmp
+ cpfs[23]'[' 0 -ne 0 ']'
+ cpfs[27]mv /lfs/h2/emc/ptmp/emc.global/RETRO_GFSv17/comroot/retrotestgfs10/gdas.20241124/18//products/atmos/oznmon/time/bad_diag.2024112418.cptmp /lfs/h2/emc/ptmp/emc.global/RETRO_GFSv17/comroot/retrotestgfs10/gdas.20241124/18//products/atmos/oznmon/time/bad_diag.2024112418
+ cpfs[28]'[' 0 -ne 0 ']'
+ ozn_xtrct.sh[190]for bad_file in bad*
+ ozn_xtrct.sh[191]cpfs bad_pen.2024112418 /lfs/h2/emc/ptmp/emc.global/RETRO_GFSv17/comroot/retrotestgfs10/gdas.20241124/18//products/atmos/oznmon/time/
+ cpfs[3]'[' 2 -ne 2 ']'
+ cpfs[8]'[' /lfs/h2/emc/ptmp/emc.global/RETRO_GFSv17/comroot/retrotestgfs10/gdas.20241124/18//products/atmos/oznmon/time/ = . -o /lfs/h2/emc/ptmp/emc.global/RETRO_GFSv17/comroot/retrotestgfs10/gdas.20241124/18//products/atmos/oznmon/time/ = ./ ']'
+ cpfs[10]'[' -d /lfs/h2/emc/ptmp/emc.global/RETRO_GFSv17/comroot/retrotestgfs10/gdas.20241124/18//products/atmos/oznmon/time/ ']'
++ cpfs[11]basename bad_pen.2024112418
+ cpfs[11]cpdstfile=/lfs/h2/emc/ptmp/emc.global/RETRO_GFSv17/comroot/retrotestgfs10/gdas.20241124/18//products/atmos/oznmon/time/bad_pen.2024112418
+ cpfs[16]cp bad_pen.2024112418 /lfs/h2/emc/ptmp/emc.global/RETRO_GFSv17/comroot/retrotestgfs10/gdas.20241124/18//products/atmos/oznmon/time/bad_pen.2024112418.cptmp
+ cpfs[18]'[' 0 -ne 0 ']'
+ cpfs[22]/apps/ops/prod/nco/core/prod_util.v2.0.9/exec/fsync_file /lfs/h2/emc/ptmp/emc.global/RETRO_GFSv17/comroot/retrotestgfs10/gdas.20241124/18//products/atmos/oznmon/time/bad_pen.2024112418.cptmp
+ cpfs[23]'[' 0 -ne 0 ']'
+ cpfs[27]mv /lfs/h2/emc/ptmp/emc.global/RETRO_GFSv17/comroot/retrotestgfs10/gdas.20241124/18//products/atmos/oznmon/time/bad_pen.2024112418.cptmp /lfs/h2/emc/ptmp/emc.global/RETRO_GFSv17/comroot/retrotestgfs10/gdas.20241124/18//products/atmos/oznmon/time/bad_pen.2024112418
+ cpfs[28]'[' 0 -ne 0 ']'
+ ozn_xtrct.sh[195]rm -f input
+ ozn_xtrct.sh[197]cat
+ ozn_xtrct.sh[212]echo 'oznmon_horiz.x HAS STARTED ompsnp_n20'
oznmon_horiz.x HAS STARTED ompsnp_n20
+ ozn_xtrct.sh[214]./oznmon_horiz.x
+ ozn_xtrct.sh[216]echo 'oznmon_horiz.x HAS ENDED ompsnp_n20'
oznmon_horiz.x HAS ENDED ompsnp_n20
+ ozn_xtrct.sh[218][[ ! -d /lfs/h2/emc/ptmp/emc.global/RETRO_GFSv17/comroot/retrotestgfs10/gdas.20241124/18//products/atmos/oznmon/horiz ]]
+ ozn_xtrct.sh[221]cpfs ompsnp_n20.ges.ctl /lfs/h2/emc/ptmp/emc.global/RETRO_GFSv17/comroot/retrotestgfs10/gdas.20241124/18//products/atmos/oznmon/horiz/
+ cpfs[3]'[' 2 -ne 2 ']'
+ cpfs[8]'[' /lfs/h2/emc/ptmp/emc.global/RETRO_GFSv17/comroot/retrotestgfs10/gdas.20241124/18//products/atmos/oznmon/horiz/ = . -o /lfs/h2/emc/ptmp/emc.global/RETRO_GFSv17/comroot/retrotestgfs10/gdas.20241124/18//products/atmos/oznmon/horiz/ = ./ ']'
+ cpfs[10]'[' -d /lfs/h2/emc/ptmp/emc.global/RETRO_GFSv17/comroot/retrotestgfs10/gdas.20241124/18//products/atmos/oznmon/horiz/ ']'
++ cpfs[11]basename ompsnp_n20.ges.ctl
+ cpfs[11]cpdstfile=/lfs/h2/emc/ptmp/emc.global/RETRO_GFSv17/comroot/retrotestgfs10/gdas.20241124/18//products/atmos/oznmon/horiz/ompsnp_n20.ges.ctl
+ cpfs[16]cp ompsnp_n20.ges.ctl /lfs/h2/emc/ptmp/emc.global/RETRO_GFSv17/comroot/retrotestgfs10/gdas.20241124/18//products/atmos/oznmon/horiz/ompsnp_n20.ges.ctl.cptmp
+ cpfs[18]'[' 0 -ne 0 ']'
+ cpfs[22]/apps/ops/prod/nco/core/prod_util.v2.0.9/exec/fsync_file /lfs/h2/emc/ptmp/emc.global/RETRO_GFSv17/comroot/retrotestgfs10/gdas.20241124/18//products/atmos/oznmon/horiz/ompsnp_n20.ges.ctl.cptmp
+ cpfs[23]'[' 0 -ne 0 ']'
+ cpfs[27]mv /lfs/h2/emc/ptmp/emc.global/RETRO_GFSv17/comroot/retrotestgfs10/gdas.20241124/18//products/atmos/oznmon/horiz/ompsnp_n20.ges.ctl.cptmp /lfs/h2/emc/ptmp/emc.global/RETRO_GFSv17/comroot/retrotestgfs10/gdas.20241124/18//products/atmos/oznmon/horiz/ompsnp_n20.ges.ctl
+ cpfs[28]'[' 0 -ne 0 ']'
+ ozn_xtrct.sh[223]gzip ompsnp_n20.ges.2024112418.ieee_d
+ ozn_xtrct.sh[224]cpfs ompsnp_n20.ges.2024112418.ieee_d.gz /lfs/h2/emc/ptmp/emc.global/RETRO_GFSv17/comroot/retrotestgfs10/gdas.20241124/18//products/atmos/oznmon/horiz/
+ cpfs[3]'[' 2 -ne 2 ']'
+ cpfs[8]'[' /lfs/h2/emc/ptmp/emc.global/RETRO_GFSv17/comroot/retrotestgfs10/gdas.20241124/18//products/atmos/oznmon/horiz/ = . -o /lfs/h2/emc/ptmp/emc.global/RETRO_GFSv17/comroot/retrotestgfs10/gdas.20241124/18//products/atmos/oznmon/horiz/ = ./ ']'
+ cpfs[10]'[' -d /lfs/h2/emc/ptmp/emc.global/RETRO_GFSv17/comroot/retrotestgfs10/gdas.20241124/18//products/atmos/oznmon/horiz/ ']'
++ cpfs[11]basename ompsnp_n20.ges.2024112418.ieee_d.gz
+ cpfs[11]cpdstfile=/lfs/h2/emc/ptmp/emc.global/RETRO_GFSv17/comroot/retrotestgfs10/gdas.20241124/18//products/atmos/oznmon/horiz/ompsnp_n20.ges.2024112418.ieee_d.gz
+ cpfs[16]cp ompsnp_n20.ges.2024112418.ieee_d.gz /lfs/h2/emc/ptmp/emc.global/RETRO_GFSv17/comroot/retrotestgfs10/gdas.20241124/18//products/atmos/oznmon/horiz/ompsnp_n20.ges.2024112418.ieee_d.gz.cptmp
+ cpfs[18]'[' 0 -ne 0 ']'
+ cpfs[22]/apps/ops/prod/nco/core/prod_util.v2.0.9/exec/fsync_file /lfs/h2/emc/ptmp/emc.global/RETRO_GFSv17/comroot/retrotestgfs10/gdas.20241124/18//products/atmos/oznmon/horiz/ompsnp_n20.ges.2024112418.ieee_d.gz.cptmp
+ cpfs[23]'[' 0 -ne 0 ']'
+ cpfs[27]mv /lfs/h2/emc/ptmp/emc.global/RETRO_GFSv17/comroot/retrotestgfs10/gdas.20241124/18//products/atmos/oznmon/horiz/ompsnp_n20.ges.2024112418.ieee_d.gz.cptmp /lfs/h2/emc/ptmp/emc.global/RETRO_GFSv17/comroot/retrotestgfs10/gdas.20241124/18//products/atmos/oznmon/horiz/ompsnp_n20.ges.2024112418.ieee_d.gz
+ cpfs[28]'[' 0 -ne 0 ']'
+ ozn_xtrct.sh[227]echo 'finished processing ptype, type:  ges, ompsnp_n20'
finished processing ptype, type:  ges, ompsnp_n20
+ ozn_xtrct.sh[145]for type in ${avail_satype}
+ ozn_xtrct.sh[146][[ -f diag_ompsnp_n21_ges.2024112418.gz ]]
+ ozn_xtrct.sh[147]mv diag_ompsnp_n21_ges.2024112418.gz ompsnp_n21.ges.gz
+ ozn_xtrct.sh[148]gunzip ./ompsnp_n21.ges.gz
+ gunzip[26]version='gunzip (gzip) 1.10
Copyright (C) 2007, 2011-2018 Free Software Foundation, Inc.
This is free software.  You may redistribute copies of it under the terms of
the GNU General Public License <https://www.gnu.org/licenses/gpl.html>.
There is NO WARRANTY, to the extent permitted by law.

Written by Paul Eggert.'
+ gunzip[50]usage='Usage: /usr/bin/gunzip [OPTION]... [FILE]...
Uncompress FILEs (by default, in-place).

Mandatory arguments to long options are mandatory for short options too.

  -c, --stdout      write on standard output, keep original files unchanged
  -f, --force       force overwrite of output file and compress links
  -k, --keep        keep (don'\''t delete) input files
  -l, --list        list compressed file contents
  -n, --no-name     do not save or restore the original name and timestamp
  -N, --name        save or restore the original name and timestamp
  -q, --quiet       suppress all warnings
  -r, --recursive   operate recursively on directories
  -S, --suffix=SUF  use suffix SUF on compressed files
      --synchronous synchronous output (safer if system crashes, but slower)
  -t, --test        test compressed file integrity
  -v, --verbose     verbose mode
      --help        display this help and exit
      --version     display version information and exit

With no FILE, or when FILE is -, read standard input.

Report bugs to <bug-gzip@gnu.org>.'
+ gunzip[52]case $1 in
+ gunzip[57]exec gzip -d ./ompsnp_n21.ges.gz
+ ozn_xtrct.sh[150]echo 'processing ptype, type:  ges, ompsnp_n21'
processing ptype, type:  ges, ompsnp_n21
+ ozn_xtrct.sh[151]rm -f input
+ ozn_xtrct.sh[153]cat
+ ozn_xtrct.sh[177]echo 'oznmon_time.x HAS STARTED ompsnp_n21'
oznmon_time.x HAS STARTED ompsnp_n21
+ ozn_xtrct.sh[179]./oznmon_time.x
+ ozn_xtrct.sh[181]echo 'oznmon_time.x HAS ENDED ompsnp_n21'
oznmon_time.x HAS ENDED ompsnp_n21
+ ozn_xtrct.sh[183][[ ! -d /lfs/h2/emc/ptmp/emc.global/RETRO_GFSv17/comroot/retrotestgfs10/gdas.20241124/18//products/atmos/oznmon/time ]]
+ ozn_xtrct.sh[186]cpfs ompsnp_n21.ges.ctl /lfs/h2/emc/ptmp/emc.global/RETRO_GFSv17/comroot/retrotestgfs10/gdas.20241124/18//products/atmos/oznmon/time/
+ cpfs[3]'[' 2 -ne 2 ']'
+ cpfs[8]'[' /lfs/h2/emc/ptmp/emc.global/RETRO_GFSv17/comroot/retrotestgfs10/gdas.20241124/18//products/atmos/oznmon/time/ = . -o /lfs/h2/emc/ptmp/emc.global/RETRO_GFSv17/comroot/retrotestgfs10/gdas.20241124/18//products/atmos/oznmon/time/ = ./ ']'
+ cpfs[10]'[' -d /lfs/h2/emc/ptmp/emc.global/RETRO_GFSv17/comroot/retrotestgfs10/gdas.20241124/18//products/atmos/oznmon/time/ ']'
++ cpfs[11]basename ompsnp_n21.ges.ctl
+ cpfs[11]cpdstfile=/lfs/h2/emc/ptmp/emc.global/RETRO_GFSv17/comroot/retrotestgfs10/gdas.20241124/18//products/atmos/oznmon/time/ompsnp_n21.ges.ctl
+ cpfs[16]cp ompsnp_n21.ges.ctl /lfs/h2/emc/ptmp/emc.global/RETRO_GFSv17/comroot/retrotestgfs10/gdas.20241124/18//products/atmos/oznmon/time/ompsnp_n21.ges.ctl.cptmp
+ cpfs[18]'[' 0 -ne 0 ']'
+ cpfs[22]/apps/ops/prod/nco/core/prod_util.v2.0.9/exec/fsync_file /lfs/h2/emc/ptmp/emc.global/RETRO_GFSv17/comroot/retrotestgfs10/gdas.20241124/18//products/atmos/oznmon/time/ompsnp_n21.ges.ctl.cptmp
+ cpfs[23]'[' 0 -ne 0 ']'
+ cpfs[27]mv /lfs/h2/emc/ptmp/emc.global/RETRO_GFSv17/comroot/retrotestgfs10/gdas.20241124/18//products/atmos/oznmon/time/ompsnp_n21.ges.ctl.cptmp /lfs/h2/emc/ptmp/emc.global/RETRO_GFSv17/comroot/retrotestgfs10/gdas.20241124/18//products/atmos/oznmon/time/ompsnp_n21.ges.ctl
+ cpfs[28]'[' 0 -ne 0 ']'
+ ozn_xtrct.sh[187]cpfs ompsnp_n21.ges.2024112418.ieee_d /lfs/h2/emc/ptmp/emc.global/RETRO_GFSv17/comroot/retrotestgfs10/gdas.20241124/18//products/atmos/oznmon/time/
+ cpfs[3]'[' 2 -ne 2 ']'
+ cpfs[8]'[' /lfs/h2/emc/ptmp/emc.global/RETRO_GFSv17/comroot/retrotestgfs10/gdas.20241124/18//products/atmos/oznmon/time/ = . -o /lfs/h2/emc/ptmp/emc.global/RETRO_GFSv17/comroot/retrotestgfs10/gdas.20241124/18//products/atmos/oznmon/time/ = ./ ']'
+ cpfs[10]'[' -d /lfs/h2/emc/ptmp/emc.global/RETRO_GFSv17/comroot/retrotestgfs10/gdas.20241124/18//products/atmos/oznmon/time/ ']'
++ cpfs[11]basename ompsnp_n21.ges.2024112418.ieee_d
+ cpfs[11]cpdstfile=/lfs/h2/emc/ptmp/emc.global/RETRO_GFSv17/comroot/retrotestgfs10/gdas.20241124/18//products/atmos/oznmon/time/ompsnp_n21.ges.2024112418.ieee_d
+ cpfs[16]cp ompsnp_n21.ges.2024112418.ieee_d /lfs/h2/emc/ptmp/emc.global/RETRO_GFSv17/comroot/retrotestgfs10/gdas.20241124/18//products/atmos/oznmon/time/ompsnp_n21.ges.2024112418.ieee_d.cptmp
+ cpfs[18]'[' 0 -ne 0 ']'
+ cpfs[22]/apps/ops/prod/nco/core/prod_util.v2.0.9/exec/fsync_file /lfs/h2/emc/ptmp/emc.global/RETRO_GFSv17/comroot/retrotestgfs10/gdas.20241124/18//products/atmos/oznmon/time/ompsnp_n21.ges.2024112418.ieee_d.cptmp
+ cpfs[23]'[' 0 -ne 0 ']'
+ cpfs[27]mv /lfs/h2/emc/ptmp/emc.global/RETRO_GFSv17/comroot/retrotestgfs10/gdas.20241124/18//products/atmos/oznmon/time/ompsnp_n21.ges.2024112418.ieee_d.cptmp /lfs/h2/emc/ptmp/emc.global/RETRO_GFSv17/comroot/retrotestgfs10/gdas.20241124/18//products/atmos/oznmon/time/ompsnp_n21.ges.2024112418.ieee_d
+ cpfs[28]'[' 0 -ne 0 ']'
+ ozn_xtrct.sh[189]compgen -G 'bad*'
+ ozn_xtrct.sh[190]for bad_file in bad*
+ ozn_xtrct.sh[191]cpfs bad_cnt.2024112418 /lfs/h2/emc/ptmp/emc.global/RETRO_GFSv17/comroot/retrotestgfs10/gdas.20241124/18//products/atmos/oznmon/time/
+ cpfs[3]'[' 2 -ne 2 ']'
+ cpfs[8]'[' /lfs/h2/emc/ptmp/emc.global/RETRO_GFSv17/comroot/retrotestgfs10/gdas.20241124/18//products/atmos/oznmon/time/ = . -o /lfs/h2/emc/ptmp/emc.global/RETRO_GFSv17/comroot/retrotestgfs10/gdas.20241124/18//products/atmos/oznmon/time/ = ./ ']'
+ cpfs[10]'[' -d /lfs/h2/emc/ptmp/emc.global/RETRO_GFSv17/comroot/retrotestgfs10/gdas.20241124/18//products/atmos/oznmon/time/ ']'
++ cpfs[11]basename bad_cnt.2024112418
+ cpfs[11]cpdstfile=/lfs/h2/emc/ptmp/emc.global/RETRO_GFSv17/comroot/retrotestgfs10/gdas.20241124/18//products/atmos/oznmon/time/bad_cnt.2024112418
+ cpfs[16]cp bad_cnt.2024112418 /lfs/h2/emc/ptmp/emc.global/RETRO_GFSv17/comroot/retrotestgfs10/gdas.20241124/18//products/atmos/oznmon/time/bad_cnt.2024112418.cptmp
+ cpfs[18]'[' 0 -ne 0 ']'
+ cpfs[22]/apps/ops/prod/nco/core/prod_util.v2.0.9/exec/fsync_file /lfs/h2/emc/ptmp/emc.global/RETRO_GFSv17/comroot/retrotestgfs10/gdas.20241124/18//products/atmos/oznmon/time/bad_cnt.2024112418.cptmp
+ cpfs[23]'[' 0 -ne 0 ']'
+ cpfs[27]mv /lfs/h2/emc/ptmp/emc.global/RETRO_GFSv17/comroot/retrotestgfs10/gdas.20241124/18//products/atmos/oznmon/time/bad_cnt.2024112418.cptmp /lfs/h2/emc/ptmp/emc.global/RETRO_GFSv17/comroot/retrotestgfs10/gdas.20241124/18//products/atmos/oznmon/time/bad_cnt.2024112418
+ cpfs[28]'[' 0 -ne 0 ']'
+ ozn_xtrct.sh[190]for bad_file in bad*
+ ozn_xtrct.sh[191]cpfs bad_diag.2024112418 /lfs/h2/emc/ptmp/emc.global/RETRO_GFSv17/comroot/retrotestgfs10/gdas.20241124/18//products/atmos/oznmon/time/
+ cpfs[3]'[' 2 -ne 2 ']'
+ cpfs[8]'[' /lfs/h2/emc/ptmp/emc.global/RETRO_GFSv17/comroot/retrotestgfs10/gdas.20241124/18//products/atmos/oznmon/time/ = . -o /lfs/h2/emc/ptmp/emc.global/RETRO_GFSv17/comroot/retrotestgfs10/gdas.20241124/18//products/atmos/oznmon/time/ = ./ ']'
+ cpfs[10]'[' -d /lfs/h2/emc/ptmp/emc.global/RETRO_GFSv17/comroot/retrotestgfs10/gdas.20241124/18//products/atmos/oznmon/time/ ']'
++ cpfs[11]basename bad_diag.2024112418
+ cpfs[11]cpdstfile=/lfs/h2/emc/ptmp/emc.global/RETRO_GFSv17/comroot/retrotestgfs10/gdas.20241124/18//products/atmos/oznmon/time/bad_diag.2024112418
+ cpfs[16]cp bad_diag.2024112418 /lfs/h2/emc/ptmp/emc.global/RETRO_GFSv17/comroot/retrotestgfs10/gdas.20241124/18//products/atmos/oznmon/time/bad_diag.2024112418.cptmp
+ cpfs[18]'[' 0 -ne 0 ']'
+ cpfs[22]/apps/ops/prod/nco/core/prod_util.v2.0.9/exec/fsync_file /lfs/h2/emc/ptmp/emc.global/RETRO_GFSv17/comroot/retrotestgfs10/gdas.20241124/18//products/atmos/oznmon/time/bad_diag.2024112418.cptmp
+ cpfs[23]'[' 0 -ne 0 ']'
+ cpfs[27]mv /lfs/h2/emc/ptmp/emc.global/RETRO_GFSv17/comroot/retrotestgfs10/gdas.20241124/18//products/atmos/oznmon/time/bad_diag.2024112418.cptmp /lfs/h2/emc/ptmp/emc.global/RETRO_GFSv17/comroot/retrotestgfs10/gdas.20241124/18//products/atmos/oznmon/time/bad_diag.2024112418
+ cpfs[28]'[' 0 -ne 0 ']'
+ ozn_xtrct.sh[190]for bad_file in bad*
+ ozn_xtrct.sh[191]cpfs bad_pen.2024112418 /lfs/h2/emc/ptmp/emc.global/RETRO_GFSv17/comroot/retrotestgfs10/gdas.20241124/18//products/atmos/oznmon/time/
+ cpfs[3]'[' 2 -ne 2 ']'
+ cpfs[8]'[' /lfs/h2/emc/ptmp/emc.global/RETRO_GFSv17/comroot/retrotestgfs10/gdas.20241124/18//products/atmos/oznmon/time/ = . -o /lfs/h2/emc/ptmp/emc.global/RETRO_GFSv17/comroot/retrotestgfs10/gdas.20241124/18//products/atmos/oznmon/time/ = ./ ']'
+ cpfs[10]'[' -d /lfs/h2/emc/ptmp/emc.global/RETRO_GFSv17/comroot/retrotestgfs10/gdas.20241124/18//products/atmos/oznmon/time/ ']'
++ cpfs[11]basename bad_pen.2024112418
+ cpfs[11]cpdstfile=/lfs/h2/emc/ptmp/emc.global/RETRO_GFSv17/comroot/retrotestgfs10/gdas.20241124/18//products/atmos/oznmon/time/bad_pen.2024112418
+ cpfs[16]cp bad_pen.2024112418 /lfs/h2/emc/ptmp/emc.global/RETRO_GFSv17/comroot/retrotestgfs10/gdas.20241124/18//products/atmos/oznmon/time/bad_pen.2024112418.cptmp
+ cpfs[18]'[' 0 -ne 0 ']'
+ cpfs[22]/apps/ops/prod/nco/core/prod_util.v2.0.9/exec/fsync_file /lfs/h2/emc/ptmp/emc.global/RETRO_GFSv17/comroot/retrotestgfs10/gdas.20241124/18//products/atmos/oznmon/time/bad_pen.2024112418.cptmp
+ cpfs[23]'[' 0 -ne 0 ']'
+ cpfs[27]mv /lfs/h2/emc/ptmp/emc.global/RETRO_GFSv17/comroot/retrotestgfs10/gdas.20241124/18//products/atmos/oznmon/time/bad_pen.2024112418.cptmp /lfs/h2/emc/ptmp/emc.global/RETRO_GFSv17/comroot/retrotestgfs10/gdas.20241124/18//products/atmos/oznmon/time/bad_pen.2024112418
+ cpfs[28]'[' 0 -ne 0 ']'
+ ozn_xtrct.sh[195]rm -f input
+ ozn_xtrct.sh[197]cat
+ ozn_xtrct.sh[212]echo 'oznmon_horiz.x HAS STARTED ompsnp_n21'
oznmon_horiz.x HAS STARTED ompsnp_n21
+ ozn_xtrct.sh[214]./oznmon_horiz.x
+ ozn_xtrct.sh[216]echo 'oznmon_horiz.x HAS ENDED ompsnp_n21'
oznmon_horiz.x HAS ENDED ompsnp_n21
+ ozn_xtrct.sh[218][[ ! -d /lfs/h2/emc/ptmp/emc.global/RETRO_GFSv17/comroot/retrotestgfs10/gdas.20241124/18//products/atmos/oznmon/horiz ]]
+ ozn_xtrct.sh[221]cpfs ompsnp_n21.ges.ctl /lfs/h2/emc/ptmp/emc.global/RETRO_GFSv17/comroot/retrotestgfs10/gdas.20241124/18//products/atmos/oznmon/horiz/
+ cpfs[3]'[' 2 -ne 2 ']'
+ cpfs[8]'[' /lfs/h2/emc/ptmp/emc.global/RETRO_GFSv17/comroot/retrotestgfs10/gdas.20241124/18//products/atmos/oznmon/horiz/ = . -o /lfs/h2/emc/ptmp/emc.global/RETRO_GFSv17/comroot/retrotestgfs10/gdas.20241124/18//products/atmos/oznmon/horiz/ = ./ ']'
+ cpfs[10]'[' -d /lfs/h2/emc/ptmp/emc.global/RETRO_GFSv17/comroot/retrotestgfs10/gdas.20241124/18//products/atmos/oznmon/horiz/ ']'
++ cpfs[11]basename ompsnp_n21.ges.ctl
+ cpfs[11]cpdstfile=/lfs/h2/emc/ptmp/emc.global/RETRO_GFSv17/comroot/retrotestgfs10/gdas.20241124/18//products/atmos/oznmon/horiz/ompsnp_n21.ges.ctl
+ cpfs[16]cp ompsnp_n21.ges.ctl /lfs/h2/emc/ptmp/emc.global/RETRO_GFSv17/comroot/retrotestgfs10/gdas.20241124/18//products/atmos/oznmon/horiz/ompsnp_n21.ges.ctl.cptmp
+ cpfs[18]'[' 0 -ne 0 ']'
+ cpfs[22]/apps/ops/prod/nco/core/prod_util.v2.0.9/exec/fsync_file /lfs/h2/emc/ptmp/emc.global/RETRO_GFSv17/comroot/retrotestgfs10/gdas.20241124/18//products/atmos/oznmon/horiz/ompsnp_n21.ges.ctl.cptmp
+ cpfs[23]'[' 0 -ne 0 ']'
+ cpfs[27]mv /lfs/h2/emc/ptmp/emc.global/RETRO_GFSv17/comroot/retrotestgfs10/gdas.20241124/18//products/atmos/oznmon/horiz/ompsnp_n21.ges.ctl.cptmp /lfs/h2/emc/ptmp/emc.global/RETRO_GFSv17/comroot/retrotestgfs10/gdas.20241124/18//products/atmos/oznmon/horiz/ompsnp_n21.ges.ctl
+ cpfs[28]'[' 0 -ne 0 ']'
+ ozn_xtrct.sh[223]gzip ompsnp_n21.ges.2024112418.ieee_d
+ ozn_xtrct.sh[224]cpfs ompsnp_n21.ges.2024112418.ieee_d.gz /lfs/h2/emc/ptmp/emc.global/RETRO_GFSv17/comroot/retrotestgfs10/gdas.20241124/18//products/atmos/oznmon/horiz/
+ cpfs[3]'[' 2 -ne 2 ']'
+ cpfs[8]'[' /lfs/h2/emc/ptmp/emc.global/RETRO_GFSv17/comroot/retrotestgfs10/gdas.20241124/18//products/atmos/oznmon/horiz/ = . -o /lfs/h2/emc/ptmp/emc.global/RETRO_GFSv17/comroot/retrotestgfs10/gdas.20241124/18//products/atmos/oznmon/horiz/ = ./ ']'
+ cpfs[10]'[' -d /lfs/h2/emc/ptmp/emc.global/RETRO_GFSv17/comroot/retrotestgfs10/gdas.20241124/18//products/atmos/oznmon/horiz/ ']'
++ cpfs[11]basename ompsnp_n21.ges.2024112418.ieee_d.gz
+ cpfs[11]cpdstfile=/lfs/h2/emc/ptmp/emc.global/RETRO_GFSv17/comroot/retrotestgfs10/gdas.20241124/18//products/atmos/oznmon/horiz/ompsnp_n21.ges.2024112418.ieee_d.gz
+ cpfs[16]cp ompsnp_n21.ges.2024112418.ieee_d.gz /lfs/h2/emc/ptmp/emc.global/RETRO_GFSv17/comroot/retrotestgfs10/gdas.20241124/18//products/atmos/oznmon/horiz/ompsnp_n21.ges.2024112418.ieee_d.gz.cptmp
+ cpfs[18]'[' 0 -ne 0 ']'
+ cpfs[22]/apps/ops/prod/nco/core/prod_util.v2.0.9/exec/fsync_file /lfs/h2/emc/ptmp/emc.global/RETRO_GFSv17/comroot/retrotestgfs10/gdas.20241124/18//products/atmos/oznmon/horiz/ompsnp_n21.ges.2024112418.ieee_d.gz.cptmp
+ cpfs[23]'[' 0 -ne 0 ']'
+ cpfs[27]mv /lfs/h2/emc/ptmp/emc.global/RETRO_GFSv17/comroot/retrotestgfs10/gdas.20241124/18//products/atmos/oznmon/horiz/ompsnp_n21.ges.2024112418.ieee_d.gz.cptmp /lfs/h2/emc/ptmp/emc.global/RETRO_GFSv17/comroot/retrotestgfs10/gdas.20241124/18//products/atmos/oznmon/horiz/ompsnp_n21.ges.2024112418.ieee_d.gz
+ cpfs[28]'[' 0 -ne 0 ']'
+ ozn_xtrct.sh[227]echo 'finished processing ptype, type:  ges, ompsnp_n21'
finished processing ptype, type:  ges, ompsnp_n21
+ ozn_xtrct.sh[145]for type in ${avail_satype}
+ ozn_xtrct.sh[146][[ -f diag_ompsnp_npp_ges.2024112418.gz ]]
+ ozn_xtrct.sh[147]mv diag_ompsnp_npp_ges.2024112418.gz ompsnp_npp.ges.gz
+ ozn_xtrct.sh[148]gunzip ./ompsnp_npp.ges.gz
+ gunzip[26]version='gunzip (gzip) 1.10
Copyright (C) 2007, 2011-2018 Free Software Foundation, Inc.
This is free software.  You may redistribute copies of it under the terms of
the GNU General Public License <https://www.gnu.org/licenses/gpl.html>.
There is NO WARRANTY, to the extent permitted by law.

Written by Paul Eggert.'
+ gunzip[50]usage='Usage: /usr/bin/gunzip [OPTION]... [FILE]...
Uncompress FILEs (by default, in-place).

Mandatory arguments to long options are mandatory for short options too.

  -c, --stdout      write on standard output, keep original files unchanged
  -f, --force       force overwrite of output file and compress links
  -k, --keep        keep (don'\''t delete) input files
  -l, --list        list compressed file contents
  -n, --no-name     do not save or restore the original name and timestamp
  -N, --name        save or restore the original name and timestamp
  -q, --quiet       suppress all warnings
  -r, --recursive   operate recursively on directories
  -S, --suffix=SUF  use suffix SUF on compressed files
      --synchronous synchronous output (safer if system crashes, but slower)
  -t, --test        test compressed file integrity
  -v, --verbose     verbose mode
      --help        display this help and exit
      --version     display version information and exit

With no FILE, or when FILE is -, read standard input.

Report bugs to <bug-gzip@gnu.org>.'
+ gunzip[52]case $1 in
+ gunzip[57]exec gzip -d ./ompsnp_npp.ges.gz
+ ozn_xtrct.sh[150]echo 'processing ptype, type:  ges, ompsnp_npp'
processing ptype, type:  ges, ompsnp_npp
+ ozn_xtrct.sh[151]rm -f input
+ ozn_xtrct.sh[153]cat
+ ozn_xtrct.sh[177]echo 'oznmon_time.x HAS STARTED ompsnp_npp'
oznmon_time.x HAS STARTED ompsnp_npp
+ ozn_xtrct.sh[179]./oznmon_time.x
+ ozn_xtrct.sh[181]echo 'oznmon_time.x HAS ENDED ompsnp_npp'
oznmon_time.x HAS ENDED ompsnp_npp
+ ozn_xtrct.sh[183][[ ! -d /lfs/h2/emc/ptmp/emc.global/RETRO_GFSv17/comroot/retrotestgfs10/gdas.20241124/18//products/atmos/oznmon/time ]]
+ ozn_xtrct.sh[186]cpfs ompsnp_npp.ges.ctl /lfs/h2/emc/ptmp/emc.global/RETRO_GFSv17/comroot/retrotestgfs10/gdas.20241124/18//products/atmos/oznmon/time/
+ cpfs[3]'[' 2 -ne 2 ']'
+ cpfs[8]'[' /lfs/h2/emc/ptmp/emc.global/RETRO_GFSv17/comroot/retrotestgfs10/gdas.20241124/18//products/atmos/oznmon/time/ = . -o /lfs/h2/emc/ptmp/emc.global/RETRO_GFSv17/comroot/retrotestgfs10/gdas.20241124/18//products/atmos/oznmon/time/ = ./ ']'
+ cpfs[10]'[' -d /lfs/h2/emc/ptmp/emc.global/RETRO_GFSv17/comroot/retrotestgfs10/gdas.20241124/18//products/atmos/oznmon/time/ ']'
++ cpfs[11]basename ompsnp_npp.ges.ctl
+ cpfs[11]cpdstfile=/lfs/h2/emc/ptmp/emc.global/RETRO_GFSv17/comroot/retrotestgfs10/gdas.20241124/18//products/atmos/oznmon/time/ompsnp_npp.ges.ctl
+ cpfs[16]cp ompsnp_npp.ges.ctl /lfs/h2/emc/ptmp/emc.global/RETRO_GFSv17/comroot/retrotestgfs10/gdas.20241124/18//products/atmos/oznmon/time/ompsnp_npp.ges.ctl.cptmp
+ cpfs[18]'[' 0 -ne 0 ']'
+ cpfs[22]/apps/ops/prod/nco/core/prod_util.v2.0.9/exec/fsync_file /lfs/h2/emc/ptmp/emc.global/RETRO_GFSv17/comroot/retrotestgfs10/gdas.20241124/18//products/atmos/oznmon/time/ompsnp_npp.ges.ctl.cptmp
+ cpfs[23]'[' 0 -ne 0 ']'
+ cpfs[27]mv /lfs/h2/emc/ptmp/emc.global/RETRO_GFSv17/comroot/retrotestgfs10/gdas.20241124/18//products/atmos/oznmon/time/ompsnp_npp.ges.ctl.cptmp /lfs/h2/emc/ptmp/emc.global/RETRO_GFSv17/comroot/retrotestgfs10/gdas.20241124/18//products/atmos/oznmon/time/ompsnp_npp.ges.ctl
+ cpfs[28]'[' 0 -ne 0 ']'
+ ozn_xtrct.sh[187]cpfs ompsnp_npp.ges.2024112418.ieee_d /lfs/h2/emc/ptmp/emc.global/RETRO_GFSv17/comroot/retrotestgfs10/gdas.20241124/18//products/atmos/oznmon/time/
+ cpfs[3]'[' 2 -ne 2 ']'
+ cpfs[8]'[' /lfs/h2/emc/ptmp/emc.global/RETRO_GFSv17/comroot/retrotestgfs10/gdas.20241124/18//products/atmos/oznmon/time/ = . -o /lfs/h2/emc/ptmp/emc.global/RETRO_GFSv17/comroot/retrotestgfs10/gdas.20241124/18//products/atmos/oznmon/time/ = ./ ']'
+ cpfs[10]'[' -d /lfs/h2/emc/ptmp/emc.global/RETRO_GFSv17/comroot/retrotestgfs10/gdas.20241124/18//products/atmos/oznmon/time/ ']'
++ cpfs[11]basename ompsnp_npp.ges.2024112418.ieee_d
+ cpfs[11]cpdstfile=/lfs/h2/emc/ptmp/emc.global/RETRO_GFSv17/comroot/retrotestgfs10/gdas.20241124/18//products/atmos/oznmon/time/ompsnp_npp.ges.2024112418.ieee_d
+ cpfs[16]cp ompsnp_npp.ges.2024112418.ieee_d /lfs/h2/emc/ptmp/emc.global/RETRO_GFSv17/comroot/retrotestgfs10/gdas.20241124/18//products/atmos/oznmon/time/ompsnp_npp.ges.2024112418.ieee_d.cptmp
+ cpfs[18]'[' 0 -ne 0 ']'
+ cpfs[22]/apps/ops/prod/nco/core/prod_util.v2.0.9/exec/fsync_file /lfs/h2/emc/ptmp/emc.global/RETRO_GFSv17/comroot/retrotestgfs10/gdas.20241124/18//products/atmos/oznmon/time/ompsnp_npp.ges.2024112418.ieee_d.cptmp
+ cpfs[23]'[' 0 -ne 0 ']'
+ cpfs[27]mv /lfs/h2/emc/ptmp/emc.global/RETRO_GFSv17/comroot/retrotestgfs10/gdas.20241124/18//products/atmos/oznmon/time/ompsnp_npp.ges.2024112418.ieee_d.cptmp /lfs/h2/emc/ptmp/emc.global/RETRO_GFSv17/comroot/retrotestgfs10/gdas.20241124/18//products/atmos/oznmon/time/ompsnp_npp.ges.2024112418.ieee_d
+ cpfs[28]'[' 0 -ne 0 ']'
+ ozn_xtrct.sh[189]compgen -G 'bad*'
+ ozn_xtrct.sh[190]for bad_file in bad*
+ ozn_xtrct.sh[191]cpfs bad_cnt.2024112418 /lfs/h2/emc/ptmp/emc.global/RETRO_GFSv17/comroot/retrotestgfs10/gdas.20241124/18//products/atmos/oznmon/time/
+ cpfs[3]'[' 2 -ne 2 ']'
+ cpfs[8]'[' /lfs/h2/emc/ptmp/emc.global/RETRO_GFSv17/comroot/retrotestgfs10/gdas.20241124/18//products/atmos/oznmon/time/ = . -o /lfs/h2/emc/ptmp/emc.global/RETRO_GFSv17/comroot/retrotestgfs10/gdas.20241124/18//products/atmos/oznmon/time/ = ./ ']'
+ cpfs[10]'[' -d /lfs/h2/emc/ptmp/emc.global/RETRO_GFSv17/comroot/retrotestgfs10/gdas.20241124/18//products/atmos/oznmon/time/ ']'
++ cpfs[11]basename bad_cnt.2024112418
+ cpfs[11]cpdstfile=/lfs/h2/emc/ptmp/emc.global/RETRO_GFSv17/comroot/retrotestgfs10/gdas.20241124/18//products/atmos/oznmon/time/bad_cnt.2024112418
+ cpfs[16]cp bad_cnt.2024112418 /lfs/h2/emc/ptmp/emc.global/RETRO_GFSv17/comroot/retrotestgfs10/gdas.20241124/18//products/atmos/oznmon/time/bad_cnt.2024112418.cptmp
+ cpfs[18]'[' 0 -ne 0 ']'
+ cpfs[22]/apps/ops/prod/nco/core/prod_util.v2.0.9/exec/fsync_file /lfs/h2/emc/ptmp/emc.global/RETRO_GFSv17/comroot/retrotestgfs10/gdas.20241124/18//products/atmos/oznmon/time/bad_cnt.2024112418.cptmp
+ cpfs[23]'[' 0 -ne 0 ']'
+ cpfs[27]mv /lfs/h2/emc/ptmp/emc.global/RETRO_GFSv17/comroot/retrotestgfs10/gdas.20241124/18//products/atmos/oznmon/time/bad_cnt.2024112418.cptmp /lfs/h2/emc/ptmp/emc.global/RETRO_GFSv17/comroot/retrotestgfs10/gdas.20241124/18//products/atmos/oznmon/time/bad_cnt.2024112418
+ cpfs[28]'[' 0 -ne 0 ']'
+ ozn_xtrct.sh[190]for bad_file in bad*
+ ozn_xtrct.sh[191]cpfs bad_diag.2024112418 /lfs/h2/emc/ptmp/emc.global/RETRO_GFSv17/comroot/retrotestgfs10/gdas.20241124/18//products/atmos/oznmon/time/
+ cpfs[3]'[' 2 -ne 2 ']'
+ cpfs[8]'[' /lfs/h2/emc/ptmp/emc.global/RETRO_GFSv17/comroot/retrotestgfs10/gdas.20241124/18//products/atmos/oznmon/time/ = . -o /lfs/h2/emc/ptmp/emc.global/RETRO_GFSv17/comroot/retrotestgfs10/gdas.20241124/18//products/atmos/oznmon/time/ = ./ ']'
+ cpfs[10]'[' -d /lfs/h2/emc/ptmp/emc.global/RETRO_GFSv17/comroot/retrotestgfs10/gdas.20241124/18//products/atmos/oznmon/time/ ']'
++ cpfs[11]basename bad_diag.2024112418
+ cpfs[11]cpdstfile=/lfs/h2/emc/ptmp/emc.global/RETRO_GFSv17/comroot/retrotestgfs10/gdas.20241124/18//products/atmos/oznmon/time/bad_diag.2024112418
+ cpfs[16]cp bad_diag.2024112418 /lfs/h2/emc/ptmp/emc.global/RETRO_GFSv17/comroot/retrotestgfs10/gdas.20241124/18//products/atmos/oznmon/time/bad_diag.2024112418.cptmp
+ cpfs[18]'[' 0 -ne 0 ']'
+ cpfs[22]/apps/ops/prod/nco/core/prod_util.v2.0.9/exec/fsync_file /lfs/h2/emc/ptmp/emc.global/RETRO_GFSv17/comroot/retrotestgfs10/gdas.20241124/18//products/atmos/oznmon/time/bad_diag.2024112418.cptmp
+ cpfs[23]'[' 0 -ne 0 ']'
+ cpfs[27]mv /lfs/h2/emc/ptmp/emc.global/RETRO_GFSv17/comroot/retrotestgfs10/gdas.20241124/18//products/atmos/oznmon/time/bad_diag.2024112418.cptmp /lfs/h2/emc/ptmp/emc.global/RETRO_GFSv17/comroot/retrotestgfs10/gdas.20241124/18//products/atmos/oznmon/time/bad_diag.2024112418
+ cpfs[28]'[' 0 -ne 0 ']'
+ ozn_xtrct.sh[190]for bad_file in bad*
+ ozn_xtrct.sh[191]cpfs bad_pen.2024112418 /lfs/h2/emc/ptmp/emc.global/RETRO_GFSv17/comroot/retrotestgfs10/gdas.20241124/18//products/atmos/oznmon/time/
+ cpfs[3]'[' 2 -ne 2 ']'
+ cpfs[8]'[' /lfs/h2/emc/ptmp/emc.global/RETRO_GFSv17/comroot/retrotestgfs10/gdas.20241124/18//products/atmos/oznmon/time/ = . -o /lfs/h2/emc/ptmp/emc.global/RETRO_GFSv17/comroot/retrotestgfs10/gdas.20241124/18//products/atmos/oznmon/time/ = ./ ']'
+ cpfs[10]'[' -d /lfs/h2/emc/ptmp/emc.global/RETRO_GFSv17/comroot/retrotestgfs10/gdas.20241124/18//products/atmos/oznmon/time/ ']'
++ cpfs[11]basename bad_pen.2024112418
+ cpfs[11]cpdstfile=/lfs/h2/emc/ptmp/emc.global/RETRO_GFSv17/comroot/retrotestgfs10/gdas.20241124/18//products/atmos/oznmon/time/bad_pen.2024112418
+ cpfs[16]cp bad_pen.2024112418 /lfs/h2/emc/ptmp/emc.global/RETRO_GFSv17/comroot/retrotestgfs10/gdas.20241124/18//products/atmos/oznmon/time/bad_pen.2024112418.cptmp
+ cpfs[18]'[' 0 -ne 0 ']'
+ cpfs[22]/apps/ops/prod/nco/core/prod_util.v2.0.9/exec/fsync_file /lfs/h2/emc/ptmp/emc.global/RETRO_GFSv17/comroot/retrotestgfs10/gdas.20241124/18//products/atmos/oznmon/time/bad_pen.2024112418.cptmp
+ cpfs[23]'[' 0 -ne 0 ']'
+ cpfs[27]mv /lfs/h2/emc/ptmp/emc.global/RETRO_GFSv17/comroot/retrotestgfs10/gdas.20241124/18//products/atmos/oznmon/time/bad_pen.2024112418.cptmp /lfs/h2/emc/ptmp/emc.global/RETRO_GFSv17/comroot/retrotestgfs10/gdas.20241124/18//products/atmos/oznmon/time/bad_pen.2024112418
+ cpfs[28]'[' 0 -ne 0 ']'
+ ozn_xtrct.sh[195]rm -f input
+ ozn_xtrct.sh[197]cat
+ ozn_xtrct.sh[212]echo 'oznmon_horiz.x HAS STARTED ompsnp_npp'
oznmon_horiz.x HAS STARTED ompsnp_npp
+ ozn_xtrct.sh[214]./oznmon_horiz.x
+ ozn_xtrct.sh[216]echo 'oznmon_horiz.x HAS ENDED ompsnp_npp'
oznmon_horiz.x HAS ENDED ompsnp_npp
+ ozn_xtrct.sh[218][[ ! -d /lfs/h2/emc/ptmp/emc.global/RETRO_GFSv17/comroot/retrotestgfs10/gdas.20241124/18//products/atmos/oznmon/horiz ]]
+ ozn_xtrct.sh[221]cpfs ompsnp_npp.ges.ctl /lfs/h2/emc/ptmp/emc.global/RETRO_GFSv17/comroot/retrotestgfs10/gdas.20241124/18//products/atmos/oznmon/horiz/
+ cpfs[3]'[' 2 -ne 2 ']'
+ cpfs[8]'[' /lfs/h2/emc/ptmp/emc.global/RETRO_GFSv17/comroot/retrotestgfs10/gdas.20241124/18//products/atmos/oznmon/horiz/ = . -o /lfs/h2/emc/ptmp/emc.global/RETRO_GFSv17/comroot/retrotestgfs10/gdas.20241124/18//products/atmos/oznmon/horiz/ = ./ ']'
+ cpfs[10]'[' -d /lfs/h2/emc/ptmp/emc.global/RETRO_GFSv17/comroot/retrotestgfs10/gdas.20241124/18//products/atmos/oznmon/horiz/ ']'
++ cpfs[11]basename ompsnp_npp.ges.ctl
+ cpfs[11]cpdstfile=/lfs/h2/emc/ptmp/emc.global/RETRO_GFSv17/comroot/retrotestgfs10/gdas.20241124/18//products/atmos/oznmon/horiz/ompsnp_npp.ges.ctl
+ cpfs[16]cp ompsnp_npp.ges.ctl /lfs/h2/emc/ptmp/emc.global/RETRO_GFSv17/comroot/retrotestgfs10/gdas.20241124/18//products/atmos/oznmon/horiz/ompsnp_npp.ges.ctl.cptmp
+ cpfs[18]'[' 0 -ne 0 ']'
+ cpfs[22]/apps/ops/prod/nco/core/prod_util.v2.0.9/exec/fsync_file /lfs/h2/emc/ptmp/emc.global/RETRO_GFSv17/comroot/retrotestgfs10/gdas.20241124/18//products/atmos/oznmon/horiz/ompsnp_npp.ges.ctl.cptmp
+ cpfs[23]'[' 0 -ne 0 ']'
+ cpfs[27]mv /lfs/h2/emc/ptmp/emc.global/RETRO_GFSv17/comroot/retrotestgfs10/gdas.20241124/18//products/atmos/oznmon/horiz/ompsnp_npp.ges.ctl.cptmp /lfs/h2/emc/ptmp/emc.global/RETRO_GFSv17/comroot/retrotestgfs10/gdas.20241124/18//products/atmos/oznmon/horiz/ompsnp_npp.ges.ctl
+ cpfs[28]'[' 0 -ne 0 ']'
+ ozn_xtrct.sh[223]gzip ompsnp_npp.ges.2024112418.ieee_d
+ ozn_xtrct.sh[224]cpfs ompsnp_npp.ges.2024112418.ieee_d.gz /lfs/h2/emc/ptmp/emc.global/RETRO_GFSv17/comroot/retrotestgfs10/gdas.20241124/18//products/atmos/oznmon/horiz/
+ cpfs[3]'[' 2 -ne 2 ']'
+ cpfs[8]'[' /lfs/h2/emc/ptmp/emc.global/RETRO_GFSv17/comroot/retrotestgfs10/gdas.20241124/18//products/atmos/oznmon/horiz/ = . -o /lfs/h2/emc/ptmp/emc.global/RETRO_GFSv17/comroot/retrotestgfs10/gdas.20241124/18//products/atmos/oznmon/horiz/ = ./ ']'
+ cpfs[10]'[' -d /lfs/h2/emc/ptmp/emc.global/RETRO_GFSv17/comroot/retrotestgfs10/gdas.20241124/18//products/atmos/oznmon/horiz/ ']'
++ cpfs[11]basename ompsnp_npp.ges.2024112418.ieee_d.gz
+ cpfs[11]cpdstfile=/lfs/h2/emc/ptmp/emc.global/RETRO_GFSv17/comroot/retrotestgfs10/gdas.20241124/18//products/atmos/oznmon/horiz/ompsnp_npp.ges.2024112418.ieee_d.gz
+ cpfs[16]cp ompsnp_npp.ges.2024112418.ieee_d.gz /lfs/h2/emc/ptmp/emc.global/RETRO_GFSv17/comroot/retrotestgfs10/gdas.20241124/18//products/atmos/oznmon/horiz/ompsnp_npp.ges.2024112418.ieee_d.gz.cptmp
+ cpfs[18]'[' 0 -ne 0 ']'
+ cpfs[22]/apps/ops/prod/nco/core/prod_util.v2.0.9/exec/fsync_file /lfs/h2/emc/ptmp/emc.global/RETRO_GFSv17/comroot/retrotestgfs10/gdas.20241124/18//products/atmos/oznmon/horiz/ompsnp_npp.ges.2024112418.ieee_d.gz.cptmp
+ cpfs[23]'[' 0 -ne 0 ']'
+ cpfs[27]mv /lfs/h2/emc/ptmp/emc.global/RETRO_GFSv17/comroot/retrotestgfs10/gdas.20241124/18//products/atmos/oznmon/horiz/ompsnp_npp.ges.2024112418.ieee_d.gz.cptmp /lfs/h2/emc/ptmp/emc.global/RETRO_GFSv17/comroot/retrotestgfs10/gdas.20241124/18//products/atmos/oznmon/horiz/ompsnp_npp.ges.2024112418.ieee_d.gz
+ cpfs[28]'[' 0 -ne 0 ']'
+ ozn_xtrct.sh[227]echo 'finished processing ptype, type:  ges, ompsnp_npp'
finished processing ptype, type:  ges, ompsnp_npp
+ ozn_xtrct.sh[145]for type in ${avail_satype}
+ ozn_xtrct.sh[146][[ -f diag_ompstc8_n20_ges.2024112418.gz ]]
+ ozn_xtrct.sh[147]mv diag_ompstc8_n20_ges.2024112418.gz ompstc8_n20.ges.gz
+ ozn_xtrct.sh[148]gunzip ./ompstc8_n20.ges.gz
+ gunzip[26]version='gunzip (gzip) 1.10
Copyright (C) 2007, 2011-2018 Free Software Foundation, Inc.
This is free software.  You may redistribute copies of it under the terms of
the GNU General Public License <https://www.gnu.org/licenses/gpl.html>.
There is NO WARRANTY, to the extent permitted by law.

Written by Paul Eggert.'
+ gunzip[50]usage='Usage: /usr/bin/gunzip [OPTION]... [FILE]...
Uncompress FILEs (by default, in-place).

Mandatory arguments to long options are mandatory for short options too.

  -c, --stdout      write on standard output, keep original files unchanged
  -f, --force       force overwrite of output file and compress links
  -k, --keep        keep (don'\''t delete) input files
  -l, --list        list compressed file contents
  -n, --no-name     do not save or restore the original name and timestamp
  -N, --name        save or restore the original name and timestamp
  -q, --quiet       suppress all warnings
  -r, --recursive   operate recursively on directories
  -S, --suffix=SUF  use suffix SUF on compressed files
      --synchronous synchronous output (safer if system crashes, but slower)
  -t, --test        test compressed file integrity
  -v, --verbose     verbose mode
      --help        display this help and exit
      --version     display version information and exit

With no FILE, or when FILE is -, read standard input.

Report bugs to <bug-gzip@gnu.org>.'
+ gunzip[52]case $1 in
+ gunzip[57]exec gzip -d ./ompstc8_n20.ges.gz
+ ozn_xtrct.sh[150]echo 'processing ptype, type:  ges, ompstc8_n20'
processing ptype, type:  ges, ompstc8_n20
+ ozn_xtrct.sh[151]rm -f input
+ ozn_xtrct.sh[153]cat
+ ozn_xtrct.sh[177]echo 'oznmon_time.x HAS STARTED ompstc8_n20'
oznmon_time.x HAS STARTED ompstc8_n20
+ ozn_xtrct.sh[179]./oznmon_time.x
+ ozn_xtrct.sh[181]echo 'oznmon_time.x HAS ENDED ompstc8_n20'
oznmon_time.x HAS ENDED ompstc8_n20
+ ozn_xtrct.sh[183][[ ! -d /lfs/h2/emc/ptmp/emc.global/RETRO_GFSv17/comroot/retrotestgfs10/gdas.20241124/18//products/atmos/oznmon/time ]]
+ ozn_xtrct.sh[186]cpfs ompstc8_n20.ges.ctl /lfs/h2/emc/ptmp/emc.global/RETRO_GFSv17/comroot/retrotestgfs10/gdas.20241124/18//products/atmos/oznmon/time/
+ cpfs[3]'[' 2 -ne 2 ']'
+ cpfs[8]'[' /lfs/h2/emc/ptmp/emc.global/RETRO_GFSv17/comroot/retrotestgfs10/gdas.20241124/18//products/atmos/oznmon/time/ = . -o /lfs/h2/emc/ptmp/emc.global/RETRO_GFSv17/comroot/retrotestgfs10/gdas.20241124/18//products/atmos/oznmon/time/ = ./ ']'
+ cpfs[10]'[' -d /lfs/h2/emc/ptmp/emc.global/RETRO_GFSv17/comroot/retrotestgfs10/gdas.20241124/18//products/atmos/oznmon/time/ ']'
++ cpfs[11]basename ompstc8_n20.ges.ctl
+ cpfs[11]cpdstfile=/lfs/h2/emc/ptmp/emc.global/RETRO_GFSv17/comroot/retrotestgfs10/gdas.20241124/18//products/atmos/oznmon/time/ompstc8_n20.ges.ctl
+ cpfs[16]cp ompstc8_n20.ges.ctl /lfs/h2/emc/ptmp/emc.global/RETRO_GFSv17/comroot/retrotestgfs10/gdas.20241124/18//products/atmos/oznmon/time/ompstc8_n20.ges.ctl.cptmp
+ cpfs[18]'[' 0 -ne 0 ']'
+ cpfs[22]/apps/ops/prod/nco/core/prod_util.v2.0.9/exec/fsync_file /lfs/h2/emc/ptmp/emc.global/RETRO_GFSv17/comroot/retrotestgfs10/gdas.20241124/18//products/atmos/oznmon/time/ompstc8_n20.ges.ctl.cptmp
+ cpfs[23]'[' 0 -ne 0 ']'
+ cpfs[27]mv /lfs/h2/emc/ptmp/emc.global/RETRO_GFSv17/comroot/retrotestgfs10/gdas.20241124/18//products/atmos/oznmon/time/ompstc8_n20.ges.ctl.cptmp /lfs/h2/emc/ptmp/emc.global/RETRO_GFSv17/comroot/retrotestgfs10/gdas.20241124/18//products/atmos/oznmon/time/ompstc8_n20.ges.ctl
+ cpfs[28]'[' 0 -ne 0 ']'
+ ozn_xtrct.sh[187]cpfs ompstc8_n20.ges.2024112418.ieee_d /lfs/h2/emc/ptmp/emc.global/RETRO_GFSv17/comroot/retrotestgfs10/gdas.20241124/18//products/atmos/oznmon/time/
+ cpfs[3]'[' 2 -ne 2 ']'
+ cpfs[8]'[' /lfs/h2/emc/ptmp/emc.global/RETRO_GFSv17/comroot/retrotestgfs10/gdas.20241124/18//products/atmos/oznmon/time/ = . -o /lfs/h2/emc/ptmp/emc.global/RETRO_GFSv17/comroot/retrotestgfs10/gdas.20241124/18//products/atmos/oznmon/time/ = ./ ']'
+ cpfs[10]'[' -d /lfs/h2/emc/ptmp/emc.global/RETRO_GFSv17/comroot/retrotestgfs10/gdas.20241124/18//products/atmos/oznmon/time/ ']'
++ cpfs[11]basename ompstc8_n20.ges.2024112418.ieee_d
+ cpfs[11]cpdstfile=/lfs/h2/emc/ptmp/emc.global/RETRO_GFSv17/comroot/retrotestgfs10/gdas.20241124/18//products/atmos/oznmon/time/ompstc8_n20.ges.2024112418.ieee_d
+ cpfs[16]cp ompstc8_n20.ges.2024112418.ieee_d /lfs/h2/emc/ptmp/emc.global/RETRO_GFSv17/comroot/retrotestgfs10/gdas.20241124/18//products/atmos/oznmon/time/ompstc8_n20.ges.2024112418.ieee_d.cptmp
+ cpfs[18]'[' 0 -ne 0 ']'
+ cpfs[22]/apps/ops/prod/nco/core/prod_util.v2.0.9/exec/fsync_file /lfs/h2/emc/ptmp/emc.global/RETRO_GFSv17/comroot/retrotestgfs10/gdas.20241124/18//products/atmos/oznmon/time/ompstc8_n20.ges.2024112418.ieee_d.cptmp
+ cpfs[23]'[' 0 -ne 0 ']'
+ cpfs[27]mv /lfs/h2/emc/ptmp/emc.global/RETRO_GFSv17/comroot/retrotestgfs10/gdas.20241124/18//products/atmos/oznmon/time/ompstc8_n20.ges.2024112418.ieee_d.cptmp /lfs/h2/emc/ptmp/emc.global/RETRO_GFSv17/comroot/retrotestgfs10/gdas.20241124/18//products/atmos/oznmon/time/ompstc8_n20.ges.2024112418.ieee_d
+ cpfs[28]'[' 0 -ne 0 ']'
+ ozn_xtrct.sh[189]compgen -G 'bad*'
+ ozn_xtrct.sh[190]for bad_file in bad*
+ ozn_xtrct.sh[191]cpfs bad_cnt.2024112418 /lfs/h2/emc/ptmp/emc.global/RETRO_GFSv17/comroot/retrotestgfs10/gdas.20241124/18//products/atmos/oznmon/time/
+ cpfs[3]'[' 2 -ne 2 ']'
+ cpfs[8]'[' /lfs/h2/emc/ptmp/emc.global/RETRO_GFSv17/comroot/retrotestgfs10/gdas.20241124/18//products/atmos/oznmon/time/ = . -o /lfs/h2/emc/ptmp/emc.global/RETRO_GFSv17/comroot/retrotestgfs10/gdas.20241124/18//products/atmos/oznmon/time/ = ./ ']'
+ cpfs[10]'[' -d /lfs/h2/emc/ptmp/emc.global/RETRO_GFSv17/comroot/retrotestgfs10/gdas.20241124/18//products/atmos/oznmon/time/ ']'
++ cpfs[11]basename bad_cnt.2024112418
+ cpfs[11]cpdstfile=/lfs/h2/emc/ptmp/emc.global/RETRO_GFSv17/comroot/retrotestgfs10/gdas.20241124/18//products/atmos/oznmon/time/bad_cnt.2024112418
+ cpfs[16]cp bad_cnt.2024112418 /lfs/h2/emc/ptmp/emc.global/RETRO_GFSv17/comroot/retrotestgfs10/gdas.20241124/18//products/atmos/oznmon/time/bad_cnt.2024112418.cptmp
+ cpfs[18]'[' 0 -ne 0 ']'
+ cpfs[22]/apps/ops/prod/nco/core/prod_util.v2.0.9/exec/fsync_file /lfs/h2/emc/ptmp/emc.global/RETRO_GFSv17/comroot/retrotestgfs10/gdas.20241124/18//products/atmos/oznmon/time/bad_cnt.2024112418.cptmp
+ cpfs[23]'[' 0 -ne 0 ']'
+ cpfs[27]mv /lfs/h2/emc/ptmp/emc.global/RETRO_GFSv17/comroot/retrotestgfs10/gdas.20241124/18//products/atmos/oznmon/time/bad_cnt.2024112418.cptmp /lfs/h2/emc/ptmp/emc.global/RETRO_GFSv17/comroot/retrotestgfs10/gdas.20241124/18//products/atmos/oznmon/time/bad_cnt.2024112418
+ cpfs[28]'[' 0 -ne 0 ']'
+ ozn_xtrct.sh[190]for bad_file in bad*
+ ozn_xtrct.sh[191]cpfs bad_diag.2024112418 /lfs/h2/emc/ptmp/emc.global/RETRO_GFSv17/comroot/retrotestgfs10/gdas.20241124/18//products/atmos/oznmon/time/
+ cpfs[3]'[' 2 -ne 2 ']'
+ cpfs[8]'[' /lfs/h2/emc/ptmp/emc.global/RETRO_GFSv17/comroot/retrotestgfs10/gdas.20241124/18//products/atmos/oznmon/time/ = . -o /lfs/h2/emc/ptmp/emc.global/RETRO_GFSv17/comroot/retrotestgfs10/gdas.20241124/18//products/atmos/oznmon/time/ = ./ ']'
+ cpfs[10]'[' -d /lfs/h2/emc/ptmp/emc.global/RETRO_GFSv17/comroot/retrotestgfs10/gdas.20241124/18//products/atmos/oznmon/time/ ']'
++ cpfs[11]basename bad_diag.2024112418
+ cpfs[11]cpdstfile=/lfs/h2/emc/ptmp/emc.global/RETRO_GFSv17/comroot/retrotestgfs10/gdas.20241124/18//products/atmos/oznmon/time/bad_diag.2024112418
+ cpfs[16]cp bad_diag.2024112418 /lfs/h2/emc/ptmp/emc.global/RETRO_GFSv17/comroot/retrotestgfs10/gdas.20241124/18//products/atmos/oznmon/time/bad_diag.2024112418.cptmp
+ cpfs[18]'[' 0 -ne 0 ']'
+ cpfs[22]/apps/ops/prod/nco/core/prod_util.v2.0.9/exec/fsync_file /lfs/h2/emc/ptmp/emc.global/RETRO_GFSv17/comroot/retrotestgfs10/gdas.20241124/18//products/atmos/oznmon/time/bad_diag.2024112418.cptmp
+ cpfs[23]'[' 0 -ne 0 ']'
+ cpfs[27]mv /lfs/h2/emc/ptmp/emc.global/RETRO_GFSv17/comroot/retrotestgfs10/gdas.20241124/18//products/atmos/oznmon/time/bad_diag.2024112418.cptmp /lfs/h2/emc/ptmp/emc.global/RETRO_GFSv17/comroot/retrotestgfs10/gdas.20241124/18//products/atmos/oznmon/time/bad_diag.2024112418
+ cpfs[28]'[' 0 -ne 0 ']'
+ ozn_xtrct.sh[190]for bad_file in bad*
+ ozn_xtrct.sh[191]cpfs bad_pen.2024112418 /lfs/h2/emc/ptmp/emc.global/RETRO_GFSv17/comroot/retrotestgfs10/gdas.20241124/18//products/atmos/oznmon/time/
+ cpfs[3]'[' 2 -ne 2 ']'
+ cpfs[8]'[' /lfs/h2/emc/ptmp/emc.global/RETRO_GFSv17/comroot/retrotestgfs10/gdas.20241124/18//products/atmos/oznmon/time/ = . -o /lfs/h2/emc/ptmp/emc.global/RETRO_GFSv17/comroot/retrotestgfs10/gdas.20241124/18//products/atmos/oznmon/time/ = ./ ']'
+ cpfs[10]'[' -d /lfs/h2/emc/ptmp/emc.global/RETRO_GFSv17/comroot/retrotestgfs10/gdas.20241124/18//products/atmos/oznmon/time/ ']'
++ cpfs[11]basename bad_pen.2024112418
+ cpfs[11]cpdstfile=/lfs/h2/emc/ptmp/emc.global/RETRO_GFSv17/comroot/retrotestgfs10/gdas.20241124/18//products/atmos/oznmon/time/bad_pen.2024112418
+ cpfs[16]cp bad_pen.2024112418 /lfs/h2/emc/ptmp/emc.global/RETRO_GFSv17/comroot/retrotestgfs10/gdas.20241124/18//products/atmos/oznmon/time/bad_pen.2024112418.cptmp
+ cpfs[18]'[' 0 -ne 0 ']'
+ cpfs[22]/apps/ops/prod/nco/core/prod_util.v2.0.9/exec/fsync_file /lfs/h2/emc/ptmp/emc.global/RETRO_GFSv17/comroot/retrotestgfs10/gdas.20241124/18//products/atmos/oznmon/time/bad_pen.2024112418.cptmp
+ cpfs[23]'[' 0 -ne 0 ']'
+ cpfs[27]mv /lfs/h2/emc/ptmp/emc.global/RETRO_GFSv17/comroot/retrotestgfs10/gdas.20241124/18//products/atmos/oznmon/time/bad_pen.2024112418.cptmp /lfs/h2/emc/ptmp/emc.global/RETRO_GFSv17/comroot/retrotestgfs10/gdas.20241124/18//products/atmos/oznmon/time/bad_pen.2024112418
+ cpfs[28]'[' 0 -ne 0 ']'
+ ozn_xtrct.sh[195]rm -f input
+ ozn_xtrct.sh[197]cat
+ ozn_xtrct.sh[212]echo 'oznmon_horiz.x HAS STARTED ompstc8_n20'
oznmon_horiz.x HAS STARTED ompstc8_n20
+ ozn_xtrct.sh[214]./oznmon_horiz.x
+ ozn_xtrct.sh[216]echo 'oznmon_horiz.x HAS ENDED ompstc8_n20'
oznmon_horiz.x HAS ENDED ompstc8_n20
+ ozn_xtrct.sh[218][[ ! -d /lfs/h2/emc/ptmp/emc.global/RETRO_GFSv17/comroot/retrotestgfs10/gdas.20241124/18//products/atmos/oznmon/horiz ]]
+ ozn_xtrct.sh[221]cpfs ompstc8_n20.ges.ctl /lfs/h2/emc/ptmp/emc.global/RETRO_GFSv17/comroot/retrotestgfs10/gdas.20241124/18//products/atmos/oznmon/horiz/
+ cpfs[3]'[' 2 -ne 2 ']'
+ cpfs[8]'[' /lfs/h2/emc/ptmp/emc.global/RETRO_GFSv17/comroot/retrotestgfs10/gdas.20241124/18//products/atmos/oznmon/horiz/ = . -o /lfs/h2/emc/ptmp/emc.global/RETRO_GFSv17/comroot/retrotestgfs10/gdas.20241124/18//products/atmos/oznmon/horiz/ = ./ ']'
+ cpfs[10]'[' -d /lfs/h2/emc/ptmp/emc.global/RETRO_GFSv17/comroot/retrotestgfs10/gdas.20241124/18//products/atmos/oznmon/horiz/ ']'
++ cpfs[11]basename ompstc8_n20.ges.ctl
+ cpfs[11]cpdstfile=/lfs/h2/emc/ptmp/emc.global/RETRO_GFSv17/comroot/retrotestgfs10/gdas.20241124/18//products/atmos/oznmon/horiz/ompstc8_n20.ges.ctl
+ cpfs[16]cp ompstc8_n20.ges.ctl /lfs/h2/emc/ptmp/emc.global/RETRO_GFSv17/comroot/retrotestgfs10/gdas.20241124/18//products/atmos/oznmon/horiz/ompstc8_n20.ges.ctl.cptmp
+ cpfs[18]'[' 0 -ne 0 ']'
+ cpfs[22]/apps/ops/prod/nco/core/prod_util.v2.0.9/exec/fsync_file /lfs/h2/emc/ptmp/emc.global/RETRO_GFSv17/comroot/retrotestgfs10/gdas.20241124/18//products/atmos/oznmon/horiz/ompstc8_n20.ges.ctl.cptmp
+ cpfs[23]'[' 0 -ne 0 ']'
+ cpfs[27]mv /lfs/h2/emc/ptmp/emc.global/RETRO_GFSv17/comroot/retrotestgfs10/gdas.20241124/18//products/atmos/oznmon/horiz/ompstc8_n20.ges.ctl.cptmp /lfs/h2/emc/ptmp/emc.global/RETRO_GFSv17/comroot/retrotestgfs10/gdas.20241124/18//products/atmos/oznmon/horiz/ompstc8_n20.ges.ctl
+ cpfs[28]'[' 0 -ne 0 ']'
+ ozn_xtrct.sh[223]gzip ompstc8_n20.ges.2024112418.ieee_d
+ ozn_xtrct.sh[224]cpfs ompstc8_n20.ges.2024112418.ieee_d.gz /lfs/h2/emc/ptmp/emc.global/RETRO_GFSv17/comroot/retrotestgfs10/gdas.20241124/18//products/atmos/oznmon/horiz/
+ cpfs[3]'[' 2 -ne 2 ']'
+ cpfs[8]'[' /lfs/h2/emc/ptmp/emc.global/RETRO_GFSv17/comroot/retrotestgfs10/gdas.20241124/18//products/atmos/oznmon/horiz/ = . -o /lfs/h2/emc/ptmp/emc.global/RETRO_GFSv17/comroot/retrotestgfs10/gdas.20241124/18//products/atmos/oznmon/horiz/ = ./ ']'
+ cpfs[10]'[' -d /lfs/h2/emc/ptmp/emc.global/RETRO_GFSv17/comroot/retrotestgfs10/gdas.20241124/18//products/atmos/oznmon/horiz/ ']'
++ cpfs[11]basename ompstc8_n20.ges.2024112418.ieee_d.gz
+ cpfs[11]cpdstfile=/lfs/h2/emc/ptmp/emc.global/RETRO_GFSv17/comroot/retrotestgfs10/gdas.20241124/18//products/atmos/oznmon/horiz/ompstc8_n20.ges.2024112418.ieee_d.gz
+ cpfs[16]cp ompstc8_n20.ges.2024112418.ieee_d.gz /lfs/h2/emc/ptmp/emc.global/RETRO_GFSv17/comroot/retrotestgfs10/gdas.20241124/18//products/atmos/oznmon/horiz/ompstc8_n20.ges.2024112418.ieee_d.gz.cptmp
+ cpfs[18]'[' 0 -ne 0 ']'
+ cpfs[22]/apps/ops/prod/nco/core/prod_util.v2.0.9/exec/fsync_file /lfs/h2/emc/ptmp/emc.global/RETRO_GFSv17/comroot/retrotestgfs10/gdas.20241124/18//products/atmos/oznmon/horiz/ompstc8_n20.ges.2024112418.ieee_d.gz.cptmp
+ cpfs[23]'[' 0 -ne 0 ']'
+ cpfs[27]mv /lfs/h2/emc/ptmp/emc.global/RETRO_GFSv17/comroot/retrotestgfs10/gdas.20241124/18//products/atmos/oznmon/horiz/ompstc8_n20.ges.2024112418.ieee_d.gz.cptmp /lfs/h2/emc/ptmp/emc.global/RETRO_GFSv17/comroot/retrotestgfs10/gdas.20241124/18//products/atmos/oznmon/horiz/ompstc8_n20.ges.2024112418.ieee_d.gz
+ cpfs[28]'[' 0 -ne 0 ']'
+ ozn_xtrct.sh[227]echo 'finished processing ptype, type:  ges, ompstc8_n20'
finished processing ptype, type:  ges, ompstc8_n20
+ ozn_xtrct.sh[145]for type in ${avail_satype}
+ ozn_xtrct.sh[146][[ -f diag_ompstc8_n21_ges.2024112418.gz ]]
+ ozn_xtrct.sh[147]mv diag_ompstc8_n21_ges.2024112418.gz ompstc8_n21.ges.gz
+ ozn_xtrct.sh[148]gunzip ./ompstc8_n21.ges.gz
+ gunzip[26]version='gunzip (gzip) 1.10
Copyright (C) 2007, 2011-2018 Free Software Foundation, Inc.
This is free software.  You may redistribute copies of it under the terms of
the GNU General Public License <https://www.gnu.org/licenses/gpl.html>.
There is NO WARRANTY, to the extent permitted by law.

Written by Paul Eggert.'
+ gunzip[50]usage='Usage: /usr/bin/gunzip [OPTION]... [FILE]...
Uncompress FILEs (by default, in-place).

Mandatory arguments to long options are mandatory for short options too.

  -c, --stdout      write on standard output, keep original files unchanged
  -f, --force       force overwrite of output file and compress links
  -k, --keep        keep (don'\''t delete) input files
  -l, --list        list compressed file contents
  -n, --no-name     do not save or restore the original name and timestamp
  -N, --name        save or restore the original name and timestamp
  -q, --quiet       suppress all warnings
  -r, --recursive   operate recursively on directories
  -S, --suffix=SUF  use suffix SUF on compressed files
      --synchronous synchronous output (safer if system crashes, but slower)
  -t, --test        test compressed file integrity
  -v, --verbose     verbose mode
      --help        display this help and exit
      --version     display version information and exit

With no FILE, or when FILE is -, read standard input.

Report bugs to <bug-gzip@gnu.org>.'
+ gunzip[52]case $1 in
+ gunzip[57]exec gzip -d ./ompstc8_n21.ges.gz
+ ozn_xtrct.sh[150]echo 'processing ptype, type:  ges, ompstc8_n21'
processing ptype, type:  ges, ompstc8_n21
+ ozn_xtrct.sh[151]rm -f input
+ ozn_xtrct.sh[153]cat
+ ozn_xtrct.sh[177]echo 'oznmon_time.x HAS STARTED ompstc8_n21'
oznmon_time.x HAS STARTED ompstc8_n21
+ ozn_xtrct.sh[179]./oznmon_time.x
+ ozn_xtrct.sh[181]echo 'oznmon_time.x HAS ENDED ompstc8_n21'
oznmon_time.x HAS ENDED ompstc8_n21
+ ozn_xtrct.sh[183][[ ! -d /lfs/h2/emc/ptmp/emc.global/RETRO_GFSv17/comroot/retrotestgfs10/gdas.20241124/18//products/atmos/oznmon/time ]]
+ ozn_xtrct.sh[186]cpfs ompstc8_n21.ges.ctl /lfs/h2/emc/ptmp/emc.global/RETRO_GFSv17/comroot/retrotestgfs10/gdas.20241124/18//products/atmos/oznmon/time/
+ cpfs[3]'[' 2 -ne 2 ']'
+ cpfs[8]'[' /lfs/h2/emc/ptmp/emc.global/RETRO_GFSv17/comroot/retrotestgfs10/gdas.20241124/18//products/atmos/oznmon/time/ = . -o /lfs/h2/emc/ptmp/emc.global/RETRO_GFSv17/comroot/retrotestgfs10/gdas.20241124/18//products/atmos/oznmon/time/ = ./ ']'
+ cpfs[10]'[' -d /lfs/h2/emc/ptmp/emc.global/RETRO_GFSv17/comroot/retrotestgfs10/gdas.20241124/18//products/atmos/oznmon/time/ ']'
++ cpfs[11]basename ompstc8_n21.ges.ctl
+ cpfs[11]cpdstfile=/lfs/h2/emc/ptmp/emc.global/RETRO_GFSv17/comroot/retrotestgfs10/gdas.20241124/18//products/atmos/oznmon/time/ompstc8_n21.ges.ctl
+ cpfs[16]cp ompstc8_n21.ges.ctl /lfs/h2/emc/ptmp/emc.global/RETRO_GFSv17/comroot/retrotestgfs10/gdas.20241124/18//products/atmos/oznmon/time/ompstc8_n21.ges.ctl.cptmp
+ cpfs[18]'[' 0 -ne 0 ']'
+ cpfs[22]/apps/ops/prod/nco/core/prod_util.v2.0.9/exec/fsync_file /lfs/h2/emc/ptmp/emc.global/RETRO_GFSv17/comroot/retrotestgfs10/gdas.20241124/18//products/atmos/oznmon/time/ompstc8_n21.ges.ctl.cptmp
+ cpfs[23]'[' 0 -ne 0 ']'
+ cpfs[27]mv /lfs/h2/emc/ptmp/emc.global/RETRO_GFSv17/comroot/retrotestgfs10/gdas.20241124/18//products/atmos/oznmon/time/ompstc8_n21.ges.ctl.cptmp /lfs/h2/emc/ptmp/emc.global/RETRO_GFSv17/comroot/retrotestgfs10/gdas.20241124/18//products/atmos/oznmon/time/ompstc8_n21.ges.ctl
+ cpfs[28]'[' 0 -ne 0 ']'
+ ozn_xtrct.sh[187]cpfs ompstc8_n21.ges.2024112418.ieee_d /lfs/h2/emc/ptmp/emc.global/RETRO_GFSv17/comroot/retrotestgfs10/gdas.20241124/18//products/atmos/oznmon/time/
+ cpfs[3]'[' 2 -ne 2 ']'
+ cpfs[8]'[' /lfs/h2/emc/ptmp/emc.global/RETRO_GFSv17/comroot/retrotestgfs10/gdas.20241124/18//products/atmos/oznmon/time/ = . -o /lfs/h2/emc/ptmp/emc.global/RETRO_GFSv17/comroot/retrotestgfs10/gdas.20241124/18//products/atmos/oznmon/time/ = ./ ']'
+ cpfs[10]'[' -d /lfs/h2/emc/ptmp/emc.global/RETRO_GFSv17/comroot/retrotestgfs10/gdas.20241124/18//products/atmos/oznmon/time/ ']'
++ cpfs[11]basename ompstc8_n21.ges.2024112418.ieee_d
+ cpfs[11]cpdstfile=/lfs/h2/emc/ptmp/emc.global/RETRO_GFSv17/comroot/retrotestgfs10/gdas.20241124/18//products/atmos/oznmon/time/ompstc8_n21.ges.2024112418.ieee_d
+ cpfs[16]cp ompstc8_n21.ges.2024112418.ieee_d /lfs/h2/emc/ptmp/emc.global/RETRO_GFSv17/comroot/retrotestgfs10/gdas.20241124/18//products/atmos/oznmon/time/ompstc8_n21.ges.2024112418.ieee_d.cptmp
+ cpfs[18]'[' 0 -ne 0 ']'
+ cpfs[22]/apps/ops/prod/nco/core/prod_util.v2.0.9/exec/fsync_file /lfs/h2/emc/ptmp/emc.global/RETRO_GFSv17/comroot/retrotestgfs10/gdas.20241124/18//products/atmos/oznmon/time/ompstc8_n21.ges.2024112418.ieee_d.cptmp
+ cpfs[23]'[' 0 -ne 0 ']'
+ cpfs[27]mv /lfs/h2/emc/ptmp/emc.global/RETRO_GFSv17/comroot/retrotestgfs10/gdas.20241124/18//products/atmos/oznmon/time/ompstc8_n21.ges.2024112418.ieee_d.cptmp /lfs/h2/emc/ptmp/emc.global/RETRO_GFSv17/comroot/retrotestgfs10/gdas.20241124/18//products/atmos/oznmon/time/ompstc8_n21.ges.2024112418.ieee_d
+ cpfs[28]'[' 0 -ne 0 ']'
+ ozn_xtrct.sh[189]compgen -G 'bad*'
+ ozn_xtrct.sh[190]for bad_file in bad*
+ ozn_xtrct.sh[191]cpfs bad_cnt.2024112418 /lfs/h2/emc/ptmp/emc.global/RETRO_GFSv17/comroot/retrotestgfs10/gdas.20241124/18//products/atmos/oznmon/time/
+ cpfs[3]'[' 2 -ne 2 ']'
+ cpfs[8]'[' /lfs/h2/emc/ptmp/emc.global/RETRO_GFSv17/comroot/retrotestgfs10/gdas.20241124/18//products/atmos/oznmon/time/ = . -o /lfs/h2/emc/ptmp/emc.global/RETRO_GFSv17/comroot/retrotestgfs10/gdas.20241124/18//products/atmos/oznmon/time/ = ./ ']'
+ cpfs[10]'[' -d /lfs/h2/emc/ptmp/emc.global/RETRO_GFSv17/comroot/retrotestgfs10/gdas.20241124/18//products/atmos/oznmon/time/ ']'
++ cpfs[11]basename bad_cnt.2024112418
+ cpfs[11]cpdstfile=/lfs/h2/emc/ptmp/emc.global/RETRO_GFSv17/comroot/retrotestgfs10/gdas.20241124/18//products/atmos/oznmon/time/bad_cnt.2024112418
+ cpfs[16]cp bad_cnt.2024112418 /lfs/h2/emc/ptmp/emc.global/RETRO_GFSv17/comroot/retrotestgfs10/gdas.20241124/18//products/atmos/oznmon/time/bad_cnt.2024112418.cptmp
+ cpfs[18]'[' 0 -ne 0 ']'
+ cpfs[22]/apps/ops/prod/nco/core/prod_util.v2.0.9/exec/fsync_file /lfs/h2/emc/ptmp/emc.global/RETRO_GFSv17/comroot/retrotestgfs10/gdas.20241124/18//products/atmos/oznmon/time/bad_cnt.2024112418.cptmp
+ cpfs[23]'[' 0 -ne 0 ']'
+ cpfs[27]mv /lfs/h2/emc/ptmp/emc.global/RETRO_GFSv17/comroot/retrotestgfs10/gdas.20241124/18//products/atmos/oznmon/time/bad_cnt.2024112418.cptmp /lfs/h2/emc/ptmp/emc.global/RETRO_GFSv17/comroot/retrotestgfs10/gdas.20241124/18//products/atmos/oznmon/time/bad_cnt.2024112418
+ cpfs[28]'[' 0 -ne 0 ']'
+ ozn_xtrct.sh[190]for bad_file in bad*
+ ozn_xtrct.sh[191]cpfs bad_diag.2024112418 /lfs/h2/emc/ptmp/emc.global/RETRO_GFSv17/comroot/retrotestgfs10/gdas.20241124/18//products/atmos/oznmon/time/
+ cpfs[3]'[' 2 -ne 2 ']'
+ cpfs[8]'[' /lfs/h2/emc/ptmp/emc.global/RETRO_GFSv17/comroot/retrotestgfs10/gdas.20241124/18//products/atmos/oznmon/time/ = . -o /lfs/h2/emc/ptmp/emc.global/RETRO_GFSv17/comroot/retrotestgfs10/gdas.20241124/18//products/atmos/oznmon/time/ = ./ ']'
+ cpfs[10]'[' -d /lfs/h2/emc/ptmp/emc.global/RETRO_GFSv17/comroot/retrotestgfs10/gdas.20241124/18//products/atmos/oznmon/time/ ']'
++ cpfs[11]basename bad_diag.2024112418
+ cpfs[11]cpdstfile=/lfs/h2/emc/ptmp/emc.global/RETRO_GFSv17/comroot/retrotestgfs10/gdas.20241124/18//products/atmos/oznmon/time/bad_diag.2024112418
+ cpfs[16]cp bad_diag.2024112418 /lfs/h2/emc/ptmp/emc.global/RETRO_GFSv17/comroot/retrotestgfs10/gdas.20241124/18//products/atmos/oznmon/time/bad_diag.2024112418.cptmp
+ cpfs[18]'[' 0 -ne 0 ']'
+ cpfs[22]/apps/ops/prod/nco/core/prod_util.v2.0.9/exec/fsync_file /lfs/h2/emc/ptmp/emc.global/RETRO_GFSv17/comroot/retrotestgfs10/gdas.20241124/18//products/atmos/oznmon/time/bad_diag.2024112418.cptmp
+ cpfs[23]'[' 0 -ne 0 ']'
+ cpfs[27]mv /lfs/h2/emc/ptmp/emc.global/RETRO_GFSv17/comroot/retrotestgfs10/gdas.20241124/18//products/atmos/oznmon/time/bad_diag.2024112418.cptmp /lfs/h2/emc/ptmp/emc.global/RETRO_GFSv17/comroot/retrotestgfs10/gdas.20241124/18//products/atmos/oznmon/time/bad_diag.2024112418
+ cpfs[28]'[' 0 -ne 0 ']'
+ ozn_xtrct.sh[190]for bad_file in bad*
+ ozn_xtrct.sh[191]cpfs bad_pen.2024112418 /lfs/h2/emc/ptmp/emc.global/RETRO_GFSv17/comroot/retrotestgfs10/gdas.20241124/18//products/atmos/oznmon/time/
+ cpfs[3]'[' 2 -ne 2 ']'
+ cpfs[8]'[' /lfs/h2/emc/ptmp/emc.global/RETRO_GFSv17/comroot/retrotestgfs10/gdas.20241124/18//products/atmos/oznmon/time/ = . -o /lfs/h2/emc/ptmp/emc.global/RETRO_GFSv17/comroot/retrotestgfs10/gdas.20241124/18//products/atmos/oznmon/time/ = ./ ']'
+ cpfs[10]'[' -d /lfs/h2/emc/ptmp/emc.global/RETRO_GFSv17/comroot/retrotestgfs10/gdas.20241124/18//products/atmos/oznmon/time/ ']'
++ cpfs[11]basename bad_pen.2024112418
+ cpfs[11]cpdstfile=/lfs/h2/emc/ptmp/emc.global/RETRO_GFSv17/comroot/retrotestgfs10/gdas.20241124/18//products/atmos/oznmon/time/bad_pen.2024112418
+ cpfs[16]cp bad_pen.2024112418 /lfs/h2/emc/ptmp/emc.global/RETRO_GFSv17/comroot/retrotestgfs10/gdas.20241124/18//products/atmos/oznmon/time/bad_pen.2024112418.cptmp
+ cpfs[18]'[' 0 -ne 0 ']'
+ cpfs[22]/apps/ops/prod/nco/core/prod_util.v2.0.9/exec/fsync_file /lfs/h2/emc/ptmp/emc.global/RETRO_GFSv17/comroot/retrotestgfs10/gdas.20241124/18//products/atmos/oznmon/time/bad_pen.2024112418.cptmp
+ cpfs[23]'[' 0 -ne 0 ']'
+ cpfs[27]mv /lfs/h2/emc/ptmp/emc.global/RETRO_GFSv17/comroot/retrotestgfs10/gdas.20241124/18//products/atmos/oznmon/time/bad_pen.2024112418.cptmp /lfs/h2/emc/ptmp/emc.global/RETRO_GFSv17/comroot/retrotestgfs10/gdas.20241124/18//products/atmos/oznmon/time/bad_pen.2024112418
+ cpfs[28]'[' 0 -ne 0 ']'
+ ozn_xtrct.sh[195]rm -f input
+ ozn_xtrct.sh[197]cat
+ ozn_xtrct.sh[212]echo 'oznmon_horiz.x HAS STARTED ompstc8_n21'
oznmon_horiz.x HAS STARTED ompstc8_n21
+ ozn_xtrct.sh[214]./oznmon_horiz.x
+ ozn_xtrct.sh[216]echo 'oznmon_horiz.x HAS ENDED ompstc8_n21'
oznmon_horiz.x HAS ENDED ompstc8_n21
+ ozn_xtrct.sh[218][[ ! -d /lfs/h2/emc/ptmp/emc.global/RETRO_GFSv17/comroot/retrotestgfs10/gdas.20241124/18//products/atmos/oznmon/horiz ]]
+ ozn_xtrct.sh[221]cpfs ompstc8_n21.ges.ctl /lfs/h2/emc/ptmp/emc.global/RETRO_GFSv17/comroot/retrotestgfs10/gdas.20241124/18//products/atmos/oznmon/horiz/
+ cpfs[3]'[' 2 -ne 2 ']'
+ cpfs[8]'[' /lfs/h2/emc/ptmp/emc.global/RETRO_GFSv17/comroot/retrotestgfs10/gdas.20241124/18//products/atmos/oznmon/horiz/ = . -o /lfs/h2/emc/ptmp/emc.global/RETRO_GFSv17/comroot/retrotestgfs10/gdas.20241124/18//products/atmos/oznmon/horiz/ = ./ ']'
+ cpfs[10]'[' -d /lfs/h2/emc/ptmp/emc.global/RETRO_GFSv17/comroot/retrotestgfs10/gdas.20241124/18//products/atmos/oznmon/horiz/ ']'
++ cpfs[11]basename ompstc8_n21.ges.ctl
+ cpfs[11]cpdstfile=/lfs/h2/emc/ptmp/emc.global/RETRO_GFSv17/comroot/retrotestgfs10/gdas.20241124/18//products/atmos/oznmon/horiz/ompstc8_n21.ges.ctl
+ cpfs[16]cp ompstc8_n21.ges.ctl /lfs/h2/emc/ptmp/emc.global/RETRO_GFSv17/comroot/retrotestgfs10/gdas.20241124/18//products/atmos/oznmon/horiz/ompstc8_n21.ges.ctl.cptmp
+ cpfs[18]'[' 0 -ne 0 ']'
+ cpfs[22]/apps/ops/prod/nco/core/prod_util.v2.0.9/exec/fsync_file /lfs/h2/emc/ptmp/emc.global/RETRO_GFSv17/comroot/retrotestgfs10/gdas.20241124/18//products/atmos/oznmon/horiz/ompstc8_n21.ges.ctl.cptmp
+ cpfs[23]'[' 0 -ne 0 ']'
+ cpfs[27]mv /lfs/h2/emc/ptmp/emc.global/RETRO_GFSv17/comroot/retrotestgfs10/gdas.20241124/18//products/atmos/oznmon/horiz/ompstc8_n21.ges.ctl.cptmp /lfs/h2/emc/ptmp/emc.global/RETRO_GFSv17/comroot/retrotestgfs10/gdas.20241124/18//products/atmos/oznmon/horiz/ompstc8_n21.ges.ctl
+ cpfs[28]'[' 0 -ne 0 ']'
+ ozn_xtrct.sh[223]gzip ompstc8_n21.ges.2024112418.ieee_d
+ ozn_xtrct.sh[224]cpfs ompstc8_n21.ges.2024112418.ieee_d.gz /lfs/h2/emc/ptmp/emc.global/RETRO_GFSv17/comroot/retrotestgfs10/gdas.20241124/18//products/atmos/oznmon/horiz/
+ cpfs[3]'[' 2 -ne 2 ']'
+ cpfs[8]'[' /lfs/h2/emc/ptmp/emc.global/RETRO_GFSv17/comroot/retrotestgfs10/gdas.20241124/18//products/atmos/oznmon/horiz/ = . -o /lfs/h2/emc/ptmp/emc.global/RETRO_GFSv17/comroot/retrotestgfs10/gdas.20241124/18//products/atmos/oznmon/horiz/ = ./ ']'
+ cpfs[10]'[' -d /lfs/h2/emc/ptmp/emc.global/RETRO_GFSv17/comroot/retrotestgfs10/gdas.20241124/18//products/atmos/oznmon/horiz/ ']'
++ cpfs[11]basename ompstc8_n21.ges.2024112418.ieee_d.gz
+ cpfs[11]cpdstfile=/lfs/h2/emc/ptmp/emc.global/RETRO_GFSv17/comroot/retrotestgfs10/gdas.20241124/18//products/atmos/oznmon/horiz/ompstc8_n21.ges.2024112418.ieee_d.gz
+ cpfs[16]cp ompstc8_n21.ges.2024112418.ieee_d.gz /lfs/h2/emc/ptmp/emc.global/RETRO_GFSv17/comroot/retrotestgfs10/gdas.20241124/18//products/atmos/oznmon/horiz/ompstc8_n21.ges.2024112418.ieee_d.gz.cptmp
+ cpfs[18]'[' 0 -ne 0 ']'
+ cpfs[22]/apps/ops/prod/nco/core/prod_util.v2.0.9/exec/fsync_file /lfs/h2/emc/ptmp/emc.global/RETRO_GFSv17/comroot/retrotestgfs10/gdas.20241124/18//products/atmos/oznmon/horiz/ompstc8_n21.ges.2024112418.ieee_d.gz.cptmp
+ cpfs[23]'[' 0 -ne 0 ']'
+ cpfs[27]mv /lfs/h2/emc/ptmp/emc.global/RETRO_GFSv17/comroot/retrotestgfs10/gdas.20241124/18//products/atmos/oznmon/horiz/ompstc8_n21.ges.2024112418.ieee_d.gz.cptmp /lfs/h2/emc/ptmp/emc.global/RETRO_GFSv17/comroot/retrotestgfs10/gdas.20241124/18//products/atmos/oznmon/horiz/ompstc8_n21.ges.2024112418.ieee_d.gz
+ cpfs[28]'[' 0 -ne 0 ']'
+ ozn_xtrct.sh[227]echo 'finished processing ptype, type:  ges, ompstc8_n21'
finished processing ptype, type:  ges, ompstc8_n21
+ ozn_xtrct.sh[145]for type in ${avail_satype}
+ ozn_xtrct.sh[146][[ -f diag_ompstc8_npp_ges.2024112418.gz ]]
+ ozn_xtrct.sh[147]mv diag_ompstc8_npp_ges.2024112418.gz ompstc8_npp.ges.gz
+ ozn_xtrct.sh[148]gunzip ./ompstc8_npp.ges.gz
+ gunzip[26]version='gunzip (gzip) 1.10
Copyright (C) 2007, 2011-2018 Free Software Foundation, Inc.
This is free software.  You may redistribute copies of it under the terms of
the GNU General Public License <https://www.gnu.org/licenses/gpl.html>.
There is NO WARRANTY, to the extent permitted by law.

Written by Paul Eggert.'
+ gunzip[50]usage='Usage: /usr/bin/gunzip [OPTION]... [FILE]...
Uncompress FILEs (by default, in-place).

Mandatory arguments to long options are mandatory for short options too.

  -c, --stdout      write on standard output, keep original files unchanged
  -f, --force       force overwrite of output file and compress links
  -k, --keep        keep (don'\''t delete) input files
  -l, --list        list compressed file contents
  -n, --no-name     do not save or restore the original name and timestamp
  -N, --name        save or restore the original name and timestamp
  -q, --quiet       suppress all warnings
  -r, --recursive   operate recursively on directories
  -S, --suffix=SUF  use suffix SUF on compressed files
      --synchronous synchronous output (safer if system crashes, but slower)
  -t, --test        test compressed file integrity
  -v, --verbose     verbose mode
      --help        display this help and exit
      --version     display version information and exit

With no FILE, or when FILE is -, read standard input.

Report bugs to <bug-gzip@gnu.org>.'
+ gunzip[52]case $1 in
+ gunzip[57]exec gzip -d ./ompstc8_npp.ges.gz
+ ozn_xtrct.sh[150]echo 'processing ptype, type:  ges, ompstc8_npp'
processing ptype, type:  ges, ompstc8_npp
+ ozn_xtrct.sh[151]rm -f input
+ ozn_xtrct.sh[153]cat
+ ozn_xtrct.sh[177]echo 'oznmon_time.x HAS STARTED ompstc8_npp'
oznmon_time.x HAS STARTED ompstc8_npp
+ ozn_xtrct.sh[179]./oznmon_time.x
+ ozn_xtrct.sh[181]echo 'oznmon_time.x HAS ENDED ompstc8_npp'
oznmon_time.x HAS ENDED ompstc8_npp
+ ozn_xtrct.sh[183][[ ! -d /lfs/h2/emc/ptmp/emc.global/RETRO_GFSv17/comroot/retrotestgfs10/gdas.20241124/18//products/atmos/oznmon/time ]]
+ ozn_xtrct.sh[186]cpfs ompstc8_npp.ges.ctl /lfs/h2/emc/ptmp/emc.global/RETRO_GFSv17/comroot/retrotestgfs10/gdas.20241124/18//products/atmos/oznmon/time/
+ cpfs[3]'[' 2 -ne 2 ']'
+ cpfs[8]'[' /lfs/h2/emc/ptmp/emc.global/RETRO_GFSv17/comroot/retrotestgfs10/gdas.20241124/18//products/atmos/oznmon/time/ = . -o /lfs/h2/emc/ptmp/emc.global/RETRO_GFSv17/comroot/retrotestgfs10/gdas.20241124/18//products/atmos/oznmon/time/ = ./ ']'
+ cpfs[10]'[' -d /lfs/h2/emc/ptmp/emc.global/RETRO_GFSv17/comroot/retrotestgfs10/gdas.20241124/18//products/atmos/oznmon/time/ ']'
++ cpfs[11]basename ompstc8_npp.ges.ctl
+ cpfs[11]cpdstfile=/lfs/h2/emc/ptmp/emc.global/RETRO_GFSv17/comroot/retrotestgfs10/gdas.20241124/18//products/atmos/oznmon/time/ompstc8_npp.ges.ctl
+ cpfs[16]cp ompstc8_npp.ges.ctl /lfs/h2/emc/ptmp/emc.global/RETRO_GFSv17/comroot/retrotestgfs10/gdas.20241124/18//products/atmos/oznmon/time/ompstc8_npp.ges.ctl.cptmp
+ cpfs[18]'[' 0 -ne 0 ']'
+ cpfs[22]/apps/ops/prod/nco/core/prod_util.v2.0.9/exec/fsync_file /lfs/h2/emc/ptmp/emc.global/RETRO_GFSv17/comroot/retrotestgfs10/gdas.20241124/18//products/atmos/oznmon/time/ompstc8_npp.ges.ctl.cptmp
+ cpfs[23]'[' 0 -ne 0 ']'
+ cpfs[27]mv /lfs/h2/emc/ptmp/emc.global/RETRO_GFSv17/comroot/retrotestgfs10/gdas.20241124/18//products/atmos/oznmon/time/ompstc8_npp.ges.ctl.cptmp /lfs/h2/emc/ptmp/emc.global/RETRO_GFSv17/comroot/retrotestgfs10/gdas.20241124/18//products/atmos/oznmon/time/ompstc8_npp.ges.ctl
+ cpfs[28]'[' 0 -ne 0 ']'
+ ozn_xtrct.sh[187]cpfs ompstc8_npp.ges.2024112418.ieee_d /lfs/h2/emc/ptmp/emc.global/RETRO_GFSv17/comroot/retrotestgfs10/gdas.20241124/18//products/atmos/oznmon/time/
+ cpfs[3]'[' 2 -ne 2 ']'
+ cpfs[8]'[' /lfs/h2/emc/ptmp/emc.global/RETRO_GFSv17/comroot/retrotestgfs10/gdas.20241124/18//products/atmos/oznmon/time/ = . -o /lfs/h2/emc/ptmp/emc.global/RETRO_GFSv17/comroot/retrotestgfs10/gdas.20241124/18//products/atmos/oznmon/time/ = ./ ']'
+ cpfs[10]'[' -d /lfs/h2/emc/ptmp/emc.global/RETRO_GFSv17/comroot/retrotestgfs10/gdas.20241124/18//products/atmos/oznmon/time/ ']'
++ cpfs[11]basename ompstc8_npp.ges.2024112418.ieee_d
+ cpfs[11]cpdstfile=/lfs/h2/emc/ptmp/emc.global/RETRO_GFSv17/comroot/retrotestgfs10/gdas.20241124/18//products/atmos/oznmon/time/ompstc8_npp.ges.2024112418.ieee_d
+ cpfs[16]cp ompstc8_npp.ges.2024112418.ieee_d /lfs/h2/emc/ptmp/emc.global/RETRO_GFSv17/comroot/retrotestgfs10/gdas.20241124/18//products/atmos/oznmon/time/ompstc8_npp.ges.2024112418.ieee_d.cptmp
+ cpfs[18]'[' 0 -ne 0 ']'
+ cpfs[22]/apps/ops/prod/nco/core/prod_util.v2.0.9/exec/fsync_file /lfs/h2/emc/ptmp/emc.global/RETRO_GFSv17/comroot/retrotestgfs10/gdas.20241124/18//products/atmos/oznmon/time/ompstc8_npp.ges.2024112418.ieee_d.cptmp
+ cpfs[23]'[' 0 -ne 0 ']'
+ cpfs[27]mv /lfs/h2/emc/ptmp/emc.global/RETRO_GFSv17/comroot/retrotestgfs10/gdas.20241124/18//products/atmos/oznmon/time/ompstc8_npp.ges.2024112418.ieee_d.cptmp /lfs/h2/emc/ptmp/emc.global/RETRO_GFSv17/comroot/retrotestgfs10/gdas.20241124/18//products/atmos/oznmon/time/ompstc8_npp.ges.2024112418.ieee_d
+ cpfs[28]'[' 0 -ne 0 ']'
+ ozn_xtrct.sh[189]compgen -G 'bad*'
+ ozn_xtrct.sh[190]for bad_file in bad*
+ ozn_xtrct.sh[191]cpfs bad_cnt.2024112418 /lfs/h2/emc/ptmp/emc.global/RETRO_GFSv17/comroot/retrotestgfs10/gdas.20241124/18//products/atmos/oznmon/time/
+ cpfs[3]'[' 2 -ne 2 ']'
+ cpfs[8]'[' /lfs/h2/emc/ptmp/emc.global/RETRO_GFSv17/comroot/retrotestgfs10/gdas.20241124/18//products/atmos/oznmon/time/ = . -o /lfs/h2/emc/ptmp/emc.global/RETRO_GFSv17/comroot/retrotestgfs10/gdas.20241124/18//products/atmos/oznmon/time/ = ./ ']'
+ cpfs[10]'[' -d /lfs/h2/emc/ptmp/emc.global/RETRO_GFSv17/comroot/retrotestgfs10/gdas.20241124/18//products/atmos/oznmon/time/ ']'
++ cpfs[11]basename bad_cnt.2024112418
+ cpfs[11]cpdstfile=/lfs/h2/emc/ptmp/emc.global/RETRO_GFSv17/comroot/retrotestgfs10/gdas.20241124/18//products/atmos/oznmon/time/bad_cnt.2024112418
+ cpfs[16]cp bad_cnt.2024112418 /lfs/h2/emc/ptmp/emc.global/RETRO_GFSv17/comroot/retrotestgfs10/gdas.20241124/18//products/atmos/oznmon/time/bad_cnt.2024112418.cptmp
+ cpfs[18]'[' 0 -ne 0 ']'
+ cpfs[22]/apps/ops/prod/nco/core/prod_util.v2.0.9/exec/fsync_file /lfs/h2/emc/ptmp/emc.global/RETRO_GFSv17/comroot/retrotestgfs10/gdas.20241124/18//products/atmos/oznmon/time/bad_cnt.2024112418.cptmp
+ cpfs[23]'[' 0 -ne 0 ']'
+ cpfs[27]mv /lfs/h2/emc/ptmp/emc.global/RETRO_GFSv17/comroot/retrotestgfs10/gdas.20241124/18//products/atmos/oznmon/time/bad_cnt.2024112418.cptmp /lfs/h2/emc/ptmp/emc.global/RETRO_GFSv17/comroot/retrotestgfs10/gdas.20241124/18//products/atmos/oznmon/time/bad_cnt.2024112418
+ cpfs[28]'[' 0 -ne 0 ']'
+ ozn_xtrct.sh[190]for bad_file in bad*
+ ozn_xtrct.sh[191]cpfs bad_diag.2024112418 /lfs/h2/emc/ptmp/emc.global/RETRO_GFSv17/comroot/retrotestgfs10/gdas.20241124/18//products/atmos/oznmon/time/
+ cpfs[3]'[' 2 -ne 2 ']'
+ cpfs[8]'[' /lfs/h2/emc/ptmp/emc.global/RETRO_GFSv17/comroot/retrotestgfs10/gdas.20241124/18//products/atmos/oznmon/time/ = . -o /lfs/h2/emc/ptmp/emc.global/RETRO_GFSv17/comroot/retrotestgfs10/gdas.20241124/18//products/atmos/oznmon/time/ = ./ ']'
+ cpfs[10]'[' -d /lfs/h2/emc/ptmp/emc.global/RETRO_GFSv17/comroot/retrotestgfs10/gdas.20241124/18//products/atmos/oznmon/time/ ']'
++ cpfs[11]basename bad_diag.2024112418
+ cpfs[11]cpdstfile=/lfs/h2/emc/ptmp/emc.global/RETRO_GFSv17/comroot/retrotestgfs10/gdas.20241124/18//products/atmos/oznmon/time/bad_diag.2024112418
+ cpfs[16]cp bad_diag.2024112418 /lfs/h2/emc/ptmp/emc.global/RETRO_GFSv17/comroot/retrotestgfs10/gdas.20241124/18//products/atmos/oznmon/time/bad_diag.2024112418.cptmp
+ cpfs[18]'[' 0 -ne 0 ']'
+ cpfs[22]/apps/ops/prod/nco/core/prod_util.v2.0.9/exec/fsync_file /lfs/h2/emc/ptmp/emc.global/RETRO_GFSv17/comroot/retrotestgfs10/gdas.20241124/18//products/atmos/oznmon/time/bad_diag.2024112418.cptmp
+ cpfs[23]'[' 0 -ne 0 ']'
+ cpfs[27]mv /lfs/h2/emc/ptmp/emc.global/RETRO_GFSv17/comroot/retrotestgfs10/gdas.20241124/18//products/atmos/oznmon/time/bad_diag.2024112418.cptmp /lfs/h2/emc/ptmp/emc.global/RETRO_GFSv17/comroot/retrotestgfs10/gdas.20241124/18//products/atmos/oznmon/time/bad_diag.2024112418
+ cpfs[28]'[' 0 -ne 0 ']'
+ ozn_xtrct.sh[190]for bad_file in bad*
+ ozn_xtrct.sh[191]cpfs bad_pen.2024112418 /lfs/h2/emc/ptmp/emc.global/RETRO_GFSv17/comroot/retrotestgfs10/gdas.20241124/18//products/atmos/oznmon/time/
+ cpfs[3]'[' 2 -ne 2 ']'
+ cpfs[8]'[' /lfs/h2/emc/ptmp/emc.global/RETRO_GFSv17/comroot/retrotestgfs10/gdas.20241124/18//products/atmos/oznmon/time/ = . -o /lfs/h2/emc/ptmp/emc.global/RETRO_GFSv17/comroot/retrotestgfs10/gdas.20241124/18//products/atmos/oznmon/time/ = ./ ']'
+ cpfs[10]'[' -d /lfs/h2/emc/ptmp/emc.global/RETRO_GFSv17/comroot/retrotestgfs10/gdas.20241124/18//products/atmos/oznmon/time/ ']'
++ cpfs[11]basename bad_pen.2024112418
+ cpfs[11]cpdstfile=/lfs/h2/emc/ptmp/emc.global/RETRO_GFSv17/comroot/retrotestgfs10/gdas.20241124/18//products/atmos/oznmon/time/bad_pen.2024112418
+ cpfs[16]cp bad_pen.2024112418 /lfs/h2/emc/ptmp/emc.global/RETRO_GFSv17/comroot/retrotestgfs10/gdas.20241124/18//products/atmos/oznmon/time/bad_pen.2024112418.cptmp
+ cpfs[18]'[' 0 -ne 0 ']'
+ cpfs[22]/apps/ops/prod/nco/core/prod_util.v2.0.9/exec/fsync_file /lfs/h2/emc/ptmp/emc.global/RETRO_GFSv17/comroot/retrotestgfs10/gdas.20241124/18//products/atmos/oznmon/time/bad_pen.2024112418.cptmp
+ cpfs[23]'[' 0 -ne 0 ']'
+ cpfs[27]mv /lfs/h2/emc/ptmp/emc.global/RETRO_GFSv17/comroot/retrotestgfs10/gdas.20241124/18//products/atmos/oznmon/time/bad_pen.2024112418.cptmp /lfs/h2/emc/ptmp/emc.global/RETRO_GFSv17/comroot/retrotestgfs10/gdas.20241124/18//products/atmos/oznmon/time/bad_pen.2024112418
+ cpfs[28]'[' 0 -ne 0 ']'
+ ozn_xtrct.sh[195]rm -f input
+ ozn_xtrct.sh[197]cat
+ ozn_xtrct.sh[212]echo 'oznmon_horiz.x HAS STARTED ompstc8_npp'
oznmon_horiz.x HAS STARTED ompstc8_npp
+ ozn_xtrct.sh[214]./oznmon_horiz.x
+ ozn_xtrct.sh[216]echo 'oznmon_horiz.x HAS ENDED ompstc8_npp'
oznmon_horiz.x HAS ENDED ompstc8_npp
+ ozn_xtrct.sh[218][[ ! -d /lfs/h2/emc/ptmp/emc.global/RETRO_GFSv17/comroot/retrotestgfs10/gdas.20241124/18//products/atmos/oznmon/horiz ]]
+ ozn_xtrct.sh[221]cpfs ompstc8_npp.ges.ctl /lfs/h2/emc/ptmp/emc.global/RETRO_GFSv17/comroot/retrotestgfs10/gdas.20241124/18//products/atmos/oznmon/horiz/
+ cpfs[3]'[' 2 -ne 2 ']'
+ cpfs[8]'[' /lfs/h2/emc/ptmp/emc.global/RETRO_GFSv17/comroot/retrotestgfs10/gdas.20241124/18//products/atmos/oznmon/horiz/ = . -o /lfs/h2/emc/ptmp/emc.global/RETRO_GFSv17/comroot/retrotestgfs10/gdas.20241124/18//products/atmos/oznmon/horiz/ = ./ ']'
+ cpfs[10]'[' -d /lfs/h2/emc/ptmp/emc.global/RETRO_GFSv17/comroot/retrotestgfs10/gdas.20241124/18//products/atmos/oznmon/horiz/ ']'
++ cpfs[11]basename ompstc8_npp.ges.ctl
+ cpfs[11]cpdstfile=/lfs/h2/emc/ptmp/emc.global/RETRO_GFSv17/comroot/retrotestgfs10/gdas.20241124/18//products/atmos/oznmon/horiz/ompstc8_npp.ges.ctl
+ cpfs[16]cp ompstc8_npp.ges.ctl /lfs/h2/emc/ptmp/emc.global/RETRO_GFSv17/comroot/retrotestgfs10/gdas.20241124/18//products/atmos/oznmon/horiz/ompstc8_npp.ges.ctl.cptmp
+ cpfs[18]'[' 0 -ne 0 ']'
+ cpfs[22]/apps/ops/prod/nco/core/prod_util.v2.0.9/exec/fsync_file /lfs/h2/emc/ptmp/emc.global/RETRO_GFSv17/comroot/retrotestgfs10/gdas.20241124/18//products/atmos/oznmon/horiz/ompstc8_npp.ges.ctl.cptmp
+ cpfs[23]'[' 0 -ne 0 ']'
+ cpfs[27]mv /lfs/h2/emc/ptmp/emc.global/RETRO_GFSv17/comroot/retrotestgfs10/gdas.20241124/18//products/atmos/oznmon/horiz/ompstc8_npp.ges.ctl.cptmp /lfs/h2/emc/ptmp/emc.global/RETRO_GFSv17/comroot/retrotestgfs10/gdas.20241124/18//products/atmos/oznmon/horiz/ompstc8_npp.ges.ctl
+ cpfs[28]'[' 0 -ne 0 ']'
+ ozn_xtrct.sh[223]gzip ompstc8_npp.ges.2024112418.ieee_d
+ ozn_xtrct.sh[224]cpfs ompstc8_npp.ges.2024112418.ieee_d.gz /lfs/h2/emc/ptmp/emc.global/RETRO_GFSv17/comroot/retrotestgfs10/gdas.20241124/18//products/atmos/oznmon/horiz/
+ cpfs[3]'[' 2 -ne 2 ']'
+ cpfs[8]'[' /lfs/h2/emc/ptmp/emc.global/RETRO_GFSv17/comroot/retrotestgfs10/gdas.20241124/18//products/atmos/oznmon/horiz/ = . -o /lfs/h2/emc/ptmp/emc.global/RETRO_GFSv17/comroot/retrotestgfs10/gdas.20241124/18//products/atmos/oznmon/horiz/ = ./ ']'
+ cpfs[10]'[' -d /lfs/h2/emc/ptmp/emc.global/RETRO_GFSv17/comroot/retrotestgfs10/gdas.20241124/18//products/atmos/oznmon/horiz/ ']'
++ cpfs[11]basename ompstc8_npp.ges.2024112418.ieee_d.gz
+ cpfs[11]cpdstfile=/lfs/h2/emc/ptmp/emc.global/RETRO_GFSv17/comroot/retrotestgfs10/gdas.20241124/18//products/atmos/oznmon/horiz/ompstc8_npp.ges.2024112418.ieee_d.gz
+ cpfs[16]cp ompstc8_npp.ges.2024112418.ieee_d.gz /lfs/h2/emc/ptmp/emc.global/RETRO_GFSv17/comroot/retrotestgfs10/gdas.20241124/18//products/atmos/oznmon/horiz/ompstc8_npp.ges.2024112418.ieee_d.gz.cptmp
+ cpfs[18]'[' 0 -ne 0 ']'
+ cpfs[22]/apps/ops/prod/nco/core/prod_util.v2.0.9/exec/fsync_file /lfs/h2/emc/ptmp/emc.global/RETRO_GFSv17/comroot/retrotestgfs10/gdas.20241124/18//products/atmos/oznmon/horiz/ompstc8_npp.ges.2024112418.ieee_d.gz.cptmp
+ cpfs[23]'[' 0 -ne 0 ']'
+ cpfs[27]mv /lfs/h2/emc/ptmp/emc.global/RETRO_GFSv17/comroot/retrotestgfs10/gdas.20241124/18//products/atmos/oznmon/horiz/ompstc8_npp.ges.2024112418.ieee_d.gz.cptmp /lfs/h2/emc/ptmp/emc.global/RETRO_GFSv17/comroot/retrotestgfs10/gdas.20241124/18//products/atmos/oznmon/horiz/ompstc8_npp.ges.2024112418.ieee_d.gz
+ cpfs[28]'[' 0 -ne 0 ']'
+ ozn_xtrct.sh[227]echo 'finished processing ptype, type:  ges, ompstc8_npp'
finished processing ptype, type:  ges, ompstc8_npp
+ ozn_xtrct.sh[138]for ptype in ${ozn_ptype}
+ ozn_xtrct.sh[140]iyy=2024
+ ozn_xtrct.sh[141]imm=11
+ ozn_xtrct.sh[142]idd=24
+ ozn_xtrct.sh[143]ihh=18
+ ozn_xtrct.sh[145]for type in ${avail_satype}
+ ozn_xtrct.sh[146][[ -f diag_omi_aura_anl.2024112418.gz ]]
+ ozn_xtrct.sh[147]mv diag_omi_aura_anl.2024112418.gz omi_aura.anl.gz
+ ozn_xtrct.sh[148]gunzip ./omi_aura.anl.gz
+ gunzip[26]version='gunzip (gzip) 1.10
Copyright (C) 2007, 2011-2018 Free Software Foundation, Inc.
This is free software.  You may redistribute copies of it under the terms of
the GNU General Public License <https://www.gnu.org/licenses/gpl.html>.
There is NO WARRANTY, to the extent permitted by law.

Written by Paul Eggert.'
+ gunzip[50]usage='Usage: /usr/bin/gunzip [OPTION]... [FILE]...
Uncompress FILEs (by default, in-place).

Mandatory arguments to long options are mandatory for short options too.

  -c, --stdout      write on standard output, keep original files unchanged
  -f, --force       force overwrite of output file and compress links
  -k, --keep        keep (don'\''t delete) input files
  -l, --list        list compressed file contents
  -n, --no-name     do not save or restore the original name and timestamp
  -N, --name        save or restore the original name and timestamp
  -q, --quiet       suppress all warnings
  -r, --recursive   operate recursively on directories
  -S, --suffix=SUF  use suffix SUF on compressed files
      --synchronous synchronous output (safer if system crashes, but slower)
  -t, --test        test compressed file integrity
  -v, --verbose     verbose mode
      --help        display this help and exit
      --version     display version information and exit

With no FILE, or when FILE is -, read standard input.

Report bugs to <bug-gzip@gnu.org>.'
+ gunzip[52]case $1 in
+ gunzip[57]exec gzip -d ./omi_aura.anl.gz
+ ozn_xtrct.sh[150]echo 'processing ptype, type:  anl, omi_aura'
processing ptype, type:  anl, omi_aura
+ ozn_xtrct.sh[151]rm -f input
+ ozn_xtrct.sh[153]cat
+ ozn_xtrct.sh[177]echo 'oznmon_time.x HAS STARTED omi_aura'
oznmon_time.x HAS STARTED omi_aura
+ ozn_xtrct.sh[179]./oznmon_time.x
+ ozn_xtrct.sh[181]echo 'oznmon_time.x HAS ENDED omi_aura'
oznmon_time.x HAS ENDED omi_aura
+ ozn_xtrct.sh[183][[ ! -d /lfs/h2/emc/ptmp/emc.global/RETRO_GFSv17/comroot/retrotestgfs10/gdas.20241124/18//products/atmos/oznmon/time ]]
+ ozn_xtrct.sh[186]cpfs omi_aura.anl.ctl /lfs/h2/emc/ptmp/emc.global/RETRO_GFSv17/comroot/retrotestgfs10/gdas.20241124/18//products/atmos/oznmon/time/
+ cpfs[3]'[' 2 -ne 2 ']'
+ cpfs[8]'[' /lfs/h2/emc/ptmp/emc.global/RETRO_GFSv17/comroot/retrotestgfs10/gdas.20241124/18//products/atmos/oznmon/time/ = . -o /lfs/h2/emc/ptmp/emc.global/RETRO_GFSv17/comroot/retrotestgfs10/gdas.20241124/18//products/atmos/oznmon/time/ = ./ ']'
+ cpfs[10]'[' -d /lfs/h2/emc/ptmp/emc.global/RETRO_GFSv17/comroot/retrotestgfs10/gdas.20241124/18//products/atmos/oznmon/time/ ']'
++ cpfs[11]basename omi_aura.anl.ctl
+ cpfs[11]cpdstfile=/lfs/h2/emc/ptmp/emc.global/RETRO_GFSv17/comroot/retrotestgfs10/gdas.20241124/18//products/atmos/oznmon/time/omi_aura.anl.ctl
+ cpfs[16]cp omi_aura.anl.ctl /lfs/h2/emc/ptmp/emc.global/RETRO_GFSv17/comroot/retrotestgfs10/gdas.20241124/18//products/atmos/oznmon/time/omi_aura.anl.ctl.cptmp
+ cpfs[18]'[' 0 -ne 0 ']'
+ cpfs[22]/apps/ops/prod/nco/core/prod_util.v2.0.9/exec/fsync_file /lfs/h2/emc/ptmp/emc.global/RETRO_GFSv17/comroot/retrotestgfs10/gdas.20241124/18//products/atmos/oznmon/time/omi_aura.anl.ctl.cptmp
+ cpfs[23]'[' 0 -ne 0 ']'
+ cpfs[27]mv /lfs/h2/emc/ptmp/emc.global/RETRO_GFSv17/comroot/retrotestgfs10/gdas.20241124/18//products/atmos/oznmon/time/omi_aura.anl.ctl.cptmp /lfs/h2/emc/ptmp/emc.global/RETRO_GFSv17/comroot/retrotestgfs10/gdas.20241124/18//products/atmos/oznmon/time/omi_aura.anl.ctl
+ cpfs[28]'[' 0 -ne 0 ']'
+ ozn_xtrct.sh[187]cpfs omi_aura.anl.2024112418.ieee_d /lfs/h2/emc/ptmp/emc.global/RETRO_GFSv17/comroot/retrotestgfs10/gdas.20241124/18//products/atmos/oznmon/time/
+ cpfs[3]'[' 2 -ne 2 ']'
+ cpfs[8]'[' /lfs/h2/emc/ptmp/emc.global/RETRO_GFSv17/comroot/retrotestgfs10/gdas.20241124/18//products/atmos/oznmon/time/ = . -o /lfs/h2/emc/ptmp/emc.global/RETRO_GFSv17/comroot/retrotestgfs10/gdas.20241124/18//products/atmos/oznmon/time/ = ./ ']'
+ cpfs[10]'[' -d /lfs/h2/emc/ptmp/emc.global/RETRO_GFSv17/comroot/retrotestgfs10/gdas.20241124/18//products/atmos/oznmon/time/ ']'
++ cpfs[11]basename omi_aura.anl.2024112418.ieee_d
+ cpfs[11]cpdstfile=/lfs/h2/emc/ptmp/emc.global/RETRO_GFSv17/comroot/retrotestgfs10/gdas.20241124/18//products/atmos/oznmon/time/omi_aura.anl.2024112418.ieee_d
+ cpfs[16]cp omi_aura.anl.2024112418.ieee_d /lfs/h2/emc/ptmp/emc.global/RETRO_GFSv17/comroot/retrotestgfs10/gdas.20241124/18//products/atmos/oznmon/time/omi_aura.anl.2024112418.ieee_d.cptmp
+ cpfs[18]'[' 0 -ne 0 ']'
+ cpfs[22]/apps/ops/prod/nco/core/prod_util.v2.0.9/exec/fsync_file /lfs/h2/emc/ptmp/emc.global/RETRO_GFSv17/comroot/retrotestgfs10/gdas.20241124/18//products/atmos/oznmon/time/omi_aura.anl.2024112418.ieee_d.cptmp
+ cpfs[23]'[' 0 -ne 0 ']'
+ cpfs[27]mv /lfs/h2/emc/ptmp/emc.global/RETRO_GFSv17/comroot/retrotestgfs10/gdas.20241124/18//products/atmos/oznmon/time/omi_aura.anl.2024112418.ieee_d.cptmp /lfs/h2/emc/ptmp/emc.global/RETRO_GFSv17/comroot/retrotestgfs10/gdas.20241124/18//products/atmos/oznmon/time/omi_aura.anl.2024112418.ieee_d
+ cpfs[28]'[' 0 -ne 0 ']'
+ ozn_xtrct.sh[189]compgen -G 'bad*'
+ ozn_xtrct.sh[190]for bad_file in bad*
+ ozn_xtrct.sh[191]cpfs bad_cnt.2024112418 /lfs/h2/emc/ptmp/emc.global/RETRO_GFSv17/comroot/retrotestgfs10/gdas.20241124/18//products/atmos/oznmon/time/
+ cpfs[3]'[' 2 -ne 2 ']'
+ cpfs[8]'[' /lfs/h2/emc/ptmp/emc.global/RETRO_GFSv17/comroot/retrotestgfs10/gdas.20241124/18//products/atmos/oznmon/time/ = . -o /lfs/h2/emc/ptmp/emc.global/RETRO_GFSv17/comroot/retrotestgfs10/gdas.20241124/18//products/atmos/oznmon/time/ = ./ ']'
+ cpfs[10]'[' -d /lfs/h2/emc/ptmp/emc.global/RETRO_GFSv17/comroot/retrotestgfs10/gdas.20241124/18//products/atmos/oznmon/time/ ']'
++ cpfs[11]basename bad_cnt.2024112418
+ cpfs[11]cpdstfile=/lfs/h2/emc/ptmp/emc.global/RETRO_GFSv17/comroot/retrotestgfs10/gdas.20241124/18//products/atmos/oznmon/time/bad_cnt.2024112418
+ cpfs[16]cp bad_cnt.2024112418 /lfs/h2/emc/ptmp/emc.global/RETRO_GFSv17/comroot/retrotestgfs10/gdas.20241124/18//products/atmos/oznmon/time/bad_cnt.2024112418.cptmp
+ cpfs[18]'[' 0 -ne 0 ']'
+ cpfs[22]/apps/ops/prod/nco/core/prod_util.v2.0.9/exec/fsync_file /lfs/h2/emc/ptmp/emc.global/RETRO_GFSv17/comroot/retrotestgfs10/gdas.20241124/18//products/atmos/oznmon/time/bad_cnt.2024112418.cptmp
+ cpfs[23]'[' 0 -ne 0 ']'
+ cpfs[27]mv /lfs/h2/emc/ptmp/emc.global/RETRO_GFSv17/comroot/retrotestgfs10/gdas.20241124/18//products/atmos/oznmon/time/bad_cnt.2024112418.cptmp /lfs/h2/emc/ptmp/emc.global/RETRO_GFSv17/comroot/retrotestgfs10/gdas.20241124/18//products/atmos/oznmon/time/bad_cnt.2024112418
+ cpfs[28]'[' 0 -ne 0 ']'
+ ozn_xtrct.sh[190]for bad_file in bad*
+ ozn_xtrct.sh[191]cpfs bad_diag.2024112418 /lfs/h2/emc/ptmp/emc.global/RETRO_GFSv17/comroot/retrotestgfs10/gdas.20241124/18//products/atmos/oznmon/time/
+ cpfs[3]'[' 2 -ne 2 ']'
+ cpfs[8]'[' /lfs/h2/emc/ptmp/emc.global/RETRO_GFSv17/comroot/retrotestgfs10/gdas.20241124/18//products/atmos/oznmon/time/ = . -o /lfs/h2/emc/ptmp/emc.global/RETRO_GFSv17/comroot/retrotestgfs10/gdas.20241124/18//products/atmos/oznmon/time/ = ./ ']'
+ cpfs[10]'[' -d /lfs/h2/emc/ptmp/emc.global/RETRO_GFSv17/comroot/retrotestgfs10/gdas.20241124/18//products/atmos/oznmon/time/ ']'
++ cpfs[11]basename bad_diag.2024112418
+ cpfs[11]cpdstfile=/lfs/h2/emc/ptmp/emc.global/RETRO_GFSv17/comroot/retrotestgfs10/gdas.20241124/18//products/atmos/oznmon/time/bad_diag.2024112418
+ cpfs[16]cp bad_diag.2024112418 /lfs/h2/emc/ptmp/emc.global/RETRO_GFSv17/comroot/retrotestgfs10/gdas.20241124/18//products/atmos/oznmon/time/bad_diag.2024112418.cptmp
+ cpfs[18]'[' 0 -ne 0 ']'
+ cpfs[22]/apps/ops/prod/nco/core/prod_util.v2.0.9/exec/fsync_file /lfs/h2/emc/ptmp/emc.global/RETRO_GFSv17/comroot/retrotestgfs10/gdas.20241124/18//products/atmos/oznmon/time/bad_diag.2024112418.cptmp
+ cpfs[23]'[' 0 -ne 0 ']'
+ cpfs[27]mv /lfs/h2/emc/ptmp/emc.global/RETRO_GFSv17/comroot/retrotestgfs10/gdas.20241124/18//products/atmos/oznmon/time/bad_diag.2024112418.cptmp /lfs/h2/emc/ptmp/emc.global/RETRO_GFSv17/comroot/retrotestgfs10/gdas.20241124/18//products/atmos/oznmon/time/bad_diag.2024112418
+ cpfs[28]'[' 0 -ne 0 ']'
+ ozn_xtrct.sh[190]for bad_file in bad*
+ ozn_xtrct.sh[191]cpfs bad_pen.2024112418 /lfs/h2/emc/ptmp/emc.global/RETRO_GFSv17/comroot/retrotestgfs10/gdas.20241124/18//products/atmos/oznmon/time/
+ cpfs[3]'[' 2 -ne 2 ']'
+ cpfs[8]'[' /lfs/h2/emc/ptmp/emc.global/RETRO_GFSv17/comroot/retrotestgfs10/gdas.20241124/18//products/atmos/oznmon/time/ = . -o /lfs/h2/emc/ptmp/emc.global/RETRO_GFSv17/comroot/retrotestgfs10/gdas.20241124/18//products/atmos/oznmon/time/ = ./ ']'
+ cpfs[10]'[' -d /lfs/h2/emc/ptmp/emc.global/RETRO_GFSv17/comroot/retrotestgfs10/gdas.20241124/18//products/atmos/oznmon/time/ ']'
++ cpfs[11]basename bad_pen.2024112418
+ cpfs[11]cpdstfile=/lfs/h2/emc/ptmp/emc.global/RETRO_GFSv17/comroot/retrotestgfs10/gdas.20241124/18//products/atmos/oznmon/time/bad_pen.2024112418
+ cpfs[16]cp bad_pen.2024112418 /lfs/h2/emc/ptmp/emc.global/RETRO_GFSv17/comroot/retrotestgfs10/gdas.20241124/18//products/atmos/oznmon/time/bad_pen.2024112418.cptmp
+ cpfs[18]'[' 0 -ne 0 ']'
+ cpfs[22]/apps/ops/prod/nco/core/prod_util.v2.0.9/exec/fsync_file /lfs/h2/emc/ptmp/emc.global/RETRO_GFSv17/comroot/retrotestgfs10/gdas.20241124/18//products/atmos/oznmon/time/bad_pen.2024112418.cptmp
+ cpfs[23]'[' 0 -ne 0 ']'
+ cpfs[27]mv /lfs/h2/emc/ptmp/emc.global/RETRO_GFSv17/comroot/retrotestgfs10/gdas.20241124/18//products/atmos/oznmon/time/bad_pen.2024112418.cptmp /lfs/h2/emc/ptmp/emc.global/RETRO_GFSv17/comroot/retrotestgfs10/gdas.20241124/18//products/atmos/oznmon/time/bad_pen.2024112418
+ cpfs[28]'[' 0 -ne 0 ']'
+ ozn_xtrct.sh[195]rm -f input
+ ozn_xtrct.sh[197]cat
+ ozn_xtrct.sh[212]echo 'oznmon_horiz.x HAS STARTED omi_aura'
oznmon_horiz.x HAS STARTED omi_aura
+ ozn_xtrct.sh[214]./oznmon_horiz.x
+ ozn_xtrct.sh[216]echo 'oznmon_horiz.x HAS ENDED omi_aura'
oznmon_horiz.x HAS ENDED omi_aura
+ ozn_xtrct.sh[218][[ ! -d /lfs/h2/emc/ptmp/emc.global/RETRO_GFSv17/comroot/retrotestgfs10/gdas.20241124/18//products/atmos/oznmon/horiz ]]
+ ozn_xtrct.sh[221]cpfs omi_aura.anl.ctl /lfs/h2/emc/ptmp/emc.global/RETRO_GFSv17/comroot/retrotestgfs10/gdas.20241124/18//products/atmos/oznmon/horiz/
+ cpfs[3]'[' 2 -ne 2 ']'
+ cpfs[8]'[' /lfs/h2/emc/ptmp/emc.global/RETRO_GFSv17/comroot/retrotestgfs10/gdas.20241124/18//products/atmos/oznmon/horiz/ = . -o /lfs/h2/emc/ptmp/emc.global/RETRO_GFSv17/comroot/retrotestgfs10/gdas.20241124/18//products/atmos/oznmon/horiz/ = ./ ']'
+ cpfs[10]'[' -d /lfs/h2/emc/ptmp/emc.global/RETRO_GFSv17/comroot/retrotestgfs10/gdas.20241124/18//products/atmos/oznmon/horiz/ ']'
++ cpfs[11]basename omi_aura.anl.ctl
+ cpfs[11]cpdstfile=/lfs/h2/emc/ptmp/emc.global/RETRO_GFSv17/comroot/retrotestgfs10/gdas.20241124/18//products/atmos/oznmon/horiz/omi_aura.anl.ctl
+ cpfs[16]cp omi_aura.anl.ctl /lfs/h2/emc/ptmp/emc.global/RETRO_GFSv17/comroot/retrotestgfs10/gdas.20241124/18//products/atmos/oznmon/horiz/omi_aura.anl.ctl.cptmp
+ cpfs[18]'[' 0 -ne 0 ']'
+ cpfs[22]/apps/ops/prod/nco/core/prod_util.v2.0.9/exec/fsync_file /lfs/h2/emc/ptmp/emc.global/RETRO_GFSv17/comroot/retrotestgfs10/gdas.20241124/18//products/atmos/oznmon/horiz/omi_aura.anl.ctl.cptmp
+ cpfs[23]'[' 0 -ne 0 ']'
+ cpfs[27]mv /lfs/h2/emc/ptmp/emc.global/RETRO_GFSv17/comroot/retrotestgfs10/gdas.20241124/18//products/atmos/oznmon/horiz/omi_aura.anl.ctl.cptmp /lfs/h2/emc/ptmp/emc.global/RETRO_GFSv17/comroot/retrotestgfs10/gdas.20241124/18//products/atmos/oznmon/horiz/omi_aura.anl.ctl
+ cpfs[28]'[' 0 -ne 0 ']'
+ ozn_xtrct.sh[223]gzip omi_aura.anl.2024112418.ieee_d
+ ozn_xtrct.sh[224]cpfs omi_aura.anl.2024112418.ieee_d.gz /lfs/h2/emc/ptmp/emc.global/RETRO_GFSv17/comroot/retrotestgfs10/gdas.20241124/18//products/atmos/oznmon/horiz/
+ cpfs[3]'[' 2 -ne 2 ']'
+ cpfs[8]'[' /lfs/h2/emc/ptmp/emc.global/RETRO_GFSv17/comroot/retrotestgfs10/gdas.20241124/18//products/atmos/oznmon/horiz/ = . -o /lfs/h2/emc/ptmp/emc.global/RETRO_GFSv17/comroot/retrotestgfs10/gdas.20241124/18//products/atmos/oznmon/horiz/ = ./ ']'
+ cpfs[10]'[' -d /lfs/h2/emc/ptmp/emc.global/RETRO_GFSv17/comroot/retrotestgfs10/gdas.20241124/18//products/atmos/oznmon/horiz/ ']'
++ cpfs[11]basename omi_aura.anl.2024112418.ieee_d.gz
+ cpfs[11]cpdstfile=/lfs/h2/emc/ptmp/emc.global/RETRO_GFSv17/comroot/retrotestgfs10/gdas.20241124/18//products/atmos/oznmon/horiz/omi_aura.anl.2024112418.ieee_d.gz
+ cpfs[16]cp omi_aura.anl.2024112418.ieee_d.gz /lfs/h2/emc/ptmp/emc.global/RETRO_GFSv17/comroot/retrotestgfs10/gdas.20241124/18//products/atmos/oznmon/horiz/omi_aura.anl.2024112418.ieee_d.gz.cptmp
+ cpfs[18]'[' 0 -ne 0 ']'
+ cpfs[22]/apps/ops/prod/nco/core/prod_util.v2.0.9/exec/fsync_file /lfs/h2/emc/ptmp/emc.global/RETRO_GFSv17/comroot/retrotestgfs10/gdas.20241124/18//products/atmos/oznmon/horiz/omi_aura.anl.2024112418.ieee_d.gz.cptmp
+ cpfs[23]'[' 0 -ne 0 ']'
+ cpfs[27]mv /lfs/h2/emc/ptmp/emc.global/RETRO_GFSv17/comroot/retrotestgfs10/gdas.20241124/18//products/atmos/oznmon/horiz/omi_aura.anl.2024112418.ieee_d.gz.cptmp /lfs/h2/emc/ptmp/emc.global/RETRO_GFSv17/comroot/retrotestgfs10/gdas.20241124/18//products/atmos/oznmon/horiz/omi_aura.anl.2024112418.ieee_d.gz
+ cpfs[28]'[' 0 -ne 0 ']'
+ ozn_xtrct.sh[227]echo 'finished processing ptype, type:  anl, omi_aura'
finished processing ptype, type:  anl, omi_aura
+ ozn_xtrct.sh[145]for type in ${avail_satype}
+ ozn_xtrct.sh[146][[ -f diag_ompslp_npp_anl.2024112418.gz ]]
+ ozn_xtrct.sh[147]mv diag_ompslp_npp_anl.2024112418.gz ompslp_npp.anl.gz
+ ozn_xtrct.sh[148]gunzip ./ompslp_npp.anl.gz
+ gunzip[26]version='gunzip (gzip) 1.10
Copyright (C) 2007, 2011-2018 Free Software Foundation, Inc.
This is free software.  You may redistribute copies of it under the terms of
the GNU General Public License <https://www.gnu.org/licenses/gpl.html>.
There is NO WARRANTY, to the extent permitted by law.

Written by Paul Eggert.'
+ gunzip[50]usage='Usage: /usr/bin/gunzip [OPTION]... [FILE]...
Uncompress FILEs (by default, in-place).

Mandatory arguments to long options are mandatory for short options too.

  -c, --stdout      write on standard output, keep original files unchanged
  -f, --force       force overwrite of output file and compress links
  -k, --keep        keep (don'\''t delete) input files
  -l, --list        list compressed file contents
  -n, --no-name     do not save or restore the original name and timestamp
  -N, --name        save or restore the original name and timestamp
  -q, --quiet       suppress all warnings
  -r, --recursive   operate recursively on directories
  -S, --suffix=SUF  use suffix SUF on compressed files
      --synchronous synchronous output (safer if system crashes, but slower)
  -t, --test        test compressed file integrity
  -v, --verbose     verbose mode
      --help        display this help and exit
      --version     display version information and exit

With no FILE, or when FILE is -, read standard input.

Report bugs to <bug-gzip@gnu.org>.'
+ gunzip[52]case $1 in
+ gunzip[57]exec gzip -d ./ompslp_npp.anl.gz
+ ozn_xtrct.sh[150]echo 'processing ptype, type:  anl, ompslp_npp'
processing ptype, type:  anl, ompslp_npp
+ ozn_xtrct.sh[151]rm -f input
+ ozn_xtrct.sh[153]cat
+ ozn_xtrct.sh[177]echo 'oznmon_time.x HAS STARTED ompslp_npp'
oznmon_time.x HAS STARTED ompslp_npp
+ ozn_xtrct.sh[179]./oznmon_time.x
+ ozn_xtrct.sh[181]echo 'oznmon_time.x HAS ENDED ompslp_npp'
oznmon_time.x HAS ENDED ompslp_npp
+ ozn_xtrct.sh[183][[ ! -d /lfs/h2/emc/ptmp/emc.global/RETRO_GFSv17/comroot/retrotestgfs10/gdas.20241124/18//products/atmos/oznmon/time ]]
+ ozn_xtrct.sh[186]cpfs ompslp_npp.anl.ctl /lfs/h2/emc/ptmp/emc.global/RETRO_GFSv17/comroot/retrotestgfs10/gdas.20241124/18//products/atmos/oznmon/time/
+ cpfs[3]'[' 2 -ne 2 ']'
+ cpfs[8]'[' /lfs/h2/emc/ptmp/emc.global/RETRO_GFSv17/comroot/retrotestgfs10/gdas.20241124/18//products/atmos/oznmon/time/ = . -o /lfs/h2/emc/ptmp/emc.global/RETRO_GFSv17/comroot/retrotestgfs10/gdas.20241124/18//products/atmos/oznmon/time/ = ./ ']'
+ cpfs[10]'[' -d /lfs/h2/emc/ptmp/emc.global/RETRO_GFSv17/comroot/retrotestgfs10/gdas.20241124/18//products/atmos/oznmon/time/ ']'
++ cpfs[11]basename ompslp_npp.anl.ctl
+ cpfs[11]cpdstfile=/lfs/h2/emc/ptmp/emc.global/RETRO_GFSv17/comroot/retrotestgfs10/gdas.20241124/18//products/atmos/oznmon/time/ompslp_npp.anl.ctl
+ cpfs[16]cp ompslp_npp.anl.ctl /lfs/h2/emc/ptmp/emc.global/RETRO_GFSv17/comroot/retrotestgfs10/gdas.20241124/18//products/atmos/oznmon/time/ompslp_npp.anl.ctl.cptmp
+ cpfs[18]'[' 0 -ne 0 ']'
+ cpfs[22]/apps/ops/prod/nco/core/prod_util.v2.0.9/exec/fsync_file /lfs/h2/emc/ptmp/emc.global/RETRO_GFSv17/comroot/retrotestgfs10/gdas.20241124/18//products/atmos/oznmon/time/ompslp_npp.anl.ctl.cptmp
+ cpfs[23]'[' 0 -ne 0 ']'
+ cpfs[27]mv /lfs/h2/emc/ptmp/emc.global/RETRO_GFSv17/comroot/retrotestgfs10/gdas.20241124/18//products/atmos/oznmon/time/ompslp_npp.anl.ctl.cptmp /lfs/h2/emc/ptmp/emc.global/RETRO_GFSv17/comroot/retrotestgfs10/gdas.20241124/18//products/atmos/oznmon/time/ompslp_npp.anl.ctl
+ cpfs[28]'[' 0 -ne 0 ']'
+ ozn_xtrct.sh[187]cpfs ompslp_npp.anl.2024112418.ieee_d /lfs/h2/emc/ptmp/emc.global/RETRO_GFSv17/comroot/retrotestgfs10/gdas.20241124/18//products/atmos/oznmon/time/
+ cpfs[3]'[' 2 -ne 2 ']'
+ cpfs[8]'[' /lfs/h2/emc/ptmp/emc.global/RETRO_GFSv17/comroot/retrotestgfs10/gdas.20241124/18//products/atmos/oznmon/time/ = . -o /lfs/h2/emc/ptmp/emc.global/RETRO_GFSv17/comroot/retrotestgfs10/gdas.20241124/18//products/atmos/oznmon/time/ = ./ ']'
+ cpfs[10]'[' -d /lfs/h2/emc/ptmp/emc.global/RETRO_GFSv17/comroot/retrotestgfs10/gdas.20241124/18//products/atmos/oznmon/time/ ']'
++ cpfs[11]basename ompslp_npp.anl.2024112418.ieee_d
+ cpfs[11]cpdstfile=/lfs/h2/emc/ptmp/emc.global/RETRO_GFSv17/comroot/retrotestgfs10/gdas.20241124/18//products/atmos/oznmon/time/ompslp_npp.anl.2024112418.ieee_d
+ cpfs[16]cp ompslp_npp.anl.2024112418.ieee_d /lfs/h2/emc/ptmp/emc.global/RETRO_GFSv17/comroot/retrotestgfs10/gdas.20241124/18//products/atmos/oznmon/time/ompslp_npp.anl.2024112418.ieee_d.cptmp
+ cpfs[18]'[' 0 -ne 0 ']'
+ cpfs[22]/apps/ops/prod/nco/core/prod_util.v2.0.9/exec/fsync_file /lfs/h2/emc/ptmp/emc.global/RETRO_GFSv17/comroot/retrotestgfs10/gdas.20241124/18//products/atmos/oznmon/time/ompslp_npp.anl.2024112418.ieee_d.cptmp
+ cpfs[23]'[' 0 -ne 0 ']'
+ cpfs[27]mv /lfs/h2/emc/ptmp/emc.global/RETRO_GFSv17/comroot/retrotestgfs10/gdas.20241124/18//products/atmos/oznmon/time/ompslp_npp.anl.2024112418.ieee_d.cptmp /lfs/h2/emc/ptmp/emc.global/RETRO_GFSv17/comroot/retrotestgfs10/gdas.20241124/18//products/atmos/oznmon/time/ompslp_npp.anl.2024112418.ieee_d
+ cpfs[28]'[' 0 -ne 0 ']'
+ ozn_xtrct.sh[189]compgen -G 'bad*'
+ ozn_xtrct.sh[190]for bad_file in bad*
+ ozn_xtrct.sh[191]cpfs bad_cnt.2024112418 /lfs/h2/emc/ptmp/emc.global/RETRO_GFSv17/comroot/retrotestgfs10/gdas.20241124/18//products/atmos/oznmon/time/
+ cpfs[3]'[' 2 -ne 2 ']'
+ cpfs[8]'[' /lfs/h2/emc/ptmp/emc.global/RETRO_GFSv17/comroot/retrotestgfs10/gdas.20241124/18//products/atmos/oznmon/time/ = . -o /lfs/h2/emc/ptmp/emc.global/RETRO_GFSv17/comroot/retrotestgfs10/gdas.20241124/18//products/atmos/oznmon/time/ = ./ ']'
+ cpfs[10]'[' -d /lfs/h2/emc/ptmp/emc.global/RETRO_GFSv17/comroot/retrotestgfs10/gdas.20241124/18//products/atmos/oznmon/time/ ']'
++ cpfs[11]basename bad_cnt.2024112418
+ cpfs[11]cpdstfile=/lfs/h2/emc/ptmp/emc.global/RETRO_GFSv17/comroot/retrotestgfs10/gdas.20241124/18//products/atmos/oznmon/time/bad_cnt.2024112418
+ cpfs[16]cp bad_cnt.2024112418 /lfs/h2/emc/ptmp/emc.global/RETRO_GFSv17/comroot/retrotestgfs10/gdas.20241124/18//products/atmos/oznmon/time/bad_cnt.2024112418.cptmp
+ cpfs[18]'[' 0 -ne 0 ']'
+ cpfs[22]/apps/ops/prod/nco/core/prod_util.v2.0.9/exec/fsync_file /lfs/h2/emc/ptmp/emc.global/RETRO_GFSv17/comroot/retrotestgfs10/gdas.20241124/18//products/atmos/oznmon/time/bad_cnt.2024112418.cptmp
+ cpfs[23]'[' 0 -ne 0 ']'
+ cpfs[27]mv /lfs/h2/emc/ptmp/emc.global/RETRO_GFSv17/comroot/retrotestgfs10/gdas.20241124/18//products/atmos/oznmon/time/bad_cnt.2024112418.cptmp /lfs/h2/emc/ptmp/emc.global/RETRO_GFSv17/comroot/retrotestgfs10/gdas.20241124/18//products/atmos/oznmon/time/bad_cnt.2024112418
+ cpfs[28]'[' 0 -ne 0 ']'
+ ozn_xtrct.sh[190]for bad_file in bad*
+ ozn_xtrct.sh[191]cpfs bad_diag.2024112418 /lfs/h2/emc/ptmp/emc.global/RETRO_GFSv17/comroot/retrotestgfs10/gdas.20241124/18//products/atmos/oznmon/time/
+ cpfs[3]'[' 2 -ne 2 ']'
+ cpfs[8]'[' /lfs/h2/emc/ptmp/emc.global/RETRO_GFSv17/comroot/retrotestgfs10/gdas.20241124/18//products/atmos/oznmon/time/ = . -o /lfs/h2/emc/ptmp/emc.global/RETRO_GFSv17/comroot/retrotestgfs10/gdas.20241124/18//products/atmos/oznmon/time/ = ./ ']'
+ cpfs[10]'[' -d /lfs/h2/emc/ptmp/emc.global/RETRO_GFSv17/comroot/retrotestgfs10/gdas.20241124/18//products/atmos/oznmon/time/ ']'
++ cpfs[11]basename bad_diag.2024112418
+ cpfs[11]cpdstfile=/lfs/h2/emc/ptmp/emc.global/RETRO_GFSv17/comroot/retrotestgfs10/gdas.20241124/18//products/atmos/oznmon/time/bad_diag.2024112418
+ cpfs[16]cp bad_diag.2024112418 /lfs/h2/emc/ptmp/emc.global/RETRO_GFSv17/comroot/retrotestgfs10/gdas.20241124/18//products/atmos/oznmon/time/bad_diag.2024112418.cptmp
+ cpfs[18]'[' 0 -ne 0 ']'
+ cpfs[22]/apps/ops/prod/nco/core/prod_util.v2.0.9/exec/fsync_file /lfs/h2/emc/ptmp/emc.global/RETRO_GFSv17/comroot/retrotestgfs10/gdas.20241124/18//products/atmos/oznmon/time/bad_diag.2024112418.cptmp
+ cpfs[23]'[' 0 -ne 0 ']'
+ cpfs[27]mv /lfs/h2/emc/ptmp/emc.global/RETRO_GFSv17/comroot/retrotestgfs10/gdas.20241124/18//products/atmos/oznmon/time/bad_diag.2024112418.cptmp /lfs/h2/emc/ptmp/emc.global/RETRO_GFSv17/comroot/retrotestgfs10/gdas.20241124/18//products/atmos/oznmon/time/bad_diag.2024112418
+ cpfs[28]'[' 0 -ne 0 ']'
+ ozn_xtrct.sh[190]for bad_file in bad*
+ ozn_xtrct.sh[191]cpfs bad_pen.2024112418 /lfs/h2/emc/ptmp/emc.global/RETRO_GFSv17/comroot/retrotestgfs10/gdas.20241124/18//products/atmos/oznmon/time/
+ cpfs[3]'[' 2 -ne 2 ']'
+ cpfs[8]'[' /lfs/h2/emc/ptmp/emc.global/RETRO_GFSv17/comroot/retrotestgfs10/gdas.20241124/18//products/atmos/oznmon/time/ = . -o /lfs/h2/emc/ptmp/emc.global/RETRO_GFSv17/comroot/retrotestgfs10/gdas.20241124/18//products/atmos/oznmon/time/ = ./ ']'
+ cpfs[10]'[' -d /lfs/h2/emc/ptmp/emc.global/RETRO_GFSv17/comroot/retrotestgfs10/gdas.20241124/18//products/atmos/oznmon/time/ ']'
++ cpfs[11]basename bad_pen.2024112418
+ cpfs[11]cpdstfile=/lfs/h2/emc/ptmp/emc.global/RETRO_GFSv17/comroot/retrotestgfs10/gdas.20241124/18//products/atmos/oznmon/time/bad_pen.2024112418
+ cpfs[16]cp bad_pen.2024112418 /lfs/h2/emc/ptmp/emc.global/RETRO_GFSv17/comroot/retrotestgfs10/gdas.20241124/18//products/atmos/oznmon/time/bad_pen.2024112418.cptmp
+ cpfs[18]'[' 0 -ne 0 ']'
+ cpfs[22]/apps/ops/prod/nco/core/prod_util.v2.0.9/exec/fsync_file /lfs/h2/emc/ptmp/emc.global/RETRO_GFSv17/comroot/retrotestgfs10/gdas.20241124/18//products/atmos/oznmon/time/bad_pen.2024112418.cptmp
+ cpfs[23]'[' 0 -ne 0 ']'
+ cpfs[27]mv /lfs/h2/emc/ptmp/emc.global/RETRO_GFSv17/comroot/retrotestgfs10/gdas.20241124/18//products/atmos/oznmon/time/bad_pen.2024112418.cptmp /lfs/h2/emc/ptmp/emc.global/RETRO_GFSv17/comroot/retrotestgfs10/gdas.20241124/18//products/atmos/oznmon/time/bad_pen.2024112418
+ cpfs[28]'[' 0 -ne 0 ']'
+ ozn_xtrct.sh[195]rm -f input
+ ozn_xtrct.sh[197]cat
+ ozn_xtrct.sh[212]echo 'oznmon_horiz.x HAS STARTED ompslp_npp'
oznmon_horiz.x HAS STARTED ompslp_npp
+ ozn_xtrct.sh[214]./oznmon_horiz.x
+ ozn_xtrct.sh[216]echo 'oznmon_horiz.x HAS ENDED ompslp_npp'
oznmon_horiz.x HAS ENDED ompslp_npp
+ ozn_xtrct.sh[218][[ ! -d /lfs/h2/emc/ptmp/emc.global/RETRO_GFSv17/comroot/retrotestgfs10/gdas.20241124/18//products/atmos/oznmon/horiz ]]
+ ozn_xtrct.sh[221]cpfs ompslp_npp.anl.ctl /lfs/h2/emc/ptmp/emc.global/RETRO_GFSv17/comroot/retrotestgfs10/gdas.20241124/18//products/atmos/oznmon/horiz/
+ cpfs[3]'[' 2 -ne 2 ']'
+ cpfs[8]'[' /lfs/h2/emc/ptmp/emc.global/RETRO_GFSv17/comroot/retrotestgfs10/gdas.20241124/18//products/atmos/oznmon/horiz/ = . -o /lfs/h2/emc/ptmp/emc.global/RETRO_GFSv17/comroot/retrotestgfs10/gdas.20241124/18//products/atmos/oznmon/horiz/ = ./ ']'
+ cpfs[10]'[' -d /lfs/h2/emc/ptmp/emc.global/RETRO_GFSv17/comroot/retrotestgfs10/gdas.20241124/18//products/atmos/oznmon/horiz/ ']'
++ cpfs[11]basename ompslp_npp.anl.ctl
+ cpfs[11]cpdstfile=/lfs/h2/emc/ptmp/emc.global/RETRO_GFSv17/comroot/retrotestgfs10/gdas.20241124/18//products/atmos/oznmon/horiz/ompslp_npp.anl.ctl
+ cpfs[16]cp ompslp_npp.anl.ctl /lfs/h2/emc/ptmp/emc.global/RETRO_GFSv17/comroot/retrotestgfs10/gdas.20241124/18//products/atmos/oznmon/horiz/ompslp_npp.anl.ctl.cptmp
+ cpfs[18]'[' 0 -ne 0 ']'
+ cpfs[22]/apps/ops/prod/nco/core/prod_util.v2.0.9/exec/fsync_file /lfs/h2/emc/ptmp/emc.global/RETRO_GFSv17/comroot/retrotestgfs10/gdas.20241124/18//products/atmos/oznmon/horiz/ompslp_npp.anl.ctl.cptmp
+ cpfs[23]'[' 0 -ne 0 ']'
+ cpfs[27]mv /lfs/h2/emc/ptmp/emc.global/RETRO_GFSv17/comroot/retrotestgfs10/gdas.20241124/18//products/atmos/oznmon/horiz/ompslp_npp.anl.ctl.cptmp /lfs/h2/emc/ptmp/emc.global/RETRO_GFSv17/comroot/retrotestgfs10/gdas.20241124/18//products/atmos/oznmon/horiz/ompslp_npp.anl.ctl
+ cpfs[28]'[' 0 -ne 0 ']'
+ ozn_xtrct.sh[223]gzip ompslp_npp.anl.2024112418.ieee_d
+ ozn_xtrct.sh[224]cpfs ompslp_npp.anl.2024112418.ieee_d.gz /lfs/h2/emc/ptmp/emc.global/RETRO_GFSv17/comroot/retrotestgfs10/gdas.20241124/18//products/atmos/oznmon/horiz/
+ cpfs[3]'[' 2 -ne 2 ']'
+ cpfs[8]'[' /lfs/h2/emc/ptmp/emc.global/RETRO_GFSv17/comroot/retrotestgfs10/gdas.20241124/18//products/atmos/oznmon/horiz/ = . -o /lfs/h2/emc/ptmp/emc.global/RETRO_GFSv17/comroot/retrotestgfs10/gdas.20241124/18//products/atmos/oznmon/horiz/ = ./ ']'
+ cpfs[10]'[' -d /lfs/h2/emc/ptmp/emc.global/RETRO_GFSv17/comroot/retrotestgfs10/gdas.20241124/18//products/atmos/oznmon/horiz/ ']'
++ cpfs[11]basename ompslp_npp.anl.2024112418.ieee_d.gz
+ cpfs[11]cpdstfile=/lfs/h2/emc/ptmp/emc.global/RETRO_GFSv17/comroot/retrotestgfs10/gdas.20241124/18//products/atmos/oznmon/horiz/ompslp_npp.anl.2024112418.ieee_d.gz
+ cpfs[16]cp ompslp_npp.anl.2024112418.ieee_d.gz /lfs/h2/emc/ptmp/emc.global/RETRO_GFSv17/comroot/retrotestgfs10/gdas.20241124/18//products/atmos/oznmon/horiz/ompslp_npp.anl.2024112418.ieee_d.gz.cptmp
+ cpfs[18]'[' 0 -ne 0 ']'
+ cpfs[22]/apps/ops/prod/nco/core/prod_util.v2.0.9/exec/fsync_file /lfs/h2/emc/ptmp/emc.global/RETRO_GFSv17/comroot/retrotestgfs10/gdas.20241124/18//products/atmos/oznmon/horiz/ompslp_npp.anl.2024112418.ieee_d.gz.cptmp
+ cpfs[23]'[' 0 -ne 0 ']'
+ cpfs[27]mv /lfs/h2/emc/ptmp/emc.global/RETRO_GFSv17/comroot/retrotestgfs10/gdas.20241124/18//products/atmos/oznmon/horiz/ompslp_npp.anl.2024112418.ieee_d.gz.cptmp /lfs/h2/emc/ptmp/emc.global/RETRO_GFSv17/comroot/retrotestgfs10/gdas.20241124/18//products/atmos/oznmon/horiz/ompslp_npp.anl.2024112418.ieee_d.gz
+ cpfs[28]'[' 0 -ne 0 ']'
+ ozn_xtrct.sh[227]echo 'finished processing ptype, type:  anl, ompslp_npp'
finished processing ptype, type:  anl, ompslp_npp
+ ozn_xtrct.sh[145]for type in ${avail_satype}
+ ozn_xtrct.sh[146][[ -f diag_ompsnp_n20_anl.2024112418.gz ]]
+ ozn_xtrct.sh[147]mv diag_ompsnp_n20_anl.2024112418.gz ompsnp_n20.anl.gz
+ ozn_xtrct.sh[148]gunzip ./ompsnp_n20.anl.gz
+ gunzip[26]version='gunzip (gzip) 1.10
Copyright (C) 2007, 2011-2018 Free Software Foundation, Inc.
This is free software.  You may redistribute copies of it under the terms of
the GNU General Public License <https://www.gnu.org/licenses/gpl.html>.
There is NO WARRANTY, to the extent permitted by law.

Written by Paul Eggert.'
+ gunzip[50]usage='Usage: /usr/bin/gunzip [OPTION]... [FILE]...
Uncompress FILEs (by default, in-place).

Mandatory arguments to long options are mandatory for short options too.

  -c, --stdout      write on standard output, keep original files unchanged
  -f, --force       force overwrite of output file and compress links
  -k, --keep        keep (don'\''t delete) input files
  -l, --list        list compressed file contents
  -n, --no-name     do not save or restore the original name and timestamp
  -N, --name        save or restore the original name and timestamp
  -q, --quiet       suppress all warnings
  -r, --recursive   operate recursively on directories
  -S, --suffix=SUF  use suffix SUF on compressed files
      --synchronous synchronous output (safer if system crashes, but slower)
  -t, --test        test compressed file integrity
  -v, --verbose     verbose mode
      --help        display this help and exit
      --version     display version information and exit

With no FILE, or when FILE is -, read standard input.

Report bugs to <bug-gzip@gnu.org>.'
+ gunzip[52]case $1 in
+ gunzip[57]exec gzip -d ./ompsnp_n20.anl.gz
+ ozn_xtrct.sh[150]echo 'processing ptype, type:  anl, ompsnp_n20'
processing ptype, type:  anl, ompsnp_n20
+ ozn_xtrct.sh[151]rm -f input
+ ozn_xtrct.sh[153]cat
+ ozn_xtrct.sh[177]echo 'oznmon_time.x HAS STARTED ompsnp_n20'
oznmon_time.x HAS STARTED ompsnp_n20
+ ozn_xtrct.sh[179]./oznmon_time.x
+ ozn_xtrct.sh[181]echo 'oznmon_time.x HAS ENDED ompsnp_n20'
oznmon_time.x HAS ENDED ompsnp_n20
+ ozn_xtrct.sh[183][[ ! -d /lfs/h2/emc/ptmp/emc.global/RETRO_GFSv17/comroot/retrotestgfs10/gdas.20241124/18//products/atmos/oznmon/time ]]
+ ozn_xtrct.sh[186]cpfs ompsnp_n20.anl.ctl /lfs/h2/emc/ptmp/emc.global/RETRO_GFSv17/comroot/retrotestgfs10/gdas.20241124/18//products/atmos/oznmon/time/
+ cpfs[3]'[' 2 -ne 2 ']'
+ cpfs[8]'[' /lfs/h2/emc/ptmp/emc.global/RETRO_GFSv17/comroot/retrotestgfs10/gdas.20241124/18//products/atmos/oznmon/time/ = . -o /lfs/h2/emc/ptmp/emc.global/RETRO_GFSv17/comroot/retrotestgfs10/gdas.20241124/18//products/atmos/oznmon/time/ = ./ ']'
+ cpfs[10]'[' -d /lfs/h2/emc/ptmp/emc.global/RETRO_GFSv17/comroot/retrotestgfs10/gdas.20241124/18//products/atmos/oznmon/time/ ']'
++ cpfs[11]basename ompsnp_n20.anl.ctl
+ cpfs[11]cpdstfile=/lfs/h2/emc/ptmp/emc.global/RETRO_GFSv17/comroot/retrotestgfs10/gdas.20241124/18//products/atmos/oznmon/time/ompsnp_n20.anl.ctl
+ cpfs[16]cp ompsnp_n20.anl.ctl /lfs/h2/emc/ptmp/emc.global/RETRO_GFSv17/comroot/retrotestgfs10/gdas.20241124/18//products/atmos/oznmon/time/ompsnp_n20.anl.ctl.cptmp
+ cpfs[18]'[' 0 -ne 0 ']'
+ cpfs[22]/apps/ops/prod/nco/core/prod_util.v2.0.9/exec/fsync_file /lfs/h2/emc/ptmp/emc.global/RETRO_GFSv17/comroot/retrotestgfs10/gdas.20241124/18//products/atmos/oznmon/time/ompsnp_n20.anl.ctl.cptmp
+ cpfs[23]'[' 0 -ne 0 ']'
+ cpfs[27]mv /lfs/h2/emc/ptmp/emc.global/RETRO_GFSv17/comroot/retrotestgfs10/gdas.20241124/18//products/atmos/oznmon/time/ompsnp_n20.anl.ctl.cptmp /lfs/h2/emc/ptmp/emc.global/RETRO_GFSv17/comroot/retrotestgfs10/gdas.20241124/18//products/atmos/oznmon/time/ompsnp_n20.anl.ctl
+ cpfs[28]'[' 0 -ne 0 ']'
+ ozn_xtrct.sh[187]cpfs ompsnp_n20.anl.2024112418.ieee_d /lfs/h2/emc/ptmp/emc.global/RETRO_GFSv17/comroot/retrotestgfs10/gdas.20241124/18//products/atmos/oznmon/time/
+ cpfs[3]'[' 2 -ne 2 ']'
+ cpfs[8]'[' /lfs/h2/emc/ptmp/emc.global/RETRO_GFSv17/comroot/retrotestgfs10/gdas.20241124/18//products/atmos/oznmon/time/ = . -o /lfs/h2/emc/ptmp/emc.global/RETRO_GFSv17/comroot/retrotestgfs10/gdas.20241124/18//products/atmos/oznmon/time/ = ./ ']'
+ cpfs[10]'[' -d /lfs/h2/emc/ptmp/emc.global/RETRO_GFSv17/comroot/retrotestgfs10/gdas.20241124/18//products/atmos/oznmon/time/ ']'
++ cpfs[11]basename ompsnp_n20.anl.2024112418.ieee_d
+ cpfs[11]cpdstfile=/lfs/h2/emc/ptmp/emc.global/RETRO_GFSv17/comroot/retrotestgfs10/gdas.20241124/18//products/atmos/oznmon/time/ompsnp_n20.anl.2024112418.ieee_d
+ cpfs[16]cp ompsnp_n20.anl.2024112418.ieee_d /lfs/h2/emc/ptmp/emc.global/RETRO_GFSv17/comroot/retrotestgfs10/gdas.20241124/18//products/atmos/oznmon/time/ompsnp_n20.anl.2024112418.ieee_d.cptmp
+ cpfs[18]'[' 0 -ne 0 ']'
+ cpfs[22]/apps/ops/prod/nco/core/prod_util.v2.0.9/exec/fsync_file /lfs/h2/emc/ptmp/emc.global/RETRO_GFSv17/comroot/retrotestgfs10/gdas.20241124/18//products/atmos/oznmon/time/ompsnp_n20.anl.2024112418.ieee_d.cptmp
+ cpfs[23]'[' 0 -ne 0 ']'
+ cpfs[27]mv /lfs/h2/emc/ptmp/emc.global/RETRO_GFSv17/comroot/retrotestgfs10/gdas.20241124/18//products/atmos/oznmon/time/ompsnp_n20.anl.2024112418.ieee_d.cptmp /lfs/h2/emc/ptmp/emc.global/RETRO_GFSv17/comroot/retrotestgfs10/gdas.20241124/18//products/atmos/oznmon/time/ompsnp_n20.anl.2024112418.ieee_d
+ cpfs[28]'[' 0 -ne 0 ']'
+ ozn_xtrct.sh[189]compgen -G 'bad*'
+ ozn_xtrct.sh[190]for bad_file in bad*
+ ozn_xtrct.sh[191]cpfs bad_cnt.2024112418 /lfs/h2/emc/ptmp/emc.global/RETRO_GFSv17/comroot/retrotestgfs10/gdas.20241124/18//products/atmos/oznmon/time/
+ cpfs[3]'[' 2 -ne 2 ']'
+ cpfs[8]'[' /lfs/h2/emc/ptmp/emc.global/RETRO_GFSv17/comroot/retrotestgfs10/gdas.20241124/18//products/atmos/oznmon/time/ = . -o /lfs/h2/emc/ptmp/emc.global/RETRO_GFSv17/comroot/retrotestgfs10/gdas.20241124/18//products/atmos/oznmon/time/ = ./ ']'
+ cpfs[10]'[' -d /lfs/h2/emc/ptmp/emc.global/RETRO_GFSv17/comroot/retrotestgfs10/gdas.20241124/18//products/atmos/oznmon/time/ ']'
++ cpfs[11]basename bad_cnt.2024112418
+ cpfs[11]cpdstfile=/lfs/h2/emc/ptmp/emc.global/RETRO_GFSv17/comroot/retrotestgfs10/gdas.20241124/18//products/atmos/oznmon/time/bad_cnt.2024112418
+ cpfs[16]cp bad_cnt.2024112418 /lfs/h2/emc/ptmp/emc.global/RETRO_GFSv17/comroot/retrotestgfs10/gdas.20241124/18//products/atmos/oznmon/time/bad_cnt.2024112418.cptmp
+ cpfs[18]'[' 0 -ne 0 ']'
+ cpfs[22]/apps/ops/prod/nco/core/prod_util.v2.0.9/exec/fsync_file /lfs/h2/emc/ptmp/emc.global/RETRO_GFSv17/comroot/retrotestgfs10/gdas.20241124/18//products/atmos/oznmon/time/bad_cnt.2024112418.cptmp
+ cpfs[23]'[' 0 -ne 0 ']'
+ cpfs[27]mv /lfs/h2/emc/ptmp/emc.global/RETRO_GFSv17/comroot/retrotestgfs10/gdas.20241124/18//products/atmos/oznmon/time/bad_cnt.2024112418.cptmp /lfs/h2/emc/ptmp/emc.global/RETRO_GFSv17/comroot/retrotestgfs10/gdas.20241124/18//products/atmos/oznmon/time/bad_cnt.2024112418
+ cpfs[28]'[' 0 -ne 0 ']'
+ ozn_xtrct.sh[190]for bad_file in bad*
+ ozn_xtrct.sh[191]cpfs bad_diag.2024112418 /lfs/h2/emc/ptmp/emc.global/RETRO_GFSv17/comroot/retrotestgfs10/gdas.20241124/18//products/atmos/oznmon/time/
+ cpfs[3]'[' 2 -ne 2 ']'
+ cpfs[8]'[' /lfs/h2/emc/ptmp/emc.global/RETRO_GFSv17/comroot/retrotestgfs10/gdas.20241124/18//products/atmos/oznmon/time/ = . -o /lfs/h2/emc/ptmp/emc.global/RETRO_GFSv17/comroot/retrotestgfs10/gdas.20241124/18//products/atmos/oznmon/time/ = ./ ']'
+ cpfs[10]'[' -d /lfs/h2/emc/ptmp/emc.global/RETRO_GFSv17/comroot/retrotestgfs10/gdas.20241124/18//products/atmos/oznmon/time/ ']'
++ cpfs[11]basename bad_diag.2024112418
+ cpfs[11]cpdstfile=/lfs/h2/emc/ptmp/emc.global/RETRO_GFSv17/comroot/retrotestgfs10/gdas.20241124/18//products/atmos/oznmon/time/bad_diag.2024112418
+ cpfs[16]cp bad_diag.2024112418 /lfs/h2/emc/ptmp/emc.global/RETRO_GFSv17/comroot/retrotestgfs10/gdas.20241124/18//products/atmos/oznmon/time/bad_diag.2024112418.cptmp
+ cpfs[18]'[' 0 -ne 0 ']'
+ cpfs[22]/apps/ops/prod/nco/core/prod_util.v2.0.9/exec/fsync_file /lfs/h2/emc/ptmp/emc.global/RETRO_GFSv17/comroot/retrotestgfs10/gdas.20241124/18//products/atmos/oznmon/time/bad_diag.2024112418.cptmp
+ cpfs[23]'[' 0 -ne 0 ']'
+ cpfs[27]mv /lfs/h2/emc/ptmp/emc.global/RETRO_GFSv17/comroot/retrotestgfs10/gdas.20241124/18//products/atmos/oznmon/time/bad_diag.2024112418.cptmp /lfs/h2/emc/ptmp/emc.global/RETRO_GFSv17/comroot/retrotestgfs10/gdas.20241124/18//products/atmos/oznmon/time/bad_diag.2024112418
+ cpfs[28]'[' 0 -ne 0 ']'
+ ozn_xtrct.sh[190]for bad_file in bad*
+ ozn_xtrct.sh[191]cpfs bad_pen.2024112418 /lfs/h2/emc/ptmp/emc.global/RETRO_GFSv17/comroot/retrotestgfs10/gdas.20241124/18//products/atmos/oznmon/time/
+ cpfs[3]'[' 2 -ne 2 ']'
+ cpfs[8]'[' /lfs/h2/emc/ptmp/emc.global/RETRO_GFSv17/comroot/retrotestgfs10/gdas.20241124/18//products/atmos/oznmon/time/ = . -o /lfs/h2/emc/ptmp/emc.global/RETRO_GFSv17/comroot/retrotestgfs10/gdas.20241124/18//products/atmos/oznmon/time/ = ./ ']'
+ cpfs[10]'[' -d /lfs/h2/emc/ptmp/emc.global/RETRO_GFSv17/comroot/retrotestgfs10/gdas.20241124/18//products/atmos/oznmon/time/ ']'
++ cpfs[11]basename bad_pen.2024112418
+ cpfs[11]cpdstfile=/lfs/h2/emc/ptmp/emc.global/RETRO_GFSv17/comroot/retrotestgfs10/gdas.20241124/18//products/atmos/oznmon/time/bad_pen.2024112418
+ cpfs[16]cp bad_pen.2024112418 /lfs/h2/emc/ptmp/emc.global/RETRO_GFSv17/comroot/retrotestgfs10/gdas.20241124/18//products/atmos/oznmon/time/bad_pen.2024112418.cptmp
+ cpfs[18]'[' 0 -ne 0 ']'
+ cpfs[22]/apps/ops/prod/nco/core/prod_util.v2.0.9/exec/fsync_file /lfs/h2/emc/ptmp/emc.global/RETRO_GFSv17/comroot/retrotestgfs10/gdas.20241124/18//products/atmos/oznmon/time/bad_pen.2024112418.cptmp
+ cpfs[23]'[' 0 -ne 0 ']'
+ cpfs[27]mv /lfs/h2/emc/ptmp/emc.global/RETRO_GFSv17/comroot/retrotestgfs10/gdas.20241124/18//products/atmos/oznmon/time/bad_pen.2024112418.cptmp /lfs/h2/emc/ptmp/emc.global/RETRO_GFSv17/comroot/retrotestgfs10/gdas.20241124/18//products/atmos/oznmon/time/bad_pen.2024112418
+ cpfs[28]'[' 0 -ne 0 ']'
+ ozn_xtrct.sh[195]rm -f input
+ ozn_xtrct.sh[197]cat
+ ozn_xtrct.sh[212]echo 'oznmon_horiz.x HAS STARTED ompsnp_n20'
oznmon_horiz.x HAS STARTED ompsnp_n20
+ ozn_xtrct.sh[214]./oznmon_horiz.x
+ ozn_xtrct.sh[216]echo 'oznmon_horiz.x HAS ENDED ompsnp_n20'
oznmon_horiz.x HAS ENDED ompsnp_n20
+ ozn_xtrct.sh[218][[ ! -d /lfs/h2/emc/ptmp/emc.global/RETRO_GFSv17/comroot/retrotestgfs10/gdas.20241124/18//products/atmos/oznmon/horiz ]]
+ ozn_xtrct.sh[221]cpfs ompsnp_n20.anl.ctl /lfs/h2/emc/ptmp/emc.global/RETRO_GFSv17/comroot/retrotestgfs10/gdas.20241124/18//products/atmos/oznmon/horiz/
+ cpfs[3]'[' 2 -ne 2 ']'
+ cpfs[8]'[' /lfs/h2/emc/ptmp/emc.global/RETRO_GFSv17/comroot/retrotestgfs10/gdas.20241124/18//products/atmos/oznmon/horiz/ = . -o /lfs/h2/emc/ptmp/emc.global/RETRO_GFSv17/comroot/retrotestgfs10/gdas.20241124/18//products/atmos/oznmon/horiz/ = ./ ']'
+ cpfs[10]'[' -d /lfs/h2/emc/ptmp/emc.global/RETRO_GFSv17/comroot/retrotestgfs10/gdas.20241124/18//products/atmos/oznmon/horiz/ ']'
++ cpfs[11]basename ompsnp_n20.anl.ctl
+ cpfs[11]cpdstfile=/lfs/h2/emc/ptmp/emc.global/RETRO_GFSv17/comroot/retrotestgfs10/gdas.20241124/18//products/atmos/oznmon/horiz/ompsnp_n20.anl.ctl
+ cpfs[16]cp ompsnp_n20.anl.ctl /lfs/h2/emc/ptmp/emc.global/RETRO_GFSv17/comroot/retrotestgfs10/gdas.20241124/18//products/atmos/oznmon/horiz/ompsnp_n20.anl.ctl.cptmp
+ cpfs[18]'[' 0 -ne 0 ']'
+ cpfs[22]/apps/ops/prod/nco/core/prod_util.v2.0.9/exec/fsync_file /lfs/h2/emc/ptmp/emc.global/RETRO_GFSv17/comroot/retrotestgfs10/gdas.20241124/18//products/atmos/oznmon/horiz/ompsnp_n20.anl.ctl.cptmp
+ cpfs[23]'[' 0 -ne 0 ']'
+ cpfs[27]mv /lfs/h2/emc/ptmp/emc.global/RETRO_GFSv17/comroot/retrotestgfs10/gdas.20241124/18//products/atmos/oznmon/horiz/ompsnp_n20.anl.ctl.cptmp /lfs/h2/emc/ptmp/emc.global/RETRO_GFSv17/comroot/retrotestgfs10/gdas.20241124/18//products/atmos/oznmon/horiz/ompsnp_n20.anl.ctl
+ cpfs[28]'[' 0 -ne 0 ']'
+ ozn_xtrct.sh[223]gzip ompsnp_n20.anl.2024112418.ieee_d
+ ozn_xtrct.sh[224]cpfs ompsnp_n20.anl.2024112418.ieee_d.gz /lfs/h2/emc/ptmp/emc.global/RETRO_GFSv17/comroot/retrotestgfs10/gdas.20241124/18//products/atmos/oznmon/horiz/
+ cpfs[3]'[' 2 -ne 2 ']'
+ cpfs[8]'[' /lfs/h2/emc/ptmp/emc.global/RETRO_GFSv17/comroot/retrotestgfs10/gdas.20241124/18//products/atmos/oznmon/horiz/ = . -o /lfs/h2/emc/ptmp/emc.global/RETRO_GFSv17/comroot/retrotestgfs10/gdas.20241124/18//products/atmos/oznmon/horiz/ = ./ ']'
+ cpfs[10]'[' -d /lfs/h2/emc/ptmp/emc.global/RETRO_GFSv17/comroot/retrotestgfs10/gdas.20241124/18//products/atmos/oznmon/horiz/ ']'
++ cpfs[11]basename ompsnp_n20.anl.2024112418.ieee_d.gz
+ cpfs[11]cpdstfile=/lfs/h2/emc/ptmp/emc.global/RETRO_GFSv17/comroot/retrotestgfs10/gdas.20241124/18//products/atmos/oznmon/horiz/ompsnp_n20.anl.2024112418.ieee_d.gz
+ cpfs[16]cp ompsnp_n20.anl.2024112418.ieee_d.gz /lfs/h2/emc/ptmp/emc.global/RETRO_GFSv17/comroot/retrotestgfs10/gdas.20241124/18//products/atmos/oznmon/horiz/ompsnp_n20.anl.2024112418.ieee_d.gz.cptmp
+ cpfs[18]'[' 0 -ne 0 ']'
+ cpfs[22]/apps/ops/prod/nco/core/prod_util.v2.0.9/exec/fsync_file /lfs/h2/emc/ptmp/emc.global/RETRO_GFSv17/comroot/retrotestgfs10/gdas.20241124/18//products/atmos/oznmon/horiz/ompsnp_n20.anl.2024112418.ieee_d.gz.cptmp
+ cpfs[23]'[' 0 -ne 0 ']'
+ cpfs[27]mv /lfs/h2/emc/ptmp/emc.global/RETRO_GFSv17/comroot/retrotestgfs10/gdas.20241124/18//products/atmos/oznmon/horiz/ompsnp_n20.anl.2024112418.ieee_d.gz.cptmp /lfs/h2/emc/ptmp/emc.global/RETRO_GFSv17/comroot/retrotestgfs10/gdas.20241124/18//products/atmos/oznmon/horiz/ompsnp_n20.anl.2024112418.ieee_d.gz
+ cpfs[28]'[' 0 -ne 0 ']'
+ ozn_xtrct.sh[227]echo 'finished processing ptype, type:  anl, ompsnp_n20'
finished processing ptype, type:  anl, ompsnp_n20
+ ozn_xtrct.sh[145]for type in ${avail_satype}
+ ozn_xtrct.sh[146][[ -f diag_ompsnp_n21_anl.2024112418.gz ]]
+ ozn_xtrct.sh[147]mv diag_ompsnp_n21_anl.2024112418.gz ompsnp_n21.anl.gz
+ ozn_xtrct.sh[148]gunzip ./ompsnp_n21.anl.gz
+ gunzip[26]version='gunzip (gzip) 1.10
Copyright (C) 2007, 2011-2018 Free Software Foundation, Inc.
This is free software.  You may redistribute copies of it under the terms of
the GNU General Public License <https://www.gnu.org/licenses/gpl.html>.
There is NO WARRANTY, to the extent permitted by law.

Written by Paul Eggert.'
+ gunzip[50]usage='Usage: /usr/bin/gunzip [OPTION]... [FILE]...
Uncompress FILEs (by default, in-place).

Mandatory arguments to long options are mandatory for short options too.

  -c, --stdout      write on standard output, keep original files unchanged
  -f, --force       force overwrite of output file and compress links
  -k, --keep        keep (don'\''t delete) input files
  -l, --list        list compressed file contents
  -n, --no-name     do not save or restore the original name and timestamp
  -N, --name        save or restore the original name and timestamp
  -q, --quiet       suppress all warnings
  -r, --recursive   operate recursively on directories
  -S, --suffix=SUF  use suffix SUF on compressed files
      --synchronous synchronous output (safer if system crashes, but slower)
  -t, --test        test compressed file integrity
  -v, --verbose     verbose mode
      --help        display this help and exit
      --version     display version information and exit

With no FILE, or when FILE is -, read standard input.

Report bugs to <bug-gzip@gnu.org>.'
+ gunzip[52]case $1 in
+ gunzip[57]exec gzip -d ./ompsnp_n21.anl.gz
+ ozn_xtrct.sh[150]echo 'processing ptype, type:  anl, ompsnp_n21'
processing ptype, type:  anl, ompsnp_n21
+ ozn_xtrct.sh[151]rm -f input
+ ozn_xtrct.sh[153]cat
+ ozn_xtrct.sh[177]echo 'oznmon_time.x HAS STARTED ompsnp_n21'
oznmon_time.x HAS STARTED ompsnp_n21
+ ozn_xtrct.sh[179]./oznmon_time.x
+ ozn_xtrct.sh[181]echo 'oznmon_time.x HAS ENDED ompsnp_n21'
oznmon_time.x HAS ENDED ompsnp_n21
+ ozn_xtrct.sh[183][[ ! -d /lfs/h2/emc/ptmp/emc.global/RETRO_GFSv17/comroot/retrotestgfs10/gdas.20241124/18//products/atmos/oznmon/time ]]
+ ozn_xtrct.sh[186]cpfs ompsnp_n21.anl.ctl /lfs/h2/emc/ptmp/emc.global/RETRO_GFSv17/comroot/retrotestgfs10/gdas.20241124/18//products/atmos/oznmon/time/
+ cpfs[3]'[' 2 -ne 2 ']'
+ cpfs[8]'[' /lfs/h2/emc/ptmp/emc.global/RETRO_GFSv17/comroot/retrotestgfs10/gdas.20241124/18//products/atmos/oznmon/time/ = . -o /lfs/h2/emc/ptmp/emc.global/RETRO_GFSv17/comroot/retrotestgfs10/gdas.20241124/18//products/atmos/oznmon/time/ = ./ ']'
+ cpfs[10]'[' -d /lfs/h2/emc/ptmp/emc.global/RETRO_GFSv17/comroot/retrotestgfs10/gdas.20241124/18//products/atmos/oznmon/time/ ']'
++ cpfs[11]basename ompsnp_n21.anl.ctl
+ cpfs[11]cpdstfile=/lfs/h2/emc/ptmp/emc.global/RETRO_GFSv17/comroot/retrotestgfs10/gdas.20241124/18//products/atmos/oznmon/time/ompsnp_n21.anl.ctl
+ cpfs[16]cp ompsnp_n21.anl.ctl /lfs/h2/emc/ptmp/emc.global/RETRO_GFSv17/comroot/retrotestgfs10/gdas.20241124/18//products/atmos/oznmon/time/ompsnp_n21.anl.ctl.cptmp
+ cpfs[18]'[' 0 -ne 0 ']'
+ cpfs[22]/apps/ops/prod/nco/core/prod_util.v2.0.9/exec/fsync_file /lfs/h2/emc/ptmp/emc.global/RETRO_GFSv17/comroot/retrotestgfs10/gdas.20241124/18//products/atmos/oznmon/time/ompsnp_n21.anl.ctl.cptmp
+ cpfs[23]'[' 0 -ne 0 ']'
+ cpfs[27]mv /lfs/h2/emc/ptmp/emc.global/RETRO_GFSv17/comroot/retrotestgfs10/gdas.20241124/18//products/atmos/oznmon/time/ompsnp_n21.anl.ctl.cptmp /lfs/h2/emc/ptmp/emc.global/RETRO_GFSv17/comroot/retrotestgfs10/gdas.20241124/18//products/atmos/oznmon/time/ompsnp_n21.anl.ctl
+ cpfs[28]'[' 0 -ne 0 ']'
+ ozn_xtrct.sh[187]cpfs ompsnp_n21.anl.2024112418.ieee_d /lfs/h2/emc/ptmp/emc.global/RETRO_GFSv17/comroot/retrotestgfs10/gdas.20241124/18//products/atmos/oznmon/time/
+ cpfs[3]'[' 2 -ne 2 ']'
+ cpfs[8]'[' /lfs/h2/emc/ptmp/emc.global/RETRO_GFSv17/comroot/retrotestgfs10/gdas.20241124/18//products/atmos/oznmon/time/ = . -o /lfs/h2/emc/ptmp/emc.global/RETRO_GFSv17/comroot/retrotestgfs10/gdas.20241124/18//products/atmos/oznmon/time/ = ./ ']'
+ cpfs[10]'[' -d /lfs/h2/emc/ptmp/emc.global/RETRO_GFSv17/comroot/retrotestgfs10/gdas.20241124/18//products/atmos/oznmon/time/ ']'
++ cpfs[11]basename ompsnp_n21.anl.2024112418.ieee_d
+ cpfs[11]cpdstfile=/lfs/h2/emc/ptmp/emc.global/RETRO_GFSv17/comroot/retrotestgfs10/gdas.20241124/18//products/atmos/oznmon/time/ompsnp_n21.anl.2024112418.ieee_d
+ cpfs[16]cp ompsnp_n21.anl.2024112418.ieee_d /lfs/h2/emc/ptmp/emc.global/RETRO_GFSv17/comroot/retrotestgfs10/gdas.20241124/18//products/atmos/oznmon/time/ompsnp_n21.anl.2024112418.ieee_d.cptmp
+ cpfs[18]'[' 0 -ne 0 ']'
+ cpfs[22]/apps/ops/prod/nco/core/prod_util.v2.0.9/exec/fsync_file /lfs/h2/emc/ptmp/emc.global/RETRO_GFSv17/comroot/retrotestgfs10/gdas.20241124/18//products/atmos/oznmon/time/ompsnp_n21.anl.2024112418.ieee_d.cptmp
+ cpfs[23]'[' 0 -ne 0 ']'
+ cpfs[27]mv /lfs/h2/emc/ptmp/emc.global/RETRO_GFSv17/comroot/retrotestgfs10/gdas.20241124/18//products/atmos/oznmon/time/ompsnp_n21.anl.2024112418.ieee_d.cptmp /lfs/h2/emc/ptmp/emc.global/RETRO_GFSv17/comroot/retrotestgfs10/gdas.20241124/18//products/atmos/oznmon/time/ompsnp_n21.anl.2024112418.ieee_d
+ cpfs[28]'[' 0 -ne 0 ']'
+ ozn_xtrct.sh[189]compgen -G 'bad*'
+ ozn_xtrct.sh[190]for bad_file in bad*
+ ozn_xtrct.sh[191]cpfs bad_cnt.2024112418 /lfs/h2/emc/ptmp/emc.global/RETRO_GFSv17/comroot/retrotestgfs10/gdas.20241124/18//products/atmos/oznmon/time/
+ cpfs[3]'[' 2 -ne 2 ']'
+ cpfs[8]'[' /lfs/h2/emc/ptmp/emc.global/RETRO_GFSv17/comroot/retrotestgfs10/gdas.20241124/18//products/atmos/oznmon/time/ = . -o /lfs/h2/emc/ptmp/emc.global/RETRO_GFSv17/comroot/retrotestgfs10/gdas.20241124/18//products/atmos/oznmon/time/ = ./ ']'
+ cpfs[10]'[' -d /lfs/h2/emc/ptmp/emc.global/RETRO_GFSv17/comroot/retrotestgfs10/gdas.20241124/18//products/atmos/oznmon/time/ ']'
++ cpfs[11]basename bad_cnt.2024112418
+ cpfs[11]cpdstfile=/lfs/h2/emc/ptmp/emc.global/RETRO_GFSv17/comroot/retrotestgfs10/gdas.20241124/18//products/atmos/oznmon/time/bad_cnt.2024112418
+ cpfs[16]cp bad_cnt.2024112418 /lfs/h2/emc/ptmp/emc.global/RETRO_GFSv17/comroot/retrotestgfs10/gdas.20241124/18//products/atmos/oznmon/time/bad_cnt.2024112418.cptmp
+ cpfs[18]'[' 0 -ne 0 ']'
+ cpfs[22]/apps/ops/prod/nco/core/prod_util.v2.0.9/exec/fsync_file /lfs/h2/emc/ptmp/emc.global/RETRO_GFSv17/comroot/retrotestgfs10/gdas.20241124/18//products/atmos/oznmon/time/bad_cnt.2024112418.cptmp
+ cpfs[23]'[' 0 -ne 0 ']'
+ cpfs[27]mv /lfs/h2/emc/ptmp/emc.global/RETRO_GFSv17/comroot/retrotestgfs10/gdas.20241124/18//products/atmos/oznmon/time/bad_cnt.2024112418.cptmp /lfs/h2/emc/ptmp/emc.global/RETRO_GFSv17/comroot/retrotestgfs10/gdas.20241124/18//products/atmos/oznmon/time/bad_cnt.2024112418
+ cpfs[28]'[' 0 -ne 0 ']'
+ ozn_xtrct.sh[190]for bad_file in bad*
+ ozn_xtrct.sh[191]cpfs bad_diag.2024112418 /lfs/h2/emc/ptmp/emc.global/RETRO_GFSv17/comroot/retrotestgfs10/gdas.20241124/18//products/atmos/oznmon/time/
+ cpfs[3]'[' 2 -ne 2 ']'
+ cpfs[8]'[' /lfs/h2/emc/ptmp/emc.global/RETRO_GFSv17/comroot/retrotestgfs10/gdas.20241124/18//products/atmos/oznmon/time/ = . -o /lfs/h2/emc/ptmp/emc.global/RETRO_GFSv17/comroot/retrotestgfs10/gdas.20241124/18//products/atmos/oznmon/time/ = ./ ']'
+ cpfs[10]'[' -d /lfs/h2/emc/ptmp/emc.global/RETRO_GFSv17/comroot/retrotestgfs10/gdas.20241124/18//products/atmos/oznmon/time/ ']'
++ cpfs[11]basename bad_diag.2024112418
+ cpfs[11]cpdstfile=/lfs/h2/emc/ptmp/emc.global/RETRO_GFSv17/comroot/retrotestgfs10/gdas.20241124/18//products/atmos/oznmon/time/bad_diag.2024112418
+ cpfs[16]cp bad_diag.2024112418 /lfs/h2/emc/ptmp/emc.global/RETRO_GFSv17/comroot/retrotestgfs10/gdas.20241124/18//products/atmos/oznmon/time/bad_diag.2024112418.cptmp
+ cpfs[18]'[' 0 -ne 0 ']'
+ cpfs[22]/apps/ops/prod/nco/core/prod_util.v2.0.9/exec/fsync_file /lfs/h2/emc/ptmp/emc.global/RETRO_GFSv17/comroot/retrotestgfs10/gdas.20241124/18//products/atmos/oznmon/time/bad_diag.2024112418.cptmp
+ cpfs[23]'[' 0 -ne 0 ']'
+ cpfs[27]mv /lfs/h2/emc/ptmp/emc.global/RETRO_GFSv17/comroot/retrotestgfs10/gdas.20241124/18//products/atmos/oznmon/time/bad_diag.2024112418.cptmp /lfs/h2/emc/ptmp/emc.global/RETRO_GFSv17/comroot/retrotestgfs10/gdas.20241124/18//products/atmos/oznmon/time/bad_diag.2024112418
+ cpfs[28]'[' 0 -ne 0 ']'
+ ozn_xtrct.sh[190]for bad_file in bad*
+ ozn_xtrct.sh[191]cpfs bad_pen.2024112418 /lfs/h2/emc/ptmp/emc.global/RETRO_GFSv17/comroot/retrotestgfs10/gdas.20241124/18//products/atmos/oznmon/time/
+ cpfs[3]'[' 2 -ne 2 ']'
+ cpfs[8]'[' /lfs/h2/emc/ptmp/emc.global/RETRO_GFSv17/comroot/retrotestgfs10/gdas.20241124/18//products/atmos/oznmon/time/ = . -o /lfs/h2/emc/ptmp/emc.global/RETRO_GFSv17/comroot/retrotestgfs10/gdas.20241124/18//products/atmos/oznmon/time/ = ./ ']'
+ cpfs[10]'[' -d /lfs/h2/emc/ptmp/emc.global/RETRO_GFSv17/comroot/retrotestgfs10/gdas.20241124/18//products/atmos/oznmon/time/ ']'
++ cpfs[11]basename bad_pen.2024112418
+ cpfs[11]cpdstfile=/lfs/h2/emc/ptmp/emc.global/RETRO_GFSv17/comroot/retrotestgfs10/gdas.20241124/18//products/atmos/oznmon/time/bad_pen.2024112418
+ cpfs[16]cp bad_pen.2024112418 /lfs/h2/emc/ptmp/emc.global/RETRO_GFSv17/comroot/retrotestgfs10/gdas.20241124/18//products/atmos/oznmon/time/bad_pen.2024112418.cptmp
+ cpfs[18]'[' 0 -ne 0 ']'
+ cpfs[22]/apps/ops/prod/nco/core/prod_util.v2.0.9/exec/fsync_file /lfs/h2/emc/ptmp/emc.global/RETRO_GFSv17/comroot/retrotestgfs10/gdas.20241124/18//products/atmos/oznmon/time/bad_pen.2024112418.cptmp
+ cpfs[23]'[' 0 -ne 0 ']'
+ cpfs[27]mv /lfs/h2/emc/ptmp/emc.global/RETRO_GFSv17/comroot/retrotestgfs10/gdas.20241124/18//products/atmos/oznmon/time/bad_pen.2024112418.cptmp /lfs/h2/emc/ptmp/emc.global/RETRO_GFSv17/comroot/retrotestgfs10/gdas.20241124/18//products/atmos/oznmon/time/bad_pen.2024112418
+ cpfs[28]'[' 0 -ne 0 ']'
+ ozn_xtrct.sh[195]rm -f input
+ ozn_xtrct.sh[197]cat
+ ozn_xtrct.sh[212]echo 'oznmon_horiz.x HAS STARTED ompsnp_n21'
oznmon_horiz.x HAS STARTED ompsnp_n21
+ ozn_xtrct.sh[214]./oznmon_horiz.x
+ ozn_xtrct.sh[216]echo 'oznmon_horiz.x HAS ENDED ompsnp_n21'
oznmon_horiz.x HAS ENDED ompsnp_n21
+ ozn_xtrct.sh[218][[ ! -d /lfs/h2/emc/ptmp/emc.global/RETRO_GFSv17/comroot/retrotestgfs10/gdas.20241124/18//products/atmos/oznmon/horiz ]]
+ ozn_xtrct.sh[221]cpfs ompsnp_n21.anl.ctl /lfs/h2/emc/ptmp/emc.global/RETRO_GFSv17/comroot/retrotestgfs10/gdas.20241124/18//products/atmos/oznmon/horiz/
+ cpfs[3]'[' 2 -ne 2 ']'
+ cpfs[8]'[' /lfs/h2/emc/ptmp/emc.global/RETRO_GFSv17/comroot/retrotestgfs10/gdas.20241124/18//products/atmos/oznmon/horiz/ = . -o /lfs/h2/emc/ptmp/emc.global/RETRO_GFSv17/comroot/retrotestgfs10/gdas.20241124/18//products/atmos/oznmon/horiz/ = ./ ']'
+ cpfs[10]'[' -d /lfs/h2/emc/ptmp/emc.global/RETRO_GFSv17/comroot/retrotestgfs10/gdas.20241124/18//products/atmos/oznmon/horiz/ ']'
++ cpfs[11]basename ompsnp_n21.anl.ctl
+ cpfs[11]cpdstfile=/lfs/h2/emc/ptmp/emc.global/RETRO_GFSv17/comroot/retrotestgfs10/gdas.20241124/18//products/atmos/oznmon/horiz/ompsnp_n21.anl.ctl
+ cpfs[16]cp ompsnp_n21.anl.ctl /lfs/h2/emc/ptmp/emc.global/RETRO_GFSv17/comroot/retrotestgfs10/gdas.20241124/18//products/atmos/oznmon/horiz/ompsnp_n21.anl.ctl.cptmp
+ cpfs[18]'[' 0 -ne 0 ']'
+ cpfs[22]/apps/ops/prod/nco/core/prod_util.v2.0.9/exec/fsync_file /lfs/h2/emc/ptmp/emc.global/RETRO_GFSv17/comroot/retrotestgfs10/gdas.20241124/18//products/atmos/oznmon/horiz/ompsnp_n21.anl.ctl.cptmp
+ cpfs[23]'[' 0 -ne 0 ']'
+ cpfs[27]mv /lfs/h2/emc/ptmp/emc.global/RETRO_GFSv17/comroot/retrotestgfs10/gdas.20241124/18//products/atmos/oznmon/horiz/ompsnp_n21.anl.ctl.cptmp /lfs/h2/emc/ptmp/emc.global/RETRO_GFSv17/comroot/retrotestgfs10/gdas.20241124/18//products/atmos/oznmon/horiz/ompsnp_n21.anl.ctl
+ cpfs[28]'[' 0 -ne 0 ']'
+ ozn_xtrct.sh[223]gzip ompsnp_n21.anl.2024112418.ieee_d
+ ozn_xtrct.sh[224]cpfs ompsnp_n21.anl.2024112418.ieee_d.gz /lfs/h2/emc/ptmp/emc.global/RETRO_GFSv17/comroot/retrotestgfs10/gdas.20241124/18//products/atmos/oznmon/horiz/
+ cpfs[3]'[' 2 -ne 2 ']'
+ cpfs[8]'[' /lfs/h2/emc/ptmp/emc.global/RETRO_GFSv17/comroot/retrotestgfs10/gdas.20241124/18//products/atmos/oznmon/horiz/ = . -o /lfs/h2/emc/ptmp/emc.global/RETRO_GFSv17/comroot/retrotestgfs10/gdas.20241124/18//products/atmos/oznmon/horiz/ = ./ ']'
+ cpfs[10]'[' -d /lfs/h2/emc/ptmp/emc.global/RETRO_GFSv17/comroot/retrotestgfs10/gdas.20241124/18//products/atmos/oznmon/horiz/ ']'
++ cpfs[11]basename ompsnp_n21.anl.2024112418.ieee_d.gz
+ cpfs[11]cpdstfile=/lfs/h2/emc/ptmp/emc.global/RETRO_GFSv17/comroot/retrotestgfs10/gdas.20241124/18//products/atmos/oznmon/horiz/ompsnp_n21.anl.2024112418.ieee_d.gz
+ cpfs[16]cp ompsnp_n21.anl.2024112418.ieee_d.gz /lfs/h2/emc/ptmp/emc.global/RETRO_GFSv17/comroot/retrotestgfs10/gdas.20241124/18//products/atmos/oznmon/horiz/ompsnp_n21.anl.2024112418.ieee_d.gz.cptmp
+ cpfs[18]'[' 0 -ne 0 ']'
+ cpfs[22]/apps/ops/prod/nco/core/prod_util.v2.0.9/exec/fsync_file /lfs/h2/emc/ptmp/emc.global/RETRO_GFSv17/comroot/retrotestgfs10/gdas.20241124/18//products/atmos/oznmon/horiz/ompsnp_n21.anl.2024112418.ieee_d.gz.cptmp
+ cpfs[23]'[' 0 -ne 0 ']'
+ cpfs[27]mv /lfs/h2/emc/ptmp/emc.global/RETRO_GFSv17/comroot/retrotestgfs10/gdas.20241124/18//products/atmos/oznmon/horiz/ompsnp_n21.anl.2024112418.ieee_d.gz.cptmp /lfs/h2/emc/ptmp/emc.global/RETRO_GFSv17/comroot/retrotestgfs10/gdas.20241124/18//products/atmos/oznmon/horiz/ompsnp_n21.anl.2024112418.ieee_d.gz
+ cpfs[28]'[' 0 -ne 0 ']'
+ ozn_xtrct.sh[227]echo 'finished processing ptype, type:  anl, ompsnp_n21'
finished processing ptype, type:  anl, ompsnp_n21
+ ozn_xtrct.sh[145]for type in ${avail_satype}
+ ozn_xtrct.sh[146][[ -f diag_ompsnp_npp_anl.2024112418.gz ]]
+ ozn_xtrct.sh[147]mv diag_ompsnp_npp_anl.2024112418.gz ompsnp_npp.anl.gz
+ ozn_xtrct.sh[148]gunzip ./ompsnp_npp.anl.gz
+ gunzip[26]version='gunzip (gzip) 1.10
Copyright (C) 2007, 2011-2018 Free Software Foundation, Inc.
This is free software.  You may redistribute copies of it under the terms of
the GNU General Public License <https://www.gnu.org/licenses/gpl.html>.
There is NO WARRANTY, to the extent permitted by law.

Written by Paul Eggert.'
+ gunzip[50]usage='Usage: /usr/bin/gunzip [OPTION]... [FILE]...
Uncompress FILEs (by default, in-place).

Mandatory arguments to long options are mandatory for short options too.

  -c, --stdout      write on standard output, keep original files unchanged
  -f, --force       force overwrite of output file and compress links
  -k, --keep        keep (don'\''t delete) input files
  -l, --list        list compressed file contents
  -n, --no-name     do not save or restore the original name and timestamp
  -N, --name        save or restore the original name and timestamp
  -q, --quiet       suppress all warnings
  -r, --recursive   operate recursively on directories
  -S, --suffix=SUF  use suffix SUF on compressed files
      --synchronous synchronous output (safer if system crashes, but slower)
  -t, --test        test compressed file integrity
  -v, --verbose     verbose mode
      --help        display this help and exit
      --version     display version information and exit

With no FILE, or when FILE is -, read standard input.

Report bugs to <bug-gzip@gnu.org>.'
+ gunzip[52]case $1 in
+ gunzip[57]exec gzip -d ./ompsnp_npp.anl.gz
+ ozn_xtrct.sh[150]echo 'processing ptype, type:  anl, ompsnp_npp'
processing ptype, type:  anl, ompsnp_npp
+ ozn_xtrct.sh[151]rm -f input
+ ozn_xtrct.sh[153]cat
+ ozn_xtrct.sh[177]echo 'oznmon_time.x HAS STARTED ompsnp_npp'
oznmon_time.x HAS STARTED ompsnp_npp
+ ozn_xtrct.sh[179]./oznmon_time.x
+ ozn_xtrct.sh[181]echo 'oznmon_time.x HAS ENDED ompsnp_npp'
oznmon_time.x HAS ENDED ompsnp_npp
+ ozn_xtrct.sh[183][[ ! -d /lfs/h2/emc/ptmp/emc.global/RETRO_GFSv17/comroot/retrotestgfs10/gdas.20241124/18//products/atmos/oznmon/time ]]
+ ozn_xtrct.sh[186]cpfs ompsnp_npp.anl.ctl /lfs/h2/emc/ptmp/emc.global/RETRO_GFSv17/comroot/retrotestgfs10/gdas.20241124/18//products/atmos/oznmon/time/
+ cpfs[3]'[' 2 -ne 2 ']'
+ cpfs[8]'[' /lfs/h2/emc/ptmp/emc.global/RETRO_GFSv17/comroot/retrotestgfs10/gdas.20241124/18//products/atmos/oznmon/time/ = . -o /lfs/h2/emc/ptmp/emc.global/RETRO_GFSv17/comroot/retrotestgfs10/gdas.20241124/18//products/atmos/oznmon/time/ = ./ ']'
+ cpfs[10]'[' -d /lfs/h2/emc/ptmp/emc.global/RETRO_GFSv17/comroot/retrotestgfs10/gdas.20241124/18//products/atmos/oznmon/time/ ']'
++ cpfs[11]basename ompsnp_npp.anl.ctl
+ cpfs[11]cpdstfile=/lfs/h2/emc/ptmp/emc.global/RETRO_GFSv17/comroot/retrotestgfs10/gdas.20241124/18//products/atmos/oznmon/time/ompsnp_npp.anl.ctl
+ cpfs[16]cp ompsnp_npp.anl.ctl /lfs/h2/emc/ptmp/emc.global/RETRO_GFSv17/comroot/retrotestgfs10/gdas.20241124/18//products/atmos/oznmon/time/ompsnp_npp.anl.ctl.cptmp
+ cpfs[18]'[' 0 -ne 0 ']'
+ cpfs[22]/apps/ops/prod/nco/core/prod_util.v2.0.9/exec/fsync_file /lfs/h2/emc/ptmp/emc.global/RETRO_GFSv17/comroot/retrotestgfs10/gdas.20241124/18//products/atmos/oznmon/time/ompsnp_npp.anl.ctl.cptmp
+ cpfs[23]'[' 0 -ne 0 ']'
+ cpfs[27]mv /lfs/h2/emc/ptmp/emc.global/RETRO_GFSv17/comroot/retrotestgfs10/gdas.20241124/18//products/atmos/oznmon/time/ompsnp_npp.anl.ctl.cptmp /lfs/h2/emc/ptmp/emc.global/RETRO_GFSv17/comroot/retrotestgfs10/gdas.20241124/18//products/atmos/oznmon/time/ompsnp_npp.anl.ctl
+ cpfs[28]'[' 0 -ne 0 ']'
+ ozn_xtrct.sh[187]cpfs ompsnp_npp.anl.2024112418.ieee_d /lfs/h2/emc/ptmp/emc.global/RETRO_GFSv17/comroot/retrotestgfs10/gdas.20241124/18//products/atmos/oznmon/time/
+ cpfs[3]'[' 2 -ne 2 ']'
+ cpfs[8]'[' /lfs/h2/emc/ptmp/emc.global/RETRO_GFSv17/comroot/retrotestgfs10/gdas.20241124/18//products/atmos/oznmon/time/ = . -o /lfs/h2/emc/ptmp/emc.global/RETRO_GFSv17/comroot/retrotestgfs10/gdas.20241124/18//products/atmos/oznmon/time/ = ./ ']'
+ cpfs[10]'[' -d /lfs/h2/emc/ptmp/emc.global/RETRO_GFSv17/comroot/retrotestgfs10/gdas.20241124/18//products/atmos/oznmon/time/ ']'
++ cpfs[11]basename ompsnp_npp.anl.2024112418.ieee_d
+ cpfs[11]cpdstfile=/lfs/h2/emc/ptmp/emc.global/RETRO_GFSv17/comroot/retrotestgfs10/gdas.20241124/18//products/atmos/oznmon/time/ompsnp_npp.anl.2024112418.ieee_d
+ cpfs[16]cp ompsnp_npp.anl.2024112418.ieee_d /lfs/h2/emc/ptmp/emc.global/RETRO_GFSv17/comroot/retrotestgfs10/gdas.20241124/18//products/atmos/oznmon/time/ompsnp_npp.anl.2024112418.ieee_d.cptmp
+ cpfs[18]'[' 0 -ne 0 ']'
+ cpfs[22]/apps/ops/prod/nco/core/prod_util.v2.0.9/exec/fsync_file /lfs/h2/emc/ptmp/emc.global/RETRO_GFSv17/comroot/retrotestgfs10/gdas.20241124/18//products/atmos/oznmon/time/ompsnp_npp.anl.2024112418.ieee_d.cptmp
+ cpfs[23]'[' 0 -ne 0 ']'
+ cpfs[27]mv /lfs/h2/emc/ptmp/emc.global/RETRO_GFSv17/comroot/retrotestgfs10/gdas.20241124/18//products/atmos/oznmon/time/ompsnp_npp.anl.2024112418.ieee_d.cptmp /lfs/h2/emc/ptmp/emc.global/RETRO_GFSv17/comroot/retrotestgfs10/gdas.20241124/18//products/atmos/oznmon/time/ompsnp_npp.anl.2024112418.ieee_d
+ cpfs[28]'[' 0 -ne 0 ']'
+ ozn_xtrct.sh[189]compgen -G 'bad*'
+ ozn_xtrct.sh[190]for bad_file in bad*
+ ozn_xtrct.sh[191]cpfs bad_cnt.2024112418 /lfs/h2/emc/ptmp/emc.global/RETRO_GFSv17/comroot/retrotestgfs10/gdas.20241124/18//products/atmos/oznmon/time/
+ cpfs[3]'[' 2 -ne 2 ']'
+ cpfs[8]'[' /lfs/h2/emc/ptmp/emc.global/RETRO_GFSv17/comroot/retrotestgfs10/gdas.20241124/18//products/atmos/oznmon/time/ = . -o /lfs/h2/emc/ptmp/emc.global/RETRO_GFSv17/comroot/retrotestgfs10/gdas.20241124/18//products/atmos/oznmon/time/ = ./ ']'
+ cpfs[10]'[' -d /lfs/h2/emc/ptmp/emc.global/RETRO_GFSv17/comroot/retrotestgfs10/gdas.20241124/18//products/atmos/oznmon/time/ ']'
++ cpfs[11]basename bad_cnt.2024112418
+ cpfs[11]cpdstfile=/lfs/h2/emc/ptmp/emc.global/RETRO_GFSv17/comroot/retrotestgfs10/gdas.20241124/18//products/atmos/oznmon/time/bad_cnt.2024112418
+ cpfs[16]cp bad_cnt.2024112418 /lfs/h2/emc/ptmp/emc.global/RETRO_GFSv17/comroot/retrotestgfs10/gdas.20241124/18//products/atmos/oznmon/time/bad_cnt.2024112418.cptmp
+ cpfs[18]'[' 0 -ne 0 ']'
+ cpfs[22]/apps/ops/prod/nco/core/prod_util.v2.0.9/exec/fsync_file /lfs/h2/emc/ptmp/emc.global/RETRO_GFSv17/comroot/retrotestgfs10/gdas.20241124/18//products/atmos/oznmon/time/bad_cnt.2024112418.cptmp
+ cpfs[23]'[' 0 -ne 0 ']'
+ cpfs[27]mv /lfs/h2/emc/ptmp/emc.global/RETRO_GFSv17/comroot/retrotestgfs10/gdas.20241124/18//products/atmos/oznmon/time/bad_cnt.2024112418.cptmp /lfs/h2/emc/ptmp/emc.global/RETRO_GFSv17/comroot/retrotestgfs10/gdas.20241124/18//products/atmos/oznmon/time/bad_cnt.2024112418
+ cpfs[28]'[' 0 -ne 0 ']'
+ ozn_xtrct.sh[190]for bad_file in bad*
+ ozn_xtrct.sh[191]cpfs bad_diag.2024112418 /lfs/h2/emc/ptmp/emc.global/RETRO_GFSv17/comroot/retrotestgfs10/gdas.20241124/18//products/atmos/oznmon/time/
+ cpfs[3]'[' 2 -ne 2 ']'
+ cpfs[8]'[' /lfs/h2/emc/ptmp/emc.global/RETRO_GFSv17/comroot/retrotestgfs10/gdas.20241124/18//products/atmos/oznmon/time/ = . -o /lfs/h2/emc/ptmp/emc.global/RETRO_GFSv17/comroot/retrotestgfs10/gdas.20241124/18//products/atmos/oznmon/time/ = ./ ']'
+ cpfs[10]'[' -d /lfs/h2/emc/ptmp/emc.global/RETRO_GFSv17/comroot/retrotestgfs10/gdas.20241124/18//products/atmos/oznmon/time/ ']'
++ cpfs[11]basename bad_diag.2024112418
+ cpfs[11]cpdstfile=/lfs/h2/emc/ptmp/emc.global/RETRO_GFSv17/comroot/retrotestgfs10/gdas.20241124/18//products/atmos/oznmon/time/bad_diag.2024112418
+ cpfs[16]cp bad_diag.2024112418 /lfs/h2/emc/ptmp/emc.global/RETRO_GFSv17/comroot/retrotestgfs10/gdas.20241124/18//products/atmos/oznmon/time/bad_diag.2024112418.cptmp
+ cpfs[18]'[' 0 -ne 0 ']'
+ cpfs[22]/apps/ops/prod/nco/core/prod_util.v2.0.9/exec/fsync_file /lfs/h2/emc/ptmp/emc.global/RETRO_GFSv17/comroot/retrotestgfs10/gdas.20241124/18//products/atmos/oznmon/time/bad_diag.2024112418.cptmp
+ cpfs[23]'[' 0 -ne 0 ']'
+ cpfs[27]mv /lfs/h2/emc/ptmp/emc.global/RETRO_GFSv17/comroot/retrotestgfs10/gdas.20241124/18//products/atmos/oznmon/time/bad_diag.2024112418.cptmp /lfs/h2/emc/ptmp/emc.global/RETRO_GFSv17/comroot/retrotestgfs10/gdas.20241124/18//products/atmos/oznmon/time/bad_diag.2024112418
+ cpfs[28]'[' 0 -ne 0 ']'
+ ozn_xtrct.sh[190]for bad_file in bad*
+ ozn_xtrct.sh[191]cpfs bad_pen.2024112418 /lfs/h2/emc/ptmp/emc.global/RETRO_GFSv17/comroot/retrotestgfs10/gdas.20241124/18//products/atmos/oznmon/time/
+ cpfs[3]'[' 2 -ne 2 ']'
+ cpfs[8]'[' /lfs/h2/emc/ptmp/emc.global/RETRO_GFSv17/comroot/retrotestgfs10/gdas.20241124/18//products/atmos/oznmon/time/ = . -o /lfs/h2/emc/ptmp/emc.global/RETRO_GFSv17/comroot/retrotestgfs10/gdas.20241124/18//products/atmos/oznmon/time/ = ./ ']'
+ cpfs[10]'[' -d /lfs/h2/emc/ptmp/emc.global/RETRO_GFSv17/comroot/retrotestgfs10/gdas.20241124/18//products/atmos/oznmon/time/ ']'
++ cpfs[11]basename bad_pen.2024112418
+ cpfs[11]cpdstfile=/lfs/h2/emc/ptmp/emc.global/RETRO_GFSv17/comroot/retrotestgfs10/gdas.20241124/18//products/atmos/oznmon/time/bad_pen.2024112418
+ cpfs[16]cp bad_pen.2024112418 /lfs/h2/emc/ptmp/emc.global/RETRO_GFSv17/comroot/retrotestgfs10/gdas.20241124/18//products/atmos/oznmon/time/bad_pen.2024112418.cptmp
+ cpfs[18]'[' 0 -ne 0 ']'
+ cpfs[22]/apps/ops/prod/nco/core/prod_util.v2.0.9/exec/fsync_file /lfs/h2/emc/ptmp/emc.global/RETRO_GFSv17/comroot/retrotestgfs10/gdas.20241124/18//products/atmos/oznmon/time/bad_pen.2024112418.cptmp
+ cpfs[23]'[' 0 -ne 0 ']'
+ cpfs[27]mv /lfs/h2/emc/ptmp/emc.global/RETRO_GFSv17/comroot/retrotestgfs10/gdas.20241124/18//products/atmos/oznmon/time/bad_pen.2024112418.cptmp /lfs/h2/emc/ptmp/emc.global/RETRO_GFSv17/comroot/retrotestgfs10/gdas.20241124/18//products/atmos/oznmon/time/bad_pen.2024112418
+ cpfs[28]'[' 0 -ne 0 ']'
+ ozn_xtrct.sh[195]rm -f input
+ ozn_xtrct.sh[197]cat
+ ozn_xtrct.sh[212]echo 'oznmon_horiz.x HAS STARTED ompsnp_npp'
oznmon_horiz.x HAS STARTED ompsnp_npp
+ ozn_xtrct.sh[214]./oznmon_horiz.x
+ ozn_xtrct.sh[216]echo 'oznmon_horiz.x HAS ENDED ompsnp_npp'
oznmon_horiz.x HAS ENDED ompsnp_npp
+ ozn_xtrct.sh[218][[ ! -d /lfs/h2/emc/ptmp/emc.global/RETRO_GFSv17/comroot/retrotestgfs10/gdas.20241124/18//products/atmos/oznmon/horiz ]]
+ ozn_xtrct.sh[221]cpfs ompsnp_npp.anl.ctl /lfs/h2/emc/ptmp/emc.global/RETRO_GFSv17/comroot/retrotestgfs10/gdas.20241124/18//products/atmos/oznmon/horiz/
+ cpfs[3]'[' 2 -ne 2 ']'
+ cpfs[8]'[' /lfs/h2/emc/ptmp/emc.global/RETRO_GFSv17/comroot/retrotestgfs10/gdas.20241124/18//products/atmos/oznmon/horiz/ = . -o /lfs/h2/emc/ptmp/emc.global/RETRO_GFSv17/comroot/retrotestgfs10/gdas.20241124/18//products/atmos/oznmon/horiz/ = ./ ']'
+ cpfs[10]'[' -d /lfs/h2/emc/ptmp/emc.global/RETRO_GFSv17/comroot/retrotestgfs10/gdas.20241124/18//products/atmos/oznmon/horiz/ ']'
++ cpfs[11]basename ompsnp_npp.anl.ctl
+ cpfs[11]cpdstfile=/lfs/h2/emc/ptmp/emc.global/RETRO_GFSv17/comroot/retrotestgfs10/gdas.20241124/18//products/atmos/oznmon/horiz/ompsnp_npp.anl.ctl
+ cpfs[16]cp ompsnp_npp.anl.ctl /lfs/h2/emc/ptmp/emc.global/RETRO_GFSv17/comroot/retrotestgfs10/gdas.20241124/18//products/atmos/oznmon/horiz/ompsnp_npp.anl.ctl.cptmp
+ cpfs[18]'[' 0 -ne 0 ']'
+ cpfs[22]/apps/ops/prod/nco/core/prod_util.v2.0.9/exec/fsync_file /lfs/h2/emc/ptmp/emc.global/RETRO_GFSv17/comroot/retrotestgfs10/gdas.20241124/18//products/atmos/oznmon/horiz/ompsnp_npp.anl.ctl.cptmp
+ cpfs[23]'[' 0 -ne 0 ']'
+ cpfs[27]mv /lfs/h2/emc/ptmp/emc.global/RETRO_GFSv17/comroot/retrotestgfs10/gdas.20241124/18//products/atmos/oznmon/horiz/ompsnp_npp.anl.ctl.cptmp /lfs/h2/emc/ptmp/emc.global/RETRO_GFSv17/comroot/retrotestgfs10/gdas.20241124/18//products/atmos/oznmon/horiz/ompsnp_npp.anl.ctl
+ cpfs[28]'[' 0 -ne 0 ']'
+ ozn_xtrct.sh[223]gzip ompsnp_npp.anl.2024112418.ieee_d
+ ozn_xtrct.sh[224]cpfs ompsnp_npp.anl.2024112418.ieee_d.gz /lfs/h2/emc/ptmp/emc.global/RETRO_GFSv17/comroot/retrotestgfs10/gdas.20241124/18//products/atmos/oznmon/horiz/
+ cpfs[3]'[' 2 -ne 2 ']'
+ cpfs[8]'[' /lfs/h2/emc/ptmp/emc.global/RETRO_GFSv17/comroot/retrotestgfs10/gdas.20241124/18//products/atmos/oznmon/horiz/ = . -o /lfs/h2/emc/ptmp/emc.global/RETRO_GFSv17/comroot/retrotestgfs10/gdas.20241124/18//products/atmos/oznmon/horiz/ = ./ ']'
+ cpfs[10]'[' -d /lfs/h2/emc/ptmp/emc.global/RETRO_GFSv17/comroot/retrotestgfs10/gdas.20241124/18//products/atmos/oznmon/horiz/ ']'
++ cpfs[11]basename ompsnp_npp.anl.2024112418.ieee_d.gz
+ cpfs[11]cpdstfile=/lfs/h2/emc/ptmp/emc.global/RETRO_GFSv17/comroot/retrotestgfs10/gdas.20241124/18//products/atmos/oznmon/horiz/ompsnp_npp.anl.2024112418.ieee_d.gz
+ cpfs[16]cp ompsnp_npp.anl.2024112418.ieee_d.gz /lfs/h2/emc/ptmp/emc.global/RETRO_GFSv17/comroot/retrotestgfs10/gdas.20241124/18//products/atmos/oznmon/horiz/ompsnp_npp.anl.2024112418.ieee_d.gz.cptmp
+ cpfs[18]'[' 0 -ne 0 ']'
+ cpfs[22]/apps/ops/prod/nco/core/prod_util.v2.0.9/exec/fsync_file /lfs/h2/emc/ptmp/emc.global/RETRO_GFSv17/comroot/retrotestgfs10/gdas.20241124/18//products/atmos/oznmon/horiz/ompsnp_npp.anl.2024112418.ieee_d.gz.cptmp
+ cpfs[23]'[' 0 -ne 0 ']'
+ cpfs[27]mv /lfs/h2/emc/ptmp/emc.global/RETRO_GFSv17/comroot/retrotestgfs10/gdas.20241124/18//products/atmos/oznmon/horiz/ompsnp_npp.anl.2024112418.ieee_d.gz.cptmp /lfs/h2/emc/ptmp/emc.global/RETRO_GFSv17/comroot/retrotestgfs10/gdas.20241124/18//products/atmos/oznmon/horiz/ompsnp_npp.anl.2024112418.ieee_d.gz
+ cpfs[28]'[' 0 -ne 0 ']'
+ ozn_xtrct.sh[227]echo 'finished processing ptype, type:  anl, ompsnp_npp'
finished processing ptype, type:  anl, ompsnp_npp
+ ozn_xtrct.sh[145]for type in ${avail_satype}
+ ozn_xtrct.sh[146][[ -f diag_ompstc8_n20_anl.2024112418.gz ]]
+ ozn_xtrct.sh[147]mv diag_ompstc8_n20_anl.2024112418.gz ompstc8_n20.anl.gz
+ ozn_xtrct.sh[148]gunzip ./ompstc8_n20.anl.gz
+ gunzip[26]version='gunzip (gzip) 1.10
Copyright (C) 2007, 2011-2018 Free Software Foundation, Inc.
This is free software.  You may redistribute copies of it under the terms of
the GNU General Public License <https://www.gnu.org/licenses/gpl.html>.
There is NO WARRANTY, to the extent permitted by law.

Written by Paul Eggert.'
+ gunzip[50]usage='Usage: /usr/bin/gunzip [OPTION]... [FILE]...
Uncompress FILEs (by default, in-place).

Mandatory arguments to long options are mandatory for short options too.

  -c, --stdout      write on standard output, keep original files unchanged
  -f, --force       force overwrite of output file and compress links
  -k, --keep        keep (don'\''t delete) input files
  -l, --list        list compressed file contents
  -n, --no-name     do not save or restore the original name and timestamp
  -N, --name        save or restore the original name and timestamp
  -q, --quiet       suppress all warnings
  -r, --recursive   operate recursively on directories
  -S, --suffix=SUF  use suffix SUF on compressed files
      --synchronous synchronous output (safer if system crashes, but slower)
  -t, --test        test compressed file integrity
  -v, --verbose     verbose mode
      --help        display this help and exit
      --version     display version information and exit

With no FILE, or when FILE is -, read standard input.

Report bugs to <bug-gzip@gnu.org>.'
+ gunzip[52]case $1 in
+ gunzip[57]exec gzip -d ./ompstc8_n20.anl.gz
+ ozn_xtrct.sh[150]echo 'processing ptype, type:  anl, ompstc8_n20'
processing ptype, type:  anl, ompstc8_n20
+ ozn_xtrct.sh[151]rm -f input
+ ozn_xtrct.sh[153]cat
+ ozn_xtrct.sh[177]echo 'oznmon_time.x HAS STARTED ompstc8_n20'
oznmon_time.x HAS STARTED ompstc8_n20
+ ozn_xtrct.sh[179]./oznmon_time.x
+ ozn_xtrct.sh[181]echo 'oznmon_time.x HAS ENDED ompstc8_n20'
oznmon_time.x HAS ENDED ompstc8_n20
+ ozn_xtrct.sh[183][[ ! -d /lfs/h2/emc/ptmp/emc.global/RETRO_GFSv17/comroot/retrotestgfs10/gdas.20241124/18//products/atmos/oznmon/time ]]
+ ozn_xtrct.sh[186]cpfs ompstc8_n20.anl.ctl /lfs/h2/emc/ptmp/emc.global/RETRO_GFSv17/comroot/retrotestgfs10/gdas.20241124/18//products/atmos/oznmon/time/
+ cpfs[3]'[' 2 -ne 2 ']'
+ cpfs[8]'[' /lfs/h2/emc/ptmp/emc.global/RETRO_GFSv17/comroot/retrotestgfs10/gdas.20241124/18//products/atmos/oznmon/time/ = . -o /lfs/h2/emc/ptmp/emc.global/RETRO_GFSv17/comroot/retrotestgfs10/gdas.20241124/18//products/atmos/oznmon/time/ = ./ ']'
+ cpfs[10]'[' -d /lfs/h2/emc/ptmp/emc.global/RETRO_GFSv17/comroot/retrotestgfs10/gdas.20241124/18//products/atmos/oznmon/time/ ']'
++ cpfs[11]basename ompstc8_n20.anl.ctl
+ cpfs[11]cpdstfile=/lfs/h2/emc/ptmp/emc.global/RETRO_GFSv17/comroot/retrotestgfs10/gdas.20241124/18//products/atmos/oznmon/time/ompstc8_n20.anl.ctl
+ cpfs[16]cp ompstc8_n20.anl.ctl /lfs/h2/emc/ptmp/emc.global/RETRO_GFSv17/comroot/retrotestgfs10/gdas.20241124/18//products/atmos/oznmon/time/ompstc8_n20.anl.ctl.cptmp
+ cpfs[18]'[' 0 -ne 0 ']'
+ cpfs[22]/apps/ops/prod/nco/core/prod_util.v2.0.9/exec/fsync_file /lfs/h2/emc/ptmp/emc.global/RETRO_GFSv17/comroot/retrotestgfs10/gdas.20241124/18//products/atmos/oznmon/time/ompstc8_n20.anl.ctl.cptmp
+ cpfs[23]'[' 0 -ne 0 ']'
+ cpfs[27]mv /lfs/h2/emc/ptmp/emc.global/RETRO_GFSv17/comroot/retrotestgfs10/gdas.20241124/18//products/atmos/oznmon/time/ompstc8_n20.anl.ctl.cptmp /lfs/h2/emc/ptmp/emc.global/RETRO_GFSv17/comroot/retrotestgfs10/gdas.20241124/18//products/atmos/oznmon/time/ompstc8_n20.anl.ctl
+ cpfs[28]'[' 0 -ne 0 ']'
+ ozn_xtrct.sh[187]cpfs ompstc8_n20.anl.2024112418.ieee_d /lfs/h2/emc/ptmp/emc.global/RETRO_GFSv17/comroot/retrotestgfs10/gdas.20241124/18//products/atmos/oznmon/time/
+ cpfs[3]'[' 2 -ne 2 ']'
+ cpfs[8]'[' /lfs/h2/emc/ptmp/emc.global/RETRO_GFSv17/comroot/retrotestgfs10/gdas.20241124/18//products/atmos/oznmon/time/ = . -o /lfs/h2/emc/ptmp/emc.global/RETRO_GFSv17/comroot/retrotestgfs10/gdas.20241124/18//products/atmos/oznmon/time/ = ./ ']'
+ cpfs[10]'[' -d /lfs/h2/emc/ptmp/emc.global/RETRO_GFSv17/comroot/retrotestgfs10/gdas.20241124/18//products/atmos/oznmon/time/ ']'
++ cpfs[11]basename ompstc8_n20.anl.2024112418.ieee_d
+ cpfs[11]cpdstfile=/lfs/h2/emc/ptmp/emc.global/RETRO_GFSv17/comroot/retrotestgfs10/gdas.20241124/18//products/atmos/oznmon/time/ompstc8_n20.anl.2024112418.ieee_d
+ cpfs[16]cp ompstc8_n20.anl.2024112418.ieee_d /lfs/h2/emc/ptmp/emc.global/RETRO_GFSv17/comroot/retrotestgfs10/gdas.20241124/18//products/atmos/oznmon/time/ompstc8_n20.anl.2024112418.ieee_d.cptmp
+ cpfs[18]'[' 0 -ne 0 ']'
+ cpfs[22]/apps/ops/prod/nco/core/prod_util.v2.0.9/exec/fsync_file /lfs/h2/emc/ptmp/emc.global/RETRO_GFSv17/comroot/retrotestgfs10/gdas.20241124/18//products/atmos/oznmon/time/ompstc8_n20.anl.2024112418.ieee_d.cptmp
+ cpfs[23]'[' 0 -ne 0 ']'
+ cpfs[27]mv /lfs/h2/emc/ptmp/emc.global/RETRO_GFSv17/comroot/retrotestgfs10/gdas.20241124/18//products/atmos/oznmon/time/ompstc8_n20.anl.2024112418.ieee_d.cptmp /lfs/h2/emc/ptmp/emc.global/RETRO_GFSv17/comroot/retrotestgfs10/gdas.20241124/18//products/atmos/oznmon/time/ompstc8_n20.anl.2024112418.ieee_d
+ cpfs[28]'[' 0 -ne 0 ']'
+ ozn_xtrct.sh[189]compgen -G 'bad*'
+ ozn_xtrct.sh[190]for bad_file in bad*
+ ozn_xtrct.sh[191]cpfs bad_cnt.2024112418 /lfs/h2/emc/ptmp/emc.global/RETRO_GFSv17/comroot/retrotestgfs10/gdas.20241124/18//products/atmos/oznmon/time/
+ cpfs[3]'[' 2 -ne 2 ']'
+ cpfs[8]'[' /lfs/h2/emc/ptmp/emc.global/RETRO_GFSv17/comroot/retrotestgfs10/gdas.20241124/18//products/atmos/oznmon/time/ = . -o /lfs/h2/emc/ptmp/emc.global/RETRO_GFSv17/comroot/retrotestgfs10/gdas.20241124/18//products/atmos/oznmon/time/ = ./ ']'
+ cpfs[10]'[' -d /lfs/h2/emc/ptmp/emc.global/RETRO_GFSv17/comroot/retrotestgfs10/gdas.20241124/18//products/atmos/oznmon/time/ ']'
++ cpfs[11]basename bad_cnt.2024112418
+ cpfs[11]cpdstfile=/lfs/h2/emc/ptmp/emc.global/RETRO_GFSv17/comroot/retrotestgfs10/gdas.20241124/18//products/atmos/oznmon/time/bad_cnt.2024112418
+ cpfs[16]cp bad_cnt.2024112418 /lfs/h2/emc/ptmp/emc.global/RETRO_GFSv17/comroot/retrotestgfs10/gdas.20241124/18//products/atmos/oznmon/time/bad_cnt.2024112418.cptmp
+ cpfs[18]'[' 0 -ne 0 ']'
+ cpfs[22]/apps/ops/prod/nco/core/prod_util.v2.0.9/exec/fsync_file /lfs/h2/emc/ptmp/emc.global/RETRO_GFSv17/comroot/retrotestgfs10/gdas.20241124/18//products/atmos/oznmon/time/bad_cnt.2024112418.cptmp
+ cpfs[23]'[' 0 -ne 0 ']'
+ cpfs[27]mv /lfs/h2/emc/ptmp/emc.global/RETRO_GFSv17/comroot/retrotestgfs10/gdas.20241124/18//products/atmos/oznmon/time/bad_cnt.2024112418.cptmp /lfs/h2/emc/ptmp/emc.global/RETRO_GFSv17/comroot/retrotestgfs10/gdas.20241124/18//products/atmos/oznmon/time/bad_cnt.2024112418
+ cpfs[28]'[' 0 -ne 0 ']'
+ ozn_xtrct.sh[190]for bad_file in bad*
+ ozn_xtrct.sh[191]cpfs bad_diag.2024112418 /lfs/h2/emc/ptmp/emc.global/RETRO_GFSv17/comroot/retrotestgfs10/gdas.20241124/18//products/atmos/oznmon/time/
+ cpfs[3]'[' 2 -ne 2 ']'
+ cpfs[8]'[' /lfs/h2/emc/ptmp/emc.global/RETRO_GFSv17/comroot/retrotestgfs10/gdas.20241124/18//products/atmos/oznmon/time/ = . -o /lfs/h2/emc/ptmp/emc.global/RETRO_GFSv17/comroot/retrotestgfs10/gdas.20241124/18//products/atmos/oznmon/time/ = ./ ']'
+ cpfs[10]'[' -d /lfs/h2/emc/ptmp/emc.global/RETRO_GFSv17/comroot/retrotestgfs10/gdas.20241124/18//products/atmos/oznmon/time/ ']'
++ cpfs[11]basename bad_diag.2024112418
+ cpfs[11]cpdstfile=/lfs/h2/emc/ptmp/emc.global/RETRO_GFSv17/comroot/retrotestgfs10/gdas.20241124/18//products/atmos/oznmon/time/bad_diag.2024112418
+ cpfs[16]cp bad_diag.2024112418 /lfs/h2/emc/ptmp/emc.global/RETRO_GFSv17/comroot/retrotestgfs10/gdas.20241124/18//products/atmos/oznmon/time/bad_diag.2024112418.cptmp
+ cpfs[18]'[' 0 -ne 0 ']'
+ cpfs[22]/apps/ops/prod/nco/core/prod_util.v2.0.9/exec/fsync_file /lfs/h2/emc/ptmp/emc.global/RETRO_GFSv17/comroot/retrotestgfs10/gdas.20241124/18//products/atmos/oznmon/time/bad_diag.2024112418.cptmp
+ cpfs[23]'[' 0 -ne 0 ']'
+ cpfs[27]mv /lfs/h2/emc/ptmp/emc.global/RETRO_GFSv17/comroot/retrotestgfs10/gdas.20241124/18//products/atmos/oznmon/time/bad_diag.2024112418.cptmp /lfs/h2/emc/ptmp/emc.global/RETRO_GFSv17/comroot/retrotestgfs10/gdas.20241124/18//products/atmos/oznmon/time/bad_diag.2024112418
+ cpfs[28]'[' 0 -ne 0 ']'
+ ozn_xtrct.sh[190]for bad_file in bad*
+ ozn_xtrct.sh[191]cpfs bad_pen.2024112418 /lfs/h2/emc/ptmp/emc.global/RETRO_GFSv17/comroot/retrotestgfs10/gdas.20241124/18//products/atmos/oznmon/time/
+ cpfs[3]'[' 2 -ne 2 ']'
+ cpfs[8]'[' /lfs/h2/emc/ptmp/emc.global/RETRO_GFSv17/comroot/retrotestgfs10/gdas.20241124/18//products/atmos/oznmon/time/ = . -o /lfs/h2/emc/ptmp/emc.global/RETRO_GFSv17/comroot/retrotestgfs10/gdas.20241124/18//products/atmos/oznmon/time/ = ./ ']'
+ cpfs[10]'[' -d /lfs/h2/emc/ptmp/emc.global/RETRO_GFSv17/comroot/retrotestgfs10/gdas.20241124/18//products/atmos/oznmon/time/ ']'
++ cpfs[11]basename bad_pen.2024112418
+ cpfs[11]cpdstfile=/lfs/h2/emc/ptmp/emc.global/RETRO_GFSv17/comroot/retrotestgfs10/gdas.20241124/18//products/atmos/oznmon/time/bad_pen.2024112418
+ cpfs[16]cp bad_pen.2024112418 /lfs/h2/emc/ptmp/emc.global/RETRO_GFSv17/comroot/retrotestgfs10/gdas.20241124/18//products/atmos/oznmon/time/bad_pen.2024112418.cptmp
+ cpfs[18]'[' 0 -ne 0 ']'
+ cpfs[22]/apps/ops/prod/nco/core/prod_util.v2.0.9/exec/fsync_file /lfs/h2/emc/ptmp/emc.global/RETRO_GFSv17/comroot/retrotestgfs10/gdas.20241124/18//products/atmos/oznmon/time/bad_pen.2024112418.cptmp
+ cpfs[23]'[' 0 -ne 0 ']'
+ cpfs[27]mv /lfs/h2/emc/ptmp/emc.global/RETRO_GFSv17/comroot/retrotestgfs10/gdas.20241124/18//products/atmos/oznmon/time/bad_pen.2024112418.cptmp /lfs/h2/emc/ptmp/emc.global/RETRO_GFSv17/comroot/retrotestgfs10/gdas.20241124/18//products/atmos/oznmon/time/bad_pen.2024112418
+ cpfs[28]'[' 0 -ne 0 ']'
+ ozn_xtrct.sh[195]rm -f input
+ ozn_xtrct.sh[197]cat
+ ozn_xtrct.sh[212]echo 'oznmon_horiz.x HAS STARTED ompstc8_n20'
oznmon_horiz.x HAS STARTED ompstc8_n20
+ ozn_xtrct.sh[214]./oznmon_horiz.x
+ ozn_xtrct.sh[216]echo 'oznmon_horiz.x HAS ENDED ompstc8_n20'
oznmon_horiz.x HAS ENDED ompstc8_n20
+ ozn_xtrct.sh[218][[ ! -d /lfs/h2/emc/ptmp/emc.global/RETRO_GFSv17/comroot/retrotestgfs10/gdas.20241124/18//products/atmos/oznmon/horiz ]]
+ ozn_xtrct.sh[221]cpfs ompstc8_n20.anl.ctl /lfs/h2/emc/ptmp/emc.global/RETRO_GFSv17/comroot/retrotestgfs10/gdas.20241124/18//products/atmos/oznmon/horiz/
+ cpfs[3]'[' 2 -ne 2 ']'
+ cpfs[8]'[' /lfs/h2/emc/ptmp/emc.global/RETRO_GFSv17/comroot/retrotestgfs10/gdas.20241124/18//products/atmos/oznmon/horiz/ = . -o /lfs/h2/emc/ptmp/emc.global/RETRO_GFSv17/comroot/retrotestgfs10/gdas.20241124/18//products/atmos/oznmon/horiz/ = ./ ']'
+ cpfs[10]'[' -d /lfs/h2/emc/ptmp/emc.global/RETRO_GFSv17/comroot/retrotestgfs10/gdas.20241124/18//products/atmos/oznmon/horiz/ ']'
++ cpfs[11]basename ompstc8_n20.anl.ctl
+ cpfs[11]cpdstfile=/lfs/h2/emc/ptmp/emc.global/RETRO_GFSv17/comroot/retrotestgfs10/gdas.20241124/18//products/atmos/oznmon/horiz/ompstc8_n20.anl.ctl
+ cpfs[16]cp ompstc8_n20.anl.ctl /lfs/h2/emc/ptmp/emc.global/RETRO_GFSv17/comroot/retrotestgfs10/gdas.20241124/18//products/atmos/oznmon/horiz/ompstc8_n20.anl.ctl.cptmp
+ cpfs[18]'[' 0 -ne 0 ']'
+ cpfs[22]/apps/ops/prod/nco/core/prod_util.v2.0.9/exec/fsync_file /lfs/h2/emc/ptmp/emc.global/RETRO_GFSv17/comroot/retrotestgfs10/gdas.20241124/18//products/atmos/oznmon/horiz/ompstc8_n20.anl.ctl.cptmp
+ cpfs[23]'[' 0 -ne 0 ']'
+ cpfs[27]mv /lfs/h2/emc/ptmp/emc.global/RETRO_GFSv17/comroot/retrotestgfs10/gdas.20241124/18//products/atmos/oznmon/horiz/ompstc8_n20.anl.ctl.cptmp /lfs/h2/emc/ptmp/emc.global/RETRO_GFSv17/comroot/retrotestgfs10/gdas.20241124/18//products/atmos/oznmon/horiz/ompstc8_n20.anl.ctl
+ cpfs[28]'[' 0 -ne 0 ']'
+ ozn_xtrct.sh[223]gzip ompstc8_n20.anl.2024112418.ieee_d
+ ozn_xtrct.sh[224]cpfs ompstc8_n20.anl.2024112418.ieee_d.gz /lfs/h2/emc/ptmp/emc.global/RETRO_GFSv17/comroot/retrotestgfs10/gdas.20241124/18//products/atmos/oznmon/horiz/
+ cpfs[3]'[' 2 -ne 2 ']'
+ cpfs[8]'[' /lfs/h2/emc/ptmp/emc.global/RETRO_GFSv17/comroot/retrotestgfs10/gdas.20241124/18//products/atmos/oznmon/horiz/ = . -o /lfs/h2/emc/ptmp/emc.global/RETRO_GFSv17/comroot/retrotestgfs10/gdas.20241124/18//products/atmos/oznmon/horiz/ = ./ ']'
+ cpfs[10]'[' -d /lfs/h2/emc/ptmp/emc.global/RETRO_GFSv17/comroot/retrotestgfs10/gdas.20241124/18//products/atmos/oznmon/horiz/ ']'
++ cpfs[11]basename ompstc8_n20.anl.2024112418.ieee_d.gz
+ cpfs[11]cpdstfile=/lfs/h2/emc/ptmp/emc.global/RETRO_GFSv17/comroot/retrotestgfs10/gdas.20241124/18//products/atmos/oznmon/horiz/ompstc8_n20.anl.2024112418.ieee_d.gz
+ cpfs[16]cp ompstc8_n20.anl.2024112418.ieee_d.gz /lfs/h2/emc/ptmp/emc.global/RETRO_GFSv17/comroot/retrotestgfs10/gdas.20241124/18//products/atmos/oznmon/horiz/ompstc8_n20.anl.2024112418.ieee_d.gz.cptmp
+ cpfs[18]'[' 0 -ne 0 ']'
+ cpfs[22]/apps/ops/prod/nco/core/prod_util.v2.0.9/exec/fsync_file /lfs/h2/emc/ptmp/emc.global/RETRO_GFSv17/comroot/retrotestgfs10/gdas.20241124/18//products/atmos/oznmon/horiz/ompstc8_n20.anl.2024112418.ieee_d.gz.cptmp
+ cpfs[23]'[' 0 -ne 0 ']'
+ cpfs[27]mv /lfs/h2/emc/ptmp/emc.global/RETRO_GFSv17/comroot/retrotestgfs10/gdas.20241124/18//products/atmos/oznmon/horiz/ompstc8_n20.anl.2024112418.ieee_d.gz.cptmp /lfs/h2/emc/ptmp/emc.global/RETRO_GFSv17/comroot/retrotestgfs10/gdas.20241124/18//products/atmos/oznmon/horiz/ompstc8_n20.anl.2024112418.ieee_d.gz
+ cpfs[28]'[' 0 -ne 0 ']'
+ ozn_xtrct.sh[227]echo 'finished processing ptype, type:  anl, ompstc8_n20'
finished processing ptype, type:  anl, ompstc8_n20
+ ozn_xtrct.sh[145]for type in ${avail_satype}
+ ozn_xtrct.sh[146][[ -f diag_ompstc8_n21_anl.2024112418.gz ]]
+ ozn_xtrct.sh[147]mv diag_ompstc8_n21_anl.2024112418.gz ompstc8_n21.anl.gz
+ ozn_xtrct.sh[148]gunzip ./ompstc8_n21.anl.gz
+ gunzip[26]version='gunzip (gzip) 1.10
Copyright (C) 2007, 2011-2018 Free Software Foundation, Inc.
This is free software.  You may redistribute copies of it under the terms of
the GNU General Public License <https://www.gnu.org/licenses/gpl.html>.
There is NO WARRANTY, to the extent permitted by law.

Written by Paul Eggert.'
+ gunzip[50]usage='Usage: /usr/bin/gunzip [OPTION]... [FILE]...
Uncompress FILEs (by default, in-place).

Mandatory arguments to long options are mandatory for short options too.

  -c, --stdout      write on standard output, keep original files unchanged
  -f, --force       force overwrite of output file and compress links
  -k, --keep        keep (don'\''t delete) input files
  -l, --list        list compressed file contents
  -n, --no-name     do not save or restore the original name and timestamp
  -N, --name        save or restore the original name and timestamp
  -q, --quiet       suppress all warnings
  -r, --recursive   operate recursively on directories
  -S, --suffix=SUF  use suffix SUF on compressed files
      --synchronous synchronous output (safer if system crashes, but slower)
  -t, --test        test compressed file integrity
  -v, --verbose     verbose mode
      --help        display this help and exit
      --version     display version information and exit

With no FILE, or when FILE is -, read standard input.

Report bugs to <bug-gzip@gnu.org>.'
+ gunzip[52]case $1 in
+ gunzip[57]exec gzip -d ./ompstc8_n21.anl.gz
+ ozn_xtrct.sh[150]echo 'processing ptype, type:  anl, ompstc8_n21'
processing ptype, type:  anl, ompstc8_n21
+ ozn_xtrct.sh[151]rm -f input
+ ozn_xtrct.sh[153]cat
+ ozn_xtrct.sh[177]echo 'oznmon_time.x HAS STARTED ompstc8_n21'
oznmon_time.x HAS STARTED ompstc8_n21
+ ozn_xtrct.sh[179]./oznmon_time.x
+ ozn_xtrct.sh[181]echo 'oznmon_time.x HAS ENDED ompstc8_n21'
oznmon_time.x HAS ENDED ompstc8_n21
+ ozn_xtrct.sh[183][[ ! -d /lfs/h2/emc/ptmp/emc.global/RETRO_GFSv17/comroot/retrotestgfs10/gdas.20241124/18//products/atmos/oznmon/time ]]
+ ozn_xtrct.sh[186]cpfs ompstc8_n21.anl.ctl /lfs/h2/emc/ptmp/emc.global/RETRO_GFSv17/comroot/retrotestgfs10/gdas.20241124/18//products/atmos/oznmon/time/
+ cpfs[3]'[' 2 -ne 2 ']'
+ cpfs[8]'[' /lfs/h2/emc/ptmp/emc.global/RETRO_GFSv17/comroot/retrotestgfs10/gdas.20241124/18//products/atmos/oznmon/time/ = . -o /lfs/h2/emc/ptmp/emc.global/RETRO_GFSv17/comroot/retrotestgfs10/gdas.20241124/18//products/atmos/oznmon/time/ = ./ ']'
+ cpfs[10]'[' -d /lfs/h2/emc/ptmp/emc.global/RETRO_GFSv17/comroot/retrotestgfs10/gdas.20241124/18//products/atmos/oznmon/time/ ']'
++ cpfs[11]basename ompstc8_n21.anl.ctl
+ cpfs[11]cpdstfile=/lfs/h2/emc/ptmp/emc.global/RETRO_GFSv17/comroot/retrotestgfs10/gdas.20241124/18//products/atmos/oznmon/time/ompstc8_n21.anl.ctl
+ cpfs[16]cp ompstc8_n21.anl.ctl /lfs/h2/emc/ptmp/emc.global/RETRO_GFSv17/comroot/retrotestgfs10/gdas.20241124/18//products/atmos/oznmon/time/ompstc8_n21.anl.ctl.cptmp
+ cpfs[18]'[' 0 -ne 0 ']'
+ cpfs[22]/apps/ops/prod/nco/core/prod_util.v2.0.9/exec/fsync_file /lfs/h2/emc/ptmp/emc.global/RETRO_GFSv17/comroot/retrotestgfs10/gdas.20241124/18//products/atmos/oznmon/time/ompstc8_n21.anl.ctl.cptmp
+ cpfs[23]'[' 0 -ne 0 ']'
+ cpfs[27]mv /lfs/h2/emc/ptmp/emc.global/RETRO_GFSv17/comroot/retrotestgfs10/gdas.20241124/18//products/atmos/oznmon/time/ompstc8_n21.anl.ctl.cptmp /lfs/h2/emc/ptmp/emc.global/RETRO_GFSv17/comroot/retrotestgfs10/gdas.20241124/18//products/atmos/oznmon/time/ompstc8_n21.anl.ctl
+ cpfs[28]'[' 0 -ne 0 ']'
+ ozn_xtrct.sh[187]cpfs ompstc8_n21.anl.2024112418.ieee_d /lfs/h2/emc/ptmp/emc.global/RETRO_GFSv17/comroot/retrotestgfs10/gdas.20241124/18//products/atmos/oznmon/time/
+ cpfs[3]'[' 2 -ne 2 ']'
+ cpfs[8]'[' /lfs/h2/emc/ptmp/emc.global/RETRO_GFSv17/comroot/retrotestgfs10/gdas.20241124/18//products/atmos/oznmon/time/ = . -o /lfs/h2/emc/ptmp/emc.global/RETRO_GFSv17/comroot/retrotestgfs10/gdas.20241124/18//products/atmos/oznmon/time/ = ./ ']'
+ cpfs[10]'[' -d /lfs/h2/emc/ptmp/emc.global/RETRO_GFSv17/comroot/retrotestgfs10/gdas.20241124/18//products/atmos/oznmon/time/ ']'
++ cpfs[11]basename ompstc8_n21.anl.2024112418.ieee_d
+ cpfs[11]cpdstfile=/lfs/h2/emc/ptmp/emc.global/RETRO_GFSv17/comroot/retrotestgfs10/gdas.20241124/18//products/atmos/oznmon/time/ompstc8_n21.anl.2024112418.ieee_d
+ cpfs[16]cp ompstc8_n21.anl.2024112418.ieee_d /lfs/h2/emc/ptmp/emc.global/RETRO_GFSv17/comroot/retrotestgfs10/gdas.20241124/18//products/atmos/oznmon/time/ompstc8_n21.anl.2024112418.ieee_d.cptmp
+ cpfs[18]'[' 0 -ne 0 ']'
+ cpfs[22]/apps/ops/prod/nco/core/prod_util.v2.0.9/exec/fsync_file /lfs/h2/emc/ptmp/emc.global/RETRO_GFSv17/comroot/retrotestgfs10/gdas.20241124/18//products/atmos/oznmon/time/ompstc8_n21.anl.2024112418.ieee_d.cptmp
+ cpfs[23]'[' 0 -ne 0 ']'
+ cpfs[27]mv /lfs/h2/emc/ptmp/emc.global/RETRO_GFSv17/comroot/retrotestgfs10/gdas.20241124/18//products/atmos/oznmon/time/ompstc8_n21.anl.2024112418.ieee_d.cptmp /lfs/h2/emc/ptmp/emc.global/RETRO_GFSv17/comroot/retrotestgfs10/gdas.20241124/18//products/atmos/oznmon/time/ompstc8_n21.anl.2024112418.ieee_d
+ cpfs[28]'[' 0 -ne 0 ']'
+ ozn_xtrct.sh[189]compgen -G 'bad*'
+ ozn_xtrct.sh[190]for bad_file in bad*
+ ozn_xtrct.sh[191]cpfs bad_cnt.2024112418 /lfs/h2/emc/ptmp/emc.global/RETRO_GFSv17/comroot/retrotestgfs10/gdas.20241124/18//products/atmos/oznmon/time/
+ cpfs[3]'[' 2 -ne 2 ']'
+ cpfs[8]'[' /lfs/h2/emc/ptmp/emc.global/RETRO_GFSv17/comroot/retrotestgfs10/gdas.20241124/18//products/atmos/oznmon/time/ = . -o /lfs/h2/emc/ptmp/emc.global/RETRO_GFSv17/comroot/retrotestgfs10/gdas.20241124/18//products/atmos/oznmon/time/ = ./ ']'
+ cpfs[10]'[' -d /lfs/h2/emc/ptmp/emc.global/RETRO_GFSv17/comroot/retrotestgfs10/gdas.20241124/18//products/atmos/oznmon/time/ ']'
++ cpfs[11]basename bad_cnt.2024112418
+ cpfs[11]cpdstfile=/lfs/h2/emc/ptmp/emc.global/RETRO_GFSv17/comroot/retrotestgfs10/gdas.20241124/18//products/atmos/oznmon/time/bad_cnt.2024112418
+ cpfs[16]cp bad_cnt.2024112418 /lfs/h2/emc/ptmp/emc.global/RETRO_GFSv17/comroot/retrotestgfs10/gdas.20241124/18//products/atmos/oznmon/time/bad_cnt.2024112418.cptmp
+ cpfs[18]'[' 0 -ne 0 ']'
+ cpfs[22]/apps/ops/prod/nco/core/prod_util.v2.0.9/exec/fsync_file /lfs/h2/emc/ptmp/emc.global/RETRO_GFSv17/comroot/retrotestgfs10/gdas.20241124/18//products/atmos/oznmon/time/bad_cnt.2024112418.cptmp
+ cpfs[23]'[' 0 -ne 0 ']'
+ cpfs[27]mv /lfs/h2/emc/ptmp/emc.global/RETRO_GFSv17/comroot/retrotestgfs10/gdas.20241124/18//products/atmos/oznmon/time/bad_cnt.2024112418.cptmp /lfs/h2/emc/ptmp/emc.global/RETRO_GFSv17/comroot/retrotestgfs10/gdas.20241124/18//products/atmos/oznmon/time/bad_cnt.2024112418
+ cpfs[28]'[' 0 -ne 0 ']'
+ ozn_xtrct.sh[190]for bad_file in bad*
+ ozn_xtrct.sh[191]cpfs bad_diag.2024112418 /lfs/h2/emc/ptmp/emc.global/RETRO_GFSv17/comroot/retrotestgfs10/gdas.20241124/18//products/atmos/oznmon/time/
+ cpfs[3]'[' 2 -ne 2 ']'
+ cpfs[8]'[' /lfs/h2/emc/ptmp/emc.global/RETRO_GFSv17/comroot/retrotestgfs10/gdas.20241124/18//products/atmos/oznmon/time/ = . -o /lfs/h2/emc/ptmp/emc.global/RETRO_GFSv17/comroot/retrotestgfs10/gdas.20241124/18//products/atmos/oznmon/time/ = ./ ']'
+ cpfs[10]'[' -d /lfs/h2/emc/ptmp/emc.global/RETRO_GFSv17/comroot/retrotestgfs10/gdas.20241124/18//products/atmos/oznmon/time/ ']'
++ cpfs[11]basename bad_diag.2024112418
+ cpfs[11]cpdstfile=/lfs/h2/emc/ptmp/emc.global/RETRO_GFSv17/comroot/retrotestgfs10/gdas.20241124/18//products/atmos/oznmon/time/bad_diag.2024112418
+ cpfs[16]cp bad_diag.2024112418 /lfs/h2/emc/ptmp/emc.global/RETRO_GFSv17/comroot/retrotestgfs10/gdas.20241124/18//products/atmos/oznmon/time/bad_diag.2024112418.cptmp
+ cpfs[18]'[' 0 -ne 0 ']'
+ cpfs[22]/apps/ops/prod/nco/core/prod_util.v2.0.9/exec/fsync_file /lfs/h2/emc/ptmp/emc.global/RETRO_GFSv17/comroot/retrotestgfs10/gdas.20241124/18//products/atmos/oznmon/time/bad_diag.2024112418.cptmp
+ cpfs[23]'[' 0 -ne 0 ']'
+ cpfs[27]mv /lfs/h2/emc/ptmp/emc.global/RETRO_GFSv17/comroot/retrotestgfs10/gdas.20241124/18//products/atmos/oznmon/time/bad_diag.2024112418.cptmp /lfs/h2/emc/ptmp/emc.global/RETRO_GFSv17/comroot/retrotestgfs10/gdas.20241124/18//products/atmos/oznmon/time/bad_diag.2024112418
+ cpfs[28]'[' 0 -ne 0 ']'
+ ozn_xtrct.sh[190]for bad_file in bad*
+ ozn_xtrct.sh[191]cpfs bad_pen.2024112418 /lfs/h2/emc/ptmp/emc.global/RETRO_GFSv17/comroot/retrotestgfs10/gdas.20241124/18//products/atmos/oznmon/time/
+ cpfs[3]'[' 2 -ne 2 ']'
+ cpfs[8]'[' /lfs/h2/emc/ptmp/emc.global/RETRO_GFSv17/comroot/retrotestgfs10/gdas.20241124/18//products/atmos/oznmon/time/ = . -o /lfs/h2/emc/ptmp/emc.global/RETRO_GFSv17/comroot/retrotestgfs10/gdas.20241124/18//products/atmos/oznmon/time/ = ./ ']'
+ cpfs[10]'[' -d /lfs/h2/emc/ptmp/emc.global/RETRO_GFSv17/comroot/retrotestgfs10/gdas.20241124/18//products/atmos/oznmon/time/ ']'
++ cpfs[11]basename bad_pen.2024112418
+ cpfs[11]cpdstfile=/lfs/h2/emc/ptmp/emc.global/RETRO_GFSv17/comroot/retrotestgfs10/gdas.20241124/18//products/atmos/oznmon/time/bad_pen.2024112418
+ cpfs[16]cp bad_pen.2024112418 /lfs/h2/emc/ptmp/emc.global/RETRO_GFSv17/comroot/retrotestgfs10/gdas.20241124/18//products/atmos/oznmon/time/bad_pen.2024112418.cptmp
+ cpfs[18]'[' 0 -ne 0 ']'
+ cpfs[22]/apps/ops/prod/nco/core/prod_util.v2.0.9/exec/fsync_file /lfs/h2/emc/ptmp/emc.global/RETRO_GFSv17/comroot/retrotestgfs10/gdas.20241124/18//products/atmos/oznmon/time/bad_pen.2024112418.cptmp
+ cpfs[23]'[' 0 -ne 0 ']'
+ cpfs[27]mv /lfs/h2/emc/ptmp/emc.global/RETRO_GFSv17/comroot/retrotestgfs10/gdas.20241124/18//products/atmos/oznmon/time/bad_pen.2024112418.cptmp /lfs/h2/emc/ptmp/emc.global/RETRO_GFSv17/comroot/retrotestgfs10/gdas.20241124/18//products/atmos/oznmon/time/bad_pen.2024112418
+ cpfs[28]'[' 0 -ne 0 ']'
+ ozn_xtrct.sh[195]rm -f input
+ ozn_xtrct.sh[197]cat
+ ozn_xtrct.sh[212]echo 'oznmon_horiz.x HAS STARTED ompstc8_n21'
oznmon_horiz.x HAS STARTED ompstc8_n21
+ ozn_xtrct.sh[214]./oznmon_horiz.x
+ ozn_xtrct.sh[216]echo 'oznmon_horiz.x HAS ENDED ompstc8_n21'
oznmon_horiz.x HAS ENDED ompstc8_n21
+ ozn_xtrct.sh[218][[ ! -d /lfs/h2/emc/ptmp/emc.global/RETRO_GFSv17/comroot/retrotestgfs10/gdas.20241124/18//products/atmos/oznmon/horiz ]]
+ ozn_xtrct.sh[221]cpfs ompstc8_n21.anl.ctl /lfs/h2/emc/ptmp/emc.global/RETRO_GFSv17/comroot/retrotestgfs10/gdas.20241124/18//products/atmos/oznmon/horiz/
+ cpfs[3]'[' 2 -ne 2 ']'
+ cpfs[8]'[' /lfs/h2/emc/ptmp/emc.global/RETRO_GFSv17/comroot/retrotestgfs10/gdas.20241124/18//products/atmos/oznmon/horiz/ = . -o /lfs/h2/emc/ptmp/emc.global/RETRO_GFSv17/comroot/retrotestgfs10/gdas.20241124/18//products/atmos/oznmon/horiz/ = ./ ']'
+ cpfs[10]'[' -d /lfs/h2/emc/ptmp/emc.global/RETRO_GFSv17/comroot/retrotestgfs10/gdas.20241124/18//products/atmos/oznmon/horiz/ ']'
++ cpfs[11]basename ompstc8_n21.anl.ctl
+ cpfs[11]cpdstfile=/lfs/h2/emc/ptmp/emc.global/RETRO_GFSv17/comroot/retrotestgfs10/gdas.20241124/18//products/atmos/oznmon/horiz/ompstc8_n21.anl.ctl
+ cpfs[16]cp ompstc8_n21.anl.ctl /lfs/h2/emc/ptmp/emc.global/RETRO_GFSv17/comroot/retrotestgfs10/gdas.20241124/18//products/atmos/oznmon/horiz/ompstc8_n21.anl.ctl.cptmp
+ cpfs[18]'[' 0 -ne 0 ']'
+ cpfs[22]/apps/ops/prod/nco/core/prod_util.v2.0.9/exec/fsync_file /lfs/h2/emc/ptmp/emc.global/RETRO_GFSv17/comroot/retrotestgfs10/gdas.20241124/18//products/atmos/oznmon/horiz/ompstc8_n21.anl.ctl.cptmp
+ cpfs[23]'[' 0 -ne 0 ']'
+ cpfs[27]mv /lfs/h2/emc/ptmp/emc.global/RETRO_GFSv17/comroot/retrotestgfs10/gdas.20241124/18//products/atmos/oznmon/horiz/ompstc8_n21.anl.ctl.cptmp /lfs/h2/emc/ptmp/emc.global/RETRO_GFSv17/comroot/retrotestgfs10/gdas.20241124/18//products/atmos/oznmon/horiz/ompstc8_n21.anl.ctl
+ cpfs[28]'[' 0 -ne 0 ']'
+ ozn_xtrct.sh[223]gzip ompstc8_n21.anl.2024112418.ieee_d
+ ozn_xtrct.sh[224]cpfs ompstc8_n21.anl.2024112418.ieee_d.gz /lfs/h2/emc/ptmp/emc.global/RETRO_GFSv17/comroot/retrotestgfs10/gdas.20241124/18//products/atmos/oznmon/horiz/
+ cpfs[3]'[' 2 -ne 2 ']'
+ cpfs[8]'[' /lfs/h2/emc/ptmp/emc.global/RETRO_GFSv17/comroot/retrotestgfs10/gdas.20241124/18//products/atmos/oznmon/horiz/ = . -o /lfs/h2/emc/ptmp/emc.global/RETRO_GFSv17/comroot/retrotestgfs10/gdas.20241124/18//products/atmos/oznmon/horiz/ = ./ ']'
+ cpfs[10]'[' -d /lfs/h2/emc/ptmp/emc.global/RETRO_GFSv17/comroot/retrotestgfs10/gdas.20241124/18//products/atmos/oznmon/horiz/ ']'
++ cpfs[11]basename ompstc8_n21.anl.2024112418.ieee_d.gz
+ cpfs[11]cpdstfile=/lfs/h2/emc/ptmp/emc.global/RETRO_GFSv17/comroot/retrotestgfs10/gdas.20241124/18//products/atmos/oznmon/horiz/ompstc8_n21.anl.2024112418.ieee_d.gz
+ cpfs[16]cp ompstc8_n21.anl.2024112418.ieee_d.gz /lfs/h2/emc/ptmp/emc.global/RETRO_GFSv17/comroot/retrotestgfs10/gdas.20241124/18//products/atmos/oznmon/horiz/ompstc8_n21.anl.2024112418.ieee_d.gz.cptmp
+ cpfs[18]'[' 0 -ne 0 ']'
+ cpfs[22]/apps/ops/prod/nco/core/prod_util.v2.0.9/exec/fsync_file /lfs/h2/emc/ptmp/emc.global/RETRO_GFSv17/comroot/retrotestgfs10/gdas.20241124/18//products/atmos/oznmon/horiz/ompstc8_n21.anl.2024112418.ieee_d.gz.cptmp
+ cpfs[23]'[' 0 -ne 0 ']'
+ cpfs[27]mv /lfs/h2/emc/ptmp/emc.global/RETRO_GFSv17/comroot/retrotestgfs10/gdas.20241124/18//products/atmos/oznmon/horiz/ompstc8_n21.anl.2024112418.ieee_d.gz.cptmp /lfs/h2/emc/ptmp/emc.global/RETRO_GFSv17/comroot/retrotestgfs10/gdas.20241124/18//products/atmos/oznmon/horiz/ompstc8_n21.anl.2024112418.ieee_d.gz
+ cpfs[28]'[' 0 -ne 0 ']'
+ ozn_xtrct.sh[227]echo 'finished processing ptype, type:  anl, ompstc8_n21'
finished processing ptype, type:  anl, ompstc8_n21
+ ozn_xtrct.sh[145]for type in ${avail_satype}
+ ozn_xtrct.sh[146][[ -f diag_ompstc8_npp_anl.2024112418.gz ]]
+ ozn_xtrct.sh[147]mv diag_ompstc8_npp_anl.2024112418.gz ompstc8_npp.anl.gz
+ ozn_xtrct.sh[148]gunzip ./ompstc8_npp.anl.gz
+ gunzip[26]version='gunzip (gzip) 1.10
Copyright (C) 2007, 2011-2018 Free Software Foundation, Inc.
This is free software.  You may redistribute copies of it under the terms of
the GNU General Public License <https://www.gnu.org/licenses/gpl.html>.
There is NO WARRANTY, to the extent permitted by law.

Written by Paul Eggert.'
+ gunzip[50]usage='Usage: /usr/bin/gunzip [OPTION]... [FILE]...
Uncompress FILEs (by default, in-place).

Mandatory arguments to long options are mandatory for short options too.

  -c, --stdout      write on standard output, keep original files unchanged
  -f, --force       force overwrite of output file and compress links
  -k, --keep        keep (don'\''t delete) input files
  -l, --list        list compressed file contents
  -n, --no-name     do not save or restore the original name and timestamp
  -N, --name        save or restore the original name and timestamp
  -q, --quiet       suppress all warnings
  -r, --recursive   operate recursively on directories
  -S, --suffix=SUF  use suffix SUF on compressed files
      --synchronous synchronous output (safer if system crashes, but slower)
  -t, --test        test compressed file integrity
  -v, --verbose     verbose mode
      --help        display this help and exit
      --version     display version information and exit

With no FILE, or when FILE is -, read standard input.

Report bugs to <bug-gzip@gnu.org>.'
+ gunzip[52]case $1 in
+ gunzip[57]exec gzip -d ./ompstc8_npp.anl.gz
+ ozn_xtrct.sh[150]echo 'processing ptype, type:  anl, ompstc8_npp'
processing ptype, type:  anl, ompstc8_npp
+ ozn_xtrct.sh[151]rm -f input
+ ozn_xtrct.sh[153]cat
+ ozn_xtrct.sh[177]echo 'oznmon_time.x HAS STARTED ompstc8_npp'
oznmon_time.x HAS STARTED ompstc8_npp
+ ozn_xtrct.sh[179]./oznmon_time.x
+ ozn_xtrct.sh[181]echo 'oznmon_time.x HAS ENDED ompstc8_npp'
oznmon_time.x HAS ENDED ompstc8_npp
+ ozn_xtrct.sh[183][[ ! -d /lfs/h2/emc/ptmp/emc.global/RETRO_GFSv17/comroot/retrotestgfs10/gdas.20241124/18//products/atmos/oznmon/time ]]
+ ozn_xtrct.sh[186]cpfs ompstc8_npp.anl.ctl /lfs/h2/emc/ptmp/emc.global/RETRO_GFSv17/comroot/retrotestgfs10/gdas.20241124/18//products/atmos/oznmon/time/
+ cpfs[3]'[' 2 -ne 2 ']'
+ cpfs[8]'[' /lfs/h2/emc/ptmp/emc.global/RETRO_GFSv17/comroot/retrotestgfs10/gdas.20241124/18//products/atmos/oznmon/time/ = . -o /lfs/h2/emc/ptmp/emc.global/RETRO_GFSv17/comroot/retrotestgfs10/gdas.20241124/18//products/atmos/oznmon/time/ = ./ ']'
+ cpfs[10]'[' -d /lfs/h2/emc/ptmp/emc.global/RETRO_GFSv17/comroot/retrotestgfs10/gdas.20241124/18//products/atmos/oznmon/time/ ']'
++ cpfs[11]basename ompstc8_npp.anl.ctl
+ cpfs[11]cpdstfile=/lfs/h2/emc/ptmp/emc.global/RETRO_GFSv17/comroot/retrotestgfs10/gdas.20241124/18//products/atmos/oznmon/time/ompstc8_npp.anl.ctl
+ cpfs[16]cp ompstc8_npp.anl.ctl /lfs/h2/emc/ptmp/emc.global/RETRO_GFSv17/comroot/retrotestgfs10/gdas.20241124/18//products/atmos/oznmon/time/ompstc8_npp.anl.ctl.cptmp
+ cpfs[18]'[' 0 -ne 0 ']'
+ cpfs[22]/apps/ops/prod/nco/core/prod_util.v2.0.9/exec/fsync_file /lfs/h2/emc/ptmp/emc.global/RETRO_GFSv17/comroot/retrotestgfs10/gdas.20241124/18//products/atmos/oznmon/time/ompstc8_npp.anl.ctl.cptmp
+ cpfs[23]'[' 0 -ne 0 ']'
+ cpfs[27]mv /lfs/h2/emc/ptmp/emc.global/RETRO_GFSv17/comroot/retrotestgfs10/gdas.20241124/18//products/atmos/oznmon/time/ompstc8_npp.anl.ctl.cptmp /lfs/h2/emc/ptmp/emc.global/RETRO_GFSv17/comroot/retrotestgfs10/gdas.20241124/18//products/atmos/oznmon/time/ompstc8_npp.anl.ctl
+ cpfs[28]'[' 0 -ne 0 ']'
+ ozn_xtrct.sh[187]cpfs ompstc8_npp.anl.2024112418.ieee_d /lfs/h2/emc/ptmp/emc.global/RETRO_GFSv17/comroot/retrotestgfs10/gdas.20241124/18//products/atmos/oznmon/time/
+ cpfs[3]'[' 2 -ne 2 ']'
+ cpfs[8]'[' /lfs/h2/emc/ptmp/emc.global/RETRO_GFSv17/comroot/retrotestgfs10/gdas.20241124/18//products/atmos/oznmon/time/ = . -o /lfs/h2/emc/ptmp/emc.global/RETRO_GFSv17/comroot/retrotestgfs10/gdas.20241124/18//products/atmos/oznmon/time/ = ./ ']'
+ cpfs[10]'[' -d /lfs/h2/emc/ptmp/emc.global/RETRO_GFSv17/comroot/retrotestgfs10/gdas.20241124/18//products/atmos/oznmon/time/ ']'
++ cpfs[11]basename ompstc8_npp.anl.2024112418.ieee_d
+ cpfs[11]cpdstfile=/lfs/h2/emc/ptmp/emc.global/RETRO_GFSv17/comroot/retrotestgfs10/gdas.20241124/18//products/atmos/oznmon/time/ompstc8_npp.anl.2024112418.ieee_d
+ cpfs[16]cp ompstc8_npp.anl.2024112418.ieee_d /lfs/h2/emc/ptmp/emc.global/RETRO_GFSv17/comroot/retrotestgfs10/gdas.20241124/18//products/atmos/oznmon/time/ompstc8_npp.anl.2024112418.ieee_d.cptmp
+ cpfs[18]'[' 0 -ne 0 ']'
+ cpfs[22]/apps/ops/prod/nco/core/prod_util.v2.0.9/exec/fsync_file /lfs/h2/emc/ptmp/emc.global/RETRO_GFSv17/comroot/retrotestgfs10/gdas.20241124/18//products/atmos/oznmon/time/ompstc8_npp.anl.2024112418.ieee_d.cptmp
+ cpfs[23]'[' 0 -ne 0 ']'
+ cpfs[27]mv /lfs/h2/emc/ptmp/emc.global/RETRO_GFSv17/comroot/retrotestgfs10/gdas.20241124/18//products/atmos/oznmon/time/ompstc8_npp.anl.2024112418.ieee_d.cptmp /lfs/h2/emc/ptmp/emc.global/RETRO_GFSv17/comroot/retrotestgfs10/gdas.20241124/18//products/atmos/oznmon/time/ompstc8_npp.anl.2024112418.ieee_d
+ cpfs[28]'[' 0 -ne 0 ']'
+ ozn_xtrct.sh[189]compgen -G 'bad*'
+ ozn_xtrct.sh[190]for bad_file in bad*
+ ozn_xtrct.sh[191]cpfs bad_cnt.2024112418 /lfs/h2/emc/ptmp/emc.global/RETRO_GFSv17/comroot/retrotestgfs10/gdas.20241124/18//products/atmos/oznmon/time/
+ cpfs[3]'[' 2 -ne 2 ']'
+ cpfs[8]'[' /lfs/h2/emc/ptmp/emc.global/RETRO_GFSv17/comroot/retrotestgfs10/gdas.20241124/18//products/atmos/oznmon/time/ = . -o /lfs/h2/emc/ptmp/emc.global/RETRO_GFSv17/comroot/retrotestgfs10/gdas.20241124/18//products/atmos/oznmon/time/ = ./ ']'
+ cpfs[10]'[' -d /lfs/h2/emc/ptmp/emc.global/RETRO_GFSv17/comroot/retrotestgfs10/gdas.20241124/18//products/atmos/oznmon/time/ ']'
++ cpfs[11]basename bad_cnt.2024112418
+ cpfs[11]cpdstfile=/lfs/h2/emc/ptmp/emc.global/RETRO_GFSv17/comroot/retrotestgfs10/gdas.20241124/18//products/atmos/oznmon/time/bad_cnt.2024112418
+ cpfs[16]cp bad_cnt.2024112418 /lfs/h2/emc/ptmp/emc.global/RETRO_GFSv17/comroot/retrotestgfs10/gdas.20241124/18//products/atmos/oznmon/time/bad_cnt.2024112418.cptmp
+ cpfs[18]'[' 0 -ne 0 ']'
+ cpfs[22]/apps/ops/prod/nco/core/prod_util.v2.0.9/exec/fsync_file /lfs/h2/emc/ptmp/emc.global/RETRO_GFSv17/comroot/retrotestgfs10/gdas.20241124/18//products/atmos/oznmon/time/bad_cnt.2024112418.cptmp
+ cpfs[23]'[' 0 -ne 0 ']'
+ cpfs[27]mv /lfs/h2/emc/ptmp/emc.global/RETRO_GFSv17/comroot/retrotestgfs10/gdas.20241124/18//products/atmos/oznmon/time/bad_cnt.2024112418.cptmp /lfs/h2/emc/ptmp/emc.global/RETRO_GFSv17/comroot/retrotestgfs10/gdas.20241124/18//products/atmos/oznmon/time/bad_cnt.2024112418
+ cpfs[28]'[' 0 -ne 0 ']'
+ ozn_xtrct.sh[190]for bad_file in bad*
+ ozn_xtrct.sh[191]cpfs bad_diag.2024112418 /lfs/h2/emc/ptmp/emc.global/RETRO_GFSv17/comroot/retrotestgfs10/gdas.20241124/18//products/atmos/oznmon/time/
+ cpfs[3]'[' 2 -ne 2 ']'
+ cpfs[8]'[' /lfs/h2/emc/ptmp/emc.global/RETRO_GFSv17/comroot/retrotestgfs10/gdas.20241124/18//products/atmos/oznmon/time/ = . -o /lfs/h2/emc/ptmp/emc.global/RETRO_GFSv17/comroot/retrotestgfs10/gdas.20241124/18//products/atmos/oznmon/time/ = ./ ']'
+ cpfs[10]'[' -d /lfs/h2/emc/ptmp/emc.global/RETRO_GFSv17/comroot/retrotestgfs10/gdas.20241124/18//products/atmos/oznmon/time/ ']'
++ cpfs[11]basename bad_diag.2024112418
+ cpfs[11]cpdstfile=/lfs/h2/emc/ptmp/emc.global/RETRO_GFSv17/comroot/retrotestgfs10/gdas.20241124/18//products/atmos/oznmon/time/bad_diag.2024112418
+ cpfs[16]cp bad_diag.2024112418 /lfs/h2/emc/ptmp/emc.global/RETRO_GFSv17/comroot/retrotestgfs10/gdas.20241124/18//products/atmos/oznmon/time/bad_diag.2024112418.cptmp
+ cpfs[18]'[' 0 -ne 0 ']'
+ cpfs[22]/apps/ops/prod/nco/core/prod_util.v2.0.9/exec/fsync_file /lfs/h2/emc/ptmp/emc.global/RETRO_GFSv17/comroot/retrotestgfs10/gdas.20241124/18//products/atmos/oznmon/time/bad_diag.2024112418.cptmp
+ cpfs[23]'[' 0 -ne 0 ']'
+ cpfs[27]mv /lfs/h2/emc/ptmp/emc.global/RETRO_GFSv17/comroot/retrotestgfs10/gdas.20241124/18//products/atmos/oznmon/time/bad_diag.2024112418.cptmp /lfs/h2/emc/ptmp/emc.global/RETRO_GFSv17/comroot/retrotestgfs10/gdas.20241124/18//products/atmos/oznmon/time/bad_diag.2024112418
+ cpfs[28]'[' 0 -ne 0 ']'
+ ozn_xtrct.sh[190]for bad_file in bad*
+ ozn_xtrct.sh[191]cpfs bad_pen.2024112418 /lfs/h2/emc/ptmp/emc.global/RETRO_GFSv17/comroot/retrotestgfs10/gdas.20241124/18//products/atmos/oznmon/time/
+ cpfs[3]'[' 2 -ne 2 ']'
+ cpfs[8]'[' /lfs/h2/emc/ptmp/emc.global/RETRO_GFSv17/comroot/retrotestgfs10/gdas.20241124/18//products/atmos/oznmon/time/ = . -o /lfs/h2/emc/ptmp/emc.global/RETRO_GFSv17/comroot/retrotestgfs10/gdas.20241124/18//products/atmos/oznmon/time/ = ./ ']'
+ cpfs[10]'[' -d /lfs/h2/emc/ptmp/emc.global/RETRO_GFSv17/comroot/retrotestgfs10/gdas.20241124/18//products/atmos/oznmon/time/ ']'
++ cpfs[11]basename bad_pen.2024112418
+ cpfs[11]cpdstfile=/lfs/h2/emc/ptmp/emc.global/RETRO_GFSv17/comroot/retrotestgfs10/gdas.20241124/18//products/atmos/oznmon/time/bad_pen.2024112418
+ cpfs[16]cp bad_pen.2024112418 /lfs/h2/emc/ptmp/emc.global/RETRO_GFSv17/comroot/retrotestgfs10/gdas.20241124/18//products/atmos/oznmon/time/bad_pen.2024112418.cptmp
+ cpfs[18]'[' 0 -ne 0 ']'
+ cpfs[22]/apps/ops/prod/nco/core/prod_util.v2.0.9/exec/fsync_file /lfs/h2/emc/ptmp/emc.global/RETRO_GFSv17/comroot/retrotestgfs10/gdas.20241124/18//products/atmos/oznmon/time/bad_pen.2024112418.cptmp
+ cpfs[23]'[' 0 -ne 0 ']'
+ cpfs[27]mv /lfs/h2/emc/ptmp/emc.global/RETRO_GFSv17/comroot/retrotestgfs10/gdas.20241124/18//products/atmos/oznmon/time/bad_pen.2024112418.cptmp /lfs/h2/emc/ptmp/emc.global/RETRO_GFSv17/comroot/retrotestgfs10/gdas.20241124/18//products/atmos/oznmon/time/bad_pen.2024112418
+ cpfs[28]'[' 0 -ne 0 ']'
+ ozn_xtrct.sh[195]rm -f input
+ ozn_xtrct.sh[197]cat
+ ozn_xtrct.sh[212]echo 'oznmon_horiz.x HAS STARTED ompstc8_npp'
oznmon_horiz.x HAS STARTED ompstc8_npp
+ ozn_xtrct.sh[214]./oznmon_horiz.x
+ ozn_xtrct.sh[216]echo 'oznmon_horiz.x HAS ENDED ompstc8_npp'
oznmon_horiz.x HAS ENDED ompstc8_npp
+ ozn_xtrct.sh[218][[ ! -d /lfs/h2/emc/ptmp/emc.global/RETRO_GFSv17/comroot/retrotestgfs10/gdas.20241124/18//products/atmos/oznmon/horiz ]]
+ ozn_xtrct.sh[221]cpfs ompstc8_npp.anl.ctl /lfs/h2/emc/ptmp/emc.global/RETRO_GFSv17/comroot/retrotestgfs10/gdas.20241124/18//products/atmos/oznmon/horiz/
+ cpfs[3]'[' 2 -ne 2 ']'
+ cpfs[8]'[' /lfs/h2/emc/ptmp/emc.global/RETRO_GFSv17/comroot/retrotestgfs10/gdas.20241124/18//products/atmos/oznmon/horiz/ = . -o /lfs/h2/emc/ptmp/emc.global/RETRO_GFSv17/comroot/retrotestgfs10/gdas.20241124/18//products/atmos/oznmon/horiz/ = ./ ']'
+ cpfs[10]'[' -d /lfs/h2/emc/ptmp/emc.global/RETRO_GFSv17/comroot/retrotestgfs10/gdas.20241124/18//products/atmos/oznmon/horiz/ ']'
++ cpfs[11]basename ompstc8_npp.anl.ctl
+ cpfs[11]cpdstfile=/lfs/h2/emc/ptmp/emc.global/RETRO_GFSv17/comroot/retrotestgfs10/gdas.20241124/18//products/atmos/oznmon/horiz/ompstc8_npp.anl.ctl
+ cpfs[16]cp ompstc8_npp.anl.ctl /lfs/h2/emc/ptmp/emc.global/RETRO_GFSv17/comroot/retrotestgfs10/gdas.20241124/18//products/atmos/oznmon/horiz/ompstc8_npp.anl.ctl.cptmp
+ cpfs[18]'[' 0 -ne 0 ']'
+ cpfs[22]/apps/ops/prod/nco/core/prod_util.v2.0.9/exec/fsync_file /lfs/h2/emc/ptmp/emc.global/RETRO_GFSv17/comroot/retrotestgfs10/gdas.20241124/18//products/atmos/oznmon/horiz/ompstc8_npp.anl.ctl.cptmp
+ cpfs[23]'[' 0 -ne 0 ']'
+ cpfs[27]mv /lfs/h2/emc/ptmp/emc.global/RETRO_GFSv17/comroot/retrotestgfs10/gdas.20241124/18//products/atmos/oznmon/horiz/ompstc8_npp.anl.ctl.cptmp /lfs/h2/emc/ptmp/emc.global/RETRO_GFSv17/comroot/retrotestgfs10/gdas.20241124/18//products/atmos/oznmon/horiz/ompstc8_npp.anl.ctl
+ cpfs[28]'[' 0 -ne 0 ']'
+ ozn_xtrct.sh[223]gzip ompstc8_npp.anl.2024112418.ieee_d
+ ozn_xtrct.sh[224]cpfs ompstc8_npp.anl.2024112418.ieee_d.gz /lfs/h2/emc/ptmp/emc.global/RETRO_GFSv17/comroot/retrotestgfs10/gdas.20241124/18//products/atmos/oznmon/horiz/
+ cpfs[3]'[' 2 -ne 2 ']'
+ cpfs[8]'[' /lfs/h2/emc/ptmp/emc.global/RETRO_GFSv17/comroot/retrotestgfs10/gdas.20241124/18//products/atmos/oznmon/horiz/ = . -o /lfs/h2/emc/ptmp/emc.global/RETRO_GFSv17/comroot/retrotestgfs10/gdas.20241124/18//products/atmos/oznmon/horiz/ = ./ ']'
+ cpfs[10]'[' -d /lfs/h2/emc/ptmp/emc.global/RETRO_GFSv17/comroot/retrotestgfs10/gdas.20241124/18//products/atmos/oznmon/horiz/ ']'
++ cpfs[11]basename ompstc8_npp.anl.2024112418.ieee_d.gz
+ cpfs[11]cpdstfile=/lfs/h2/emc/ptmp/emc.global/RETRO_GFSv17/comroot/retrotestgfs10/gdas.20241124/18//products/atmos/oznmon/horiz/ompstc8_npp.anl.2024112418.ieee_d.gz
+ cpfs[16]cp ompstc8_npp.anl.2024112418.ieee_d.gz /lfs/h2/emc/ptmp/emc.global/RETRO_GFSv17/comroot/retrotestgfs10/gdas.20241124/18//products/atmos/oznmon/horiz/ompstc8_npp.anl.2024112418.ieee_d.gz.cptmp
+ cpfs[18]'[' 0 -ne 0 ']'
+ cpfs[22]/apps/ops/prod/nco/core/prod_util.v2.0.9/exec/fsync_file /lfs/h2/emc/ptmp/emc.global/RETRO_GFSv17/comroot/retrotestgfs10/gdas.20241124/18//products/atmos/oznmon/horiz/ompstc8_npp.anl.2024112418.ieee_d.gz.cptmp
+ cpfs[23]'[' 0 -ne 0 ']'
+ cpfs[27]mv /lfs/h2/emc/ptmp/emc.global/RETRO_GFSv17/comroot/retrotestgfs10/gdas.20241124/18//products/atmos/oznmon/horiz/ompstc8_npp.anl.2024112418.ieee_d.gz.cptmp /lfs/h2/emc/ptmp/emc.global/RETRO_GFSv17/comroot/retrotestgfs10/gdas.20241124/18//products/atmos/oznmon/horiz/ompstc8_npp.anl.2024112418.ieee_d.gz
+ cpfs[28]'[' 0 -ne 0 ']'
+ ozn_xtrct.sh[227]echo 'finished processing ptype, type:  anl, ompstc8_npp'
finished processing ptype, type:  anl, ompstc8_npp
+ ozn_xtrct.sh[237]tar -cvf stdout.horiz.tar stdout.horiz.omi_aura.anl stdout.horiz.omi_aura.ges stdout.horiz.ompslp_npp.anl stdout.horiz.ompslp_npp.ges stdout.horiz.ompsnp_n20.anl stdout.horiz.ompsnp_n20.ges stdout.horiz.ompsnp_n21.anl stdout.horiz.ompsnp_n21.ges stdout.horiz.ompsnp_npp.anl stdout.horiz.ompsnp_npp.ges stdout.horiz.ompstc8_n20.anl stdout.horiz.ompstc8_n20.ges stdout.horiz.ompstc8_n21.anl stdout.horiz.ompstc8_n21.ges stdout.horiz.ompstc8_npp.anl stdout.horiz.ompstc8_npp.ges
stdout.horiz.omi_aura.anl
stdout.horiz.omi_aura.ges
stdout.horiz.ompslp_npp.anl
stdout.horiz.ompslp_npp.ges
stdout.horiz.ompsnp_n20.anl
stdout.horiz.ompsnp_n20.ges
stdout.horiz.ompsnp_n21.anl
stdout.horiz.ompsnp_n21.ges
stdout.horiz.ompsnp_npp.anl
stdout.horiz.ompsnp_npp.ges
stdout.horiz.ompstc8_n20.anl
stdout.horiz.ompstc8_n20.ges
stdout.horiz.ompstc8_n21.anl
stdout.horiz.ompstc8_n21.ges
stdout.horiz.ompstc8_npp.anl
stdout.horiz.ompstc8_npp.ges
+ ozn_xtrct.sh[238]gzip stdout.horiz.tar
+ ozn_xtrct.sh[239]cpfs stdout.horiz.tar.gz /lfs/h2/emc/ptmp/emc.global/RETRO_GFSv17/comroot/retrotestgfs10/gdas.20241124/18//products/atmos/oznmon/horiz/
+ cpfs[3]'[' 2 -ne 2 ']'
+ cpfs[8]'[' /lfs/h2/emc/ptmp/emc.global/RETRO_GFSv17/comroot/retrotestgfs10/gdas.20241124/18//products/atmos/oznmon/horiz/ = . -o /lfs/h2/emc/ptmp/emc.global/RETRO_GFSv17/comroot/retrotestgfs10/gdas.20241124/18//products/atmos/oznmon/horiz/ = ./ ']'
+ cpfs[10]'[' -d /lfs/h2/emc/ptmp/emc.global/RETRO_GFSv17/comroot/retrotestgfs10/gdas.20241124/18//products/atmos/oznmon/horiz/ ']'
++ cpfs[11]basename stdout.horiz.tar.gz
+ cpfs[11]cpdstfile=/lfs/h2/emc/ptmp/emc.global/RETRO_GFSv17/comroot/retrotestgfs10/gdas.20241124/18//products/atmos/oznmon/horiz/stdout.horiz.tar.gz
+ cpfs[16]cp stdout.horiz.tar.gz /lfs/h2/emc/ptmp/emc.global/RETRO_GFSv17/comroot/retrotestgfs10/gdas.20241124/18//products/atmos/oznmon/horiz/stdout.horiz.tar.gz.cptmp
+ cpfs[18]'[' 0 -ne 0 ']'
+ cpfs[22]/apps/ops/prod/nco/core/prod_util.v2.0.9/exec/fsync_file /lfs/h2/emc/ptmp/emc.global/RETRO_GFSv17/comroot/retrotestgfs10/gdas.20241124/18//products/atmos/oznmon/horiz/stdout.horiz.tar.gz.cptmp
+ cpfs[23]'[' 0 -ne 0 ']'
+ cpfs[27]mv /lfs/h2/emc/ptmp/emc.global/RETRO_GFSv17/comroot/retrotestgfs10/gdas.20241124/18//products/atmos/oznmon/horiz/stdout.horiz.tar.gz.cptmp /lfs/h2/emc/ptmp/emc.global/RETRO_GFSv17/comroot/retrotestgfs10/gdas.20241124/18//products/atmos/oznmon/horiz/stdout.horiz.tar.gz
+ cpfs[28]'[' 0 -ne 0 ']'
+ ozn_xtrct.sh[241]tar -cvf stdout.time.tar stdout.time.omi_aura.anl stdout.time.omi_aura.ges stdout.time.ompslp_npp.anl stdout.time.ompslp_npp.ges stdout.time.ompsnp_n20.anl stdout.time.ompsnp_n20.ges stdout.time.ompsnp_n21.anl stdout.time.ompsnp_n21.ges stdout.time.ompsnp_npp.anl stdout.time.ompsnp_npp.ges stdout.time.ompstc8_n20.anl stdout.time.ompstc8_n20.ges stdout.time.ompstc8_n21.anl stdout.time.ompstc8_n21.ges stdout.time.ompstc8_npp.anl stdout.time.ompstc8_npp.ges
stdout.time.omi_aura.anl
stdout.time.omi_aura.ges
stdout.time.ompslp_npp.anl
stdout.time.ompslp_npp.ges
stdout.time.ompsnp_n20.anl
stdout.time.ompsnp_n20.ges
stdout.time.ompsnp_n21.anl
stdout.time.ompsnp_n21.ges
stdout.time.ompsnp_npp.anl
stdout.time.ompsnp_npp.ges
stdout.time.ompstc8_n20.anl
stdout.time.ompstc8_n20.ges
stdout.time.ompstc8_n21.anl
stdout.time.ompstc8_n21.ges
stdout.time.ompstc8_npp.anl
stdout.time.ompstc8_npp.ges
+ ozn_xtrct.sh[242]gzip stdout.time.tar
+ ozn_xtrct.sh[243]cpfs stdout.time.tar.gz /lfs/h2/emc/ptmp/emc.global/RETRO_GFSv17/comroot/retrotestgfs10/gdas.20241124/18//products/atmos/oznmon/time/
+ cpfs[3]'[' 2 -ne 2 ']'
+ cpfs[8]'[' /lfs/h2/emc/ptmp/emc.global/RETRO_GFSv17/comroot/retrotestgfs10/gdas.20241124/18//products/atmos/oznmon/time/ = . -o /lfs/h2/emc/ptmp/emc.global/RETRO_GFSv17/comroot/retrotestgfs10/gdas.20241124/18//products/atmos/oznmon/time/ = ./ ']'
+ cpfs[10]'[' -d /lfs/h2/emc/ptmp/emc.global/RETRO_GFSv17/comroot/retrotestgfs10/gdas.20241124/18//products/atmos/oznmon/time/ ']'
++ cpfs[11]basename stdout.time.tar.gz
+ cpfs[11]cpdstfile=/lfs/h2/emc/ptmp/emc.global/RETRO_GFSv17/comroot/retrotestgfs10/gdas.20241124/18//products/atmos/oznmon/time/stdout.time.tar.gz
+ cpfs[16]cp stdout.time.tar.gz /lfs/h2/emc/ptmp/emc.global/RETRO_GFSv17/comroot/retrotestgfs10/gdas.20241124/18//products/atmos/oznmon/time/stdout.time.tar.gz.cptmp
+ cpfs[18]'[' 0 -ne 0 ']'
+ cpfs[22]/apps/ops/prod/nco/core/prod_util.v2.0.9/exec/fsync_file /lfs/h2/emc/ptmp/emc.global/RETRO_GFSv17/comroot/retrotestgfs10/gdas.20241124/18//products/atmos/oznmon/time/stdout.time.tar.gz.cptmp
+ cpfs[23]'[' 0 -ne 0 ']'
+ cpfs[27]mv /lfs/h2/emc/ptmp/emc.global/RETRO_GFSv17/comroot/retrotestgfs10/gdas.20241124/18//products/atmos/oznmon/time/stdout.time.tar.gz.cptmp /lfs/h2/emc/ptmp/emc.global/RETRO_GFSv17/comroot/retrotestgfs10/gdas.20241124/18//products/atmos/oznmon/time/stdout.time.tar.gz
+ cpfs[28]'[' 0 -ne 0 ']'
+ ozn_xtrct.sh[246]exit 0
+ exgdas_atmos_verfozn.sh[39]true
+ exgdas_atmos_verfozn.sh[40]export err=0
+ exgdas_atmos_verfozn.sh[40]err=0
+ exgdas_atmos_verfozn.sh[41][[ 0 -ne 0 ]]
+ exgdas_atmos_verfozn.sh[50]exit 0
+ JGDAS_ATMOS_VERFOZN[32]true
+ JGDAS_ATMOS_VERFOZN[33]export err=0
+ JGDAS_ATMOS_VERFOZN[33]err=0
+ JGDAS_ATMOS_VERFOZN[34][[ 0 -ne 0 ]]
+ JGDAS_ATMOS_VERFOZN[41][[ NO == \N\O ]]
+ JGDAS_ATMOS_VERFOZN[42]rm -rf /lfs/h2/emc/stmp/emc.global/RUNDIRS/retrotestgfs10/gdas.2024112418/verfozn.3287194
+ JGDAS_ATMOS_VERFOZN[45]exit 0
+ JGDAS_ATMOS_VERFOZN[1]postamble /lfs/h2/emc/global/noscrub/emc.global/RETRO_GFSv17/git/global-workflow/develop_20250602/jobs/JGDAS_ATMOS_VERFOZN 1750098955 0
+ preamble.sh[62]set +x
End /lfs/h2/emc/global/noscrub/emc.global/RETRO_GFSv17/git/global-workflow/develop_20250602/jobs/JGDAS_ATMOS_VERFOZN at 18:36:14 with error code 0 (time elapsed: 00:00:19)
+ status=0
+ exit 0
PBS: Running epilogue on parent mom node: nid001300...
##### Job 46053229.dbqs01 - PBS Job Script:
(Note: Duplicate #PBS entries are a function how PBS interprets and caches the original job script.)

#! /bin/sh
#PBS -N retrotestgfs10_gdas_verfozn_18
#PBS -A GFS-DEV
#PBS -q devmax
#PBS -l walltime=00:10:00
#PBS -l select=1:mpiprocs=1:ompthreads=1:ncpus=1:mem=1G
#PBS -j oe -o /lfs/h2/emc/ptmp/emc.global/RETRO_GFSv17/comroot/retrotestgfs10/logs/2024112418/gdas_verfozn.log
#PBS -l place=vscatter:shared
export RUN_ENVIR='emc'
export HOMEgfs='/lfs/h2/emc/global/noscrub/emc.global/RETRO_GFSv17/git/global-workflow/develop_20250602'
export EXPDIR='/lfs/h2/emc/global/noscrub/emc.global/RETRO_GFSv17/expdir/retrotestgfs10'
export NET='gfs'
export RUN='gdas'
export CDATE='2024112418'
export PDY='20241124'
export cyc='18'
export COMROOT='/lfs/h2/emc/ptmp/emc.global/RETRO_GFSv17/comroot'
export DATAROOT='/lfs/h2/emc/stmp/emc.global/RUNDIRS/retrotestgfs10/gdas.2024112418'
set -x
/lfs/h2/emc/global/noscrub/emc.global/RETRO_GFSv17/git/global-workflow/develop_20250602/dev/jobs/verfozn.sh
##### End of job script
------------------------------------------------------------------

