PBS: Running prologue on parent mom node: ddxfer02...
Job 46066644.dbqs01 nodelist: ddxfer02
+ /lfs/h2/emc/global/noscrub/emc.global/RETRO_GFSv17/git/global-workflow/develop_20250602/dev/jobs/arch_tars.sh
+ . /lfs/h2/emc/global/noscrub/emc.global/RETRO_GFSv17/git/global-workflow/develop_20250602/ush/load_fv3gfs_modules.sh
++ [[ hxB == *x* ]]
++ set_x=YES
++ [[ NO == \N\O ]]
++ echo 'Loading modules quietly...'
Loading modules quietly...
++ set +x
Resetting modules to system default. Reseting $MODULEPATH back to system default. All extra directories will be removed from $MODULEPATH.

Currently Loaded Modules:
  1) craype-x86-rome    (H)  13) perl/5.32.0          25) ncdiag/1.0.0
  2) libfabric/1.20.1        14) libjpeg/9c           26) met/9.1.3
  3) craype-network-ofi (H)  15) udunits/2.2.28       27) metplus/3.1.1
  4) envvar/1.0              16) gsl/2.7              28) prepobs/1.1.0
  5) PrgEnv-intel/8.1.0      17) cdo/1.9.8            29) fit2obs/1.1.7
  6) craype/2.7.13           18) imagemagick/7.0.8-7  30) module_base.wcoss2
  7) intel/19.1.3.304        19) hdf5/1.10.6          31) grib_util/1.2.3
  8) cray-mpich/8.1.9        20) netcdf/4.7.4         32) g2tmpl/1.10.2
  9) cray-pals/1.0.17        21) nco/4.7.9            33) crtm/2.4.0.1
 10) cfp/2.0.4               22) prod_util/2.0.9      34) wgrib2/2.0.8
 11) python/3.8.6            23) bufr_dump/1.0.0
 12) gempak/7.15.1           24) util_shared/1.4.0

  Where:
   H:  Hidden Module

 

++ wxflowPATH=/lfs/h2/emc/global/noscrub/emc.global/RETRO_GFSv17/git/global-workflow/develop_20250602/ush/python
++ PYTHONPATH=/apps/ops/prod/nco/core/prod_util.v2.0.9/ush:/apps/prod/python-modules/3.8.6/intel/19.1.3.304/lib/python3.8/site-packages:/lfs/h2/emc/global/noscrub/emc.global/RETRO_GFSv17/git/global-workflow/develop_20250602/ush:/lfs/h2/emc/global/noscrub/emc.global/RETRO_GFSv17/git/global-workflow/develop_20250602/ush/python
++ export PYTHONPATH
++ ulimit -S -s unlimited
++ unset ulimit_s
+ status=0
+ [[ 0 -ne 0 ]]
+ export job=arch_tars
+ job=arch_tars
+ export jobid=arch_tars.1887349
+ jobid=arch_tars.1887349
+ /lfs/h2/emc/global/noscrub/emc.global/RETRO_GFSv17/git/global-workflow/develop_20250602/jobs/JGLOBAL_ARCHIVE_TARS
Begin /lfs/h2/emc/global/noscrub/emc.global/RETRO_GFSv17/git/global-workflow/develop_20250602/jobs/JGLOBAL_ARCHIVE_TARS at Mon Jun 16 20:46:52 UTC 2025
++ jjob_header.sh[46]OPTIND=1
++ jjob_header.sh[47]getopts c:e: option
++ jjob_header.sh[48]case "${option}" in
++ jjob_header.sh[50]env_job=arch_tars
++ jjob_header.sh[47]getopts c:e: option
++ jjob_header.sh[48]case "${option}" in
++ jjob_header.sh[49]read -ra configs
++ jjob_header.sh[47]getopts c:e: option
++ jjob_header.sh[61]shift 4
++ jjob_header.sh[63][[ -z arch_tars ]]
++ jjob_header.sh[71]export DATA=/lfs/h2/emc/stmp/emc.global/RUNDIRS/retrotestgfs10/gdas.2024112418/arch_tars.1887349
++ jjob_header.sh[71]DATA=/lfs/h2/emc/stmp/emc.global/RUNDIRS/retrotestgfs10/gdas.2024112418/arch_tars.1887349
++ jjob_header.sh[72][[ YES == \Y\E\S ]]
++ jjob_header.sh[73]rm -rf /lfs/h2/emc/stmp/emc.global/RUNDIRS/retrotestgfs10/gdas.2024112418/arch_tars.1887349
++ jjob_header.sh[75]mkdir -p /lfs/h2/emc/stmp/emc.global/RUNDIRS/retrotestgfs10/gdas.2024112418/arch_tars.1887349
++ jjob_header.sh[76]cd /lfs/h2/emc/stmp/emc.global/RUNDIRS/retrotestgfs10/gdas.2024112418/arch_tars.1887349
++ jjob_header.sh[85]export pid=1890124
++ jjob_header.sh[85]pid=1890124
++ jjob_header.sh[86]export pgmout=OUTPUT.1890124
++ jjob_header.sh[86]pgmout=OUTPUT.1890124
++ jjob_header.sh[87]export pgmerr=errfile
++ jjob_header.sh[87]pgmerr=errfile
++ jjob_header.sh[90]export pgm=
++ jjob_header.sh[90]pgm=
++ jjob_header.sh[96]export cycle=t18z
++ jjob_header.sh[96]cycle=t18z
++ jjob_header.sh[97]setpdy.sh
+ setpdy.sh[20]'[' /lfs/h2/emc/stmp/emc.global/RUNDIRS/retrotestgfs10/gdas.2024112418/arch_tars.1887349 == /u/emc.global ']'
+ setpdy.sh[25][[ ! t18z =~ t??z ]]
+ setpdy.sh[30]case $# in
+ setpdy.sh[31]dates_before_PDY=7
+ setpdy.sh[32]dates_after_PDY=7
+ setpdy.sh[50]COMDATEROOT=/lfs/h1/ops/prod/com
+ setpdy.sh[53]'[' -z 20241124 ']'
+ setpdy.sh[57]sed 's/[0-9]\{8\}/20241124/' /lfs/h1/ops/prod/com/date/t18z
++ setpdy.sh[62]finddate.sh 20241124 s-7
+++ finddate.sh[27]set +x
+ setpdy.sh[62]DATElne_minus=
++ jjob_header.sh[97]true
++ jjob_header.sh[98]source ./PDY
/lfs/h2/emc/global/noscrub/emc.global/RETRO_GFSv17/git/global-workflow/develop_20250602/ush/jjob_header.sh: line 98: ./PDY: No such file or directory
++ jjob_header.sh[98]true
++ jjob_header.sh[104]export EXPDIR=/lfs/h2/emc/global/noscrub/emc.global/RETRO_GFSv17/expdir/retrotestgfs10
++ jjob_header.sh[104]EXPDIR=/lfs/h2/emc/global/noscrub/emc.global/RETRO_GFSv17/expdir/retrotestgfs10
++ jjob_header.sh[105]for config in "${configs[@]:-''}"
++ jjob_header.sh[106]source /lfs/h2/emc/global/noscrub/emc.global/RETRO_GFSv17/expdir/retrotestgfs10/config.base
+++ config.base[6]echo 'BEGIN: config.base'
BEGIN: config.base
+++ config.base[9]export machine=WCOSS2
+++ config.base[9]machine=WCOSS2
+++ config.base[12]export RUN_ENVIR=emc
+++ config.base[12]RUN_ENVIR=emc
+++ config.base[15]export ACCOUNT=GFS-DEV
+++ config.base[15]ACCOUNT=GFS-DEV
+++ config.base[16]export QUEUE=devmax
+++ config.base[16]QUEUE=devmax
+++ config.base[17]export QUEUE_SERVICE=dev_transfer
+++ config.base[17]QUEUE_SERVICE=dev_transfer
+++ config.base[18]export QUEUE_DTN=dev_transfer
+++ config.base[18]QUEUE_DTN=dev_transfer
+++ config.base[19]export 'PARTITION_BATCH={{ PARTITION_BATCH }}'
+++ config.base[19]PARTITION_BATCH='{{ PARTITION_BATCH }}'
+++ config.base[20]export PARTITION_SERVICE=
+++ config.base[20]PARTITION_SERVICE=
+++ config.base[21]export PARTITION_DTN=
+++ config.base[21]PARTITION_DTN=
+++ config.base[22]export RESERVATION=
+++ config.base[22]RESERVATION=
+++ config.base[23]export CLUSTERS=
+++ config.base[23]CLUSTERS=
+++ config.base[24]export CLUSTERS_SERVICE=
+++ config.base[24]CLUSTERS_SERVICE=
+++ config.base[25]export CLUSTERS_DTN=
+++ config.base[25]CLUSTERS_DTN=
+++ config.base[28]export HPSS_PROJECT=emc-global
+++ config.base[28]HPSS_PROJECT=emc-global
+++ config.base[31]export HOMEgfs=/lfs/h2/emc/global/noscrub/emc.global/RETRO_GFSv17/git/global-workflow/develop_20250602
+++ config.base[31]HOMEgfs=/lfs/h2/emc/global/noscrub/emc.global/RETRO_GFSv17/git/global-workflow/develop_20250602
+++ config.base[32]export EXECgfs=/lfs/h2/emc/global/noscrub/emc.global/RETRO_GFSv17/git/global-workflow/develop_20250602/exec
+++ config.base[32]EXECgfs=/lfs/h2/emc/global/noscrub/emc.global/RETRO_GFSv17/git/global-workflow/develop_20250602/exec
+++ config.base[33]export FIXgfs=/lfs/h2/emc/global/noscrub/emc.global/RETRO_GFSv17/git/global-workflow/develop_20250602/fix
+++ config.base[33]FIXgfs=/lfs/h2/emc/global/noscrub/emc.global/RETRO_GFSv17/git/global-workflow/develop_20250602/fix
+++ config.base[34]export PARMgfs=/lfs/h2/emc/global/noscrub/emc.global/RETRO_GFSv17/git/global-workflow/develop_20250602/parm
+++ config.base[34]PARMgfs=/lfs/h2/emc/global/noscrub/emc.global/RETRO_GFSv17/git/global-workflow/develop_20250602/parm
+++ config.base[35]export SCRgfs=/lfs/h2/emc/global/noscrub/emc.global/RETRO_GFSv17/git/global-workflow/develop_20250602/scripts
+++ config.base[35]SCRgfs=/lfs/h2/emc/global/noscrub/emc.global/RETRO_GFSv17/git/global-workflow/develop_20250602/scripts
+++ config.base[36]export USHgfs=/lfs/h2/emc/global/noscrub/emc.global/RETRO_GFSv17/git/global-workflow/develop_20250602/ush
+++ config.base[36]USHgfs=/lfs/h2/emc/global/noscrub/emc.global/RETRO_GFSv17/git/global-workflow/develop_20250602/ush
+++ config.base[38]export FIXam=/lfs/h2/emc/global/noscrub/emc.global/RETRO_GFSv17/git/global-workflow/develop_20250602/fix/am
+++ config.base[38]FIXam=/lfs/h2/emc/global/noscrub/emc.global/RETRO_GFSv17/git/global-workflow/develop_20250602/fix/am
+++ config.base[39]export FIXaer=/lfs/h2/emc/global/noscrub/emc.global/RETRO_GFSv17/git/global-workflow/develop_20250602/fix/aer
+++ config.base[39]FIXaer=/lfs/h2/emc/global/noscrub/emc.global/RETRO_GFSv17/git/global-workflow/develop_20250602/fix/aer
+++ config.base[40]export FIXcpl=/lfs/h2/emc/global/noscrub/emc.global/RETRO_GFSv17/git/global-workflow/develop_20250602/fix/cpl
+++ config.base[40]FIXcpl=/lfs/h2/emc/global/noscrub/emc.global/RETRO_GFSv17/git/global-workflow/develop_20250602/fix/cpl
+++ config.base[41]export FIXlut=/lfs/h2/emc/global/noscrub/emc.global/RETRO_GFSv17/git/global-workflow/develop_20250602/fix/lut
+++ config.base[41]FIXlut=/lfs/h2/emc/global/noscrub/emc.global/RETRO_GFSv17/git/global-workflow/develop_20250602/fix/lut
+++ config.base[42]export FIXcice=/lfs/h2/emc/global/noscrub/emc.global/RETRO_GFSv17/git/global-workflow/develop_20250602/fix/cice
+++ config.base[42]FIXcice=/lfs/h2/emc/global/noscrub/emc.global/RETRO_GFSv17/git/global-workflow/develop_20250602/fix/cice
+++ config.base[43]export FIXmom=/lfs/h2/emc/global/noscrub/emc.global/RETRO_GFSv17/git/global-workflow/develop_20250602/fix/mom6
+++ config.base[43]FIXmom=/lfs/h2/emc/global/noscrub/emc.global/RETRO_GFSv17/git/global-workflow/develop_20250602/fix/mom6
+++ config.base[44]export FIXreg2grb2=/lfs/h2/emc/global/noscrub/emc.global/RETRO_GFSv17/git/global-workflow/develop_20250602/fix/reg2grb2
+++ config.base[44]FIXreg2grb2=/lfs/h2/emc/global/noscrub/emc.global/RETRO_GFSv17/git/global-workflow/develop_20250602/fix/reg2grb2
+++ config.base[45]export FIXgdas=/lfs/h2/emc/global/noscrub/emc.global/RETRO_GFSv17/git/global-workflow/develop_20250602/fix/gdas
+++ config.base[45]FIXgdas=/lfs/h2/emc/global/noscrub/emc.global/RETRO_GFSv17/git/global-workflow/develop_20250602/fix/gdas
+++ config.base[50]export PACKAGEROOT=/lfs/h1/ops/prod/packages
+++ config.base[50]PACKAGEROOT=/lfs/h1/ops/prod/packages
+++ config.base[51]export COMROOT=/lfs/h2/emc/ptmp/emc.global/RETRO_GFSv17/comroot
+++ config.base[51]COMROOT=/lfs/h2/emc/ptmp/emc.global/RETRO_GFSv17/comroot
+++ config.base[52]export COMINsyn=/lfs/h1/ops/prod/com/gfs/v16.3/syndat
+++ config.base[52]COMINsyn=/lfs/h1/ops/prod/com/gfs/v16.3/syndat
+++ config.base[53]export DMPDIR=/lfs/h2/emc/dump/noscrub/dump
+++ config.base[53]DMPDIR=/lfs/h2/emc/dump/noscrub/dump
+++ config.base[57]export COMINecmwf=/lfs/h2/emc/global/noscrub/emc.global/data/external_gempak/ecmwf
+++ config.base[57]COMINecmwf=/lfs/h2/emc/global/noscrub/emc.global/data/external_gempak/ecmwf
+++ config.base[58]export COMINnam=/lfs/h2/emc/global/noscrub/emc.global/data/external_gempak/nam
+++ config.base[58]COMINnam=/lfs/h2/emc/global/noscrub/emc.global/data/external_gempak/nam
+++ config.base[59]export COMINukmet=/lfs/h2/emc/global/noscrub/emc.global/data/external_gempak/ukmet
+++ config.base[59]COMINukmet=/lfs/h2/emc/global/noscrub/emc.global/data/external_gempak/ukmet
+++ config.base[62]export HOMEDIR=/lfs/h2/emc/global/noscrub/emc.global
+++ config.base[62]HOMEDIR=/lfs/h2/emc/global/noscrub/emc.global
+++ config.base[63]export STMP=/lfs/h2/emc/stmp/emc.global
+++ config.base[63]STMP=/lfs/h2/emc/stmp/emc.global
+++ config.base[64]export PTMP=/lfs/h2/emc/ptmp/emc.global
+++ config.base[64]PTMP=/lfs/h2/emc/ptmp/emc.global
+++ config.base[65]export NOSCRUB=/lfs/h2/emc/global/noscrub/emc.global
+++ config.base[65]NOSCRUB=/lfs/h2/emc/global/noscrub/emc.global
+++ config.base[68]export BASE_GIT=/lfs/h2/emc/global/save/emc.global/git
+++ config.base[68]BASE_GIT=/lfs/h2/emc/global/save/emc.global/git
+++ config.base[71]export BASE_DATA=/lfs/h2/emc/global/noscrub/emc.global/data
+++ config.base[71]BASE_DATA=/lfs/h2/emc/global/noscrub/emc.global/data
+++ config.base[74]export DO_PREP_SFC=NO
+++ config.base[74]DO_PREP_SFC=NO
+++ config.base[77]export DO_GOES=NO
+++ config.base[77]DO_GOES=NO
+++ config.base[78]export DO_BUFRSND=NO
+++ config.base[78]DO_BUFRSND=NO
+++ config.base[79]export DO_GEMPAK=NO
+++ config.base[79]DO_GEMPAK=NO
+++ config.base[80]export DO_AWIPS=NO
+++ config.base[80]DO_AWIPS=NO
+++ config.base[81]export DO_NPOESS=NO
+++ config.base[81]DO_NPOESS=NO
+++ config.base[82]export DO_TRACKER=YES
+++ config.base[82]DO_TRACKER=YES
+++ config.base[83]export DO_GENESIS=YES
+++ config.base[83]DO_GENESIS=YES
+++ config.base[84]export DO_GENESIS_FSU=NO
+++ config.base[84]DO_GENESIS_FSU=NO
+++ config.base[85]export DO_VERFOZN=YES
+++ config.base[85]DO_VERFOZN=YES
+++ config.base[86]export DO_VERFRAD=YES
+++ config.base[86]DO_VERFRAD=YES
+++ config.base[87]export DO_VMINMON=YES
+++ config.base[87]DO_VMINMON=YES
+++ config.base[88]export DO_ANLSTAT=NO
+++ config.base[88]DO_ANLSTAT=NO
+++ config.base[91]export MODE=cycled
+++ config.base[91]MODE=cycled
+++ config.base[92]export DO_TEST_MODE=NO
+++ config.base[92]DO_TEST_MODE=NO
+++ config.base[101]export FIXgsi=/lfs/h2/emc/global/noscrub/emc.global/RETRO_GFSv17/git/global-workflow/develop_20250602/fix/gsi
+++ config.base[101]FIXgsi=/lfs/h2/emc/global/noscrub/emc.global/RETRO_GFSv17/git/global-workflow/develop_20250602/fix/gsi
+++ config.base[102]export HOMEpost=/lfs/h2/emc/global/noscrub/emc.global/RETRO_GFSv17/git/global-workflow/develop_20250602
+++ config.base[102]HOMEpost=/lfs/h2/emc/global/noscrub/emc.global/RETRO_GFSv17/git/global-workflow/develop_20250602
+++ config.base[103]export HOMEobsproc=/lfs/h2/emc/global/save/emc.global/git/obsproc/v1.2.0
+++ config.base[103]HOMEobsproc=/lfs/h2/emc/global/save/emc.global/git/obsproc/v1.2.0
+++ config.base[106]export NMV=/bin/mv
+++ config.base[106]NMV=/bin/mv
+++ config.base[107]export 'NLN=/bin/ln -sf'
+++ config.base[107]NLN='/bin/ln -sf'
+++ config.base[108]export VERBOSE=YES
+++ config.base[108]VERBOSE=YES
+++ config.base[109]export KEEPDATA=NO
+++ config.base[109]KEEPDATA=NO
+++ config.base[110]export DEBUG_POSTSCRIPT=NO
+++ config.base[110]DEBUG_POSTSCRIPT=NO
+++ config.base[111]export CHGRP_RSTPROD=YES
+++ config.base[111]CHGRP_RSTPROD=YES
+++ config.base[112]export 'CHGRP_CMD=chgrp rstprod'
+++ config.base[112]CHGRP_CMD='chgrp rstprod'
+++ config.base[113]export NCDUMP=/apps/prod/hpc-stack/intel-19.1.3.304/cray-mpich-8.1.4/netcdf/4.7.4/bin/ncdump
+++ config.base[113]NCDUMP=/apps/prod/hpc-stack/intel-19.1.3.304/cray-mpich-8.1.4/netcdf/4.7.4/bin/ncdump
+++ config.base[114]export NCLEN=/lfs/h2/emc/global/noscrub/emc.global/RETRO_GFSv17/git/global-workflow/develop_20250602/ush/getncdimlen
+++ config.base[114]NCLEN=/lfs/h2/emc/global/noscrub/emc.global/RETRO_GFSv17/git/global-workflow/develop_20250602/ush/getncdimlen
+++ config.base[117]export BASE_ENV=/lfs/h2/emc/global/noscrub/emc.global/RETRO_GFSv17/git/global-workflow/develop_20250602/env
+++ config.base[117]BASE_ENV=/lfs/h2/emc/global/noscrub/emc.global/RETRO_GFSv17/git/global-workflow/develop_20250602/env
+++ config.base[120]export SDATE=2024111506
+++ config.base[120]SDATE=2024111506
+++ config.base[121]export EDATE=2025011600
+++ config.base[121]EDATE=2025011600
+++ config.base[122]export EXP_WARM_START=.true.
+++ config.base[122]EXP_WARM_START=.true.
+++ config.base[123]export assim_freq=6
+++ config.base[123]assim_freq=6
+++ config.base[124]export PSLOT=retrotestgfs10
+++ config.base[124]PSLOT=retrotestgfs10
+++ config.base[125]export EXPDIR=/lfs/h2/emc/global/noscrub/emc.global/RETRO_GFSv17/expdir/retrotestgfs10
+++ config.base[125]EXPDIR=/lfs/h2/emc/global/noscrub/emc.global/RETRO_GFSv17/expdir/retrotestgfs10
+++ config.base[126]export ROTDIR=/lfs/h2/emc/ptmp/emc.global/RETRO_GFSv17/comroot/retrotestgfs10
+++ config.base[126]ROTDIR=/lfs/h2/emc/ptmp/emc.global/RETRO_GFSv17/comroot/retrotestgfs10
+++ config.base[127]export DUMP_SUFFIX=
+++ config.base[127]DUMP_SUFFIX=
+++ config.base[128][[ 2024112418 -ge 2019092100 ]]
+++ config.base[128][[ 2024112418 -le 2019110700 ]]
+++ config.base[132]export ARCDIR=/lfs/h2/emc/global/noscrub/emc.global/RETRO_GFSv17/archive/retrotestgfs10
+++ config.base[132]ARCDIR=/lfs/h2/emc/global/noscrub/emc.global/RETRO_GFSv17/archive/retrotestgfs10
+++ config.base[134]export ATARDIR=/5year/NCEPDEV/emc-global/emc.glopara/WCOSS2/GFSv17/retrotestgfs10
+++ config.base[134]ATARDIR=/5year/NCEPDEV/emc-global/emc.glopara/WCOSS2/GFSv17/retrotestgfs10
+++ config.base[136]export 'FETCHDIR={{ FETCHDIR }}'
+++ config.base[136]FETCHDIR='{{ FETCHDIR }}'
+++ config.base[139]export envir=prod
+++ config.base[139]envir=prod
+++ config.base[140]export NET=gfs
+++ config.base[140]NET=gfs
+++ config.base[141]export RUN=gdas
+++ config.base[141]RUN=gdas
+++ config.base[144]source /lfs/h2/emc/global/noscrub/emc.global/RETRO_GFSv17/expdir/retrotestgfs10/config.com
++++ config.com[4]echo 'BEGIN: config.com'
BEGIN: config.com
++++ config.com[38][[ emc == \n\c\o ]]
++++ config.com[43]COM_OBSPROC_TMPL='${DMPDIR}/${RUN}${DUMP_SUFFIX}.${YMD}/${HH}/atmos'
++++ config.com[44]COM_RTOFS_TMPL='${DMPDIR}'
++++ config.com[45]COM_TCVITAL_TMPL='${DMPDIR}/${RUN}.${YMD}/${HH}/atmos'
++++ config.com[47]declare -rx 'COM_OBS_TMPL=${ROTDIR}/${RUN}.${YMD}/${HH}/obs'
++++ config.com[48]declare -rx COM_OBSPROC_TMPL COM_RTOFS_TMPL
++++ config.com[50]COM_BASE='${ROTDIR}/${RUN}.${YMD}/${HH}/${MEMDIR}'
++++ config.com[52]declare -rx 'COM_TOP_TMPL=${ROTDIR}/${RUN}.${YMD}/${HH}'
++++ config.com[54]declare -rx 'COM_CONF_TMPL=${ROTDIR}/${RUN}.${YMD}/${HH}/${MEMDIR}/conf'
++++ config.com[55]declare -rx 'COM_OBS_JEDI=${ROTDIR}/${RUN}.${YMD}/${HH}/${MEMDIR}/obs_jedi'
++++ config.com[57]declare -rx 'COM_ATMOS_INPUT_TMPL=${ROTDIR}/${RUN}.${YMD}/${HH}/${MEMDIR}/model/atmos/input'
++++ config.com[58]declare -rx 'COM_ATMOS_RESTART_TMPL=${ROTDIR}/${RUN}.${YMD}/${HH}/${MEMDIR}/model/atmos/restart'
++++ config.com[59]declare -rx 'COM_ATMOS_ANALYSIS_TMPL=${ROTDIR}/${RUN}.${YMD}/${HH}/${MEMDIR}/analysis/atmos'
++++ config.com[60]declare -rx 'COM_SNOW_ANALYSIS_TMPL=${ROTDIR}/${RUN}.${YMD}/${HH}/${MEMDIR}/analysis/snow'
++++ config.com[61]declare -rx 'COM_SNOW_ANLMON_TMPL=${ROTDIR}/${RUN}.${YMD}/${HH}/${MEMDIR}/products/snow/anlmon'
++++ config.com[62]declare -rx 'COM_ATMOS_HISTORY_TMPL=${ROTDIR}/${RUN}.${YMD}/${HH}/${MEMDIR}/model/atmos/history'
++++ config.com[63]declare -rx 'COM_ATMOS_MASTER_TMPL=${ROTDIR}/${RUN}.${YMD}/${HH}/${MEMDIR}/model/atmos/master'
++++ config.com[64]declare -rx 'COM_ATMOS_GRIB_TMPL=${ROTDIR}/${RUN}.${YMD}/${HH}/${MEMDIR}/products/atmos/grib2'
++++ config.com[65]declare -rx 'COM_ATMOS_GRIB_GRID_TMPL=${ROTDIR}/${RUN}.${YMD}/${HH}/${MEMDIR}/products/atmos/grib2/${GRID}'
++++ config.com[66]declare -rx 'COM_ATMOS_BUFR_TMPL=${ROTDIR}/${RUN}.${YMD}/${HH}/${MEMDIR}/products/atmos/bufr'
++++ config.com[67]declare -rx 'COM_ATMOS_GEMPAK_TMPL=${ROTDIR}/${RUN}.${YMD}/${HH}/${MEMDIR}/products/atmos/gempak/${GRID}'
++++ config.com[68]declare -rx 'COM_ATMOS_GENESIS_TMPL=${ROTDIR}/${RUN}.${YMD}/${HH}/${MEMDIR}/products/atmos/cyclone/genesis_vital'
++++ config.com[69]declare -rx 'COM_ATMOS_TRACK_TMPL=${ROTDIR}/${RUN}.${YMD}/${HH}/${MEMDIR}/products/atmos/cyclone/tracks'
++++ config.com[70]declare -rx 'COM_ATMOS_GOES_TMPL=${ROTDIR}/${RUN}.${YMD}/${HH}/${MEMDIR}/products/atmos/goes_sim'
++++ config.com[71]declare -rx 'COM_ATMOS_IMAGERY_TMPL=${ROTDIR}/${RUN}.${YMD}/${HH}/${MEMDIR}/products/atmos/imagery'
++++ config.com[72]declare -rx 'COM_ATMOS_OZNMON_TMPL=${ROTDIR}/${RUN}.${YMD}/${HH}/${MEMDIR}/products/atmos/oznmon'
++++ config.com[73]declare -rx 'COM_ATMOS_RADMON_TMPL=${ROTDIR}/${RUN}.${YMD}/${HH}/${MEMDIR}/products/atmos/radmon'
++++ config.com[74]declare -rx 'COM_ATMOS_MINMON_TMPL=${ROTDIR}/${RUN}.${YMD}/${HH}/${MEMDIR}/products/atmos/minmon'
++++ config.com[75]declare -rx 'COM_ATMOS_ANLMON_TMPL=${ROTDIR}/${RUN}.${YMD}/${HH}/${MEMDIR}/products/atmos/anlmon'
++++ config.com[76]declare -rx 'COM_ATMOS_WMO_TMPL=${ROTDIR}/${RUN}.${YMD}/${HH}/${MEMDIR}/products/atmos/wmo'
++++ config.com[78]declare -rx 'COM_WAVE_RESTART_TMPL=${ROTDIR}/${RUN}.${YMD}/${HH}/${MEMDIR}/model/wave/restart'
++++ config.com[79]declare -rx 'COM_WAVE_PREP_TMPL=${ROTDIR}/${RUN}.${YMD}/${HH}/${MEMDIR}/model/wave/prep'
++++ config.com[80]declare -rx 'COM_WAVE_HISTORY_TMPL=${ROTDIR}/${RUN}.${YMD}/${HH}/${MEMDIR}/model/wave/history'
++++ config.com[81]declare -rx 'COM_WAVE_GRID_TMPL=${ROTDIR}/${RUN}.${YMD}/${HH}/${MEMDIR}/products/wave/gridded'
++++ config.com[82]declare -rx 'COM_WAVE_GRID_RES_TMPL=${ROTDIR}/${RUN}.${YMD}/${HH}/${MEMDIR}/products/wave/gridded/${GRDRESNAME}'
++++ config.com[83]declare -rx 'COM_WAVE_STATION_TMPL=${ROTDIR}/${RUN}.${YMD}/${HH}/${MEMDIR}/products/wave/station'
++++ config.com[84]declare -rx 'COM_WAVE_GEMPAK_TMPL=${ROTDIR}/${RUN}.${YMD}/${HH}/${MEMDIR}/products/wave/gempak'
++++ config.com[85]declare -rx 'COM_WAVE_WMO_TMPL=${ROTDIR}/${RUN}.${YMD}/${HH}/${MEMDIR}/products/wave/wmo'
++++ config.com[87]declare -rx 'COM_OCEAN_HISTORY_TMPL=${ROTDIR}/${RUN}.${YMD}/${HH}/${MEMDIR}/model/ocean/history'
++++ config.com[88]declare -rx 'COM_OCEAN_RESTART_TMPL=${ROTDIR}/${RUN}.${YMD}/${HH}/${MEMDIR}/model/ocean/restart'
++++ config.com[89]declare -rx 'COM_OCEAN_INPUT_TMPL=${ROTDIR}/${RUN}.${YMD}/${HH}/${MEMDIR}/model/ocean/input'
++++ config.com[90]declare -rx 'COM_OCEAN_ANALYSIS_TMPL=${ROTDIR}/${RUN}.${YMD}/${HH}/${MEMDIR}/analysis/ocean'
++++ config.com[91]declare -rx 'COM_OCEAN_ANLMON_TMPL=${ROTDIR}/${RUN}.${YMD}/${HH}/${MEMDIR}/products/ocean/anlmon'
++++ config.com[92]declare -rx 'COM_OCEAN_LETKF_TMPL=${ROTDIR}/${RUN}.${YMD}/${HH}/${MEMDIR}/analysis/ocean/letkf'
++++ config.com[93]declare -rx 'COM_OCEAN_BMATRIX_TMPL=${ROTDIR}/${RUN}.${YMD}/${HH}/${MEMDIR}/bmatrix/ocean'
++++ config.com[94]declare -rx 'COM_OCEAN_NETCDF_TMPL=${ROTDIR}/${RUN}.${YMD}/${HH}/${MEMDIR}/products/ocean/netcdf'
++++ config.com[95]declare -rx 'COM_OCEAN_GRIB_TMPL=${ROTDIR}/${RUN}.${YMD}/${HH}/${MEMDIR}/products/ocean/grib2'
++++ config.com[96]declare -rx 'COM_OCEAN_GRIB_GRID_TMPL=${ROTDIR}/${RUN}.${YMD}/${HH}/${MEMDIR}/products/ocean/grib2/${GRID}'
++++ config.com[98]declare -rx 'COM_ICE_ANALYSIS_TMPL=${ROTDIR}/${RUN}.${YMD}/${HH}/${MEMDIR}/analysis/ice'
++++ config.com[99]declare -rx 'COM_ICE_LETKF_TMPL=${ROTDIR}/${RUN}.${YMD}/${HH}/${MEMDIR}/analysis/ice/letkf'
++++ config.com[100]declare -rx 'COM_ICE_ANLMON_TMPL=${ROTDIR}/${RUN}.${YMD}/${HH}/${MEMDIR}/products/ice/anlmon'
++++ config.com[101]declare -rx 'COM_ICE_BMATRIX_TMPL=${ROTDIR}/${RUN}.${YMD}/${HH}/${MEMDIR}/bmatrix/ice'
++++ config.com[102]declare -rx 'COM_ICE_INPUT_TMPL=${ROTDIR}/${RUN}.${YMD}/${HH}/${MEMDIR}/model/ice/input'
++++ config.com[103]declare -rx 'COM_ICE_HISTORY_TMPL=${ROTDIR}/${RUN}.${YMD}/${HH}/${MEMDIR}/model/ice/history'
++++ config.com[104]declare -rx 'COM_ICE_RESTART_TMPL=${ROTDIR}/${RUN}.${YMD}/${HH}/${MEMDIR}/model/ice/restart'
++++ config.com[105]declare -rx 'COM_ICE_NETCDF_TMPL=${ROTDIR}/${RUN}.${YMD}/${HH}/${MEMDIR}/products/ice/netcdf'
++++ config.com[106]declare -rx 'COM_ICE_GRIB_TMPL=${ROTDIR}/${RUN}.${YMD}/${HH}/${MEMDIR}/products/ice/grib2'
++++ config.com[107]declare -rx 'COM_ICE_GRIB_GRID_TMPL=${ROTDIR}/${RUN}.${YMD}/${HH}/${MEMDIR}/products/ice/grib2/${GRID}'
++++ config.com[109]declare -rx 'COM_CHEM_HISTORY_TMPL=${ROTDIR}/${RUN}.${YMD}/${HH}/${MEMDIR}/model/chem/history'
++++ config.com[110]declare -rx 'COM_CHEM_ANALYSIS_TMPL=${ROTDIR}/${RUN}.${YMD}/${HH}/${MEMDIR}/analysis/chem'
++++ config.com[111]declare -rx 'COM_CHEM_BMAT_TMPL=${ROTDIR}/${RUN}.${YMD}/${HH}/${MEMDIR}/analysis/chem/bmatrix'
++++ config.com[112]declare -rx 'COM_CHEM_ANLMON_TMPL=${ROTDIR}/${RUN}.${YMD}/${HH}/${MEMDIR}/products/chem/anlmon'
++++ config.com[114]declare -rx 'COM_MED_RESTART_TMPL=${ROTDIR}/${RUN}.${YMD}/${HH}/${MEMDIR}/model/med/restart'
+++ config.base[146]export LOGSCRIPT=
+++ config.base[146]LOGSCRIPT=
+++ config.base[148]export 'REDOUT=1>'
+++ config.base[148]REDOUT='1>'
+++ config.base[149]export 'REDERR=2>'
+++ config.base[149]REDERR='2>'
+++ config.base[151]export SENDECF=NO
+++ config.base[151]SENDECF=NO
+++ config.base[152]export SENDSDM=NO
+++ config.base[152]SENDSDM=NO
+++ config.base[153]export SENDDBN_NTC=NO
+++ config.base[153]SENDDBN_NTC=NO
+++ config.base[154]export SENDDBN=NO
+++ config.base[154]SENDDBN=NO
+++ config.base[155]export DBNROOT=/apps/ops/prod/nco/core/prod_util.v2.0.9/fakedbn
+++ config.base[155]DBNROOT=/apps/ops/prod/nco/core/prod_util.v2.0.9/fakedbn
+++ config.base[158]export APP=S2SW
+++ config.base[158]APP=S2SW
+++ config.base[160]shopt -s extglob
+++ config.base[163]case "${RUN}" in
+++ config.base[170]shopt -u extglob
+++ config.base[173]export DO_ATM=YES
+++ config.base[173]DO_ATM=YES
+++ config.base[174]export DO_COUPLED=NO
+++ config.base[174]DO_COUPLED=NO
+++ config.base[175]export DO_WAVE=NO
+++ config.base[175]DO_WAVE=NO
+++ config.base[176]export DO_OCN=NO
+++ config.base[176]DO_OCN=NO
+++ config.base[177]export DO_ICE=NO
+++ config.base[177]DO_ICE=NO
+++ config.base[178]DO_AERO=NO
+++ config.base[179]export DO_PREP_OBS_AERO=NO
+++ config.base[179]DO_PREP_OBS_AERO=NO
+++ config.base[180]aero_fcst_runs=gdas
+++ config.base[181]aero_anl_runs='gdas gfs'
+++ config.base[182]export DO_AERO_FCST=NO
+++ config.base[182]DO_AERO_FCST=NO
+++ config.base[183]export DO_AERO_ANL=NO
+++ config.base[183]DO_AERO_ANL=NO
+++ config.base[184]export DOBNDPNT_WAVE=YES
+++ config.base[184]DOBNDPNT_WAVE=YES
+++ config.base[185]export DOIBP_WAV=NO
+++ config.base[185]DOIBP_WAV=NO
+++ config.base[186]export FRAC_GRID=.true.
+++ config.base[186]FRAC_GRID=.true.
+++ config.base[187]export DO_NEST=NO
+++ config.base[187]DO_NEST=NO
+++ config.base[188][[ NO == \Y\E\S ]]
+++ config.base[194]export ntiles=6
+++ config.base[194]ntiles=6
+++ config.base[195]export FIXugwd=/lfs/h2/emc/global/noscrub/emc.global/RETRO_GFSv17/git/global-workflow/develop_20250602/fix/ugwd
+++ config.base[195]FIXugwd=/lfs/h2/emc/global/noscrub/emc.global/RETRO_GFSv17/git/global-workflow/develop_20250602/fix/ugwd
+++ config.base[196]export FIXorog=/lfs/h2/emc/global/noscrub/emc.global/RETRO_GFSv17/git/global-workflow/develop_20250602/fix/orog
+++ config.base[196]FIXorog=/lfs/h2/emc/global/noscrub/emc.global/RETRO_GFSv17/git/global-workflow/develop_20250602/fix/orog
+++ config.base[200]export OPS_RES=C768
+++ config.base[200]OPS_RES=C768
+++ config.base[203]export LEVS=128
+++ config.base[203]LEVS=128
+++ config.base[204]export CASE=C1152
+++ config.base[204]CASE=C1152
+++ config.base[205]export CASE_ENS=C384
+++ config.base[205]CASE_ENS=C384
+++ config.base[206]export OCNRES=025
+++ config.base[206]OCNRES=025
+++ config.base[207]export ICERES=025
+++ config.base[207]ICERES=025
+++ config.base[210]case "${CASE}" in
+++ config.base[221]export waveGRD=uglo_15km
+++ config.base[221]waveGRD=uglo_15km
+++ config.base[229]case "${APP}" in
+++ config.base[245]export DO_COUPLED=YES
+++ config.base[245]DO_COUPLED=YES
+++ config.base[246]export DO_OCN=YES
+++ config.base[246]DO_OCN=YES
+++ config.base[247]export DO_ICE=YES
+++ config.base[247]DO_ICE=YES
+++ config.base[249][[ S2SW =~ A$ ]]
+++ config.base[253][[ S2SW =~ ^S2SW ]]
+++ config.base[254]export DO_WAVE=YES
+++ config.base[254]DO_WAVE=YES
+++ config.base[264][[ NO == \Y\E\S ]]
+++ config.base[274][[ gdas =~ gdas ]]
+++ config.base[275]export FHCYC=1
+++ config.base[275]FHCYC=1
+++ config.base[276]export FTSFS=10
+++ config.base[276]FTSFS=10
+++ config.base[282]export FHMIN=0
+++ config.base[282]FHMIN=0
+++ config.base[283]export FHMAX=9
+++ config.base[283]FHMAX=9
+++ config.base[284]export FHOUT=3
+++ config.base[284]FHOUT=3
+++ config.base[285]export FHOUT_OCN=3
+++ config.base[285]FHOUT_OCN=3
+++ config.base[286]export FHOUT_ICE=3
+++ config.base[286]FHOUT_ICE=3
+++ config.base[287]export FHOUT_AERO=3
+++ config.base[287]FHOUT_AERO=3
+++ config.base[290]export EUPD_CYC=both
+++ config.base[290]EUPD_CYC=both
+++ config.base[293]export INTERVAL_GFS=6
+++ config.base[293]INTERVAL_GFS=6
+++ config.base[294]export SDATE_GFS=2024111512
+++ config.base[294]SDATE_GFS=2024111512
+++ config.base[297]export FHMIN_GFS=0
+++ config.base[297]FHMIN_GFS=0
+++ config.base[298]export FHMAX_GFS=384
+++ config.base[298]FHMAX_GFS=384
+++ config.base[300]breakpnts=
+++ config.base[301]export FCST_SEGMENTS=0,384
+++ config.base[301]FCST_SEGMENTS=0,384
+++ config.base[302]export FHOUT_GFS=3
+++ config.base[302]FHOUT_GFS=3
+++ config.base[303]export FHMAX_HF_GFS=120
+++ config.base[303]FHMAX_HF_GFS=120
+++ config.base[304]export FHOUT_HF_GFS=1
+++ config.base[304]FHOUT_HF_GFS=1
+++ config.base[305]export FHOUT_OCN_GFS=6
+++ config.base[305]FHOUT_OCN_GFS=6
+++ config.base[306]export FHOUT_ICE_GFS=6
+++ config.base[306]FHOUT_ICE_GFS=6
+++ config.base[307]export FHMIN_WAV=0
+++ config.base[307]FHMIN_WAV=0
+++ config.base[308]export FHOUT_WAV=3
+++ config.base[308]FHOUT_WAV=3
+++ config.base[309]export FHMAX_HF_WAV=120
+++ config.base[309]FHMAX_HF_WAV=120
+++ config.base[310]export FHOUT_HF_WAV=1
+++ config.base[310]FHOUT_HF_WAV=1
+++ config.base[311]export FHMAX_WAV=9
+++ config.base[311]FHMAX_WAV=9
+++ config.base[312]export FHMAX_WAV_GFS=384
+++ config.base[312]FHMAX_WAV_GFS=384
+++ config.base[313]export FHMAX_HF_GFS=120
+++ config.base[313]FHMAX_HF_GFS=120
+++ config.base[314]export FHMAX_WAV=9
+++ config.base[314]FHMAX_WAV=9
+++ config.base[315]export FHMAX_WAV_GFS=384
+++ config.base[315]FHMAX_WAV_GFS=384
+++ config.base[316]export FHMAX_HF_WAV=120
+++ config.base[316]FHMAX_HF_WAV=120
+++ config.base[319]export ILPOST=1
+++ config.base[319]ILPOST=1
+++ config.base[320]((  FHMAX_HF_GFS < 120  ))
+++ config.base[325]export FHMAX_GOES=180
+++ config.base[325]FHMAX_GOES=180
+++ config.base[326]export FHOUT_GOES=3
+++ config.base[326]FHOUT_GOES=3
+++ config.base[327]((  FHMAX_GOES > FHMAX_GFS  ))
+++ config.base[332]export restart_interval_gfs=12
+++ config.base[332]restart_interval_gfs=12
+++ config.base[337]export QUILTING=.true.
+++ config.base[337]QUILTING=.true.
+++ config.base[338]export OUTPUT_GRID=gaussian_grid
+++ config.base[338]OUTPUT_GRID=gaussian_grid
+++ config.base[339]export WRITE_DOPOST=.true.
+++ config.base[339]WRITE_DOPOST=.true.
+++ config.base[340]export WRITE_NSFLIP=.true.
+++ config.base[340]WRITE_NSFLIP=.true.
+++ config.base[343]export DOIAU=YES
+++ config.base[343]DOIAU=YES
+++ config.base[344]export IAUFHRS=3,6,9
+++ config.base[344]IAUFHRS=3,6,9
+++ config.base[345]export IAU_FHROT=3
+++ config.base[345]IAU_FHROT=3
+++ config.base[346]export IAU_DELTHRS=6
+++ config.base[346]IAU_DELTHRS=6
+++ config.base[347]export IAU_OFFSET=6
+++ config.base[347]IAU_OFFSET=6
+++ config.base[348]export DOIAU_ENKF=YES
+++ config.base[348]DOIAU_ENKF=YES
+++ config.base[349]export IAUFHRS_ENKF=3,6,9
+++ config.base[349]IAUFHRS_ENKF=3,6,9
+++ config.base[350]export IAU_DELTHRS_ENKF=6
+++ config.base[350]IAU_DELTHRS_ENKF=6
+++ config.base[353]export lobsdiag_forenkf=.true.
+++ config.base[353]lobsdiag_forenkf=.true.
+++ config.base[361]export imp_physics=8
+++ config.base[361]imp_physics=8
+++ config.base[365]export DO_JEDIATMVAR=NO
+++ config.base[365]DO_JEDIATMVAR=NO
+++ config.base[366]export DO_JEDIATMENS=NO
+++ config.base[366]DO_JEDIATMENS=NO
+++ config.base[367]export DO_JEDIOCNVAR=YES
+++ config.base[367]DO_JEDIOCNVAR=YES
+++ config.base[368]export DO_JEDISNOWDA=YES
+++ config.base[368]DO_JEDISNOWDA=YES
+++ config.base[369]export DO_MERGENSST=NO
+++ config.base[369]DO_MERGENSST=NO
+++ config.base[370]export DO_STARTMEM_FROM_JEDIICE=YES
+++ config.base[370]DO_STARTMEM_FROM_JEDIICE=YES
+++ config.base[373]export DOHYBVAR=YES
+++ config.base[373]DOHYBVAR=YES
+++ config.base[374]export DOHYBVAR_OCN=YES
+++ config.base[374]DOHYBVAR_OCN=YES
+++ config.base[375]export DOLETKF_OCN=NO
+++ config.base[375]DOLETKF_OCN=NO
+++ config.base[376]export NMEM_ENS=80
+++ config.base[376]NMEM_ENS=80
+++ config.base[377]export SMOOTH_ENKF=NO
+++ config.base[377]SMOOTH_ENKF=NO
+++ config.base[378]export l4densvar=.true.
+++ config.base[378]l4densvar=.true.
+++ config.base[379]export lwrite4danl=.true.
+++ config.base[379]lwrite4danl=.true.
+++ config.base[380]export DO_CALC_INCREMENT=NO
+++ config.base[380]DO_CALC_INCREMENT=NO
+++ config.base[383]export NMEM_ENS_GFS=30
+++ config.base[383]NMEM_ENS_GFS=30
+++ config.base[384]export NMEM_ENS_GFS_OFFSET=20
+++ config.base[384]NMEM_ENS_GFS_OFFSET=20
+++ config.base[385]export DO_CALC_INCREMENT_ENKF_GFS=NO
+++ config.base[385]DO_CALC_INCREMENT_ENKF_GFS=NO
+++ config.base[388][[ YES = \Y\E\S ]]
+++ config.base[389]export FHMIN_ENKF=3
+++ config.base[389]FHMIN_ENKF=3
+++ config.base[390]export FHMAX_ENKF=9
+++ config.base[390]FHMAX_ENKF=9
+++ config.base[391]export FHMAX_ENKF_GFS=12
+++ config.base[391]FHMAX_ENKF_GFS=12
+++ config.base[392]export FHOUT_ENKF_GFS=3
+++ config.base[392]FHOUT_ENKF_GFS=3
+++ config.base[393][[ .true. = \.\t\r\u\e\. ]]
+++ config.base[394]export FHOUT=1
+++ config.base[394]FHOUT=1
+++ config.base[395]export FHOUT_ENKF=1
+++ config.base[395]FHOUT_ENKF=1
+++ config.base[402][[ YES == \N\O ]]
+++ config.base[410]export ENKF_SPREAD=YES
+++ config.base[410]ENKF_SPREAD=YES
+++ config.base[413][[ cycled = \c\y\c\l\e\d ]]
+++ config.base[413][[ 2024111506 = \2\0\2\4\1\1\2\4\1\8 ]]
+++ config.base[413][[ YES = \N\O ]]
+++ config.base[413][[ cycled = \f\o\r\e\c\a\s\t\-\o\n\l\y ]]
+++ config.base[419][[ YES = \N\O ]]
+++ config.base[423][[ YES == \Y\E\S ]]
+++ config.base[424]export restart_interval_enkfgdas=3
+++ config.base[424]restart_interval_enkfgdas=3
+++ config.base[429]export restart_interval_enkfgfs=3
+++ config.base[429]restart_interval_enkfgfs=3
+++ config.base[431][[ YES == \Y\E\S ]]
+++ config.base[432]export restart_interval_gdas=3
+++ config.base[432]restart_interval_gdas=3
+++ config.base[437]export DO_GSISOILDA=YES
+++ config.base[437]DO_GSISOILDA=YES
+++ config.base[440]export DONST=YES
+++ config.base[440]DONST=YES
+++ config.base[441][[ YES = \Y\E\S ]]
+++ config.base[441]export 'FNTSFA=        '
+++ config.base[441]FNTSFA='        '
+++ config.base[444]export nst_anl=.true.
+++ config.base[444]nst_anl=.true.
+++ config.base[447]export MAKE_NSSTBUFR=NO
+++ config.base[447]MAKE_NSSTBUFR=NO
+++ config.base[450]export MAKE_ACFTBUFR=NO
+++ config.base[450]MAKE_ACFTBUFR=NO
+++ config.base[453]export 'INCREMENTS_TO_ZERO='\''liq_wat_inc'\'','\''icmr_inc'\'','\''rwmr_inc'\'','\''snmr_inc'\'','\''grle_inc'\'''
+++ config.base[453]INCREMENTS_TO_ZERO=''\''liq_wat_inc'\'','\''icmr_inc'\'','\''rwmr_inc'\'','\''snmr_inc'\'','\''grle_inc'\'''
+++ config.base[456]export 'INCVARS_ZERO_STRAT='\''sphum_inc'\'','\''liq_wat_inc'\'','\''icmr_inc'\'','\''rwmr_inc'\'','\''snmr_inc'\'','\''grle_inc'\'''
+++ config.base[456]INCVARS_ZERO_STRAT=''\''sphum_inc'\'','\''liq_wat_inc'\'','\''icmr_inc'\'','\''rwmr_inc'\'','\''snmr_inc'\'','\''grle_inc'\'''
+++ config.base[457]export INCVARS_EFOLD=5
+++ config.base[457]INCVARS_EFOLD=5
+++ config.base[462]export netcdf_diag=.true.
+++ config.base[462]netcdf_diag=.true.
+++ config.base[463]export binary_diag=.false.
+++ config.base[463]binary_diag=.false.
+++ config.base[466]export DO_CA=YES
+++ config.base[466]DO_CA=YES
+++ config.base[469]export DO_METP=YES
+++ config.base[469]DO_METP=YES
+++ config.base[470]export DO_FIT2OBS=YES
+++ config.base[470]DO_FIT2OBS=YES
+++ config.base[473]export FHMAX_FITS=132
+++ config.base[473]FHMAX_FITS=132
+++ config.base[474][[ 132 -gt 384 ]]
+++ config.base[480]export DO_FETCH_HPSS=NO
+++ config.base[480]DO_FETCH_HPSS=NO
+++ config.base[481]export DO_FETCH_LOCAL=NO
+++ config.base[481]DO_FETCH_LOCAL=NO
+++ config.base[484]export DO_ARCHCOM=YES
+++ config.base[484]DO_ARCHCOM=YES
+++ config.base[485]export ARCHCOM_TO=hpss
+++ config.base[485]ARCHCOM_TO=hpss
+++ config.base[488]export 'CLIENT_GLOBUS_UUID={{ CLIENT_GLOBUS_UUID }}'
+++ config.base[488]CLIENT_GLOBUS_UUID='{{ CLIENT_GLOBUS_UUID }}'
+++ config.base[491][[ NO = \Y\E\S ]]
+++ config.base[498][[ NO = \Y\E\S ]]
+++ config.base[498][[ YES = \Y\E\S ]]
+++ config.base[499]export DO_ANLSTAT=YES
+++ config.base[499]DO_ANLSTAT=YES
+++ config.base[504]export REPLAY_ICS=NO
+++ config.base[504]REPLAY_ICS=NO
+++ config.base[505]export OFFSET_START_HOUR=0
+++ config.base[505]OFFSET_START_HOUR=0
+++ config.base[508]export NUM_SND_COLLECTIVES=9
+++ config.base[508]NUM_SND_COLLECTIVES=9
+++ config.base[510]echo 'END: config.base'
END: config.base
++ jjob_header.sh[106]true
++ jjob_header.sh[107]export err=0
++ jjob_header.sh[107]err=0
++ jjob_header.sh[108][[ 0 -ne 0 ]]
++ jjob_header.sh[105]for config in "${configs[@]:-''}"
++ jjob_header.sh[106]source /lfs/h2/emc/global/noscrub/emc.global/RETRO_GFSv17/expdir/retrotestgfs10/config.arch_tars
+++ config.arch_tars[6]echo 'BEGIN: config.arch_tars'
BEGIN: config.arch_tars
+++ config.arch_tars[9]. /lfs/h2/emc/global/noscrub/emc.global/RETRO_GFSv17/expdir/retrotestgfs10/config.resources arch_tars
++++ config.resources[10]((  1 != 1  ))
++++ config.resources[34]step=arch_tars
++++ config.resources[36]echo 'BEGIN: config.resources'
BEGIN: config.resources
++++ config.resources[38]case ${machine} in
++++ config.resources[40]max_tasks_per_node=128
++++ config.resources[43]mem_node_max=500GB
++++ config.resources[106]export max_tasks_per_node
++++ config.resources[108]case ${step} in
++++ config.resources[1137]walltime=06:00:00
++++ config.resources[1138]ntasks=1
++++ config.resources[1139]tasks_per_node=1
++++ config.resources[1140]threads_per_task=1
++++ config.resources[1141]memory=4096M
++++ config.resources[1400][[ -f /lfs/h2/emc/global/noscrub/emc.global/RETRO_GFSv17/expdir/retrotestgfs10/config.resources.WCOSS2 ]]
++++ config.resources[1401]source /lfs/h2/emc/global/noscrub/emc.global/RETRO_GFSv17/expdir/retrotestgfs10/config.resources.WCOSS2
+++++ config.resources.WCOSS2[5]case ${step} in
+++++ config.resources.WCOSS2[41]declare -x memory=50GB
++++ config.resources[1405]for resource_var in threads_per_task ntasks tasks_per_node NTASKS memory walltime
++++ config.resources[1406]run_resource_var=threads_per_task_gdas
++++ config.resources[1407][[ -n '' ]]
++++ config.resources[1409][[ -n 0 ]]
++++ config.resources[1410]export threads_per_task
++++ config.resources[1405]for resource_var in threads_per_task ntasks tasks_per_node NTASKS memory walltime
++++ config.resources[1406]run_resource_var=ntasks_gdas
++++ config.resources[1407][[ -n '' ]]
++++ config.resources[1409][[ -n 0 ]]
++++ config.resources[1410]export ntasks
++++ config.resources[1405]for resource_var in threads_per_task ntasks tasks_per_node NTASKS memory walltime
++++ config.resources[1406]run_resource_var=tasks_per_node_gdas
++++ config.resources[1407][[ -n '' ]]
++++ config.resources[1409][[ -n 0 ]]
++++ config.resources[1410]export tasks_per_node
++++ config.resources[1405]for resource_var in threads_per_task ntasks tasks_per_node NTASKS memory walltime
++++ config.resources[1406]run_resource_var=NTASKS_gdas
++++ config.resources[1407][[ -n '' ]]
++++ config.resources[1409][[ -n '' ]]
++++ config.resources[1405]for resource_var in threads_per_task ntasks tasks_per_node NTASKS memory walltime
++++ config.resources[1406]run_resource_var=memory_gdas
++++ config.resources[1407][[ -n '' ]]
++++ config.resources[1409][[ -n 0 ]]
++++ config.resources[1410]export memory
++++ config.resources[1405]for resource_var in threads_per_task ntasks tasks_per_node NTASKS memory walltime
++++ config.resources[1406]run_resource_var=walltime_gdas
++++ config.resources[1407][[ -n '' ]]
++++ config.resources[1409][[ -n 0 ]]
++++ config.resources[1410]export walltime
++++ config.resources[1414]echo 'END: config.resources'
END: config.resources
+++ config.arch_tars[11]export ARCH_CYC=00
+++ config.arch_tars[11]ARCH_CYC=00
+++ config.arch_tars[12]export ARCH_WARMICFREQ=4
+++ config.arch_tars[12]ARCH_WARMICFREQ=4
+++ config.arch_tars[13]export ARCH_FCSTICFREQ=1
+++ config.arch_tars[13]ARCH_FCSTICFREQ=1
+++ config.arch_tars[14]export ARCH_EXPDIR=YES
+++ config.arch_tars[14]ARCH_EXPDIR=YES
+++ config.arch_tars[15]export ARCH_EXPDIR_FREQ=0
+++ config.arch_tars[15]ARCH_EXPDIR_FREQ=0
+++ config.arch_tars[16]export ARCH_HASHES=YES
+++ config.arch_tars[16]ARCH_HASHES=YES
+++ config.arch_tars[17]export ARCH_DIFFS=NO
+++ config.arch_tars[17]ARCH_DIFFS=NO
+++ config.arch_tars[19]export ARCH_GAUSSIAN=YES
+++ config.arch_tars[19]ARCH_GAUSSIAN=YES
+++ config.arch_tars[20]export ARCH_GAUSSIAN_FHMAX=384
+++ config.arch_tars[20]ARCH_GAUSSIAN_FHMAX=384
+++ config.arch_tars[21]export ARCH_GAUSSIAN_FHINC=3
+++ config.arch_tars[21]ARCH_GAUSSIAN_FHINC=3
+++ config.arch_tars[24][[ hpss == \g\l\o\b\u\s\_\h\p\s\s ]]
+++ config.arch_tars[29]echo 'END: config.arch_tars'
END: config.arch_tars
++ jjob_header.sh[106]true
++ jjob_header.sh[107]export err=0
++ jjob_header.sh[107]err=0
++ jjob_header.sh[108][[ 0 -ne 0 ]]
++ jjob_header.sh[105]for config in "${configs[@]:-''}"
++ jjob_header.sh[106]source /lfs/h2/emc/global/noscrub/emc.global/RETRO_GFSv17/expdir/retrotestgfs10/config.wave
+++ config.wave[6]echo 'BEGIN: config.wave'
BEGIN: config.wave
+++ config.wave[13]export RUNRSTwave=gdas
+++ config.wave[13]RUNRSTwave=gdas
+++ config.wave[16]export MESH_WAV=mesh.uglo_15km.nc
+++ config.wave[16]MESH_WAV=mesh.uglo_15km.nc
+++ config.wave[19]case "${waveGRD}" in
+++ config.wave[58]export 'waveinterpGRD=glo_15mxt at_10m ep_10m wc_10m glo_30m aoc_9km gnh_10m gsh_15m'
+++ config.wave[58]waveinterpGRD='glo_15mxt at_10m ep_10m wc_10m glo_30m aoc_9km gnh_10m gsh_15m'
+++ config.wave[59]export wavepostGRD=
+++ config.wave[59]wavepostGRD=
+++ config.wave[60]export waveuoutpGRD=uglo_15km
+++ config.wave[60]waveuoutpGRD=uglo_15km
+++ config.wave[75]export WAVEWND_DID=
+++ config.wave[75]WAVEWND_DID=
+++ config.wave[76]export WAVEWND_FID=
+++ config.wave[76]WAVEWND_FID=
+++ config.wave[79][[ gdas == \g\f\s ]]
+++ config.wave[82]export WAVHINDH=0
+++ config.wave[82]WAVHINDH=0
+++ config.wave[83]export FHMAX_WAV_IBP=180
+++ config.wave[83]FHMAX_WAV_IBP=180
+++ config.wave[84]((  FHMAX_WAV < FHMAX_WAV_IBP  ))
+++ config.wave[84]export FHMAX_WAV_IBP=9
+++ config.wave[84]FHMAX_WAV_IBP=9
+++ config.wave[87]export DTFLD_WAV=3600
+++ config.wave[87]DTFLD_WAV=3600
+++ config.wave[88]export DTPNT_WAV=3600
+++ config.wave[88]DTPNT_WAV=3600
+++ config.wave[89]export FHINCP_WAV=1
+++ config.wave[89]FHINCP_WAV=1
+++ config.wave[92]export 'OUTPARS_WAV=WND CUR ICE HS T01 T02 DIR FP DP PHS PTP PDIR CHA'
+++ config.wave[92]OUTPARS_WAV='WND CUR ICE HS T01 T02 DIR FP DP PHS PTP PDIR CHA'
+++ config.wave[95][[ gdas == \g\d\a\s ]]
+++ config.wave[96]export WAVNCYC=4
+++ config.wave[96]WAVNCYC=4
+++ config.wave[97]export WAVHCYC=6
+++ config.wave[97]WAVHCYC=6
+++ config.wave[98]export FHMAX_WAV_CUR=48
+++ config.wave[98]FHMAX_WAV_CUR=48
+++ config.wave[109]export RSTTYPE_WAV=T
+++ config.wave[109]RSTTYPE_WAV=T
+++ config.wave[110][[ gdas != gfs ]]
+++ config.wave[111]export DT_1_RST_WAV=10800
+++ config.wave[111]DT_1_RST_WAV=10800
+++ config.wave[112]export DT_2_RST_WAV=43200
+++ config.wave[112]DT_2_RST_WAV=43200
+++ config.wave[113]export RSTIOFF_WAV=0
+++ config.wave[113]RSTIOFF_WAV=0
+++ config.wave[131]export RUNMEM=-1
+++ config.wave[131]RUNMEM=-1
+++ config.wave[134]((  RUNMEM == -1  ))
+++ config.wave[136]export waveMEMB=
+++ config.wave[136]waveMEMB=
+++ config.wave[143]export WW3ATMINP=CPL
+++ config.wave[143]WW3ATMINP=CPL
+++ config.wave[144][[ YES == \Y\E\S ]]
+++ config.wave[145]export WW3ICEINP=CPL
+++ config.wave[145]WW3ICEINP=CPL
+++ config.wave[146]export WAVEICE_FID=
+++ config.wave[146]WAVEICE_FID=
+++ config.wave[152][[ YES == \Y\E\S ]]
+++ config.wave[153]export WW3CURINP=CPL
+++ config.wave[153]WW3CURINP=CPL
+++ config.wave[154]export WAVECUR_FID=
+++ config.wave[154]WAVECUR_FID=
+++ config.wave[161]export WW3ATMIENS=F
+++ config.wave[161]WW3ATMIENS=F
+++ config.wave[162]export WW3ICEIENS=F
+++ config.wave[162]WW3ICEIENS=F
+++ config.wave[163]export WW3CURIENS=F
+++ config.wave[163]WW3CURIENS=F
+++ config.wave[165]export GOFILETYPE=1
+++ config.wave[165]GOFILETYPE=1
+++ config.wave[166]export POFILETYPE=1
+++ config.wave[166]POFILETYPE=1
+++ config.wave[170]export FUNIPNT=T
+++ config.wave[170]FUNIPNT=T
+++ config.wave[172]export IOSRV=1
+++ config.wave[172]IOSRV=1
+++ config.wave[174]export FPNTPROC=T
+++ config.wave[174]FPNTPROC=T
+++ config.wave[176]export FGRDPROC=F
+++ config.wave[176]FGRDPROC=F
+++ config.wave[178]export FLAGMASKCOMP=F
+++ config.wave[178]FLAGMASKCOMP=F
+++ config.wave[180]export FLAGMASKOUT=F
+++ config.wave[180]FLAGMASKOUT=F
+++ config.wave[182]echo 'END: config.wave'
END: config.wave
++ jjob_header.sh[106]true
++ jjob_header.sh[107]export err=0
++ jjob_header.sh[107]err=0
++ jjob_header.sh[108][[ 0 -ne 0 ]]
++ jjob_header.sh[117]source /lfs/h2/emc/global/noscrub/emc.global/RETRO_GFSv17/git/global-workflow/develop_20250602/env/WCOSS2.env arch_tars
+++ WCOSS2.env[3][[ 1 -ne 1 ]]
+++ WCOSS2.env[10]step=arch_tars
+++ WCOSS2.env[13]export 'launcher=mpiexec -l'
+++ WCOSS2.env[13]launcher='mpiexec -l'
+++ WCOSS2.env[14]export 'mpmd_opt=--cpu-bind verbose,core cfp'
+++ WCOSS2.env[14]mpmd_opt='--cpu-bind verbose,core cfp'
+++ WCOSS2.env[18][[ -n 1 ]]
+++ WCOSS2.env[18][[ -n 128 ]]
+++ WCOSS2.env[18][[ -n 1 ]]
+++ WCOSS2.env[19]max_threads_per_task=128
+++ WCOSS2.env[20]NTHREADSmax=1
+++ WCOSS2.env[21]NTHREADS1=1
+++ WCOSS2.env[22][[ 1 -gt 128 ]]
+++ WCOSS2.env[25][[ 1 -gt 128 ]]
+++ WCOSS2.env[28]APRUN_default='mpiexec -l -n 1'
+++ WCOSS2.env[34][[ arch_tars = \p\r\e\p ]]
+++ WCOSS2.env[34][[ arch_tars = \p\r\e\p\b\u\f\r ]]
+++ WCOSS2.env[41][[ arch_tars = \p\r\e\p\_\e\m\i\s\s\i\o\n\s ]]
+++ WCOSS2.env[45][[ arch_tars = \w\a\v\e\i\n\i\t ]]
+++ WCOSS2.env[45][[ arch_tars = \w\a\v\e\p\r\e\p ]]
+++ WCOSS2.env[45][[ arch_tars = \w\a\v\e\p\o\s\t\s\b\s ]]
+++ WCOSS2.env[45][[ arch_tars = \w\a\v\e\p\o\s\t\b\n\d\p\n\t ]]
+++ WCOSS2.env[45][[ arch_tars = \w\a\v\e\p\o\s\t\b\n\d\p\n\t\b\l\l ]]
+++ WCOSS2.env[45][[ arch_tars = \w\a\v\e\p\o\s\t\p\n\t ]]
+++ WCOSS2.env[51][[ arch_tars = \a\t\m\a\n\l\v\a\r ]]
+++ WCOSS2.env[56][[ arch_tars = \a\t\m\e\n\s\a\n\l\o\b\s ]]
+++ WCOSS2.env[61][[ arch_tars = \a\t\m\e\n\s\a\n\l\s\o\l ]]
+++ WCOSS2.env[66][[ arch_tars = \a\t\m\e\n\s\a\n\l\l\e\t\k\f ]]
+++ WCOSS2.env[71][[ arch_tars = \a\t\m\e\n\s\a\n\l\f\v\3\i\n\c ]]
+++ WCOSS2.env[76][[ arch_tars = \a\e\r\o\a\n\l\v\a\r ]]
+++ WCOSS2.env[83][[ arch_tars = \a\e\r\o\a\n\l\g\e\n\b ]]
+++ WCOSS2.env[88][[ arch_tars = \p\r\e\p\o\b\s\a\e\r\o ]]
+++ WCOSS2.env[93][[ arch_tars = \s\n\o\w\a\n\l ]]
+++ WCOSS2.env[102][[ arch_tars = \e\s\n\o\w\a\n\l ]]
+++ WCOSS2.env[111][[ arch_tars = \m\a\r\i\n\e\b\m\a\t ]]
+++ WCOSS2.env[116][[ arch_tars = \m\a\r\i\n\e\a\n\l\v\a\r ]]
+++ WCOSS2.env[121][[ arch_tars = \m\a\r\i\n\e\a\n\l\c\h\k\p\t ]]
+++ WCOSS2.env[129][[ arch_tars = \o\c\n\a\n\a\l\e\c\e\n ]]
+++ WCOSS2.env[134][[ arch_tars = \m\a\r\i\n\e\a\n\l\l\e\t\k\f ]]
+++ WCOSS2.env[139][[ arch_tars = \a\t\m\a\n\l\f\v\3\i\n\c ]]
+++ WCOSS2.env[144][[ arch_tars = \a\n\l\s\t\a\t ]]
+++ WCOSS2.env[149][[ arch_tars = \e\c\e\n\_\f\v\3\j\e\d\i ]]
+++ WCOSS2.env[155][[ arch_tars = \a\n\a\l\c\a\l\c\_\f\v\3\j\e\d\i ]]
+++ WCOSS2.env[160][[ arch_tars = \a\n\a\l ]]
+++ WCOSS2.env[160][[ arch_tars = \a\n\a\l\c\a\l\c ]]
+++ WCOSS2.env[200][[ arch_tars = \s\f\c\a\n\l ]]
+++ WCOSS2.env[212][[ arch_tars = \e\o\b\s ]]
+++ WCOSS2.env[225][[ arch_tars = \e\u\p\d ]]
+++ WCOSS2.env[243][[ arch_tars = \f\c\s\t ]]
+++ WCOSS2.env[243][[ arch_tars = \e\f\c\s ]]
+++ WCOSS2.env[261][[ arch_tars = \u\p\p ]]
+++ WCOSS2.env[266][[ arch_tars = \a\t\m\o\s\_\p\r\o\d\u\c\t\s ]]
+++ WCOSS2.env[270][[ arch_tars = \o\c\e\a\n\i\c\e\_\p\r\o\d\u\c\t\s ]]
+++ WCOSS2.env[275][[ arch_tars = \e\c\e\n ]]
+++ WCOSS2.env[298][[ arch_tars = \e\s\f\c ]]
+++ WCOSS2.env[313][[ arch_tars = \e\p\o\s ]]
+++ WCOSS2.env[318][[ arch_tars = \p\o\s\t\s\n\d ]]
+++ WCOSS2.env[332][[ arch_tars = \a\w\i\p\s ]]
+++ WCOSS2.env[337][[ arch_tars = \g\e\m\p\a\k ]]
+++ WCOSS2.env[342][[ arch_tars = \f\i\t\2\o\b\s ]]
+++ WCOSS2.env[347][[ arch_tars = \w\a\v\e\a\w\i\p\s\b\u\l\l\s ]]
++ jjob_header.sh[117]true
++ jjob_header.sh[118]export err=0
++ jjob_header.sh[118]err=0
++ jjob_header.sh[119][[ 0 -ne 0 ]]
+ JGLOBAL_ARCHIVE_TARS[4]source /lfs/h2/emc/global/noscrub/emc.global/RETRO_GFSv17/git/global-workflow/develop_20250602/ush/wave_domain_grid.sh
+ JGLOBAL_ARCHIVE_TARS[9]YMD=20241124
+ JGLOBAL_ARCHIVE_TARS[9]HH=18
+ JGLOBAL_ARCHIVE_TARS[9]declare_from_tmpl -rx COMIN_ATMOS_ANALYSIS:COM_ATMOS_ANALYSIS_TMPL COMIN_ATMOS_BUFR:COM_ATMOS_BUFR_TMPL COMIN_ATMOS_GEMPAK:COM_ATMOS_GEMPAK_TMPL COMIN_ATMOS_GENESIS:COM_ATMOS_GENESIS_TMPL COMIN_ATMOS_HISTORY:COM_ATMOS_HISTORY_TMPL COMIN_ATMOS_INPUT:COM_ATMOS_INPUT_TMPL COMIN_ATMOS_MASTER:COM_ATMOS_MASTER_TMPL COMIN_ATMOS_RESTART:COM_ATMOS_RESTART_TMPL COMIN_ATMOS_TRACK:COM_ATMOS_TRACK_TMPL COMIN_ATMOS_WMO:COM_ATMOS_WMO_TMPL COMIN_CHEM_HISTORY:COM_CHEM_HISTORY_TMPL COMIN_CHEM_ANALYSIS:COM_CHEM_ANALYSIS_TMPL COMIN_MED_RESTART:COM_MED_RESTART_TMPL COMIN_SNOW_ANALYSIS:COM_SNOW_ANALYSIS_TMPL COMIN_ICE_ANALYSIS:COM_ICE_ANALYSIS_TMPL COMIN_ICE_BMATRIX:COM_ICE_BMATRIX_TMPL COMIN_ICE_HISTORY:COM_ICE_HISTORY_TMPL COMIN_ICE_INPUT:COM_ICE_INPUT_TMPL COMIN_ICE_RESTART:COM_ICE_RESTART_TMPL COMIN_ICE_GRIB:COM_ICE_GRIB_TMPL COMIN_OBS:COM_OBS_TMPL COMIN_TOP:COM_TOP_TMPL COMIN_OCEAN_HISTORY:COM_OCEAN_HISTORY_TMPL COMIN_OCEAN_RESTART:COM_OCEAN_RESTART_TMPL COMIN_OCEAN_GRIB:COM_OCEAN_GRIB_TMPL COMIN_OCEAN_NETCDF:COM_OCEAN_NETCDF_TMPL COMIN_OCEAN_ANALYSIS:COM_OCEAN_ANALYSIS_TMPL COMIN_OCEAN_BMATRIX:COM_OCEAN_BMATRIX_TMPL COMIN_WAVE_GRID:COM_WAVE_GRID_TMPL COMIN_WAVE_HISTORY:COM_WAVE_HISTORY_TMPL COMIN_WAVE_STATION:COM_WAVE_STATION_TMPL COMIN_WAVE_RESTART:COM_WAVE_RESTART_TMPL COMIN_ATMOS_OZNMON:COM_ATMOS_OZNMON_TMPL COMIN_ATMOS_RADMON:COM_ATMOS_RADMON_TMPL COMIN_ATMOS_MINMON:COM_ATMOS_MINMON_TMPL COMIN_CONF:COM_CONF_TMPL COMOUT_CONF:COM_CONF_TMPL COMOUT_ATMOS_TRACK:COM_ATMOS_TRACK_TMPL
+ bash_utils.sh[39][[ NO == \N\O ]]
+ bash_utils.sh[39]set +x
declare_from_tmpl :: COMIN_ATMOS_ANALYSIS=/lfs/h2/emc/ptmp/emc.global/RETRO_GFSv17/comroot/retrotestgfs10/gdas.20241124/18//analysis/atmos
declare_from_tmpl :: COMIN_ATMOS_BUFR=/lfs/h2/emc/ptmp/emc.global/RETRO_GFSv17/comroot/retrotestgfs10/gdas.20241124/18//products/atmos/bufr
declare_from_tmpl :: COMIN_ATMOS_GEMPAK=/lfs/h2/emc/ptmp/emc.global/RETRO_GFSv17/comroot/retrotestgfs10/gdas.20241124/18//products/atmos/gempak/
declare_from_tmpl :: COMIN_ATMOS_GENESIS=/lfs/h2/emc/ptmp/emc.global/RETRO_GFSv17/comroot/retrotestgfs10/gdas.20241124/18//products/atmos/cyclone/genesis_vital
declare_from_tmpl :: COMIN_ATMOS_HISTORY=/lfs/h2/emc/ptmp/emc.global/RETRO_GFSv17/comroot/retrotestgfs10/gdas.20241124/18//model/atmos/history
declare_from_tmpl :: COMIN_ATMOS_INPUT=/lfs/h2/emc/ptmp/emc.global/RETRO_GFSv17/comroot/retrotestgfs10/gdas.20241124/18//model/atmos/input
declare_from_tmpl :: COMIN_ATMOS_MASTER=/lfs/h2/emc/ptmp/emc.global/RETRO_GFSv17/comroot/retrotestgfs10/gdas.20241124/18//model/atmos/master
declare_from_tmpl :: COMIN_ATMOS_RESTART=/lfs/h2/emc/ptmp/emc.global/RETRO_GFSv17/comroot/retrotestgfs10/gdas.20241124/18//model/atmos/restart
declare_from_tmpl :: COMIN_ATMOS_TRACK=/lfs/h2/emc/ptmp/emc.global/RETRO_GFSv17/comroot/retrotestgfs10/gdas.20241124/18//products/atmos/cyclone/tracks
declare_from_tmpl :: COMIN_ATMOS_WMO=/lfs/h2/emc/ptmp/emc.global/RETRO_GFSv17/comroot/retrotestgfs10/gdas.20241124/18//products/atmos/wmo
declare_from_tmpl :: COMIN_CHEM_HISTORY=/lfs/h2/emc/ptmp/emc.global/RETRO_GFSv17/comroot/retrotestgfs10/gdas.20241124/18//model/chem/history
declare_from_tmpl :: COMIN_CHEM_ANALYSIS=/lfs/h2/emc/ptmp/emc.global/RETRO_GFSv17/comroot/retrotestgfs10/gdas.20241124/18//analysis/chem
declare_from_tmpl :: COMIN_MED_RESTART=/lfs/h2/emc/ptmp/emc.global/RETRO_GFSv17/comroot/retrotestgfs10/gdas.20241124/18//model/med/restart
declare_from_tmpl :: COMIN_SNOW_ANALYSIS=/lfs/h2/emc/ptmp/emc.global/RETRO_GFSv17/comroot/retrotestgfs10/gdas.20241124/18//analysis/snow
declare_from_tmpl :: COMIN_ICE_ANALYSIS=/lfs/h2/emc/ptmp/emc.global/RETRO_GFSv17/comroot/retrotestgfs10/gdas.20241124/18//analysis/ice
declare_from_tmpl :: COMIN_ICE_BMATRIX=/lfs/h2/emc/ptmp/emc.global/RETRO_GFSv17/comroot/retrotestgfs10/gdas.20241124/18//bmatrix/ice
declare_from_tmpl :: COMIN_ICE_HISTORY=/lfs/h2/emc/ptmp/emc.global/RETRO_GFSv17/comroot/retrotestgfs10/gdas.20241124/18//model/ice/history
declare_from_tmpl :: COMIN_ICE_INPUT=/lfs/h2/emc/ptmp/emc.global/RETRO_GFSv17/comroot/retrotestgfs10/gdas.20241124/18//model/ice/input
declare_from_tmpl :: COMIN_ICE_RESTART=/lfs/h2/emc/ptmp/emc.global/RETRO_GFSv17/comroot/retrotestgfs10/gdas.20241124/18//model/ice/restart
declare_from_tmpl :: COMIN_ICE_GRIB=/lfs/h2/emc/ptmp/emc.global/RETRO_GFSv17/comroot/retrotestgfs10/gdas.20241124/18//products/ice/grib2
declare_from_tmpl :: COMIN_OBS=/lfs/h2/emc/ptmp/emc.global/RETRO_GFSv17/comroot/retrotestgfs10/gdas.20241124/18/obs
declare_from_tmpl :: COMIN_TOP=/lfs/h2/emc/ptmp/emc.global/RETRO_GFSv17/comroot/retrotestgfs10/gdas.20241124/18
declare_from_tmpl :: COMIN_OCEAN_HISTORY=/lfs/h2/emc/ptmp/emc.global/RETRO_GFSv17/comroot/retrotestgfs10/gdas.20241124/18//model/ocean/history
declare_from_tmpl :: COMIN_OCEAN_RESTART=/lfs/h2/emc/ptmp/emc.global/RETRO_GFSv17/comroot/retrotestgfs10/gdas.20241124/18//model/ocean/restart
declare_from_tmpl :: COMIN_OCEAN_GRIB=/lfs/h2/emc/ptmp/emc.global/RETRO_GFSv17/comroot/retrotestgfs10/gdas.20241124/18//products/ocean/grib2
declare_from_tmpl :: COMIN_OCEAN_NETCDF=/lfs/h2/emc/ptmp/emc.global/RETRO_GFSv17/comroot/retrotestgfs10/gdas.20241124/18//products/ocean/netcdf
declare_from_tmpl :: COMIN_OCEAN_ANALYSIS=/lfs/h2/emc/ptmp/emc.global/RETRO_GFSv17/comroot/retrotestgfs10/gdas.20241124/18//analysis/ocean
declare_from_tmpl :: COMIN_OCEAN_BMATRIX=/lfs/h2/emc/ptmp/emc.global/RETRO_GFSv17/comroot/retrotestgfs10/gdas.20241124/18//bmatrix/ocean
declare_from_tmpl :: COMIN_WAVE_GRID=/lfs/h2/emc/ptmp/emc.global/RETRO_GFSv17/comroot/retrotestgfs10/gdas.20241124/18//products/wave/gridded
declare_from_tmpl :: COMIN_WAVE_HISTORY=/lfs/h2/emc/ptmp/emc.global/RETRO_GFSv17/comroot/retrotestgfs10/gdas.20241124/18//model/wave/history
declare_from_tmpl :: COMIN_WAVE_STATION=/lfs/h2/emc/ptmp/emc.global/RETRO_GFSv17/comroot/retrotestgfs10/gdas.20241124/18//products/wave/station
declare_from_tmpl :: COMIN_WAVE_RESTART=/lfs/h2/emc/ptmp/emc.global/RETRO_GFSv17/comroot/retrotestgfs10/gdas.20241124/18//model/wave/restart
declare_from_tmpl :: COMIN_ATMOS_OZNMON=/lfs/h2/emc/ptmp/emc.global/RETRO_GFSv17/comroot/retrotestgfs10/gdas.20241124/18//products/atmos/oznmon
declare_from_tmpl :: COMIN_ATMOS_RADMON=/lfs/h2/emc/ptmp/emc.global/RETRO_GFSv17/comroot/retrotestgfs10/gdas.20241124/18//products/atmos/radmon
declare_from_tmpl :: COMIN_ATMOS_MINMON=/lfs/h2/emc/ptmp/emc.global/RETRO_GFSv17/comroot/retrotestgfs10/gdas.20241124/18//products/atmos/minmon
declare_from_tmpl :: COMIN_CONF=/lfs/h2/emc/ptmp/emc.global/RETRO_GFSv17/comroot/retrotestgfs10/gdas.20241124/18//conf
declare_from_tmpl :: COMOUT_CONF=/lfs/h2/emc/ptmp/emc.global/RETRO_GFSv17/comroot/retrotestgfs10/gdas.20241124/18//conf
declare_from_tmpl :: COMOUT_ATMOS_TRACK=/lfs/h2/emc/ptmp/emc.global/RETRO_GFSv17/comroot/retrotestgfs10/gdas.20241124/18//products/atmos/cyclone/tracks
+ JGLOBAL_ARCHIVE_TARS[49][[ ! -d /lfs/h2/emc/ptmp/emc.global/RETRO_GFSv17/comroot/retrotestgfs10/gdas.20241124/18//conf ]]
+ JGLOBAL_ARCHIVE_TARS[51]for grid in "0p25" "0p50" "1p00"
+ JGLOBAL_ARCHIVE_TARS[52]YMD=20241124
+ JGLOBAL_ARCHIVE_TARS[52]HH=18
+ JGLOBAL_ARCHIVE_TARS[52]GRID=0p25
+ JGLOBAL_ARCHIVE_TARS[52]declare_from_tmpl -rx COMIN_ATMOS_GRIB_0p25:COM_ATMOS_GRIB_GRID_TMPL
+ bash_utils.sh[39][[ NO == \N\O ]]
+ bash_utils.sh[39]set +x
declare_from_tmpl :: COMIN_ATMOS_GRIB_0p25=/lfs/h2/emc/ptmp/emc.global/RETRO_GFSv17/comroot/retrotestgfs10/gdas.20241124/18//products/atmos/grib2/0p25
+ JGLOBAL_ARCHIVE_TARS[51]for grid in "0p25" "0p50" "1p00"
+ JGLOBAL_ARCHIVE_TARS[52]YMD=20241124
+ JGLOBAL_ARCHIVE_TARS[52]HH=18
+ JGLOBAL_ARCHIVE_TARS[52]GRID=0p50
+ JGLOBAL_ARCHIVE_TARS[52]declare_from_tmpl -rx COMIN_ATMOS_GRIB_0p50:COM_ATMOS_GRIB_GRID_TMPL
+ bash_utils.sh[39][[ NO == \N\O ]]
+ bash_utils.sh[39]set +x
declare_from_tmpl :: COMIN_ATMOS_GRIB_0p50=/lfs/h2/emc/ptmp/emc.global/RETRO_GFSv17/comroot/retrotestgfs10/gdas.20241124/18//products/atmos/grib2/0p50
+ JGLOBAL_ARCHIVE_TARS[51]for grid in "0p25" "0p50" "1p00"
+ JGLOBAL_ARCHIVE_TARS[52]YMD=20241124
+ JGLOBAL_ARCHIVE_TARS[52]HH=18
+ JGLOBAL_ARCHIVE_TARS[52]GRID=1p00
+ JGLOBAL_ARCHIVE_TARS[52]declare_from_tmpl -rx COMIN_ATMOS_GRIB_1p00:COM_ATMOS_GRIB_GRID_TMPL
+ bash_utils.sh[39][[ NO == \N\O ]]
+ bash_utils.sh[39]set +x
declare_from_tmpl :: COMIN_ATMOS_GRIB_1p00=/lfs/h2/emc/ptmp/emc.global/RETRO_GFSv17/comroot/retrotestgfs10/gdas.20241124/18//products/atmos/grib2/1p00
+ JGLOBAL_ARCHIVE_TARS[58][[ YES == \Y\E\S ]]
+ JGLOBAL_ARCHIVE_TARS[60][[ -n '' ]]
+ JGLOBAL_ARCHIVE_TARS[60][[ -n glo_15mxt at_10m ep_10m wc_10m glo_30m aoc_9km gnh_10m gsh_15m ]]
+ JGLOBAL_ARCHIVE_TARS[61]for grdID in ${wavepostGRD} ${waveinterpGRD}
+ JGLOBAL_ARCHIVE_TARS[62]process_grdID glo_15mxt
+ wave_domain_grid.sh[13]grdID=glo_15mxt
+ wave_domain_grid.sh[14]case ${grdID} in
+ wave_domain_grid.sh[16]GRDREGION=global
+ wave_domain_grid.sh[16]GRDRES=0p25
+ wave_domain_grid.sh[16]GRIDNR=255
+ wave_domain_grid.sh[16]MODNR=11
+ wave_domain_grid.sh[39]grdNAME=global.0p25
+ wave_domain_grid.sh[40]echo grdNAME=global.0p25
grdNAME=global.0p25
+ wave_domain_grid.sh[41]echo GRIDNR=255
GRIDNR=255
+ wave_domain_grid.sh[42]echo MODNR=11
MODNR=11
+ JGLOBAL_ARCHIVE_TARS[63]YMD=20241124
+ JGLOBAL_ARCHIVE_TARS[63]HH=18
+ JGLOBAL_ARCHIVE_TARS[63]GRDRESNAME=global.0p25
+ JGLOBAL_ARCHIVE_TARS[63]declare_from_tmpl -rx COMIN_WAVE_GRID_global_0p25:COM_WAVE_GRID_RES_TMPL
+ bash_utils.sh[39][[ NO == \N\O ]]
+ bash_utils.sh[39]set +x
declare_from_tmpl :: COMIN_WAVE_GRID_global_0p25=/lfs/h2/emc/ptmp/emc.global/RETRO_GFSv17/comroot/retrotestgfs10/gdas.20241124/18//products/wave/gridded/global.0p25
+ JGLOBAL_ARCHIVE_TARS[65]grids_arr+=("${GRDREGION}.${GRDRES}")
+ JGLOBAL_ARCHIVE_TARS[61]for grdID in ${wavepostGRD} ${waveinterpGRD}
+ JGLOBAL_ARCHIVE_TARS[62]process_grdID at_10m
+ wave_domain_grid.sh[13]grdID=at_10m
+ wave_domain_grid.sh[14]case ${grdID} in
+ wave_domain_grid.sh[23]GRDREGION=atlocn
+ wave_domain_grid.sh[23]GRDRES=0p16
+ wave_domain_grid.sh[23]GRIDNR=255
+ wave_domain_grid.sh[23]MODNR=11
+ wave_domain_grid.sh[39]grdNAME=atlocn.0p16
+ wave_domain_grid.sh[40]echo grdNAME=atlocn.0p16
grdNAME=atlocn.0p16
+ wave_domain_grid.sh[41]echo GRIDNR=255
GRIDNR=255
+ wave_domain_grid.sh[42]echo MODNR=11
MODNR=11
+ JGLOBAL_ARCHIVE_TARS[63]YMD=20241124
+ JGLOBAL_ARCHIVE_TARS[63]HH=18
+ JGLOBAL_ARCHIVE_TARS[63]GRDRESNAME=atlocn.0p16
+ JGLOBAL_ARCHIVE_TARS[63]declare_from_tmpl -rx COMIN_WAVE_GRID_atlocn_0p16:COM_WAVE_GRID_RES_TMPL
+ bash_utils.sh[39][[ NO == \N\O ]]
+ bash_utils.sh[39]set +x
declare_from_tmpl :: COMIN_WAVE_GRID_atlocn_0p16=/lfs/h2/emc/ptmp/emc.global/RETRO_GFSv17/comroot/retrotestgfs10/gdas.20241124/18//products/wave/gridded/atlocn.0p16
+ JGLOBAL_ARCHIVE_TARS[65]grids_arr+=("${GRDREGION}.${GRDRES}")
+ JGLOBAL_ARCHIVE_TARS[61]for grdID in ${wavepostGRD} ${waveinterpGRD}
+ JGLOBAL_ARCHIVE_TARS[62]process_grdID ep_10m
+ wave_domain_grid.sh[13]grdID=ep_10m
+ wave_domain_grid.sh[14]case ${grdID} in
+ wave_domain_grid.sh[24]GRDREGION=epacif
+ wave_domain_grid.sh[24]GRDRES=0p16
+ wave_domain_grid.sh[24]GRIDNR=255
+ wave_domain_grid.sh[24]MODNR=11
+ wave_domain_grid.sh[39]grdNAME=epacif.0p16
+ wave_domain_grid.sh[40]echo grdNAME=epacif.0p16
grdNAME=epacif.0p16
+ wave_domain_grid.sh[41]echo GRIDNR=255
GRIDNR=255
+ wave_domain_grid.sh[42]echo MODNR=11
MODNR=11
+ JGLOBAL_ARCHIVE_TARS[63]YMD=20241124
+ JGLOBAL_ARCHIVE_TARS[63]HH=18
+ JGLOBAL_ARCHIVE_TARS[63]GRDRESNAME=epacif.0p16
+ JGLOBAL_ARCHIVE_TARS[63]declare_from_tmpl -rx COMIN_WAVE_GRID_epacif_0p16:COM_WAVE_GRID_RES_TMPL
+ bash_utils.sh[39][[ NO == \N\O ]]
+ bash_utils.sh[39]set +x
declare_from_tmpl :: COMIN_WAVE_GRID_epacif_0p16=/lfs/h2/emc/ptmp/emc.global/RETRO_GFSv17/comroot/retrotestgfs10/gdas.20241124/18//products/wave/gridded/epacif.0p16
+ JGLOBAL_ARCHIVE_TARS[65]grids_arr+=("${GRDREGION}.${GRDRES}")
+ JGLOBAL_ARCHIVE_TARS[61]for grdID in ${wavepostGRD} ${waveinterpGRD}
+ JGLOBAL_ARCHIVE_TARS[62]process_grdID wc_10m
+ wave_domain_grid.sh[13]grdID=wc_10m
+ wave_domain_grid.sh[14]case ${grdID} in
+ wave_domain_grid.sh[25]GRDREGION=wcoast
+ wave_domain_grid.sh[25]GRDRES=0p16
+ wave_domain_grid.sh[25]GRIDNR=255
+ wave_domain_grid.sh[25]MODNR=11
+ wave_domain_grid.sh[39]grdNAME=wcoast.0p16
+ wave_domain_grid.sh[40]echo grdNAME=wcoast.0p16
grdNAME=wcoast.0p16
+ wave_domain_grid.sh[41]echo GRIDNR=255
GRIDNR=255
+ wave_domain_grid.sh[42]echo MODNR=11
MODNR=11
+ JGLOBAL_ARCHIVE_TARS[63]YMD=20241124
+ JGLOBAL_ARCHIVE_TARS[63]HH=18
+ JGLOBAL_ARCHIVE_TARS[63]GRDRESNAME=wcoast.0p16
+ JGLOBAL_ARCHIVE_TARS[63]declare_from_tmpl -rx COMIN_WAVE_GRID_wcoast_0p16:COM_WAVE_GRID_RES_TMPL
+ bash_utils.sh[39][[ NO == \N\O ]]
+ bash_utils.sh[39]set +x
declare_from_tmpl :: COMIN_WAVE_GRID_wcoast_0p16=/lfs/h2/emc/ptmp/emc.global/RETRO_GFSv17/comroot/retrotestgfs10/gdas.20241124/18//products/wave/gridded/wcoast.0p16
+ JGLOBAL_ARCHIVE_TARS[65]grids_arr+=("${GRDREGION}.${GRDRES}")
+ JGLOBAL_ARCHIVE_TARS[61]for grdID in ${wavepostGRD} ${waveinterpGRD}
+ JGLOBAL_ARCHIVE_TARS[62]process_grdID glo_30m
+ wave_domain_grid.sh[13]grdID=glo_30m
+ wave_domain_grid.sh[14]case ${grdID} in
+ wave_domain_grid.sh[18]GRDREGION=global
+ wave_domain_grid.sh[18]GRDRES=0p50
+ wave_domain_grid.sh[18]GRIDNR=255
+ wave_domain_grid.sh[18]MODNR=11
+ wave_domain_grid.sh[39]grdNAME=global.0p50
+ wave_domain_grid.sh[40]echo grdNAME=global.0p50
grdNAME=global.0p50
+ wave_domain_grid.sh[41]echo GRIDNR=255
GRIDNR=255
+ wave_domain_grid.sh[42]echo MODNR=11
MODNR=11
+ JGLOBAL_ARCHIVE_TARS[63]YMD=20241124
+ JGLOBAL_ARCHIVE_TARS[63]HH=18
+ JGLOBAL_ARCHIVE_TARS[63]GRDRESNAME=global.0p50
+ JGLOBAL_ARCHIVE_TARS[63]declare_from_tmpl -rx COMIN_WAVE_GRID_global_0p50:COM_WAVE_GRID_RES_TMPL
+ bash_utils.sh[39][[ NO == \N\O ]]
+ bash_utils.sh[39]set +x
declare_from_tmpl :: COMIN_WAVE_GRID_global_0p50=/lfs/h2/emc/ptmp/emc.global/RETRO_GFSv17/comroot/retrotestgfs10/gdas.20241124/18//products/wave/gridded/global.0p50
+ JGLOBAL_ARCHIVE_TARS[65]grids_arr+=("${GRDREGION}.${GRDRES}")
+ JGLOBAL_ARCHIVE_TARS[61]for grdID in ${wavepostGRD} ${waveinterpGRD}
+ JGLOBAL_ARCHIVE_TARS[62]process_grdID aoc_9km
+ wave_domain_grid.sh[13]grdID=aoc_9km
+ wave_domain_grid.sh[14]case ${grdID} in
+ wave_domain_grid.sh[27]GRDREGION=arctic
+ wave_domain_grid.sh[27]GRDRES=9km
+ wave_domain_grid.sh[27]GRIDNR=255
+ wave_domain_grid.sh[27]MODNR=11
+ wave_domain_grid.sh[39]grdNAME=arctic.9km
+ wave_domain_grid.sh[40]echo grdNAME=arctic.9km
grdNAME=arctic.9km
+ wave_domain_grid.sh[41]echo GRIDNR=255
GRIDNR=255
+ wave_domain_grid.sh[42]echo MODNR=11
MODNR=11
+ JGLOBAL_ARCHIVE_TARS[63]YMD=20241124
+ JGLOBAL_ARCHIVE_TARS[63]HH=18
+ JGLOBAL_ARCHIVE_TARS[63]GRDRESNAME=arctic.9km
+ JGLOBAL_ARCHIVE_TARS[63]declare_from_tmpl -rx COMIN_WAVE_GRID_arctic_9km:COM_WAVE_GRID_RES_TMPL
+ bash_utils.sh[39][[ NO == \N\O ]]
+ bash_utils.sh[39]set +x
declare_from_tmpl :: COMIN_WAVE_GRID_arctic_9km=/lfs/h2/emc/ptmp/emc.global/RETRO_GFSv17/comroot/retrotestgfs10/gdas.20241124/18//products/wave/gridded/arctic.9km
+ JGLOBAL_ARCHIVE_TARS[65]grids_arr+=("${GRDREGION}.${GRDRES}")
+ JGLOBAL_ARCHIVE_TARS[61]for grdID in ${wavepostGRD} ${waveinterpGRD}
+ JGLOBAL_ARCHIVE_TARS[62]process_grdID gnh_10m
+ wave_domain_grid.sh[13]grdID=gnh_10m
+ wave_domain_grid.sh[14]case ${grdID} in
+ wave_domain_grid.sh[29]GRDREGION=global
+ wave_domain_grid.sh[29]GRDRES=0p16
+ wave_domain_grid.sh[29]GRIDNR=255
+ wave_domain_grid.sh[29]MODNR=11
+ wave_domain_grid.sh[39]grdNAME=global.0p16
+ wave_domain_grid.sh[40]echo grdNAME=global.0p16
grdNAME=global.0p16
+ wave_domain_grid.sh[41]echo GRIDNR=255
GRIDNR=255
+ wave_domain_grid.sh[42]echo MODNR=11
MODNR=11
+ JGLOBAL_ARCHIVE_TARS[63]YMD=20241124
+ JGLOBAL_ARCHIVE_TARS[63]HH=18
+ JGLOBAL_ARCHIVE_TARS[63]GRDRESNAME=global.0p16
+ JGLOBAL_ARCHIVE_TARS[63]declare_from_tmpl -rx COMIN_WAVE_GRID_global_0p16:COM_WAVE_GRID_RES_TMPL
+ bash_utils.sh[39][[ NO == \N\O ]]
+ bash_utils.sh[39]set +x
declare_from_tmpl :: COMIN_WAVE_GRID_global_0p16=/lfs/h2/emc/ptmp/emc.global/RETRO_GFSv17/comroot/retrotestgfs10/gdas.20241124/18//products/wave/gridded/global.0p16
+ JGLOBAL_ARCHIVE_TARS[65]grids_arr+=("${GRDREGION}.${GRDRES}")
+ JGLOBAL_ARCHIVE_TARS[61]for grdID in ${wavepostGRD} ${waveinterpGRD}
+ JGLOBAL_ARCHIVE_TARS[62]process_grdID gsh_15m
+ wave_domain_grid.sh[13]grdID=gsh_15m
+ wave_domain_grid.sh[14]case ${grdID} in
+ wave_domain_grid.sh[30]GRDREGION=gsouth
+ wave_domain_grid.sh[30]GRDRES=0p25
+ wave_domain_grid.sh[30]GRIDNR=255
+ wave_domain_grid.sh[30]MODNR=11
+ wave_domain_grid.sh[39]grdNAME=gsouth.0p25
+ wave_domain_grid.sh[40]echo grdNAME=gsouth.0p25
grdNAME=gsouth.0p25
+ wave_domain_grid.sh[41]echo GRIDNR=255
GRIDNR=255
+ wave_domain_grid.sh[42]echo MODNR=11
MODNR=11
+ JGLOBAL_ARCHIVE_TARS[63]YMD=20241124
+ JGLOBAL_ARCHIVE_TARS[63]HH=18
+ JGLOBAL_ARCHIVE_TARS[63]GRDRESNAME=gsouth.0p25
+ JGLOBAL_ARCHIVE_TARS[63]declare_from_tmpl -rx COMIN_WAVE_GRID_gsouth_0p25:COM_WAVE_GRID_RES_TMPL
+ bash_utils.sh[39][[ NO == \N\O ]]
+ bash_utils.sh[39]set +x
declare_from_tmpl :: COMIN_WAVE_GRID_gsouth_0p25=/lfs/h2/emc/ptmp/emc.global/RETRO_GFSv17/comroot/retrotestgfs10/gdas.20241124/18//products/wave/gridded/gsouth.0p25
+ JGLOBAL_ARCHIVE_TARS[65]grids_arr+=("${GRDREGION}.${GRDRES}")
+ JGLOBAL_ARCHIVE_TARS[67]export 'WAVE_OUT_GRIDS=global.0p25 atlocn.0p16 epacif.0p16 wcoast.0p16 global.0p50 arctic.9km global.0p16 gsouth.0p25'
+ JGLOBAL_ARCHIVE_TARS[67]WAVE_OUT_GRIDS='global.0p25 atlocn.0p16 epacif.0p16 wcoast.0p16 global.0p50 arctic.9km global.0p16 gsouth.0p25'
+ JGLOBAL_ARCHIVE_TARS[77]set +eu
+ JGLOBAL_ARCHIVE_TARS[79]export -n SHELLOPTS
+ JGLOBAL_ARCHIVE_TARS[80]/lfs/h2/emc/global/noscrub/emc.global/RETRO_GFSv17/git/global-workflow/develop_20250602/scripts/exglobal_archive_tars.py
[38;21m2025-06-16 20:47:04,927 - INFO     - root        : BEGIN: __main__.main[0m
[38;5;39m2025-06-16 20:47:04,927 - DEBUG    - root        : (  )[0m
[38;21m2025-06-16 20:47:04,943 - INFO     - archive     : BEGIN: Archive.__init__[0m
[38;5;39m2025-06-16 20:47:04,943 - DEBUG    - archive     : ( <pygfs.task.archive.Archive object at 0x14e86eb8dd30>, {'envir': 'prod', 'COMIN_WAVE_GRID': '/lfs/h2/emc/ptmp/emc.global/RETRO_GFSv17/comroot/retrotestgfs10/gdas.20241124/18//products/wave/gridded', 'UDUNITS_LIBDIR': '/apps/spack/udunits/2.2.28/intel/19.1.3.304/vcyezvmxp635k4aochioodzoduja3ntg/lib', 'FRAC_GRID': True, 'waveGRD': 'uglo_15km', 'FHINCP_WAV': 1, 'CRAY_LMOD_MPI': 'cray-mpich/8.0', 'G2TMPL_LIB': '/apps/ops/para/libs/intel/19.1.3.304/g2tmpl/1.10.2/lib/libg2tmpl.a', 'INCVARS_ZERO_STRAT': ["'sphum_inc'", "'liq_wat_inc'", "'icmr_inc'", "'rwmr_inc'", "'snmr_inc'", "'grle_inc'"], 'LMOD_FAMILY_CRAYPE_NETWORK_VERSION': False, 'COMIN_OCEAN_RESTART': '/lfs/h2/emc/ptmp/emc.global/RETRO_GFSv17/comroot/retrotestgfs10/gdas.20241124/18//model/ocean/restart', 'COMOUT_CONF': '/lfs/h2/emc/ptmp/emc.global/RETRO_GFSv17/comroot/retrotestgfs10/gdas.20241124/18//conf', 'COM_SNOW_ANALYSIS_TMPL': '${ROTDIR}/${RUN}.${YMD}/${HH}/${MEMDIR}/analysis/snow', 'PBS_ENVIRONMENT': 'PBS_BATCH', 'COMIN_ATMOS_GENESIS': '/lfs/h2/emc/ptmp/emc.global/RETRO_GFSv17/comroot/retrotestgfs10/gdas.20241124/18//products/atmos/cyclone/genesis_vital', 'intel_ver': '19.1.3.304', 'OS': 'Linux', 'LD_LIBRARY_PATH': '/apps/prod/nco/4.7.9/intel/19.1.3.304/lib64:/apps/prod/hpc-stack/intel-19.1.3.304/cray-mpich-8.1.4/netcdf/4.7.4/lib:/apps/prod/hpc-stack/intel-19.1.3.304/cray-mpich-8.1.4/hdf5/1.10.6/lib:/apps/spack/gsl/2.7/intel/19.1.3.304/xks7dxbowrdxhjck5zxc4rompopocevb/lib64:/apps/spack/udunits/2.2.28/intel/19.1.3.304/vcyezvmxp635k4aochioodzoduja3ntg/lib:/apps/spack/libjpeg/9c/intel/19.1.3.304/jkr3isi257ktoouprwaxcn4twtye747z/lib:/apps/spack/python/3.8.6/intel/19.1.3.304/pjn2nzkjvqgmjw4hmyz43v5x4jbxjzpk/lib:/pe/intel/compilers_and_libraries_2020.4.304/linux/compiler/lib/intel64_lin:/pe/intel/compilers_and_libraries_2020.4.304/linux/mpi/intel64/lib/release:/pe/intel/compilers_and_libraries_2020.4.304/linux/mpi/intel64/lib:/pe/intel/compilers_and_libraries_2020.4.304/linux/ipp/lib/intel64:/pe/intel/compilers_and_libraries_2020.4.304/linux/mkl/lib/intel64_lin:/pe/intel/compilers_and_libraries_2020.4.304/linux/tbb/lib/intel64/gcc4.8:/pe/intel/debugger_2020/python/intel64/lib:/pe/intel/debugger_2020/libipt/intel64/lib:/opt/cray/lib64', 'WW3ICEIENS': False, 'ARCH_GAUSSIAN_FHINC': 3, 'HOSTTYPE': 'x86_64', 'LMOD_CUSTOM_PATHS': 'CNCM/apps/ops/prod/libs/modulefiles/mpi/intel/19.1.3.304/cray-mpich/8.1.4:CNCM/apps/prod/lmodules/INTEL_cray_mpich/19.1.3.304/cray-mpich/8.1.4:COMPILER/apps/ops/prod/nco/modulefiles/compiler/intel/19.1.3.304:COMPILER/apps/ops/prod/libs/modulefiles/compiler/intel/19.1.3.304:COMPILER/apps/prod/lmodules/intel/19.1.3.304', 'SENDDBN_NTC': False, 'COM_ATMOS_RADMON_TMPL': '${ROTDIR}/${RUN}.${YMD}/${HH}/${MEMDIR}/products/atmos/radmon', 'threads_per_task': 1, 'COM_ICE_GRIB_TMPL': '${ROTDIR}/${RUN}.${YMD}/${HH}/${MEMDIR}/products/ice/grib2', 'PBS_O_LANG': 'en_US.UTF-8', 'GEMDATA': '/apps/ops/prod/nco/intel/19.1.3.304/gempak.v7.15.1/nawips/gempak/data', 'COMINnam': '/lfs/h2/emc/global/noscrub/emc.global/data/external_gempak/nam', 'util_shared_ver': '1.4.0', '_ModuleTable017_': 'YmFsL2dpdC9wcmVwb2JzL2dmc3YxN192MS4xLjAvbW9kdWxlZmlsZXMvcHJlcG9icy8xLjEuMC5sdWEiLFsiZnVsbE5hbWUiXT0icHJlcG9icy8xLjEuMCIsWyJsb2FkT3JkZXIiXT0yOCxwcm9wVD17fSxbInN0YWNrRGVwdGgiXT0xLFsic3RhdHVzIl09ImFjdGl2ZSIsWyJ1c2VyTmFtZSJdPSJwcmVwb2JzLzEuMS4wIix9LHByb2RfdXRpbD17WyJmbiJdPSIvYXBwcy9vcHMvcHJvZC9uY28vbW9kdWxlZmlsZXMvY29yZS9wcm9kX3V0aWwvMi4wLjkiLFsiZnVsbE5hbWUiXT0icHJvZF91dGlsLzIuMC45IixbImxvYWRPcmRlciJdPTIyLHByb3BUPXt9LFsic3RhY2tEZXB0aCJdPTEsWyJzdGF0dXMiXT0iYWN0aXZlIixbInVzZXJOYW1lIl09InByb2RfdXRpbC8yLjAuOSIsfSxw', 'WRITE_DOPOST': True, 'prepobs_run_ver': '1.1.0', 'JPEG_VER': '9c', '__LMOD_REF_COUNT_PATH': '/apps/ops/para/libs/intel/19.1.3.304/wgrib2/2.0.8/bin:1;/apps/ops/para/libs/intel/19.1.3.304/grib_util/1.2.3/bin:1;/apps/ops/para/libs/intel/19.1.3.304/metplus/3.1.1/ush:1;/apps/ops/para/libs/intel/19.1.3.304/met/9.1.3/bin:1;/apps/ops/prod/libs/intel/19.1.3.304/wgrib2/2.0.8/bin:1;/apps/ops/prod/libs/intel/19.1.3.304/cray-mpich/8.1.4/ncdiag/1.0.0/bin:1;/apps/ops/prod/nco/intel/19.1.3.304/util_shared.v1.4.0/ush:1;/apps/ops/prod/nco/intel/19.1.3.304/bufr_dump.v1.0.0/ush:1;/apps/ops/prod/libs/intel/19.1.3.304/grib_util/1.2.3/bin:1;/apps/ops/prod/nco/core/prod_util.v2.0.9/ush:1;/apps/prod/nco/4.7.9/intel/19.1.3.304/bin:1;/apps/prod/hpc-stack/intel-19.1.3.304/cray-mpich-8.1.4/netcdf/4.7.4/bin:1;/apps/prod/hpc-stack/intel-19.1.3.304/cray-mpich-8.1.4/hdf5/1.10.6/bin:1;/apps/spack/imagemagick/7.0.8-7/cce/11.0.1/fyjvsbwngyzlsiluc4udbnxkhlbwkzc3/bin:1;/apps/prod/hpc-stack/intel-19.1.3.304/cray-mpich-8.1.4/cdo/1.9.8/bin:1;/apps/spack/gsl/2.7/intel/19.1.3.304/xks7dxbowrdxhjck5zxc4rompopocevb/bin:1;/apps/spack/udunits/2.2.28/intel/19.1.3.304/vcyezvmxp635k4aochioodzoduja3ntg/bin:1;/apps/spack/libjpeg/9c/intel/19.1.3.304/jkr3isi257ktoouprwaxcn4twtye747z/bin:1;/apps/spack/perl/5.32.0/intel/19.1.3.304/hozp6ca3uy2t5wk4dk5wmvt4hu6yqbn3/bin:1;/apps/ops/prod/nco/intel/19.1.3.304/gempak.v7.15.1/nawips/os/linux5.3.18_x86_64/bin:1;/apps/spack/python/3.8.6/intel/19.1.3.304/pjn2nzkjvqgmjw4hmyz43v5x4jbxjzpk/bin:1;/apps/prod/cfp/2.0.4/intel/19.1.3.304/bin:1;/opt/cray/pe/pals/1.0.17/bin:1;/pe/intel/compilers_and_libraries_2020.4.304/linux/bin/intel64:1;/pe/intel/compilers_and_libraries_2020.4.304/linux/bin:1;/pe/intel/compilers_and_libraries_2020.4.304/linux/mpi/intel64/bin:1;/pe/intel/debugger_2020/gdb/intel64/bin:1;/opt/cray/pe/craype/2.7.13/bin:1;/opt/cray/bin:1;/u/emc.global/bin:2;/usr/local/bin:1;/usr/bin:1;/bin:2;/opt/c3/bin:1;/opt/pbs/bin:1;/sbin:1;.:1;/opt/cray/pe/bin:1;/apps/prod/python-modules/3.8.6/intel/19.1.3.304/bin:1;/apps/prod/python-modules/3.8.6/intel/19.1.3.304/lib/python3.8/site-packages/bin:1;/apps/ops/prod/nco/intel/19.1.3.304/gempak.v7.15.1/nawips/bin:1;/apps/ops/prod/nco/intel/19.1.3.304/gempak.v7.15.1/nawips/scripts/ez:1;/apps/ops/prod/nco/intel/19.1.3.304/gempak.v7.15.1/nawips/scripts/nawips:1;/apps/ops/prod/nco/intel/19.1.3.304/gempak.v7.15.1/nawips/scripts/prnt:1;/apps/ops/prod/nco/intel/19.1.3.304/gempak.v7.15.1/nawips/scripts/decoder:1', 'GEMNTS': '/apps/ops/prod/nco/intel/19.1.3.304/gempak.v7.15.1/nawips/gempak/nts', '_ModuleTable002_': 'b2FkT3JkZXIiXT01LHByb3BUPXt9LFsic3RhY2tEZXB0aCJdPTEsWyJzdGF0dXMiXT0iYWN0aXZlIixbInVzZXJOYW1lIl09IlByZ0Vudi1pbnRlbC84LjEuMCIsfSxidWZyX2R1bXA9e1siZm4iXT0iL2FwcHMvb3BzL3Byb2QvbmNvL21vZHVsZWZpbGVzL2NvbXBpbGVyL2ludGVsLzE5LjEuMy4zMDQvYnVmcl9kdW1wLzEuMC4wLmx1YSIsWyJmdWxsTmFtZSJdPSJidWZyX2R1bXAvMS4wLjAiLFsibG9hZE9yZGVyIl09MjMscHJvcFQ9e30sWyJzdGFja0RlcHRoIl09MSxbInN0YXR1cyJdPSJhY3RpdmUiLFsidXNlck5hbWUiXT0iYnVmcl9kdW1wLzEuMC4wIix9LGNkbz17WyJmbiJdPSIvYXBwcy9wcm9kL2xtb2R1bGVzL0lOVEVMX2NyYXlfbXBpY2gvMTkuMS4zLjMwNC9jcmF5', 'RUN': 'gdas', 'NCO_SRC': '/apps/prod/nco/4.7.9/intel/19.1.3.304/src', 'BULL2SEQ': '/apps/ops/prod/nco/intel/19.1.3.304/util_shared.v1.4.0/bin/bull2seq', 'INCLUDE': '/apps/prod/nco/4.7.9/intel/19.1.3.304/include:/apps/spack/imagemagick/7.0.8-7/cce/11.0.1/fyjvsbwngyzlsiluc4udbnxkhlbwkzc3/include:/apps/spack/gsl/2.7/intel/19.1.3.304/xks7dxbowrdxhjck5zxc4rompopocevb/include:/apps/spack/udunits/2.2.28/intel/19.1.3.304/vcyezvmxp635k4aochioodzoduja3ntg/include:/apps/spack/libjpeg/9c/intel/19.1.3.304/jkr3isi257ktoouprwaxcn4twtye747z/include:/apps/spack/python/3.8.6/intel/19.1.3.304/pjn2nzkjvqgmjw4hmyz43v5x4jbxjzpk/include', 'FHMAX_ENKF': 9, 'LESSCLOSE': 'lessclose.sh %s %s', 'ARCH_WARMICFREQ': 4, 'CRAY_LD_LIBRARY_PATH': '/opt/cray/pe/mpich/8.1.9/ofi/intel/19.0/lib', '__LMOD_REF_COUNT_DYLD_LIBRARY_PATH': '/apps/prod/hpc-stack/intel-19.1.3.304/cray-mpich-8.1.4/netcdf/4.7.4/lib:1;/apps/prod/hpc-stack/intel-19.1.3.304/cray-mpich-8.1.4/hdf5/1.10.6/lib:1', 'CRTM_FIX': '/apps/ops/para/libs/intel/19.1.3.304/crtm/2.4.0.1/fix', 'COM_RTOFS_TMPL': '${DMPDIR}', 'XKEYSYMDB': '/usr/X11R6/lib/X11/XKeysymDB', 'PE_ENV': 'INTEL', 'COM_ATMOS_GRIB_GRID_TMPL': '${ROTDIR}/${RUN}.${YMD}/${HH}/${MEMDIR}/products/atmos/grib2/${GRID}', 'CWORDSH': '/apps/ops/prod/nco/intel/19.1.3.304/util_shared.v1.4.0/bin/cwordsh', 'COMIN_CHEM_HISTORY': '/lfs/h2/emc/ptmp/emc.global/RETRO_GFSv17/comroot/retrotestgfs10/gdas.20241124/18//model/chem/history', '__LMOD_REF_COUNT_C_INCLUDE_PATH': '/apps/prod/nco/4.7.9/intel/19.1.3.304/include:1;/apps/spack/imagemagick/7.0.8-7/cce/11.0.1/fyjvsbwngyzlsiluc4udbnxkhlbwkzc3/include:1;/apps/spack/gsl/2.7/intel/19.1.3.304/xks7dxbowrdxhjck5zxc4rompopocevb/include:1;/apps/spack/udunits/2.2.28/intel/19.1.3.304/vcyezvmxp635k4aochioodzoduja3ntg/include:1;/apps/spack/libjpeg/9c/intel/19.1.3.304/jkr3isi257ktoouprwaxcn4twtye747z/include:1;/apps/spack/python/3.8.6/intel/19.1.3.304/pjn2nzkjvqgmjw4hmyz43v5x4jbxjzpk/include:1', '__LMOD_REF_COUNT_PE_FORTRAN_PKGCONFIG_LIBS': 'mpichf90:1', 'LMOD_FAMILY_CRAYPE_CPU': 'craype-x86-rome', 'NUM_SND_COLLECTIVES': 9, 'CRAY_LMOD_COMPILER': 'intel/19.0', 'RUNRSTwave': 'gdas', 'PSLOT': 'retrotestgfs10', 'LMOD_MODULERCFILE': '/apps/prod/lmodules/.modulerc.lua', 'QUEUE': 'devmax', 'DOIAU': True, 'GEMPARM': '/apps/ops/prod/nco/intel/19.1.3.304/gempak.v7.15.1/nawips/gempak/parm', 'COMIN_ATMOS_INPUT': '/lfs/h2/emc/ptmp/emc.global/RETRO_GFSv17/comroot/retrotestgfs10/gdas.20241124/18//model/atmos/input', 'PACKAGEROOT': '/lfs/h1/ops/prod/packages', 'PE_PRODUCT_LIST': 'CRAYPE:CRAYPE_X86_ROME', 'LMOD_IGNORE_CACHE': True, 'NDATE': '/apps/ops/prod/nco/core/prod_util.v2.0.9/exec/ndate', 'COM_ICE_RESTART_TMPL': '${ROTDIR}/${RUN}.${YMD}/${HH}/${MEMDIR}/model/ice/restart', 'LMOD_FAMILY_MPI_VERSION': '8.1.9', 'COM_ICE_ANLMON_TMPL': '${ROTDIR}/${RUN}.${YMD}/${HH}/${MEMDIR}/products/ice/anlmon', 'libjpeg_ver': '9c', 'FHOUT_ICE': 3, 'PE_PERFTOOLS_MPICH_LIBDIR': '/opt/cray/pe/mpich/8.1.9/ofi/intel/19.0/lib', 'COM_SNOW_ANLMON_TMPL': '${ROTDIR}/${RUN}.${YMD}/${HH}/${MEMDIR}/products/snow/anlmon', 'ARCH_CYC': 0, 'PE_MPICH_GTL_DIR_amd_gfx906': '-L/opt/cray/pe/mpich/8.1.9/gtl/lib', 'EUPD_CYC': 'both', 'LANG': 'en_US.UTF-8', 'FETCHDIR': '{{ FETCHDIR }}', 'TZ': 'Etc/UTC', 'NetCDF_VERSION': '4.7.4', 'crtm_VERSION': '2.4.0.1', 'COMIN_OCEAN_HISTORY': '/lfs/h2/emc/ptmp/emc.global/RETRO_GFSv17/comroot/retrotestgfs10/gdas.20241124/18//model/ocean/history', '_ModuleTable019_': 'aWxfc2hhcmVkPXtbImZuIl09Ii9hcHBzL29wcy9wcm9kL25jby9tb2R1bGVmaWxlcy9jb21waWxlci9pbnRlbC8xOS4xLjMuMzA0L3V0aWxfc2hhcmVkLzEuNC4wIixbImZ1bGxOYW1lIl09InV0aWxfc2hhcmVkLzEuNC4wIixbImxvYWRPcmRlciJdPTI0LHByb3BUPXt9LFsic3RhY2tEZXB0aCJdPTEsWyJzdGF0dXMiXT0iYWN0aXZlIixbInVzZXJOYW1lIl09InV0aWxfc2hhcmVkLzEuNC4wIix9LHdncmliMj17WyJmbiJdPSIvYXBwcy9vcHMvcGFyYS9saWJzL21vZHVsZWZpbGVzL2NvbXBpbGVyL2ludGVsLzE5LjEuMy4zMDQvd2dyaWIyLzIuMC44Lmx1YSIsWyJmdWxsTmFtZSJdPSJ3Z3JpYjIvMi4wLjgiLFsibG9hZE9yZGVyIl09MzQscHJvcFQ9e30sWyJzdGFja0RlcHRo', 'EXECcfs': '/lfs/h2/emc/global/save/emc.global/git/Fit2Obs/v1.1.7/exec', 'cray_pals_ver': '1.0.17', 'PE_MPICH_GTL_DIR_amd_gfx908': '-L/opt/cray/pe/mpich/8.1.9/gtl/lib', 'COMLOGSROOT': '/lfs/h1/ops/prod/com', 'imp_physics': 8, 'QUEUE_SERVICE': 'dev_transfer', 'WINDOWMANAGER': 'xterm', 'METPLUS_ROOT': '/apps/ops/para/libs/intel/19.1.3.304/metplus/3.1.1', 'COM_ICE_NETCDF_TMPL': '${ROTDIR}/${RUN}.${YMD}/${HH}/${MEMDIR}/products/ice/netcdf', '_ModuleTable008_': 'IixbImxvYWRPcmRlciJdPTI5LHByb3BUPXt9LFsic3RhY2tEZXB0aCJdPTEsWyJzdGF0dXMiXT0iYWN0aXZlIixbInVzZXJOYW1lIl09ImZpdDJvYnMvMS4xLjciLH0sZzJ0bXBsPXtbImZuIl09Ii9hcHBzL29wcy9wYXJhL2xpYnMvbW9kdWxlZmlsZXMvY29tcGlsZXIvaW50ZWwvMTkuMS4zLjMwNC9nMnRtcGwvMS4xMC4yLmx1YSIsWyJmdWxsTmFtZSJdPSJnMnRtcGwvMS4xMC4yIixbImxvYWRPcmRlciJdPTMyLHByb3BUPXt9LFsic3RhY2tEZXB0aCJdPTAsWyJzdGF0dXMiXT0iYWN0aXZlIixbInVzZXJOYW1lIl09ImcydG1wbC8xLjEwLjIiLH0sZ2VtcGFrPXtbImZuIl09Ii9hcHBzL29wcy9wcm9kL25jby9tb2R1bGVmaWxlcy9jb21waWxlci9pbnRlbC8xOS4xLjMuMzA0', 'LESS': '-M -I -R', 'UDUNITS_LIB': '/apps/spack/udunits/2.2.28/intel/19.1.3.304/vcyezvmxp635k4aochioodzoduja3ntg/lib/libudunits2.a', 'PE_MPICH_GTL_LIBS_nvidia70': '-lmpi_gtl_cuda', 'COMIN_TOP': '/lfs/h2/emc/ptmp/emc.global/RETRO_GFSv17/comroot/retrotestgfs10/gdas.20241124/18', '__LMOD_REF_COUNT_INTEL_LICENSE_FILE': '/pe/intel/compilers_and_libraries_2020.4.304/linux/licenses:1;/opt/intel/licenses:1;/intel/licenses:1', 'SMOOTH_ENKF': False, 'HISTTIMEFORMAT': '%F %T ', 'OUTPARS_WAV': 'WND CUR ICE HS T01 T02 DIR FP DP PHS PTP PDIR CHA', 'LMOD_FAMILY_COMPILER_VERSION': '19.1.3.304', 'IAU_DELTHRS_ENKF': 6, 'COM_ATMOS_GRIB_TMPL': '${ROTDIR}/${RUN}.${YMD}/${HH}/${MEMDIR}/products/atmos/grib2', 'MET_BASE': '/apps/ops/para/libs/intel/19.1.3.304/met/9.1.3/share/met', 'cyc': 18, 'HOSTNAME': 'ddxfer02', 'COM_ICE_LETKF_TMPL': '${ROTDIR}/${RUN}.${YMD}/${HH}/${MEMDIR}/analysis/ice/letkf', 'version': 'v16.3.7', 'IPPROOT': '/pe/intel/compilers_and_libraries_2020.4.304/linux/ipp', 'LMOD_SYSTEM_DEFAULT_MODULES': 'envvar/1.0', 'gsl_ver': 2.7, 'OLDPWD': '/u/emc.global', 'NADATA1': '/apps/ops/prod/nco/intel/19.1.3.304/gempak.v7.15.1/nawips/gempak/data', 'COM_WAVE_RESTART_TMPL': '${ROTDIR}/${RUN}.${YMD}/${HH}/${MEMDIR}/model/wave/restart', 'COM_ATMOS_RESTART_TMPL': '${ROTDIR}/${RUN}.${YMD}/${HH}/${MEMDIR}/model/atmos/restart', 'MEL_BUFR_TABLES': '/apps/ops/prod/nco/intel/19.1.3.304/gempak.v7.15.1/nawips/gempak/tables/melbufr', 'PBS_O_HOME': '/u/emc.global', 'NADATA2': '/apps/ops/prod/nco/intel/19.1.3.304/gempak.v7.15.1/nawips/gempak/data', 'SENDSDM': False, 'COM_ATMOS_BUFR_TMPL': '${ROTDIR}/${RUN}.${YMD}/${HH}/${MEMDIR}/products/atmos/bufr', 'NMEM_ENS_GFS_OFFSET': 20, '__LMOD_REF_COUNT__LMFILES_': '/opt/cray/pe/lmod/modulefiles/craype-targets/default/craype-x86-rome.lua:1;/opt/cray/modulefiles/libfabric/1.20.1:1;/opt/cray/pe/lmod/modulefiles/craype-targets/default/craype-network-ofi.lua:1;/apps/prod/lmodules/sys_core/envvar/1.0:1;/opt/cray/pe/lmod/modulefiles/core/PrgEnv-intel/8.1.0.lua:1;/opt/cray/pe/lmod/modulefiles/core/craype/2.7.13.lua:1;/apps/prod/lmodules/core/intel/19.1.3.304.lua:1;/opt/cray/pe/lmod/modulefiles/comnet/intel/19.0/ofi/1.0/cray-mpich/8.1.9.lua:1;/opt/cray/pe/lmod/modulefiles/core/cray-pals/1.0.17.lua:1;/apps/prod/lmodules/core/cfp/2.0.4:1;/apps/prod/lmodules/intel/19.1.3.304/python/3.8.6:1;/apps/ops/prod/nco/modulefiles/compiler/intel/19.1.3.304/gempak/7.15.1:1;/apps/prod/lmodules/intel/19.1.3.304/perl/5.32.0:1;/apps/prod/lmodules/intel/19.1.3.304/libjpeg/9c:1;/apps/prod/lmodules/intel/19.1.3.304/udunits/2.2.28:1;/apps/prod/lmodules/intel/19.1.3.304/gsl/2.7:1;/apps/prod/lmodules/INTEL_cray_mpich/19.1.3.304/cray-mpich/8.1.4/cdo/1.9.8.lua:1;/apps/prod/lmodules/core/imagemagick/7.0.8-7:1;/apps/prod/lmodules/INTEL_cray_mpich/19.1.3.304/cray-mpich/8.1.4/hdf5/1.10.6.lua:1;/apps/prod/lmodules/INTEL_cray_mpich/19.1.3.304/cray-mpich/8.1.4/netcdf/4.7.4.lua:1;/apps/prod/lmodules/intel/19.1.3.304/nco/4.7.9:1;/apps/ops/prod/nco/modulefiles/core/prod_util/2.0.9:1;/apps/ops/prod/nco/modulefiles/compiler/intel/19.1.3.304/bufr_dump/1.0.0.lua:1;/apps/ops/prod/nco/modulefiles/compiler/intel/19.1.3.304/util_shared/1.4.0:1;/apps/ops/prod/libs/modulefiles/mpi/intel/19.1.3.304/cray-mpich/8.1.4/ncdiag/1.0.0.lua:1;/apps/ops/para/libs/modulefiles/compiler/intel/19.1.3.304/met/9.1.3.lua:1;/apps/ops/para/libs/modulefiles/compiler/intel/19.1.3.304/metplus/3.1.1.lua:1;/lfs/h2/emc/global/save/emc.global/git/prepobs/gfsv17_v1.1.0/modulefiles/prepobs/1.1.0.lua:1;/lfs/h2/emc/global/save/emc.global/git/Fit2Obs/v1.1.7/modulefiles/fit2obs/1.1.7.lua:1;/lfs/h2/emc/global/noscrub/emc.global/RETRO_GFSv17/git/global-workflow/develop_20250602/modulefiles/module_base.wcoss2.lua:1;/apps/ops/para/libs/modulefiles/compiler/intel/19.1.3.304/grib_util/1.2.3.lua:1;/apps/ops/para/libs/modulefiles/compiler/intel/19.1.3.304/g2tmpl/1.10.2.lua:1;/apps/ops/para/libs/modulefiles/compiler/intel/19.1.3.304/crtm/2.4.0.1.lua:1;/apps/ops/para/libs/modulefiles/compiler/intel/19.1.3.304/wgrib2/2.0.8.lua:1', 'COMIN_WAVE_GRID_arctic_9km': '/lfs/h2/emc/ptmp/emc.global/RETRO_GFSv17/comroot/retrotestgfs10/gdas.20241124/18//products/wave/gridded/arctic.9km', 'CONFIG_SITE': '/usr/share/site/x86_64-unknown-linux-gnu', 'libpng_ver': '1.6.37', 'CSHEDIT': 'emacs', 'FPNTPROC': True, 'NETCDF_ROOT': '/apps/prod/hpc-stack/intel-19.1.3.304/cray-mpich-8.1.4/netcdf/4.7.4', 'RSTIOFF_WAV': 0, 'C_INCLUDE_PATH': '/apps/prod/nco/4.7.9/intel/19.1.3.304/include:/apps/spack/imagemagick/7.0.8-7/cce/11.0.1/fyjvsbwngyzlsiluc4udbnxkhlbwkzc3/include:/apps/spack/gsl/2.7/intel/19.1.3.304/xks7dxbowrdxhjck5zxc4rompopocevb/include:/apps/spack/udunits/2.2.28/intel/19.1.3.304/vcyezvmxp635k4aochioodzoduja3ntg/include:/apps/spack/libjpeg/9c/intel/19.1.3.304/jkr3isi257ktoouprwaxcn4twtye747z/include:/apps/spack/python/3.8.6/intel/19.1.3.304/pjn2nzkjvqgmjw4hmyz43v5x4jbxjzpk/include', 'DO_ARCHCOM': True, 'HDF5_ROOT': '/apps/prod/hpc-stack/intel-19.1.3.304/cray-mpich-8.1.4/hdf5/1.10.6', 'DO_FIT2OBS': True, 'DO_ICE': True, 'CHGRP_CMD': 'chgrp rstprod', 'DO_NEST': False, 'met_ver': '9.1.3', 'ncdiag_VERSION': '1.0.0', 'LMOD_CUSTOM_CNCM_INTEL_19_0_UCX_1_0_X86_ROME_1_0_CRAY_MPICH_8_0_PREFIX': '/apps/prod/lmodules/INTEL_cray_mpich/19.1.3.304/cray-mpich/8.1.4:/apps/ops/prod/libs/modulefiles/mpi/intel/19.1.3.304/cray-mpich/8.1.4', 'NAWIPS_HELP': '/apps/ops/prod/nco/intel/19.1.3.304/gempak.v7.15.1/nawips/gempak/help', 'NETCDF_VERSION': '4.7.4', 'PBS_JOBID': '46066644.dbqs01', 'LMOD_CUSTOM_COMPILER_GNU_8_0_PREFIX': '/apps/prod/lmodules/gcc/11.2.0:/apps/prod/lmodules/gcc/10.2.0', 'ENVIRONMENT': 'BATCH', 'DO_AERO_FCST': False, 'GPG_TTY': 'not a tty', 'PrgEnv_intel_ver': '8.1.0', 'LESS_ADVANCED_PREPROCESSOR': False, 'DOLETKF_OCN': False, 'PARMgfs': '/lfs/h2/emc/global/noscrub/emc.global/RETRO_GFSv17/git/global-workflow/develop_20250602/parm', 'COM_WAVE_PREP_TMPL': '${ROTDIR}/${RUN}.${YMD}/${HH}/${MEMDIR}/model/wave/prep', 'HDF5_LIBRARIES': '/apps/prod/hpc-stack/intel-19.1.3.304/cray-mpich-8.1.4/hdf5/1.10.6/lib', 'GEMPTXT': '/apps/ops/prod/nco/intel/19.1.3.304/gempak.v7.15.1/nawips/gempak/txt/programs', 'OS_INC': '/apps/ops/prod/nco/intel/19.1.3.304/gempak.v7.15.1/nawips/os/linux5.3.18_x86_64/include', 'COMIN_ATMOS_GEMPAK': '/lfs/h2/emc/ptmp/emc.global/RETRO_GFSv17/comroot/retrotestgfs10/gdas.20241124/18//products/atmos/gempak/', 'DO_FETCH_HPSS': False, 'BASE_ENV': '/lfs/h2/emc/global/noscrub/emc.global/RETRO_GFSv17/git/global-workflow/develop_20250602/env', 'NLN': '/bin/ln -sf', 'nst_anl': True, 'COLORTERM': 1, 'ukmet_ver': 'v2.2', 'USHbufr_dump': '/apps/ops/prod/nco/intel/19.1.3.304/bufr_dump.v1.0.0/ush', '__LMOD_REF_COUNT_XDG_DATA_DIRS': '/apps/spack/gtkplus/3.20.10/cce/11.0.1/e73twegnu56s2wtekpzwvttejwpps6b3/share:1;/apps/spack/shared-mime-info/1.9/cce/11.0.1/kc4blx55eopohmncyugahi5phm33eg7e/share:1;/apps/spack/pango/1.41.0/cce/11.0.1/q46kf6zdzfmfqc3meeonatppyoi54x6z/share:1;/apps/spack/gdk-pixbuf/2.40.0/cce/11.0.1/dvexg53dlrlpojgpqcwf5qlddymn6agh/share:1;/apps/spack/atk/2.36.0/cce/11.0.1/nmgp43img2yofr53p46kpuqpsgscoxx7/share:1;/apps/spack/gobject-introspection/1.56.1/cce/11.0.1/uhnxy7tehrvwwwp5xfiobys4fbyh3db7/share:1;/usr/share:1', 'POFILETYPE': 1, 'job': 'arch_tars', 'RESERVATION': '', 'LIBJPEG_ROOT': '/apps/spack/libjpeg/9c/intel/19.1.3.304/jkr3isi257ktoouprwaxcn4twtye747z', 'PBS_JOBNAME': 'retrotestgfs10_gdas_arch_tars_18', 'COM_CHEM_HISTORY_TMPL': '${ROTDIR}/${RUN}.${YMD}/${HH}/${MEMDIR}/model/chem/history', 'COM_OBSPROC_TMPL': '${DMPDIR}/${RUN}${DUMP_SUFFIX}.${YMD}/${HH}/atmos', 'UDUNITS_INC': '/apps/spack/udunits/2.2.28/intel/19.1.3.304/vcyezvmxp635k4aochioodzoduja3ntg/include', 'COMIN_WAVE_GRID_gsouth_0p25': '/lfs/h2/emc/ptmp/emc.global/RETRO_GFSv17/comroot/retrotestgfs10/gdas.20241124/18//products/wave/gridded/gsouth.0p25', 'COMIN_WAVE_STATION': '/lfs/h2/emc/ptmp/emc.global/RETRO_GFSv17/comroot/retrotestgfs10/gdas.20241124/18//products/wave/station', 'NCPUS': 1, '_ModuleTable007_': 'Il09MzMscHJvcFQ9e30sWyJzdGFja0RlcHRoIl09MCxbInN0YXR1cyJdPSJhY3RpdmUiLFsidXNlck5hbWUiXT0iY3J0bS8yLjQuMC4xIix9LGVudnZhcj17WyJmbiJdPSIvYXBwcy9wcm9kL2xtb2R1bGVzL3N5c19jb3JlL2VudnZhci8xLjAiLFsiZnVsbE5hbWUiXT0iZW52dmFyLzEuMCIsWyJsb2FkT3JkZXIiXT00LHByb3BUPXt9LFsic3RhY2tEZXB0aCJdPTAsWyJzdGF0dXMiXT0iYWN0aXZlIixbInVzZXJOYW1lIl09ImVudnZhci8xLjAiLH0sZml0Mm9icz17WyJmbiJdPSIvbGZzL2gyL2VtYy9nbG9iYWwvc2F2ZS9lbWMuZ2xvYmFsL2dpdC9GaXQyT2JzL3YxLjEuNy9tb2R1bGVmaWxlcy9maXQyb2JzLzEuMS43Lmx1YSIsWyJmdWxsTmFtZSJdPSJmaXQyb2JzLzEuMS43', 'SUPVIT': '/apps/ops/prod/nco/intel/19.1.3.304/util_shared.v1.4.0/bin/supvit', 'ntasks': 1, 'max_tasks_per_node': 128, 'USE_CFP': True, 'OUTPUT_GRID': 'gaussian_grid', 'EXPDIR': '/lfs/h2/emc/global/noscrub/emc.global/RETRO_GFSv17/expdir/retrotestgfs10', 'COM_OBS_JEDI': '${ROTDIR}/${RUN}.${YMD}/${HH}/${MEMDIR}/obs_jedi', '__LMOD_REF_COUNT_NLSPATH': '/pe/intel/compilers_and_libraries_2020.4.304/linux/compiler/lib/intel64/locale/%l_%t/%N:1;/pe/intel/compilers_and_libraries_2020.4.304/linux/mkl/lib/intel64_lin/locale/%l_%t/%N:1;/pe/intel/debugger_2020/gdb/intel64/share/locale/%l_%t/%N:1', 'USHprepobs': '/lfs/h2/emc/global/save/emc.global/git/prepobs/gfsv17_v1.1.0/ush', 'FHMIN': 0, 'ARCH_HASHES': True, '__LMOD_REF_COUNT_CPLUS_INCLUDE_PATH': '/apps/prod/nco/4.7.9/intel/19.1.3.304/include:1;/apps/spack/imagemagick/7.0.8-7/cce/11.0.1/fyjvsbwngyzlsiluc4udbnxkhlbwkzc3/include:1;/apps/spack/gsl/2.7/intel/19.1.3.304/xks7dxbowrdxhjck5zxc4rompopocevb/include:1;/apps/spack/udunits/2.2.28/intel/19.1.3.304/vcyezvmxp635k4aochioodzoduja3ntg/include:1;/apps/spack/libjpeg/9c/intel/19.1.3.304/jkr3isi257ktoouprwaxcn4twtye747z/include:1;/apps/spack/python/3.8.6/intel/19.1.3.304/pjn2nzkjvqgmjw4hmyz43v5x4jbxjzpk/include:1', 'LMOD_FAMILY_CRAYPE_NETWORK': 'craype-network-ofi', 'VERBOSE': True, 'WAVECUR_FID': '', 'TOCGRIB': '/apps/ops/para/libs/intel/19.1.3.304/grib_util/1.2.3/bin/tocgrib', 'COMIN_ATMOS_RESTART': '/lfs/h2/emc/ptmp/emc.global/RETRO_GFSv17/comroot/retrotestgfs10/gdas.20241124/18//model/atmos/restart', 'LMOD_FAMILY_CRAYPE_VERSION': '2.7.13', 'NHOUR': '/apps/ops/prod/nco/core/prod_util.v2.0.9/exec/nhour', 'NetCDF_INCLUDES': '/apps/prod/hpc-stack/intel-19.1.3.304/cray-mpich-8.1.4/netcdf/4.7.4/include', 'FHMAX_GFS': 384, 'NCO_LIBDIR': '/apps/prod/nco/4.7.9/intel/19.1.3.304/lib64', 'DO_STARTMEM_FROM_JEDIICE': True, 'CFLAGS': '-I/apps/ops/prod/nco/intel/19.1.3.304/gempak.v7.15.1/nawips/gempak/include -I/apps/ops/prod/nco/intel/19.1.3.304/gempak.v7.15.1/nawips/os/linux5.3.18_x86_64/include -DLinux -DUNDERSCORE -I/usr/X11R6/include -DG_64BIT', 'memory': '50GB', 'DYLD_LIBRARY_PATH': '/apps/prod/hpc-stack/intel-19.1.3.304/cray-mpich-8.1.4/netcdf/4.7.4/lib:/apps/prod/hpc-stack/intel-19.1.3.304/cray-mpich-8.1.4/hdf5/1.10.6/lib', '__LMOD_REF_COUNT_INCLUDE': '/apps/prod/nco/4.7.9/intel/19.1.3.304/include:1;/apps/spack/imagemagick/7.0.8-7/cce/11.0.1/fyjvsbwngyzlsiluc4udbnxkhlbwkzc3/include:1;/apps/spack/gsl/2.7/intel/19.1.3.304/xks7dxbowrdxhjck5zxc4rompopocevb/include:1;/apps/spack/udunits/2.2.28/intel/19.1.3.304/vcyezvmxp635k4aochioodzoduja3ntg/include:1;/apps/spack/libjpeg/9c/intel/19.1.3.304/jkr3isi257ktoouprwaxcn4twtye747z/include:1;/apps/spack/python/3.8.6/intel/19.1.3.304/pjn2nzkjvqgmjw4hmyz43v5x4jbxjzpk/include:1', 'MACHTYPE': 'x86_64-suse-linux', 'FIXreg2grb2': '/lfs/h2/emc/global/noscrub/emc.global/RETRO_GFSv17/git/global-workflow/develop_20250602/fix/reg2grb2', 'DUMPJB': '/apps/ops/prod/nco/intel/19.1.3.304/bufr_dump.v1.0.0/ush/dumpjb', 'COM_WAVE_GEMPAK_TMPL': '${ROTDIR}/${RUN}.${YMD}/${HH}/${MEMDIR}/products/wave/gempak', '__LMOD_REF_COUNT_LD_LIBRARY_PATH': '/apps/prod/nco/4.7.9/intel/19.1.3.304/lib64:1;/apps/prod/hpc-stack/intel-19.1.3.304/cray-mpich-8.1.4/netcdf/4.7.4/lib:1;/apps/prod/hpc-stack/intel-19.1.3.304/cray-mpich-8.1.4/hdf5/1.10.6/lib:1;/apps/spack/gsl/2.7/intel/19.1.3.304/xks7dxbowrdxhjck5zxc4rompopocevb/lib64:1;/apps/spack/udunits/2.2.28/intel/19.1.3.304/vcyezvmxp635k4aochioodzoduja3ntg/lib:1;/apps/spack/libjpeg/9c/intel/19.1.3.304/jkr3isi257ktoouprwaxcn4twtye747z/lib:1;/apps/spack/python/3.8.6/intel/19.1.3.304/pjn2nzkjvqgmjw4hmyz43v5x4jbxjzpk/lib:1;/pe/intel/compilers_and_libraries_2020.4.304/linux/compiler/lib/intel64_lin:1;/pe/intel/compilers_and_libraries_2020.4.304/linux/mpi/intel64/lib/release:1;/pe/intel/compilers_and_libraries_2020.4.304/linux/mpi/intel64/lib:1;/pe/intel/compilers_and_libraries_2020.4.304/linux/ipp/lib/intel64:1;/pe/intel/compilers_and_libraries_2020.4.304/linux/mkl/lib/intel64_lin:1;/pe/intel/compilers_and_libraries_2020.4.304/linux/tbb/lib/intel64/gcc4.8:1;/pe/intel/debugger_2020/python/intel64/lib:1;/pe/intel/debugger_2020/libipt/intel64/lib:1;/opt/cray/lib64:1', 'WAVEICE_FID': '', 'COM_OCEAN_LETKF_TMPL': '${ROTDIR}/${RUN}.${YMD}/${HH}/${MEMDIR}/analysis/ocean/letkf', 'EDATE': datetime.datetime(2025, 1, 16, 0, 0), '__LMOD_REF_COUNT_PKG_CONFIG_PATH': '/apps/spack/imagemagick/7.0.8-7/cce/11.0.1/fyjvsbwngyzlsiluc4udbnxkhlbwkzc3/lib/pkgconfig:1;/apps/spack/gsl/2.7/intel/19.1.3.304/xks7dxbowrdxhjck5zxc4rompopocevb/lib64/pkgconfig:1;/apps/spack/libjpeg/9c/intel/19.1.3.304/jkr3isi257ktoouprwaxcn4twtye747z/lib/pkgconfig:1;/apps/spack/python/3.8.6/intel/19.1.3.304/pjn2nzkjvqgmjw4hmyz43v5x4jbxjzpk/lib/pkgconfig:1;/pe/intel/compilers_and_libraries_2020.4.304/linux/mkl/bin/pkgconfig:1;/opt/cray/pe/craype/2.7.13/pkg-config:1;/opt/cray/lib64/pkgconfig:1', 'ATARDIR': '/5year/NCEPDEV/emc-global/emc.glopara/WCOSS2/GFSv17/retrotestgfs10', 'DO_JEDIOCNVAR': True, 'PBS_O_PATH': '/apps/ops/test/nco/core/rocoto.v1.3.5/bin:/apps/spack/python/3.8.6/intel/19.1.3.304/pjn2nzkjvqgmjw4hmyz43v5x4jbxjzpk/bin:/opt/cray/pals/1.3.2/bin:/pe/intel/compilers_and_libraries_2020.4.304/linux/bin/intel64:/pe/intel/compilers_and_libraries_2020.4.304/linux/bin:/pe/intel/compilers_and_libraries_2020.4.304/linux/mpi/intel64/bin:/pe/intel/debugger_2020/gdb/intel64/bin:/opt/cray/pe/craype/2.7.17/bin:/opt/cray/bin:/u/emc.global/bin:/usr/local/bin:/usr/bin:/bin:/opt/c3/bin:/opt/pbs/bin:/sbin:.:/opt/cray/pe/bin:/apps/prod/python-modules/3.8.6/intel/19.1.3.304/bin:/apps/prod/python-modules/3.8.6/intel/19.1.3.304/lib/python3.8/site-packages/bin', 'LMOD_CUSTOM_CNCM_CRAYCLANG_10_0_UCX_1_0_PREFIX': '/apps/prod/lmodules/cce/13.0.0:/apps/prod/lmodules/cce/12.0.3:/apps/prod/lmodules/cce/11.0.4', 'WEBTITLE': '/apps/ops/prod/nco/intel/19.1.3.304/util_shared.v1.4.0/bin/webtitle', 'DO_GSISOILDA': True, 'UTILROOT': '/apps/ops/prod/nco/core/prod_util.v2.0.9', '_ModuleTable024_': 'b2QvbG1vZC9tb2R1bGVmaWxlcy9Db3JlOi9vcHQvY3JheS9wZS9sbW9kL21vZHVsZWZpbGVzL2NvcmU6L29wdC9jcmF5L3BlL2xtb2QvbW9kdWxlZmlsZXMvY3JheXBlLXRhcmdldHMvZGVmYXVsdDovYXBwcy9wcm9kL2xtb2R1bGVzL3N5c19jb3JlOi9hcHBzL29wcy9wcm9kL25jby9tb2R1bGVmaWxlcy9jb3JlOi9hcHBzL3Byb2QvbG1vZHVsZXMvY29yZTovb3B0L2NyYXkvbW9kdWxlZmlsZXMiLH0=', 'FUNIPNT': True, 'udunits_ver': '2.2.28', 'nco_ver': '4.7.9', 'PE_PKGCONFIG_PRODUCTS': 'PE_MPICH', '_ModuleTable015_': 'dWEiLFsiZnVsbE5hbWUiXT0ibmNkaWFnLzEuMC4wIixbImxvYWRPcmRlciJdPTI1LHByb3BUPXt9LFsic3RhY2tEZXB0aCJdPTEsWyJzdGF0dXMiXT0iYWN0aXZlIixbInVzZXJOYW1lIl09Im5jZGlhZy8xLjAuMCIsfSxuY289e1siZm4iXT0iL2FwcHMvcHJvZC9sbW9kdWxlcy9pbnRlbC8xOS4xLjMuMzA0L25jby80LjcuOSIsWyJmdWxsTmFtZSJdPSJuY28vNC43LjkiLFsibG9hZE9yZGVyIl09MjEscHJvcFQ9e30sWyJzdGFja0RlcHRoIl09MSxbInN0YXR1cyJdPSJhY3RpdmUiLFsidXNlck5hbWUiXT0ibmNvLzQuNy45Iix9LG5ldGNkZj17WyJmbiJdPSIvYXBwcy9wcm9kL2xtb2R1bGVzL0lOVEVMX2NyYXlfbXBpY2gvMTkuMS4zLjMwNC9jcmF5LW1waWNoLzguMS40L25l', 'NAWIPS_TABLE': '/apps/ops/prod/nco/intel/19.1.3.304/gempak.v7.15.1/nawips/gempak/tables', 'ASCII2SHP': '/apps/ops/prod/nco/intel/19.1.3.304/util_shared.v1.4.0/bin/ascii2shp', 'CRAY_MPICH_BASEDIR': '/opt/cray/pe/mpich/8.1.9/ofi', 'OS_LIB': '/apps/ops/prod/nco/intel/19.1.3.304/gempak.v7.15.1/nawips/os/linux5.3.18_x86_64/lib', 'PE_MPICH_GTL_DIR_nvidia80': '-L/opt/cray/pe/mpich/8.1.9/gtl/lib', 'TOCGRIB2SUPER': '/apps/ops/para/libs/intel/19.1.3.304/grib_util/1.2.3/bin/tocgrib2super', '_ModuleTable004_': 'LjAvY3JheS1tcGljaC84LjEuOS5sdWEiLFsiZnVsbE5hbWUiXT0iY3JheS1tcGljaC84LjEuOSIsWyJsb2FkT3JkZXIiXT04LHByb3BUPXt9LFsic3RhY2tEZXB0aCJdPTEsWyJzdGF0dXMiXT0iYWN0aXZlIixbInVzZXJOYW1lIl09ImNyYXktbXBpY2gvOC4xLjkiLH0sWyJjcmF5LXBhbHMiXT17WyJmbiJdPSIvb3B0L2NyYXkvcGUvbG1vZC9tb2R1bGVmaWxlcy9jb3JlL2NyYXktcGFscy8xLjAuMTcubHVhIixbImZ1bGxOYW1lIl09ImNyYXktcGFscy8xLjAuMTciLFsibG9hZE9yZGVyIl09OSxwcm9wVD17fSxbInN0YWNrRGVwdGgiXT0xLFsic3RhdHVzIl09ImFjdGl2ZSIsWyJ1c2VyTmFtZSJdPSJjcmF5LXBhbHMvMS4wLjE3Iix9LGNyYXlwZT17WyJmbiJdPSIvb3B0L2Ny', 'COMIN_WAVE_GRID_wcoast_0p16': '/lfs/h2/emc/ptmp/emc.global/RETRO_GFSv17/comroot/retrotestgfs10/gdas.20241124/18//products/wave/gridded/wcoast.0p16', 'FIXorog': '/lfs/h2/emc/global/noscrub/emc.global/RETRO_GFSv17/git/global-workflow/develop_20250602/fix/orog', 'FIXcfs': '/lfs/h2/emc/global/save/emc.global/git/Fit2Obs/v1.1.7/fix', 'COMIN_WAVE_GRID_global_0p50': '/lfs/h2/emc/ptmp/emc.global/RETRO_GFSv17/comroot/retrotestgfs10/gdas.20241124/18//products/wave/gridded/global.0p50', 'FNTSFA': '        ', 'MINICOM': '-c on', 'HDF5_INCLUDES': '/apps/prod/hpc-stack/intel-19.1.3.304/cray-mpich-8.1.4/hdf5/1.10.6/include', 'pgmout': 'OUTPUT.1890124', '__LMOD_REF_COUNT_PYTHONPATH': '/apps/ops/prod/nco/core/prod_util.v2.0.9/ush:1;/apps/prod/python-modules/3.8.6/intel/19.1.3.304/lib/python3.8/site-packages:1', 'FHOUT_WAV': 3, 'PARMshared': '/apps/ops/prod/nco/intel/19.1.3.304/util_shared.v1.4.0/parm', 'FHOUT': 1, 'COMIN_CONF': '/lfs/h2/emc/ptmp/emc.global/RETRO_GFSv17/comroot/retrotestgfs10/gdas.20241124/18//conf', 'DO_AWIPS': False, 'PARTITION_SERVICE': '', 'PE_MPICH_PKGCONFIG_VARIABLES': 'PE_MPICH_GTL_DIR_@accelerator@:PE_MPICH_GTL_LIBS_@accelerator@', 'PE_MPICH_PKGCONFIG_LIBS': 'mpich', 'RSTTYPE_WAV': True, 'FHOUT_OCN_GFS': 6, 'INTEL_PYTHONHOME': '/pe/intel/debugger_2020/python/intel64/', 'COMIN_ATMOS_RADMON': '/lfs/h2/emc/ptmp/emc.global/RETRO_GFSv17/comroot/retrotestgfs10/gdas.20241124/18//products/atmos/radmon', 'QUILTING': True, 'QT_SYSTEM_DIR': '/usr/share/desktop-data', 'OSTYPE': 'linux', 'launcher': 'mpiexec -l', 'FHOUT_GFS': 3, 'NETCDF': '/apps/prod/hpc-stack/intel-19.1.3.304/cray-mpich-8.1.4/netcdf/4.7.4', 'FIXlut': '/lfs/h2/emc/global/noscrub/emc.global/RETRO_GFSv17/git/global-workflow/develop_20250602/fix/lut', 'CLASSPATH': '/pe/intel/compilers_and_libraries_2020.4.304/linux/mpi/intel64/lib/mpi.jar', 'NMEM_ENS': 80, 'CC': 'cc', 'COM_ICE_ANALYSIS_TMPL': '${ROTDIR}/${RUN}.${YMD}/${HH}/${MEMDIR}/analysis/ice', 'COMIN_WAVE_GRID_global_0p25': '/lfs/h2/emc/ptmp/emc.global/RETRO_GFSv17/comroot/retrotestgfs10/gdas.20241124/18//products/wave/gridded/global.0p25', 'FGRDPROC': False, 'waveuoutpGRD': 'uglo_15km', 'DO_AERO_ANL': False, 'lwrite4danl': True, 'FIXugwd': '/lfs/h2/emc/global/noscrub/emc.global/RETRO_GFSv17/git/global-workflow/develop_20250602/fix/ugwd', 'FIXcpl': '/lfs/h2/emc/global/noscrub/emc.global/RETRO_GFSv17/git/global-workflow/develop_20250602/fix/cpl', 'GRIB2GRIB': '/apps/ops/para/libs/intel/19.1.3.304/grib_util/1.2.3/bin/grib2grib', 'SDATE': datetime.datetime(2024, 11, 15, 6, 0), 'COMIN_ATMOS_GRIB_0p50': '/lfs/h2/emc/ptmp/emc.global/RETRO_GFSv17/comroot/retrotestgfs10/gdas.20241124/18//products/atmos/grib2/0p50', 'PBS_O_WORKDIR': '/u/emc.global', 'COMIN_ICE_HISTORY': '/lfs/h2/emc/ptmp/emc.global/RETRO_GFSv17/comroot/retrotestgfs10/gdas.20241124/18//model/ice/history', 'GOFILETYPE': 1, 'USER': 'emc.global', 'FHMAX_ENKF_GFS': 12, 'COMIN_WAVE_GRID_epacif_0p16': '/lfs/h2/emc/ptmp/emc.global/RETRO_GFSv17/comroot/retrotestgfs10/gdas.20241124/18//products/wave/gridded/epacif.0p16', 'OS_BIN': '/apps/ops/prod/nco/intel/19.1.3.304/gempak.v7.15.1/nawips/os/linux5.3.18_x86_64/bin', 'MODULES_SET_SHELL_STARTUP': 0, 'FHMAX_WAV_CUR': 48, 'DMPDIR': '/lfs/h2/emc/dump/noscrub/dump', 'COMIN_SNOW_ANALYSIS': '/lfs/h2/emc/ptmp/emc.global/RETRO_GFSv17/comroot/retrotestgfs10/gdas.20241124/18//analysis/snow', 'ARCH_FCSTICFREQ': 1, 'PAGER': 'less', 'FIXmom': '/lfs/h2/emc/global/noscrub/emc.global/RETRO_GFSv17/git/global-workflow/develop_20250602/fix/mom6', 'METPLUS_VERSION': '3.1.1', 'MODULE_VERSION': '3.2.10', 'NetCDF_ROOT': '/apps/prod/hpc-stack/intel-19.1.3.304/cray-mpich-8.1.4/netcdf/4.7.4', 'PE_MPICH_GENCOMPILERS_INTEL': 19.0, 'crtm_ROOT': '/apps/ops/para/libs/intel/19.1.3.304/crtm/2.4.0.1', 'DO_FETCH_LOCAL': False, 'LMOD_CUSTOM_CNCM_GNU_8_0_OFI_1_0_X86_ROME_1_0_CRAY_MPICH_8_0_PREFIX': '/apps/prod/lmodules/GCC_cray_mpich/10.2.0/cray-mpich/8.1.4', 'WAVEWND_DID': '', 'COM_ATMOS_ANLMON_TMPL': '${ROTDIR}/${RUN}.${YMD}/${HH}/${MEMDIR}/products/atmos/anlmon', 'NMEM_ENS_GFS': 30, 'DTPNT_WAV': 3600, 'LMOD_FAMILY_PRGENV_VERSION': '8.1.0', '_ModuleTable023_': 'L21vZHVsZWZpbGVzL2NvcmUiLCIvb3B0L2NyYXkvcGUvbG1vZC9tb2R1bGVmaWxlcy9jcmF5cGUtdGFyZ2V0cy9kZWZhdWx0IiwiL2FwcHMvcHJvZC9sbW9kdWxlcy9zeXNfY29yZSIsIi9hcHBzL29wcy9wcm9kL25jby9tb2R1bGVmaWxlcy9jb3JlIiwiL2FwcHMvcHJvZC9sbW9kdWxlcy9jb3JlIiwiL29wdC9jcmF5L21vZHVsZWZpbGVzIix9LFsic3lzdGVtQmFzZU1QQVRIIl09Ii91c3Ivc2hhcmUvbW9kdWxlczovdXNyL3NoYXJlL01vZHVsZXMvJE1PRFVMRV9WRVJTSU9OL21vZHVsZWZpbGVzOi91c3Ivc2hhcmUvbW9kdWxlcy9tb2R1bGVmaWxlczovdXNyL3NoYXJlL21vZHVsZWZpbGVzL0xpbnV4Oi91c3Ivc2hhcmUvbW9kdWxlZmlsZXMvQ29yZTovdXNyL3NoYXJlL2xt', 'waveinterpGRD': 'glo_15mxt at_10m ep_10m wc_10m glo_30m aoc_9km gnh_10m gsh_15m', 'NPRINTER': '', 'COMIN_ATMOS_BUFR': '/lfs/h2/emc/ptmp/emc.global/RETRO_GFSv17/comroot/retrotestgfs10/gdas.20241124/18//products/atmos/bufr', '_ModuleTable012_': 'Ii9vcHQvY3JheS9tb2R1bGVmaWxlcy9saWJmYWJyaWMvMS4yMC4xIixbImZ1bGxOYW1lIl09ImxpYmZhYnJpYy8xLjIwLjEiLFsibG9hZE9yZGVyIl09Mixwcm9wVD17fSxbInN0YWNrRGVwdGgiXT0yLFsic3RhdHVzIl09ImFjdGl2ZSIsWyJ1c2VyTmFtZSJdPSJsaWJmYWJyaWMiLH0sbGlianBlZz17WyJmbiJdPSIvYXBwcy9wcm9kL2xtb2R1bGVzL2ludGVsLzE5LjEuMy4zMDQvbGlianBlZy85YyIsWyJmdWxsTmFtZSJdPSJsaWJqcGVnLzljIixbImxvYWRPcmRlciJdPTE0LHByb3BUPXt9LFsic3RhY2tEZXB0aCJdPTEsWyJzdGF0dXMiXT0iYWN0aXZlIixbInVzZXJOYW1lIl09ImxpYmpwZWcvOWMiLH0sbWV0PXtbImZuIl09Ii9hcHBzL29wcy9wYXJhL2xpYnMvbW9kdWxl', 'COM_CHEM_BMAT_TMPL': '${ROTDIR}/${RUN}.${YMD}/${HH}/${MEMDIR}/analysis/chem/bmatrix', 'FHMAX': 9, 'NAWIPS': '/apps/ops/prod/nco/intel/19.1.3.304/gempak.v7.15.1/nawips', 'COM_WAVE_HISTORY_TMPL': '${ROTDIR}/${RUN}.${YMD}/${HH}/${MEMDIR}/model/wave/history', 'COMIN_MED_RESTART': '/lfs/h2/emc/ptmp/emc.global/RETRO_GFSv17/comroot/retrotestgfs10/gdas.20241124/18//model/med/restart', 'waveMEMB': '', 'LMOD_CUSTOM_CNCM_GNU_8_0_UCX_1_0_X86_ROME_1_0_CRAY_MPICH_8_0_PREFIX': '/apps/prod/lmodules/GCC_cray_mpich/10.2.0/cray-mpich/8.1.4', 'CRAY_CPU_TARGET': 'x86-rome', 'DEGRIB2': '/apps/ops/para/libs/intel/19.1.3.304/grib_util/1.2.3/bin/degrib2', 'WGRIB': '/apps/ops/para/libs/intel/19.1.3.304/grib_util/1.2.3/bin/wgrib', 'PBS_NODEFILE': '/var/spool/pbs/aux/46066644.dbqs01', 'WW3CURINP': 'CPL', 'OS_ROOT': '/apps/ops/prod/nco/intel/19.1.3.304/gempak.v7.15.1/nawips/os/linux5.3.18_x86_64', 'UDUNITS_SRC': '/apps/spack/udunits/2.2.28/intel/19.1.3.304/vcyezvmxp635k4aochioodzoduja3ntg/src', 'LMOD_CUSTOM_CNCM_CRAYCLANG_10_0_UCX_1_0_X86_ROME_1_0_CRAY_MPICH_8_0_PREFIX': '/apps/prod/lmodules/CCE_cray_mpich/11.0.4/cray-mpich/8.1.4', '__LMOD_REF_COUNT_MODULEPATH': '/lfs/h2/emc/global/save/emc.global/git/Fit2Obs/v1.1.7/modulefiles:1;/lfs/h2/emc/global/save/emc.global/git/prepobs/gfsv17_v1.1.0/modulefiles:1;/apps/ops/para/libs/modulefiles/compiler/intel/19.1.3.304:1;/apps/ops/prod/libs/modulefiles/mpi/intel/19.1.3.304/cray-mpich/8.1.4:1;/apps/prod/lmodules/INTEL_cray_mpich/19.1.3.304/cray-mpich/8.1.4:1;/opt/cray/pe/lmod/modulefiles/mpi/intel/19.0/ofi/1.0/cray-mpich/8.0:1;/apps/ops/prod/nco/modulefiles/compiler/intel/19.1.3.304:1;/apps/ops/prod/libs/modulefiles/compiler/intel/19.1.3.304:1;/apps/prod/lmodules/intel/19.1.3.304:1;/opt/cray/pe/lmod/modulefiles/comnet/intel/19.0/ofi/1.0:1;/apps/prod/lmodules/compiler/intel/19.0:1;/lfs/h2/emc/global/noscrub/emc.global/RETRO_GFSv17/git/global-workflow/develop_20250602/modulefiles:1;/opt/cray/pe/lmod/modulefiles/net/ofi/1.0:1;/opt/cray/pe/lmod/modulefiles/cpu/x86-rome/1.0:1;/usr/share/modules:1;/usr/share/Modules/$MODULE_VERSION/modulefiles:1;/usr/share/modules/modulefiles:1;/usr/share/modulefiles/Linux:1;/usr/share/modulefiles/Core:1;/usr/share/lmod/lmod/modulefiles/Core:1;/opt/cray/pe/lmod/modulefiles/core:1;/opt/cray/pe/lmod/modulefiles/craype-targets/default:1;/apps/prod/lmodules/sys_core:1;/apps/ops/prod/nco/modulefiles/core:1;/apps/prod/lmodules/core:1;/opt/cray/modulefiles:1', 'NCO_LDFLAGS_C': '-L/apps/prod/nco/4.7.9/intel/19.1.3.304/lib64 -lnco', 'PKGCONFIG_ENABLED': 1, 'GRB2INDEX': '/apps/ops/para/libs/intel/19.1.3.304/grib_util/1.2.3/bin/grb2index', 'MORE': '-sl', 'BUFRFLAGS': '-DNO_MSG_IPC -ansi -O', 'PE_FORTRAN_PKGCONFIG_LIBS': 'mpichf90', '__LMOD_REF_COUNT_LOADEDMODULES': 'craype-x86-rome:1;libfabric/1.20.1:1;craype-network-ofi:1;envvar/1.0:1;PrgEnv-intel/8.1.0:1;craype/2.7.13:1;intel/19.1.3.304:1;cray-mpich/8.1.9:1;cray-pals/1.0.17:1;cfp/2.0.4:1;python/3.8.6:1;gempak/7.15.1:1;perl/5.32.0:1;libjpeg/9c:1;udunits/2.2.28:1;gsl/2.7:1;cdo/1.9.8:1;imagemagick/7.0.8-7:1;hdf5/1.10.6:1;netcdf/4.7.4:1;nco/4.7.9:1;prod_util/2.0.9:1;bufr_dump/1.0.0:1;util_shared/1.4.0:1;ncdiag/1.0.0:1;met/9.1.3:1;metplus/3.1.1:1;prepobs/1.1.0:1;fit2obs/1.1.7:1;module_base.wcoss2:1;grib_util/1.2.3:1;g2tmpl/1.10.2:1;crtm/2.4.0.1:1;wgrib2/2.0.8:1', 'PBS_TASKNUM': 1, '__LMOD_REF_COUNT_CRAY_LD_LIBRARY_PATH': '/opt/cray/pe/mpich/8.1.9/ofi/intel/19.0/lib:1', 'COMIN_WAVE_RESTART': '/lfs/h2/emc/ptmp/emc.global/RETRO_GFSv17/comroot/retrotestgfs10/gdas.20241124/18//model/wave/restart', 'COMIN_ICE_BMATRIX': '/lfs/h2/emc/ptmp/emc.global/RETRO_GFSv17/comroot/retrotestgfs10/gdas.20241124/18//bmatrix/ice', 'COM_OBS_TMPL': '${ROTDIR}/${RUN}.${YMD}/${HH}/obs', 'FIXprepobs': '/lfs/h2/emc/global/save/emc.global/git/prepobs/gfsv17_v1.1.0/fix', 'ARCH_EXPDIR': True, 'COM_ATMOS_ANALYSIS_TMPL': '${ROTDIR}/${RUN}.${YMD}/${HH}/${MEMDIR}/analysis/atmos', 'FHMIN_ENKF': 3, 'DO_CALC_INCREMENT_ENKF_GFS': False, 'COM_WAVE_WMO_TMPL': '${ROTDIR}/${RUN}.${YMD}/${HH}/${MEMDIR}/products/wave/wmo', 'DATA': '/lfs/h2/emc/stmp/emc.global/RUNDIRS/retrotestgfs10/gdas.2024112418/arch_tars.1887349', 'USHfit2obs': '/lfs/h2/emc/global/save/emc.global/git/Fit2Obs/v1.1.7/ush', 'G2TMPL_INC': '/apps/ops/para/libs/intel/19.1.3.304/g2tmpl/1.10.2/include', 'INTEL_MAJOR_VERSION': 19.1, 'IAUFHRS': [3, 6, 9], 'COM_ATMOS_MASTER_TMPL': '${ROTDIR}/${RUN}.${YMD}/${HH}/${MEMDIR}/model/atmos/master', 'OPS_RES': 'C768', 'PWD': '/lfs/h2/emc/stmp/emc.global/RUNDIRS/retrotestgfs10/gdas.2024112418/arch_tars.1887349', 'MDATE': '/apps/ops/prod/nco/core/prod_util.v2.0.9/exec/mdate', 'GEMMAPS': '/apps/ops/prod/nco/intel/19.1.3.304/gempak.v7.15.1/nawips/gempak/maps', 'WGRIB2_LIB': '/apps/ops/para/libs/intel/19.1.3.304/wgrib2/2.0.8/lib/libwgrib2.a', 'COMIN_ATMOS_MASTER': '/lfs/h2/emc/ptmp/emc.global/RETRO_GFSv17/comroot/retrotestgfs10/gdas.20241124/18//model/atmos/master', 'XUSERFILESEARCHPATH': './%N:/u/emc.global/%N:/u/emc.global/Resource/%N:/apps/ops/prod/nco/intel/19.1.3.304/gempak.v7.15.1/nawips/resource/%N', 'WRITE_NSFLIP': True, 'NLPDEST': '', 'PE_MPICH_GTL_DIR_nvidia70': '-L/opt/cray/pe/mpich/8.1.9/gtl/lib', 'jobid': 'arch_tars.1887349', 'COPYGB': '/apps/ops/para/libs/intel/19.1.3.304/grib_util/1.2.3/bin/copygb', 'FHMIN_WAV': 0, 'HOME': '/u/emc.global', 'COMIN_ATMOS_GRIB_0p25': '/lfs/h2/emc/ptmp/emc.global/RETRO_GFSv17/comroot/retrotestgfs10/gdas.20241124/18//products/atmos/grib2/0p25', 'GEMEXE': '/apps/ops/prod/nco/intel/19.1.3.304/gempak.v7.15.1/nawips/os/linux5.3.18_x86_64/bin', 'HOMEDIR': '/lfs/h2/emc/global/noscrub/emc.global', 'REDOUT': '1>', 'MK125FLW': '/apps/ops/prod/nco/intel/19.1.3.304/util_shared.v1.4.0/bin/mk125flw', 'COM_ICE_HISTORY_TMPL': '${ROTDIR}/${RUN}.${YMD}/${HH}/${MEMDIR}/model/ice/history', 'g2tmpl_ver': '1.10.2', 'NAWIPS_EXE': '/apps/ops/prod/nco/intel/19.1.3.304/gempak.v7.15.1/nawips/os/linux5.3.18_x86_64/bin', 'DO_NPOESS': False, 'PELOCAL_PRGENV': True, 'MK125FLS': '/apps/ops/prod/nco/intel/19.1.3.304/util_shared.v1.4.0/bin/mk125fls', 'INTERVAL_GFS': 6, 'RUN_ENVIR': 'emc', 'CMAKE_PREFIX_PATH': '/apps/spack/imagemagick/7.0.8-7/cce/11.0.1/fyjvsbwngyzlsiluc4udbnxkhlbwkzc3:/apps/spack/gsl/2.7/intel/19.1.3.304/xks7dxbowrdxhjck5zxc4rompopocevb:/apps/spack/udunits/2.2.28/intel/19.1.3.304/vcyezvmxp635k4aochioodzoduja3ntg:/apps/spack/libjpeg/9c/intel/19.1.3.304/jkr3isi257ktoouprwaxcn4twtye747z:/apps/spack/perl/5.32.0/intel/19.1.3.304/hozp6ca3uy2t5wk4dk5wmvt4hu6yqbn3:/apps/spack/python/3.8.6/intel/19.1.3.304/pjn2nzkjvqgmjw4hmyz43v5x4jbxjzpk', 'PARTITION_BATCH': '{{ PARTITION_BATCH }}', 'GEMINC': '/apps/ops/prod/nco/intel/19.1.3.304/gempak.v7.15.1/nawips/gempak/include', 'ncdiag_ROOT': '/apps/ops/prod/libs/intel/19.1.3.304/cray-mpich/8.1.4/ncdiag/1.0.0', 'UNPMGRB1': '/apps/ops/prod/nco/intel/19.1.3.304/util_shared.v1.4.0/bin/unpmgrb1', 'COM_OCEAN_RESTART_TMPL': '${ROTDIR}/${RUN}.${YMD}/${HH}/${MEMDIR}/model/ocean/restart', 'LPFLAG': '-P', 'IAU_FHROT': 3, 'HOMEpost': '/lfs/h2/emc/global/noscrub/emc.global/RETRO_GFSv17/git/global-workflow/develop_20250602', 'prod_envir_ver': '2.0.4', 'DO_VMINMON': True, 'HOST': 'ddxfer02', 'COM_ICE_BMATRIX_TMPL': '${ROTDIR}/${RUN}.${YMD}/${HH}/${MEMDIR}/bmatrix/ice', 'obsproc_run_ver': '1.2.0', 'WGRIB2_INC': '/apps/ops/para/libs/intel/19.1.3.304/wgrib2/2.0.8/include', 'grib_util_ROOT': '/apps/ops/para/libs/intel/19.1.3.304/grib_util/1.2.3', 'LMOD_VERSION': '8.3.1', 'GEMTBL': '/apps/ops/prod/nco/intel/19.1.3.304/gempak.v7.15.1/nawips/gempak/tables', 'wavepostGRD': '', 'WAVNCYC': 4, 'GIT_SSH': 'ssh -F /u/emc.global/.ssh-mine/config -i /u/sshKeys/emc.global/id_rsa', 'XNLSPATH': '/usr/share/X11/nls', 'CPATH': '/apps/prod/hpc-stack/intel-19.1.3.304/cray-mpich-8.1.4/netcdf/4.7.4/include:/apps/prod/hpc-stack/intel-19.1.3.304/cray-mpich-8.1.4/hdf5/1.10.6/include:/apps/spack/python/3.8.6/intel/19.1.3.304/pjn2nzkjvqgmjw4hmyz43v5x4jbxjzpk/include/python3.8:/pe/intel/compilers_and_libraries_2020.4.304/linux/ipp/include:/pe/intel/compilers_and_libraries_2020.4.304/linux/mkl/include:/pe/intel/compilers_and_libraries_2020.4.304/linux/pstl/include:/pe/intel/compilers_and_libraries_2020.4.304/linux/pstl/stdlib:/pe/intel/compilers_and_libraries_2020.4.304/linux/tbb/include', 'PE_MPICH_FORTRAN_PKGCONFIG_LIBS': 'mpichf90', 'CDATE': datetime.datetime(2024, 11, 24, 18, 0), 'PBS_MOMPORT': 15003, 'COM_ATMOS_GEMPAK_TMPL': '${ROTDIR}/${RUN}.${YMD}/${HH}/${MEMDIR}/products/atmos/gempak/${GRID}', 'ARCH_GAUSSIAN_FHMAX': 384, 'DO_ANLSTAT': True, 'FTSFS': 10, 'ARCDIR': '/lfs/h2/emc/global/noscrub/emc.global/RETRO_GFSv17/archive/retrotestgfs10', 'FHOUT_ENKF': 1, 'pid': 1890124, 'NCO_LIB': '/apps/prod/nco/4.7.9/intel/19.1.3.304/lib64', 'restart_interval_enkfgdas': 3, 'FCST_SEGMENTS': [0, 384], 'WAVHINDH': 0, '__LMOD_REF_COUNT_INFOPATH': '/pe/intel/documentation_2020/en/debugger/gdb-ia/info:1;/apps/docs/info:1', 'CRAY_LMOD_CPU': 'x86-rome/1.0', 'DO_VERFOZN': True, 'PE_MPICH_GTL_LIBS_nvidia80': '-lmpi_gtl_cuda', 'lobsdiag_forenkf': True, 'grib_util_ver': '1.2.3', 'LMOD_FAMILY_CRAYPE_CPU_VERSION': False, 'UKAUXFLD': '/apps/ops/prod/nco/intel/19.1.3.304/util_shared.v1.4.0/bin/ukauxfld', 'GIT_SSH_COMMAND': 'ssh -F /u/emc.global/.ssh-mine/config -i /u/sshKeys/emc.global/id_rsa', 'BASH_ENV': '/usr/share/lmod/lmod/init/bash', 'LOGSCRIPT': '', 'COM_TOP_TMPL': '${ROTDIR}/${RUN}.${YMD}/${HH}', 'COM_OCEAN_NETCDF_TMPL': '${ROTDIR}/${RUN}.${YMD}/${HH}/${MEMDIR}/products/ocean/netcdf', 'XDG_DATA_DIRS': '/apps/spack/gtkplus/3.20.10/cce/11.0.1/e73twegnu56s2wtekpzwvttejwpps6b3/share:/apps/spack/shared-mime-info/1.9/cce/11.0.1/kc4blx55eopohmncyugahi5phm33eg7e/share:/apps/spack/pango/1.41.0/cce/11.0.1/q46kf6zdzfmfqc3meeonatppyoi54x6z/share:/apps/spack/gdk-pixbuf/2.40.0/cce/11.0.1/dvexg53dlrlpojgpqcwf5qlddymn6agh/share:/apps/spack/atk/2.36.0/cce/11.0.1/nmgp43img2yofr53p46kpuqpsgscoxx7/share:/apps/spack/gobject-introspection/1.56.1/cce/11.0.1/uhnxy7tehrvwwwp5xfiobys4fbyh3db7/share:/usr/share', 'assim_freq': 6, 'COPYGB2': '/apps/ops/para/libs/intel/19.1.3.304/grib_util/1.2.3/bin/copygb2', 'FHMAX_FITS': 132, 'LIBJPEG_LIB': '/apps/spack/libjpeg/9c/intel/19.1.3.304/jkr3isi257ktoouprwaxcn4twtye747z/lib/libjpeg.a', 'ANOMGB': '/apps/ops/prod/nco/intel/19.1.3.304/util_shared.v1.4.0/bin/anomgb', 'GI_TYPELIB_PATH': '/apps/spack/gtkplus/3.20.10/cce/11.0.1/e73twegnu56s2wtekpzwvttejwpps6b3/lib/girepository-1.0:/apps/spack/pango/1.41.0/cce/11.0.1/q46kf6zdzfmfqc3meeonatppyoi54x6z/lib/girepository-1.0:/apps/spack/gdk-pixbuf/2.40.0/cce/11.0.1/dvexg53dlrlpojgpqcwf5qlddymn6agh/lib/girepository-1.0:/apps/spack/atk/2.36.0/cce/11.0.1/nmgp43img2yofr53p46kpuqpsgscoxx7/lib/girepository-1.0:/apps/spack/at-spi2-core/2.38.0/cce/11.0.1/hf2hr4cpagq4h22vduewmcnffyrocomv/lib/girepository-1.0:/apps/spack/gobject-introspection/1.56.1/cce/11.0.1/uhnxy7tehrvwwwp5xfiobys4fbyh3db7/lib/girepository-1.0', 'IOSRV': 1, '__LMOD_REF_COUNT_PE_MPICH_FORTRAN_PKGCONFIG_LIBS': 'mpichf90:1', 'DO_JEDISNOWDA': True, 'COMINsyn': '/lfs/h1/ops/prod/com/gfs/v16.3/syndat', 'CLUSTERS_SERVICE': '', 'NCDUMP': '/apps/prod/hpc-stack/intel-19.1.3.304/cray-mpich-8.1.4/netcdf/4.7.4/bin/ncdump', 'AR': 'ar', 'FIXam': '/lfs/h2/emc/global/noscrub/emc.global/RETRO_GFSv17/git/global-workflow/develop_20250602/fix/am', 'ROTDIR': '/lfs/h2/emc/ptmp/emc.global/RETRO_GFSv17/comroot/retrotestgfs10', 'PDY': datetime.datetime(2024, 11, 24, 0, 0), 'PBS_ACCOUNT': 'GFS-DEV', 'BULLPROI': '/apps/ops/prod/nco/intel/19.1.3.304/util_shared.v1.4.0/bin/bullproi', 'OVERGRIDID': '/apps/ops/prod/nco/intel/19.1.3.304/util_shared.v1.4.0/bin/overgridid', 'DOBNDPNT_WAVE': True, 'HOMEbufr_dump': '/apps/ops/prod/nco/intel/19.1.3.304/bufr_dump.v1.0.0', 'INTEL_MINOR_VERSION': 3.304, 'LMOD_CUSTOM_CNCM_INTEL_19_0_OFI_1_0_X86_ROME_1_0_CRAY_MPICH_8_0_PREFIX': '/apps/prod/lmodules/INTEL_cray_mpich/19.1.3.304/cray-mpich/8.1.4:/apps/ops/prod/libs/modulefiles/mpi/intel/19.1.3.304/cray-mpich/8.1.4', 'REPLAY_ICS': False, 'CRAY_LMOD_NET': 'ofi/1.0', 'COMIN_ICE_RESTART': '/lfs/h2/emc/ptmp/emc.global/RETRO_GFSv17/comroot/retrotestgfs10/gdas.20241124/18//model/ice/restart', 'DOIAU_ENKF': True, 'FHMAX_GOES': 180, 'QUEUE_DTN': 'dev_transfer', '__LMOD_REF_COUNT_PE_PKGCONFIG_PRODUCTS': 'PE_MPICH:1', 'PE_MPICH_MODULE_NAME': 'cray-mpich', 'COMIN_WAVE_HISTORY': '/lfs/h2/emc/ptmp/emc.global/RETRO_GFSv17/comroot/retrotestgfs10/gdas.20241124/18//model/wave/history', 'NLSPATH': '/pe/intel/compilers_and_libraries_2020.4.304/linux/compiler/lib/intel64/locale/%l_%t/%N:/pe/intel/compilers_and_libraries_2020.4.304/linux/mkl/lib/intel64_lin/locale/%l_%t/%N:/pe/intel/debugger_2020/gdb/intel64/share/locale/%l_%t/%N', 'WW3ATMINP': 'CPL', 'PBS_JOBCOOKIE': '626D9BA237A0744532C717CA2C29AE0E', 'LMOD_CUSTOM_COMPILER_INTEL_19_0_PREFIX': '/apps/prod/lmodules/intel/19.1.3.304:/apps/ops/prod/libs/modulefiles/compiler/intel/19.1.3.304:/apps/ops/prod/nco/modulefiles/compiler/intel/19.1.3.304', 'ACCOUNT': 'GFS-DEV', 'INCLUDES': '-I/apps/ops/prod/nco/intel/19.1.3.304/gempak.v7.15.1/nawips/gempak/include -I/apps/ops/prod/nco/intel/19.1.3.304/gempak.v7.15.1/nawips/os/linux5.3.18_x86_64/include', 'PBS_O_SHELL': '/bin/bash', 'HOMEobsproc': '/lfs/h2/emc/global/save/emc.global/git/obsproc/v1.2.0', '__LMOD_REF_COUNT_PE_MPICH_FIXED_PRGENV': 'INTEL:1', 'XLIBS': '-lXm -lXt -lX11 -lSM -lICE -lXp -lXext -lXmu -lXft -ljpeg -lpng -lz', 'DO_BUFRSND': False, '__LMOD_REF_COUNT_LIBRARY_PATH': '/apps/prod/nco/4.7.9/intel/19.1.3.304/lib64:1;/apps/spack/imagemagick/7.0.8-7/cce/11.0.1/fyjvsbwngyzlsiluc4udbnxkhlbwkzc3/lib:1;/apps/spack/gsl/2.7/intel/19.1.3.304/xks7dxbowrdxhjck5zxc4rompopocevb/lib64:1;/apps/spack/udunits/2.2.28/intel/19.1.3.304/vcyezvmxp635k4aochioodzoduja3ntg/lib:1;/apps/spack/libjpeg/9c/intel/19.1.3.304/jkr3isi257ktoouprwaxcn4twtye747z/lib:1;/apps/spack/perl/5.32.0/intel/19.1.3.304/hozp6ca3uy2t5wk4dk5wmvt4hu6yqbn3/lib:1;/apps/spack/python/3.8.6/intel/19.1.3.304/pjn2nzkjvqgmjw4hmyz43v5x4jbxjzpk/lib:1;/pe/intel/compilers_and_libraries_2020.4.304/linux/ipp/lib/intel64:1;/pe/intel/compilers_and_libraries_2020.4.304/linux/compiler/lib/intel64_lin:1;/pe/intel/compilers_and_libraries_2020.4.304/linux/mkl/lib/intel64_lin:1;/pe/intel/compilers_and_libraries_2020.4.304/linux/tbb/lib/intel64/gcc4.8:2', 'COMINukmet': '/lfs/h2/emc/global/noscrub/emc.global/data/external_gempak/ukmet', 'tasks_per_node': 1, 'FHOUT_ICE_GFS': 6, 'NCO_INCLUDE': '-I/apps/prod/nco/4.7.9/intel/19.1.3.304/include', 'HOMEfit2obs': '/lfs/h2/emc/global/save/emc.global/git/Fit2Obs/v1.1.7', 'COM_CHEM_ANALYSIS_TMPL': '${ROTDIR}/${RUN}.${YMD}/${HH}/${MEMDIR}/analysis/chem', 'DO_JEDIATMVAR': False, 'DOIBP_WAV': False, 'gempak_ver': '7.15.1', 'UDUNITS_VER': '2.2.28', 'DOHYBVAR': True, 'PROFILEREAD': True, 'wgrib2_ver': '2.0.8', 'CDO_ROOT': '/apps/prod/hpc-stack/intel-19.1.3.304/cray-mpich-8.1.4/cdo/1.9.8', 'TMPDIR': '/var/tmp/pbs.46066644.dbqs01', 'LIBRARY_PATH': '/apps/prod/nco/4.7.9/intel/19.1.3.304/lib64:/apps/spack/imagemagick/7.0.8-7/cce/11.0.1/fyjvsbwngyzlsiluc4udbnxkhlbwkzc3/lib:/apps/spack/gsl/2.7/intel/19.1.3.304/xks7dxbowrdxhjck5zxc4rompopocevb/lib64:/apps/spack/udunits/2.2.28/intel/19.1.3.304/vcyezvmxp635k4aochioodzoduja3ntg/lib:/apps/spack/libjpeg/9c/intel/19.1.3.304/jkr3isi257ktoouprwaxcn4twtye747z/lib:/apps/spack/perl/5.32.0/intel/19.1.3.304/hozp6ca3uy2t5wk4dk5wmvt4hu6yqbn3/lib:/apps/spack/python/3.8.6/intel/19.1.3.304/pjn2nzkjvqgmjw4hmyz43v5x4jbxjzpk/lib:/pe/intel/compilers_and_libraries_2020.4.304/linux/ipp/lib/intel64:/pe/intel/compilers_and_libraries_2020.4.304/linux/compiler/lib/intel64_lin:/pe/intel/compilers_and_libraries_2020.4.304/linux/mkl/lib/intel64_lin:/pe/intel/compilers_and_libraries_2020.4.304/linux/tbb/lib/intel64/gcc4.8', 'mpmd_opt': ['--cpu-bind verbose', 'core cfp'], 'DO_ATM': True, '__LMOD_REF_COUNT_GI_TYPELIB_PATH': '/apps/spack/gtkplus/3.20.10/cce/11.0.1/e73twegnu56s2wtekpzwvttejwpps6b3/lib/girepository-1.0:1;/apps/spack/pango/1.41.0/cce/11.0.1/q46kf6zdzfmfqc3meeonatppyoi54x6z/lib/girepository-1.0:1;/apps/spack/gdk-pixbuf/2.40.0/cce/11.0.1/dvexg53dlrlpojgpqcwf5qlddymn6agh/lib/girepository-1.0:1;/apps/spack/atk/2.36.0/cce/11.0.1/nmgp43img2yofr53p46kpuqpsgscoxx7/lib/girepository-1.0:1;/apps/spack/at-spi2-core/2.38.0/cce/11.0.1/hf2hr4cpagq4h22vduewmcnffyrocomv/lib/girepository-1.0:1;/apps/spack/gobject-introspection/1.56.1/cce/11.0.1/uhnxy7tehrvwwwp5xfiobys4fbyh3db7/lib/girepository-1.0:1', '_ModuleTable021_': 'LjMwNC9jcmF5LW1waWNoLzguMS40IiwiL29wdC9jcmF5L3BlL2xtb2QvbW9kdWxlZmlsZXMvbXBpL2ludGVsLzE5LjAvb2ZpLzEuMC9jcmF5LW1waWNoLzguMCIsIi9hcHBzL29wcy9wcm9kL25jby9tb2R1bGVmaWxlcy9jb21waWxlci9pbnRlbC8xOS4xLjMuMzA0IiwiL2FwcHMvb3BzL3Byb2QvbGlicy9tb2R1bGVmaWxlcy9jb21waWxlci9pbnRlbC8xOS4xLjMuMzA0IiwiL2FwcHMvcHJvZC9sbW9kdWxlcy9pbnRlbC8xOS4xLjMuMzA0IiwiL29wdC9jcmF5L3BlL2xtb2QvbW9kdWxlZmlsZXMvY29tbmV0L2ludGVsLzE5LjAvb2ZpLzEuMCIsIi9hcHBzL3Byb2QvbG1vZHVsZXMvY29tcGlsZXIvaW50ZWwvMTkuMCIsIi9sZnMvaDIvZW1jL2dsb2JhbC9ub3NjcnViL2VtYy5n', 'FHOUT_ENKF_GFS': 3, 'DO_VERFRAD': True, '__LMOD_REF_COUNT_CMAKE_PREFIX_PATH': '/apps/spack/imagemagick/7.0.8-7/cce/11.0.1/fyjvsbwngyzlsiluc4udbnxkhlbwkzc3:1;/apps/spack/gsl/2.7/intel/19.1.3.304/xks7dxbowrdxhjck5zxc4rompopocevb:1;/apps/spack/udunits/2.2.28/intel/19.1.3.304/vcyezvmxp635k4aochioodzoduja3ntg:1;/apps/spack/libjpeg/9c/intel/19.1.3.304/jkr3isi257ktoouprwaxcn4twtye747z:1;/apps/spack/perl/5.32.0/intel/19.1.3.304/hozp6ca3uy2t5wk4dk5wmvt4hu6yqbn3:1;/apps/spack/python/3.8.6/intel/19.1.3.304/pjn2nzkjvqgmjw4hmyz43v5x4jbxjzpk:1', 'LMOD_sys': 'Linux', 'nam_ver': 'v4.2', 'COM_WAVE_GRID_RES_TMPL': '${ROTDIR}/${RUN}.${YMD}/${HH}/${MEMDIR}/products/wave/gridded/${GRDRESNAME}', 'PE_PKGCONFIG_LIBS': 'mpich', '_ModuleTable010_': 'cm9kL2xtb2R1bGVzL2ludGVsLzE5LjEuMy4zMDQvZ3NsLzIuNyIsWyJmdWxsTmFtZSJdPSJnc2wvMi43IixbImxvYWRPcmRlciJdPTE2LHByb3BUPXt9LFsic3RhY2tEZXB0aCJdPTEsWyJzdGF0dXMiXT0iYWN0aXZlIixbInVzZXJOYW1lIl09ImdzbC8yLjciLH0saGRmNT17WyJmbiJdPSIvYXBwcy9wcm9kL2xtb2R1bGVzL0lOVEVMX2NyYXlfbXBpY2gvMTkuMS4zLjMwNC9jcmF5LW1waWNoLzguMS40L2hkZjUvMS4xMC42Lmx1YSIsWyJmdWxsTmFtZSJdPSJoZGY1LzEuMTAuNiIsWyJsb2FkT3JkZXIiXT0xOSxwcm9wVD17fSxbInN0YWNrRGVwdGgiXT0yLFsic3RhdHVzIl09ImFjdGl2ZSIsWyJ1c2VyTmFtZSJdPSJoZGY1Iix9LGltYWdlbWFnaWNrPXtbImZuIl09Ii9hcHBz', 'obsproc_ver': 'v1.1', 'cdo_ver': '1.9.8', 'HPSS_PROJECT': 'emc-global', 'COMIN_ATMOS_TRACK': '/lfs/h2/emc/ptmp/emc.global/RETRO_GFSv17/comroot/retrotestgfs10/gdas.20241124/18//products/atmos/cyclone/tracks', 'GRBINDEX': '/apps/ops/para/libs/intel/19.1.3.304/grib_util/1.2.3/bin/grbindex', 'BASE_DATA': '/lfs/h2/emc/global/noscrub/emc.global/data', 'COMLISTROOT': '/lfs/h1/ops/prod/config', 'IAU_DELTHRS': 6, '_ModuleTable001_': 'X01vZHVsZVRhYmxlXz17WyJNVHZlcnNpb24iXT0zLFsiY19yZWJ1aWxkVGltZSJdPWZhbHNlLFsiY19zaG9ydFRpbWUiXT1mYWxzZSxkZXB0aFQ9e30sZmFtaWx5PXtbIlByZ0VudiJdPSJQcmdFbnYtaW50ZWwiLFsiY29tcGlsZXIiXT0iaW50ZWwiLFsiY3JheXBlIl09ImNyYXlwZSIsWyJjcmF5cGVfY3B1Il09ImNyYXlwZS14ODYtcm9tZSIsWyJjcmF5cGVfbmV0d29yayJdPSJjcmF5cGUtbmV0d29yay1vZmkiLFsibXBpIl09ImNyYXktbXBpY2giLH0sbVQ9e1siUHJnRW52LWludGVsIl09e1siZm4iXT0iL29wdC9jcmF5L3BlL2xtb2QvbW9kdWxlZmlsZXMvY29yZS9QcmdFbnYtaW50ZWwvOC4xLjAubHVhIixbImZ1bGxOYW1lIl09IlByZ0Vudi1pbnRlbC84LjEuMCIsWyJs', 'restart_interval_enkfgfs': 3, 'REDERR': '2>', 'EXECprepobs': '/lfs/h2/emc/global/save/emc.global/git/prepobs/gfsv17_v1.1.0/exec', 'FHMAX_WAV_IBP': 9, 'DO_PREP_SFC': False, 'COM_OCEAN_ANALYSIS_TMPL': '${ROTDIR}/${RUN}.${YMD}/${HH}/${MEMDIR}/analysis/ocean', 'LOADEDMODULES': 'craype-x86-rome:libfabric/1.20.1:craype-network-ofi:envvar/1.0:PrgEnv-intel/8.1.0:craype/2.7.13:intel/19.1.3.304:cray-mpich/8.1.9:cray-pals/1.0.17:cfp/2.0.4:python/3.8.6:gempak/7.15.1:perl/5.32.0:libjpeg/9c:udunits/2.2.28:gsl/2.7:cdo/1.9.8:imagemagick/7.0.8-7:hdf5/1.10.6:netcdf/4.7.4:nco/4.7.9:prod_util/2.0.9:bufr_dump/1.0.0:util_shared/1.4.0:ncdiag/1.0.0:met/9.1.3:metplus/3.1.1:prepobs/1.1.0:fit2obs/1.1.7:module_base.wcoss2:grib_util/1.2.3:g2tmpl/1.10.2:crtm/2.4.0.1:wgrib2/2.0.8', 'FHCYC': 1, 'COM_ATMOS_HISTORY_TMPL': '${ROTDIR}/${RUN}.${YMD}/${HH}/${MEMDIR}/model/atmos/history', 'COM_OCEAN_BMATRIX_TMPL': '${ROTDIR}/${RUN}.${YMD}/${HH}/${MEMDIR}/bmatrix/ocean', 'LMOD_AVAIL_STYLE': 'en_grouped:system', 'craype_ver': '2.7.13', 'ICERES': 25, 'COMIN_ATMOS_MINMON': '/lfs/h2/emc/ptmp/emc.global/RETRO_GFSv17/comroot/retrotestgfs10/gdas.20241124/18//products/atmos/minmon', 'COMIN_OCEAN_BMATRIX': '/lfs/h2/emc/ptmp/emc.global/RETRO_GFSv17/comroot/retrotestgfs10/gdas.20241124/18//bmatrix/ocean', 'CRAYPE_NETWORK_TARGET': 'ofi', 'FC': 'ftn', 'FLAGMASKCOMP': False, 'DO_METP': True, 'OFFSET_START_HOUR': 0, 'COM_ATMOS_GOES_TMPL': '${ROTDIR}/${RUN}.${YMD}/${HH}/${MEMDIR}/products/atmos/goes_sim', '__LMOD_REF_COUNT_ACLOCAL_PATH': '/apps/spack/gsl/2.7/intel/19.1.3.304/xks7dxbowrdxhjck5zxc4rompopocevb/share/aclocal:1', 'FIXshared': '/apps/ops/prod/nco/intel/19.1.3.304/util_shared.v1.4.0/fix', 'COMOUT_ATMOS_TRACK': '/lfs/h2/emc/ptmp/emc.global/RETRO_GFSv17/comroot/retrotestgfs10/gdas.20241124/18//products/atmos/cyclone/tracks', 'FHOUT_AERO': 3, 'SENDDBN': False, '__LMOD_REF_COUNT_MANPATH': '/apps/ops/para/libs/intel/19.1.3.304/met/9.1.3/share/man:1;/apps/prod/nco/4.7.9/intel/19.1.3.304/share/man:1;/apps/prod/hpc-stack/intel-19.1.3.304/cray-mpich-8.1.4/netcdf/4.7.4/share/man:1;/apps/prod/hpc-stack/intel-19.1.3.304/cray-mpich-8.1.4/hdf5/1.10.6/share/man:1;/apps/spack/imagemagick/7.0.8-7/cce/11.0.1/fyjvsbwngyzlsiluc4udbnxkhlbwkzc3/share/man:1;/apps/spack/gsl/2.7/intel/19.1.3.304/xks7dxbowrdxhjck5zxc4rompopocevb/share/man:1;/apps/spack/libjpeg/9c/intel/19.1.3.304/jkr3isi257ktoouprwaxcn4twtye747z/share/man:1;/apps/spack/perl/5.32.0/intel/19.1.3.304/hozp6ca3uy2t5wk4dk5wmvt4hu6yqbn3/man:1;/apps/spack/python/3.8.6/intel/19.1.3.304/pjn2nzkjvqgmjw4hmyz43v5x4jbxjzpk/share/man:1;/apps/prod/cfp/2.0.4/intel/19.1.3.304/man:1;/opt/cray/pe/pals/1.0.17/man:1;/opt/cray/pe/mpich/8.1.9/ofi/man:1;/opt/cray/pe/mpich/8.1.9/man/mpich:1;/pe/intel/man/common:1;/pe/intel/compilers_and_libraries_2020.4.304/linux/mpi/man:1;/pe/intel/documentation_2020/en/debugger/gdb-ia/man:1;/opt/cray/pe/craype/2.7.13/man:1;/opt/cray/share/man:1;/usr/share/lmod/lmod/share/man:1;/usr/share/man:1;/opt/c3/man:1;/opt/pbs/share/man:1', '_ModuleTable006_': 'Il09ImNyYXlwZS1uZXR3b3JrLW9maSIsfSxbImNyYXlwZS14ODYtcm9tZSJdPXtbImZuIl09Ii9vcHQvY3JheS9wZS9sbW9kL21vZHVsZWZpbGVzL2NyYXlwZS10YXJnZXRzL2RlZmF1bHQvY3JheXBlLXg4Ni1yb21lLmx1YSIsWyJmdWxsTmFtZSJdPSJjcmF5cGUteDg2LXJvbWUiLFsibG9hZE9yZGVyIl09MSxwcm9wVD17fSxbInN0YWNrRGVwdGgiXT0xLFsic3RhdHVzIl09ImFjdGl2ZSIsWyJ1c2VyTmFtZSJdPSJjcmF5cGUteDg2LXJvbWUiLH0sY3J0bT17WyJmbiJdPSIvYXBwcy9vcHMvcGFyYS9saWJzL21vZHVsZWZpbGVzL2NvbXBpbGVyL2ludGVsLzE5LjEuMy4zMDQvY3J0bS8yLjQuMC4xLmx1YSIsWyJmdWxsTmFtZSJdPSJjcnRtLzIuNC4wLjEiLFsibG9hZE9yZGVy', 'GEMERR': '/apps/ops/prod/nco/intel/19.1.3.304/gempak.v7.15.1/nawips/gempak/error', '_ModuleTable003_': 'LW1waWNoLzguMS40L2Nkby8xLjkuOC5sdWEiLFsiZnVsbE5hbWUiXT0iY2RvLzEuOS44IixbImxvYWRPcmRlciJdPTE3LHByb3BUPXt9LFsic3RhY2tEZXB0aCJdPTEsWyJzdGF0dXMiXT0iYWN0aXZlIixbInVzZXJOYW1lIl09ImNkby8xLjkuOCIsfSxjZnA9e1siZm4iXT0iL2FwcHMvcHJvZC9sbW9kdWxlcy9jb3JlL2NmcC8yLjAuNCIsWyJmdWxsTmFtZSJdPSJjZnAvMi4wLjQiLFsibG9hZE9yZGVyIl09MTAscHJvcFQ9e30sWyJzdGFja0RlcHRoIl09MSxbInN0YXR1cyJdPSJhY3RpdmUiLFsidXNlck5hbWUiXT0iY2ZwLzIuMC40Iix9LFsiY3JheS1tcGljaCJdPXtbImZuIl09Ii9vcHQvY3JheS9wZS9sbW9kL21vZHVsZWZpbGVzL2NvbW5ldC9pbnRlbC8xOS4wL29maS8x', 'LIBJPEG_SRC': '/apps/spack/libjpeg/9c/intel/19.1.3.304/jkr3isi257ktoouprwaxcn4twtye747z/src', 'INTEL_LICENSE_FILE': '/pe/intel/compilers_and_libraries_2020.4.304/linux/licenses:/opt/intel/licenses:/intel/licenses', 'machine': 'WCOSS2', 'LMOD_ROOT': '/usr/share/lmod', 'DO_GOES': False, 'CDO_VERSION': '1.9.8', 'COM_ATMOS_MINMON_TMPL': '${ROTDIR}/${RUN}.${YMD}/${HH}/${MEMDIR}/products/atmos/minmon', 'CLUSTERS': '', '_ModuleTable022_': 'bG9iYWwvUkVUUk9fR0ZTdjE3L2dpdC9nbG9iYWwtd29ya2Zsb3cvZGV2ZWxvcF8yMDI1MDYwMi9tb2R1bGVmaWxlcyIsIi9vcHQvY3JheS9wZS9sbW9kL21vZHVsZWZpbGVzL25ldC9vZmkvMS4wIiwiL29wdC9jcmF5L3BlL2xtb2QvbW9kdWxlZmlsZXMvY3B1L3g4Ni1yb21lLzEuMCIsIi91c3Ivc2hhcmUvbW9kdWxlcyIsIi91c3Ivc2hhcmUvTW9kdWxlcy8kTU9EVUxFX1ZFUlNJT04vbW9kdWxlZmlsZXMiLCIvdXNyL3NoYXJlL21vZHVsZXMvbW9kdWxlZmlsZXMiLCIvdXNyL3NoYXJlL21vZHVsZWZpbGVzL0xpbnV4IiwiL3Vzci9zaGFyZS9tb2R1bGVmaWxlcy9Db3JlIiwiL3Vzci9zaGFyZS9sbW9kL2xtb2QvbW9kdWxlZmlsZXMvQ29yZSIsIi9vcHQvY3JheS9wZS9sbW9k', 'MET_VERSION': '9.1.3', 'UDUNITS_ROOT': '/apps/spack/udunits/2.2.28/intel/19.1.3.304/vcyezvmxp635k4aochioodzoduja3ntg', 'FROM_HEADER': '', 'CRAY_MPICH_ROOTDIR': '/opt/cray/pe/mpich/8.1.9', '_ModuleTable013_': 'ZmlsZXMvY29tcGlsZXIvaW50ZWwvMTkuMS4zLjMwNC9tZXQvOS4xLjMubHVhIixbImZ1bGxOYW1lIl09Im1ldC85LjEuMyIsWyJsb2FkT3JkZXIiXT0yNixwcm9wVD17fSxbInN0YWNrRGVwdGgiXT0xLFsic3RhdHVzIl09ImFjdGl2ZSIsWyJ1c2VyTmFtZSJdPSJtZXQvOS4xLjMiLH0sbWV0cGx1cz17WyJmbiJdPSIvYXBwcy9vcHMvcGFyYS9saWJzL21vZHVsZWZpbGVzL2NvbXBpbGVyL2ludGVsLzE5LjEuMy4zMDQvbWV0cGx1cy8zLjEuMS5sdWEiLFsiZnVsbE5hbWUiXT0ibWV0cGx1cy8zLjEuMSIsWyJsb2FkT3JkZXIiXT0yNyxwcm9wVD17fSxbInN0YWNrRGVwdGgiXT0xLFsic3RhdHVzIl09ImFjdGl2ZSIsWyJ1c2VyTmFtZSJdPSJtZXRwbHVzLzMuMS4xIix9LFsibW9k', 'COMIN_ICE_INPUT': '/lfs/h2/emc/ptmp/emc.global/RETRO_GFSv17/comroot/retrotestgfs10/gdas.20241124/18//model/ice/input', 'PBS_O_QUEUE': 'dev_transfer', 'ILPOST': 1, 'MAIL': '/var/spool/mail/emc.global', 'g2tmpl_ROOT': '/apps/ops/para/libs/intel/19.1.3.304/g2tmpl/1.10.2', 'LPAODT': 'mpage -lo1 -zlpr -Z-P', 'GEMHLP': '/apps/ops/prod/nco/intel/19.1.3.304/gempak.v7.15.1/nawips/gempak/help', 'PE_INTEL_FIXED_PKGCONFIG_PATH': '/opt/cray/pe/mpich/8.1.9/ofi/intel/19.0/lib/pkgconfig', 'COMIN_ATMOS_GRIB_1p00': '/lfs/h2/emc/ptmp/emc.global/RETRO_GFSv17/comroot/retrotestgfs10/gdas.20241124/18//products/atmos/grib2/1p00', 'g2tmpl_VERSION': '1.10.2', 'GEMGTXT': '/apps/ops/prod/nco/intel/19.1.3.304/gempak.v7.15.1/nawips/gempak/txt/gemlib', 'zlib_ver': '1.2.11', 'DO_GENESIS': True, 'COM_ATMOS_IMAGERY_TMPL': '${ROTDIR}/${RUN}.${YMD}/${HH}/${MEMDIR}/products/atmos/imagery', 'XMICONSEARCHPATH': '/apps/ops/prod/nco/intel/19.1.3.304/gempak.v7.15.1/nawips/icons/%N/%B', 'FHMIN_GFS': 0, '_ModuleTable016_': 'dGNkZi80LjcuNC5sdWEiLFsiZnVsbE5hbWUiXT0ibmV0Y2RmLzQuNy40IixbImxvYWRPcmRlciJdPTIwLHByb3BUPXt9LFsicmVmX2NvdW50Il09MSxbInN0YWNrRGVwdGgiXT0xLFsic3RhdHVzIl09ImFjdGl2ZSIsWyJ1c2VyTmFtZSJdPSJuZXRjZGYvNC43LjQiLH0scGVybD17WyJmbiJdPSIvYXBwcy9wcm9kL2xtb2R1bGVzL2ludGVsLzE5LjEuMy4zMDQvcGVybC81LjMyLjAiLFsiZnVsbE5hbWUiXT0icGVybC81LjMyLjAiLFsibG9hZE9yZGVyIl09MTMscHJvcFQ9e30sWyJzdGFja0RlcHRoIl09MSxbInN0YXR1cyJdPSJhY3RpdmUiLFsidXNlck5hbWUiXT0icGVybC81LjMyLjAiLH0scHJlcG9icz17WyJmbiJdPSIvbGZzL2gyL2VtYy9nbG9iYWwvc2F2ZS9lbWMuZ2xv', 'binary_diag': False, 'ntiles': 6, 'HOMEcfs': '/lfs/h2/emc/global/save/emc.global/git/Fit2Obs/v1.1.7', 'ARCH_EXPDIR_FREQ': 0, 'DO_MERGENSST': False, 'cfp_ver': '2.0.4', 'LESSKEY': '/etc/lesskey.bin', '__LMOD_REF_COUNT_PE_MPICH_GENCOMPILERS_INTEL': '19.0:1', 'COMIN_ATMOS_WMO': '/lfs/h2/emc/ptmp/emc.global/RETRO_GFSv17/comroot/retrotestgfs10/gdas.20241124/18//products/atmos/wmo', '_ModuleTable009_': 'L2dlbXBhay83LjE1LjEiLFsiZnVsbE5hbWUiXT0iZ2VtcGFrLzcuMTUuMSIsWyJsb2FkT3JkZXIiXT0xMixwcm9wVD17fSxbInN0YWNrRGVwdGgiXT0xLFsic3RhdHVzIl09ImFjdGl2ZSIsWyJ1c2VyTmFtZSJdPSJnZW1wYWsvNy4xNS4xIix9LGdyaWJfdXRpbD17WyJmbiJdPSIvYXBwcy9vcHMvcGFyYS9saWJzL21vZHVsZWZpbGVzL2NvbXBpbGVyL2ludGVsLzE5LjEuMy4zMDQvZ3JpYl91dGlsLzEuMi4zLmx1YSIsWyJmdWxsTmFtZSJdPSJncmliX3V0aWwvMS4yLjMiLFsibG9hZE9yZGVyIl09MzEscHJvcFQ9e30sWyJzdGFja0RlcHRoIl09MCxbInN0YXR1cyJdPSJhY3RpdmUiLFsidXNlck5hbWUiXT0iZ3JpYl91dGlsLzEuMi4zIix9LGdzbD17WyJmbiJdPSIvYXBwcy9w', 'SHELL': '/bin/bash', 'NCO_LDFLAGS_CXX': '-L/apps/prod/nco/4.7.9/intel/19.1.3.304/lib64 -lnco_c++', 'DUMP_SUFFIX': '', 'LIBJPEG_INC': '/apps/spack/libjpeg/9c/intel/19.1.3.304/jkr3isi257ktoouprwaxcn4twtye747z/include', 'NCO_VER': '4.7.9', 'cray_mpich_ver': '8.1.9', 'CRAY_MPICH_VER': '8.1.9', 'FIXgsi': '/lfs/h2/emc/global/noscrub/emc.global/RETRO_GFSv17/git/global-workflow/develop_20250602/fix/gsi', 'LMOD_ADMIN_FILE': '/apps/prod/lmodules/admin.list', 'OCNRES': 25, 'COMROOT': '/lfs/h2/emc/ptmp/emc.global/RETRO_GFSv17/comroot', 'FIXgdas': '/lfs/h2/emc/global/noscrub/emc.global/RETRO_GFSv17/git/global-workflow/develop_20250602/fix/gdas', 'LMOD_CUSTOM_COMPILER_GNU_8_0_UCX_1_0_PREFIX': '/apps/prod/lmodules/gcc/11.2.0:/apps/prod/lmodules/gcc/10.2.0', 'NMV': '/bin/mv', 'PE_MPICH_FIXED_PRGENV': 'INTEL', 'FIXcice': '/lfs/h2/emc/global/noscrub/emc.global/RETRO_GFSv17/git/global-workflow/develop_20250602/fix/cice', 'hdf5_ver': '1.10.6', 'LMOD_CUSTOM_COMPILER_CRAYCLANG_10_0_PREFIX': '/apps/prod/lmodules/cce/13.0.0:/apps/prod/lmodules/cce/12.0.3:/apps/prod/lmodules/cce/11.0.4', 'lmod_prefix_path': '/usr/share', 'CLIENT_GLOBUS_UUID': '{{ CLIENT_GLOBUS_UUID }}', 'COMINecmwf': '/lfs/h2/emc/global/noscrub/emc.global/data/external_gempak/ecmwf', 'ncdiag_ver': '1.0.0', 'TOCGRIB2': '/apps/ops/para/libs/intel/19.1.3.304/grib_util/1.2.3/bin/tocgrib2', 'restart_interval_gdas': 3, 'LMOD_FAMILY_PRGENV': 'PrgEnv-intel', 'SDATE_GFS': datetime.datetime(2024, 11, 15, 12, 0), 'CASE': 'C1152', 'MKGRB25': '/apps/ops/prod/nco/intel/19.1.3.304/util_shared.v1.4.0/bin/mkgrb25', '_ModuleTable_Sz_': 24, 'LPAODTFLAG': '-P', 'NMAP_RESTORE': '/apps/ops/prod/nco/intel/19.1.3.304/gempak.v7.15.1/nawips/gempak/nts/nmap/restore', 'APP': 'S2SW', 'DO_COUPLED': True, 'LIBJPEG_LIBDIR': '/apps/spack/libjpeg/9c/intel/19.1.3.304/jkr3isi257ktoouprwaxcn4twtye747z/lib', 'NCLEN': '/lfs/h2/emc/global/noscrub/emc.global/RETRO_GFSv17/git/global-workflow/develop_20250602/ush/getncdimlen', 'GEMOLB': '/apps/ops/prod/nco/intel/19.1.3.304/gempak.v7.15.1/nawips/os/linux5.3.18_x86_64/lib', 'COMIN_CHEM_ANALYSIS': '/lfs/h2/emc/ptmp/emc.global/RETRO_GFSv17/comroot/retrotestgfs10/gdas.20241124/18//analysis/chem', '__LMOD_REF_COUNT_CPATH': '/apps/prod/hpc-stack/intel-19.1.3.304/cray-mpich-8.1.4/netcdf/4.7.4/include:1;/apps/prod/hpc-stack/intel-19.1.3.304/cray-mpich-8.1.4/hdf5/1.10.6/include:1;/apps/spack/python/3.8.6/intel/19.1.3.304/pjn2nzkjvqgmjw4hmyz43v5x4jbxjzpk/include/python3.8:1;/pe/intel/compilers_and_libraries_2020.4.304/linux/ipp/include:1;/pe/intel/compilers_and_libraries_2020.4.304/linux/mkl/include:1;/pe/intel/compilers_and_libraries_2020.4.304/linux/pstl/include:1;/pe/intel/compilers_and_libraries_2020.4.304/linux/pstl/stdlib:1;/pe/intel/compilers_and_libraries_2020.4.304/linux/tbb/include:2', 'COM_ICE_INPUT_TMPL': '${ROTDIR}/${RUN}.${YMD}/${HH}/${MEMDIR}/model/ice/input', 'DO_TEST_MODE': False, 'XCURSOR_THEME': 'DMZ', 'NetCDF': '/apps/prod/hpc-stack/intel-19.1.3.304/cray-mpich-8.1.4/netcdf/4.7.4', 'OVERDATEGRIB': '/apps/ops/prod/nco/intel/19.1.3.304/util_shared.v1.4.0/bin/overdate.grib', 'COM_OCEAN_GRIB_GRID_TMPL': '${ROTDIR}/${RUN}.${YMD}/${HH}/${MEMDIR}/products/ocean/grib2/${GRID}', 'walltime': '06:00:00', 'l4densvar': True, 'pgm': '', 'wgrib2_ROOT': '/apps/ops/para/libs/intel/19.1.3.304/wgrib2/2.0.8', 'LMOD_FAMILY_COMPILER': 'intel', 'COM_WAVE_GRID_TMPL': '${ROTDIR}/${RUN}.${YMD}/${HH}/${MEMDIR}/products/wave/gridded', 'USHcfs': '/lfs/h2/emc/global/save/emc.global/git/Fit2Obs/v1.1.7/ush', '_ModuleTable018_': 'eXRob249e1siZm4iXT0iL2FwcHMvcHJvZC9sbW9kdWxlcy9pbnRlbC8xOS4xLjMuMzA0L3B5dGhvbi8zLjguNiIsWyJmdWxsTmFtZSJdPSJweXRob24vMy44LjYiLFsibG9hZE9yZGVyIl09MTEscHJvcFQ9e30sWyJzdGFja0RlcHRoIl09MSxbInN0YXR1cyJdPSJhY3RpdmUiLFsidXNlck5hbWUiXT0icHl0aG9uLzMuOC42Iix9LHVkdW5pdHM9e1siZm4iXT0iL2FwcHMvcHJvZC9sbW9kdWxlcy9pbnRlbC8xOS4xLjMuMzA0L3VkdW5pdHMvMi4yLjI4IixbImZ1bGxOYW1lIl09InVkdW5pdHMvMi4yLjI4IixbImxvYWRPcmRlciJdPTE1LHByb3BUPXt9LFsic3RhY2tEZXB0aCJdPTEsWyJzdGF0dXMiXT0iYWN0aXZlIixbInVzZXJOYW1lIl09InVkdW5pdHMvMi4yLjI4Iix9LHV0', 'COMIN_ATMOS_ANALYSIS': '/lfs/h2/emc/ptmp/emc.global/RETRO_GFSv17/comroot/retrotestgfs10/gdas.20241124/18//analysis/atmos', 'DO_CA': True, 'XLOCALEDIR': '/apps/spack/libx11/1.6.7/cce/11.0.1/3vsksmjl5klj633thg6m6geu6vme6u2q/share/X11/locale', 'FIXfit2obs': '/lfs/h2/emc/global/save/emc.global/git/Fit2Obs/v1.1.7/fix', 'NCO_INC': '/apps/prod/nco/4.7.9/intel/19.1.3.304/include', 'PERL5LIB': '/apps/prod/perl-modules/intel/19.1.3.304/perl-5.32.0/lib/perl5:/apps/prod/perl-modules/intel/19.1.3.304/perl-5.32.0/lib/perl5/XML/lib/perl5', 'rtofs_ver': 'v2.3', 'NCO_ROOT': '/apps/prod/nco/4.7.9/intel/19.1.3.304', 'LMOD_CUSTOM_CNCM_CRAYCLANG_10_0_OFI_1_0_X86_ROME_1_0_CRAY_MPICH_8_0_PREFIX': '/apps/prod/lmodules/CCE_cray_mpich/11.0.4/cray-mpich/8.1.4', 'MET_ROOT': '/apps/ops/para/libs/intel/19.1.3.304/met/9.1.3', 'envvar_ver': 1.0, 'TMOUT': 1800, 'MAKE_NSSTBUFR': False, 'COM_OCEAN_INPUT_TMPL': '${ROTDIR}/${RUN}.${YMD}/${HH}/${MEMDIR}/model/ocean/input', 'DT_2_RST_WAV': 43200, 'DATAROOT': '/lfs/h2/emc/stmp/emc.global/RUNDIRS/retrotestgfs10/gdas.2024112418', 'DO_OCN': True, 'FIXaer': '/lfs/h2/emc/global/noscrub/emc.global/RETRO_GFSv17/git/global-workflow/develop_20250602/fix/aer', 'ecmwf_ver': 'v2.1', 'DO_GEMPAK': False, 'PYTHONSTARTUP': '/etc/pythonstart', 'COMIN_OCEAN_ANALYSIS': '/lfs/h2/emc/ptmp/emc.global/RETRO_GFSv17/comroot/retrotestgfs10/gdas.20241124/18//analysis/ocean', 'FHMAX_HF_WAV': 120, 'NETCDF_INCLUDES': '/apps/prod/hpc-stack/intel-19.1.3.304/cray-mpich-8.1.4/netcdf/4.7.4/include', 'WW3ICEINP': 'CPL', 'SHLVL': 4, 'SCRIPTSfit2obs': '/lfs/h2/emc/global/save/emc.global/git/Fit2Obs/v1.1.7/scripts', 'LANGUAGE': 'en_US.UTF-8', 'ENKF_SPREAD': True, 'PBS_O_HOST': 'dlogin06', 'ARCHCOM_TO': 'hpss', 'HOMEgfs': '/lfs/h2/emc/global/noscrub/emc.global/RETRO_GFSv17/git/global-workflow/develop_20250602', 'COMIN_ATMOS_OZNMON': '/lfs/h2/emc/ptmp/emc.global/RETRO_GFSv17/comroot/retrotestgfs10/gdas.20241124/18//products/atmos/oznmon', 'DEBUG_POSTSCRIPT': False, 'G_FILENAME_ENCODING': ['@locale', 'UTF-8', 'ISO-8859-15', 'CP1252'], 'PYTHONPATH': '/apps/ops/prod/nco/core/prod_util.v2.0.9/ush:/apps/prod/python-modules/3.8.6/intel/19.1.3.304/lib/python3.8/site-packages:/lfs/h2/emc/global/noscrub/emc.global/RETRO_GFSv17/git/global-workflow/develop_20250602/ush:/lfs/h2/emc/global/noscrub/emc.global/RETRO_GFSv17/git/global-workflow/develop_20250602/ush/python', 'netcdf_ver': '4.7.4', 'BUFR_DUMPLIST': '/apps/ops/prod/nco/intel/19.1.3.304/bufr_dump.v1.0.0/fix/bufr_dumplist', 'LMOD_CUSTOM_COMPILER_INTEL_19_0_UCX_1_0_PREFIX': '/apps/prod/lmodules/intel/19.1.3.304:/apps/ops/prod/libs/modulefiles/compiler/intel/19.1.3.304:/apps/ops/prod/nco/modulefiles/compiler/intel/19.1.3.304', 'metplus_ver': '3.1.1', 'HPC_OPT': '/apps/ops/para/libs', 'ACLOCAL_PATH': '/apps/spack/gsl/2.7/intel/19.1.3.304/xks7dxbowrdxhjck5zxc4rompopocevb/share/aclocal', 'FIXbufr_dump': '/apps/ops/prod/nco/intel/19.1.3.304/bufr_dump.v1.0.0/fix', 'NAWIPS_LIB': '/apps/ops/prod/nco/intel/19.1.3.304/gempak.v7.15.1/nawips/os/linux5.3.18_x86_64/lib', 'PBS_O_SYSTEM': 'Linux', 'FFLAGS': '-I/apps/ops/prod/nco/intel/19.1.3.304/gempak.v7.15.1/nawips/gempak/include -I/apps/ops/prod/nco/intel/19.1.3.304/gempak.v7.15.1/nawips/os/linux5.3.18_x86_64/include -fno-range-check -fno-second-underscore -ffixed-line-length-none', 'netcdf_diag': True, 'COMIN_WAVE_GRID_global_0p16': '/lfs/h2/emc/ptmp/emc.global/RETRO_GFSv17/comroot/retrotestgfs10/gdas.20241124/18//products/wave/gridded/global.0p16', 'DO_WAVE': True, 'MANPATH': '/apps/ops/para/libs/intel/19.1.3.304/met/9.1.3/share/man:/apps/prod/nco/4.7.9/intel/19.1.3.304/share/man:/apps/prod/hpc-stack/intel-19.1.3.304/cray-mpich-8.1.4/netcdf/4.7.4/share/man:/apps/prod/hpc-stack/intel-19.1.3.304/cray-mpich-8.1.4/hdf5/1.10.6/share/man:/apps/spack/imagemagick/7.0.8-7/cce/11.0.1/fyjvsbwngyzlsiluc4udbnxkhlbwkzc3/share/man:/apps/spack/gsl/2.7/intel/19.1.3.304/xks7dxbowrdxhjck5zxc4rompopocevb/share/man:/apps/spack/libjpeg/9c/intel/19.1.3.304/jkr3isi257ktoouprwaxcn4twtye747z/share/man:/apps/spack/perl/5.32.0/intel/19.1.3.304/hozp6ca3uy2t5wk4dk5wmvt4hu6yqbn3/man:/apps/spack/python/3.8.6/intel/19.1.3.304/pjn2nzkjvqgmjw4hmyz43v5x4jbxjzpk/share/man:/apps/prod/cfp/2.0.4/intel/19.1.3.304/man:/opt/cray/pe/pals/1.0.17/man:/opt/cray/pe/mpich/8.1.9/ofi/man:/opt/cray/pe/mpich/8.1.9/man/mpich:/pe/intel/man/common:/pe/intel/compilers_and_libraries_2020.4.304/linux/mpi/man:/pe/intel/documentation_2020/en/debugger/gdb-ia/man:/opt/cray/pe/craype/2.7.13/man:/opt/cray/share/man:/usr/share/lmod/lmod/share/man:/usr/share/man:/opt/c3/man:/opt/pbs/share/man', '__LMOD_REF_COUNT_CLASSPATH': '/pe/intel/compilers_and_libraries_2020.4.304/linux/mpi/intel64/lib/mpi.jar:1', 'COMIN_ICE_ANALYSIS': '/lfs/h2/emc/ptmp/emc.global/RETRO_GFSv17/comroot/retrotestgfs10/gdas.20241124/18//analysis/ice', 'METPLUS_PATH': '/apps/ops/para/libs/intel/19.1.3.304/metplus/3.1.1', 'NET': 'gfs', 'INTEL_PATH': '/pe/intel/compilers_and_libraries_2020.4.304', 'NA_OS': 'linux5.3.18_x86_64', 'CASE_ENS': 'C384', 'imagemagick_ver': '7.0.8-7', 'DO_PREP_OBS_AERO': False, 'bufr_dump_ver': '1.0.0', 'DTFLD_WAV': 3600, 'INTEL_VERSION': '19.1.3.304', 'MPICH_DIR': '/opt/cray/pe/mpich/8.1.9/ofi/intel/19.0', 'COMIN_OCEAN_GRIB': '/lfs/h2/emc/ptmp/emc.global/RETRO_GFSv17/comroot/retrotestgfs10/gdas.20241124/18//products/ocean/grib2', 'OSCAR_HOME': '/opt/oscar', 'INCVARS_EFOLD': 5, 'python_ver': '3.8.6', 'PBS_O_LOGNAME': 'emc.global', 'LIBJPEG_VER': '9c', 'DOHYBVAR_OCN': True, 'COM_ICE_GRIB_GRID_TMPL': '${ROTDIR}/${RUN}.${YMD}/${HH}/${MEMDIR}/products/ice/grib2/${GRID}', 'FHMAX_WAV_GFS': 384, 'CLUSTERS_DTN': '', 'PBS_NODENUM': 0, 'MODULEPATH': '/lfs/h2/emc/global/save/emc.global/git/Fit2Obs/v1.1.7/modulefiles:/lfs/h2/emc/global/save/emc.global/git/prepobs/gfsv17_v1.1.0/modulefiles:/apps/ops/para/libs/modulefiles/compiler/intel/19.1.3.304:/apps/ops/prod/libs/modulefiles/mpi/intel/19.1.3.304/cray-mpich/8.1.4:/apps/prod/lmodules/INTEL_cray_mpich/19.1.3.304/cray-mpich/8.1.4:/opt/cray/pe/lmod/modulefiles/mpi/intel/19.0/ofi/1.0/cray-mpich/8.0:/apps/ops/prod/nco/modulefiles/compiler/intel/19.1.3.304:/apps/ops/prod/libs/modulefiles/compiler/intel/19.1.3.304:/apps/prod/lmodules/intel/19.1.3.304:/opt/cray/pe/lmod/modulefiles/comnet/intel/19.0/ofi/1.0:/apps/prod/lmodules/compiler/intel/19.0:/lfs/h2/emc/global/noscrub/emc.global/RETRO_GFSv17/git/global-workflow/develop_20250602/modulefiles:/opt/cray/pe/lmod/modulefiles/net/ofi/1.0:/opt/cray/pe/lmod/modulefiles/cpu/x86-rome/1.0:/usr/share/modules:/usr/share/Modules/$MODULE_VERSION/modulefiles:/usr/share/modules/modulefiles:/usr/share/modulefiles/Linux:/usr/share/modulefiles/Core:/usr/share/lmod/lmod/modulefiles/Core:/opt/cray/pe/lmod/modulefiles/core:/opt/cray/pe/lmod/modulefiles/craype-targets/default:/apps/prod/lmodules/sys_core:/apps/ops/prod/nco/modulefiles/core:/apps/prod/lmodules/core:/opt/cray/modulefiles', 'PBS_JOBDIR': '/u/emc.global', 'CRTM_LIB': '/apps/ops/para/libs/intel/19.1.3.304/crtm/2.4.0.1/lib/libcrtm.a', 'MESH_WAV': 'mesh.uglo_15km.nc', 'jasper_ver': '2.0.25', 'CRAY_MPICH_DIR': '/opt/cray/pe/mpich/8.1.9/ofi/intel/19.0', 'USHshared': '/apps/ops/prod/nco/intel/19.1.3.304/util_shared.v1.4.0/ush', 'WAVEWND_FID': '', 'restart_interval_gfs': 12, 'COM_ATMOS_INPUT_TMPL': '${ROTDIR}/${RUN}.${YMD}/${HH}/${MEMDIR}/model/atmos/input', '__LMOD_REF_COUNT_PERL5LIB': '/apps/prod/perl-modules/intel/19.1.3.304/perl-5.32.0/lib/perl5:1;/apps/prod/perl-modules/intel/19.1.3.304/perl-5.32.0/lib/perl5/XML/lib/perl5:1', 'SCRIPTScfs': '/lfs/h2/emc/global/save/emc.global/git/Fit2Obs/v1.1.7/scripts', 'LMOD_FAMILY_CRAYPE': 'craype', 'LOGNAME': 'emc.global', 'FSYNC': '/apps/ops/prod/nco/core/prod_util.v2.0.9/exec/fsync_file', 'crtm_ver': '2.4.0.1', '__LMOD_REF_COUNT_XLOCALEDIR': '/apps/spack/libx11/1.6.7/cce/11.0.1/3vsksmjl5klj633thg6m6geu6vme6u2q/share/X11/locale:1', 'wgrib2_VERSION': '2.0.8', 'GEMPDF': '/apps/ops/prod/nco/intel/19.1.3.304/gempak.v7.15.1/nawips/gempak/pdf', 'COM_MED_RESTART_TMPL': '${ROTDIR}/${RUN}.${YMD}/${HH}/${MEMDIR}/model/med/restart', '__LMOD_REF_COUNT_LMOD_CUSTOM_PATHS': 'CNCM/apps/ops/prod/libs/modulefiles/mpi/intel/19.1.3.304/cray-mpich/8.1.4:1;CNCM/apps/prod/lmodules/INTEL_cray_mpich/19.1.3.304/cray-mpich/8.1.4:1;COMPILER/apps/ops/prod/nco/modulefiles/compiler/intel/19.1.3.304:1;COMPILER/apps/ops/prod/libs/modulefiles/compiler/intel/19.1.3.304:1;COMPILER/apps/prod/lmodules/intel/19.1.3.304:1', 'DO_CALC_INCREMENT': False, 'CRAY_MPICH_VERSION': '8.1.9', 'RUNMEM': -1, 'COM_ATMOS_OZNMON_TMPL': '${ROTDIR}/${RUN}.${YMD}/${HH}/${MEMDIR}/products/atmos/oznmon', 'CRTM_INC': '/apps/ops/para/libs/intel/19.1.3.304/crtm/2.4.0.1/include', 'COM_ATMOS_WMO_TMPL': '${ROTDIR}/${RUN}.${YMD}/${HH}/${MEMDIR}/products/atmos/wmo', 'MODULE_VERSION_STACK': '3.2.10', 'CPLUS_INCLUDE_PATH': '/apps/prod/nco/4.7.9/intel/19.1.3.304/include:/apps/spack/imagemagick/7.0.8-7/cce/11.0.1/fyjvsbwngyzlsiluc4udbnxkhlbwkzc3/include:/apps/spack/gsl/2.7/intel/19.1.3.304/xks7dxbowrdxhjck5zxc4rompopocevb/include:/apps/spack/udunits/2.2.28/intel/19.1.3.304/vcyezvmxp635k4aochioodzoduja3ntg/include:/apps/spack/libjpeg/9c/intel/19.1.3.304/jkr3isi257ktoouprwaxcn4twtye747z/include:/apps/spack/python/3.8.6/intel/19.1.3.304/pjn2nzkjvqgmjw4hmyz43v5x4jbxjzpk/include', 'MKLROOT': '/pe/intel/compilers_and_libraries_2020.4.304/linux/mkl', 'MODE': 'cycled', 'CNVGRIB': '/apps/ops/para/libs/intel/19.1.3.304/grib_util/1.2.3/bin/cnvgrib', 'LDFLAGS': '-L/usr/lib64 -L/apps/ops/prod/nco/intel/19.1.3.304/gempak.v7.15.1/nawips/os/linux5.3.18_x86_64/lib -s', 'NOSCRUB': '/lfs/h2/emc/global/noscrub/emc.global', 'err': 0, 'FIXgfs': '/lfs/h2/emc/global/noscrub/emc.global/RETRO_GFSv17/git/global-workflow/develop_20250602/fix', 'MODULEPATH_ROOT': '/usr/share/modulefiles', 'LMOD_PACKAGE_PATH': '/apps/prod/lmodules', 'FHOUT_GOES': 3, 'COMIN_ATMOS_HISTORY': '/lfs/h2/emc/ptmp/emc.global/RETRO_GFSv17/comroot/retrotestgfs10/gdas.20241124/18//model/atmos/history', '__LMOD_REF_COUNT_PE_INTEL_FIXED_PKGCONFIG_PATH': '/opt/cray/pe/mpich/8.1.9/ofi/intel/19.0/lib/pkgconfig:1', 'USHgfs': '/lfs/h2/emc/global/noscrub/emc.global/RETRO_GFSv17/git/global-workflow/develop_20250602/ush', 'FHOUT_HF_GFS': 1, 'SENDECF': False, 'PE_MPICH_GTL_LIBS_amd_gfx906': '-lmpi_gtl_hsa', 'COM_OCEAN_GRIB_TMPL': '${ROTDIR}/${RUN}.${YMD}/${HH}/${MEMDIR}/products/ocean/grib2', 'COMIN_OCEAN_NETCDF': '/lfs/h2/emc/ptmp/emc.global/RETRO_GFSv17/comroot/retrotestgfs10/gdas.20241124/18//products/ocean/netcdf', 'COM_OCEAN_ANLMON_TMPL': '${ROTDIR}/${RUN}.${YMD}/${HH}/${MEMDIR}/products/ocean/anlmon', 'COMIN_WAVE_GRID_atlocn_0p16': '/lfs/h2/emc/ptmp/emc.global/RETRO_GFSv17/comroot/retrotestgfs10/gdas.20241124/18//products/wave/gridded/atlocn.0p16', 'JPEG_INC': '/apps/spack/libjpeg/9c/intel/19.1.3.304/jkr3isi257ktoouprwaxcn4twtye747z/include', 'PSTLROOT': '/pe/intel/compilers_and_libraries_2020.4.304/linux/pstl', 'PARTITION_DTN': '', 'DO_JEDIATMENS': False, 'KEEPDATA': False, 'XDG_CONFIG_DIRS': '/etc/xdg', 'MAKE_ACFTBUFR': False, 'PATH': '/apps/ops/para/libs/intel/19.1.3.304/wgrib2/2.0.8/bin:/apps/ops/para/libs/intel/19.1.3.304/grib_util/1.2.3/bin:/apps/ops/para/libs/intel/19.1.3.304/metplus/3.1.1/ush:/apps/ops/para/libs/intel/19.1.3.304/met/9.1.3/bin:/apps/ops/prod/libs/intel/19.1.3.304/wgrib2/2.0.8/bin:/apps/ops/prod/libs/intel/19.1.3.304/cray-mpich/8.1.4/ncdiag/1.0.0/bin:/apps/ops/prod/nco/intel/19.1.3.304/util_shared.v1.4.0/ush:/apps/ops/prod/nco/intel/19.1.3.304/bufr_dump.v1.0.0/ush:/apps/ops/prod/libs/intel/19.1.3.304/grib_util/1.2.3/bin:/apps/ops/prod/nco/core/prod_util.v2.0.9/ush:/apps/prod/nco/4.7.9/intel/19.1.3.304/bin:/apps/prod/hpc-stack/intel-19.1.3.304/cray-mpich-8.1.4/netcdf/4.7.4/bin:/apps/prod/hpc-stack/intel-19.1.3.304/cray-mpich-8.1.4/hdf5/1.10.6/bin:/apps/spack/imagemagick/7.0.8-7/cce/11.0.1/fyjvsbwngyzlsiluc4udbnxkhlbwkzc3/bin:/apps/prod/hpc-stack/intel-19.1.3.304/cray-mpich-8.1.4/cdo/1.9.8/bin:/apps/spack/gsl/2.7/intel/19.1.3.304/xks7dxbowrdxhjck5zxc4rompopocevb/bin:/apps/spack/udunits/2.2.28/intel/19.1.3.304/vcyezvmxp635k4aochioodzoduja3ntg/bin:/apps/spack/libjpeg/9c/intel/19.1.3.304/jkr3isi257ktoouprwaxcn4twtye747z/bin:/apps/spack/perl/5.32.0/intel/19.1.3.304/hozp6ca3uy2t5wk4dk5wmvt4hu6yqbn3/bin:/apps/ops/prod/nco/intel/19.1.3.304/gempak.v7.15.1/nawips/os/linux5.3.18_x86_64/bin:/apps/spack/python/3.8.6/intel/19.1.3.304/pjn2nzkjvqgmjw4hmyz43v5x4jbxjzpk/bin:/apps/prod/cfp/2.0.4/intel/19.1.3.304/bin:/opt/cray/pe/pals/1.0.17/bin:/pe/intel/compilers_and_libraries_2020.4.304/linux/bin/intel64:/pe/intel/compilers_and_libraries_2020.4.304/linux/bin:/pe/intel/compilers_and_libraries_2020.4.304/linux/mpi/intel64/bin:/pe/intel/debugger_2020/gdb/intel64/bin:/opt/cray/pe/craype/2.7.13/bin:/opt/cray/bin:/u/emc.global/bin:/usr/local/bin:/usr/bin:/bin:/opt/c3/bin:/opt/pbs/bin:/sbin:.:/opt/cray/pe/bin:/apps/prod/python-modules/3.8.6/intel/19.1.3.304/bin:/apps/prod/python-modules/3.8.6/intel/19.1.3.304/lib/python3.8/site-packages/bin:/apps/ops/prod/nco/intel/19.1.3.304/gempak.v7.15.1/nawips/bin:/apps/ops/prod/nco/intel/19.1.3.304/gempak.v7.15.1/nawips/scripts/ez:/apps/ops/prod/nco/intel/19.1.3.304/gempak.v7.15.1/nawips/scripts/nawips:/apps/ops/prod/nco/intel/19.1.3.304/gempak.v7.15.1/nawips/scripts/prnt:/apps/ops/prod/nco/intel/19.1.3.304/gempak.v7.15.1/nawips/scripts/decoder', 'DO_TRACKER': True, 'PE_MPICH_GTL_LIBS_amd_gfx908': '-lmpi_gtl_hsa', '_ModuleTable014_': 'dWxlX2Jhc2Uud2Nvc3MyIl09e1siZm4iXT0iL2xmcy9oMi9lbWMvZ2xvYmFsL25vc2NydWIvZW1jLmdsb2JhbC9SRVRST19HRlN2MTcvZ2l0L2dsb2JhbC13b3JrZmxvdy9kZXZlbG9wXzIwMjUwNjAyL21vZHVsZWZpbGVzL21vZHVsZV9iYXNlLndjb3NzMi5sdWEiLFsiZnVsbE5hbWUiXT0ibW9kdWxlX2Jhc2Uud2Nvc3MyIixbImxvYWRPcmRlciJdPTMwLHByb3BUPXt9LFsic3RhY2tEZXB0aCJdPTAsWyJzdGF0dXMiXT0iYWN0aXZlIixbInVzZXJOYW1lIl09Im1vZHVsZV9iYXNlLndjb3NzMiIsfSxuY2RpYWc9e1siZm4iXT0iL2FwcHMvb3BzL3Byb2QvbGlicy9tb2R1bGVmaWxlcy9tcGkvaW50ZWwvMTkuMS4zLjMwNC9jcmF5LW1waWNoLzguMS40L25jZGlhZy8xLjAuMC5s', 'TBBROOT': '/pe/intel/compilers_and_libraries_2020.4.304/linux/tbb', '__LMOD_REF_COUNT_PE_PRODUCT_LIST': 'CRAYPE:1;CRAYPE_X86_ROME:1', 'ARCH_GAUSSIAN': True, '_LMFILES_': '/opt/cray/pe/lmod/modulefiles/craype-targets/default/craype-x86-rome.lua:/opt/cray/modulefiles/libfabric/1.20.1:/opt/cray/pe/lmod/modulefiles/craype-targets/default/craype-network-ofi.lua:/apps/prod/lmodules/sys_core/envvar/1.0:/opt/cray/pe/lmod/modulefiles/core/PrgEnv-intel/8.1.0.lua:/opt/cray/pe/lmod/modulefiles/core/craype/2.7.13.lua:/apps/prod/lmodules/core/intel/19.1.3.304.lua:/opt/cray/pe/lmod/modulefiles/comnet/intel/19.0/ofi/1.0/cray-mpich/8.1.9.lua:/opt/cray/pe/lmod/modulefiles/core/cray-pals/1.0.17.lua:/apps/prod/lmodules/core/cfp/2.0.4:/apps/prod/lmodules/intel/19.1.3.304/python/3.8.6:/apps/ops/prod/nco/modulefiles/compiler/intel/19.1.3.304/gempak/7.15.1:/apps/prod/lmodules/intel/19.1.3.304/perl/5.32.0:/apps/prod/lmodules/intel/19.1.3.304/libjpeg/9c:/apps/prod/lmodules/intel/19.1.3.304/udunits/2.2.28:/apps/prod/lmodules/intel/19.1.3.304/gsl/2.7:/apps/prod/lmodules/INTEL_cray_mpich/19.1.3.304/cray-mpich/8.1.4/cdo/1.9.8.lua:/apps/prod/lmodules/core/imagemagick/7.0.8-7:/apps/prod/lmodules/INTEL_cray_mpich/19.1.3.304/cray-mpich/8.1.4/hdf5/1.10.6.lua:/apps/prod/lmodules/INTEL_cray_mpich/19.1.3.304/cray-mpich/8.1.4/netcdf/4.7.4.lua:/apps/prod/lmodules/intel/19.1.3.304/nco/4.7.9:/apps/ops/prod/nco/modulefiles/core/prod_util/2.0.9:/apps/ops/prod/nco/modulefiles/compiler/intel/19.1.3.304/bufr_dump/1.0.0.lua:/apps/ops/prod/nco/modulefiles/compiler/intel/19.1.3.304/util_shared/1.4.0:/apps/ops/prod/libs/modulefiles/mpi/intel/19.1.3.304/cray-mpich/8.1.4/ncdiag/1.0.0.lua:/apps/ops/para/libs/modulefiles/compiler/intel/19.1.3.304/met/9.1.3.lua:/apps/ops/para/libs/modulefiles/compiler/intel/19.1.3.304/metplus/3.1.1.lua:/lfs/h2/emc/global/save/emc.global/git/prepobs/gfsv17_v1.1.0/modulefiles/prepobs/1.1.0.lua:/lfs/h2/emc/global/save/emc.global/git/Fit2Obs/v1.1.7/modulefiles/fit2obs/1.1.7.lua:/lfs/h2/emc/global/noscrub/emc.global/RETRO_GFSv17/git/global-workflow/develop_20250602/modulefiles/module_base.wcoss2.lua:/apps/ops/para/libs/modulefiles/compiler/intel/19.1.3.304/grib_util/1.2.3.lua:/apps/ops/para/libs/modulefiles/compiler/intel/19.1.3.304/g2tmpl/1.10.2.lua:/apps/ops/para/libs/modulefiles/compiler/intel/19.1.3.304/crtm/2.4.0.1.lua:/apps/ops/para/libs/modulefiles/compiler/intel/19.1.3.304/wgrib2/2.0.8.lua', 'NetCDF_LIBRARIES': '/apps/prod/hpc-stack/intel-19.1.3.304/cray-mpich-8.1.4/netcdf/4.7.4/lib', 'COMDATEROOT': '/lfs/h1/ops/prod/com', 'WAVE_OUT_GRIDS': 'global.0p25 atlocn.0p16 epacif.0p16 wcoast.0p16 global.0p50 arctic.9km global.0p16 gsouth.0p25', 'DEBUFR': '/apps/ops/prod/nco/intel/19.1.3.304/util_shared.v1.4.0/bin/debufr', 'EXECgfs': '/lfs/h2/emc/global/noscrub/emc.global/RETRO_GFSv17/git/global-workflow/develop_20250602/exec', 'GEMPAK': '/apps/ops/prod/nco/intel/19.1.3.304/gempak.v7.15.1/nawips/gempak', 'DT_1_RST_WAV': 10800, 'cycle': 't18z', 'HDF5_VERSION': '1.10.6', 'UTILSHAREDROOT': '/apps/ops/prod/nco/intel/19.1.3.304/util_shared.v1.4.0', 'LEVS': 128, 'pgmerr': 'errfile', 'PS4': '+ $(basename ${BASH_SOURCE[0]:-${FUNCNAME[0]:-"Unknown"}})[${LINENO}]', 'ARFLAGS': 'rv', 'EXECfit2obs': '/lfs/h2/emc/global/save/emc.global/git/Fit2Obs/v1.1.7/exec', 'perl_ver': '5.32.0', 'BASE_GIT': '/lfs/h2/emc/global/save/emc.global/git', 'PBS_QUEUE': 'dev_transfer', 'NAWIPS_INC': '/apps/ops/prod/nco/intel/19.1.3.304/gempak.v7.15.1/nawips/gempak/include', 'MODULESHOME': '/usr/share/lmod/lmod', 'COM_CHEM_ANLMON_TMPL': '${ROTDIR}/${RUN}.${YMD}/${HH}/${MEMDIR}/products/chem/anlmon', 'LMOD_SETTARG_FULL_SUPPORT': False, 'PKG_CONFIG_PATH': '/apps/spack/imagemagick/7.0.8-7/cce/11.0.1/fyjvsbwngyzlsiluc4udbnxkhlbwkzc3/lib/pkgconfig:/apps/spack/gsl/2.7/intel/19.1.3.304/xks7dxbowrdxhjck5zxc4rompopocevb/lib64/pkgconfig:/apps/spack/libjpeg/9c/intel/19.1.3.304/jkr3isi257ktoouprwaxcn4twtye747z/lib/pkgconfig:/apps/spack/python/3.8.6/intel/19.1.3.304/pjn2nzkjvqgmjw4hmyz43v5x4jbxjzpk/lib/pkgconfig:/pe/intel/compilers_and_libraries_2020.4.304/linux/mkl/bin/pkgconfig:/opt/cray/pe/craype/2.7.13/pkg-config:/opt/cray/lib64/pkgconfig', 'ARCH_DIFFS': False, 'INFOPATH': '/pe/intel/documentation_2020/en/debugger/gdb-ia/info::/apps/docs/info', 'WAVHCYC': 6, 'G_BROKEN_FILENAMES': 1, 'FHOUT_OCN': 3, 'COM_ATMOS_GENESIS_TMPL': '${ROTDIR}/${RUN}.${YMD}/${HH}/${MEMDIR}/products/atmos/cyclone/genesis_vital', 'I_MPI_ROOT': '/pe/intel/compilers_and_libraries_2020.4.304/linux/mpi', '_ModuleTable011_': 'L3Byb2QvbG1vZHVsZXMvY29yZS9pbWFnZW1hZ2ljay83LjAuOC03IixbImZ1bGxOYW1lIl09ImltYWdlbWFnaWNrLzcuMC44LTciLFsibG9hZE9yZGVyIl09MTgscHJvcFQ9e30sWyJzdGFja0RlcHRoIl09MSxbInN0YXR1cyJdPSJhY3RpdmUiLFsidXNlck5hbWUiXT0iaW1hZ2VtYWdpY2svNy4wLjgtNyIsfSxpbnRlbD17WyJmbiJdPSIvYXBwcy9wcm9kL2xtb2R1bGVzL2NvcmUvaW50ZWwvMTkuMS4zLjMwNC5sdWEiLFsiZnVsbE5hbWUiXT0iaW50ZWwvMTkuMS4zLjMwNCIsWyJsb2FkT3JkZXIiXT03LHByb3BUPXt9LFsic3RhY2tEZXB0aCJdPTEsWyJzdGF0dXMiXT0iYWN0aXZlIixbInVzZXJOYW1lIl09ImludGVsLzE5LjEuMy4zMDQiLH0sbGliZmFicmljPXtbImZuIl09', 'IAUFHRS_ENKF': [3, 6, 9], 'WW3ATMIENS': False, 'HISTSIZE': 10000, 'CRAYPE_DIR': '/opt/cray/pe/craype/2.7.13', 'COMIN_ICE_GRIB': '/lfs/h2/emc/ptmp/emc.global/RETRO_GFSv17/comroot/retrotestgfs10/gdas.20241124/18//products/ice/grib2', 'INCREMENTS_TO_ZERO': ["'liq_wat_inc'", "'icmr_inc'", "'rwmr_inc'", "'snmr_inc'", "'grle_inc'"], 'LMOD_PKG': '/usr/share/lmod/lmod', '__LMOD_REF_COUNT_PE_MPICH_PKGCONFIG_LIBS': 'mpich:1', 'IAU_OFFSET': 6, 'DO_GENESIS_FSU': False, 'prod_util_ver': '2.0.9', 'FHMAX_HF_GFS': 120, 'COM_WAVE_STATION_TMPL': '${ROTDIR}/${RUN}.${YMD}/${HH}/${MEMDIR}/products/wave/station', 'COMIN_OBS': '/lfs/h2/emc/ptmp/emc.global/RETRO_GFSv17/comroot/retrotestgfs10/gdas.20241124/18/obs', 'COM_CONF_TMPL': '${ROTDIR}/${RUN}.${YMD}/${HH}/${MEMDIR}/conf', 'CPU': 'x86_64', '__LMOD_REF_COUNT_PE_PKGCONFIG_LIBS': 'mpich:1', 'LD': 'ld', 'CRAYPE_VERSION': '2.7.13', 'COM_ATMOS_TRACK_TMPL': '${ROTDIR}/${RUN}.${YMD}/${HH}/${MEMDIR}/products/atmos/cyclone/tracks', 'NETCDF_LIBRARIES': '/apps/prod/hpc-stack/intel-19.1.3.304/cray-mpich-8.1.4/netcdf/4.7.4/lib', 'PTMP': '/lfs/h2/emc/ptmp/emc.global', 'FHOUT_HF_WAV': 1, 'DONST': True, 'OS_VER': 'linux5.3.18_x86_64', 'LMOD_CMD': '/usr/share/lmod/lmod/libexec/lmod', '_ModuleTable005_': 'YXkvcGUvbG1vZC9tb2R1bGVmaWxlcy9jb3JlL2NyYXlwZS8yLjcuMTMubHVhIixbImZ1bGxOYW1lIl09ImNyYXlwZS8yLjcuMTMiLFsibG9hZE9yZGVyIl09Nixwcm9wVD17fSxbInN0YWNrRGVwdGgiXT0xLFsic3RhdHVzIl09ImFjdGl2ZSIsWyJ1c2VyTmFtZSJdPSJjcmF5cGUvMi43LjEzIix9LFsiY3JheXBlLW5ldHdvcmstb2ZpIl09e1siZm4iXT0iL29wdC9jcmF5L3BlL2xtb2QvbW9kdWxlZmlsZXMvY3JheXBlLXRhcmdldHMvZGVmYXVsdC9jcmF5cGUtbmV0d29yay1vZmkubHVhIixbImZ1bGxOYW1lIl09ImNyYXlwZS1uZXR3b3JrLW9maSIsWyJsb2FkT3JkZXIiXT0zLHByb3BUPXt9LFsic3RhY2tEZXB0aCJdPTEsWyJzdGF0dXMiXT0iYWN0aXZlIixbInVzZXJOYW1l', 'SCRIPTSprepobs': '/lfs/h2/emc/global/save/emc.global/git/prepobs/gfsv17_v1.1.0/scripts', 'ens_tracker_ver': 'v1.2.0', 'CI_PTMP': '/lfs/h2/emc/ptmp/emc.global', 'WW3CURIENS': False, 'STMP': '/lfs/h2/emc/stmp/emc.global', 'CRAY_MPICH_PREFIX': '/opt/cray/pe/mpich/8.1.9/ofi/intel/19.0', 'CHGRP_RSTPROD': True, 'DBNROOT': '/apps/ops/prod/nco/core/prod_util.v2.0.9/fakedbn', 'CVS_RSH': 'ssh', 'LP': 'lpr', 'WGRIB2': '/apps/ops/para/libs/intel/19.1.3.304/wgrib2/2.0.8/bin/wgrib2', 'PBS_O_MAIL': '/var/spool/mail/emc.global', 'OMP_NUM_THREADS': 1, 'LESSOPEN': 'lessopen.sh %s', '_ModuleTable020_': 'Il09MCxbInN0YXR1cyJdPSJhY3RpdmUiLFsidXNlck5hbWUiXT0id2dyaWIyLzIuMC44Iix9LH0sbXBhdGhBPXsiL2xmcy9oMi9lbWMvZ2xvYmFsL3NhdmUvZW1jLmdsb2JhbC9naXQvRml0Mk9icy92MS4xLjcvbW9kdWxlZmlsZXMiLCIvbGZzL2gyL2VtYy9nbG9iYWwvc2F2ZS9lbWMuZ2xvYmFsL2dpdC9wcmVwb2JzL2dmc3YxN192MS4xLjAvbW9kdWxlZmlsZXMiLCIvYXBwcy9vcHMvcGFyYS9saWJzL21vZHVsZWZpbGVzL2NvbXBpbGVyL2ludGVsLzE5LjEuMy4zMDQiLCIvYXBwcy9vcHMvcHJvZC9saWJzL21vZHVsZWZpbGVzL21waS9pbnRlbC8xOS4xLjMuMzA0L2NyYXktbXBpY2gvOC4xLjQiLCIvYXBwcy9wcm9kL2xtb2R1bGVzL0lOVEVMX2NyYXlfbXBpY2gvMTkuMS4z', 'COM_OCEAN_HISTORY_TMPL': '${ROTDIR}/${RUN}.${YMD}/${HH}/${MEMDIR}/model/ocean/history', 'FLAGMASKOUT': False, 'EXP_WARM_START': True, 'FHMAX_WAV': 9, 'LMOD_DIR': '/usr/share/lmod/lmod/libexec', 'gfs_ver': 'v16.3.7', 'LC_TIME': 'C.UTF-8', 'SCRgfs': '/lfs/h2/emc/global/noscrub/emc.global/RETRO_GFSv17/git/global-workflow/develop_20250602/scripts', 'HOMEprepobs': '/lfs/h2/emc/global/save/emc.global/git/prepobs/gfsv17_v1.1.0', 'JPEG_LIB': '/apps/spack/libjpeg/9c/intel/19.1.3.304/jkr3isi257ktoouprwaxcn4twtye747z/lib/libjpeg.a', 'LMOD_FAMILY_MPI': 'cray-mpich', 'fit2obs_ver': '1.1.7', 'BASH_FUNC_postamble%%': '() {  set +x;\n script="${1}";\n start_time="${2}";\n rc="${3}";\n if [[ -v \'POSTAMBLE_CMD\' ]]; then\n ${POSTAMBLE_CMD};\n fi;\n end_time=$(date +%s);\n end_time_human=$(date -d@"${end_time}" -u +%H:%M:%S);\n elapsed_sec=$((end_time - start_time));\n elapsed=$(date -d@"${elapsed_sec}" -u +%H:%M:%S);\n echo "End ${script} at ${end_time_human} with error code ${rc:-0} (time elapsed: ${elapsed})";\n exit "${rc}"\n}', 'BASH_FUNC_set_strict%%': '() {  if [[ ${STRICT:-"YES"} == "YES" ]]; then\n set -eu;\n fi\n}', 'BASH_FUNC_module%%': '() {  eval $($LMOD_CMD bash "$@") && eval $(${LMOD_SETTARG_CMD:-:} -s sh)\n}', 'BASH_FUNC_set_trace%%': '() {  if [[ ${TRACE:-"YES"} == "YES" ]]; then\n set -x;\n fi\n}', 'BASH_FUNC_declare_from_tmpl%%': '() {  if [[ ${DEBUG_WORKFLOW:-"NO"} == "NO" ]]; then\n set +x;\n fi;\n local opts="-g";\n local OPTIND=1;\n while getopts "rx" option; do\n opts="${opts}${option}";\n done;\n shift $((OPTIND-1));\n for input in "$@";\n do\n IFS=\':\' read -ra args <<< "${input}";\n local com_var="${args[0]}";\n local template;\n local value;\n if (( ${#args[@]} > 1 )); then\n template="${args[1]}";\n else\n template="${com_var}_TMPL";\n fi;\n if [[ ! -v "${template}" ]]; then\n echo "FATAL ERROR in declare_from_tmpl: Requested template ${template} not defined!";\n exit 2;\n fi;\n value=$(echo "${!template}" | envsubst);\n declare ${opts} "${com_var}"="${value}";\n echo "declare_from_tmpl :: ${com_var}=${value}";\n done;\n set_trace\n}', 'BASH_FUNC_wait_for_file%%': '() {  set +x;\n local file_name=${1:?"wait_for_file() requires a file name"};\n local sleep_interval=${2:-60};\n local max_tries=${3:-100};\n for ((iter=0; iter<max_tries; iter++ ))\n do\n if [[ -r ${file_name} ]]; then\n set_trace;\n return 0;\n fi;\n sleep "${sleep_interval}";\n done;\n set_trace;\n return 1\n}', 'BASH_FUNC_err_exit%%': ['() {  set +eux;\n msg1=${*:-Job ${jobid} failed};\n if [[ -n "${pgm}" ]]; then\n msg1+="', 'ERROR IN ${pgm}";\n fi;\n if [[ -n "${err}" ]]; then\n msg1+=" RETURN CODE ${err}";\n fi;\n msg2="\n    -------------------------------------------------------------\n    -- FATAL ERROR: ${msg1}\n    -- ABNORMAL EXIT at $(date) on ${HOSTNAME}\n    -------------------------------------------------------------\n    ";\n echo "${msg2}" 1>&2;\n module list;\n echo "" 1>&2;\n echo "${msg1}" 1>&2;\n if [[ -n "${DATA}" ]]; then\n echo "${DATA}" 1>&2;\n ls -ltr "${DATA}" 1>&2;\n else\n echo "WARNING: DATA variable not defined" 1>&2;\n fi;\n if [[ -n "${pgmout}" ]]; then\n if [[ -s errfile ]]; then\n echo "----- contents of errfile -----" >> "${pgmout}";\n cat errfile >> "${pgmout}";\n fi;\n cat "${pgmout}" 1>&2;\n else\n if [[ -s errfile ]]; then\n cat errfile 1>&2;\n fi;\n fi;\n if [[ "${SENDECF}" = "YES" ]]; then\n timeout 30 ecflow_client --msg "${ECF_NAME}: ${msg1}";\n timeout 30 ssh "${ECF_HOST}" "echo \\"${msg}2\\" >> ${ECF_JOBOUT:?}";\n fi;\n if [[ "${SENDECF}" = "YES" ]]; then\n ecflow_client --kill="${ECF_NAME:?}";\n fi;\n if [[ -n "${PBS_JOBID}" ]]; then\n qdel "${PBS_JOBID}";\n else\n if [[ -n "${SLURM_JOB_ID}" ]]; then\n scancel "${SLURM_JOB_ID}";\n fi;\n fi\n}'], 'BASH_FUNC_ml%%': '() {  eval $($LMOD_DIR/ml_cmd "$@")\n}', '_': '/lfs/h2/emc/global/noscrub/emc.global/RETRO_GFSv17/git/global-workflow/develop_20250602/scripts/exglobal_archive_tars.py'} )[0m
[38;5;39m2025-06-16 20:47:04,951 - DEBUG    - task        : current cycle: 2024-11-24 18:00:00[0m
[38;5;39m2025-06-16 20:47:04,951 - DEBUG    - task        : previous cycle: 2024-11-24 12:00:00[0m
[38;21m2025-06-16 20:47:04,951 - INFO     - archive     : BEGIN: pygfs.task.archive._gen_relative_paths[0m
[38;5;39m2025-06-16 20:47:04,951 - DEBUG    - archive     : ( <pygfs.task.archive.Archive object at 0x14e86eb8dd30>, '/lfs/h2/emc/ptmp/emc.global/RETRO_GFSv17/comroot/retrotestgfs10/' )[0m
[38;21m2025-06-16 20:47:04,952 - INFO     - archive     :   END: pygfs.task.archive._gen_relative_paths[0m
[38;5;39m2025-06-16 20:47:04,952 - DEBUG    - archive     :  returning: {'n_wave_grid_dir': 'gdas.20241124/18//products/wave/gridded', 'n_ocean_restart_dir': 'gdas.20241124/18//model/ocean/restart', 'comout_conf_dir': 'gdas.20241124/18//conf', 'n_atmos_genesis_dir': 'gdas.20241124/18//products/atmos/cyclone/genesis_vital', 'n_chem_history_dir': 'gdas.20241124/18//model/chem/history', 'n_atmos_input_dir': 'gdas.20241124/18//model/atmos/input', 'n_ocean_history_dir': 'gdas.20241124/18//model/ocean/history', 'n_top_dir': 'gdas.20241124/18', 'n_wave_grid_arctic_9km_dir': 'gdas.20241124/18//products/wave/gridded/arctic.9km', 'n_atmos_gempak_dir': 'gdas.20241124/18//products/atmos/gempak/', 'n_wave_grid_gsouth_0p25_dir': 'gdas.20241124/18//products/wave/gridded/gsouth.0p25', 'n_wave_station_dir': 'gdas.20241124/18//products/wave/station', 'n_atmos_restart_dir': 'gdas.20241124/18//model/atmos/restart', 'n_wave_grid_wcoast_0p16_dir': 'gdas.20241124/18//products/wave/gridded/wcoast.0p16', 'n_wave_grid_global_0p50_dir': 'gdas.20241124/18//products/wave/gridded/global.0p50', 'n_conf_dir': 'gdas.20241124/18//conf', 'n_atmos_radmon_dir': 'gdas.20241124/18//products/atmos/radmon', 'n_wave_grid_global_0p25_dir': 'gdas.20241124/18//products/wave/gridded/global.0p25', 'n_atmos_grib_0p50_dir': 'gdas.20241124/18//products/atmos/grib2/0p50', 'n_ice_history_dir': 'gdas.20241124/18//model/ice/history', 'n_wave_grid_epacif_0p16_dir': 'gdas.20241124/18//products/wave/gridded/epacif.0p16', 'n_snow_analysis_dir': 'gdas.20241124/18//analysis/snow', 'n_atmos_bufr_dir': 'gdas.20241124/18//products/atmos/bufr', 'n_med_restart_dir': 'gdas.20241124/18//model/med/restart', 'n_wave_restart_dir': 'gdas.20241124/18//model/wave/restart', 'n_ice_bmatrix_dir': 'gdas.20241124/18//bmatrix/ice', 'n_atmos_master_dir': 'gdas.20241124/18//model/atmos/master', 'n_atmos_grib_0p25_dir': 'gdas.20241124/18//products/atmos/grib2/0p25', 'n_ice_restart_dir': 'gdas.20241124/18//model/ice/restart', 'n_wave_history_dir': 'gdas.20241124/18//model/wave/history', 'n_atmos_track_dir': 'gdas.20241124/18//products/atmos/cyclone/tracks', 'n_atmos_minmon_dir': 'gdas.20241124/18//products/atmos/minmon', 'n_ocean_bmatrix_dir': 'gdas.20241124/18//bmatrix/ocean', 'comout_atmos_track_dir': 'gdas.20241124/18//products/atmos/cyclone/tracks', 'n_ice_input_dir': 'gdas.20241124/18//model/ice/input', 'n_atmos_grib_1p00_dir': 'gdas.20241124/18//products/atmos/grib2/1p00', 'n_atmos_wmo_dir': 'gdas.20241124/18//products/atmos/wmo', 'n_chem_analysis_dir': 'gdas.20241124/18//analysis/chem', 'n_atmos_analysis_dir': 'gdas.20241124/18//analysis/atmos', 'n_ocean_analysis_dir': 'gdas.20241124/18//analysis/ocean', 'n_atmos_oznmon_dir': 'gdas.20241124/18//products/atmos/oznmon', 'n_wave_grid_global_0p16_dir': 'gdas.20241124/18//products/wave/gridded/global.0p16', 'n_ice_analysis_dir': 'gdas.20241124/18//analysis/ice', 'n_ocean_grib_dir': 'gdas.20241124/18//products/ocean/grib2', 'n_atmos_history_dir': 'gdas.20241124/18//model/atmos/history', 'n_ocean_netcdf_dir': 'gdas.20241124/18//products/ocean/netcdf', 'n_wave_grid_atlocn_0p16_dir': 'gdas.20241124/18//products/wave/gridded/atlocn.0p16', 'n_ice_grib_dir': 'gdas.20241124/18//products/ice/grib2', 'n_obs_dir': 'gdas.20241124/18/obs'}[0m
[38;21m2025-06-16 20:47:04,955 - INFO     - archive     :   END: Archive.__init__[0m
[38;5;39m2025-06-16 20:47:04,955 - DEBUG    - archive     :  returning: None[0m
[38;5;226m2025-06-16 20:47:04,956 - WARNING  - root        : WARNING: key (DATASETS_YAML) not found in task_config![0m
[38;21m2025-06-16 20:47:04,956 - INFO     - archive     : BEGIN: pygfs.task.archive.configure_tars[0m
[38;5;39m2025-06-16 20:47:04,957 - DEBUG    - archive     : ( <pygfs.task.archive.Archive object at 0x14e86eb8dd30>, {'ATARDIR': '/5year/NCEPDEV/emc-global/emc.glopara/WCOSS2/GFSv17/retrotestgfs10', 'current_cycle': datetime.datetime(2024, 11, 24, 18, 0), 'FHMIN': 0, 'FHMAX': 9, 'FHOUT': 1, 'RUN': 'gdas', 'PDY': datetime.datetime(2024, 11, 24, 0, 0), 'DO_VERFRAD': True, 'DO_VMINMON': True, 'DO_VERFOZN': True, 'DO_ICE': True, 'DO_PREP_OBS_AERO': False, 'PARMgfs': '/lfs/h2/emc/global/noscrub/emc.global/RETRO_GFSv17/git/global-workflow/develop_20250602/parm', 'DO_OCN': True, 'DO_WAVE': True, 'WRITE_DOPOST': True, 'PSLOT': 'retrotestgfs10', 'DO_JEDISNOWDA': True, 'DO_ARCHCOM': True, 'ARCHCOM_TO': 'hpss', 'ROTDIR': '/lfs/h2/emc/ptmp/emc.global/RETRO_GFSv17/comroot/retrotestgfs10', 'ARCH_WARMICFREQ': 4, 'ARCH_FCSTICFREQ': 1, 'ARCH_CYC': 0, 'assim_freq': 6, 'ARCDIR': '/lfs/h2/emc/global/noscrub/emc.global/RETRO_GFSv17/archive/retrotestgfs10', 'SDATE': datetime.datetime(2024, 11, 15, 6, 0), 'FHMIN_GFS': 0, 'FHMAX_GFS': 384, 'FHOUT_GFS': 3, 'ARCH_GAUSSIAN': True, 'MODE': 'cycled', 'FHOUT_OCN': 3, 'FHOUT_ICE': 3, 'FHOUT_OCN_GFS': 6, 'FHOUT_ICE_GFS': 6, 'DO_BUFRSND': False, 'DOHYBVAR': True, 'ARCH_GAUSSIAN_FHMAX': 384, 'ARCH_GAUSSIAN_FHINC': 3, 'DOIAU': True, 'OCNRES': '025', 'ICERES': '025', 'NUM_SND_COLLECTIVES': 9, 'FHOUT_WAV': 3, 'FHOUT_HF_WAV': 1, 'FHMAX_WAV': 9, 'FHMAX_HF_WAV': 120, 'FHMAX_WAV_GFS': 384, 'restart_interval_gdas': 3, 'restart_interval_gfs': 12, 'DO_AERO_ANL': False, 'DO_AERO_FCST': False, 'DO_CA': True, 'DOIBP_WAV': False, 'DO_JEDIOCNVAR': True, 'DOHYBVAR_OCN': True, 'DOLETKF_OCN': False, 'NMEM_ENS': 80, 'DO_JEDIATMVAR': False, 'FHMAX_FITS': 132, 'waveGRD': 'uglo_15km', 'IAUFHRS': [3, 6, 9], 'DO_FIT2OBS': True, 'NET': 'gfs', 'FHOUT_HF_GFS': 1, 'FHMAX_HF_GFS': 120, 'REPLAY_ICS': False, 'OFFSET_START_HOUR': 0, 'ARCH_EXPDIR': True, 'EXPDIR': '/lfs/h2/emc/global/noscrub/emc.global/RETRO_GFSv17/expdir/retrotestgfs10', 'ARCH_EXPDIR_FREQ': 0, 'ARCH_HASHES': True, 'ARCH_DIFFS': False, 'EDATE': datetime.datetime(2025, 1, 16, 0, 0), 'HOMEgfs': '/lfs/h2/emc/global/noscrub/emc.global/RETRO_GFSv17/git/global-workflow/develop_20250602', 'DO_GEMPAK': False, 'DATASETS_YAML': None, 'WAVE_OUT_GRIDS': 'global.0p25 atlocn.0p16 epacif.0p16 wcoast.0p16 global.0p50 arctic.9km global.0p16 gsouth.0p25', 'COMIN_WAVE_GRID': '/lfs/h2/emc/ptmp/emc.global/RETRO_GFSv17/comroot/retrotestgfs10/gdas.20241124/18//products/wave/gridded', 'COMIN_OCEAN_RESTART': '/lfs/h2/emc/ptmp/emc.global/RETRO_GFSv17/comroot/retrotestgfs10/gdas.20241124/18//model/ocean/restart', 'COMOUT_CONF': '/lfs/h2/emc/ptmp/emc.global/RETRO_GFSv17/comroot/retrotestgfs10/gdas.20241124/18//conf', 'COM_SNOW_ANALYSIS_TMPL': '${ROTDIR}/${RUN}.${YMD}/${HH}/${MEMDIR}/analysis/snow', 'COMIN_ATMOS_GENESIS': '/lfs/h2/emc/ptmp/emc.global/RETRO_GFSv17/comroot/retrotestgfs10/gdas.20241124/18//products/atmos/cyclone/genesis_vital', 'COM_ATMOS_RADMON_TMPL': '${ROTDIR}/${RUN}.${YMD}/${HH}/${MEMDIR}/products/atmos/radmon', 'COM_ICE_GRIB_TMPL': '${ROTDIR}/${RUN}.${YMD}/${HH}/${MEMDIR}/products/ice/grib2', 'COM_RTOFS_TMPL': '${DMPDIR}', 'COM_ATMOS_GRIB_GRID_TMPL': '${ROTDIR}/${RUN}.${YMD}/${HH}/${MEMDIR}/products/atmos/grib2/${GRID}', 'COMIN_CHEM_HISTORY': '/lfs/h2/emc/ptmp/emc.global/RETRO_GFSv17/comroot/retrotestgfs10/gdas.20241124/18//model/chem/history', 'COMIN_ATMOS_INPUT': '/lfs/h2/emc/ptmp/emc.global/RETRO_GFSv17/comroot/retrotestgfs10/gdas.20241124/18//model/atmos/input', 'COM_ICE_RESTART_TMPL': '${ROTDIR}/${RUN}.${YMD}/${HH}/${MEMDIR}/model/ice/restart', 'COM_ICE_ANLMON_TMPL': '${ROTDIR}/${RUN}.${YMD}/${HH}/${MEMDIR}/products/ice/anlmon', 'COM_SNOW_ANLMON_TMPL': '${ROTDIR}/${RUN}.${YMD}/${HH}/${MEMDIR}/products/snow/anlmon', 'COMIN_OCEAN_HISTORY': '/lfs/h2/emc/ptmp/emc.global/RETRO_GFSv17/comroot/retrotestgfs10/gdas.20241124/18//model/ocean/history', 'COM_ICE_NETCDF_TMPL': '${ROTDIR}/${RUN}.${YMD}/${HH}/${MEMDIR}/products/ice/netcdf', 'COMIN_TOP': '/lfs/h2/emc/ptmp/emc.global/RETRO_GFSv17/comroot/retrotestgfs10/gdas.20241124/18', 'COM_ATMOS_GRIB_TMPL': '${ROTDIR}/${RUN}.${YMD}/${HH}/${MEMDIR}/products/atmos/grib2', 'COM_ICE_LETKF_TMPL': '${ROTDIR}/${RUN}.${YMD}/${HH}/${MEMDIR}/analysis/ice/letkf', 'COM_WAVE_RESTART_TMPL': '${ROTDIR}/${RUN}.${YMD}/${HH}/${MEMDIR}/model/wave/restart', 'COM_ATMOS_RESTART_TMPL': '${ROTDIR}/${RUN}.${YMD}/${HH}/${MEMDIR}/model/atmos/restart', 'COM_ATMOS_BUFR_TMPL': '${ROTDIR}/${RUN}.${YMD}/${HH}/${MEMDIR}/products/atmos/bufr', 'COMIN_WAVE_GRID_arctic_9km': '/lfs/h2/emc/ptmp/emc.global/RETRO_GFSv17/comroot/retrotestgfs10/gdas.20241124/18//products/wave/gridded/arctic.9km', 'COM_WAVE_PREP_TMPL': '${ROTDIR}/${RUN}.${YMD}/${HH}/${MEMDIR}/model/wave/prep', 'COMIN_ATMOS_GEMPAK': '/lfs/h2/emc/ptmp/emc.global/RETRO_GFSv17/comroot/retrotestgfs10/gdas.20241124/18//products/atmos/gempak/', 'COM_CHEM_HISTORY_TMPL': '${ROTDIR}/${RUN}.${YMD}/${HH}/${MEMDIR}/model/chem/history', 'COM_OBSPROC_TMPL': '${DMPDIR}/${RUN}${DUMP_SUFFIX}.${YMD}/${HH}/atmos', 'COMIN_WAVE_GRID_gsouth_0p25': '/lfs/h2/emc/ptmp/emc.global/RETRO_GFSv17/comroot/retrotestgfs10/gdas.20241124/18//products/wave/gridded/gsouth.0p25', 'COMIN_WAVE_STATION': '/lfs/h2/emc/ptmp/emc.global/RETRO_GFSv17/comroot/retrotestgfs10/gdas.20241124/18//products/wave/station', 'COM_OBS_JEDI': '${ROTDIR}/${RUN}.${YMD}/${HH}/${MEMDIR}/obs_jedi', 'COMIN_ATMOS_RESTART': '/lfs/h2/emc/ptmp/emc.global/RETRO_GFSv17/comroot/retrotestgfs10/gdas.20241124/18//model/atmos/restart', 'COM_WAVE_GEMPAK_TMPL': '${ROTDIR}/${RUN}.${YMD}/${HH}/${MEMDIR}/products/wave/gempak', 'COM_OCEAN_LETKF_TMPL': '${ROTDIR}/${RUN}.${YMD}/${HH}/${MEMDIR}/analysis/ocean/letkf', 'COMIN_WAVE_GRID_wcoast_0p16': '/lfs/h2/emc/ptmp/emc.global/RETRO_GFSv17/comroot/retrotestgfs10/gdas.20241124/18//products/wave/gridded/wcoast.0p16', 'COMIN_WAVE_GRID_global_0p50': '/lfs/h2/emc/ptmp/emc.global/RETRO_GFSv17/comroot/retrotestgfs10/gdas.20241124/18//products/wave/gridded/global.0p50', 'COMIN_CONF': '/lfs/h2/emc/ptmp/emc.global/RETRO_GFSv17/comroot/retrotestgfs10/gdas.20241124/18//conf', 'COMIN_ATMOS_RADMON': '/lfs/h2/emc/ptmp/emc.global/RETRO_GFSv17/comroot/retrotestgfs10/gdas.20241124/18//products/atmos/radmon', 'COM_ICE_ANALYSIS_TMPL': '${ROTDIR}/${RUN}.${YMD}/${HH}/${MEMDIR}/analysis/ice', 'COMIN_WAVE_GRID_global_0p25': '/lfs/h2/emc/ptmp/emc.global/RETRO_GFSv17/comroot/retrotestgfs10/gdas.20241124/18//products/wave/gridded/global.0p25', 'COMIN_ATMOS_GRIB_0p50': '/lfs/h2/emc/ptmp/emc.global/RETRO_GFSv17/comroot/retrotestgfs10/gdas.20241124/18//products/atmos/grib2/0p50', 'COMIN_ICE_HISTORY': '/lfs/h2/emc/ptmp/emc.global/RETRO_GFSv17/comroot/retrotestgfs10/gdas.20241124/18//model/ice/history', 'COMIN_WAVE_GRID_epacif_0p16': '/lfs/h2/emc/ptmp/emc.global/RETRO_GFSv17/comroot/retrotestgfs10/gdas.20241124/18//products/wave/gridded/epacif.0p16', 'COMIN_SNOW_ANALYSIS': '/lfs/h2/emc/ptmp/emc.global/RETRO_GFSv17/comroot/retrotestgfs10/gdas.20241124/18//analysis/snow', 'COM_ATMOS_ANLMON_TMPL': '${ROTDIR}/${RUN}.${YMD}/${HH}/${MEMDIR}/products/atmos/anlmon', 'COMIN_ATMOS_BUFR': '/lfs/h2/emc/ptmp/emc.global/RETRO_GFSv17/comroot/retrotestgfs10/gdas.20241124/18//products/atmos/bufr', 'COM_CHEM_BMAT_TMPL': '${ROTDIR}/${RUN}.${YMD}/${HH}/${MEMDIR}/analysis/chem/bmatrix', 'COM_WAVE_HISTORY_TMPL': '${ROTDIR}/${RUN}.${YMD}/${HH}/${MEMDIR}/model/wave/history', 'COMIN_MED_RESTART': '/lfs/h2/emc/ptmp/emc.global/RETRO_GFSv17/comroot/retrotestgfs10/gdas.20241124/18//model/med/restart', 'COMIN_WAVE_RESTART': '/lfs/h2/emc/ptmp/emc.global/RETRO_GFSv17/comroot/retrotestgfs10/gdas.20241124/18//model/wave/restart', 'COMIN_ICE_BMATRIX': '/lfs/h2/emc/ptmp/emc.global/RETRO_GFSv17/comroot/retrotestgfs10/gdas.20241124/18//bmatrix/ice', 'COM_OBS_TMPL': '${ROTDIR}/${RUN}.${YMD}/${HH}/obs', 'COM_ATMOS_ANALYSIS_TMPL': '${ROTDIR}/${RUN}.${YMD}/${HH}/${MEMDIR}/analysis/atmos', 'COM_WAVE_WMO_TMPL': '${ROTDIR}/${RUN}.${YMD}/${HH}/${MEMDIR}/products/wave/wmo', 'COM_ATMOS_MASTER_TMPL': '${ROTDIR}/${RUN}.${YMD}/${HH}/${MEMDIR}/model/atmos/master', 'COMIN_ATMOS_MASTER': '/lfs/h2/emc/ptmp/emc.global/RETRO_GFSv17/comroot/retrotestgfs10/gdas.20241124/18//model/atmos/master', 'COMIN_ATMOS_GRIB_0p25': '/lfs/h2/emc/ptmp/emc.global/RETRO_GFSv17/comroot/retrotestgfs10/gdas.20241124/18//products/atmos/grib2/0p25', 'COM_ICE_HISTORY_TMPL': '${ROTDIR}/${RUN}.${YMD}/${HH}/${MEMDIR}/model/ice/history', 'COM_OCEAN_RESTART_TMPL': '${ROTDIR}/${RUN}.${YMD}/${HH}/${MEMDIR}/model/ocean/restart', 'COM_ICE_BMATRIX_TMPL': '${ROTDIR}/${RUN}.${YMD}/${HH}/${MEMDIR}/bmatrix/ice', 'COM_ATMOS_GEMPAK_TMPL': '${ROTDIR}/${RUN}.${YMD}/${HH}/${MEMDIR}/products/atmos/gempak/${GRID}', 'COM_TOP_TMPL': '${ROTDIR}/${RUN}.${YMD}/${HH}', 'COM_OCEAN_NETCDF_TMPL': '${ROTDIR}/${RUN}.${YMD}/${HH}/${MEMDIR}/products/ocean/netcdf', 'COMIN_ICE_RESTART': '/lfs/h2/emc/ptmp/emc.global/RETRO_GFSv17/comroot/retrotestgfs10/gdas.20241124/18//model/ice/restart', 'COMIN_WAVE_HISTORY': '/lfs/h2/emc/ptmp/emc.global/RETRO_GFSv17/comroot/retrotestgfs10/gdas.20241124/18//model/wave/history', 'COM_CHEM_ANALYSIS_TMPL': '${ROTDIR}/${RUN}.${YMD}/${HH}/${MEMDIR}/analysis/chem', 'COM_WAVE_GRID_RES_TMPL': '${ROTDIR}/${RUN}.${YMD}/${HH}/${MEMDIR}/products/wave/gridded/${GRDRESNAME}', 'COMIN_ATMOS_TRACK': '/lfs/h2/emc/ptmp/emc.global/RETRO_GFSv17/comroot/retrotestgfs10/gdas.20241124/18//products/atmos/cyclone/tracks', 'COM_OCEAN_ANALYSIS_TMPL': '${ROTDIR}/${RUN}.${YMD}/${HH}/${MEMDIR}/analysis/ocean', 'COM_ATMOS_HISTORY_TMPL': '${ROTDIR}/${RUN}.${YMD}/${HH}/${MEMDIR}/model/atmos/history', 'COM_OCEAN_BMATRIX_TMPL': '${ROTDIR}/${RUN}.${YMD}/${HH}/${MEMDIR}/bmatrix/ocean', 'COMIN_ATMOS_MINMON': '/lfs/h2/emc/ptmp/emc.global/RETRO_GFSv17/comroot/retrotestgfs10/gdas.20241124/18//products/atmos/minmon', 'COMIN_OCEAN_BMATRIX': '/lfs/h2/emc/ptmp/emc.global/RETRO_GFSv17/comroot/retrotestgfs10/gdas.20241124/18//bmatrix/ocean', 'COM_ATMOS_GOES_TMPL': '${ROTDIR}/${RUN}.${YMD}/${HH}/${MEMDIR}/products/atmos/goes_sim', 'COMOUT_ATMOS_TRACK': '/lfs/h2/emc/ptmp/emc.global/RETRO_GFSv17/comroot/retrotestgfs10/gdas.20241124/18//products/atmos/cyclone/tracks', 'COM_ATMOS_MINMON_TMPL': '${ROTDIR}/${RUN}.${YMD}/${HH}/${MEMDIR}/products/atmos/minmon', 'COMIN_ICE_INPUT': '/lfs/h2/emc/ptmp/emc.global/RETRO_GFSv17/comroot/retrotestgfs10/gdas.20241124/18//model/ice/input', 'COMIN_ATMOS_GRIB_1p00': '/lfs/h2/emc/ptmp/emc.global/RETRO_GFSv17/comroot/retrotestgfs10/gdas.20241124/18//products/atmos/grib2/1p00', 'COM_ATMOS_IMAGERY_TMPL': '${ROTDIR}/${RUN}.${YMD}/${HH}/${MEMDIR}/products/atmos/imagery', 'COMIN_ATMOS_WMO': '/lfs/h2/emc/ptmp/emc.global/RETRO_GFSv17/comroot/retrotestgfs10/gdas.20241124/18//products/atmos/wmo', 'COMIN_CHEM_ANALYSIS': '/lfs/h2/emc/ptmp/emc.global/RETRO_GFSv17/comroot/retrotestgfs10/gdas.20241124/18//analysis/chem', 'COM_ICE_INPUT_TMPL': '${ROTDIR}/${RUN}.${YMD}/${HH}/${MEMDIR}/model/ice/input', 'COM_OCEAN_GRIB_GRID_TMPL': '${ROTDIR}/${RUN}.${YMD}/${HH}/${MEMDIR}/products/ocean/grib2/${GRID}', 'COM_WAVE_GRID_TMPL': '${ROTDIR}/${RUN}.${YMD}/${HH}/${MEMDIR}/products/wave/gridded', 'COMIN_ATMOS_ANALYSIS': '/lfs/h2/emc/ptmp/emc.global/RETRO_GFSv17/comroot/retrotestgfs10/gdas.20241124/18//analysis/atmos', 'COM_OCEAN_INPUT_TMPL': '${ROTDIR}/${RUN}.${YMD}/${HH}/${MEMDIR}/model/ocean/input', 'COMIN_OCEAN_ANALYSIS': '/lfs/h2/emc/ptmp/emc.global/RETRO_GFSv17/comroot/retrotestgfs10/gdas.20241124/18//analysis/ocean', 'COMIN_ATMOS_OZNMON': '/lfs/h2/emc/ptmp/emc.global/RETRO_GFSv17/comroot/retrotestgfs10/gdas.20241124/18//products/atmos/oznmon', 'COMIN_WAVE_GRID_global_0p16': '/lfs/h2/emc/ptmp/emc.global/RETRO_GFSv17/comroot/retrotestgfs10/gdas.20241124/18//products/wave/gridded/global.0p16', 'COMIN_ICE_ANALYSIS': '/lfs/h2/emc/ptmp/emc.global/RETRO_GFSv17/comroot/retrotestgfs10/gdas.20241124/18//analysis/ice', 'COMIN_OCEAN_GRIB': '/lfs/h2/emc/ptmp/emc.global/RETRO_GFSv17/comroot/retrotestgfs10/gdas.20241124/18//products/ocean/grib2', 'COM_ICE_GRIB_GRID_TMPL': '${ROTDIR}/${RUN}.${YMD}/${HH}/${MEMDIR}/products/ice/grib2/${GRID}', 'COM_ATMOS_INPUT_TMPL': '${ROTDIR}/${RUN}.${YMD}/${HH}/${MEMDIR}/model/atmos/input', 'COM_MED_RESTART_TMPL': '${ROTDIR}/${RUN}.${YMD}/${HH}/${MEMDIR}/model/med/restart', 'COM_ATMOS_OZNMON_TMPL': '${ROTDIR}/${RUN}.${YMD}/${HH}/${MEMDIR}/products/atmos/oznmon', 'COM_ATMOS_WMO_TMPL': '${ROTDIR}/${RUN}.${YMD}/${HH}/${MEMDIR}/products/atmos/wmo', 'COMIN_ATMOS_HISTORY': '/lfs/h2/emc/ptmp/emc.global/RETRO_GFSv17/comroot/retrotestgfs10/gdas.20241124/18//model/atmos/history', 'COM_OCEAN_GRIB_TMPL': '${ROTDIR}/${RUN}.${YMD}/${HH}/${MEMDIR}/products/ocean/grib2', 'COMIN_OCEAN_NETCDF': '/lfs/h2/emc/ptmp/emc.global/RETRO_GFSv17/comroot/retrotestgfs10/gdas.20241124/18//products/ocean/netcdf', 'COM_OCEAN_ANLMON_TMPL': '${ROTDIR}/${RUN}.${YMD}/${HH}/${MEMDIR}/products/ocean/anlmon', 'COMIN_WAVE_GRID_atlocn_0p16': '/lfs/h2/emc/ptmp/emc.global/RETRO_GFSv17/comroot/retrotestgfs10/gdas.20241124/18//products/wave/gridded/atlocn.0p16', 'COM_CHEM_ANLMON_TMPL': '${ROTDIR}/${RUN}.${YMD}/${HH}/${MEMDIR}/products/chem/anlmon', 'COM_ATMOS_GENESIS_TMPL': '${ROTDIR}/${RUN}.${YMD}/${HH}/${MEMDIR}/products/atmos/cyclone/genesis_vital', 'COMIN_ICE_GRIB': '/lfs/h2/emc/ptmp/emc.global/RETRO_GFSv17/comroot/retrotestgfs10/gdas.20241124/18//products/ice/grib2', 'COM_WAVE_STATION_TMPL': '${ROTDIR}/${RUN}.${YMD}/${HH}/${MEMDIR}/products/wave/station', 'COMIN_OBS': '/lfs/h2/emc/ptmp/emc.global/RETRO_GFSv17/comroot/retrotestgfs10/gdas.20241124/18/obs', 'COM_CONF_TMPL': '${ROTDIR}/${RUN}.${YMD}/${HH}/${MEMDIR}/conf', 'COM_ATMOS_TRACK_TMPL': '${ROTDIR}/${RUN}.${YMD}/${HH}/${MEMDIR}/products/atmos/cyclone/tracks', 'COM_OCEAN_HISTORY_TMPL': '${ROTDIR}/${RUN}.${YMD}/${HH}/${MEMDIR}/model/ocean/history'} )[0m
[38;21m2025-06-16 20:47:04,957 - INFO     - archive     : BEGIN: pygfs.task.archive._rename_cyclone_expt[0m
[38;5;39m2025-06-16 20:47:04,957 - DEBUG    - archive     : ( {'ATARDIR': '/5year/NCEPDEV/emc-global/emc.glopara/WCOSS2/GFSv17/retrotestgfs10', 'current_cycle': datetime.datetime(2024, 11, 24, 18, 0), 'FHMIN': 0, 'FHMAX': 9, 'FHOUT': 1, 'RUN': 'gdas', 'PDY': datetime.datetime(2024, 11, 24, 0, 0), 'DO_VERFRAD': True, 'DO_VMINMON': True, 'DO_VERFOZN': True, 'DO_ICE': True, 'DO_PREP_OBS_AERO': False, 'PARMgfs': '/lfs/h2/emc/global/noscrub/emc.global/RETRO_GFSv17/git/global-workflow/develop_20250602/parm', 'DO_OCN': True, 'DO_WAVE': True, 'WRITE_DOPOST': True, 'PSLOT': 'retrotestgfs10', 'DO_JEDISNOWDA': True, 'DO_ARCHCOM': True, 'ARCHCOM_TO': 'hpss', 'ROTDIR': '/lfs/h2/emc/ptmp/emc.global/RETRO_GFSv17/comroot/retrotestgfs10', 'ARCH_WARMICFREQ': 4, 'ARCH_FCSTICFREQ': 1, 'ARCH_CYC': 0, 'assim_freq': 6, 'ARCDIR': '/lfs/h2/emc/global/noscrub/emc.global/RETRO_GFSv17/archive/retrotestgfs10', 'SDATE': datetime.datetime(2024, 11, 15, 6, 0), 'FHMIN_GFS': 0, 'FHMAX_GFS': 384, 'FHOUT_GFS': 3, 'ARCH_GAUSSIAN': True, 'MODE': 'cycled', 'FHOUT_OCN': 3, 'FHOUT_ICE': 3, 'FHOUT_OCN_GFS': 6, 'FHOUT_ICE_GFS': 6, 'DO_BUFRSND': False, 'DOHYBVAR': True, 'ARCH_GAUSSIAN_FHMAX': 384, 'ARCH_GAUSSIAN_FHINC': 3, 'DOIAU': True, 'OCNRES': '025', 'ICERES': '025', 'NUM_SND_COLLECTIVES': 9, 'FHOUT_WAV': 3, 'FHOUT_HF_WAV': 1, 'FHMAX_WAV': 9, 'FHMAX_HF_WAV': 120, 'FHMAX_WAV_GFS': 384, 'restart_interval_gdas': 3, 'restart_interval_gfs': 12, 'DO_AERO_ANL': False, 'DO_AERO_FCST': False, 'DO_CA': True, 'DOIBP_WAV': False, 'DO_JEDIOCNVAR': True, 'DOHYBVAR_OCN': True, 'DOLETKF_OCN': False, 'NMEM_ENS': 80, 'DO_JEDIATMVAR': False, 'FHMAX_FITS': 132, 'waveGRD': 'uglo_15km', 'IAUFHRS': [3, 6, 9], 'DO_FIT2OBS': True, 'NET': 'gfs', 'FHOUT_HF_GFS': 1, 'FHMAX_HF_GFS': 120, 'REPLAY_ICS': False, 'OFFSET_START_HOUR': 0, 'ARCH_EXPDIR': True, 'EXPDIR': '/lfs/h2/emc/global/noscrub/emc.global/RETRO_GFSv17/expdir/retrotestgfs10', 'ARCH_EXPDIR_FREQ': 0, 'ARCH_HASHES': True, 'ARCH_DIFFS': False, 'EDATE': datetime.datetime(2025, 1, 16, 0, 0), 'HOMEgfs': '/lfs/h2/emc/global/noscrub/emc.global/RETRO_GFSv17/git/global-workflow/develop_20250602', 'DO_GEMPAK': False, 'DATASETS_YAML': None, 'WAVE_OUT_GRIDS': 'global.0p25 atlocn.0p16 epacif.0p16 wcoast.0p16 global.0p50 arctic.9km global.0p16 gsouth.0p25', 'COMIN_WAVE_GRID': '/lfs/h2/emc/ptmp/emc.global/RETRO_GFSv17/comroot/retrotestgfs10/gdas.20241124/18//products/wave/gridded', 'COMIN_OCEAN_RESTART': '/lfs/h2/emc/ptmp/emc.global/RETRO_GFSv17/comroot/retrotestgfs10/gdas.20241124/18//model/ocean/restart', 'COMOUT_CONF': '/lfs/h2/emc/ptmp/emc.global/RETRO_GFSv17/comroot/retrotestgfs10/gdas.20241124/18//conf', 'COM_SNOW_ANALYSIS_TMPL': '${ROTDIR}/${RUN}.${YMD}/${HH}/${MEMDIR}/analysis/snow', 'COMIN_ATMOS_GENESIS': '/lfs/h2/emc/ptmp/emc.global/RETRO_GFSv17/comroot/retrotestgfs10/gdas.20241124/18//products/atmos/cyclone/genesis_vital', 'COM_ATMOS_RADMON_TMPL': '${ROTDIR}/${RUN}.${YMD}/${HH}/${MEMDIR}/products/atmos/radmon', 'COM_ICE_GRIB_TMPL': '${ROTDIR}/${RUN}.${YMD}/${HH}/${MEMDIR}/products/ice/grib2', 'COM_RTOFS_TMPL': '${DMPDIR}', 'COM_ATMOS_GRIB_GRID_TMPL': '${ROTDIR}/${RUN}.${YMD}/${HH}/${MEMDIR}/products/atmos/grib2/${GRID}', 'COMIN_CHEM_HISTORY': '/lfs/h2/emc/ptmp/emc.global/RETRO_GFSv17/comroot/retrotestgfs10/gdas.20241124/18//model/chem/history', 'COMIN_ATMOS_INPUT': '/lfs/h2/emc/ptmp/emc.global/RETRO_GFSv17/comroot/retrotestgfs10/gdas.20241124/18//model/atmos/input', 'COM_ICE_RESTART_TMPL': '${ROTDIR}/${RUN}.${YMD}/${HH}/${MEMDIR}/model/ice/restart', 'COM_ICE_ANLMON_TMPL': '${ROTDIR}/${RUN}.${YMD}/${HH}/${MEMDIR}/products/ice/anlmon', 'COM_SNOW_ANLMON_TMPL': '${ROTDIR}/${RUN}.${YMD}/${HH}/${MEMDIR}/products/snow/anlmon', 'COMIN_OCEAN_HISTORY': '/lfs/h2/emc/ptmp/emc.global/RETRO_GFSv17/comroot/retrotestgfs10/gdas.20241124/18//model/ocean/history', 'COM_ICE_NETCDF_TMPL': '${ROTDIR}/${RUN}.${YMD}/${HH}/${MEMDIR}/products/ice/netcdf', 'COMIN_TOP': '/lfs/h2/emc/ptmp/emc.global/RETRO_GFSv17/comroot/retrotestgfs10/gdas.20241124/18', 'COM_ATMOS_GRIB_TMPL': '${ROTDIR}/${RUN}.${YMD}/${HH}/${MEMDIR}/products/atmos/grib2', 'COM_ICE_LETKF_TMPL': '${ROTDIR}/${RUN}.${YMD}/${HH}/${MEMDIR}/analysis/ice/letkf', 'COM_WAVE_RESTART_TMPL': '${ROTDIR}/${RUN}.${YMD}/${HH}/${MEMDIR}/model/wave/restart', 'COM_ATMOS_RESTART_TMPL': '${ROTDIR}/${RUN}.${YMD}/${HH}/${MEMDIR}/model/atmos/restart', 'COM_ATMOS_BUFR_TMPL': '${ROTDIR}/${RUN}.${YMD}/${HH}/${MEMDIR}/products/atmos/bufr', 'COMIN_WAVE_GRID_arctic_9km': '/lfs/h2/emc/ptmp/emc.global/RETRO_GFSv17/comroot/retrotestgfs10/gdas.20241124/18//products/wave/gridded/arctic.9km', 'COM_WAVE_PREP_TMPL': '${ROTDIR}/${RUN}.${YMD}/${HH}/${MEMDIR}/model/wave/prep', 'COMIN_ATMOS_GEMPAK': '/lfs/h2/emc/ptmp/emc.global/RETRO_GFSv17/comroot/retrotestgfs10/gdas.20241124/18//products/atmos/gempak/', 'COM_CHEM_HISTORY_TMPL': '${ROTDIR}/${RUN}.${YMD}/${HH}/${MEMDIR}/model/chem/history', 'COM_OBSPROC_TMPL': '${DMPDIR}/${RUN}${DUMP_SUFFIX}.${YMD}/${HH}/atmos', 'COMIN_WAVE_GRID_gsouth_0p25': '/lfs/h2/emc/ptmp/emc.global/RETRO_GFSv17/comroot/retrotestgfs10/gdas.20241124/18//products/wave/gridded/gsouth.0p25', 'COMIN_WAVE_STATION': '/lfs/h2/emc/ptmp/emc.global/RETRO_GFSv17/comroot/retrotestgfs10/gdas.20241124/18//products/wave/station', 'COM_OBS_JEDI': '${ROTDIR}/${RUN}.${YMD}/${HH}/${MEMDIR}/obs_jedi', 'COMIN_ATMOS_RESTART': '/lfs/h2/emc/ptmp/emc.global/RETRO_GFSv17/comroot/retrotestgfs10/gdas.20241124/18//model/atmos/restart', 'COM_WAVE_GEMPAK_TMPL': '${ROTDIR}/${RUN}.${YMD}/${HH}/${MEMDIR}/products/wave/gempak', 'COM_OCEAN_LETKF_TMPL': '${ROTDIR}/${RUN}.${YMD}/${HH}/${MEMDIR}/analysis/ocean/letkf', 'COMIN_WAVE_GRID_wcoast_0p16': '/lfs/h2/emc/ptmp/emc.global/RETRO_GFSv17/comroot/retrotestgfs10/gdas.20241124/18//products/wave/gridded/wcoast.0p16', 'COMIN_WAVE_GRID_global_0p50': '/lfs/h2/emc/ptmp/emc.global/RETRO_GFSv17/comroot/retrotestgfs10/gdas.20241124/18//products/wave/gridded/global.0p50', 'COMIN_CONF': '/lfs/h2/emc/ptmp/emc.global/RETRO_GFSv17/comroot/retrotestgfs10/gdas.20241124/18//conf', 'COMIN_ATMOS_RADMON': '/lfs/h2/emc/ptmp/emc.global/RETRO_GFSv17/comroot/retrotestgfs10/gdas.20241124/18//products/atmos/radmon', 'COM_ICE_ANALYSIS_TMPL': '${ROTDIR}/${RUN}.${YMD}/${HH}/${MEMDIR}/analysis/ice', 'COMIN_WAVE_GRID_global_0p25': '/lfs/h2/emc/ptmp/emc.global/RETRO_GFSv17/comroot/retrotestgfs10/gdas.20241124/18//products/wave/gridded/global.0p25', 'COMIN_ATMOS_GRIB_0p50': '/lfs/h2/emc/ptmp/emc.global/RETRO_GFSv17/comroot/retrotestgfs10/gdas.20241124/18//products/atmos/grib2/0p50', 'COMIN_ICE_HISTORY': '/lfs/h2/emc/ptmp/emc.global/RETRO_GFSv17/comroot/retrotestgfs10/gdas.20241124/18//model/ice/history', 'COMIN_WAVE_GRID_epacif_0p16': '/lfs/h2/emc/ptmp/emc.global/RETRO_GFSv17/comroot/retrotestgfs10/gdas.20241124/18//products/wave/gridded/epacif.0p16', 'COMIN_SNOW_ANALYSIS': '/lfs/h2/emc/ptmp/emc.global/RETRO_GFSv17/comroot/retrotestgfs10/gdas.20241124/18//analysis/snow', 'COM_ATMOS_ANLMON_TMPL': '${ROTDIR}/${RUN}.${YMD}/${HH}/${MEMDIR}/products/atmos/anlmon', 'COMIN_ATMOS_BUFR': '/lfs/h2/emc/ptmp/emc.global/RETRO_GFSv17/comroot/retrotestgfs10/gdas.20241124/18//products/atmos/bufr', 'COM_CHEM_BMAT_TMPL': '${ROTDIR}/${RUN}.${YMD}/${HH}/${MEMDIR}/analysis/chem/bmatrix', 'COM_WAVE_HISTORY_TMPL': '${ROTDIR}/${RUN}.${YMD}/${HH}/${MEMDIR}/model/wave/history', 'COMIN_MED_RESTART': '/lfs/h2/emc/ptmp/emc.global/RETRO_GFSv17/comroot/retrotestgfs10/gdas.20241124/18//model/med/restart', 'COMIN_WAVE_RESTART': '/lfs/h2/emc/ptmp/emc.global/RETRO_GFSv17/comroot/retrotestgfs10/gdas.20241124/18//model/wave/restart', 'COMIN_ICE_BMATRIX': '/lfs/h2/emc/ptmp/emc.global/RETRO_GFSv17/comroot/retrotestgfs10/gdas.20241124/18//bmatrix/ice', 'COM_OBS_TMPL': '${ROTDIR}/${RUN}.${YMD}/${HH}/obs', 'COM_ATMOS_ANALYSIS_TMPL': '${ROTDIR}/${RUN}.${YMD}/${HH}/${MEMDIR}/analysis/atmos', 'COM_WAVE_WMO_TMPL': '${ROTDIR}/${RUN}.${YMD}/${HH}/${MEMDIR}/products/wave/wmo', 'COM_ATMOS_MASTER_TMPL': '${ROTDIR}/${RUN}.${YMD}/${HH}/${MEMDIR}/model/atmos/master', 'COMIN_ATMOS_MASTER': '/lfs/h2/emc/ptmp/emc.global/RETRO_GFSv17/comroot/retrotestgfs10/gdas.20241124/18//model/atmos/master', 'COMIN_ATMOS_GRIB_0p25': '/lfs/h2/emc/ptmp/emc.global/RETRO_GFSv17/comroot/retrotestgfs10/gdas.20241124/18//products/atmos/grib2/0p25', 'COM_ICE_HISTORY_TMPL': '${ROTDIR}/${RUN}.${YMD}/${HH}/${MEMDIR}/model/ice/history', 'COM_OCEAN_RESTART_TMPL': '${ROTDIR}/${RUN}.${YMD}/${HH}/${MEMDIR}/model/ocean/restart', 'COM_ICE_BMATRIX_TMPL': '${ROTDIR}/${RUN}.${YMD}/${HH}/${MEMDIR}/bmatrix/ice', 'COM_ATMOS_GEMPAK_TMPL': '${ROTDIR}/${RUN}.${YMD}/${HH}/${MEMDIR}/products/atmos/gempak/${GRID}', 'COM_TOP_TMPL': '${ROTDIR}/${RUN}.${YMD}/${HH}', 'COM_OCEAN_NETCDF_TMPL': '${ROTDIR}/${RUN}.${YMD}/${HH}/${MEMDIR}/products/ocean/netcdf', 'COMIN_ICE_RESTART': '/lfs/h2/emc/ptmp/emc.global/RETRO_GFSv17/comroot/retrotestgfs10/gdas.20241124/18//model/ice/restart', 'COMIN_WAVE_HISTORY': '/lfs/h2/emc/ptmp/emc.global/RETRO_GFSv17/comroot/retrotestgfs10/gdas.20241124/18//model/wave/history', 'COM_CHEM_ANALYSIS_TMPL': '${ROTDIR}/${RUN}.${YMD}/${HH}/${MEMDIR}/analysis/chem', 'COM_WAVE_GRID_RES_TMPL': '${ROTDIR}/${RUN}.${YMD}/${HH}/${MEMDIR}/products/wave/gridded/${GRDRESNAME}', 'COMIN_ATMOS_TRACK': '/lfs/h2/emc/ptmp/emc.global/RETRO_GFSv17/comroot/retrotestgfs10/gdas.20241124/18//products/atmos/cyclone/tracks', 'COM_OCEAN_ANALYSIS_TMPL': '${ROTDIR}/${RUN}.${YMD}/${HH}/${MEMDIR}/analysis/ocean', 'COM_ATMOS_HISTORY_TMPL': '${ROTDIR}/${RUN}.${YMD}/${HH}/${MEMDIR}/model/atmos/history', 'COM_OCEAN_BMATRIX_TMPL': '${ROTDIR}/${RUN}.${YMD}/${HH}/${MEMDIR}/bmatrix/ocean', 'COMIN_ATMOS_MINMON': '/lfs/h2/emc/ptmp/emc.global/RETRO_GFSv17/comroot/retrotestgfs10/gdas.20241124/18//products/atmos/minmon', 'COMIN_OCEAN_BMATRIX': '/lfs/h2/emc/ptmp/emc.global/RETRO_GFSv17/comroot/retrotestgfs10/gdas.20241124/18//bmatrix/ocean', 'COM_ATMOS_GOES_TMPL': '${ROTDIR}/${RUN}.${YMD}/${HH}/${MEMDIR}/products/atmos/goes_sim', 'COMOUT_ATMOS_TRACK': '/lfs/h2/emc/ptmp/emc.global/RETRO_GFSv17/comroot/retrotestgfs10/gdas.20241124/18//products/atmos/cyclone/tracks', 'COM_ATMOS_MINMON_TMPL': '${ROTDIR}/${RUN}.${YMD}/${HH}/${MEMDIR}/products/atmos/minmon', 'COMIN_ICE_INPUT': '/lfs/h2/emc/ptmp/emc.global/RETRO_GFSv17/comroot/retrotestgfs10/gdas.20241124/18//model/ice/input', 'COMIN_ATMOS_GRIB_1p00': '/lfs/h2/emc/ptmp/emc.global/RETRO_GFSv17/comroot/retrotestgfs10/gdas.20241124/18//products/atmos/grib2/1p00', 'COM_ATMOS_IMAGERY_TMPL': '${ROTDIR}/${RUN}.${YMD}/${HH}/${MEMDIR}/products/atmos/imagery', 'COMIN_ATMOS_WMO': '/lfs/h2/emc/ptmp/emc.global/RETRO_GFSv17/comroot/retrotestgfs10/gdas.20241124/18//products/atmos/wmo', 'COMIN_CHEM_ANALYSIS': '/lfs/h2/emc/ptmp/emc.global/RETRO_GFSv17/comroot/retrotestgfs10/gdas.20241124/18//analysis/chem', 'COM_ICE_INPUT_TMPL': '${ROTDIR}/${RUN}.${YMD}/${HH}/${MEMDIR}/model/ice/input', 'COM_OCEAN_GRIB_GRID_TMPL': '${ROTDIR}/${RUN}.${YMD}/${HH}/${MEMDIR}/products/ocean/grib2/${GRID}', 'COM_WAVE_GRID_TMPL': '${ROTDIR}/${RUN}.${YMD}/${HH}/${MEMDIR}/products/wave/gridded', 'COMIN_ATMOS_ANALYSIS': '/lfs/h2/emc/ptmp/emc.global/RETRO_GFSv17/comroot/retrotestgfs10/gdas.20241124/18//analysis/atmos', 'COM_OCEAN_INPUT_TMPL': '${ROTDIR}/${RUN}.${YMD}/${HH}/${MEMDIR}/model/ocean/input', 'COMIN_OCEAN_ANALYSIS': '/lfs/h2/emc/ptmp/emc.global/RETRO_GFSv17/comroot/retrotestgfs10/gdas.20241124/18//analysis/ocean', 'COMIN_ATMOS_OZNMON': '/lfs/h2/emc/ptmp/emc.global/RETRO_GFSv17/comroot/retrotestgfs10/gdas.20241124/18//products/atmos/oznmon', 'COMIN_WAVE_GRID_global_0p16': '/lfs/h2/emc/ptmp/emc.global/RETRO_GFSv17/comroot/retrotestgfs10/gdas.20241124/18//products/wave/gridded/global.0p16', 'COMIN_ICE_ANALYSIS': '/lfs/h2/emc/ptmp/emc.global/RETRO_GFSv17/comroot/retrotestgfs10/gdas.20241124/18//analysis/ice', 'COMIN_OCEAN_GRIB': '/lfs/h2/emc/ptmp/emc.global/RETRO_GFSv17/comroot/retrotestgfs10/gdas.20241124/18//products/ocean/grib2', 'COM_ICE_GRIB_GRID_TMPL': '${ROTDIR}/${RUN}.${YMD}/${HH}/${MEMDIR}/products/ice/grib2/${GRID}', 'COM_ATMOS_INPUT_TMPL': '${ROTDIR}/${RUN}.${YMD}/${HH}/${MEMDIR}/model/atmos/input', 'COM_MED_RESTART_TMPL': '${ROTDIR}/${RUN}.${YMD}/${HH}/${MEMDIR}/model/med/restart', 'COM_ATMOS_OZNMON_TMPL': '${ROTDIR}/${RUN}.${YMD}/${HH}/${MEMDIR}/products/atmos/oznmon', 'COM_ATMOS_WMO_TMPL': '${ROTDIR}/${RUN}.${YMD}/${HH}/${MEMDIR}/products/atmos/wmo', 'COMIN_ATMOS_HISTORY': '/lfs/h2/emc/ptmp/emc.global/RETRO_GFSv17/comroot/retrotestgfs10/gdas.20241124/18//model/atmos/history', 'COM_OCEAN_GRIB_TMPL': '${ROTDIR}/${RUN}.${YMD}/${HH}/${MEMDIR}/products/ocean/grib2', 'COMIN_OCEAN_NETCDF': '/lfs/h2/emc/ptmp/emc.global/RETRO_GFSv17/comroot/retrotestgfs10/gdas.20241124/18//products/ocean/netcdf', 'COM_OCEAN_ANLMON_TMPL': '${ROTDIR}/${RUN}.${YMD}/${HH}/${MEMDIR}/products/ocean/anlmon', 'COMIN_WAVE_GRID_atlocn_0p16': '/lfs/h2/emc/ptmp/emc.global/RETRO_GFSv17/comroot/retrotestgfs10/gdas.20241124/18//products/wave/gridded/atlocn.0p16', 'COM_CHEM_ANLMON_TMPL': '${ROTDIR}/${RUN}.${YMD}/${HH}/${MEMDIR}/products/chem/anlmon', 'COM_ATMOS_GENESIS_TMPL': '${ROTDIR}/${RUN}.${YMD}/${HH}/${MEMDIR}/products/atmos/cyclone/genesis_vital', 'COMIN_ICE_GRIB': '/lfs/h2/emc/ptmp/emc.global/RETRO_GFSv17/comroot/retrotestgfs10/gdas.20241124/18//products/ice/grib2', 'COM_WAVE_STATION_TMPL': '${ROTDIR}/${RUN}.${YMD}/${HH}/${MEMDIR}/products/wave/station', 'COMIN_OBS': '/lfs/h2/emc/ptmp/emc.global/RETRO_GFSv17/comroot/retrotestgfs10/gdas.20241124/18/obs', 'COM_CONF_TMPL': '${ROTDIR}/${RUN}.${YMD}/${HH}/${MEMDIR}/conf', 'COM_ATMOS_TRACK_TMPL': '${ROTDIR}/${RUN}.${YMD}/${HH}/${MEMDIR}/products/atmos/cyclone/tracks', 'COM_OCEAN_HISTORY_TMPL': '${ROTDIR}/${RUN}.${YMD}/${HH}/${MEMDIR}/model/ocean/history'} )[0m
[38;21m2025-06-16 20:47:04,957 - INFO     - archive     :   END: pygfs.task.archive._rename_cyclone_expt[0m
[38;5;39m2025-06-16 20:47:04,957 - DEBUG    - archive     :  returning: None[0m
[38;21m2025-06-16 20:47:04,964 - INFO     - archive     : BEGIN: pygfs.task.archive._archive_expdir[0m
[38;5;39m2025-06-16 20:47:04,964 - DEBUG    - archive     : ( <pygfs.task.archive.Archive object at 0x14e86eb8dd30>, {'ATARDIR': '/5year/NCEPDEV/emc-global/emc.glopara/WCOSS2/GFSv17/retrotestgfs10', 'current_cycle': datetime.datetime(2024, 11, 24, 18, 0), 'FHMIN': 0, 'FHMAX': 9, 'FHOUT': 1, 'RUN': 'gdas', 'PDY': datetime.datetime(2024, 11, 24, 0, 0), 'DO_VERFRAD': True, 'DO_VMINMON': True, 'DO_VERFOZN': True, 'DO_ICE': True, 'DO_PREP_OBS_AERO': False, 'PARMgfs': '/lfs/h2/emc/global/noscrub/emc.global/RETRO_GFSv17/git/global-workflow/develop_20250602/parm', 'DO_OCN': True, 'DO_WAVE': True, 'WRITE_DOPOST': True, 'PSLOT': 'retrotestgfs10', 'DO_JEDISNOWDA': True, 'DO_ARCHCOM': True, 'ARCHCOM_TO': 'hpss', 'ROTDIR': '/lfs/h2/emc/ptmp/emc.global/RETRO_GFSv17/comroot/retrotestgfs10', 'ARCH_WARMICFREQ': 4, 'ARCH_FCSTICFREQ': 1, 'ARCH_CYC': 0, 'assim_freq': 6, 'ARCDIR': '/lfs/h2/emc/global/noscrub/emc.global/RETRO_GFSv17/archive/retrotestgfs10', 'SDATE': datetime.datetime(2024, 11, 15, 6, 0), 'FHMIN_GFS': 0, 'FHMAX_GFS': 384, 'FHOUT_GFS': 3, 'ARCH_GAUSSIAN': True, 'MODE': 'cycled', 'FHOUT_OCN': 3, 'FHOUT_ICE': 3, 'FHOUT_OCN_GFS': 6, 'FHOUT_ICE_GFS': 6, 'DO_BUFRSND': False, 'DOHYBVAR': True, 'ARCH_GAUSSIAN_FHMAX': 384, 'ARCH_GAUSSIAN_FHINC': 3, 'DOIAU': True, 'OCNRES': '025', 'ICERES': '025', 'NUM_SND_COLLECTIVES': 9, 'FHOUT_WAV': 3, 'FHOUT_HF_WAV': 1, 'FHMAX_WAV': 9, 'FHMAX_HF_WAV': 120, 'FHMAX_WAV_GFS': 384, 'restart_interval_gdas': 3, 'restart_interval_gfs': 12, 'DO_AERO_ANL': False, 'DO_AERO_FCST': False, 'DO_CA': True, 'DOIBP_WAV': False, 'DO_JEDIOCNVAR': True, 'DOHYBVAR_OCN': True, 'DOLETKF_OCN': False, 'NMEM_ENS': 80, 'DO_JEDIATMVAR': False, 'FHMAX_FITS': 132, 'waveGRD': 'uglo_15km', 'IAUFHRS': [3, 6, 9], 'DO_FIT2OBS': True, 'NET': 'gfs', 'FHOUT_HF_GFS': 1, 'FHMAX_HF_GFS': 120, 'REPLAY_ICS': False, 'OFFSET_START_HOUR': 0, 'ARCH_EXPDIR': True, 'EXPDIR': '/lfs/h2/emc/global/noscrub/emc.global/RETRO_GFSv17/expdir/retrotestgfs10', 'ARCH_EXPDIR_FREQ': 0, 'ARCH_HASHES': True, 'ARCH_DIFFS': False, 'EDATE': datetime.datetime(2025, 1, 16, 0, 0), 'HOMEgfs': '/lfs/h2/emc/global/noscrub/emc.global/RETRO_GFSv17/git/global-workflow/develop_20250602', 'DO_GEMPAK': False, 'DATASETS_YAML': None, 'WAVE_OUT_GRIDS': 'global.0p25 atlocn.0p16 epacif.0p16 wcoast.0p16 global.0p50 arctic.9km global.0p16 gsouth.0p25', 'COMIN_WAVE_GRID': '/lfs/h2/emc/ptmp/emc.global/RETRO_GFSv17/comroot/retrotestgfs10/gdas.20241124/18//products/wave/gridded', 'COMIN_OCEAN_RESTART': '/lfs/h2/emc/ptmp/emc.global/RETRO_GFSv17/comroot/retrotestgfs10/gdas.20241124/18//model/ocean/restart', 'COMOUT_CONF': '/lfs/h2/emc/ptmp/emc.global/RETRO_GFSv17/comroot/retrotestgfs10/gdas.20241124/18//conf', 'COM_SNOW_ANALYSIS_TMPL': '${ROTDIR}/${RUN}.${YMD}/${HH}/${MEMDIR}/analysis/snow', 'COMIN_ATMOS_GENESIS': '/lfs/h2/emc/ptmp/emc.global/RETRO_GFSv17/comroot/retrotestgfs10/gdas.20241124/18//products/atmos/cyclone/genesis_vital', 'COM_ATMOS_RADMON_TMPL': '${ROTDIR}/${RUN}.${YMD}/${HH}/${MEMDIR}/products/atmos/radmon', 'COM_ICE_GRIB_TMPL': '${ROTDIR}/${RUN}.${YMD}/${HH}/${MEMDIR}/products/ice/grib2', 'COM_RTOFS_TMPL': '${DMPDIR}', 'COM_ATMOS_GRIB_GRID_TMPL': '${ROTDIR}/${RUN}.${YMD}/${HH}/${MEMDIR}/products/atmos/grib2/${GRID}', 'COMIN_CHEM_HISTORY': '/lfs/h2/emc/ptmp/emc.global/RETRO_GFSv17/comroot/retrotestgfs10/gdas.20241124/18//model/chem/history', 'COMIN_ATMOS_INPUT': '/lfs/h2/emc/ptmp/emc.global/RETRO_GFSv17/comroot/retrotestgfs10/gdas.20241124/18//model/atmos/input', 'COM_ICE_RESTART_TMPL': '${ROTDIR}/${RUN}.${YMD}/${HH}/${MEMDIR}/model/ice/restart', 'COM_ICE_ANLMON_TMPL': '${ROTDIR}/${RUN}.${YMD}/${HH}/${MEMDIR}/products/ice/anlmon', 'COM_SNOW_ANLMON_TMPL': '${ROTDIR}/${RUN}.${YMD}/${HH}/${MEMDIR}/products/snow/anlmon', 'COMIN_OCEAN_HISTORY': '/lfs/h2/emc/ptmp/emc.global/RETRO_GFSv17/comroot/retrotestgfs10/gdas.20241124/18//model/ocean/history', 'COM_ICE_NETCDF_TMPL': '${ROTDIR}/${RUN}.${YMD}/${HH}/${MEMDIR}/products/ice/netcdf', 'COMIN_TOP': '/lfs/h2/emc/ptmp/emc.global/RETRO_GFSv17/comroot/retrotestgfs10/gdas.20241124/18', 'COM_ATMOS_GRIB_TMPL': '${ROTDIR}/${RUN}.${YMD}/${HH}/${MEMDIR}/products/atmos/grib2', 'COM_ICE_LETKF_TMPL': '${ROTDIR}/${RUN}.${YMD}/${HH}/${MEMDIR}/analysis/ice/letkf', 'COM_WAVE_RESTART_TMPL': '${ROTDIR}/${RUN}.${YMD}/${HH}/${MEMDIR}/model/wave/restart', 'COM_ATMOS_RESTART_TMPL': '${ROTDIR}/${RUN}.${YMD}/${HH}/${MEMDIR}/model/atmos/restart', 'COM_ATMOS_BUFR_TMPL': '${ROTDIR}/${RUN}.${YMD}/${HH}/${MEMDIR}/products/atmos/bufr', 'COMIN_WAVE_GRID_arctic_9km': '/lfs/h2/emc/ptmp/emc.global/RETRO_GFSv17/comroot/retrotestgfs10/gdas.20241124/18//products/wave/gridded/arctic.9km', 'COM_WAVE_PREP_TMPL': '${ROTDIR}/${RUN}.${YMD}/${HH}/${MEMDIR}/model/wave/prep', 'COMIN_ATMOS_GEMPAK': '/lfs/h2/emc/ptmp/emc.global/RETRO_GFSv17/comroot/retrotestgfs10/gdas.20241124/18//products/atmos/gempak/', 'COM_CHEM_HISTORY_TMPL': '${ROTDIR}/${RUN}.${YMD}/${HH}/${MEMDIR}/model/chem/history', 'COM_OBSPROC_TMPL': '${DMPDIR}/${RUN}${DUMP_SUFFIX}.${YMD}/${HH}/atmos', 'COMIN_WAVE_GRID_gsouth_0p25': '/lfs/h2/emc/ptmp/emc.global/RETRO_GFSv17/comroot/retrotestgfs10/gdas.20241124/18//products/wave/gridded/gsouth.0p25', 'COMIN_WAVE_STATION': '/lfs/h2/emc/ptmp/emc.global/RETRO_GFSv17/comroot/retrotestgfs10/gdas.20241124/18//products/wave/station', 'COM_OBS_JEDI': '${ROTDIR}/${RUN}.${YMD}/${HH}/${MEMDIR}/obs_jedi', 'COMIN_ATMOS_RESTART': '/lfs/h2/emc/ptmp/emc.global/RETRO_GFSv17/comroot/retrotestgfs10/gdas.20241124/18//model/atmos/restart', 'COM_WAVE_GEMPAK_TMPL': '${ROTDIR}/${RUN}.${YMD}/${HH}/${MEMDIR}/products/wave/gempak', 'COM_OCEAN_LETKF_TMPL': '${ROTDIR}/${RUN}.${YMD}/${HH}/${MEMDIR}/analysis/ocean/letkf', 'COMIN_WAVE_GRID_wcoast_0p16': '/lfs/h2/emc/ptmp/emc.global/RETRO_GFSv17/comroot/retrotestgfs10/gdas.20241124/18//products/wave/gridded/wcoast.0p16', 'COMIN_WAVE_GRID_global_0p50': '/lfs/h2/emc/ptmp/emc.global/RETRO_GFSv17/comroot/retrotestgfs10/gdas.20241124/18//products/wave/gridded/global.0p50', 'COMIN_CONF': '/lfs/h2/emc/ptmp/emc.global/RETRO_GFSv17/comroot/retrotestgfs10/gdas.20241124/18//conf', 'COMIN_ATMOS_RADMON': '/lfs/h2/emc/ptmp/emc.global/RETRO_GFSv17/comroot/retrotestgfs10/gdas.20241124/18//products/atmos/radmon', 'COM_ICE_ANALYSIS_TMPL': '${ROTDIR}/${RUN}.${YMD}/${HH}/${MEMDIR}/analysis/ice', 'COMIN_WAVE_GRID_global_0p25': '/lfs/h2/emc/ptmp/emc.global/RETRO_GFSv17/comroot/retrotestgfs10/gdas.20241124/18//products/wave/gridded/global.0p25', 'COMIN_ATMOS_GRIB_0p50': '/lfs/h2/emc/ptmp/emc.global/RETRO_GFSv17/comroot/retrotestgfs10/gdas.20241124/18//products/atmos/grib2/0p50', 'COMIN_ICE_HISTORY': '/lfs/h2/emc/ptmp/emc.global/RETRO_GFSv17/comroot/retrotestgfs10/gdas.20241124/18//model/ice/history', 'COMIN_WAVE_GRID_epacif_0p16': '/lfs/h2/emc/ptmp/emc.global/RETRO_GFSv17/comroot/retrotestgfs10/gdas.20241124/18//products/wave/gridded/epacif.0p16', 'COMIN_SNOW_ANALYSIS': '/lfs/h2/emc/ptmp/emc.global/RETRO_GFSv17/comroot/retrotestgfs10/gdas.20241124/18//analysis/snow', 'COM_ATMOS_ANLMON_TMPL': '${ROTDIR}/${RUN}.${YMD}/${HH}/${MEMDIR}/products/atmos/anlmon', 'COMIN_ATMOS_BUFR': '/lfs/h2/emc/ptmp/emc.global/RETRO_GFSv17/comroot/retrotestgfs10/gdas.20241124/18//products/atmos/bufr', 'COM_CHEM_BMAT_TMPL': '${ROTDIR}/${RUN}.${YMD}/${HH}/${MEMDIR}/analysis/chem/bmatrix', 'COM_WAVE_HISTORY_TMPL': '${ROTDIR}/${RUN}.${YMD}/${HH}/${MEMDIR}/model/wave/history', 'COMIN_MED_RESTART': '/lfs/h2/emc/ptmp/emc.global/RETRO_GFSv17/comroot/retrotestgfs10/gdas.20241124/18//model/med/restart', 'COMIN_WAVE_RESTART': '/lfs/h2/emc/ptmp/emc.global/RETRO_GFSv17/comroot/retrotestgfs10/gdas.20241124/18//model/wave/restart', 'COMIN_ICE_BMATRIX': '/lfs/h2/emc/ptmp/emc.global/RETRO_GFSv17/comroot/retrotestgfs10/gdas.20241124/18//bmatrix/ice', 'COM_OBS_TMPL': '${ROTDIR}/${RUN}.${YMD}/${HH}/obs', 'COM_ATMOS_ANALYSIS_TMPL': '${ROTDIR}/${RUN}.${YMD}/${HH}/${MEMDIR}/analysis/atmos', 'COM_WAVE_WMO_TMPL': '${ROTDIR}/${RUN}.${YMD}/${HH}/${MEMDIR}/products/wave/wmo', 'COM_ATMOS_MASTER_TMPL': '${ROTDIR}/${RUN}.${YMD}/${HH}/${MEMDIR}/model/atmos/master', 'COMIN_ATMOS_MASTER': '/lfs/h2/emc/ptmp/emc.global/RETRO_GFSv17/comroot/retrotestgfs10/gdas.20241124/18//model/atmos/master', 'COMIN_ATMOS_GRIB_0p25': '/lfs/h2/emc/ptmp/emc.global/RETRO_GFSv17/comroot/retrotestgfs10/gdas.20241124/18//products/atmos/grib2/0p25', 'COM_ICE_HISTORY_TMPL': '${ROTDIR}/${RUN}.${YMD}/${HH}/${MEMDIR}/model/ice/history', 'COM_OCEAN_RESTART_TMPL': '${ROTDIR}/${RUN}.${YMD}/${HH}/${MEMDIR}/model/ocean/restart', 'COM_ICE_BMATRIX_TMPL': '${ROTDIR}/${RUN}.${YMD}/${HH}/${MEMDIR}/bmatrix/ice', 'COM_ATMOS_GEMPAK_TMPL': '${ROTDIR}/${RUN}.${YMD}/${HH}/${MEMDIR}/products/atmos/gempak/${GRID}', 'COM_TOP_TMPL': '${ROTDIR}/${RUN}.${YMD}/${HH}', 'COM_OCEAN_NETCDF_TMPL': '${ROTDIR}/${RUN}.${YMD}/${HH}/${MEMDIR}/products/ocean/netcdf', 'COMIN_ICE_RESTART': '/lfs/h2/emc/ptmp/emc.global/RETRO_GFSv17/comroot/retrotestgfs10/gdas.20241124/18//model/ice/restart', 'COMIN_WAVE_HISTORY': '/lfs/h2/emc/ptmp/emc.global/RETRO_GFSv17/comroot/retrotestgfs10/gdas.20241124/18//model/wave/history', 'COM_CHEM_ANALYSIS_TMPL': '${ROTDIR}/${RUN}.${YMD}/${HH}/${MEMDIR}/analysis/chem', 'COM_WAVE_GRID_RES_TMPL': '${ROTDIR}/${RUN}.${YMD}/${HH}/${MEMDIR}/products/wave/gridded/${GRDRESNAME}', 'COMIN_ATMOS_TRACK': '/lfs/h2/emc/ptmp/emc.global/RETRO_GFSv17/comroot/retrotestgfs10/gdas.20241124/18//products/atmos/cyclone/tracks', 'COM_OCEAN_ANALYSIS_TMPL': '${ROTDIR}/${RUN}.${YMD}/${HH}/${MEMDIR}/analysis/ocean', 'COM_ATMOS_HISTORY_TMPL': '${ROTDIR}/${RUN}.${YMD}/${HH}/${MEMDIR}/model/atmos/history', 'COM_OCEAN_BMATRIX_TMPL': '${ROTDIR}/${RUN}.${YMD}/${HH}/${MEMDIR}/bmatrix/ocean', 'COMIN_ATMOS_MINMON': '/lfs/h2/emc/ptmp/emc.global/RETRO_GFSv17/comroot/retrotestgfs10/gdas.20241124/18//products/atmos/minmon', 'COMIN_OCEAN_BMATRIX': '/lfs/h2/emc/ptmp/emc.global/RETRO_GFSv17/comroot/retrotestgfs10/gdas.20241124/18//bmatrix/ocean', 'COM_ATMOS_GOES_TMPL': '${ROTDIR}/${RUN}.${YMD}/${HH}/${MEMDIR}/products/atmos/goes_sim', 'COMOUT_ATMOS_TRACK': '/lfs/h2/emc/ptmp/emc.global/RETRO_GFSv17/comroot/retrotestgfs10/gdas.20241124/18//products/atmos/cyclone/tracks', 'COM_ATMOS_MINMON_TMPL': '${ROTDIR}/${RUN}.${YMD}/${HH}/${MEMDIR}/products/atmos/minmon', 'COMIN_ICE_INPUT': '/lfs/h2/emc/ptmp/emc.global/RETRO_GFSv17/comroot/retrotestgfs10/gdas.20241124/18//model/ice/input', 'COMIN_ATMOS_GRIB_1p00': '/lfs/h2/emc/ptmp/emc.global/RETRO_GFSv17/comroot/retrotestgfs10/gdas.20241124/18//products/atmos/grib2/1p00', 'COM_ATMOS_IMAGERY_TMPL': '${ROTDIR}/${RUN}.${YMD}/${HH}/${MEMDIR}/products/atmos/imagery', 'COMIN_ATMOS_WMO': '/lfs/h2/emc/ptmp/emc.global/RETRO_GFSv17/comroot/retrotestgfs10/gdas.20241124/18//products/atmos/wmo', 'COMIN_CHEM_ANALYSIS': '/lfs/h2/emc/ptmp/emc.global/RETRO_GFSv17/comroot/retrotestgfs10/gdas.20241124/18//analysis/chem', 'COM_ICE_INPUT_TMPL': '${ROTDIR}/${RUN}.${YMD}/${HH}/${MEMDIR}/model/ice/input', 'COM_OCEAN_GRIB_GRID_TMPL': '${ROTDIR}/${RUN}.${YMD}/${HH}/${MEMDIR}/products/ocean/grib2/${GRID}', 'COM_WAVE_GRID_TMPL': '${ROTDIR}/${RUN}.${YMD}/${HH}/${MEMDIR}/products/wave/gridded', 'COMIN_ATMOS_ANALYSIS': '/lfs/h2/emc/ptmp/emc.global/RETRO_GFSv17/comroot/retrotestgfs10/gdas.20241124/18//analysis/atmos', 'COM_OCEAN_INPUT_TMPL': '${ROTDIR}/${RUN}.${YMD}/${HH}/${MEMDIR}/model/ocean/input', 'COMIN_OCEAN_ANALYSIS': '/lfs/h2/emc/ptmp/emc.global/RETRO_GFSv17/comroot/retrotestgfs10/gdas.20241124/18//analysis/ocean', 'COMIN_ATMOS_OZNMON': '/lfs/h2/emc/ptmp/emc.global/RETRO_GFSv17/comroot/retrotestgfs10/gdas.20241124/18//products/atmos/oznmon', 'COMIN_WAVE_GRID_global_0p16': '/lfs/h2/emc/ptmp/emc.global/RETRO_GFSv17/comroot/retrotestgfs10/gdas.20241124/18//products/wave/gridded/global.0p16', 'COMIN_ICE_ANALYSIS': '/lfs/h2/emc/ptmp/emc.global/RETRO_GFSv17/comroot/retrotestgfs10/gdas.20241124/18//analysis/ice', 'COMIN_OCEAN_GRIB': '/lfs/h2/emc/ptmp/emc.global/RETRO_GFSv17/comroot/retrotestgfs10/gdas.20241124/18//products/ocean/grib2', 'COM_ICE_GRIB_GRID_TMPL': '${ROTDIR}/${RUN}.${YMD}/${HH}/${MEMDIR}/products/ice/grib2/${GRID}', 'COM_ATMOS_INPUT_TMPL': '${ROTDIR}/${RUN}.${YMD}/${HH}/${MEMDIR}/model/atmos/input', 'COM_MED_RESTART_TMPL': '${ROTDIR}/${RUN}.${YMD}/${HH}/${MEMDIR}/model/med/restart', 'COM_ATMOS_OZNMON_TMPL': '${ROTDIR}/${RUN}.${YMD}/${HH}/${MEMDIR}/products/atmos/oznmon', 'COM_ATMOS_WMO_TMPL': '${ROTDIR}/${RUN}.${YMD}/${HH}/${MEMDIR}/products/atmos/wmo', 'COMIN_ATMOS_HISTORY': '/lfs/h2/emc/ptmp/emc.global/RETRO_GFSv17/comroot/retrotestgfs10/gdas.20241124/18//model/atmos/history', 'COM_OCEAN_GRIB_TMPL': '${ROTDIR}/${RUN}.${YMD}/${HH}/${MEMDIR}/products/ocean/grib2', 'COMIN_OCEAN_NETCDF': '/lfs/h2/emc/ptmp/emc.global/RETRO_GFSv17/comroot/retrotestgfs10/gdas.20241124/18//products/ocean/netcdf', 'COM_OCEAN_ANLMON_TMPL': '${ROTDIR}/${RUN}.${YMD}/${HH}/${MEMDIR}/products/ocean/anlmon', 'COMIN_WAVE_GRID_atlocn_0p16': '/lfs/h2/emc/ptmp/emc.global/RETRO_GFSv17/comroot/retrotestgfs10/gdas.20241124/18//products/wave/gridded/atlocn.0p16', 'COM_CHEM_ANLMON_TMPL': '${ROTDIR}/${RUN}.${YMD}/${HH}/${MEMDIR}/products/chem/anlmon', 'COM_ATMOS_GENESIS_TMPL': '${ROTDIR}/${RUN}.${YMD}/${HH}/${MEMDIR}/products/atmos/cyclone/genesis_vital', 'COMIN_ICE_GRIB': '/lfs/h2/emc/ptmp/emc.global/RETRO_GFSv17/comroot/retrotestgfs10/gdas.20241124/18//products/ice/grib2', 'COM_WAVE_STATION_TMPL': '${ROTDIR}/${RUN}.${YMD}/${HH}/${MEMDIR}/products/wave/station', 'COMIN_OBS': '/lfs/h2/emc/ptmp/emc.global/RETRO_GFSv17/comroot/retrotestgfs10/gdas.20241124/18/obs', 'COM_CONF_TMPL': '${ROTDIR}/${RUN}.${YMD}/${HH}/${MEMDIR}/conf', 'COM_ATMOS_TRACK_TMPL': '${ROTDIR}/${RUN}.${YMD}/${HH}/${MEMDIR}/products/atmos/cyclone/tracks', 'COM_OCEAN_HISTORY_TMPL': '${ROTDIR}/${RUN}.${YMD}/${HH}/${MEMDIR}/model/ocean/history', 'glob': <function glob at 0x14e878bc5310>, 'path_exists': <function exists at 0x14e878ba1940>} )[0m
[38;21m2025-06-16 20:47:04,964 - INFO     - archive     :   END: pygfs.task.archive._archive_expdir[0m
[38;5;39m2025-06-16 20:47:04,964 - DEBUG    - archive     :  returning: False[0m
[38;21m2025-06-16 20:47:05,342 - INFO     - archive     : BEGIN: pygfs.task.archive._create_fileset[0m
[38;5;39m2025-06-16 20:47:05,343 - DEBUG    - archive     : ( {'name': 'GDAS', 'target': '/5year/NCEPDEV/emc-global/emc.glopara/WCOSS2/GFSv17/retrotestgfs10/2024112418/gdas.tar', 'required': ['logs/2024112418/gdas_atmanlprod.log', 'logs/2024112418/gdas_prep.log', 'logs/2024112418/gdas_anal.log', 'logs/2024112418/gdas_analdiag.log', 'logs/2024112418/gdas_atmanlupp.log', 'logs/2024112418/gdas_prepoceanobs.log', 'logs/2024112418/gdas_marineanlinit.log', 'logs/2024112418/gdas_marinebmat.log', 'logs/2024112418/gdas_marineanlvar.log', 'logs/2024112418/gdas_marineanlfinal.log', 'logs/2024112418/gdas_marineanlchkpt.log', 'logs/2024112418/gdas_ocnanalecen.log', 'logs/2024112418/gdas_snowanl.log', 'gdas.20241124/18/products/atmos/grib2/0p25/gdas.t18z.pgrb2.0p25.anl', 'gdas.20241124/18/products/atmos/grib2/0p25/gdas.t18z.pgrb2.0p25.anl.idx', 'gdas.20241124/18/products/atmos/grib2/1p00/gdas.t18z.pgrb2.1p00.anl', 'gdas.20241124/18/products/atmos/grib2/1p00/gdas.t18z.pgrb2.1p00.anl.idx', 'gdas.20241124/18/analysis/atmos/gdas.t18z.atmanl.nc', 'gdas.20241124/18/analysis/atmos/gdas.t18z.sfcanl.nc', 'gdas.20241124/18/analysis/atmos/gdas.t18z.atmanl.ensres.nc', 'gdas.20241124/18/analysis/atmos/gdas.t18z.atma003.ensres.nc', 'gdas.20241124/18/analysis/atmos/gdas.t18z.atma009.ensres.nc', 'gdas.20241124/18/analysis/atmos/gdas.t18z.gsistat', 'gdas.20241124/18/analysis/atmos/gdas.t18z.cnvstat', 'gdas.20241124/18/analysis/atmos/gdas.t18z.oznstat', 'gdas.20241124/18/analysis/atmos/gdas.t18z.radstat', 'gdas.20241124/18/analysis/atmos/gdas.t18z.abias', 'gdas.20241124/18/analysis/atmos/gdas.t18z.abias_air', 'gdas.20241124/18/analysis/atmos/gdas.t18z.abias_pc', 'gdas.20241124/18/analysis/atmos/gdas.t18z.abias_int', 'gdas.20241124/18/analysis/snow/snowinc.20241124.180000.sfc_data.tile1.nc', 'gdas.20241124/18/analysis/snow/20241124.180000.sfc_data.tile1.nc', 'gdas.20241124/18/analysis/snow/snowinc.20241124.180000.sfc_data.tile2.nc', 'gdas.20241124/18/analysis/snow/20241124.180000.sfc_data.tile2.nc', 'gdas.20241124/18/analysis/snow/snowinc.20241124.180000.sfc_data.tile3.nc', 'gdas.20241124/18/analysis/snow/20241124.180000.sfc_data.tile3.nc', 'gdas.20241124/18/analysis/snow/snowinc.20241124.180000.sfc_data.tile4.nc', 'gdas.20241124/18/analysis/snow/20241124.180000.sfc_data.tile4.nc', 'gdas.20241124/18/analysis/snow/snowinc.20241124.180000.sfc_data.tile5.nc', 'gdas.20241124/18/analysis/snow/20241124.180000.sfc_data.tile5.nc', 'gdas.20241124/18/analysis/snow/snowinc.20241124.180000.sfc_data.tile6.nc', 'gdas.20241124/18/analysis/snow/20241124.180000.sfc_data.tile6.nc', 'gdas.20241124/18/analysis/snow/gdas.t18z.snowstat.tgz', 'gdas.20241124/18/conf/gdas.t18z.snowanlvar.yaml', 'gdas.20241124/18/products/atmos/oznmon/time/bad_cnt.2024112418', 'gdas.20241124/18/products/atmos/oznmon/time/bad_diag.2024112418', 'gdas.20241124/18/products/atmos/oznmon/time/bad_pen.2024112418', 'gdas.20241124/18/products/atmos/oznmon/time/stdout.time.tar.gz', 'gdas.20241124/18/products/atmos/oznmon/horiz/stdout.horiz.tar.gz', 'logs/2024112418/gdas_verfozn.log', 'gdas.20241124/18/products/atmos/radmon/radmon_angle.tar.gz', 'gdas.20241124/18/products/atmos/radmon/radmon_bcoef.tar.gz', 'gdas.20241124/18/products/atmos/radmon/radmon_bcor.tar.gz', 'gdas.20241124/18/products/atmos/radmon/radmon_time.tar.gz', 'logs/2024112418/gdas_verfrad.log', 'gdas.20241124/18/products/atmos/minmon/2024112418.costs.txt', 'gdas.20241124/18/products/atmos/minmon/2024112418.cost_terms.txt', 'gdas.20241124/18/products/atmos/minmon/2024112418.gnorms.ieee_d', 'gdas.20241124/18/products/atmos/minmon/2024112418.reduction.ieee_d', 'gdas.20241124/18/products/atmos/minmon/gnorm_data.txt', 'logs/2024112418/gdas_vminmon.log', 'logs/2024112418/gdas_fcst_seg0.log', 'logs/2024112418/gdas_atmos_prod_f000.log', 'gdas.20241124/18/products/atmos/grib2/0p25/gdas.t18z.pgrb2.0p25.f000', 'gdas.20241124/18/products/atmos/grib2/0p25/gdas.t18z.pgrb2.0p25.f000.idx', 'gdas.20241124/18/products/atmos/grib2/1p00/gdas.t18z.pgrb2.1p00.f000', 'gdas.20241124/18/products/atmos/grib2/1p00/gdas.t18z.pgrb2.1p00.f000.idx', 'gdas.20241124/18/model/atmos/master/gdas.t18z.sfluxgrbf000.grib2', 'gdas.20241124/18/model/atmos/master/gdas.t18z.sfluxgrbf000.grib2.idx', 'gdas.20241124/18/model/atmos/history/gdas.t18z.atm.logf000.txt', 'gdas.20241124/18/model/atmos/history/gdas.t18z.atmf000.nc', 'gdas.20241124/18/model/atmos/history/gdas.t18z.sfcf000.nc', 'logs/2024112418/gdas_atmos_prod_f003.log', 'gdas.20241124/18/products/atmos/grib2/0p25/gdas.t18z.pgrb2.0p25.f003', 'gdas.20241124/18/products/atmos/grib2/0p25/gdas.t18z.pgrb2.0p25.f003.idx', 'gdas.20241124/18/products/atmos/grib2/1p00/gdas.t18z.pgrb2.1p00.f003', 'gdas.20241124/18/products/atmos/grib2/1p00/gdas.t18z.pgrb2.1p00.f003.idx', 'gdas.20241124/18/model/atmos/master/gdas.t18z.sfluxgrbf003.grib2', 'gdas.20241124/18/model/atmos/master/gdas.t18z.sfluxgrbf003.grib2.idx', 'gdas.20241124/18/model/atmos/history/gdas.t18z.atm.logf003.txt', 'gdas.20241124/18/model/atmos/history/gdas.t18z.atmf003.nc', 'gdas.20241124/18/model/atmos/history/gdas.t18z.sfcf003.nc', 'logs/2024112418/gdas_atmos_prod_f006.log', 'gdas.20241124/18/products/atmos/grib2/0p25/gdas.t18z.pgrb2.0p25.f006', 'gdas.20241124/18/products/atmos/grib2/0p25/gdas.t18z.pgrb2.0p25.f006.idx', 'gdas.20241124/18/products/atmos/grib2/1p00/gdas.t18z.pgrb2.1p00.f006', 'gdas.20241124/18/products/atmos/grib2/1p00/gdas.t18z.pgrb2.1p00.f006.idx', 'gdas.20241124/18/model/atmos/master/gdas.t18z.sfluxgrbf006.grib2', 'gdas.20241124/18/model/atmos/master/gdas.t18z.sfluxgrbf006.grib2.idx', 'gdas.20241124/18/model/atmos/history/gdas.t18z.atm.logf006.txt', 'gdas.20241124/18/model/atmos/history/gdas.t18z.atmf006.nc', 'gdas.20241124/18/model/atmos/history/gdas.t18z.sfcf006.nc', 'logs/2024112418/gdas_atmos_prod_f009.log', 'gdas.20241124/18/products/atmos/grib2/0p25/gdas.t18z.pgrb2.0p25.f009', 'gdas.20241124/18/products/atmos/grib2/0p25/gdas.t18z.pgrb2.0p25.f009.idx', 'gdas.20241124/18/products/atmos/grib2/1p00/gdas.t18z.pgrb2.1p00.f009', 'gdas.20241124/18/products/atmos/grib2/1p00/gdas.t18z.pgrb2.1p00.f009.idx', 'gdas.20241124/18/model/atmos/master/gdas.t18z.sfluxgrbf009.grib2', 'gdas.20241124/18/model/atmos/master/gdas.t18z.sfluxgrbf009.grib2.idx', 'gdas.20241124/18/model/atmos/history/gdas.t18z.atm.logf009.txt', 'gdas.20241124/18/model/atmos/history/gdas.t18z.atmf009.nc', 'gdas.20241124/18/model/atmos/history/gdas.t18z.sfcf009.nc'], 'optional': ['gdas.20241124/18/products/atmos/radmon/bad_diag.2024112418', 'gdas.20241124/18/products/atmos/radmon/bad_pen.2024112418', 'gdas.20241124/18/products/atmos/radmon/low_count.2024112418', 'gdas.20241124/18/products/atmos/radmon/warning.2024112418', 'gdas.20241124/18/products/atmos/oznmon/horiz/gome_metop-b.anl.ctl', 'gdas.20241124/18/products/atmos/oznmon/horiz/gome_metop-b.anl.2024112418.ieee_d.gz', 'gdas.20241124/18/products/atmos/oznmon/horiz/gome_metop-b.ges.ctl', 'gdas.20241124/18/products/atmos/oznmon/horiz/gome_metop-b.ges.2024112418.ieee_d.gz', 'gdas.20241124/18/products/atmos/oznmon/horiz/omi_aura.anl.ctl', 'gdas.20241124/18/products/atmos/oznmon/horiz/omi_aura.anl.2024112418.ieee_d.gz', 'gdas.20241124/18/products/atmos/oznmon/horiz/omi_aura.ges.ctl', 'gdas.20241124/18/products/atmos/oznmon/horiz/omi_aura.ges.2024112418.ieee_d.gz', 'gdas.20241124/18/products/atmos/oznmon/horiz/ompslp_npp.anl.ctl', 'gdas.20241124/18/products/atmos/oznmon/horiz/ompslp_npp.anl.2024112418.ieee_d.gz', 'gdas.20241124/18/products/atmos/oznmon/horiz/ompslp_npp.ges.ctl', 'gdas.20241124/18/products/atmos/oznmon/horiz/ompslp_npp.ges.2024112418.ieee_d.gz', 'gdas.20241124/18/products/atmos/oznmon/horiz/ompsnp_n20.anl.ctl', 'gdas.20241124/18/products/atmos/oznmon/horiz/ompsnp_n20.anl.2024112418.ieee_d.gz', 'gdas.20241124/18/products/atmos/oznmon/horiz/ompsnp_n20.ges.ctl', 'gdas.20241124/18/products/atmos/oznmon/horiz/ompsnp_n20.ges.2024112418.ieee_d.gz', 'gdas.20241124/18/products/atmos/oznmon/horiz/ompsnp_npp.anl.ctl', 'gdas.20241124/18/products/atmos/oznmon/horiz/ompsnp_npp.anl.2024112418.ieee_d.gz', 'gdas.20241124/18/products/atmos/oznmon/horiz/ompsnp_npp.ges.ctl', 'gdas.20241124/18/products/atmos/oznmon/horiz/ompsnp_npp.ges.2024112418.ieee_d.gz', 'gdas.20241124/18/products/atmos/oznmon/horiz/ompstc8_n20.anl.ctl', 'gdas.20241124/18/products/atmos/oznmon/horiz/ompstc8_n20.anl.2024112418.ieee_d.gz', 'gdas.20241124/18/products/atmos/oznmon/horiz/ompstc8_n20.ges.ctl', 'gdas.20241124/18/products/atmos/oznmon/horiz/ompstc8_n20.ges.2024112418.ieee_d.gz', 'gdas.20241124/18/products/atmos/oznmon/horiz/ompstc8_npp.anl.ctl', 'gdas.20241124/18/products/atmos/oznmon/horiz/ompstc8_npp.anl.2024112418.ieee_d.gz', 'gdas.20241124/18/products/atmos/oznmon/horiz/ompstc8_npp.ges.ctl', 'gdas.20241124/18/products/atmos/oznmon/horiz/ompstc8_npp.ges.2024112418.ieee_d.gz', 'gdas.20241124/18/products/atmos/oznmon/horiz/sbuv2_n19.anl.ctl', 'gdas.20241124/18/products/atmos/oznmon/horiz/sbuv2_n19.anl.2024112418.ieee_d.gz', 'gdas.20241124/18/products/atmos/oznmon/horiz/sbuv2_n19.ges.ctl', 'gdas.20241124/18/products/atmos/oznmon/horiz/sbuv2_n19.ges.2024112418.ieee_d.gz', 'gdas.20241124/18/products/atmos/oznmon/time/gome_metop-b.anl.ctl', 'gdas.20241124/18/products/atmos/oznmon/time/gome_metop-b.anl.2024112418.ieee_d', 'gdas.20241124/18/products/atmos/oznmon/time/gome_metop-b.ges.ctl', 'gdas.20241124/18/products/atmos/oznmon/time/gome_metop-b.ges.2024112418.ieee_d', 'gdas.20241124/18/products/atmos/oznmon/time/omi_aura.anl.ctl', 'gdas.20241124/18/products/atmos/oznmon/time/omi_aura.anl.2024112418.ieee_d', 'gdas.20241124/18/products/atmos/oznmon/time/omi_aura.ges.ctl', 'gdas.20241124/18/products/atmos/oznmon/time/omi_aura.ges.2024112418.ieee_d', 'gdas.20241124/18/products/atmos/oznmon/time/ompslp_npp.anl.ctl', 'gdas.20241124/18/products/atmos/oznmon/time/ompslp_npp.anl.2024112418.ieee_d', 'gdas.20241124/18/products/atmos/oznmon/time/ompslp_npp.ges.ctl', 'gdas.20241124/18/products/atmos/oznmon/time/ompslp_npp.ges.2024112418.ieee_d', 'gdas.20241124/18/products/atmos/oznmon/time/ompsnp_n20.anl.ctl', 'gdas.20241124/18/products/atmos/oznmon/time/ompsnp_n20.anl.2024112418.ieee_d', 'gdas.20241124/18/products/atmos/oznmon/time/ompsnp_n20.ges.ctl', 'gdas.20241124/18/products/atmos/oznmon/time/ompsnp_n20.ges.2024112418.ieee_d', 'gdas.20241124/18/products/atmos/oznmon/time/ompsnp_npp.anl.ctl', 'gdas.20241124/18/products/atmos/oznmon/time/ompsnp_npp.anl.2024112418.ieee_d', 'gdas.20241124/18/products/atmos/oznmon/time/ompsnp_npp.ges.ctl', 'gdas.20241124/18/products/atmos/oznmon/time/ompsnp_npp.ges.2024112418.ieee_d', 'gdas.20241124/18/products/atmos/oznmon/time/ompstc8_n20.anl.ctl', 'gdas.20241124/18/products/atmos/oznmon/time/ompstc8_n20.anl.2024112418.ieee_d', 'gdas.20241124/18/products/atmos/oznmon/time/ompstc8_n20.ges.ctl', 'gdas.20241124/18/products/atmos/oznmon/time/ompstc8_n20.ges.2024112418.ieee_d', 'gdas.20241124/18/products/atmos/oznmon/time/ompstc8_npp.anl.ctl', 'gdas.20241124/18/products/atmos/oznmon/time/ompstc8_npp.anl.2024112418.ieee_d', 'gdas.20241124/18/products/atmos/oznmon/time/ompstc8_npp.ges.ctl', 'gdas.20241124/18/products/atmos/oznmon/time/ompstc8_npp.ges.2024112418.ieee_d', 'gdas.20241124/18/products/atmos/oznmon/time/sbuv2_n19.anl.ctl', 'gdas.20241124/18/products/atmos/oznmon/time/sbuv2_n19.anl.2024112418.ieee_d', 'gdas.20241124/18/products/atmos/oznmon/time/sbuv2_n19.ges.ctl', 'gdas.20241124/18/products/atmos/oznmon/time/sbuv2_n19.ges.2024112418.ieee_d']} )[0m
[38;5;226m2025-06-16 20:47:05,389 - WARNING  - archive     : WARNING: optional file/glob gdas.20241124/18/products/atmos/radmon/low_count.2024112418 not found![0m
[38;5;226m2025-06-16 20:47:05,393 - WARNING  - archive     : WARNING: optional file/glob gdas.20241124/18/products/atmos/oznmon/horiz/gome_metop-b.anl.ctl not found![0m
[38;5;226m2025-06-16 20:47:05,393 - WARNING  - archive     : WARNING: optional file/glob gdas.20241124/18/products/atmos/oznmon/horiz/gome_metop-b.anl.2024112418.ieee_d.gz not found![0m
[38;5;226m2025-06-16 20:47:05,394 - WARNING  - archive     : WARNING: optional file/glob gdas.20241124/18/products/atmos/oznmon/horiz/gome_metop-b.ges.ctl not found![0m
[38;5;226m2025-06-16 20:47:05,394 - WARNING  - archive     : WARNING: optional file/glob gdas.20241124/18/products/atmos/oznmon/horiz/gome_metop-b.ges.2024112418.ieee_d.gz not found![0m
[38;5;226m2025-06-16 20:47:05,404 - WARNING  - archive     : WARNING: optional file/glob gdas.20241124/18/products/atmos/oznmon/horiz/sbuv2_n19.anl.ctl not found![0m
[38;5;226m2025-06-16 20:47:05,404 - WARNING  - archive     : WARNING: optional file/glob gdas.20241124/18/products/atmos/oznmon/horiz/sbuv2_n19.anl.2024112418.ieee_d.gz not found![0m
[38;5;226m2025-06-16 20:47:05,404 - WARNING  - archive     : WARNING: optional file/glob gdas.20241124/18/products/atmos/oznmon/horiz/sbuv2_n19.ges.ctl not found![0m
[38;5;226m2025-06-16 20:47:05,404 - WARNING  - archive     : WARNING: optional file/glob gdas.20241124/18/products/atmos/oznmon/horiz/sbuv2_n19.ges.2024112418.ieee_d.gz not found![0m
[38;5;226m2025-06-16 20:47:05,404 - WARNING  - archive     : WARNING: optional file/glob gdas.20241124/18/products/atmos/oznmon/time/gome_metop-b.anl.ctl not found![0m
[38;5;226m2025-06-16 20:47:05,405 - WARNING  - archive     : WARNING: optional file/glob gdas.20241124/18/products/atmos/oznmon/time/gome_metop-b.anl.2024112418.ieee_d not found![0m
[38;5;226m2025-06-16 20:47:05,405 - WARNING  - archive     : WARNING: optional file/glob gdas.20241124/18/products/atmos/oznmon/time/gome_metop-b.ges.ctl not found![0m
[38;5;226m2025-06-16 20:47:05,405 - WARNING  - archive     : WARNING: optional file/glob gdas.20241124/18/products/atmos/oznmon/time/gome_metop-b.ges.2024112418.ieee_d not found![0m
[38;5;226m2025-06-16 20:47:05,414 - WARNING  - archive     : WARNING: optional file/glob gdas.20241124/18/products/atmos/oznmon/time/sbuv2_n19.anl.ctl not found![0m
[38;5;226m2025-06-16 20:47:05,414 - WARNING  - archive     : WARNING: optional file/glob gdas.20241124/18/products/atmos/oznmon/time/sbuv2_n19.anl.2024112418.ieee_d not found![0m
[38;5;226m2025-06-16 20:47:05,414 - WARNING  - archive     : WARNING: optional file/glob gdas.20241124/18/products/atmos/oznmon/time/sbuv2_n19.ges.ctl not found![0m
[38;5;226m2025-06-16 20:47:05,415 - WARNING  - archive     : WARNING: optional file/glob gdas.20241124/18/products/atmos/oznmon/time/sbuv2_n19.ges.2024112418.ieee_d not found![0m
[38;21m2025-06-16 20:47:05,415 - INFO     - archive     :   END: pygfs.task.archive._create_fileset[0m
[38;5;39m2025-06-16 20:47:05,415 - DEBUG    - archive     :  returning: ['logs/2024112418/gdas_atmanlprod.log', 'logs/2024112418/gdas_prep.log', 'logs/2024112418/gdas_anal.log', 'logs/2024112418/gdas_analdiag.log', 'logs/2024112418/gdas_atmanlupp.log', 'logs/2024112418/gdas_prepoceanobs.log', 'logs/2024112418/gdas_marineanlinit.log', 'logs/2024112418/gdas_marinebmat.log', 'logs/2024112418/gdas_marineanlvar.log', 'logs/2024112418/gdas_marineanlfinal.log', 'logs/2024112418/gdas_marineanlchkpt.log', 'logs/2024112418/gdas_ocnanalecen.log', 'logs/2024112418/gdas_snowanl.log', 'gdas.20241124/18/products/atmos/grib2/0p25/gdas.t18z.pgrb2.0p25.anl', 'gdas.20241124/18/products/atmos/grib2/0p25/gdas.t18z.pgrb2.0p25.anl.idx', 'gdas.20241124/18/products/atmos/grib2/1p00/gdas.t18z.pgrb2.1p00.anl', 'gdas.20241124/18/products/atmos/grib2/1p00/gdas.t18z.pgrb2.1p00.anl.idx', 'gdas.20241124/18/analysis/atmos/gdas.t18z.atmanl.nc', 'gdas.20241124/18/analysis/atmos/gdas.t18z.sfcanl.nc', 'gdas.20241124/18/analysis/atmos/gdas.t18z.atmanl.ensres.nc', 'gdas.20241124/18/analysis/atmos/gdas.t18z.atma003.ensres.nc', 'gdas.20241124/18/analysis/atmos/gdas.t18z.atma009.ensres.nc', 'gdas.20241124/18/analysis/atmos/gdas.t18z.gsistat', 'gdas.20241124/18/analysis/atmos/gdas.t18z.cnvstat', 'gdas.20241124/18/analysis/atmos/gdas.t18z.oznstat', 'gdas.20241124/18/analysis/atmos/gdas.t18z.radstat', 'gdas.20241124/18/analysis/atmos/gdas.t18z.abias', 'gdas.20241124/18/analysis/atmos/gdas.t18z.abias_air', 'gdas.20241124/18/analysis/atmos/gdas.t18z.abias_pc', 'gdas.20241124/18/analysis/atmos/gdas.t18z.abias_int', 'gdas.20241124/18/analysis/snow/snowinc.20241124.180000.sfc_data.tile1.nc', 'gdas.20241124/18/analysis/snow/20241124.180000.sfc_data.tile1.nc', 'gdas.20241124/18/analysis/snow/snowinc.20241124.180000.sfc_data.tile2.nc', 'gdas.20241124/18/analysis/snow/20241124.180000.sfc_data.tile2.nc', 'gdas.20241124/18/analysis/snow/snowinc.20241124.180000.sfc_data.tile3.nc', 'gdas.20241124/18/analysis/snow/20241124.180000.sfc_data.tile3.nc', 'gdas.20241124/18/analysis/snow/snowinc.20241124.180000.sfc_data.tile4.nc', 'gdas.20241124/18/analysis/snow/20241124.180000.sfc_data.tile4.nc', 'gdas.20241124/18/analysis/snow/snowinc.20241124.180000.sfc_data.tile5.nc', 'gdas.20241124/18/analysis/snow/20241124.180000.sfc_data.tile5.nc', 'gdas.20241124/18/analysis/snow/snowinc.20241124.180000.sfc_data.tile6.nc', 'gdas.20241124/18/analysis/snow/20241124.180000.sfc_data.tile6.nc', 'gdas.20241124/18/analysis/snow/gdas.t18z.snowstat.tgz', 'gdas.20241124/18/conf/gdas.t18z.snowanlvar.yaml', 'gdas.20241124/18/products/atmos/oznmon/time/bad_cnt.2024112418', 'gdas.20241124/18/products/atmos/oznmon/time/bad_diag.2024112418', 'gdas.20241124/18/products/atmos/oznmon/time/bad_pen.2024112418', 'gdas.20241124/18/products/atmos/oznmon/time/stdout.time.tar.gz', 'gdas.20241124/18/products/atmos/oznmon/horiz/stdout.horiz.tar.gz', 'logs/2024112418/gdas_verfozn.log', 'gdas.20241124/18/products/atmos/radmon/radmon_angle.tar.gz', 'gdas.20241124/18/products/atmos/radmon/radmon_bcoef.tar.gz', 'gdas.20241124/18/products/atmos/radmon/radmon_bcor.tar.gz', 'gdas.20241124/18/products/atmos/radmon/radmon_time.tar.gz', 'logs/2024112418/gdas_verfrad.log', 'gdas.20241124/18/products/atmos/minmon/2024112418.costs.txt', 'gdas.20241124/18/products/atmos/minmon/2024112418.cost_terms.txt', 'gdas.20241124/18/products/atmos/minmon/2024112418.gnorms.ieee_d', 'gdas.20241124/18/products/atmos/minmon/2024112418.reduction.ieee_d', 'gdas.20241124/18/products/atmos/minmon/gnorm_data.txt', 'logs/2024112418/gdas_vminmon.log', 'logs/2024112418/gdas_fcst_seg0.log', 'logs/2024112418/gdas_atmos_prod_f000.log', 'gdas.20241124/18/products/atmos/grib2/0p25/gdas.t18z.pgrb2.0p25.f000', 'gdas.20241124/18/products/atmos/grib2/0p25/gdas.t18z.pgrb2.0p25.f000.idx', 'gdas.20241124/18/products/atmos/grib2/1p00/gdas.t18z.pgrb2.1p00.f000', 'gdas.20241124/18/products/atmos/grib2/1p00/gdas.t18z.pgrb2.1p00.f000.idx', 'gdas.20241124/18/model/atmos/master/gdas.t18z.sfluxgrbf000.grib2', 'gdas.20241124/18/model/atmos/master/gdas.t18z.sfluxgrbf000.grib2.idx', 'gdas.20241124/18/model/atmos/history/gdas.t18z.atm.logf000.txt', 'gdas.20241124/18/model/atmos/history/gdas.t18z.atmf000.nc', 'gdas.20241124/18/model/atmos/history/gdas.t18z.sfcf000.nc', 'logs/2024112418/gdas_atmos_prod_f003.log', 'gdas.20241124/18/products/atmos/grib2/0p25/gdas.t18z.pgrb2.0p25.f003', 'gdas.20241124/18/products/atmos/grib2/0p25/gdas.t18z.pgrb2.0p25.f003.idx', 'gdas.20241124/18/products/atmos/grib2/1p00/gdas.t18z.pgrb2.1p00.f003', 'gdas.20241124/18/products/atmos/grib2/1p00/gdas.t18z.pgrb2.1p00.f003.idx', 'gdas.20241124/18/model/atmos/master/gdas.t18z.sfluxgrbf003.grib2', 'gdas.20241124/18/model/atmos/master/gdas.t18z.sfluxgrbf003.grib2.idx', 'gdas.20241124/18/model/atmos/history/gdas.t18z.atm.logf003.txt', 'gdas.20241124/18/model/atmos/history/gdas.t18z.atmf003.nc', 'gdas.20241124/18/model/atmos/history/gdas.t18z.sfcf003.nc', 'logs/2024112418/gdas_atmos_prod_f006.log', 'gdas.20241124/18/products/atmos/grib2/0p25/gdas.t18z.pgrb2.0p25.f006', 'gdas.20241124/18/products/atmos/grib2/0p25/gdas.t18z.pgrb2.0p25.f006.idx', 'gdas.20241124/18/products/atmos/grib2/1p00/gdas.t18z.pgrb2.1p00.f006', 'gdas.20241124/18/products/atmos/grib2/1p00/gdas.t18z.pgrb2.1p00.f006.idx', 'gdas.20241124/18/model/atmos/master/gdas.t18z.sfluxgrbf006.grib2', 'gdas.20241124/18/model/atmos/master/gdas.t18z.sfluxgrbf006.grib2.idx', 'gdas.20241124/18/model/atmos/history/gdas.t18z.atm.logf006.txt', 'gdas.20241124/18/model/atmos/history/gdas.t18z.atmf006.nc', 'gdas.20241124/18/model/atmos/history/gdas.t18z.sfcf006.nc', 'logs/2024112418/gdas_atmos_prod_f009.log', 'gdas.20241124/18/products/atmos/grib2/0p25/gdas.t18z.pgrb2.0p25.f009', 'gdas.20241124/18/products/atmos/grib2/0p25/gdas.t18z.pgrb2.0p25.f009.idx', 'gdas.20241124/18/products/atmos/grib2/1p00/gdas.t18z.pgrb2.1p00.f009', 'gdas.20241124/18/products/atmos/grib2/1p00/gdas.t18z.pgrb2.1p00.f009.idx', 'gdas.20241124/18/model/atmos/master/gdas.t18z.sfluxgrbf009.grib2', 'gdas.20241124/18/model/atmos/master/gdas.t18z.sfluxgrbf009.grib2.idx', 'gdas.20241124/18/model/atmos/history/gdas.t18z.atm.logf009.txt', 'gdas.20241124/18/model/atmos/history/gdas.t18z.atmf009.nc', 'gdas.20241124/18/model/atmos/history/gdas.t18z.sfcf009.nc', 'gdas.20241124/18/products/atmos/radmon/bad_diag.2024112418', 'gdas.20241124/18/products/atmos/radmon/bad_pen.2024112418', 'gdas.20241124/18/products/atmos/radmon/warning.2024112418', 'gdas.20241124/18/products/atmos/oznmon/horiz/omi_aura.anl.ctl', 'gdas.20241124/18/products/atmos/oznmon/horiz/omi_aura.anl.2024112418.ieee_d.gz', 'gdas.20241124/18/products/atmos/oznmon/horiz/omi_aura.ges.ctl', 'gdas.20241124/18/products/atmos/oznmon/horiz/omi_aura.ges.2024112418.ieee_d.gz', 'gdas.20241124/18/products/atmos/oznmon/horiz/ompslp_npp.anl.ctl', 'gdas.20241124/18/products/atmos/oznmon/horiz/ompslp_npp.anl.2024112418.ieee_d.gz', 'gdas.20241124/18/products/atmos/oznmon/horiz/ompslp_npp.ges.ctl', 'gdas.20241124/18/products/atmos/oznmon/horiz/ompslp_npp.ges.2024112418.ieee_d.gz', 'gdas.20241124/18/products/atmos/oznmon/horiz/ompsnp_n20.anl.ctl', 'gdas.20241124/18/products/atmos/oznmon/horiz/ompsnp_n20.anl.2024112418.ieee_d.gz', 'gdas.20241124/18/products/atmos/oznmon/horiz/ompsnp_n20.ges.ctl', 'gdas.20241124/18/products/atmos/oznmon/horiz/ompsnp_n20.ges.2024112418.ieee_d.gz', 'gdas.20241124/18/products/atmos/oznmon/horiz/ompsnp_npp.anl.ctl', 'gdas.20241124/18/products/atmos/oznmon/horiz/ompsnp_npp.anl.2024112418.ieee_d.gz', 'gdas.20241124/18/products/atmos/oznmon/horiz/ompsnp_npp.ges.ctl', 'gdas.20241124/18/products/atmos/oznmon/horiz/ompsnp_npp.ges.2024112418.ieee_d.gz', 'gdas.20241124/18/products/atmos/oznmon/horiz/ompstc8_n20.anl.ctl', 'gdas.20241124/18/products/atmos/oznmon/horiz/ompstc8_n20.anl.2024112418.ieee_d.gz', 'gdas.20241124/18/products/atmos/oznmon/horiz/ompstc8_n20.ges.ctl', 'gdas.20241124/18/products/atmos/oznmon/horiz/ompstc8_n20.ges.2024112418.ieee_d.gz', 'gdas.20241124/18/products/atmos/oznmon/horiz/ompstc8_npp.anl.ctl', 'gdas.20241124/18/products/atmos/oznmon/horiz/ompstc8_npp.anl.2024112418.ieee_d.gz', 'gdas.20241124/18/products/atmos/oznmon/horiz/ompstc8_npp.ges.ctl', 'gdas.20241124/18/products/atmos/oznmon/horiz/ompstc8_npp.ges.2024112418.ieee_d.gz', 'gdas.20241124/18/products/atmos/oznmon/time/omi_aura.anl.ctl', 'gdas.20241124/18/products/atmos/oznmon/time/omi_aura.anl.2024112418.ieee_d', 'gdas.20241124/18/products/atmos/oznmon/time/omi_aura.ges.ctl', 'gdas.20241124/18/products/atmos/oznmon/time/omi_aura.ges.2024112418.ieee_d', 'gdas.20241124/18/products/atmos/oznmon/time/ompslp_npp.anl.ctl', 'gdas.20241124/18/products/atmos/oznmon/time/ompslp_npp.anl.2024112418.ieee_d', 'gdas.20241124/18/products/atmos/oznmon/time/ompslp_npp.ges.ctl', 'gdas.20241124/18/products/atmos/oznmon/time/ompslp_npp.ges.2024112418.ieee_d', 'gdas.20241124/18/products/atmos/oznmon/time/ompsnp_n20.anl.ctl', 'gdas.20241124/18/products/atmos/oznmon/time/ompsnp_n20.anl.2024112418.ieee_d', 'gdas.20241124/18/products/atmos/oznmon/time/ompsnp_n20.ges.ctl', 'gdas.20241124/18/products/atmos/oznmon/time/ompsnp_n20.ges.2024112418.ieee_d', 'gdas.20241124/18/products/atmos/oznmon/time/ompsnp_npp.anl.ctl', 'gdas.20241124/18/products/atmos/oznmon/time/ompsnp_npp.anl.2024112418.ieee_d', 'gdas.20241124/18/products/atmos/oznmon/time/ompsnp_npp.ges.ctl', 'gdas.20241124/18/products/atmos/oznmon/time/ompsnp_npp.ges.2024112418.ieee_d', 'gdas.20241124/18/products/atmos/oznmon/time/ompstc8_n20.anl.ctl', 'gdas.20241124/18/products/atmos/oznmon/time/ompstc8_n20.anl.2024112418.ieee_d', 'gdas.20241124/18/products/atmos/oznmon/time/ompstc8_n20.ges.ctl', 'gdas.20241124/18/products/atmos/oznmon/time/ompstc8_n20.ges.2024112418.ieee_d', 'gdas.20241124/18/products/atmos/oznmon/time/ompstc8_npp.anl.ctl', 'gdas.20241124/18/products/atmos/oznmon/time/ompstc8_npp.anl.2024112418.ieee_d', 'gdas.20241124/18/products/atmos/oznmon/time/ompstc8_npp.ges.ctl', 'gdas.20241124/18/products/atmos/oznmon/time/ompstc8_npp.ges.2024112418.ieee_d'][0m
[38;21m2025-06-16 20:47:05,415 - INFO     - archive     : BEGIN: pygfs.task.archive._has_rstprod[0m
[38;5;39m2025-06-16 20:47:05,415 - DEBUG    - archive     : ( ['logs/2024112418/gdas_atmanlprod.log', 'logs/2024112418/gdas_prep.log', 'logs/2024112418/gdas_anal.log', 'logs/2024112418/gdas_analdiag.log', 'logs/2024112418/gdas_atmanlupp.log', 'logs/2024112418/gdas_prepoceanobs.log', 'logs/2024112418/gdas_marineanlinit.log', 'logs/2024112418/gdas_marinebmat.log', 'logs/2024112418/gdas_marineanlvar.log', 'logs/2024112418/gdas_marineanlfinal.log', 'logs/2024112418/gdas_marineanlchkpt.log', 'logs/2024112418/gdas_ocnanalecen.log', 'logs/2024112418/gdas_snowanl.log', 'gdas.20241124/18/products/atmos/grib2/0p25/gdas.t18z.pgrb2.0p25.anl', 'gdas.20241124/18/products/atmos/grib2/0p25/gdas.t18z.pgrb2.0p25.anl.idx', 'gdas.20241124/18/products/atmos/grib2/1p00/gdas.t18z.pgrb2.1p00.anl', 'gdas.20241124/18/products/atmos/grib2/1p00/gdas.t18z.pgrb2.1p00.anl.idx', 'gdas.20241124/18/analysis/atmos/gdas.t18z.atmanl.nc', 'gdas.20241124/18/analysis/atmos/gdas.t18z.sfcanl.nc', 'gdas.20241124/18/analysis/atmos/gdas.t18z.atmanl.ensres.nc', 'gdas.20241124/18/analysis/atmos/gdas.t18z.atma003.ensres.nc', 'gdas.20241124/18/analysis/atmos/gdas.t18z.atma009.ensres.nc', 'gdas.20241124/18/analysis/atmos/gdas.t18z.gsistat', 'gdas.20241124/18/analysis/atmos/gdas.t18z.cnvstat', 'gdas.20241124/18/analysis/atmos/gdas.t18z.oznstat', 'gdas.20241124/18/analysis/atmos/gdas.t18z.radstat', 'gdas.20241124/18/analysis/atmos/gdas.t18z.abias', 'gdas.20241124/18/analysis/atmos/gdas.t18z.abias_air', 'gdas.20241124/18/analysis/atmos/gdas.t18z.abias_pc', 'gdas.20241124/18/analysis/atmos/gdas.t18z.abias_int', 'gdas.20241124/18/analysis/snow/snowinc.20241124.180000.sfc_data.tile1.nc', 'gdas.20241124/18/analysis/snow/20241124.180000.sfc_data.tile1.nc', 'gdas.20241124/18/analysis/snow/snowinc.20241124.180000.sfc_data.tile2.nc', 'gdas.20241124/18/analysis/snow/20241124.180000.sfc_data.tile2.nc', 'gdas.20241124/18/analysis/snow/snowinc.20241124.180000.sfc_data.tile3.nc', 'gdas.20241124/18/analysis/snow/20241124.180000.sfc_data.tile3.nc', 'gdas.20241124/18/analysis/snow/snowinc.20241124.180000.sfc_data.tile4.nc', 'gdas.20241124/18/analysis/snow/20241124.180000.sfc_data.tile4.nc', 'gdas.20241124/18/analysis/snow/snowinc.20241124.180000.sfc_data.tile5.nc', 'gdas.20241124/18/analysis/snow/20241124.180000.sfc_data.tile5.nc', 'gdas.20241124/18/analysis/snow/snowinc.20241124.180000.sfc_data.tile6.nc', 'gdas.20241124/18/analysis/snow/20241124.180000.sfc_data.tile6.nc', 'gdas.20241124/18/analysis/snow/gdas.t18z.snowstat.tgz', 'gdas.20241124/18/conf/gdas.t18z.snowanlvar.yaml', 'gdas.20241124/18/products/atmos/oznmon/time/bad_cnt.2024112418', 'gdas.20241124/18/products/atmos/oznmon/time/bad_diag.2024112418', 'gdas.20241124/18/products/atmos/oznmon/time/bad_pen.2024112418', 'gdas.20241124/18/products/atmos/oznmon/time/stdout.time.tar.gz', 'gdas.20241124/18/products/atmos/oznmon/horiz/stdout.horiz.tar.gz', 'logs/2024112418/gdas_verfozn.log', 'gdas.20241124/18/products/atmos/radmon/radmon_angle.tar.gz', 'gdas.20241124/18/products/atmos/radmon/radmon_bcoef.tar.gz', 'gdas.20241124/18/products/atmos/radmon/radmon_bcor.tar.gz', 'gdas.20241124/18/products/atmos/radmon/radmon_time.tar.gz', 'logs/2024112418/gdas_verfrad.log', 'gdas.20241124/18/products/atmos/minmon/2024112418.costs.txt', 'gdas.20241124/18/products/atmos/minmon/2024112418.cost_terms.txt', 'gdas.20241124/18/products/atmos/minmon/2024112418.gnorms.ieee_d', 'gdas.20241124/18/products/atmos/minmon/2024112418.reduction.ieee_d', 'gdas.20241124/18/products/atmos/minmon/gnorm_data.txt', 'logs/2024112418/gdas_vminmon.log', 'logs/2024112418/gdas_fcst_seg0.log', 'logs/2024112418/gdas_atmos_prod_f000.log', 'gdas.20241124/18/products/atmos/grib2/0p25/gdas.t18z.pgrb2.0p25.f000', 'gdas.20241124/18/products/atmos/grib2/0p25/gdas.t18z.pgrb2.0p25.f000.idx', 'gdas.20241124/18/products/atmos/grib2/1p00/gdas.t18z.pgrb2.1p00.f000', 'gdas.20241124/18/products/atmos/grib2/1p00/gdas.t18z.pgrb2.1p00.f000.idx', 'gdas.20241124/18/model/atmos/master/gdas.t18z.sfluxgrbf000.grib2', 'gdas.20241124/18/model/atmos/master/gdas.t18z.sfluxgrbf000.grib2.idx', 'gdas.20241124/18/model/atmos/history/gdas.t18z.atm.logf000.txt', 'gdas.20241124/18/model/atmos/history/gdas.t18z.atmf000.nc', 'gdas.20241124/18/model/atmos/history/gdas.t18z.sfcf000.nc', 'logs/2024112418/gdas_atmos_prod_f003.log', 'gdas.20241124/18/products/atmos/grib2/0p25/gdas.t18z.pgrb2.0p25.f003', 'gdas.20241124/18/products/atmos/grib2/0p25/gdas.t18z.pgrb2.0p25.f003.idx', 'gdas.20241124/18/products/atmos/grib2/1p00/gdas.t18z.pgrb2.1p00.f003', 'gdas.20241124/18/products/atmos/grib2/1p00/gdas.t18z.pgrb2.1p00.f003.idx', 'gdas.20241124/18/model/atmos/master/gdas.t18z.sfluxgrbf003.grib2', 'gdas.20241124/18/model/atmos/master/gdas.t18z.sfluxgrbf003.grib2.idx', 'gdas.20241124/18/model/atmos/history/gdas.t18z.atm.logf003.txt', 'gdas.20241124/18/model/atmos/history/gdas.t18z.atmf003.nc', 'gdas.20241124/18/model/atmos/history/gdas.t18z.sfcf003.nc', 'logs/2024112418/gdas_atmos_prod_f006.log', 'gdas.20241124/18/products/atmos/grib2/0p25/gdas.t18z.pgrb2.0p25.f006', 'gdas.20241124/18/products/atmos/grib2/0p25/gdas.t18z.pgrb2.0p25.f006.idx', 'gdas.20241124/18/products/atmos/grib2/1p00/gdas.t18z.pgrb2.1p00.f006', 'gdas.20241124/18/products/atmos/grib2/1p00/gdas.t18z.pgrb2.1p00.f006.idx', 'gdas.20241124/18/model/atmos/master/gdas.t18z.sfluxgrbf006.grib2', 'gdas.20241124/18/model/atmos/master/gdas.t18z.sfluxgrbf006.grib2.idx', 'gdas.20241124/18/model/atmos/history/gdas.t18z.atm.logf006.txt', 'gdas.20241124/18/model/atmos/history/gdas.t18z.atmf006.nc', 'gdas.20241124/18/model/atmos/history/gdas.t18z.sfcf006.nc', 'logs/2024112418/gdas_atmos_prod_f009.log', 'gdas.20241124/18/products/atmos/grib2/0p25/gdas.t18z.pgrb2.0p25.f009', 'gdas.20241124/18/products/atmos/grib2/0p25/gdas.t18z.pgrb2.0p25.f009.idx', 'gdas.20241124/18/products/atmos/grib2/1p00/gdas.t18z.pgrb2.1p00.f009', 'gdas.20241124/18/products/atmos/grib2/1p00/gdas.t18z.pgrb2.1p00.f009.idx', 'gdas.20241124/18/model/atmos/master/gdas.t18z.sfluxgrbf009.grib2', 'gdas.20241124/18/model/atmos/master/gdas.t18z.sfluxgrbf009.grib2.idx', 'gdas.20241124/18/model/atmos/history/gdas.t18z.atm.logf009.txt', 'gdas.20241124/18/model/atmos/history/gdas.t18z.atmf009.nc', 'gdas.20241124/18/model/atmos/history/gdas.t18z.sfcf009.nc', 'gdas.20241124/18/products/atmos/radmon/bad_diag.2024112418', 'gdas.20241124/18/products/atmos/radmon/bad_pen.2024112418', 'gdas.20241124/18/products/atmos/radmon/warning.2024112418', 'gdas.20241124/18/products/atmos/oznmon/horiz/omi_aura.anl.ctl', 'gdas.20241124/18/products/atmos/oznmon/horiz/omi_aura.anl.2024112418.ieee_d.gz', 'gdas.20241124/18/products/atmos/oznmon/horiz/omi_aura.ges.ctl', 'gdas.20241124/18/products/atmos/oznmon/horiz/omi_aura.ges.2024112418.ieee_d.gz', 'gdas.20241124/18/products/atmos/oznmon/horiz/ompslp_npp.anl.ctl', 'gdas.20241124/18/products/atmos/oznmon/horiz/ompslp_npp.anl.2024112418.ieee_d.gz', 'gdas.20241124/18/products/atmos/oznmon/horiz/ompslp_npp.ges.ctl', 'gdas.20241124/18/products/atmos/oznmon/horiz/ompslp_npp.ges.2024112418.ieee_d.gz', 'gdas.20241124/18/products/atmos/oznmon/horiz/ompsnp_n20.anl.ctl', 'gdas.20241124/18/products/atmos/oznmon/horiz/ompsnp_n20.anl.2024112418.ieee_d.gz', 'gdas.20241124/18/products/atmos/oznmon/horiz/ompsnp_n20.ges.ctl', 'gdas.20241124/18/products/atmos/oznmon/horiz/ompsnp_n20.ges.2024112418.ieee_d.gz', 'gdas.20241124/18/products/atmos/oznmon/horiz/ompsnp_npp.anl.ctl', 'gdas.20241124/18/products/atmos/oznmon/horiz/ompsnp_npp.anl.2024112418.ieee_d.gz', 'gdas.20241124/18/products/atmos/oznmon/horiz/ompsnp_npp.ges.ctl', 'gdas.20241124/18/products/atmos/oznmon/horiz/ompsnp_npp.ges.2024112418.ieee_d.gz', 'gdas.20241124/18/products/atmos/oznmon/horiz/ompstc8_n20.anl.ctl', 'gdas.20241124/18/products/atmos/oznmon/horiz/ompstc8_n20.anl.2024112418.ieee_d.gz', 'gdas.20241124/18/products/atmos/oznmon/horiz/ompstc8_n20.ges.ctl', 'gdas.20241124/18/products/atmos/oznmon/horiz/ompstc8_n20.ges.2024112418.ieee_d.gz', 'gdas.20241124/18/products/atmos/oznmon/horiz/ompstc8_npp.anl.ctl', 'gdas.20241124/18/products/atmos/oznmon/horiz/ompstc8_npp.anl.2024112418.ieee_d.gz', 'gdas.20241124/18/products/atmos/oznmon/horiz/ompstc8_npp.ges.ctl', 'gdas.20241124/18/products/atmos/oznmon/horiz/ompstc8_npp.ges.2024112418.ieee_d.gz', 'gdas.20241124/18/products/atmos/oznmon/time/omi_aura.anl.ctl', 'gdas.20241124/18/products/atmos/oznmon/time/omi_aura.anl.2024112418.ieee_d', 'gdas.20241124/18/products/atmos/oznmon/time/omi_aura.ges.ctl', 'gdas.20241124/18/products/atmos/oznmon/time/omi_aura.ges.2024112418.ieee_d', 'gdas.20241124/18/products/atmos/oznmon/time/ompslp_npp.anl.ctl', 'gdas.20241124/18/products/atmos/oznmon/time/ompslp_npp.anl.2024112418.ieee_d', 'gdas.20241124/18/products/atmos/oznmon/time/ompslp_npp.ges.ctl', 'gdas.20241124/18/products/atmos/oznmon/time/ompslp_npp.ges.2024112418.ieee_d', 'gdas.20241124/18/products/atmos/oznmon/time/ompsnp_n20.anl.ctl', 'gdas.20241124/18/products/atmos/oznmon/time/ompsnp_n20.anl.2024112418.ieee_d', 'gdas.20241124/18/products/atmos/oznmon/time/ompsnp_n20.ges.ctl', 'gdas.20241124/18/products/atmos/oznmon/time/ompsnp_n20.ges.2024112418.ieee_d', 'gdas.20241124/18/products/atmos/oznmon/time/ompsnp_npp.anl.ctl', 'gdas.20241124/18/products/atmos/oznmon/time/ompsnp_npp.anl.2024112418.ieee_d', 'gdas.20241124/18/products/atmos/oznmon/time/ompsnp_npp.ges.ctl', 'gdas.20241124/18/products/atmos/oznmon/time/ompsnp_npp.ges.2024112418.ieee_d', 'gdas.20241124/18/products/atmos/oznmon/time/ompstc8_n20.anl.ctl', 'gdas.20241124/18/products/atmos/oznmon/time/ompstc8_n20.anl.2024112418.ieee_d', 'gdas.20241124/18/products/atmos/oznmon/time/ompstc8_n20.ges.ctl', 'gdas.20241124/18/products/atmos/oznmon/time/ompstc8_n20.ges.2024112418.ieee_d', 'gdas.20241124/18/products/atmos/oznmon/time/ompstc8_npp.anl.ctl', 'gdas.20241124/18/products/atmos/oznmon/time/ompstc8_npp.anl.2024112418.ieee_d', 'gdas.20241124/18/products/atmos/oznmon/time/ompstc8_npp.ges.ctl', 'gdas.20241124/18/products/atmos/oznmon/time/ompstc8_npp.ges.2024112418.ieee_d'] )[0m
[38;21m2025-06-16 20:47:05,422 - INFO     - archive     :   END: pygfs.task.archive._has_rstprod[0m
[38;5;39m2025-06-16 20:47:05,422 - DEBUG    - archive     :  returning: True[0m
[38;21m2025-06-16 20:47:05,422 - INFO     - archive     : BEGIN: pygfs.task.archive._create_fileset[0m
[38;5;39m2025-06-16 20:47:05,422 - DEBUG    - archive     : ( {'name': 'GDASICE', 'target': '/5year/NCEPDEV/emc-global/emc.glopara/WCOSS2/GFSv17/retrotestgfs10/2024112418/gdasice.tar', 'required': ['gdas.20241124/18/model/ice/history/gdas.ice.t18z.ic.nc', 'gdas.20241124/18/model/ice/history/gdas.ice.t18z.inst.f003.nc', 'gdas.20241124/18/model/ice/history/gdas.ice.t18z.inst.f006.nc', 'gdas.20241124/18/model/ice/history/gdas.ice.t18z.inst.f009.nc', 'gdas.20241124/18/conf/ufs.ice_in']} )[0m
[38;21m2025-06-16 20:47:05,426 - INFO     - archive     :   END: pygfs.task.archive._create_fileset[0m
[38;5;39m2025-06-16 20:47:05,426 - DEBUG    - archive     :  returning: ['gdas.20241124/18/model/ice/history/gdas.ice.t18z.ic.nc', 'gdas.20241124/18/model/ice/history/gdas.ice.t18z.inst.f003.nc', 'gdas.20241124/18/model/ice/history/gdas.ice.t18z.inst.f006.nc', 'gdas.20241124/18/model/ice/history/gdas.ice.t18z.inst.f009.nc', 'gdas.20241124/18/conf/ufs.ice_in'][0m
[38;21m2025-06-16 20:47:05,426 - INFO     - archive     : BEGIN: pygfs.task.archive._has_rstprod[0m
[38;5;39m2025-06-16 20:47:05,426 - DEBUG    - archive     : ( ['gdas.20241124/18/model/ice/history/gdas.ice.t18z.ic.nc', 'gdas.20241124/18/model/ice/history/gdas.ice.t18z.inst.f003.nc', 'gdas.20241124/18/model/ice/history/gdas.ice.t18z.inst.f006.nc', 'gdas.20241124/18/model/ice/history/gdas.ice.t18z.inst.f009.nc', 'gdas.20241124/18/conf/ufs.ice_in'] )[0m
[38;21m2025-06-16 20:47:05,427 - INFO     - archive     :   END: pygfs.task.archive._has_rstprod[0m
[38;5;39m2025-06-16 20:47:05,427 - DEBUG    - archive     :  returning: False[0m
[38;21m2025-06-16 20:47:05,427 - INFO     - archive     : BEGIN: pygfs.task.archive._create_fileset[0m
[38;5;39m2025-06-16 20:47:05,427 - DEBUG    - archive     : ( {'name': 'GDASOCEAN', 'target': '/5year/NCEPDEV/emc-global/emc.glopara/WCOSS2/GFSv17/retrotestgfs10/2024112418/gdasocean.tar', 'required': ['gdas.20241124/18/model/ocean/history/gdas.ocean.t18z.inst.f000.nc', 'gdas.20241124/18/model/ocean/history/gdas.ocean.t18z.inst.f003.nc', 'gdas.20241124/18/model/ocean/history/gdas.ocean.t18z.inst.f006.nc', 'gdas.20241124/18/model/ocean/history/gdas.ocean.t18z.inst.f009.nc', 'gdas.20241124/18/conf/ufs.MOM_input']} )[0m
[38;21m2025-06-16 20:47:05,431 - INFO     - archive     :   END: pygfs.task.archive._create_fileset[0m
[38;5;39m2025-06-16 20:47:05,431 - DEBUG    - archive     :  returning: ['gdas.20241124/18/model/ocean/history/gdas.ocean.t18z.inst.f000.nc', 'gdas.20241124/18/model/ocean/history/gdas.ocean.t18z.inst.f003.nc', 'gdas.20241124/18/model/ocean/history/gdas.ocean.t18z.inst.f006.nc', 'gdas.20241124/18/model/ocean/history/gdas.ocean.t18z.inst.f009.nc', 'gdas.20241124/18/conf/ufs.MOM_input'][0m
[38;21m2025-06-16 20:47:05,431 - INFO     - archive     : BEGIN: pygfs.task.archive._has_rstprod[0m
[38;5;39m2025-06-16 20:47:05,431 - DEBUG    - archive     : ( ['gdas.20241124/18/model/ocean/history/gdas.ocean.t18z.inst.f000.nc', 'gdas.20241124/18/model/ocean/history/gdas.ocean.t18z.inst.f003.nc', 'gdas.20241124/18/model/ocean/history/gdas.ocean.t18z.inst.f006.nc', 'gdas.20241124/18/model/ocean/history/gdas.ocean.t18z.inst.f009.nc', 'gdas.20241124/18/conf/ufs.MOM_input'] )[0m
[38;21m2025-06-16 20:47:05,432 - INFO     - archive     :   END: pygfs.task.archive._has_rstprod[0m
[38;5;39m2025-06-16 20:47:05,432 - DEBUG    - archive     :  returning: False[0m
[38;21m2025-06-16 20:47:05,432 - INFO     - archive     : BEGIN: pygfs.task.archive._create_fileset[0m
[38;5;39m2025-06-16 20:47:05,432 - DEBUG    - archive     : ( {'name': 'GDASOCEAN_ANALYSIS', 'target': '/5year/NCEPDEV/emc-global/emc.glopara/WCOSS2/GFSv17/retrotestgfs10/2024112418/gdasocean_analysis.tar', 'required': ['gdas.20241124/18/analysis/ocean/gdas.t18z.ocninc.nc', 'gdas.20241124/18/analysis/ice/20241124.150000.cice_model_anl.res.nc', 'gdas.20241124/18/analysis/ocean/gdas.t18z.ocn.incr.nc', 'gdas.20241124/18/analysis/ocean/gdas.t18z.ocn.ana.nc', 'gdas.20241124/18/analysis/ocean/gdas.t18z.ice.incr.nc', 'gdas.20241124/18/analysis/ocean/gdas.t18z.ice.ana.nc', 'gdas.20241124/18/bmatrix/ocean/gdas.t18z.ocean.bkgerr_ens_stddev.nc', 'gdas.20241124/18/bmatrix/ice/gdas.t18z.ice.bkgerr_ens_stddev.nc', 'gdas.20241124/18/bmatrix/ice/gdas.t18z.ice.ens_weights.nc', 'gdas.20241124/18/bmatrix/ocean/gdas.t18z.ocean.ens_weights.nc', 'gdas.20241124/18/bmatrix/ocean/gdas.t18z.ocean.recentering_error.nc', 'gdas.20241124/18/bmatrix/ice/gdas.t18z.ice.recentering_error.nc', 'gdas.20241124/18/bmatrix/ocean/gdas.t18z.ocean.ssh_steric_stddev.nc', 'gdas.20241124/18/bmatrix/ocean/gdas.t18z.ocean.ssh_unbal_stddev.nc', 'gdas.20241124/18/bmatrix/ocean/gdas.t18z.ocean.ssh_total_stddev.nc', 'gdas.20241124/18/bmatrix/ocean/gdas.t18z.ocean.steric_explained_variance.nc', 'gdas.20241124/18/analysis/ocean/diags/gdas.t18z.ocn.*.stats.csv', 'gdas.20241124/18/analysis/ocean/diags/*.nc4', 'gdas.20241124/18/analysis/ocean/yaml/*.yaml']} )[0m
[38;21m2025-06-16 20:47:05,443 - INFO     - archive     :   END: pygfs.task.archive._create_fileset[0m
[38;5;39m2025-06-16 20:47:05,443 - DEBUG    - archive     :  returning: ['gdas.20241124/18/analysis/ocean/gdas.t18z.ocninc.nc', 'gdas.20241124/18/analysis/ice/20241124.150000.cice_model_anl.res.nc', 'gdas.20241124/18/analysis/ocean/gdas.t18z.ocn.incr.nc', 'gdas.20241124/18/analysis/ocean/gdas.t18z.ocn.ana.nc', 'gdas.20241124/18/analysis/ocean/gdas.t18z.ice.incr.nc', 'gdas.20241124/18/analysis/ocean/gdas.t18z.ice.ana.nc', 'gdas.20241124/18/bmatrix/ocean/gdas.t18z.ocean.bkgerr_ens_stddev.nc', 'gdas.20241124/18/bmatrix/ice/gdas.t18z.ice.bkgerr_ens_stddev.nc', 'gdas.20241124/18/bmatrix/ice/gdas.t18z.ice.ens_weights.nc', 'gdas.20241124/18/bmatrix/ocean/gdas.t18z.ocean.ens_weights.nc', 'gdas.20241124/18/bmatrix/ocean/gdas.t18z.ocean.recentering_error.nc', 'gdas.20241124/18/bmatrix/ice/gdas.t18z.ice.recentering_error.nc', 'gdas.20241124/18/bmatrix/ocean/gdas.t18z.ocean.ssh_steric_stddev.nc', 'gdas.20241124/18/bmatrix/ocean/gdas.t18z.ocean.ssh_unbal_stddev.nc', 'gdas.20241124/18/bmatrix/ocean/gdas.t18z.ocean.ssh_total_stddev.nc', 'gdas.20241124/18/bmatrix/ocean/gdas.t18z.ocean.steric_explained_variance.nc', 'gdas.20241124/18/analysis/ocean/diags/gdas.t18z.ocn.icec_amsr2_north.stats.csv', 'gdas.20241124/18/analysis/ocean/diags/gdas.t18z.ocn.sst_viirs_n20_l3u.stats.csv', 'gdas.20241124/18/analysis/ocean/diags/gdas.t18z.ocn.icec_amsr2_south.stats.csv', 'gdas.20241124/18/analysis/ocean/diags/gdas.t18z.ocn.sst_viirs_npp_l3u.stats.csv', 'gdas.20241124/18/analysis/ocean/diags/gdas.t18z.ocn.sst_avhrr_mc_l3u.stats.csv', 'gdas.20241124/18/analysis/ocean/diags/gdas.t18z.ocn.insitu_profile_tropical.stats.csv', 'gdas.20241124/18/analysis/ocean/diags/gdas.t18z.ocn.sst_avhrr_mb_l3u.stats.csv', 'gdas.20241124/18/analysis/ocean/diags/gdas.t18z.ocn.sss_smos_l2.stats.csv', 'gdas.20241124/18/analysis/ocean/diags/gdas.t18z.ocn.sst_abi_g16_l3c.stats.csv', 'gdas.20241124/18/analysis/ocean/diags/sss_smos_l2.2024112418.nc4', 'gdas.20241124/18/analysis/ocean/diags/sst_abi_g16_l3c.2024112418.nc4', 'gdas.20241124/18/analysis/ocean/diags/icec_amsr2_north.2024112418.nc4', 'gdas.20241124/18/analysis/ocean/diags/sst_viirs_npp_l3u.2024112418.nc4', 'gdas.20241124/18/analysis/ocean/diags/sst_avhrr_mb_l3u.2024112418.nc4', 'gdas.20241124/18/analysis/ocean/diags/insitu_profile_tropical.2024112418.nc4', 'gdas.20241124/18/analysis/ocean/diags/icec_amsr2_south.2024112418.nc4', 'gdas.20241124/18/analysis/ocean/diags/sst_avhrr_mc_l3u.2024112418.nc4', 'gdas.20241124/18/analysis/ocean/diags/sst_viirs_n20_l3u.2024112418.nc4', 'gdas.20241124/18/analysis/ocean/yaml/socaincr2mom6.yaml', 'gdas.20241124/18/analysis/ocean/yaml/obsop_name_map.yaml', 'gdas.20241124/18/analysis/ocean/yaml/soca_diag_stats.yaml', 'gdas.20241124/18/analysis/ocean/yaml/soca_2cice_global.yaml', 'gdas.20241124/18/analysis/ocean/yaml/fields_metadata.yaml'][0m
[38;21m2025-06-16 20:47:05,443 - INFO     - archive     : BEGIN: pygfs.task.archive._has_rstprod[0m
[38;5;39m2025-06-16 20:47:05,443 - DEBUG    - archive     : ( ['gdas.20241124/18/analysis/ocean/gdas.t18z.ocninc.nc', 'gdas.20241124/18/analysis/ice/20241124.150000.cice_model_anl.res.nc', 'gdas.20241124/18/analysis/ocean/gdas.t18z.ocn.incr.nc', 'gdas.20241124/18/analysis/ocean/gdas.t18z.ocn.ana.nc', 'gdas.20241124/18/analysis/ocean/gdas.t18z.ice.incr.nc', 'gdas.20241124/18/analysis/ocean/gdas.t18z.ice.ana.nc', 'gdas.20241124/18/bmatrix/ocean/gdas.t18z.ocean.bkgerr_ens_stddev.nc', 'gdas.20241124/18/bmatrix/ice/gdas.t18z.ice.bkgerr_ens_stddev.nc', 'gdas.20241124/18/bmatrix/ice/gdas.t18z.ice.ens_weights.nc', 'gdas.20241124/18/bmatrix/ocean/gdas.t18z.ocean.ens_weights.nc', 'gdas.20241124/18/bmatrix/ocean/gdas.t18z.ocean.recentering_error.nc', 'gdas.20241124/18/bmatrix/ice/gdas.t18z.ice.recentering_error.nc', 'gdas.20241124/18/bmatrix/ocean/gdas.t18z.ocean.ssh_steric_stddev.nc', 'gdas.20241124/18/bmatrix/ocean/gdas.t18z.ocean.ssh_unbal_stddev.nc', 'gdas.20241124/18/bmatrix/ocean/gdas.t18z.ocean.ssh_total_stddev.nc', 'gdas.20241124/18/bmatrix/ocean/gdas.t18z.ocean.steric_explained_variance.nc', 'gdas.20241124/18/analysis/ocean/diags/gdas.t18z.ocn.icec_amsr2_north.stats.csv', 'gdas.20241124/18/analysis/ocean/diags/gdas.t18z.ocn.sst_viirs_n20_l3u.stats.csv', 'gdas.20241124/18/analysis/ocean/diags/gdas.t18z.ocn.icec_amsr2_south.stats.csv', 'gdas.20241124/18/analysis/ocean/diags/gdas.t18z.ocn.sst_viirs_npp_l3u.stats.csv', 'gdas.20241124/18/analysis/ocean/diags/gdas.t18z.ocn.sst_avhrr_mc_l3u.stats.csv', 'gdas.20241124/18/analysis/ocean/diags/gdas.t18z.ocn.insitu_profile_tropical.stats.csv', 'gdas.20241124/18/analysis/ocean/diags/gdas.t18z.ocn.sst_avhrr_mb_l3u.stats.csv', 'gdas.20241124/18/analysis/ocean/diags/gdas.t18z.ocn.sss_smos_l2.stats.csv', 'gdas.20241124/18/analysis/ocean/diags/gdas.t18z.ocn.sst_abi_g16_l3c.stats.csv', 'gdas.20241124/18/analysis/ocean/diags/sss_smos_l2.2024112418.nc4', 'gdas.20241124/18/analysis/ocean/diags/sst_abi_g16_l3c.2024112418.nc4', 'gdas.20241124/18/analysis/ocean/diags/icec_amsr2_north.2024112418.nc4', 'gdas.20241124/18/analysis/ocean/diags/sst_viirs_npp_l3u.2024112418.nc4', 'gdas.20241124/18/analysis/ocean/diags/sst_avhrr_mb_l3u.2024112418.nc4', 'gdas.20241124/18/analysis/ocean/diags/insitu_profile_tropical.2024112418.nc4', 'gdas.20241124/18/analysis/ocean/diags/icec_amsr2_south.2024112418.nc4', 'gdas.20241124/18/analysis/ocean/diags/sst_avhrr_mc_l3u.2024112418.nc4', 'gdas.20241124/18/analysis/ocean/diags/sst_viirs_n20_l3u.2024112418.nc4', 'gdas.20241124/18/analysis/ocean/yaml/socaincr2mom6.yaml', 'gdas.20241124/18/analysis/ocean/yaml/obsop_name_map.yaml', 'gdas.20241124/18/analysis/ocean/yaml/soca_diag_stats.yaml', 'gdas.20241124/18/analysis/ocean/yaml/soca_2cice_global.yaml', 'gdas.20241124/18/analysis/ocean/yaml/fields_metadata.yaml'] )[0m
[38;21m2025-06-16 20:47:05,454 - INFO     - archive     :   END: pygfs.task.archive._has_rstprod[0m
[38;5;39m2025-06-16 20:47:05,454 - DEBUG    - archive     :  returning: False[0m
[38;21m2025-06-16 20:47:05,454 - INFO     - archive     : BEGIN: pygfs.task.archive._create_fileset[0m
[38;5;39m2025-06-16 20:47:05,454 - DEBUG    - archive     : ( {'name': 'GDASWAVE', 'target': '/5year/NCEPDEV/emc-global/emc.glopara/WCOSS2/GFSv17/retrotestgfs10/2024112418/gdaswave.tar', 'required': ['gdas.20241124/18/products/wave/gridded/global.0p25/gdas.wave.t18z.*', 'gdas.20241124/18/products/wave/gridded/atlocn.0p16/gdas.wave.t18z.*', 'gdas.20241124/18/products/wave/gridded/epacif.0p16/gdas.wave.t18z.*', 'gdas.20241124/18/products/wave/gridded/wcoast.0p16/gdas.wave.t18z.*', 'gdas.20241124/18/products/wave/gridded/global.0p50/gdas.wave.t18z.*', 'gdas.20241124/18/products/wave/gridded/arctic.9km/gdas.wave.t18z.*', 'gdas.20241124/18/products/wave/gridded/global.0p16/gdas.wave.t18z.*', 'gdas.20241124/18/products/wave/gridded/gsouth.0p25/gdas.wave.t18z.*', 'gdas.20241124/18/products/wave/station/gdas.wave.t18z.*']} )[0m
[38;21m2025-06-16 20:47:05,463 - INFO     - archive     :   END: pygfs.task.archive._create_fileset[0m
[38;5;39m2025-06-16 20:47:05,463 - DEBUG    - archive     :  returning: ['gdas.20241124/18/products/wave/gridded/global.0p25/gdas.wave.t18z.global.0p25.f003.grib2.idx', 'gdas.20241124/18/products/wave/gridded/global.0p25/gdas.wave.t18z.global.0p25.f003.grib2', 'gdas.20241124/18/products/wave/gridded/global.0p25/gdas.wave.t18z.global.0p25.f000.grib2.idx', 'gdas.20241124/18/products/wave/gridded/global.0p25/gdas.wave.t18z.global.0p25.f006.grib2.idx', 'gdas.20241124/18/products/wave/gridded/global.0p25/gdas.wave.t18z.global.0p25.f000.grib2', 'gdas.20241124/18/products/wave/gridded/global.0p25/gdas.wave.t18z.global.0p25.f006.grib2', 'gdas.20241124/18/products/wave/gridded/global.0p25/gdas.wave.t18z.global.0p25.f009.grib2', 'gdas.20241124/18/products/wave/gridded/global.0p25/gdas.wave.t18z.global.0p25.f009.grib2.idx', 'gdas.20241124/18/products/wave/gridded/atlocn.0p16/gdas.wave.t18z.atlocn.0p16.f006.grib2', 'gdas.20241124/18/products/wave/gridded/atlocn.0p16/gdas.wave.t18z.atlocn.0p16.f003.grib2', 'gdas.20241124/18/products/wave/gridded/atlocn.0p16/gdas.wave.t18z.atlocn.0p16.f000.grib2.idx', 'gdas.20241124/18/products/wave/gridded/atlocn.0p16/gdas.wave.t18z.atlocn.0p16.f000.grib2', 'gdas.20241124/18/products/wave/gridded/atlocn.0p16/gdas.wave.t18z.atlocn.0p16.f009.grib2.idx', 'gdas.20241124/18/products/wave/gridded/atlocn.0p16/gdas.wave.t18z.atlocn.0p16.f006.grib2.idx', 'gdas.20241124/18/products/wave/gridded/atlocn.0p16/gdas.wave.t18z.atlocn.0p16.f003.grib2.idx', 'gdas.20241124/18/products/wave/gridded/atlocn.0p16/gdas.wave.t18z.atlocn.0p16.f009.grib2', 'gdas.20241124/18/products/wave/gridded/epacif.0p16/gdas.wave.t18z.epacif.0p16.f006.grib2', 'gdas.20241124/18/products/wave/gridded/epacif.0p16/gdas.wave.t18z.epacif.0p16.f000.grib2', 'gdas.20241124/18/products/wave/gridded/epacif.0p16/gdas.wave.t18z.epacif.0p16.f003.grib2', 'gdas.20241124/18/products/wave/gridded/epacif.0p16/gdas.wave.t18z.epacif.0p16.f003.grib2.idx', 'gdas.20241124/18/products/wave/gridded/epacif.0p16/gdas.wave.t18z.epacif.0p16.f000.grib2.idx', 'gdas.20241124/18/products/wave/gridded/epacif.0p16/gdas.wave.t18z.epacif.0p16.f006.grib2.idx', 'gdas.20241124/18/products/wave/gridded/epacif.0p16/gdas.wave.t18z.epacif.0p16.f009.grib2', 'gdas.20241124/18/products/wave/gridded/epacif.0p16/gdas.wave.t18z.epacif.0p16.f009.grib2.idx', 'gdas.20241124/18/products/wave/gridded/wcoast.0p16/gdas.wave.t18z.wcoast.0p16.f009.grib2.idx', 'gdas.20241124/18/products/wave/gridded/wcoast.0p16/gdas.wave.t18z.wcoast.0p16.f006.grib2', 'gdas.20241124/18/products/wave/gridded/wcoast.0p16/gdas.wave.t18z.wcoast.0p16.f003.grib2', 'gdas.20241124/18/products/wave/gridded/wcoast.0p16/gdas.wave.t18z.wcoast.0p16.f009.grib2', 'gdas.20241124/18/products/wave/gridded/wcoast.0p16/gdas.wave.t18z.wcoast.0p16.f003.grib2.idx', 'gdas.20241124/18/products/wave/gridded/wcoast.0p16/gdas.wave.t18z.wcoast.0p16.f000.grib2.idx', 'gdas.20241124/18/products/wave/gridded/wcoast.0p16/gdas.wave.t18z.wcoast.0p16.f000.grib2', 'gdas.20241124/18/products/wave/gridded/wcoast.0p16/gdas.wave.t18z.wcoast.0p16.f006.grib2.idx', 'gdas.20241124/18/products/wave/gridded/global.0p50/gdas.wave.t18z.global.0p50.f003.grib2.idx', 'gdas.20241124/18/products/wave/gridded/global.0p50/gdas.wave.t18z.global.0p50.f009.grib2.idx', 'gdas.20241124/18/products/wave/gridded/global.0p50/gdas.wave.t18z.global.0p50.f006.grib2.idx', 'gdas.20241124/18/products/wave/gridded/global.0p50/gdas.wave.t18z.global.0p50.f006.grib2', 'gdas.20241124/18/products/wave/gridded/global.0p50/gdas.wave.t18z.global.0p50.f009.grib2', 'gdas.20241124/18/products/wave/gridded/global.0p50/gdas.wave.t18z.global.0p50.f000.grib2', 'gdas.20241124/18/products/wave/gridded/global.0p50/gdas.wave.t18z.global.0p50.f000.grib2.idx', 'gdas.20241124/18/products/wave/gridded/global.0p50/gdas.wave.t18z.global.0p50.f003.grib2', 'gdas.20241124/18/products/wave/gridded/arctic.9km/gdas.wave.t18z.arctic.9km.f000.grib2', 'gdas.20241124/18/products/wave/gridded/arctic.9km/gdas.wave.t18z.arctic.9km.f003.grib2.idx', 'gdas.20241124/18/products/wave/gridded/arctic.9km/gdas.wave.t18z.arctic.9km.f003.grib2', 'gdas.20241124/18/products/wave/gridded/arctic.9km/gdas.wave.t18z.arctic.9km.f009.grib2', 'gdas.20241124/18/products/wave/gridded/arctic.9km/gdas.wave.t18z.arctic.9km.f006.grib2', 'gdas.20241124/18/products/wave/gridded/arctic.9km/gdas.wave.t18z.arctic.9km.f000.grib2.idx', 'gdas.20241124/18/products/wave/gridded/arctic.9km/gdas.wave.t18z.arctic.9km.f006.grib2.idx', 'gdas.20241124/18/products/wave/gridded/arctic.9km/gdas.wave.t18z.arctic.9km.f009.grib2.idx', 'gdas.20241124/18/products/wave/gridded/global.0p16/gdas.wave.t18z.global.0p16.f000.grib2.idx', 'gdas.20241124/18/products/wave/gridded/global.0p16/gdas.wave.t18z.global.0p16.f009.grib2.idx', 'gdas.20241124/18/products/wave/gridded/global.0p16/gdas.wave.t18z.global.0p16.f000.grib2', 'gdas.20241124/18/products/wave/gridded/global.0p16/gdas.wave.t18z.global.0p16.f009.grib2', 'gdas.20241124/18/products/wave/gridded/global.0p16/gdas.wave.t18z.global.0p16.f006.grib2.idx', 'gdas.20241124/18/products/wave/gridded/global.0p16/gdas.wave.t18z.global.0p16.f003.grib2', 'gdas.20241124/18/products/wave/gridded/global.0p16/gdas.wave.t18z.global.0p16.f006.grib2', 'gdas.20241124/18/products/wave/gridded/global.0p16/gdas.wave.t18z.global.0p16.f003.grib2.idx', 'gdas.20241124/18/products/wave/gridded/gsouth.0p25/gdas.wave.t18z.gsouth.0p25.f003.grib2.idx', 'gdas.20241124/18/products/wave/gridded/gsouth.0p25/gdas.wave.t18z.gsouth.0p25.f000.grib2', 'gdas.20241124/18/products/wave/gridded/gsouth.0p25/gdas.wave.t18z.gsouth.0p25.f006.grib2', 'gdas.20241124/18/products/wave/gridded/gsouth.0p25/gdas.wave.t18z.gsouth.0p25.f000.grib2.idx', 'gdas.20241124/18/products/wave/gridded/gsouth.0p25/gdas.wave.t18z.gsouth.0p25.f006.grib2.idx', 'gdas.20241124/18/products/wave/gridded/gsouth.0p25/gdas.wave.t18z.gsouth.0p25.f009.grib2', 'gdas.20241124/18/products/wave/gridded/gsouth.0p25/gdas.wave.t18z.gsouth.0p25.f003.grib2', 'gdas.20241124/18/products/wave/gridded/gsouth.0p25/gdas.wave.t18z.gsouth.0p25.f009.grib2.idx', 'gdas.20241124/18/products/wave/station/gdas.wave.t18z.cbull.tar', 'gdas.20241124/18/products/wave/station/gdas.wave.t18z.ibp.tar', 'gdas.20241124/18/products/wave/station/gdas.wave.t18z.spec.tar.gz', 'gdas.20241124/18/products/wave/station/gdas.wave.t18z.ibpcbull.tar', 'gdas.20241124/18/products/wave/station/gdas.wave.t18z.bull.tar', 'gdas.20241124/18/products/wave/station/gdas.wave.t18z.ibpbull.tar'][0m
[38;21m2025-06-16 20:47:05,463 - INFO     - archive     : BEGIN: pygfs.task.archive._has_rstprod[0m
[38;5;39m2025-06-16 20:47:05,463 - DEBUG    - archive     : ( ['gdas.20241124/18/products/wave/gridded/global.0p25/gdas.wave.t18z.global.0p25.f003.grib2.idx', 'gdas.20241124/18/products/wave/gridded/global.0p25/gdas.wave.t18z.global.0p25.f003.grib2', 'gdas.20241124/18/products/wave/gridded/global.0p25/gdas.wave.t18z.global.0p25.f000.grib2.idx', 'gdas.20241124/18/products/wave/gridded/global.0p25/gdas.wave.t18z.global.0p25.f006.grib2.idx', 'gdas.20241124/18/products/wave/gridded/global.0p25/gdas.wave.t18z.global.0p25.f000.grib2', 'gdas.20241124/18/products/wave/gridded/global.0p25/gdas.wave.t18z.global.0p25.f006.grib2', 'gdas.20241124/18/products/wave/gridded/global.0p25/gdas.wave.t18z.global.0p25.f009.grib2', 'gdas.20241124/18/products/wave/gridded/global.0p25/gdas.wave.t18z.global.0p25.f009.grib2.idx', 'gdas.20241124/18/products/wave/gridded/atlocn.0p16/gdas.wave.t18z.atlocn.0p16.f006.grib2', 'gdas.20241124/18/products/wave/gridded/atlocn.0p16/gdas.wave.t18z.atlocn.0p16.f003.grib2', 'gdas.20241124/18/products/wave/gridded/atlocn.0p16/gdas.wave.t18z.atlocn.0p16.f000.grib2.idx', 'gdas.20241124/18/products/wave/gridded/atlocn.0p16/gdas.wave.t18z.atlocn.0p16.f000.grib2', 'gdas.20241124/18/products/wave/gridded/atlocn.0p16/gdas.wave.t18z.atlocn.0p16.f009.grib2.idx', 'gdas.20241124/18/products/wave/gridded/atlocn.0p16/gdas.wave.t18z.atlocn.0p16.f006.grib2.idx', 'gdas.20241124/18/products/wave/gridded/atlocn.0p16/gdas.wave.t18z.atlocn.0p16.f003.grib2.idx', 'gdas.20241124/18/products/wave/gridded/atlocn.0p16/gdas.wave.t18z.atlocn.0p16.f009.grib2', 'gdas.20241124/18/products/wave/gridded/epacif.0p16/gdas.wave.t18z.epacif.0p16.f006.grib2', 'gdas.20241124/18/products/wave/gridded/epacif.0p16/gdas.wave.t18z.epacif.0p16.f000.grib2', 'gdas.20241124/18/products/wave/gridded/epacif.0p16/gdas.wave.t18z.epacif.0p16.f003.grib2', 'gdas.20241124/18/products/wave/gridded/epacif.0p16/gdas.wave.t18z.epacif.0p16.f003.grib2.idx', 'gdas.20241124/18/products/wave/gridded/epacif.0p16/gdas.wave.t18z.epacif.0p16.f000.grib2.idx', 'gdas.20241124/18/products/wave/gridded/epacif.0p16/gdas.wave.t18z.epacif.0p16.f006.grib2.idx', 'gdas.20241124/18/products/wave/gridded/epacif.0p16/gdas.wave.t18z.epacif.0p16.f009.grib2', 'gdas.20241124/18/products/wave/gridded/epacif.0p16/gdas.wave.t18z.epacif.0p16.f009.grib2.idx', 'gdas.20241124/18/products/wave/gridded/wcoast.0p16/gdas.wave.t18z.wcoast.0p16.f009.grib2.idx', 'gdas.20241124/18/products/wave/gridded/wcoast.0p16/gdas.wave.t18z.wcoast.0p16.f006.grib2', 'gdas.20241124/18/products/wave/gridded/wcoast.0p16/gdas.wave.t18z.wcoast.0p16.f003.grib2', 'gdas.20241124/18/products/wave/gridded/wcoast.0p16/gdas.wave.t18z.wcoast.0p16.f009.grib2', 'gdas.20241124/18/products/wave/gridded/wcoast.0p16/gdas.wave.t18z.wcoast.0p16.f003.grib2.idx', 'gdas.20241124/18/products/wave/gridded/wcoast.0p16/gdas.wave.t18z.wcoast.0p16.f000.grib2.idx', 'gdas.20241124/18/products/wave/gridded/wcoast.0p16/gdas.wave.t18z.wcoast.0p16.f000.grib2', 'gdas.20241124/18/products/wave/gridded/wcoast.0p16/gdas.wave.t18z.wcoast.0p16.f006.grib2.idx', 'gdas.20241124/18/products/wave/gridded/global.0p50/gdas.wave.t18z.global.0p50.f003.grib2.idx', 'gdas.20241124/18/products/wave/gridded/global.0p50/gdas.wave.t18z.global.0p50.f009.grib2.idx', 'gdas.20241124/18/products/wave/gridded/global.0p50/gdas.wave.t18z.global.0p50.f006.grib2.idx', 'gdas.20241124/18/products/wave/gridded/global.0p50/gdas.wave.t18z.global.0p50.f006.grib2', 'gdas.20241124/18/products/wave/gridded/global.0p50/gdas.wave.t18z.global.0p50.f009.grib2', 'gdas.20241124/18/products/wave/gridded/global.0p50/gdas.wave.t18z.global.0p50.f000.grib2', 'gdas.20241124/18/products/wave/gridded/global.0p50/gdas.wave.t18z.global.0p50.f000.grib2.idx', 'gdas.20241124/18/products/wave/gridded/global.0p50/gdas.wave.t18z.global.0p50.f003.grib2', 'gdas.20241124/18/products/wave/gridded/arctic.9km/gdas.wave.t18z.arctic.9km.f000.grib2', 'gdas.20241124/18/products/wave/gridded/arctic.9km/gdas.wave.t18z.arctic.9km.f003.grib2.idx', 'gdas.20241124/18/products/wave/gridded/arctic.9km/gdas.wave.t18z.arctic.9km.f003.grib2', 'gdas.20241124/18/products/wave/gridded/arctic.9km/gdas.wave.t18z.arctic.9km.f009.grib2', 'gdas.20241124/18/products/wave/gridded/arctic.9km/gdas.wave.t18z.arctic.9km.f006.grib2', 'gdas.20241124/18/products/wave/gridded/arctic.9km/gdas.wave.t18z.arctic.9km.f000.grib2.idx', 'gdas.20241124/18/products/wave/gridded/arctic.9km/gdas.wave.t18z.arctic.9km.f006.grib2.idx', 'gdas.20241124/18/products/wave/gridded/arctic.9km/gdas.wave.t18z.arctic.9km.f009.grib2.idx', 'gdas.20241124/18/products/wave/gridded/global.0p16/gdas.wave.t18z.global.0p16.f000.grib2.idx', 'gdas.20241124/18/products/wave/gridded/global.0p16/gdas.wave.t18z.global.0p16.f009.grib2.idx', 'gdas.20241124/18/products/wave/gridded/global.0p16/gdas.wave.t18z.global.0p16.f000.grib2', 'gdas.20241124/18/products/wave/gridded/global.0p16/gdas.wave.t18z.global.0p16.f009.grib2', 'gdas.20241124/18/products/wave/gridded/global.0p16/gdas.wave.t18z.global.0p16.f006.grib2.idx', 'gdas.20241124/18/products/wave/gridded/global.0p16/gdas.wave.t18z.global.0p16.f003.grib2', 'gdas.20241124/18/products/wave/gridded/global.0p16/gdas.wave.t18z.global.0p16.f006.grib2', 'gdas.20241124/18/products/wave/gridded/global.0p16/gdas.wave.t18z.global.0p16.f003.grib2.idx', 'gdas.20241124/18/products/wave/gridded/gsouth.0p25/gdas.wave.t18z.gsouth.0p25.f003.grib2.idx', 'gdas.20241124/18/products/wave/gridded/gsouth.0p25/gdas.wave.t18z.gsouth.0p25.f000.grib2', 'gdas.20241124/18/products/wave/gridded/gsouth.0p25/gdas.wave.t18z.gsouth.0p25.f006.grib2', 'gdas.20241124/18/products/wave/gridded/gsouth.0p25/gdas.wave.t18z.gsouth.0p25.f000.grib2.idx', 'gdas.20241124/18/products/wave/gridded/gsouth.0p25/gdas.wave.t18z.gsouth.0p25.f006.grib2.idx', 'gdas.20241124/18/products/wave/gridded/gsouth.0p25/gdas.wave.t18z.gsouth.0p25.f009.grib2', 'gdas.20241124/18/products/wave/gridded/gsouth.0p25/gdas.wave.t18z.gsouth.0p25.f003.grib2', 'gdas.20241124/18/products/wave/gridded/gsouth.0p25/gdas.wave.t18z.gsouth.0p25.f009.grib2.idx', 'gdas.20241124/18/products/wave/station/gdas.wave.t18z.cbull.tar', 'gdas.20241124/18/products/wave/station/gdas.wave.t18z.ibp.tar', 'gdas.20241124/18/products/wave/station/gdas.wave.t18z.spec.tar.gz', 'gdas.20241124/18/products/wave/station/gdas.wave.t18z.ibpcbull.tar', 'gdas.20241124/18/products/wave/station/gdas.wave.t18z.bull.tar', 'gdas.20241124/18/products/wave/station/gdas.wave.t18z.ibpbull.tar'] )[0m
[38;21m2025-06-16 20:47:05,492 - INFO     - archive     :   END: pygfs.task.archive._has_rstprod[0m
[38;5;39m2025-06-16 20:47:05,492 - DEBUG    - archive     :  returning: False[0m
[38;21m2025-06-16 20:47:05,493 - INFO     - archive     : BEGIN: pygfs.task.archive._create_datasets_yaml[0m
[38;5;39m2025-06-16 20:47:05,493 - DEBUG    - archive     : ( <pygfs.task.archive.Archive object at 0x14e86eb8dd30>, [{'name': 'GDAS', 'target': '/5year/NCEPDEV/emc-global/emc.glopara/WCOSS2/GFSv17/retrotestgfs10/2024112418/gdas.tar', 'required': ['logs/2024112418/gdas_atmanlprod.log', 'logs/2024112418/gdas_prep.log', 'logs/2024112418/gdas_anal.log', 'logs/2024112418/gdas_analdiag.log', 'logs/2024112418/gdas_atmanlupp.log', 'logs/2024112418/gdas_prepoceanobs.log', 'logs/2024112418/gdas_marineanlinit.log', 'logs/2024112418/gdas_marinebmat.log', 'logs/2024112418/gdas_marineanlvar.log', 'logs/2024112418/gdas_marineanlfinal.log', 'logs/2024112418/gdas_marineanlchkpt.log', 'logs/2024112418/gdas_ocnanalecen.log', 'logs/2024112418/gdas_snowanl.log', 'gdas.20241124/18/products/atmos/grib2/0p25/gdas.t18z.pgrb2.0p25.anl', 'gdas.20241124/18/products/atmos/grib2/0p25/gdas.t18z.pgrb2.0p25.anl.idx', 'gdas.20241124/18/products/atmos/grib2/1p00/gdas.t18z.pgrb2.1p00.anl', 'gdas.20241124/18/products/atmos/grib2/1p00/gdas.t18z.pgrb2.1p00.anl.idx', 'gdas.20241124/18/analysis/atmos/gdas.t18z.atmanl.nc', 'gdas.20241124/18/analysis/atmos/gdas.t18z.sfcanl.nc', 'gdas.20241124/18/analysis/atmos/gdas.t18z.atmanl.ensres.nc', 'gdas.20241124/18/analysis/atmos/gdas.t18z.atma003.ensres.nc', 'gdas.20241124/18/analysis/atmos/gdas.t18z.atma009.ensres.nc', 'gdas.20241124/18/analysis/atmos/gdas.t18z.gsistat', 'gdas.20241124/18/analysis/atmos/gdas.t18z.cnvstat', 'gdas.20241124/18/analysis/atmos/gdas.t18z.oznstat', 'gdas.20241124/18/analysis/atmos/gdas.t18z.radstat', 'gdas.20241124/18/analysis/atmos/gdas.t18z.abias', 'gdas.20241124/18/analysis/atmos/gdas.t18z.abias_air', 'gdas.20241124/18/analysis/atmos/gdas.t18z.abias_pc', 'gdas.20241124/18/analysis/atmos/gdas.t18z.abias_int', 'gdas.20241124/18/analysis/snow/snowinc.20241124.180000.sfc_data.tile1.nc', 'gdas.20241124/18/analysis/snow/20241124.180000.sfc_data.tile1.nc', 'gdas.20241124/18/analysis/snow/snowinc.20241124.180000.sfc_data.tile2.nc', 'gdas.20241124/18/analysis/snow/20241124.180000.sfc_data.tile2.nc', 'gdas.20241124/18/analysis/snow/snowinc.20241124.180000.sfc_data.tile3.nc', 'gdas.20241124/18/analysis/snow/20241124.180000.sfc_data.tile3.nc', 'gdas.20241124/18/analysis/snow/snowinc.20241124.180000.sfc_data.tile4.nc', 'gdas.20241124/18/analysis/snow/20241124.180000.sfc_data.tile4.nc', 'gdas.20241124/18/analysis/snow/snowinc.20241124.180000.sfc_data.tile5.nc', 'gdas.20241124/18/analysis/snow/20241124.180000.sfc_data.tile5.nc', 'gdas.20241124/18/analysis/snow/snowinc.20241124.180000.sfc_data.tile6.nc', 'gdas.20241124/18/analysis/snow/20241124.180000.sfc_data.tile6.nc', 'gdas.20241124/18/analysis/snow/gdas.t18z.snowstat.tgz', 'gdas.20241124/18/conf/gdas.t18z.snowanlvar.yaml', 'gdas.20241124/18/products/atmos/oznmon/time/bad_cnt.2024112418', 'gdas.20241124/18/products/atmos/oznmon/time/bad_diag.2024112418', 'gdas.20241124/18/products/atmos/oznmon/time/bad_pen.2024112418', 'gdas.20241124/18/products/atmos/oznmon/time/stdout.time.tar.gz', 'gdas.20241124/18/products/atmos/oznmon/horiz/stdout.horiz.tar.gz', 'logs/2024112418/gdas_verfozn.log', 'gdas.20241124/18/products/atmos/radmon/radmon_angle.tar.gz', 'gdas.20241124/18/products/atmos/radmon/radmon_bcoef.tar.gz', 'gdas.20241124/18/products/atmos/radmon/radmon_bcor.tar.gz', 'gdas.20241124/18/products/atmos/radmon/radmon_time.tar.gz', 'logs/2024112418/gdas_verfrad.log', 'gdas.20241124/18/products/atmos/minmon/2024112418.costs.txt', 'gdas.20241124/18/products/atmos/minmon/2024112418.cost_terms.txt', 'gdas.20241124/18/products/atmos/minmon/2024112418.gnorms.ieee_d', 'gdas.20241124/18/products/atmos/minmon/2024112418.reduction.ieee_d', 'gdas.20241124/18/products/atmos/minmon/gnorm_data.txt', 'logs/2024112418/gdas_vminmon.log', 'logs/2024112418/gdas_fcst_seg0.log', 'logs/2024112418/gdas_atmos_prod_f000.log', 'gdas.20241124/18/products/atmos/grib2/0p25/gdas.t18z.pgrb2.0p25.f000', 'gdas.20241124/18/products/atmos/grib2/0p25/gdas.t18z.pgrb2.0p25.f000.idx', 'gdas.20241124/18/products/atmos/grib2/1p00/gdas.t18z.pgrb2.1p00.f000', 'gdas.20241124/18/products/atmos/grib2/1p00/gdas.t18z.pgrb2.1p00.f000.idx', 'gdas.20241124/18/model/atmos/master/gdas.t18z.sfluxgrbf000.grib2', 'gdas.20241124/18/model/atmos/master/gdas.t18z.sfluxgrbf000.grib2.idx', 'gdas.20241124/18/model/atmos/history/gdas.t18z.atm.logf000.txt', 'gdas.20241124/18/model/atmos/history/gdas.t18z.atmf000.nc', 'gdas.20241124/18/model/atmos/history/gdas.t18z.sfcf000.nc', 'logs/2024112418/gdas_atmos_prod_f003.log', 'gdas.20241124/18/products/atmos/grib2/0p25/gdas.t18z.pgrb2.0p25.f003', 'gdas.20241124/18/products/atmos/grib2/0p25/gdas.t18z.pgrb2.0p25.f003.idx', 'gdas.20241124/18/products/atmos/grib2/1p00/gdas.t18z.pgrb2.1p00.f003', 'gdas.20241124/18/products/atmos/grib2/1p00/gdas.t18z.pgrb2.1p00.f003.idx', 'gdas.20241124/18/model/atmos/master/gdas.t18z.sfluxgrbf003.grib2', 'gdas.20241124/18/model/atmos/master/gdas.t18z.sfluxgrbf003.grib2.idx', 'gdas.20241124/18/model/atmos/history/gdas.t18z.atm.logf003.txt', 'gdas.20241124/18/model/atmos/history/gdas.t18z.atmf003.nc', 'gdas.20241124/18/model/atmos/history/gdas.t18z.sfcf003.nc', 'logs/2024112418/gdas_atmos_prod_f006.log', 'gdas.20241124/18/products/atmos/grib2/0p25/gdas.t18z.pgrb2.0p25.f006', 'gdas.20241124/18/products/atmos/grib2/0p25/gdas.t18z.pgrb2.0p25.f006.idx', 'gdas.20241124/18/products/atmos/grib2/1p00/gdas.t18z.pgrb2.1p00.f006', 'gdas.20241124/18/products/atmos/grib2/1p00/gdas.t18z.pgrb2.1p00.f006.idx', 'gdas.20241124/18/model/atmos/master/gdas.t18z.sfluxgrbf006.grib2', 'gdas.20241124/18/model/atmos/master/gdas.t18z.sfluxgrbf006.grib2.idx', 'gdas.20241124/18/model/atmos/history/gdas.t18z.atm.logf006.txt', 'gdas.20241124/18/model/atmos/history/gdas.t18z.atmf006.nc', 'gdas.20241124/18/model/atmos/history/gdas.t18z.sfcf006.nc', 'logs/2024112418/gdas_atmos_prod_f009.log', 'gdas.20241124/18/products/atmos/grib2/0p25/gdas.t18z.pgrb2.0p25.f009', 'gdas.20241124/18/products/atmos/grib2/0p25/gdas.t18z.pgrb2.0p25.f009.idx', 'gdas.20241124/18/products/atmos/grib2/1p00/gdas.t18z.pgrb2.1p00.f009', 'gdas.20241124/18/products/atmos/grib2/1p00/gdas.t18z.pgrb2.1p00.f009.idx', 'gdas.20241124/18/model/atmos/master/gdas.t18z.sfluxgrbf009.grib2', 'gdas.20241124/18/model/atmos/master/gdas.t18z.sfluxgrbf009.grib2.idx', 'gdas.20241124/18/model/atmos/history/gdas.t18z.atm.logf009.txt', 'gdas.20241124/18/model/atmos/history/gdas.t18z.atmf009.nc', 'gdas.20241124/18/model/atmos/history/gdas.t18z.sfcf009.nc'], 'optional': ['gdas.20241124/18/products/atmos/radmon/bad_diag.2024112418', 'gdas.20241124/18/products/atmos/radmon/bad_pen.2024112418', 'gdas.20241124/18/products/atmos/radmon/low_count.2024112418', 'gdas.20241124/18/products/atmos/radmon/warning.2024112418', 'gdas.20241124/18/products/atmos/oznmon/horiz/gome_metop-b.anl.ctl', 'gdas.20241124/18/products/atmos/oznmon/horiz/gome_metop-b.anl.2024112418.ieee_d.gz', 'gdas.20241124/18/products/atmos/oznmon/horiz/gome_metop-b.ges.ctl', 'gdas.20241124/18/products/atmos/oznmon/horiz/gome_metop-b.ges.2024112418.ieee_d.gz', 'gdas.20241124/18/products/atmos/oznmon/horiz/omi_aura.anl.ctl', 'gdas.20241124/18/products/atmos/oznmon/horiz/omi_aura.anl.2024112418.ieee_d.gz', 'gdas.20241124/18/products/atmos/oznmon/horiz/omi_aura.ges.ctl', 'gdas.20241124/18/products/atmos/oznmon/horiz/omi_aura.ges.2024112418.ieee_d.gz', 'gdas.20241124/18/products/atmos/oznmon/horiz/ompslp_npp.anl.ctl', 'gdas.20241124/18/products/atmos/oznmon/horiz/ompslp_npp.anl.2024112418.ieee_d.gz', 'gdas.20241124/18/products/atmos/oznmon/horiz/ompslp_npp.ges.ctl', 'gdas.20241124/18/products/atmos/oznmon/horiz/ompslp_npp.ges.2024112418.ieee_d.gz', 'gdas.20241124/18/products/atmos/oznmon/horiz/ompsnp_n20.anl.ctl', 'gdas.20241124/18/products/atmos/oznmon/horiz/ompsnp_n20.anl.2024112418.ieee_d.gz', 'gdas.20241124/18/products/atmos/oznmon/horiz/ompsnp_n20.ges.ctl', 'gdas.20241124/18/products/atmos/oznmon/horiz/ompsnp_n20.ges.2024112418.ieee_d.gz', 'gdas.20241124/18/products/atmos/oznmon/horiz/ompsnp_npp.anl.ctl', 'gdas.20241124/18/products/atmos/oznmon/horiz/ompsnp_npp.anl.2024112418.ieee_d.gz', 'gdas.20241124/18/products/atmos/oznmon/horiz/ompsnp_npp.ges.ctl', 'gdas.20241124/18/products/atmos/oznmon/horiz/ompsnp_npp.ges.2024112418.ieee_d.gz', 'gdas.20241124/18/products/atmos/oznmon/horiz/ompstc8_n20.anl.ctl', 'gdas.20241124/18/products/atmos/oznmon/horiz/ompstc8_n20.anl.2024112418.ieee_d.gz', 'gdas.20241124/18/products/atmos/oznmon/horiz/ompstc8_n20.ges.ctl', 'gdas.20241124/18/products/atmos/oznmon/horiz/ompstc8_n20.ges.2024112418.ieee_d.gz', 'gdas.20241124/18/products/atmos/oznmon/horiz/ompstc8_npp.anl.ctl', 'gdas.20241124/18/products/atmos/oznmon/horiz/ompstc8_npp.anl.2024112418.ieee_d.gz', 'gdas.20241124/18/products/atmos/oznmon/horiz/ompstc8_npp.ges.ctl', 'gdas.20241124/18/products/atmos/oznmon/horiz/ompstc8_npp.ges.2024112418.ieee_d.gz', 'gdas.20241124/18/products/atmos/oznmon/horiz/sbuv2_n19.anl.ctl', 'gdas.20241124/18/products/atmos/oznmon/horiz/sbuv2_n19.anl.2024112418.ieee_d.gz', 'gdas.20241124/18/products/atmos/oznmon/horiz/sbuv2_n19.ges.ctl', 'gdas.20241124/18/products/atmos/oznmon/horiz/sbuv2_n19.ges.2024112418.ieee_d.gz', 'gdas.20241124/18/products/atmos/oznmon/time/gome_metop-b.anl.ctl', 'gdas.20241124/18/products/atmos/oznmon/time/gome_metop-b.anl.2024112418.ieee_d', 'gdas.20241124/18/products/atmos/oznmon/time/gome_metop-b.ges.ctl', 'gdas.20241124/18/products/atmos/oznmon/time/gome_metop-b.ges.2024112418.ieee_d', 'gdas.20241124/18/products/atmos/oznmon/time/omi_aura.anl.ctl', 'gdas.20241124/18/products/atmos/oznmon/time/omi_aura.anl.2024112418.ieee_d', 'gdas.20241124/18/products/atmos/oznmon/time/omi_aura.ges.ctl', 'gdas.20241124/18/products/atmos/oznmon/time/omi_aura.ges.2024112418.ieee_d', 'gdas.20241124/18/products/atmos/oznmon/time/ompslp_npp.anl.ctl', 'gdas.20241124/18/products/atmos/oznmon/time/ompslp_npp.anl.2024112418.ieee_d', 'gdas.20241124/18/products/atmos/oznmon/time/ompslp_npp.ges.ctl', 'gdas.20241124/18/products/atmos/oznmon/time/ompslp_npp.ges.2024112418.ieee_d', 'gdas.20241124/18/products/atmos/oznmon/time/ompsnp_n20.anl.ctl', 'gdas.20241124/18/products/atmos/oznmon/time/ompsnp_n20.anl.2024112418.ieee_d', 'gdas.20241124/18/products/atmos/oznmon/time/ompsnp_n20.ges.ctl', 'gdas.20241124/18/products/atmos/oznmon/time/ompsnp_n20.ges.2024112418.ieee_d', 'gdas.20241124/18/products/atmos/oznmon/time/ompsnp_npp.anl.ctl', 'gdas.20241124/18/products/atmos/oznmon/time/ompsnp_npp.anl.2024112418.ieee_d', 'gdas.20241124/18/products/atmos/oznmon/time/ompsnp_npp.ges.ctl', 'gdas.20241124/18/products/atmos/oznmon/time/ompsnp_npp.ges.2024112418.ieee_d', 'gdas.20241124/18/products/atmos/oznmon/time/ompstc8_n20.anl.ctl', 'gdas.20241124/18/products/atmos/oznmon/time/ompstc8_n20.anl.2024112418.ieee_d', 'gdas.20241124/18/products/atmos/oznmon/time/ompstc8_n20.ges.ctl', 'gdas.20241124/18/products/atmos/oznmon/time/ompstc8_n20.ges.2024112418.ieee_d', 'gdas.20241124/18/products/atmos/oznmon/time/ompstc8_npp.anl.ctl', 'gdas.20241124/18/products/atmos/oznmon/time/ompstc8_npp.anl.2024112418.ieee_d', 'gdas.20241124/18/products/atmos/oznmon/time/ompstc8_npp.ges.ctl', 'gdas.20241124/18/products/atmos/oznmon/time/ompstc8_npp.ges.2024112418.ieee_d', 'gdas.20241124/18/products/atmos/oznmon/time/sbuv2_n19.anl.ctl', 'gdas.20241124/18/products/atmos/oznmon/time/sbuv2_n19.anl.2024112418.ieee_d', 'gdas.20241124/18/products/atmos/oznmon/time/sbuv2_n19.ges.ctl', 'gdas.20241124/18/products/atmos/oznmon/time/sbuv2_n19.ges.2024112418.ieee_d'], 'fileset': ['logs/2024112418/gdas_atmanlprod.log', 'logs/2024112418/gdas_prep.log', 'logs/2024112418/gdas_anal.log', 'logs/2024112418/gdas_analdiag.log', 'logs/2024112418/gdas_atmanlupp.log', 'logs/2024112418/gdas_prepoceanobs.log', 'logs/2024112418/gdas_marineanlinit.log', 'logs/2024112418/gdas_marinebmat.log', 'logs/2024112418/gdas_marineanlvar.log', 'logs/2024112418/gdas_marineanlfinal.log', 'logs/2024112418/gdas_marineanlchkpt.log', 'logs/2024112418/gdas_ocnanalecen.log', 'logs/2024112418/gdas_snowanl.log', 'gdas.20241124/18/products/atmos/grib2/0p25/gdas.t18z.pgrb2.0p25.anl', 'gdas.20241124/18/products/atmos/grib2/0p25/gdas.t18z.pgrb2.0p25.anl.idx', 'gdas.20241124/18/products/atmos/grib2/1p00/gdas.t18z.pgrb2.1p00.anl', 'gdas.20241124/18/products/atmos/grib2/1p00/gdas.t18z.pgrb2.1p00.anl.idx', 'gdas.20241124/18/analysis/atmos/gdas.t18z.atmanl.nc', 'gdas.20241124/18/analysis/atmos/gdas.t18z.sfcanl.nc', 'gdas.20241124/18/analysis/atmos/gdas.t18z.atmanl.ensres.nc', 'gdas.20241124/18/analysis/atmos/gdas.t18z.atma003.ensres.nc', 'gdas.20241124/18/analysis/atmos/gdas.t18z.atma009.ensres.nc', 'gdas.20241124/18/analysis/atmos/gdas.t18z.gsistat', 'gdas.20241124/18/analysis/atmos/gdas.t18z.cnvstat', 'gdas.20241124/18/analysis/atmos/gdas.t18z.oznstat', 'gdas.20241124/18/analysis/atmos/gdas.t18z.radstat', 'gdas.20241124/18/analysis/atmos/gdas.t18z.abias', 'gdas.20241124/18/analysis/atmos/gdas.t18z.abias_air', 'gdas.20241124/18/analysis/atmos/gdas.t18z.abias_pc', 'gdas.20241124/18/analysis/atmos/gdas.t18z.abias_int', 'gdas.20241124/18/analysis/snow/snowinc.20241124.180000.sfc_data.tile1.nc', 'gdas.20241124/18/analysis/snow/20241124.180000.sfc_data.tile1.nc', 'gdas.20241124/18/analysis/snow/snowinc.20241124.180000.sfc_data.tile2.nc', 'gdas.20241124/18/analysis/snow/20241124.180000.sfc_data.tile2.nc', 'gdas.20241124/18/analysis/snow/snowinc.20241124.180000.sfc_data.tile3.nc', 'gdas.20241124/18/analysis/snow/20241124.180000.sfc_data.tile3.nc', 'gdas.20241124/18/analysis/snow/snowinc.20241124.180000.sfc_data.tile4.nc', 'gdas.20241124/18/analysis/snow/20241124.180000.sfc_data.tile4.nc', 'gdas.20241124/18/analysis/snow/snowinc.20241124.180000.sfc_data.tile5.nc', 'gdas.20241124/18/analysis/snow/20241124.180000.sfc_data.tile5.nc', 'gdas.20241124/18/analysis/snow/snowinc.20241124.180000.sfc_data.tile6.nc', 'gdas.20241124/18/analysis/snow/20241124.180000.sfc_data.tile6.nc', 'gdas.20241124/18/analysis/snow/gdas.t18z.snowstat.tgz', 'gdas.20241124/18/conf/gdas.t18z.snowanlvar.yaml', 'gdas.20241124/18/products/atmos/oznmon/time/bad_cnt.2024112418', 'gdas.20241124/18/products/atmos/oznmon/time/bad_diag.2024112418', 'gdas.20241124/18/products/atmos/oznmon/time/bad_pen.2024112418', 'gdas.20241124/18/products/atmos/oznmon/time/stdout.time.tar.gz', 'gdas.20241124/18/products/atmos/oznmon/horiz/stdout.horiz.tar.gz', 'logs/2024112418/gdas_verfozn.log', 'gdas.20241124/18/products/atmos/radmon/radmon_angle.tar.gz', 'gdas.20241124/18/products/atmos/radmon/radmon_bcoef.tar.gz', 'gdas.20241124/18/products/atmos/radmon/radmon_bcor.tar.gz', 'gdas.20241124/18/products/atmos/radmon/radmon_time.tar.gz', 'logs/2024112418/gdas_verfrad.log', 'gdas.20241124/18/products/atmos/minmon/2024112418.costs.txt', 'gdas.20241124/18/products/atmos/minmon/2024112418.cost_terms.txt', 'gdas.20241124/18/products/atmos/minmon/2024112418.gnorms.ieee_d', 'gdas.20241124/18/products/atmos/minmon/2024112418.reduction.ieee_d', 'gdas.20241124/18/products/atmos/minmon/gnorm_data.txt', 'logs/2024112418/gdas_vminmon.log', 'logs/2024112418/gdas_fcst_seg0.log', 'logs/2024112418/gdas_atmos_prod_f000.log', 'gdas.20241124/18/products/atmos/grib2/0p25/gdas.t18z.pgrb2.0p25.f000', 'gdas.20241124/18/products/atmos/grib2/0p25/gdas.t18z.pgrb2.0p25.f000.idx', 'gdas.20241124/18/products/atmos/grib2/1p00/gdas.t18z.pgrb2.1p00.f000', 'gdas.20241124/18/products/atmos/grib2/1p00/gdas.t18z.pgrb2.1p00.f000.idx', 'gdas.20241124/18/model/atmos/master/gdas.t18z.sfluxgrbf000.grib2', 'gdas.20241124/18/model/atmos/master/gdas.t18z.sfluxgrbf000.grib2.idx', 'gdas.20241124/18/model/atmos/history/gdas.t18z.atm.logf000.txt', 'gdas.20241124/18/model/atmos/history/gdas.t18z.atmf000.nc', 'gdas.20241124/18/model/atmos/history/gdas.t18z.sfcf000.nc', 'logs/2024112418/gdas_atmos_prod_f003.log', 'gdas.20241124/18/products/atmos/grib2/0p25/gdas.t18z.pgrb2.0p25.f003', 'gdas.20241124/18/products/atmos/grib2/0p25/gdas.t18z.pgrb2.0p25.f003.idx', 'gdas.20241124/18/products/atmos/grib2/1p00/gdas.t18z.pgrb2.1p00.f003', 'gdas.20241124/18/products/atmos/grib2/1p00/gdas.t18z.pgrb2.1p00.f003.idx', 'gdas.20241124/18/model/atmos/master/gdas.t18z.sfluxgrbf003.grib2', 'gdas.20241124/18/model/atmos/master/gdas.t18z.sfluxgrbf003.grib2.idx', 'gdas.20241124/18/model/atmos/history/gdas.t18z.atm.logf003.txt', 'gdas.20241124/18/model/atmos/history/gdas.t18z.atmf003.nc', 'gdas.20241124/18/model/atmos/history/gdas.t18z.sfcf003.nc', 'logs/2024112418/gdas_atmos_prod_f006.log', 'gdas.20241124/18/products/atmos/grib2/0p25/gdas.t18z.pgrb2.0p25.f006', 'gdas.20241124/18/products/atmos/grib2/0p25/gdas.t18z.pgrb2.0p25.f006.idx', 'gdas.20241124/18/products/atmos/grib2/1p00/gdas.t18z.pgrb2.1p00.f006', 'gdas.20241124/18/products/atmos/grib2/1p00/gdas.t18z.pgrb2.1p00.f006.idx', 'gdas.20241124/18/model/atmos/master/gdas.t18z.sfluxgrbf006.grib2', 'gdas.20241124/18/model/atmos/master/gdas.t18z.sfluxgrbf006.grib2.idx', 'gdas.20241124/18/model/atmos/history/gdas.t18z.atm.logf006.txt', 'gdas.20241124/18/model/atmos/history/gdas.t18z.atmf006.nc', 'gdas.20241124/18/model/atmos/history/gdas.t18z.sfcf006.nc', 'logs/2024112418/gdas_atmos_prod_f009.log', 'gdas.20241124/18/products/atmos/grib2/0p25/gdas.t18z.pgrb2.0p25.f009', 'gdas.20241124/18/products/atmos/grib2/0p25/gdas.t18z.pgrb2.0p25.f009.idx', 'gdas.20241124/18/products/atmos/grib2/1p00/gdas.t18z.pgrb2.1p00.f009', 'gdas.20241124/18/products/atmos/grib2/1p00/gdas.t18z.pgrb2.1p00.f009.idx', 'gdas.20241124/18/model/atmos/master/gdas.t18z.sfluxgrbf009.grib2', 'gdas.20241124/18/model/atmos/master/gdas.t18z.sfluxgrbf009.grib2.idx', 'gdas.20241124/18/model/atmos/history/gdas.t18z.atm.logf009.txt', 'gdas.20241124/18/model/atmos/history/gdas.t18z.atmf009.nc', 'gdas.20241124/18/model/atmos/history/gdas.t18z.sfcf009.nc', 'gdas.20241124/18/products/atmos/radmon/bad_diag.2024112418', 'gdas.20241124/18/products/atmos/radmon/bad_pen.2024112418', 'gdas.20241124/18/products/atmos/radmon/warning.2024112418', 'gdas.20241124/18/products/atmos/oznmon/horiz/omi_aura.anl.ctl', 'gdas.20241124/18/products/atmos/oznmon/horiz/omi_aura.anl.2024112418.ieee_d.gz', 'gdas.20241124/18/products/atmos/oznmon/horiz/omi_aura.ges.ctl', 'gdas.20241124/18/products/atmos/oznmon/horiz/omi_aura.ges.2024112418.ieee_d.gz', 'gdas.20241124/18/products/atmos/oznmon/horiz/ompslp_npp.anl.ctl', 'gdas.20241124/18/products/atmos/oznmon/horiz/ompslp_npp.anl.2024112418.ieee_d.gz', 'gdas.20241124/18/products/atmos/oznmon/horiz/ompslp_npp.ges.ctl', 'gdas.20241124/18/products/atmos/oznmon/horiz/ompslp_npp.ges.2024112418.ieee_d.gz', 'gdas.20241124/18/products/atmos/oznmon/horiz/ompsnp_n20.anl.ctl', 'gdas.20241124/18/products/atmos/oznmon/horiz/ompsnp_n20.anl.2024112418.ieee_d.gz', 'gdas.20241124/18/products/atmos/oznmon/horiz/ompsnp_n20.ges.ctl', 'gdas.20241124/18/products/atmos/oznmon/horiz/ompsnp_n20.ges.2024112418.ieee_d.gz', 'gdas.20241124/18/products/atmos/oznmon/horiz/ompsnp_npp.anl.ctl', 'gdas.20241124/18/products/atmos/oznmon/horiz/ompsnp_npp.anl.2024112418.ieee_d.gz', 'gdas.20241124/18/products/atmos/oznmon/horiz/ompsnp_npp.ges.ctl', 'gdas.20241124/18/products/atmos/oznmon/horiz/ompsnp_npp.ges.2024112418.ieee_d.gz', 'gdas.20241124/18/products/atmos/oznmon/horiz/ompstc8_n20.anl.ctl', 'gdas.20241124/18/products/atmos/oznmon/horiz/ompstc8_n20.anl.2024112418.ieee_d.gz', 'gdas.20241124/18/products/atmos/oznmon/horiz/ompstc8_n20.ges.ctl', 'gdas.20241124/18/products/atmos/oznmon/horiz/ompstc8_n20.ges.2024112418.ieee_d.gz', 'gdas.20241124/18/products/atmos/oznmon/horiz/ompstc8_npp.anl.ctl', 'gdas.20241124/18/products/atmos/oznmon/horiz/ompstc8_npp.anl.2024112418.ieee_d.gz', 'gdas.20241124/18/products/atmos/oznmon/horiz/ompstc8_npp.ges.ctl', 'gdas.20241124/18/products/atmos/oznmon/horiz/ompstc8_npp.ges.2024112418.ieee_d.gz', 'gdas.20241124/18/products/atmos/oznmon/time/omi_aura.anl.ctl', 'gdas.20241124/18/products/atmos/oznmon/time/omi_aura.anl.2024112418.ieee_d', 'gdas.20241124/18/products/atmos/oznmon/time/omi_aura.ges.ctl', 'gdas.20241124/18/products/atmos/oznmon/time/omi_aura.ges.2024112418.ieee_d', 'gdas.20241124/18/products/atmos/oznmon/time/ompslp_npp.anl.ctl', 'gdas.20241124/18/products/atmos/oznmon/time/ompslp_npp.anl.2024112418.ieee_d', 'gdas.20241124/18/products/atmos/oznmon/time/ompslp_npp.ges.ctl', 'gdas.20241124/18/products/atmos/oznmon/time/ompslp_npp.ges.2024112418.ieee_d', 'gdas.20241124/18/products/atmos/oznmon/time/ompsnp_n20.anl.ctl', 'gdas.20241124/18/products/atmos/oznmon/time/ompsnp_n20.anl.2024112418.ieee_d', 'gdas.20241124/18/products/atmos/oznmon/time/ompsnp_n20.ges.ctl', 'gdas.20241124/18/products/atmos/oznmon/time/ompsnp_n20.ges.2024112418.ieee_d', 'gdas.20241124/18/products/atmos/oznmon/time/ompsnp_npp.anl.ctl', 'gdas.20241124/18/products/atmos/oznmon/time/ompsnp_npp.anl.2024112418.ieee_d', 'gdas.20241124/18/products/atmos/oznmon/time/ompsnp_npp.ges.ctl', 'gdas.20241124/18/products/atmos/oznmon/time/ompsnp_npp.ges.2024112418.ieee_d', 'gdas.20241124/18/products/atmos/oznmon/time/ompstc8_n20.anl.ctl', 'gdas.20241124/18/products/atmos/oznmon/time/ompstc8_n20.anl.2024112418.ieee_d', 'gdas.20241124/18/products/atmos/oznmon/time/ompstc8_n20.ges.ctl', 'gdas.20241124/18/products/atmos/oznmon/time/ompstc8_n20.ges.2024112418.ieee_d', 'gdas.20241124/18/products/atmos/oznmon/time/ompstc8_npp.anl.ctl', 'gdas.20241124/18/products/atmos/oznmon/time/ompstc8_npp.anl.2024112418.ieee_d', 'gdas.20241124/18/products/atmos/oznmon/time/ompstc8_npp.ges.ctl', 'gdas.20241124/18/products/atmos/oznmon/time/ompstc8_npp.ges.2024112418.ieee_d'], 'has_rstprod': True}, {'name': 'GDASICE', 'target': '/5year/NCEPDEV/emc-global/emc.glopara/WCOSS2/GFSv17/retrotestgfs10/2024112418/gdasice.tar', 'required': ['gdas.20241124/18/model/ice/history/gdas.ice.t18z.ic.nc', 'gdas.20241124/18/model/ice/history/gdas.ice.t18z.inst.f003.nc', 'gdas.20241124/18/model/ice/history/gdas.ice.t18z.inst.f006.nc', 'gdas.20241124/18/model/ice/history/gdas.ice.t18z.inst.f009.nc', 'gdas.20241124/18/conf/ufs.ice_in'], 'fileset': ['gdas.20241124/18/model/ice/history/gdas.ice.t18z.ic.nc', 'gdas.20241124/18/model/ice/history/gdas.ice.t18z.inst.f003.nc', 'gdas.20241124/18/model/ice/history/gdas.ice.t18z.inst.f006.nc', 'gdas.20241124/18/model/ice/history/gdas.ice.t18z.inst.f009.nc', 'gdas.20241124/18/conf/ufs.ice_in'], 'has_rstprod': False}, {'name': 'GDASOCEAN', 'target': '/5year/NCEPDEV/emc-global/emc.glopara/WCOSS2/GFSv17/retrotestgfs10/2024112418/gdasocean.tar', 'required': ['gdas.20241124/18/model/ocean/history/gdas.ocean.t18z.inst.f000.nc', 'gdas.20241124/18/model/ocean/history/gdas.ocean.t18z.inst.f003.nc', 'gdas.20241124/18/model/ocean/history/gdas.ocean.t18z.inst.f006.nc', 'gdas.20241124/18/model/ocean/history/gdas.ocean.t18z.inst.f009.nc', 'gdas.20241124/18/conf/ufs.MOM_input'], 'fileset': ['gdas.20241124/18/model/ocean/history/gdas.ocean.t18z.inst.f000.nc', 'gdas.20241124/18/model/ocean/history/gdas.ocean.t18z.inst.f003.nc', 'gdas.20241124/18/model/ocean/history/gdas.ocean.t18z.inst.f006.nc', 'gdas.20241124/18/model/ocean/history/gdas.ocean.t18z.inst.f009.nc', 'gdas.20241124/18/conf/ufs.MOM_input'], 'has_rstprod': False}, {'name': 'GDASOCEAN_ANALYSIS', 'target': '/5year/NCEPDEV/emc-global/emc.glopara/WCOSS2/GFSv17/retrotestgfs10/2024112418/gdasocean_analysis.tar', 'required': ['gdas.20241124/18/analysis/ocean/gdas.t18z.ocninc.nc', 'gdas.20241124/18/analysis/ice/20241124.150000.cice_model_anl.res.nc', 'gdas.20241124/18/analysis/ocean/gdas.t18z.ocn.incr.nc', 'gdas.20241124/18/analysis/ocean/gdas.t18z.ocn.ana.nc', 'gdas.20241124/18/analysis/ocean/gdas.t18z.ice.incr.nc', 'gdas.20241124/18/analysis/ocean/gdas.t18z.ice.ana.nc', 'gdas.20241124/18/bmatrix/ocean/gdas.t18z.ocean.bkgerr_ens_stddev.nc', 'gdas.20241124/18/bmatrix/ice/gdas.t18z.ice.bkgerr_ens_stddev.nc', 'gdas.20241124/18/bmatrix/ice/gdas.t18z.ice.ens_weights.nc', 'gdas.20241124/18/bmatrix/ocean/gdas.t18z.ocean.ens_weights.nc', 'gdas.20241124/18/bmatrix/ocean/gdas.t18z.ocean.recentering_error.nc', 'gdas.20241124/18/bmatrix/ice/gdas.t18z.ice.recentering_error.nc', 'gdas.20241124/18/bmatrix/ocean/gdas.t18z.ocean.ssh_steric_stddev.nc', 'gdas.20241124/18/bmatrix/ocean/gdas.t18z.ocean.ssh_unbal_stddev.nc', 'gdas.20241124/18/bmatrix/ocean/gdas.t18z.ocean.ssh_total_stddev.nc', 'gdas.20241124/18/bmatrix/ocean/gdas.t18z.ocean.steric_explained_variance.nc', 'gdas.20241124/18/analysis/ocean/diags/gdas.t18z.ocn.*.stats.csv', 'gdas.20241124/18/analysis/ocean/diags/*.nc4', 'gdas.20241124/18/analysis/ocean/yaml/*.yaml'], 'fileset': ['gdas.20241124/18/analysis/ocean/gdas.t18z.ocninc.nc', 'gdas.20241124/18/analysis/ice/20241124.150000.cice_model_anl.res.nc', 'gdas.20241124/18/analysis/ocean/gdas.t18z.ocn.incr.nc', 'gdas.20241124/18/analysis/ocean/gdas.t18z.ocn.ana.nc', 'gdas.20241124/18/analysis/ocean/gdas.t18z.ice.incr.nc', 'gdas.20241124/18/analysis/ocean/gdas.t18z.ice.ana.nc', 'gdas.20241124/18/bmatrix/ocean/gdas.t18z.ocean.bkgerr_ens_stddev.nc', 'gdas.20241124/18/bmatrix/ice/gdas.t18z.ice.bkgerr_ens_stddev.nc', 'gdas.20241124/18/bmatrix/ice/gdas.t18z.ice.ens_weights.nc', 'gdas.20241124/18/bmatrix/ocean/gdas.t18z.ocean.ens_weights.nc', 'gdas.20241124/18/bmatrix/ocean/gdas.t18z.ocean.recentering_error.nc', 'gdas.20241124/18/bmatrix/ice/gdas.t18z.ice.recentering_error.nc', 'gdas.20241124/18/bmatrix/ocean/gdas.t18z.ocean.ssh_steric_stddev.nc', 'gdas.20241124/18/bmatrix/ocean/gdas.t18z.ocean.ssh_unbal_stddev.nc', 'gdas.20241124/18/bmatrix/ocean/gdas.t18z.ocean.ssh_total_stddev.nc', 'gdas.20241124/18/bmatrix/ocean/gdas.t18z.ocean.steric_explained_variance.nc', 'gdas.20241124/18/analysis/ocean/diags/gdas.t18z.ocn.icec_amsr2_north.stats.csv', 'gdas.20241124/18/analysis/ocean/diags/gdas.t18z.ocn.sst_viirs_n20_l3u.stats.csv', 'gdas.20241124/18/analysis/ocean/diags/gdas.t18z.ocn.icec_amsr2_south.stats.csv', 'gdas.20241124/18/analysis/ocean/diags/gdas.t18z.ocn.sst_viirs_npp_l3u.stats.csv', 'gdas.20241124/18/analysis/ocean/diags/gdas.t18z.ocn.sst_avhrr_mc_l3u.stats.csv', 'gdas.20241124/18/analysis/ocean/diags/gdas.t18z.ocn.insitu_profile_tropical.stats.csv', 'gdas.20241124/18/analysis/ocean/diags/gdas.t18z.ocn.sst_avhrr_mb_l3u.stats.csv', 'gdas.20241124/18/analysis/ocean/diags/gdas.t18z.ocn.sss_smos_l2.stats.csv', 'gdas.20241124/18/analysis/ocean/diags/gdas.t18z.ocn.sst_abi_g16_l3c.stats.csv', 'gdas.20241124/18/analysis/ocean/diags/sss_smos_l2.2024112418.nc4', 'gdas.20241124/18/analysis/ocean/diags/sst_abi_g16_l3c.2024112418.nc4', 'gdas.20241124/18/analysis/ocean/diags/icec_amsr2_north.2024112418.nc4', 'gdas.20241124/18/analysis/ocean/diags/sst_viirs_npp_l3u.2024112418.nc4', 'gdas.20241124/18/analysis/ocean/diags/sst_avhrr_mb_l3u.2024112418.nc4', 'gdas.20241124/18/analysis/ocean/diags/insitu_profile_tropical.2024112418.nc4', 'gdas.20241124/18/analysis/ocean/diags/icec_amsr2_south.2024112418.nc4', 'gdas.20241124/18/analysis/ocean/diags/sst_avhrr_mc_l3u.2024112418.nc4', 'gdas.20241124/18/analysis/ocean/diags/sst_viirs_n20_l3u.2024112418.nc4', 'gdas.20241124/18/analysis/ocean/yaml/socaincr2mom6.yaml', 'gdas.20241124/18/analysis/ocean/yaml/obsop_name_map.yaml', 'gdas.20241124/18/analysis/ocean/yaml/soca_diag_stats.yaml', 'gdas.20241124/18/analysis/ocean/yaml/soca_2cice_global.yaml', 'gdas.20241124/18/analysis/ocean/yaml/fields_metadata.yaml'], 'has_rstprod': False}, {'name': 'GDASWAVE', 'target': '/5year/NCEPDEV/emc-global/emc.glopara/WCOSS2/GFSv17/retrotestgfs10/2024112418/gdaswave.tar', 'required': ['gdas.20241124/18/products/wave/gridded/global.0p25/gdas.wave.t18z.*', 'gdas.20241124/18/products/wave/gridded/atlocn.0p16/gdas.wave.t18z.*', 'gdas.20241124/18/products/wave/gridded/epacif.0p16/gdas.wave.t18z.*', 'gdas.20241124/18/products/wave/gridded/wcoast.0p16/gdas.wave.t18z.*', 'gdas.20241124/18/products/wave/gridded/global.0p50/gdas.wave.t18z.*', 'gdas.20241124/18/products/wave/gridded/arctic.9km/gdas.wave.t18z.*', 'gdas.20241124/18/products/wave/gridded/global.0p16/gdas.wave.t18z.*', 'gdas.20241124/18/products/wave/gridded/gsouth.0p25/gdas.wave.t18z.*', 'gdas.20241124/18/products/wave/station/gdas.wave.t18z.*'], 'fileset': ['gdas.20241124/18/products/wave/gridded/global.0p25/gdas.wave.t18z.global.0p25.f003.grib2.idx', 'gdas.20241124/18/products/wave/gridded/global.0p25/gdas.wave.t18z.global.0p25.f003.grib2', 'gdas.20241124/18/products/wave/gridded/global.0p25/gdas.wave.t18z.global.0p25.f000.grib2.idx', 'gdas.20241124/18/products/wave/gridded/global.0p25/gdas.wave.t18z.global.0p25.f006.grib2.idx', 'gdas.20241124/18/products/wave/gridded/global.0p25/gdas.wave.t18z.global.0p25.f000.grib2', 'gdas.20241124/18/products/wave/gridded/global.0p25/gdas.wave.t18z.global.0p25.f006.grib2', 'gdas.20241124/18/products/wave/gridded/global.0p25/gdas.wave.t18z.global.0p25.f009.grib2', 'gdas.20241124/18/products/wave/gridded/global.0p25/gdas.wave.t18z.global.0p25.f009.grib2.idx', 'gdas.20241124/18/products/wave/gridded/atlocn.0p16/gdas.wave.t18z.atlocn.0p16.f006.grib2', 'gdas.20241124/18/products/wave/gridded/atlocn.0p16/gdas.wave.t18z.atlocn.0p16.f003.grib2', 'gdas.20241124/18/products/wave/gridded/atlocn.0p16/gdas.wave.t18z.atlocn.0p16.f000.grib2.idx', 'gdas.20241124/18/products/wave/gridded/atlocn.0p16/gdas.wave.t18z.atlocn.0p16.f000.grib2', 'gdas.20241124/18/products/wave/gridded/atlocn.0p16/gdas.wave.t18z.atlocn.0p16.f009.grib2.idx', 'gdas.20241124/18/products/wave/gridded/atlocn.0p16/gdas.wave.t18z.atlocn.0p16.f006.grib2.idx', 'gdas.20241124/18/products/wave/gridded/atlocn.0p16/gdas.wave.t18z.atlocn.0p16.f003.grib2.idx', 'gdas.20241124/18/products/wave/gridded/atlocn.0p16/gdas.wave.t18z.atlocn.0p16.f009.grib2', 'gdas.20241124/18/products/wave/gridded/epacif.0p16/gdas.wave.t18z.epacif.0p16.f006.grib2', 'gdas.20241124/18/products/wave/gridded/epacif.0p16/gdas.wave.t18z.epacif.0p16.f000.grib2', 'gdas.20241124/18/products/wave/gridded/epacif.0p16/gdas.wave.t18z.epacif.0p16.f003.grib2', 'gdas.20241124/18/products/wave/gridded/epacif.0p16/gdas.wave.t18z.epacif.0p16.f003.grib2.idx', 'gdas.20241124/18/products/wave/gridded/epacif.0p16/gdas.wave.t18z.epacif.0p16.f000.grib2.idx', 'gdas.20241124/18/products/wave/gridded/epacif.0p16/gdas.wave.t18z.epacif.0p16.f006.grib2.idx', 'gdas.20241124/18/products/wave/gridded/epacif.0p16/gdas.wave.t18z.epacif.0p16.f009.grib2', 'gdas.20241124/18/products/wave/gridded/epacif.0p16/gdas.wave.t18z.epacif.0p16.f009.grib2.idx', 'gdas.20241124/18/products/wave/gridded/wcoast.0p16/gdas.wave.t18z.wcoast.0p16.f009.grib2.idx', 'gdas.20241124/18/products/wave/gridded/wcoast.0p16/gdas.wave.t18z.wcoast.0p16.f006.grib2', 'gdas.20241124/18/products/wave/gridded/wcoast.0p16/gdas.wave.t18z.wcoast.0p16.f003.grib2', 'gdas.20241124/18/products/wave/gridded/wcoast.0p16/gdas.wave.t18z.wcoast.0p16.f009.grib2', 'gdas.20241124/18/products/wave/gridded/wcoast.0p16/gdas.wave.t18z.wcoast.0p16.f003.grib2.idx', 'gdas.20241124/18/products/wave/gridded/wcoast.0p16/gdas.wave.t18z.wcoast.0p16.f000.grib2.idx', 'gdas.20241124/18/products/wave/gridded/wcoast.0p16/gdas.wave.t18z.wcoast.0p16.f000.grib2', 'gdas.20241124/18/products/wave/gridded/wcoast.0p16/gdas.wave.t18z.wcoast.0p16.f006.grib2.idx', 'gdas.20241124/18/products/wave/gridded/global.0p50/gdas.wave.t18z.global.0p50.f003.grib2.idx', 'gdas.20241124/18/products/wave/gridded/global.0p50/gdas.wave.t18z.global.0p50.f009.grib2.idx', 'gdas.20241124/18/products/wave/gridded/global.0p50/gdas.wave.t18z.global.0p50.f006.grib2.idx', 'gdas.20241124/18/products/wave/gridded/global.0p50/gdas.wave.t18z.global.0p50.f006.grib2', 'gdas.20241124/18/products/wave/gridded/global.0p50/gdas.wave.t18z.global.0p50.f009.grib2', 'gdas.20241124/18/products/wave/gridded/global.0p50/gdas.wave.t18z.global.0p50.f000.grib2', 'gdas.20241124/18/products/wave/gridded/global.0p50/gdas.wave.t18z.global.0p50.f000.grib2.idx', 'gdas.20241124/18/products/wave/gridded/global.0p50/gdas.wave.t18z.global.0p50.f003.grib2', 'gdas.20241124/18/products/wave/gridded/arctic.9km/gdas.wave.t18z.arctic.9km.f000.grib2', 'gdas.20241124/18/products/wave/gridded/arctic.9km/gdas.wave.t18z.arctic.9km.f003.grib2.idx', 'gdas.20241124/18/products/wave/gridded/arctic.9km/gdas.wave.t18z.arctic.9km.f003.grib2', 'gdas.20241124/18/products/wave/gridded/arctic.9km/gdas.wave.t18z.arctic.9km.f009.grib2', 'gdas.20241124/18/products/wave/gridded/arctic.9km/gdas.wave.t18z.arctic.9km.f006.grib2', 'gdas.20241124/18/products/wave/gridded/arctic.9km/gdas.wave.t18z.arctic.9km.f000.grib2.idx', 'gdas.20241124/18/products/wave/gridded/arctic.9km/gdas.wave.t18z.arctic.9km.f006.grib2.idx', 'gdas.20241124/18/products/wave/gridded/arctic.9km/gdas.wave.t18z.arctic.9km.f009.grib2.idx', 'gdas.20241124/18/products/wave/gridded/global.0p16/gdas.wave.t18z.global.0p16.f000.grib2.idx', 'gdas.20241124/18/products/wave/gridded/global.0p16/gdas.wave.t18z.global.0p16.f009.grib2.idx', 'gdas.20241124/18/products/wave/gridded/global.0p16/gdas.wave.t18z.global.0p16.f000.grib2', 'gdas.20241124/18/products/wave/gridded/global.0p16/gdas.wave.t18z.global.0p16.f009.grib2', 'gdas.20241124/18/products/wave/gridded/global.0p16/gdas.wave.t18z.global.0p16.f006.grib2.idx', 'gdas.20241124/18/products/wave/gridded/global.0p16/gdas.wave.t18z.global.0p16.f003.grib2', 'gdas.20241124/18/products/wave/gridded/global.0p16/gdas.wave.t18z.global.0p16.f006.grib2', 'gdas.20241124/18/products/wave/gridded/global.0p16/gdas.wave.t18z.global.0p16.f003.grib2.idx', 'gdas.20241124/18/products/wave/gridded/gsouth.0p25/gdas.wave.t18z.gsouth.0p25.f003.grib2.idx', 'gdas.20241124/18/products/wave/gridded/gsouth.0p25/gdas.wave.t18z.gsouth.0p25.f000.grib2', 'gdas.20241124/18/products/wave/gridded/gsouth.0p25/gdas.wave.t18z.gsouth.0p25.f006.grib2', 'gdas.20241124/18/products/wave/gridded/gsouth.0p25/gdas.wave.t18z.gsouth.0p25.f000.grib2.idx', 'gdas.20241124/18/products/wave/gridded/gsouth.0p25/gdas.wave.t18z.gsouth.0p25.f006.grib2.idx', 'gdas.20241124/18/products/wave/gridded/gsouth.0p25/gdas.wave.t18z.gsouth.0p25.f009.grib2', 'gdas.20241124/18/products/wave/gridded/gsouth.0p25/gdas.wave.t18z.gsouth.0p25.f003.grib2', 'gdas.20241124/18/products/wave/gridded/gsouth.0p25/gdas.wave.t18z.gsouth.0p25.f009.grib2.idx', 'gdas.20241124/18/products/wave/station/gdas.wave.t18z.cbull.tar', 'gdas.20241124/18/products/wave/station/gdas.wave.t18z.ibp.tar', 'gdas.20241124/18/products/wave/station/gdas.wave.t18z.spec.tar.gz', 'gdas.20241124/18/products/wave/station/gdas.wave.t18z.ibpcbull.tar', 'gdas.20241124/18/products/wave/station/gdas.wave.t18z.bull.tar', 'gdas.20241124/18/products/wave/station/gdas.wave.t18z.ibpbull.tar'], 'has_rstprod': False}], -1 )[0m
[38;5;39m2025-06-16 20:47:05,493 - DEBUG    - archive     : Writing the dataset YAML to /lfs/h2/emc/ptmp/emc.global/RETRO_GFSv17/comroot/retrotestgfs10/gdas.20241124/18//conf/backup_tarballs.yaml[0m
[38;5;39m2025-06-16 20:47:05,493 - DEBUG    - archive     : YAML contents: 
{'GDAS': {'target': '/5year/NCEPDEV/emc-global/emc.glopara/WCOSS2/GFSv17/retrotestgfs10/2024112418/gdas.tar', 'has_rstprod': True}, 'GDASICE': {'target': '/5year/NCEPDEV/emc-global/emc.glopara/WCOSS2/GFSv17/retrotestgfs10/2024112418/gdasice.tar', 'has_rstprod': False}, 'GDASOCEAN': {'target': '/5year/NCEPDEV/emc-global/emc.glopara/WCOSS2/GFSv17/retrotestgfs10/2024112418/gdasocean.tar', 'has_rstprod': False}, 'GDASOCEAN_ANALYSIS': {'target': '/5year/NCEPDEV/emc-global/emc.glopara/WCOSS2/GFSv17/retrotestgfs10/2024112418/gdasocean_analysis.tar', 'has_rstprod': False}, 'GDASWAVE': {'target': '/5year/NCEPDEV/emc-global/emc.glopara/WCOSS2/GFSv17/retrotestgfs10/2024112418/gdaswave.tar', 'has_rstprod': False}}[0m
[38;21m2025-06-16 20:47:05,497 - INFO     - archive     :   END: pygfs.task.archive._create_datasets_yaml[0m
[38;5;39m2025-06-16 20:47:05,497 - DEBUG    - archive     :  returning: None[0m
[38;21m2025-06-16 20:47:05,497 - INFO     - archive     :   END: pygfs.task.archive.configure_tars[0m
[38;5;39m2025-06-16 20:47:05,498 - DEBUG    - archive     :  returning: [{'name': 'GDAS', 'target': '/5year/NCEPDEV/emc-global/emc.glopara/WCOSS2/GFSv17/retrotestgfs10/2024112418/gdas.tar', 'required': ['logs/2024112418/gdas_atmanlprod.log', 'logs/2024112418/gdas_prep.log', 'logs/2024112418/gdas_anal.log', 'logs/2024112418/gdas_analdiag.log', 'logs/2024112418/gdas_atmanlupp.log', 'logs/2024112418/gdas_prepoceanobs.log', 'logs/2024112418/gdas_marineanlinit.log', 'logs/2024112418/gdas_marinebmat.log', 'logs/2024112418/gdas_marineanlvar.log', 'logs/2024112418/gdas_marineanlfinal.log', 'logs/2024112418/gdas_marineanlchkpt.log', 'logs/2024112418/gdas_ocnanalecen.log', 'logs/2024112418/gdas_snowanl.log', 'gdas.20241124/18/products/atmos/grib2/0p25/gdas.t18z.pgrb2.0p25.anl', 'gdas.20241124/18/products/atmos/grib2/0p25/gdas.t18z.pgrb2.0p25.anl.idx', 'gdas.20241124/18/products/atmos/grib2/1p00/gdas.t18z.pgrb2.1p00.anl', 'gdas.20241124/18/products/atmos/grib2/1p00/gdas.t18z.pgrb2.1p00.anl.idx', 'gdas.20241124/18/analysis/atmos/gdas.t18z.atmanl.nc', 'gdas.20241124/18/analysis/atmos/gdas.t18z.sfcanl.nc', 'gdas.20241124/18/analysis/atmos/gdas.t18z.atmanl.ensres.nc', 'gdas.20241124/18/analysis/atmos/gdas.t18z.atma003.ensres.nc', 'gdas.20241124/18/analysis/atmos/gdas.t18z.atma009.ensres.nc', 'gdas.20241124/18/analysis/atmos/gdas.t18z.gsistat', 'gdas.20241124/18/analysis/atmos/gdas.t18z.cnvstat', 'gdas.20241124/18/analysis/atmos/gdas.t18z.oznstat', 'gdas.20241124/18/analysis/atmos/gdas.t18z.radstat', 'gdas.20241124/18/analysis/atmos/gdas.t18z.abias', 'gdas.20241124/18/analysis/atmos/gdas.t18z.abias_air', 'gdas.20241124/18/analysis/atmos/gdas.t18z.abias_pc', 'gdas.20241124/18/analysis/atmos/gdas.t18z.abias_int', 'gdas.20241124/18/analysis/snow/snowinc.20241124.180000.sfc_data.tile1.nc', 'gdas.20241124/18/analysis/snow/20241124.180000.sfc_data.tile1.nc', 'gdas.20241124/18/analysis/snow/snowinc.20241124.180000.sfc_data.tile2.nc', 'gdas.20241124/18/analysis/snow/20241124.180000.sfc_data.tile2.nc', 'gdas.20241124/18/analysis/snow/snowinc.20241124.180000.sfc_data.tile3.nc', 'gdas.20241124/18/analysis/snow/20241124.180000.sfc_data.tile3.nc', 'gdas.20241124/18/analysis/snow/snowinc.20241124.180000.sfc_data.tile4.nc', 'gdas.20241124/18/analysis/snow/20241124.180000.sfc_data.tile4.nc', 'gdas.20241124/18/analysis/snow/snowinc.20241124.180000.sfc_data.tile5.nc', 'gdas.20241124/18/analysis/snow/20241124.180000.sfc_data.tile5.nc', 'gdas.20241124/18/analysis/snow/snowinc.20241124.180000.sfc_data.tile6.nc', 'gdas.20241124/18/analysis/snow/20241124.180000.sfc_data.tile6.nc', 'gdas.20241124/18/analysis/snow/gdas.t18z.snowstat.tgz', 'gdas.20241124/18/conf/gdas.t18z.snowanlvar.yaml', 'gdas.20241124/18/products/atmos/oznmon/time/bad_cnt.2024112418', 'gdas.20241124/18/products/atmos/oznmon/time/bad_diag.2024112418', 'gdas.20241124/18/products/atmos/oznmon/time/bad_pen.2024112418', 'gdas.20241124/18/products/atmos/oznmon/time/stdout.time.tar.gz', 'gdas.20241124/18/products/atmos/oznmon/horiz/stdout.horiz.tar.gz', 'logs/2024112418/gdas_verfozn.log', 'gdas.20241124/18/products/atmos/radmon/radmon_angle.tar.gz', 'gdas.20241124/18/products/atmos/radmon/radmon_bcoef.tar.gz', 'gdas.20241124/18/products/atmos/radmon/radmon_bcor.tar.gz', 'gdas.20241124/18/products/atmos/radmon/radmon_time.tar.gz', 'logs/2024112418/gdas_verfrad.log', 'gdas.20241124/18/products/atmos/minmon/2024112418.costs.txt', 'gdas.20241124/18/products/atmos/minmon/2024112418.cost_terms.txt', 'gdas.20241124/18/products/atmos/minmon/2024112418.gnorms.ieee_d', 'gdas.20241124/18/products/atmos/minmon/2024112418.reduction.ieee_d', 'gdas.20241124/18/products/atmos/minmon/gnorm_data.txt', 'logs/2024112418/gdas_vminmon.log', 'logs/2024112418/gdas_fcst_seg0.log', 'logs/2024112418/gdas_atmos_prod_f000.log', 'gdas.20241124/18/products/atmos/grib2/0p25/gdas.t18z.pgrb2.0p25.f000', 'gdas.20241124/18/products/atmos/grib2/0p25/gdas.t18z.pgrb2.0p25.f000.idx', 'gdas.20241124/18/products/atmos/grib2/1p00/gdas.t18z.pgrb2.1p00.f000', 'gdas.20241124/18/products/atmos/grib2/1p00/gdas.t18z.pgrb2.1p00.f000.idx', 'gdas.20241124/18/model/atmos/master/gdas.t18z.sfluxgrbf000.grib2', 'gdas.20241124/18/model/atmos/master/gdas.t18z.sfluxgrbf000.grib2.idx', 'gdas.20241124/18/model/atmos/history/gdas.t18z.atm.logf000.txt', 'gdas.20241124/18/model/atmos/history/gdas.t18z.atmf000.nc', 'gdas.20241124/18/model/atmos/history/gdas.t18z.sfcf000.nc', 'logs/2024112418/gdas_atmos_prod_f003.log', 'gdas.20241124/18/products/atmos/grib2/0p25/gdas.t18z.pgrb2.0p25.f003', 'gdas.20241124/18/products/atmos/grib2/0p25/gdas.t18z.pgrb2.0p25.f003.idx', 'gdas.20241124/18/products/atmos/grib2/1p00/gdas.t18z.pgrb2.1p00.f003', 'gdas.20241124/18/products/atmos/grib2/1p00/gdas.t18z.pgrb2.1p00.f003.idx', 'gdas.20241124/18/model/atmos/master/gdas.t18z.sfluxgrbf003.grib2', 'gdas.20241124/18/model/atmos/master/gdas.t18z.sfluxgrbf003.grib2.idx', 'gdas.20241124/18/model/atmos/history/gdas.t18z.atm.logf003.txt', 'gdas.20241124/18/model/atmos/history/gdas.t18z.atmf003.nc', 'gdas.20241124/18/model/atmos/history/gdas.t18z.sfcf003.nc', 'logs/2024112418/gdas_atmos_prod_f006.log', 'gdas.20241124/18/products/atmos/grib2/0p25/gdas.t18z.pgrb2.0p25.f006', 'gdas.20241124/18/products/atmos/grib2/0p25/gdas.t18z.pgrb2.0p25.f006.idx', 'gdas.20241124/18/products/atmos/grib2/1p00/gdas.t18z.pgrb2.1p00.f006', 'gdas.20241124/18/products/atmos/grib2/1p00/gdas.t18z.pgrb2.1p00.f006.idx', 'gdas.20241124/18/model/atmos/master/gdas.t18z.sfluxgrbf006.grib2', 'gdas.20241124/18/model/atmos/master/gdas.t18z.sfluxgrbf006.grib2.idx', 'gdas.20241124/18/model/atmos/history/gdas.t18z.atm.logf006.txt', 'gdas.20241124/18/model/atmos/history/gdas.t18z.atmf006.nc', 'gdas.20241124/18/model/atmos/history/gdas.t18z.sfcf006.nc', 'logs/2024112418/gdas_atmos_prod_f009.log', 'gdas.20241124/18/products/atmos/grib2/0p25/gdas.t18z.pgrb2.0p25.f009', 'gdas.20241124/18/products/atmos/grib2/0p25/gdas.t18z.pgrb2.0p25.f009.idx', 'gdas.20241124/18/products/atmos/grib2/1p00/gdas.t18z.pgrb2.1p00.f009', 'gdas.20241124/18/products/atmos/grib2/1p00/gdas.t18z.pgrb2.1p00.f009.idx', 'gdas.20241124/18/model/atmos/master/gdas.t18z.sfluxgrbf009.grib2', 'gdas.20241124/18/model/atmos/master/gdas.t18z.sfluxgrbf009.grib2.idx', 'gdas.20241124/18/model/atmos/history/gdas.t18z.atm.logf009.txt', 'gdas.20241124/18/model/atmos/history/gdas.t18z.atmf009.nc', 'gdas.20241124/18/model/atmos/history/gdas.t18z.sfcf009.nc'], 'optional': ['gdas.20241124/18/products/atmos/radmon/bad_diag.2024112418', 'gdas.20241124/18/products/atmos/radmon/bad_pen.2024112418', 'gdas.20241124/18/products/atmos/radmon/low_count.2024112418', 'gdas.20241124/18/products/atmos/radmon/warning.2024112418', 'gdas.20241124/18/products/atmos/oznmon/horiz/gome_metop-b.anl.ctl', 'gdas.20241124/18/products/atmos/oznmon/horiz/gome_metop-b.anl.2024112418.ieee_d.gz', 'gdas.20241124/18/products/atmos/oznmon/horiz/gome_metop-b.ges.ctl', 'gdas.20241124/18/products/atmos/oznmon/horiz/gome_metop-b.ges.2024112418.ieee_d.gz', 'gdas.20241124/18/products/atmos/oznmon/horiz/omi_aura.anl.ctl', 'gdas.20241124/18/products/atmos/oznmon/horiz/omi_aura.anl.2024112418.ieee_d.gz', 'gdas.20241124/18/products/atmos/oznmon/horiz/omi_aura.ges.ctl', 'gdas.20241124/18/products/atmos/oznmon/horiz/omi_aura.ges.2024112418.ieee_d.gz', 'gdas.20241124/18/products/atmos/oznmon/horiz/ompslp_npp.anl.ctl', 'gdas.20241124/18/products/atmos/oznmon/horiz/ompslp_npp.anl.2024112418.ieee_d.gz', 'gdas.20241124/18/products/atmos/oznmon/horiz/ompslp_npp.ges.ctl', 'gdas.20241124/18/products/atmos/oznmon/horiz/ompslp_npp.ges.2024112418.ieee_d.gz', 'gdas.20241124/18/products/atmos/oznmon/horiz/ompsnp_n20.anl.ctl', 'gdas.20241124/18/products/atmos/oznmon/horiz/ompsnp_n20.anl.2024112418.ieee_d.gz', 'gdas.20241124/18/products/atmos/oznmon/horiz/ompsnp_n20.ges.ctl', 'gdas.20241124/18/products/atmos/oznmon/horiz/ompsnp_n20.ges.2024112418.ieee_d.gz', 'gdas.20241124/18/products/atmos/oznmon/horiz/ompsnp_npp.anl.ctl', 'gdas.20241124/18/products/atmos/oznmon/horiz/ompsnp_npp.anl.2024112418.ieee_d.gz', 'gdas.20241124/18/products/atmos/oznmon/horiz/ompsnp_npp.ges.ctl', 'gdas.20241124/18/products/atmos/oznmon/horiz/ompsnp_npp.ges.2024112418.ieee_d.gz', 'gdas.20241124/18/products/atmos/oznmon/horiz/ompstc8_n20.anl.ctl', 'gdas.20241124/18/products/atmos/oznmon/horiz/ompstc8_n20.anl.2024112418.ieee_d.gz', 'gdas.20241124/18/products/atmos/oznmon/horiz/ompstc8_n20.ges.ctl', 'gdas.20241124/18/products/atmos/oznmon/horiz/ompstc8_n20.ges.2024112418.ieee_d.gz', 'gdas.20241124/18/products/atmos/oznmon/horiz/ompstc8_npp.anl.ctl', 'gdas.20241124/18/products/atmos/oznmon/horiz/ompstc8_npp.anl.2024112418.ieee_d.gz', 'gdas.20241124/18/products/atmos/oznmon/horiz/ompstc8_npp.ges.ctl', 'gdas.20241124/18/products/atmos/oznmon/horiz/ompstc8_npp.ges.2024112418.ieee_d.gz', 'gdas.20241124/18/products/atmos/oznmon/horiz/sbuv2_n19.anl.ctl', 'gdas.20241124/18/products/atmos/oznmon/horiz/sbuv2_n19.anl.2024112418.ieee_d.gz', 'gdas.20241124/18/products/atmos/oznmon/horiz/sbuv2_n19.ges.ctl', 'gdas.20241124/18/products/atmos/oznmon/horiz/sbuv2_n19.ges.2024112418.ieee_d.gz', 'gdas.20241124/18/products/atmos/oznmon/time/gome_metop-b.anl.ctl', 'gdas.20241124/18/products/atmos/oznmon/time/gome_metop-b.anl.2024112418.ieee_d', 'gdas.20241124/18/products/atmos/oznmon/time/gome_metop-b.ges.ctl', 'gdas.20241124/18/products/atmos/oznmon/time/gome_metop-b.ges.2024112418.ieee_d', 'gdas.20241124/18/products/atmos/oznmon/time/omi_aura.anl.ctl', 'gdas.20241124/18/products/atmos/oznmon/time/omi_aura.anl.2024112418.ieee_d', 'gdas.20241124/18/products/atmos/oznmon/time/omi_aura.ges.ctl', 'gdas.20241124/18/products/atmos/oznmon/time/omi_aura.ges.2024112418.ieee_d', 'gdas.20241124/18/products/atmos/oznmon/time/ompslp_npp.anl.ctl', 'gdas.20241124/18/products/atmos/oznmon/time/ompslp_npp.anl.2024112418.ieee_d', 'gdas.20241124/18/products/atmos/oznmon/time/ompslp_npp.ges.ctl', 'gdas.20241124/18/products/atmos/oznmon/time/ompslp_npp.ges.2024112418.ieee_d', 'gdas.20241124/18/products/atmos/oznmon/time/ompsnp_n20.anl.ctl', 'gdas.20241124/18/products/atmos/oznmon/time/ompsnp_n20.anl.2024112418.ieee_d', 'gdas.20241124/18/products/atmos/oznmon/time/ompsnp_n20.ges.ctl', 'gdas.20241124/18/products/atmos/oznmon/time/ompsnp_n20.ges.2024112418.ieee_d', 'gdas.20241124/18/products/atmos/oznmon/time/ompsnp_npp.anl.ctl', 'gdas.20241124/18/products/atmos/oznmon/time/ompsnp_npp.anl.2024112418.ieee_d', 'gdas.20241124/18/products/atmos/oznmon/time/ompsnp_npp.ges.ctl', 'gdas.20241124/18/products/atmos/oznmon/time/ompsnp_npp.ges.2024112418.ieee_d', 'gdas.20241124/18/products/atmos/oznmon/time/ompstc8_n20.anl.ctl', 'gdas.20241124/18/products/atmos/oznmon/time/ompstc8_n20.anl.2024112418.ieee_d', 'gdas.20241124/18/products/atmos/oznmon/time/ompstc8_n20.ges.ctl', 'gdas.20241124/18/products/atmos/oznmon/time/ompstc8_n20.ges.2024112418.ieee_d', 'gdas.20241124/18/products/atmos/oznmon/time/ompstc8_npp.anl.ctl', 'gdas.20241124/18/products/atmos/oznmon/time/ompstc8_npp.anl.2024112418.ieee_d', 'gdas.20241124/18/products/atmos/oznmon/time/ompstc8_npp.ges.ctl', 'gdas.20241124/18/products/atmos/oznmon/time/ompstc8_npp.ges.2024112418.ieee_d', 'gdas.20241124/18/products/atmos/oznmon/time/sbuv2_n19.anl.ctl', 'gdas.20241124/18/products/atmos/oznmon/time/sbuv2_n19.anl.2024112418.ieee_d', 'gdas.20241124/18/products/atmos/oznmon/time/sbuv2_n19.ges.ctl', 'gdas.20241124/18/products/atmos/oznmon/time/sbuv2_n19.ges.2024112418.ieee_d'], 'fileset': ['logs/2024112418/gdas_atmanlprod.log', 'logs/2024112418/gdas_prep.log', 'logs/2024112418/gdas_anal.log', 'logs/2024112418/gdas_analdiag.log', 'logs/2024112418/gdas_atmanlupp.log', 'logs/2024112418/gdas_prepoceanobs.log', 'logs/2024112418/gdas_marineanlinit.log', 'logs/2024112418/gdas_marinebmat.log', 'logs/2024112418/gdas_marineanlvar.log', 'logs/2024112418/gdas_marineanlfinal.log', 'logs/2024112418/gdas_marineanlchkpt.log', 'logs/2024112418/gdas_ocnanalecen.log', 'logs/2024112418/gdas_snowanl.log', 'gdas.20241124/18/products/atmos/grib2/0p25/gdas.t18z.pgrb2.0p25.anl', 'gdas.20241124/18/products/atmos/grib2/0p25/gdas.t18z.pgrb2.0p25.anl.idx', 'gdas.20241124/18/products/atmos/grib2/1p00/gdas.t18z.pgrb2.1p00.anl', 'gdas.20241124/18/products/atmos/grib2/1p00/gdas.t18z.pgrb2.1p00.anl.idx', 'gdas.20241124/18/analysis/atmos/gdas.t18z.atmanl.nc', 'gdas.20241124/18/analysis/atmos/gdas.t18z.sfcanl.nc', 'gdas.20241124/18/analysis/atmos/gdas.t18z.atmanl.ensres.nc', 'gdas.20241124/18/analysis/atmos/gdas.t18z.atma003.ensres.nc', 'gdas.20241124/18/analysis/atmos/gdas.t18z.atma009.ensres.nc', 'gdas.20241124/18/analysis/atmos/gdas.t18z.gsistat', 'gdas.20241124/18/analysis/atmos/gdas.t18z.cnvstat', 'gdas.20241124/18/analysis/atmos/gdas.t18z.oznstat', 'gdas.20241124/18/analysis/atmos/gdas.t18z.radstat', 'gdas.20241124/18/analysis/atmos/gdas.t18z.abias', 'gdas.20241124/18/analysis/atmos/gdas.t18z.abias_air', 'gdas.20241124/18/analysis/atmos/gdas.t18z.abias_pc', 'gdas.20241124/18/analysis/atmos/gdas.t18z.abias_int', 'gdas.20241124/18/analysis/snow/snowinc.20241124.180000.sfc_data.tile1.nc', 'gdas.20241124/18/analysis/snow/20241124.180000.sfc_data.tile1.nc', 'gdas.20241124/18/analysis/snow/snowinc.20241124.180000.sfc_data.tile2.nc', 'gdas.20241124/18/analysis/snow/20241124.180000.sfc_data.tile2.nc', 'gdas.20241124/18/analysis/snow/snowinc.20241124.180000.sfc_data.tile3.nc', 'gdas.20241124/18/analysis/snow/20241124.180000.sfc_data.tile3.nc', 'gdas.20241124/18/analysis/snow/snowinc.20241124.180000.sfc_data.tile4.nc', 'gdas.20241124/18/analysis/snow/20241124.180000.sfc_data.tile4.nc', 'gdas.20241124/18/analysis/snow/snowinc.20241124.180000.sfc_data.tile5.nc', 'gdas.20241124/18/analysis/snow/20241124.180000.sfc_data.tile5.nc', 'gdas.20241124/18/analysis/snow/snowinc.20241124.180000.sfc_data.tile6.nc', 'gdas.20241124/18/analysis/snow/20241124.180000.sfc_data.tile6.nc', 'gdas.20241124/18/analysis/snow/gdas.t18z.snowstat.tgz', 'gdas.20241124/18/conf/gdas.t18z.snowanlvar.yaml', 'gdas.20241124/18/products/atmos/oznmon/time/bad_cnt.2024112418', 'gdas.20241124/18/products/atmos/oznmon/time/bad_diag.2024112418', 'gdas.20241124/18/products/atmos/oznmon/time/bad_pen.2024112418', 'gdas.20241124/18/products/atmos/oznmon/time/stdout.time.tar.gz', 'gdas.20241124/18/products/atmos/oznmon/horiz/stdout.horiz.tar.gz', 'logs/2024112418/gdas_verfozn.log', 'gdas.20241124/18/products/atmos/radmon/radmon_angle.tar.gz', 'gdas.20241124/18/products/atmos/radmon/radmon_bcoef.tar.gz', 'gdas.20241124/18/products/atmos/radmon/radmon_bcor.tar.gz', 'gdas.20241124/18/products/atmos/radmon/radmon_time.tar.gz', 'logs/2024112418/gdas_verfrad.log', 'gdas.20241124/18/products/atmos/minmon/2024112418.costs.txt', 'gdas.20241124/18/products/atmos/minmon/2024112418.cost_terms.txt', 'gdas.20241124/18/products/atmos/minmon/2024112418.gnorms.ieee_d', 'gdas.20241124/18/products/atmos/minmon/2024112418.reduction.ieee_d', 'gdas.20241124/18/products/atmos/minmon/gnorm_data.txt', 'logs/2024112418/gdas_vminmon.log', 'logs/2024112418/gdas_fcst_seg0.log', 'logs/2024112418/gdas_atmos_prod_f000.log', 'gdas.20241124/18/products/atmos/grib2/0p25/gdas.t18z.pgrb2.0p25.f000', 'gdas.20241124/18/products/atmos/grib2/0p25/gdas.t18z.pgrb2.0p25.f000.idx', 'gdas.20241124/18/products/atmos/grib2/1p00/gdas.t18z.pgrb2.1p00.f000', 'gdas.20241124/18/products/atmos/grib2/1p00/gdas.t18z.pgrb2.1p00.f000.idx', 'gdas.20241124/18/model/atmos/master/gdas.t18z.sfluxgrbf000.grib2', 'gdas.20241124/18/model/atmos/master/gdas.t18z.sfluxgrbf000.grib2.idx', 'gdas.20241124/18/model/atmos/history/gdas.t18z.atm.logf000.txt', 'gdas.20241124/18/model/atmos/history/gdas.t18z.atmf000.nc', 'gdas.20241124/18/model/atmos/history/gdas.t18z.sfcf000.nc', 'logs/2024112418/gdas_atmos_prod_f003.log', 'gdas.20241124/18/products/atmos/grib2/0p25/gdas.t18z.pgrb2.0p25.f003', 'gdas.20241124/18/products/atmos/grib2/0p25/gdas.t18z.pgrb2.0p25.f003.idx', 'gdas.20241124/18/products/atmos/grib2/1p00/gdas.t18z.pgrb2.1p00.f003', 'gdas.20241124/18/products/atmos/grib2/1p00/gdas.t18z.pgrb2.1p00.f003.idx', 'gdas.20241124/18/model/atmos/master/gdas.t18z.sfluxgrbf003.grib2', 'gdas.20241124/18/model/atmos/master/gdas.t18z.sfluxgrbf003.grib2.idx', 'gdas.20241124/18/model/atmos/history/gdas.t18z.atm.logf003.txt', 'gdas.20241124/18/model/atmos/history/gdas.t18z.atmf003.nc', 'gdas.20241124/18/model/atmos/history/gdas.t18z.sfcf003.nc', 'logs/2024112418/gdas_atmos_prod_f006.log', 'gdas.20241124/18/products/atmos/grib2/0p25/gdas.t18z.pgrb2.0p25.f006', 'gdas.20241124/18/products/atmos/grib2/0p25/gdas.t18z.pgrb2.0p25.f006.idx', 'gdas.20241124/18/products/atmos/grib2/1p00/gdas.t18z.pgrb2.1p00.f006', 'gdas.20241124/18/products/atmos/grib2/1p00/gdas.t18z.pgrb2.1p00.f006.idx', 'gdas.20241124/18/model/atmos/master/gdas.t18z.sfluxgrbf006.grib2', 'gdas.20241124/18/model/atmos/master/gdas.t18z.sfluxgrbf006.grib2.idx', 'gdas.20241124/18/model/atmos/history/gdas.t18z.atm.logf006.txt', 'gdas.20241124/18/model/atmos/history/gdas.t18z.atmf006.nc', 'gdas.20241124/18/model/atmos/history/gdas.t18z.sfcf006.nc', 'logs/2024112418/gdas_atmos_prod_f009.log', 'gdas.20241124/18/products/atmos/grib2/0p25/gdas.t18z.pgrb2.0p25.f009', 'gdas.20241124/18/products/atmos/grib2/0p25/gdas.t18z.pgrb2.0p25.f009.idx', 'gdas.20241124/18/products/atmos/grib2/1p00/gdas.t18z.pgrb2.1p00.f009', 'gdas.20241124/18/products/atmos/grib2/1p00/gdas.t18z.pgrb2.1p00.f009.idx', 'gdas.20241124/18/model/atmos/master/gdas.t18z.sfluxgrbf009.grib2', 'gdas.20241124/18/model/atmos/master/gdas.t18z.sfluxgrbf009.grib2.idx', 'gdas.20241124/18/model/atmos/history/gdas.t18z.atm.logf009.txt', 'gdas.20241124/18/model/atmos/history/gdas.t18z.atmf009.nc', 'gdas.20241124/18/model/atmos/history/gdas.t18z.sfcf009.nc', 'gdas.20241124/18/products/atmos/radmon/bad_diag.2024112418', 'gdas.20241124/18/products/atmos/radmon/bad_pen.2024112418', 'gdas.20241124/18/products/atmos/radmon/warning.2024112418', 'gdas.20241124/18/products/atmos/oznmon/horiz/omi_aura.anl.ctl', 'gdas.20241124/18/products/atmos/oznmon/horiz/omi_aura.anl.2024112418.ieee_d.gz', 'gdas.20241124/18/products/atmos/oznmon/horiz/omi_aura.ges.ctl', 'gdas.20241124/18/products/atmos/oznmon/horiz/omi_aura.ges.2024112418.ieee_d.gz', 'gdas.20241124/18/products/atmos/oznmon/horiz/ompslp_npp.anl.ctl', 'gdas.20241124/18/products/atmos/oznmon/horiz/ompslp_npp.anl.2024112418.ieee_d.gz', 'gdas.20241124/18/products/atmos/oznmon/horiz/ompslp_npp.ges.ctl', 'gdas.20241124/18/products/atmos/oznmon/horiz/ompslp_npp.ges.2024112418.ieee_d.gz', 'gdas.20241124/18/products/atmos/oznmon/horiz/ompsnp_n20.anl.ctl', 'gdas.20241124/18/products/atmos/oznmon/horiz/ompsnp_n20.anl.2024112418.ieee_d.gz', 'gdas.20241124/18/products/atmos/oznmon/horiz/ompsnp_n20.ges.ctl', 'gdas.20241124/18/products/atmos/oznmon/horiz/ompsnp_n20.ges.2024112418.ieee_d.gz', 'gdas.20241124/18/products/atmos/oznmon/horiz/ompsnp_npp.anl.ctl', 'gdas.20241124/18/products/atmos/oznmon/horiz/ompsnp_npp.anl.2024112418.ieee_d.gz', 'gdas.20241124/18/products/atmos/oznmon/horiz/ompsnp_npp.ges.ctl', 'gdas.20241124/18/products/atmos/oznmon/horiz/ompsnp_npp.ges.2024112418.ieee_d.gz', 'gdas.20241124/18/products/atmos/oznmon/horiz/ompstc8_n20.anl.ctl', 'gdas.20241124/18/products/atmos/oznmon/horiz/ompstc8_n20.anl.2024112418.ieee_d.gz', 'gdas.20241124/18/products/atmos/oznmon/horiz/ompstc8_n20.ges.ctl', 'gdas.20241124/18/products/atmos/oznmon/horiz/ompstc8_n20.ges.2024112418.ieee_d.gz', 'gdas.20241124/18/products/atmos/oznmon/horiz/ompstc8_npp.anl.ctl', 'gdas.20241124/18/products/atmos/oznmon/horiz/ompstc8_npp.anl.2024112418.ieee_d.gz', 'gdas.20241124/18/products/atmos/oznmon/horiz/ompstc8_npp.ges.ctl', 'gdas.20241124/18/products/atmos/oznmon/horiz/ompstc8_npp.ges.2024112418.ieee_d.gz', 'gdas.20241124/18/products/atmos/oznmon/time/omi_aura.anl.ctl', 'gdas.20241124/18/products/atmos/oznmon/time/omi_aura.anl.2024112418.ieee_d', 'gdas.20241124/18/products/atmos/oznmon/time/omi_aura.ges.ctl', 'gdas.20241124/18/products/atmos/oznmon/time/omi_aura.ges.2024112418.ieee_d', 'gdas.20241124/18/products/atmos/oznmon/time/ompslp_npp.anl.ctl', 'gdas.20241124/18/products/atmos/oznmon/time/ompslp_npp.anl.2024112418.ieee_d', 'gdas.20241124/18/products/atmos/oznmon/time/ompslp_npp.ges.ctl', 'gdas.20241124/18/products/atmos/oznmon/time/ompslp_npp.ges.2024112418.ieee_d', 'gdas.20241124/18/products/atmos/oznmon/time/ompsnp_n20.anl.ctl', 'gdas.20241124/18/products/atmos/oznmon/time/ompsnp_n20.anl.2024112418.ieee_d', 'gdas.20241124/18/products/atmos/oznmon/time/ompsnp_n20.ges.ctl', 'gdas.20241124/18/products/atmos/oznmon/time/ompsnp_n20.ges.2024112418.ieee_d', 'gdas.20241124/18/products/atmos/oznmon/time/ompsnp_npp.anl.ctl', 'gdas.20241124/18/products/atmos/oznmon/time/ompsnp_npp.anl.2024112418.ieee_d', 'gdas.20241124/18/products/atmos/oznmon/time/ompsnp_npp.ges.ctl', 'gdas.20241124/18/products/atmos/oznmon/time/ompsnp_npp.ges.2024112418.ieee_d', 'gdas.20241124/18/products/atmos/oznmon/time/ompstc8_n20.anl.ctl', 'gdas.20241124/18/products/atmos/oznmon/time/ompstc8_n20.anl.2024112418.ieee_d', 'gdas.20241124/18/products/atmos/oznmon/time/ompstc8_n20.ges.ctl', 'gdas.20241124/18/products/atmos/oznmon/time/ompstc8_n20.ges.2024112418.ieee_d', 'gdas.20241124/18/products/atmos/oznmon/time/ompstc8_npp.anl.ctl', 'gdas.20241124/18/products/atmos/oznmon/time/ompstc8_npp.anl.2024112418.ieee_d', 'gdas.20241124/18/products/atmos/oznmon/time/ompstc8_npp.ges.ctl', 'gdas.20241124/18/products/atmos/oznmon/time/ompstc8_npp.ges.2024112418.ieee_d'], 'has_rstprod': True}, {'name': 'GDASICE', 'target': '/5year/NCEPDEV/emc-global/emc.glopara/WCOSS2/GFSv17/retrotestgfs10/2024112418/gdasice.tar', 'required': ['gdas.20241124/18/model/ice/history/gdas.ice.t18z.ic.nc', 'gdas.20241124/18/model/ice/history/gdas.ice.t18z.inst.f003.nc', 'gdas.20241124/18/model/ice/history/gdas.ice.t18z.inst.f006.nc', 'gdas.20241124/18/model/ice/history/gdas.ice.t18z.inst.f009.nc', 'gdas.20241124/18/conf/ufs.ice_in'], 'fileset': ['gdas.20241124/18/model/ice/history/gdas.ice.t18z.ic.nc', 'gdas.20241124/18/model/ice/history/gdas.ice.t18z.inst.f003.nc', 'gdas.20241124/18/model/ice/history/gdas.ice.t18z.inst.f006.nc', 'gdas.20241124/18/model/ice/history/gdas.ice.t18z.inst.f009.nc', 'gdas.20241124/18/conf/ufs.ice_in'], 'has_rstprod': False}, {'name': 'GDASOCEAN', 'target': '/5year/NCEPDEV/emc-global/emc.glopara/WCOSS2/GFSv17/retrotestgfs10/2024112418/gdasocean.tar', 'required': ['gdas.20241124/18/model/ocean/history/gdas.ocean.t18z.inst.f000.nc', 'gdas.20241124/18/model/ocean/history/gdas.ocean.t18z.inst.f003.nc', 'gdas.20241124/18/model/ocean/history/gdas.ocean.t18z.inst.f006.nc', 'gdas.20241124/18/model/ocean/history/gdas.ocean.t18z.inst.f009.nc', 'gdas.20241124/18/conf/ufs.MOM_input'], 'fileset': ['gdas.20241124/18/model/ocean/history/gdas.ocean.t18z.inst.f000.nc', 'gdas.20241124/18/model/ocean/history/gdas.ocean.t18z.inst.f003.nc', 'gdas.20241124/18/model/ocean/history/gdas.ocean.t18z.inst.f006.nc', 'gdas.20241124/18/model/ocean/history/gdas.ocean.t18z.inst.f009.nc', 'gdas.20241124/18/conf/ufs.MOM_input'], 'has_rstprod': False}, {'name': 'GDASOCEAN_ANALYSIS', 'target': '/5year/NCEPDEV/emc-global/emc.glopara/WCOSS2/GFSv17/retrotestgfs10/2024112418/gdasocean_analysis.tar', 'required': ['gdas.20241124/18/analysis/ocean/gdas.t18z.ocninc.nc', 'gdas.20241124/18/analysis/ice/20241124.150000.cice_model_anl.res.nc', 'gdas.20241124/18/analysis/ocean/gdas.t18z.ocn.incr.nc', 'gdas.20241124/18/analysis/ocean/gdas.t18z.ocn.ana.nc', 'gdas.20241124/18/analysis/ocean/gdas.t18z.ice.incr.nc', 'gdas.20241124/18/analysis/ocean/gdas.t18z.ice.ana.nc', 'gdas.20241124/18/bmatrix/ocean/gdas.t18z.ocean.bkgerr_ens_stddev.nc', 'gdas.20241124/18/bmatrix/ice/gdas.t18z.ice.bkgerr_ens_stddev.nc', 'gdas.20241124/18/bmatrix/ice/gdas.t18z.ice.ens_weights.nc', 'gdas.20241124/18/bmatrix/ocean/gdas.t18z.ocean.ens_weights.nc', 'gdas.20241124/18/bmatrix/ocean/gdas.t18z.ocean.recentering_error.nc', 'gdas.20241124/18/bmatrix/ice/gdas.t18z.ice.recentering_error.nc', 'gdas.20241124/18/bmatrix/ocean/gdas.t18z.ocean.ssh_steric_stddev.nc', 'gdas.20241124/18/bmatrix/ocean/gdas.t18z.ocean.ssh_unbal_stddev.nc', 'gdas.20241124/18/bmatrix/ocean/gdas.t18z.ocean.ssh_total_stddev.nc', 'gdas.20241124/18/bmatrix/ocean/gdas.t18z.ocean.steric_explained_variance.nc', 'gdas.20241124/18/analysis/ocean/diags/gdas.t18z.ocn.*.stats.csv', 'gdas.20241124/18/analysis/ocean/diags/*.nc4', 'gdas.20241124/18/analysis/ocean/yaml/*.yaml'], 'fileset': ['gdas.20241124/18/analysis/ocean/gdas.t18z.ocninc.nc', 'gdas.20241124/18/analysis/ice/20241124.150000.cice_model_anl.res.nc', 'gdas.20241124/18/analysis/ocean/gdas.t18z.ocn.incr.nc', 'gdas.20241124/18/analysis/ocean/gdas.t18z.ocn.ana.nc', 'gdas.20241124/18/analysis/ocean/gdas.t18z.ice.incr.nc', 'gdas.20241124/18/analysis/ocean/gdas.t18z.ice.ana.nc', 'gdas.20241124/18/bmatrix/ocean/gdas.t18z.ocean.bkgerr_ens_stddev.nc', 'gdas.20241124/18/bmatrix/ice/gdas.t18z.ice.bkgerr_ens_stddev.nc', 'gdas.20241124/18/bmatrix/ice/gdas.t18z.ice.ens_weights.nc', 'gdas.20241124/18/bmatrix/ocean/gdas.t18z.ocean.ens_weights.nc', 'gdas.20241124/18/bmatrix/ocean/gdas.t18z.ocean.recentering_error.nc', 'gdas.20241124/18/bmatrix/ice/gdas.t18z.ice.recentering_error.nc', 'gdas.20241124/18/bmatrix/ocean/gdas.t18z.ocean.ssh_steric_stddev.nc', 'gdas.20241124/18/bmatrix/ocean/gdas.t18z.ocean.ssh_unbal_stddev.nc', 'gdas.20241124/18/bmatrix/ocean/gdas.t18z.ocean.ssh_total_stddev.nc', 'gdas.20241124/18/bmatrix/ocean/gdas.t18z.ocean.steric_explained_variance.nc', 'gdas.20241124/18/analysis/ocean/diags/gdas.t18z.ocn.icec_amsr2_north.stats.csv', 'gdas.20241124/18/analysis/ocean/diags/gdas.t18z.ocn.sst_viirs_n20_l3u.stats.csv', 'gdas.20241124/18/analysis/ocean/diags/gdas.t18z.ocn.icec_amsr2_south.stats.csv', 'gdas.20241124/18/analysis/ocean/diags/gdas.t18z.ocn.sst_viirs_npp_l3u.stats.csv', 'gdas.20241124/18/analysis/ocean/diags/gdas.t18z.ocn.sst_avhrr_mc_l3u.stats.csv', 'gdas.20241124/18/analysis/ocean/diags/gdas.t18z.ocn.insitu_profile_tropical.stats.csv', 'gdas.20241124/18/analysis/ocean/diags/gdas.t18z.ocn.sst_avhrr_mb_l3u.stats.csv', 'gdas.20241124/18/analysis/ocean/diags/gdas.t18z.ocn.sss_smos_l2.stats.csv', 'gdas.20241124/18/analysis/ocean/diags/gdas.t18z.ocn.sst_abi_g16_l3c.stats.csv', 'gdas.20241124/18/analysis/ocean/diags/sss_smos_l2.2024112418.nc4', 'gdas.20241124/18/analysis/ocean/diags/sst_abi_g16_l3c.2024112418.nc4', 'gdas.20241124/18/analysis/ocean/diags/icec_amsr2_north.2024112418.nc4', 'gdas.20241124/18/analysis/ocean/diags/sst_viirs_npp_l3u.2024112418.nc4', 'gdas.20241124/18/analysis/ocean/diags/sst_avhrr_mb_l3u.2024112418.nc4', 'gdas.20241124/18/analysis/ocean/diags/insitu_profile_tropical.2024112418.nc4', 'gdas.20241124/18/analysis/ocean/diags/icec_amsr2_south.2024112418.nc4', 'gdas.20241124/18/analysis/ocean/diags/sst_avhrr_mc_l3u.2024112418.nc4', 'gdas.20241124/18/analysis/ocean/diags/sst_viirs_n20_l3u.2024112418.nc4', 'gdas.20241124/18/analysis/ocean/yaml/socaincr2mom6.yaml', 'gdas.20241124/18/analysis/ocean/yaml/obsop_name_map.yaml', 'gdas.20241124/18/analysis/ocean/yaml/soca_diag_stats.yaml', 'gdas.20241124/18/analysis/ocean/yaml/soca_2cice_global.yaml', 'gdas.20241124/18/analysis/ocean/yaml/fields_metadata.yaml'], 'has_rstprod': False}, {'name': 'GDASWAVE', 'target': '/5year/NCEPDEV/emc-global/emc.glopara/WCOSS2/GFSv17/retrotestgfs10/2024112418/gdaswave.tar', 'required': ['gdas.20241124/18/products/wave/gridded/global.0p25/gdas.wave.t18z.*', 'gdas.20241124/18/products/wave/gridded/atlocn.0p16/gdas.wave.t18z.*', 'gdas.20241124/18/products/wave/gridded/epacif.0p16/gdas.wave.t18z.*', 'gdas.20241124/18/products/wave/gridded/wcoast.0p16/gdas.wave.t18z.*', 'gdas.20241124/18/products/wave/gridded/global.0p50/gdas.wave.t18z.*', 'gdas.20241124/18/products/wave/gridded/arctic.9km/gdas.wave.t18z.*', 'gdas.20241124/18/products/wave/gridded/global.0p16/gdas.wave.t18z.*', 'gdas.20241124/18/products/wave/gridded/gsouth.0p25/gdas.wave.t18z.*', 'gdas.20241124/18/products/wave/station/gdas.wave.t18z.*'], 'fileset': ['gdas.20241124/18/products/wave/gridded/global.0p25/gdas.wave.t18z.global.0p25.f003.grib2.idx', 'gdas.20241124/18/products/wave/gridded/global.0p25/gdas.wave.t18z.global.0p25.f003.grib2', 'gdas.20241124/18/products/wave/gridded/global.0p25/gdas.wave.t18z.global.0p25.f000.grib2.idx', 'gdas.20241124/18/products/wave/gridded/global.0p25/gdas.wave.t18z.global.0p25.f006.grib2.idx', 'gdas.20241124/18/products/wave/gridded/global.0p25/gdas.wave.t18z.global.0p25.f000.grib2', 'gdas.20241124/18/products/wave/gridded/global.0p25/gdas.wave.t18z.global.0p25.f006.grib2', 'gdas.20241124/18/products/wave/gridded/global.0p25/gdas.wave.t18z.global.0p25.f009.grib2', 'gdas.20241124/18/products/wave/gridded/global.0p25/gdas.wave.t18z.global.0p25.f009.grib2.idx', 'gdas.20241124/18/products/wave/gridded/atlocn.0p16/gdas.wave.t18z.atlocn.0p16.f006.grib2', 'gdas.20241124/18/products/wave/gridded/atlocn.0p16/gdas.wave.t18z.atlocn.0p16.f003.grib2', 'gdas.20241124/18/products/wave/gridded/atlocn.0p16/gdas.wave.t18z.atlocn.0p16.f000.grib2.idx', 'gdas.20241124/18/products/wave/gridded/atlocn.0p16/gdas.wave.t18z.atlocn.0p16.f000.grib2', 'gdas.20241124/18/products/wave/gridded/atlocn.0p16/gdas.wave.t18z.atlocn.0p16.f009.grib2.idx', 'gdas.20241124/18/products/wave/gridded/atlocn.0p16/gdas.wave.t18z.atlocn.0p16.f006.grib2.idx', 'gdas.20241124/18/products/wave/gridded/atlocn.0p16/gdas.wave.t18z.atlocn.0p16.f003.grib2.idx', 'gdas.20241124/18/products/wave/gridded/atlocn.0p16/gdas.wave.t18z.atlocn.0p16.f009.grib2', 'gdas.20241124/18/products/wave/gridded/epacif.0p16/gdas.wave.t18z.epacif.0p16.f006.grib2', 'gdas.20241124/18/products/wave/gridded/epacif.0p16/gdas.wave.t18z.epacif.0p16.f000.grib2', 'gdas.20241124/18/products/wave/gridded/epacif.0p16/gdas.wave.t18z.epacif.0p16.f003.grib2', 'gdas.20241124/18/products/wave/gridded/epacif.0p16/gdas.wave.t18z.epacif.0p16.f003.grib2.idx', 'gdas.20241124/18/products/wave/gridded/epacif.0p16/gdas.wave.t18z.epacif.0p16.f000.grib2.idx', 'gdas.20241124/18/products/wave/gridded/epacif.0p16/gdas.wave.t18z.epacif.0p16.f006.grib2.idx', 'gdas.20241124/18/products/wave/gridded/epacif.0p16/gdas.wave.t18z.epacif.0p16.f009.grib2', 'gdas.20241124/18/products/wave/gridded/epacif.0p16/gdas.wave.t18z.epacif.0p16.f009.grib2.idx', 'gdas.20241124/18/products/wave/gridded/wcoast.0p16/gdas.wave.t18z.wcoast.0p16.f009.grib2.idx', 'gdas.20241124/18/products/wave/gridded/wcoast.0p16/gdas.wave.t18z.wcoast.0p16.f006.grib2', 'gdas.20241124/18/products/wave/gridded/wcoast.0p16/gdas.wave.t18z.wcoast.0p16.f003.grib2', 'gdas.20241124/18/products/wave/gridded/wcoast.0p16/gdas.wave.t18z.wcoast.0p16.f009.grib2', 'gdas.20241124/18/products/wave/gridded/wcoast.0p16/gdas.wave.t18z.wcoast.0p16.f003.grib2.idx', 'gdas.20241124/18/products/wave/gridded/wcoast.0p16/gdas.wave.t18z.wcoast.0p16.f000.grib2.idx', 'gdas.20241124/18/products/wave/gridded/wcoast.0p16/gdas.wave.t18z.wcoast.0p16.f000.grib2', 'gdas.20241124/18/products/wave/gridded/wcoast.0p16/gdas.wave.t18z.wcoast.0p16.f006.grib2.idx', 'gdas.20241124/18/products/wave/gridded/global.0p50/gdas.wave.t18z.global.0p50.f003.grib2.idx', 'gdas.20241124/18/products/wave/gridded/global.0p50/gdas.wave.t18z.global.0p50.f009.grib2.idx', 'gdas.20241124/18/products/wave/gridded/global.0p50/gdas.wave.t18z.global.0p50.f006.grib2.idx', 'gdas.20241124/18/products/wave/gridded/global.0p50/gdas.wave.t18z.global.0p50.f006.grib2', 'gdas.20241124/18/products/wave/gridded/global.0p50/gdas.wave.t18z.global.0p50.f009.grib2', 'gdas.20241124/18/products/wave/gridded/global.0p50/gdas.wave.t18z.global.0p50.f000.grib2', 'gdas.20241124/18/products/wave/gridded/global.0p50/gdas.wave.t18z.global.0p50.f000.grib2.idx', 'gdas.20241124/18/products/wave/gridded/global.0p50/gdas.wave.t18z.global.0p50.f003.grib2', 'gdas.20241124/18/products/wave/gridded/arctic.9km/gdas.wave.t18z.arctic.9km.f000.grib2', 'gdas.20241124/18/products/wave/gridded/arctic.9km/gdas.wave.t18z.arctic.9km.f003.grib2.idx', 'gdas.20241124/18/products/wave/gridded/arctic.9km/gdas.wave.t18z.arctic.9km.f003.grib2', 'gdas.20241124/18/products/wave/gridded/arctic.9km/gdas.wave.t18z.arctic.9km.f009.grib2', 'gdas.20241124/18/products/wave/gridded/arctic.9km/gdas.wave.t18z.arctic.9km.f006.grib2', 'gdas.20241124/18/products/wave/gridded/arctic.9km/gdas.wave.t18z.arctic.9km.f000.grib2.idx', 'gdas.20241124/18/products/wave/gridded/arctic.9km/gdas.wave.t18z.arctic.9km.f006.grib2.idx', 'gdas.20241124/18/products/wave/gridded/arctic.9km/gdas.wave.t18z.arctic.9km.f009.grib2.idx', 'gdas.20241124/18/products/wave/gridded/global.0p16/gdas.wave.t18z.global.0p16.f000.grib2.idx', 'gdas.20241124/18/products/wave/gridded/global.0p16/gdas.wave.t18z.global.0p16.f009.grib2.idx', 'gdas.20241124/18/products/wave/gridded/global.0p16/gdas.wave.t18z.global.0p16.f000.grib2', 'gdas.20241124/18/products/wave/gridded/global.0p16/gdas.wave.t18z.global.0p16.f009.grib2', 'gdas.20241124/18/products/wave/gridded/global.0p16/gdas.wave.t18z.global.0p16.f006.grib2.idx', 'gdas.20241124/18/products/wave/gridded/global.0p16/gdas.wave.t18z.global.0p16.f003.grib2', 'gdas.20241124/18/products/wave/gridded/global.0p16/gdas.wave.t18z.global.0p16.f006.grib2', 'gdas.20241124/18/products/wave/gridded/global.0p16/gdas.wave.t18z.global.0p16.f003.grib2.idx', 'gdas.20241124/18/products/wave/gridded/gsouth.0p25/gdas.wave.t18z.gsouth.0p25.f003.grib2.idx', 'gdas.20241124/18/products/wave/gridded/gsouth.0p25/gdas.wave.t18z.gsouth.0p25.f000.grib2', 'gdas.20241124/18/products/wave/gridded/gsouth.0p25/gdas.wave.t18z.gsouth.0p25.f006.grib2', 'gdas.20241124/18/products/wave/gridded/gsouth.0p25/gdas.wave.t18z.gsouth.0p25.f000.grib2.idx', 'gdas.20241124/18/products/wave/gridded/gsouth.0p25/gdas.wave.t18z.gsouth.0p25.f006.grib2.idx', 'gdas.20241124/18/products/wave/gridded/gsouth.0p25/gdas.wave.t18z.gsouth.0p25.f009.grib2', 'gdas.20241124/18/products/wave/gridded/gsouth.0p25/gdas.wave.t18z.gsouth.0p25.f003.grib2', 'gdas.20241124/18/products/wave/gridded/gsouth.0p25/gdas.wave.t18z.gsouth.0p25.f009.grib2.idx', 'gdas.20241124/18/products/wave/station/gdas.wave.t18z.cbull.tar', 'gdas.20241124/18/products/wave/station/gdas.wave.t18z.ibp.tar', 'gdas.20241124/18/products/wave/station/gdas.wave.t18z.spec.tar.gz', 'gdas.20241124/18/products/wave/station/gdas.wave.t18z.ibpcbull.tar', 'gdas.20241124/18/products/wave/station/gdas.wave.t18z.bull.tar', 'gdas.20241124/18/products/wave/station/gdas.wave.t18z.ibpbull.tar'], 'has_rstprod': False}][0m
[38;21m2025-06-16 20:47:05,498 - INFO     - archive     : BEGIN: pygfs.task.archive.execute_backup_dataset[0m
[38;5;39m2025-06-16 20:47:05,498 - DEBUG    - archive     : ( <pygfs.task.archive.Archive object at 0x14e86eb8dd30>, {'name': 'GDAS', 'target': '/5year/NCEPDEV/emc-global/emc.glopara/WCOSS2/GFSv17/retrotestgfs10/2024112418/gdas.tar', 'required': ['logs/2024112418/gdas_atmanlprod.log', 'logs/2024112418/gdas_prep.log', 'logs/2024112418/gdas_anal.log', 'logs/2024112418/gdas_analdiag.log', 'logs/2024112418/gdas_atmanlupp.log', 'logs/2024112418/gdas_prepoceanobs.log', 'logs/2024112418/gdas_marineanlinit.log', 'logs/2024112418/gdas_marinebmat.log', 'logs/2024112418/gdas_marineanlvar.log', 'logs/2024112418/gdas_marineanlfinal.log', 'logs/2024112418/gdas_marineanlchkpt.log', 'logs/2024112418/gdas_ocnanalecen.log', 'logs/2024112418/gdas_snowanl.log', 'gdas.20241124/18/products/atmos/grib2/0p25/gdas.t18z.pgrb2.0p25.anl', 'gdas.20241124/18/products/atmos/grib2/0p25/gdas.t18z.pgrb2.0p25.anl.idx', 'gdas.20241124/18/products/atmos/grib2/1p00/gdas.t18z.pgrb2.1p00.anl', 'gdas.20241124/18/products/atmos/grib2/1p00/gdas.t18z.pgrb2.1p00.anl.idx', 'gdas.20241124/18/analysis/atmos/gdas.t18z.atmanl.nc', 'gdas.20241124/18/analysis/atmos/gdas.t18z.sfcanl.nc', 'gdas.20241124/18/analysis/atmos/gdas.t18z.atmanl.ensres.nc', 'gdas.20241124/18/analysis/atmos/gdas.t18z.atma003.ensres.nc', 'gdas.20241124/18/analysis/atmos/gdas.t18z.atma009.ensres.nc', 'gdas.20241124/18/analysis/atmos/gdas.t18z.gsistat', 'gdas.20241124/18/analysis/atmos/gdas.t18z.cnvstat', 'gdas.20241124/18/analysis/atmos/gdas.t18z.oznstat', 'gdas.20241124/18/analysis/atmos/gdas.t18z.radstat', 'gdas.20241124/18/analysis/atmos/gdas.t18z.abias', 'gdas.20241124/18/analysis/atmos/gdas.t18z.abias_air', 'gdas.20241124/18/analysis/atmos/gdas.t18z.abias_pc', 'gdas.20241124/18/analysis/atmos/gdas.t18z.abias_int', 'gdas.20241124/18/analysis/snow/snowinc.20241124.180000.sfc_data.tile1.nc', 'gdas.20241124/18/analysis/snow/20241124.180000.sfc_data.tile1.nc', 'gdas.20241124/18/analysis/snow/snowinc.20241124.180000.sfc_data.tile2.nc', 'gdas.20241124/18/analysis/snow/20241124.180000.sfc_data.tile2.nc', 'gdas.20241124/18/analysis/snow/snowinc.20241124.180000.sfc_data.tile3.nc', 'gdas.20241124/18/analysis/snow/20241124.180000.sfc_data.tile3.nc', 'gdas.20241124/18/analysis/snow/snowinc.20241124.180000.sfc_data.tile4.nc', 'gdas.20241124/18/analysis/snow/20241124.180000.sfc_data.tile4.nc', 'gdas.20241124/18/analysis/snow/snowinc.20241124.180000.sfc_data.tile5.nc', 'gdas.20241124/18/analysis/snow/20241124.180000.sfc_data.tile5.nc', 'gdas.20241124/18/analysis/snow/snowinc.20241124.180000.sfc_data.tile6.nc', 'gdas.20241124/18/analysis/snow/20241124.180000.sfc_data.tile6.nc', 'gdas.20241124/18/analysis/snow/gdas.t18z.snowstat.tgz', 'gdas.20241124/18/conf/gdas.t18z.snowanlvar.yaml', 'gdas.20241124/18/products/atmos/oznmon/time/bad_cnt.2024112418', 'gdas.20241124/18/products/atmos/oznmon/time/bad_diag.2024112418', 'gdas.20241124/18/products/atmos/oznmon/time/bad_pen.2024112418', 'gdas.20241124/18/products/atmos/oznmon/time/stdout.time.tar.gz', 'gdas.20241124/18/products/atmos/oznmon/horiz/stdout.horiz.tar.gz', 'logs/2024112418/gdas_verfozn.log', 'gdas.20241124/18/products/atmos/radmon/radmon_angle.tar.gz', 'gdas.20241124/18/products/atmos/radmon/radmon_bcoef.tar.gz', 'gdas.20241124/18/products/atmos/radmon/radmon_bcor.tar.gz', 'gdas.20241124/18/products/atmos/radmon/radmon_time.tar.gz', 'logs/2024112418/gdas_verfrad.log', 'gdas.20241124/18/products/atmos/minmon/2024112418.costs.txt', 'gdas.20241124/18/products/atmos/minmon/2024112418.cost_terms.txt', 'gdas.20241124/18/products/atmos/minmon/2024112418.gnorms.ieee_d', 'gdas.20241124/18/products/atmos/minmon/2024112418.reduction.ieee_d', 'gdas.20241124/18/products/atmos/minmon/gnorm_data.txt', 'logs/2024112418/gdas_vminmon.log', 'logs/2024112418/gdas_fcst_seg0.log', 'logs/2024112418/gdas_atmos_prod_f000.log', 'gdas.20241124/18/products/atmos/grib2/0p25/gdas.t18z.pgrb2.0p25.f000', 'gdas.20241124/18/products/atmos/grib2/0p25/gdas.t18z.pgrb2.0p25.f000.idx', 'gdas.20241124/18/products/atmos/grib2/1p00/gdas.t18z.pgrb2.1p00.f000', 'gdas.20241124/18/products/atmos/grib2/1p00/gdas.t18z.pgrb2.1p00.f000.idx', 'gdas.20241124/18/model/atmos/master/gdas.t18z.sfluxgrbf000.grib2', 'gdas.20241124/18/model/atmos/master/gdas.t18z.sfluxgrbf000.grib2.idx', 'gdas.20241124/18/model/atmos/history/gdas.t18z.atm.logf000.txt', 'gdas.20241124/18/model/atmos/history/gdas.t18z.atmf000.nc', 'gdas.20241124/18/model/atmos/history/gdas.t18z.sfcf000.nc', 'logs/2024112418/gdas_atmos_prod_f003.log', 'gdas.20241124/18/products/atmos/grib2/0p25/gdas.t18z.pgrb2.0p25.f003', 'gdas.20241124/18/products/atmos/grib2/0p25/gdas.t18z.pgrb2.0p25.f003.idx', 'gdas.20241124/18/products/atmos/grib2/1p00/gdas.t18z.pgrb2.1p00.f003', 'gdas.20241124/18/products/atmos/grib2/1p00/gdas.t18z.pgrb2.1p00.f003.idx', 'gdas.20241124/18/model/atmos/master/gdas.t18z.sfluxgrbf003.grib2', 'gdas.20241124/18/model/atmos/master/gdas.t18z.sfluxgrbf003.grib2.idx', 'gdas.20241124/18/model/atmos/history/gdas.t18z.atm.logf003.txt', 'gdas.20241124/18/model/atmos/history/gdas.t18z.atmf003.nc', 'gdas.20241124/18/model/atmos/history/gdas.t18z.sfcf003.nc', 'logs/2024112418/gdas_atmos_prod_f006.log', 'gdas.20241124/18/products/atmos/grib2/0p25/gdas.t18z.pgrb2.0p25.f006', 'gdas.20241124/18/products/atmos/grib2/0p25/gdas.t18z.pgrb2.0p25.f006.idx', 'gdas.20241124/18/products/atmos/grib2/1p00/gdas.t18z.pgrb2.1p00.f006', 'gdas.20241124/18/products/atmos/grib2/1p00/gdas.t18z.pgrb2.1p00.f006.idx', 'gdas.20241124/18/model/atmos/master/gdas.t18z.sfluxgrbf006.grib2', 'gdas.20241124/18/model/atmos/master/gdas.t18z.sfluxgrbf006.grib2.idx', 'gdas.20241124/18/model/atmos/history/gdas.t18z.atm.logf006.txt', 'gdas.20241124/18/model/atmos/history/gdas.t18z.atmf006.nc', 'gdas.20241124/18/model/atmos/history/gdas.t18z.sfcf006.nc', 'logs/2024112418/gdas_atmos_prod_f009.log', 'gdas.20241124/18/products/atmos/grib2/0p25/gdas.t18z.pgrb2.0p25.f009', 'gdas.20241124/18/products/atmos/grib2/0p25/gdas.t18z.pgrb2.0p25.f009.idx', 'gdas.20241124/18/products/atmos/grib2/1p00/gdas.t18z.pgrb2.1p00.f009', 'gdas.20241124/18/products/atmos/grib2/1p00/gdas.t18z.pgrb2.1p00.f009.idx', 'gdas.20241124/18/model/atmos/master/gdas.t18z.sfluxgrbf009.grib2', 'gdas.20241124/18/model/atmos/master/gdas.t18z.sfluxgrbf009.grib2.idx', 'gdas.20241124/18/model/atmos/history/gdas.t18z.atm.logf009.txt', 'gdas.20241124/18/model/atmos/history/gdas.t18z.atmf009.nc', 'gdas.20241124/18/model/atmos/history/gdas.t18z.sfcf009.nc'], 'optional': ['gdas.20241124/18/products/atmos/radmon/bad_diag.2024112418', 'gdas.20241124/18/products/atmos/radmon/bad_pen.2024112418', 'gdas.20241124/18/products/atmos/radmon/low_count.2024112418', 'gdas.20241124/18/products/atmos/radmon/warning.2024112418', 'gdas.20241124/18/products/atmos/oznmon/horiz/gome_metop-b.anl.ctl', 'gdas.20241124/18/products/atmos/oznmon/horiz/gome_metop-b.anl.2024112418.ieee_d.gz', 'gdas.20241124/18/products/atmos/oznmon/horiz/gome_metop-b.ges.ctl', 'gdas.20241124/18/products/atmos/oznmon/horiz/gome_metop-b.ges.2024112418.ieee_d.gz', 'gdas.20241124/18/products/atmos/oznmon/horiz/omi_aura.anl.ctl', 'gdas.20241124/18/products/atmos/oznmon/horiz/omi_aura.anl.2024112418.ieee_d.gz', 'gdas.20241124/18/products/atmos/oznmon/horiz/omi_aura.ges.ctl', 'gdas.20241124/18/products/atmos/oznmon/horiz/omi_aura.ges.2024112418.ieee_d.gz', 'gdas.20241124/18/products/atmos/oznmon/horiz/ompslp_npp.anl.ctl', 'gdas.20241124/18/products/atmos/oznmon/horiz/ompslp_npp.anl.2024112418.ieee_d.gz', 'gdas.20241124/18/products/atmos/oznmon/horiz/ompslp_npp.ges.ctl', 'gdas.20241124/18/products/atmos/oznmon/horiz/ompslp_npp.ges.2024112418.ieee_d.gz', 'gdas.20241124/18/products/atmos/oznmon/horiz/ompsnp_n20.anl.ctl', 'gdas.20241124/18/products/atmos/oznmon/horiz/ompsnp_n20.anl.2024112418.ieee_d.gz', 'gdas.20241124/18/products/atmos/oznmon/horiz/ompsnp_n20.ges.ctl', 'gdas.20241124/18/products/atmos/oznmon/horiz/ompsnp_n20.ges.2024112418.ieee_d.gz', 'gdas.20241124/18/products/atmos/oznmon/horiz/ompsnp_npp.anl.ctl', 'gdas.20241124/18/products/atmos/oznmon/horiz/ompsnp_npp.anl.2024112418.ieee_d.gz', 'gdas.20241124/18/products/atmos/oznmon/horiz/ompsnp_npp.ges.ctl', 'gdas.20241124/18/products/atmos/oznmon/horiz/ompsnp_npp.ges.2024112418.ieee_d.gz', 'gdas.20241124/18/products/atmos/oznmon/horiz/ompstc8_n20.anl.ctl', 'gdas.20241124/18/products/atmos/oznmon/horiz/ompstc8_n20.anl.2024112418.ieee_d.gz', 'gdas.20241124/18/products/atmos/oznmon/horiz/ompstc8_n20.ges.ctl', 'gdas.20241124/18/products/atmos/oznmon/horiz/ompstc8_n20.ges.2024112418.ieee_d.gz', 'gdas.20241124/18/products/atmos/oznmon/horiz/ompstc8_npp.anl.ctl', 'gdas.20241124/18/products/atmos/oznmon/horiz/ompstc8_npp.anl.2024112418.ieee_d.gz', 'gdas.20241124/18/products/atmos/oznmon/horiz/ompstc8_npp.ges.ctl', 'gdas.20241124/18/products/atmos/oznmon/horiz/ompstc8_npp.ges.2024112418.ieee_d.gz', 'gdas.20241124/18/products/atmos/oznmon/horiz/sbuv2_n19.anl.ctl', 'gdas.20241124/18/products/atmos/oznmon/horiz/sbuv2_n19.anl.2024112418.ieee_d.gz', 'gdas.20241124/18/products/atmos/oznmon/horiz/sbuv2_n19.ges.ctl', 'gdas.20241124/18/products/atmos/oznmon/horiz/sbuv2_n19.ges.2024112418.ieee_d.gz', 'gdas.20241124/18/products/atmos/oznmon/time/gome_metop-b.anl.ctl', 'gdas.20241124/18/products/atmos/oznmon/time/gome_metop-b.anl.2024112418.ieee_d', 'gdas.20241124/18/products/atmos/oznmon/time/gome_metop-b.ges.ctl', 'gdas.20241124/18/products/atmos/oznmon/time/gome_metop-b.ges.2024112418.ieee_d', 'gdas.20241124/18/products/atmos/oznmon/time/omi_aura.anl.ctl', 'gdas.20241124/18/products/atmos/oznmon/time/omi_aura.anl.2024112418.ieee_d', 'gdas.20241124/18/products/atmos/oznmon/time/omi_aura.ges.ctl', 'gdas.20241124/18/products/atmos/oznmon/time/omi_aura.ges.2024112418.ieee_d', 'gdas.20241124/18/products/atmos/oznmon/time/ompslp_npp.anl.ctl', 'gdas.20241124/18/products/atmos/oznmon/time/ompslp_npp.anl.2024112418.ieee_d', 'gdas.20241124/18/products/atmos/oznmon/time/ompslp_npp.ges.ctl', 'gdas.20241124/18/products/atmos/oznmon/time/ompslp_npp.ges.2024112418.ieee_d', 'gdas.20241124/18/products/atmos/oznmon/time/ompsnp_n20.anl.ctl', 'gdas.20241124/18/products/atmos/oznmon/time/ompsnp_n20.anl.2024112418.ieee_d', 'gdas.20241124/18/products/atmos/oznmon/time/ompsnp_n20.ges.ctl', 'gdas.20241124/18/products/atmos/oznmon/time/ompsnp_n20.ges.2024112418.ieee_d', 'gdas.20241124/18/products/atmos/oznmon/time/ompsnp_npp.anl.ctl', 'gdas.20241124/18/products/atmos/oznmon/time/ompsnp_npp.anl.2024112418.ieee_d', 'gdas.20241124/18/products/atmos/oznmon/time/ompsnp_npp.ges.ctl', 'gdas.20241124/18/products/atmos/oznmon/time/ompsnp_npp.ges.2024112418.ieee_d', 'gdas.20241124/18/products/atmos/oznmon/time/ompstc8_n20.anl.ctl', 'gdas.20241124/18/products/atmos/oznmon/time/ompstc8_n20.anl.2024112418.ieee_d', 'gdas.20241124/18/products/atmos/oznmon/time/ompstc8_n20.ges.ctl', 'gdas.20241124/18/products/atmos/oznmon/time/ompstc8_n20.ges.2024112418.ieee_d', 'gdas.20241124/18/products/atmos/oznmon/time/ompstc8_npp.anl.ctl', 'gdas.20241124/18/products/atmos/oznmon/time/ompstc8_npp.anl.2024112418.ieee_d', 'gdas.20241124/18/products/atmos/oznmon/time/ompstc8_npp.ges.ctl', 'gdas.20241124/18/products/atmos/oznmon/time/ompstc8_npp.ges.2024112418.ieee_d', 'gdas.20241124/18/products/atmos/oznmon/time/sbuv2_n19.anl.ctl', 'gdas.20241124/18/products/atmos/oznmon/time/sbuv2_n19.anl.2024112418.ieee_d', 'gdas.20241124/18/products/atmos/oznmon/time/sbuv2_n19.ges.ctl', 'gdas.20241124/18/products/atmos/oznmon/time/sbuv2_n19.ges.2024112418.ieee_d'], 'fileset': ['logs/2024112418/gdas_atmanlprod.log', 'logs/2024112418/gdas_prep.log', 'logs/2024112418/gdas_anal.log', 'logs/2024112418/gdas_analdiag.log', 'logs/2024112418/gdas_atmanlupp.log', 'logs/2024112418/gdas_prepoceanobs.log', 'logs/2024112418/gdas_marineanlinit.log', 'logs/2024112418/gdas_marinebmat.log', 'logs/2024112418/gdas_marineanlvar.log', 'logs/2024112418/gdas_marineanlfinal.log', 'logs/2024112418/gdas_marineanlchkpt.log', 'logs/2024112418/gdas_ocnanalecen.log', 'logs/2024112418/gdas_snowanl.log', 'gdas.20241124/18/products/atmos/grib2/0p25/gdas.t18z.pgrb2.0p25.anl', 'gdas.20241124/18/products/atmos/grib2/0p25/gdas.t18z.pgrb2.0p25.anl.idx', 'gdas.20241124/18/products/atmos/grib2/1p00/gdas.t18z.pgrb2.1p00.anl', 'gdas.20241124/18/products/atmos/grib2/1p00/gdas.t18z.pgrb2.1p00.anl.idx', 'gdas.20241124/18/analysis/atmos/gdas.t18z.atmanl.nc', 'gdas.20241124/18/analysis/atmos/gdas.t18z.sfcanl.nc', 'gdas.20241124/18/analysis/atmos/gdas.t18z.atmanl.ensres.nc', 'gdas.20241124/18/analysis/atmos/gdas.t18z.atma003.ensres.nc', 'gdas.20241124/18/analysis/atmos/gdas.t18z.atma009.ensres.nc', 'gdas.20241124/18/analysis/atmos/gdas.t18z.gsistat', 'gdas.20241124/18/analysis/atmos/gdas.t18z.cnvstat', 'gdas.20241124/18/analysis/atmos/gdas.t18z.oznstat', 'gdas.20241124/18/analysis/atmos/gdas.t18z.radstat', 'gdas.20241124/18/analysis/atmos/gdas.t18z.abias', 'gdas.20241124/18/analysis/atmos/gdas.t18z.abias_air', 'gdas.20241124/18/analysis/atmos/gdas.t18z.abias_pc', 'gdas.20241124/18/analysis/atmos/gdas.t18z.abias_int', 'gdas.20241124/18/analysis/snow/snowinc.20241124.180000.sfc_data.tile1.nc', 'gdas.20241124/18/analysis/snow/20241124.180000.sfc_data.tile1.nc', 'gdas.20241124/18/analysis/snow/snowinc.20241124.180000.sfc_data.tile2.nc', 'gdas.20241124/18/analysis/snow/20241124.180000.sfc_data.tile2.nc', 'gdas.20241124/18/analysis/snow/snowinc.20241124.180000.sfc_data.tile3.nc', 'gdas.20241124/18/analysis/snow/20241124.180000.sfc_data.tile3.nc', 'gdas.20241124/18/analysis/snow/snowinc.20241124.180000.sfc_data.tile4.nc', 'gdas.20241124/18/analysis/snow/20241124.180000.sfc_data.tile4.nc', 'gdas.20241124/18/analysis/snow/snowinc.20241124.180000.sfc_data.tile5.nc', 'gdas.20241124/18/analysis/snow/20241124.180000.sfc_data.tile5.nc', 'gdas.20241124/18/analysis/snow/snowinc.20241124.180000.sfc_data.tile6.nc', 'gdas.20241124/18/analysis/snow/20241124.180000.sfc_data.tile6.nc', 'gdas.20241124/18/analysis/snow/gdas.t18z.snowstat.tgz', 'gdas.20241124/18/conf/gdas.t18z.snowanlvar.yaml', 'gdas.20241124/18/products/atmos/oznmon/time/bad_cnt.2024112418', 'gdas.20241124/18/products/atmos/oznmon/time/bad_diag.2024112418', 'gdas.20241124/18/products/atmos/oznmon/time/bad_pen.2024112418', 'gdas.20241124/18/products/atmos/oznmon/time/stdout.time.tar.gz', 'gdas.20241124/18/products/atmos/oznmon/horiz/stdout.horiz.tar.gz', 'logs/2024112418/gdas_verfozn.log', 'gdas.20241124/18/products/atmos/radmon/radmon_angle.tar.gz', 'gdas.20241124/18/products/atmos/radmon/radmon_bcoef.tar.gz', 'gdas.20241124/18/products/atmos/radmon/radmon_bcor.tar.gz', 'gdas.20241124/18/products/atmos/radmon/radmon_time.tar.gz', 'logs/2024112418/gdas_verfrad.log', 'gdas.20241124/18/products/atmos/minmon/2024112418.costs.txt', 'gdas.20241124/18/products/atmos/minmon/2024112418.cost_terms.txt', 'gdas.20241124/18/products/atmos/minmon/2024112418.gnorms.ieee_d', 'gdas.20241124/18/products/atmos/minmon/2024112418.reduction.ieee_d', 'gdas.20241124/18/products/atmos/minmon/gnorm_data.txt', 'logs/2024112418/gdas_vminmon.log', 'logs/2024112418/gdas_fcst_seg0.log', 'logs/2024112418/gdas_atmos_prod_f000.log', 'gdas.20241124/18/products/atmos/grib2/0p25/gdas.t18z.pgrb2.0p25.f000', 'gdas.20241124/18/products/atmos/grib2/0p25/gdas.t18z.pgrb2.0p25.f000.idx', 'gdas.20241124/18/products/atmos/grib2/1p00/gdas.t18z.pgrb2.1p00.f000', 'gdas.20241124/18/products/atmos/grib2/1p00/gdas.t18z.pgrb2.1p00.f000.idx', 'gdas.20241124/18/model/atmos/master/gdas.t18z.sfluxgrbf000.grib2', 'gdas.20241124/18/model/atmos/master/gdas.t18z.sfluxgrbf000.grib2.idx', 'gdas.20241124/18/model/atmos/history/gdas.t18z.atm.logf000.txt', 'gdas.20241124/18/model/atmos/history/gdas.t18z.atmf000.nc', 'gdas.20241124/18/model/atmos/history/gdas.t18z.sfcf000.nc', 'logs/2024112418/gdas_atmos_prod_f003.log', 'gdas.20241124/18/products/atmos/grib2/0p25/gdas.t18z.pgrb2.0p25.f003', 'gdas.20241124/18/products/atmos/grib2/0p25/gdas.t18z.pgrb2.0p25.f003.idx', 'gdas.20241124/18/products/atmos/grib2/1p00/gdas.t18z.pgrb2.1p00.f003', 'gdas.20241124/18/products/atmos/grib2/1p00/gdas.t18z.pgrb2.1p00.f003.idx', 'gdas.20241124/18/model/atmos/master/gdas.t18z.sfluxgrbf003.grib2', 'gdas.20241124/18/model/atmos/master/gdas.t18z.sfluxgrbf003.grib2.idx', 'gdas.20241124/18/model/atmos/history/gdas.t18z.atm.logf003.txt', 'gdas.20241124/18/model/atmos/history/gdas.t18z.atmf003.nc', 'gdas.20241124/18/model/atmos/history/gdas.t18z.sfcf003.nc', 'logs/2024112418/gdas_atmos_prod_f006.log', 'gdas.20241124/18/products/atmos/grib2/0p25/gdas.t18z.pgrb2.0p25.f006', 'gdas.20241124/18/products/atmos/grib2/0p25/gdas.t18z.pgrb2.0p25.f006.idx', 'gdas.20241124/18/products/atmos/grib2/1p00/gdas.t18z.pgrb2.1p00.f006', 'gdas.20241124/18/products/atmos/grib2/1p00/gdas.t18z.pgrb2.1p00.f006.idx', 'gdas.20241124/18/model/atmos/master/gdas.t18z.sfluxgrbf006.grib2', 'gdas.20241124/18/model/atmos/master/gdas.t18z.sfluxgrbf006.grib2.idx', 'gdas.20241124/18/model/atmos/history/gdas.t18z.atm.logf006.txt', 'gdas.20241124/18/model/atmos/history/gdas.t18z.atmf006.nc', 'gdas.20241124/18/model/atmos/history/gdas.t18z.sfcf006.nc', 'logs/2024112418/gdas_atmos_prod_f009.log', 'gdas.20241124/18/products/atmos/grib2/0p25/gdas.t18z.pgrb2.0p25.f009', 'gdas.20241124/18/products/atmos/grib2/0p25/gdas.t18z.pgrb2.0p25.f009.idx', 'gdas.20241124/18/products/atmos/grib2/1p00/gdas.t18z.pgrb2.1p00.f009', 'gdas.20241124/18/products/atmos/grib2/1p00/gdas.t18z.pgrb2.1p00.f009.idx', 'gdas.20241124/18/model/atmos/master/gdas.t18z.sfluxgrbf009.grib2', 'gdas.20241124/18/model/atmos/master/gdas.t18z.sfluxgrbf009.grib2.idx', 'gdas.20241124/18/model/atmos/history/gdas.t18z.atm.logf009.txt', 'gdas.20241124/18/model/atmos/history/gdas.t18z.atmf009.nc', 'gdas.20241124/18/model/atmos/history/gdas.t18z.sfcf009.nc', 'gdas.20241124/18/products/atmos/radmon/bad_diag.2024112418', 'gdas.20241124/18/products/atmos/radmon/bad_pen.2024112418', 'gdas.20241124/18/products/atmos/radmon/warning.2024112418', 'gdas.20241124/18/products/atmos/oznmon/horiz/omi_aura.anl.ctl', 'gdas.20241124/18/products/atmos/oznmon/horiz/omi_aura.anl.2024112418.ieee_d.gz', 'gdas.20241124/18/products/atmos/oznmon/horiz/omi_aura.ges.ctl', 'gdas.20241124/18/products/atmos/oznmon/horiz/omi_aura.ges.2024112418.ieee_d.gz', 'gdas.20241124/18/products/atmos/oznmon/horiz/ompslp_npp.anl.ctl', 'gdas.20241124/18/products/atmos/oznmon/horiz/ompslp_npp.anl.2024112418.ieee_d.gz', 'gdas.20241124/18/products/atmos/oznmon/horiz/ompslp_npp.ges.ctl', 'gdas.20241124/18/products/atmos/oznmon/horiz/ompslp_npp.ges.2024112418.ieee_d.gz', 'gdas.20241124/18/products/atmos/oznmon/horiz/ompsnp_n20.anl.ctl', 'gdas.20241124/18/products/atmos/oznmon/horiz/ompsnp_n20.anl.2024112418.ieee_d.gz', 'gdas.20241124/18/products/atmos/oznmon/horiz/ompsnp_n20.ges.ctl', 'gdas.20241124/18/products/atmos/oznmon/horiz/ompsnp_n20.ges.2024112418.ieee_d.gz', 'gdas.20241124/18/products/atmos/oznmon/horiz/ompsnp_npp.anl.ctl', 'gdas.20241124/18/products/atmos/oznmon/horiz/ompsnp_npp.anl.2024112418.ieee_d.gz', 'gdas.20241124/18/products/atmos/oznmon/horiz/ompsnp_npp.ges.ctl', 'gdas.20241124/18/products/atmos/oznmon/horiz/ompsnp_npp.ges.2024112418.ieee_d.gz', 'gdas.20241124/18/products/atmos/oznmon/horiz/ompstc8_n20.anl.ctl', 'gdas.20241124/18/products/atmos/oznmon/horiz/ompstc8_n20.anl.2024112418.ieee_d.gz', 'gdas.20241124/18/products/atmos/oznmon/horiz/ompstc8_n20.ges.ctl', 'gdas.20241124/18/products/atmos/oznmon/horiz/ompstc8_n20.ges.2024112418.ieee_d.gz', 'gdas.20241124/18/products/atmos/oznmon/horiz/ompstc8_npp.anl.ctl', 'gdas.20241124/18/products/atmos/oznmon/horiz/ompstc8_npp.anl.2024112418.ieee_d.gz', 'gdas.20241124/18/products/atmos/oznmon/horiz/ompstc8_npp.ges.ctl', 'gdas.20241124/18/products/atmos/oznmon/horiz/ompstc8_npp.ges.2024112418.ieee_d.gz', 'gdas.20241124/18/products/atmos/oznmon/time/omi_aura.anl.ctl', 'gdas.20241124/18/products/atmos/oznmon/time/omi_aura.anl.2024112418.ieee_d', 'gdas.20241124/18/products/atmos/oznmon/time/omi_aura.ges.ctl', 'gdas.20241124/18/products/atmos/oznmon/time/omi_aura.ges.2024112418.ieee_d', 'gdas.20241124/18/products/atmos/oznmon/time/ompslp_npp.anl.ctl', 'gdas.20241124/18/products/atmos/oznmon/time/ompslp_npp.anl.2024112418.ieee_d', 'gdas.20241124/18/products/atmos/oznmon/time/ompslp_npp.ges.ctl', 'gdas.20241124/18/products/atmos/oznmon/time/ompslp_npp.ges.2024112418.ieee_d', 'gdas.20241124/18/products/atmos/oznmon/time/ompsnp_n20.anl.ctl', 'gdas.20241124/18/products/atmos/oznmon/time/ompsnp_n20.anl.2024112418.ieee_d', 'gdas.20241124/18/products/atmos/oznmon/time/ompsnp_n20.ges.ctl', 'gdas.20241124/18/products/atmos/oznmon/time/ompsnp_n20.ges.2024112418.ieee_d', 'gdas.20241124/18/products/atmos/oznmon/time/ompsnp_npp.anl.ctl', 'gdas.20241124/18/products/atmos/oznmon/time/ompsnp_npp.anl.2024112418.ieee_d', 'gdas.20241124/18/products/atmos/oznmon/time/ompsnp_npp.ges.ctl', 'gdas.20241124/18/products/atmos/oznmon/time/ompsnp_npp.ges.2024112418.ieee_d', 'gdas.20241124/18/products/atmos/oznmon/time/ompstc8_n20.anl.ctl', 'gdas.20241124/18/products/atmos/oznmon/time/ompstc8_n20.anl.2024112418.ieee_d', 'gdas.20241124/18/products/atmos/oznmon/time/ompstc8_n20.ges.ctl', 'gdas.20241124/18/products/atmos/oznmon/time/ompstc8_n20.ges.2024112418.ieee_d', 'gdas.20241124/18/products/atmos/oznmon/time/ompstc8_npp.anl.ctl', 'gdas.20241124/18/products/atmos/oznmon/time/ompstc8_npp.anl.2024112418.ieee_d', 'gdas.20241124/18/products/atmos/oznmon/time/ompstc8_npp.ges.ctl', 'gdas.20241124/18/products/atmos/oznmon/time/ompstc8_npp.ges.2024112418.ieee_d'], 'has_rstprod': True} )[0m
HTAR: a   logs/2024112418/gdas_atmanlprod.log
HTAR: a   logs/2024112418/gdas_prep.log
HTAR: a   logs/2024112418/gdas_anal.log
HTAR: a   logs/2024112418/gdas_analdiag.log
HTAR: a   logs/2024112418/gdas_atmanlupp.log
HTAR: a   logs/2024112418/gdas_prepoceanobs.log
HTAR: a   logs/2024112418/gdas_marineanlinit.log
HTAR: a   logs/2024112418/gdas_marinebmat.log
HTAR: a   logs/2024112418/gdas_marineanlvar.log
HTAR: a   logs/2024112418/gdas_marineanlfinal.log
HTAR: a   logs/2024112418/gdas_marineanlchkpt.log
HTAR: a   logs/2024112418/gdas_ocnanalecen.log
HTAR: a   logs/2024112418/gdas_snowanl.log
HTAR: a   gdas.20241124/18/products/atmos/grib2/0p25/gdas.t18z.pgrb2.0p25.anl
HTAR: a   gdas.20241124/18/products/atmos/grib2/0p25/gdas.t18z.pgrb2.0p25.anl.idx
HTAR: a   gdas.20241124/18/products/atmos/grib2/1p00/gdas.t18z.pgrb2.1p00.anl
HTAR: a   gdas.20241124/18/products/atmos/grib2/1p00/gdas.t18z.pgrb2.1p00.anl.idx
HTAR: a   gdas.20241124/18/analysis/atmos/gdas.t18z.atmanl.nc
HTAR: a   gdas.20241124/18/analysis/atmos/gdas.t18z.sfcanl.nc
HTAR: a   gdas.20241124/18/analysis/atmos/gdas.t18z.atmanl.ensres.nc
HTAR: a   gdas.20241124/18/analysis/atmos/gdas.t18z.atma003.ensres.nc
HTAR: a   gdas.20241124/18/analysis/atmos/gdas.t18z.atma009.ensres.nc
HTAR: a   gdas.20241124/18/analysis/atmos/gdas.t18z.gsistat
HTAR: a   gdas.20241124/18/analysis/atmos/gdas.t18z.cnvstat
HTAR: a   gdas.20241124/18/analysis/atmos/gdas.t18z.oznstat
HTAR: a   gdas.20241124/18/analysis/atmos/gdas.t18z.radstat
HTAR: a   gdas.20241124/18/analysis/atmos/gdas.t18z.abias
HTAR: a   gdas.20241124/18/analysis/atmos/gdas.t18z.abias_air
HTAR: a   gdas.20241124/18/analysis/atmos/gdas.t18z.abias_pc
HTAR: a   gdas.20241124/18/analysis/atmos/gdas.t18z.abias_int
HTAR: a   gdas.20241124/18/analysis/snow/snowinc.20241124.180000.sfc_data.tile1.nc
HTAR: a   gdas.20241124/18/analysis/snow/20241124.180000.sfc_data.tile1.nc
HTAR: a   gdas.20241124/18/analysis/snow/snowinc.20241124.180000.sfc_data.tile2.nc
HTAR: a   gdas.20241124/18/analysis/snow/20241124.180000.sfc_data.tile2.nc
HTAR: a   gdas.20241124/18/analysis/snow/snowinc.20241124.180000.sfc_data.tile3.nc
HTAR: a   gdas.20241124/18/analysis/snow/20241124.180000.sfc_data.tile3.nc
HTAR: a   gdas.20241124/18/analysis/snow/snowinc.20241124.180000.sfc_data.tile4.nc
HTAR: a   gdas.20241124/18/analysis/snow/20241124.180000.sfc_data.tile4.nc
HTAR: a   gdas.20241124/18/analysis/snow/snowinc.20241124.180000.sfc_data.tile5.nc
HTAR: a   gdas.20241124/18/analysis/snow/20241124.180000.sfc_data.tile5.nc
HTAR: a   gdas.20241124/18/analysis/snow/snowinc.20241124.180000.sfc_data.tile6.nc
HTAR: a   gdas.20241124/18/analysis/snow/20241124.180000.sfc_data.tile6.nc
HTAR: a   gdas.20241124/18/analysis/snow/gdas.t18z.snowstat.tgz
HTAR: a   gdas.20241124/18/conf/gdas.t18z.snowanlvar.yaml
HTAR: a   gdas.20241124/18/products/atmos/oznmon/time/bad_cnt.2024112418
HTAR: a   gdas.20241124/18/products/atmos/oznmon/time/bad_diag.2024112418
HTAR: a   gdas.20241124/18/products/atmos/oznmon/time/bad_pen.2024112418
HTAR: a   gdas.20241124/18/products/atmos/oznmon/time/stdout.time.tar.gz
HTAR: a   gdas.20241124/18/products/atmos/oznmon/horiz/stdout.horiz.tar.gz
HTAR: a   logs/2024112418/gdas_verfozn.log
HTAR: a   gdas.20241124/18/products/atmos/radmon/radmon_angle.tar.gz
HTAR: a   gdas.20241124/18/products/atmos/radmon/radmon_bcoef.tar.gz
HTAR: a   gdas.20241124/18/products/atmos/radmon/radmon_bcor.tar.gz
HTAR: a   gdas.20241124/18/products/atmos/radmon/radmon_time.tar.gz
HTAR: a   logs/2024112418/gdas_verfrad.log
HTAR: a   gdas.20241124/18/products/atmos/minmon/2024112418.costs.txt
HTAR: a   gdas.20241124/18/products/atmos/minmon/2024112418.cost_terms.txt
HTAR: a   gdas.20241124/18/products/atmos/minmon/2024112418.gnorms.ieee_d
HTAR: a   gdas.20241124/18/products/atmos/minmon/2024112418.reduction.ieee_d
HTAR: a   gdas.20241124/18/products/atmos/minmon/gnorm_data.txt
HTAR: a   logs/2024112418/gdas_vminmon.log
HTAR: a   logs/2024112418/gdas_fcst_seg0.log
HTAR: a   logs/2024112418/gdas_atmos_prod_f000.log
HTAR: a   gdas.20241124/18/products/atmos/grib2/0p25/gdas.t18z.pgrb2.0p25.f000
HTAR: a   gdas.20241124/18/products/atmos/grib2/0p25/gdas.t18z.pgrb2.0p25.f000.idx
HTAR: a   gdas.20241124/18/products/atmos/grib2/1p00/gdas.t18z.pgrb2.1p00.f000
HTAR: a   gdas.20241124/18/products/atmos/grib2/1p00/gdas.t18z.pgrb2.1p00.f000.idx
HTAR: a   gdas.20241124/18/model/atmos/master/gdas.t18z.sfluxgrbf000.grib2
HTAR: a   gdas.20241124/18/model/atmos/master/gdas.t18z.sfluxgrbf000.grib2.idx
HTAR: a   gdas.20241124/18/model/atmos/history/gdas.t18z.atm.logf000.txt
HTAR: a   gdas.20241124/18/model/atmos/history/gdas.t18z.atmf000.nc
HTAR: a   gdas.20241124/18/model/atmos/history/gdas.t18z.sfcf000.nc
HTAR: a   logs/2024112418/gdas_atmos_prod_f003.log
HTAR: a   gdas.20241124/18/products/atmos/grib2/0p25/gdas.t18z.pgrb2.0p25.f003
HTAR: a   gdas.20241124/18/products/atmos/grib2/0p25/gdas.t18z.pgrb2.0p25.f003.idx
HTAR: a   gdas.20241124/18/products/atmos/grib2/1p00/gdas.t18z.pgrb2.1p00.f003
HTAR: a   gdas.20241124/18/products/atmos/grib2/1p00/gdas.t18z.pgrb2.1p00.f003.idx
HTAR: a   gdas.20241124/18/model/atmos/master/gdas.t18z.sfluxgrbf003.grib2
HTAR: a   gdas.20241124/18/model/atmos/master/gdas.t18z.sfluxgrbf003.grib2.idx
HTAR: a   gdas.20241124/18/model/atmos/history/gdas.t18z.atm.logf003.txt
HTAR: a   gdas.20241124/18/model/atmos/history/gdas.t18z.atmf003.nc
HTAR: a   gdas.20241124/18/model/atmos/history/gdas.t18z.sfcf003.nc
HTAR: a   logs/2024112418/gdas_atmos_prod_f006.log
HTAR: a   gdas.20241124/18/products/atmos/grib2/0p25/gdas.t18z.pgrb2.0p25.f006
HTAR: a   gdas.20241124/18/products/atmos/grib2/0p25/gdas.t18z.pgrb2.0p25.f006.idx
HTAR: a   gdas.20241124/18/products/atmos/grib2/1p00/gdas.t18z.pgrb2.1p00.f006
HTAR: a   gdas.20241124/18/products/atmos/grib2/1p00/gdas.t18z.pgrb2.1p00.f006.idx
HTAR: a   gdas.20241124/18/model/atmos/master/gdas.t18z.sfluxgrbf006.grib2
HTAR: a   gdas.20241124/18/model/atmos/master/gdas.t18z.sfluxgrbf006.grib2.idx
HTAR: a   gdas.20241124/18/model/atmos/history/gdas.t18z.atm.logf006.txt
HTAR: a   gdas.20241124/18/model/atmos/history/gdas.t18z.atmf006.nc
HTAR: a   gdas.20241124/18/model/atmos/history/gdas.t18z.sfcf006.nc
HTAR: a   logs/2024112418/gdas_atmos_prod_f009.log
HTAR: a   gdas.20241124/18/products/atmos/grib2/0p25/gdas.t18z.pgrb2.0p25.f009
HTAR: a   gdas.20241124/18/products/atmos/grib2/0p25/gdas.t18z.pgrb2.0p25.f009.idx
HTAR: a   gdas.20241124/18/products/atmos/grib2/1p00/gdas.t18z.pgrb2.1p00.f009
HTAR: a   gdas.20241124/18/products/atmos/grib2/1p00/gdas.t18z.pgrb2.1p00.f009.idx
HTAR: a   gdas.20241124/18/model/atmos/master/gdas.t18z.sfluxgrbf009.grib2
HTAR: a   gdas.20241124/18/model/atmos/master/gdas.t18z.sfluxgrbf009.grib2.idx
HTAR: a   gdas.20241124/18/model/atmos/history/gdas.t18z.atm.logf009.txt
HTAR: a   gdas.20241124/18/model/atmos/history/gdas.t18z.atmf009.nc
HTAR: a   gdas.20241124/18/model/atmos/history/gdas.t18z.sfcf009.nc
HTAR: a   gdas.20241124/18/products/atmos/radmon/bad_diag.2024112418
HTAR: a   gdas.20241124/18/products/atmos/radmon/bad_pen.2024112418
HTAR: a   gdas.20241124/18/products/atmos/radmon/warning.2024112418
HTAR: a   gdas.20241124/18/products/atmos/oznmon/horiz/omi_aura.anl.ctl
HTAR: a   gdas.20241124/18/products/atmos/oznmon/horiz/omi_aura.anl.2024112418.ieee_d.gz
HTAR: a   gdas.20241124/18/products/atmos/oznmon/horiz/omi_aura.ges.ctl
HTAR: a   gdas.20241124/18/products/atmos/oznmon/horiz/omi_aura.ges.2024112418.ieee_d.gz
HTAR: a   gdas.20241124/18/products/atmos/oznmon/horiz/ompslp_npp.anl.ctl
HTAR: a   gdas.20241124/18/products/atmos/oznmon/horiz/ompslp_npp.anl.2024112418.ieee_d.gz
HTAR: a   gdas.20241124/18/products/atmos/oznmon/horiz/ompslp_npp.ges.ctl
HTAR: a   gdas.20241124/18/products/atmos/oznmon/horiz/ompslp_npp.ges.2024112418.ieee_d.gz
HTAR: a   gdas.20241124/18/products/atmos/oznmon/horiz/ompsnp_n20.anl.ctl
HTAR: a   gdas.20241124/18/products/atmos/oznmon/horiz/ompsnp_n20.anl.2024112418.ieee_d.gz
HTAR: a   gdas.20241124/18/products/atmos/oznmon/horiz/ompsnp_n20.ges.ctl
HTAR: a   gdas.20241124/18/products/atmos/oznmon/horiz/ompsnp_n20.ges.2024112418.ieee_d.gz
HTAR: a   gdas.20241124/18/products/atmos/oznmon/horiz/ompsnp_npp.anl.ctl
HTAR: a   gdas.20241124/18/products/atmos/oznmon/horiz/ompsnp_npp.anl.2024112418.ieee_d.gz
HTAR: a   gdas.20241124/18/products/atmos/oznmon/horiz/ompsnp_npp.ges.ctl
HTAR: a   gdas.20241124/18/products/atmos/oznmon/horiz/ompsnp_npp.ges.2024112418.ieee_d.gz
HTAR: a   gdas.20241124/18/products/atmos/oznmon/horiz/ompstc8_n20.anl.ctl
HTAR: a   gdas.20241124/18/products/atmos/oznmon/horiz/ompstc8_n20.anl.2024112418.ieee_d.gz
HTAR: a   gdas.20241124/18/products/atmos/oznmon/horiz/ompstc8_n20.ges.ctl
HTAR: a   gdas.20241124/18/products/atmos/oznmon/horiz/ompstc8_n20.ges.2024112418.ieee_d.gz
HTAR: a   gdas.20241124/18/products/atmos/oznmon/horiz/ompstc8_npp.anl.ctl
HTAR: a   gdas.20241124/18/products/atmos/oznmon/horiz/ompstc8_npp.anl.2024112418.ieee_d.gz
HTAR: a   gdas.20241124/18/products/atmos/oznmon/horiz/ompstc8_npp.ges.ctl
HTAR: a   gdas.20241124/18/products/atmos/oznmon/horiz/ompstc8_npp.ges.2024112418.ieee_d.gz
HTAR: a   gdas.20241124/18/products/atmos/oznmon/time/omi_aura.anl.ctl
HTAR: a   gdas.20241124/18/products/atmos/oznmon/time/omi_aura.anl.2024112418.ieee_d
HTAR: a   gdas.20241124/18/products/atmos/oznmon/time/omi_aura.ges.ctl
HTAR: a   gdas.20241124/18/products/atmos/oznmon/time/omi_aura.ges.2024112418.ieee_d
HTAR: a   gdas.20241124/18/products/atmos/oznmon/time/ompslp_npp.anl.ctl
HTAR: a   gdas.20241124/18/products/atmos/oznmon/time/ompslp_npp.anl.2024112418.ieee_d
HTAR: a   gdas.20241124/18/products/atmos/oznmon/time/ompslp_npp.ges.ctl
HTAR: a   gdas.20241124/18/products/atmos/oznmon/time/ompslp_npp.ges.2024112418.ieee_d
HTAR: a   gdas.20241124/18/products/atmos/oznmon/time/ompsnp_n20.anl.ctl
HTAR: a   gdas.20241124/18/products/atmos/oznmon/time/ompsnp_n20.anl.2024112418.ieee_d
HTAR: a   gdas.20241124/18/products/atmos/oznmon/time/ompsnp_n20.ges.ctl
HTAR: a   gdas.20241124/18/products/atmos/oznmon/time/ompsnp_n20.ges.2024112418.ieee_d
HTAR: a   gdas.20241124/18/products/atmos/oznmon/time/ompsnp_npp.anl.ctl
HTAR: a   gdas.20241124/18/products/atmos/oznmon/time/ompsnp_npp.anl.2024112418.ieee_d
HTAR: a   gdas.20241124/18/products/atmos/oznmon/time/ompsnp_npp.ges.ctl
HTAR: a   gdas.20241124/18/products/atmos/oznmon/time/ompsnp_npp.ges.2024112418.ieee_d
HTAR: a   gdas.20241124/18/products/atmos/oznmon/time/ompstc8_n20.anl.ctl
HTAR: a   gdas.20241124/18/products/atmos/oznmon/time/ompstc8_n20.anl.2024112418.ieee_d
HTAR: a   gdas.20241124/18/products/atmos/oznmon/time/ompstc8_n20.ges.ctl
HTAR: a   gdas.20241124/18/products/atmos/oznmon/time/ompstc8_n20.ges.2024112418.ieee_d
HTAR: a   gdas.20241124/18/products/atmos/oznmon/time/ompstc8_npp.anl.ctl
HTAR: a   gdas.20241124/18/products/atmos/oznmon/time/ompstc8_npp.anl.2024112418.ieee_d
HTAR: a   gdas.20241124/18/products/atmos/oznmon/time/ompstc8_npp.ges.ctl
HTAR: a   gdas.20241124/18/products/atmos/oznmon/time/ompstc8_npp.ges.2024112418.ieee_d
HTAR: a   /var/tmp/pbs.46066644.dbqs01/HTAR_CF_CHK_1906789_1750106825
HTAR Create complete for /5year/NCEPDEV/emc-global/emc.glopara/WCOSS2/GFSv17/retrotestgfs10/2024112418/gdas.tar. 162434665984 bytes written for 153 member files, max threads: 4 Transfer time: 436.418 seconds (372.199 MB/s) wallclock/user/sys: 436.770 55.333 306.819 seconds
HTAR: HTAR SUCCESSFUL
[38;21m2025-06-16 20:54:22,871 - INFO     - archive     : BEGIN: pygfs.task.archive._protect_rstprod[0m
[38;5;39m2025-06-16 20:54:22,879 - DEBUG    - archive     : ( <pygfs.task.archive.Archive object at 0x14e86eb8dd30>, {'name': 'GDAS', 'target': '/5year/NCEPDEV/emc-global/emc.glopara/WCOSS2/GFSv17/retrotestgfs10/2024112418/gdas.tar', 'required': ['logs/2024112418/gdas_atmanlprod.log', 'logs/2024112418/gdas_prep.log', 'logs/2024112418/gdas_anal.log', 'logs/2024112418/gdas_analdiag.log', 'logs/2024112418/gdas_atmanlupp.log', 'logs/2024112418/gdas_prepoceanobs.log', 'logs/2024112418/gdas_marineanlinit.log', 'logs/2024112418/gdas_marinebmat.log', 'logs/2024112418/gdas_marineanlvar.log', 'logs/2024112418/gdas_marineanlfinal.log', 'logs/2024112418/gdas_marineanlchkpt.log', 'logs/2024112418/gdas_ocnanalecen.log', 'logs/2024112418/gdas_snowanl.log', 'gdas.20241124/18/products/atmos/grib2/0p25/gdas.t18z.pgrb2.0p25.anl', 'gdas.20241124/18/products/atmos/grib2/0p25/gdas.t18z.pgrb2.0p25.anl.idx', 'gdas.20241124/18/products/atmos/grib2/1p00/gdas.t18z.pgrb2.1p00.anl', 'gdas.20241124/18/products/atmos/grib2/1p00/gdas.t18z.pgrb2.1p00.anl.idx', 'gdas.20241124/18/analysis/atmos/gdas.t18z.atmanl.nc', 'gdas.20241124/18/analysis/atmos/gdas.t18z.sfcanl.nc', 'gdas.20241124/18/analysis/atmos/gdas.t18z.atmanl.ensres.nc', 'gdas.20241124/18/analysis/atmos/gdas.t18z.atma003.ensres.nc', 'gdas.20241124/18/analysis/atmos/gdas.t18z.atma009.ensres.nc', 'gdas.20241124/18/analysis/atmos/gdas.t18z.gsistat', 'gdas.20241124/18/analysis/atmos/gdas.t18z.cnvstat', 'gdas.20241124/18/analysis/atmos/gdas.t18z.oznstat', 'gdas.20241124/18/analysis/atmos/gdas.t18z.radstat', 'gdas.20241124/18/analysis/atmos/gdas.t18z.abias', 'gdas.20241124/18/analysis/atmos/gdas.t18z.abias_air', 'gdas.20241124/18/analysis/atmos/gdas.t18z.abias_pc', 'gdas.20241124/18/analysis/atmos/gdas.t18z.abias_int', 'gdas.20241124/18/analysis/snow/snowinc.20241124.180000.sfc_data.tile1.nc', 'gdas.20241124/18/analysis/snow/20241124.180000.sfc_data.tile1.nc', 'gdas.20241124/18/analysis/snow/snowinc.20241124.180000.sfc_data.tile2.nc', 'gdas.20241124/18/analysis/snow/20241124.180000.sfc_data.tile2.nc', 'gdas.20241124/18/analysis/snow/snowinc.20241124.180000.sfc_data.tile3.nc', 'gdas.20241124/18/analysis/snow/20241124.180000.sfc_data.tile3.nc', 'gdas.20241124/18/analysis/snow/snowinc.20241124.180000.sfc_data.tile4.nc', 'gdas.20241124/18/analysis/snow/20241124.180000.sfc_data.tile4.nc', 'gdas.20241124/18/analysis/snow/snowinc.20241124.180000.sfc_data.tile5.nc', 'gdas.20241124/18/analysis/snow/20241124.180000.sfc_data.tile5.nc', 'gdas.20241124/18/analysis/snow/snowinc.20241124.180000.sfc_data.tile6.nc', 'gdas.20241124/18/analysis/snow/20241124.180000.sfc_data.tile6.nc', 'gdas.20241124/18/analysis/snow/gdas.t18z.snowstat.tgz', 'gdas.20241124/18/conf/gdas.t18z.snowanlvar.yaml', 'gdas.20241124/18/products/atmos/oznmon/time/bad_cnt.2024112418', 'gdas.20241124/18/products/atmos/oznmon/time/bad_diag.2024112418', 'gdas.20241124/18/products/atmos/oznmon/time/bad_pen.2024112418', 'gdas.20241124/18/products/atmos/oznmon/time/stdout.time.tar.gz', 'gdas.20241124/18/products/atmos/oznmon/horiz/stdout.horiz.tar.gz', 'logs/2024112418/gdas_verfozn.log', 'gdas.20241124/18/products/atmos/radmon/radmon_angle.tar.gz', 'gdas.20241124/18/products/atmos/radmon/radmon_bcoef.tar.gz', 'gdas.20241124/18/products/atmos/radmon/radmon_bcor.tar.gz', 'gdas.20241124/18/products/atmos/radmon/radmon_time.tar.gz', 'logs/2024112418/gdas_verfrad.log', 'gdas.20241124/18/products/atmos/minmon/2024112418.costs.txt', 'gdas.20241124/18/products/atmos/minmon/2024112418.cost_terms.txt', 'gdas.20241124/18/products/atmos/minmon/2024112418.gnorms.ieee_d', 'gdas.20241124/18/products/atmos/minmon/2024112418.reduction.ieee_d', 'gdas.20241124/18/products/atmos/minmon/gnorm_data.txt', 'logs/2024112418/gdas_vminmon.log', 'logs/2024112418/gdas_fcst_seg0.log', 'logs/2024112418/gdas_atmos_prod_f000.log', 'gdas.20241124/18/products/atmos/grib2/0p25/gdas.t18z.pgrb2.0p25.f000', 'gdas.20241124/18/products/atmos/grib2/0p25/gdas.t18z.pgrb2.0p25.f000.idx', 'gdas.20241124/18/products/atmos/grib2/1p00/gdas.t18z.pgrb2.1p00.f000', 'gdas.20241124/18/products/atmos/grib2/1p00/gdas.t18z.pgrb2.1p00.f000.idx', 'gdas.20241124/18/model/atmos/master/gdas.t18z.sfluxgrbf000.grib2', 'gdas.20241124/18/model/atmos/master/gdas.t18z.sfluxgrbf000.grib2.idx', 'gdas.20241124/18/model/atmos/history/gdas.t18z.atm.logf000.txt', 'gdas.20241124/18/model/atmos/history/gdas.t18z.atmf000.nc', 'gdas.20241124/18/model/atmos/history/gdas.t18z.sfcf000.nc', 'logs/2024112418/gdas_atmos_prod_f003.log', 'gdas.20241124/18/products/atmos/grib2/0p25/gdas.t18z.pgrb2.0p25.f003', 'gdas.20241124/18/products/atmos/grib2/0p25/gdas.t18z.pgrb2.0p25.f003.idx', 'gdas.20241124/18/products/atmos/grib2/1p00/gdas.t18z.pgrb2.1p00.f003', 'gdas.20241124/18/products/atmos/grib2/1p00/gdas.t18z.pgrb2.1p00.f003.idx', 'gdas.20241124/18/model/atmos/master/gdas.t18z.sfluxgrbf003.grib2', 'gdas.20241124/18/model/atmos/master/gdas.t18z.sfluxgrbf003.grib2.idx', 'gdas.20241124/18/model/atmos/history/gdas.t18z.atm.logf003.txt', 'gdas.20241124/18/model/atmos/history/gdas.t18z.atmf003.nc', 'gdas.20241124/18/model/atmos/history/gdas.t18z.sfcf003.nc', 'logs/2024112418/gdas_atmos_prod_f006.log', 'gdas.20241124/18/products/atmos/grib2/0p25/gdas.t18z.pgrb2.0p25.f006', 'gdas.20241124/18/products/atmos/grib2/0p25/gdas.t18z.pgrb2.0p25.f006.idx', 'gdas.20241124/18/products/atmos/grib2/1p00/gdas.t18z.pgrb2.1p00.f006', 'gdas.20241124/18/products/atmos/grib2/1p00/gdas.t18z.pgrb2.1p00.f006.idx', 'gdas.20241124/18/model/atmos/master/gdas.t18z.sfluxgrbf006.grib2', 'gdas.20241124/18/model/atmos/master/gdas.t18z.sfluxgrbf006.grib2.idx', 'gdas.20241124/18/model/atmos/history/gdas.t18z.atm.logf006.txt', 'gdas.20241124/18/model/atmos/history/gdas.t18z.atmf006.nc', 'gdas.20241124/18/model/atmos/history/gdas.t18z.sfcf006.nc', 'logs/2024112418/gdas_atmos_prod_f009.log', 'gdas.20241124/18/products/atmos/grib2/0p25/gdas.t18z.pgrb2.0p25.f009', 'gdas.20241124/18/products/atmos/grib2/0p25/gdas.t18z.pgrb2.0p25.f009.idx', 'gdas.20241124/18/products/atmos/grib2/1p00/gdas.t18z.pgrb2.1p00.f009', 'gdas.20241124/18/products/atmos/grib2/1p00/gdas.t18z.pgrb2.1p00.f009.idx', 'gdas.20241124/18/model/atmos/master/gdas.t18z.sfluxgrbf009.grib2', 'gdas.20241124/18/model/atmos/master/gdas.t18z.sfluxgrbf009.grib2.idx', 'gdas.20241124/18/model/atmos/history/gdas.t18z.atm.logf009.txt', 'gdas.20241124/18/model/atmos/history/gdas.t18z.atmf009.nc', 'gdas.20241124/18/model/atmos/history/gdas.t18z.sfcf009.nc'], 'optional': ['gdas.20241124/18/products/atmos/radmon/bad_diag.2024112418', 'gdas.20241124/18/products/atmos/radmon/bad_pen.2024112418', 'gdas.20241124/18/products/atmos/radmon/low_count.2024112418', 'gdas.20241124/18/products/atmos/radmon/warning.2024112418', 'gdas.20241124/18/products/atmos/oznmon/horiz/gome_metop-b.anl.ctl', 'gdas.20241124/18/products/atmos/oznmon/horiz/gome_metop-b.anl.2024112418.ieee_d.gz', 'gdas.20241124/18/products/atmos/oznmon/horiz/gome_metop-b.ges.ctl', 'gdas.20241124/18/products/atmos/oznmon/horiz/gome_metop-b.ges.2024112418.ieee_d.gz', 'gdas.20241124/18/products/atmos/oznmon/horiz/omi_aura.anl.ctl', 'gdas.20241124/18/products/atmos/oznmon/horiz/omi_aura.anl.2024112418.ieee_d.gz', 'gdas.20241124/18/products/atmos/oznmon/horiz/omi_aura.ges.ctl', 'gdas.20241124/18/products/atmos/oznmon/horiz/omi_aura.ges.2024112418.ieee_d.gz', 'gdas.20241124/18/products/atmos/oznmon/horiz/ompslp_npp.anl.ctl', 'gdas.20241124/18/products/atmos/oznmon/horiz/ompslp_npp.anl.2024112418.ieee_d.gz', 'gdas.20241124/18/products/atmos/oznmon/horiz/ompslp_npp.ges.ctl', 'gdas.20241124/18/products/atmos/oznmon/horiz/ompslp_npp.ges.2024112418.ieee_d.gz', 'gdas.20241124/18/products/atmos/oznmon/horiz/ompsnp_n20.anl.ctl', 'gdas.20241124/18/products/atmos/oznmon/horiz/ompsnp_n20.anl.2024112418.ieee_d.gz', 'gdas.20241124/18/products/atmos/oznmon/horiz/ompsnp_n20.ges.ctl', 'gdas.20241124/18/products/atmos/oznmon/horiz/ompsnp_n20.ges.2024112418.ieee_d.gz', 'gdas.20241124/18/products/atmos/oznmon/horiz/ompsnp_npp.anl.ctl', 'gdas.20241124/18/products/atmos/oznmon/horiz/ompsnp_npp.anl.2024112418.ieee_d.gz', 'gdas.20241124/18/products/atmos/oznmon/horiz/ompsnp_npp.ges.ctl', 'gdas.20241124/18/products/atmos/oznmon/horiz/ompsnp_npp.ges.2024112418.ieee_d.gz', 'gdas.20241124/18/products/atmos/oznmon/horiz/ompstc8_n20.anl.ctl', 'gdas.20241124/18/products/atmos/oznmon/horiz/ompstc8_n20.anl.2024112418.ieee_d.gz', 'gdas.20241124/18/products/atmos/oznmon/horiz/ompstc8_n20.ges.ctl', 'gdas.20241124/18/products/atmos/oznmon/horiz/ompstc8_n20.ges.2024112418.ieee_d.gz', 'gdas.20241124/18/products/atmos/oznmon/horiz/ompstc8_npp.anl.ctl', 'gdas.20241124/18/products/atmos/oznmon/horiz/ompstc8_npp.anl.2024112418.ieee_d.gz', 'gdas.20241124/18/products/atmos/oznmon/horiz/ompstc8_npp.ges.ctl', 'gdas.20241124/18/products/atmos/oznmon/horiz/ompstc8_npp.ges.2024112418.ieee_d.gz', 'gdas.20241124/18/products/atmos/oznmon/horiz/sbuv2_n19.anl.ctl', 'gdas.20241124/18/products/atmos/oznmon/horiz/sbuv2_n19.anl.2024112418.ieee_d.gz', 'gdas.20241124/18/products/atmos/oznmon/horiz/sbuv2_n19.ges.ctl', 'gdas.20241124/18/products/atmos/oznmon/horiz/sbuv2_n19.ges.2024112418.ieee_d.gz', 'gdas.20241124/18/products/atmos/oznmon/time/gome_metop-b.anl.ctl', 'gdas.20241124/18/products/atmos/oznmon/time/gome_metop-b.anl.2024112418.ieee_d', 'gdas.20241124/18/products/atmos/oznmon/time/gome_metop-b.ges.ctl', 'gdas.20241124/18/products/atmos/oznmon/time/gome_metop-b.ges.2024112418.ieee_d', 'gdas.20241124/18/products/atmos/oznmon/time/omi_aura.anl.ctl', 'gdas.20241124/18/products/atmos/oznmon/time/omi_aura.anl.2024112418.ieee_d', 'gdas.20241124/18/products/atmos/oznmon/time/omi_aura.ges.ctl', 'gdas.20241124/18/products/atmos/oznmon/time/omi_aura.ges.2024112418.ieee_d', 'gdas.20241124/18/products/atmos/oznmon/time/ompslp_npp.anl.ctl', 'gdas.20241124/18/products/atmos/oznmon/time/ompslp_npp.anl.2024112418.ieee_d', 'gdas.20241124/18/products/atmos/oznmon/time/ompslp_npp.ges.ctl', 'gdas.20241124/18/products/atmos/oznmon/time/ompslp_npp.ges.2024112418.ieee_d', 'gdas.20241124/18/products/atmos/oznmon/time/ompsnp_n20.anl.ctl', 'gdas.20241124/18/products/atmos/oznmon/time/ompsnp_n20.anl.2024112418.ieee_d', 'gdas.20241124/18/products/atmos/oznmon/time/ompsnp_n20.ges.ctl', 'gdas.20241124/18/products/atmos/oznmon/time/ompsnp_n20.ges.2024112418.ieee_d', 'gdas.20241124/18/products/atmos/oznmon/time/ompsnp_npp.anl.ctl', 'gdas.20241124/18/products/atmos/oznmon/time/ompsnp_npp.anl.2024112418.ieee_d', 'gdas.20241124/18/products/atmos/oznmon/time/ompsnp_npp.ges.ctl', 'gdas.20241124/18/products/atmos/oznmon/time/ompsnp_npp.ges.2024112418.ieee_d', 'gdas.20241124/18/products/atmos/oznmon/time/ompstc8_n20.anl.ctl', 'gdas.20241124/18/products/atmos/oznmon/time/ompstc8_n20.anl.2024112418.ieee_d', 'gdas.20241124/18/products/atmos/oznmon/time/ompstc8_n20.ges.ctl', 'gdas.20241124/18/products/atmos/oznmon/time/ompstc8_n20.ges.2024112418.ieee_d', 'gdas.20241124/18/products/atmos/oznmon/time/ompstc8_npp.anl.ctl', 'gdas.20241124/18/products/atmos/oznmon/time/ompstc8_npp.anl.2024112418.ieee_d', 'gdas.20241124/18/products/atmos/oznmon/time/ompstc8_npp.ges.ctl', 'gdas.20241124/18/products/atmos/oznmon/time/ompstc8_npp.ges.2024112418.ieee_d', 'gdas.20241124/18/products/atmos/oznmon/time/sbuv2_n19.anl.ctl', 'gdas.20241124/18/products/atmos/oznmon/time/sbuv2_n19.anl.2024112418.ieee_d', 'gdas.20241124/18/products/atmos/oznmon/time/sbuv2_n19.ges.ctl', 'gdas.20241124/18/products/atmos/oznmon/time/sbuv2_n19.ges.2024112418.ieee_d'], 'fileset': ['logs/2024112418/gdas_atmanlprod.log', 'logs/2024112418/gdas_prep.log', 'logs/2024112418/gdas_anal.log', 'logs/2024112418/gdas_analdiag.log', 'logs/2024112418/gdas_atmanlupp.log', 'logs/2024112418/gdas_prepoceanobs.log', 'logs/2024112418/gdas_marineanlinit.log', 'logs/2024112418/gdas_marinebmat.log', 'logs/2024112418/gdas_marineanlvar.log', 'logs/2024112418/gdas_marineanlfinal.log', 'logs/2024112418/gdas_marineanlchkpt.log', 'logs/2024112418/gdas_ocnanalecen.log', 'logs/2024112418/gdas_snowanl.log', 'gdas.20241124/18/products/atmos/grib2/0p25/gdas.t18z.pgrb2.0p25.anl', 'gdas.20241124/18/products/atmos/grib2/0p25/gdas.t18z.pgrb2.0p25.anl.idx', 'gdas.20241124/18/products/atmos/grib2/1p00/gdas.t18z.pgrb2.1p00.anl', 'gdas.20241124/18/products/atmos/grib2/1p00/gdas.t18z.pgrb2.1p00.anl.idx', 'gdas.20241124/18/analysis/atmos/gdas.t18z.atmanl.nc', 'gdas.20241124/18/analysis/atmos/gdas.t18z.sfcanl.nc', 'gdas.20241124/18/analysis/atmos/gdas.t18z.atmanl.ensres.nc', 'gdas.20241124/18/analysis/atmos/gdas.t18z.atma003.ensres.nc', 'gdas.20241124/18/analysis/atmos/gdas.t18z.atma009.ensres.nc', 'gdas.20241124/18/analysis/atmos/gdas.t18z.gsistat', 'gdas.20241124/18/analysis/atmos/gdas.t18z.cnvstat', 'gdas.20241124/18/analysis/atmos/gdas.t18z.oznstat', 'gdas.20241124/18/analysis/atmos/gdas.t18z.radstat', 'gdas.20241124/18/analysis/atmos/gdas.t18z.abias', 'gdas.20241124/18/analysis/atmos/gdas.t18z.abias_air', 'gdas.20241124/18/analysis/atmos/gdas.t18z.abias_pc', 'gdas.20241124/18/analysis/atmos/gdas.t18z.abias_int', 'gdas.20241124/18/analysis/snow/snowinc.20241124.180000.sfc_data.tile1.nc', 'gdas.20241124/18/analysis/snow/20241124.180000.sfc_data.tile1.nc', 'gdas.20241124/18/analysis/snow/snowinc.20241124.180000.sfc_data.tile2.nc', 'gdas.20241124/18/analysis/snow/20241124.180000.sfc_data.tile2.nc', 'gdas.20241124/18/analysis/snow/snowinc.20241124.180000.sfc_data.tile3.nc', 'gdas.20241124/18/analysis/snow/20241124.180000.sfc_data.tile3.nc', 'gdas.20241124/18/analysis/snow/snowinc.20241124.180000.sfc_data.tile4.nc', 'gdas.20241124/18/analysis/snow/20241124.180000.sfc_data.tile4.nc', 'gdas.20241124/18/analysis/snow/snowinc.20241124.180000.sfc_data.tile5.nc', 'gdas.20241124/18/analysis/snow/20241124.180000.sfc_data.tile5.nc', 'gdas.20241124/18/analysis/snow/snowinc.20241124.180000.sfc_data.tile6.nc', 'gdas.20241124/18/analysis/snow/20241124.180000.sfc_data.tile6.nc', 'gdas.20241124/18/analysis/snow/gdas.t18z.snowstat.tgz', 'gdas.20241124/18/conf/gdas.t18z.snowanlvar.yaml', 'gdas.20241124/18/products/atmos/oznmon/time/bad_cnt.2024112418', 'gdas.20241124/18/products/atmos/oznmon/time/bad_diag.2024112418', 'gdas.20241124/18/products/atmos/oznmon/time/bad_pen.2024112418', 'gdas.20241124/18/products/atmos/oznmon/time/stdout.time.tar.gz', 'gdas.20241124/18/products/atmos/oznmon/horiz/stdout.horiz.tar.gz', 'logs/2024112418/gdas_verfozn.log', 'gdas.20241124/18/products/atmos/radmon/radmon_angle.tar.gz', 'gdas.20241124/18/products/atmos/radmon/radmon_bcoef.tar.gz', 'gdas.20241124/18/products/atmos/radmon/radmon_bcor.tar.gz', 'gdas.20241124/18/products/atmos/radmon/radmon_time.tar.gz', 'logs/2024112418/gdas_verfrad.log', 'gdas.20241124/18/products/atmos/minmon/2024112418.costs.txt', 'gdas.20241124/18/products/atmos/minmon/2024112418.cost_terms.txt', 'gdas.20241124/18/products/atmos/minmon/2024112418.gnorms.ieee_d', 'gdas.20241124/18/products/atmos/minmon/2024112418.reduction.ieee_d', 'gdas.20241124/18/products/atmos/minmon/gnorm_data.txt', 'logs/2024112418/gdas_vminmon.log', 'logs/2024112418/gdas_fcst_seg0.log', 'logs/2024112418/gdas_atmos_prod_f000.log', 'gdas.20241124/18/products/atmos/grib2/0p25/gdas.t18z.pgrb2.0p25.f000', 'gdas.20241124/18/products/atmos/grib2/0p25/gdas.t18z.pgrb2.0p25.f000.idx', 'gdas.20241124/18/products/atmos/grib2/1p00/gdas.t18z.pgrb2.1p00.f000', 'gdas.20241124/18/products/atmos/grib2/1p00/gdas.t18z.pgrb2.1p00.f000.idx', 'gdas.20241124/18/model/atmos/master/gdas.t18z.sfluxgrbf000.grib2', 'gdas.20241124/18/model/atmos/master/gdas.t18z.sfluxgrbf000.grib2.idx', 'gdas.20241124/18/model/atmos/history/gdas.t18z.atm.logf000.txt', 'gdas.20241124/18/model/atmos/history/gdas.t18z.atmf000.nc', 'gdas.20241124/18/model/atmos/history/gdas.t18z.sfcf000.nc', 'logs/2024112418/gdas_atmos_prod_f003.log', 'gdas.20241124/18/products/atmos/grib2/0p25/gdas.t18z.pgrb2.0p25.f003', 'gdas.20241124/18/products/atmos/grib2/0p25/gdas.t18z.pgrb2.0p25.f003.idx', 'gdas.20241124/18/products/atmos/grib2/1p00/gdas.t18z.pgrb2.1p00.f003', 'gdas.20241124/18/products/atmos/grib2/1p00/gdas.t18z.pgrb2.1p00.f003.idx', 'gdas.20241124/18/model/atmos/master/gdas.t18z.sfluxgrbf003.grib2', 'gdas.20241124/18/model/atmos/master/gdas.t18z.sfluxgrbf003.grib2.idx', 'gdas.20241124/18/model/atmos/history/gdas.t18z.atm.logf003.txt', 'gdas.20241124/18/model/atmos/history/gdas.t18z.atmf003.nc', 'gdas.20241124/18/model/atmos/history/gdas.t18z.sfcf003.nc', 'logs/2024112418/gdas_atmos_prod_f006.log', 'gdas.20241124/18/products/atmos/grib2/0p25/gdas.t18z.pgrb2.0p25.f006', 'gdas.20241124/18/products/atmos/grib2/0p25/gdas.t18z.pgrb2.0p25.f006.idx', 'gdas.20241124/18/products/atmos/grib2/1p00/gdas.t18z.pgrb2.1p00.f006', 'gdas.20241124/18/products/atmos/grib2/1p00/gdas.t18z.pgrb2.1p00.f006.idx', 'gdas.20241124/18/model/atmos/master/gdas.t18z.sfluxgrbf006.grib2', 'gdas.20241124/18/model/atmos/master/gdas.t18z.sfluxgrbf006.grib2.idx', 'gdas.20241124/18/model/atmos/history/gdas.t18z.atm.logf006.txt', 'gdas.20241124/18/model/atmos/history/gdas.t18z.atmf006.nc', 'gdas.20241124/18/model/atmos/history/gdas.t18z.sfcf006.nc', 'logs/2024112418/gdas_atmos_prod_f009.log', 'gdas.20241124/18/products/atmos/grib2/0p25/gdas.t18z.pgrb2.0p25.f009', 'gdas.20241124/18/products/atmos/grib2/0p25/gdas.t18z.pgrb2.0p25.f009.idx', 'gdas.20241124/18/products/atmos/grib2/1p00/gdas.t18z.pgrb2.1p00.f009', 'gdas.20241124/18/products/atmos/grib2/1p00/gdas.t18z.pgrb2.1p00.f009.idx', 'gdas.20241124/18/model/atmos/master/gdas.t18z.sfluxgrbf009.grib2', 'gdas.20241124/18/model/atmos/master/gdas.t18z.sfluxgrbf009.grib2.idx', 'gdas.20241124/18/model/atmos/history/gdas.t18z.atm.logf009.txt', 'gdas.20241124/18/model/atmos/history/gdas.t18z.atmf009.nc', 'gdas.20241124/18/model/atmos/history/gdas.t18z.sfcf009.nc', 'gdas.20241124/18/products/atmos/radmon/bad_diag.2024112418', 'gdas.20241124/18/products/atmos/radmon/bad_pen.2024112418', 'gdas.20241124/18/products/atmos/radmon/warning.2024112418', 'gdas.20241124/18/products/atmos/oznmon/horiz/omi_aura.anl.ctl', 'gdas.20241124/18/products/atmos/oznmon/horiz/omi_aura.anl.2024112418.ieee_d.gz', 'gdas.20241124/18/products/atmos/oznmon/horiz/omi_aura.ges.ctl', 'gdas.20241124/18/products/atmos/oznmon/horiz/omi_aura.ges.2024112418.ieee_d.gz', 'gdas.20241124/18/products/atmos/oznmon/horiz/ompslp_npp.anl.ctl', 'gdas.20241124/18/products/atmos/oznmon/horiz/ompslp_npp.anl.2024112418.ieee_d.gz', 'gdas.20241124/18/products/atmos/oznmon/horiz/ompslp_npp.ges.ctl', 'gdas.20241124/18/products/atmos/oznmon/horiz/ompslp_npp.ges.2024112418.ieee_d.gz', 'gdas.20241124/18/products/atmos/oznmon/horiz/ompsnp_n20.anl.ctl', 'gdas.20241124/18/products/atmos/oznmon/horiz/ompsnp_n20.anl.2024112418.ieee_d.gz', 'gdas.20241124/18/products/atmos/oznmon/horiz/ompsnp_n20.ges.ctl', 'gdas.20241124/18/products/atmos/oznmon/horiz/ompsnp_n20.ges.2024112418.ieee_d.gz', 'gdas.20241124/18/products/atmos/oznmon/horiz/ompsnp_npp.anl.ctl', 'gdas.20241124/18/products/atmos/oznmon/horiz/ompsnp_npp.anl.2024112418.ieee_d.gz', 'gdas.20241124/18/products/atmos/oznmon/horiz/ompsnp_npp.ges.ctl', 'gdas.20241124/18/products/atmos/oznmon/horiz/ompsnp_npp.ges.2024112418.ieee_d.gz', 'gdas.20241124/18/products/atmos/oznmon/horiz/ompstc8_n20.anl.ctl', 'gdas.20241124/18/products/atmos/oznmon/horiz/ompstc8_n20.anl.2024112418.ieee_d.gz', 'gdas.20241124/18/products/atmos/oznmon/horiz/ompstc8_n20.ges.ctl', 'gdas.20241124/18/products/atmos/oznmon/horiz/ompstc8_n20.ges.2024112418.ieee_d.gz', 'gdas.20241124/18/products/atmos/oznmon/horiz/ompstc8_npp.anl.ctl', 'gdas.20241124/18/products/atmos/oznmon/horiz/ompstc8_npp.anl.2024112418.ieee_d.gz', 'gdas.20241124/18/products/atmos/oznmon/horiz/ompstc8_npp.ges.ctl', 'gdas.20241124/18/products/atmos/oznmon/horiz/ompstc8_npp.ges.2024112418.ieee_d.gz', 'gdas.20241124/18/products/atmos/oznmon/time/omi_aura.anl.ctl', 'gdas.20241124/18/products/atmos/oznmon/time/omi_aura.anl.2024112418.ieee_d', 'gdas.20241124/18/products/atmos/oznmon/time/omi_aura.ges.ctl', 'gdas.20241124/18/products/atmos/oznmon/time/omi_aura.ges.2024112418.ieee_d', 'gdas.20241124/18/products/atmos/oznmon/time/ompslp_npp.anl.ctl', 'gdas.20241124/18/products/atmos/oznmon/time/ompslp_npp.anl.2024112418.ieee_d', 'gdas.20241124/18/products/atmos/oznmon/time/ompslp_npp.ges.ctl', 'gdas.20241124/18/products/atmos/oznmon/time/ompslp_npp.ges.2024112418.ieee_d', 'gdas.20241124/18/products/atmos/oznmon/time/ompsnp_n20.anl.ctl', 'gdas.20241124/18/products/atmos/oznmon/time/ompsnp_n20.anl.2024112418.ieee_d', 'gdas.20241124/18/products/atmos/oznmon/time/ompsnp_n20.ges.ctl', 'gdas.20241124/18/products/atmos/oznmon/time/ompsnp_n20.ges.2024112418.ieee_d', 'gdas.20241124/18/products/atmos/oznmon/time/ompsnp_npp.anl.ctl', 'gdas.20241124/18/products/atmos/oznmon/time/ompsnp_npp.anl.2024112418.ieee_d', 'gdas.20241124/18/products/atmos/oznmon/time/ompsnp_npp.ges.ctl', 'gdas.20241124/18/products/atmos/oznmon/time/ompsnp_npp.ges.2024112418.ieee_d', 'gdas.20241124/18/products/atmos/oznmon/time/ompstc8_n20.anl.ctl', 'gdas.20241124/18/products/atmos/oznmon/time/ompstc8_n20.anl.2024112418.ieee_d', 'gdas.20241124/18/products/atmos/oznmon/time/ompstc8_n20.ges.ctl', 'gdas.20241124/18/products/atmos/oznmon/time/ompstc8_n20.ges.2024112418.ieee_d', 'gdas.20241124/18/products/atmos/oznmon/time/ompstc8_npp.anl.ctl', 'gdas.20241124/18/products/atmos/oznmon/time/ompstc8_npp.anl.2024112418.ieee_d', 'gdas.20241124/18/products/atmos/oznmon/time/ompstc8_npp.ges.ctl', 'gdas.20241124/18/products/atmos/oznmon/time/ompstc8_npp.ges.2024112418.ieee_d'], 'has_rstprod': True} )[0m
[38;21m2025-06-16 20:54:24,210 - INFO     - archive     :   END: pygfs.task.archive._protect_rstprod[0m
[38;5;39m2025-06-16 20:54:24,210 - DEBUG    - archive     :  returning: None[0m
[38;21m2025-06-16 20:54:24,210 - INFO     - archive     :   END: pygfs.task.archive.execute_backup_dataset[0m
[38;5;39m2025-06-16 20:54:24,210 - DEBUG    - archive     :  returning: None[0m
[38;21m2025-06-16 20:54:24,210 - INFO     - archive     : BEGIN: pygfs.task.archive.execute_backup_dataset[0m
[38;5;39m2025-06-16 20:54:24,210 - DEBUG    - archive     : ( <pygfs.task.archive.Archive object at 0x14e86eb8dd30>, {'name': 'GDASICE', 'target': '/5year/NCEPDEV/emc-global/emc.glopara/WCOSS2/GFSv17/retrotestgfs10/2024112418/gdasice.tar', 'required': ['gdas.20241124/18/model/ice/history/gdas.ice.t18z.ic.nc', 'gdas.20241124/18/model/ice/history/gdas.ice.t18z.inst.f003.nc', 'gdas.20241124/18/model/ice/history/gdas.ice.t18z.inst.f006.nc', 'gdas.20241124/18/model/ice/history/gdas.ice.t18z.inst.f009.nc', 'gdas.20241124/18/conf/ufs.ice_in'], 'fileset': ['gdas.20241124/18/model/ice/history/gdas.ice.t18z.ic.nc', 'gdas.20241124/18/model/ice/history/gdas.ice.t18z.inst.f003.nc', 'gdas.20241124/18/model/ice/history/gdas.ice.t18z.inst.f006.nc', 'gdas.20241124/18/model/ice/history/gdas.ice.t18z.inst.f009.nc', 'gdas.20241124/18/conf/ufs.ice_in'], 'has_rstprod': False} )[0m
HTAR: a   gdas.20241124/18/model/ice/history/gdas.ice.t18z.ic.nc
HTAR: a   gdas.20241124/18/model/ice/history/gdas.ice.t18z.inst.f003.nc
HTAR: a   gdas.20241124/18/model/ice/history/gdas.ice.t18z.inst.f006.nc
HTAR: a   gdas.20241124/18/model/ice/history/gdas.ice.t18z.inst.f009.nc
HTAR: a   gdas.20241124/18/conf/ufs.ice_in
HTAR: a   /var/tmp/pbs.46066644.dbqs01/HTAR_CF_CHK_2263546_1750107264
HTAR Create complete for /5year/NCEPDEV/emc-global/emc.glopara/WCOSS2/GFSv17/retrotestgfs10/2024112418/gdasice.tar. 3334538752 bytes written for 5 member files, max threads: 4 Transfer time: 9.159 seconds (364.056 MB/s) wallclock/user/sys: 9.396 1.287 7.119 seconds
HTAR: HTAR SUCCESSFUL
[38;21m2025-06-16 20:54:34,123 - INFO     - archive     :   END: pygfs.task.archive.execute_backup_dataset[0m
[38;5;39m2025-06-16 20:54:34,123 - DEBUG    - archive     :  returning: None[0m
[38;21m2025-06-16 20:54:34,123 - INFO     - archive     : BEGIN: pygfs.task.archive.execute_backup_dataset[0m
[38;5;39m2025-06-16 20:54:34,123 - DEBUG    - archive     : ( <pygfs.task.archive.Archive object at 0x14e86eb8dd30>, {'name': 'GDASOCEAN', 'target': '/5year/NCEPDEV/emc-global/emc.glopara/WCOSS2/GFSv17/retrotestgfs10/2024112418/gdasocean.tar', 'required': ['gdas.20241124/18/model/ocean/history/gdas.ocean.t18z.inst.f000.nc', 'gdas.20241124/18/model/ocean/history/gdas.ocean.t18z.inst.f003.nc', 'gdas.20241124/18/model/ocean/history/gdas.ocean.t18z.inst.f006.nc', 'gdas.20241124/18/model/ocean/history/gdas.ocean.t18z.inst.f009.nc', 'gdas.20241124/18/conf/ufs.MOM_input'], 'fileset': ['gdas.20241124/18/model/ocean/history/gdas.ocean.t18z.inst.f000.nc', 'gdas.20241124/18/model/ocean/history/gdas.ocean.t18z.inst.f003.nc', 'gdas.20241124/18/model/ocean/history/gdas.ocean.t18z.inst.f006.nc', 'gdas.20241124/18/model/ocean/history/gdas.ocean.t18z.inst.f009.nc', 'gdas.20241124/18/conf/ufs.MOM_input'], 'has_rstprod': False} )[0m
HTAR: a   gdas.20241124/18/model/ocean/history/gdas.ocean.t18z.inst.f000.nc
HTAR: a   gdas.20241124/18/model/ocean/history/gdas.ocean.t18z.inst.f003.nc
HTAR: a   gdas.20241124/18/model/ocean/history/gdas.ocean.t18z.inst.f006.nc
HTAR: a   gdas.20241124/18/model/ocean/history/gdas.ocean.t18z.inst.f009.nc
HTAR: a   gdas.20241124/18/conf/ufs.MOM_input
HTAR: a   /var/tmp/pbs.46066644.dbqs01/HTAR_CF_CHK_2265694_1750107274
HTAR Create complete for /5year/NCEPDEV/emc-global/emc.glopara/WCOSS2/GFSv17/retrotestgfs10/2024112418/gdasocean.tar. 9431410688 bytes written for 5 member files, max threads: 4 Transfer time: 29.216 seconds (322.816 MB/s) wallclock/user/sys: 29.762 3.939 20.731 seconds
HTAR: HTAR SUCCESSFUL
[38;21m2025-06-16 20:55:04,524 - INFO     - archive     :   END: pygfs.task.archive.execute_backup_dataset[0m
[38;5;39m2025-06-16 20:55:04,534 - DEBUG    - archive     :  returning: None[0m
[38;21m2025-06-16 20:55:04,534 - INFO     - archive     : BEGIN: pygfs.task.archive.execute_backup_dataset[0m
[38;5;39m2025-06-16 20:55:04,534 - DEBUG    - archive     : ( <pygfs.task.archive.Archive object at 0x14e86eb8dd30>, {'name': 'GDASOCEAN_ANALYSIS', 'target': '/5year/NCEPDEV/emc-global/emc.glopara/WCOSS2/GFSv17/retrotestgfs10/2024112418/gdasocean_analysis.tar', 'required': ['gdas.20241124/18/analysis/ocean/gdas.t18z.ocninc.nc', 'gdas.20241124/18/analysis/ice/20241124.150000.cice_model_anl.res.nc', 'gdas.20241124/18/analysis/ocean/gdas.t18z.ocn.incr.nc', 'gdas.20241124/18/analysis/ocean/gdas.t18z.ocn.ana.nc', 'gdas.20241124/18/analysis/ocean/gdas.t18z.ice.incr.nc', 'gdas.20241124/18/analysis/ocean/gdas.t18z.ice.ana.nc', 'gdas.20241124/18/bmatrix/ocean/gdas.t18z.ocean.bkgerr_ens_stddev.nc', 'gdas.20241124/18/bmatrix/ice/gdas.t18z.ice.bkgerr_ens_stddev.nc', 'gdas.20241124/18/bmatrix/ice/gdas.t18z.ice.ens_weights.nc', 'gdas.20241124/18/bmatrix/ocean/gdas.t18z.ocean.ens_weights.nc', 'gdas.20241124/18/bmatrix/ocean/gdas.t18z.ocean.recentering_error.nc', 'gdas.20241124/18/bmatrix/ice/gdas.t18z.ice.recentering_error.nc', 'gdas.20241124/18/bmatrix/ocean/gdas.t18z.ocean.ssh_steric_stddev.nc', 'gdas.20241124/18/bmatrix/ocean/gdas.t18z.ocean.ssh_unbal_stddev.nc', 'gdas.20241124/18/bmatrix/ocean/gdas.t18z.ocean.ssh_total_stddev.nc', 'gdas.20241124/18/bmatrix/ocean/gdas.t18z.ocean.steric_explained_variance.nc', 'gdas.20241124/18/analysis/ocean/diags/gdas.t18z.ocn.*.stats.csv', 'gdas.20241124/18/analysis/ocean/diags/*.nc4', 'gdas.20241124/18/analysis/ocean/yaml/*.yaml'], 'fileset': ['gdas.20241124/18/analysis/ocean/gdas.t18z.ocninc.nc', 'gdas.20241124/18/analysis/ice/20241124.150000.cice_model_anl.res.nc', 'gdas.20241124/18/analysis/ocean/gdas.t18z.ocn.incr.nc', 'gdas.20241124/18/analysis/ocean/gdas.t18z.ocn.ana.nc', 'gdas.20241124/18/analysis/ocean/gdas.t18z.ice.incr.nc', 'gdas.20241124/18/analysis/ocean/gdas.t18z.ice.ana.nc', 'gdas.20241124/18/bmatrix/ocean/gdas.t18z.ocean.bkgerr_ens_stddev.nc', 'gdas.20241124/18/bmatrix/ice/gdas.t18z.ice.bkgerr_ens_stddev.nc', 'gdas.20241124/18/bmatrix/ice/gdas.t18z.ice.ens_weights.nc', 'gdas.20241124/18/bmatrix/ocean/gdas.t18z.ocean.ens_weights.nc', 'gdas.20241124/18/bmatrix/ocean/gdas.t18z.ocean.recentering_error.nc', 'gdas.20241124/18/bmatrix/ice/gdas.t18z.ice.recentering_error.nc', 'gdas.20241124/18/bmatrix/ocean/gdas.t18z.ocean.ssh_steric_stddev.nc', 'gdas.20241124/18/bmatrix/ocean/gdas.t18z.ocean.ssh_unbal_stddev.nc', 'gdas.20241124/18/bmatrix/ocean/gdas.t18z.ocean.ssh_total_stddev.nc', 'gdas.20241124/18/bmatrix/ocean/gdas.t18z.ocean.steric_explained_variance.nc', 'gdas.20241124/18/analysis/ocean/diags/gdas.t18z.ocn.icec_amsr2_north.stats.csv', 'gdas.20241124/18/analysis/ocean/diags/gdas.t18z.ocn.sst_viirs_n20_l3u.stats.csv', 'gdas.20241124/18/analysis/ocean/diags/gdas.t18z.ocn.icec_amsr2_south.stats.csv', 'gdas.20241124/18/analysis/ocean/diags/gdas.t18z.ocn.sst_viirs_npp_l3u.stats.csv', 'gdas.20241124/18/analysis/ocean/diags/gdas.t18z.ocn.sst_avhrr_mc_l3u.stats.csv', 'gdas.20241124/18/analysis/ocean/diags/gdas.t18z.ocn.insitu_profile_tropical.stats.csv', 'gdas.20241124/18/analysis/ocean/diags/gdas.t18z.ocn.sst_avhrr_mb_l3u.stats.csv', 'gdas.20241124/18/analysis/ocean/diags/gdas.t18z.ocn.sss_smos_l2.stats.csv', 'gdas.20241124/18/analysis/ocean/diags/gdas.t18z.ocn.sst_abi_g16_l3c.stats.csv', 'gdas.20241124/18/analysis/ocean/diags/sss_smos_l2.2024112418.nc4', 'gdas.20241124/18/analysis/ocean/diags/sst_abi_g16_l3c.2024112418.nc4', 'gdas.20241124/18/analysis/ocean/diags/icec_amsr2_north.2024112418.nc4', 'gdas.20241124/18/analysis/ocean/diags/sst_viirs_npp_l3u.2024112418.nc4', 'gdas.20241124/18/analysis/ocean/diags/sst_avhrr_mb_l3u.2024112418.nc4', 'gdas.20241124/18/analysis/ocean/diags/insitu_profile_tropical.2024112418.nc4', 'gdas.20241124/18/analysis/ocean/diags/icec_amsr2_south.2024112418.nc4', 'gdas.20241124/18/analysis/ocean/diags/sst_avhrr_mc_l3u.2024112418.nc4', 'gdas.20241124/18/analysis/ocean/diags/sst_viirs_n20_l3u.2024112418.nc4', 'gdas.20241124/18/analysis/ocean/yaml/socaincr2mom6.yaml', 'gdas.20241124/18/analysis/ocean/yaml/obsop_name_map.yaml', 'gdas.20241124/18/analysis/ocean/yaml/soca_diag_stats.yaml', 'gdas.20241124/18/analysis/ocean/yaml/soca_2cice_global.yaml', 'gdas.20241124/18/analysis/ocean/yaml/fields_metadata.yaml'], 'has_rstprod': False} )[0m
HTAR: a   gdas.20241124/18/analysis/ocean/gdas.t18z.ocninc.nc
HTAR: a   gdas.20241124/18/analysis/ice/20241124.150000.cice_model_anl.res.nc
HTAR: a   gdas.20241124/18/analysis/ocean/gdas.t18z.ocn.incr.nc
HTAR: a   gdas.20241124/18/analysis/ocean/gdas.t18z.ocn.ana.nc
HTAR: a   gdas.20241124/18/analysis/ocean/gdas.t18z.ice.incr.nc
HTAR: a   gdas.20241124/18/analysis/ocean/gdas.t18z.ice.ana.nc
HTAR: a   gdas.20241124/18/bmatrix/ocean/gdas.t18z.ocean.bkgerr_ens_stddev.nc
HTAR: a   gdas.20241124/18/bmatrix/ice/gdas.t18z.ice.bkgerr_ens_stddev.nc
HTAR: a   gdas.20241124/18/bmatrix/ice/gdas.t18z.ice.ens_weights.nc
HTAR: a   gdas.20241124/18/bmatrix/ocean/gdas.t18z.ocean.ens_weights.nc
HTAR: a   gdas.20241124/18/bmatrix/ocean/gdas.t18z.ocean.recentering_error.nc
HTAR: a   gdas.20241124/18/bmatrix/ice/gdas.t18z.ice.recentering_error.nc
HTAR: a   gdas.20241124/18/bmatrix/ocean/gdas.t18z.ocean.ssh_steric_stddev.nc
HTAR: a   gdas.20241124/18/bmatrix/ocean/gdas.t18z.ocean.ssh_unbal_stddev.nc
HTAR: a   gdas.20241124/18/bmatrix/ocean/gdas.t18z.ocean.ssh_total_stddev.nc
HTAR: a   gdas.20241124/18/bmatrix/ocean/gdas.t18z.ocean.steric_explained_variance.nc
HTAR: a   gdas.20241124/18/analysis/ocean/diags/gdas.t18z.ocn.icec_amsr2_north.stats.csv
HTAR: a   gdas.20241124/18/analysis/ocean/diags/gdas.t18z.ocn.sst_viirs_n20_l3u.stats.csv
HTAR: a   gdas.20241124/18/analysis/ocean/diags/gdas.t18z.ocn.icec_amsr2_south.stats.csv
HTAR: a   gdas.20241124/18/analysis/ocean/diags/gdas.t18z.ocn.sst_viirs_npp_l3u.stats.csv
HTAR: a   gdas.20241124/18/analysis/ocean/diags/gdas.t18z.ocn.sst_avhrr_mc_l3u.stats.csv
HTAR: a   gdas.20241124/18/analysis/ocean/diags/gdas.t18z.ocn.insitu_profile_tropical.stats.csv
HTAR: a   gdas.20241124/18/analysis/ocean/diags/gdas.t18z.ocn.sst_avhrr_mb_l3u.stats.csv
HTAR: a   gdas.20241124/18/analysis/ocean/diags/gdas.t18z.ocn.sss_smos_l2.stats.csv
HTAR: a   gdas.20241124/18/analysis/ocean/diags/gdas.t18z.ocn.sst_abi_g16_l3c.stats.csv
HTAR: a   gdas.20241124/18/analysis/ocean/diags/sss_smos_l2.2024112418.nc4
HTAR: a   gdas.20241124/18/analysis/ocean/diags/sst_abi_g16_l3c.2024112418.nc4
HTAR: a   gdas.20241124/18/analysis/ocean/diags/icec_amsr2_north.2024112418.nc4
HTAR: a   gdas.20241124/18/analysis/ocean/diags/sst_viirs_npp_l3u.2024112418.nc4
HTAR: a   gdas.20241124/18/analysis/ocean/diags/sst_avhrr_mb_l3u.2024112418.nc4
HTAR: a   gdas.20241124/18/analysis/ocean/diags/insitu_profile_tropical.2024112418.nc4
HTAR: a   gdas.20241124/18/analysis/ocean/diags/icec_amsr2_south.2024112418.nc4
HTAR: a   gdas.20241124/18/analysis/ocean/diags/sst_avhrr_mc_l3u.2024112418.nc4
HTAR: a   gdas.20241124/18/analysis/ocean/diags/sst_viirs_n20_l3u.2024112418.nc4
HTAR: a   gdas.20241124/18/analysis/ocean/yaml/socaincr2mom6.yaml
HTAR: a   gdas.20241124/18/analysis/ocean/yaml/obsop_name_map.yaml
HTAR: a   gdas.20241124/18/analysis/ocean/yaml/soca_diag_stats.yaml
HTAR: a   gdas.20241124/18/analysis/ocean/yaml/soca_2cice_global.yaml
HTAR: a   gdas.20241124/18/analysis/ocean/yaml/fields_metadata.yaml
HTAR: a   /var/tmp/pbs.46066644.dbqs01/HTAR_CF_CHK_2270853_1750107304
HTAR Create complete for /5year/NCEPDEV/emc-global/emc.glopara/WCOSS2/GFSv17/retrotestgfs10/2024112418/gdasocean_analysis.tar. 15386191360 bytes written for 39 member files, max threads: 4 Transfer time: 39.820 seconds (386.390 MB/s) wallclock/user/sys: 40.108 5.675 32.141 seconds
HTAR: HTAR SUCCESSFUL
[38;21m2025-06-16 20:55:45,208 - INFO     - archive     :   END: pygfs.task.archive.execute_backup_dataset[0m
[38;5;39m2025-06-16 20:55:45,222 - DEBUG    - archive     :  returning: None[0m
[38;21m2025-06-16 20:55:45,222 - INFO     - archive     : BEGIN: pygfs.task.archive.execute_backup_dataset[0m
[38;5;39m2025-06-16 20:55:45,223 - DEBUG    - archive     : ( <pygfs.task.archive.Archive object at 0x14e86eb8dd30>, {'name': 'GDASWAVE', 'target': '/5year/NCEPDEV/emc-global/emc.glopara/WCOSS2/GFSv17/retrotestgfs10/2024112418/gdaswave.tar', 'required': ['gdas.20241124/18/products/wave/gridded/global.0p25/gdas.wave.t18z.*', 'gdas.20241124/18/products/wave/gridded/atlocn.0p16/gdas.wave.t18z.*', 'gdas.20241124/18/products/wave/gridded/epacif.0p16/gdas.wave.t18z.*', 'gdas.20241124/18/products/wave/gridded/wcoast.0p16/gdas.wave.t18z.*', 'gdas.20241124/18/products/wave/gridded/global.0p50/gdas.wave.t18z.*', 'gdas.20241124/18/products/wave/gridded/arctic.9km/gdas.wave.t18z.*', 'gdas.20241124/18/products/wave/gridded/global.0p16/gdas.wave.t18z.*', 'gdas.20241124/18/products/wave/gridded/gsouth.0p25/gdas.wave.t18z.*', 'gdas.20241124/18/products/wave/station/gdas.wave.t18z.*'], 'fileset': ['gdas.20241124/18/products/wave/gridded/global.0p25/gdas.wave.t18z.global.0p25.f003.grib2.idx', 'gdas.20241124/18/products/wave/gridded/global.0p25/gdas.wave.t18z.global.0p25.f003.grib2', 'gdas.20241124/18/products/wave/gridded/global.0p25/gdas.wave.t18z.global.0p25.f000.grib2.idx', 'gdas.20241124/18/products/wave/gridded/global.0p25/gdas.wave.t18z.global.0p25.f006.grib2.idx', 'gdas.20241124/18/products/wave/gridded/global.0p25/gdas.wave.t18z.global.0p25.f000.grib2', 'gdas.20241124/18/products/wave/gridded/global.0p25/gdas.wave.t18z.global.0p25.f006.grib2', 'gdas.20241124/18/products/wave/gridded/global.0p25/gdas.wave.t18z.global.0p25.f009.grib2', 'gdas.20241124/18/products/wave/gridded/global.0p25/gdas.wave.t18z.global.0p25.f009.grib2.idx', 'gdas.20241124/18/products/wave/gridded/atlocn.0p16/gdas.wave.t18z.atlocn.0p16.f006.grib2', 'gdas.20241124/18/products/wave/gridded/atlocn.0p16/gdas.wave.t18z.atlocn.0p16.f003.grib2', 'gdas.20241124/18/products/wave/gridded/atlocn.0p16/gdas.wave.t18z.atlocn.0p16.f000.grib2.idx', 'gdas.20241124/18/products/wave/gridded/atlocn.0p16/gdas.wave.t18z.atlocn.0p16.f000.grib2', 'gdas.20241124/18/products/wave/gridded/atlocn.0p16/gdas.wave.t18z.atlocn.0p16.f009.grib2.idx', 'gdas.20241124/18/products/wave/gridded/atlocn.0p16/gdas.wave.t18z.atlocn.0p16.f006.grib2.idx', 'gdas.20241124/18/products/wave/gridded/atlocn.0p16/gdas.wave.t18z.atlocn.0p16.f003.grib2.idx', 'gdas.20241124/18/products/wave/gridded/atlocn.0p16/gdas.wave.t18z.atlocn.0p16.f009.grib2', 'gdas.20241124/18/products/wave/gridded/epacif.0p16/gdas.wave.t18z.epacif.0p16.f006.grib2', 'gdas.20241124/18/products/wave/gridded/epacif.0p16/gdas.wave.t18z.epacif.0p16.f000.grib2', 'gdas.20241124/18/products/wave/gridded/epacif.0p16/gdas.wave.t18z.epacif.0p16.f003.grib2', 'gdas.20241124/18/products/wave/gridded/epacif.0p16/gdas.wave.t18z.epacif.0p16.f003.grib2.idx', 'gdas.20241124/18/products/wave/gridded/epacif.0p16/gdas.wave.t18z.epacif.0p16.f000.grib2.idx', 'gdas.20241124/18/products/wave/gridded/epacif.0p16/gdas.wave.t18z.epacif.0p16.f006.grib2.idx', 'gdas.20241124/18/products/wave/gridded/epacif.0p16/gdas.wave.t18z.epacif.0p16.f009.grib2', 'gdas.20241124/18/products/wave/gridded/epacif.0p16/gdas.wave.t18z.epacif.0p16.f009.grib2.idx', 'gdas.20241124/18/products/wave/gridded/wcoast.0p16/gdas.wave.t18z.wcoast.0p16.f009.grib2.idx', 'gdas.20241124/18/products/wave/gridded/wcoast.0p16/gdas.wave.t18z.wcoast.0p16.f006.grib2', 'gdas.20241124/18/products/wave/gridded/wcoast.0p16/gdas.wave.t18z.wcoast.0p16.f003.grib2', 'gdas.20241124/18/products/wave/gridded/wcoast.0p16/gdas.wave.t18z.wcoast.0p16.f009.grib2', 'gdas.20241124/18/products/wave/gridded/wcoast.0p16/gdas.wave.t18z.wcoast.0p16.f003.grib2.idx', 'gdas.20241124/18/products/wave/gridded/wcoast.0p16/gdas.wave.t18z.wcoast.0p16.f000.grib2.idx', 'gdas.20241124/18/products/wave/gridded/wcoast.0p16/gdas.wave.t18z.wcoast.0p16.f000.grib2', 'gdas.20241124/18/products/wave/gridded/wcoast.0p16/gdas.wave.t18z.wcoast.0p16.f006.grib2.idx', 'gdas.20241124/18/products/wave/gridded/global.0p50/gdas.wave.t18z.global.0p50.f003.grib2.idx', 'gdas.20241124/18/products/wave/gridded/global.0p50/gdas.wave.t18z.global.0p50.f009.grib2.idx', 'gdas.20241124/18/products/wave/gridded/global.0p50/gdas.wave.t18z.global.0p50.f006.grib2.idx', 'gdas.20241124/18/products/wave/gridded/global.0p50/gdas.wave.t18z.global.0p50.f006.grib2', 'gdas.20241124/18/products/wave/gridded/global.0p50/gdas.wave.t18z.global.0p50.f009.grib2', 'gdas.20241124/18/products/wave/gridded/global.0p50/gdas.wave.t18z.global.0p50.f000.grib2', 'gdas.20241124/18/products/wave/gridded/global.0p50/gdas.wave.t18z.global.0p50.f000.grib2.idx', 'gdas.20241124/18/products/wave/gridded/global.0p50/gdas.wave.t18z.global.0p50.f003.grib2', 'gdas.20241124/18/products/wave/gridded/arctic.9km/gdas.wave.t18z.arctic.9km.f000.grib2', 'gdas.20241124/18/products/wave/gridded/arctic.9km/gdas.wave.t18z.arctic.9km.f003.grib2.idx', 'gdas.20241124/18/products/wave/gridded/arctic.9km/gdas.wave.t18z.arctic.9km.f003.grib2', 'gdas.20241124/18/products/wave/gridded/arctic.9km/gdas.wave.t18z.arctic.9km.f009.grib2', 'gdas.20241124/18/products/wave/gridded/arctic.9km/gdas.wave.t18z.arctic.9km.f006.grib2', 'gdas.20241124/18/products/wave/gridded/arctic.9km/gdas.wave.t18z.arctic.9km.f000.grib2.idx', 'gdas.20241124/18/products/wave/gridded/arctic.9km/gdas.wave.t18z.arctic.9km.f006.grib2.idx', 'gdas.20241124/18/products/wave/gridded/arctic.9km/gdas.wave.t18z.arctic.9km.f009.grib2.idx', 'gdas.20241124/18/products/wave/gridded/global.0p16/gdas.wave.t18z.global.0p16.f000.grib2.idx', 'gdas.20241124/18/products/wave/gridded/global.0p16/gdas.wave.t18z.global.0p16.f009.grib2.idx', 'gdas.20241124/18/products/wave/gridded/global.0p16/gdas.wave.t18z.global.0p16.f000.grib2', 'gdas.20241124/18/products/wave/gridded/global.0p16/gdas.wave.t18z.global.0p16.f009.grib2', 'gdas.20241124/18/products/wave/gridded/global.0p16/gdas.wave.t18z.global.0p16.f006.grib2.idx', 'gdas.20241124/18/products/wave/gridded/global.0p16/gdas.wave.t18z.global.0p16.f003.grib2', 'gdas.20241124/18/products/wave/gridded/global.0p16/gdas.wave.t18z.global.0p16.f006.grib2', 'gdas.20241124/18/products/wave/gridded/global.0p16/gdas.wave.t18z.global.0p16.f003.grib2.idx', 'gdas.20241124/18/products/wave/gridded/gsouth.0p25/gdas.wave.t18z.gsouth.0p25.f003.grib2.idx', 'gdas.20241124/18/products/wave/gridded/gsouth.0p25/gdas.wave.t18z.gsouth.0p25.f000.grib2', 'gdas.20241124/18/products/wave/gridded/gsouth.0p25/gdas.wave.t18z.gsouth.0p25.f006.grib2', 'gdas.20241124/18/products/wave/gridded/gsouth.0p25/gdas.wave.t18z.gsouth.0p25.f000.grib2.idx', 'gdas.20241124/18/products/wave/gridded/gsouth.0p25/gdas.wave.t18z.gsouth.0p25.f006.grib2.idx', 'gdas.20241124/18/products/wave/gridded/gsouth.0p25/gdas.wave.t18z.gsouth.0p25.f009.grib2', 'gdas.20241124/18/products/wave/gridded/gsouth.0p25/gdas.wave.t18z.gsouth.0p25.f003.grib2', 'gdas.20241124/18/products/wave/gridded/gsouth.0p25/gdas.wave.t18z.gsouth.0p25.f009.grib2.idx', 'gdas.20241124/18/products/wave/station/gdas.wave.t18z.cbull.tar', 'gdas.20241124/18/products/wave/station/gdas.wave.t18z.ibp.tar', 'gdas.20241124/18/products/wave/station/gdas.wave.t18z.spec.tar.gz', 'gdas.20241124/18/products/wave/station/gdas.wave.t18z.ibpcbull.tar', 'gdas.20241124/18/products/wave/station/gdas.wave.t18z.bull.tar', 'gdas.20241124/18/products/wave/station/gdas.wave.t18z.ibpbull.tar'], 'has_rstprod': False} )[0m
HTAR: a   gdas.20241124/18/products/wave/gridded/global.0p25/gdas.wave.t18z.global.0p25.f003.grib2.idx
HTAR: a   gdas.20241124/18/products/wave/gridded/global.0p25/gdas.wave.t18z.global.0p25.f003.grib2
HTAR: a   gdas.20241124/18/products/wave/gridded/global.0p25/gdas.wave.t18z.global.0p25.f000.grib2.idx
HTAR: a   gdas.20241124/18/products/wave/gridded/global.0p25/gdas.wave.t18z.global.0p25.f006.grib2.idx
HTAR: a   gdas.20241124/18/products/wave/gridded/global.0p25/gdas.wave.t18z.global.0p25.f000.grib2
HTAR: a   gdas.20241124/18/products/wave/gridded/global.0p25/gdas.wave.t18z.global.0p25.f006.grib2
HTAR: a   gdas.20241124/18/products/wave/gridded/global.0p25/gdas.wave.t18z.global.0p25.f009.grib2
HTAR: a   gdas.20241124/18/products/wave/gridded/global.0p25/gdas.wave.t18z.global.0p25.f009.grib2.idx
HTAR: a   gdas.20241124/18/products/wave/gridded/atlocn.0p16/gdas.wave.t18z.atlocn.0p16.f006.grib2
HTAR: a   gdas.20241124/18/products/wave/gridded/atlocn.0p16/gdas.wave.t18z.atlocn.0p16.f003.grib2
HTAR: a   gdas.20241124/18/products/wave/gridded/atlocn.0p16/gdas.wave.t18z.atlocn.0p16.f000.grib2.idx
HTAR: a   gdas.20241124/18/products/wave/gridded/atlocn.0p16/gdas.wave.t18z.atlocn.0p16.f000.grib2
HTAR: a   gdas.20241124/18/products/wave/gridded/atlocn.0p16/gdas.wave.t18z.atlocn.0p16.f009.grib2.idx
HTAR: a   gdas.20241124/18/products/wave/gridded/atlocn.0p16/gdas.wave.t18z.atlocn.0p16.f006.grib2.idx
HTAR: a   gdas.20241124/18/products/wave/gridded/atlocn.0p16/gdas.wave.t18z.atlocn.0p16.f003.grib2.idx
HTAR: a   gdas.20241124/18/products/wave/gridded/atlocn.0p16/gdas.wave.t18z.atlocn.0p16.f009.grib2
HTAR: a   gdas.20241124/18/products/wave/gridded/epacif.0p16/gdas.wave.t18z.epacif.0p16.f006.grib2
HTAR: a   gdas.20241124/18/products/wave/gridded/epacif.0p16/gdas.wave.t18z.epacif.0p16.f000.grib2
HTAR: a   gdas.20241124/18/products/wave/gridded/epacif.0p16/gdas.wave.t18z.epacif.0p16.f003.grib2
HTAR: a   gdas.20241124/18/products/wave/gridded/epacif.0p16/gdas.wave.t18z.epacif.0p16.f003.grib2.idx
HTAR: a   gdas.20241124/18/products/wave/gridded/epacif.0p16/gdas.wave.t18z.epacif.0p16.f000.grib2.idx
HTAR: a   gdas.20241124/18/products/wave/gridded/epacif.0p16/gdas.wave.t18z.epacif.0p16.f006.grib2.idx
HTAR: a   gdas.20241124/18/products/wave/gridded/epacif.0p16/gdas.wave.t18z.epacif.0p16.f009.grib2
HTAR: a   gdas.20241124/18/products/wave/gridded/epacif.0p16/gdas.wave.t18z.epacif.0p16.f009.grib2.idx
HTAR: a   gdas.20241124/18/products/wave/gridded/wcoast.0p16/gdas.wave.t18z.wcoast.0p16.f009.grib2.idx
HTAR: a   gdas.20241124/18/products/wave/gridded/wcoast.0p16/gdas.wave.t18z.wcoast.0p16.f006.grib2
HTAR: a   gdas.20241124/18/products/wave/gridded/wcoast.0p16/gdas.wave.t18z.wcoast.0p16.f003.grib2
HTAR: a   gdas.20241124/18/products/wave/gridded/wcoast.0p16/gdas.wave.t18z.wcoast.0p16.f009.grib2
HTAR: a   gdas.20241124/18/products/wave/gridded/wcoast.0p16/gdas.wave.t18z.wcoast.0p16.f003.grib2.idx
HTAR: a   gdas.20241124/18/products/wave/gridded/wcoast.0p16/gdas.wave.t18z.wcoast.0p16.f000.grib2.idx
HTAR: a   gdas.20241124/18/products/wave/gridded/wcoast.0p16/gdas.wave.t18z.wcoast.0p16.f000.grib2
HTAR: a   gdas.20241124/18/products/wave/gridded/wcoast.0p16/gdas.wave.t18z.wcoast.0p16.f006.grib2.idx
HTAR: a   gdas.20241124/18/products/wave/gridded/global.0p50/gdas.wave.t18z.global.0p50.f003.grib2.idx
HTAR: a   gdas.20241124/18/products/wave/gridded/global.0p50/gdas.wave.t18z.global.0p50.f009.grib2.idx
HTAR: a   gdas.20241124/18/products/wave/gridded/global.0p50/gdas.wave.t18z.global.0p50.f006.grib2.idx
HTAR: a   gdas.20241124/18/products/wave/gridded/global.0p50/gdas.wave.t18z.global.0p50.f006.grib2
HTAR: a   gdas.20241124/18/products/wave/gridded/global.0p50/gdas.wave.t18z.global.0p50.f009.grib2
HTAR: a   gdas.20241124/18/products/wave/gridded/global.0p50/gdas.wave.t18z.global.0p50.f000.grib2
HTAR: a   gdas.20241124/18/products/wave/gridded/global.0p50/gdas.wave.t18z.global.0p50.f000.grib2.idx
HTAR: a   gdas.20241124/18/products/wave/gridded/global.0p50/gdas.wave.t18z.global.0p50.f003.grib2
HTAR: a   gdas.20241124/18/products/wave/gridded/arctic.9km/gdas.wave.t18z.arctic.9km.f000.grib2
HTAR: a   gdas.20241124/18/products/wave/gridded/arctic.9km/gdas.wave.t18z.arctic.9km.f003.grib2.idx
HTAR: a   gdas.20241124/18/products/wave/gridded/arctic.9km/gdas.wave.t18z.arctic.9km.f003.grib2
HTAR: a   gdas.20241124/18/products/wave/gridded/arctic.9km/gdas.wave.t18z.arctic.9km.f009.grib2
HTAR: a   gdas.20241124/18/products/wave/gridded/arctic.9km/gdas.wave.t18z.arctic.9km.f006.grib2
HTAR: a   gdas.20241124/18/products/wave/gridded/arctic.9km/gdas.wave.t18z.arctic.9km.f000.grib2.idx
HTAR: a   gdas.20241124/18/products/wave/gridded/arctic.9km/gdas.wave.t18z.arctic.9km.f006.grib2.idx
HTAR: a   gdas.20241124/18/products/wave/gridded/arctic.9km/gdas.wave.t18z.arctic.9km.f009.grib2.idx
HTAR: a   gdas.20241124/18/products/wave/gridded/global.0p16/gdas.wave.t18z.global.0p16.f000.grib2.idx
HTAR: a   gdas.20241124/18/products/wave/gridded/global.0p16/gdas.wave.t18z.global.0p16.f009.grib2.idx
HTAR: a   gdas.20241124/18/products/wave/gridded/global.0p16/gdas.wave.t18z.global.0p16.f000.grib2
HTAR: a   gdas.20241124/18/products/wave/gridded/global.0p16/gdas.wave.t18z.global.0p16.f009.grib2
HTAR: a   gdas.20241124/18/products/wave/gridded/global.0p16/gdas.wave.t18z.global.0p16.f006.grib2.idx
HTAR: a   gdas.20241124/18/products/wave/gridded/global.0p16/gdas.wave.t18z.global.0p16.f003.grib2
HTAR: a   gdas.20241124/18/products/wave/gridded/global.0p16/gdas.wave.t18z.global.0p16.f006.grib2
HTAR: a   gdas.20241124/18/products/wave/gridded/global.0p16/gdas.wave.t18z.global.0p16.f003.grib2.idx
HTAR: a   gdas.20241124/18/products/wave/gridded/gsouth.0p25/gdas.wave.t18z.gsouth.0p25.f003.grib2.idx
HTAR: a   gdas.20241124/18/products/wave/gridded/gsouth.0p25/gdas.wave.t18z.gsouth.0p25.f000.grib2
HTAR: a   gdas.20241124/18/products/wave/gridded/gsouth.0p25/gdas.wave.t18z.gsouth.0p25.f006.grib2
HTAR: a   gdas.20241124/18/products/wave/gridded/gsouth.0p25/gdas.wave.t18z.gsouth.0p25.f000.grib2.idx
HTAR: a   gdas.20241124/18/products/wave/gridded/gsouth.0p25/gdas.wave.t18z.gsouth.0p25.f006.grib2.idx
HTAR: a   gdas.20241124/18/products/wave/gridded/gsouth.0p25/gdas.wave.t18z.gsouth.0p25.f009.grib2
HTAR: a   gdas.20241124/18/products/wave/gridded/gsouth.0p25/gdas.wave.t18z.gsouth.0p25.f003.grib2
HTAR: a   gdas.20241124/18/products/wave/gridded/gsouth.0p25/gdas.wave.t18z.gsouth.0p25.f009.grib2.idx
HTAR: a   gdas.20241124/18/products/wave/station/gdas.wave.t18z.cbull.tar
HTAR: a   gdas.20241124/18/products/wave/station/gdas.wave.t18z.ibp.tar
HTAR: a   gdas.20241124/18/products/wave/station/gdas.wave.t18z.spec.tar.gz
HTAR: a   gdas.20241124/18/products/wave/station/gdas.wave.t18z.ibpcbull.tar
HTAR: a   gdas.20241124/18/products/wave/station/gdas.wave.t18z.bull.tar
HTAR: a   gdas.20241124/18/products/wave/station/gdas.wave.t18z.ibpbull.tar
HTAR: a   /var/tmp/pbs.46066644.dbqs01/HTAR_CF_CHK_2284866_1750107345
HTAR Create complete for /5year/NCEPDEV/emc-global/emc.glopara/WCOSS2/GFSv17/retrotestgfs10/2024112418/gdaswave.tar. 937279488 bytes written for 70 member files, max threads: 4 Transfer time: 3.601 seconds (260.265 MB/s) wallclock/user/sys: 4.005 0.703 2.353 seconds
HTAR: HTAR SUCCESSFUL
[38;21m2025-06-16 20:55:49,886 - INFO     - archive     :   END: pygfs.task.archive.execute_backup_dataset[0m
[38;5;39m2025-06-16 20:55:49,919 - DEBUG    - archive     :  returning: None[0m
[38;21m2025-06-16 20:55:49,920 - INFO     - archive     : BEGIN: pygfs.task.archive.clean[0m
[38;5;39m2025-06-16 20:55:49,920 - DEBUG    - archive     : ( <pygfs.task.archive.Archive object at 0x14e86eb8dd30> )[0m
[38;21m2025-06-16 20:55:49,920 - INFO     - archive     :   END: pygfs.task.archive.clean[0m
[38;5;39m2025-06-16 20:55:49,920 - DEBUG    - archive     :  returning: None[0m
[38;21m2025-06-16 20:55:49,928 - INFO     - root        :   END: __main__.main[0m
[38;5;39m2025-06-16 20:55:49,928 - DEBUG    - root        :  returning: None[0m
[connecting to hpsscore1.fairmont.rdhpcs.noaa.gov/1217]
[connecting to hpsscore1.fairmont.rdhpcs.noaa.gov/1217]
[connecting to hpsscore1.fairmont.rdhpcs.noaa.gov/1217]
[connecting to hpsscore1.fairmont.rdhpcs.noaa.gov/1217]
[connecting to hpsscore1.fairmont.rdhpcs.noaa.gov/1217]
[connecting to hpsscore1.fairmont.rdhpcs.noaa.gov/1217]
[connecting to hpsscore1.fairmont.rdhpcs.noaa.gov/1217]
+ JGLOBAL_ARCHIVE_TARS[81]export err=0
+ JGLOBAL_ARCHIVE_TARS[81]err=0
+ JGLOBAL_ARCHIVE_TARS[82]set +x
+ JGLOBAL_ARCHIVE_TARS[87]set_strict
+ preamble.sh[35][[ YES == \Y\E\S ]]
+ preamble.sh[37]set -eu
+ JGLOBAL_ARCHIVE_TARS[96][[ -e OUTPUT.1890124 ]]
+ JGLOBAL_ARCHIVE_TARS[103]cd /lfs/h2/emc/stmp/emc.global/RUNDIRS/retrotestgfs10/gdas.2024112418
+ JGLOBAL_ARCHIVE_TARS[104][[ NO == \N\O ]]
+ JGLOBAL_ARCHIVE_TARS[105]rm -rf /lfs/h2/emc/stmp/emc.global/RUNDIRS/retrotestgfs10/gdas.2024112418/arch_tars.1887349
+ JGLOBAL_ARCHIVE_TARS[108]exit 0
+ JGLOBAL_ARCHIVE_TARS[1]postamble /lfs/h2/emc/global/noscrub/emc.global/RETRO_GFSv17/git/global-workflow/develop_20250602/jobs/JGLOBAL_ARCHIVE_TARS 1750106812 0
+ preamble.sh[62]set +x
End /lfs/h2/emc/global/noscrub/emc.global/RETRO_GFSv17/git/global-workflow/develop_20250602/jobs/JGLOBAL_ARCHIVE_TARS at 20:55:50 with error code 0 (time elapsed: 00:08:58)
+ status=0
+ exit 0
PBS: Running epilogue on parent mom node: ddxfer02...
##### Job 46066644.dbqs01 - PBS Job Script:
(Note: Duplicate #PBS entries are a function how PBS interprets and caches the original job script.)

#! /bin/sh
#PBS -N retrotestgfs10_gdas_arch_tars_18
#PBS -A GFS-DEV
#PBS -q dev_transfer
#PBS -l walltime=06:00:00
#PBS -l select=1:mpiprocs=1:ompthreads=1:ncpus=1:mem=50GB
#PBS -j oe -o /lfs/h2/emc/ptmp/emc.global/RETRO_GFSv17/comroot/retrotestgfs10/logs/2024112418/gdas_arch_tars.log
#PBS -l place=vscatter:shared
export RUN_ENVIR='emc'
export HOMEgfs='/lfs/h2/emc/global/noscrub/emc.global/RETRO_GFSv17/git/global-workflow/develop_20250602'
export EXPDIR='/lfs/h2/emc/global/noscrub/emc.global/RETRO_GFSv17/expdir/retrotestgfs10'
export NET='gfs'
export RUN='gdas'
export CDATE='2024112418'
export PDY='20241124'
export cyc='18'
export COMROOT='/lfs/h2/emc/ptmp/emc.global/RETRO_GFSv17/comroot'
export DATAROOT='/lfs/h2/emc/stmp/emc.global/RUNDIRS/retrotestgfs10/gdas.2024112418'
set -x
/lfs/h2/emc/global/noscrub/emc.global/RETRO_GFSv17/git/global-workflow/develop_20250602/dev/jobs/arch_tars.sh
##### End of job script
------------------------------------------------------------------

